date,trend_filtered,buy_hold
2008-01-01,999974.8,1086376.13
2008-01-02,1005650.54,1084382.19
2008-01-03,1007425.74,1088632.45
2008-01-04,1006198.74,1059431.87
2008-01-07,1005724.5,1055779.51
2008-01-08,1011698.96,1054196.93
2008-01-09,1010928.33,1058799.79
2008-01-10,1014726.83,1060194.41
2008-01-11,1014568.94,1047922.95
2008-01-14,1016804.34,1056954.87
2008-01-15,1013904.01,1034164.78
2008-01-16,1010401.42,1017282.7
2008-01-17,1011063.38,1011565.36
2008-01-18,1011726.38,1012342.72
2008-01-21,1006933.15,988628.59
2008-01-22,1013386.16,982141.98
2008-01-23,1014126.25,985929.61
2008-01-24,1018942.29,1010137.75
2008-01-25,1018799.31,1010657.69
2008-01-28,1021938.28,1008330.22
2008-01-29,1021216.03,1018527.9
2008-01-30,1021714.37,1014468.59
2008-01-31,1021325.13,1026416.43
2008-02-01,1017086.58,1029989.53
2008-02-04,1017028.37,1030266.9
2008-02-05,1012955.5,1006209.24
2008-02-06,1015767.3,994567.91
2008-02-07,1018086.42,996334.59
2008-02-08,1021066.25,999956.05
2008-02-11,1020837.6,1000453.42
2008-02-12,1017616.13,1004514.1
2008-02-13,1017669.53,1011789.31
2008-02-14,1017949.06,1014035.89
2008-02-15,1016602.27,1008825.08
2008-02-18,1017422.08,1015371.79
2008-02-19,1022519.19,1021018.46
2008-02-20,1025339.15,1019005.96
2008-02-21,1025882.94,1021633.67
2008-02-22,1025895.54,1019773.61
2008-02-25,1024586.07,1032772.13
2008-02-26,1027256.7,1039262.29
2008-02-27,1028848.17,1044416.35
2008-02-28,1031317.59,1039035.66
2008-02-29,1032263.09,1021014.46
2008-03-03,1034916.2,1010893.92
2008-03-04,1030812.06,1005637.55
2008-03-05,1035224.48,1014813.19
2008-03-06,1033166.5,1004361.79
2008-03-07,1032123.75,992179.93
2008-03-10,1032343.63,978960.74
2008-03-11,1032010.48,997966.13
2008-03-12,1034289.04,1003927.54
2008-03-13,1036902.97,999658.52
2008-03-14,1038105.94,987269.23
2008-03-17,1038553.33,967913.41
2008-03-18,1034925.86,990961.12
2008-03-19,1025104.4,974406.85
2008-03-20,1019410.12,976024.21
2008-03-21,1020825.8,980916.29
2008-03-24,1020438.18,990499.16
2008-03-25,1024997.24,1007686.47
2008-03-26,1028090.8,1006532.31
2008-03-27,1027791.24,999982.55
2008-03-28,1023329.49,995455.63
2008-03-31,1020833.23,991518.82
2008-04-01,1013577.6,1007081.07
2008-04-02,1017517.93,1020541.21
2008-04-03,1017897.12,1024147.32
2008-04-04,1019695.31,1027759.88
2008-04-07,1021590.59,1034203.69
2008-04-08,1020352.79,1026344.31
2008-04-09,1023959.75,1023731.13
2008-04-10,1023259.01,1023704.45
2008-04-11,1022397.93,1016273.62
2008-04-14,1022497.2,1006404.3
2008-04-15,1023188.04,1012174.79
2008-04-16,1026477.75,1033103.86
2008-04-17,1026025.34,1033819.64
2008-04-18,1020503.05,1042514.66
2008-04-21,1020438.65,1046818.6
2008-04-22,1020726.16,1038918.64
2008-04-23,1017246.53,1040905.65
2008-04-24,1013971.2,1039139.08
2008-04-25,1013582.01,1045791.38
2008-04-28,1015108.2,1048088.16
2008-04-29,1010735.94,1043851.27
2008-04-30,1011215.94,1041088.44
2008-05-01,1006405.4,1045267.15
2008-05-02,1006922.48,1055171.63
2008-05-05,1010121.65,1057567.37
2008-05-06,1013245.19,1062445.89
2008-05-07,1006406.8,1053797.24
2008-05-08,1011916.02,1058289.63
2008-05-09,1011421.49,1049747.27
2008-05-12,1015307.13,1057985.27
2008-05-13,1011467.96,1056846.3
2008-05-14,1010783.11,1059613.57
2008-05-15,1018267.82,1072922.7
2008-05-16,1022768.38,1079249.4
2008-05-19,1021746.34,1081597.75
2008-05-20,1023505.32,1073520.8
2008-05-21,1022201.98,1065387.55
2008-05-22,1020191.03,1064080.18
2008-05-23,1020625.55,1058989.17
2008-05-26,1021549.2,1055080.28
2008-05-27,1020181.62,1057244.96
2008-05-28,1020152.44,1055641.67
2008-05-29,1016467.3,1059294.05
2008-05-30,1019792.07,1065781.31
2008-06-02,1018610.08,1062201.11
2008-06-03,1014852.81,1055427.13
2008-06-04,1016637.36,1057524.89
2008-06-05,1020392.28,1065063.27
2008-06-06,1019194.71,1056292.11
2008-06-09,1016232.95,1047854.32
2008-06-10,1009917.3,1036670.15
2008-06-11,1007975.23,1029873.68
2008-06-12,1005177.18,1025826.52
2008-06-13,1009759.84,1035283.66
2008-06-16,1014134.28,1045132.98
2008-06-17,1013242.04,1045138.39
2008-06-18,1013296.63,1040942.13
2008-06-19,1017527.41,1039667.95
2008-06-20,1012987.08,1025214.37
2008-06-23,1007958.04,1020583.82
2008-06-24,1007545.03,1018303.99
2008-06-25,1009899.39,1022719.69
2008-06-26,1008436.7,1009780.41
2008-06-27,1011383.93,1008347.78
2008-06-30,1009054.12,1008843.79
2008-07-01,1014643.58,1009697.79
2008-07-02,1015601.46,997299.77
2008-07-03,1013079.2,996597.24
2008-07-04,1013315.49,994094.35
2008-07-07,1011426.27,997235.89
2008-07-08,1009910.49,996496.8
2008-07-09,1012373.84,992394.24
2008-07-10,1015911.26,995295.33
2008-07-11,1020134.83,988356.14
2008-07-14,1021753.97,987747.62
2008-07-15,1022436.64,977618.81
2008-07-16,1019645.69,984090.26
2008-07-17,1019046.83,994047.87
2008-07-18,1018155.25,992080.18
2008-07-21,1020634.55,995040.98
2008-07-22,1016483.18,998327.76
2008-07-23,1011180.93,1001687.33
2008-07-24,1012487.71,996396.32
2008-07-25,1012739.86,996423.54
2008-07-28,1013445.41,987505.59
2008-07-29,1010568.85,991348.8
2008-07-30,1008224.12,1000055.43
2008-07-31,1009194.98,997805.77
2008-08-01,1008559.44,987306.73
2008-08-04,1005041.04,976037.74
2008-08-05,1000920.27,989311.78
2008-08-06,1002171.18,1000263.95
2008-08-07,1000335.08,990973.47
2008-08-08,996342.98,997697.14
2008-08-11,988314.69,998486.86
2008-08-12,985900.03,991468.44
2008-08-13,990028.64,987879.9
2008-08-14,982140.11,984138.79
2008-08-15,979829.51,981368.27
2008-08-18,982326.27,980449.18
2008-08-19,987572.32,972277.36
2008-08-20,986464.27,974510.4
2008-08-21,991784.92,978046.33
2008-08-22,988936.12,983600.94
2008-08-25,988470.11,978326.75
2008-08-26,989507.31,976963.69
2008-08-27,990442.97,982551.73
2008-08-28,991588.89,990971.42
2008-08-29,990790.06,989027.62
2008-09-01,987808.71,981311.65
2008-09-02,987808.71,972063.07
2008-09-03,987808.71,966773.26
2008-09-04,987808.71,944855.53
2008-09-05,987808.71,938531.81
2008-09-08,987808.71,955050.65
2008-09-09,987808.71,931937.36
2008-09-10,987808.71,927554.76
2008-09-11,987808.71,929124.33
2008-09-12,987808.71,937054.23
2008-09-15,987808.71,918651.29
2008-09-16,987808.71,908852.43
2008-09-17,987808.71,908659.17
2008-09-18,987808.71,916540.39
2008-09-19,987808.71,954748.44
2008-09-22,987808.71,945880.27
2008-09-23,987808.71,933070.55
2008-09-24,987808.71,932946.6
2008-09-25,987808.71,941443.56
2008-09-26,987808.71,933913.67
2008-09-29,987808.71,891543.41
2008-09-30,987808.71,900150.98
2008-10-01,987808.71,900277.05
2008-10-02,987808.71,870925.07
2008-10-03,987808.71,867224.87
2008-10-06,987808.71,838193.2
2008-10-07,987808.71,819472.78
2008-10-08,987808.71,797449.49
2008-10-09,987808.71,777588.59
2008-10-10,987808.71,734580.0
2008-10-13,987808.71,781162.92
2008-10-14,987808.71,800486.32
2008-10-15,987808.71,763269.09
2008-10-16,987808.71,744202.08
2008-10-17,987808.71,751414.48
2008-10-20,987808.71,779673.77
2008-10-21,987808.71,765407.23
2008-10-22,987808.71,723409.99
2008-10-23,987808.71,724028.3
2008-10-24,987808.71,695327.33
2008-10-27,987808.71,677315.06
2008-10-28,987808.71,722167.08
2008-10-29,987808.71,744540.06
2008-10-30,987808.71,764328.74
2008-10-31,987808.71,759027.5
2008-11-03,987808.71,761898.2
2008-11-04,987808.71,797121.6
2008-11-05,987808.71,778598.98
2008-11-06,987808.71,742404.23
2008-11-07,987808.71,748321.44
2008-11-10,987808.71,756928.9
2008-11-11,987808.71,737484.65
2008-11-12,987808.71,714442.55
2008-11-13,987808.71,730100.24
2008-11-14,987808.71,724781.92
2008-11-17,987808.71,714291.24
2008-11-18,987808.71,715595.55
2008-11-19,987808.71,690050.14
2008-11-20,987808.71,661838.23
2008-11-21,987808.71,686686.22
2008-11-24,987808.71,720753.6
2008-11-25,987808.71,728459.15
2008-11-26,987808.71,736300.24
2008-11-27,987808.71,742487.26
2008-11-28,987808.71,747751.03
2008-12-01,987808.71,704517.99
2008-12-02,987808.71,709430.76
2008-12-03,987808.71,721385.87
2008-12-04,987808.71,709316.58
2008-12-05,987808.71,714314.77
2008-12-08,987808.71,745386.48
2008-12-09,987808.71,744760.92
2008-12-10,987808.71,757687.14
2008-12-11,987808.71,752953.09
2008-12-12,987808.71,745471.45
2008-12-15,987808.71,750748.22
2008-12-16,987808.71,768880.01
2008-12-17,987808.71,768596.13
2008-12-18,987808.71,761310.27
2008-12-19,987808.71,758013.25
2008-12-22,987808.71,754402.98
2008-12-23,987808.71,750974.28
2008-12-24,987808.71,748561.93
2008-12-25,987808.71,749733.4
2008-12-26,987808.71,757091.58
2008-12-29,987808.71,761041.91
2008-12-30,987808.71,771894.86
2008-12-31,987808.71,777994.45
2009-01-01,987768.4,778357.4
2009-01-02,986000.22,793052.27
2009-01-05,981975.02,792833.05
2009-01-06,982944.78,799072.86
2009-01-07,977891.89,783929.29
2009-01-08,981932.38,783231.68
2009-01-09,981408.08,773110.66
2009-01-12,974362.31,760528.32
2009-01-13,973897.25,752416.89
2009-01-14,972069.01,734024.81
2009-01-15,973008.47,728152.96
2009-01-16,978683.26,739971.23
2009-01-19,976986.67,737791.43
2009-01-20,981738.96,721981.45
2009-01-21,981357.08,730173.58
2009-01-22,982070.67,728811.78
2009-01-23,991740.35,732206.45
2009-01-26,993256.7,739682.48
2009-01-27,992183.99,748514.03
2009-01-28,989062.42,760821.28
2009-01-29,993603.92,754325.75
2009-01-30,998157.12,745227.28
2009-02-02,992768.26,738262.22
2009-02-03,992105.31,744795.35
2009-02-04,993662.01,751177.08
2009-02-05,994581.79,756342.79
2009-02-06,994566.49,769000.91
2009-02-09,991149.98,765603.76
2009-02-10,995884.53,751680.03
2009-02-11,1000656.7,756959.74
2009-02-12,1001914.1,754390.11
2009-02-13,1001574.18,752897.77
2009-02-16,1001553.55,750345.45
2009-02-17,1007190.74,736009.67
2009-02-18,1009994.85,734998.8
2009-02-19,1008897.46,730726.92
2009-02-20,1012309.85,724698.95
2009-02-23,1011409.77,711404.79
2009-02-24,1005790.63,715169.47
2009-02-25,1004111.28,716165.02
2009-02-26,1002333.79,710892.65
2009-02-27,1000522.79,703982.57
2009-03-02,998526.45,678060.17
2009-03-03,995732.19,670604.22
2009-03-04,994709.1,683023.25
2009-03-05,999498.28,674423.27
2009-03-06,1001026.28,669693.95
2009-03-09,997305.26,662058.49
2009-03-10,992037.27,681569.0
2009-03-11,994593.8,690733.34
2009-03-12,998208.98,700977.39
2009-03-13,998878.05,711789.0
2009-03-16,997847.93,714463.9
2009-03-17,996099.13,727921.53
2009-03-18,1000711.32,734589.79
2009-03-19,1004437.52,735061.47
2009-03-20,1004003.04,730756.43
2009-03-23,1002095.04,757790.59
2009-03-24,999422.51,753081.93
2009-03-25,1000717.19,755186.84
2009-03-26,1000576.38,767805.63
2009-03-27,997665.31,757679.75
2009-03-30,997231.38,736211.72
2009-03-31,997114.62,744137.4
2009-04-01,998694.17,755210.43
2009-04-02,994782.74,774750.86
2009-04-03,991330.95,773141.84
2009-04-06,986988.56,768631.06
2009-04-07,989402.76,759571.71
2009-04-08,989002.53,759787.75
2009-04-09,988232.64,777525.41
2009-04-10,988873.21,778867.45
2009-04-13,991989.22,780607.24
2009-04-14,990788.67,773629.59
2009-04-15,991175.58,772651.17
2009-04-16,987905.82,780295.28
2009-04-17,986043.79,783956.8
2009-04-20,989441.49,771186.95
2009-04-21,989209.95,772784.0
2009-04-22,991515.43,776130.13
2009-04-23,994374.51,782568.72
2009-04-24,995946.25,792702.13
2009-04-27,994507.76,790330.11
2009-04-28,991250.07,779491.58
2009-04-29,992083.41,789404.47
2009-04-30,990214.46,797389.06
2009-05-01,990169.98,801150.94
2009-05-04,993934.76,813219.3
2009-05-05,992732.77,814738.78
2009-05-06,995655.22,822215.23
2009-05-07,996124.62,824064.28
2009-05-08,996891.78,832382.79
2009-05-11,996250.38,827806.49
2009-05-12,999006.15,824694.72
2009-05-13,998738.3,812771.88
2009-05-14,998982.02,813936.9
2009-05-15,1000076.59,814951.67
2009-05-18,997527.35,822057.03
2009-05-19,999023.58,829532.82
2009-05-20,1001497.05,830679.78
2009-05-21,1004831.99,821521.31
2009-05-22,1005580.13,821449.33
2009-05-25,1005523.77,823561.4
2009-05-26,1004696.7,834304.3
2009-05-27,1003466.34,831313.38
2009-05-28,1006418.91,837650.98
2009-05-29,1010353.06,847420.78
2009-06-01,1009614.34,862230.96
2009-06-02,1011515.84,863553.87
2009-06-03,1007122.15,854484.05
2009-06-04,1012372.26,859762.67
2009-06-05,1007690.74,859139.28
2009-06-08,1006717.4,858562.33
2009-06-09,1009010.51,859731.06
2009-06-10,1007570.3,862748.96
2009-06-11,1008490.48,865392.97
2009-06-12,1003590.07,863335.88
2009-06-15,997581.12,847917.88
2009-06-16,996301.42,839929.1
2009-06-17,999695.94,842129.27
2009-06-18,997700.35,839612.35
2009-06-19,1000390.81,846380.25
2009-06-22,991597.93,830095.41
2009-06-23,991928.84,825923.08
2009-06-24,996724.99,833649.44
2009-06-25,1002094.05,844224.87
2009-06-26,1002505.28,845264.27
2009-06-29,1003199.4,847888.01
2009-06-30,1000150.26,845127.06
2009-07-01,1003290.57,851843.42
2009-07-02,995261.62,835883.46
2009-07-03,994040.88,834937.57
2009-07-06,989363.6,829806.63
2009-07-07,983097.42,820971.36
2009-07-08,976176.38,813083.64
2009-07-09,975184.3,813558.02
2009-07-10,975507.29,811941.0
2009-07-13,975784.94,819170.44
2009-07-14,982280.2,826880.18
2009-07-15,991964.55,844177.67
2009-07-16,995413.09,849168.9
2009-07-17,997659.13,852067.73
2009-07-20,1002419.45,860212.04
2009-07-21,1009011.23,867946.54
2009-07-22,1012462.99,871309.53
2009-07-23,1018332.97,882981.76
2009-07-24,1021466.38,886886.96
2009-07-27,1025252.91,891072.5
2009-07-28,1022787.0,886238.55
2009-07-29,1020343.22,884043.73
2009-07-30,1023814.75,892423.82
2009-07-31,1031203.86,898100.72
2009-08-03,1034701.33,906790.7
2009-08-04,1037439.68,909190.53
2009-08-05,1031160.17,903687.3
2009-08-06,1032672.54,905012.71
2009-08-07,1038291.22,909936.8
2009-08-10,1036228.81,908129.35
2009-08-11,1031022.28,903566.46
2009-08-12,1036225.76,908126.68
2009-08-13,1043879.35,914834.12
2009-08-14,1037227.06,909004.2
2009-08-17,1014563.47,889142.3
2009-08-18,1022511.39,896107.69
2009-08-19,1024667.99,897997.69
2009-08-20,1034718.65,906805.88
2009-08-21,1045664.38,916398.49
2009-08-24,1052072.37,922014.32
2009-08-25,1052703.38,922567.32
2009-08-26,1054124.69,923812.93
2009-08-27,1052039.44,921985.46
2009-08-28,1055998.58,925455.17
2009-08-31,1050467.47,920607.82
2009-09-01,1039357.24,910871.05
2009-09-02,1038351.85,909989.94
2009-09-03,1042673.52,913777.36
2009-09-04,1051807.57,921782.25
2009-09-07,1058606.89,927741.04
2009-09-08,1065739.12,933991.58
2009-09-09,1068637.68,936531.81
2009-09-10,1077019.5,943877.46
2009-09-11,1078086.28,944812.37
2009-09-14,1074806.71,941938.22
2009-09-15,1078911.89,945535.91
2009-09-16,1092006.27,957011.56
2009-09-17,1095905.15,960428.45
2009-09-18,1094167.14,958905.3
2009-09-21,1092234.46,957211.54
2009-09-22,1097056.77,961437.71
2009-09-23,1091754.29,956790.73
2009-09-24,1086201.59,951924.46
2009-09-25,1076188.98,943149.61
2009-09-28,1082122.58,948349.69
2009-09-29,1082775.29,948921.72
2009-09-30,1085009.1,950879.38
2009-10-01,1064151.81,932600.49
2009-10-02,1055280.13,924825.53
2009-10-05,1063458.16,931992.58
2009-10-06,1080074.76,946555.03
2009-10-07,1083937.71,949940.44
2009-10-08,1089977.64,955233.71
2009-10-09,1096566.04,961007.65
2009-10-12,1101189.58,965059.62
2009-10-13,1101308.56,965163.89
2009-10-14,1112486.82,974960.29
2009-10-15,1113292.49,975666.35
2009-10-16,1108772.76,971705.36
2009-10-19,1118706.91,980411.44
2009-10-20,1116353.15,978348.66
2009-10-21,1115255.15,977386.39
2009-10-22,1115617.13,977703.62
2009-10-23,1112286.36,974784.61
2009-10-26,1105142.83,968524.17
2009-10-27,1098725.97,962900.56
2009-10-28,1079085.04,945687.66
2009-10-29,1089617.65,954918.22
2009-10-30,1076701.65,943598.91
2009-11-02,1080070.53,946551.33
2009-11-03,1082667.09,948826.89
2009-11-04,1089061.58,954430.89
2009-11-05,1095966.97,960482.63
2009-11-06,1100990.66,964885.29
2009-11-09,1117039.05,978949.77
2009-11-10,1119235.95,980875.09
2009-11-11,1125191.85,986094.71
2009-11-12,1118194.43,979962.32
2009-11-13,1124235.72,985256.78
2009-11-16,1137881.04,997215.25
2009-11-17,1136381.84,995901.38
2009-11-18,1133981.07,993797.4
2009-11-19,1121310.57,982693.23
2009-11-20,1118797.67,980490.98
2009-11-23,1132183.19,992221.77
2009-11-24,1128766.4,989227.37
2009-11-25,1137455.28,996842.12
2009-11-26,1128136.61,988675.44
2009-11-27,1114119.9,976391.48
2009-11-30,1119882.09,981441.34
2009-12-01,1139086.7,998271.87
2009-12-02,1145549.05,1003935.34
2009-12-03,1148113.19,1006182.49
2009-12-04,1143494.17,1002134.48
2009-12-07,1144221.15,1002771.59
2009-12-08,1130465.16,990716.13
2009-12-09,1130169.27,990456.81
2009-12-10,1131136.64,991304.6
2009-12-11,1133802.68,993641.06
2009-12-14,1142438.36,1001209.19
2009-12-15,1137381.17,996777.17
2009-12-16,1144702.88,1003193.77
2009-12-17,1127115.91,987780.91
2009-12-18,1132504.22,992503.12
2009-12-21,1139400.85,998547.18
2009-12-22,1145168.97,1003602.24
2009-12-23,1150489.39,1008264.94
2009-12-24,1161436.77,1017859.0
2009-12-25,1160409.29,1016958.54
2009-12-28,1165034.14,1021011.66
2009-12-29,1162969.53,1019202.28
2009-12-30,1160208.42,1016782.5
2009-12-31,1156913.61,1013895.0
2010-01-01,1156914.67,1013895.93
2010-01-04,1175146.89,1029874.27
2010-01-05,1177203.26,1031676.42
2010-01-06,1181201.32,1035180.24
2010-01-07,1178785.64,1033063.19
2010-01-08,1186393.1,1039730.21
2010-01-11,1188869.29,1041900.29
2010-01-12,1179605.05,1033781.3
2010-01-13,1182148.28,1036010.13
2010-01-14,1188646.69,1041705.21
2010-01-15,1180334.5,1034420.58
2010-01-18,1180496.45,1034562.51
2010-01-19,1186739.29,1040033.61
2010-01-20,1171393.73,1026585.07
2010-01-21,1159585.95,1016236.98
2010-01-22,1139738.05,998842.7
2010-01-25,1139822.74,998916.92
2010-01-26,1135582.34,995200.71
2010-01-27,1132294.62,992319.43
2010-01-28,1123408.81,984532.09
2010-01-29,1113538.07,975881.58
2010-02-01,1126725.95,987439.16
2010-02-02,1139145.14,998323.08
2010-02-03,1137090.25,996522.22
2010-02-04,1108309.38,971299.26
2010-02-05,1101248.55,965111.3
2010-02-08,1096229.64,960712.83
2010-02-09,1104999.52,968398.57
2010-02-10,1104766.53,968194.38
2010-02-11,1115376.29,977492.55
2010-02-12,1117096.3,978999.94
2010-02-15,1117820.05,979634.22
2010-02-16,1132369.42,992384.98
2010-02-17,1139342.19,998495.77
2010-02-18,1144327.34,1002864.65
2010-02-19,1145273.34,1003693.7
2010-02-22,1149276.88,1007202.33
2010-02-23,1139062.92,998251.02
2010-02-24,1140377.3,999402.92
2010-02-25,1136036.84,995599.03
2010-02-26,1143470.96,1002114.14
2010-03-01,1152552.26,1010072.81
2010-03-02,1161551.93,1017959.93
2010-03-03,1165745.51,1021635.09
2010-03-04,1163356.24,1019541.19
2010-03-05,1178845.57,1033115.71
2010-03-08,1181827.72,1035729.2
2010-03-09,1182949.35,1036712.18
2010-03-10,1184590.79,1038150.7
2010-03-11,1188027.34,1041162.42
2010-03-12,1188436.2,1041520.74
2010-03-15,1188242.78,1041351.23
2010-03-16,1195893.74,1048056.37
2010-03-17,1200622.88,1052200.9
2010-03-18,1199873.19,1051543.88
2010-03-19,1195297.37,1047533.73
2010-03-22,1198097.58,1049987.78
2010-03-23,1201075.53,1052597.59
2010-03-24,1196016.1,1048163.61
2010-03-25,1198287.75,1050154.43
2010-03-26,1205074.9,1056102.55
2010-03-29,1208435.91,1059048.07
2010-03-30,1208652.65,1059238.02
2010-03-31,1208945.39,1059494.56
2010-04-01,1220074.57,1069247.95
2010-04-02,1219590.68,1068823.88
2010-04-05,1227158.71,1075456.34
2010-04-06,1229262.51,1077300.07
2010-04-07,1229685.07,1077670.39
2010-04-08,1226387.48,1074780.45
2010-04-09,1235273.81,1082568.24
2010-04-12,1236232.02,1083408.0
2010-04-13,1233917.06,1081379.21
2010-04-14,1243374.69,1089667.69
2010-04-15,1248051.4,1093766.26
2010-04-16,1228657.69,1076770.01
2010-04-19,1224561.55,1073180.24
2010-04-20,1231279.7,1079067.89
2010-04-21,1235145.51,1082455.81
2010-04-22,1229943.14,1077896.56
2010-04-23,1238426.28,1085331.0
2010-04-26,1243359.97,1089654.78
2010-04-27,1229072.91,1077133.91
2010-04-28,1223834.95,1072543.47
2010-04-29,1233235.12,1080781.58
2010-04-30,1226355.25,1074752.21
2010-05-03,1234177.51,1081607.47
2010-05-04,1211850.44,1062040.49
2010-05-05,1206773.71,1057591.35
2010-05-06,1185326.05,1038795.07
2010-05-07,1163349.12,1019534.95
2010-05-10,1199978.85,1051636.48
2010-05-11,1199321.43,1051060.33
2010-05-12,1210332.77,1060710.44
2010-05-13,1210757.61,1061082.76
2010-05-14,1189642.46,1042577.88
2010-05-17,1184476.74,1038050.75
2010-05-18,1180066.1,1034185.35
2010-05-19,1163433.95,1019609.28
2010-05-20,1134873.98,994579.93
2010-05-21,1133835.08,993669.45
2010-05-24,1133091.03,993017.39
2010-05-25,1122390.75,983639.88
2010-05-26,1126168.31,986950.46
2010-05-27,1151849.34,1009456.78
2010-05-28,1150761.29,1008503.24
2010-05-31,1151371.66,1009038.15
2010-06-01,1144449.15,1002971.4
2010-06-02,1149287.51,1010152.65
2010-06-03,1150611.46,1018676.51
2010-06-04,1141539.0,1003366.37
2010-06-07,1138528.53,990295.18
2010-06-08,1136014.69,990639.1
2010-06-09,1135417.65,986888.72
2010-06-10,1141791.03,1000417.01
2010-06-11,1146602.09,1008917.96
2010-06-14,1147182.74,1012694.87
2010-06-15,1156565.37,1025900.86
2010-06-16,1158255.21,1031005.49
2010-06-17,1162034.25,1033246.19
2010-06-18,1164448.73,1035574.76
2010-06-21,1160840.28,1036602.05
2010-06-22,1157357.25,1027626.3
2010-06-23,1153014.5,1019311.83
2010-06-24,1147081.38,1010736.45
2010-06-25,1145776.02,1006278.23
2010-06-28,1143928.43,1003346.34
2010-06-29,1127961.58,980565.81
2010-06-30,1125059.54,972206.78
2010-07-01,1112125.72,956441.06
2010-07-02,1113836.45,957890.28
2010-07-05,1113610.48,958432.22
2010-07-06,1110673.44,964730.89
2010-07-07,1112775.44,979453.47
2010-07-08,1111115.76,989722.91
2010-07-09,1114120.35,997734.22
2010-07-12,1111429.51,996707.09
2010-07-13,1114033.97,1008520.71
2010-07-14,1113743.16,1013929.27
2010-07-15,1113729.35,1010567.55
2010-07-16,1110638.14,988375.49
2010-07-19,1108532.97,989011.32
2010-07-20,1110477.12,992722.34
2010-07-21,1109279.54,989028.19
2010-07-22,1111216.3,1002719.81
2010-07-23,1109956.61,1009077.52
2010-07-26,1109121.89,1015213.64
2010-07-27,1105052.54,1011511.6
2010-07-28,1105269.59,1012304.2
2010-07-29,1105900.1,1009301.23
2010-07-30,1108503.53,1006662.59
2010-08-02,1108794.3,1021162.48
2010-08-03,1108178.2,1023234.85
2010-08-04,1112316.83,1022735.54
2010-08-05,1110279.68,1024410.04
2010-08-06,1109991.39,1023893.63
2010-08-09,1114903.48,1026945.91
2010-08-10,1110883.82,1022783.35
2010-08-11,1092470.08,1000300.02
2010-08-12,1092708.98,998790.9
2010-08-13,1091173.64,998273.71
2010-08-16,1093215.96,998916.84
2010-08-17,1101791.66,1005992.71
2010-08-18,1101615.76,1007563.93
2010-08-19,1091340.32,1000829.34
2010-08-20,1089430.81,995159.4
2010-08-23,1087299.13,991852.91
2010-08-24,1078316.7,981014.17
2010-08-25,1080358.63,979605.48
2010-08-26,1077711.23,978558.11
2010-08-27,1086055.73,987993.43
2010-08-30,1080284.84,986220.4
2010-08-31,1082752.13,981462.04
2010-09-01,1101030.32,1000320.69
2010-09-02,1102186.02,1008488.03
2010-09-03,1103732.18,1016968.38
2010-09-06,1104713.52,1022049.97
2010-09-07,1104625.14,1016458.79
2010-09-08,1105392.59,1016609.45
2010-09-09,1106367.55,1020815.11
2010-09-10,1106726.33,1025969.21
2010-09-13,1109760.14,1036081.53
2010-09-14,1113277.53,1039463.45
2010-09-15,1112648.78,1045656.17
2010-09-16,1113144.79,1046808.52
2010-09-17,1111925.34,1049231.38
2010-09-20,1116535.53,1060378.39
2010-09-21,1116929.1,1059645.96
2010-09-22,1116659.9,1056901.42
2010-09-23,1116956.88,1055356.41
2010-09-24,1119451.39,1064537.9
2010-09-27,1117710.38,1063279.07
2010-09-28,1120816.53,1065039.84
2010-09-29,1120344.77,1065112.87
2010-09-30,1119292.67,1058050.52
2010-10-01,1123093.89,1063213.6
2010-10-04,1116695.28,1056632.22
2010-10-05,1134323.42,1076414.16
2010-10-06,1134937.85,1080902.45
2010-10-07,1132675.22,1078599.88
2010-10-08,1137662.48,1081212.28
2010-10-11,1139325.02,1082792.33
2010-10-12,1141159.34,1080013.34
2010-10-13,1151621.39,1090256.93
2010-10-14,1150601.48,1093465.25
2010-10-15,1153247.02,1094079.46
2010-10-18,1157142.21,1097734.26
2010-10-19,1142210.97,1084516.35
2010-10-20,1150094.95,1088412.97
2010-10-21,1148262.87,1086560.38
2010-10-22,1150093.54,1089456.8
2010-10-25,1154187.74,1092744.56
2010-10-26,1153118.55,1091179.48
2010-10-27,1148419.68,1086957.59
2010-10-28,1153014.35,1090820.02
2010-10-29,1155010.39,1088898.11
2010-11-01,1155526.23,1088254.87
2010-11-02,1162830.14,1095258.65
2010-11-03,1162702.03,1095137.98
2010-11-04,1181622.33,1117712.39
2010-11-05,1184042.23,1126383.94
2010-11-08,1184848.59,1129653.52
2010-11-09,1181043.12,1125133.25
2010-11-10,1181763.43,1128976.96
2010-11-11,1180139.17,1128135.91
2010-11-12,1166253.79,1111735.88
2010-11-15,1164422.97,1112338.77
2010-11-16,1147896.49,1095863.11
2010-11-17,1149340.34,1097567.24
2010-11-18,1162518.64,1114670.53
2010-11-19,1160967.17,1113377.94
2010-11-22,1162007.27,1116437.21
2010-11-23,1152511.87,1107314.2
2010-11-24,1163977.3,1116467.23
2010-11-25,1165462.78,1118997.41
2010-11-26,1160287.64,1113136.05
2010-11-29,1154536.68,1109535.38
2010-11-30,1152362.25,1103304.93
2010-12-01,1167683.59,1119106.75
2010-12-02,1178025.82,1133062.87
2010-12-03,1182954.94,1138022.26
2010-12-06,1184836.01,1139583.89
2010-12-07,1182980.57,1137213.56
2010-12-08,1181743.25,1138070.2
2010-12-09,1183731.35,1141176.02
2010-12-10,1186656.94,1142355.99
2010-12-13,1189618.73,1147040.45
2010-12-14,1191615.29,1149475.45
2010-12-15,1186253.95,1144147.94
2010-12-16,1187646.85,1145524.92
2010-12-17,1188245.06,1145936.16
2010-12-20,1192001.3,1147614.17
2010-12-21,1197279.0,1156157.82
2010-12-22,1199526.85,1157792.23
2010-12-23,1197569.74,1155903.2
2010-12-24,1199121.01,1155896.98
2010-12-27,1199262.14,1157760.26
2010-12-28,1202753.54,1159714.15
2010-12-29,1203951.44,1162038.97
2010-12-30,1201036.95,1156628.35
2010-12-31,1199856.76,1155491.79
2011-01-03,1205514.82,1160940.65
2011-01-04,1204336.55,1163646.18
2011-01-05,1207306.59,1166128.0
2011-01-06,1205732.1,1167954.59
2011-01-07,1203447.56,1165991.86
2011-01-10,1203880.14,1166410.97
2011-01-11,1208759.29,1170466.37
2011-01-12,1214902.73,1176462.41
2011-01-13,1211575.73,1174963.16
2011-01-14,1211952.15,1173315.08
2011-01-17,1211125.89,1172600.54
2011-01-18,1216246.34,1177918.06
2011-01-19,1208078.9,1170861.74
2011-01-20,1197742.12,1158186.28
2011-01-21,1196650.13,1153517.52
2011-01-24,1202471.32,1160713.92
2011-01-25,1200825.68,1161802.72
2011-01-26,1207185.76,1166567.88
2011-01-27,1204071.42,1165280.05
2011-01-28,1194145.92,1153042.75
2011-01-31,1195746.53,1151863.35
2011-02-01,1209804.01,1166228.04
2011-02-02,1213494.03,1169785.16
2011-02-03,1216132.2,1172328.3
2011-02-04,1220922.35,1176945.91
2011-02-07,1227323.18,1183116.19
2011-02-08,1234653.52,1190182.51
2011-02-09,1231952.01,1187578.3
2011-02-10,1230826.47,1186493.3
2011-02-11,1234198.1,1189743.49
2011-02-14,1239055.11,1194425.55
2011-02-15,1239229.79,1194593.94
2011-02-16,1246582.47,1201681.79
2011-02-17,1249513.39,1204507.14
2011-02-18,1250127.64,1205099.26
2011-02-21,1251347.89,1206275.56
2011-02-22,1232124.4,1187744.48
2011-02-23,1225978.8,1181820.23
2011-02-24,1221999.67,1177984.43
2011-02-25,1234422.86,1189960.15
2011-02-28,1238386.15,1193780.68
2011-03-01,1235373.29,1190876.35
2011-03-02,1229997.49,1185694.18
2011-03-03,1241783.23,1197055.41
2011-03-04,1243446.93,1198659.18
2011-03-07,1233090.37,1188675.65
2011-03-08,1236209.65,1191682.58
2011-03-09,1234502.04,1190036.48
2011-03-10,1215308.94,1171534.69
2011-03-11,1214645.94,1170895.58
2011-03-14,1196550.47,1153451.88
2011-03-15,1156775.44,1115109.51
2011-03-16,1154422.44,1112841.27
2011-03-17,1163917.98,1121994.78
2011-03-18,1173481.32,1131213.66
2011-03-21,1185646.7,1142940.87
2011-03-22,1193903.88,1150900.63
2011-03-23,1194983.36,1151941.22
2011-03-24,1203791.18,1160431.79
2011-03-25,1207900.2,1164392.81
2011-03-28,1203063.03,1159729.87
2011-03-29,1207160.84,1163680.08
2011-03-30,1217796.59,1173932.74
2011-03-31,1218881.14,1174978.23
2011-04-01,1222843.12,1178797.5
2011-04-04,1223318.55,1179510.79
2011-04-05,1225546.23,1179150.37
2011-04-06,1228734.45,1181453.18
2011-04-07,1227079.37,1180023.51
2011-04-08,1229500.12,1186710.57
2011-04-11,1226048.33,1182203.39
2011-04-12,1217168.26,1169640.73
2011-04-13,1221640.09,1176041.41
2011-04-14,1222798.83,1177467.7
2011-04-15,1226128.27,1179151.55
2011-04-18,1218004.87,1170482.03
2011-04-19,1222176.37,1171658.58
2011-04-20,1237013.58,1189997.5
2011-04-21,1240351.24,1195164.22
2011-04-22,1241127.29,1195824.13
2011-04-25,1241380.55,1195814.96
2011-04-26,1247309.98,1198725.87
2011-04-27,1253326.13,1207847.27
2011-04-28,1255624.44,1213997.85
2011-04-29,1260091.23,1218316.56
2011-05-02,1256249.29,1218423.02
2011-05-03,1253989.14,1216230.92
2011-05-04,1244159.74,1206697.49
2011-05-05,1231008.37,1193942.11
2011-05-06,1235089.71,1197900.56
2011-05-09,1236833.33,1199591.68
2011-05-10,1245401.11,1207901.48
2011-05-11,1238192.76,1200910.18
2011-05-12,1236026.64,1198809.29
2011-05-13,1226816.92,1189876.87
2011-05-16,1217986.92,1181312.75
2011-05-17,1215425.24,1178828.2
2011-05-18,1226290.93,1189366.72
2011-05-19,1227665.99,1190700.38
2011-05-20,1226005.03,1189089.43
2011-05-23,1211460.04,1174982.39
2011-05-24,1212897.5,1176376.57
2011-05-25,1213723.38,1177177.58
2011-05-26,1220036.78,1183300.88
2011-05-27,1225315.16,1188420.33
2011-05-30,1225352.96,1188456.99
2011-05-31,1238217.7,1200934.37
2011-06-01,1226677.25,1189741.41
2011-06-02,1222138.01,1181309.97
2011-06-03,1217567.12,1175338.22
2011-06-06,1213894.25,1169022.59
2011-06-07,1213202.14,1169916.38
2011-06-08,1206776.28,1163881.09
2011-06-09,1211895.12,1169253.75
2011-06-10,1199096.84,1158073.91
2011-06-13,1197661.54,1155075.44
2011-06-14,1206323.35,1165864.06
2011-06-15,1195587.12,1156135.82
2011-06-16,1193197.65,1149887.66
2011-06-17,1195379.17,1150526.75
2011-06-20,1197133.08,1152286.7
2011-06-21,1209848.66,1167121.14
2011-06-22,1206812.23,1168381.14
2011-06-23,1200523.04,1161498.95
2011-06-24,1190845.12,1154119.79
2011-06-27,1197900.6,1158563.29
2011-06-28,1206450.01,1168541.57
2011-06-29,1214632.05,1180057.99
2011-06-30,1222561.23,1188215.07
2011-07-01,1229277.78,1196001.35
2011-07-04,1234285.87,1200873.87
2011-07-05,1238327.13,1204805.73
2011-07-06,1243705.85,1210038.85
2011-07-07,1252116.27,1218221.6
2011-07-08,1250818.68,1216959.14
2011-07-11,1238849.37,1205313.84
2011-07-12,1232280.34,1198922.63
2011-07-13,1239853.07,1206290.36
2011-07-14,1231747.98,1198404.68
2011-07-15,1238256.79,1204737.29
2011-07-18,1232701.13,1199332.02
2011-07-19,1239814.15,1206252.49
2011-07-20,1245579.18,1211861.47
2011-07-21,1251636.05,1217754.38
2011-07-22,1260353.7,1226236.04
2011-07-25,1258137.17,1224079.52
2011-07-26,1259911.3,1225805.62
2011-07-27,1243003.83,1209355.84
2011-07-28,1239869.41,1206306.27
2011-07-29,1235081.12,1201647.59
2011-08-01,1233533.39,1200141.76
2011-08-02,1223301.57,1187857.48
2011-08-03,1222386.04,1181406.41
2011-08-04,1197355.23,1149117.84
2011-08-05,1189981.88,1135813.49
2011-08-08,1162856.21,1102214.55
2011-08-09,1186990.63,1129264.01
2011-08-10,1175360.77,1111301.18
2011-08-11,1188124.08,1130278.82
2011-08-12,1189649.26,1138612.78
2011-08-15,1204428.93,1154066.08
2011-08-16,1203153.96,1153148.55
2011-08-17,1200832.81,1149803.36
2011-08-18,1180326.79,1119844.32
2011-08-19,1170276.17,1108044.94
2011-08-22,1175878.72,1115747.33
2011-08-23,1187774.23,1128528.82
2011-08-24,1178661.08,1123233.32
2011-08-25,1176695.66,1118134.66
2011-08-26,1195179.81,1135647.48
2011-08-29,1205466.71,1145421.98
2011-08-30,1215593.88,1161240.36
2011-08-31,1216854.91,1167993.49
2011-09-01,1214361.12,1166644.3
2011-09-02,1221847.96,1154265.77
2011-09-05,1223779.33,1143537.36
2011-09-06,1221024.58,1136622.25
2011-09-07,1212882.33,1153147.53
2011-09-08,1219622.8,1157854.19
2011-09-09,1218450.84,1138349.98
2011-09-12,1214378.7,1130121.18
2011-09-13,1215991.31,1140755.16
2011-09-14,1214390.91,1145366.96
2011-09-15,1209278.02,1156804.78
2011-09-16,1212661.41,1169888.17
2011-09-19,1208734.64,1159333.09
2011-09-20,1211470.04,1161131.99
2011-09-21,1209137.24,1145538.94
2011-09-22,1203369.99,1109858.92
2011-09-23,1191602.72,1103728.4
2011-09-26,1186142.3,1102747.87
2011-09-27,1189807.64,1125495.66
2011-09-28,1181830.19,1106924.26
2011-09-29,1187112.44,1112676.31
2011-09-30,1187013.41,1098150.88
2011-10-03,1193441.21,1086113.32
2011-10-04,1188101.09,1082859.49
2011-10-05,1189109.57,1098131.19
2011-10-06,1191320.6,1119519.02
2011-10-07,1189184.04,1116856.17
2011-10-10,1194501.75,1141195.15
2011-10-11,1192844.5,1145683.48
2011-10-12,1195178.1,1152442.63
2011-10-13,1193740.21,1152936.24
2011-10-14,1195429.28,1163760.59
2011-10-17,1194522.49,1156923.35
2011-10-18,1192067.08,1157582.61
2011-10-19,1189868.69,1150343.17
2011-10-20,1186301.49,1141749.12
2011-10-21,1189950.26,1156813.89
2011-10-24,1191185.46,1172701.05
2011-10-25,1198563.7,1167370.02
2011-10-26,1201667.72,1173546.98
2011-10-27,1204856.57,1202812.35
2011-10-28,1204407.88,1205456.67
2011-10-31,1200430.88,1183039.86
2011-11-01,1200613.7,1161163.6
2011-11-02,1205470.94,1167151.73
2011-11-03,1213786.11,1182206.27
2011-11-04,1212071.36,1182668.53
2011-11-07,1218969.62,1189267.28
2011-11-08,1221407.08,1193848.97
2011-11-09,1210231.52,1172333.28
2011-11-10,1207360.59,1164085.15
2011-11-11,1216894.46,1182488.88
2011-11-14,1214341.62,1179104.73
2011-11-15,1216685.31,1180754.96
2011-11-16,1210096.96,1167899.18
2011-11-17,1199111.88,1150186.34
2011-11-18,1197425.9,1143083.94
2011-11-21,1186575.5,1121752.84
2011-11-22,1190460.03,1122917.18
2011-11-23,1183563.74,1108558.34
2011-11-24,1184237.06,1104674.3
2011-11-25,1180461.59,1102016.95
2011-11-28,1193009.95,1129940.04
2011-11-29,1192487.97,1136167.06
2011-11-30,1205666.9,1164578.88
2011-12-01,1206694.63,1168941.52
2011-12-02,1205962.09,1172117.49
2011-12-05,1205273.18,1175937.58
2011-12-06,1205603.78,1173284.63
2011-12-07,1207234.97,1178449.55
2011-12-08,1199059.17,1161246.76
2011-12-09,1202918.58,1167395.91
2011-12-12,1193877.56,1154069.99
2011-12-13,1186292.85,1144688.0
2011-12-14,1174660.26,1124820.14
2011-12-15,1174049.63,1122648.84
2011-12-16,1178656.2,1127866.82
2011-12-19,1175520.56,1118448.68
2011-12-20,1186260.06,1138703.57
2011-12-21,1182006.44,1137183.57
2011-12-22,1183135.36,1141243.9
2011-12-23,1185009.68,1147445.12
2011-12-26,1184613.04,1149362.19
2011-12-27,1183241.32,1146998.15
2011-12-28,1175472.93,1135924.32
2011-12-29,1176403.16,1141037.83
2011-12-30,1178007.66,1143374.75
2012-01-02,1179046.18,1144418.0
2012-01-03,1183614.68,1162570.2
2012-01-04,1184404.79,1165762.77
2012-01-05,1186364.13,1165963.44
2012-01-06,1187090.4,1163781.71
2012-01-09,1186534.18,1161557.91
2012-01-10,1188223.13,1173021.95
2012-01-11,1188712.0,1174310.27
2012-01-12,1189688.12,1174474.34
2012-01-13,1188688.22,1173173.58
2012-01-16,1188688.22,1172714.65
2012-01-17,1190819.06,1179869.31
2012-01-18,1194075.19,1189155.06
2012-01-19,1195624.66,1195304.2
2012-01-20,1195166.33,1199558.07
2012-01-23,1195185.95,1203853.61
2012-01-24,1194866.22,1200758.11
2012-01-25,1197978.61,1213630.12
2012-01-26,1196906.79,1214705.28
2012-01-27,1197603.1,1214894.16
2012-01-30,1197948.51,1209401.23
2012-01-31,1198204.1,1211096.49
2012-02-01,1200129.74,1221467.4
2012-02-02,1202888.97,1226134.42
2012-02-03,1209596.28,1231731.23
2012-02-06,1208402.31,1233228.53
2012-02-07,1212670.12,1237261.39
2012-02-08,1212119.92,1239421.38
2012-02-09,1214738.44,1241731.81
2012-02-10,1208436.14,1233770.24
2012-02-13,1213993.3,1240878.29
2012-02-14,1214234.43,1242583.34
2012-02-15,1212029.76,1246045.07
2012-02-16,1217771.58,1251349.53
2012-02-17,1217717.34,1255250.98
2012-02-20,1221642.6,1261997.09
2012-02-21,1224315.9,1264171.41
2012-02-22,1224566.73,1266861.22
2012-02-23,1228395.51,1271924.68
2012-02-24,1228577.1,1273486.22
2012-02-27,1227701.2,1272223.21
2012-02-28,1234219.34,1281317.51
2012-02-29,1218149.16,1264653.06
2012-03-01,1226520.59,1272931.25
2012-03-02,1225102.34,1271459.34
2012-03-05,1217434.96,1263501.83
2012-03-06,1200860.08,1246299.76
2012-03-07,1205335.76,1250944.8
2012-03-08,1220521.95,1266705.63
2012-03-09,1229035.36,1275541.18
2012-03-12,1226509.03,1272919.26
2012-03-13,1235007.36,1281739.16
2012-03-14,1234301.95,1281007.05
2012-03-15,1240096.84,1287021.22
2012-03-16,1241530.53,1288509.16
2012-03-19,1245147.41,1292262.9
2012-03-20,1239910.39,1286827.72
2012-03-21,1238237.83,1285091.87
2012-03-22,1234325.57,1281031.57
2012-03-23,1234575.13,1281290.57
2012-03-26,1248845.58,1296101.01
2012-03-27,1251774.94,1299141.22
2012-03-28,1242785.72,1289811.84
2012-03-29,1236556.01,1283346.4
2012-03-30,1238200.74,1285053.38
2012-04-02,1249531.99,1296813.39
2012-04-03,1240573.97,1287516.4
2012-04-04,1219718.02,1265871.28
2012-04-05,1221658.33,1267885.01
2012-04-06,1220834.75,1267030.27
2012-04-09,1213318.85,1259229.97
2012-04-10,1201666.22,1247136.42
2012-04-11,1204598.98,1250180.15
2012-04-12,1218012.42,1264101.14
2012-04-13,1209070.49,1254820.86
2012-04-16,1201914.52,1247394.11
2012-04-17,1214446.34,1260400.12
2012-04-18,1215761.84,1261765.4
2012-04-19,1209675.97,1255449.25
2012-04-20,1209558.54,1255327.37
2012-04-23,1199742.43,1245139.83
2012-04-24,1200012.71,1245420.33
2012-04-25,1212740.51,1258629.75
2012-04-26,1218980.65,1265106.01
2012-04-27,1221989.06,1268228.25
2012-04-30,1218491.05,1264597.88
2012-05-01,1218281.2,1264407.93
2012-05-02,1216868.95,1261357.94
2012-05-03,1212675.93,1254562.56
2012-05-04,1198091.85,1240396.03
2012-05-07,1191629.34,1233085.14
2012-05-08,1187157.71,1223232.42
2012-05-09,1180217.78,1213960.93
2012-05-10,1180021.09,1214444.31
2012-05-11,1179066.32,1211193.78
2012-05-14,1170017.42,1198775.25
2012-05-15,1164711.24,1190963.39
2012-05-16,1157960.73,1184057.87
2012-05-17,1148846.99,1179679.58
2012-05-18,1134442.28,1167527.29
2012-05-21,1146387.34,1180066.85
2012-05-22,1152741.54,1182601.04
2012-05-23,1143446.6,1171738.86
2012-05-24,1146163.08,1174213.51
2012-05-25,1145796.02,1176196.66
2012-05-28,1147043.56,1177891.44
2012-05-29,1154972.91,1182779.31
2012-05-30,1145055.48,1174361.9
2012-05-31,1142023.03,1170671.83
2012-06-01,1125076.09,1162785.9
2012-06-04,1126842.29,1160004.79
2012-06-05,1127694.42,1164388.62
2012-06-06,1133027.57,1186216.21
2012-06-07,1132056.65,1185861.34
2012-06-08,1134181.98,1184761.03
2012-06-11,1130456.64,1182071.51
2012-06-12,1133063.2,1189425.32
2012-06-13,1131393.55,1189251.29
2012-06-14,1132515.35,1192306.56
2012-06-15,1135302.97,1199098.26
2012-06-18,1137183.05,1206339.59
2012-06-19,1139666.63,1212642.31
2012-06-20,1139884.06,1214268.22
2012-06-21,1134116.27,1196883.27
2012-06-22,1136650.66,1198789.2
2012-06-25,1132079.49,1187706.02
2012-06-26,1133536.18,1186318.03
2012-06-27,1134931.18,1195491.09
2012-06-28,1132376.01,1191652.16
2012-06-29,1139435.48,1218741.63
2012-07-02,1140246.59,1222871.44
2012-07-03,1145379.52,1233846.68
2012-07-04,1144769.73,1233547.97
2012-07-05,1144643.33,1231516.21
2012-07-06,1138235.42,1219160.42
2012-07-09,1136270.69,1214546.65
2012-07-10,1133749.53,1208283.69
2012-07-11,1132488.28,1207602.26
2012-07-12,1126847.09,1196755.02
2012-07-13,1136403.53,1209961.73
2012-07-16,1135032.76,1208885.62
2012-07-17,1136664.28,1210539.95
2012-07-18,1143473.71,1215407.92
2012-07-19,1147845.78,1223552.58
2012-07-20,1139763.34,1211349.85
2012-07-23,1130529.71,1196006.1
2012-07-24,1125108.48,1190230.92
2012-07-25,1123400.25,1188369.1
2012-07-26,1133316.99,1202649.39
2012-07-27,1145292.62,1220233.2
2012-07-30,1147460.67,1224320.28
2012-07-31,1144153.72,1221247.64
2012-08-01,1145997.96,1220039.28
2012-08-02,1141415.38,1213555.97
2012-08-03,1155189.81,1227227.56
2012-08-06,1158147.71,1236891.74
2012-08-07,1162608.85,1243711.06
2012-08-08,1162670.79,1246239.37
2012-08-09,1163468.28,1250459.82
2012-08-10,1164089.18,1249140.03
2012-08-13,1163680.36,1247179.06
2012-08-14,1164887.58,1248129.35
2012-08-15,1164548.16,1248204.37
2012-08-16,1169038.05,1259482.09
2012-08-17,1171224.8,1263765.42
2012-08-20,1170307.83,1263669.82
2012-08-21,1169930.03,1265683.08
2012-08-22,1167601.71,1265238.8
2012-08-23,1164018.35,1264630.45
2012-08-24,1166872.16,1264960.38
2012-08-27,1167136.07,1264995.19
2012-08-28,1166923.18,1263519.99
2012-08-29,1165929.79,1261906.42
2012-08-30,1160597.39,1253523.37
2012-08-31,1163010.96,1257599.95
2012-09-03,1165187.21,1258576.51
2012-09-04,1161134.74,1253959.09
2012-09-05,1159810.96,1249794.8
2012-09-06,1175711.73,1266950.83
2012-09-07,1182145.8,1279461.93
2012-09-10,1176363.7,1273138.07
2012-09-11,1177515.43,1272604.9
2012-09-12,1177973.0,1277508.77
2012-09-13,1191618.08,1293310.29
2012-09-14,1198661.31,1305677.43
2012-09-17,1195912.63,1302683.35
2012-09-18,1195732.54,1301473.99
2012-09-19,1197755.74,1306769.81
2012-09-20,1195793.64,1300517.86
2012-09-21,1196080.1,1301488.29
2012-09-24,1192496.7,1296425.9
2012-09-25,1187041.0,1291130.83
2012-09-26,1179178.8,1277329.22
2012-09-27,1188338.82,1288489.91
2012-09-28,1183100.17,1280514.62
2012-10-01,1187306.36,1282940.69
2012-10-02,1186923.88,1282222.29
2012-10-03,1191046.56,1285532.41
2012-10-04,1195315.36,1292424.36
2012-10-05,1193972.59,1292106.38
2012-10-08,1189474.64,1287238.73
2012-10-09,1180016.17,1274280.92
2012-10-10,1175827.91,1264720.03
2012-10-11,1178292.74,1265916.11
2012-10-12,1174110.47,1261047.79
2012-10-15,1175851.8,1264212.78
2012-10-16,1186010.92,1278772.07
2012-10-17,1188271.78,1284303.03
2012-10-18,1184392.22,1285252.37
2012-10-19,1171083.31,1271377.27
2012-10-22,1173054.8,1273744.41
2012-10-23,1161468.75,1261263.95
2012-10-24,1159314.75,1257247.24
2012-10-25,1161379.78,1262320.13
2012-10-26,1161503.04,1259048.77
2012-10-29,1159570.59,1256849.17
2012-10-30,1164030.86,1259224.38
2012-10-31,1160395.24,1257749.77
2012-11-01,1168988.15,1267587.08
2012-11-02,1159096.57,1259818.04
2012-11-05,1161121.5,1260800.21
2012-11-06,1168959.52,1268407.15
2012-11-07,1154515.9,1252670.88
2012-11-08,1149561.27,1243504.98
2012-11-09,1150509.73,1242292.21
2012-11-12,1149786.74,1239208.98
2012-11-13,1147744.22,1236567.99
2012-11-14,1139069.97,1227327.55
2012-11-15,1135100.09,1227724.1
2012-11-16,1133877.95,1231809.4
2012-11-19,1150762.99,1253675.6
2012-11-20,1151472.16,1254158.91
2012-11-21,1153256.1,1258293.48
2012-11-22,1155098.49,1264240.7
2012-11-23,1164858.51,1274922.93
2012-11-26,1164219.11,1274825.81
2012-11-27,1161598.82,1272889.65
2012-11-28,1163086.64,1271414.55
2012-11-29,1168517.64,1279879.09
2012-11-30,1166682.0,1279097.36
2012-12-03,1165415.69,1278038.62
2012-12-04,1161125.35,1273333.67
2012-12-05,1160324.3,1272455.22
2012-12-06,1166020.6,1278701.99
2012-12-07,1165896.63,1278566.04
2012-12-10,1168074.99,1280954.91
2012-12-11,1172259.5,1285543.8
2012-12-12,1173907.75,1287351.34
2012-12-13,1172223.19,1285503.99
2012-12-14,1168431.17,1281345.51
2012-12-17,1176408.49,1290093.74
2012-12-18,1183047.38,1297374.2
2012-12-19,1185437.07,1299994.82
2012-12-20,1181286.33,1295442.96
2012-12-21,1174663.07,1288179.64
2012-12-24,1174255.91,1287733.15
2012-12-25,1176644.9,1290353.0
2012-12-26,1178180.24,1292036.7
2012-12-27,1180146.91,1294193.44
2012-12-28,1174718.83,1288240.8
2012-12-31,1185280.02,1299822.6
2013-01-01,1184724.25,1299213.12
2013-01-02,1205885.58,1322419.42
2013-01-03,1201174.25,1317252.8
2013-01-04,1209343.27,1326211.25
2013-01-07,1204717.57,1321138.54
2013-01-08,1202589.93,1318805.29
2013-01-09,1206700.5,1323313.1
2013-01-10,1214359.35,1331712.08
2013-01-11,1217325.0,1334964.32
2013-01-14,1216164.73,1333691.92
2013-01-15,1219344.53,1337179.01
2013-01-16,1213598.64,1330877.86
2013-01-17,1218401.87,1336145.26
2013-01-18,1225900.73,1344368.79
2013-01-21,1224678.4,1343028.34
2013-01-22,1225555.09,1343989.74
2013-01-23,1221557.31,1339605.63
2013-01-24,1221427.69,1339463.48
2013-01-25,1230403.15,1349306.31
2013-01-28,1228326.96,1347029.48
2013-01-29,1233434.82,1352630.95
2013-01-30,1238889.85,1358613.14
2013-01-31,1234302.81,1353582.83
2013-02-01,1244300.82,1364547.02
2013-02-04,1235717.56,1355134.29
2013-02-05,1238685.05,1358388.55
2013-02-06,1248427.92,1369072.96
2013-02-07,1241922.32,1361938.67
2013-02-08,1242301.14,1362354.1
2013-02-11,1239828.75,1359642.78
2013-02-12,1246837.4,1367328.73
2013-02-13,1245141.33,1365468.75
2013-02-14,1243698.12,1363886.08
2013-02-15,1236076.87,1355528.33
2013-02-18,1241362.26,1361324.49
2013-02-19,1245159.42,1365488.59
2013-02-20,1235639.33,1355048.5
2013-02-21,1225356.28,1343771.72
2013-02-22,1233615.86,1352829.49
2013-02-25,1242496.24,1362568.05
2013-02-26,1228599.26,1347328.1
2013-02-27,1227779.52,1346429.14
2013-02-28,1239002.96,1358737.18
2013-03-01,1240842.61,1360801.16
2013-03-04,1242766.91,1362759.9
2013-03-05,1252766.56,1374088.54
2013-03-06,1257609.64,1380251.33
2013-03-07,1259882.79,1382318.03
2013-03-08,1269797.5,1393017.41
2013-03-11,1273467.82,1397625.59
2013-03-12,1271439.21,1397269.98
2013-03-13,1268144.69,1392849.42
2013-03-14,1275882.41,1401629.39
2013-03-15,1276904.02,1403173.11
2013-03-18,1266688.16,1394355.83
2013-03-19,1270106.87,1399297.99
2013-03-20,1274238.47,1402726.78
2013-03-21,1269908.61,1399660.86
2013-03-22,1268317.26,1396628.53
2013-03-25,1270147.91,1398220.33
2013-03-26,1270827.24,1397939.92
2013-03-27,1272648.06,1400839.11
2013-03-28,1272595.89,1399340.45
2013-03-29,1273807.95,1400673.23
2013-04-01,1265307.06,1392148.18
2013-04-02,1269346.91,1392200.02
2013-04-03,1269225.15,1388330.14
2013-04-04,1272845.73,1391828.63
2013-04-05,1270060.64,1393881.3
2013-04-08,1281218.2,1404543.63
2013-04-09,1284931.6,1410992.34
2013-04-10,1298132.09,1420173.22
2013-04-11,1305006.72,1428863.32
2013-04-12,1302445.33,1411645.62
2013-04-15,1289756.74,1372897.94
2013-04-16,1289570.33,1376621.67
2013-04-17,1280234.31,1367084.8
2013-04-18,1279610.46,1370597.42
2013-04-19,1279898.38,1372765.43
2013-04-22,1290589.75,1388222.59
2013-04-23,1300087.05,1396496.07
2013-04-24,1307102.45,1407161.24
2013-04-25,1311417.25,1420317.18
2013-04-26,1308414.38,1414823.02
2013-04-29,1314337.9,1423509.89
2013-04-30,1315258.48,1425075.45
2013-05-01,1311175.87,1417286.38
2013-05-02,1315839.37,1424048.17
2013-05-03,1323704.36,1433103.02
2013-05-06,1325163.34,1434037.6
2013-05-07,1337055.36,1443568.52
2013-05-08,1343012.07,1454327.71
2013-05-09,1340062.33,1447923.92
2013-05-10,1351565.44,1458802.76
2013-05-13,1355646.79,1460691.34
2013-05-14,1361324.59,1465744.26
2013-05-15,1369992.82,1468063.27
2013-05-16,1368832.42,1464954.55
2013-05-17,1371183.43,1461578.76
2013-05-20,1372221.34,1469065.53
2013-05-21,1379252.13,1474120.78
2013-05-22,1382184.65,1474257.95
2013-05-23,1366127.42,1462521.82
2013-05-24,1365734.85,1461717.64
2013-05-27,1348629.18,1445507.7
2013-05-28,1362197.59,1456844.76
2013-05-29,1345533.73,1441485.92
2013-05-30,1347013.92,1447770.22
2013-05-31,1339923.09,1434698.5
2013-06-03,1324010.22,1422629.17
2013-06-04,1328588.2,1424761.77
2013-06-05,1304978.59,1400022.88
2013-06-06,1300580.87,1397356.88
2013-06-07,1306767.68,1398321.88
2013-06-10,1326160.31,1419289.42
2013-06-11,1309328.03,1399930.22
2013-06-12,1298742.9,1390368.58
2013-06-13,1309869.26,1402137.6
2013-06-14,1305393.7,1398359.68
2013-06-17,1311305.06,1403458.24
2013-06-18,1322775.19,1412648.21
2013-06-19,1309119.09,1393350.44
2013-06-20,1281875.33,1349467.27
2013-06-21,1280467.68,1352418.89
2013-06-24,1281956.57,1351622.69
2013-06-25,1287441.19,1355458.96
2013-06-26,1291291.39,1349676.09
2013-06-27,1304653.89,1358550.4
2013-06-28,1303479.52,1363876.95
2013-07-01,1320720.28,1385922.26
2013-07-02,1324955.36,1388677.15
2013-07-03,1321389.93,1387294.76
2013-07-04,1336174.19,1401173.36
2013-07-05,1337281.77,1396766.09
2013-07-08,1343272.92,1405465.35
2013-07-09,1351758.69,1417774.53
2013-07-10,1356354.33,1430373.26
2013-07-11,1363449.69,1438420.7
2013-07-12,1365025.31,1440016.51
2013-07-15,1370972.9,1445634.0
2013-07-16,1366507.77,1442758.68
2013-07-17,1370114.75,1443565.86
2013-07-18,1376221.15,1451710.87
2013-07-19,1377434.93,1455503.16
2013-07-22,1372185.32,1458645.86
2013-07-23,1372832.57,1461208.78
2013-07-24,1373683.52,1456840.29
2013-07-25,1366297.66,1452689.49
2013-07-26,1368164.05,1454156.22
2013-07-29,1352288.29,1435777.04
2013-07-30,1355485.13,1439507.89
2013-07-31,1357065.33,1440813.15
2013-08-01,1375866.35,1456654.93
2013-08-02,1377788.96,1459675.53
2013-08-05,1373670.89,1453585.77
2013-08-06,1367336.49,1442072.55
2013-08-07,1358081.42,1432884.0
2013-08-08,1358099.04,1439121.7
2013-08-09,1357603.16,1438971.14
2013-08-12,1358989.35,1444515.39
2013-08-13,1366841.59,1450331.32
2013-08-14,1358690.68,1446343.01
2013-08-15,1341920.44,1432874.5
2013-08-16,1340319.49,1434050.86
2013-08-19,1340499.35,1432317.9
2013-08-20,1338568.53,1430530.92
2013-08-21,1328031.83,1417154.49
2013-08-22,1346325.34,1440038.5
2013-08-23,1348380.32,1447039.87
2013-08-26,1348152.43,1447885.82
2013-08-27,1326046.25,1427400.31
2013-08-28,1332126.02,1433764.4
2013-08-29,1341513.88,1441094.08
2013-08-30,1339157.11,1436741.97
2013-09-02,1348393.59,1446345.3
2013-09-03,1346053.79,1447497.02
2013-09-04,1359080.1,1457844.38
2013-09-05,1359658.77,1453373.48
2013-09-06,1359958.2,1458450.5
2013-09-09,1371505.64,1469827.37
2013-09-10,1379213.12,1473688.98
2013-09-11,1378043.26,1472198.96
2013-09-12,1376255.65,1462146.59
2013-09-13,1377214.8,1462956.29
2013-09-16,1379335.5,1462303.74
2013-09-17,1382298.9,1464017.8
2013-09-18,1396020.54,1492281.44
2013-09-19,1397054.7,1492898.23
2013-09-20,1391809.61,1478572.08
2013-09-23,1385934.44,1472583.57
2013-09-24,1388326.03,1474767.37
2013-09-25,1381800.91,1469351.21
2013-09-26,1391591.54,1477992.44
2013-09-27,1382650.52,1471270.28
2013-09-30,1379306.89,1465968.6
2013-10-01,1383487.28,1461701.56
2013-10-02,1372705.99,1456155.59
2013-10-03,1367953.03,1451491.28
2013-10-04,1373879.93,1456468.46
2013-10-07,1362300.66,1446958.63
2013-10-08,1351644.56,1435039.99
2013-10-09,1349113.14,1428568.11
2013-10-10,1370725.05,1448159.65
2013-10-11,1380821.94,1455265.72
2013-10-14,1381120.96,1455595.51
2013-10-15,1385435.6,1460852.48
2013-10-16,1385258.08,1462005.67
2013-10-17,1393239.51,1478365.44
2013-10-18,1403907.18,1489738.26
2013-10-21,1410808.43,1496934.9
2013-10-22,1416031.14,1507893.98
2013-10-23,1405207.15,1494778.85
2013-10-24,1404876.89,1497646.64
2013-10-25,1405090.48,1498791.86
2013-10-28,1410727.87,1505331.18
2013-10-29,1419325.41,1512336.08
2013-10-30,1415073.31,1506689.71
2013-10-31,1413808.64,1501900.88
2013-11-01,1410651.53,1496939.25
2013-11-04,1415389.92,1501747.87
2013-11-05,1408481.14,1493863.55
2013-11-06,1413083.16,1499908.52
2013-11-07,1396685.35,1480600.3
2013-11-08,1410264.64,1490261.96
2013-11-11,1411227.05,1489871.78
2013-11-12,1414514.2,1489874.48
2013-11-13,1422196.04,1502100.73
2013-11-14,1430830.6,1511665.94
2013-11-15,1438372.89,1520365.9
2013-11-18,1431216.93,1509050.47
2013-11-19,1431293.55,1509356.26
2013-11-20,1428128.68,1499358.06
2013-11-21,1442429.72,1513688.07
2013-11-22,1443142.76,1514289.86
2013-11-25,1443185.85,1516609.04
2013-11-26,1441026.24,1512055.0
2013-11-27,1448416.18,1518569.47
2013-11-28,1450019.83,1521679.87
2013-11-29,1450516.73,1523918.9
2013-12-02,1448096.69,1514522.92
2013-12-03,1438879.32,1505264.83
2013-12-04,1435889.37,1505442.34
2013-12-05,1428499.05,1494801.31
2013-12-06,1446999.5,1514853.17
2013-12-09,1448609.51,1518967.11
2013-12-10,1444748.65,1520375.31
2013-12-11,1432414.31,1505677.3
2013-12-12,1430491.42,1497384.88
2013-12-13,1430637.86,1500138.97
2013-12-16,1433268.82,1503301.65
2013-12-17,1430377.05,1498740.34
2013-12-18,1453888.95,1519804.44
2013-12-19,1451084.41,1510005.51
2013-12-20,1460226.38,1522422.2
2013-12-23,1467920.72,1529220.49
2013-12-24,1468428.24,1531218.2
2013-12-25,1471037.46,1533938.99
2013-12-26,1476151.86,1540579.72
2013-12-27,1479358.25,1544952.23
2013-12-30,1477861.82,1539660.73
2013-12-31,1482448.39,1546248.03
2014-01-01,1483139.5,1547064.04
2014-01-02,1471724.52,1539726.12
2014-01-03,1469031.57,1540192.01
2014-01-06,1463378.43,1534498.13
2014-01-07,1470683.18,1540078.92
2014-01-08,1470978.04,1539595.66
2014-01-09,1467481.15,1536618.74
2014-01-10,1471643.41,1545831.94
2014-01-13,1456357.76,1531200.61
2014-01-14,1469823.09,1542744.0
2014-01-15,1478229.16,1550991.21
2014-01-16,1474019.65,1546838.03
2014-01-17,1474057.59,1549807.29
2014-01-20,1474519.18,1550656.94
2014-01-21,1476867.81,1550071.92
2014-01-22,1483198.54,1555243.71
2014-01-23,1467358.3,1545048.93
2014-01-24,1437025.82,1514911.09
2014-01-27,1432694.61,1507515.42
2014-01-28,1435412.67,1509047.18
2014-01-29,1434260.14,1511238.79
2014-01-30,1436541.14,1508418.76
2014-01-31,1429781.3,1501232.84
2014-02-03,1409649.68,1483804.89
2014-02-04,1402457.22,1473865.92
2014-02-05,1404097.88,1477406.99
2014-02-06,1406886.01,1481208.43
2014-02-07,1430162.9,1513553.85
2014-02-10,1431083.27,1515860.81
2014-02-11,1440689.12,1532742.35
2014-02-12,1440387.43,1533828.35
2014-02-13,1439112.7,1533913.81
2014-02-14,1439613.62,1539016.83
2014-02-17,1441695.24,1546207.97
2014-02-18,1445848.16,1550769.49
2014-02-19,1443382.15,1545604.61
2014-02-20,1443913.62,1550675.53
2014-02-21,1446911.44,1554180.15
2014-02-24,1453970.5,1566803.13
2014-02-25,1452713.46,1564751.09
2014-02-26,1452026.77,1560233.06
2014-02-27,1454952.55,1565125.64
2014-02-28,1456157.51,1564571.38
2014-03-03,1443986.88,1553193.08
2014-03-04,1460100.13,1570524.94
2014-03-05,1460195.33,1570627.35
2014-03-06,1470384.61,1581587.22
2014-03-07,1465588.75,1576428.66
2014-03-10,1460759.92,1571234.64
2014-03-11,1452997.2,1562884.83
2014-03-12,1456687.54,1566854.27
2014-03-13,1438241.43,1547013.11
2014-03-14,1432023.61,1540325.04
2014-03-17,1442169.59,1551238.35
2014-03-18,1447011.83,1556446.8
2014-03-19,1436290.06,1544914.16
2014-03-20,1435353.95,1543907.26
2014-03-21,1429911.9,1538053.64
2014-03-24,1422721.88,1530319.84
2014-03-25,1431905.12,1540197.6
2014-03-26,1417346.78,1524538.24
2014-03-27,1419382.64,1526728.06
2014-03-28,1425809.41,1533640.88
2014-03-31,1429342.57,1537441.25
2014-04-01,1438372.78,1547185.6
2014-04-02,1442651.81,1554121.96
2014-04-03,1440544.6,1550444.89
2014-04-04,1427469.21,1540848.17
2014-04-07,1415981.95,1527268.95
2014-04-08,1412456.57,1526113.7
2014-04-09,1425443.07,1540419.21
2014-04-10,1396481.83,1510861.03
2014-04-11,1387271.3,1500908.49
2014-04-14,1397048.2,1513134.95
2014-04-15,1403343.17,1514716.99
2014-04-16,1410046.67,1522168.51
2014-04-17,1418009.15,1528855.53
2014-04-18,1418361.38,1529235.29
2014-04-21,1423613.86,1533473.02
2014-04-22,1424028.52,1532805.95
2014-04-23,1429473.35,1538493.01
2014-04-24,1424178.64,1534573.1
2014-04-25,1417044.28,1529623.39
2014-04-28,1422105.81,1533560.84
2014-04-29,1425089.65,1536673.03
2014-04-30,1428783.35,1539620.25
2014-05-01,1431730.32,1541065.35
2014-05-02,1430592.93,1542307.99
2014-05-05,1432340.51,1546089.4
2014-05-06,1425594.11,1536444.12
2014-05-07,1425753.11,1530093.36
2014-05-08,1425552.04,1528701.17
2014-05-09,1427979.88,1532721.49
2014-05-12,1437800.95,1549256.46
2014-05-13,1437003.03,1548398.05
2014-05-14,1434968.7,1545982.94
2014-05-15,1429251.53,1533869.35
2014-05-16,1432330.77,1538465.01
2014-05-19,1434265.39,1538642.55
2014-05-20,1428550.14,1530072.88
2014-05-21,1435746.39,1541965.93
2014-05-22,1437813.66,1549217.99
2014-05-23,1440601.93,1555513.75
2014-05-26,1442871.83,1558477.38
2014-05-27,1447005.54,1557121.87
2014-05-28,1446557.6,1553718.32
2014-05-29,1450682.94,1560855.65
2014-05-30,1449594.84,1558199.14
2014-06-02,1449846.87,1565209.42
2014-06-03,1449190.79,1564584.85
2014-06-04,1450671.22,1565920.61
2014-06-05,1455813.94,1573588.16
2014-06-06,1462627.97,1581061.2
2014-06-09,1460283.93,1578268.23
2014-06-10,1457706.6,1577421.81
2014-06-11,1455032.54,1574916.76
2014-06-12,1447592.52,1569711.43
2014-06-13,1451921.71,1575386.45
2014-06-16,1450168.94,1572311.8
2014-06-17,1451763.11,1573767.59
2014-06-18,1459668.18,1584219.78
2014-06-19,1462969.41,1596746.85
2014-06-20,1467041.37,1601208.29
2014-06-23,1463449.67,1597173.88
2014-06-24,1459848.18,1594234.3
2014-06-25,1462090.05,1596744.09
2014-06-26,1461762.55,1595720.93
2014-06-27,1461065.18,1595033.38
2014-06-30,1462617.63,1599211.82
2014-07-01,1473678.62,1611155.71
2014-07-02,1475444.48,1613086.31
2014-07-03,1481230.0,1619411.55
2014-07-04,1480329.22,1618426.74
2014-07-07,1473267.77,1610706.54
2014-07-08,1462601.36,1599045.08
2014-07-09,1469284.29,1606351.45
2014-07-10,1463108.81,1599599.87
2014-07-11,1467953.48,1604896.49
2014-07-14,1469965.81,1607096.55
2014-07-15,1465331.61,1602030.03
2014-07-16,1470556.45,1607742.28
2014-07-17,1460174.01,1596391.29
2014-07-18,1471723.18,1609017.86
2014-07-21,1468930.45,1605964.6
2014-07-22,1473743.19,1611226.31
2014-07-23,1477169.17,1614971.9
2014-07-24,1473547.29,1611012.14
2014-07-25,1476468.32,1614205.66
2014-07-28,1478703.23,1616649.07
2014-07-29,1477752.92,1615610.1
2014-07-30,1478882.14,1616844.66
2014-07-31,1459346.64,1595486.73
2014-08-01,1453237.55,1589008.84
2014-08-04,1458202.02,1594321.95
2014-08-05,1449830.03,1582767.83
2014-08-06,1447130.43,1583573.22
2014-08-07,1442315.32,1577359.55
2014-08-08,1445812.11,1581462.35
2014-08-11,1452674.01,1589713.37
2014-08-12,1451563.38,1588492.26
2014-08-13,1459366.76,1599645.28
2014-08-14,1462935.84,1605773.8
2014-08-15,1464055.46,1605213.16
2014-08-18,1471335.34,1614191.13
2014-08-19,1474370.79,1617616.96
2014-08-20,1477099.1,1619073.35
2014-08-21,1479970.4,1619429.75
2014-08-22,1479058.01,1618972.82
2014-08-25,1481606.72,1624025.88
2014-08-26,1481492.58,1623675.44
2014-08-27,1479866.19,1622983.33
2014-08-28,1478830.41,1623042.39
2014-08-29,1479817.85,1623367.98
2014-09-01,1481894.35,1626046.13
2014-09-02,1487965.32,1627752.48
2014-09-03,1486326.74,1626574.48
2014-09-04,1488333.21,1626138.85
2014-09-05,1489027.61,1629419.92
2014-09-08,1488023.22,1625083.91
2014-09-09,1480954.64,1617073.58
2014-09-10,1489884.37,1625261.5
2014-09-11,1489493.05,1622625.31
2014-09-12,1484776.76,1614651.24
2014-09-15,1482970.41,1613689.25
2014-09-16,1488314.02,1619944.75
2014-09-17,1489549.75,1617268.15
2014-09-18,1498880.47,1628749.73
2014-09-19,1498850.21,1626256.79
2014-09-22,1488237.99,1614572.48
2014-09-23,1479486.86,1606927.46
2014-09-24,1492855.88,1619828.58
2014-09-25,1475843.78,1603204.27
2014-09-26,1486107.9,1613195.12
2014-09-29,1480644.01,1606797.63
2014-09-30,1476267.71,1599807.44
2014-10-01,1462074.8,1586474.98
2014-10-02,1456433.72,1576329.21
2014-10-03,1467846.67,1585747.77
2014-10-06,1463897.34,1587087.34
2014-10-07,1452003.46,1569791.73
2014-10-08,1463940.29,1589524.08
2014-10-09,1444736.79,1561262.16
2014-10-10,1429359.1,1541415.8
2014-10-13,1421107.28,1536510.27
2014-10-14,1425054.85,1542609.37
2014-10-15,1408489.04,1519561.98
2014-10-16,1412070.35,1520913.27
2014-10-17,1421192.12,1536623.58
2014-10-20,1432622.44,1549702.46
2014-10-21,1445147.37,1569857.3
2014-10-22,1443270.32,1563965.61
2014-10-23,1455047.3,1576305.25
2014-10-24,1460603.81,1582846.77
2014-10-27,1458998.85,1578254.56
2014-10-28,1465199.47,1587609.02
2014-10-29,1467649.09,1587092.25
2014-10-30,1476789.31,1595735.29
2014-10-31,1504827.28,1621630.32
2014-11-03,1508555.76,1620269.38
2014-11-04,1500443.44,1612494.98
2014-11-05,1505689.98,1613485.79
2014-11-06,1507827.21,1616965.08
2014-11-07,1503586.96,1623403.87
2014-11-10,1507560.03,1623528.33
2014-11-11,1515973.49,1635199.9
2014-11-12,1515189.67,1632503.28
2014-11-13,1521090.21,1641101.63
2014-11-14,1522876.86,1651223.25
2014-11-17,1517381.9,1646245.88
2014-11-18,1523584.21,1657112.45
2014-11-19,1523508.97,1652703.68
2014-11-20,1522705.7,1653816.77
2014-11-21,1526676.66,1663679.1
2014-11-24,1531623.69,1667820.32
2014-11-25,1529514.28,1666429.35
2014-11-26,1531485.05,1667575.42
2014-11-27,1531760.05,1664177.75
2014-11-28,1534056.96,1660121.5
2014-12-01,1528449.96,1662655.98
2014-12-02,1538029.78,1675566.89
2014-12-03,1541101.94,1680565.98
2014-12-04,1539720.85,1676495.01
2014-12-05,1544570.19,1681151.62
2014-12-08,1535744.39,1670450.01
2014-12-09,1532272.41,1668353.11
2014-12-10,1515291.9,1645575.49
2014-12-11,1518518.64,1644969.13
2014-12-12,1508842.28,1623768.43
2014-12-15,1500344.39,1606955.25
2014-12-16,1489353.9,1598729.93
2014-12-17,1509608.36,1625091.59
2014-12-18,1531255.86,1656173.19
2014-12-19,1535920.78,1664080.13
2014-12-22,1538221.42,1662496.08
2014-12-23,1539613.42,1664400.37
2014-12-24,1539463.91,1664350.42
2014-12-25,1539463.91,1664904.47
2014-12-26,1544368.61,1675562.94
2014-12-29,1541162.96,1668122.55
2014-12-30,1532290.22,1663520.06
2014-12-31,1529988.55,1653466.92
2015-01-01,1529988.55,1652853.26
2015-01-02,1523427.66,1646667.46
2015-01-05,1509863.04,1630599.36
2015-01-06,1496840.24,1617378.8
2015-01-07,1509533.75,1634559.46
2015-01-08,1525183.18,1655927.33
2015-01-09,1512416.14,1642385.89
2015-01-12,1509483.17,1640755.65
2015-01-13,1507220.49,1639603.53
2015-01-14,1503693.9,1631586.91
2015-01-15,1491275.52,1627633.11
2015-01-16,1507686.65,1656889.43
2015-01-19,1506682.02,1655389.71
2015-01-20,1514939.33,1670768.69
2015-01-21,1517088.8,1677287.09
2015-01-22,1531215.05,1700435.99
2015-01-23,1527203.64,1693070.42
2015-01-26,1533237.85,1699348.39
2015-01-27,1525102.93,1692939.83
2015-01-28,1514489.89,1674700.63
2015-01-29,1525452.01,1684214.78
2015-01-30,1511900.1,1670541.48
2015-02-02,1521629.98,1681844.01
2015-02-03,1526160.55,1686851.61
2015-02-04,1521281.33,1681458.66
2015-02-05,1532823.53,1694216.14
2015-02-06,1525573.18,1686202.4
2015-02-09,1520964.71,1681108.7
2015-02-10,1530658.24,1691822.86
2015-02-11,1530191.2,1691306.66
2015-02-12,1537551.26,1699441.66
2015-02-13,1547225.72,1710134.76
2015-02-16,1540670.44,1702889.26
2015-02-17,1544239.17,1706833.75
2015-02-18,1547331.24,1710251.39
2015-02-19,1549721.09,1712892.87
2015-02-20,1556690.81,1720596.44
2015-02-23,1554852.82,1718564.92
2015-02-24,1560749.01,1725081.93
2015-02-25,1558381.27,1722464.89
2015-02-26,1565824.0,1730691.27
2015-02-27,1563401.42,1728013.61
2015-03-02,1568625.29,1733837.61
2015-03-03,1560543.79,1724257.13
2015-03-04,1557800.07,1720540.9
2015-03-05,1563515.6,1726243.1
2015-03-06,1552529.02,1704619.74
2015-03-09,1553425.12,1705455.54
2015-03-10,1531450.19,1680536.71
2015-03-11,1533157.79,1679988.3
2015-03-12,1547586.59,1695386.1
2015-03-13,1544960.31,1693759.86
2015-03-16,1555025.16,1704212.78
2015-03-17,1559512.81,1707185.25
2015-03-18,1573017.46,1728466.59
2015-03-19,1571172.19,1726529.54
2015-03-20,1580485.86,1739892.98
2015-03-23,1581123.45,1742657.07
2015-03-24,1578603.31,1740514.87
2015-03-25,1561787.74,1722905.37
2015-03-26,1554474.23,1717226.21
2015-03-27,1553191.7,1714496.84
2015-03-30,1565863.24,1724853.91
2015-03-31,1547385.97,1703825.19
2015-04-01,1546435.61,1708606.34
2015-04-02,1552014.58,1714368.75
2015-04-03,1548897.41,1710925.51
2015-04-06,1559354.24,1725961.27
2015-04-07,1565509.61,1731139.6
2015-04-08,1572630.22,1736802.18
2015-04-09,1581363.28,1744497.82
2015-04-10,1586812.51,1754303.78
2015-04-13,1579573.73,1743903.24
2015-04-14,1581291.41,1744254.12
2015-04-15,1586496.62,1753176.07
2015-04-16,1584051.41,1748811.48
2015-04-17,1567867.09,1732472.24
2015-04-20,1578701.88,1742066.88
2015-04-21,1585836.41,1751623.52
2015-04-22,1591895.0,1754568.79
2015-04-23,1593826.73,1758122.99
2015-04-24,1596640.71,1756964.95
2015-04-27,1595168.58,1761450.79
2015-04-28,1593264.9,1762822.49
2015-04-29,1584257.68,1750810.79
2015-04-30,1566676.49,1725511.97
2015-05-01,1584570.67,1743435.06
2015-05-04,1587327.08,1749452.88
2015-05-05,1567212.62,1729309.65
2015-05-06,1561947.36,1722066.36
2015-05-07,1563987.26,1722563.45
2015-05-08,1583799.7,1745546.03
2015-05-11,1578466.17,1738349.25
2015-05-12,1571203.75,1732877.45
2015-05-13,1574331.48,1742505.29
2015-05-14,1584313.24,1755674.02
2015-05-15,1586511.07,1758959.11
2015-05-18,1591927.02,1765019.07
2015-05-19,1594555.2,1763675.39
2015-05-20,1597210.32,1766786.8
2015-05-21,1599893.12,1768557.69
2015-05-22,1601427.15,1770305.2
2015-05-25,1602166.92,1771342.69
2015-05-26,1591815.88,1754466.92
2015-05-27,1606732.6,1770668.97
2015-05-28,1604709.96,1768830.27
2015-05-29,1596310.47,1760048.4
2015-06-01,1599818.2,1763518.55
2015-06-02,1593286.21,1757668.37
2015-06-03,1598560.41,1761116.36
2015-06-04,1586315.94,1745299.48
2015-06-05,1586075.27,1743276.04
2015-06-08,1574606.88,1731189.98
2015-06-09,1568574.45,1725650.48
2015-06-10,1582266.51,1743368.08
2015-06-11,1588274.72,1748613.12
2015-06-12,1579008.41,1738365.2
2015-06-15,1573884.96,1734039.91
2015-06-16,1576521.47,1735828.04
2015-06-17,1573894.21,1733768.66
2015-06-18,1582243.58,1747495.78
2015-06-19,1577974.3,1742681.62
2015-06-22,1593932.09,1756150.23
2015-06-23,1601556.43,1762454.28
2015-06-24,1594889.08,1754121.86
2015-06-25,1591186.79,1749760.6
2015-06-26,1589003.54,1747621.66
2015-06-29,1554492.68,1710788.51
2015-06-30,1557136.65,1711723.66
2015-07-01,1569077.11,1723687.15
2015-07-02,1568260.06,1724395.6
2015-07-03,1566791.14,1721991.9
2015-07-06,1563043.17,1714212.3
2015-07-07,1568076.96,1715706.64
2015-07-08,1539959.78,1682195.35
2015-07-09,1546405.12,1694210.27
2015-07-10,1561909.17,1719704.68
2015-07-13,1575029.59,1734501.9
2015-07-14,1580464.57,1741421.84
2015-07-15,1581130.78,1738835.8
2015-07-16,1590291.89,1750686.37
2015-07-17,1595569.36,1752789.95
2015-07-20,1598003.34,1745637.69
2015-07-21,1595313.68,1741075.58
2015-07-22,1589790.28,1729510.96
2015-07-23,1585725.64,1721073.43
2015-07-24,1576569.02,1709081.46
2015-07-27,1568663.31,1696604.35
2015-07-28,1578745.62,1712569.78
2015-07-29,1583584.35,1721301.99
2015-07-30,1586427.72,1723491.72
2015-07-31,1585685.62,1725540.02
2015-08-03,1582956.94,1718022.54
2015-08-04,1582349.41,1718985.09
2015-08-05,1589182.95,1728208.5
2015-08-06,1579221.13,1719243.07
2015-08-07,1578150.71,1719242.35
2015-08-10,1589615.53,1735831.69
2015-08-11,1578385.35,1720877.58
2015-08-12,1575843.24,1720252.61
2015-08-13,1578845.66,1717620.83
2015-08-14,1579674.45,1719612.48
2015-08-17,1585368.9,1725579.86
2015-08-18,1579651.88,1717210.57
2015-08-19,1569602.58,1705260.39
2015-08-20,1546825.6,1681858.83
2015-08-21,1512526.42,1636511.5
2015-08-24,1471187.91,1575301.52
2015-08-25,1464235.73,1569599.9
2015-08-26,1507798.37,1618284.91
2015-08-27,1526845.0,1646161.26
2015-08-28,1528710.49,1651807.77
2015-08-31,1516557.35,1637743.18
2015-09-01,1480175.57,1588854.37
2015-09-02,1480175.57,1619509.9
2015-09-03,1480175.57,1616119.36
2015-09-04,1480175.57,1588608.96
2015-09-07,1480175.57,1598963.63
2015-09-08,1480175.57,1621240.02
2015-09-09,1480175.57,1610621.09
2015-09-10,1480175.57,1617777.73
2015-09-11,1480175.57,1618742.91
2015-09-14,1480175.57,1610437.07
2015-09-15,1480175.57,1625801.75
2015-09-16,1480175.57,1642723.45
2015-09-17,1480175.57,1638299.39
2015-09-18,1480175.57,1617755.46
2015-09-21,1480175.57,1623350.05
2015-09-22,1480175.57,1597314.81
2015-09-23,1480175.57,1603482.49
2015-09-24,1480175.57,1602915.79
2015-09-25,1480175.57,1608639.61
2015-09-28,1480175.57,1569495.49
2015-09-29,1480175.57,1563342.36
2015-09-30,1480175.57,1587263.51
2015-10-01,1480175.57,1591689.89
2015-10-02,1480175.57,1620857.59
2015-10-05,1480175.57,1645712.03
2015-10-06,1480175.57,1640938.58
2015-10-07,1480175.57,1651715.45
2015-10-08,1480175.57,1655815.86
2015-10-09,1480175.57,1661927.18
2015-10-12,1480175.57,1662710.35
2015-10-13,1480175.57,1652476.01
2015-10-14,1480175.57,1646449.71
2015-10-15,1480175.57,1671480.32
2015-10-16,1480175.57,1675753.91
2015-10-19,1480175.57,1672396.06
2015-10-20,1480175.57,1671364.5
2015-10-21,1480175.57,1667269.66
2015-10-22,1480175.57,1689246.1
2015-10-23,1480175.57,1711024.52
2015-10-26,1480175.57,1705431.87
2015-10-27,1480175.57,1701025.69
2015-10-28,1480175.57,1716292.12
2015-10-29,1480175.57,1704588.67
2015-10-30,1480175.57,1695857.55
2015-11-02,1480058.24,1705582.25
2015-11-03,1485355.58,1708351.47
2015-11-04,1483309.37,1703109.9
2015-11-05,1483154.15,1699435.36
2015-11-06,1487862.42,1700382.08
2015-11-09,1481166.8,1689963.19
2015-11-10,1485141.4,1692577.35
2015-11-11,1483308.69,1689189.14
2015-11-12,1472534.65,1668507.86
2015-11-13,1462742.26,1655066.76
2015-11-16,1475780.44,1676854.64
2015-11-17,1477172.49,1674827.02
2015-11-18,1489852.14,1693182.64
2015-11-19,1487760.24,1695458.89
2015-11-20,1492382.03,1698176.86
2015-11-23,1489897.54,1691862.71
2015-11-24,1491149.56,1695886.83
2015-11-25,1491195.35,1696062.22
2015-11-26,1495491.47,1703837.87
2015-11-27,1491108.84,1694059.81
2015-11-30,1487436.17,1690643.54
2015-12-01,1497053.54,1706965.03
2015-12-02,1489497.61,1691294.29
2015-12-03,1475478.18,1669260.51
2015-12-04,1491296.42,1698480.85
2015-12-07,1488148.18,1687434.09
2015-12-08,1480987.21,1675362.08
2015-12-09,1467715.24,1656315.28
2015-12-10,1471041.76,1659371.42
2015-12-11,1452843.82,1631577.54
2015-12-14,1459149.84,1635785.2
2015-12-15,1464521.84,1645659.43
2015-12-16,1480374.03,1672458.9
2015-12-17,1470755.39,1654431.37
2015-12-18,1452161.5,1632453.92
2015-12-21,1458694.3,1646092.31
2015-12-22,1463820.16,1654523.78
2015-12-23,1472777.56,1671739.4
2015-12-24,1467764.99,1666259.8
2015-12-28,1467590.13,1663700.81
2015-12-29,1479138.42,1680301.55
2015-12-30,1471989.48,1667373.9
2015-12-31,1468276.23,1662287.12
2016-01-04,1444154.61,1633057.16
2016-01-05,1443346.1,1637569.72
2016-01-06,1440916.79,1622753.64
2016-01-07,1431764.48,1592752.28
2016-01-08,1429314.15,1579323.85
2016-01-11,1430405.02,1582139.28
2016-01-12,1433684.5,1587778.01
2016-01-13,1423699.43,1562897.48
2016-01-14,1429711.79,1580717.46
2016-01-15,1420916.45,1544513.03
2016-01-18,1421072.85,1546043.38
2016-01-19,1421527.85,1553623.38
2016-01-20,1420783.14,1533071.28
2016-01-21,1420893.47,1538597.07
2016-01-22,1429203.67,1577945.41
2016-01-25,1425039.63,1558561.37
2016-01-26,1427602.99,1578837.27
2016-01-27,1420335.0,1568698.07
2016-01-28,1424322.63,1573192.02
2016-01-29,1430396.34,1611946.71
2016-02-01,1430998.68,1610061.33
2016-02-02,1430998.68,1582512.95
2016-02-03,1430998.68,1578389.83
2016-02-04,1430998.68,1580461.74
2016-02-05,1430998.68,1559682.62
2016-02-08,1430998.68,1545969.19
2016-02-09,1430998.68,1535469.47
2016-02-10,1430998.68,1527361.93
2016-02-11,1430998.68,1523293.63
2016-02-12,1430998.68,1547291.08
2016-02-15,1430998.68,1562130.78
2016-02-16,1430998.68,1567912.85
2016-02-17,1430998.68,1591066.63
2016-02-18,1430998.68,1587318.56
2016-02-19,1430998.68,1582817.03
2016-02-22,1430998.68,1600524.81
2016-02-23,1430998.68,1585923.46
2016-02-24,1430998.68,1590190.7
2016-02-25,1430998.68,1610820.38
2016-02-26,1430998.68,1610260.09
2016-02-29,1430998.68,1600397.59
2016-03-01,1430970.46,1634603.75
2016-03-02,1433016.69,1639611.58
2016-03-03,1437392.59,1648946.81
2016-03-04,1437235.17,1655856.15
2016-03-07,1439203.84,1651987.81
2016-03-08,1438140.19,1637003.1
2016-03-09,1435952.26,1642890.38
2016-03-10,1439970.55,1640318.72
2016-03-11,1435365.0,1661560.13
2016-03-14,1432023.07,1659044.42
2016-03-15,1431258.59,1651978.18
2016-03-16,1437279.88,1664292.18
2016-03-17,1437329.77,1665887.69
2016-03-18,1436450.83,1663647.99
2016-03-21,1433804.09,1664877.98
2016-03-22,1434904.79,1669778.33
2016-03-23,1428843.76,1654745.43
2016-03-24,1427680.49,1651345.87
2016-03-28,1428977.52,1656086.65
2016-03-29,1432834.43,1667871.25
2016-03-30,1429995.86,1669956.78
2016-03-31,1431133.73,1662576.06
2016-04-01,1428851.0,1653771.45
2016-04-04,1424968.94,1648521.54
2016-04-05,1423245.34,1632033.64
2016-04-06,1429498.87,1648128.64
2016-04-07,1425096.51,1632878.87
2016-04-08,1426009.94,1645696.96
2016-04-11,1428191.45,1645351.47
2016-04-12,1432526.44,1661955.23
2016-04-13,1436091.35,1683803.3
2016-04-14,1433350.36,1683387.68
2016-04-15,1433220.45,1678402.06
2016-04-18,1435932.45,1683656.33
2016-04-19,1439906.91,1698982.83
2016-04-20,1439244.78,1702201.81
2016-04-21,1438722.66,1698589.89
2016-04-22,1430461.08,1697032.85
2016-04-25,1431247.76,1689996.71
2016-04-26,1431502.78,1691989.48
2016-04-27,1430318.24,1692466.62
2016-04-28,1428814.83,1662970.45
2016-04-29,1431882.59,1658250.58
2016-05-02,1436034.98,1670338.07
2016-05-03,1432987.7,1654847.27
2016-05-04,1430343.93,1644756.79
2016-05-05,1429143.42,1646828.21
2016-05-06,1432385.97,1654665.24
2016-05-09,1427150.53,1651306.9
2016-05-10,1431090.39,1673780.77
2016-05-11,1431165.62,1661942.82
2016-05-12,1428870.0,1660939.52
2016-05-13,1427705.78,1651893.04
2016-05-16,1430952.92,1669217.4
2016-05-17,1429280.13,1659117.44
2016-05-18,1424926.5,1659194.45
2016-05-19,1423059.19,1649045.05
2016-05-20,1423890.2,1660301.59
2016-05-23,1422945.12,1653591.51
2016-05-24,1421018.43,1668747.28
2016-05-25,1422831.52,1678182.53
2016-05-26,1422210.58,1676256.56
2016-05-27,1421286.87,1678130.73
2016-05-30,1421194.94,1681895.38
2016-05-31,1421634.28,1680372.3
2016-06-01,1421324.62,1673755.55
2016-06-02,1421504.82,1670712.25
2016-06-03,1427935.83,1673722.87
2016-06-06,1430690.7,1685361.03
2016-06-07,1430175.17,1685841.15
2016-06-08,1436232.97,1695872.8
2016-06-09,1435590.63,1688538.07
2016-06-10,1431382.76,1669491.22
2016-06-13,1428707.45,1655672.11
2016-06-14,1428461.72,1647573.54
2016-06-15,1429390.55,1652170.67
2016-06-16,1428361.72,1645437.84
2016-06-17,1427631.38,1647915.59
2016-06-20,1428999.27,1661352.94
2016-06-21,1426285.97,1668643.45
2016-06-22,1423804.33,1663178.29
2016-06-23,1432658.23,1690265.14
2016-06-24,1421587.0,1633434.69
2016-06-27,1412831.12,1622463.93
2016-06-28,1421618.92,1649444.5
2016-06-29,1431940.16,1673133.25
2016-06-30,1440698.68,1694612.14
2016-07-01,1446808.9,1699273.89
2016-07-04,1447895.0,1703952.96
2016-07-05,1445741.61,1694747.04
2016-07-06,1449922.11,1698293.87
2016-07-07,1449174.05,1696337.47
2016-07-08,1461789.06,1712064.51
2016-07-11,1465210.91,1732669.19
2016-07-12,1464451.82,1741245.86
2016-07-13,1467033.83,1740537.53
2016-07-14,1467473.03,1745089.72
2016-07-15,1467161.74,1744825.01
2016-07-18,1469295.46,1749154.98
2016-07-19,1469294.85,1748838.78
2016-07-20,1469240.45,1753951.56
2016-07-21,1471188.93,1749881.46
2016-07-22,1473583.13,1754155.99
2016-07-25,1470516.4,1749218.06
2016-07-26,1472698.61,1748547.09
2016-07-27,1479066.02,1760490.38
2016-07-28,1479475.84,1760130.5
2016-07-29,1483657.72,1759371.13
2016-08-01,1482834.73,1761200.79
2016-08-02,1480522.78,1751124.75
2016-08-03,1479966.67,1749835.87
2016-08-04,1486743.88,1761661.52
2016-08-05,1488244.16,1767312.19
2016-08-08,1488658.44,1772809.95
2016-08-09,1491812.73,1777183.89
2016-08-10,1492085.52,1777402.31
2016-08-11,1495288.0,1785568.72
2016-08-12,1494646.54,1783438.82
2016-08-15,1499192.66,1790355.89
2016-08-16,1495419.13,1779168.86
2016-08-17,1497414.98,1783347.44
2016-08-18,1496794.33,1780145.17
2016-08-19,1493609.9,1775173.84
2016-08-22,1492214.53,1775019.03
2016-08-23,1494056.66,1777193.01
2016-08-24,1486458.09,1768530.26
2016-08-25,1483972.16,1764131.64
2016-08-26,1483197.48,1765070.89
2016-08-29,1486591.11,1771982.35
2016-08-30,1482865.03,1770242.87
2016-08-31,1479199.91,1767075.56
2016-09-01,1480405.46,1769613.07
2016-09-02,1490743.74,1785257.53
2016-09-05,1490235.81,1782738.81
2016-09-06,1496236.39,1788181.12
2016-09-07,1495371.95,1787464.61
2016-09-08,1492278.42,1784564.84
2016-09-09,1470073.67,1753614.7
2016-09-12,1481292.73,1766736.49
2016-09-13,1468030.53,1748284.99
2016-09-14,1469531.47,1746723.59
2016-09-15,1479071.41,1758794.15
2016-09-16,1476041.23,1752209.58
2016-09-19,1478067.53,1754138.35
2016-09-20,1480602.42,1758976.25
2016-09-21,1492540.38,1776463.2
2016-09-22,1499429.64,1790226.99
2016-09-23,1495437.52,1781922.93
2016-09-26,1487121.52,1765715.62
2016-09-27,1489633.98,1773086.19
2016-09-28,1494145.72,1777054.34
2016-09-29,1487832.12,1769282.69
2016-09-30,1492166.68,1775106.64
2016-10-03,1492771.24,1776973.21
2016-10-04,1484522.46,1769840.8
2016-10-05,1486560.28,1776752.01
2016-10-06,1483172.71,1772441.09
2016-10-07,1482757.12,1768791.1
2016-10-10,1488263.96,1779066.46
2016-10-11,1478674.81,1765754.39
2016-10-12,1476842.19,1765616.02
2016-10-13,1473978.49,1758184.97
2016-10-14,1473672.47,1760020.44
2016-10-17,1470249.43,1754977.42
2016-10-18,1478760.4,1767553.06
2016-10-19,1481620.58,1771586.45
2016-10-20,1479859.53,1775322.23
2016-10-21,1481577.5,1777023.28
2016-10-24,1484191.11,1782012.78
2016-10-25,1485378.28,1783592.37
2016-10-26,1478128.18,1775195.2
2016-10-27,1478215.94,1777407.3
2016-10-28,1476065.23,1773467.74
2016-10-31,1474967.66,1772225.08
2016-11-01,1471579.68,1765037.95
2016-11-02,1463606.08,1755474.27
2016-11-03,1455840.07,1746159.59
2016-11-04,1448182.67,1736975.17
2016-11-07,1470801.18,1764104.2
2016-11-08,1474544.54,1768594.05
2016-11-09,1480483.26,1775717.05
2016-11-10,1474081.9,1768039.15
2016-11-11,1460827.98,1752142.17
2016-11-14,1462827.57,1754540.52
2016-11-15,1474640.67,1768709.35
2016-11-16,1471599.88,1765062.17
2016-11-17,1479596.88,1774653.92
2016-11-18,1473404.57,1767226.75
2016-11-21,1483615.03,1779473.35
2016-11-22,1487623.86,1784281.62
2016-11-23,1483689.85,1779563.1
2016-11-24,1483508.02,1779345.0
2016-11-25,1484030.95,1779972.22
2016-11-28,1480394.32,1775610.38
2016-11-29,1481077.31,1776429.58
2016-11-30,1476595.56,1771054.08
2016-12-01,1465731.61,1758076.19
2016-12-02,1464862.97,1758170.46
2016-12-05,1471299.88,1763787.01
2016-12-06,1476259.84,1769498.47
2016-12-07,1491998.46,1790048.59
2016-12-08,1496716.8,1794396.04
2016-12-09,1508745.0,1805464.5
2016-12-12,1501143.4,1797399.69
2016-12-13,1513761.28,1811133.82
2016-12-14,1510227.28,1802008.52
2016-12-15,1516584.54,1804926.68
2016-12-16,1512708.96,1802452.72
2016-12-19,1515907.97,1807494.22
2016-12-20,1521899.2,1812540.02
2016-12-21,1518856.02,1808562.5
2016-12-22,1517402.16,1806140.57
2016-12-23,1518885.02,1809486.3
2016-12-26,1518885.02,1809365.34
2016-12-27,1521111.18,1813902.82
2016-12-28,1515048.34,1807661.15
2016-12-29,1510573.24,1807999.63
2016-12-30,1507397.46,1801405.55
2017-01-02,1507397.46,1801114.87
2017-01-03,1519755.34,1817998.48
2017-01-04,1528995.95,1831785.92
2017-01-05,1527309.64,1834457.22
2017-01-06,1534521.1,1840641.68
2017-01-09,1532994.92,1841868.59
2017-01-10,1532878.25,1842840.53
2017-01-11,1536453.08,1849423.88
2017-01-12,1533632.23,1846906.81
2017-01-13,1537134.82,1851449.66
2017-01-16,1532745.51,1847948.11
2017-01-17,1521961.31,1838625.91
2017-01-18,1528858.7,1843310.47
2017-01-19,1526194.64,1840252.45
2017-01-20,1528933.08,1845597.24
2017-01-23,1523323.38,1841004.65
2017-01-24,1529951.32,1846512.29
2017-01-25,1538323.15,1854099.39
2017-01-26,1542433.92,1855155.91
2017-01-27,1542578.38,1856150.78
2017-01-30,1531908.92,1845092.7
2017-01-31,1528042.89,1845068.3
2017-02-01,1532399.93,1849738.05
2017-02-02,1532571.57,1851458.92
2017-02-03,1537156.67,1858691.38
2017-02-06,1533379.98,1858135.11
2017-02-07,1535517.51,1860339.71
2017-02-08,1536896.51,1864362.66
2017-02-09,1544921.43,1870089.3
2017-02-10,1551382.97,1880035.76
2017-02-13,1557668.01,1885430.26
2017-02-14,1559942.11,1888877.34
2017-02-15,1563630.09,1894734.83
2017-02-16,1559251.15,1891122.51
2017-02-17,1560480.29,1891351.52
2017-02-20,1563620.02,1895978.18
2017-02-21,1567562.63,1900081.91
2017-02-22,1566579.72,1899502.39
2017-02-23,1563297.73,1899345.1
2017-02-24,1561436.69,1899452.5
2017-02-27,1563496.38,1900833.97
2017-02-28,1560487.25,1894938.36
2017-03-01,1580094.57,1919113.44
2017-03-02,1576267.35,1910804.69
2017-03-03,1574830.44,1908874.13
2017-03-06,1571851.37,1902589.81
2017-03-07,1568296.53,1895222.87
2017-03-08,1567028.52,1891276.52
2017-03-09,1569403.67,1891448.61
2017-03-10,1575530.69,1900261.37
2017-03-13,1579084.53,1903881.11
2017-03-14,1574554.04,1897836.67
2017-03-15,1579086.53,1909650.3
2017-03-16,1579263.88,1911711.09
2017-03-17,1578219.21,1911323.58
2017-03-20,1577321.49,1911930.83
2017-03-21,1560967.45,1895637.31
2017-03-22,1561646.37,1896455.7
2017-03-23,1560864.32,1895383.62
2017-03-24,1564407.19,1898996.55
2017-03-27,1561342.28,1898220.25
2017-03-28,1571285.91,1909446.03
2017-03-29,1570966.2,1909809.54
2017-03-30,1572292.66,1908699.11
2017-03-31,1566437.26,1903197.01
2017-04-03,1565310.07,1903857.45
2017-04-04,1565619.03,1904245.36
2017-04-05,1560016.1,1898235.22
2017-04-06,1559785.63,1895940.34
2017-04-07,1562838.72,1900520.55
2017-04-10,1561870.22,1899802.25
2017-04-11,1559706.35,1903267.97
2017-04-12,1552769.8,1898107.82
2017-04-13,1545786.34,1889598.35
2017-04-17,1552878.23,1897004.01
2017-04-18,1541651.54,1885121.09
2017-04-19,1541681.14,1882357.29
2017-04-20,1550292.64,1893268.88
2017-04-21,1549867.89,1893824.59
2017-04-24,1568052.52,1913940.09
2017-04-25,1577533.62,1921366.98
2017-04-26,1576611.24,1921420.34
2017-04-27,1578790.59,1923014.81
2017-04-28,1576382.54,1921331.0
2017-05-01,1582466.24,1925294.91
2017-05-02,1586997.55,1930760.41
2017-05-03,1587592.35,1925853.5
2017-05-04,1588040.96,1923327.73
2017-05-05,1594711.4,1931215.03
2017-05-08,1598361.49,1935651.23
2017-05-09,1602034.5,1938722.35
2017-05-10,1604081.14,1939392.9
2017-05-11,1602113.55,1939320.91
2017-05-12,1603103.61,1941596.91
2017-05-15,1609228.56,1949980.81
2017-05-16,1611060.05,1955980.91
2017-05-17,1587627.3,1932860.3
2017-05-18,1594404.72,1937475.07
2017-05-19,1599931.15,1946432.47
2017-05-22,1605367.97,1955353.28
2017-05-23,1607435.0,1954120.35
2017-05-24,1609505.94,1958776.67
2017-05-25,1615501.83,1965246.1
2017-05-26,1615064.69,1968395.13
2017-05-29,1615116.27,1968424.27
2017-05-30,1613019.35,1964488.99
2017-05-31,1613295.22,1966783.06
2017-06-01,1623188.05,1977645.54
2017-06-02,1635657.12,1992837.5
2017-06-05,1634387.1,1991290.15
2017-06-06,1631000.3,1987163.76
2017-06-07,1630108.1,1986076.74
2017-06-08,1628805.28,1984489.41
2017-06-09,1617559.8,1970788.24
2017-06-12,1614376.98,1966910.39
2017-06-13,1619827.8,1973551.51
2017-06-14,1615056.2,1967737.93
2017-06-15,1608482.91,1959729.23
2017-06-16,1610928.21,1962708.51
2017-06-19,1620950.97,1974919.95
2017-06-20,1614592.44,1967172.9
2017-06-21,1616801.31,1969864.12
2017-06-22,1616202.72,1969134.82
2017-06-23,1619382.32,1973008.75
2017-06-26,1616841.38,1969912.95
2017-06-27,1607386.26,1958393.1
2017-06-28,1615371.09,1968121.58
2017-06-29,1599123.36,1948325.82
2017-06-30,1599459.58,1948735.46
2017-07-03,1597966.13,1946961.44
2017-07-04,1591757.49,1940437.53
2017-07-05,1598355.68,1948441.21
2017-07-06,1587157.85,1933594.99
2017-07-07,1596480.46,1941704.95
2017-07-10,1599677.21,1945963.65
2017-07-11,1600636.39,1948481.01
2017-07-12,1608083.59,1957490.62
2017-07-13,1610814.64,1960780.85
2017-07-14,1612492.89,1966391.47
2017-07-17,1612644.49,1967912.4
2017-07-18,1614279.61,1973044.19
2017-07-19,1620083.76,1979700.59
2017-07-20,1624367.52,1985756.99
2017-07-21,1620471.8,1984541.48
2017-07-24,1618702.64,1981941.91
2017-07-25,1622285.43,1984154.4
2017-07-26,1622694.78,1988946.73
2017-07-27,1619901.5,1985475.64
2017-07-28,1615440.59,1982973.65
2017-07-31,1613938.62,1980515.98
2017-08-01,1618718.09,1986442.42
2017-08-02,1619073.61,1986878.71
2017-08-03,1619067.94,1986871.74
2017-08-04,1621284.81,1989592.22
2017-08-07,1624487.48,1993522.44
2017-08-08,1621528.17,1989890.86
2017-08-09,1621325.6,1989642.27
2017-08-10,1599592.49,1962972.06
2017-08-11,1600021.77,1963498.86
2017-08-14,1611198.31,1977214.37
2017-08-15,1613154.44,1979614.87
2017-08-16,1618173.13,1985773.67
2017-08-17,1600438.96,1964010.81
2017-08-18,1596733.64,1959463.76
2017-08-21,1597276.06,1960129.4
2017-08-22,1608356.85,1973727.42
2017-08-23,1606534.02,1971490.5
2017-08-24,1604784.41,1969343.42
2017-08-25,1606452.76,1971390.77
2017-08-28,1614311.14,1981034.34
2017-08-29,1612505.99,1978819.11
2017-08-30,1619255.48,1987101.89
2017-08-31,1631960.58,2002693.21
2017-09-01,1634226.42,2005473.77
2017-09-04,1630952.89,2001456.6
2017-09-05,1622648.7,1991265.95
2017-09-06,1625772.24,1995099.06
2017-09-07,1630468.7,2000862.41
2017-09-08,1623052.45,1991761.41
2017-09-11,1635342.07,2006842.87
2017-09-12,1639985.2,2012540.79
2017-09-13,1638143.6,2010280.82
2017-09-14,1634996.34,2006418.6
2017-09-15,1630876.1,2001362.37
2017-09-18,1632573.61,2003445.5
2017-09-19,1637394.86,2009361.99
2017-09-20,1636438.16,2008187.95
2017-09-21,1629663.61,1999874.43
2017-09-22,1632283.05,2003088.93
2017-09-25,1630068.56,2000371.38
2017-09-26,1627719.56,1997488.76
2017-09-27,1631620.03,2002275.29
2017-09-28,1631633.36,2002291.65
2017-09-29,1636244.78,2007950.65
2017-10-02,1639690.34,2012178.93
2017-10-03,1646247.83,2020226.09
2017-10-04,1647419.73,2021664.21
2017-10-05,1653581.55,2029225.82
2017-10-06,1655533.95,2031621.74
2017-10-09,1655183.4,2031191.56
2017-10-10,1662899.8,2040660.89
2017-10-11,1666581.13,2045178.5
2017-10-12,1666059.4,2044538.26
2017-10-13,1674859.22,2055337.13
2017-10-16,1675831.5,2056530.29
2017-10-17,1674275.29,2054620.55
2017-10-18,1674117.87,2054427.37
2017-10-19,1673600.14,2053792.03
2017-10-20,1676687.64,2057580.92
2017-10-23,1674223.58,2054557.09
2017-10-24,1678469.04,2059767.0
2017-10-25,1670345.14,2049797.59
2017-10-26,1670209.75,2049631.44
2017-10-27,1688286.1,2071814.19
2017-10-30,1685086.51,2067887.76
2017-10-31,1690660.7,2074728.24
2017-11-01,1696550.44,2081955.95
2017-11-02,1700906.53,2087301.61
2017-11-03,1703868.41,2090936.35
2017-11-06,1707743.93,2095692.26
2017-11-07,1709020.04,2097258.27
2017-11-08,1714114.54,2103510.08
2017-11-09,1705715.57,2093203.13
2017-11-10,1697757.82,2083437.61
2017-11-13,1697374.73,2082967.49
2017-11-14,1694101.94,2078951.22
2017-11-15,1684939.13,2067706.9
2017-11-16,1700346.85,2086614.79
2017-11-17,1697364.86,2082955.38
2017-11-20,1696759.11,2082212.02
2017-11-21,1707047.59,2094837.74
2017-11-22,1706096.99,2093671.2
2017-11-23,1705863.09,2093384.15
2017-11-24,1711170.38,2099897.11
2017-11-27,1708085.69,2096111.67
2017-11-28,1717340.64,2107469.06
2017-11-29,1706235.3,2093840.92
2017-11-30,1709473.45,2097814.68
2017-12-01,1706109.76,2093860.25
2017-12-04,1698937.85,2083933.57
2017-12-05,1694574.72,2078336.71
2017-12-06,1691803.33,2076546.8
2017-12-07,1695596.14,2079617.61
2017-12-08,1702819.3,2093995.17
2017-12-11,1706164.84,2101049.07
2017-12-12,1705658.05,2102069.82
2017-12-13,1705996.16,2102110.39
2017-12-14,1702392.75,2096068.92
2017-12-15,1711479.31,2109647.01
2017-12-18,1722578.81,2125833.44
2017-12-19,1716482.93,2117662.13
2017-12-20,1718343.45,2120069.99
2017-12-21,1718906.87,2123749.04
2017-12-22,1721912.19,2128173.43
2017-12-25,1721562.39,2127741.11
2017-12-26,1722139.78,2128734.79
2017-12-27,1722387.75,2130301.41
2017-12-28,1723714.39,2132070.77
2017-12-29,1721817.06,2131524.25
2018-01-01,1722870.75,2132828.67
2018-01-02,1736257.06,2149027.1
2018-01-03,1745418.53,2162652.57
2018-01-04,1756679.63,2176734.89
2018-01-05,1764338.83,2187424.9
2018-01-08,1767971.75,2191804.27
2018-01-09,1765365.01,2189663.65
2018-01-10,1762408.27,2186166.15
2018-01-11,1771339.61,2199324.74
2018-01-12,1780702.86,2211233.24
2018-01-15,1781793.38,2212257.65
2018-01-16,1777678.22,2204461.44
2018-01-17,1787441.36,2216825.32
2018-01-18,1783502.08,2210859.97
2018-01-19,1787398.09,2217292.57
2018-01-22,1795436.23,2227015.3
2018-01-23,1802898.93,2236512.56
2018-01-24,1799609.19,2227396.63
2018-01-25,1795235.34,2221155.18
2018-01-26,1807386.52,2239618.63
2018-01-29,1797758.32,2225450.7
2018-01-30,1785484.88,2205725.08
2018-01-31,1789445.58,2207748.79
2018-02-01,1788380.02,2204453.76
2018-02-02,1759359.79,2168681.85
2018-02-05,1697848.76,2092860.04
2018-02-06,1727454.4,2129353.55
2018-02-07,1712778.04,2111262.68
2018-02-08,1666859.7,2054661.26
2018-02-09,1679587.02,2070349.63
2018-02-12,1702589.56,2098703.8
2018-02-13,1699638.46,2095066.11
2018-02-14,1724085.07,2125200.33
2018-02-15,1733448.78,2136742.54
2018-02-16,1739017.5,2143606.85
2018-02-19,1737629.6,2141896.05
2018-02-20,1729258.74,2131577.67
2018-02-21,1725918.53,2127460.35
2018-02-22,1724132.92,2125259.32
2018-02-23,1744306.67,2150126.56
2018-02-26,1761862.92,2171767.35
2018-02-27,1741618.02,2146812.39
2018-02-28,1729331.18,2131666.97
2018-03-01,1702146.08,2098212.76
2018-03-02,1710123.86,2108299.42
2018-03-05,1721614.73,2123654.56
2018-03-06,1732379.77,2137713.74
2018-03-07,1725836.09,2129274.46
2018-03-08,1731142.83,2138734.93
2018-03-09,1748392.84,2161820.53
2018-03-12,1748381.17,2159431.3
2018-03-13,1741994.6,2146851.27
2018-03-14,1738906.42,2143560.91
2018-03-15,1737151.27,2142148.99
2018-03-16,1733097.7,2137953.61
2018-03-19,1716406.9,2112198.88
2018-03-20,1719019.47,2115509.5
2018-03-21,1720478.31,2114586.87
2018-03-22,1698972.51,2080833.08
2018-03-23,1674855.54,2049491.89
2018-03-26,1707419.09,2093887.66
2018-03-27,1687518.73,2068692.95
2018-03-28,1685025.86,2070861.89
2018-03-29,1699413.11,2091543.55
2018-04-02,1678960.69,2066371.85
2018-04-03,1692297.42,2081173.79
2018-04-04,1702159.39,2096817.25
2018-04-05,1710813.26,2113312.14
2018-04-06,1687770.0,2081115.95
2018-04-09,1694609.06,2091333.86
2018-04-10,1713696.22,2119619.75
2018-04-11,1709510.03,2113450.84
2018-04-12,1713541.04,2119769.49
2018-04-13,1714078.47,2120502.66
2018-04-16,1721767.96,2126508.66
2018-04-17,1732927.87,2142721.12
2018-04-18,1741454.61,2158399.81
2018-04-19,1731623.15,2147113.29
2018-04-20,1720485.05,2134516.51
2018-04-23,1720510.58,2137635.31
2018-04-24,1708525.53,2120794.91
2018-04-25,1714554.78,2128705.24
2018-04-26,1725018.52,2145052.58
2018-04-27,1722991.06,2146033.12
2018-04-30,1715685.33,2136443.89
2018-05-01,1720911.48,2145638.97
2018-05-02,1708514.59,2130182.48
2018-05-03,1711020.47,2133306.82
2018-05-04,1727714.32,2154120.78
2018-05-07,1730182.2,2157197.73
2018-05-08,1729956.86,2156916.78
2018-05-09,1741855.85,2171752.49
2018-05-10,1753090.9,2185760.39
2018-05-11,1755595.06,2188882.59
2018-05-14,1757693.07,2191498.4
2018-05-15,1742034.24,2171974.91
2018-05-16,1750329.86,2182317.91
2018-05-17,1750669.99,2182742.0
2018-05-18,1747235.6,2178459.98
2018-05-21,1757787.2,2191615.76
2018-05-22,1754500.32,2187517.67
2018-05-23,1750852.48,2182969.52
2018-05-24,1748677.34,2180257.55
2018-05-25,1744025.23,2174457.28
2018-05-28,1745716.51,2176565.97
2018-05-29,1729603.51,2156476.22
2018-05-30,1742711.65,2172819.51
2018-05-31,1739530.0,2168852.61
2018-06-01,1750065.42,2182106.95
2018-06-04,1758584.25,2192216.04
2018-06-05,1758658.14,2194126.04
2018-06-06,1768556.44,2206611.99
2018-06-07,1763958.58,2200850.11
2018-06-08,1763842.41,2201174.75
2018-06-11,1773832.49,2213487.39
2018-06-12,1772040.62,2210320.49
2018-06-13,1768553.23,2207310.2
2018-06-14,1777508.54,2219503.34
2018-06-15,1770202.96,2202676.4
2018-06-18,1759014.4,2189289.46
2018-06-19,1758662.73,2186692.54
2018-06-20,1765459.39,2193239.28
2018-06-21,1752647.29,2176594.56
2018-06-22,1760556.01,2187046.07
2018-06-25,1734307.93,2153348.22
2018-06-26,1743395.4,2161976.45
2018-06-27,1734842.25,2149561.33
2018-06-28,1743911.07,2159293.22
2018-06-29,1741969.44,2158331.37
2018-07-02,1736579.24,2148008.92
2018-07-03,1726786.56,2140335.1
2018-07-04,1728973.01,2143720.33
2018-07-05,1734882.39,2151162.2
2018-07-06,1748021.5,2166656.24
2018-07-09,1765834.82,2189916.0
2018-07-10,1755171.07,2175840.83
2018-07-11,1753627.78,2169347.38
2018-07-12,1773595.41,2195174.46
2018-07-13,1775522.28,2196067.84
2018-07-16,1769382.86,2188124.11
2018-07-17,1783889.54,2201285.44
2018-07-18,1782815.35,2200027.35
2018-07-19,1778712.7,2193569.6
2018-07-20,1772860.45,2189348.16
2018-07-23,1779599.69,2194974.59
2018-07-24,1780619.8,2196562.32
2018-07-25,1781530.2,2200523.87
2018-07-26,1784138.18,2200539.41
2018-07-27,1774168.6,2187812.33
2018-07-30,1766949.26,2178777.44
2018-07-31,1777146.48,2191853.89
2018-08-01,1773294.74,2184913.3
2018-08-02,1778168.28,2187543.04
2018-08-03,1781644.49,2193662.45
2018-08-06,1783881.72,2194694.96
2018-08-07,1790651.94,2204362.39
2018-08-08,1788924.8,2202549.09
2018-08-09,1789434.51,2202751.34
2018-08-10,1776407.36,2186377.42
2018-08-13,1771588.78,2173814.35
2018-08-14,1779433.63,2183839.58
2018-08-15,1759612.4,2152146.86
2018-08-16,1770478.33,2166010.63
2018-08-17,1772409.96,2171893.46
2018-08-20,1771137.13,2172650.87
2018-08-21,1767766.02,2170280.6
2018-08-22,1778304.04,2182866.09
2018-08-23,1777663.52,2178229.01
2018-08-24,1786922.96,2197417.99
2018-08-27,1801820.13,2217616.56
2018-08-28,1799594.53,2211823.67
2018-08-29,1805744.37,2221049.26
2018-08-30,1793795.42,2203660.5
2018-08-31,1796437.8,2207308.63
2018-09-03,1797196.57,2208165.77
2018-09-04,1791166.35,2197535.2
2018-09-05,1778134.57,2183419.38
2018-09-06,1769082.53,2173781.59
2018-09-07,1766160.97,2168266.07
2018-09-10,1769571.08,2172168.1
2018-09-11,1777333.99,2182403.99
2018-09-12,1774572.17,2182369.81
2018-09-13,1786474.48,2195535.34
2018-09-14,1789958.78,2196707.36
2018-09-17,1773508.78,2178288.5
2018-09-18,1796644.77,2207107.73
2018-09-19,1799095.64,2211751.39
2018-09-20,1808863.54,2225015.82
2018-09-21,1810216.46,2223833.02
2018-09-24,1809195.76,2222456.76
2018-09-25,1811952.82,2226551.42
2018-09-26,1811791.25,2224597.71
2018-09-27,1820279.11,2230211.99
2018-09-28,1819417.64,2232372.78
2018-10-01,1824180.15,2237055.11
2018-10-02,1819875.95,2238003.68
2018-10-03,1820574.99,2236037.51
2018-10-04,1802472.2,2214236.6
2018-10-05,1789812.87,2200105.98
2018-10-08,1781658.64,2185588.06
2018-10-09,1780923.81,2184395.71
2018-10-10,1726653.53,2119305.36
2018-10-11,1722860.1,2124372.01
2018-10-12,1729776.18,2131743.22
2018-10-15,1721059.83,2124099.27
2018-10-16,1752508.41,2162267.61
2018-10-17,1746445.57,2153822.05
2018-10-18,1725287.18,2129012.83
2018-10-19,1726107.88,2130161.39
2018-10-22,1725328.28,2127847.54
2018-10-23,1720401.24,2124754.52
2018-10-24,1678223.49,2074163.29
2018-10-25,1685492.71,2081964.32
2018-10-26,1682716.65,2079145.4
2018-10-29,1667830.66,2059574.54
2018-10-30,1693558.28,2088837.41
2018-10-31,1708660.88,2105232.72
2018-11-01,1712816.94,2116426.12
2018-11-02,1711057.44,2116172.79
2018-11-05,1709673.48,2117008.49
2018-11-06,1712027.19,2119926.08
2018-11-07,1722192.43,2153355.17
2018-11-08,1719662.09,2145454.09
2018-11-09,1713699.74,2121708.63
2018-11-12,1704130.06,2089057.68
2018-11-13,1706201.54,2095637.09
2018-11-14,1700901.2,2078367.38
2018-11-15,1705861.26,2097752.54
2018-11-16,1706982.63,2100856.1
2018-11-19,1695140.78,2072488.87
2018-11-20,1688283.44,2043689.0
2018-11-21,1691784.7,2066602.35
2018-11-22,1689639.39,2059967.35
2018-11-23,1689001.08,2050999.76
2018-11-26,1694839.23,2077209.45
2018-11-27,1698894.78,2085928.71
2018-11-28,1708437.22,2114854.46
2018-11-29,1708125.19,2113504.27
2018-11-30,1711200.69,2120838.45
2018-12-03,1715097.19,2138217.09
2018-12-04,1682339.56,2092762.69
2018-12-05,1676042.89,2078400.54
2018-12-06,1680304.87,2079149.9
2018-12-07,1656657.49,2052301.71
2018-12-10,1659440.1,2054575.78
2018-12-11,1662532.64,2061854.78
2018-12-12,1675115.57,2081297.01
2018-12-13,1670540.83,2072836.43
2018-12-14,1651635.41,2045277.73
2018-12-17,1640020.69,2030310.29
2018-12-18,1634276.89,2020577.25
2018-12-19,1618845.75,2000113.44
2018-12-20,1605305.38,1989463.88
2018-12-21,1576986.43,1947626.41
2018-12-24,1550328.24,1922207.37
2018-12-25,1551011.48,1922506.21
2018-12-26,1598232.83,1984970.48
2018-12-27,1600637.3,1984274.42
2018-12-28,1602050.06,1993028.37
2018-12-31,1603837.74,1995257.82
2019-01-01,1607961.43,2001772.68
2019-01-02,1609140.7,1972759.39
2019-01-03,1611460.95,1969992.88
2019-01-04,1608982.3,2018967.13
2019-01-07,1609895.76,2026892.55
2019-01-08,1608964.01,2043413.15
2019-01-09,1610909.83,2044769.3
2019-01-10,1609677.66,2051169.3
2019-01-11,1609548.94,2048197.4
2019-01-14,1610556.89,2040461.05
2019-01-15,1610090.15,2061411.25
2019-01-16,1610923.72,2057305.48
2019-01-17,1610760.89,2063235.44
2019-01-18,1608080.0,2088411.76
2019-01-21,1607615.38,2080889.96
2019-01-22,1608839.64,2056966.1
2019-01-23,1608637.26,2057057.03
2019-01-24,1608044.97,2060001.51
2019-01-25,1613538.63,2081145.88
2019-01-28,1613678.9,2061267.26
2019-01-29,1615376.07,2075117.84
2019-01-30,1617477.99,2105016.81
2019-01-31,1617924.74,2109063.21
2019-02-01,1617066.63,2110002.35
2019-02-04,1615640.94,2120069.01
2019-02-05,1616434.09,2133742.53
2019-02-06,1614380.62,2127738.61
2019-02-07,1615325.75,2105696.7
2019-02-08,1616261.65,2107260.15
2019-02-11,1614668.78,2108252.81
2019-02-12,1615290.15,2136501.81
2019-02-13,1614636.82,2138624.53
2019-02-14,1615699.9,2138136.65
2019-02-15,1618013.82,2155944.31
2019-02-18,1619266.81,2157293.63
2019-02-19,1622466.22,2161514.96
2019-02-20,1622725.89,2165749.01
2019-02-21,1619150.5,2153849.14
2019-02-22,1619718.7,2162731.41
2019-02-25,1619558.95,2165333.9
2019-02-26,1619982.26,2162338.3
2019-02-27,1618002.83,2159683.78
2019-02-28,1616308.68,2153152.57
2019-03-01,1611112.89,2160688.98
2019-03-04,1607346.4,2154436.77
2019-03-05,1607507.66,2156376.92
2019-03-06,1602918.48,2145076.4
2019-03-07,1597630.61,2134901.26
2019-03-08,1600034.24,2132423.06
2019-03-11,1611244.91,2155094.05
2019-03-12,1614034.17,2159848.02
2019-03-13,1621473.45,2170384.87
2019-03-14,1616765.65,2164404.1
2019-03-15,1623132.0,2178643.53
2019-03-18,1625511.27,2186789.03
2019-03-19,1625812.68,2186330.67
2019-03-20,1629388.43,2190516.66
2019-03-21,1636749.27,2206050.82
2019-03-22,1624896.51,2171323.31
2019-03-25,1626655.42,2173160.13
2019-03-26,1627646.19,2179423.24
2019-03-27,1621385.25,2167937.74
2019-03-28,1621849.87,2173970.67
2019-03-29,1625188.45,2179804.47
2019-04-01,1631719.94,2200943.41
2019-04-02,1634668.77,2201277.84
2019-04-03,1639638.34,2211235.79
2019-04-04,1639572.91,2211656.38
2019-04-05,1645410.25,2221746.83
2019-04-08,1647854.78,2222994.85
2019-04-09,1644695.25,2214810.0
2019-04-10,1650248.67,2224034.02
2019-04-11,1644845.2,2220038.27
2019-04-12,1648762.37,2230311.81
2019-04-15,1647537.67,2230272.77
2019-04-16,1646502.5,2231389.85
2019-04-17,1646606.83,2231831.89
2019-04-18,1649369.83,2235076.03
2019-04-22,1650633.01,2236687.36
2019-04-23,1658182.5,2249028.31
2019-04-24,1657191.42,2244504.96
2019-04-25,1653531.18,2238940.82
2019-04-26,1659269.52,2250144.84
2019-04-29,1656312.28,2247041.14
2019-04-30,1660340.57,2253108.5
2019-05-01,1646192.37,2229587.55
2019-05-02,1645859.83,2229137.15
2019-05-03,1661141.49,2249834.5
2019-05-06,1646236.24,2229646.97
2019-05-07,1627078.18,2203699.47
2019-05-08,1624231.13,2199843.45
2019-05-09,1620176.87,2194352.39
2019-05-10,1625906.77,2202112.92
2019-05-13,1590338.13,2153939.08
2019-05-14,1609725.58,2180197.27
2019-05-15,1615332.27,2187790.92
2019-05-16,1625114.12,2201039.36
2019-05-17,1615824.25,2188457.25
2019-05-20,1608998.56,2179212.6
2019-05-21,1617114.24,2190204.4
2019-05-22,1608163.06,2178081.0
2019-05-23,1595828.63,2161375.37
2019-05-24,1602080.52,2169842.87
2019-05-27,1604947.44,2173725.8
2019-05-28,1593463.93,2158172.64
2019-05-29,1583296.11,2144401.45
2019-05-30,1580692.06,2140874.54
2019-05-31,1573710.67,2131419.01
2019-06-03,1573428.05,2131424.24
2019-06-04,1573462.12,2163736.29
2019-06-05,1574789.37,2165933.01
2019-06-06,1575388.41,2179808.72
2019-06-07,1577119.12,2203539.41
2019-06-10,1574414.19,2209271.65
2019-06-11,1574055.8,2211198.09
2019-06-12,1575433.63,2208724.42
2019-06-13,1578013.59,2213103.97
2019-06-14,1577261.29,2211257.47
2019-06-17,1576890.9,2215515.1
2019-06-18,1578251.12,2238898.99
2019-06-19,1581170.08,2248548.92
2019-06-20,1588836.85,2265500.9
2019-06-21,1590824.42,2257752.38
2019-06-24,1596670.77,2269003.45
2019-06-25,1595139.8,2250205.7
2019-06-26,1593411.42,2251082.8
2019-06-27,1593493.87,2259820.51
2019-06-28,1593176.57,2268140.13
2019-07-01,1587484.09,2274854.16
2019-07-02,1604864.1,2299654.76
2019-07-03,1608573.19,2305817.58
2019-07-04,1609530.95,2306447.91
2019-07-05,1599289.21,2291452.71
2019-07-08,1593499.63,2281572.46
2019-07-09,1596625.53,2284422.26
2019-07-10,1607637.4,2300771.93
2019-07-11,1604018.19,2298366.61
2019-07-12,1607393.54,2301507.81
2019-07-15,1611309.06,2307646.62
2019-07-16,1606342.47,2297483.41
2019-07-17,1603764.25,2290439.57
2019-07-18,1612096.65,2298432.21
2019-07-19,1601820.69,2287040.77
2019-07-22,1607131.19,2297199.32
2019-07-23,1610162.4,2308286.96
2019-07-24,1614293.4,2315270.82
2019-07-25,1608322.94,2304476.47
2019-07-26,1614669.6,2313400.21
2019-07-29,1622059.7,2323966.96
2019-07-30,1619916.79,2317787.56
2019-07-31,1601373.24,2287595.25
2019-08-01,1599433.01,2279511.82
2019-08-02,1591005.89,2263074.84
2019-08-05,1549247.55,2185103.12
2019-08-06,1575577.34,2233203.07
2019-08-07,1583376.2,2244039.75
2019-08-08,1601753.22,2274890.98
2019-08-09,1596310.63,2261682.91
2019-08-12,1589922.67,2250118.48
2019-08-13,1602420.88,2274579.16
2019-08-14,1577738.12,2229326.72
2019-08-15,1580807.65,2235646.43
2019-08-16,1588257.32,2252010.09
2019-08-19,1593604.98,2260073.7
2019-08-20,1588953.81,2250758.86
2019-08-21,1600478.09,2271959.28
2019-08-22,1592834.41,2259090.74
2019-08-23,1579507.11,2231097.28
2019-08-26,1586980.69,2247505.17
2019-08-27,1589800.09,2251498.06
2019-08-28,1591021.96,2253602.38
2019-08-29,1601567.33,2272278.69
2019-08-30,1600498.53,2270872.27
2019-09-02,1600146.99,2268395.56
2019-09-03,1603752.75,2273617.39
2019-09-04,1613748.35,2292582.48
2019-09-05,1616053.33,2304918.05
2019-09-06,1614952.95,2303631.17
2019-09-09,1610137.66,2300192.61
2019-09-10,1607645.47,2298568.9
2019-09-11,1623769.25,2328516.89
2019-09-12,1622774.98,2329463.2
2019-09-13,1616799.4,2323969.63
2019-09-16,1617160.3,2322274.88
2019-09-17,1618366.68,2325531.24
2019-09-18,1615923.17,2323139.73
2019-09-19,1620077.55,2330586.1
2019-09-20,1617363.57,2323102.5
2019-09-23,1624113.71,2335061.11
2019-09-24,1613605.71,2317689.63
2019-09-25,1613331.06,2321451.95
2019-09-26,1614342.53,2319367.33
2019-09-27,1608781.47,2305683.58
2019-09-30,1610001.56,2309406.15
2019-10-01,1601393.47,2295217.82
2019-10-02,1577818.21,2261428.29
2019-10-03,1584537.12,2271058.25
2019-10-04,1599240.43,2292131.95
2019-10-07,1594354.12,2285128.59
2019-10-08,1583927.67,2270184.75
2019-10-09,1587162.08,2274820.51
2019-10-10,1600045.93,2293286.44
2019-10-11,1611985.39,2310398.84
2019-10-14,1614778.81,2314402.54
2019-10-15,1622709.69,2325769.57
2019-10-16,1620948.45,2323245.25
2019-10-17,1624670.28,2328579.62
2019-10-18,1618081.78,2319136.56
2019-10-21,1625270.34,2329439.66
2019-10-22,1621912.4,2324626.86
2019-10-23,1632082.12,2339202.73
2019-10-24,1636527.51,2345574.14
2019-10-25,1644419.4,2356885.3
2019-10-28,1649484.67,2364145.17
2019-10-29,1644247.42,2356638.81
2019-10-30,1651243.29,2366665.72
2019-10-31,1645703.93,2358726.37
2019-11-01,1657772.95,2376024.44
2019-11-04,1667925.4,2390575.58
2019-11-05,1662544.41,2382863.2
2019-11-06,1663040.6,2383574.37
2019-11-07,1666164.08,2388051.14
2019-11-08,1662833.78,2383277.94
2019-11-11,1656954.21,2374850.98
2019-11-12,1661067.78,2380746.81
2019-11-13,1660656.48,2380157.29
2019-11-14,1659014.43,2377803.82
2019-11-15,1666310.5,2388260.99
2019-11-18,1666637.34,2388729.45
2019-11-19,1663461.45,2384177.57
2019-11-20,1655760.21,2373139.66
2019-11-21,1653657.37,2370125.73
2019-11-22,1660714.37,2380240.27
2019-11-25,1671662.92,2395932.43
2019-11-26,1675580.58,2401547.47
2019-11-27,1676155.27,2402371.14
2019-11-28,1678207.97,2405313.2
2019-11-29,1672708.53,2397431.06
2019-12-02,1660345.22,2379711.18
2019-12-03,1654428.37,2371230.79
2019-12-04,1658981.73,2377756.95
2019-12-05,1659283.67,2378189.7
2019-12-06,1668907.76,2391983.56
2019-12-09,1664005.49,2384957.32
2019-12-10,1664378.37,2385491.75
2019-12-11,1671383.84,2395532.43
2019-12-12,1689177.79,2421035.84
2019-12-13,1691568.41,2424462.23
2019-12-16,1705219.81,2444028.27
2019-12-17,1704611.25,2443156.04
2019-12-18,1705488.45,2444413.3
2019-12-19,1711018.52,2452339.35
2019-12-20,1713081.76,2455296.5
2019-12-23,1717991.73,2462333.79
2019-12-24,1721248.24,2467001.22
2019-12-25,1720645.69,2466137.61
2019-12-26,1731937.0,2482321.03
2019-12-27,1727277.81,2475643.18
2019-12-30,1717263.38,2461289.87
2019-12-31,1718711.62,2463365.59
2020-01-01,1721499.33,2467361.1
2020-01-02,1737040.72,2489636.0
2020-01-03,1728970.69,2478069.52
2020-01-06,1733242.58,2484192.26
2020-01-07,1727075.64,2475353.42
2020-01-08,1742505.1,2497467.89
2020-01-09,1750011.28,2508226.22
2020-01-10,1746241.95,2502823.78
2020-01-13,1757085.91,2518366.02
2020-01-14,1751875.99,2510898.85
2020-01-15,1758614.63,2520557.08
2020-01-16,1764851.77,2529496.54
2020-01-17,1769672.49,2536405.9
2020-01-20,1768406.06,2534590.78
2020-01-21,1761397.92,2524546.26
2020-01-22,1760296.75,2522968.0
2020-01-23,1766117.82,2531311.13
2020-01-24,1756724.92,2517848.64
2020-01-27,1733492.73,2484550.79
2020-01-28,1743662.05,2499126.1
2020-01-29,1745652.78,2501979.34
2020-01-30,1746672.86,2503441.39
2020-01-31,1721209.96,2466946.35
2020-02-03,1728326.12,2477277.96
2020-02-04,1744964.18,2507734.66
2020-02-05,1756274.54,2529267.11
2020-02-06,1767463.13,2547125.36
2020-02-07,1759933.5,2531659.57
2020-02-10,1767895.31,2543956.16
2020-02-11,1770313.07,2550174.44
2020-02-12,1772850.24,2554695.26
2020-02-13,1773573.93,2550669.27
2020-02-14,1774849.68,2550247.7
2020-02-17,1771210.41,2544965.53
2020-02-18,1776032.08,2552352.3
2020-02-19,1787806.12,2572308.26
2020-02-20,1776539.47,2553883.15
2020-02-21,1772513.15,2546504.44
2020-02-24,1739343.68,2481063.43
2020-02-25,1717963.67,2438921.2
2020-02-26,1708838.19,2420998.48
2020-02-27,1664632.91,2342076.92
2020-02-28,1649787.92,2318824.89
2020-03-02,1689240.31,2381188.11
2020-03-03,1679082.42,2342149.22
2020-03-04,1702709.68,2400363.32
2020-03-05,1694765.71,2365785.61
2020-03-06,1680368.29,2322201.71
2020-03-09,1644554.84,2209941.34
2020-03-10,1649447.76,2230119.79
2020-03-11,1627814.59,2168115.31
2020-03-12,1543804.19,1969179.45
2020-03-13,1602052.45,2103127.97
2020-03-16,1536507.06,1940392.39
2020-03-17,1541364.17,1959473.26
2020-03-18,1545584.0,1966838.25
2020-03-19,1521893.18,1944292.96
2020-03-20,1509172.56,1913821.45
2020-03-23,1522857.58,1943462.03
2020-03-24,1576343.74,2065796.4
2020-03-25,1577714.21,2084077.29
2020-03-26,1617823.14,2158549.17
2020-03-27,1592989.65,2086545.77
2020-03-30,1614618.1,2134464.47
2020-03-31,1591271.87,2086561.27
2020-04-01,1576546.65,2040873.38
2020-04-02,1580780.75,2063452.31
2020-04-03,1581841.41,2044817.5
2020-04-06,1590680.05,2168033.21
2020-04-07,1587729.53,2157252.2
2020-04-08,1587612.69,2197267.99
2020-04-09,1594620.76,2226343.12
2020-04-13,1601010.62,2231706.74
2020-04-14,1602525.2,2264780.83
2020-04-15,1600713.62,2216382.25
2020-04-16,1600707.09,2283145.74
2020-04-17,1594638.46,2271673.74
2020-04-20,1596093.35,2251505.33
2020-04-21,1595449.05,2210113.62
2020-04-22,1599991.78,2242340.71
2020-04-23,1603080.85,2241164.37
2020-04-24,1603255.22,2270014.24
2020-04-27,1599631.14,2286370.41
2020-04-28,1598753.27,2293647.9
2020-04-29,1600384.78,2347503.9
2020-04-30,1595613.78,2285699.81
2020-05-01,1597889.09,2257155.94
2020-05-04,1602398.12,2267116.39
2020-05-05,1607229.09,2286006.66
2020-05-06,1604898.63,2270692.9
2020-05-07,1615779.43,2317808.19
2020-05-08,1616196.07,2333839.75
2020-05-11,1617403.07,2335995.68
2020-05-12,1609173.63,2296739.05
2020-05-13,1612057.89,2298995.3
2020-05-14,1618200.07,2309182.74
2020-05-15,1619550.9,2309556.51
2020-05-18,1626947.75,2370227.25
2020-05-19,1628042.22,2352950.15
2020-05-20,1634106.15,2382928.79
2020-05-21,1627313.7,2365829.65
2020-05-22,1628975.58,2366490.43
2020-05-25,1631136.56,2389127.32
2020-05-26,1624568.0,2385584.43
2020-05-27,1625829.1,2416288.37
2020-05-28,1627058.68,2415321.4
2020-05-29,1633987.61,2429113.25
2020-06-01,1635827.72,2439503.0
2020-06-02,1650674.52,2468410.29
2020-06-03,1652502.77,2482188.93
2020-06-04,1646495.05,2468430.88
2020-06-05,1663329.14,2503261.15
2020-06-08,1671973.94,2519286.63
2020-06-09,1674814.32,2512439.41
2020-06-10,1673514.22,2502806.43
2020-06-11,1633277.61,2424069.01
2020-06-12,1637446.87,2438969.56
2020-06-15,1649851.07,2461533.31
2020-06-16,1663623.27,2488371.29
2020-06-17,1657111.9,2473856.04
2020-06-18,1663628.11,2486486.65
2020-06-19,1655576.08,2473921.34
2020-06-22,1676744.19,2510792.54
2020-06-23,1677676.66,2509728.81
2020-06-24,1657136.76,2465970.94
2020-06-25,1669188.47,2492471.29
2020-06-26,1653029.85,2462660.92
2020-06-29,1664217.51,2488381.84
2020-06-30,1672365.28,2494128.16
2020-07-01,1673900.74,2496337.05
2020-07-02,1682059.99,2514143.65
2020-07-03,1679137.23,2504389.52
2020-07-06,1704337.67,2552012.43
2020-07-07,1696815.31,2529770.42
2020-07-08,1707387.33,2548076.64
2020-07-09,1706968.01,2537907.31
2020-07-10,1713029.23,2551444.96
2020-07-13,1704676.21,2537510.95
2020-07-14,1717612.19,2566815.41
2020-07-15,1718383.3,2572856.61
2020-07-16,1709750.75,2557551.75
2020-07-17,1712975.2,2564931.7
2020-07-20,1730083.06,2587837.01
2020-07-21,1733445.99,2592346.64
2020-07-22,1736272.11,2591969.68
2020-07-23,1726846.19,2575707.06
2020-07-24,1718638.51,2558211.14
2020-07-27,1746869.09,2602110.64
2020-07-28,1736395.18,2584942.66
2020-07-29,1745346.66,2600917.56
2020-07-30,1748939.33,2598005.1
2020-07-31,1746616.58,2582016.13
2020-08-03,1760475.44,2612578.3
2020-08-04,1774140.16,2634808.24
2020-08-05,1777603.85,2642657.56
2020-08-06,1789892.97,2658337.53
2020-08-07,1780701.92,2645626.07
2020-08-10,1780322.1,2646773.67
2020-08-11,1755865.26,2616378.92
2020-08-12,1775390.2,2654459.6
2020-08-13,1786768.07,2666929.54
2020-08-14,1778188.11,2643859.16
2020-08-17,1792323.32,2669559.09
2020-08-18,1798468.21,2673861.75
2020-08-19,1777765.57,2642054.93
2020-08-20,1792234.48,2660599.35
2020-08-21,1790217.88,2656598.69
2020-08-24,1800850.11,2681771.16
2020-08-25,1805023.55,2682270.74
2020-08-26,1820711.86,2705292.52
2020-08-27,1816267.46,2695606.38
2020-08-28,1820021.86,2697884.04
2020-08-31,1826410.82,2707354.62
2020-09-01,1841321.73,2720647.52
2020-09-02,1847721.67,2737826.59
2020-09-03,1796570.49,2644388.39
2020-09-04,1796192.48,2649256.55
2020-09-07,1798653.49,2663210.65
2020-09-08,1765954.95,2609545.19
2020-09-09,1795600.33,2665396.99
2020-09-10,1780369.11,2638319.11
2020-09-11,1776402.4,2636040.85
2020-09-14,1793871.35,2662681.49
2020-09-15,1799088.53,2675469.58
2020-09-16,1793894.38,2667307.4
2020-09-17,1780644.15,2644842.99
2020-09-18,1772369.24,2629652.61
2020-09-21,1760742.68,2597997.76
2020-09-22,1768134.55,2612059.93
2020-09-23,1737410.49,2562980.36
2020-09-24,1750790.97,2584010.62
2020-09-25,1760465.38,2600056.93
2020-09-28,1782417.81,2639817.39
2020-09-29,1781358.68,2634126.06
2020-09-30,1783288.94,2633268.72
2020-10-01,1790585.59,2643900.33
2020-10-02,1774500.61,2622783.82
2020-10-05,1791726.56,2652849.85
2020-10-06,1773567.06,2622384.29
2020-10-07,1793157.72,2655906.09
2020-10-08,1804729.01,2678013.82
2020-10-09,1815658.57,2692824.78
2020-10-12,1833621.73,2721509.69
2020-10-13,1823558.32,2702836.14
2020-10-14,1817612.3,2687448.29
2020-10-15,1816950.78,2683353.13
2020-10-16,1810229.82,2675326.77
2020-10-19,1807121.96,2668930.47
2020-10-20,1809001.68,2673554.93
2020-10-21,1804114.99,2652846.7
2020-10-22,1806581.93,2661531.02
2020-10-23,1805972.7,2666108.37
2020-10-26,1792264.32,2639126.11
2020-10-27,1790996.62,2629528.43
2020-10-28,1763105.74,2575357.94
2020-10-29,1763163.89,2578440.42
2020-10-30,1758491.71,2572058.94
2020-11-02,1770784.79,2597070.64
2020-11-03,1794140.1,2644666.38
2020-11-04,1814584.36,2677200.78
2020-11-05,1841108.67,2719907.11
2020-11-06,1846032.45,2729255.28
2020-11-09,1842265.41,2747210.06
2020-11-10,1833493.58,2743672.67
2020-11-11,1847667.33,2772206.45
2020-11-12,1843907.29,2760184.29
2020-11-13,1857448.1,2786384.64
2020-11-16,1872247.48,2814538.32
2020-11-17,1863825.43,2797235.45
2020-11-18,1849994.3,2773025.36
2020-11-19,1846283.2,2767697.38
2020-11-20,1848671.98,2773798.02
2020-11-23,1852999.44,2781456.13
2020-11-24,1866264.61,2809485.81
2020-11-25,1862950.8,2798746.51
2020-11-26,1864178.34,2796105.79
2020-11-27,1869326.56,2810077.65
2020-11-30,1867700.02,2794966.66
2020-12-01,1883114.31,2828295.04
2020-12-02,1890177.58,2838903.53
2020-12-03,1894542.56,2845459.41
2020-12-04,1903970.87,2859620.01
2020-12-07,1901543.59,2855974.43
2020-12-08,1912115.82,2871853.11
2020-12-09,1895177.83,2846413.54
2020-12-10,1899767.24,2853306.49
2020-12-11,1893929.6,2844538.79
2020-12-14,1891700.05,2841190.18
2020-12-15,1908288.69,2866105.05
2020-12-16,1915599.24,2877084.95
2020-12-17,1922006.71,2886708.48
2020-12-18,1920338.4,2884202.81
2020-12-21,1906336.88,2863173.58
2020-12-22,1906715.01,2863741.5
2020-12-23,1910892.08,2870015.15
2020-12-24,1914114.3,2874854.67
2020-12-28,1926287.15,2893137.37
2020-12-29,1938786.23,2911910.04
2020-12-30,1937913.27,2910598.93
2020-12-31,1937940.91,2910640.44
2021-01-04,1935470.29,2906929.75
2021-01-05,1946624.84,2923683.04
2021-01-06,1958619.84,2941698.62
2021-01-07,1976171.87,2968060.45
2021-01-08,1981469.51,2976017.11
2021-01-11,1962986.99,2948257.76
2021-01-12,1963992.12,2949767.39
2021-01-13,1967613.37,2955206.23
2021-01-14,1973589.56,2964182.02
2021-01-15,1948127.86,2925940.48
2021-01-18,1956772.22,2938923.65
2021-01-19,1973606.09,2964206.84
2021-01-20,1991750.15,2991457.85
2021-01-21,1989339.33,2987836.97
2021-01-22,1983208.67,2978629.18
2021-01-25,1987304.91,2984781.43
2021-01-26,1988570.8,2986682.7
2021-01-27,1932349.22,2902242.14
2021-01-28,1952029.31,2931800.15
2021-01-29,1922356.47,2887233.8
2021-02-01,1957523.99,2940052.74
2021-02-02,1971474.59,2961005.49
2021-02-03,1971554.67,2961125.76
2021-02-04,1968843.17,2957053.3
2021-02-05,1978166.29,2971055.93
2021-02-08,1997986.81,3000824.83
2021-02-09,1998399.62,3001444.85
2021-02-10,1995794.36,2997531.95
2021-02-11,2000219.98,3004178.88
2021-02-12,2009391.28,3017953.49
2021-02-15,2027246.66,3044770.91
2021-02-16,2014580.53,3025747.35
2021-02-17,2011804.29,3021577.65
2021-02-18,1993816.89,2994561.94
2021-02-19,1996100.91,2997992.37
2021-02-22,1987022.42,2984357.16
2021-02-23,1985752.1,2982449.22
2021-02-24,2002267.65,3007254.33
2021-02-25,1953502.69,2934013.05
2021-02-26,1936438.25,2908383.56
2021-03-01,1974057.33,2964948.47
2021-03-02,1961041.64,2949364.89
2021-03-03,1930836.76,2895075.18
2021-03-04,1914692.93,2865417.28
2021-03-05,1942836.9,2909415.37
2021-03-08,1929760.36,2884616.52
2021-03-09,1953579.34,2930898.49
2021-03-10,1952181.34,2932502.47
2021-03-11,1970111.09,2958084.47
2021-03-12,1974571.88,2966430.44
2021-03-15,1979368.63,2974745.92
2021-03-16,1984614.35,2982952.36
2021-03-17,1993149.61,3001573.62
2021-03-18,1966787.1,2957322.28
2021-03-19,1960987.8,2952016.65
2021-03-22,1971514.74,2965853.05
2021-03-23,1953987.44,2935326.03
2021-03-24,1943479.39,2922071.62
2021-03-25,1954810.73,2936664.32
2021-03-26,1976524.83,2971173.65
2021-03-29,1975149.62,2961936.73
2021-03-30,1969288.74,2943995.64
2021-03-31,1977623.56,2964129.77
2021-04-01,1995673.58,2998727.45
2021-04-02,2000802.23,3006433.84
2021-04-05,2015568.21,3028686.78
2021-04-06,2011686.04,3027713.61
2021-04-07,2017121.11,3033664.3
2021-04-08,2030157.13,3059323.03
2021-04-09,2030330.37,3055896.16
2021-04-12,2025430.81,3044454.02
2021-04-13,2031628.36,3058915.66
2021-04-14,2025798.56,3046639.57
2021-04-15,2043183.15,3082355.27
2021-04-16,2045764.58,3090583.62
2021-04-19,2034181.5,3071625.11
2021-04-20,2007417.03,3032850.75
2021-04-21,2021523.51,3059871.84
2021-04-22,2014933.91,3046340.64
2021-04-23,2028657.03,3065074.25
2021-04-26,2035938.76,3077044.79
2021-04-27,2029071.12,3065083.69
2021-04-28,2031627.38,3071838.32
2021-04-29,2030842.37,3066970.42
2021-04-30,2026178.39,3058437.75
2021-05-03,2026176.16,3066629.58
2021-05-04,2011433.7,3039559.95
2021-05-05,2020263.59,3055154.86
2021-05-06,2033995.48,3086009.27
2021-05-07,2043897.21,3106624.59
2021-05-10,2022839.16,3076306.51
2021-05-11,2005097.03,3049116.12
2021-05-12,1975468.58,2998100.68
2021-05-13,1983515.62,3012767.72
2021-05-14,2009606.93,3058374.65
2021-05-17,2001598.19,3054765.83
2021-05-18,1987310.65,3033332.21
2021-05-19,1983792.69,3026607.78
2021-05-20,2010175.05,3069461.06
2021-05-21,2007095.06,3067112.79
2021-05-24,2022860.97,3089980.83
2021-05-25,2019322.03,3091431.39
2021-05-26,2022132.46,3095063.49
2021-05-27,2030305.94,3108176.05
2021-05-28,2028183.34,3106707.7
2021-05-31,2028042.84,3108001.0
2021-06-01,2024695.49,3099923.47
2021-06-02,2033681.35,3113681.33
2021-06-03,2015798.71,3086302.0
2021-06-04,2035590.86,3116604.9
2021-06-07,2039025.6,3121863.69
2021-06-08,2037316.81,3119247.42
2021-06-09,2032071.51,3111216.57
2021-06-10,2042962.16,3127890.78
2021-06-11,2044934.49,3130910.52
2021-06-14,2050171.36,3138928.47
2021-06-15,2047108.76,3134239.46
2021-06-16,2026737.0,3103049.14
2021-06-17,2027880.12,3104799.31
2021-06-18,1999419.07,3061223.84
2021-06-21,2017898.46,3089516.82
2021-06-22,2025469.99,3101109.28
2021-06-23,2023738.95,3098458.95
2021-06-24,2034094.84,3114314.41
2021-06-25,2036803.86,3118462.07
2021-06-28,2035195.14,3115999.03
2021-06-29,2035555.31,3116550.46
2021-06-30,2034517.09,3114960.9
2021-07-01,2039724.73,3123010.22
2021-07-02,2047637.76,3139308.25
2021-07-05,2049202.4,3143050.56
2021-07-06,2038433.36,3128020.97
2021-07-07,2045957.18,3142305.46
2021-07-08,2022424.3,3106294.12
2021-07-09,2048355.58,3147674.22
2021-07-12,2055152.37,3157725.34
2021-07-13,2048409.55,3146994.63
2021-07-14,2049868.05,3156309.37
2021-07-15,2030914.1,3128216.95
2021-07-16,2020857.55,3106785.41
2021-07-19,2001403.96,3076645.09
2021-07-20,2020920.86,3106069.88
2021-07-21,2034833.33,3124988.31
2021-07-22,2038994.46,3132966.65
2021-07-23,2050265.22,3148538.78
2021-07-26,2047119.46,3142154.81
2021-07-27,2035273.2,3124758.32
2021-07-28,2039768.44,3134911.82
2021-07-29,2035703.32,3135902.32
2021-07-30,2036417.15,3131425.03
2021-08-02,2038106.05,3133539.92
2021-08-03,2045455.41,3144361.04
2021-08-04,2044234.19,3142650.92
2021-08-05,2052385.51,3152367.53
2021-08-06,2054119.0,3140906.46
2021-08-09,2054719.11,3130563.5
2021-08-10,2057725.54,3133497.61
2021-08-11,2061054.08,3147775.56
2021-08-12,2062203.27,3149926.38
2021-08-13,2062257.16,3159473.67
2021-08-16,2058198.65,3155991.31
2021-08-17,2045006.73,3135297.04
2021-08-18,2035023.03,3120441.66
2021-08-19,2032234.97,3113236.06
2021-08-20,2043322.54,3130896.35
2021-08-23,2061250.16,3166751.33
2021-08-24,2063468.51,3169097.77
2021-08-25,2065807.67,3169101.88
2021-08-26,2057296.92,3156729.04
2021-08-27,2070146.78,3184709.04
2021-08-30,2074976.51,3189844.87
2021-08-31,2080775.05,3200194.8
2021-09-01,2086987.17,3209256.9
2021-09-02,2088706.98,3210607.73
2021-09-03,2104160.45,3240842.94
2021-09-06,2111734.39,3251026.12
2021-09-07,2104514.64,3229969.9
2021-09-08,2101404.28,3223419.11
2021-09-09,2096340.09,3217104.61
2021-09-10,2091970.2,3207812.04
2021-09-13,2103034.49,3226743.56
2021-09-14,2095470.39,3218970.67
2021-09-15,2104677.14,3230035.31
2021-09-16,2099713.65,3207593.45
2021-09-17,2084326.52,3184282.49
2021-09-20,2062621.68,3154952.9
2021-09-21,2059002.79,3152972.04
2021-09-22,2082719.23,3186450.7
2021-09-23,2093363.44,3195276.22
2021-09-24,2092369.31,3195288.44
2021-09-27,2086363.39,3186426.29
2021-09-28,2059300.79,3139299.93
2021-09-29,2064003.34,3144110.39
2021-09-30,2050304.08,3132064.02
2021-10-01,2051984.42,3137360.74
2021-10-04,2020497.0,3091835.27
2021-10-05,2032037.23,3106440.72
2021-10-06,2034594.04,3111987.89
2021-10-07,2049506.08,3131676.93
2021-10-08,2043521.66,3123269.52
2021-10-11,2043893.43,3122453.71
2021-10-12,2034589.58,3110763.13
2021-10-13,2049789.32,3145078.93
2021-10-14,2075393.07,3185646.25
2021-10-15,2085370.84,3191025.77
2021-10-18,2087519.55,3193085.31
2021-10-19,2100337.95,3214392.81
2021-10-20,2093568.2,3208672.61
2021-10-21,2087918.94,3201163.82
2021-10-22,2089724.36,3206673.29
2021-10-25,2102425.02,3231741.48
2021-10-26,2106881.77,3233480.93
2021-10-27,2102636.84,3228060.4
2021-10-28,2105383.87,3233346.79
2021-10-29,2116067.03,3243948.52
2021-11-01,2126135.82,3262522.31
2021-11-02,2127478.78,3262793.55
2021-11-03,2144789.31,3285729.16
2021-11-04,2148581.67,3296752.23
2021-11-05,2149634.19,3308206.18
2021-11-08,2147638.65,3307500.52
2021-11-09,2135130.0,3290163.26
2021-11-10,2126845.87,3284094.27
2021-11-11,2140284.62,3309750.98
2021-11-12,2148594.02,3323471.5
2021-11-15,2147454.31,3320849.57
2021-11-16,2153668.62,3326156.93
2021-11-17,2146139.39,3320343.77
2021-11-18,2151273.81,3325838.57
2021-11-19,2150068.03,3318992.49
2021-11-22,2147040.8,3301154.35
2021-11-23,2145408.1,3292001.86
2021-11-24,2146734.81,3293611.16
2021-11-25,2143753.69,3290123.15
2021-11-26,2091079.05,3209331.65
2021-11-29,2125777.87,3260439.63
2021-11-30,2096882.94,3211172.42
2021-12-01,2080430.93,3189172.25
2021-12-02,2085868.4,3199335.01
2021-12-03,2075914.72,3187013.52
2021-12-06,2092611.06,3221670.79
2021-12-07,2120096.02,3280571.09
2021-12-08,2122150.15,3282835.89
2021-12-09,2113052.31,3259181.8
2021-12-10,2119134.88,3273472.53
2021-12-13,2107107.02,3253710.19
2021-12-14,2097972.39,3230276.25
2021-12-15,2116278.74,3276217.64
2021-12-16,2100016.25,3253976.78
2021-12-17,2096061.16,3240454.42
2021-12-20,2090899.49,3226977.98
2021-12-21,2105193.23,3254675.1
2021-12-22,2118809.37,3282513.12
2021-12-23,2125025.33,3297530.8
2021-12-24,2125261.13,3297896.7
2021-12-27,2140769.86,3325509.12
2021-12-28,2141634.6,3325617.46
2021-12-29,2136916.07,3312688.78
2021-12-30,2134836.56,3314134.94
2021-12-31,2130877.25,3314548.42
2022-01-03,2137892.14,3320634.93
2022-01-04,2140520.86,3324717.93
2022-01-05,2116218.05,3286970.11
2022-01-06,2107403.64,3273279.32
2022-01-07,2097717.95,3258235.23
2022-01-10,2097962.34,3258614.83
2022-01-11,2114909.03,3284936.9
2022-01-12,2123353.08,3298052.44
2022-01-13,2100294.67,3262237.47
2022-01-14,2104935.87,3269446.31
2022-01-17,2109210.03,3276085.06
2022-01-18,2076278.39,3224934.69
2022-01-19,2066361.14,3209530.94
2022-01-20,2050895.73,3185509.62
2022-01-21,2027157.66,3148638.98
2022-01-24,2033164.82,3157969.48
2022-01-25,2020475.6,3138260.21
2022-01-26,2020237.82,3137890.89
2022-01-27,2002133.23,3109770.33
2022-01-28,2015900.65,3131154.27
2022-01-31,2047803.68,3180706.97
2022-02-01,2064928.21,3207381.37
2022-02-02,2053596.59,3188069.62
2022-02-03,2052375.23,3183950.71
2022-02-04,2044892.68,3175047.15
2022-02-07,2049966.19,3184016.67
2022-02-08,2059759.08,3203966.17
2022-02-09,2076246.7,3237877.12
2022-02-10,2053700.14,3190798.99
2022-02-11,2041450.77,3163823.06
2022-02-14,2041915.36,3167590.78
2022-02-15,2052832.82,3190900.93
2022-02-16,2057331.29,3198219.92
2022-02-17,2040720.14,3159980.28
2022-02-18,2033410.8,3148786.39
2022-02-21,2013715.25,3107280.49
2022-02-22,2029434.4,3139723.22
2022-02-23,2006127.58,3091822.51
2022-02-24,2009514.83,3096659.36
2022-02-25,2042250.47,3163967.64
2022-02-28,2039788.46,3157509.3
2022-03-01,2032246.99,3137023.1
2022-03-02,2034212.51,3159907.17
2022-03-03,2026954.67,3136811.74
2022-03-04,2018156.63,3089620.26
2022-03-07,2019096.79,3024307.8
2022-03-08,2035833.38,3046423.83
2022-03-09,2033601.72,3093706.86
2022-03-10,2032050.38,3083466.38
2022-03-11,2030078.09,3052196.68
2022-03-14,2026384.62,3035862.22
2022-03-15,2019663.26,3060827.55
2022-03-16,2028962.92,3136687.16
2022-03-17,2036000.39,3155985.06
2022-03-18,2035126.27,3199593.87
2022-03-21,2036864.48,3194818.0
2022-03-22,2037155.4,3231014.34
2022-03-23,2039971.1,3217476.43
2022-03-24,2044536.94,3261270.25
2022-03-25,2046285.27,3266351.14
2022-03-28,2038468.62,3265396.74
2022-03-29,2040271.04,3290336.71
2022-03-30,2044134.28,3274785.53
2022-03-31,2041568.86,3251086.91
2022-04-01,2042563.98,3250609.78
2022-04-04,2046999.82,3277048.68
2022-04-05,2042187.96,3244808.5
2022-04-06,2035588.1,3205195.61
2022-04-07,2043994.23,3227283.82
2022-04-08,2047789.39,3220195.44
2022-04-11,2037892.54,3178401.29
2022-04-12,2039538.17,3177619.98
2022-04-13,2045283.03,3208875.44
2022-04-14,2041246.11,3187556.6
2022-04-18,2044374.47,3202796.14
2022-04-19,2042314.45,3205801.76
2022-04-20,2047204.79,3214247.98
2022-04-21,2032841.04,3169664.27
2022-04-22,2014273.57,3115053.62
2022-04-25,2008726.79,3117932.76
2022-04-26,1994495.28,3056203.5
2022-04-27,1999653.4,3078764.87
2022-04-28,2008558.68,3113592.46
2022-04-29,1994205.73,3066419.89
2022-05-02,1989079.78,3066749.24
2022-05-03,1995341.42,3089342.29
2022-05-04,2000626.49,3139992.21
2022-05-05,1993370.31,3063422.46
2022-05-06,1988871.36,3041179.3
2022-05-09,1974589.95,2967942.13
2022-05-10,1971730.63,2965553.37
2022-05-11,1976505.18,2945756.55
2022-05-12,1969136.23,2936776.2
2022-05-13,1976208.89,2989945.79
2022-05-16,1981862.29,2991215.96
2022-05-17,1982348.72,3023584.09
2022-05-18,1973595.24,2932293.48
2022-05-19,1978456.45,2953203.8
2022-05-20,1982169.11,2957049.14
2022-05-23,1988525.32,2984162.52
2022-05-24,1993802.98,2986073.79
2022-05-25,1990784.27,2983600.34
2022-05-26,1992593.03,3026609.13
2022-05-27,1994346.97,3068030.2
2022-05-30,1995081.21,3082032.03
2022-05-31,1991281.67,3064933.35
2022-06-01,1989735.48,3046128.67
2022-06-02,1997895.88,3101502.84
2022-06-03,1992986.22,3062334.89
2022-06-06,1992051.78,3072754.68
2022-06-07,1995641.06,3088725.77
2022-06-08,1993052.91,3080004.04
2022-06-09,1984663.05,3032343.33
2022-06-10,1985848.0,2982717.58
2022-06-13,1968042.6,2885955.7
2022-06-14,1965028.16,2888193.86
2022-06-15,1975461.58,2931886.93
2022-06-16,1963277.9,2843433.18
2022-06-17,1959792.54,2847859.0
2022-06-20,1966214.11,2871240.46
2022-06-21,1966054.45,2893354.46
2022-06-22,1962290.98,2873438.46
2022-06-23,1957517.01,2884882.77
2022-06-24,1970739.75,2958813.49
2022-06-27,1970845.47,2954882.92
2022-06-28,1970966.0,2924416.27
2022-06-29,1972040.96,2922794.76
2022-06-30,1964483.19,2893923.44
2022-07-01,1966523.96,2903944.57
2022-07-04,1966523.96,2915985.63
2022-07-05,1966523.96,2882594.67
2022-07-06,1966523.96,2892059.74
2022-07-07,1966523.96,2919697.03
2022-07-08,1966523.96,2928420.1
2022-07-11,1966523.96,2903380.87
2022-07-12,1966523.96,2881668.33
2022-07-13,1966523.96,2868825.14
2022-07-14,1966523.96,2881450.75
2022-07-15,1966523.96,2906598.67
2022-07-18,1966523.96,2901718.2
2022-07-19,1966523.96,2954165.15
2022-07-20,1966523.96,2955899.53
2022-07-21,1966523.96,2978091.45
2022-07-22,1966523.96,2968940.48
2022-07-25,1966523.96,2963340.43
2022-07-26,1966523.96,2961176.04
2022-07-27,1966523.96,3006158.45
2022-07-28,1966523.96,3037490.95
2022-07-29,1966523.96,3056852.4
2022-08-01,1966313.44,3047851.86
2022-08-02,1964923.85,3035178.3
2022-08-03,1970451.02,3069938.66
2022-08-04,1968605.9,3082664.07
2022-08-05,1973490.66,3076663.2
2022-08-08,1975983.67,3087396.49
2022-08-09,1972398.68,3072099.12
2022-08-10,1976067.9,3105518.69
2022-08-11,1975243.55,3100757.34
2022-08-12,1986782.04,3143853.21
2022-08-15,1988413.51,3145767.17
2022-08-16,1990945.59,3149205.39
2022-08-17,1987924.05,3125909.83
2022-08-18,1992715.43,3137016.93
2022-08-19,1987215.45,3103999.44
2022-08-22,1983816.6,3068622.03
2022-08-23,1980537.7,3061236.12
2022-08-24,1978608.55,3064418.86
2022-08-25,1983992.65,3092297.61
2022-08-26,1972045.03,3021820.56
2022-08-29,1970766.45,3014140.75
2022-08-30,1964536.64,2983035.9
2022-08-31,1957919.65,2951064.07
2022-09-01,1954219.5,2952775.47
2022-09-02,1954219.5,2940706.7
2022-09-05,1954219.5,2953126.45
2022-09-06,1954219.5,2932340.13
2022-09-07,1954219.5,2963340.59
2022-09-08,1954219.5,2982016.05
2022-09-09,1954219.5,3018339.12
2022-09-12,1954219.5,3046936.94
2022-09-13,1954219.5,2954355.71
2022-09-14,1954219.5,2958469.43
2022-09-15,1954219.5,2907639.46
2022-09-16,1954219.5,2912530.8
2022-09-19,1954219.5,2933465.14
2022-09-20,1954219.5,2899135.57
2022-09-21,1954219.5,2860133.52
2022-09-22,1954219.5,2861813.96
2022-09-23,1954219.5,2809491.23
2022-09-26,1954219.5,2796252.77
2022-09-27,1954219.5,2788361.98
2022-09-28,1954219.5,2821117.46
2022-09-29,1954219.5,2786949.13
2022-09-30,1954219.5,2757908.79
2022-10-03,1954219.5,2820302.94
2022-10-04,1954219.5,2876848.69
2022-10-05,1954219.5,2882410.68
2022-10-06,1954219.5,2848091.53
2022-10-07,1954219.5,2803247.79
2022-10-10,1954219.5,2786767.68
2022-10-11,1954219.5,2758206.03
2022-10-12,1954219.5,2757903.03
2022-10-13,1954219.5,2791632.25
2022-10-14,1954219.5,2748746.05
2022-10-17,1954219.5,2813426.19
2022-10-18,1954219.5,2803255.9
2022-10-19,1954219.5,2787982.05
2022-10-20,1954219.5,2778305.32
2022-10-21,1954219.5,2833506.83
2022-10-24,1954219.5,2846557.83
2022-10-25,1954219.5,2852597.4
2022-10-26,1954219.5,2867789.66
2022-10-27,1954219.5,2828319.73
2022-10-28,1954219.5,2879076.32
2022-10-31,1954219.5,2868497.05
2022-11-01,1954168.4,2868428.82
2022-11-02,1950287.05,2814607.18
2022-11-03,1949215.81,2802304.75
2022-11-04,1953051.05,2855339.48
2022-11-07,1956203.41,2865557.21
2022-11-08,1959370.71,2895008.24
2022-11-09,1952314.94,2852672.95
2022-11-10,1962499.74,2969388.47
2022-11-11,1961830.03,2983367.14
2022-11-14,1959038.67,2972210.12
2022-11-15,1960120.21,2984813.75
2022-11-16,1959284.62,2972568.57
2022-11-17,1960037.81,2964655.91
2022-11-18,1959715.62,2965473.41
2022-11-21,1960818.93,2957126.12
2022-11-22,1965200.96,2985567.73
2022-11-23,1965824.42,3002059.03
2022-11-24,1965368.93,3004673.33
2022-11-25,1965201.25,2997569.88
2022-11-28,1960362.93,2966916.36
2022-11-29,1959061.22,2964231.71
2022-11-30,1966909.12,3040022.32
2022-12-01,1960606.85,3031979.26
2022-12-02,1954360.87,3019612.54
2022-12-05,1948987.22,2993021.5
2022-12-06,1948799.23,2971605.75
2022-12-07,1948971.54,2966818.08
2022-12-08,1949279.68,2978061.38
2022-12-09,1951566.94,2974345.31
2022-12-12,1952463.11,2990905.9
2022-12-13,1959237.64,3012607.22
2022-12-14,1957340.03,3003446.31
2022-12-15,1944246.13,2946600.19
2022-12-16,1937630.27,2921654.97
2022-12-19,1937206.21,2912206.84
2022-12-20,1934619.66,2910706.17
2022-12-21,1941288.4,2934975.7
2022-12-22,1929197.87,2892228.0
2022-12-23,1931883.76,2900435.13
2022-12-26,1937827.63,2917621.98
2022-12-27,1934286.13,2893846.09
2022-12-28,1930229.86,2874934.85
2022-12-29,1935221.78,2903177.16
2022-12-30,1929354.25,2896138.4
2023-01-02,1932852.34,2902446.85
2023-01-03,1938244.16,2900788.08
2023-01-04,1942790.74,2914034.49
2023-01-05,1941508.34,2896035.26
2023-01-06,1952185.83,2947971.05
2023-01-09,1951291.42,2950530.97
2023-01-10,1954831.16,2969619.32
2023-01-11,1956218.39,2991992.87
2023-01-12,1963935.15,3004078.16
2023-01-13,1970582.04,3009288.18
2023-01-16,1970523.73,3011102.37
2023-01-17,1967282.23,3013140.07
2023-01-18,1964841.93,3001485.86
2023-01-19,1968785.09,2993678.14
2023-01-20,1968777.52,3033062.63
2023-01-23,1970004.91,3061217.89
2023-01-24,1968652.83,3052694.12
2023-01-25,1971779.27,3069762.19
2023-01-26,1968255.45,3074849.6
2023-01-27,1967651.23,3087719.15
2023-01-30,1967537.65,3070255.09
2023-01-31,1968283.0,3083240.03
2023-02-01,1974658.13,3126580.86
2023-02-02,1972145.81,3122602.97
2023-02-03,1965527.45,3112123.77
2023-02-06,1961680.47,3106032.63
2023-02-07,1973545.55,3124819.24
2023-02-08,1962072.87,3106653.95
2023-02-09,1954231.75,3094238.69
2023-02-10,1952530.46,3091544.94
2023-02-13,1965736.22,3112454.33
2023-02-14,1968587.93,3116969.59
2023-02-15,1971135.84,3121003.83
2023-02-16,1951056.43,3089211.03
2023-02-17,1952886.92,3092109.35
2023-02-20,1951325.71,3089637.4
2023-02-21,1930306.37,3056356.37
2023-02-22,1924894.58,3047787.59
2023-02-23,1926486.56,3050308.26
2023-02-24,1917098.31,3035443.35
2023-02-27,1926494.37,3050320.62
2023-02-28,1917386.0,3035898.85
2023-03-01,1922825.66,3044639.46
2023-03-02,1927231.63,3058179.76
2023-03-03,1937948.17,3100552.37
2023-03-06,1935316.75,3097711.15
2023-03-07,1927139.48,3067470.03
2023-03-08,1933675.05,3080741.27
2023-03-09,1926909.97,3045597.06
2023-03-10,1921541.97,3021605.15
2023-03-13,1918124.89,3021884.1
2023-03-14,1921305.08,3048791.89
2023-03-15,1901370.4,3016910.33
2023-03-16,1913334.16,3062299.21
2023-03-17,1916227.97,3057814.18
2023-03-20,1921844.25,3073651.48
2023-03-21,1925375.0,3095911.02
2023-03-22,1927447.96,3082344.28
2023-03-23,1929214.89,3094256.07
2023-03-24,1926182.71,3094573.81
2023-03-27,1929422.0,3097741.48
2023-03-28,1929852.72,3094825.73
2023-03-29,1936458.39,3120826.66
2023-03-30,1945204.41,3147726.72
2023-03-31,1947141.15,3169201.55
2023-04-03,1952209.28,3176333.87
2023-04-04,1954595.63,3180216.57
2023-04-05,1941500.14,3158909.61
2023-04-06,1946463.93,3166985.92
2023-04-07,1950143.77,3172973.19
2023-04-10,1950241.83,3173132.74
2023-04-11,1953899.28,3179083.58
2023-04-12,1948724.11,3170663.34
2023-04-13,1975359.18,3213999.82
2023-04-14,1971833.82,3208263.9
2023-04-17,1971550.1,3207802.28
2023-04-18,1975365.67,3214010.38
2023-04-19,1966921.76,3200271.76
2023-04-20,1969198.37,3203975.9
2023-04-21,1967652.0,3201459.88
2023-04-24,1968875.87,3203451.18
2023-04-25,1958957.07,3187312.83
2023-04-26,1950219.76,3173096.84
2023-04-27,1969839.76,3205019.47
2023-04-28,1983685.3,3227546.8
2023-05-01,1981791.45,3224465.42
2023-05-02,1972299.88,3209022.2
2023-05-03,1967519.02,3201243.53
2023-05-04,1966920.22,3200269.25
2023-05-05,1982659.64,3225878.01
2023-05-08,1983665.42,3227514.46
2023-05-09,1984513.97,3228895.08
2023-05-10,1986226.08,3231680.76
2023-05-11,1984359.45,3228643.66
2023-05-12,1986567.53,3232236.31
2023-05-15,1995484.58,3246744.76
2023-05-16,1988961.25,3236131.01
2023-05-17,2004275.19,3261047.5
2023-05-18,2018045.44,3283452.31
2023-05-19,2018491.83,3284178.61
2023-05-22,2027421.56,3298707.7
2023-05-23,2009372.4,3269340.88
2023-05-24,2000385.36,3254718.56
2023-05-25,2001246.22,3256119.22
2023-05-26,2031153.36,3304779.5
2023-05-29,2027264.27,3298451.77
2023-05-30,2024251.87,3293550.46
2023-05-31,2014324.45,3277398.1
2023-06-01,2032742.82,3307365.63
2023-06-02,2050015.25,3335468.66
2023-06-05,2049703.59,3334961.58
2023-06-06,2064233.53,3358602.46
2023-06-07,2041132.31,3321015.71
2023-06-08,2052050.31,3338779.8
2023-06-09,2057965.37,3348403.87
2023-06-12,2072218.76,3371594.79
2023-06-13,2084417.0,3391441.88
2023-06-14,2089443.9,3399620.87
2023-06-15,2101659.23,3419495.79
2023-06-16,2103752.14,3422901.04
2023-06-19,2092061.59,3403879.98
2023-06-20,2086192.18,3394330.18
2023-06-21,2078863.07,3382405.38
2023-06-22,2080156.88,3384510.48
2023-06-23,2060708.03,3352866.3
2023-06-26,2056204.5,3345538.86
2023-06-27,2064062.58,3358324.3
2023-06-28,2075491.25,3376919.27
2023-06-29,2071919.14,3371107.3
2023-06-30,2092138.45,3404005.03
2023-07-03,2095814.03,3409985.37
2023-07-04,2089802.22,3400203.89
2023-07-05,2080872.55,3385674.9
2023-07-06,2057674.94,3347931.33
2023-07-07,2058410.08,3349127.43
2023-07-10,2058123.62,3348661.36
2023-07-11,2065129.6,3360060.4
2023-07-12,2083408.53,3389801.06
2023-07-13,2104275.09,3423751.9
2023-07-14,2095619.62,3409669.06
2023-07-17,2100541.6,3417677.35
2023-07-18,2120593.19,3450302.2
2023-07-19,2123848.07,3455598.04
2023-07-20,2111113.86,3434878.89
2023-07-21,2114954.1,3441127.15
2023-07-24,2116476.72,3443604.52
2023-07-25,2121038.38,3451026.54
2023-07-26,2121266.57,3451397.82
2023-07-27,2109722.44,3432615.0
2023-07-28,2132551.5,3469758.92
2023-07-31,2138050.47,3478705.99
2023-08-01,2125579.61,3458415.33
2023-08-02,2096617.16,3411292.11
2023-08-03,2089940.92,3400429.55
2023-08-04,2083931.82,3390652.47
2023-08-07,2097963.75,3413483.07
2023-08-08,2087189.25,3395952.46
2023-08-09,2078311.72,3381508.31
2023-08-10,2086287.11,3394484.64
2023-08-11,2077831.19,3380726.47
2023-08-14,2081537.46,3386756.75
2023-08-15,2057386.79,3347462.49
2023-08-16,2039731.03,3318735.77
2023-08-17,2024729.09,3294326.92
2023-08-18,2026238.16,3296782.25
2023-08-21,2038744.87,3317131.24
2023-08-22,2038503.67,3316738.79
2023-08-23,2068894.16,3366185.51
2023-08-24,2042281.52,3322885.53
2023-08-25,2051961.96,3338636.05
2023-08-28,2066407.81,3362140.11
2023-08-29,2091316.69,3402667.99
2023-08-30,2095099.06,3408822.09
2023-08-31,2094548.78,3407926.76
2023-09-01,2100690.37,3418201.74
2023-09-04,2102904.11,3418408.83
2023-09-05,2100669.44,3412513.03
2023-09-06,2092720.54,3399289.73
2023-09-07,2086184.1,3390801.83
2023-09-08,2086139.69,3394372.4
2023-09-11,2091488.07,3404968.64
2023-09-12,2085348.83,3396040.34
2023-09-13,2089470.71,3403639.58
2023-09-14,2101691.86,3439102.28
2023-09-15,2090647.64,3420851.74
2023-09-18,2093576.24,3422849.86
2023-09-19,2091190.48,3418193.44
2023-09-20,2073899.56,3393397.94
2023-09-21,2050108.15,3353281.83
2023-09-22,2055420.75,3360386.2
2023-09-25,2058307.17,3362255.55
2023-09-26,2037007.92,3325206.66
2023-09-27,2034002.06,3319356.24
2023-09-28,2034311.91,3320825.34
2023-09-29,2028366.06,3309180.81
2023-10-02,2022280.97,3292667.18
2023-10-03,1998237.77,3249699.92
2023-10-04,2006747.58,3258915.35
2023-10-05,2008137.5,3264018.44
2023-10-06,2025936.37,3302425.1
2023-10-09,2029949.28,3320065.95
2023-10-10,2040889.11,3345285.03
2023-10-11,2051014.38,3369392.87
2023-10-12,2047768.43,3362362.01
2023-10-13,2033098.64,3358084.38
2023-10-16,2045866.76,3377371.48
2023-10-17,2042306.43,3374986.93
2023-10-18,2026879.33,3351109.31
2023-10-19,2013818.13,3329825.32
2023-10-20,2001127.12,3301884.32
2023-10-23,2007206.09,3307783.46
2023-10-24,2011943.87,3318333.21
2023-10-25,1985541.04,3276994.32
2023-10-26,1983640.02,3272236.36
2023-10-27,1976007.12,3258544.14
2023-10-30,1984730.56,3275073.2
2023-10-31,1997317.89,3291219.64
2023-11-01,2021685.02,3336576.73
2023-11-02,2034762.26,3366480.7
2023-11-03,2053571.68,3391863.8
2023-11-06,2048353.34,3384454.78
2023-11-07,2052348.48,3389607.79
2023-11-08,2045399.38,3375594.39
2023-11-09,2042847.79,3375629.15
2023-11-10,2060812.22,3403721.47
2023-11-13,2059984.97,3404655.45
2023-11-14,2086113.01,3448696.07
2023-11-15,2086788.31,3452521.2
2023-11-16,2091819.76,3457286.86
2023-11-17,2094184.3,3468743.29
2023-11-20,2102994.19,3482252.93
2023-11-21,2097936.47,3471982.05
2023-11-22,2107470.43,3486600.52
2023-11-23,2110414.18,3493248.84
2023-11-24,2109138.45,3491824.16
2023-11-27,2109752.72,3490102.18
2023-11-28,2113492.83,3494144.9
2023-11-29,2112989.47,3491906.02
2023-11-30,2115408.98,3499827.83
2023-12-01,2125422.01,3521868.02
2023-12-04,2104072.17,3484641.24
2023-12-05,2102880.59,3480944.53
2023-12-06,2102268.99,3481086.41
2023-12-07,2102688.98,3482917.67
2023-12-08,2103048.51,3488313.9
2023-12-11,2111511.44,3501350.3
2023-12-12,2115967.9,3509594.13
2023-12-13,2139087.85,3552115.85
2023-12-14,2135065.35,3549069.82
2023-12-15,2132450.44,3536114.43
2023-12-18,2140024.41,3554794.52
2023-12-19,2156419.21,3584824.87
2023-12-20,2141434.12,3562710.97
2023-12-21,2152574.78,3582945.66
2023-12-22,2154713.88,3586589.05
2023-12-25,2156928.64,3590974.51
2023-12-26,2165438.97,3606536.64
2023-12-27,2168441.89,3612101.6
2023-12-28,2166697.54,3609163.39
2023-12-29,2159102.74,3597093.01
2024-01-01,2157659.91,3595326.63
2024-01-02,2147081.69,3577700.04
2024-01-03,2132288.99,3553050.85
2024-01-04,2134249.36,3556317.42
2024-01-05,2134387.0,3556546.77
2024-01-08,2152275.87,3586355.15
2024-01-09,2152384.56,3586536.26
2024-01-10,2169433.36,3614944.82
2024-01-11,2171951.29,3619140.47
2024-01-12,2180184.56,3632859.63
2024-01-15,2181985.63,3635860.77
2024-01-16,2174420.87,3623255.55
2024-01-17,2152137.35,3586124.33
2024-01-18,2178950.29,3630802.95
2024-01-19,2195669.94,3658663.04
2024-01-22,2198622.66,3663583.2
2024-01-23,2205069.05,3674324.87
2024-01-24,2199765.08,3665486.81
2024-01-25,2198891.97,3664031.95
2024-01-26,2203507.83,3671723.39
2024-01-29,2219654.97,3698629.51
2024-01-30,2205966.29,3675819.95
2024-01-31,2199158.77,3664476.52
2024-02-01,2223518.23,3705066.88
2024-02-02,2226060.68,3709303.39
2024-02-05,2218245.49,3696280.88
2024-02-06,2220596.71,3700198.73
2024-02-07,2232033.25,3719255.53
2024-02-08,2238487.01,3730009.49
2024-02-09,2243587.77,3738508.93
2024-02-12,2243539.93,3738429.22
2024-02-13,2222207.72,3702883.17
2024-02-14,2241687.58,3735342.63
2024-02-15,2258405.27,3763199.45
2024-02-16,2251103.86,3751033.05
2024-02-19,2257305.49,3761366.88
2024-02-20,2247692.79,3745349.17
2024-02-21,2258760.93,3763792.1
2024-02-22,2283829.97,3805564.85
2024-02-23,2284962.63,3807452.2
2024-02-26,2278821.64,3797219.43
2024-02-27,2280124.03,3799389.61
2024-02-28,2268786.25,3780497.36
2024-02-29,2285755.75,3808773.79
2024-03-01,2316429.6,3859885.87
2024-03-04,2314738.88,3857068.62
2024-03-05,2306105.22,3842682.27
2024-03-06,2320652.35,3866922.28
2024-03-07,2329259.54,3881264.51
2024-03-08,2315858.21,3858933.77
2024-03-11,2313572.21,3855124.59
2024-03-12,2328154.63,3879423.4
2024-03-13,2323562.59,3871771.64
2024-03-14,2310841.29,3850574.02
2024-03-15,2307812.42,3845527.0
2024-03-18,2321398.98,3868166.39
2024-03-19,2332716.09,3887024.19
2024-03-20,2365380.68,3941453.46
2024-03-21,2373132.38,3954370.19
2024-03-22,2366208.69,3942833.19
2024-03-25,2362078.35,3935950.77
2024-03-26,2363816.57,3938847.18
2024-03-27,2367951.89,3945737.9
2024-03-28,2378319.62,3963013.72
2024-04-01,2375431.42,3958201.1
2024-04-02,2370308.55,3949664.82
2024-04-03,2384611.93,3973498.66
2024-04-04,2354108.05,3922669.79
2024-04-05,2374551.31,3956734.56
2024-04-08,2381844.16,3968886.71
2024-04-09,2388770.88,3980428.75
2024-04-10,2367207.42,3944497.38
2024-04-11,2397135.83,3994367.34
2024-04-12,2364864.64,3940593.59
2024-04-15,2354762.12,3923759.67
2024-04-16,2352422.24,3919860.71
2024-04-17,2330642.96,3883569.71
2024-04-18,2323121.85,3871037.22
2024-04-19,2311155.44,3851097.49
2024-04-22,2323544.22,3871741.03
2024-04-23,2343144.67,3904401.42
2024-04-24,2326799.48,3877165.3
2024-04-25,2346785.68,3910468.46
2024-04-26,2360210.07,3932837.63
2024-04-29,2362644.23,3936893.69
2024-04-30,2331040.68,3884232.43
2024-05-01,2339388.35,3898142.24
2024-05-02,2347352.23,3911412.51
2024-05-03,2366929.24,3944033.84
2024-05-06,2389229.92,3981193.66
2024-05-07,2388965.71,3980753.41
2024-05-08,2382520.08,3970012.99
2024-05-09,2400961.14,4000741.48
2024-05-10,2401645.82,4001882.38
2024-05-13,2398183.24,3996112.65
2024-05-14,2414809.22,4023816.65
2024-05-15,2437094.68,4060951.1
2024-05-16,2428932.58,4047350.52
2024-05-17,2437746.13,4062036.61
2024-05-20,2449686.1,4081932.28
2024-05-21,2448006.04,4079132.79
2024-05-22,2438455.49,4063218.64
2024-05-23,2408757.2,4013732.12
2024-05-24,2422475.69,4036591.36
2024-05-27,2430217.58,4049491.73
2024-05-28,2426760.3,4043730.84
2024-05-29,2396954.74,3994065.58
2024-05-30,2396501.8,3993310.84
2024-05-31,2410660.36,4016903.38
2024-06-03,2414001.82,4022471.27
2024-06-04,2412269.96,4019585.46
2024-06-05,2437672.41,4061913.77
2024-06-06,2439005.39,4064134.93
2024-06-07,2415544.65,4025042.1
2024-06-10,2429146.77,4047707.44
2024-06-11,2428101.71,4045966.04
2024-06-12,2451266.24,4084565.29
2024-06-13,2437882.1,4062263.18
2024-06-14,2444167.24,4072736.16
2024-06-17,2452159.76,4086054.17
2024-06-18,2459099.46,4097617.85
2024-06-19,2456475.55,4093245.61
2024-06-20,2466189.78,4109432.5
2024-06-21,2450873.27,4083910.48
2024-06-24,2452885.46,4087263.4
2024-06-25,2461400.39,4101451.91
2024-06-26,2452849.42,4087203.36
2024-06-27,2468403.82,4113121.79
2024-06-28,2464510.72,4106634.68
2024-07-01,2462789.84,4103767.16
2024-07-02,2478086.57,4129256.23
2024-07-03,2500676.47,4166897.96
2024-07-04,2507937.95,4178997.83
2024-07-05,2520556.22,4200023.76
2024-07-08,2519510.95,4198282.01
2024-07-09,2521273.48,4201218.93
2024-07-10,2546120.13,4242621.1
2024-07-11,2532177.1,4219387.73
2024-07-12,2532532.28,4219979.56
2024-07-15,2537770.69,4228708.37
2024-07-16,2550360.87,4249687.5
2024-07-17,2515702.29,4191935.61
2024-07-18,2501920.92,4168971.6
2024-07-19,2482214.0,4136133.8
2024-07-22,2493014.67,4154131.05
2024-07-23,2478207.81,4129458.25
2024-07-24,2441774.01,4068748.31
2024-07-25,2424919.21,4040663.02
2024-07-26,2449069.78,4080905.31
2024-07-29,2443907.47,4072303.31
2024-07-30,2446231.9,4076176.53
2024-07-31,2492685.31,4153582.23
2024-08-01,2428957.92,4047392.75
2024-08-02,2385731.25,3975363.79
2024-08-05,2339443.28,3898233.77
2024-08-06,2320662.52,3866939.22
2024-08-07,2325420.07,3874866.77
2024-08-08,2391984.45,3985783.55
2024-08-09,2389010.03,3980827.25
2024-08-12,2405778.63,4008768.9
2024-08-13,2437884.52,4062267.22
2024-08-14,2434739.96,4057027.4
2024-08-15,2481148.32,4134358.05
2024-08-16,2488320.13,4146308.49
2024-08-19,2503266.8,4171214.26
2024-08-20,2492994.85,4154098.01
2024-08-21,2507183.98,4177741.49
2024-08-22,2494685.19,4156914.64
2024-08-23,2511757.79,4185362.86
2024-08-26,2500885.38,4167246.07
2024-08-27,2507530.07,4178318.17
2024-08-28,2484688.18,4140256.55
2024-08-29,2507298.72,4177932.67
2024-08-30,2519276.77,4197891.8
2024-09-02,2511650.93,4185184.79
2024-09-03,2460275.57,4099577.6
2024-09-04,2446212.38,4076144.0
2024-09-05,2454284.04,4089593.88
2024-09-06,2405121.62,4007674.13
2024-09-09,2440885.47,4067267.73
2024-09-10,2439559.98,4065059.05
2024-09-11,2465591.84,4108436.16
2024-09-12,2488002.12,4145778.6
2024-09-13,2491078.18,4150904.26
2024-09-16,2494255.99,4156199.47
2024-09-17,2494197.14,4156101.4
2024-09-18,2501099.68,4167603.16
2024-09-19,2530524.44,4216633.88
2024-09-20,2532948.36,4220672.89
2024-09-23,2541308.66,4234603.71
2024-09-24,2546714.33,4243611.23
2024-09-25,2556499.02,4259915.54
2024-09-26,2574319.13,4289609.34
2024-09-27,2542640.14,4236822.38
2024-09-30,2551391.79,4251405.32
2024-10-01,2539654.23,4231846.93
2024-10-02,2559250.64,4264500.59
2024-10-03,2549379.22,4248051.76
2024-10-04,2575722.49,4291947.76
2024-10-07,2552573.79,4253374.9
2024-10-08,2561242.36,4267819.42
2024-10-09,2575372.56,4291364.67
2024-10-10,2576517.63,4293272.72
2024-10-11,2586635.0,4310131.37
2024-10-14,2602494.54,4336558.25
2024-10-15,2574755.21,4290335.99
2024-10-16,2589738.63,4315302.98
2024-10-17,2596578.42,4326700.18
2024-10-18,2604877.76,4340529.44
2024-10-21,2599477.42,4331530.81
2024-10-22,2596564.15,4326676.4
2024-10-23,2570486.87,4283223.61
2024-10-24,2579702.44,4298579.59
2024-10-25,2581981.03,4302376.42
2024-10-28,2593291.28,4321222.79
2024-10-29,2610424.01,4349771.2
2024-10-30,2597420.26,4328102.94
2024-10-31,2559297.91,4264579.36
2024-11-01,2569482.38,4281549.82
2024-11-04,2562273.05,4269536.85
2024-11-05,2583590.46,4305058.24
2024-11-06,2608021.92,4345768.57
2024-11-07,2629745.46,4381966.69
2024-11-08,2611675.52,4351856.6
2024-11-11,2609925.09,4348939.85
2024-11-12,2592280.95,4319539.28
2024-11-13,2582530.44,4303291.91
2024-11-14,2570683.08,4283550.56
2024-11-15,2544821.52,4240457.22
2024-11-18,2566195.0,4276072.04
2024-11-19,2577289.33,4294558.61
2024-11-20,2578885.01,4297217.51
2024-11-21,2587531.81,4311625.75
2024-11-22,2612944.23,4353970.67
2024-11-25,2592402.31,4319741.49
2024-11-26,2599979.65,4332367.68
2024-11-27,2591235.0,4317796.39
2024-11-28,2599338.73,4331299.71
2024-11-29,2606204.75,4342740.62
2024-12-02,2619598.86,4365059.33
2024-12-03,2633930.98,4388941.05
2024-12-04,2644092.46,4405873.22
2024-12-05,2637288.39,4394535.54
2024-12-06,2639546.42,4398298.11
2024-12-09,2640304.51,4399561.33
2024-12-10,2640782.26,4400357.4
2024-12-11,2668153.67,4445966.62
2024-12-12,2667103.92,4444217.41
2024-12-13,2645088.83,4407533.48
2024-12-16,2652834.31,4420439.84
2024-12-17,2639258.7,4397818.68
2024-12-18,2575732.11,4291963.8
2024-12-19,2584067.2,4305852.63
2024-12-20,2596519.35,4326601.75
2024-12-23,2611483.47,4351536.59
2024-12-24,2626268.21,4376172.52
2024-12-25,2625080.13,4374192.82
2024-12-26,2635163.63,4390995.03
2024-12-27,2624369.67,4373008.98
2024-12-30,2598524.12,4329942.31
2024-12-31,2598193.02,4329390.6
2025-01-01,2600806.02,4333744.66
2025-01-02,2605902.13,4342236.35
2025-01-03,2618977.26,4364023.55
2025-01-06,2630032.65,4382445.24
2025-01-07,2621661.94,4368497.06
2025-01-08,2622669.37,4370175.75
2025-01-09,2618126.09,4362605.24
2025-01-10,2600265.58,4332844.13
2025-01-13,2599557.05,4331663.49
2025-01-14,2595448.42,4324817.25
2025-01-15,2626509.93,4376575.3
2025-01-16,2627384.37,4378032.39
2025-01-17,2648225.74,4412760.53
2025-01-20,2663280.53,4437846.46
2025-01-21,2679128.23,4464253.62
2025-01-22,2690018.04,4482399.4
2025-01-23,2699503.27,4498204.71
2025-01-24,2700372.47,4499653.06
2025-01-27,2659213.49,4431069.52
2025-01-28,2675120.36,4457575.27
2025-01-29,2672227.58,4452755.01
2025-01-30,2700327.02,4499577.33
2025-01-31,2686888.51,4477184.63
2025-02-03,2685308.85,4474552.43
2025-02-04,2682265.67,4469481.55
2025-02-05,2704017.03,4505726.02
2025-02-06,2708274.48,4512820.26
2025-02-07,2689181.94,4481006.19
2025-02-10,2719838.32,4532089.17
2025-02-11,2721200.39,4534358.81
2025-02-12,2728777.79,4546985.09
2025-02-13,2743106.75,4570861.55
2025-02-14,2728835.91,4547081.94
2025-02-17,2737441.0,4561420.67
2025-02-18,2746238.29,4576079.67
2025-02-19,2737440.71,4561420.19
2025-02-20,2728798.29,4547019.25
2025-02-21,2698653.22,4496788.27
2025-02-24,2690796.61,4483696.73
2025-02-25,2684527.74,4473250.86
2025-02-26,2686272.73,4476158.56
2025-02-27,2650550.47,4416634.26
2025-02-28,2663196.76,4437706.88
2025-03-03,2648791.22,4413781.09
2025-03-04,2651829.52,4418977.77
2025-03-05,2650648.99,4424951.13
2025-03-06,2623974.54,4365795.64
2025-03-07,2630627.56,4381700.36
2025-03-10,2576850.44,4270283.63
2025-03-11,2583244.58,4290716.93
2025-03-12,2597897.34,4324375.82
2025-03-13,2591453.9,4304098.55
2025-03-14,2612604.6,4358615.26
2025-03-17,2626654.6,4391153.91
2025-03-18,2618962.22,4375774.45
2025-03-19,2639059.84,4411064.92
2025-03-20,2630339.74,4389747.5
2025-03-21,2625399.12,4380979.51
2025-03-24,2641833.58,4417261.55
2025-03-25,2652712.89,4438833.06
2025-03-26,2632003.57,4394041.96
2025-03-27,2634598.58,4391657.76
2025-03-28,2613116.01,4329824.08
2025-03-31,2618007.95,4329578.53
2025-04-01,2629646.07,4344148.78
2025-04-02,2627764.98,4232315.94
2025-04-03,2620344.9,4202699.26
2025-04-04,2578982.87,3994012.02
2025-04-07,2557255.78,3988804.05
2025-04-08,2547298.7,3898063.65
2025-04-09,2597111.53,4230723.8
2025-04-10,2600179.21,4114856.92
2025-04-11,2619676.33,4200931.92
2025-04-14,2617828.77,4220381.69
2025-04-15,2629114.95,4225601.18
2025-04-16,2644558.44,4219420.34
2025-04-17,2646288.32,4235714.82
2025-04-21,2658825.58,4212064.18
2025-04-22,2657145.37,4305138.57
2025-04-23,2653253.62,4302928.3
2025-04-24,2660677.41,4364962.31
2025-04-25,2656381.57,4380973.61
2025-04-28,2658310.79,4382771.25
2025-04-29,2658112.26,4386513.27
2025-04-30,2653496.48,4411611.69
2025-05-01,2644929.12,4399059.42
2025-05-02,2655167.34,4463613.31
2025-05-05,2670047.99,4470774.89
2025-05-06,2679248.0,4486843.28
2025-05-07,2673774.33,4467872.05
2025-05-08,2662642.98,4473268.58
2025-05-09,2663438.91,4477206.35
2025-05-12,2654366.9,4550323.86
2025-05-13,2655449.4,4571767.91
2025-05-14,2642119.64,4537484.4
2025-05-15,2656271.95,4569216.16
2025-05-16,2653687.78,4578903.69
2025-05-19,2659775.23,4588202.76
2025-05-20,2673906.27,4600660.78
2025-05-21,2675041.94,4558275.11
2025-05-22,2673111.13,4562420.06
2025-05-23,2681493.4,4552365.76
2025-05-26,2682006.16,4594784.97
2025-05-27,2677971.35,4622049.97
2025-05-28,2669567.6,4628711.01
2025-05-29,2674628.42,4596508.08
2025-05-30,2673879.02,4597605.73
2025-06-02,2690278.41,4632348.75
2025-06-03,2695465.92,4643503.23
2025-06-04,2699077.18,4646175.8
2025-06-05,2689077.95,4628718.35
2025-06-06,2695313.4,4650722.65
2025-06-09,2698974.16,4663468.18
2025-06-10,2706566.18,4680092.97
2025-06-11,2707243.36,4678099.48
2025-06-12,2711333.65,4678039.5
2025-06-13,2710751.28,4675573.67
2025-06-16,2708743.35,4682198.32
2025-06-17,2701833.64,4669882.41
2025-06-18,2703447.21,4685070.79
2025-06-19,2697557.75,4665889.79
2025-06-20,2693467.6,4656641.11
2025-06-23,2709404.06,4694256.15
2025-06-24,2712291.26,4701499.38
2025-06-25,2712246.07,4705416.85
2025-06-26,2721998.88,4743012.8
2025-06-27,2719800.44,4753590.06
2025-06-30,2731488.01,4769013.47
2025-07-01,2733341.53,4752224.71
2025-07-02,2745799.03,4773883.5
2025-07-03,2754776.35,4789491.57
2025-07-04,2745194.07,4772831.71
2025-07-07,2738688.93,4761521.78
2025-07-08,2745536.04,4773426.25
2025-07-09,2754791.21,4789517.41
2025-07-10,2765180.9,4807581.07
2025-07-11,2757051.0,4793446.32
2025-07-14,2762694.46,4803258.11
2025-07-15,2755687.49,4791075.71
2025-07-16,2759267.96,4797300.76
2025-07-17,2779789.65,4832980.04
2025-07-18,2772680.18,4820619.42
2025-07-21,2786486.03,4844622.47
2025-07-22,2803380.84,4873996.01
2025-07-23,2826821.32,4914749.95
2025-07-24,2825176.44,4911890.13
2025-07-25,2817207.98,4898036.06
2025-07-28,2805046.0,4876891.08
2025-07-29,2807560.23,4881262.36
2025-07-30,2810069.18,4885624.44
2025-07-31,2790967.28,4852413.62
2025-08-01,2775136.17,4824889.44
2025-08-04,2807759.29,4881608.45
2025-08-05,2796154.06,4861431.43
2025-08-06,2811451.19,4888027.23
2025-08-07,2824397.24,4910535.41
2025-08-08,2849079.95,4953449.1
2025-08-11,2836044.99,4930786.34
2025-08-12,2866479.95,4983700.98
2025-08-13,2867012.7,4984627.23
2025-08-14,2860710.27,4973669.72
2025-08-15,2861934.44,4975798.09
2025-08-18,2868648.15,4987470.64
2025-08-19,2845249.47,4946789.37
2025-08-20,2848912.88,4953158.64
2025-08-21,2844208.94,4944980.29
2025-08-22,2870743.89,4991114.32
2025-08-25,2858622.09,4970039.2
2025-08-26,2866218.8,4983246.94
2025-08-27,2858665.11,4970113.99
2025-08-28,2875937.21,5000143.49
2025-08-29,2860477.28,4973264.65
2025-09-01,2867742.67,4985896.36
2025-09-02,2864764.56,4980718.57
2025-09-03,2875470.98,4999332.91
2025-09-04,2903072.38,5047321.08
2025-09-05,2903328.72,5047766.76
2025-09-08,2929491.89,5093254.39
2025-09-09,2929630.25,5093494.94
2025-09-10,2939100.33,5109959.75
2025-09-11,2961542.35,5148977.75
2025-09-12,2959037.22,5144622.31
2025-09-15,2976673.85,5175285.59
2025-09-16,2972355.66,5167777.92
2025-09-17,2973899.22,5170461.57
2025-09-18,2987532.02,5194163.75
2025-09-19,2991297.72,5200710.85
2025-09-22,3014855.07,5241667.97
2025-09-23,3005188.67,5224861.85
2025-09-24,3002858.34,5220810.29
2025-09-25,2995854.93,5208634.07
2025-09-26,3007069.71,5228132.24
2025-09-29,3016582.41,5244671.16
2025-09-30,3023530.71,5256751.56
2025-10-01,3039032.97,5283704.0
2025-10-02,3043733.3,5291876.06
2025-10-03,3058939.64,5318314.01
2025-10-06,3107953.38,5403529.96
2025-10-07,3102740.82,5394467.33
2025-10-08,3126771.81,5436247.94
2025-10-09,3123574.41,5430688.9
2025-10-10,3045063.89,5294189.44
2025-10-13,3104205.3,5397013.5
2025-10-14,3105202.38,5398747.03
2025-10-15,3129762.23,5441447.13
2025-10-16,3134995.9,5450546.45
2025-10-17,3137644.68,5455151.65
2025-10-20,3192096.86,5549822.96
2025-10-21,3141764.01,5462313.58
2025-10-22,3129528.24,5441040.32
2025-10-23,3159030.42,5492333.21
2025-10-24,3174613.1,5519425.45
2025-10-27,3191168.62,5548209.1
2025-10-28,3198524.14,5560997.52
2025-10-29,3206199.43,5574341.87
2025-10-30,3224387.85,5605964.51
2025-10-31,3216248.67,5591813.63
2025-11-03,3217982.8,5594828.61
2025-11-04,3165246.71,5503140.92
2025-11-05,3193497.11,5552257.46
2025-11-06,3161795.27,5497140.2
2025-11-07,3165219.29,5503093.26
2025-11-10,3226958.49,5610433.86
2025-11-11,3225914.52,5608618.8
2025-11-12,3229309.37,5614521.14
2025-11-13,3189587.75,5545460.59
2025-11-14,3175440.21,5520863.48
2025-11-17,3144404.27,5466903.97
2025-11-18,3121201.85,5426563.94
2025-11-19,3165983.4,5504421.74
2025-11-20,3089949.19,5372227.63
2025-11-21,3111124.09,5409042.6
2025-11-24,3156349.67,5487672.41
2025-11-25,3164226.47,5501367.12
2025-11-26,3194850.62,5554610.69
2025-11-27,3200199.04,5563909.51
2025-11-28,3214685.02,5589095.05
2025-12-01,3201453.25,5566090.11
2025-12-02,3208748.72,5578774.1
2025-12-03,3214131.03,5588131.86
2025-12-04,3221413.56,5600793.38
2025-12-05,3223625.39,5604638.89
2025-12-08,3220753.13,5599645.13
2025-12-09,3220625.5,5599423.24
2025-12-10,3232261.46,5619653.69
2025-12-11,3241775.71,5636195.29
2025-12-12,3214896.68,5589463.04
2025-12-15,3215020.06,5589677.54
2025-12-16,3202965.88,5568719.99
2025-12-17,3188727.18,5543964.39
2025-12-18,3211848.94,5584164.19
2025-12-19,3243000.33,5638324.42
2025-12-22,3269468.74,5684342.77
2025-12-23,3282715.25,5707373.32
2025-12-24,3280681.54,5703837.48
2025-12-25,3286652.82,5714219.24
2025-12-26,3294532.11,5727918.28
2025-12-29,3253785.68,5657075.98
2025-12-30,3258670.37,5665568.56
2025-12-31,3245135.66,5642036.94
2026-01-01,3252436.92,5654731.01
2026-01-02,3258923.83,5666009.24
2026-01-05,3299285.51,5736182.61
2026-01-06,3324084.03,5779297.64
2026-01-07,3307250.13,5750029.99
2026-01-08,3304727.38,5745643.91
2026-01-09,3351236.32,5826504.98
2026-01-12,3368203.56,5856004.46
2026-01-13,3368295.26,5856163.9
2026-01-14,3364068.64,5848815.43
2026-01-15,3372714.03,5863846.43
2026-01-16,3365012.76,5850456.9
2026-01-19,3351719.6,5827345.22
2026-01-20,3330002.63,5789587.8
2026-01-21,3380173.51,5876815.58
2026-01-22,3409516.78,5927832.19
2026-01-23,3400571.24,5912279.35
2026-01-26,3419595.03,5945354.37
2026-01-27,3450402.81,5998917.19
2026-01-28,3505974.29,6095534.53
2026-01-29,3485111.28,6059261.81
2026-01-30,3408595.5,5926230.44
2026-02-02,3419411.09,5945034.57
2026-02-03,3421816.0,5949215.77
2026-02-04,3429866.24,5963212.03
2026-02-05,3328574.31,5787104.5
2026-02-06,3455205.92,6007267.94
2026-02-09,3479584.96,6049653.68
2026-02-10,3490889.9,6069308.59
2026-02-11,3496917.28,6079787.88
2026-02-12,3440198.32,5981175.53
2026-02-13,3464866.2,6024063.43
2026-02-16,3451919.02,6001553.29
2026-02-17,3435049.22,5972223.23
2026-02-18,3478553.34,6047860.09
2026-02-19,3471425.28,6035467.14
2026-02-20,3503123.93,6090578.86
2026-02-23,3497719.15,6081182.03
2026-02-24,3514749.16,6110790.64
2026-02-25,3551760.38,6175138.84
2026-02-26,3532223.11,6141171.09
2026-02-27,3548385.79,6169271.72
2026-03-02,3540331.13,6155267.79
2026-03-03,3445126.25,5989743.3
2026-03-04,3494404.55,6075419.21
2026-03-05,3441261.62,5983024.19
2026-03-06,3418492.3,5943437.14
2026-03-09,3426727.97,5957755.79
2026-03-10,3455988.72,6008628.93
2026-03-11,3415661.28,5938515.09
2026-03-12,3391469.21,5896454.43
2026-03-13,3364166.84,5848986.16
2026-03-16,3400847.91,5912760.37
2026-03-17,3404809.06,5919647.27
2026-03-18,3344287.41,5814423.52
2026-03-19,3305774.72,5747464.83
2026-03-20,3221212.81,5600444.34
2026-03-23,3258043.57,5664478.8
2026-03-24,3282344.61,5706728.93
2026-03-25,3280239.2,5703068.43
2026-03-26,3228086.73,5612395.43
2026-03-27,3189916.8,5546032.67
2026-03-30,3187118.07,5541166.76
2026-03-31,3304482.06,5745217.4
2026-04-01,3342922.9,5812051.16
2026-04-02,3320969.91,5773883.39
2026-04-06,3329919.49,5789443.26
2026-04-07,3431703.33,5966406.02
2026-04-08,3419723.62,5945577.93
2026-04-09,3435005.76,5972147.68
2026-04-10,3444472.23,5988606.2
2026-04-13,3463879.9,6022348.65
2026-04-14,3511295.1,6104785.35
2026-04-15,3519932.27,6119802.05
2026-04-16,3529947.85,6137215.28
2026-04-17,3565428.52,6198902.45
2026-04-20,3548768.3,6169936.77
2026-04-21,3524380.34,6127535.53
2026-04-22,3544088.96,6161801.21
2026-04-23,3529264.92,6136027.93
2026-04-24,3548887.73,6170144.42
2026-04-27,3551054.05,6173910.8
2026-04-28,3513104.4,6107931.03
2026-04-29,3508890.82,6100605.23
2026-04-30,3542594.99,6159203.77
2026-05-01,3542747.26,6159468.51
2026-05-04,3517698.92,6115919.12
2026-05-05,3574861.06,6215301.99
2026-05-06,3625483.18,6303314.29
2026-05-07,3614132.04,6283579.05
2026-05-08,3657474.22,6358934.36
2026-05-11,3659440.77,6362353.43
2026-05-12,3636293.31,6322108.94
2026-05-13,3675291.05,6389910.95
2026-05-14,3666346.42,6374359.69
2026-05-15,3598583.18,6256545.6
2026-05-18,3612774.99,6281219.67
2026-05-19,3576094.32,6217446.17
2026-05-20,3612786.93,6281240.43
2026-05-21,3645420.62,6337977.81
2026-05-22,3649666.7,6345360.09
2026-05-25,3701498.84,6435476.16
2026-05-26,3707363.97,6445673.36
2026-05-27,3671598.94,6383491.78
2026-05-28,3700485.34,6433714.07
2026-05-29,3713841.91,6456935.98
2026-06-01,3713502.43,6456345.76
2026-06-02,3731928.77,6488382.06
2026-06-03,3704279.15,6440310.05
2026-06-04,3704432.18,6440576.1
2026-06-05,3587019.34,6236440.55
2026-06-08,3623371.7,6299643.26
2026-06-09,3583265.61,6229914.26
2026-06-10,3495682.39,6077640.89
2026-06-11,3635603.39,6320909.44
2026-06-12,3649486.45,6345046.71
2026-06-15,3717719.83,6463678.2
2026-06-16,3702154.92,6436616.83
2026-06-17,3706799.23,6444691.49
2026-06-18,3716420.49,6461419.15
2026-06-19,3700619.46,6433947.25
2026-06-22,3715282.97,6459441.44
2026-06-23,3641229.48,6330691.04
2026-06-24,3657194.43,6358447.91
2026-06-25,3642989.12,6333750.37
2026-06-26,3630186.95,6311492.34
2026-06-29,3656130.87,6356598.8
2026-06-30,3677589.53,6393907.12
2026-07-01,3647646.42,6341958.53
2026-07-02,3644671.72,6365383.39
2026-07-03,3665486.55,6416946.57
2026-07-06,3667169.11,6414264.5
2026-07-07,3623320.46,6319394.98
2026-07-08,3621045.73,6308613.97
2026-07-09,3652259.44,6377598.07
2026-07-10,3663515.12,6396604.77
2026-07-13,3613674.37,6272259.47
2026-07-14,3646960.8,6346273.55
2026-07-15,3633277.5,6324083.13
2026-07-16,3597445.83,6239299.02
2026-07-17,3577884.3,6215175.03
2026-07-20,3570318.76,6199744.83
2026-07-21,3626812.16,6319682.77
2026-07-22,3619992.03,6324130.77
