date,bid_open,bid_high,bid_low,bid_close,ask_open,ask_high,ask_low,ask_close,spread_close,volume
2014-01-01,0.88828,0.88984,0.88828,0.88923,0.88892,0.89,0.88878,0.88929,6e-05,2409.71
2014-01-02,0.88921,0.89432,0.88423,0.89053,0.88929,0.89441,0.88434,0.89061,8e-05,107185.5
2014-01-03,0.89053,0.90044,0.88849,0.89431,0.89061,0.9005,0.88856,0.89478,0.00047,103077.84
2014-01-06,0.8964,0.89823,0.89349,0.89672,0.89648,0.8983,0.89355,0.8968,8e-05,90098.35
2014-01-07,0.89672,0.89672,0.88933,0.89168,0.8968,0.89692,0.88939,0.89177,9e-05,96703.34
2014-01-08,0.89168,0.89523,0.88838,0.88888,0.89176,0.89529,0.88857,0.88897,9e-05,87178.62
2014-01-09,0.8889,0.89123,0.88645,0.88954,0.88898,0.89135,0.88657,0.88963,9e-05,94439.49
2014-01-10,0.88954,0.90046,0.88755,0.89939,0.88963,0.90052,0.88763,0.89976,0.00037,90234.85
2014-01-13,0.90105,0.90857,0.89864,0.90475,0.90112,0.90863,0.8987,0.90483,8e-05,100000.89
2014-01-14,0.90474,0.90542,0.89509,0.89601,0.90482,0.9055,0.89522,0.89609,8e-05,83708.83
2014-01-15,0.89601,0.89703,0.88874,0.8904,0.89609,0.8971,0.88882,0.89048,8e-05,92727.46
2014-01-16,0.89039,0.89051,0.87765,0.88198,0.89047,0.89058,0.87771,0.88205,7e-05,100064.27
2014-01-17,0.88198,0.88272,0.87632,0.87776,0.88205,0.8828,0.87642,0.87854,0.00078,65248.86
2014-01-20,0.87732,0.8825,0.87566,0.88037,0.8774,0.88262,0.87573,0.88045,8e-05,53899.79
2014-01-21,0.88037,0.88373,0.87753,0.88013,0.88046,0.8838,0.8776,0.88022,9e-05,75594.08
2014-01-22,0.88015,0.88877,0.87857,0.88438,0.88022,0.88883,0.87888,0.88444,6e-05,79668.84
2014-01-23,0.88438,0.88468,0.87313,0.87575,0.88444,0.88475,0.87319,0.87583,8e-05,106668.15
2014-01-24,0.87576,0.8775,0.866,0.86795,0.87583,0.87754,0.86607,0.86868,0.00073,104786.09
2014-01-27,0.86944,0.87592,0.86775,0.8731,0.86949,0.87601,0.86782,0.87317,7e-05,89921.68
2014-01-28,0.87307,0.88205,0.87301,0.87849,0.87313,0.88211,0.87306,0.87857,8e-05,88440.09
2014-01-29,0.87849,0.88254,0.87245,0.87465,0.87857,0.8826,0.87254,0.87475,0.0001,100854.48
2014-01-30,0.87465,0.8804,0.87101,0.87952,0.87473,0.88052,0.8711,0.8796,8e-05,89224.45
2014-01-31,0.87952,0.8823,0.86942,0.87547,0.8796,0.88239,0.8695,0.87603,0.00056,89113.57
2014-02-03,0.87539,0.88331,0.87386,0.87481,0.87547,0.8834,0.87391,0.87488,7e-05,90567.48
2014-02-04,0.87481,0.89414,0.87302,0.89113,0.87488,0.89422,0.87306,0.89121,8e-05,110420.08
2014-02-05,0.8911,0.89382,0.88731,0.89262,0.89121,0.89387,0.8874,0.8927,8e-05,96873.83
2014-02-06,0.89262,0.89801,0.89194,0.89467,0.8927,0.8981,0.89228,0.89477,0.0001,83868.91
2014-02-07,0.89465,0.8998,0.8922,0.89537,0.89477,0.8999,0.8923,0.89617,0.0008,91613.6
2014-02-10,0.8944,0.89584,0.89066,0.89447,0.89451,0.89594,0.89071,0.89453,6e-05,64310.0
2014-02-11,0.89445,0.90472,0.89444,0.90185,0.89453,0.9048,0.89453,0.90193,8e-05,98083.41
2014-02-12,0.90185,0.90671,0.9007,0.90223,0.90192,0.90678,0.90076,0.90231,8e-05,73269.73
2014-02-13,0.9022,0.9031,0.89274,0.89814,0.90229,0.90318,0.8928,0.89822,8e-05,82434.59
2014-02-14,0.89814,0.90435,0.89801,0.90322,0.89822,0.90442,0.89809,0.90348,0.00026,67497.76
2014-02-17,0.90577,0.9069,0.90225,0.90373,0.90584,0.90695,0.9023,0.90384,0.00011,56472.07
2014-02-18,0.90373,0.90803,0.90014,0.90166,0.90384,0.90813,0.90022,0.90172,6e-05,83486.92
2014-02-19,0.90168,0.90438,0.89903,0.89932,0.90172,0.90444,0.89908,0.89943,0.00011,81230.77
2014-02-20,0.89932,0.90219,0.89366,0.90089,0.89939,0.90225,0.89374,0.901,0.00011,95320.82
2014-02-21,0.90089,0.90145,0.89518,0.89738,0.901,0.90151,0.89524,0.89794,0.00056,64315.57
2014-02-24,0.89769,0.90488,0.89378,0.90351,0.8978,0.90495,0.89386,0.90359,8e-05,77115.43
2014-02-25,0.90352,0.90441,0.90037,0.90104,0.9036,0.90447,0.90042,0.90113,9e-05,69070.47
2014-02-26,0.90104,0.90256,0.89435,0.89627,0.90111,0.90261,0.89441,0.89632,5e-05,75335.49
2014-02-27,0.89627,0.89711,0.89037,0.89598,0.89633,0.89717,0.89044,0.89604,6e-05,83567.79
2014-02-28,0.89598,0.89893,0.89156,0.89261,0.89604,0.89898,0.89161,0.89318,0.00057,74113.71
2014-03-03,0.89021,0.89462,0.88903,0.89236,0.89032,0.89469,0.88911,0.89244,8e-05,69766.38
2014-03-04,0.89236,0.89683,0.89095,0.89572,0.89244,0.897,0.89101,0.89582,0.0001,73298.45
2014-03-05,0.89569,0.89969,0.89355,0.89765,0.89582,0.89974,0.8938,0.89772,7e-05,69223.9
2014-03-06,0.89765,0.91128,0.8973,0.91037,0.89773,0.91136,0.89737,0.91044,7e-05,87530.33
2014-03-07,0.91037,0.9133,0.90613,0.90663,0.91044,0.91353,0.9062,0.90743,0.0008,65120.69
2014-03-10,0.90553,0.9063,0.90123,0.90205,0.90559,0.90638,0.90129,0.90215,0.0001,65929.69
2014-03-11,0.90205,0.90503,0.89538,0.89636,0.90216,0.90509,0.89543,0.89643,7e-05,75456.73
2014-03-12,0.89634,0.9,0.89242,0.89966,0.89641,0.90008,0.89246,0.89972,6e-05,78424.9
2014-03-13,0.89966,0.91033,0.89946,0.90278,0.89973,0.91039,0.89951,0.90282,4e-05,99234.58
2014-03-14,0.90275,0.90491,0.89964,0.90279,0.90282,0.90499,0.89972,0.90343,0.00064,72170.79
2014-03-17,0.9029,0.90979,0.90096,0.90833,0.90295,0.90983,0.90102,0.90842,9e-05,69340.17
2014-03-18,0.90832,0.91381,0.90637,0.91301,0.90841,0.91389,0.90644,0.91308,7e-05,75444.61
2014-03-19,0.91302,0.91341,0.902,0.9029,0.91309,0.91346,0.9021,0.90297,7e-05,81701.81
2014-03-20,0.9029,0.90518,0.8995,0.90368,0.90298,0.90525,0.89957,0.90375,7e-05,74188.65
2014-03-21,0.90368,0.91001,0.9036,0.908,0.90375,0.91009,0.90365,0.9087,0.0007,56694.35
2014-03-24,0.90926,0.91491,0.90481,0.91263,0.90934,0.91499,0.90505,0.9127,7e-05,72006.54
2014-03-25,0.91263,0.91743,0.91194,0.91614,0.91273,0.91748,0.91199,0.91622,8e-05,68770.56
2014-03-26,0.91614,0.92447,0.91541,0.9221,0.91622,0.92454,0.91547,0.92218,8e-05,78013.71
2014-03-27,0.9221,0.92713,0.9216,0.92686,0.92218,0.92718,0.92167,0.92694,8e-05,72396.02
2014-03-28,0.92686,0.92951,0.92373,0.92451,0.92695,0.92955,0.92378,0.92505,0.00054,61861.93
2014-03-31,0.92581,0.92778,0.92182,0.92682,0.92589,0.92783,0.92188,0.92688,6e-05,66330.56
2014-04-01,0.92682,0.9303,0.92298,0.9237,0.92688,0.9305,0.92306,0.92378,8e-05,65137.96
2014-04-02,0.9237,0.92633,0.92223,0.92462,0.92378,0.92638,0.9223,0.92471,9e-05,56317.76
2014-04-03,0.92465,0.92479,0.92057,0.92323,0.92473,0.92505,0.92064,0.9233,7e-05,66374.02
2014-04-04,0.92323,0.93075,0.92301,0.92887,0.9233,0.93082,0.92309,0.92951,0.00064,62848.2
2014-04-07,0.92881,0.92951,0.92537,0.92657,0.92893,0.9296,0.92543,0.92663,6e-05,70387.94
2014-04-08,0.92656,0.9366,0.92652,0.93483,0.92664,0.93668,0.92661,0.93489,6e-05,95427.96
2014-04-09,0.93483,0.93991,0.93345,0.93763,0.9349,0.93998,0.9336,0.9377,7e-05,79192.77
2014-04-10,0.93763,0.94611,0.93749,0.93966,0.9377,0.94617,0.93755,0.93974,8e-05,92216.14
2014-04-11,0.93964,0.94263,0.93633,0.93912,0.93969,0.9427,0.93643,0.93987,0.00075,79318.47
2014-04-14,0.93838,0.94249,0.93832,0.94111,0.93844,0.94258,0.93838,0.94121,0.0001,76196.07
2014-04-15,0.94111,0.94173,0.93364,0.93423,0.94121,0.9418,0.9337,0.93432,9e-05,90571.79
2014-04-16,0.93422,0.93879,0.93323,0.93723,0.93428,0.93884,0.93328,0.9373,7e-05,83280.54
2014-04-17,0.93723,0.93902,0.9321,0.93298,0.9373,0.93908,0.93216,0.93305,7e-05,65557.36
2014-04-18,0.93298,0.93409,0.93233,0.93254,0.93306,0.93426,0.93239,0.93345,0.00091,25830.25
2014-04-21,0.93326,0.93465,0.93152,0.93362,0.93333,0.93472,0.9316,0.93369,7e-05,40831.85
2014-04-22,0.93362,0.93781,0.93317,0.93697,0.93369,0.93786,0.93323,0.93704,7e-05,69696.51
2014-04-23,0.93697,0.9377,0.92674,0.92877,0.93704,0.93775,0.9268,0.92884,7e-05,89167.88
2014-04-24,0.92877,0.93007,0.92522,0.92676,0.92885,0.93013,0.92528,0.92685,9e-05,78855.86
2014-04-25,0.92675,0.92978,0.92538,0.9274,0.92685,0.92984,0.92544,0.92814,0.00074,61226.68
2014-04-28,0.92719,0.93166,0.92442,0.92523,0.92729,0.93171,0.92449,0.92528,5e-05,81261.42
2014-04-29,0.92522,0.92818,0.92276,0.92728,0.92528,0.92822,0.92281,0.92736,8e-05,76292.96
2014-04-30,0.92728,0.93008,0.92521,0.92817,0.92736,0.93013,0.92528,0.92825,8e-05,95302.99
2014-05-01,0.92817,0.93125,0.92604,0.92743,0.92827,0.93131,0.92609,0.9275,7e-05,65237.9
2014-05-02,0.92741,0.92802,0.92017,0.92747,0.92745,0.92807,0.92032,0.92786,0.00039,77239.69
2014-05-05,0.92738,0.92894,0.92523,0.9283,0.92746,0.92898,0.92529,0.92837,7e-05,65779.81
2014-05-06,0.9283,0.93674,0.92708,0.93489,0.92838,0.9368,0.92714,0.93497,8e-05,83945.76
2014-05-07,0.93488,0.93543,0.93182,0.93227,0.93497,0.93552,0.93189,0.93235,8e-05,88599.42
2014-05-08,0.93221,0.93941,0.93208,0.93683,0.93227,0.93947,0.93214,0.93691,8e-05,88536.84
2014-05-09,0.93681,0.93787,0.93469,0.93619,0.93691,0.93795,0.93474,0.93649,0.0003,64697.53
2014-05-12,0.93569,0.93855,0.93484,0.93593,0.93578,0.93862,0.9349,0.936,7e-05,60091.0
2014-05-13,0.93593,0.93823,0.9333,0.93633,0.936,0.9383,0.93339,0.93638,5e-05,70714.27
2014-05-14,0.93631,0.94088,0.93628,0.93684,0.93636,0.94095,0.93636,0.93691,7e-05,79393.77
2014-05-15,0.93683,0.93928,0.93268,0.93551,0.93691,0.93934,0.93276,0.93559,8e-05,81652.97
2014-05-16,0.93551,0.93708,0.93347,0.93593,0.93559,0.93715,0.93355,0.93668,0.00075,59884.65
2014-05-19,0.93644,0.93661,0.93218,0.93321,0.93655,0.93669,0.93224,0.93329,8e-05,71494.9
2014-05-20,0.93321,0.93354,0.9232,0.92325,0.93329,0.93359,0.92329,0.92332,7e-05,86278.83
2014-05-21,0.92323,0.9253,0.92088,0.9234,0.92331,0.92543,0.92092,0.92348,8e-05,79611.52
2014-05-22,0.9234,0.92734,0.92144,0.92254,0.92348,0.9274,0.92151,0.92263,9e-05,74075.31
2014-05-23,0.92254,0.92493,0.92136,0.92275,0.9226,0.92499,0.92143,0.92336,0.00061,57346.17
2014-05-26,0.92381,0.92583,0.92308,0.9257,0.9239,0.9259,0.92315,0.92576,6e-05,43087.64
2014-05-27,0.9257,0.92771,0.92333,0.92641,0.92578,0.92779,0.92339,0.92648,7e-05,67519.38
2014-05-28,0.92641,0.92707,0.92141,0.92225,0.92649,0.92713,0.92147,0.92232,7e-05,68757.24
2014-05-29,0.92225,0.93177,0.9211,0.93087,0.92231,0.93185,0.92125,0.93095,8e-05,83426.46
2014-05-30,0.93088,0.9329,0.92886,0.93066,0.93096,0.93297,0.92891,0.93138,0.00072,63460.34
2014-06-02,0.92964,0.93073,0.92341,0.92349,0.9297,0.93079,0.92348,0.92353,4e-05,72040.11
2014-06-03,0.92349,0.92866,0.92285,0.92572,0.92356,0.92872,0.92305,0.9258,8e-05,82842.08
2014-06-04,0.92572,0.92972,0.92523,0.92722,0.92581,0.93009,0.9253,0.92731,9e-05,80420.02
2014-06-05,0.92722,0.93463,0.92574,0.93258,0.92731,0.93471,0.92588,0.93266,8e-05,94559.3
2014-06-06,0.93256,0.93583,0.93188,0.93311,0.93266,0.93589,0.93196,0.9336,0.00049,77408.99
2014-06-09,0.93352,0.93631,0.93342,0.93425,0.93359,0.93641,0.9335,0.93431,6e-05,64550.44
2014-06-10,0.93424,0.93835,0.93419,0.93691,0.93431,0.93844,0.93425,0.93697,6e-05,79989.68
2014-06-11,0.93691,0.94099,0.93645,0.93802,0.93698,0.94115,0.93649,0.93809,7e-05,79806.3
2014-06-12,0.93802,0.94373,0.93501,0.94212,0.93811,0.94381,0.93535,0.94221,9e-05,89133.52
2014-06-13,0.94212,0.94244,0.93751,0.93997,0.94221,0.94251,0.93759,0.94042,0.00045,70413.02
2014-06-16,0.939,0.94162,0.93735,0.93914,0.93908,0.94171,0.93742,0.93924,0.0001,74050.69
2014-06-17,0.93913,0.93944,0.93296,0.93365,0.93919,0.93951,0.93306,0.93373,8e-05,79839.69
2014-06-18,0.93365,0.94113,0.93217,0.93991,0.93373,0.94127,0.93235,0.94,9e-05,81123.95
2014-06-19,0.93993,0.94313,0.93902,0.93973,0.94,0.94321,0.93908,0.93981,8e-05,76049.27
2014-06-20,0.93975,0.94145,0.93777,0.93834,0.93981,0.94154,0.93786,0.9391,0.00076,50525.12
2014-06-23,0.9384,0.94449,0.93832,0.94211,0.9385,0.94457,0.9384,0.94215,4e-05,64939.95
2014-06-24,0.94211,0.94311,0.93575,0.93636,0.94215,0.94315,0.93584,0.93644,8e-05,60848.19
2014-06-25,0.93635,0.94079,0.93542,0.94033,0.93644,0.94096,0.9355,0.94039,6e-05,69098.71
2014-06-26,0.94033,0.94197,0.93958,0.94054,0.94039,0.94204,0.93965,0.94064,0.0001,56483.56
2014-06-27,0.94056,0.94412,0.94055,0.9422,0.94065,0.94417,0.94061,0.94284,0.00064,48018.63
2014-06-30,0.94137,0.94388,0.93875,0.94285,0.94145,0.94396,0.9388,0.94294,9e-05,65065.88
2014-07-01,0.9429,0.95045,0.94132,0.94906,0.94294,0.95057,0.9414,0.94912,6e-05,77357.06
2014-07-02,0.94901,0.94947,0.94285,0.94331,0.94909,0.94953,0.94293,0.9434,9e-05,73091.98
2014-07-03,0.94332,0.94405,0.93287,0.93465,0.9434,0.9441,0.93303,0.9347,5e-05,84939.85
2014-07-04,0.93465,0.93688,0.93432,0.93626,0.93473,0.93694,0.93438,0.93672,0.00046,50523.94
2014-07-07,0.93585,0.93766,0.93413,0.93703,0.93595,0.93771,0.9342,0.9371,7e-05,55788.53
2014-07-08,0.93702,0.94145,0.93702,0.94086,0.9371,0.94153,0.9371,0.94095,9e-05,65371.48
2014-07-09,0.94086,0.94241,0.93816,0.94215,0.94095,0.9425,0.93832,0.94225,0.0001,75683.56
2014-07-10,0.94215,0.9456,0.93609,0.93833,0.94224,0.94588,0.93616,0.9384,7e-05,81526.77
2014-07-11,0.93833,0.94082,0.93755,0.93889,0.93842,0.9409,0.93764,0.93955,0.00066,61153.67
2014-07-14,0.9382,0.9403,0.93819,0.9391,0.93828,0.94035,0.93828,0.93919,9e-05,53243.66
2014-07-15,0.9391,0.94012,0.93488,0.9361,0.93919,0.94023,0.93496,0.9362,0.0001,79093.88
2014-07-16,0.93611,0.93709,0.93292,0.93645,0.9362,0.93728,0.933,0.93651,6e-05,68641.89
2014-07-17,0.93645,0.93913,0.93356,0.93458,0.9365,0.93917,0.93367,0.93465,7e-05,79231.37
2014-07-18,0.93458,0.94103,0.93381,0.93891,0.93468,0.94111,0.93387,0.93971,0.0008,66194.3
2014-07-21,0.93942,0.93978,0.93632,0.93637,0.9395,0.93987,0.93639,0.93646,9e-05,50726.31
2014-07-22,0.93637,0.94221,0.93607,0.93881,0.93645,0.94231,0.93614,0.9389,9e-05,67904.14
2014-07-23,0.9388,0.9461,0.93804,0.944,0.9389,0.94622,0.93814,0.9441,0.0001,67716.81
2014-07-24,0.94401,0.94716,0.94108,0.94163,0.9441,0.94732,0.94121,0.94171,8e-05,63447.73
2014-07-25,0.94163,0.94242,0.93924,0.93936,0.9417,0.94248,0.93933,0.93989,0.00053,53767.95
2014-07-28,0.93996,0.94132,0.93844,0.94087,0.94001,0.94138,0.9385,0.94095,8e-05,58314.73
2014-07-29,0.94087,0.9416,0.93741,0.93834,0.94095,0.94169,0.9375,0.93839,5e-05,66672.82
2014-07-30,0.93832,0.9388,0.93036,0.93237,0.93839,0.93887,0.93059,0.93245,8e-05,83686.7
2014-07-31,0.93237,0.933,0.92789,0.93006,0.93245,0.93308,0.92798,0.9301,4e-05,90062.03
2014-08-01,0.9301,0.93352,0.92752,0.9311,0.93016,0.93363,0.9276,0.9319,0.0008,94605.21
2014-08-04,0.93105,0.93383,0.93088,0.93306,0.93115,0.93387,0.93096,0.93315,9e-05,63636.95
2014-08-05,0.93307,0.93428,0.92933,0.93015,0.93316,0.93438,0.92941,0.9302,5e-05,76479.23
2014-08-06,0.93011,0.93736,0.92916,0.9345,0.93019,0.93742,0.92924,0.93458,8e-05,73667.46
2014-08-07,0.9345,0.93575,0.92586,0.92625,0.9346,0.93584,0.92597,0.92634,9e-05,89616.02
2014-08-08,0.92625,0.92867,0.9239,0.9275,0.92633,0.92873,0.92396,0.92796,0.00046,76872.75
2014-08-11,0.92774,0.9286,0.92587,0.9261,0.9278,0.92867,0.92595,0.92619,9e-05,51323.84
2014-08-12,0.9261,0.92769,0.92473,0.92671,0.9262,0.92774,0.9248,0.92679,8e-05,59791.56
2014-08-13,0.92671,0.93193,0.92646,0.93051,0.92679,0.932,0.92654,0.93056,5e-05,71740.85
2014-08-14,0.93051,0.93272,0.92876,0.93134,0.93058,0.93278,0.92884,0.93146,0.00012,60505.37
2014-08-15,0.93133,0.93341,0.92977,0.9318,0.9314,0.93348,0.92984,0.9326,0.0008,58236.53
2014-08-18,0.93138,0.93337,0.9309,0.93211,0.93145,0.93346,0.93097,0.93218,7e-05,46391.22
2014-08-19,0.93211,0.93446,0.92864,0.92951,0.93219,0.9346,0.92875,0.92958,7e-05,63071.68
2014-08-20,0.92951,0.93177,0.92748,0.92859,0.92959,0.93186,0.9276,0.92864,5e-05,76807.07
2014-08-21,0.9286,0.93108,0.92375,0.93011,0.92864,0.93115,0.9239,0.9302,9e-05,75257.99
2014-08-22,0.93011,0.9329,0.92926,0.93143,0.9302,0.93296,0.92931,0.93191,0.00048,80106.07
2014-08-25,0.92969,0.93231,0.92752,0.92774,0.9298,0.93239,0.92762,0.92782,8e-05,89301.22
2014-08-26,0.9277,0.93303,0.92716,0.93159,0.92783,0.93312,0.92728,0.93169,0.0001,97728.05
2014-08-27,0.93159,0.93511,0.93096,0.93348,0.93168,0.93518,0.93107,0.93358,0.0001,92054.29
2014-08-28,0.93348,0.93739,0.93324,0.93491,0.93358,0.93745,0.93329,0.93495,4e-05,80011.15
2014-08-29,0.93489,0.93626,0.93317,0.9333,0.93495,0.93634,0.93326,0.93409,0.00079,62301.32
2014-09-01,0.9329,0.93517,0.93264,0.93331,0.93297,0.93523,0.93271,0.93337,6e-05,55193.74
2014-09-02,0.9333,0.93352,0.9268,0.92755,0.93337,0.93362,0.92688,0.92763,8e-05,82098.82
2014-09-03,0.92755,0.93509,0.92627,0.9338,0.92763,0.93519,0.92637,0.93389,9e-05,101105.33
2014-09-04,0.9338,0.93922,0.93297,0.93324,0.9339,0.93929,0.93306,0.93333,9e-05,100980.67
2014-09-05,0.93327,0.94013,0.93324,0.93765,0.93334,0.94021,0.93332,0.93805,0.0004,85324.46
2014-09-08,0.9363,0.93741,0.92748,0.92756,0.93638,0.93748,0.92756,0.92766,0.0001,94366.13
2014-09-09,0.92756,0.92885,0.91881,0.92055,0.92766,0.92893,0.9189,0.92061,6e-05,123399.44
2014-09-10,0.9206,0.92174,0.91124,0.9154,0.92067,0.9218,0.9113,0.9155,0.0001,127335.34
2014-09-11,0.9154,0.92175,0.90883,0.90957,0.9155,0.92183,0.90893,0.90964,7e-05,120206.67
2014-09-12,0.90962,0.90982,0.90302,0.90373,0.90967,0.90992,0.9031,0.90429,0.00056,99998.44
2014-09-15,0.90112,0.90491,0.89836,0.90329,0.90121,0.905,0.89844,0.90339,0.0001,95664.63
2014-09-16,0.9033,0.91122,0.89888,0.90804,0.90338,0.91129,0.89899,0.90813,9e-05,112308.98
2014-09-17,0.90806,0.90842,0.89384,0.89581,0.90813,0.90849,0.8939,0.89588,7e-05,87782.75
2014-09-18,0.89583,0.90008,0.89274,0.89821,0.89588,0.90023,0.89278,0.89828,7e-05,70662.35
2014-09-19,0.89821,0.89945,0.89207,0.8923,0.89826,0.89953,0.89215,0.89292,0.00062,75947.5
2014-09-22,0.89383,0.89495,0.88526,0.88763,0.89391,0.89504,0.88532,0.88771,8e-05,68427.94
2014-09-23,0.88762,0.89267,0.88313,0.88523,0.88771,0.89274,0.88318,0.88528,5e-05,76753.95
2014-09-24,0.88523,0.8897,0.88387,0.88585,0.88528,0.88976,0.88394,0.88592,7e-05,64577.98
2014-09-25,0.88587,0.8868,0.87733,0.88028,0.88593,0.88684,0.87743,0.88037,9e-05,82567.76
2014-09-26,0.88028,0.88128,0.87478,0.87651,0.88034,0.88134,0.87486,0.87701,0.0005,61030.21
2014-09-29,0.87351,0.87481,0.86837,0.87128,0.87357,0.87487,0.86843,0.87134,6e-05,74310.41
2014-09-30,0.87127,0.8767,0.86937,0.87377,0.87133,0.87677,0.86945,0.87382,5e-05,80905.01
2014-10-01,0.87376,0.87514,0.8663,0.87426,0.87382,0.87519,0.86635,0.87434,8e-05,93587.25
2014-10-02,0.87426,0.88263,0.87399,0.87931,0.87434,0.8827,0.87406,0.87937,6e-05,99836.42
2014-10-03,0.8793,0.88058,0.86425,0.86737,0.87937,0.88065,0.86432,0.86797,0.0006,72313.93
2014-10-06,0.86621,0.87835,0.86621,0.87699,0.86628,0.87847,0.86628,0.87705,6e-05,71795.64
2014-10-07,0.87698,0.88338,0.87263,0.88089,0.87705,0.88344,0.8727,0.88094,5e-05,95857.53
2014-10-08,0.88091,0.88513,0.87337,0.88377,0.88096,0.88523,0.87346,0.88383,6e-05,100741.63
2014-10-09,0.88376,0.88982,0.8758,0.87637,0.88383,0.88991,0.87585,0.87642,5e-05,105481.68
2014-10-10,0.87636,0.8785,0.86804,0.86836,0.87642,0.87856,0.86808,0.86891,0.00055,89683.94
2014-10-13,0.86774,0.8787,0.86516,0.87537,0.86782,0.87877,0.86526,0.87543,6e-05,82941.74
2014-10-14,0.87537,0.88121,0.86922,0.87087,0.87544,0.88129,0.86929,0.87095,8e-05,88619.59
2014-10-15,0.87087,0.88599,0.86753,0.87916,0.87095,0.88608,0.86759,0.87925,9e-05,128557.32
2014-10-16,0.87917,0.88144,0.86854,0.87702,0.87926,0.88153,0.8687,0.8771,8e-05,135054.39
2014-10-17,0.87702,0.88116,0.87355,0.87432,0.87708,0.88125,0.87363,0.87465,0.00033,75486.0
2014-10-20,0.87549,0.88014,0.8749,0.87767,0.87557,0.88021,0.87498,0.87774,7e-05,62298.6
2014-10-21,0.87767,0.88323,0.87574,0.87683,0.87774,0.88329,0.87602,0.87687,4e-05,80801.87
2014-10-22,0.87682,0.88149,0.87428,0.87662,0.87687,0.88157,0.87475,0.8767,8e-05,70469.34
2014-10-23,0.87664,0.8806,0.87489,0.87543,0.8767,0.88068,0.87496,0.87547,4e-05,76463.73
2014-10-24,0.87541,0.88237,0.87185,0.87858,0.87549,0.88245,0.87194,0.87933,0.00075,63676.05
2014-10-27,0.88045,0.88241,0.87887,0.88055,0.8805,0.88247,0.87894,0.88061,6e-05,56989.11
2014-10-28,0.88056,0.88815,0.88004,0.88597,0.88061,0.88821,0.88011,0.88604,7e-05,68442.79
2014-10-29,0.88598,0.8911,0.87634,0.87682,0.88604,0.89117,0.87641,0.87691,9e-05,81730.17
2014-10-30,0.87683,0.88528,0.87554,0.88272,0.87691,0.88549,0.87561,0.88281,9e-05,83835.52
2014-10-31,0.88271,0.88443,0.87645,0.87931,0.88277,0.88451,0.8765,0.88007,0.00076,84956.17
2014-11-03,0.87518,0.87607,0.86775,0.86895,0.87525,0.87613,0.86785,0.86904,9e-05,88561.97
2014-11-04,0.86895,0.87619,0.86452,0.87449,0.86904,0.87626,0.86459,0.87456,7e-05,91820.93
2014-11-05,0.87451,0.87548,0.8563,0.85781,0.87456,0.87556,0.85637,0.85788,7e-05,110537.31
2014-11-06,0.85783,0.86266,0.85524,0.85617,0.85788,0.86273,0.8553,0.85625,8e-05,110643.52
2014-11-07,0.85617,0.8657,0.85405,0.86313,0.85625,0.86578,0.85412,0.8639,0.00077,102986.68
2014-11-10,0.86426,0.86823,0.86087,0.86244,0.86434,0.8683,0.86095,0.86252,8e-05,77454.28
2014-11-11,0.86244,0.87188,0.85905,0.87046,0.86252,0.87197,0.85911,0.87053,7e-05,93691.05
2014-11-12,0.87045,0.87444,0.86648,0.87096,0.87049,0.87453,0.86654,0.87101,5e-05,99774.28
2014-11-13,0.87096,0.87637,0.86714,0.87052,0.87101,0.87646,0.86721,0.87059,7e-05,84098.18
2014-11-14,0.87052,0.87732,0.86482,0.87449,0.87059,0.87744,0.86487,0.87526,0.00077,87384.6
2014-11-17,0.87512,0.87959,0.8695,0.87075,0.8752,0.87965,0.86959,0.8708,5e-05,83348.4
2014-11-18,0.87075,0.87461,0.86819,0.87084,0.8708,0.87469,0.86829,0.8709,6e-05,76165.94
2014-11-19,0.87085,0.87105,0.85938,0.86037,0.87091,0.8711,0.85943,0.86044,7e-05,93554.99
2014-11-20,0.86037,0.86408,0.85664,0.8621,0.86043,0.86414,0.8567,0.86217,7e-05,95634.93
2014-11-21,0.8621,0.87221,0.86054,0.86667,0.86217,0.87227,0.8606,0.86741,0.00074,89755.82
2014-11-24,0.86794,0.87003,0.859,0.86012,0.868,0.87008,0.85907,0.86018,6e-05,64815.82
2014-11-25,0.86011,0.86171,0.85136,0.85581,0.86017,0.86176,0.85143,0.8559,9e-05,90948.28
2014-11-26,0.85581,0.8565,0.84797,0.85312,0.85586,0.85656,0.84806,0.85317,5e-05,76067.88
2014-11-27,0.85312,0.86152,0.85118,0.85263,0.85318,0.86159,0.85126,0.85271,8e-05,68613.86
2014-11-28,0.85249,0.8539,0.84855,0.85018,0.85262,0.85425,0.8486,0.85095,0.00077,69842.19
2014-12-01,0.84399,0.85318,0.84168,0.84786,0.84407,0.85323,0.84177,0.84797,0.00011,96165.07
2014-12-02,0.84784,0.8542,0.84327,0.84577,0.84796,0.85433,0.84336,0.8459,0.00013,123132.14
2014-12-03,0.84577,0.84664,0.83847,0.83966,0.8459,0.84683,0.83864,0.83978,0.00012,128275.24
2014-12-04,0.83966,0.84287,0.83555,0.83857,0.83978,0.84299,0.83564,0.83869,0.00012,143406.33
2014-12-05,0.83859,0.83926,0.83123,0.83123,0.83869,0.83942,0.83151,0.83201,0.00078,100721.8
2014-12-08,0.83067,0.83234,0.82596,0.8299,0.83083,0.83244,0.82608,0.83001,0.00011,114530.56
2014-12-09,0.82989,0.83711,0.82234,0.82974,0.83,0.83724,0.82249,0.82984,0.0001,150074.06
2014-12-10,0.82974,0.83477,0.82641,0.83308,0.82984,0.83488,0.82651,0.8334,0.00032,147066.91
2014-12-11,0.83308,0.83751,0.82141,0.82452,0.8334,0.83763,0.82155,0.82461,9e-05,171892.16
2014-12-12,0.82452,0.82984,0.82268,0.82396,0.82463,0.82995,0.82279,0.82466,0.0007,122253.97
2014-12-15,0.82092,0.82675,0.82008,0.82128,0.82103,0.82686,0.82019,0.82138,0.0001,127918.83
2014-12-16,0.82127,0.82738,0.81995,0.82224,0.82138,0.82748,0.82008,0.82238,0.00014,143103.59
2014-12-17,0.82222,0.82351,0.81064,0.81249,0.82238,0.82364,0.81081,0.81267,0.00018,139047.27
2014-12-18,0.81249,0.8203,0.81166,0.8168,0.81263,0.8204,0.81182,0.81692,0.00012,133421.41
2014-12-19,0.8168,0.81917,0.8122,0.81398,0.81692,0.81929,0.81233,0.81464,0.00066,94129.46
2014-12-22,0.81469,0.81726,0.81156,0.81191,0.81484,0.81741,0.8117,0.81203,0.00012,72601.25
2014-12-23,0.81192,0.81437,0.80877,0.81087,0.81204,0.81449,0.80887,0.81097,0.0001,66408.04
2014-12-24,0.81088,0.81235,0.81019,0.81053,0.81098,0.81246,0.81041,0.81183,0.0013,42749.94
2014-12-25,0.81053,0.81265,0.81032,0.81075,0.81163,0.81305,0.81066,0.81096,0.00021,14062.62
2014-12-26,0.8107,0.81319,0.81066,0.81175,0.81099,0.81334,0.81085,0.81247,0.00072,55318.83
2014-12-29,0.81126,0.81623,0.81126,0.81348,0.8114,0.81631,0.81134,0.81359,0.00011,65562.48
2014-12-30,0.81348,0.82028,0.81217,0.81826,0.81361,0.82039,0.81223,0.81837,0.00011,64985.25
2014-12-31,0.81826,0.82152,0.81569,0.81601,0.8184,0.8216,0.81585,0.81778,0.00177,57988.05
2015-01-01,0.8181,0.81818,0.81636,0.81791,0.81844,0.81845,0.81682,0.81804,0.00013,4884.93
2015-01-02,0.81791,0.81847,0.8077,0.80883,0.81804,0.81864,0.80786,0.8093,0.00047,74232.7
2015-01-05,0.80668,0.81068,0.8035,0.80968,0.80687,0.8108,0.80357,0.8098,0.00012,98094.44
2015-01-06,0.80968,0.81572,0.80663,0.80775,0.8098,0.81581,0.80675,0.80786,0.00011,119276.8
2015-01-07,0.80775,0.80897,0.80322,0.80741,0.80785,0.80908,0.80337,0.80751,0.0001,108305.1
2015-01-08,0.8076,0.81302,0.8076,0.81123,0.80765,0.81313,0.80765,0.81134,0.00011,98087.92
2015-01-09,0.81124,0.82081,0.81048,0.82013,0.81134,0.82091,0.81067,0.8206,0.00047,106278.66
2015-01-12,0.82218,0.82545,0.81303,0.81508,0.8223,0.82556,0.81315,0.81514,6e-05,108396.0
2015-01-13,0.81508,0.8198,0.81273,0.81701,0.81516,0.81989,0.81287,0.81711,0.0001,114368.9
2015-01-14,0.817,0.81886,0.80678,0.81401,0.8171,0.81899,0.80685,0.81413,0.00012,143883.44
2015-01-15,0.81399,0.82946,0.81329,0.82211,0.81413,0.82955,0.81341,0.8223,0.00019,164587.45
2015-01-16,0.82211,0.82557,0.81678,0.82211,0.8223,0.8257,0.8169,0.8229,0.00079,95460.33
2015-01-19,0.82249,0.82434,0.81853,0.8191,0.8226,0.82445,0.81868,0.81919,9e-05,87578.21
2015-01-20,0.8191,0.82177,0.81585,0.8163,0.81919,0.82187,0.81596,0.81642,0.00012,100683.28
2015-01-21,0.81629,0.82335,0.80775,0.81,0.81642,0.82347,0.80789,0.81024,0.00024,120057.3
2015-01-22,0.81,0.8136,0.79952,0.80165,0.81022,0.81373,0.7996,0.80177,0.00012,140218.0
2015-01-23,0.80166,0.80522,0.78807,0.79052,0.80178,0.80554,0.78816,0.79169,0.00117,136071.77
2015-01-26,0.7876,0.79332,0.78716,0.7921,0.78775,0.79345,0.78728,0.79221,0.00011,118358.96
2015-01-27,0.79213,0.79745,0.79053,0.79199,0.79221,0.79756,0.79063,0.79207,8e-05,120643.01
2015-01-28,0.79199,0.80244,0.78831,0.78908,0.79209,0.8026,0.78843,0.7892,0.00012,129199.53
2015-01-29,0.78907,0.79067,0.77196,0.7782,0.7892,0.79077,0.77208,0.77829,9e-05,120988.12
2015-01-30,0.77818,0.77973,0.77304,0.77652,0.77829,0.77979,0.77317,0.77675,0.00023,109571.05
2015-02-02,0.77798,0.78298,0.77654,0.77975,0.77809,0.78309,0.77662,0.77986,0.00011,104669.0
2015-02-03,0.77974,0.78521,0.76258,0.77621,0.77986,0.7853,0.76266,0.77634,0.00013,152048.44
2015-02-04,0.77621,0.78487,0.77427,0.77572,0.77636,0.78499,0.77432,0.77583,0.00011,129710.42
2015-02-05,0.77572,0.78242,0.77335,0.77986,0.77584,0.78253,0.77346,0.77995,9e-05,100495.0
2015-02-06,0.77985,0.78749,0.77781,0.77948,0.77996,0.78763,0.77791,0.77992,0.00044,94524.04
2015-02-09,0.77612,0.78342,0.77476,0.77952,0.77625,0.78351,0.77488,0.7796,8e-05,86714.97
2015-02-10,0.77952,0.78414,0.7747,0.7783,0.77962,0.78424,0.77481,0.77841,0.00011,97047.39
2015-02-11,0.7783,0.77941,0.76933,0.77211,0.77839,0.7795,0.76945,0.77222,0.00011,97177.03
2015-02-12,0.77209,0.77783,0.76436,0.77538,0.77224,0.77799,0.76445,0.77549,0.00011,128218.51
2015-02-13,0.77538,0.77921,0.77251,0.77716,0.77551,0.77932,0.77262,0.77752,0.00036,89446.83
2015-02-16,0.77641,0.77944,0.77511,0.77567,0.7765,0.77953,0.77524,0.77578,0.00011,87635.48
2015-02-17,0.77567,0.78284,0.77416,0.78103,0.77579,0.78295,0.77432,0.78113,0.0001,103447.99
2015-02-18,0.78097,0.7838,0.77732,0.78071,0.78113,0.78398,0.77742,0.78082,0.00011,98688.69
2015-02-19,0.78071,0.78429,0.77569,0.77954,0.78082,0.78437,0.7758,0.77965,0.00011,100279.64
2015-02-20,0.77954,0.78484,0.77891,0.78379,0.77965,0.78493,0.77902,0.78452,0.00073,103425.05
2015-02-23,0.7844,0.78447,0.77803,0.77982,0.7845,0.78459,0.7781,0.77992,0.0001,93205.36
2015-02-24,0.77982,0.7837,0.77392,0.78309,0.77992,0.78381,0.77402,0.7832,0.00011,109358.22
2015-02-25,0.78311,0.7901,0.783,0.78823,0.7832,0.79021,0.78307,0.78832,9e-05,98725.05
2015-02-26,0.78821,0.79126,0.77855,0.7803,0.78832,0.79135,0.7786,0.78036,6e-05,102161.84
2015-02-27,0.78027,0.78341,0.77771,0.78078,0.78033,0.78352,0.7778,0.78112,0.00034,89631.63
2015-03-02,0.7784,0.77978,0.77526,0.77553,0.77853,0.77987,0.77535,0.77557,4e-05,87754.5
2015-03-03,0.77553,0.78442,0.77507,0.78179,0.77561,0.78454,0.77522,0.78189,0.0001,96837.47
2015-03-04,0.78178,0.78602,0.77943,0.7822,0.78189,0.78613,0.77974,0.78229,9e-05,86183.41
2015-03-05,0.7822,0.78404,0.77539,0.77837,0.78229,0.78412,0.77549,0.77848,0.00011,87498.5
2015-03-06,0.77837,0.78451,0.7706,0.7713,0.77846,0.78481,0.7707,0.77208,0.00078,91410.35
2015-03-09,0.77203,0.77397,0.76709,0.76845,0.77215,0.77407,0.7672,0.76857,0.00012,94085.07
2015-03-10,0.76845,0.76845,0.76031,0.76399,0.76857,0.76857,0.76047,0.76411,0.00012,138304.41
2015-03-11,0.76399,0.76442,0.75601,0.76027,0.76411,0.76452,0.7561,0.76035,8e-05,135156.5
2015-03-12,0.76027,0.77305,0.7573,0.77064,0.76036,0.77323,0.75741,0.77075,0.00011,142371.19
2015-03-13,0.77064,0.77064,0.76094,0.7635,0.77076,0.77077,0.76104,0.76394,0.00044,103974.99
2015-03-16,0.76141,0.76791,0.7614,0.7642,0.76154,0.76803,0.76151,0.76428,8e-05,107315.92
2015-03-17,0.76422,0.76648,0.76052,0.76195,0.76428,0.76658,0.7606,0.76204,9e-05,113564.93
2015-03-18,0.76194,0.78462,0.75907,0.77776,0.76206,0.78482,0.75916,0.77792,0.00016,130466.0
2015-03-19,0.77776,0.78084,0.76114,0.76591,0.77792,0.78091,0.76124,0.76599,8e-05,143639.12
2015-03-20,0.76589,0.78019,0.76476,0.7769,0.76599,0.7803,0.76486,0.77788,0.00098,116216.06
2015-03-23,0.77819,0.79022,0.77627,0.78725,0.77833,0.79028,0.77641,0.78738,0.00013,152799.83
2015-03-24,0.78725,0.79376,0.78364,0.78616,0.78736,0.79387,0.78399,0.78625,9e-05,154359.91
2015-03-25,0.78618,0.79041,0.78239,0.78294,0.78629,0.79054,0.78248,0.78305,0.00011,124782.97
2015-03-26,0.78293,0.78837,0.78007,0.78311,0.78305,0.7885,0.78017,0.78318,7e-05,152571.56
2015-03-27,0.7831,0.78337,0.77446,0.77503,0.78318,0.78348,0.77456,0.77538,0.00035,127970.33
2015-03-30,0.7734,0.77391,0.76331,0.76563,0.77351,0.77403,0.76343,0.76575,0.00012,131713.62
2015-03-31,0.76563,0.76638,0.75906,0.7615,0.76574,0.7665,0.75916,0.76161,0.00011,136230.44
2015-04-01,0.7615,0.76633,0.75823,0.76038,0.76161,0.76643,0.75835,0.76048,0.0001,135181.06
2015-04-02,0.76038,0.76104,0.75325,0.75794,0.7605,0.76114,0.75337,0.75807,0.00013,124134.83
2015-04-03,0.75794,0.76953,0.757,0.76277,0.75808,0.7705,0.75714,0.76349,0.00072,62663.21
2015-04-06,0.76392,0.76667,0.75786,0.7589,0.76403,0.7668,0.75805,0.759,0.0001,68748.8
2015-04-07,0.7589,0.77106,0.75767,0.76391,0.75899,0.7712,0.75778,0.76401,0.0001,131894.69
2015-04-08,0.76391,0.77275,0.76359,0.76825,0.764,0.77284,0.76368,0.76835,0.0001,124360.74
2015-04-09,0.76824,0.7738,0.76596,0.77024,0.76834,0.77392,0.76605,0.77036,0.00012,119044.54
2015-04-10,0.77024,0.77209,0.76374,0.76714,0.77036,0.77225,0.76384,0.76777,0.00063,101576.35
2015-04-13,0.76639,0.76708,0.75525,0.75847,0.7665,0.76719,0.75532,0.75857,0.0001,113508.97
2015-04-14,0.75848,0.76483,0.75547,0.7614,0.75858,0.76492,0.75559,0.76149,9e-05,121725.97
2015-04-15,0.7614,0.76998,0.75713,0.76748,0.76148,0.77013,0.75721,0.7676,0.00012,129964.83
2015-04-16,0.76748,0.78215,0.76731,0.77854,0.76759,0.78227,0.76741,0.77864,0.0001,148555.86
2015-04-17,0.77852,0.78422,0.77587,0.7779,0.77864,0.78433,0.77597,0.7787,0.0008,137231.5
2015-04-20,0.78039,0.78259,0.77062,0.77196,0.78051,0.7827,0.77075,0.77208,0.00012,119839.2
2015-04-21,0.77196,0.77534,0.76825,0.77121,0.77207,0.77546,0.76836,0.77131,0.0001,129319.41
2015-04-22,0.7712,0.78066,0.77058,0.77451,0.7713,0.78079,0.77068,0.77463,0.00012,138239.12
2015-04-23,0.7745,0.77901,0.77106,0.77748,0.77463,0.77913,0.77114,0.7776,0.00012,142534.59
2015-04-24,0.77748,0.78404,0.7764,0.78221,0.7776,0.78413,0.7765,0.78299,0.00078,122670.32
2015-04-27,0.78294,0.78719,0.77913,0.78655,0.78304,0.78727,0.7792,0.78663,8e-05,123907.14
2015-04-28,0.78653,0.80272,0.78585,0.7996,0.78663,0.80282,0.78595,0.79969,9e-05,132758.08
2015-04-29,0.79958,0.80752,0.7976,0.79937,0.79969,0.80765,0.79771,0.79948,0.00011,161074.88
2015-04-30,0.79939,0.80219,0.78629,0.7897,0.7995,0.80229,0.78638,0.78982,0.00012,162187.88
2015-05-01,0.78972,0.79043,0.78029,0.78471,0.78983,0.79053,0.78039,0.7851,0.00039,112937.66
2015-05-04,0.78267,0.78515,0.78022,0.7838,0.78279,0.78525,0.78031,0.78392,0.00012,98041.38
2015-05-05,0.78381,0.79551,0.77845,0.79288,0.78391,0.79566,0.77905,0.79299,0.00011,150465.69
2015-05-06,0.79288,0.80301,0.79227,0.79531,0.79298,0.80311,0.79259,0.79542,0.00011,132910.5
2015-05-07,0.79531,0.80047,0.78901,0.78992,0.79541,0.80051,0.78907,0.79002,0.0001,135312.77
2015-05-08,0.78994,0.79676,0.78627,0.79307,0.79002,0.79688,0.78642,0.79354,0.00047,127759.1
2015-05-11,0.79242,0.7933,0.78759,0.78967,0.7925,0.79339,0.78765,0.78976,9e-05,117534.64
2015-05-12,0.78967,0.79996,0.78861,0.79897,0.78972,0.80004,0.7887,0.79908,0.00011,131577.45
2015-05-13,0.79897,0.81275,0.79639,0.81101,0.79905,0.81287,0.7965,0.81112,0.00011,144012.52
2015-05-14,0.811,0.81628,0.80628,0.80832,0.81112,0.8164,0.80639,0.80843,0.00011,156476.66
2015-05-15,0.80831,0.8089,0.7996,0.80323,0.80842,0.80898,0.79969,0.80381,0.00058,104015.46
2015-05-18,0.80429,0.80443,0.79769,0.79934,0.80442,0.80452,0.79777,0.79944,0.0001,95186.59
2015-05-19,0.79933,0.80098,0.7906,0.7922,0.79943,0.80109,0.79071,0.7923,0.0001,108896.83
2015-05-20,0.79218,0.79344,0.78606,0.78773,0.79228,0.79354,0.78619,0.78782,9e-05,114275.83
2015-05-21,0.78774,0.79132,0.78663,0.78975,0.78785,0.79138,0.78672,0.78982,7e-05,101190.41
2015-05-22,0.78975,0.79312,0.78102,0.78286,0.78984,0.79322,0.78111,0.78324,0.00038,101764.54
2015-05-25,0.78114,0.78393,0.78035,0.78221,0.78124,0.78403,0.78042,0.7823,9e-05,62805.89
2015-05-26,0.78225,0.78394,0.77261,0.77444,0.78233,0.78401,0.77279,0.77448,4e-05,98525.66
2015-05-27,0.77444,0.77686,0.76908,0.77349,0.77449,0.77693,0.76915,0.77359,0.0001,100275.18
2015-05-28,0.77348,0.77607,0.76173,0.7656,0.77359,0.77614,0.76182,0.76569,9e-05,119575.65
2015-05-29,0.7656,0.76743,0.7629,0.76408,0.76571,0.76748,0.76299,0.76468,0.0006,97315.66
2015-06-01,0.76412,0.76681,0.75978,0.76137,0.76419,0.7669,0.75987,0.76146,9e-05,105125.88
2015-06-02,0.7614,0.77899,0.76123,0.77596,0.76147,0.7791,0.76133,0.77605,9e-05,142965.17
2015-06-03,0.77596,0.78189,0.77511,0.77706,0.77606,0.78196,0.77518,0.77714,8e-05,130605.43
2015-06-04,0.77705,0.77793,0.7664,0.76864,0.77713,0.77803,0.76648,0.76871,7e-05,126356.22
2015-06-05,0.76865,0.77261,0.75985,0.76158,0.76871,0.77409,0.75994,0.76214,0.00056,93379.0
2015-06-08,0.76157,0.77118,0.76026,0.76871,0.76169,0.77134,0.76038,0.76881,0.0001,96815.43
2015-06-09,0.76872,0.7722,0.76461,0.76864,0.76883,0.77237,0.7647,0.76872,8e-05,112874.0
2015-06-10,0.76864,0.77848,0.76354,0.77277,0.76872,0.77859,0.76366,0.77286,9e-05,135736.73
2015-06-11,0.77276,0.77926,0.7693,0.77475,0.77288,0.77939,0.76939,0.77479,4e-05,115984.75
2015-06-12,0.77476,0.77573,0.76777,0.77245,0.7748,0.77585,0.76788,0.77324,0.00079,94020.82
2015-06-15,0.77285,0.77765,0.77035,0.77572,0.77298,0.77775,0.77043,0.7758,8e-05,91546.81
2015-06-16,0.77572,0.77799,0.77218,0.77449,0.77581,0.77812,0.77223,0.77456,7e-05,79982.93
2015-06-17,0.77448,0.77698,0.76439,0.77207,0.77457,0.77703,0.76477,0.77215,8e-05,103747.43
2015-06-18,0.77201,0.78486,0.77101,0.779,0.7721,0.78498,0.77111,0.77912,0.00012,112140.44
2015-06-19,0.77899,0.78077,0.77361,0.77712,0.77909,0.78086,0.7737,0.77727,0.00015,76952.25
2015-06-22,0.77652,0.77961,0.77207,0.77285,0.77661,0.7797,0.77216,0.77294,9e-05,87233.16
2015-06-23,0.77284,0.77483,0.76792,0.77428,0.77294,0.77487,0.768,0.77437,9e-05,93227.99
2015-06-24,0.77429,0.77705,0.76828,0.77059,0.77438,0.77715,0.76838,0.77069,0.0001,91870.79
2015-06-25,0.7706,0.77521,0.77055,0.77315,0.7707,0.7753,0.77066,0.77326,0.00011,84676.94
2015-06-26,0.77315,0.77342,0.76301,0.76557,0.77326,0.77351,0.76309,0.76637,0.0008,73985.11
2015-06-29,0.76181,0.7712,0.76126,0.76714,0.76193,0.77131,0.76139,0.76724,0.0001,104737.24
2015-06-30,0.76714,0.7724,0.76595,0.76918,0.76726,0.77249,0.76603,0.76934,0.00016,113947.93
2015-07-01,0.76918,0.77384,0.76329,0.76369,0.76933,0.77392,0.7634,0.76379,0.0001,97070.87
2015-07-02,0.76369,0.7657,0.75893,0.76361,0.76381,0.7658,0.75901,0.76372,0.00011,105327.39
2015-07-03,0.76361,0.76484,0.75059,0.75105,0.76373,0.76495,0.75101,0.75234,0.00129,84653.57
2015-07-06,0.7485,0.75323,0.74637,0.74746,0.74862,0.75332,0.74648,0.74755,9e-05,94431.75
2015-07-07,0.74747,0.74989,0.73977,0.74542,0.74756,0.74999,0.73984,0.74552,0.0001,109554.21
2015-07-08,0.7454,0.74555,0.73719,0.74205,0.7455,0.74565,0.73729,0.74219,0.00014,108169.62
2015-07-09,0.74201,0.74915,0.73921,0.74591,0.74214,0.74924,0.73932,0.74602,0.00011,104671.92
2015-07-10,0.7459,0.7496,0.74092,0.74398,0.74603,0.74971,0.74101,0.74473,0.00075,89997.78
2015-07-13,0.74198,0.74681,0.73826,0.73909,0.74206,0.74694,0.73837,0.73921,0.00012,113103.79
2015-07-14,0.73909,0.74785,0.73873,0.74455,0.73921,0.74796,0.73884,0.74467,0.00012,107319.75
2015-07-15,0.74452,0.74886,0.73534,0.737,0.74463,0.74892,0.73543,0.73712,0.00012,122818.68
2015-07-16,0.73704,0.74367,0.73493,0.74134,0.73714,0.74378,0.735,0.74145,0.00011,103318.51
2015-07-17,0.74135,0.74185,0.73672,0.73691,0.74145,0.74194,0.73678,0.7375,0.00059,74296.97
2015-07-20,0.73675,0.73971,0.73273,0.73736,0.73684,0.73982,0.73288,0.73743,7e-05,105081.38
2015-07-21,0.73734,0.74491,0.73407,0.74234,0.73743,0.74502,0.73419,0.74243,9e-05,119757.26
2015-07-22,0.74231,0.74383,0.73586,0.73732,0.74243,0.74395,0.73614,0.73745,0.00013,116837.99
2015-07-23,0.73735,0.74174,0.73491,0.73569,0.73745,0.74181,0.73507,0.7358,0.00011,108392.32
2015-07-24,0.73572,0.73574,0.72596,0.72783,0.73583,0.73586,0.72605,0.72851,0.00068,91550.54
2015-07-27,0.72734,0.73241,0.72643,0.72753,0.72745,0.73255,0.72661,0.72763,0.0001,106949.83
2015-07-28,0.72752,0.73487,0.72566,0.73478,0.72763,0.73511,0.72577,0.73487,9e-05,113900.1
2015-07-29,0.73475,0.73505,0.7282,0.72962,0.73482,0.73514,0.72826,0.72971,9e-05,109332.2
2015-07-30,0.72961,0.73223,0.72542,0.72952,0.72971,0.73234,0.72556,0.72964,0.00012,107476.34
2015-07-31,0.72951,0.73657,0.72343,0.72989,0.72965,0.73674,0.72356,0.73069,0.0008,104369.88
2015-08-03,0.72954,0.73121,0.72596,0.72742,0.72965,0.73145,0.72606,0.72751,9e-05,90287.49
2015-08-04,0.72742,0.74278,0.7263,0.73743,0.72752,0.74291,0.72641,0.73755,0.00012,123497.28
2015-08-05,0.73744,0.73949,0.73337,0.73487,0.73757,0.73962,0.7335,0.73498,0.00011,114551.44
2015-08-06,0.7349,0.73916,0.73146,0.73436,0.73498,0.73952,0.73155,0.7345,0.00014,106938.85
2015-08-07,0.73437,0.74187,0.73332,0.74156,0.7345,0.74208,0.73346,0.74207,0.00051,103750.41
2015-08-10,0.73972,0.74219,0.73532,0.7412,0.73979,0.74226,0.73542,0.74131,0.00011,88800.15
2015-08-11,0.74121,0.7439,0.72831,0.73135,0.74131,0.74401,0.72841,0.73148,0.00013,116325.46
2015-08-12,0.73134,0.73889,0.72154,0.73809,0.73148,0.73899,0.72169,0.73823,0.00014,127755.52
2015-08-13,0.7381,0.74088,0.73228,0.73746,0.73822,0.74096,0.73236,0.73759,0.00013,111451.31
2015-08-14,0.73744,0.73974,0.73546,0.73724,0.73756,0.73982,0.73555,0.73804,0.0008,88746.54
2015-08-17,0.73675,0.73887,0.73435,0.73713,0.73688,0.73899,0.73442,0.73724,0.00011,79036.79
2015-08-18,0.73712,0.73858,0.73195,0.73392,0.73722,0.73868,0.73207,0.73401,9e-05,89221.45
2015-08-19,0.7339,0.73749,0.73119,0.73539,0.73403,0.73762,0.73129,0.7355,0.00011,97596.89
2015-08-20,0.73539,0.73726,0.72844,0.73335,0.73552,0.73738,0.72853,0.73345,0.0001,93083.46
2015-08-21,0.73334,0.73597,0.72869,0.73103,0.73347,0.73607,0.72879,0.73172,0.00069,107188.57
2015-08-24,0.72527,0.7275,0.7043,0.7175,0.72539,0.72765,0.70448,0.71763,0.00013,136763.69
2015-08-25,0.7175,0.72497,0.70986,0.71002,0.71762,0.725,0.70999,0.71018,0.00016,120340.62
2015-08-26,0.71008,0.71525,0.70693,0.71196,0.7102,0.71533,0.70704,0.71208,0.00012,126911.34
2015-08-27,0.71199,0.71809,0.70985,0.71754,0.7121,0.71819,0.70994,0.71762,8e-05,113625.03
2015-08-28,0.7175,0.72054,0.71204,0.71679,0.71762,0.72064,0.71214,0.71738,0.00059,101131.76
2015-08-31,0.7138,0.71584,0.7082,0.71095,0.71392,0.71593,0.70832,0.71107,0.00012,82830.33
2015-09-01,0.71095,0.71535,0.69981,0.70098,0.71104,0.71547,0.6999,0.70108,0.0001,118692.7
2015-09-02,0.70099,0.70615,0.6982,0.70447,0.70108,0.70625,0.69829,0.7046,0.00013,108067.42
2015-09-03,0.70445,0.70625,0.69919,0.70198,0.70458,0.70634,0.69929,0.70209,0.00011,92329.71
2015-09-04,0.70195,0.70208,0.6907,0.69071,0.70207,0.70218,0.69088,0.69088,0.00017,89739.25
2015-09-07,0.69348,0.6951,0.69139,0.69462,0.69363,0.69521,0.69148,0.69475,0.00013,103990.69
2015-09-08,0.69462,0.70392,0.69327,0.70352,0.69476,0.70403,0.69344,0.70364,0.00012,90407.98
2015-09-09,0.70353,0.707,0.69594,0.69598,0.70364,0.70706,0.69601,0.6961,0.00012,93525.48
2015-09-10,0.69601,0.70991,0.69452,0.7073,0.69612,0.71005,0.69465,0.70741,0.00011,124732.35
2015-09-11,0.7073,0.70917,0.70351,0.70885,0.70741,0.70951,0.70362,0.70951,0.00066,68586.93
2015-09-14,0.70978,0.71643,0.70629,0.71609,0.70989,0.71655,0.7064,0.71621,0.00012,80738.11
2015-09-15,0.71609,0.71654,0.7085,0.71247,0.7162,0.71666,0.7086,0.71259,0.00012,77625.71
2015-09-16,0.71247,0.72003,0.71227,0.71996,0.71253,0.72012,0.71238,0.72005,9e-05,79527.32
2015-09-17,0.71994,0.7275,0.71376,0.7188,0.72006,0.72764,0.71384,0.71892,0.00012,103973.66
2015-09-18,0.71882,0.72796,0.71672,0.71893,0.71892,0.72804,0.71688,0.71931,0.00038,95264.97
2015-09-21,0.71893,0.71967,0.71207,0.71266,0.71908,0.71975,0.71223,0.71277,0.00011,69695.41
2015-09-22,0.71265,0.71586,0.70565,0.70741,0.71277,0.71595,0.70575,0.70753,0.00012,73812.2
2015-09-23,0.70741,0.70842,0.69887,0.69971,0.70754,0.70853,0.69896,0.69981,0.0001,80768.56
2015-09-24,0.69972,0.7042,0.69381,0.70089,0.69983,0.70433,0.69394,0.70102,0.00013,99051.04
2015-09-25,0.70088,0.70419,0.69904,0.70216,0.70101,0.70432,0.69914,0.70285,0.00069,69814.56
2015-09-28,0.70176,0.70359,0.69694,0.69699,0.70185,0.70369,0.69703,0.69711,0.00012,69678.04
2015-09-29,0.69701,0.70234,0.69365,0.70056,0.69712,0.70248,0.69376,0.70072,0.00016,91496.69
2015-09-30,0.70061,0.70381,0.69891,0.70083,0.70074,0.70392,0.69901,0.70095,0.00012,91305.87
2015-10-01,0.70085,0.70845,0.70047,0.70381,0.70096,0.70853,0.70059,0.70391,0.0001,87691.6
2015-10-02,0.70381,0.70652,0.7002,0.70437,0.70391,0.70697,0.70032,0.70502,0.00065,76033.36
2015-10-05,0.70456,0.71105,0.70422,0.70846,0.70467,0.71112,0.70435,0.70856,0.0001,78032.93
2015-10-06,0.70845,0.71747,0.70664,0.71575,0.70856,0.71758,0.70692,0.71588,0.00013,85036.26
2015-10-07,0.71575,0.72342,0.71494,0.71941,0.71588,0.72351,0.71501,0.71949,8e-05,99874.84
2015-10-08,0.71941,0.72712,0.71646,0.72662,0.71949,0.7272,0.71658,0.72672,0.0001,91735.51
2015-10-09,0.72661,0.73438,0.7259,0.73328,0.72673,0.73446,0.72599,0.73391,0.00063,93625.21
2015-10-12,0.73123,0.73817,0.73046,0.73425,0.73136,0.73827,0.73058,0.73434,9e-05,72030.08
2015-10-13,0.73424,0.7349,0.71981,0.72212,0.73436,0.7351,0.71994,0.72222,0.0001,106491.24
2015-10-14,0.72211,0.73207,0.72012,0.73207,0.72224,0.73216,0.7202,0.73214,7e-05,110680.6
2015-10-15,0.73206,0.73632,0.72654,0.73252,0.73214,0.73642,0.72664,0.73262,0.0001,124951.11
2015-10-16,0.73251,0.73254,0.72494,0.72662,0.7326,0.73265,0.72503,0.72742,0.0008,84951.25
2015-10-19,0.72587,0.73069,0.72385,0.72576,0.72603,0.7308,0.72395,0.72588,0.00012,78017.49
2015-10-20,0.72577,0.72976,0.72465,0.72667,0.72589,0.72985,0.72479,0.72679,0.00012,78823.31
2015-10-21,0.72667,0.72757,0.7202,0.72122,0.72679,0.72767,0.7203,0.72135,0.00013,85916.6
2015-10-22,0.72123,0.7239,0.71829,0.72109,0.72135,0.724,0.71835,0.72121,0.00012,96325.7
2015-10-23,0.72109,0.72958,0.72014,0.72172,0.72115,0.7297,0.72024,0.72224,0.00052,86057.62
2015-10-26,0.72211,0.72692,0.72189,0.72478,0.72221,0.72701,0.72202,0.72488,0.0001,80585.43
2015-10-27,0.72479,0.72583,0.71787,0.71931,0.72489,0.72591,0.71799,0.71944,0.00013,81466.62
2015-10-28,0.71932,0.71959,0.70803,0.70942,0.71943,0.71967,0.70812,0.70956,0.00014,101562.91
2015-10-29,0.7095,0.71189,0.70671,0.70886,0.70958,0.71198,0.70685,0.70901,0.00015,95738.89
2015-10-30,0.7089,0.71481,0.7084,0.71354,0.70902,0.7149,0.70848,0.71405,0.00051,98939.86
2015-11-02,0.71331,0.71651,0.71281,0.71564,0.71343,0.71665,0.71291,0.71577,0.00013,79969.22
2015-11-03,0.71564,0.72188,0.71112,0.71881,0.71576,0.72192,0.71193,0.71892,0.00011,94869.36
2015-11-04,0.71881,0.72237,0.71262,0.7135,0.71894,0.72247,0.71272,0.71357,7e-05,94574.03
2015-11-05,0.7135,0.71694,0.71253,0.71457,0.71357,0.71702,0.71262,0.71469,0.00012,92331.73
2015-11-06,0.71457,0.71693,0.70224,0.70396,0.71469,0.71702,0.70234,0.70452,0.00056,98447.06
2015-11-09,0.70367,0.70698,0.7031,0.70502,0.70382,0.70707,0.70321,0.70512,0.0001,99466.5
2015-11-10,0.70502,0.7064,0.70155,0.70429,0.70512,0.70649,0.70167,0.70436,7e-05,96200.55
2015-11-11,0.70426,0.70779,0.70397,0.70678,0.70435,0.70788,0.70408,0.70689,0.00011,85975.72
2015-11-12,0.7068,0.71539,0.70596,0.71332,0.70689,0.71549,0.7062,0.71339,7e-05,110571.22
2015-11-13,0.71331,0.71587,0.71062,0.71262,0.7134,0.71599,0.71069,0.71295,0.00033,84435.81
2015-11-16,0.71064,0.71321,0.70802,0.70921,0.71078,0.71332,0.70811,0.7093,9e-05,93309.79
2015-11-17,0.70919,0.71396,0.70722,0.71116,0.70931,0.71406,0.70732,0.71126,0.0001,98386.2
2015-11-18,0.71115,0.7126,0.70682,0.71166,0.71127,0.71272,0.70701,0.71178,0.00012,92442.03
2015-11-19,0.71165,0.72143,0.71158,0.71899,0.71178,0.72152,0.7117,0.71907,8e-05,104490.98
2015-11-20,0.71897,0.725,0.71834,0.72358,0.7191,0.72509,0.71841,0.72399,0.00041,93200.32
2015-11-23,0.72241,0.72275,0.71588,0.71856,0.72253,0.72284,0.71596,0.71868,0.00012,98952.24
2015-11-24,0.71856,0.7274,0.71852,0.72529,0.71867,0.72758,0.71863,0.7254,0.00011,94419.96
2015-11-25,0.72529,0.72828,0.72269,0.72531,0.7254,0.72833,0.72277,0.72541,0.0001,95694.31
2015-11-26,0.72529,0.72621,0.72102,0.72172,0.7254,0.72632,0.72111,0.72181,9e-05,92829.74
2015-11-27,0.72172,0.72393,0.71849,0.71914,0.72181,0.72406,0.71856,0.71974,0.0006,75574.81
2015-11-30,0.71829,0.72497,0.717,0.72308,0.71845,0.72506,0.71709,0.72317,9e-05,92085.69
2015-12-01,0.72308,0.7336,0.72244,0.7322,0.72317,0.73369,0.72265,0.73228,8e-05,125886.19
2015-12-02,0.73221,0.73424,0.72929,0.73014,0.73231,0.7344,0.72942,0.73024,0.0001,126883.37
2015-12-03,0.73016,0.7363,0.72838,0.73289,0.73023,0.73639,0.72845,0.73302,0.00013,138937.31
2015-12-04,0.73289,0.7385,0.72794,0.73359,0.73303,0.73857,0.728,0.73433,0.00074,128501.47
2015-12-07,0.73377,0.7339,0.72547,0.72549,0.73391,0.734,0.72561,0.72561,0.00012,112504.03
2015-12-08,0.72548,0.727,0.71862,0.72222,0.72561,0.72711,0.71872,0.72234,0.00012,124070.83
2015-12-09,0.7222,0.72448,0.71719,0.72326,0.72231,0.7246,0.71728,0.72332,6e-05,130072.86
2015-12-10,0.72327,0.7334,0.7231,0.72708,0.72335,0.73352,0.72325,0.72717,9e-05,114344.55
2015-12-11,0.72707,0.72707,0.71816,0.71846,0.72719,0.72719,0.71858,0.71902,0.00056,103165.27
2015-12-14,0.71634,0.72694,0.7161,0.7253,0.71643,0.72703,0.71622,0.72544,0.00014,118357.63
2015-12-15,0.7253,0.72827,0.71605,0.71991,0.72544,0.72837,0.7161,0.72003,0.00012,132556.61
2015-12-16,0.71992,0.72799,0.7176,0.72017,0.72003,0.7281,0.71774,0.7203,0.00013,135110.22
2015-12-17,0.72015,0.72151,0.70967,0.71276,0.72031,0.72162,0.70977,0.71287,0.00011,132034.66
2015-12-18,0.71278,0.72002,0.71147,0.717,0.71288,0.72008,0.71157,0.71769,0.00069,102656.07
2015-12-21,0.71684,0.71979,0.71549,0.71967,0.71697,0.71987,0.71559,0.71979,0.00012,93011.69
2015-12-22,0.71963,0.72487,0.71887,0.723,0.71979,0.72496,0.71899,0.72309,9e-05,78058.33
2015-12-23,0.72299,0.72475,0.72088,0.72314,0.72309,0.72485,0.72097,0.72326,0.00012,85647.87
2015-12-24,0.72312,0.72824,0.72309,0.72635,0.72326,0.72846,0.72321,0.72722,0.00087,61887.46
2015-12-25,0.72635,0.72869,0.72447,0.72774,0.72716,0.72896,0.72645,0.72861,0.00087,3232.63
2015-12-28,0.72808,0.7281,0.72445,0.72556,0.72828,0.72829,0.72462,0.7257,0.00014,70444.08
2015-12-29,0.72556,0.73027,0.72547,0.72885,0.72572,0.73035,0.72559,0.72899,0.00014,75848.42
2015-12-30,0.72887,0.73031,0.72696,0.72815,0.729,0.73042,0.72719,0.72829,0.00014,82316.9
2015-12-31,0.72816,0.7327,0.72662,0.72864,0.72831,0.73281,0.72674,0.72932,0.00068,73322.65
2016-01-04,0.7284,0.72898,0.71556,0.71832,0.72854,0.72908,0.71563,0.71837,5e-05,111851.34
2016-01-05,0.71832,0.72143,0.71319,0.71595,0.71843,0.72153,0.71329,0.71606,0.00011,123944.75
2016-01-06,0.71594,0.71713,0.70482,0.70785,0.71607,0.71723,0.7049,0.70796,0.00011,145987.53
2016-01-07,0.70786,0.70858,0.69803,0.70128,0.70796,0.70868,0.69811,0.70139,0.00011,155322.69
2016-01-08,0.70127,0.70758,0.69494,0.69512,0.70143,0.7078,0.69522,0.69554,0.00042,135422.52
2016-01-11,0.69373,0.70354,0.69338,0.69859,0.69388,0.70362,0.69353,0.69873,0.00014,147119.59
2016-01-12,0.69858,0.70205,0.69397,0.69833,0.69873,0.70214,0.69405,0.69846,0.00013,149859.45
2016-01-13,0.69832,0.70483,0.69317,0.69354,0.69847,0.70492,0.6933,0.69363,9e-05,143256.48
2016-01-14,0.69355,0.70017,0.69097,0.69953,0.69363,0.70027,0.69107,0.69966,0.00013,159583.05
2016-01-15,0.69952,0.69955,0.68267,0.68579,0.69967,0.69969,0.68278,0.68653,0.00074,140599.84
2016-01-18,0.6857,0.69277,0.68506,0.68724,0.68589,0.69293,0.68519,0.68739,0.00015,114526.72
2016-01-19,0.68723,0.6957,0.68381,0.69107,0.6874,0.69581,0.68392,0.69117,0.0001,141080.12
2016-01-20,0.69103,0.69412,0.68277,0.69403,0.69114,0.69423,0.68289,0.69416,0.00013,167134.17
2016-01-21,0.69401,0.70169,0.68751,0.70151,0.69416,0.70181,0.6876,0.70163,0.00012,176086.84
2016-01-22,0.70153,0.70456,0.69859,0.69997,0.70163,0.70465,0.69868,0.7007,0.00073,129283.93
2016-01-25,0.69989,0.7031,0.69353,0.69379,0.70004,0.70322,0.69363,0.69389,0.0001,127482.6
2016-01-26,0.69378,0.7021,0.69185,0.70038,0.69389,0.7022,0.69195,0.70051,0.00013,134645.09
2016-01-27,0.70037,0.70812,0.69917,0.70096,0.70054,0.70821,0.69937,0.70106,0.0001,163446.28
2016-01-28,0.70091,0.71281,0.70076,0.70821,0.70101,0.7129,0.70086,0.70831,0.0001,148673.42
2016-01-29,0.70819,0.71406,0.70584,0.70828,0.70834,0.71414,0.70593,0.70859,0.00031,140659.38
2016-02-01,0.70678,0.71208,0.70419,0.71067,0.70693,0.71217,0.70434,0.7108,0.00013,118995.54
2016-02-02,0.71068,0.71289,0.70225,0.70252,0.71081,0.71298,0.70243,0.70265,0.00013,131186.66
2016-02-03,0.70252,0.71887,0.70025,0.71561,0.70265,0.71899,0.70034,0.71574,0.00013,146146.52
2016-02-04,0.71562,0.72424,0.71562,0.71982,0.71574,0.72434,0.71573,0.71993,0.00011,132594.73
2016-02-05,0.71982,0.72179,0.7062,0.70624,0.71992,0.72209,0.70654,0.70701,0.00077,109961.11
2016-02-08,0.70841,0.71282,0.70502,0.70743,0.70852,0.71292,0.70512,0.70757,0.00014,128287.64
2016-02-09,0.70741,0.70954,0.69732,0.70636,0.70759,0.70964,0.69741,0.70648,0.00012,150050.78
2016-02-10,0.70634,0.71248,0.70371,0.71015,0.70648,0.71258,0.70385,0.71028,0.00013,151123.66
2016-02-11,0.71014,0.71528,0.69836,0.7123,0.71028,0.71541,0.69849,0.71244,0.00014,166332.92
2016-02-12,0.71228,0.71269,0.70632,0.71046,0.71244,0.7128,0.70642,0.71105,0.00059,123577.86
2016-02-15,0.71138,0.71712,0.71086,0.71456,0.71159,0.71724,0.71098,0.71471,0.00015,100754.24
2016-02-16,0.71457,0.71814,0.70812,0.71166,0.71472,0.71824,0.7082,0.71178,0.00012,112696.48
2016-02-17,0.71165,0.71861,0.70838,0.7172,0.71176,0.71876,0.70849,0.71738,0.00018,137301.86
2016-02-18,0.7172,0.71814,0.71327,0.7149,0.71738,0.71826,0.71337,0.71501,0.00011,119204.9
2016-02-19,0.7149,0.71537,0.70687,0.71454,0.71503,0.71548,0.70697,0.71508,0.00054,106883.86
2016-02-22,0.71425,0.72465,0.71384,0.72308,0.71435,0.72474,0.71398,0.7232,0.00012,107599.82
2016-02-23,0.72307,0.72589,0.71849,0.71939,0.7232,0.72597,0.71867,0.71953,0.00014,118146.03
2016-02-24,0.71937,0.72129,0.71454,0.71915,0.71949,0.72139,0.71463,0.71928,0.00013,130882.1
2016-02-25,0.71916,0.7243,0.71558,0.72353,0.71929,0.72441,0.71571,0.72367,0.00014,133382.3
2016-02-26,0.72351,0.72562,0.71178,0.71234,0.72366,0.7257,0.71188,0.71284,0.0005,112361.5
2016-02-29,0.71262,0.71676,0.71084,0.71392,0.71276,0.71689,0.71091,0.71404,0.00012,124291.12
2016-03-01,0.71392,0.71919,0.71088,0.71806,0.71402,0.71929,0.71099,0.7182,0.00014,137362.7
2016-03-02,0.71806,0.73007,0.71645,0.7285,0.71818,0.73017,0.71661,0.72861,0.00011,139713.44
2016-03-03,0.7285,0.73733,0.72811,0.7356,0.72862,0.73745,0.72821,0.73571,0.00011,142171.81
2016-03-04,0.7356,0.74427,0.73394,0.74371,0.73573,0.74438,0.73405,0.74404,0.00033,143787.92
2016-03-07,0.74059,0.74843,0.73925,0.74563,0.74072,0.74851,0.73933,0.74575,0.00012,115588.8
2016-03-08,0.74565,0.74698,0.74097,0.74325,0.74575,0.74706,0.74106,0.74339,0.00014,120048.55
2016-03-09,0.74325,0.75279,0.74118,0.74667,0.7434,0.75286,0.74126,0.7468,0.00013,142551.47
2016-03-10,0.74667,0.75115,0.74265,0.74573,0.74682,0.75128,0.74275,0.74582,9e-05,171778.28
2016-03-11,0.74574,0.75832,0.7446,0.75644,0.74582,0.75841,0.74472,0.75691,0.00047,124968.44
2016-03-14,0.75609,0.75931,0.74917,0.75176,0.7562,0.75944,0.74926,0.75188,0.00012,118613.92
2016-03-15,0.75176,0.75271,0.74449,0.74613,0.75186,0.75285,0.74457,0.74625,0.00012,138714.38
2016-03-16,0.74613,0.7574,0.74142,0.75422,0.74624,0.75789,0.74154,0.75435,0.00013,134059.91
2016-03-17,0.75422,0.76586,0.7542,0.76458,0.75434,0.76595,0.75431,0.76468,0.0001,169268.56
2016-03-18,0.76459,0.76797,0.75947,0.7599,0.7647,0.76812,0.75959,0.76049,0.00059,116881.81
2016-03-21,0.75925,0.76261,0.75683,0.75685,0.75938,0.7627,0.75695,0.75699,0.00014,125863.23
2016-03-22,0.75685,0.76423,0.75507,0.7619,0.75698,0.76437,0.7552,0.76202,0.00012,117604.81
2016-03-23,0.7619,0.76484,0.75193,0.75331,0.76205,0.76497,0.752,0.75341,0.0001,120620.01
2016-03-24,0.75331,0.75338,0.74768,0.75246,0.75341,0.75352,0.74779,0.7527,0.00024,104149.49
2016-03-25,0.75246,0.75348,0.74976,0.75017,0.7527,0.75362,0.75018,0.75127,0.0011,35082.08
2016-03-28,0.75009,0.75576,0.74926,0.75524,0.75027,0.75584,0.74939,0.75539,0.00015,65794.08
2016-03-29,0.75524,0.76446,0.75099,0.76351,0.75539,0.76459,0.75107,0.76364,0.00013,121731.01
2016-03-30,0.7635,0.77084,0.76146,0.76573,0.76363,0.77096,0.76158,0.7659,0.00017,142952.14
2016-03-31,0.76572,0.77221,0.76338,0.76678,0.76588,0.77234,0.76352,0.76689,0.00011,124207.83
2016-04-01,0.76677,0.77002,0.7599,0.76755,0.76691,0.77018,0.75997,0.76807,0.00052,112693.72
2016-04-04,0.76662,0.76729,0.7595,0.75959,0.76673,0.76738,0.75964,0.75971,0.00012,102503.24
2016-04-05,0.75958,0.76305,0.751,0.7544,0.75969,0.76315,0.75107,0.75451,0.00011,125073.7
2016-04-06,0.7544,0.76191,0.75323,0.761,0.75453,0.76197,0.75334,0.76114,0.00014,108484.68
2016-04-07,0.76101,0.76369,0.74914,0.75132,0.76116,0.7638,0.74922,0.75142,0.0001,119947.95
2016-04-08,0.75131,0.75789,0.75085,0.75497,0.75142,0.75799,0.75097,0.75557,0.0006,96260.04
2016-04-11,0.75633,0.76298,0.75276,0.75922,0.75644,0.7631,0.75287,0.75936,0.00014,111139.76
2016-04-12,0.75921,0.76894,0.75829,0.76841,0.75935,0.76901,0.7584,0.76853,0.00012,113624.57
2016-04-13,0.76841,0.77158,0.76339,0.76579,0.76852,0.77167,0.76347,0.76591,0.00012,117218.97
2016-04-14,0.76579,0.77366,0.76188,0.76897,0.76592,0.77374,0.76198,0.76909,0.00012,109730.01
2016-04-15,0.76895,0.77339,0.76803,0.77199,0.76907,0.77348,0.76814,0.77301,0.00102,98681.37
2016-04-18,0.76436,0.77746,0.76345,0.77685,0.7645,0.77758,0.76359,0.77696,0.00011,123430.52
2016-04-19,0.77684,0.78258,0.77595,0.77966,0.77696,0.78269,0.77606,0.7798,0.00014,114352.38
2016-04-20,0.77966,0.78289,0.77666,0.78,0.77982,0.78299,0.77675,0.78013,0.00013,126030.46
2016-04-21,0.77999,0.78344,0.77324,0.77441,0.78012,0.78353,0.77334,0.77452,0.00011,134082.31
2016-04-22,0.77441,0.77737,0.76934,0.77069,0.77451,0.77749,0.76947,0.77122,0.00053,120919.22
2016-04-25,0.77091,0.77289,0.76907,0.77141,0.77103,0.77293,0.76919,0.7715,9e-05,108064.87
2016-04-26,0.77137,0.77649,0.76965,0.7745,0.77149,0.7766,0.76976,0.77463,0.00013,111329.37
2016-04-27,0.7745,0.77648,0.75478,0.7603,0.7746,0.77661,0.75495,0.76041,0.00011,146146.45
2016-04-28,0.76027,0.76572,0.7576,0.7632,0.76038,0.76583,0.75774,0.7633,0.0001,140586.88
2016-04-29,0.76321,0.76681,0.75869,0.76048,0.7633,0.76688,0.75883,0.76081,0.00033,122529.1
2016-05-02,0.76149,0.76711,0.75943,0.7662,0.76162,0.76723,0.75954,0.7663,0.0001,102118.29
2016-05-03,0.76621,0.77182,0.74814,0.74969,0.76631,0.77209,0.74834,0.74979,0.0001,141597.31
2016-05-04,0.74969,0.7517,0.74465,0.7464,0.74978,0.7518,0.74475,0.74649,9e-05,125827.53
2016-05-05,0.7464,0.75135,0.74557,0.74768,0.74647,0.75143,0.74565,0.74774,6e-05,98443.05
2016-05-06,0.74767,0.74767,0.73373,0.7367,0.74775,0.74775,0.73383,0.73745,0.00075,110197.7
2016-05-09,0.73727,0.7385,0.73018,0.73147,0.73735,0.73858,0.73033,0.73158,0.00011,96997.46
2016-05-10,0.73145,0.73806,0.72996,0.73693,0.73159,0.73851,0.73005,0.73703,0.0001,100736.6
2016-05-11,0.73694,0.7402,0.73357,0.7354,0.73703,0.74025,0.73365,0.73548,8e-05,101325.13
2016-05-12,0.73537,0.73729,0.73095,0.7316,0.73547,0.7374,0.73108,0.73172,0.00012,98178.74
2016-05-13,0.73159,0.73192,0.72538,0.72655,0.73172,0.73203,0.72546,0.72728,0.00073,108704.95
2016-05-16,0.72725,0.73085,0.72687,0.72861,0.72736,0.73093,0.72693,0.72872,0.00011,72669.52
2016-05-17,0.72863,0.73659,0.72821,0.73168,0.72873,0.7367,0.7283,0.73177,9e-05,90482.03
2016-05-18,0.73168,0.73174,0.72149,0.72211,0.7318,0.73185,0.72169,0.72223,0.00012,102809.2
2016-05-19,0.72212,0.72359,0.71762,0.72304,0.72225,0.72375,0.71769,0.72316,0.00012,111827.99
2016-05-20,0.72302,0.72492,0.72115,0.72209,0.72316,0.72502,0.72124,0.72253,0.00044,71657.62
2016-05-23,0.72236,0.72594,0.71947,0.72171,0.72245,0.72604,0.71956,0.72183,0.00012,83330.13
2016-05-24,0.72174,0.7224,0.7145,0.71885,0.72185,0.72251,0.71455,0.71895,0.0001,99206.07
2016-05-25,0.71887,0.72185,0.71732,0.71861,0.71895,0.72196,0.71744,0.71869,8e-05,93490.45
2016-05-26,0.71861,0.72433,0.71605,0.72242,0.71867,0.72441,0.71627,0.72255,0.00013,88817.75
2016-05-27,0.72242,0.72345,0.71718,0.71804,0.72256,0.72357,0.71728,0.71882,0.00078,92091.08
2016-05-30,0.7178,0.71949,0.71485,0.71937,0.71789,0.7196,0.71496,0.71949,0.00012,73466.05
2016-05-31,0.71939,0.72668,0.71846,0.72352,0.71949,0.72676,0.71858,0.72364,0.00012,105372.24
2016-06-01,0.7235,0.72987,0.7227,0.72483,0.72362,0.72996,0.72278,0.72492,9e-05,116767.29
2016-06-02,0.72484,0.7269,0.72012,0.72294,0.72492,0.727,0.7202,0.72303,9e-05,104329.49
2016-06-03,0.7229,0.73682,0.72234,0.7366,0.72303,0.73697,0.72244,0.73689,0.00029,110080.36
2016-06-06,0.73425,0.73799,0.73151,0.73717,0.73441,0.7381,0.73161,0.73727,0.0001,103890.72
2016-06-07,0.73715,0.74631,0.73593,0.7443,0.73727,0.74642,0.73603,0.74441,0.00011,94494.14
2016-06-08,0.74432,0.75039,0.74301,0.74899,0.74442,0.75052,0.74311,0.74911,0.00012,94768.85
2016-06-09,0.74897,0.75037,0.74118,0.74126,0.74909,0.75048,0.74131,0.74135,9e-05,97171.45
2016-06-10,0.74123,0.74239,0.73697,0.73733,0.74135,0.74249,0.73708,0.73768,0.00035,82655.35
2016-06-13,0.73715,0.74105,0.73586,0.73765,0.73724,0.74112,0.73597,0.73771,6e-05,88403.31
2016-06-14,0.73765,0.74042,0.73303,0.73518,0.73775,0.74052,0.73309,0.73528,0.0001,94740.56
2016-06-15,0.73521,0.74453,0.73338,0.74139,0.7353,0.74464,0.73347,0.74147,8e-05,104062.38
2016-06-16,0.74134,0.74409,0.72849,0.73912,0.74146,0.74435,0.72859,0.73925,0.00013,122109.88
2016-06-17,0.73918,0.74103,0.73706,0.73922,0.73932,0.74114,0.73715,0.73991,0.00069,95228.16
2016-06-20,0.74266,0.74808,0.74246,0.7456,0.74282,0.74817,0.74255,0.74571,0.00011,96836.43
2016-06-21,0.74563,0.75121,0.74457,0.74506,0.74572,0.75131,0.74487,0.74515,9e-05,92331.2
2016-06-22,0.74506,0.75261,0.74412,0.75097,0.74515,0.75271,0.74422,0.7511,0.00013,101126.98
2016-06-23,0.75097,0.76442,0.75082,0.75431,0.7511,0.76493,0.7511,0.75458,0.00027,142425.19
2016-06-24,0.75438,0.75814,0.73042,0.74653,0.75452,0.75825,0.73072,0.74867,0.00214,174155.41
2016-06-27,0.74265,0.74511,0.73245,0.73551,0.74282,0.74521,0.73253,0.73563,0.00012,143820.53
2016-06-28,0.73553,0.74149,0.73422,0.74016,0.73563,0.74159,0.73428,0.74029,0.00013,116508.17
2016-06-29,0.74016,0.74721,0.73813,0.74668,0.74029,0.74732,0.73825,0.74679,0.00011,114479.75
2016-06-30,0.74667,0.74677,0.73709,0.74459,0.74678,0.74689,0.73721,0.74465,6e-05,139775.45
2016-07-01,0.74459,0.75025,0.74369,0.74926,0.74467,0.75032,0.74383,0.75003,0.00077,98712.8
2016-07-04,0.74621,0.75443,0.74614,0.75252,0.74634,0.75453,0.74628,0.75264,0.00012,89513.66
2016-07-05,0.75252,0.75446,0.74269,0.74418,0.75261,0.75453,0.74284,0.7443,0.00012,117760.89
2016-07-06,0.74418,0.75285,0.74077,0.75135,0.7443,0.75302,0.74085,0.75145,0.0001,141429.61
2016-07-07,0.75134,0.75383,0.74664,0.74927,0.75145,0.75393,0.74678,0.74938,0.00011,132308.19
2016-07-08,0.74926,0.75731,0.74699,0.75639,0.74938,0.75743,0.74716,0.75719,0.0008,105811.59
2016-07-11,0.75568,0.7575,0.75215,0.75355,0.75577,0.75761,0.7522,0.75369,0.00014,106148.55
2016-07-12,0.75357,0.76576,0.75312,0.76017,0.75368,0.76584,0.75323,0.76028,0.00011,117264.81
2016-07-13,0.76016,0.76381,0.75773,0.75935,0.76028,0.7639,0.75785,0.75947,0.00012,122160.7
2016-07-14,0.75935,0.7653,0.75911,0.76117,0.75942,0.76539,0.7592,0.76129,0.00012,123395.95
2016-07-15,0.76117,0.76757,0.75586,0.75742,0.7613,0.76768,0.75619,0.75791,0.00049,114643.38
2016-07-18,0.75888,0.76063,0.75648,0.75763,0.75902,0.76073,0.75659,0.75775,0.00012,101397.89
2016-07-19,0.75763,0.75763,0.74758,0.75069,0.75777,0.75777,0.74763,0.75079,0.0001,129662.42
2016-07-20,0.75067,0.75099,0.7453,0.74645,0.75078,0.7511,0.74553,0.74658,0.00013,285327.5
2016-07-21,0.74645,0.75137,0.74552,0.75044,0.74658,0.75145,0.74562,0.75054,0.0001,586596.0
2016-07-22,0.75044,0.75058,0.74423,0.74608,0.75054,0.7507,0.74433,0.74677,0.00069,438259.12
2016-07-25,0.74728,0.74922,0.74549,0.74738,0.74738,0.74929,0.74557,0.7475,0.00012,399869.94
2016-07-26,0.74738,0.75396,0.74625,0.75139,0.7475,0.75407,0.74632,0.75147,8e-05,636809.81
2016-07-27,0.75137,0.75652,0.74204,0.75174,0.75147,0.75672,0.74215,0.75184,0.0001,580673.44
2016-07-28,0.75174,0.7549,0.74934,0.75102,0.75184,0.75499,0.74943,0.75113,0.00011,499790.28
2016-07-29,0.75099,0.76099,0.74929,0.75985,0.75112,0.76107,0.74937,0.76043,0.00058,553363.19
2016-08-01,0.75871,0.76149,0.75228,0.75266,0.75882,0.76159,0.75235,0.75276,0.0001,382449.47
2016-08-02,0.75266,0.76374,0.74888,0.75973,0.75274,0.76385,0.74912,0.75983,0.0001,506632.25
2016-08-03,0.75973,0.76134,0.75679,0.75879,0.75983,0.76145,0.75689,0.75889,0.0001,417102.66
2016-08-04,0.75879,0.76415,0.75872,0.76394,0.75889,0.76423,0.75881,0.76405,0.00011,474172.94
2016-08-05,0.76393,0.76639,0.75973,0.76152,0.76404,0.76648,0.75982,0.7623,0.00078,409245.19
2016-08-08,0.76108,0.76719,0.7597,0.766,0.76121,0.76729,0.75981,0.76609,9e-05,378189.03
2016-08-09,0.766,0.76867,0.76218,0.76624,0.76609,0.76874,0.76222,0.76634,0.0001,371529.62
2016-08-10,0.76624,0.77556,0.76622,0.77112,0.76634,0.77563,0.76632,0.77123,0.00011,410314.72
2016-08-11,0.77112,0.7725,0.7689,0.76909,0.77123,0.7726,0.769,0.76921,0.00012,330980.44
2016-08-12,0.76909,0.77245,0.76459,0.76466,0.76921,0.7725,0.76468,0.76545,0.00079,321090.66
2016-08-15,0.76546,0.76915,0.7636,0.76752,0.76554,0.76921,0.76373,0.76762,0.0001,304999.66
2016-08-16,0.76752,0.77489,0.76534,0.76946,0.76762,0.77498,0.76544,0.76955,9e-05,390081.16
2016-08-17,0.76947,0.77051,0.76085,0.76616,0.76956,0.7706,0.76105,0.76625,9e-05,379567.94
2016-08-18,0.76616,0.77228,0.76491,0.76773,0.76623,0.77235,0.765,0.76782,9e-05,441569.31
2016-08-19,0.76771,0.76772,0.75988,0.76253,0.76782,0.76783,0.75996,0.76302,0.00049,368876.5
2016-08-22,0.76056,0.76443,0.75833,0.76289,0.76067,0.76473,0.75841,0.76298,9e-05,428258.28
2016-08-23,0.76289,0.76549,0.76107,0.76116,0.76298,0.76556,0.76114,0.76125,9e-05,401216.31
2016-08-24,0.76116,0.76336,0.75882,0.76074,0.76125,0.76343,0.75891,0.76086,0.00012,405762.56
2016-08-25,0.76074,0.76387,0.76018,0.76232,0.76085,0.76397,0.76026,0.76241,9e-05,358790.47
2016-08-26,0.7623,0.76919,0.75508,0.7559,0.76241,0.76928,0.75516,0.75655,0.00065,407094.16
2016-08-29,0.75398,0.75813,0.75244,0.75749,0.75409,0.75821,0.75254,0.75756,7e-05,418468.22
2016-08-30,0.75748,0.75797,0.75001,0.75228,0.75756,0.75804,0.75008,0.75238,0.0001,388075.66
2016-08-31,0.75228,0.75329,0.74901,0.7518,0.75238,0.75339,0.74908,0.7519,0.0001,432619.34
2016-09-01,0.75181,0.75586,0.75043,0.75496,0.7519,0.75594,0.75048,0.75505,9e-05,491020.78
2016-09-02,0.75496,0.76156,0.75356,0.75689,0.75505,0.76164,0.75367,0.75733,0.00044,421683.0
2016-09-05,0.75638,0.76059,0.75636,0.75909,0.75648,0.76068,0.75644,0.75916,7e-05,365743.25
2016-09-06,0.75911,0.76876,0.75905,0.76823,0.75916,0.76897,0.75915,0.76832,9e-05,514085.78
2016-09-07,0.76822,0.76977,0.7651,0.76675,0.76832,0.76983,0.76516,0.76683,8e-05,487948.66
2016-09-08,0.76674,0.77318,0.76354,0.76495,0.76683,0.77329,0.76368,0.76502,7e-05,549832.5
2016-09-09,0.76495,0.76565,0.75357,0.75369,0.76503,0.76573,0.75381,0.7542,0.00051,533596.94
2016-09-12,0.75418,0.75665,0.74937,0.75655,0.75429,0.75677,0.74944,0.75662,7e-05,588133.69
2016-09-13,0.75655,0.75678,0.74418,0.74663,0.75663,0.75685,0.74427,0.74672,9e-05,631067.31
2016-09-14,0.74663,0.74954,0.74507,0.74809,0.74672,0.74962,0.74515,0.74819,0.0001,615261.81
2016-09-15,0.7481,0.75223,0.74458,0.75126,0.74819,0.75246,0.74469,0.75133,7e-05,611901.0
2016-09-16,0.75126,0.75264,0.74752,0.74902,0.75131,0.75274,0.74758,0.74952,0.0005,632566.88
2016-09-19,0.75009,0.75726,0.75006,0.75383,0.7502,0.75734,0.75015,0.75391,8e-05,525267.38
2016-09-20,0.75383,0.75647,0.75299,0.75533,0.7539,0.75654,0.75309,0.75544,0.00011,526506.25
2016-09-21,0.75534,0.764,0.75341,0.76322,0.75544,0.76412,0.75348,0.76334,0.00012,614502.12
2016-09-22,0.76322,0.76743,0.76252,0.76452,0.76332,0.76753,0.76263,0.76462,0.0001,627891.38
2016-09-23,0.76452,0.7653,0.76087,0.76188,0.76462,0.76537,0.76095,0.76255,0.00067,569772.62
2016-09-26,0.76134,0.76491,0.76025,0.76307,0.76146,0.76499,0.76034,0.76315,8e-05,553782.75
2016-09-27,0.76306,0.76952,0.76114,0.76677,0.76315,0.7696,0.76122,0.76688,0.00011,564126.31
2016-09-28,0.76677,0.76957,0.76444,0.76933,0.76688,0.76969,0.76454,0.76942,9e-05,646085.25
2016-09-29,0.76931,0.77099,0.7623,0.76275,0.76942,0.77106,0.76239,0.76286,0.00011,710361.94
2016-09-30,0.76275,0.76711,0.75897,0.76557,0.76285,0.7672,0.75905,0.76636,0.00079,521886.66
2016-10-03,0.76423,0.76907,0.76402,0.76831,0.76432,0.76918,0.76409,0.76841,0.0001,403286.69
2016-10-04,0.76831,0.76876,0.7606,0.76102,0.76841,0.76885,0.76068,0.76112,0.0001,612793.25
2016-10-05,0.76103,0.76444,0.75925,0.76196,0.76113,0.76453,0.75932,0.76203,7e-05,501329.41
2016-10-06,0.76197,0.76208,0.75619,0.75747,0.76203,0.76218,0.75624,0.75756,9e-05,455942.69
2016-10-07,0.75747,0.76241,0.75528,0.75841,0.75754,0.76248,0.75538,0.75912,0.00071,676790.44
2016-10-10,0.75999,0.76281,0.75798,0.75988,0.76003,0.76287,0.75804,0.75998,0.0001,442702.12
2016-10-11,0.75988,0.75988,0.75329,0.75599,0.75996,0.75997,0.75338,0.7561,0.00011,492693.91
2016-10-12,0.75599,0.75922,0.75461,0.75531,0.75609,0.75929,0.75469,0.75541,0.0001,463848.31
2016-10-13,0.75531,0.75811,0.75061,0.75632,0.75541,0.75816,0.7507,0.75642,0.0001,544837.81
2016-10-14,0.75632,0.76473,0.7556,0.76145,0.75642,0.76482,0.75568,0.76194,0.00049,471875.84
2016-10-17,0.75947,0.76415,0.75809,0.76391,0.75958,0.76444,0.75818,0.764,9e-05,428294.88
2016-10-18,0.7639,0.76893,0.76387,0.76729,0.76401,0.76901,0.76399,0.76741,0.00012,377813.56
2016-10-19,0.7673,0.77289,0.7659,0.77256,0.76741,0.77299,0.76599,0.77267,0.00011,422572.5
2016-10-20,0.77256,0.77339,0.76178,0.7632,0.77267,0.7735,0.76202,0.7633,0.0001,421797.53
2016-10-21,0.7632,0.76507,0.7587,0.76028,0.7633,0.76514,0.75878,0.76106,0.00078,376912.09
2016-10-24,0.76019,0.76404,0.75888,0.75917,0.76029,0.76412,0.75896,0.75927,0.0001,200757.94
2016-10-25,0.75914,0.76545,0.75912,0.76495,0.75928,0.76553,0.75922,0.76504,9e-05,110455.45
2016-10-26,0.76495,0.77086,0.76275,0.7648,0.76502,0.77093,0.76299,0.7649,0.0001,115417.25
2016-10-27,0.76479,0.76519,0.75796,0.75895,0.76488,0.76529,0.75806,0.75906,0.00011,112459.39
2016-10-28,0.75896,0.76076,0.75575,0.7595,0.75906,0.76086,0.75583,0.76024,0.00074,128672.45
2016-10-31,0.75951,0.76188,0.75828,0.76065,0.75957,0.76225,0.75838,0.76075,0.0001,105477.78
2016-11-01,0.76064,0.76886,0.75977,0.76451,0.76074,0.76895,0.75988,0.76462,0.00011,148318.59
2016-11-02,0.76451,0.76779,0.76122,0.76507,0.76461,0.76788,0.76132,0.76518,0.00011,162305.48
2016-11-03,0.76507,0.76876,0.76367,0.76836,0.76515,0.76884,0.76375,0.76847,0.00011,156768.23
2016-11-04,0.76834,0.76966,0.76517,0.76702,0.76846,0.76977,0.76528,0.76768,0.00066,158150.61
2016-11-07,0.76767,0.77292,0.76662,0.7717,0.76779,0.77307,0.76673,0.77179,9e-05,137563.03
2016-11-08,0.77176,0.77779,0.76889,0.77436,0.7718,0.77787,0.76898,0.77448,0.00012,147855.36
2016-11-09,0.77435,0.77712,0.75792,0.76499,0.77445,0.77727,0.758,0.76511,0.00012,296850.91
2016-11-10,0.76497,0.77418,0.75675,0.76081,0.7651,0.77427,0.75682,0.76092,0.00011,215299.95
2016-11-11,0.76079,0.76294,0.75249,0.754,0.7609,0.76301,0.75257,0.7548,0.0008,220093.7
2016-11-14,0.75502,0.75734,0.75235,0.75668,0.75516,0.75741,0.75245,0.75682,0.00014,196470.88
2016-11-15,0.75668,0.75808,0.75113,0.75538,0.75681,0.75819,0.75119,0.75551,0.00013,188061.31
2016-11-16,0.75536,0.75708,0.74598,0.74908,0.75548,0.75716,0.74605,0.74919,0.00011,175766.8
2016-11-17,0.74908,0.75012,0.73961,0.73993,0.74913,0.75023,0.73972,0.74005,0.00012,168650.14
2016-11-18,0.73992,0.7406,0.733,0.7334,0.74003,0.7407,0.73308,0.73408,0.00068,174968.5
2016-11-21,0.73239,0.73816,0.73106,0.7376,0.73246,0.73825,0.73112,0.7377,0.0001,164725.8
2016-11-22,0.73759,0.74131,0.73687,0.74079,0.7377,0.7414,0.73697,0.74091,0.00012,140214.3
2016-11-23,0.74078,0.74447,0.73696,0.73716,0.74091,0.74452,0.73709,0.73727,0.00011,155189.52
2016-11-24,0.73716,0.74181,0.73641,0.74158,0.73726,0.74188,0.73651,0.74168,0.0001,138005.66
2016-11-25,0.74158,0.74677,0.74,0.74357,0.74171,0.74689,0.7401,0.74451,0.00094,157822.52
2016-11-28,0.74418,0.74944,0.74328,0.74941,0.74428,0.74953,0.74338,0.74949,8e-05,144221.52
2016-11-29,0.74939,0.74972,0.7432,0.74843,0.7495,0.74981,0.74329,0.74853,0.0001,141457.09
2016-11-30,0.74841,0.7497,0.73738,0.73872,0.7485,0.74978,0.73746,0.73884,0.00012,168536.2
2016-12-01,0.73871,0.74237,0.737,0.74214,0.73884,0.74248,0.7371,0.74224,0.0001,140045.7
2016-12-02,0.74211,0.74686,0.74009,0.74524,0.74221,0.74692,0.74015,0.74589,0.00065,128771.81
2016-12-05,0.74382,0.74977,0.74136,0.74717,0.74393,0.74985,0.74146,0.74729,0.00012,152347.92
2016-12-06,0.74717,0.74802,0.74311,0.74727,0.74728,0.74812,0.7432,0.74736,9e-05,128526.08
2016-12-07,0.74726,0.74863,0.74162,0.74856,0.74736,0.74877,0.74172,0.74867,0.00011,103728.35
2016-12-08,0.74856,0.75077,0.74284,0.74579,0.74866,0.75087,0.74293,0.74589,0.0001,137163.19
2016-12-09,0.74579,0.74956,0.74347,0.74459,0.74588,0.74965,0.74353,0.74535,0.00076,104390.48
2016-12-12,0.74473,0.75039,0.74372,0.74963,0.74482,0.75047,0.7438,0.74973,0.0001,123986.9
2016-12-13,0.74964,0.75231,0.74757,0.74929,0.74973,0.75239,0.74764,0.74939,0.0001,130970.17
2016-12-14,0.74929,0.75244,0.73938,0.74094,0.7494,0.75253,0.73949,0.74106,0.00012,158725.12
2016-12-15,0.74094,0.74305,0.73374,0.7366,0.74106,0.7431,0.73381,0.73672,0.00012,190703.17
2016-12-16,0.73659,0.73686,0.72659,0.73021,0.73672,0.73696,0.72665,0.73072,0.00051,162004.12
2016-12-19,0.72894,0.73124,0.72403,0.72502,0.72906,0.73132,0.72418,0.72512,0.0001,125417.62
2016-12-20,0.72506,0.72711,0.72226,0.72664,0.72514,0.72721,0.72234,0.72676,0.00012,117841.48
2016-12-21,0.72664,0.72791,0.72221,0.72345,0.72675,0.72801,0.72272,0.72355,0.0001,111583.74
2016-12-22,0.72347,0.72578,0.7197,0.72205,0.72356,0.72584,0.7198,0.72216,0.00011,112401.81
2016-12-23,0.72202,0.7227,0.71596,0.71746,0.72213,0.72281,0.71606,0.71801,0.00055,84245.82
2016-12-26,0.71754,0.72254,0.71652,0.71788,0.71774,0.724,0.71679,0.71804,0.00016,27801.95
2016-12-27,0.71788,0.71965,0.71721,0.71896,0.71803,0.71975,0.71729,0.71906,0.0001,86161.38
2016-12-28,0.71893,0.72194,0.71634,0.71825,0.71903,0.72201,0.71642,0.71836,0.00011,96938.15
2016-12-29,0.71826,0.7246,0.71813,0.72345,0.71839,0.72473,0.71822,0.72359,0.00014,103519.33
2016-12-30,0.72345,0.72463,0.71963,0.72027,0.7236,0.72472,0.72014,0.72078,0.00051,108676.14
2017-01-02,0.72078,0.72193,0.71654,0.71955,0.72191,0.72208,0.71666,0.71963,8e-05,64439.68
2017-01-03,0.71953,0.72407,0.71938,0.7229,0.71963,0.72416,0.71948,0.723,0.0001,125037.51
2017-01-04,0.7229,0.7288,0.72188,0.72877,0.72299,0.72886,0.72198,0.72885,8e-05,146636.02
2017-01-05,0.72875,0.73564,0.72774,0.73368,0.72886,0.73573,0.72785,0.73378,0.0001,177601.39
2017-01-06,0.73369,0.73546,0.7288,0.72929,0.73379,0.73556,0.7289,0.73005,0.00076,144352.31
2017-01-09,0.73115,0.73735,0.73016,0.73558,0.73125,0.73745,0.7302,0.73569,0.00011,141600.39
2017-01-10,0.73558,0.73843,0.73307,0.7359,0.73569,0.73854,0.73317,0.736,0.0001,155007.47
2017-01-11,0.7359,0.74713,0.73518,0.74451,0.73599,0.74723,0.73525,0.74464,0.00013,196346.72
2017-01-12,0.74454,0.7518,0.74295,0.74886,0.74465,0.75189,0.74305,0.74896,0.0001,171823.34
2017-01-13,0.74886,0.75082,0.74489,0.7498,0.74897,0.7509,0.74493,0.75028,0.00048,159504.3
2017-01-16,0.74985,0.7502,0.74579,0.74711,0.74992,0.7503,0.74587,0.74721,0.0001,120963.48
2017-01-17,0.74714,0.75683,0.74646,0.75494,0.74722,0.75693,0.74656,0.75506,0.00012,184316.48
2017-01-18,0.75496,0.7566,0.75023,0.75093,0.75506,0.75668,0.75035,0.75103,0.0001,159310.25
2017-01-19,0.75096,0.75739,0.7493,0.75656,0.75107,0.75744,0.74938,0.75668,0.00012,185973.09
2017-01-20,0.7566,0.75883,0.75171,0.75544,0.7567,0.75893,0.7518,0.75568,0.00024,174756.59
2017-01-23,0.75719,0.76016,0.75498,0.75817,0.7573,0.76025,0.75506,0.7583,0.00013,149386.64
2017-01-24,0.7582,0.76089,0.7553,0.75909,0.7583,0.76097,0.75538,0.7592,0.00011,140494.92
2017-01-25,0.75913,0.75979,0.75149,0.75735,0.75923,0.7599,0.75157,0.75745,0.0001,174741.5
2017-01-26,0.75739,0.75847,0.75212,0.75315,0.75749,0.75856,0.75222,0.75323,8e-05,165353.25
2017-01-27,0.75309,0.75723,0.75113,0.75459,0.75317,0.7573,0.75121,0.75518,0.00059,152851.05
2017-01-30,0.75538,0.75664,0.75276,0.75649,0.75548,0.75673,0.75283,0.75656,7e-05,125215.89
2017-01-31,0.75651,0.76053,0.75417,0.75772,0.75656,0.76061,0.75428,0.75783,0.00011,158478.09
2017-02-01,0.75772,0.75967,0.7551,0.75826,0.75782,0.75974,0.75517,0.75836,0.0001,146800.88
2017-02-02,0.75824,0.76958,0.75822,0.76542,0.75837,0.76965,0.75833,0.76551,9e-05,141202.16
2017-02-03,0.76544,0.76951,0.76201,0.76827,0.7655,0.76957,0.76214,0.76905,0.00078,136945.09
2017-02-06,0.76743,0.76803,0.76291,0.76449,0.76755,0.76813,0.76299,0.7646,0.00011,138166.73
2017-02-07,0.76451,0.76809,0.76055,0.76203,0.7646,0.76816,0.76063,0.76213,0.0001,141110.73
2017-02-08,0.76204,0.76656,0.76111,0.76313,0.76213,0.76664,0.76121,0.76323,0.0001,140301.05
2017-02-09,0.76311,0.76637,0.76105,0.76231,0.76323,0.76645,0.7611,0.7624,9e-05,126821.39
2017-02-10,0.76232,0.76883,0.76176,0.76743,0.7624,0.76892,0.76185,0.76785,0.00042,123919.94
2017-02-13,0.7669,0.76774,0.76308,0.76409,0.76698,0.76782,0.76312,0.76419,0.0001,111056.15
2017-02-14,0.7641,0.76963,0.76177,0.76688,0.76419,0.76969,0.76185,0.76698,0.0001,130961.66
2017-02-15,0.76692,0.77211,0.76367,0.77207,0.76698,0.77218,0.76376,0.77214,7e-05,125605.06
2017-02-16,0.77207,0.77318,0.76842,0.76967,0.77214,0.77328,0.7685,0.76977,0.0001,142831.0
2017-02-17,0.76965,0.77125,0.76558,0.76644,0.76975,0.77133,0.76562,0.76677,0.00033,119256.58
2017-02-20,0.76656,0.76902,0.7659,0.76889,0.76665,0.76912,0.76598,0.76898,9e-05,86729.28
2017-02-21,0.76889,0.76895,0.76494,0.76753,0.76899,0.76904,0.765,0.76763,0.0001,104632.0
2017-02-22,0.76753,0.77146,0.76666,0.76956,0.76763,0.77153,0.76674,0.76964,8e-05,115331.38
2017-02-23,0.76954,0.77404,0.76649,0.77124,0.76963,0.77412,0.76657,0.77131,7e-05,116200.34
2017-02-24,0.77124,0.77194,0.76641,0.7667,0.7713,0.77203,0.76648,0.76746,0.00076,103446.42
2017-02-27,0.7668,0.77075,0.76662,0.76753,0.76691,0.77081,0.76669,0.7676,7e-05,108098.13
2017-02-28,0.76753,0.76944,0.76367,0.76417,0.76759,0.76952,0.76375,0.76427,0.0001,124415.43
2017-03-01,0.76417,0.76995,0.76364,0.76588,0.76426,0.77003,0.76372,0.76597,9e-05,148293.91
2017-03-02,0.76587,0.76667,0.75573,0.75718,0.76597,0.76677,0.75582,0.75727,9e-05,116008.87
2017-03-03,0.75717,0.75972,0.75428,0.75934,0.75727,0.75985,0.75434,0.75976,0.00042,120769.1
2017-03-06,0.75944,0.76092,0.75702,0.75901,0.75952,0.76099,0.7571,0.75912,0.00011,109001.82
2017-03-07,0.75899,0.76323,0.75837,0.75922,0.75909,0.76333,0.75845,0.75931,9e-05,116202.26
2017-03-08,0.7592,0.76086,0.7518,0.75264,0.75929,0.76096,0.7519,0.75272,8e-05,121405.98
2017-03-09,0.75264,0.75339,0.74911,0.75071,0.75273,0.75346,0.74916,0.75079,8e-05,127730.93
2017-03-10,0.75069,0.75565,0.75053,0.75391,0.75077,0.75574,0.7506,0.75431,0.0004,115600.35
2017-03-13,0.75411,0.75919,0.75337,0.75656,0.75422,0.75927,0.75345,0.75665,9e-05,108560.34
2017-03-14,0.75656,0.75789,0.754,0.7565,0.75663,0.75796,0.75405,0.75655,5e-05,104127.62
2017-03-15,0.75651,0.77188,0.75549,0.77056,0.75655,0.77197,0.75556,0.77065,9e-05,137709.12
2017-03-16,0.77056,0.77172,0.76631,0.7671,0.77065,0.77187,0.7664,0.76717,7e-05,141764.17
2017-03-17,0.76709,0.77173,0.76656,0.77012,0.76717,0.77182,0.76661,0.77071,0.00059,101828.87
2017-03-20,0.77062,0.77476,0.76967,0.7729,0.77068,0.77484,0.76976,0.773,0.0001,109907.36
2017-03-21,0.7729,0.77495,0.76694,0.76725,0.773,0.77501,0.76703,0.76734,9e-05,130946.09
2017-03-22,0.76723,0.76841,0.76393,0.76671,0.76734,0.7685,0.76397,0.76679,8e-05,129498.85
2017-03-23,0.7667,0.7668,0.7622,0.76339,0.76679,0.76687,0.76226,0.76347,8e-05,140994.7
2017-03-24,0.76338,0.76403,0.76037,0.76209,0.76345,0.76412,0.76044,0.76248,0.00039,113916.6
2017-03-27,0.7632,0.7648,0.76078,0.76273,0.7633,0.76486,0.76086,0.76282,9e-05,114507.55
2017-03-28,0.76273,0.76572,0.75872,0.76526,0.76283,0.7658,0.75876,0.76534,8e-05,98710.62
2017-03-29,0.76529,0.76747,0.76323,0.76701,0.76538,0.76755,0.7633,0.76708,7e-05,83285.41
2017-03-30,0.76699,0.76792,0.76381,0.76527,0.76708,0.76801,0.76399,0.76536,9e-05,90250.15
2017-03-31,0.76525,0.76624,0.76223,0.7627,0.76537,0.76632,0.76227,0.76303,0.00033,92069.72
2017-04-03,0.7629,0.76399,0.7591,0.76047,0.76301,0.76408,0.75915,0.76056,9e-05,99726.9
2017-04-04,0.76047,0.76149,0.75449,0.75676,0.76056,0.76157,0.75458,0.75684,8e-05,103794.65
2017-04-05,0.75673,0.75871,0.7559,0.75661,0.75682,0.75879,0.75603,0.75672,0.00011,112925.44
2017-04-06,0.75661,0.7569,0.7532,0.75391,0.75669,0.75699,0.75329,0.754,9e-05,118722.25
2017-04-07,0.75391,0.75443,0.74938,0.74967,0.75402,0.75462,0.74947,0.75024,0.00057,127921.92
2017-04-10,0.7506,0.75133,0.7476,0.75052,0.7507,0.7514,0.74765,0.7506,8e-05,102643.3
2017-04-11,0.7505,0.75145,0.74739,0.75008,0.75059,0.75152,0.74746,0.75017,9e-05,118457.57
2017-04-12,0.75007,0.75433,0.74728,0.75366,0.75015,0.7544,0.74736,0.75376,0.0001,133356.23
2017-04-13,0.75364,0.75952,0.75314,0.75645,0.75376,0.75959,0.75323,0.75657,0.00012,126973.76
2017-04-14,0.75644,0.75821,0.75572,0.75765,0.75657,0.75841,0.75576,0.75828,0.00063,66878.4
2017-04-17,0.75792,0.76102,0.75776,0.75911,0.75798,0.76112,0.75786,0.75921,0.0001,84382.9
2017-04-18,0.75911,0.75957,0.75337,0.75582,0.75922,0.75967,0.75345,0.75591,9e-05,118954.89
2017-04-19,0.75585,0.75622,0.74915,0.7495,0.75593,0.75631,0.7492,0.74961,0.00011,108934.67
2017-04-20,0.7495,0.75467,0.74941,0.75179,0.7496,0.75473,0.7495,0.75189,0.0001,110093.7
2017-04-21,0.75178,0.75455,0.75154,0.75413,0.75189,0.75493,0.75163,0.7549,0.00077,97566.77
2017-04-24,0.75556,0.75839,0.75468,0.75582,0.75568,0.75848,0.75477,0.75589,7e-05,98641.78
2017-04-25,0.75582,0.75647,0.75201,0.75369,0.75591,0.75657,0.75208,0.75378,9e-05,105314.52
2017-04-26,0.75369,0.75558,0.74547,0.74784,0.7538,0.75574,0.74554,0.74793,9e-05,141382.56
2017-04-27,0.74783,0.74921,0.74398,0.74685,0.74793,0.7493,0.74405,0.74695,0.0001,120092.37
2017-04-28,0.74686,0.74905,0.74475,0.74848,0.74695,0.74912,0.74483,0.7491,0.00062,105474.9
2017-05-01,0.74834,0.75401,0.74737,0.75313,0.7484,0.75408,0.74746,0.75321,8e-05,70902.56
2017-05-02,0.75313,0.75559,0.75102,0.75427,0.7532,0.75566,0.75109,0.75438,0.00011,92614.82
2017-05-03,0.75428,0.75456,0.7419,0.74279,0.75436,0.75465,0.74203,0.74289,0.0001,106548.92
2017-05-04,0.74279,0.74299,0.73827,0.74098,0.74288,0.74306,0.73833,0.74109,0.00011,111272.42
2017-05-05,0.74101,0.74259,0.73674,0.74189,0.7411,0.74271,0.73682,0.74244,0.00055,108643.25
2017-05-08,0.74149,0.74244,0.73776,0.73901,0.7416,0.74252,0.73783,0.7391,9e-05,108166.38
2017-05-09,0.73901,0.73979,0.73287,0.73411,0.73912,0.7399,0.73294,0.73419,8e-05,117222.77
2017-05-10,0.7341,0.73942,0.73325,0.73572,0.73421,0.73949,0.73371,0.73581,9e-05,125505.58
2017-05-11,0.73571,0.73827,0.73383,0.73761,0.73582,0.73836,0.73391,0.7377,9e-05,106932.01
2017-05-12,0.7376,0.74207,0.73681,0.7384,0.7377,0.74215,0.73689,0.73888,0.00048,105102.79
2017-05-15,0.73928,0.74455,0.73871,0.74194,0.7394,0.74464,0.73881,0.74203,9e-05,105635.57
2017-05-16,0.74193,0.74377,0.73949,0.74207,0.74203,0.74384,0.73955,0.74217,0.0001,112331.74
2017-05-17,0.74208,0.74432,0.73884,0.74309,0.74218,0.74442,0.73892,0.74314,5e-05,123457.49
2017-05-18,0.74308,0.74664,0.74079,0.74204,0.74317,0.74675,0.74089,0.74211,7e-05,161799.19
2017-05-19,0.74202,0.74692,0.74061,0.74558,0.74211,0.74702,0.74072,0.74586,0.00028,106660.26
2017-05-22,0.74512,0.74885,0.74348,0.74699,0.74521,0.74893,0.74357,0.74709,0.0001,97774.1
2017-05-23,0.74699,0.75171,0.74677,0.747,0.74709,0.75176,0.74684,0.74711,0.00011,117160.56
2017-05-24,0.747,0.75072,0.74422,0.7496,0.74713,0.75085,0.74431,0.74967,7e-05,119498.54
2017-05-25,0.74963,0.75156,0.74505,0.74537,0.7497,0.75165,0.74512,0.74547,0.0001,104117.73
2017-05-26,0.74537,0.74611,0.74217,0.74454,0.74546,0.74617,0.74224,0.74503,0.00049,93313.21
2017-05-29,0.74417,0.74499,0.74267,0.74387,0.74427,0.74505,0.74277,0.74396,9e-05,63363.65
2017-05-30,0.74388,0.74694,0.74158,0.74576,0.74397,0.747,0.74167,0.74584,8e-05,87457.82
2017-05-31,0.74576,0.74755,0.74228,0.74249,0.74586,0.74765,0.74235,0.74259,0.0001,99103.79
2017-06-01,0.74249,0.74543,0.73717,0.73802,0.7426,0.74553,0.73733,0.73809,7e-05,100824.75
2017-06-02,0.738,0.7446,0.73739,0.74391,0.73811,0.74472,0.73747,0.74468,0.00077,81850.33
2017-06-05,0.74273,0.7498,0.74219,0.74864,0.74284,0.74988,0.74229,0.74872,8e-05,70631.76
2017-06-06,0.74864,0.75217,0.74567,0.75103,0.74871,0.75225,0.74576,0.75112,9e-05,98553.08
2017-06-07,0.75101,0.75664,0.74995,0.75389,0.75113,0.7567,0.75004,0.75399,0.0001,97551.08
2017-06-08,0.75388,0.75541,0.75243,0.75261,0.75397,0.75549,0.75253,0.75272,0.00011,91972.19
2017-06-09,0.75261,0.7544,0.75191,0.75271,0.75271,0.75448,0.752,0.7534,0.00069,77929.09
2017-06-12,0.75283,0.75483,0.75214,0.75481,0.7529,0.75491,0.75222,0.75489,8e-05,75614.97
2017-06-13,0.7548,0.75646,0.75239,0.7536,0.75489,0.75653,0.75247,0.75371,0.00011,81636.29
2017-06-14,0.75359,0.76351,0.75323,0.75892,0.75371,0.7636,0.75333,0.75901,9e-05,115461.67
2017-06-15,0.75892,0.76313,0.7568,0.75858,0.75902,0.7632,0.75689,0.75869,0.00011,107799.54
2017-06-16,0.75857,0.76294,0.75759,0.76202,0.75865,0.763,0.75767,0.76238,0.00036,94367.43
2017-06-19,0.76189,0.76289,0.75848,0.75902,0.76199,0.76297,0.75856,0.75911,9e-05,87514.85
2017-06-20,0.75902,0.76234,0.75702,0.75742,0.75913,0.76239,0.75708,0.75752,0.0001,95186.74
2017-06-21,0.75744,0.75792,0.75427,0.75493,0.75752,0.75799,0.75434,0.75502,9e-05,103865.07
2017-06-22,0.75493,0.75614,0.7535,0.75415,0.75504,0.75623,0.75358,0.75421,6e-05,104184.54
2017-06-23,0.75414,0.75826,0.75404,0.75656,0.75421,0.75833,0.75411,0.75708,0.00052,87711.31
2017-06-26,0.7571,0.75992,0.75654,0.75834,0.75721,0.75997,0.75663,0.75842,8e-05,103468.23
2017-06-27,0.75833,0.76242,0.75767,0.75851,0.75844,0.76251,0.75776,0.7586,9e-05,113820.13
2017-06-28,0.75851,0.76443,0.7577,0.76363,0.75859,0.76453,0.75777,0.76369,6e-05,126484.79
2017-06-29,0.7636,0.76882,0.76357,0.76855,0.76369,0.76892,0.76366,0.76865,0.0001,112096.97
2017-06-30,0.76855,0.7712,0.76669,0.7686,0.76865,0.77128,0.76675,0.76931,0.00071,105164.5
2017-07-03,0.76864,0.76949,0.76443,0.76653,0.76874,0.76958,0.76449,0.76662,9e-05,106024.84
2017-07-04,0.76652,0.76825,0.7591,0.76113,0.76662,0.76839,0.75917,0.76121,8e-05,107021.25
2017-07-05,0.76112,0.76318,0.7571,0.75991,0.76122,0.76326,0.75717,0.76,9e-05,106607.65
2017-07-06,0.7599,0.76144,0.75767,0.75791,0.75999,0.76152,0.75775,0.758,9e-05,107022.29
2017-07-07,0.75793,0.7623,0.75719,0.76026,0.75803,0.76239,0.75726,0.76055,0.00029,103298.89
2017-07-10,0.76042,0.76144,0.75862,0.76062,0.76052,0.76151,0.7587,0.76071,9e-05,89114.69
2017-07-11,0.7606,0.76422,0.76027,0.7638,0.76071,0.7643,0.76036,0.76387,7e-05,95366.11
2017-07-12,0.76549,0.76551,0.76507,0.76517,0.76555,0.76557,0.76513,0.76523,6e-05,1000.0
2017-07-13,0.76791,0.77428,0.76747,0.77396,0.768,0.77436,0.76753,0.77404,8e-05,118047.75
2017-07-14,0.774,0.78338,0.77333,0.78273,0.77407,0.78346,0.77342,0.78324,0.00051,106970.34
2017-07-17,0.7824,0.78382,0.77867,0.77888,0.78247,0.78389,0.77876,0.77897,9e-05,133068.41
2017-07-18,0.77892,0.79426,0.77861,0.79178,0.77897,0.79435,0.77868,0.79187,9e-05,154132.42
2017-07-19,0.79178,0.79605,0.79118,0.79595,0.79187,0.79614,0.79125,0.79602,7e-05,122272.28
2017-07-20,0.79595,0.79883,0.78971,0.79463,0.79602,0.79898,0.78979,0.79472,9e-05,152866.77
2017-07-21,0.79467,0.79511,0.78748,0.79123,0.79473,0.79519,0.78758,0.79192,0.00069,121734.02
2017-07-24,0.79245,0.79672,0.79032,0.79253,0.79251,0.79681,0.79039,0.79262,9e-05,113547.65
2017-07-25,0.79252,0.79702,0.79022,0.79307,0.79262,0.79709,0.79032,0.79317,0.0001,115484.98
2017-07-26,0.79305,0.80133,0.78776,0.79995,0.79316,0.80144,0.78782,0.80002,7e-05,154125.98
2017-07-27,0.79995,0.80653,0.79561,0.7974,0.80005,0.80663,0.79569,0.79748,8e-05,151220.42
2017-07-28,0.79744,0.80072,0.79366,0.79834,0.79751,0.8008,0.79373,0.79877,0.00043,131259.86
2017-07-31,0.79813,0.80038,0.79558,0.80024,0.79819,0.80053,0.79567,0.80036,0.00012,119980.45
2017-08-01,0.80025,0.80423,0.79535,0.79563,0.80035,0.80434,0.79543,0.79572,9e-05,126720.39
2017-08-02,0.79562,0.79926,0.79411,0.79554,0.79572,0.79935,0.7942,0.79565,0.00011,104199.14
2017-08-03,0.79554,0.79612,0.7914,0.79569,0.79564,0.79621,0.79147,0.79579,0.0001,119540.39
2017-08-04,0.79568,0.79794,0.78911,0.79261,0.79578,0.79801,0.7892,0.79305,0.00044,118506.09
2017-08-07,0.79268,0.79484,0.78988,0.79157,0.79281,0.79492,0.78996,0.79164,7e-05,84829.44
2017-08-08,0.79154,0.79425,0.78869,0.78945,0.79164,0.79435,0.78872,0.78956,0.00011,102118.48
2017-08-09,0.78944,0.79002,0.7855,0.78918,0.78952,0.79013,0.78559,0.78926,8e-05,115156.54
2017-08-10,0.78918,0.79102,0.78597,0.78679,0.78928,0.79112,0.78609,0.78689,0.0001,99806.02
2017-08-11,0.7868,0.79091,0.78387,0.78911,0.78691,0.79102,0.78397,0.78964,0.00053,116461.31
2017-08-14,0.79031,0.79188,0.78446,0.78551,0.79042,0.79196,0.78452,0.78557,6e-05,118100.31
2017-08-15,0.78551,0.78763,0.78075,0.78251,0.78559,0.78773,0.78083,0.78255,4e-05,122310.96
2017-08-16,0.78246,0.79336,0.78231,0.79318,0.78257,0.79345,0.78239,0.79325,7e-05,126284.14
2017-08-17,0.79318,0.79625,0.78691,0.78742,0.79328,0.79631,0.78702,0.78752,0.0001,131811.66
2017-08-18,0.78745,0.79439,0.78728,0.79285,0.78753,0.79449,0.78736,0.79318,0.00033,115360.66
2017-08-21,0.79257,0.79503,0.79107,0.7936,0.79264,0.79511,0.79113,0.79368,8e-05,100142.74
2017-08-22,0.7936,0.79504,0.78974,0.79107,0.7937,0.79514,0.78982,0.79117,0.0001,98551.73
2017-08-23,0.79109,0.79127,0.78819,0.79103,0.79116,0.79134,0.78827,0.79112,9e-05,123296.03
2017-08-24,0.79103,0.79156,0.78664,0.78969,0.79111,0.79165,0.78673,0.7898,0.00011,142776.89
2017-08-25,0.78969,0.79539,0.78849,0.79296,0.7898,0.79545,0.78858,0.79375,0.00079,126916.65
2017-08-28,0.79411,0.79727,0.79051,0.79251,0.79419,0.79736,0.79063,0.79262,0.00011,114134.57
2017-08-29,0.79251,0.79826,0.79215,0.79578,0.79264,0.79833,0.79223,0.79587,9e-05,152796.41
2017-08-30,0.79578,0.79955,0.78899,0.79054,0.79589,0.79963,0.78907,0.79061,7e-05,147188.03
2017-08-31,0.79054,0.79511,0.7871,0.79403,0.79062,0.79526,0.78718,0.79413,0.0001,157388.27
2017-09-01,0.79403,0.79945,0.79212,0.79681,0.79413,0.79953,0.79221,0.79724,0.00043,142295.55
2017-09-04,0.79641,0.79709,0.7941,0.79429,0.79652,0.79714,0.79425,0.79438,9e-05,118535.38
2017-09-05,0.79431,0.80283,0.79417,0.80067,0.79439,0.80288,0.79426,0.80075,8e-05,176963.45
2017-09-06,0.80062,0.80204,0.79631,0.80079,0.80071,0.80221,0.79639,0.80086,7e-05,159021.55
2017-09-07,0.80077,0.80591,0.79743,0.80559,0.80087,0.80599,0.79749,0.80569,0.0001,159540.98
2017-09-08,0.80558,0.81247,0.80495,0.8053,0.80569,0.81255,0.80506,0.80567,0.00037,169923.59
2017-09-11,0.80482,0.80581,0.80183,0.8023,0.80492,0.80589,0.80188,0.80237,7e-05,131325.94
2017-09-12,0.8023,0.80491,0.79981,0.80157,0.80239,0.80497,0.79986,0.80165,8e-05,135229.27
2017-09-13,0.8016,0.80438,0.79701,0.79793,0.80167,0.80447,0.79709,0.79803,0.0001,132739.47
2017-09-14,0.79793,0.80161,0.79554,0.8002,0.79802,0.80167,0.79564,0.8003,0.0001,190908.39
2017-09-15,0.80021,0.80348,0.79864,0.79998,0.80034,0.80366,0.79872,0.80048,0.0005,125433.54
2017-09-18,0.79951,0.80346,0.79396,0.79697,0.79958,0.80357,0.79404,0.79708,0.00011,116296.71
2017-09-19,0.79699,0.80197,0.79617,0.8004,0.79711,0.80204,0.79626,0.80049,9e-05,127781.52
2017-09-20,0.8004,0.81029,0.79856,0.80153,0.8005,0.81045,0.79864,0.8016,7e-05,173565.3
2017-09-21,0.80155,0.80192,0.79166,0.79294,0.80161,0.802,0.79174,0.79305,0.00011,293677.53
2017-09-22,0.79297,0.79861,0.79078,0.79592,0.79306,0.79869,0.79087,0.79626,0.00034,124063.18
2017-09-25,0.79613,0.79732,0.79262,0.79372,0.79622,0.79743,0.79269,0.79385,0.00013,133096.81
2017-09-26,0.79372,0.79484,0.78589,0.78759,0.79385,0.79492,0.78598,0.78769,0.0001,143921.17
2017-09-27,0.78759,0.78883,0.78359,0.78494,0.7877,0.7889,0.78366,0.78504,0.0001,155189.69
2017-09-28,0.78494,0.78599,0.77993,0.78475,0.78504,0.78609,0.78001,0.78485,0.0001,157782.88
2017-09-29,0.78477,0.78546,0.78163,0.7832,0.78488,0.78552,0.78172,0.78361,0.00041,107184.55
2017-10-02,0.78415,0.78447,0.77951,0.78261,0.78423,0.78457,0.77957,0.78271,0.0001,129792.79
2017-10-03,0.78264,0.78383,0.77851,0.78356,0.78273,0.78391,0.77859,0.78366,0.0001,126691.14
2017-10-04,0.78356,0.78747,0.78333,0.78608,0.78366,0.78755,0.78343,0.78618,0.0001,121872.47
2017-10-05,0.7861,0.78631,0.77866,0.77909,0.78618,0.7864,0.77871,0.77918,9e-05,118645.19
2017-10-06,0.77909,0.77982,0.77328,0.77705,0.7792,0.77988,0.77333,0.77723,0.00018,130922.99
2017-10-09,0.77775,0.77821,0.77474,0.77574,0.77788,0.77829,0.77482,0.77582,8e-05,94232.66
2017-10-10,0.77574,0.77968,0.7757,0.7786,0.77581,0.77974,0.77578,0.7787,0.0001,124331.48
2017-10-11,0.7786,0.78086,0.77704,0.78025,0.7787,0.78094,0.77713,0.78033,8e-05,116750.89
2017-10-12,0.78027,0.78356,0.77979,0.78274,0.78034,0.78363,0.77987,0.78283,9e-05,127908.35
2017-10-13,0.78272,0.78967,0.78218,0.78857,0.78282,0.78977,0.78227,0.78915,0.00058,123983.7
2017-10-16,0.78852,0.78884,0.78399,0.78437,0.78861,0.78893,0.78409,0.78447,0.0001,123867.99
2017-10-17,0.78437,0.78606,0.78179,0.78489,0.78445,0.78614,0.78186,0.785,0.00011,116040.67
2017-10-18,0.78489,0.78576,0.78186,0.78423,0.78499,0.78586,0.78195,0.78433,0.0001,123495.29
2017-10-19,0.78424,0.78835,0.78412,0.78743,0.78431,0.78844,0.7842,0.78753,0.0001,133341.2
2017-10-20,0.78741,0.78783,0.78081,0.78124,0.78751,0.78791,0.78088,0.78176,0.00052,119470.91
2017-10-23,0.78053,0.78341,0.77958,0.7811,0.78064,0.7835,0.77965,0.78118,8e-05,105303.14
2017-10-24,0.7811,0.78244,0.77702,0.77759,0.78119,0.78252,0.77708,0.77768,9e-05,129992.11
2017-10-25,0.77759,0.77836,0.769,0.77072,0.77768,0.77847,0.76906,0.77078,6e-05,146257.16
2017-10-26,0.77072,0.77186,0.76524,0.7661,0.77079,0.77194,0.76531,0.76618,8e-05,126896.63
2017-10-27,0.7661,0.76778,0.76247,0.76756,0.76617,0.76797,0.76256,0.76797,0.00041,120177.55
2017-10-30,0.76655,0.76986,0.76553,0.76956,0.76664,0.76996,0.7656,0.76965,9e-05,103198.62
2017-10-31,0.76959,0.76966,0.76393,0.76594,0.76968,0.76976,0.76401,0.76602,8e-05,106801.98
2017-11-01,0.76593,0.76956,0.76479,0.76756,0.76602,0.76963,0.76487,0.76766,0.0001,132959.92
2017-11-02,0.76756,0.77296,0.76755,0.77135,0.76766,0.77304,0.76766,0.77141,6e-05,178826.55
2017-11-03,0.77136,0.77153,0.76388,0.7649,0.77141,0.7716,0.76395,0.76531,0.00041,98189.13
2017-11-06,0.76495,0.76928,0.7638,0.76861,0.76502,0.76942,0.7639,0.7687,9e-05,103873.77
2017-11-07,0.76861,0.77005,0.7627,0.7654,0.76873,0.77012,0.76278,0.7655,0.0001,106229.17
2017-11-08,0.76539,0.76848,0.76441,0.76787,0.76548,0.76853,0.7645,0.76797,0.0001,83929.59
2017-11-09,0.76787,0.76937,0.76492,0.76817,0.76797,0.76943,0.76499,0.76826,9e-05,99614.59
2017-11-10,0.76818,0.76948,0.76537,0.76576,0.76827,0.76957,0.76545,0.76613,0.00037,82054.97
2017-11-13,0.7646,0.76654,0.76088,0.76147,0.76471,0.76663,0.76105,0.76154,7e-05,74007.06
2017-11-14,0.76146,0.76495,0.76122,0.76295,0.76155,0.76502,0.76129,0.76303,8e-05,85490.39
2017-11-15,0.76295,0.76313,0.7573,0.75912,0.76304,0.76322,0.75735,0.7592,8e-05,102937.58
2017-11-16,0.75909,0.76093,0.75693,0.75868,0.7592,0.76099,0.75714,0.75876,8e-05,81102.08
2017-11-17,0.75868,0.76075,0.75358,0.75618,0.75877,0.76086,0.75364,0.75683,0.00065,80741.07
2017-11-20,0.75525,0.75733,0.75437,0.75537,0.75533,0.75742,0.75442,0.75543,6e-05,70028.92
2017-11-21,0.75536,0.75899,0.75317,0.75847,0.75542,0.75907,0.75325,0.75854,7e-05,82751.26
2017-11-22,0.75847,0.76231,0.7555,0.76127,0.75855,0.76242,0.75557,0.76136,9e-05,87516.56
2017-11-23,0.76127,0.76384,0.76034,0.76246,0.76135,0.76392,0.76043,0.76254,8e-05,78644.75
2017-11-24,0.76245,0.76273,0.76064,0.76158,0.76254,0.76282,0.76072,0.76167,9e-05,69837.44
2017-11-27,0.76107,0.76445,0.75928,0.7607,0.76114,0.76452,0.75937,0.76078,8e-05,80954.64
2017-11-28,0.76073,0.76198,0.75877,0.76061,0.76081,0.76207,0.75886,0.76068,7e-05,92156.78
2017-11-29,0.76057,0.76074,0.75518,0.75659,0.76067,0.76083,0.75526,0.75668,9e-05,92969.25
2017-11-30,0.75659,0.75942,0.7551,0.75622,0.75668,0.7595,0.75519,0.75629,7e-05,102131.96
2017-12-01,0.75622,0.76389,0.75558,0.76103,0.75628,0.76397,0.75568,0.76149,0.00046,125451.66
2017-12-04,0.75875,0.76137,0.75791,0.76034,0.75884,0.76146,0.75799,0.7604,6e-05,89954.28
2017-12-05,0.76034,0.76533,0.7598,0.76039,0.7604,0.76543,0.75986,0.76048,9e-05,101370.21
2017-12-06,0.76039,0.76342,0.75581,0.75668,0.76048,0.76387,0.7559,0.75677,9e-05,95555.4
2017-12-07,0.75666,0.75673,0.7505,0.75108,0.75677,0.75682,0.75055,0.75119,0.00011,86580.95
2017-12-08,0.75105,0.75332,0.7501,0.75054,0.75111,0.75343,0.75019,0.75124,0.0007,78370.53
2017-12-11,0.75066,0.75451,0.75062,0.75284,0.75076,0.75459,0.75073,0.75295,0.00011,82704.44
2017-12-12,0.75284,0.75799,0.75189,0.75561,0.75293,0.75808,0.75197,0.75569,8e-05,80990.73
2017-12-13,0.75561,0.76392,0.75533,0.76292,0.7557,0.76401,0.7554,0.76301,9e-05,96328.53
2017-12-14,0.76291,0.76793,0.76267,0.76648,0.76302,0.76802,0.76284,0.76657,9e-05,110595.9
2017-12-15,0.76648,0.76943,0.76376,0.76418,0.76656,0.7695,0.76383,0.76455,0.00037,92462.9
2017-12-18,0.7646,0.76773,0.76404,0.76639,0.76469,0.76781,0.76411,0.7665,0.00011,86023.42
2017-12-19,0.7664,0.76835,0.76457,0.76515,0.7665,0.76843,0.76466,0.76525,0.0001,87032.45
2017-12-20,0.76515,0.76793,0.76511,0.76705,0.76525,0.76802,0.76518,0.76714,9e-05,79991.68
2017-12-21,0.76705,0.77077,0.76535,0.77052,0.76715,0.77085,0.76541,0.77061,9e-05,71100.72
2017-12-22,0.77052,0.77205,0.77016,0.77127,0.77061,0.77213,0.77025,0.77157,0.0003,73821.39
2017-12-25,0.77096,0.77244,0.77094,0.77227,0.77186,0.77262,0.77107,0.77238,0.00011,5157.33
2017-12-26,0.77226,0.77305,0.77122,0.77294,0.77238,0.77311,0.77132,0.77304,0.0001,34837.23
2017-12-27,0.77295,0.7779,0.77295,0.77733,0.77306,0.77794,0.77305,0.77743,0.0001,70752.33
2017-12-28,0.77733,0.78092,0.77732,0.77935,0.77743,0.781,0.77741,0.77942,7e-05,63330.77
2017-12-29,0.77935,0.78248,0.77881,0.77906,0.77944,0.78253,0.7789,0.78208,0.00302,62997.76
2018-01-01,0.78043,0.78173,0.7791,0.77987,0.78071,0.78192,0.77952,0.77996,9e-05,6458.84
2018-01-02,0.77987,0.78444,0.77987,0.78303,0.77999,0.78452,0.77999,0.78312,9e-05,80070.76
2018-01-03,0.78304,0.78445,0.78049,0.78264,0.78312,0.78454,0.78058,0.78274,0.0001,82318.27
2018-01-04,0.78264,0.78684,0.7814,0.78632,0.78274,0.78698,0.78149,0.78641,9e-05,86590.99
2018-01-05,0.78633,0.78744,0.78347,0.78629,0.7864,0.78752,0.78355,0.78656,0.00027,83304.62
2018-01-08,0.78587,0.78722,0.78267,0.78447,0.78597,0.78731,0.78273,0.78456,9e-05,66751.11
2018-01-09,0.78446,0.78643,0.78072,0.78106,0.78457,0.78653,0.7808,0.78114,8e-05,80609.84
2018-01-10,0.78106,0.78671,0.7808,0.78462,0.78114,0.78677,0.78089,0.78471,9e-05,104854.21
2018-01-11,0.78463,0.78958,0.78376,0.78856,0.78473,0.78969,0.78383,0.78866,0.0001,115358.78
2018-01-12,0.78857,0.7924,0.78479,0.79128,0.78868,0.79253,0.78487,0.79198,0.0007,114740.47
2018-01-15,0.79077,0.79784,0.79071,0.796,0.79088,0.79793,0.7908,0.79608,8e-05,106688.92
2018-01-16,0.79599,0.79744,0.79366,0.79701,0.79608,0.79754,0.79375,0.7971,9e-05,109728.37
2018-01-17,0.79702,0.80224,0.79401,0.79709,0.79712,0.80233,0.79409,0.79716,7e-05,130190.61
2018-01-18,0.79708,0.80114,0.79414,0.80054,0.79718,0.80122,0.79423,0.80062,8e-05,118230.07
2018-01-19,0.80055,0.80384,0.79816,0.79898,0.80063,0.80392,0.79846,0.79962,0.00064,116399.01
2018-01-22,0.80012,0.80268,0.79786,0.80072,0.80018,0.80276,0.79792,0.8008,8e-05,93368.46
2018-01-23,0.80073,0.80295,0.79563,0.80041,0.8008,0.80303,0.7957,0.80051,0.0001,111687.98
2018-01-24,0.80039,0.80825,0.7993,0.80495,0.80046,0.80833,0.7994,0.80506,0.00011,132130.31
2018-01-25,0.80494,0.81186,0.80043,0.80286,0.80504,0.81192,0.80058,0.80295,9e-05,164022.69
2018-01-26,0.80284,0.81355,0.8025,0.81101,0.80293,0.81364,0.80259,0.81137,0.00036,147035.84
2018-01-29,0.8116,0.81177,0.80737,0.80952,0.8117,0.81185,0.80746,0.80962,0.0001,124082.58
2018-01-30,0.80954,0.81132,0.80423,0.80992,0.80963,0.81142,0.80432,0.81001,9e-05,129633.09
2018-01-31,0.80992,0.81167,0.80347,0.80589,0.81001,0.81173,0.80353,0.80599,0.0001,145816.48
2018-02-01,0.80589,0.8067,0.79871,0.80389,0.80599,0.8068,0.79881,0.80398,9e-05,147393.81
2018-02-02,0.80389,0.80401,0.79175,0.79221,0.80397,0.80409,0.79189,0.79256,0.00035,159730.34
2018-02-05,0.7904,0.79535,0.78719,0.78768,0.7905,0.79545,0.7873,0.78778,0.0001,170430.59
2018-02-06,0.7877,0.79098,0.78351,0.7893,0.7878,0.79105,0.78361,0.78937,7e-05,268561.69
2018-02-07,0.78928,0.79072,0.78108,0.78159,0.78936,0.79082,0.78118,0.78168,9e-05,154327.77
2018-02-08,0.78158,0.78432,0.77674,0.77881,0.78166,0.78438,0.77682,0.77893,0.00012,193417.81
2018-02-09,0.77883,0.78297,0.77588,0.78117,0.77893,0.78304,0.77595,0.78163,0.00046,182661.66
2018-02-12,0.782,0.78644,0.78091,0.78574,0.7821,0.78652,0.78096,0.78584,0.0001,122430.62
2018-02-13,0.78575,0.78761,0.78277,0.78611,0.78584,0.7877,0.78284,0.78618,7e-05,130150.75
2018-02-14,0.7861,0.79339,0.77727,0.79292,0.78618,0.7935,0.77739,0.79302,0.0001,182618.7
2018-02-15,0.79292,0.79661,0.78916,0.79425,0.79302,0.79672,0.78925,0.79436,0.00011,173144.27
2018-02-16,0.79425,0.79882,0.78921,0.79029,0.79436,0.79891,0.78932,0.79104,0.00075,151963.12
2018-02-19,0.79113,0.79349,0.78979,0.79085,0.79123,0.7936,0.78987,0.79096,0.00011,110260.28
2018-02-20,0.79085,0.79332,0.78737,0.78802,0.79095,0.79339,0.78745,0.78813,0.00011,152401.23
2018-02-21,0.78802,0.79019,0.77964,0.77969,0.78813,0.79032,0.77972,0.77981,0.00012,170497.8
2018-02-22,0.77971,0.78596,0.77901,0.78376,0.7798,0.78603,0.77911,0.78386,0.0001,135682.47
2018-02-23,0.78375,0.7843,0.78039,0.78417,0.78386,0.78449,0.78048,0.78449,0.00032,111948.58
2018-02-26,0.78382,0.78931,0.78253,0.78493,0.78391,0.78935,0.78262,0.78503,0.0001,105378.69
2018-02-27,0.78492,0.78681,0.77829,0.7793,0.78503,0.78691,0.77839,0.7794,0.0001,151963.39
2018-02-28,0.7793,0.78187,0.77559,0.77626,0.77939,0.78196,0.77573,0.77636,0.0001,134525.7
2018-03-01,0.77626,0.77691,0.77124,0.77642,0.77636,0.77703,0.77131,0.77651,9e-05,181681.52
2018-03-02,0.7764,0.77733,0.77372,0.77613,0.77651,0.77742,0.77379,0.77678,0.00065,148788.09
2018-03-05,0.77552,0.77734,0.77253,0.77641,0.7756,0.77743,0.77264,0.77652,0.00011,125217.25
2018-03-06,0.77641,0.7842,0.7756,0.77855,0.77653,0.78428,0.77571,0.77866,0.00011,146946.88
2018-03-07,0.77855,0.78297,0.77716,0.78262,0.77865,0.78308,0.77725,0.78271,9e-05,141870.44
2018-03-08,0.78261,0.78384,0.77725,0.77905,0.7827,0.78393,0.77733,0.77915,0.0001,128333.31
2018-03-09,0.77905,0.78536,0.77761,0.78438,0.77914,0.78544,0.7777,0.78497,0.00059,116772.44
2018-03-12,0.78605,0.78794,0.7854,0.78711,0.78614,0.78803,0.78551,0.78721,0.0001,95504.93
2018-03-13,0.78711,0.78972,0.78455,0.78595,0.78721,0.78981,0.78465,0.78604,9e-05,135288.94
2018-03-14,0.78593,0.7916,0.78561,0.78798,0.78603,0.79171,0.78571,0.78809,0.00011,119770.21
2018-03-15,0.78798,0.7885,0.7788,0.77888,0.78809,0.78859,0.77888,0.77897,9e-05,113128.81
2018-03-16,0.77886,0.78037,0.77091,0.77091,0.77893,0.78047,0.77105,0.77158,0.00067,98568.86
2018-03-19,0.7717,0.77255,0.76863,0.77077,0.77179,0.77265,0.76872,0.77083,6e-05,110464.79
2018-03-20,0.77077,0.77207,0.76786,0.76891,0.77081,0.77215,0.76793,0.769,9e-05,99477.5
2018-03-21,0.7689,0.77795,0.76719,0.7774,0.769,0.77805,0.76729,0.7775,0.0001,128504.79
2018-03-22,0.77739,0.7785,0.76867,0.76948,0.7775,0.77866,0.76877,0.76958,0.0001,145821.02
2018-03-23,0.76948,0.77437,0.76939,0.76961,0.76959,0.77444,0.76947,0.76998,0.00037,136539.7
2018-03-26,0.77094,0.77574,0.77082,0.77546,0.77103,0.77582,0.77091,0.77553,7e-05,99197.89
2018-03-27,0.77545,0.77568,0.76748,0.76858,0.77553,0.77578,0.76757,0.76871,0.00013,115690.62
2018-03-28,0.76858,0.77021,0.76531,0.76609,0.76868,0.77029,0.7654,0.76618,9e-05,134520.44
2018-03-29,0.76608,0.76893,0.76425,0.76842,0.76616,0.769,0.76433,0.76855,0.00013,108105.49
2018-03-30,0.76843,0.77061,0.76722,0.76789,0.7686,0.77075,0.76735,0.76824,0.00035,113668.95
2018-04-02,0.76828,0.76947,0.76492,0.76522,0.76841,0.76957,0.76502,0.76532,0.0001,65708.4
2018-04-03,0.76523,0.77065,0.76521,0.76811,0.76532,0.77075,0.76531,0.7682,9e-05,111225.11
2018-04-04,0.76812,0.7726,0.76625,0.77199,0.76823,0.7727,0.76634,0.7721,0.00011,112936.18
2018-04-05,0.77199,0.77236,0.76573,0.76683,0.77208,0.77247,0.76583,0.76693,0.0001,97694.1
2018-04-06,0.76681,0.76993,0.76663,0.76711,0.76693,0.77,0.76671,0.76758,0.00047,108673.51
2018-04-09,0.7678,0.77108,0.76517,0.76987,0.76789,0.77115,0.76525,0.76997,0.0001,95060.17
2018-04-10,0.76988,0.77687,0.76934,0.77631,0.76997,0.77699,0.76942,0.77642,0.00011,109824.79
2018-04-11,0.77632,0.77726,0.77393,0.77619,0.77642,0.77732,0.77401,0.77628,9e-05,92614.14
2018-04-12,0.77618,0.77712,0.77377,0.77575,0.77629,0.7772,0.77386,0.77584,9e-05,82522.81
2018-04-13,0.77575,0.78096,0.77575,0.776,0.77585,0.78103,0.77583,0.77654,0.00054,71510.18
2018-04-16,0.77722,0.77842,0.77519,0.77744,0.7773,0.77862,0.77526,0.77753,9e-05,60149.5
2018-04-17,0.77744,0.77909,0.77597,0.77665,0.77753,0.77918,0.77608,0.77676,0.00011,79865.0
2018-04-18,0.77666,0.77974,0.7744,0.77874,0.77677,0.7798,0.77449,0.77884,0.0001,71188.75
2018-04-19,0.77875,0.78124,0.77187,0.77199,0.77884,0.78134,0.77195,0.77209,0.0001,100978.14
2018-04-20,0.77199,0.77263,0.76549,0.76688,0.77208,0.77273,0.76558,0.76723,0.00035,84331.64
2018-04-23,0.76588,0.76824,0.75994,0.76017,0.76596,0.76833,0.76,0.76027,0.0001,82898.26
2018-04-24,0.76018,0.76206,0.75781,0.76055,0.76027,0.76214,0.75799,0.76065,0.0001,103103.05
2018-04-25,0.76055,0.76055,0.75518,0.75684,0.76065,0.76065,0.75525,0.75694,0.0001,100083.62
2018-04-26,0.75684,0.75886,0.75466,0.75535,0.75694,0.75894,0.75474,0.75546,0.00011,116108.3
2018-04-27,0.75535,0.75835,0.75317,0.75809,0.75545,0.75848,0.75325,0.75842,0.00033,96077.75
2018-04-30,0.75728,0.75818,0.75249,0.75315,0.75736,0.75826,0.75256,0.75324,9e-05,87879.81
2018-05-01,0.75316,0.75461,0.74723,0.74815,0.75327,0.7547,0.74731,0.74823,8e-05,99765.78
2018-05-02,0.74816,0.75369,0.74751,0.74863,0.74823,0.75377,0.7476,0.74872,9e-05,137050.36
2018-05-03,0.74863,0.75425,0.7485,0.75287,0.74872,0.75433,0.74861,0.75293,6e-05,144228.52
2018-05-04,0.75287,0.75602,0.74922,0.7537,0.75293,0.75611,0.74926,0.75416,0.00046,107118.17
2018-05-07,0.75232,0.75428,0.74928,0.75189,0.75238,0.75436,0.74938,0.75198,9e-05,97298.26
2018-05-08,0.7519,0.75277,0.74333,0.74465,0.75199,0.75286,0.74341,0.74476,0.00011,124095.9
2018-05-09,0.74465,0.74722,0.7412,0.74569,0.74475,0.74731,0.74129,0.74579,0.0001,112825.21
2018-05-10,0.74569,0.75394,0.74545,0.75248,0.74578,0.75402,0.74553,0.75257,9e-05,136965.0
2018-05-11,0.75251,0.75667,0.75223,0.75393,0.7526,0.75674,0.75231,0.75397,4e-05,114330.13
2018-05-14,0.755,0.75646,0.75207,0.75255,0.75509,0.75656,0.75225,0.75264,9e-05,85399.53
2018-05-15,0.75255,0.75371,0.74477,0.74673,0.75264,0.75381,0.74484,0.74683,0.0001,125480.05
2018-05-16,0.74676,0.75231,0.74468,0.75165,0.74684,0.75239,0.74478,0.75174,9e-05,118517.16
2018-05-17,0.75165,0.75471,0.74975,0.75048,0.75174,0.75481,0.74983,0.75057,9e-05,127972.73
2018-05-18,0.75047,0.75278,0.74882,0.75064,0.75057,0.75285,0.7489,0.75134,0.0007,106443.58
2018-05-21,0.75224,0.75872,0.75027,0.7581,0.75233,0.75881,0.75036,0.7582,0.0001,98946.9
2018-05-22,0.75813,0.76053,0.75661,0.75778,0.7582,0.76059,0.75667,0.75787,9e-05,111468.66
2018-05-23,0.75779,0.75823,0.75223,0.75653,0.75788,0.75832,0.7523,0.75662,9e-05,140419.94
2018-05-24,0.75654,0.75823,0.75418,0.75703,0.75663,0.75833,0.75426,0.75712,9e-05,137406.3
2018-05-25,0.75705,0.75897,0.75422,0.75456,0.75714,0.75905,0.75432,0.75506,0.0005,120842.65
2018-05-28,0.75562,0.75808,0.75393,0.7545,0.7557,0.75816,0.75407,0.7546,0.0001,100139.69
2018-05-29,0.7545,0.75522,0.74758,0.74824,0.7546,0.7553,0.74767,0.74836,0.00012,149193.47
2018-05-30,0.74826,0.75835,0.74825,0.75695,0.74836,0.75844,0.74833,0.75705,0.0001,138238.56
2018-05-31,0.75695,0.75929,0.75523,0.75614,0.75705,0.75936,0.75532,0.75624,0.0001,136926.33
2018-06-01,0.75621,0.75722,0.75136,0.75638,0.75627,0.75735,0.75154,0.75711,0.00073,117780.82
2018-06-04,0.75675,0.76661,0.7567,0.76511,0.75683,0.76667,0.75681,0.76521,0.0001,95014.87
2018-06-05,0.76511,0.76557,0.75945,0.76233,0.76522,0.76565,0.75952,0.76242,9e-05,127694.66
2018-06-06,0.76233,0.76765,0.76224,0.76634,0.76242,0.76772,0.76233,0.76643,9e-05,110267.04
2018-06-07,0.76635,0.76726,0.76122,0.7615,0.76643,0.76737,0.76131,0.76158,8e-05,111791.77
2018-06-08,0.76156,0.76268,0.75603,0.75982,0.76165,0.76278,0.75612,0.76012,0.0003,106147.21
2018-06-11,0.7602,0.76213,0.75949,0.7603,0.76032,0.7622,0.75959,0.7604,0.0001,73936.68
2018-06-12,0.76031,0.76233,0.75654,0.75738,0.76041,0.76241,0.75664,0.75747,9e-05,104955.64
2018-06-13,0.75739,0.76086,0.7529,0.75688,0.75747,0.76093,0.75298,0.75698,0.0001,101078.75
2018-06-14,0.75689,0.7576,0.74645,0.74648,0.75698,0.75776,0.74654,0.74657,9e-05,135137.88
2018-06-15,0.7465,0.74802,0.74384,0.74384,0.74659,0.7481,0.744,0.74442,0.00058,102958.22
2018-06-18,0.74402,0.7454,0.73933,0.7403,0.74412,0.74548,0.7394,0.74039,9e-05,81934.68
2018-06-19,0.7403,0.74266,0.7347,0.73893,0.74034,0.74275,0.73479,0.73901,8e-05,129789.75
2018-06-20,0.73895,0.74084,0.73655,0.73714,0.73901,0.74093,0.73666,0.73723,9e-05,114295.02
2018-06-21,0.73712,0.73935,0.73453,0.73757,0.73722,0.73943,0.73461,0.73767,0.0001,159806.83
2018-06-22,0.73758,0.74433,0.73755,0.74387,0.73768,0.74443,0.73765,0.74443,0.00056,127447.25
2018-06-25,0.74393,0.74393,0.7396,0.74088,0.74401,0.74401,0.73968,0.74097,9e-05,122157.46
2018-06-26,0.74088,0.74228,0.73796,0.73913,0.74099,0.74236,0.73805,0.73923,0.0001,135912.73
2018-06-27,0.73914,0.74069,0.73225,0.73407,0.73923,0.74077,0.73235,0.73417,0.0001,223636.89
2018-06-28,0.73406,0.73617,0.73296,0.73474,0.73414,0.73627,0.73305,0.73482,8e-05,142048.91
2018-06-29,0.73474,0.74089,0.73354,0.74026,0.7348,0.74108,0.73361,0.74103,0.00077,140468.17
2018-07-02,0.73971,0.73982,0.731,0.73376,0.73982,0.73992,0.73107,0.73384,8e-05,112905.26
2018-07-03,0.73377,0.74039,0.73141,0.73781,0.73387,0.74048,0.73149,0.73789,8e-05,121013.81
2018-07-04,0.73781,0.7424,0.7374,0.73791,0.73789,0.74252,0.7375,0.73799,8e-05,97048.12
2018-07-05,0.7379,0.74078,0.73611,0.7386,0.738,0.74087,0.73621,0.73869,9e-05,123917.79
2018-07-06,0.73861,0.74437,0.73758,0.74271,0.73869,0.74446,0.73766,0.74328,0.00057,112582.89
2018-07-09,0.74363,0.74835,0.74344,0.74697,0.74371,0.74842,0.74353,0.74703,6e-05,103012.42
2018-07-10,0.74697,0.74836,0.74122,0.74154,0.74705,0.74844,0.74133,0.74163,9e-05,114069.15
2018-07-11,0.74153,0.74286,0.73599,0.73648,0.74163,0.74295,0.73608,0.73658,0.0001,142312.3
2018-07-12,0.73648,0.74195,0.73611,0.74065,0.73657,0.74201,0.73618,0.74073,8e-05,103922.42
2018-07-13,0.74068,0.74236,0.7368,0.7423,0.74075,0.74254,0.73688,0.74251,0.00021,94345.34
2018-07-16,0.74177,0.74419,0.74087,0.74131,0.74186,0.74428,0.74095,0.74142,0.00011,107543.57
2018-07-17,0.74131,0.74379,0.73756,0.73772,0.74141,0.74388,0.73763,0.73779,7e-05,124288.0
2018-07-18,0.73774,0.74075,0.73428,0.73981,0.73779,0.7408,0.73438,0.7399,9e-05,119452.46
2018-07-19,0.73981,0.74411,0.73222,0.73623,0.73989,0.74418,0.73231,0.73633,0.0001,159754.95
2018-07-20,0.73622,0.74307,0.73177,0.74166,0.73631,0.74317,0.73187,0.74189,0.00023,161299.88
2018-07-23,0.74313,0.74355,0.73713,0.73793,0.74321,0.74366,0.73722,0.73804,0.00011,116299.66
2018-07-24,0.73794,0.74338,0.73593,0.74252,0.73804,0.74347,0.73602,0.74262,0.0001,116411.91
2018-07-25,0.74252,0.74643,0.73917,0.74589,0.74261,0.74648,0.73925,0.74598,9e-05,132534.81
2018-07-26,0.74595,0.74628,0.73717,0.73804,0.746,0.74636,0.73728,0.73813,9e-05,121181.93
2018-07-27,0.73804,0.74143,0.73697,0.73989,0.73813,0.74151,0.73706,0.74032,0.00043,109589.61
2018-07-30,0.73981,0.7413,0.73853,0.74073,0.7399,0.74137,0.73862,0.74083,0.0001,86286.11
2018-07-31,0.74073,0.74405,0.74037,0.7419,0.74084,0.74413,0.74047,0.74199,9e-05,118927.34
2018-08-01,0.7419,0.74239,0.73896,0.74051,0.74199,0.74246,0.73902,0.7406,9e-05,112422.03
2018-08-02,0.74051,0.7411,0.73548,0.73595,0.74059,0.74125,0.73556,0.73602,7e-05,114433.68
2018-08-03,0.73595,0.74113,0.73479,0.73948,0.73603,0.7412,0.73487,0.7398,0.00032,112462.1
2018-08-06,0.73934,0.74051,0.73739,0.73855,0.73942,0.7406,0.73746,0.73864,9e-05,84021.45
2018-08-07,0.73856,0.74393,0.7384,0.74248,0.73864,0.74402,0.73848,0.74258,0.0001,88955.41
2018-08-08,0.74248,0.74391,0.73831,0.74257,0.74257,0.744,0.73837,0.74266,9e-05,82619.88
2018-08-09,0.74259,0.74528,0.73652,0.73721,0.74267,0.74536,0.73658,0.73728,7e-05,102047.69
2018-08-10,0.73724,0.73748,0.72804,0.72965,0.7373,0.73757,0.72812,0.73004,0.00039,138938.48
2018-08-13,0.72877,0.72922,0.72563,0.72653,0.72886,0.72927,0.72569,0.72661,8e-05,136261.41
2018-08-14,0.72655,0.72833,0.72239,0.72352,0.72661,0.72839,0.72245,0.72362,0.0001,119172.12
2018-08-15,0.72352,0.72474,0.72021,0.72324,0.72362,0.7248,0.72028,0.72332,8e-05,127161.98
2018-08-16,0.72324,0.72863,0.72137,0.72584,0.72334,0.7287,0.7216,0.72593,9e-05,124655.82
2018-08-17,0.72585,0.73192,0.72524,0.73148,0.72594,0.732,0.72533,0.73173,0.00025,105478.6
2018-08-20,0.7308,0.73464,0.72954,0.73361,0.73087,0.73472,0.72962,0.73369,8e-05,97000.29
2018-08-21,0.73362,0.73815,0.73328,0.73609,0.73369,0.73823,0.73336,0.73617,8e-05,105364.56
2018-08-22,0.7361,0.73697,0.73313,0.73336,0.73618,0.7371,0.73321,0.73344,8e-05,110545.31
2018-08-23,0.73336,0.73345,0.72402,0.72432,0.73346,0.73353,0.72411,0.72442,0.0001,107516.6
2018-08-24,0.72431,0.73442,0.72375,0.73234,0.72439,0.73451,0.72383,0.73287,0.00053,110152.64
2018-08-27,0.73419,0.73563,0.73071,0.73489,0.73428,0.7357,0.73079,0.73499,0.0001,99766.0
2018-08-28,0.73489,0.73622,0.73211,0.73443,0.73499,0.73629,0.73219,0.73451,8e-05,113959.13
2018-08-29,0.73442,0.73485,0.72746,0.73106,0.73449,0.73493,0.72753,0.73115,9e-05,118477.91
2018-08-30,0.73107,0.73107,0.72491,0.72619,0.73114,0.73114,0.725,0.72626,7e-05,115287.24
2018-08-31,0.72618,0.72641,0.71754,0.71896,0.72628,0.72649,0.71765,0.71955,0.00059,120404.85
2018-09-03,0.71882,0.72232,0.71657,0.72073,0.71893,0.72241,0.71665,0.72082,9e-05,86356.71
2018-09-04,0.72073,0.72352,0.71569,0.71843,0.72082,0.7236,0.71579,0.71853,0.0001,133548.81
2018-09-05,0.71844,0.72178,0.71443,0.71949,0.71853,0.72189,0.7145,0.71958,9e-05,123412.22
2018-09-06,0.71949,0.72107,0.71658,0.71899,0.71958,0.72116,0.71665,0.71906,7e-05,120219.5
2018-09-07,0.71899,0.71926,0.70983,0.71031,0.71906,0.71935,0.70991,0.71083,0.00052,124113.51
2018-09-10,0.7114,0.71315,0.70988,0.7109,0.71147,0.71322,0.70996,0.71097,7e-05,96185.05
2018-09-11,0.71088,0.71286,0.70848,0.71102,0.71097,0.71291,0.70856,0.71111,9e-05,104700.1
2018-09-12,0.71101,0.71823,0.70931,0.71706,0.71109,0.7183,0.7094,0.71714,8e-05,111613.33
2018-09-13,0.71701,0.72289,0.71675,0.71863,0.7171,0.72297,0.71684,0.71872,9e-05,107939.32
2018-09-14,0.71864,0.72159,0.71502,0.71509,0.71872,0.72164,0.7151,0.71563,0.00054,97127.0
2018-09-17,0.71424,0.71961,0.71416,0.71443,0.71431,0.71968,0.71424,0.71453,0.0001,87885.59
2018-09-18,0.71442,0.72341,0.7144,0.72238,0.71453,0.72348,0.71447,0.72246,8e-05,119805.73
2018-09-19,0.7224,0.72747,0.72131,0.72584,0.72246,0.72753,0.72139,0.72591,7e-05,110612.29
2018-09-20,0.72585,0.72926,0.72535,0.72857,0.72593,0.72935,0.72543,0.72865,8e-05,101973.56
2018-09-21,0.72862,0.73038,0.72626,0.72863,0.72869,0.73044,0.72633,0.7291,0.00047,95326.5
2018-09-24,0.72759,0.72813,0.72493,0.72519,0.72766,0.72821,0.72508,0.72529,0.0001,90037.41
2018-09-25,0.7252,0.72628,0.72358,0.72478,0.72528,0.72634,0.72365,0.72485,7e-05,92062.37
2018-09-26,0.72477,0.73145,0.72404,0.72561,0.72486,0.73154,0.72413,0.72568,7e-05,104639.18
2018-09-27,0.72559,0.72681,0.72018,0.72047,0.72566,0.72688,0.72026,0.72057,0.0001,95123.29
2018-09-28,0.72047,0.72409,0.72026,0.72223,0.72057,0.72414,0.72034,0.72298,0.00075,92723.13
2018-10-01,0.72232,0.72305,0.72067,0.72272,0.7224,0.72311,0.72075,0.72278,6e-05,99074.85
2018-10-02,0.72277,0.72375,0.71621,0.71864,0.72284,0.72387,0.71628,0.71871,7e-05,107855.29
2018-10-03,0.71865,0.71965,0.7093,0.70955,0.71873,0.71975,0.70938,0.70962,7e-05,109049.46
2018-10-04,0.70957,0.71036,0.70652,0.70802,0.70964,0.71045,0.7066,0.70811,9e-05,117095.42
2018-10-05,0.70803,0.70868,0.70421,0.70458,0.70811,0.70877,0.70428,0.70531,0.00073,104116.15
2018-10-08,0.70541,0.70809,0.7041,0.70715,0.70551,0.70826,0.70416,0.70722,7e-05,97739.1
2018-10-09,0.70714,0.71169,0.70538,0.71149,0.70723,0.71178,0.70546,0.71157,8e-05,116277.99
2018-10-10,0.71149,0.71301,0.70432,0.70632,0.71157,0.71309,0.70444,0.70641,9e-05,125725.99
2018-10-11,0.70631,0.71287,0.70593,0.7124,0.70641,0.71296,0.70601,0.71246,6e-05,168219.19
2018-10-12,0.71238,0.71393,0.71017,0.71096,0.71246,0.71402,0.71025,0.71132,0.00036,129599.51
2018-10-15,0.71066,0.71486,0.70985,0.71352,0.71075,0.71492,0.70993,0.7136,8e-05,127192.81
2018-10-16,0.71352,0.71507,0.71118,0.71381,0.71359,0.71513,0.71124,0.71388,7e-05,105075.1
2018-10-17,0.71382,0.71594,0.71043,0.71102,0.71388,0.71601,0.71053,0.71113,0.00011,106102.49
2018-10-18,0.71104,0.71505,0.70906,0.70957,0.71112,0.71514,0.70924,0.70966,9e-05,122322.13
2018-10-19,0.70957,0.71497,0.70888,0.71139,0.70964,0.71504,0.70895,0.71216,0.00077,119701.94
2018-10-22,0.71128,0.71248,0.70709,0.70718,0.71137,0.71255,0.70717,0.70726,8e-05,114419.0
2018-10-23,0.70719,0.70923,0.70552,0.70915,0.70727,0.70931,0.70558,0.70923,8e-05,123071.24
2018-10-24,0.70916,0.7106,0.70559,0.70625,0.70925,0.71066,0.70571,0.70635,0.0001,134615.06
2018-10-25,0.70627,0.70992,0.70565,0.70804,0.70636,0.71,0.70571,0.70812,8e-05,133276.98
2018-10-26,0.70809,0.71037,0.70206,0.70892,0.70814,0.71047,0.70214,0.70935,0.00043,138684.2
2018-10-29,0.70968,0.71084,0.70503,0.70619,0.70977,0.71095,0.70515,0.7063,0.00011,126281.76
2018-10-30,0.70619,0.71218,0.70579,0.70976,0.70629,0.71226,0.70588,0.70985,9e-05,118853.44
2018-10-31,0.70976,0.71063,0.70674,0.70823,0.70986,0.71072,0.70686,0.70833,0.0001,103673.72
2018-11-01,0.70823,0.72119,0.70797,0.72044,0.70833,0.72129,0.70807,0.72054,0.0001,110997.92
2018-11-02,0.72044,0.72581,0.71821,0.71967,0.72054,0.72589,0.7183,0.7198,0.00013,121515.51
2018-11-05,0.71981,0.72176,0.71821,0.72112,0.71992,0.72184,0.7183,0.72122,0.0001,100644.55
2018-11-06,0.72113,0.72461,0.72048,0.72423,0.72122,0.72497,0.72058,0.72433,0.0001,107272.39
2018-11-07,0.7242,0.72997,0.72125,0.7274,0.72431,0.73005,0.72135,0.7275,0.0001,124798.73
2018-11-08,0.7274,0.73022,0.72467,0.72652,0.72751,0.73032,0.72478,0.72662,0.0001,131460.66
2018-11-09,0.7265,0.72703,0.72186,0.72235,0.7266,0.7271,0.72194,0.72297,0.00062,126960.75
2018-11-12,0.72263,0.72371,0.71697,0.7174,0.72273,0.72381,0.71715,0.71752,0.00012,109563.67
2018-11-13,0.71742,0.72357,0.71638,0.72302,0.71754,0.72367,0.71649,0.7231,8e-05,142205.27
2018-11-14,0.72302,0.72532,0.71876,0.72324,0.72309,0.72543,0.71885,0.72335,0.00011,147287.72
2018-11-15,0.72323,0.72978,0.72314,0.72709,0.72334,0.72985,0.72329,0.72721,0.00012,149447.97
2018-11-16,0.72708,0.7337,0.72498,0.73283,0.72721,0.73388,0.72507,0.73353,0.0007,109023.78
2018-11-19,0.73169,0.73252,0.72769,0.72948,0.7318,0.73262,0.72778,0.72958,0.0001,92080.97
2018-11-20,0.72947,0.73001,0.72021,0.72164,0.72957,0.73011,0.72039,0.72173,9e-05,115457.84
2018-11-21,0.72163,0.72767,0.72096,0.72615,0.72173,0.72777,0.72107,0.72626,0.00011,104918.59
2018-11-22,0.72616,0.72676,0.72339,0.72495,0.72627,0.72686,0.72349,0.72506,0.00011,81013.18
2018-11-23,0.72497,0.72543,0.72184,0.72273,0.72507,0.72553,0.72193,0.72385,0.00112,85988.21
2018-11-26,0.7232,0.72758,0.72121,0.72231,0.7233,0.72767,0.72135,0.7224,9e-05,93498.44
2018-11-27,0.72234,0.72687,0.71989,0.72281,0.72241,0.72698,0.71996,0.72289,8e-05,107990.84
2018-11-28,0.72279,0.73275,0.72208,0.73005,0.72289,0.73285,0.72217,0.73016,0.00011,111546.12
2018-11-29,0.73006,0.7344,0.72948,0.73217,0.73016,0.7345,0.72957,0.73228,0.00011,114096.8
2018-11-30,0.73217,0.73256,0.72842,0.73119,0.73227,0.73266,0.72851,0.73155,0.00036,102757.67
2018-12-03,0.73734,0.73928,0.7346,0.73559,0.73745,0.73936,0.7347,0.73567,8e-05,94176.49
2018-12-04,0.73558,0.73931,0.73257,0.73442,0.73567,0.73941,0.73266,0.73454,0.00012,131960.67
2018-12-05,0.73443,0.73554,0.72572,0.7264,0.73456,0.73565,0.72585,0.72652,0.00012,97680.49
2018-12-06,0.72641,0.72656,0.71912,0.7233,0.72652,0.72668,0.71922,0.72342,0.00012,153358.34
2018-12-07,0.72331,0.72416,0.71967,0.71967,0.72341,0.72422,0.71989,0.72028,0.00061,129174.19
2018-12-10,0.718,0.72265,0.7179,0.71906,0.71812,0.72272,0.718,0.71915,9e-05,127897.82
2018-12-11,0.71905,0.72246,0.71843,0.72121,0.71915,0.72255,0.71853,0.72133,0.00012,124106.57
2018-12-12,0.72121,0.72376,0.72009,0.72167,0.72132,0.72386,0.7202,0.72179,0.00012,126443.59
2018-12-13,0.7217,0.72462,0.72118,0.72219,0.7218,0.72471,0.7213,0.72229,0.0001,115342.5
2018-12-14,0.72218,0.72279,0.71509,0.71735,0.72226,0.7229,0.71518,0.71786,0.00051,114785.16
2018-12-17,0.71749,0.71867,0.71681,0.71762,0.71759,0.71877,0.71692,0.71773,0.00011,107203.14
2018-12-18,0.71765,0.72031,0.71648,0.71888,0.71773,0.7204,0.71659,0.71898,0.0001,131280.3
2018-12-19,0.71889,0.72003,0.7087,0.71124,0.71898,0.72011,0.70881,0.71134,0.0001,167154.62
2018-12-20,0.71125,0.71484,0.70856,0.71155,0.71134,0.71493,0.70864,0.71166,0.00011,206144.45
2018-12-21,0.71155,0.71224,0.70306,0.70319,0.71167,0.71234,0.7032,0.7034,0.00021,172276.22
2018-12-24,0.70485,0.70685,0.70362,0.70421,0.70497,0.70706,0.704,0.70512,0.00091,140622.03
2018-12-25,0.70382,0.70626,0.70289,0.70458,0.70494,0.70649,0.70363,0.70472,0.00014,7088.97
2018-12-26,0.70457,0.70774,0.70321,0.70733,0.70472,0.70786,0.70333,0.70745,0.00012,80428.49
2018-12-27,0.70736,0.70768,0.70163,0.70341,0.70747,0.70777,0.70173,0.70352,0.00011,188441.8
2018-12-28,0.70341,0.70687,0.70299,0.70366,0.70351,0.70698,0.70307,0.70412,0.00046,142748.7
2018-12-31,0.70429,0.70709,0.70324,0.70409,0.70441,0.70721,0.70334,0.70534,0.00125,103572.49
2019-01-01,0.70519,0.70522,0.70431,0.70476,0.70542,0.70554,0.70446,0.70486,0.0001,6163.79
2019-01-02,0.70476,0.70481,0.67218,0.69162,0.70487,0.70492,0.67495,0.69174,0.00012,197204.69
2019-01-03,0.69161,0.70189,0.69161,0.70055,0.69174,0.702,0.69174,0.70066,0.00011,216005.62
2019-01-04,0.70054,0.71243,0.69931,0.71167,0.70065,0.71252,0.69943,0.71199,0.00032,178892.3
2019-01-07,0.7123,0.71493,0.71143,0.7144,0.71242,0.71503,0.71153,0.71451,0.00011,148536.11
2019-01-08,0.7144,0.7171,0.7116,0.71647,0.71452,0.71719,0.71171,0.71658,0.00011,160343.38
2019-01-09,0.71647,0.71935,0.71429,0.71742,0.71659,0.71943,0.71439,0.71755,0.00013,149305.98
2019-01-10,0.71743,0.71973,0.71456,0.71865,0.71754,0.7198,0.71467,0.71876,0.00011,131082.2
2019-01-11,0.71865,0.72348,0.71819,0.72135,0.71877,0.72358,0.71829,0.72173,0.00038,129936.22
2019-01-14,0.72009,0.72176,0.71753,0.71987,0.72022,0.72185,0.7176,0.71999,0.00012,109187.11
2019-01-15,0.71994,0.72253,0.71796,0.72063,0.71999,0.72262,0.71807,0.72073,0.0001,129972.26
2019-01-16,0.72063,0.72118,0.71614,0.71716,0.72073,0.72128,0.71624,0.71728,0.00012,101314.47
2019-01-17,0.71714,0.72209,0.71465,0.71891,0.71724,0.72221,0.71475,0.71901,0.0001,124263.27
2019-01-18,0.71891,0.72143,0.71596,0.71596,0.71902,0.72153,0.71628,0.71632,0.00036,108038.55
2019-01-21,0.71618,0.71815,0.71397,0.71585,0.71628,0.71828,0.71405,0.71596,0.00011,98195.68
2019-01-22,0.71584,0.71599,0.71156,0.71206,0.71596,0.71608,0.71166,0.71217,0.00011,101030.0
2019-01-23,0.71205,0.71468,0.71192,0.71467,0.71216,0.71478,0.71203,0.71475,8e-05,99842.81
2019-01-24,0.71465,0.71664,0.70769,0.70918,0.71469,0.71674,0.70779,0.7093,0.00012,129878.68
2019-01-25,0.70918,0.71848,0.70756,0.71767,0.70928,0.71859,0.70766,0.71825,0.00058,132293.44
2019-01-28,0.7178,0.72036,0.71585,0.71654,0.7179,0.72044,0.71597,0.71664,0.0001,89921.45
2019-01-29,0.71653,0.71757,0.71375,0.71565,0.71665,0.71768,0.71389,0.71575,0.0001,111989.98
2019-01-30,0.71564,0.72726,0.71494,0.72533,0.71575,0.72736,0.71505,0.72544,0.00011,144954.86
2019-01-31,0.72532,0.72948,0.72453,0.72714,0.72543,0.72959,0.72463,0.72724,0.0001,144179.8
2019-02-01,0.72714,0.72838,0.72362,0.72475,0.72724,0.72847,0.72372,0.72524,0.00049,120176.49
2019-02-04,0.72473,0.72535,0.7211,0.72123,0.72485,0.7255,0.72119,0.72134,0.00011,103862.06
2019-02-05,0.72123,0.72641,0.71932,0.72419,0.72135,0.72651,0.71943,0.7243,0.00011,110807.91
2019-02-06,0.72418,0.72451,0.71015,0.71098,0.72429,0.72461,0.71029,0.71109,0.00011,129123.89
2019-02-07,0.71101,0.7117,0.7089,0.70936,0.7111,0.71179,0.70899,0.70947,0.00011,111333.51
2019-02-08,0.70936,0.71011,0.706,0.70858,0.70947,0.71019,0.70613,0.70913,0.00055,109758.33
2019-02-11,0.70999,0.71075,0.70566,0.70618,0.7101,0.71085,0.70576,0.7063,0.00012,118193.28
2019-02-12,0.70618,0.71075,0.70536,0.71032,0.70629,0.71084,0.70546,0.71042,0.0001,122354.18
2019-02-13,0.71031,0.71355,0.70846,0.7091,0.71042,0.71366,0.70855,0.70919,9e-05,124971.16
2019-02-14,0.7091,0.71312,0.70711,0.71035,0.70917,0.71321,0.7072,0.71044,9e-05,147369.94
2019-02-15,0.71036,0.71481,0.7079,0.71375,0.71045,0.7149,0.70799,0.71445,0.0007,126602.65
2019-02-18,0.71445,0.71602,0.71241,0.71307,0.71454,0.71612,0.71251,0.71317,0.0001,116931.91
2019-02-19,0.71305,0.71734,0.71031,0.71667,0.71315,0.71744,0.71041,0.71678,0.00011,134579.78
2019-02-20,0.71668,0.71827,0.71408,0.71681,0.71678,0.71835,0.71417,0.71691,0.0001,140004.61
2019-02-21,0.71682,0.72066,0.70697,0.71077,0.71692,0.72075,0.70705,0.71087,0.0001,188338.73
2019-02-22,0.71077,0.71499,0.70823,0.71231,0.71086,0.7151,0.70832,0.71297,0.00066,145105.91
2019-02-25,0.71566,0.71839,0.71339,0.71717,0.71577,0.71848,0.71349,0.71727,0.0001,133410.64
2019-02-26,0.71715,0.71985,0.71417,0.71928,0.71725,0.71996,0.71426,0.71938,0.0001,126158.45
2019-02-27,0.7193,0.71952,0.7127,0.71478,0.71938,0.71962,0.71278,0.71488,0.0001,155380.69
2019-02-28,0.71476,0.71659,0.70893,0.71011,0.71484,0.7167,0.70906,0.71021,0.0001,155888.77
2019-03-01,0.7101,0.71212,0.70691,0.70759,0.71022,0.71222,0.70702,0.70835,0.00076,113727.5
2019-03-04,0.7099,0.71022,0.70749,0.70893,0.71,0.71036,0.70758,0.70903,0.0001,131542.34
2019-03-05,0.70893,0.70966,0.70584,0.70868,0.70903,0.70973,0.70593,0.70877,9e-05,119488.33
2019-03-06,0.70871,0.70916,0.7021,0.70315,0.70877,0.70926,0.70218,0.70325,0.0001,128257.36
2019-03-07,0.70314,0.70512,0.70047,0.70234,0.70324,0.70521,0.70055,0.70241,7e-05,105634.26
2019-03-08,0.70234,0.70519,0.70028,0.70423,0.7024,0.70528,0.70038,0.7047,0.00047,114435.94
2019-03-11,0.70371,0.70801,0.70262,0.70713,0.70381,0.70811,0.70272,0.70725,0.00012,90743.02
2019-03-12,0.70713,0.70914,0.70542,0.70621,0.70724,0.70923,0.7055,0.70631,0.0001,105421.71
2019-03-13,0.70621,0.70975,0.70486,0.70855,0.70628,0.70985,0.70494,0.70863,8e-05,98368.0
2019-03-14,0.70856,0.70858,0.70408,0.70672,0.70865,0.70869,0.70417,0.70682,0.0001,108184.3
2019-03-15,0.70672,0.70969,0.70656,0.70814,0.70682,0.70978,0.70667,0.70892,0.00078,86743.28
2019-03-18,0.70829,0.71193,0.70816,0.70982,0.7084,0.71203,0.70826,0.70992,0.0001,90154.37
2019-03-19,0.70983,0.71105,0.70845,0.7087,0.70993,0.71114,0.70855,0.70881,0.00011,104159.95
2019-03-20,0.70871,0.71494,0.70563,0.71329,0.70881,0.71503,0.70573,0.71337,8e-05,129210.07
2019-03-21,0.71329,0.71677,0.70893,0.71058,0.71337,0.71688,0.70903,0.71068,0.0001,196890.59
2019-03-22,0.71059,0.71148,0.70753,0.70785,0.71068,0.71157,0.70761,0.70814,0.00029,151884.39
2019-03-25,0.70802,0.71165,0.70651,0.71154,0.70812,0.71174,0.70661,0.71164,0.0001,131345.17
2019-03-26,0.71154,0.71473,0.71132,0.71362,0.71163,0.71482,0.7114,0.71373,0.00011,114940.09
2019-03-27,0.71362,0.71382,0.70682,0.70834,0.71374,0.71391,0.7069,0.70845,0.00011,141878.7
2019-03-28,0.70834,0.71056,0.70629,0.70821,0.70839,0.71067,0.70634,0.70832,0.00011,135426.02
2019-03-29,0.70819,0.71044,0.70739,0.70932,0.7083,0.71053,0.7075,0.70985,0.00053,111533.07
2019-04-01,0.71118,0.71314,0.71008,0.71091,0.71128,0.71324,0.71028,0.71101,0.0001,111174.92
2019-04-02,0.71092,0.7129,0.70522,0.70566,0.71101,0.7131,0.7053,0.70577,0.00011,116633.0
2019-04-03,0.70567,0.71295,0.7054,0.71166,0.70577,0.71303,0.7055,0.71177,0.00011,109874.86
2019-04-04,0.71167,0.71267,0.70974,0.71084,0.71177,0.71277,0.70982,0.71094,0.0001,94816.5
2019-04-05,0.71085,0.71314,0.70919,0.71016,0.71094,0.7132,0.70929,0.71096,0.0008,80149.45
2019-04-08,0.70997,0.71303,0.7087,0.71206,0.71008,0.71313,0.70881,0.71216,0.0001,81295.59
2019-04-09,0.71206,0.71519,0.71198,0.71271,0.71217,0.7152,0.71209,0.71282,0.00011,92247.3
2019-04-10,0.71271,0.71745,0.7109,0.71661,0.71282,0.71755,0.71097,0.71669,8e-05,107205.93
2019-04-11,0.71661,0.7168,0.71162,0.71223,0.71665,0.71689,0.71171,0.71233,0.0001,82165.7
2019-04-12,0.71223,0.71919,0.71156,0.717,0.71234,0.71928,0.71165,0.71749,0.00049,100489.5
2019-04-15,0.717,0.71818,0.71635,0.71728,0.71711,0.7182,0.71644,0.71738,0.0001,92885.1
2019-04-16,0.71728,0.71788,0.71394,0.7164,0.71738,0.71797,0.71401,0.71647,7e-05,105437.03
2019-04-17,0.71642,0.72055,0.71561,0.71721,0.71649,0.72068,0.71569,0.71731,0.0001,98658.75
2019-04-18,0.71722,0.71988,0.71362,0.71458,0.71732,0.72,0.71372,0.71475,0.00017,101418.4
2019-04-19,0.71455,0.71581,0.7144,0.71497,0.71471,0.71603,0.71452,0.71577,0.0008,35539.12
2019-04-22,0.71474,0.71504,0.71279,0.71332,0.71485,0.71515,0.71289,0.71342,0.0001,55429.7
2019-04-23,0.71332,0.71336,0.70806,0.70964,0.71342,0.71346,0.70814,0.70973,9e-05,90790.18
2019-04-24,0.70966,0.70986,0.70039,0.70132,0.70973,0.70996,0.70049,0.70142,0.0001,117149.63
2019-04-25,0.70131,0.70225,0.69878,0.70165,0.7014,0.70237,0.69887,0.70176,0.00011,110863.34
2019-04-26,0.70166,0.7061,0.70067,0.70353,0.70177,0.70617,0.70077,0.70404,0.00051,95259.56
2019-04-29,0.70423,0.70604,0.70388,0.70543,0.70434,0.70614,0.70397,0.70553,0.0001,62606.97
2019-04-30,0.70543,0.70686,0.70305,0.70491,0.70555,0.707,0.70314,0.70499,8e-05,94593.88
2019-05-01,0.70488,0.70607,0.70068,0.70134,0.705,0.70617,0.70079,0.70144,0.0001,74684.24
2019-05-02,0.70135,0.7029,0.69928,0.69928,0.70144,0.70299,0.69938,0.69938,0.0001,86685.57
2019-05-03,0.6993,0.70241,0.69844,0.70218,0.6994,0.70256,0.69853,0.70255,0.00037,89211.8
2019-05-06,0.69735,0.70024,0.69624,0.69921,0.69745,0.70031,0.69633,0.69931,0.0001,92472.4
2019-05-07,0.69922,0.70476,0.69805,0.70076,0.69931,0.70485,0.69829,0.70085,9e-05,118908.52
2019-05-08,0.70074,0.70263,0.69856,0.69912,0.70084,0.70273,0.69867,0.69921,9e-05,120953.71
2019-05-09,0.69912,0.69975,0.69646,0.69872,0.69924,0.69984,0.69651,0.69881,9e-05,119282.51
2019-05-10,0.69871,0.70181,0.69779,0.69974,0.69881,0.70191,0.69792,0.70003,0.00029,136058.59
2019-05-13,0.69833,0.6986,0.69392,0.69442,0.69843,0.69868,0.69404,0.69452,0.0001,110796.22
2019-05-14,0.69442,0.69592,0.69345,0.69371,0.69452,0.69602,0.69354,0.69382,0.00011,93558.5
2019-05-15,0.69375,0.69379,0.69145,0.69254,0.69383,0.69389,0.69154,0.69264,0.0001,98289.81
2019-05-16,0.69255,0.69325,0.6886,0.68914,0.69265,0.69335,0.68869,0.68924,0.0001,95808.8
2019-05-17,0.68912,0.68968,0.68644,0.68659,0.6892,0.68978,0.68652,0.68698,0.00039,96945.93
2019-05-20,0.69012,0.69337,0.68989,0.69197,0.69025,0.69347,0.68999,0.69206,9e-05,97308.5
2019-05-21,0.69202,0.69237,0.68661,0.68823,0.69208,0.69245,0.68669,0.68832,9e-05,117874.15
2019-05-22,0.68824,0.68962,0.68708,0.68766,0.68832,0.6897,0.68719,0.68778,0.00012,98106.07
2019-05-23,0.68768,0.69041,0.68645,0.68978,0.68778,0.69054,0.6865,0.68987,9e-05,115817.62
2019-05-24,0.68978,0.69342,0.68809,0.6926,0.6899,0.69352,0.68818,0.69282,0.00022,79576.88
2019-05-27,0.69291,0.69382,0.69126,0.69197,0.69301,0.69392,0.69136,0.69208,0.00011,55499.82
2019-05-28,0.69198,0.69353,0.6916,0.69247,0.69208,0.69362,0.69169,0.69257,0.0001,85161.04
2019-05-29,0.69247,0.69313,0.6904,0.69178,0.69257,0.6932,0.69048,0.69189,0.00011,100499.62
2019-05-30,0.69183,0.69365,0.68984,0.69048,0.69191,0.69372,0.68993,0.69056,8e-05,92946.62
2019-05-31,0.69049,0.69439,0.69005,0.69333,0.69056,0.69447,0.69016,0.69384,0.00051,117799.87
2019-06-03,0.69284,0.69822,0.6927,0.69698,0.69292,0.69831,0.69279,0.69707,9e-05,119982.16
2019-06-04,0.69699,0.70038,0.69555,0.69903,0.69707,0.70045,0.69564,0.69912,9e-05,134181.8
2019-06-05,0.69902,0.70071,0.69618,0.69694,0.69912,0.70079,0.6963,0.69704,0.0001,135406.53
2019-06-06,0.69698,0.6994,0.69632,0.69735,0.69705,0.6995,0.69641,0.69747,0.00012,147085.52
2019-06-07,0.69738,0.70218,0.69637,0.69979,0.69749,0.70227,0.69646,0.7005,0.00071,121769.51
2019-06-10,0.6995,0.6999,0.69569,0.69604,0.6996,0.69999,0.69579,0.69614,0.0001,120608.04
2019-06-11,0.69606,0.69661,0.69467,0.69604,0.69616,0.69671,0.69476,0.69613,9e-05,120797.55
2019-06-12,0.69606,0.69627,0.69248,0.69293,0.69616,0.69637,0.69257,0.69304,0.00011,131126.05
2019-06-13,0.69295,0.69381,0.6901,0.69105,0.69304,0.69392,0.69019,0.69114,9e-05,110416.56
2019-06-14,0.69107,0.69138,0.68609,0.68683,0.69116,0.69146,0.68617,0.68741,0.00058,98490.21
2019-06-17,0.68772,0.68843,0.68484,0.68513,0.68783,0.68851,0.68493,0.68524,0.00011,73351.45
2019-06-18,0.68514,0.68817,0.68314,0.68808,0.68524,0.68826,0.68322,0.68816,8e-05,110392.12
2019-06-19,0.68808,0.69089,0.68547,0.68847,0.68818,0.69098,0.68556,0.68857,0.0001,113180.71
2019-06-20,0.68847,0.69356,0.68796,0.69204,0.68858,0.69362,0.68803,0.69213,9e-05,141429.58
2019-06-21,0.69203,0.69375,0.69029,0.69224,0.69213,0.69384,0.69038,0.69297,0.00073,118814.86
2019-06-24,0.6946,0.69687,0.69426,0.69652,0.69467,0.69698,0.69434,0.69661,9e-05,101857.92
2019-06-25,0.69653,0.69779,0.69414,0.69601,0.69661,0.69789,0.69423,0.6961,9e-05,158420.08
2019-06-26,0.69601,0.69946,0.695,0.69848,0.69608,0.69954,0.69517,0.69858,0.0001,115025.61
2019-06-27,0.69849,0.70087,0.69838,0.70043,0.69859,0.70099,0.69848,0.70054,0.00011,101181.55
2019-06-28,0.70043,0.70224,0.69978,0.70174,0.70053,0.70261,0.69988,0.70246,0.00072,87237.69
2019-07-01,0.70222,0.70231,0.69557,0.69644,0.70232,0.70242,0.69567,0.69653,9e-05,91707.36
2019-07-02,0.69646,0.7,0.69563,0.69937,0.69653,0.7001,0.69591,0.69947,0.0001,78671.01
2019-07-03,0.69939,0.70392,0.6985,0.70304,0.69948,0.70397,0.6986,0.70314,0.0001,78856.04
2019-07-04,0.70302,0.70474,0.70151,0.70244,0.70314,0.70485,0.7016,0.70254,0.0001,48990.88
2019-07-05,0.70244,0.70285,0.6957,0.69761,0.70254,0.70293,0.69579,0.69836,0.00075,78964.4
2019-07-08,0.69808,0.6994,0.69667,0.69715,0.69818,0.69948,0.69673,0.69725,0.0001,58402.53
2019-07-09,0.69715,0.69743,0.69202,0.69247,0.69726,0.69753,0.69207,0.69257,0.0001,73137.72
2019-07-10,0.69247,0.69687,0.69101,0.69576,0.69257,0.69696,0.6911,0.69587,0.00011,92767.32
2019-07-11,0.69576,0.69876,0.69536,0.69711,0.69588,0.69888,0.69546,0.69722,0.00011,93214.82
2019-07-12,0.69712,0.70243,0.69708,0.70174,0.69722,0.70253,0.69719,0.70241,0.00067,83865.2
2019-07-15,0.70168,0.70441,0.70118,0.70373,0.70173,0.7045,0.70127,0.70383,0.0001,65774.35
2019-07-16,0.70372,0.70424,0.701,0.70152,0.70383,0.70434,0.70109,0.70161,9e-05,91844.46
2019-07-17,0.70152,0.70245,0.6996,0.70079,0.70162,0.70253,0.69968,0.7009,0.00011,84009.48
2019-07-18,0.7008,0.70817,0.70047,0.70674,0.7009,0.70826,0.70067,0.70684,0.0001,111259.75
2019-07-19,0.70675,0.70767,0.70369,0.70384,0.70685,0.70777,0.70381,0.70454,0.0007,100035.06
2019-07-22,0.70423,0.70569,0.70276,0.70289,0.70433,0.7058,0.70286,0.70298,9e-05,70747.31
2019-07-23,0.7029,0.70348,0.69922,0.69947,0.70299,0.70357,0.6993,0.69956,9e-05,73828.32
2019-07-24,0.69948,0.69951,0.69722,0.69773,0.69957,0.6996,0.69732,0.69783,0.0001,75894.53
2019-07-25,0.69773,0.69837,0.6942,0.695,0.69785,0.69848,0.69431,0.69511,0.00011,112145.23
2019-07-26,0.695,0.69547,0.69023,0.69094,0.69512,0.69558,0.69033,0.69149,0.00055,78219.72
2019-07-29,0.69052,0.6916,0.68943,0.68976,0.69064,0.69171,0.68953,0.68987,0.00011,57060.17
2019-07-30,0.68977,0.6908,0.68682,0.68739,0.68987,0.69089,0.68693,0.68751,0.00012,74968.05
2019-07-31,0.68741,0.68988,0.68316,0.68446,0.68753,0.68999,0.68326,0.68457,0.00011,143820.89
2019-08-01,0.68446,0.68675,0.67947,0.68013,0.68459,0.68686,0.67959,0.68023,0.0001,164540.02
2019-08-02,0.68013,0.68182,0.67627,0.67974,0.68024,0.68195,0.67636,0.68046,0.00072,181032.5
2019-08-05,0.67901,0.68035,0.67473,0.67622,0.67911,0.68047,0.67487,0.67631,9e-05,153444.27
2019-08-06,0.6762,0.68004,0.67528,0.67616,0.67629,0.68014,0.67537,0.67626,0.0001,137440.89
2019-08-07,0.67617,0.67823,0.66764,0.67567,0.67627,0.67834,0.66776,0.67578,0.00011,156556.12
2019-08-08,0.67569,0.68213,0.67456,0.68103,0.67578,0.68224,0.6747,0.68114,0.00011,116969.51
2019-08-09,0.68102,0.68178,0.67794,0.67803,0.68107,0.68188,0.67808,0.67895,0.00092,97070.17
2019-08-12,0.67766,0.67953,0.67446,0.67551,0.67778,0.67962,0.67454,0.6756,9e-05,119982.73
2019-08-13,0.67551,0.6818,0.67469,0.67961,0.67561,0.68188,0.67478,0.67971,0.0001,176427.59
2019-08-14,0.67961,0.68084,0.67351,0.67541,0.67971,0.68092,0.67359,0.6755,9e-05,186821.62
2019-08-15,0.67541,0.67904,0.67538,0.67717,0.67551,0.67912,0.67548,0.67729,0.00012,202685.62
2019-08-16,0.67717,0.67947,0.67703,0.67756,0.67729,0.6796,0.67715,0.67852,0.00096,142125.95
2019-08-19,0.67856,0.67886,0.67541,0.6755,0.67868,0.67897,0.67552,0.67559,9e-05,101532.31
2019-08-20,0.6755,0.67946,0.6755,0.67733,0.6756,0.67957,0.6756,0.67743,0.0001,109601.67
2019-08-21,0.67733,0.67988,0.67726,0.67839,0.67744,0.67997,0.67737,0.67848,9e-05,97241.65
2019-08-22,0.6784,0.67841,0.67506,0.67552,0.67849,0.67849,0.67514,0.67562,0.0001,121991.0
2019-08-23,0.67555,0.67776,0.67354,0.67467,0.67563,0.67783,0.67364,0.67543,0.00076,168735.56
2019-08-26,0.67061,0.67876,0.67059,0.67692,0.67072,0.67885,0.6707,0.67701,9e-05,235916.98
2019-08-27,0.6769,0.67763,0.67463,0.67541,0.67703,0.67773,0.67472,0.67552,0.00011,145793.41
2019-08-28,0.67542,0.6762,0.67316,0.67392,0.67553,0.6763,0.67333,0.67402,0.0001,143537.52
2019-08-29,0.67392,0.6753,0.67165,0.67351,0.67404,0.67538,0.67175,0.6736,9e-05,153369.83
2019-08-30,0.6735,0.67399,0.67055,0.67338,0.67361,0.67408,0.67066,0.67394,0.00056,136701.7
2019-09-02,0.67253,0.67344,0.67096,0.6711,0.67264,0.67353,0.67106,0.6712,0.0001,87610.24
2019-09-03,0.6711,0.67637,0.66872,0.67627,0.67123,0.67647,0.66881,0.67636,9e-05,126935.91
2019-09-04,0.67627,0.68006,0.67586,0.67961,0.67637,0.68014,0.67594,0.67971,0.0001,105584.52
2019-09-05,0.67962,0.68296,0.67961,0.68113,0.67972,0.68304,0.67971,0.68123,0.0001,125475.47
2019-09-06,0.68114,0.68611,0.68066,0.68443,0.68123,0.6862,0.68075,0.68506,0.00063,105406.38
2019-09-09,0.68455,0.68753,0.6837,0.68636,0.68466,0.68763,0.68379,0.68645,9e-05,86070.99
2019-09-10,0.68634,0.68698,0.68486,0.68576,0.68645,0.68705,0.68494,0.68584,8e-05,84666.56
2019-09-11,0.68574,0.68846,0.68482,0.68744,0.68587,0.68855,0.68492,0.68753,9e-05,83354.7
2019-09-12,0.68749,0.68943,0.68601,0.68623,0.68756,0.68951,0.68608,0.68634,0.00011,118383.38
2019-09-13,0.68624,0.68902,0.68589,0.68779,0.68635,0.68911,0.68596,0.68809,0.0003,79475.38
2019-09-16,0.68775,0.68836,0.68535,0.6861,0.68785,0.68844,0.68545,0.68621,0.00011,99058.94
2019-09-17,0.6861,0.68688,0.68302,0.68651,0.68621,0.68698,0.68311,0.68662,0.00011,102467.99
2019-09-18,0.68652,0.68659,0.68119,0.68228,0.68661,0.68668,0.6813,0.68238,0.0001,97317.43
2019-09-19,0.68229,0.6823,0.67799,0.67907,0.68239,0.68239,0.67808,0.67915,8e-05,94578.11
2019-09-20,0.67908,0.68084,0.67597,0.67631,0.67918,0.68093,0.67606,0.67683,0.00052,90209.66
2019-09-23,0.67681,0.67812,0.6765,0.67729,0.67691,0.6782,0.67658,0.6774,0.00011,91299.78
2019-09-24,0.67731,0.68058,0.67649,0.67968,0.67741,0.68068,0.67657,0.67977,9e-05,90506.52
2019-09-25,0.67969,0.68035,0.67387,0.67538,0.67978,0.68045,0.67395,0.67547,9e-05,108935.95
2019-09-26,0.67538,0.67805,0.67457,0.67528,0.67547,0.67814,0.67466,0.67538,0.0001,99992.55
2019-09-27,0.67527,0.67791,0.67431,0.67622,0.67538,0.67799,0.6744,0.67678,0.00056,92954.08
2019-09-30,0.6761,0.677,0.67409,0.67501,0.67621,0.6771,0.67417,0.67511,0.0001,86976.61
2019-10-01,0.67501,0.67755,0.66719,0.67075,0.67511,0.67771,0.66725,0.67083,8e-05,128004.49
2019-10-02,0.67075,0.67181,0.66704,0.67077,0.67084,0.67191,0.66712,0.67086,9e-05,117380.94
2019-10-03,0.67078,0.67525,0.6702,0.67442,0.67088,0.67535,0.67028,0.67451,9e-05,111055.48
2019-10-04,0.67441,0.67735,0.67432,0.67671,0.67451,0.67744,0.67441,0.67744,0.00073,96624.21
2019-10-07,0.6763,0.6764,0.67284,0.67319,0.6764,0.6765,0.67294,0.6733,0.00011,86738.92
2019-10-08,0.67318,0.67567,0.67222,0.6728,0.67328,0.67577,0.67232,0.67289,9e-05,99418.99
2019-10-09,0.6728,0.67497,0.67099,0.67187,0.6729,0.675,0.67108,0.67197,0.0001,99644.46
2019-10-10,0.67188,0.6774,0.67127,0.67621,0.67198,0.6775,0.67139,0.67631,0.0001,131565.77
2019-10-11,0.6762,0.68101,0.67589,0.6788,0.67631,0.6811,0.67598,0.67966,0.00086,110492.16
2019-10-14,0.67969,0.68011,0.67507,0.67746,0.67982,0.68021,0.67517,0.67757,0.00011,93970.96
2019-10-15,0.67746,0.67882,0.67423,0.67527,0.67755,0.67892,0.67431,0.67537,0.0001,120824.27
2019-10-16,0.67527,0.67651,0.67232,0.67556,0.67537,0.67661,0.6724,0.67565,9e-05,107922.18
2019-10-17,0.67555,0.68327,0.67535,0.68243,0.67565,0.68337,0.67544,0.68252,9e-05,105906.87
2019-10-18,0.68242,0.68562,0.68224,0.68556,0.68253,0.6859,0.68232,0.6859,0.00034,72621.9
2019-10-21,0.68479,0.688,0.68476,0.687,0.68487,0.68806,0.68487,0.68711,0.00011,78879.02
2019-10-22,0.68699,0.68825,0.68501,0.68601,0.6871,0.68834,0.68509,0.6861,9e-05,98517.4
2019-10-23,0.686,0.68604,0.68336,0.68494,0.68611,0.68613,0.68344,0.68505,0.00011,90858.6
2019-10-24,0.68494,0.68573,0.68105,0.68156,0.68504,0.68581,0.68114,0.68166,0.0001,102094.98
2019-10-25,0.68157,0.68359,0.68089,0.68196,0.68168,0.68367,0.68098,0.68264,0.00068,66616.92
2019-10-28,0.68218,0.6845,0.68104,0.68389,0.68228,0.68459,0.68113,0.68399,0.0001,68300.35
2019-10-29,0.68389,0.68715,0.68379,0.68555,0.684,0.68723,0.68389,0.68564,9e-05,85275.13
2019-10-30,0.68554,0.69046,0.68483,0.68969,0.68564,0.69054,0.68491,0.68979,0.0001,111202.52
2019-10-31,0.68968,0.69294,0.68829,0.68921,0.68981,0.69302,0.68838,0.68929,8e-05,119262.82
2019-11-01,0.68921,0.6921,0.68836,0.69114,0.6893,0.69217,0.68844,0.69156,0.00042,93200.53
2019-11-04,0.69148,0.69248,0.68762,0.68885,0.69158,0.69254,0.68772,0.68894,9e-05,84698.21
2019-11-05,0.68884,0.69277,0.68769,0.68892,0.68894,0.69285,0.68777,0.689,8e-05,109214.31
2019-11-06,0.68893,0.69071,0.68687,0.68761,0.68902,0.6908,0.68695,0.6877,9e-05,79658.09
2019-11-07,0.68761,0.69129,0.68613,0.68986,0.6877,0.69138,0.68621,0.68995,9e-05,110235.96
2019-11-08,0.68986,0.6906,0.68472,0.68578,0.68996,0.69069,0.6848,0.68619,0.00041,78581.05
2019-11-11,0.6857,0.68652,0.68448,0.68479,0.68582,0.68659,0.68461,0.6849,0.00011,61503.44
2019-11-12,0.68478,0.6857,0.6831,0.68412,0.68487,0.68577,0.6832,0.68421,9e-05,87948.74
2019-11-13,0.6841,0.68568,0.68208,0.68387,0.68421,0.68578,0.68215,0.68396,9e-05,89008.68
2019-11-14,0.68387,0.68409,0.67692,0.67864,0.68399,0.68417,0.67701,0.67874,0.0001,95878.65
2019-11-15,0.67864,0.68218,0.67803,0.68168,0.67874,0.68231,0.67809,0.68229,0.00061,65471.3
2019-11-18,0.68144,0.68222,0.67984,0.68043,0.68154,0.68228,0.67992,0.68053,0.0001,65814.79
2019-11-19,0.68044,0.68345,0.67847,0.68242,0.68053,0.68353,0.67856,0.68251,9e-05,68040.04
2019-11-20,0.68241,0.68307,0.67897,0.67972,0.68251,0.68316,0.67904,0.67981,9e-05,76938.2
2019-11-21,0.67972,0.68136,0.6783,0.6788,0.67982,0.68145,0.67838,0.67889,9e-05,85973.34
2019-11-22,0.6788,0.6803,0.67802,0.67821,0.67889,0.68036,0.6781,0.679,0.00079,67380.91
2019-11-25,0.67912,0.67989,0.67677,0.67761,0.67921,0.67998,0.67685,0.67772,0.00011,59471.52
2019-11-26,0.67761,0.6795,0.67676,0.67865,0.67772,0.67961,0.67685,0.67875,0.0001,75734.79
2019-11-27,0.67864,0.67909,0.67587,0.67678,0.67872,0.67916,0.67597,0.67688,0.0001,64490.61
2019-11-28,0.6768,0.67735,0.67612,0.67674,0.67691,0.67744,0.67621,0.67683,9e-05,49161.4
2019-11-29,0.67674,0.67792,0.67539,0.67597,0.67683,0.678,0.67548,0.67636,0.00039,52189.94
2019-12-02,0.67648,0.68255,0.67636,0.68173,0.67658,0.68263,0.67645,0.68182,9e-05,64707.59
2019-12-03,0.68173,0.68617,0.68156,0.68492,0.68181,0.68626,0.68165,0.68501,9e-05,76084.09
2019-12-04,0.68494,0.68546,0.68127,0.68488,0.68503,0.68556,0.68136,0.68497,9e-05,82070.26
2019-12-05,0.68487,0.68545,0.68206,0.6832,0.68497,0.68551,0.68214,0.68329,9e-05,61807.54
2019-12-06,0.68322,0.68568,0.68231,0.68374,0.68331,0.68577,0.68239,0.68438,0.00064,60200.94
2019-12-09,0.6835,0.6836,0.68178,0.68258,0.68359,0.6837,0.68198,0.68268,0.0001,51686.68
2019-12-10,0.68259,0.6837,0.67999,0.68107,0.6827,0.68378,0.68005,0.68116,9e-05,66484.59
2019-12-11,0.68107,0.68892,0.68041,0.68696,0.68116,0.689,0.6805,0.68705,9e-05,73043.17
2019-12-12,0.68697,0.69383,0.68695,0.69252,0.68706,0.69397,0.68705,0.6926,8e-05,96737.82
2019-12-13,0.69252,0.69287,0.6864,0.68718,0.69261,0.69296,0.68643,0.68795,0.00077,112611.11
2019-12-16,0.68742,0.68975,0.68679,0.6872,0.68752,0.68983,0.6869,0.68732,0.00012,68725.46
2019-12-17,0.68723,0.68772,0.68379,0.68503,0.68733,0.6878,0.68388,0.68509,6e-05,74679.32
2019-12-18,0.68503,0.68641,0.68382,0.68545,0.68509,0.6865,0.68392,0.68554,9e-05,71329.5
2019-12-19,0.68545,0.68905,0.68535,0.68895,0.68555,0.68915,0.68544,0.68904,9e-05,70290.04
2019-12-20,0.68896,0.69064,0.68839,0.6896,0.68904,0.69073,0.68848,0.69044,0.00084,56238.04
2019-12-23,0.69054,0.69284,0.68968,0.69252,0.69063,0.69292,0.68977,0.69262,0.0001,54650.66
2019-12-24,0.69251,0.693,0.6912,0.69192,0.69261,0.69308,0.6913,0.69222,0.0003,57816.07
2019-12-25,0.69192,0.6926,0.69112,0.69241,0.69222,0.69298,0.69178,0.69256,0.00015,2604.38
2019-12-26,0.6924,0.69494,0.69215,0.69463,0.69256,0.69503,0.69224,0.69472,9e-05,24276.4
2019-12-27,0.69464,0.69868,0.69429,0.69792,0.69472,0.69882,0.69438,0.69874,0.00082,63836.26
2019-12-30,0.69815,0.70041,0.69815,0.70008,0.69826,0.7005,0.69826,0.70017,9e-05,69433.59
2019-12-31,0.70006,0.70316,0.6999,0.70115,0.70017,0.70325,0.69999,0.70195,0.0008,55269.93
2020-01-01,0.70137,0.70192,0.70048,0.70182,0.70213,0.70274,0.70064,0.70194,0.00012,3360.07
2020-01-02,0.70188,0.70195,0.69782,0.69829,0.70197,0.70204,0.69791,0.69838,9e-05,73586.07
2020-01-03,0.69828,0.69862,0.69299,0.69456,0.69838,0.6987,0.69308,0.69512,0.00056,85081.84
2020-01-06,0.69432,0.69574,0.6925,0.69364,0.69441,0.69581,0.69259,0.69374,0.0001,75450.37
2020-01-07,0.69366,0.69389,0.68498,0.68594,0.69375,0.69398,0.68506,0.68602,8e-05,93305.36
2020-01-08,0.68592,0.68851,0.68487,0.68749,0.68602,0.6886,0.68494,0.68759,0.0001,114252.41
2020-01-09,0.68749,0.68802,0.685,0.68529,0.68758,0.6881,0.68507,0.68538,9e-05,69627.51
2020-01-10,0.68531,0.69109,0.68505,0.68981,0.6854,0.69115,0.68513,0.69044,0.00063,74002.75
2020-01-13,0.68994,0.69195,0.68943,0.6897,0.69004,0.69203,0.68951,0.68979,9e-05,69056.15
2020-01-14,0.68969,0.69094,0.68848,0.68944,0.68979,0.69103,0.68857,0.68953,9e-05,77149.65
2020-01-15,0.68943,0.69163,0.68771,0.69069,0.68952,0.69172,0.68776,0.69079,0.0001,67071.98
2020-01-16,0.69069,0.69335,0.68875,0.68981,0.6908,0.69343,0.68884,0.68989,8e-05,69407.96
2020-01-17,0.68981,0.69108,0.687,0.68708,0.6899,0.69116,0.68716,0.68783,0.00075,63525.71
2020-01-20,0.6881,0.68882,0.68549,0.68752,0.6882,0.68891,0.68556,0.68763,0.00011,44273.14
2020-01-21,0.68754,0.68802,0.68418,0.68471,0.68763,0.68811,0.68428,0.68479,8e-05,74190.07
2020-01-22,0.68471,0.68559,0.68268,0.6841,0.68479,0.68567,0.68274,0.6842,0.0001,68822.23
2020-01-23,0.6841,0.68785,0.6829,0.68482,0.68419,0.68793,0.68298,0.6849,8e-05,92885.12
2020-01-24,0.6848,0.6857,0.68172,0.6819,0.68489,0.6858,0.6818,0.68262,0.00072,69455.98
2020-01-27,0.68009,0.68168,0.67518,0.67614,0.68019,0.68176,0.67522,0.67624,0.0001,81226.01
2020-01-28,0.67614,0.67664,0.67367,0.67636,0.67624,0.6768,0.67376,0.67644,8e-05,74707.18
2020-01-29,0.67633,0.67769,0.67349,0.6753,0.67645,0.6777,0.67358,0.67539,9e-05,75668.87
2020-01-30,0.67529,0.67531,0.66997,0.67052,0.67538,0.67539,0.67003,0.6706,8e-05,93238.19
2020-01-31,0.67051,0.67294,0.66825,0.6685,0.67062,0.67301,0.66833,0.66903,0.00053,88098.78
2020-02-03,0.66921,0.67067,0.66833,0.66893,0.66927,0.67075,0.66843,0.66901,8e-05,86536.21
2020-02-04,0.66893,0.67416,0.66784,0.67307,0.66901,0.67432,0.66792,0.67317,0.0001,87668.51
2020-02-05,0.67309,0.67738,0.67234,0.67511,0.67318,0.67748,0.67242,0.67519,8e-05,87434.3
2020-02-06,0.67511,0.67648,0.67266,0.67309,0.67519,0.67657,0.67275,0.67317,8e-05,68806.27
2020-02-07,0.6731,0.6731,0.66619,0.66707,0.67317,0.67319,0.66627,0.66765,0.00058,75967.18
2020-02-10,0.66697,0.6707,0.66676,0.66892,0.66706,0.6708,0.66684,0.669,8e-05,67253.6
2020-02-11,0.66892,0.67363,0.66805,0.6718,0.66902,0.67372,0.66814,0.67192,0.00012,59366.5
2020-02-12,0.67179,0.67498,0.67065,0.67128,0.67192,0.67504,0.67074,0.67138,0.0001,415340.56
2020-02-13,0.67128,0.67449,0.67094,0.67186,0.67139,0.67453,0.67103,0.67195,9e-05,578360.0
2020-02-14,0.67186,0.67312,0.67089,0.67105,0.67197,0.67319,0.67097,0.67157,0.00052,360170.72
2020-02-17,0.67252,0.6733,0.67065,0.67092,0.67261,0.67338,0.67075,0.671,8e-05,40441.73
2020-02-18,0.67091,0.67093,0.66733,0.66936,0.67101,0.67101,0.66741,0.66945,9e-05,64732.45
2020-02-19,0.66935,0.67072,0.66649,0.66805,0.66945,0.67081,0.66656,0.66812,7e-05,56295.99
2020-02-20,0.66805,0.66931,0.66099,0.66114,0.66814,0.66957,0.66107,0.66122,8e-05,74753.09
2020-02-21,0.66114,0.66385,0.65855,0.66241,0.66123,0.66394,0.65864,0.66291,0.0005,76260.43
2020-02-24,0.66054,0.66195,0.65862,0.66103,0.66064,0.66204,0.65871,0.66112,9e-05,95242.25
2020-02-25,0.66103,0.66221,0.6586,0.66047,0.66112,0.66231,0.65868,0.66057,0.0001,97993.35
2020-02-26,0.66046,0.66067,0.65419,0.65464,0.66056,0.66075,0.65432,0.65477,0.00013,102199.7
2020-02-27,0.65464,0.65918,0.6543,0.65798,0.65479,0.65927,0.65444,0.65808,0.0001,112400.77
2020-02-28,0.65799,0.6585,0.64335,0.65056,0.65808,0.65859,0.64345,0.65122,0.00066,183409.27
2020-03-02,0.65131,0.65677,0.64886,0.65487,0.65139,0.65686,0.64896,0.65497,0.0001,148996.34
2020-03-03,0.65484,0.66453,0.65093,0.65826,0.65494,0.66461,0.65101,0.65836,0.0001,154220.94
2020-03-04,0.65827,0.66291,0.65827,0.66279,0.65837,0.663,0.65837,0.66289,0.0001,97538.68
2020-03-05,0.66279,0.66364,0.65835,0.66156,0.66288,0.66373,0.65844,0.66167,0.00011,82669.73
2020-03-06,0.66158,0.6657,0.65847,0.66387,0.66167,0.6658,0.65856,0.66475,0.00088,110699.49
2020-03-09,0.6612,0.66846,0.6307,0.65969,0.66131,0.66859,0.63124,0.65986,0.00017,234038.52
2020-03-10,0.65974,0.66035,0.6462,0.64938,0.65987,0.66046,0.6463,0.64951,0.00013,162900.5
2020-03-11,0.64944,0.65393,0.64697,0.64764,0.64955,0.65402,0.64709,0.64778,0.00014,155513.03
2020-03-12,0.64766,0.64811,0.62114,0.62738,0.64779,0.64821,0.62136,0.62754,0.00016,274511.97
2020-03-13,0.62744,0.63253,0.61224,0.61835,0.62757,0.6327,0.61245,0.61909,0.00074,215807.38
2020-03-16,0.61783,0.61882,0.60786,0.61012,0.61802,0.61901,0.60792,0.61024,0.00012,240214.28
2020-03-17,0.61014,0.61483,0.59585,0.5989,0.61027,0.61497,0.59598,0.59906,0.00016,232696.91
2020-03-18,0.5989,0.60283,0.57017,0.5792,0.59906,0.60292,0.57031,0.5793,0.0001,267504.81
2020-03-19,0.57921,0.59639,0.55068,0.57427,0.57932,0.59658,0.55102,0.5747,0.00043,337280.38
2020-03-20,0.57427,0.5985,0.57087,0.57978,0.57472,0.59868,0.57103,0.58179,0.00201,298818.12
2020-03-23,0.57519,0.58846,0.56993,0.58746,0.57552,0.58867,0.57013,0.58765,0.00019,394852.5
2020-03-24,0.58746,0.59896,0.58643,0.59689,0.58766,0.5991,0.58655,0.59702,0.00013,281483.22
2020-03-25,0.59688,0.6073,0.58927,0.59012,0.59703,0.60742,0.58944,0.59027,0.00015,249142.14
2020-03-26,0.59011,0.60869,0.58698,0.60774,0.5903,0.60883,0.58716,0.60786,0.00012,221757.88
2020-03-27,0.60774,0.61998,0.60222,0.61572,0.60792,0.62007,0.60237,0.61695,0.00123,244857.11
2020-03-30,0.61732,0.61835,0.61111,0.61642,0.61754,0.61851,0.61125,0.6166,0.00018,216463.28
2020-03-31,0.61645,0.62131,0.60745,0.61375,0.61666,0.62146,0.6076,0.61391,0.00016,318620.34
2020-04-01,0.61379,0.61848,0.60384,0.60893,0.61393,0.61866,0.60393,0.60914,0.00021,217532.33
2020-04-02,0.60894,0.61186,0.60065,0.60644,0.60914,0.61198,0.60073,0.6066,0.00016,215424.52
2020-04-03,0.60643,0.6075,0.59797,0.59867,0.6066,0.60764,0.59807,0.59987,0.0012,178373.94
2020-04-06,0.59926,0.6122,0.59905,0.61163,0.59942,0.61232,0.59919,0.61179,0.00016,176293.17
2020-04-07,0.61166,0.62078,0.60969,0.61514,0.6118,0.62087,0.60982,0.61528,0.00014,231950.59
2020-04-08,0.61509,0.62446,0.61152,0.62326,0.61522,0.62465,0.61165,0.62341,0.00015,185049.75
2020-04-09,0.62334,0.6363,0.61948,0.63306,0.62342,0.63644,0.6196,0.63334,0.00028,181127.19
2020-04-10,0.63306,0.63673,0.63123,0.63409,0.63333,0.63687,0.63143,0.63557,0.00148,40906.17
2020-04-13,0.63343,0.64089,0.63301,0.63987,0.6336,0.64099,0.63317,0.64002,0.00015,101089.03
2020-04-14,0.63987,0.64443,0.6374,0.64345,0.64002,0.64452,0.6375,0.64353,8e-05,141042.41
2020-04-15,0.64345,0.64358,0.62838,0.6308,0.64355,0.64366,0.62848,0.63094,0.00014,160334.72
2020-04-16,0.63081,0.63848,0.62639,0.63589,0.63096,0.63854,0.62646,0.63607,0.00018,211215.41
2020-04-17,0.63592,0.63829,0.63139,0.63598,0.63608,0.63844,0.63149,0.63683,0.00085,172042.56
2020-04-20,0.63363,0.6397,0.63296,0.63412,0.63375,0.63981,0.63315,0.63427,0.00015,146535.27
2020-04-21,0.63415,0.63462,0.6253,0.6292,0.63427,0.63474,0.62541,0.62932,0.00012,160048.38
2020-04-22,0.62923,0.63525,0.62808,0.62963,0.62933,0.63537,0.62818,0.6298,0.00017,117238.37
2020-04-23,0.62971,0.64061,0.62825,0.63756,0.62982,0.64067,0.62835,0.63767,0.00011,134775.83
2020-04-24,0.6376,0.63981,0.63368,0.63892,0.63771,0.64003,0.63377,0.63969,0.00077,96126.43
2020-04-27,0.63971,0.64712,0.63921,0.64491,0.6398,0.64723,0.63931,0.64501,0.0001,100837.88
2020-04-28,0.64492,0.65136,0.64338,0.65019,0.64502,0.65146,0.64348,0.6503,0.00011,106634.26
2020-04-29,0.65019,0.65582,0.65008,0.6554,0.6503,0.65593,0.65019,0.6555,0.0001,98251.94
2020-04-30,0.65538,0.65695,0.64825,0.64941,0.6555,0.65704,0.64834,0.64952,0.00011,136794.0
2020-05-01,0.64943,0.64968,0.64097,0.64149,0.64953,0.6498,0.64104,0.64217,0.00068,86768.31
2020-05-04,0.63759,0.64344,0.63723,0.64252,0.63771,0.64354,0.63732,0.64262,0.0001,99593.04
2020-05-05,0.64253,0.64756,0.64165,0.64327,0.64263,0.64767,0.64176,0.64338,0.00011,105171.38
2020-05-06,0.6433,0.64525,0.63779,0.63905,0.64341,0.64535,0.6379,0.63914,9e-05,113384.38
2020-05-07,0.63907,0.65102,0.63907,0.65002,0.63916,0.65113,0.63916,0.65013,0.00011,109492.9
2020-05-08,0.65012,0.65476,0.64974,0.65301,0.65018,0.65487,0.64985,0.65363,0.00062,87296.53
2020-05-11,0.65349,0.65611,0.64562,0.64837,0.6536,0.65621,0.6457,0.64847,0.0001,82249.1
2020-05-12,0.64839,0.6536,0.64318,0.64512,0.64847,0.65369,0.64327,0.64522,0.0001,116337.66
2020-05-13,0.64514,0.6524,0.6438,0.64525,0.64523,0.65248,0.6439,0.64536,0.00011,158361.81
2020-05-14,0.64532,0.64732,0.64031,0.647,0.64538,0.64743,0.64041,0.6471,0.0001,141297.62
2020-05-15,0.647,0.64728,0.64017,0.64126,0.64711,0.64739,0.64028,0.64158,0.00032,111403.87
2020-05-18,0.6425,0.6528,0.64195,0.65229,0.6426,0.65292,0.64205,0.6524,0.00011,97784.51
2020-05-19,0.65233,0.65847,0.65094,0.65399,0.65242,0.65854,0.65104,0.65408,9e-05,111241.98
2020-05-20,0.65401,0.66157,0.65273,0.65907,0.65409,0.66166,0.65281,0.65918,0.00011,96853.78
2020-05-21,0.65912,0.6598,0.65485,0.6566,0.65921,0.65987,0.65494,0.65669,9e-05,109569.21
2020-05-22,0.65659,0.65719,0.65056,0.65334,0.65671,0.65729,0.65065,0.65401,0.00067,94314.09
2020-05-25,0.65449,0.65498,0.65194,0.65494,0.65461,0.65509,0.65203,0.65502,8e-05,66871.67
2020-05-26,0.65496,0.66749,0.65418,0.66451,0.65503,0.66757,0.65429,0.6646,9e-05,113409.04
2020-05-27,0.66451,0.668,0.65672,0.66207,0.66462,0.66807,0.65681,0.66218,0.00011,158709.56
2020-05-28,0.66209,0.66671,0.65877,0.6632,0.66219,0.6668,0.65887,0.66331,0.00011,141667.39
2020-05-29,0.66319,0.66829,0.66181,0.6665,0.66331,0.66837,0.66192,0.6673,0.0008,163211.2
2020-06-01,0.66579,0.6813,0.66577,0.67835,0.66589,0.68185,0.66586,0.67844,9e-05,135540.77
2020-06-02,0.67835,0.69219,0.67744,0.69133,0.67845,0.69228,0.67753,0.69143,0.0001,141984.97
2020-06-03,0.69135,0.69829,0.6856,0.69265,0.69145,0.69839,0.68572,0.69276,0.00011,171392.92
2020-06-04,0.69268,0.69871,0.68819,0.69385,0.69279,0.69882,0.68827,0.69394,9e-05,173634.36
2020-06-05,0.69386,0.70125,0.69304,0.69668,0.69395,0.70135,0.69313,0.69709,0.00041,155940.8
2020-06-08,0.69994,0.70289,0.69614,0.70231,0.70004,0.70298,0.69623,0.70241,0.0001,107958.27
2020-06-09,0.70234,0.70424,0.6898,0.69389,0.70244,0.70431,0.68991,0.694,0.00011,147910.44
2020-06-10,0.69392,0.70637,0.69321,0.69676,0.69401,0.70647,0.69333,0.69687,0.00011,176721.72
2020-06-11,0.69678,0.69936,0.68181,0.68285,0.69687,0.69949,0.68192,0.68298,0.00013,238302.25
2020-06-12,0.68286,0.69114,0.67992,0.68638,0.68299,0.69125,0.68002,0.68676,0.00038,245929.12
2020-06-15,0.68252,0.69624,0.67761,0.69619,0.68264,0.69636,0.67771,0.69629,0.0001,254700.44
2020-06-16,0.69622,0.69762,0.68333,0.68928,0.69632,0.69774,0.68343,0.68939,0.00011,230222.52
2020-06-17,0.6893,0.69223,0.68518,0.68759,0.68941,0.69233,0.68529,0.68773,0.00014,191546.36
2020-06-18,0.68759,0.69019,0.68357,0.68558,0.68773,0.69032,0.68364,0.68568,0.0001,168786.12
2020-06-19,0.6856,0.69111,0.68292,0.68336,0.6857,0.69124,0.68296,0.68369,0.00033,142229.56
2020-06-22,0.68195,0.69347,0.68163,0.69286,0.68204,0.69357,0.68174,0.69297,0.00011,115042.39
2020-06-23,0.69285,0.69743,0.68575,0.69428,0.69295,0.69752,0.68585,0.69438,0.0001,145673.22
2020-06-24,0.69429,0.69616,0.68533,0.68552,0.69438,0.69626,0.68543,0.68562,0.0001,150544.64
2020-06-25,0.68553,0.68949,0.68469,0.68876,0.68562,0.68961,0.6848,0.6889,0.00014,146651.41
2020-06-26,0.68877,0.68949,0.68401,0.68641,0.68886,0.6896,0.6841,0.68673,0.00032,108421.0
2020-06-29,0.68598,0.68905,0.68414,0.68713,0.68609,0.68914,0.68422,0.68725,0.00012,110182.34
2020-06-30,0.68714,0.69117,0.68322,0.68994,0.68724,0.69128,0.68333,0.69001,7e-05,115276.69
2020-07-01,0.68994,0.69432,0.68766,0.69109,0.69003,0.6944,0.68775,0.69118,9e-05,115337.6
2020-07-02,0.69109,0.69519,0.69012,0.69185,0.69118,0.69527,0.69022,0.69197,0.00012,116161.61
2020-07-03,0.69189,0.69472,0.69133,0.6934,0.69199,0.69507,0.69144,0.69476,0.00136,74058.56
2020-07-06,0.69476,0.69873,0.69461,0.69742,0.69486,0.69883,0.69471,0.69751,9e-05,83730.58
2020-07-07,0.69744,0.69972,0.69217,0.69415,0.69751,0.69982,0.69226,0.69427,0.00012,111196.31
2020-07-08,0.69417,0.69879,0.69269,0.69851,0.69427,0.69884,0.69279,0.69863,0.00012,110890.37
2020-07-09,0.69852,0.70007,0.69496,0.69594,0.69862,0.70016,0.69505,0.69603,9e-05,128693.4
2020-07-10,0.69595,0.69689,0.69233,0.69479,0.69603,0.69698,0.69243,0.69511,0.00032,101168.13
2020-07-13,0.6949,0.69927,0.69355,0.69358,0.69502,0.69936,0.69364,0.6937,0.00012,117132.46
2020-07-14,0.6936,0.69933,0.69209,0.69876,0.6937,0.69945,0.69219,0.69883,7e-05,190567.03
2020-07-15,0.69876,0.70373,0.69851,0.70078,0.69882,0.70382,0.69861,0.70088,0.0001,127732.76
2020-07-16,0.70078,0.70124,0.69628,0.6975,0.70088,0.70133,0.69638,0.69759,9e-05,116190.74
2020-07-17,0.69754,0.70046,0.69732,0.69936,0.69762,0.70057,0.69741,0.69966,0.0003,71641.4
2020-07-20,0.70029,0.70253,0.69725,0.70213,0.70037,0.70262,0.69733,0.70223,0.0001,91618.67
2020-07-21,0.70214,0.71465,0.70152,0.71377,0.70225,0.71474,0.70162,0.71387,0.0001,119917.21
2020-07-22,0.71378,0.71827,0.71114,0.71362,0.71388,0.71835,0.71123,0.71372,0.0001,162636.27
2020-07-23,0.71363,0.71615,0.70902,0.70983,0.71372,0.71625,0.70911,0.70991,8e-05,139298.23
2020-07-24,0.70982,0.71249,0.70637,0.7104,0.70991,0.71258,0.70642,0.71067,0.00027,120741.43
2020-07-27,0.70964,0.71597,0.70961,0.7158,0.70972,0.71609,0.70971,0.71589,9e-05,107866.88
2020-07-28,0.7158,0.71765,0.71125,0.71578,0.7159,0.71773,0.71134,0.7159,0.00012,116026.63
2020-07-29,0.7158,0.71966,0.71491,0.71714,0.7159,0.71973,0.71496,0.71724,0.0001,113521.64
2020-07-30,0.71714,0.72045,0.71202,0.72016,0.71723,0.72053,0.71213,0.72028,0.00012,128351.65
2020-07-31,0.72016,0.72268,0.71329,0.71418,0.72029,0.72278,0.71339,0.71448,0.0003,131828.09
2020-08-03,0.71447,0.71494,0.70759,0.71159,0.71457,0.71504,0.70769,0.7117,0.00011,103683.88
2020-08-04,0.71157,0.71765,0.71055,0.71758,0.71169,0.71774,0.71065,0.7177,0.00012,105460.48
2020-08-05,0.71757,0.72409,0.71653,0.71973,0.7177,0.72416,0.71664,0.71984,0.00011,98202.93
2020-08-06,0.71974,0.7239,0.71737,0.7231,0.71984,0.724,0.71746,0.72323,0.00013,120897.19
2020-08-07,0.72314,0.72429,0.71443,0.71558,0.72323,0.72438,0.71452,0.71595,0.00037,116944.33
2020-08-10,0.71553,0.71837,0.71397,0.71548,0.71567,0.71846,0.71406,0.71558,0.0001,86260.6
2020-08-11,0.71548,0.71894,0.71345,0.71446,0.71558,0.71904,0.71355,0.71456,0.0001,108433.95
2020-08-12,0.71446,0.71754,0.71093,0.71639,0.71455,0.71764,0.71097,0.7165,0.00011,114612.2
2020-08-13,0.7164,0.71875,0.71353,0.71472,0.71652,0.71883,0.71363,0.71485,0.00013,94337.0
2020-08-14,0.71475,0.71749,0.71316,0.71697,0.71485,0.71758,0.71325,0.71732,0.00035,67668.67
2020-08-17,0.71921,0.7227,0.71704,0.72136,0.7193,0.7228,0.71714,0.72147,0.00011,62959.99
2020-08-18,0.72136,0.72642,0.72086,0.72542,0.72146,0.72653,0.72095,0.72553,0.00011,93451.02
2020-08-19,0.72542,0.72753,0.71789,0.71863,0.72553,0.72762,0.71798,0.71871,8e-05,246765.81
2020-08-20,0.71865,0.72078,0.71353,0.72033,0.71871,0.72088,0.71364,0.72042,9e-05,100952.34
2020-08-21,0.72033,0.72155,0.71391,0.71598,0.72042,0.72165,0.71401,0.7163,0.00032,91390.03
2020-08-24,0.71592,0.72037,0.71522,0.71688,0.71602,0.72046,0.71533,0.71697,9e-05,205968.61
2020-08-25,0.7169,0.72067,0.71498,0.71974,0.71699,0.72077,0.71508,0.71983,9e-05,187894.73
2020-08-26,0.71973,0.72454,0.71868,0.72443,0.71983,0.72465,0.71879,0.72453,0.0001,96879.88
2020-08-27,0.72445,0.72902,0.72163,0.72689,0.72454,0.7291,0.72175,0.72701,0.00012,278962.03
2020-08-28,0.7269,0.73663,0.72552,0.73639,0.727,0.73683,0.72563,0.73675,0.00036,154133.45
2020-08-31,0.73697,0.74028,0.73397,0.73769,0.73708,0.74038,0.73407,0.7378,0.00011,277106.81
2020-09-01,0.73771,0.74132,0.73588,0.73765,0.73781,0.74143,0.73599,0.73774,9e-05,149961.45
2020-09-02,0.73765,0.73798,0.7301,0.73275,0.73775,0.73808,0.73019,0.73285,0.0001,116431.96
2020-09-03,0.73275,0.73324,0.7251,0.72535,0.73285,0.73334,0.7252,0.72544,9e-05,162231.89
2020-09-04,0.72534,0.72983,0.72218,0.72804,0.72546,0.72992,0.72227,0.72839,0.00035,148950.44
2020-09-07,0.72803,0.72978,0.72697,0.72798,0.72817,0.72988,0.72707,0.72809,0.00011,68530.25
2020-09-08,0.72799,0.73085,0.71918,0.7209,0.72809,0.73098,0.71928,0.721,0.0001,139253.11
2020-09-09,0.7209,0.72876,0.72054,0.72748,0.72101,0.72883,0.72063,0.72759,0.00011,142890.95
2020-09-10,0.72749,0.73241,0.72471,0.7261,0.72759,0.73252,0.72482,0.7262,0.0001,141944.78
2020-09-11,0.72611,0.73056,0.72583,0.72817,0.7262,0.73067,0.72591,0.72854,0.00037,95294.68
2020-09-14,0.72815,0.73032,0.7264,0.72827,0.72825,0.73042,0.72647,0.72839,0.00012,67461.71
2020-09-15,0.72832,0.73422,0.72664,0.72951,0.72839,0.73432,0.72674,0.72959,8e-05,92333.34
2020-09-16,0.72949,0.73448,0.72781,0.72963,0.72961,0.73457,0.72792,0.72972,9e-05,110817.36
2020-09-17,0.72962,0.73188,0.72537,0.7313,0.72971,0.73198,0.72548,0.73139,9e-05,145864.09
2020-09-18,0.73131,0.73337,0.72821,0.72852,0.73138,0.73347,0.72832,0.72923,0.00071,117081.97
2020-09-21,0.72933,0.73237,0.71988,0.72281,0.72944,0.73246,0.71997,0.72293,0.00012,135258.44
2020-09-22,0.72281,0.72349,0.71539,0.7172,0.72292,0.72359,0.7155,0.71729,9e-05,128375.18
2020-09-23,0.7172,0.71742,0.70594,0.70638,0.7173,0.71751,0.70602,0.70648,0.0001,144263.77
2020-09-24,0.70638,0.70806,0.70155,0.70544,0.70648,0.70816,0.70165,0.70556,0.00012,145924.02
2020-09-25,0.70544,0.70864,0.70052,0.70249,0.70553,0.70873,0.70063,0.70317,0.00068,116986.88
2020-09-28,0.70394,0.7096,0.70321,0.70932,0.70404,0.70972,0.70331,0.70942,0.0001,103754.87
2020-09-29,0.70934,0.71453,0.70738,0.7145,0.70943,0.71465,0.70748,0.71461,0.00011,101573.93
2020-09-30,0.71449,0.71748,0.70999,0.71644,0.7146,0.7176,0.71007,0.71655,0.00011,140279.39
2020-10-01,0.71644,0.72086,0.71543,0.71805,0.71656,0.72097,0.71556,0.71816,0.00011,137150.38
2020-10-02,0.71804,0.71845,0.71304,0.71585,0.71818,0.71856,0.71315,0.71672,0.00087,155699.81
2020-10-05,0.71729,0.71942,0.71622,0.71927,0.71739,0.71952,0.71633,0.7194,0.00013,84321.8
2020-10-06,0.71928,0.72083,0.70952,0.71087,0.71938,0.72095,0.70971,0.71098,0.00011,125139.88
2020-10-07,0.71087,0.71511,0.7098,0.71354,0.71098,0.71521,0.7099,0.71367,0.00013,91539.42
2020-10-08,0.71354,0.71756,0.71227,0.71747,0.71367,0.71765,0.71236,0.71755,8e-05,78368.25
2020-10-09,0.71744,0.72425,0.71678,0.72396,0.71754,0.72446,0.71688,0.72444,0.00048,74999.92
2020-10-12,0.72242,0.72345,0.72021,0.72083,0.72251,0.72353,0.72038,0.72091,8e-05,70377.94
2020-10-13,0.72085,0.72085,0.71497,0.71637,0.72091,0.72094,0.71507,0.7165,0.00013,116906.42
2020-10-14,0.71638,0.71902,0.7128,0.71406,0.71649,0.71913,0.71291,0.71416,0.0001,109060.11
2020-10-15,0.71407,0.71482,0.70556,0.70874,0.71416,0.71492,0.70566,0.70886,0.00012,123150.86
2020-10-16,0.70874,0.7096,0.70702,0.70763,0.70885,0.70968,0.7071,0.70831,0.00068,90288.47
2020-10-19,0.70928,0.71143,0.70455,0.70534,0.70939,0.71152,0.70465,0.70547,0.00013,81548.32
2020-10-20,0.70535,0.70721,0.70204,0.70498,0.70544,0.70731,0.70214,0.70505,7e-05,85412.88
2020-10-21,0.70494,0.71364,0.70494,0.71038,0.70506,0.71374,0.70504,0.7105,0.00012,102162.22
2020-10-22,0.71039,0.71389,0.70847,0.71268,0.71049,0.71398,0.70855,0.71279,0.00011,91748.34
2020-10-23,0.71267,0.71577,0.71007,0.71349,0.71277,0.71586,0.71016,0.71427,0.00078,82234.49
2020-10-26,0.71309,0.7146,0.71024,0.71164,0.7132,0.7147,0.71035,0.71173,9e-05,97781.22
2020-10-27,0.71164,0.71466,0.71127,0.71225,0.71174,0.71475,0.71137,0.71235,0.0001,85095.05
2020-10-28,0.71225,0.71569,0.70378,0.70545,0.71233,0.71579,0.70387,0.70556,0.00011,124185.5
2020-10-29,0.70545,0.70756,0.7002,0.70372,0.70555,0.70766,0.70028,0.70378,6e-05,130808.57
2020-10-30,0.7037,0.70718,0.70111,0.7026,0.70378,0.70728,0.70118,0.70312,0.00052,144754.89
2020-11-02,0.7007,0.70571,0.69904,0.70525,0.70082,0.70587,0.69917,0.70536,0.00011,113292.17
2020-11-03,0.70531,0.72046,0.70275,0.71962,0.7054,0.72058,0.70285,0.71973,0.00011,100105.95
2020-11-04,0.71962,0.72216,0.70481,0.71796,0.71973,0.72227,0.70495,0.71809,0.00013,247640.73
2020-11-05,0.71793,0.72889,0.71445,0.72616,0.71808,0.729,0.71455,0.72631,0.00015,173712.41
2020-11-06,0.72617,0.7287,0.72386,0.72558,0.72629,0.72882,0.72394,0.7262,0.00062,140992.62
2020-11-09,0.72858,0.73396,0.72663,0.72787,0.72866,0.73406,0.72673,0.728,0.00013,198497.44
2020-11-10,0.72786,0.72939,0.72522,0.72813,0.72796,0.72948,0.72532,0.72823,0.0001,168234.59
2020-11-11,0.72811,0.73178,0.72597,0.72833,0.72823,0.73188,0.72606,0.72843,0.0001,108824.02
2020-11-12,0.72834,0.72933,0.7223,0.72393,0.72844,0.72944,0.72241,0.72406,0.00013,112058.73
2020-11-13,0.72397,0.72728,0.72211,0.72663,0.72408,0.72745,0.72221,0.72742,0.00079,76996.82
2020-11-16,0.72893,0.73261,0.72802,0.73193,0.72903,0.73271,0.72812,0.73203,0.0001,100749.06
2020-11-17,0.73192,0.73394,0.72875,0.72958,0.73201,0.73404,0.72885,0.7297,0.00012,86277.67
2020-11-18,0.72958,0.73303,0.72714,0.72962,0.72967,0.73314,0.72724,0.72976,0.00014,94604.9
2020-11-19,0.72961,0.72995,0.7254,0.72674,0.72975,0.73005,0.72549,0.72685,0.00011,104469.42
2020-11-20,0.72675,0.73236,0.72675,0.73004,0.72686,0.73246,0.72686,0.73062,0.00058,92111.69
2020-11-23,0.73123,0.73371,0.72649,0.72943,0.73133,0.73381,0.72659,0.72954,0.00011,82598.2
2020-11-24,0.72942,0.73672,0.72907,0.73659,0.72954,0.73682,0.72918,0.73671,0.00012,90456.37
2020-11-25,0.73661,0.73732,0.73246,0.73633,0.73672,0.73741,0.73257,0.73643,0.0001,92827.24
2020-11-26,0.73633,0.7374,0.73521,0.7356,0.73643,0.73751,0.73543,0.73572,0.00012,54180.5
2020-11-27,0.73565,0.73986,0.73523,0.73778,0.73573,0.74002,0.73533,0.73957,0.00179,70662.48
2020-11-30,0.74005,0.7407,0.73388,0.73584,0.74016,0.74079,0.73397,0.73593,9e-05,97594.66
2020-12-01,0.73586,0.73831,0.73413,0.738,0.73593,0.73843,0.73422,0.73812,0.00012,89829.11
2020-12-02,0.738,0.74195,0.73509,0.74142,0.73812,0.74204,0.73521,0.74153,0.00011,90053.61
2020-12-03,0.74141,0.74492,0.73975,0.74359,0.74153,0.74501,0.73985,0.74369,0.0001,80978.23
2020-12-04,0.74358,0.74435,0.74098,0.74229,0.74369,0.74443,0.74108,0.74273,0.00044,90597.7
2020-12-07,0.74298,0.74532,0.7372,0.74149,0.7431,0.7454,0.73729,0.74159,0.0001,82082.14
2020-12-08,0.74151,0.7435,0.73989,0.74088,0.74161,0.74358,0.73998,0.74099,0.00011,81098.91
2020-12-09,0.74084,0.74847,0.74072,0.74332,0.74094,0.74856,0.74084,0.74344,0.00012,90740.63
2020-12-10,0.74333,0.75395,0.74331,0.75228,0.74345,0.75405,0.74343,0.7524,0.00012,107409.49
2020-12-11,0.75231,0.75714,0.75198,0.75305,0.75241,0.75726,0.75207,0.75372,0.00067,90094.81
2020-12-14,0.75493,0.75777,0.7524,0.75346,0.75504,0.75787,0.75249,0.75358,0.00012,83959.22
2020-12-15,0.75348,0.75712,0.75069,0.75572,0.7536,0.75722,0.75078,0.75582,0.0001,75778.75
2020-12-16,0.75571,0.75784,0.75384,0.75692,0.7558,0.75793,0.75395,0.75703,0.00011,84486.45
2020-12-17,0.75692,0.76393,0.75667,0.76139,0.75699,0.76402,0.75677,0.76148,9e-05,69419.65
2020-12-18,0.76138,0.76244,0.75824,0.76193,0.76147,0.7627,0.75832,0.7627,0.00077,72060.43
2020-12-21,0.75868,0.76016,0.74617,0.75753,0.75878,0.76025,0.74625,0.75767,0.00014,141949.31
2020-12-22,0.75752,0.75832,0.75165,0.75536,0.75766,0.75842,0.75178,0.75546,0.0001,99895.4
2020-12-23,0.7553,0.75912,0.75235,0.75822,0.75541,0.75924,0.75244,0.75833,0.00011,87776.63
2020-12-24,0.75822,0.76063,0.75778,0.75919,0.75832,0.76074,0.75788,0.75992,0.00073,75789.32
2020-12-25,0.75919,0.76066,0.7576,0.7604,0.75992,0.76087,0.75781,0.76059,0.00019,5017.35
2020-12-28,0.76101,0.76221,0.75568,0.75871,0.76114,0.76232,0.75578,0.75883,0.00012,71842.15
2020-12-29,0.75874,0.76244,0.75837,0.76097,0.75885,0.76254,0.75847,0.76106,9e-05,69903.62
2020-12-30,0.76097,0.76903,0.76061,0.76874,0.76105,0.76912,0.76073,0.76887,0.00013,68974.02
2020-12-31,0.76877,0.77418,0.76856,0.76928,0.76888,0.77428,0.76866,0.76952,0.00024,69811.04
2021-01-04,0.77109,0.77403,0.76419,0.76692,0.7712,0.77413,0.76428,0.76702,0.0001,125177.98
2021-01-05,0.76692,0.77773,0.76605,0.77618,0.76704,0.77782,0.76616,0.77633,0.00015,135324.02
2021-01-06,0.77621,0.78198,0.77327,0.78152,0.77632,0.78207,0.77338,0.78165,0.00013,194727.77
2021-01-07,0.78152,0.7816,0.77252,0.77682,0.78165,0.7817,0.77261,0.77694,0.00012,136765.41
2021-01-08,0.77683,0.77985,0.7728,0.77591,0.77695,0.77993,0.77289,0.7767,0.00079,176576.34
2021-01-11,0.7721,0.77305,0.76658,0.77068,0.77217,0.77314,0.76664,0.77078,0.0001,136616.03
2021-01-12,0.77067,0.77771,0.76864,0.77752,0.77076,0.77783,0.76873,0.77762,0.0001,117909.16
2021-01-13,0.77752,0.7781,0.77212,0.77461,0.77761,0.7782,0.77221,0.7747,9e-05,106208.69
2021-01-14,0.77462,0.78051,0.77281,0.77752,0.77473,0.7806,0.77292,0.77762,0.0001,113434.02
2021-01-15,0.77751,0.77883,0.76811,0.7698,0.7776,0.77893,0.7682,0.77046,0.00066,123491.68
2021-01-18,0.7683,0.77039,0.76585,0.76846,0.76839,0.7705,0.76596,0.76855,9e-05,96363.63
2021-01-19,0.76846,0.77248,0.76842,0.77131,0.76856,0.77259,0.76853,0.77141,0.0001,103503.21
2021-01-20,0.77132,0.7763,0.77,0.77544,0.77139,0.7764,0.7701,0.77554,0.0001,101145.35
2021-01-21,0.77544,0.7782,0.77411,0.77593,0.77556,0.77831,0.7742,0.77602,9e-05,109774.55
2021-01-22,0.77594,0.77686,0.77016,0.77117,0.77603,0.77698,0.77026,0.77175,0.00058,109290.55
2021-01-25,0.77135,0.7747,0.76824,0.77143,0.77142,0.77479,0.76831,0.77156,0.00013,126650.74
2021-01-26,0.77143,0.7754,0.76686,0.77529,0.77153,0.77549,0.76695,0.77539,0.0001,101549.52
2021-01-27,0.77529,0.77635,0.7641,0.76478,0.77538,0.77647,0.76417,0.76489,0.00011,168079.77
2021-01-28,0.76478,0.76975,0.75915,0.76703,0.7649,0.76983,0.75925,0.76713,0.0001,186680.25
2021-01-29,0.76703,0.77036,0.76309,0.76405,0.76712,0.77046,0.76319,0.76478,0.00073,197762.45
2021-02-01,0.76204,0.76623,0.76119,0.76331,0.76214,0.76631,0.76127,0.76341,0.0001,155375.06
2021-02-02,0.7633,0.76611,0.75634,0.76055,0.7634,0.76628,0.75643,0.76064,9e-05,133651.98
2021-02-03,0.76054,0.76367,0.76012,0.76359,0.76064,0.76377,0.76021,0.76368,9e-05,107601.01
2021-02-04,0.76359,0.76474,0.75878,0.75999,0.76369,0.76483,0.75887,0.76009,0.0001,105183.92
2021-02-05,0.75999,0.7678,0.75826,0.76748,0.76008,0.76806,0.75834,0.76799,0.00051,96588.63
2021-02-08,0.76783,0.77145,0.76508,0.77079,0.76792,0.77154,0.76518,0.77089,0.0001,72979.15
2021-02-09,0.77079,0.77426,0.77038,0.77395,0.77087,0.77436,0.77046,0.77404,9e-05,87014.52
2021-02-10,0.77395,0.77557,0.77169,0.77233,0.77405,0.77567,0.7718,0.77245,0.00012,108591.75
2021-02-11,0.77233,0.77712,0.77124,0.77513,0.77243,0.77721,0.77134,0.77525,0.00012,75079.76
2021-02-12,0.77512,0.77642,0.77177,0.77592,0.77524,0.77651,0.77187,0.77634,0.00042,56156.84
2021-02-15,0.77626,0.77884,0.77592,0.7785,0.77634,0.77894,0.776,0.77859,9e-05,45706.68
2021-02-16,0.77849,0.78049,0.77302,0.7735,0.77859,0.78058,0.77309,0.77359,9e-05,79609.18
2021-02-17,0.77351,0.77716,0.7724,0.77576,0.77361,0.77724,0.77249,0.77584,8e-05,98440.08
2021-02-18,0.77574,0.77893,0.77307,0.77678,0.77582,0.77902,0.77316,0.77687,9e-05,100232.24
2021-02-19,0.77678,0.78766,0.77572,0.78658,0.77688,0.78776,0.77581,0.78737,0.00079,93365.99
2021-02-22,0.78819,0.7929,0.78549,0.79137,0.78829,0.79298,0.78557,0.79147,0.0001,99765.23
2021-02-23,0.79138,0.79344,0.788,0.79067,0.79148,0.79353,0.78807,0.79076,9e-05,102892.88
2021-02-24,0.79067,0.79778,0.78948,0.79752,0.79074,0.79788,0.78957,0.79767,0.00015,117202.28
2021-02-25,0.79751,0.80068,0.78583,0.78622,0.79767,0.80076,0.78591,0.78632,0.0001,158646.39
2021-02-26,0.78622,0.78715,0.76918,0.77034,0.78632,0.78724,0.76929,0.77104,0.0007,214363.7
2021-03-01,0.77523,0.77864,0.77213,0.7773,0.77536,0.77874,0.77222,0.77737,7e-05,122847.69
2021-03-02,0.77729,0.78372,0.77353,0.78238,0.77737,0.78382,0.77361,0.78248,0.0001,142921.97
2021-03-03,0.7824,0.78379,0.7752,0.77525,0.78248,0.78389,0.77533,0.77535,0.0001,137891.94
2021-03-04,0.77526,0.78147,0.77041,0.77139,0.77535,0.78158,0.77049,0.77148,9e-05,177236.81
2021-03-05,0.77134,0.77262,0.76213,0.76815,0.77145,0.77272,0.76224,0.7683,0.00015,181277.31
2021-03-08,0.77076,0.77138,0.76358,0.76552,0.77085,0.77148,0.76367,0.76561,9e-05,165276.61
2021-03-09,0.76551,0.77255,0.76211,0.77149,0.76561,0.77267,0.76221,0.7716,0.00011,135683.05
2021-03-10,0.77148,0.77452,0.76681,0.77298,0.77156,0.77462,0.76692,0.77309,0.00011,129829.44
2021-03-11,0.77298,0.77934,0.77228,0.7785,0.77309,0.77943,0.77237,0.77858,8e-05,109813.57
2021-03-12,0.77851,0.78003,0.77239,0.77576,0.77859,0.78011,0.77248,0.77605,0.00029,121907.17
2021-03-15,0.77617,0.77752,0.77054,0.77475,0.77627,0.77761,0.77063,0.77486,0.00011,104257.58
2021-03-16,0.77475,0.77571,0.77101,0.77457,0.77484,0.77581,0.77112,0.77468,0.00011,95295.96
2021-03-17,0.77456,0.78141,0.76987,0.7814,0.77466,0.78152,0.76998,0.78151,0.00011,118252.12
2021-03-18,0.78143,0.78489,0.77489,0.7752,0.78152,0.78498,0.77498,0.7753,0.0001,146403.19
2021-03-19,0.77523,0.77719,0.77172,0.77369,0.7753,0.77728,0.77181,0.77446,0.00077,126772.68
2021-03-22,0.77223,0.77561,0.77044,0.77443,0.77232,0.7757,0.77053,0.77453,0.0001,89317.24
2021-03-23,0.77442,0.77464,0.75988,0.76062,0.77453,0.77474,0.75997,0.76072,0.0001,103478.67
2021-03-24,0.76063,0.7628,0.75779,0.75903,0.76072,0.76287,0.75802,0.75915,0.00012,94342.31
2021-03-25,0.75906,0.76138,0.75627,0.75921,0.75915,0.76147,0.75638,0.75933,0.00012,109408.62
2021-03-26,0.75923,0.76439,0.75873,0.76371,0.75932,0.76456,0.75883,0.76453,0.00082,74686.16
2021-03-29,0.76366,0.76553,0.76147,0.76381,0.76374,0.76563,0.76156,0.7639,9e-05,80914.03
2021-03-30,0.76383,0.76635,0.75844,0.76078,0.7639,0.76645,0.75855,0.76089,0.00011,84674.97
2021-03-31,0.76079,0.76361,0.75878,0.75935,0.7609,0.76372,0.75888,0.75945,0.0001,83589.49
2021-04-01,0.75936,0.76194,0.75315,0.76161,0.75944,0.76204,0.75326,0.76169,8e-05,88816.66
2021-04-02,0.76162,0.76369,0.75925,0.75976,0.76169,0.76379,0.7599,0.76271,0.00295,28224.29
2021-04-05,0.7619,0.766,0.7598,0.7657,0.76199,0.76609,0.7599,0.76578,8e-05,47030.62
2021-04-06,0.76566,0.76679,0.76053,0.76659,0.76576,0.76688,0.76064,0.76669,0.0001,74347.38
2021-04-07,0.76659,0.76765,0.76002,0.76131,0.76667,0.76775,0.76012,0.76142,0.00011,84483.59
2021-04-08,0.76131,0.76599,0.76022,0.76561,0.76142,0.76609,0.76033,0.76572,0.00011,74691.65
2021-04-09,0.76564,0.76606,0.75876,0.76168,0.76573,0.76615,0.75886,0.76241,0.00073,76923.91
2021-04-12,0.7621,0.76351,0.75945,0.76265,0.7622,0.76362,0.75954,0.76277,0.00012,70934.55
2021-04-13,0.76265,0.76527,0.75846,0.76467,0.76276,0.76535,0.75858,0.76476,9e-05,88897.62
2021-04-14,0.76468,0.77374,0.76342,0.77244,0.76478,0.77383,0.76351,0.77253,9e-05,85930.17
2021-04-15,0.77243,0.77606,0.77051,0.77507,0.77251,0.77616,0.77062,0.77517,0.0001,83917.2
2021-04-16,0.77507,0.77588,0.77237,0.77327,0.77518,0.77595,0.77247,0.77368,0.00041,68798.85
2021-04-19,0.77129,0.77841,0.77056,0.77641,0.77137,0.7785,0.77065,0.77653,0.00012,80566.18
2021-04-20,0.77643,0.78155,0.77088,0.77218,0.77653,0.78164,0.77096,0.77228,0.0001,93195.73
2021-04-21,0.7722,0.7762,0.76991,0.77536,0.77228,0.7763,0.76999,0.77545,9e-05,84362.79
2021-04-22,0.77536,0.77642,0.76902,0.77037,0.77544,0.77653,0.76909,0.77046,9e-05,97511.38
2021-04-23,0.77039,0.776,0.76998,0.77438,0.77046,0.7761,0.77008,0.77486,0.00048,72225.2
2021-04-26,0.77421,0.78148,0.77414,0.77964,0.7743,0.78156,0.77424,0.77973,9e-05,75107.11
2021-04-27,0.77962,0.78034,0.77612,0.77671,0.7797,0.78043,0.7762,0.7768,9e-05,71950.39
2021-04-28,0.7767,0.78057,0.77247,0.78006,0.7768,0.78068,0.77258,0.78016,0.0001,81471.77
2021-04-29,0.78005,0.78175,0.77499,0.77768,0.78016,0.78185,0.77509,0.77777,9e-05,78736.63
2021-04-30,0.77768,0.77838,0.76955,0.77067,0.77779,0.77848,0.76965,0.77136,0.00069,81658.89
2021-05-03,0.77199,0.77664,0.77058,0.77578,0.77207,0.77677,0.77067,0.77587,9e-05,64889.61
2021-05-04,0.77581,0.77605,0.76747,0.77128,0.77588,0.77615,0.76756,0.77138,0.0001,97209.36
2021-05-05,0.77128,0.77545,0.77036,0.77506,0.77138,0.77554,0.77045,0.77517,0.00011,73462.97
2021-05-06,0.77505,0.77879,0.77006,0.77867,0.77517,0.77889,0.77018,0.77875,8e-05,92533.13
2021-05-07,0.77864,0.78621,0.77606,0.78412,0.77872,0.78631,0.77615,0.78472,0.0006,91130.38
2021-05-10,0.78579,0.78905,0.78264,0.78401,0.78587,0.78914,0.78278,0.7841,9e-05,84508.79
2021-05-11,0.78402,0.78563,0.78197,0.78371,0.7841,0.78574,0.78205,0.78382,0.00011,103413.14
2021-05-12,0.78375,0.78419,0.77189,0.7732,0.78383,0.78429,0.77198,0.77327,7e-05,126083.36
2021-05-13,0.7732,0.77458,0.76879,0.77234,0.77328,0.77468,0.76886,0.77243,9e-05,116413.03
2021-05-14,0.77237,0.7787,0.77137,0.77756,0.77248,0.77878,0.77146,0.77837,0.00081,87265.57
2021-05-17,0.77778,0.77781,0.773,0.7773,0.77788,0.77789,0.77309,0.77741,0.00011,84810.69
2021-05-18,0.7773,0.78132,0.77674,0.77873,0.77742,0.78144,0.77683,0.77882,9e-05,80322.63
2021-05-19,0.77875,0.77972,0.77104,0.77195,0.77884,0.77981,0.77111,0.77205,0.0001,131006.96
2021-05-20,0.77196,0.77811,0.7716,0.7769,0.77205,0.7782,0.77174,0.77698,8e-05,85046.52
2021-05-21,0.77689,0.77823,0.77186,0.77254,0.777,0.77832,0.77195,0.77312,0.00058,77609.84
2021-05-24,0.77245,0.77573,0.77056,0.77503,0.77256,0.77607,0.77067,0.77512,9e-05,62288.47
2021-05-25,0.77502,0.77759,0.77326,0.77497,0.77512,0.77768,0.77334,0.77505,8e-05,78781.01
2021-05-26,0.77495,0.77955,0.77306,0.77392,0.77506,0.77964,0.77316,0.77401,9e-05,81101.71
2021-05-27,0.7739,0.77571,0.77226,0.7742,0.77401,0.77581,0.77235,0.77429,9e-05,79993.71
2021-05-28,0.7742,0.77468,0.76769,0.77078,0.77429,0.77478,0.76778,0.77153,0.00075,78415.16
2021-05-31,0.77077,0.7746,0.77001,0.7743,0.77086,0.77469,0.77011,0.7744,0.0001,57457.68
2021-06-01,0.77434,0.77689,0.77304,0.77553,0.77442,0.77698,0.77313,0.77565,0.00012,77354.14
2021-06-02,0.77554,0.77728,0.77148,0.77436,0.77565,0.7774,0.77157,0.77447,0.00011,65093.24
2021-06-03,0.77438,0.77534,0.7645,0.76614,0.77446,0.77545,0.76459,0.76623,9e-05,83404.63
2021-06-04,0.76616,0.77448,0.76507,0.77383,0.76623,0.77462,0.76516,0.77462,0.00079,70661.28
2021-06-07,0.77408,0.77653,0.77262,0.77559,0.77415,0.77662,0.77272,0.77567,8e-05,49219.24
2021-06-08,0.77557,0.77632,0.77312,0.77365,0.77567,0.77641,0.77321,0.77374,9e-05,55699.91
2021-06-09,0.77364,0.77618,0.77238,0.77289,0.77373,0.77626,0.77247,0.77299,0.0001,52194.03
2021-06-10,0.77288,0.77631,0.77169,0.77469,0.77297,0.77641,0.77183,0.77479,0.0001,89179.14
2021-06-11,0.77472,0.77753,0.76879,0.77019,0.77482,0.77762,0.76888,0.77089,0.0007,74537.89
2021-06-14,0.77073,0.77255,0.76934,0.77113,0.77083,0.77264,0.76944,0.77124,0.00011,60689.61
2021-06-15,0.77114,0.77163,0.76737,0.76852,0.77124,0.77173,0.76749,0.76864,0.00012,79048.75
2021-06-16,0.76855,0.77152,0.76043,0.76144,0.76865,0.77162,0.76075,0.76153,9e-05,118824.59
2021-06-17,0.76143,0.76452,0.75392,0.75564,0.76152,0.76465,0.75402,0.75573,9e-05,138007.7
2021-06-18,0.75563,0.75606,0.74761,0.74762,0.75573,0.75617,0.74789,0.74801,0.00039,139066.72
2021-06-21,0.75008,0.75457,0.74771,0.75342,0.75018,0.75467,0.74781,0.75353,0.00011,132602.42
2021-06-22,0.75342,0.7564,0.74936,0.75537,0.75352,0.75648,0.74946,0.75549,0.00012,94736.34
2021-06-23,0.75537,0.75986,0.75374,0.75727,0.75548,0.75997,0.75384,0.7574,0.00013,97038.16
2021-06-24,0.75729,0.75911,0.75651,0.75813,0.75739,0.75921,0.75662,0.75823,0.0001,98144.43
2021-06-25,0.75813,0.76162,0.75792,0.75895,0.75824,0.76173,0.75804,0.7598,0.00085,87272.8
2021-06-28,0.7594,0.76013,0.75541,0.75677,0.75949,0.76021,0.75552,0.75688,0.00011,78259.49
2021-06-29,0.75678,0.75702,0.75071,0.75129,0.75688,0.75712,0.75081,0.75142,0.00013,80536.89
2021-06-30,0.75131,0.75267,0.74914,0.7497,0.75141,0.75277,0.74924,0.74979,9e-05,83610.43
2021-07-01,0.7497,0.75074,0.74599,0.7465,0.74978,0.75083,0.74609,0.74662,0.00012,89070.79
2021-07-02,0.7465,0.75326,0.74441,0.75218,0.74661,0.75337,0.74454,0.75305,0.00087,90555.75
2021-07-05,0.75176,0.75472,0.75084,0.754,0.75186,0.75484,0.75095,0.75412,0.00012,67335.82
2021-07-06,0.75401,0.75985,0.74803,0.74942,0.7541,0.75996,0.74812,0.74952,0.0001,117828.01
2021-07-07,0.74943,0.75335,0.74623,0.74829,0.74952,0.75344,0.74632,0.74839,0.0001,102094.83
2021-07-08,0.74828,0.74835,0.7416,0.74325,0.74839,0.74847,0.7417,0.74337,0.00012,174652.66
2021-07-09,0.74327,0.74937,0.74093,0.74904,0.74336,0.74952,0.74102,0.74951,0.00047,113125.99
2021-07-12,0.7489,0.74956,0.74478,0.74772,0.74899,0.74965,0.74489,0.74783,0.00011,92758.83
2021-07-13,0.74773,0.75026,0.74258,0.74393,0.74783,0.75035,0.74269,0.74401,8e-05,109388.96
2021-07-14,0.7439,0.74871,0.74306,0.74802,0.74399,0.74885,0.74315,0.74812,0.0001,121314.05
2021-07-15,0.74802,0.74843,0.74099,0.74222,0.74811,0.74852,0.7411,0.74235,0.00013,111985.55
2021-07-16,0.74225,0.74423,0.73917,0.7393,0.74234,0.74433,0.73927,0.74018,0.00088,89991.7
2021-07-19,0.73878,0.73888,0.73213,0.73367,0.73888,0.73898,0.73225,0.73377,0.0001,138909.42
2021-07-20,0.73366,0.73567,0.72993,0.73381,0.73379,0.73579,0.73002,0.73393,0.00012,114504.24
2021-07-21,0.73381,0.73622,0.7289,0.73512,0.73392,0.73648,0.729,0.73521,9e-05,88869.28
2021-07-22,0.73511,0.7399,0.73417,0.73799,0.73521,0.74024,0.73428,0.73809,0.0001,101678.95
2021-07-23,0.738,0.73895,0.73565,0.73624,0.7381,0.73905,0.73576,0.73711,0.00087,75757.54
2021-07-26,0.73676,0.73902,0.73301,0.73835,0.73684,0.7391,0.73312,0.73846,0.00011,93181.8
2021-07-27,0.73835,0.73883,0.73367,0.73656,0.73842,0.73893,0.73376,0.73664,8e-05,108165.94
2021-07-28,0.73656,0.7381,0.73164,0.73764,0.73665,0.73822,0.73177,0.73775,0.00011,126871.15
2021-07-29,0.73764,0.74131,0.73589,0.73955,0.73774,0.74141,0.73599,0.73964,9e-05,85777.88
2021-07-30,0.73953,0.74041,0.73306,0.73415,0.73963,0.74051,0.73316,0.73485,0.0007,96664.95
2021-08-02,0.73414,0.73817,0.73286,0.73598,0.73421,0.73827,0.73295,0.73611,0.00013,79783.04
2021-08-03,0.73599,0.74079,0.73569,0.73961,0.73609,0.7409,0.73579,0.73971,0.0001,92645.23
2021-08-04,0.73959,0.74263,0.73696,0.73818,0.73972,0.74272,0.73707,0.73828,0.0001,74137.17
2021-08-05,0.73818,0.74155,0.73762,0.74024,0.73829,0.74165,0.73772,0.74035,0.00011,68279.05
2021-08-06,0.74024,0.74041,0.7346,0.73518,0.74036,0.74051,0.73469,0.73602,0.00084,70053.29
2021-08-09,0.73347,0.73634,0.73275,0.73294,0.73355,0.73645,0.73287,0.73307,0.00013,63070.86
2021-08-10,0.73294,0.73556,0.73155,0.73432,0.73305,0.73566,0.73165,0.73442,0.0001,58189.99
2021-08-11,0.73434,0.73888,0.73228,0.737,0.73443,0.73899,0.73239,0.73712,0.00012,66263.92
2021-08-12,0.737,0.73728,0.73315,0.73406,0.73712,0.73739,0.73325,0.73415,9e-05,50463.13
2021-08-13,0.73407,0.73809,0.73328,0.73677,0.73415,0.73818,0.73338,0.73764,0.00087,43114.43
2021-08-16,0.73649,0.73672,0.73189,0.73386,0.73658,0.73681,0.73198,0.73396,0.0001,53117.86
2021-08-17,0.73386,0.73386,0.72421,0.72548,0.73396,0.73398,0.7243,0.72557,9e-05,77645.37
2021-08-18,0.72546,0.7269,0.72282,0.72304,0.72556,0.72701,0.72294,0.72313,9e-05,75673.68
2021-08-19,0.72304,0.72344,0.71419,0.71458,0.72314,0.72354,0.71429,0.71467,9e-05,112995.18
2021-08-20,0.71457,0.71559,0.71056,0.71347,0.71467,0.7157,0.71066,0.71434,0.00087,84990.63
2021-08-23,0.71379,0.72175,0.71379,0.72081,0.71388,0.72185,0.71388,0.72091,0.0001,71566.57
2021-08-24,0.7208,0.72706,0.72003,0.72481,0.72091,0.72715,0.72012,0.72491,0.0001,66199.1
2021-08-25,0.72483,0.728,0.72367,0.72759,0.72493,0.72808,0.72377,0.7277,0.00011,66345.78
2021-08-26,0.72761,0.72792,0.72338,0.72378,0.72773,0.72804,0.72348,0.72388,0.0001,75244.17
2021-08-27,0.72378,0.73164,0.72216,0.73089,0.72389,0.73174,0.72226,0.73148,0.00059,79973.93
2021-08-30,0.73149,0.73181,0.7284,0.72894,0.73158,0.7319,0.7285,0.72907,0.00013,51561.68
2021-08-31,0.72896,0.73409,0.72876,0.73173,0.72907,0.7342,0.72887,0.73183,0.0001,86750.76
2021-09-01,0.73174,0.73835,0.73075,0.73654,0.73183,0.73844,0.73085,0.73666,0.00012,74387.45
2021-09-02,0.73654,0.74091,0.73554,0.7397,0.73665,0.74101,0.73564,0.73981,0.00011,73053.77
2021-09-03,0.73971,0.74775,0.73949,0.7447,0.73981,0.74786,0.73959,0.7456,0.0009,83830.08
2021-09-06,0.74425,0.74433,0.74259,0.74358,0.74436,0.74443,0.74269,0.74369,0.00011,88210.52
2021-09-07,0.74357,0.7468,0.73743,0.73859,0.74367,0.74692,0.73752,0.73869,0.0001,97083.8
2021-09-08,0.73861,0.74036,0.73446,0.73607,0.73872,0.74045,0.73456,0.73617,0.0001,99572.85
2021-09-09,0.73607,0.73938,0.73465,0.73672,0.73616,0.73951,0.73474,0.73685,0.00013,103737.19
2021-09-10,0.73674,0.74093,0.73477,0.73512,0.73684,0.74103,0.73492,0.73575,0.00063,80921.83
2021-09-13,0.73648,0.73753,0.73356,0.73652,0.73659,0.73763,0.73366,0.73662,0.0001,83802.33
2021-09-14,0.73652,0.73729,0.73129,0.73163,0.73663,0.7374,0.73139,0.73174,0.00011,101522.68
2021-09-15,0.73164,0.73436,0.73007,0.73408,0.73174,0.73446,0.73018,0.73418,0.0001,86476.86
2021-09-16,0.73407,0.73468,0.72736,0.72909,0.73417,0.73484,0.72744,0.72919,0.0001,84931.61
2021-09-17,0.72909,0.73212,0.72612,0.72613,0.72921,0.73223,0.7263,0.727,0.00087,87390.68
2021-09-20,0.7263,0.72679,0.72196,0.7259,0.72641,0.72691,0.72206,0.72601,0.00011,140513.88
2021-09-21,0.72591,0.72826,0.72212,0.72279,0.72602,0.72836,0.72221,0.72292,0.00013,107267.98
2021-09-22,0.72278,0.7296,0.72233,0.72318,0.72289,0.7297,0.72241,0.72327,9e-05,132131.12
2021-09-23,0.72319,0.7315,0.72224,0.72962,0.72328,0.73159,0.72234,0.72974,0.00012,99859.68
2021-09-24,0.72962,0.73161,0.72356,0.72577,0.72973,0.73172,0.72366,0.72662,0.00085,90870.31
2021-09-27,0.72646,0.72934,0.72491,0.72799,0.72659,0.72944,0.72501,0.7281,0.00011,107889.62
2021-09-28,0.72797,0.73106,0.7225,0.72435,0.7281,0.73115,0.72262,0.72445,0.0001,138368.17
2021-09-29,0.72431,0.72638,0.717,0.71782,0.72445,0.72647,0.7171,0.71793,0.00011,114829.43
2021-09-30,0.7178,0.7257,0.71766,0.72282,0.71794,0.7258,0.71776,0.72292,0.0001,130948.15
2021-10-01,0.72282,0.7276,0.71916,0.72598,0.72291,0.72768,0.71927,0.72684,0.00086,149254.3
2021-10-04,0.72741,0.73037,0.72508,0.72888,0.72752,0.73046,0.72519,0.72899,0.00011,132571.98
2021-10-05,0.72886,0.73006,0.72484,0.72875,0.72899,0.73017,0.72497,0.72885,0.0001,105650.87
2021-10-06,0.72874,0.72915,0.72254,0.72819,0.72885,0.72929,0.72266,0.72828,9e-05,148576.33
2021-10-07,0.72816,0.73238,0.72701,0.73162,0.72828,0.73248,0.72711,0.73172,0.0001,96533.07
2021-10-08,0.73159,0.73377,0.72877,0.73052,0.73172,0.73387,0.72887,0.73124,0.00072,120706.68
2021-10-11,0.7294,0.73725,0.72934,0.73478,0.72951,0.73735,0.72945,0.73488,0.0001,101934.61
2021-10-12,0.73476,0.73841,0.73318,0.73328,0.73487,0.73853,0.73327,0.73338,0.0001,114005.18
2021-10-13,0.73329,0.7383,0.7323,0.73825,0.73339,0.7384,0.73241,0.73837,0.00012,107797.92
2021-10-14,0.73825,0.74262,0.73714,0.74131,0.73835,0.74272,0.73726,0.74142,0.00011,88784.57
2021-10-15,0.74131,0.74396,0.7403,0.74174,0.74139,0.74405,0.74041,0.74261,0.00087,82309.57
2021-10-18,0.74238,0.74251,0.73781,0.74148,0.74251,0.74262,0.73792,0.74158,0.0001,92547.53
2021-10-19,0.74149,0.74851,0.74144,0.74744,0.74158,0.74861,0.74156,0.74753,9e-05,93715.49
2021-10-20,0.74743,0.75222,0.74647,0.75146,0.74752,0.75232,0.74658,0.75156,0.0001,95491.73
2021-10-21,0.75145,0.7546,0.7458,0.74628,0.75154,0.7547,0.7459,0.74638,0.0001,97197.67
2021-10-22,0.7463,0.75118,0.74533,0.74631,0.7464,0.75129,0.74544,0.74715,0.00084,120278.34
2021-10-25,0.74679,0.75048,0.74641,0.74912,0.74691,0.75058,0.74652,0.74926,0.00014,94573.47
2021-10-26,0.74912,0.7525,0.74888,0.75119,0.74923,0.75261,0.749,0.75131,0.00012,98755.56
2021-10-27,0.75119,0.75356,0.74868,0.74995,0.7513,0.75366,0.74877,0.75006,0.00011,115096.27
2021-10-28,0.74996,0.7555,0.74793,0.75305,0.75006,0.75561,0.74802,0.75318,0.00013,137166.27
2021-10-29,0.75305,0.75548,0.74998,0.75191,0.75315,0.75558,0.75006,0.75263,0.00072,118105.92
2021-11-01,0.75172,0.75357,0.74857,0.75199,0.75183,0.75368,0.74867,0.75209,0.0001,86797.99
2021-11-02,0.752,0.75315,0.74198,0.74354,0.75209,0.75334,0.74209,0.74364,0.0001,104353.42
2021-11-03,0.74353,0.74691,0.74119,0.74684,0.74365,0.74701,0.7413,0.74696,0.00012,122546.09
2021-11-04,0.74683,0.74701,0.73824,0.74078,0.74695,0.74712,0.73834,0.7409,0.00012,108994.93
2021-11-05,0.74077,0.74117,0.73595,0.73979,0.74089,0.74127,0.73606,0.74059,0.0008,121107.44
2021-11-08,0.73948,0.74307,0.73838,0.7414,0.73961,0.74318,0.73849,0.74151,0.00011,73133.94
2021-11-09,0.74142,0.74312,0.73603,0.73754,0.74151,0.74323,0.73613,0.73765,0.00011,103230.75
2021-11-10,0.73754,0.73929,0.73225,0.73333,0.73763,0.73938,0.73234,0.73343,0.0001,121571.09
2021-11-11,0.73332,0.73406,0.72859,0.729,0.73342,0.73417,0.72874,0.72912,0.00012,98812.81
2021-11-12,0.729,0.73347,0.72761,0.73282,0.72914,0.73361,0.72772,0.73335,0.00053,80179.87
2021-11-15,0.73313,0.73702,0.73228,0.73447,0.73327,0.73714,0.7324,0.73459,0.00012,77363.51
2021-11-16,0.73447,0.73676,0.72917,0.73006,0.73459,0.73686,0.72929,0.73019,0.00013,96813.68
2021-11-17,0.73006,0.73044,0.72582,0.72676,0.73017,0.73056,0.72593,0.7269,0.00014,97686.25
2021-11-18,0.72676,0.72926,0.72491,0.72759,0.72689,0.72937,0.72501,0.72772,0.00013,82328.17
2021-11-19,0.72759,0.72909,0.72264,0.72298,0.72771,0.72919,0.72274,0.72379,0.00081,114935.87
2021-11-22,0.72305,0.72729,0.72202,0.72268,0.7232,0.72741,0.72216,0.72278,0.0001,100560.11
2021-11-23,0.72268,0.72359,0.72064,0.72212,0.72279,0.7237,0.72073,0.72223,0.00011,109702.45
2021-11-24,0.72213,0.72271,0.71835,0.72011,0.72225,0.72283,0.71845,0.72022,0.00011,111441.34
2021-11-25,0.72009,0.72088,0.71725,0.71727,0.72022,0.721,0.71734,0.71737,0.0001,83203.42
2021-11-26,0.71727,0.71772,0.71106,0.7113,0.71737,0.71783,0.7113,0.71325,0.00195,160142.8
2021-11-29,0.71418,0.71591,0.71132,0.71449,0.71432,0.71602,0.71141,0.71462,0.00013,102024.91
2021-11-30,0.7145,0.71702,0.70624,0.71242,0.71462,0.71711,0.70634,0.71256,0.00014,194085.16
2021-12-01,0.71245,0.71727,0.70943,0.71068,0.71255,0.71735,0.70954,0.71078,0.0001,128377.4
2021-12-02,0.71068,0.71192,0.70835,0.7087,0.71079,0.71203,0.70845,0.70881,0.00011,141300.7
2021-12-03,0.70867,0.70897,0.69926,0.69951,0.7088,0.70911,0.69936,0.70014,0.00063,137733.33
2021-12-06,0.70168,0.70541,0.7006,0.70483,0.7018,0.70605,0.70071,0.70494,0.00011,91426.22
2021-12-07,0.70482,0.71239,0.70391,0.71217,0.70492,0.71248,0.70402,0.7123,0.00013,91486.73
2021-12-08,0.7122,0.71833,0.71166,0.71682,0.71229,0.71843,0.71177,0.71694,0.00012,111120.97
2021-12-09,0.71681,0.71864,0.71353,0.71458,0.71691,0.71874,0.71363,0.71469,0.00011,74692.44
2021-12-10,0.71458,0.71819,0.71316,0.71671,0.7147,0.7183,0.71327,0.71759,0.00088,80507.43
2021-12-13,0.71649,0.71757,0.71101,0.71306,0.71661,0.71768,0.71112,0.71318,0.00012,73792.64
2021-12-14,0.71306,0.71351,0.70895,0.71033,0.71318,0.71362,0.70906,0.71044,0.00011,76234.79
2021-12-15,0.71035,0.71771,0.70915,0.71659,0.71048,0.71783,0.70929,0.7167,0.00011,110858.69
2021-12-16,0.7166,0.72233,0.7145,0.71749,0.71669,0.72244,0.7146,0.7176,0.00011,118497.49
2021-12-17,0.71748,0.71814,0.71217,0.71217,0.7176,0.71825,0.71234,0.71273,0.00056,101260.52
2021-12-20,0.7116,0.71272,0.70817,0.71088,0.71172,0.71283,0.70829,0.711,0.00012,124796.51
2021-12-21,0.71088,0.71557,0.70981,0.71471,0.711,0.71603,0.70994,0.71482,0.00011,67546.79
2021-12-22,0.7147,0.72198,0.71202,0.72115,0.7148,0.72208,0.71214,0.72127,0.00012,65146.68
2021-12-23,0.72113,0.72513,0.71956,0.72315,0.72127,0.72523,0.71969,0.72329,0.00014,61561.73
2021-12-24,0.72316,0.72434,0.72129,0.72159,0.72326,0.72528,0.72203,0.72284,0.00125,63184.96
2021-12-27,0.72291,0.72443,0.72051,0.7235,0.72305,0.72453,0.72061,0.72363,0.00013,42870.12
2021-12-28,0.72353,0.72634,0.72183,0.72317,0.72363,0.72645,0.72196,0.7233,0.00013,41297.73
2021-12-29,0.72317,0.7272,0.72126,0.72578,0.72328,0.72731,0.72137,0.72591,0.00013,58018.99
2021-12-30,0.72577,0.72753,0.7243,0.72489,0.7259,0.72763,0.72442,0.72502,0.00013,52458.75
2021-12-31,0.72488,0.7277,0.72438,0.72641,0.72501,0.72782,0.72448,0.72728,0.00087,51935.03
2022-01-03,0.72669,0.72766,0.71837,0.7195,0.72685,0.72777,0.71848,0.71964,0.00014,53604.17
2022-01-04,0.71954,0.72483,0.71846,0.72382,0.71967,0.72493,0.71857,0.72393,0.00011,68303.89
2022-01-05,0.72381,0.72719,0.72138,0.72201,0.72394,0.72729,0.72147,0.72215,0.00014,85133.84
2022-01-06,0.72201,0.72205,0.71455,0.71619,0.7221,0.72214,0.71465,0.71632,0.00013,96490.14
2022-01-07,0.71617,0.71873,0.71293,0.71776,0.71632,0.71883,0.71304,0.71834,0.00058,76559.16
2022-01-10,0.71777,0.72021,0.71483,0.71794,0.71789,0.72032,0.71493,0.71807,0.00013,99033.13
2022-01-11,0.71797,0.72141,0.71544,0.72093,0.71806,0.72155,0.71553,0.72105,0.00012,87773.71
2022-01-12,0.72092,0.72922,0.71998,0.72813,0.72104,0.72931,0.7201,0.72826,0.00013,90770.3
2022-01-13,0.72813,0.73138,0.72731,0.72805,0.72824,0.73148,0.72741,0.72819,0.00014,83521.94
2022-01-14,0.72805,0.72931,0.71977,0.72094,0.72816,0.72943,0.71988,0.72178,0.00084,96377.73
2022-01-17,0.72153,0.7229,0.7195,0.72108,0.72165,0.72299,0.71962,0.72119,0.00011,59689.55
2022-01-18,0.72108,0.72274,0.71696,0.71865,0.72118,0.72285,0.71706,0.71878,0.00013,112362.39
2022-01-19,0.71869,0.72376,0.71765,0.72155,0.7188,0.72387,0.71776,0.72167,0.00012,92956.2
2022-01-20,0.72155,0.7276,0.72041,0.72158,0.72166,0.72772,0.72053,0.72169,0.00011,95376.3
2022-01-21,0.72159,0.72182,0.71711,0.71721,0.72172,0.72191,0.7172,0.71807,0.00086,130069.81
2022-01-24,0.71869,0.7187,0.70901,0.71533,0.71879,0.71881,0.70912,0.71546,0.00013,172861.22
2022-01-25,0.71535,0.7176,0.71209,0.7158,0.71545,0.71785,0.71221,0.71588,8e-05,176206.55
2022-01-26,0.71578,0.71809,0.70951,0.71208,0.71588,0.71821,0.70961,0.71218,0.0001,171681.72
2022-01-27,0.71207,0.71209,0.70233,0.70345,0.71218,0.71219,0.70242,0.70355,0.0001,190715.31
2022-01-28,0.70349,0.70454,0.69669,0.69917,0.70356,0.70464,0.69679,0.69988,0.00071,218465.22
2022-01-31,0.69959,0.70762,0.69915,0.70675,0.6997,0.70772,0.69927,0.70688,0.00013,119842.07
2022-02-01,0.70674,0.7139,0.70329,0.71332,0.70686,0.71481,0.70338,0.71343,0.00011,136095.33
2022-02-02,0.71331,0.71587,0.71177,0.71201,0.71344,0.71605,0.71187,0.71211,0.0001,110391.16
2022-02-03,0.71201,0.71678,0.71093,0.71417,0.71213,0.71688,0.71102,0.71431,0.00014,153450.62
2022-02-04,0.71418,0.7151,0.70512,0.70724,0.71431,0.71523,0.70523,0.70801,0.00077,142106.17
2022-02-07,0.70794,0.71299,0.70648,0.71265,0.70802,0.71311,0.70658,0.7128,0.00015,119975.35
2022-02-08,0.71267,0.7147,0.71062,0.71446,0.71277,0.71481,0.71073,0.71457,0.00011,106243.81
2022-02-09,0.71446,0.71941,0.71413,0.71765,0.71458,0.71952,0.71424,0.71777,0.00012,85698.58
2022-02-10,0.71767,0.72483,0.71467,0.71609,0.71777,0.72493,0.71477,0.7162,0.00011,153474.88
2022-02-11,0.7161,0.71848,0.71081,0.71318,0.71621,0.71857,0.71092,0.71406,0.00088,200489.72
2022-02-14,0.71436,0.71461,0.70857,0.71314,0.71446,0.71472,0.70867,0.71325,0.00011,212252.28
2022-02-15,0.71313,0.71561,0.71012,0.71477,0.71324,0.71571,0.71023,0.71489,0.00012,141042.84
2022-02-16,0.71475,0.72075,0.7143,0.7192,0.71486,0.72088,0.71442,0.71932,0.00012,137327.97
2022-02-17,0.71919,0.72171,0.7149,0.71866,0.7193,0.72181,0.71505,0.7188,0.00014,187724.27
2022-02-18,0.71865,0.72275,0.71643,0.71711,0.71875,0.72283,0.71655,0.71791,0.0008,156778.48
2022-02-21,0.71715,0.72223,0.71669,0.71834,0.71725,0.72232,0.7168,0.71849,0.00015,158834.94
2022-02-22,0.71836,0.72331,0.71802,0.72261,0.71849,0.72343,0.71814,0.72273,0.00012,189534.2
2022-02-23,0.7226,0.72835,0.72182,0.72271,0.72271,0.72846,0.72193,0.72282,0.00011,140934.98
2022-02-24,0.7227,0.72287,0.70942,0.71596,0.72284,0.723,0.70951,0.71607,0.00011,345324.78
2022-02-25,0.71597,0.72373,0.71392,0.72333,0.71606,0.72383,0.714,0.72358,0.00025,230494.41
2022-02-28,0.71848,0.72671,0.7167,0.72582,0.71864,0.72684,0.71684,0.72593,0.00011,227726.64
2022-03-01,0.72583,0.72893,0.72376,0.72605,0.72594,0.72904,0.72387,0.72617,0.00012,184959.02
2022-03-02,0.72605,0.73062,0.72429,0.72925,0.72618,0.73072,0.7244,0.72937,0.00012,203354.12
2022-03-03,0.72925,0.73472,0.72757,0.73354,0.72936,0.73483,0.72767,0.73365,0.00011,163641.16
2022-03-04,0.73352,0.73801,0.73,0.737,0.73365,0.73813,0.73011,0.73775,0.00075,198782.17
2022-03-07,0.73934,0.74408,0.73094,0.73286,0.73949,0.7442,0.73108,0.73297,0.00011,256055.72
2022-03-08,0.73288,0.73476,0.72448,0.72669,0.73297,0.73487,0.72458,0.72682,0.00013,247004.02
2022-03-09,0.72671,0.73369,0.72662,0.73162,0.72685,0.73378,0.72673,0.73175,0.00013,168091.36
2022-03-10,0.73163,0.73671,0.7287,0.73649,0.73174,0.73681,0.72881,0.73661,0.00012,172900.8
2022-03-11,0.73653,0.73661,0.72818,0.72901,0.73665,0.73674,0.72829,0.7294,0.00039,163260.92
2022-03-14,0.72961,0.72966,0.71858,0.71979,0.72969,0.72979,0.71871,0.71992,0.00013,140208.77
2022-03-15,0.71979,0.72269,0.71647,0.71894,0.71992,0.72279,0.71658,0.71905,0.00011,139863.31
2022-03-16,0.71894,0.72965,0.71801,0.72879,0.71904,0.72976,0.71812,0.72892,0.00013,168799.86
2022-03-17,0.72879,0.73927,0.72829,0.73807,0.72891,0.73937,0.7284,0.73817,0.0001,158173.27
2022-03-18,0.73808,0.74174,0.73602,0.74128,0.73817,0.74184,0.73611,0.74182,0.00054,111924.07
2022-03-21,0.74093,0.74243,0.73733,0.73952,0.74105,0.74253,0.73745,0.73962,0.0001,120669.27
2022-03-22,0.73951,0.74765,0.73751,0.74616,0.73962,0.74776,0.7376,0.74627,0.00011,115172.51
2022-03-23,0.74615,0.75067,0.74497,0.74984,0.74626,0.75078,0.74509,0.74995,0.00011,108218.28
2022-03-24,0.74985,0.75272,0.74659,0.75096,0.74995,0.75284,0.74671,0.7511,0.00014,121325.63
2022-03-25,0.75098,0.75363,0.74945,0.75123,0.75109,0.75373,0.74956,0.75179,0.00056,129363.94
2022-03-28,0.75166,0.75395,0.74662,0.74963,0.7518,0.75407,0.74672,0.74976,0.00013,143155.72
2022-03-29,0.74963,0.7524,0.74555,0.75139,0.74977,0.75252,0.74567,0.75149,0.0001,160211.66
2022-03-30,0.75139,0.75359,0.74935,0.75009,0.75148,0.7537,0.74946,0.7502,0.00011,131136.12
2022-03-31,0.75009,0.75252,0.74701,0.74911,0.75022,0.75267,0.74712,0.74922,0.00011,131044.52
2022-04-01,0.74911,0.75241,0.74721,0.74973,0.74923,0.75251,0.74732,0.75031,0.00058,111439.82
2022-04-04,0.74851,0.75559,0.74825,0.75427,0.74863,0.7557,0.74836,0.75438,0.00011,98259.51
2022-04-05,0.75426,0.76607,0.75355,0.75848,0.75438,0.76617,0.75365,0.75859,0.00011,125549.99
2022-04-06,0.75846,0.75927,0.74855,0.75041,0.75861,0.75937,0.74866,0.75052,0.00011,139884.48
2022-04-07,0.7504,0.7513,0.74663,0.74775,0.75052,0.75142,0.74672,0.74787,0.00012,122800.51
2022-04-08,0.74774,0.74922,0.74259,0.74577,0.74787,0.74932,0.74268,0.74611,0.00034,105275.11
2022-04-11,0.74449,0.74601,0.74114,0.74141,0.74461,0.74612,0.74124,0.74152,0.00011,118328.35
2022-04-12,0.74141,0.74929,0.73992,0.74532,0.74154,0.74938,0.74001,0.74543,0.00011,135351.64
2022-04-13,0.74532,0.74742,0.73913,0.74495,0.74539,0.74757,0.73924,0.74508,0.00013,141708.12
2022-04-14,0.74498,0.74679,0.73969,0.74072,0.7451,0.74691,0.73978,0.74089,0.00017,136932.08
2022-04-15,0.74071,0.74125,0.73892,0.73898,0.74089,0.74147,0.73922,0.7397,0.00072,61846.23
2022-04-18,0.73959,0.73967,0.73423,0.73564,0.7397,0.7398,0.73435,0.73575,0.00011,90164.24
2022-04-19,0.73561,0.73996,0.73446,0.73928,0.73574,0.74006,0.73459,0.73943,0.00015,122101.77
2022-04-20,0.73929,0.74571,0.73724,0.74435,0.73943,0.74582,0.73733,0.74447,0.00012,124273.4
2022-04-21,0.74435,0.74577,0.73589,0.73597,0.74446,0.74587,0.73598,0.73604,7e-05,129427.76
2022-04-22,0.736,0.73687,0.72342,0.72352,0.73609,0.73697,0.72354,0.72398,0.00046,147784.34
2022-04-25,0.72317,0.7233,0.71346,0.71761,0.72326,0.72342,0.71354,0.71774,0.00013,223226.64
2022-04-26,0.71761,0.72282,0.7118,0.7141,0.71773,0.72295,0.71198,0.71422,0.00012,175892.09
2022-04-27,0.71412,0.71901,0.71009,0.71211,0.71424,0.71912,0.71018,0.71223,0.00012,180742.27
2022-04-28,0.71211,0.71616,0.70544,0.71087,0.71223,0.7163,0.70554,0.71101,0.00014,205003.58
2022-04-29,0.71092,0.71794,0.70571,0.70581,0.71101,0.71804,0.70599,0.70656,0.00075,167126.83
2022-05-02,0.70625,0.70815,0.70294,0.70503,0.70637,0.70826,0.70306,0.70517,0.00014,138067.98
2022-05-03,0.70503,0.71472,0.70503,0.71004,0.70517,0.71488,0.70517,0.71011,7e-05,164887.66
2022-05-04,0.71003,0.72648,0.70882,0.72509,0.71013,0.72704,0.70892,0.7252,0.00011,187355.5
2022-05-05,0.72509,0.72657,0.70768,0.71187,0.7252,0.72668,0.70779,0.71199,0.00012,233012.39
2022-05-06,0.71189,0.71347,0.70579,0.7071,0.712,0.7136,0.7059,0.70785,0.00075,265239.88
2022-05-09,0.70441,0.70458,0.69429,0.69531,0.70453,0.7047,0.69441,0.69544,0.00013,234630.94
2022-05-10,0.6953,0.69857,0.69102,0.69321,0.69543,0.69869,0.69116,0.69335,0.00014,285551.59
2022-05-11,0.6932,0.70532,0.69256,0.69258,0.69332,0.70544,0.69269,0.69272,0.00014,251535.47
2022-05-12,0.69258,0.69526,0.68284,0.68679,0.69273,0.6954,0.68295,0.6869,0.00011,293715.59
2022-05-13,0.68679,0.69405,0.68625,0.69356,0.68691,0.69433,0.68636,0.69431,0.00075,174913.19
2022-05-16,0.69467,0.6982,0.68718,0.69723,0.69479,0.69831,0.6873,0.69736,0.00013,179218.81
2022-05-17,0.69722,0.704,0.69713,0.70296,0.69733,0.70412,0.69725,0.70308,0.00012,177823.94
2022-05-18,0.70293,0.70461,0.69491,0.69575,0.70306,0.70473,0.69501,0.69588,0.00013,161853.28
2022-05-19,0.69576,0.70722,0.69531,0.70411,0.6959,0.70734,0.69543,0.70424,0.00013,243235.52
2022-05-20,0.70411,0.7073,0.70016,0.70381,0.70425,0.70743,0.70029,0.70456,0.00075,181515.34
2022-05-23,0.70608,0.71265,0.70581,0.70858,0.70623,0.71278,0.70593,0.70869,0.00011,170240.3
2022-05-24,0.70858,0.71186,0.70565,0.71008,0.70866,0.71199,0.70575,0.71019,0.00011,173257.52
2022-05-25,0.71006,0.71184,0.70351,0.70889,0.71022,0.71196,0.70362,0.70903,0.00014,183741.12
2022-05-26,0.70888,0.71092,0.70567,0.70976,0.70903,0.71104,0.70578,0.70988,0.00012,141286.34
2022-05-27,0.70977,0.71665,0.70888,0.7157,0.70989,0.71675,0.709,0.71645,0.00075,130999.95
2022-05-30,0.71579,0.71994,0.71565,0.71936,0.71593,0.72005,0.71578,0.71949,0.00013,107095.05
2022-05-31,0.71937,0.7203,0.71492,0.7182,0.71951,0.72045,0.71503,0.71832,0.00012,160236.55
2022-06-01,0.71822,0.72298,0.71552,0.71707,0.71834,0.72311,0.71562,0.71721,0.00014,154779.8
2022-06-02,0.71707,0.72701,0.71403,0.72645,0.71722,0.72713,0.71415,0.72658,0.00013,128995.59
2022-06-03,0.72645,0.72826,0.72011,0.72034,0.72656,0.72837,0.72023,0.72113,0.00079,129555.05
2022-06-06,0.72003,0.72313,0.71801,0.71859,0.72013,0.72325,0.71814,0.71868,9e-05,108069.91
2022-06-07,0.71858,0.72461,0.71566,0.72207,0.71869,0.72495,0.71576,0.72218,0.00011,158030.77
2022-06-08,0.72205,0.72337,0.7175,0.71858,0.72219,0.72349,0.71762,0.71868,0.0001,141805.31
2022-06-09,0.71859,0.71938,0.7093,0.70971,0.71869,0.7195,0.70942,0.70983,0.00012,163653.05
2022-06-10,0.7097,0.71375,0.70369,0.7044,0.70982,0.71385,0.70381,0.70493,0.00053,192332.19
2022-06-13,0.70192,0.70337,0.69107,0.69401,0.70204,0.70349,0.69123,0.69413,0.00012,224906.08
2022-06-14,0.694,0.69699,0.685,0.68868,0.69412,0.69712,0.68511,0.6888,0.00012,244129.91
2022-06-15,0.6887,0.70238,0.68852,0.70172,0.68882,0.70253,0.68863,0.70183,0.00011,264536.53
2022-06-16,0.70171,0.70685,0.6943,0.70395,0.70181,0.70695,0.6944,0.70407,0.00012,255477.16
2022-06-17,0.70395,0.70423,0.6897,0.69322,0.70408,0.70437,0.68979,0.69397,0.00075,216133.38
2022-06-20,0.69501,0.69954,0.69262,0.69676,0.69515,0.69966,0.69271,0.69688,0.00012,151398.41
2022-06-21,0.69674,0.69933,0.69342,0.6959,0.69684,0.69943,0.69353,0.69603,0.00013,171167.5
2022-06-22,0.69592,0.6961,0.68809,0.69045,0.69604,0.69622,0.68819,0.69059,0.00014,184042.02
2022-06-23,0.69046,0.69258,0.68687,0.69021,0.69059,0.69266,0.68698,0.69029,8e-05,201286.72
2022-06-24,0.6902,0.69573,0.68881,0.69402,0.69029,0.69584,0.68893,0.69482,0.0008,161081.77
2022-06-27,0.69433,0.69482,0.69066,0.69204,0.69445,0.69493,0.69076,0.69216,0.00012,195003.86
2022-06-28,0.69203,0.69641,0.69022,0.69027,0.69214,0.6965,0.69035,0.69041,0.00014,214235.62
2022-06-29,0.69028,0.69195,0.68611,0.68776,0.6904,0.69205,0.68622,0.68788,0.00012,220658.48
2022-06-30,0.68774,0.69188,0.68529,0.68973,0.68787,0.69199,0.68541,0.68985,0.00012,210902.17
2022-07-01,0.68971,0.69027,0.67634,0.68105,0.68983,0.6904,0.67642,0.6818,0.00075,222648.08
2022-07-04,0.68126,0.68882,0.67931,0.68707,0.68137,0.68893,0.67944,0.6872,0.00013,138675.66
2022-07-05,0.68706,0.68943,0.67612,0.67933,0.6872,0.68955,0.67622,0.67946,0.00013,228573.95
2022-07-06,0.67932,0.68256,0.67614,0.67814,0.67943,0.68264,0.67626,0.67827,0.00013,245762.67
2022-07-07,0.67813,0.685,0.67639,0.6847,0.67826,0.68512,0.67651,0.68482,0.00012,180843.03
2022-07-08,0.68472,0.68738,0.67911,0.68538,0.68485,0.6875,0.67923,0.68611,0.00073,197060.19
2022-07-11,0.6845,0.68453,0.67141,0.67398,0.68459,0.68468,0.67151,0.67411,0.00013,197856.05
2022-07-12,0.67399,0.67784,0.67104,0.67453,0.67411,0.67794,0.67113,0.67465,0.00012,218828.02
2022-07-13,0.67452,0.68029,0.67251,0.67319,0.67463,0.6805,0.67261,0.67334,0.00015,278722.31
2022-07-14,0.67319,0.67874,0.6681,0.67557,0.67334,0.67887,0.6682,0.6757,0.00013,340825.12
2022-07-15,0.67555,0.68058,0.67186,0.67887,0.67569,0.68069,0.67198,0.67951,0.00064,245670.98
2022-07-18,0.68127,0.6854,0.67926,0.68091,0.68139,0.6855,0.67938,0.68104,0.00013,194024.03
2022-07-19,0.68092,0.6912,0.68019,0.68948,0.68106,0.6913,0.68033,0.68963,0.00015,219459.02
2022-07-20,0.68948,0.69297,0.68726,0.68835,0.68963,0.69308,0.68737,0.68846,0.00011,200714.38
2022-07-21,0.68833,0.69378,0.68585,0.69216,0.68847,0.694,0.68596,0.69228,0.00012,228950.75
2022-07-22,0.69214,0.69769,0.68927,0.69227,0.69228,0.69781,0.68938,0.69301,0.00074,224191.39
2022-07-25,0.69032,0.69647,0.68782,0.69497,0.69045,0.69658,0.68797,0.6951,0.00013,188315.48
2022-07-26,0.69501,0.69826,0.69216,0.69447,0.6951,0.69839,0.69225,0.69463,0.00016,167636.06
2022-07-27,0.69447,0.70117,0.69114,0.69933,0.69462,0.7013,0.6913,0.69943,0.0001,188745.58
2022-07-28,0.6993,0.70134,0.69544,0.6997,0.69941,0.70144,0.69555,0.69982,0.00012,212644.77
2022-07-29,0.69973,0.70312,0.69105,0.69881,0.69983,0.70324,0.69116,0.69949,0.00068,209588.69
2022-08-01,0.697,0.70466,0.69676,0.70234,0.69715,0.70476,0.69689,0.7025,0.00016,218603.05
2022-08-02,0.70235,0.70316,0.68878,0.68897,0.7025,0.70331,0.68892,0.68912,0.00015,342696.12
2022-08-03,0.68903,0.6955,0.68857,0.6937,0.68913,0.69568,0.68871,0.6938,0.0001,253539.62
2022-08-04,0.6937,0.69893,0.69344,0.69591,0.6938,0.69906,0.69358,0.69605,0.00014,230431.33
2022-08-05,0.69593,0.69742,0.68689,0.69111,0.69606,0.69754,0.68703,0.69142,0.00031,226066.83
2022-08-08,0.69024,0.70087,0.68974,0.6988,0.6904,0.701,0.68988,0.69894,0.00014,170174.62
2022-08-09,0.6988,0.69942,0.6953,0.69537,0.69896,0.69952,0.69534,0.69553,0.00016,147128.0
2022-08-10,0.69536,0.71085,0.69461,0.70812,0.69547,0.71099,0.69475,0.70825,0.00013,217787.81
2022-08-11,0.7081,0.71363,0.70625,0.71008,0.70823,0.71375,0.70638,0.7102,0.00012,207087.59
2022-08-12,0.7101,0.71278,0.70842,0.71201,0.7102,0.71293,0.70855,0.71221,0.0002,165218.0
2022-08-15,0.7115,0.71246,0.70105,0.70183,0.71163,0.71258,0.70117,0.70198,0.00015,171912.56
2022-08-16,0.70183,0.70395,0.69905,0.70189,0.702,0.70409,0.69918,0.70203,0.00014,181952.41
2022-08-17,0.70188,0.70258,0.69104,0.69305,0.70203,0.70272,0.69117,0.69321,0.00016,238295.84
2022-08-18,0.69305,0.69694,0.68984,0.69106,0.69319,0.69706,0.68998,0.6912,0.00014,222933.62
2022-08-19,0.6911,0.69191,0.68585,0.68712,0.69124,0.69205,0.68598,0.68764,0.00052,179531.16
2022-08-22,0.68764,0.69283,0.68617,0.68775,0.68779,0.69297,0.68629,0.6879,0.00015,197584.62
2022-08-23,0.68775,0.69628,0.68555,0.69205,0.6879,0.69641,0.68567,0.69221,0.00016,242861.16
2022-08-24,0.69205,0.69283,0.68784,0.69049,0.69219,0.69295,0.68797,0.69063,0.00014,198461.2
2022-08-25,0.69049,0.69907,0.69017,0.69613,0.69065,0.69919,0.69031,0.6963,0.00017,212579.48
2022-08-26,0.69614,0.70084,0.68877,0.68892,0.69629,0.70099,0.6889,0.68968,0.00076,252774.2
2022-08-29,0.68641,0.69255,0.68403,0.69067,0.68655,0.69268,0.68415,0.69081,0.00014,270004.81
2022-08-30,0.69069,0.69556,0.6845,0.68536,0.69083,0.69568,0.68464,0.68552,0.00016,280863.44
2022-08-31,0.68536,0.69036,0.68254,0.68273,0.6855,0.69048,0.68267,0.68285,0.00012,315397.91
2022-09-01,0.68272,0.68452,0.67706,0.67944,0.68283,0.68466,0.67717,0.67958,0.00014,315810.19
2022-09-02,0.67943,0.68543,0.67788,0.68165,0.6796,0.68557,0.67802,0.68177,0.00012,270016.47
2022-09-05,0.67885,0.68146,0.67722,0.68104,0.67894,0.68162,0.67734,0.68121,0.00017,164743.38
2022-09-06,0.68104,0.68317,0.67245,0.67272,0.68119,0.68331,0.67258,0.67286,0.00014,281109.0
2022-09-07,0.67276,0.67732,0.66985,0.67517,0.67289,0.67744,0.66994,0.67531,0.00014,264890.31
2022-09-08,0.67519,0.67654,0.67124,0.6764,0.67532,0.67668,0.67138,0.67653,0.00013,306616.28
2022-09-09,0.67638,0.68768,0.67616,0.68385,0.67653,0.68779,0.6763,0.68407,0.00022,254074.81
2022-09-12,0.6845,0.68991,0.68236,0.68922,0.68464,0.69003,0.6825,0.68938,0.00016,207519.2
2022-09-13,0.68923,0.69155,0.67246,0.674,0.68938,0.69167,0.67261,0.67414,0.00014,257254.94
2022-09-14,0.674,0.67617,0.67044,0.6752,0.67413,0.67632,0.67057,0.67536,0.00016,276351.47
2022-09-15,0.67524,0.67694,0.66843,0.6686,0.67535,0.67709,0.66854,0.66874,0.00014,236507.11
2022-09-16,0.6686,0.67236,0.66694,0.67195,0.66874,0.6725,0.66705,0.67217,0.00022,242920.05
2022-09-19,0.67244,0.67349,0.66715,0.67318,0.67258,0.67361,0.66728,0.67331,0.00013,198240.31
2022-09-20,0.67318,0.6747,0.66759,0.66942,0.67332,0.67483,0.66772,0.66955,0.00013,221038.45
2022-09-21,0.66941,0.67044,0.66068,0.66116,0.66952,0.67061,0.66084,0.66128,0.00012,295642.31
2022-09-22,0.6612,0.66703,0.65736,0.66436,0.6613,0.66715,0.65745,0.66447,0.00011,361546.81
2022-09-23,0.66432,0.66552,0.65108,0.65358,0.66448,0.66565,0.65122,0.65383,0.00025,325651.06
2022-09-26,0.65302,0.65363,0.64371,0.64708,0.65318,0.65377,0.64384,0.64724,0.00016,442397.59
2022-09-27,0.64709,0.65126,0.64134,0.64339,0.64723,0.65136,0.64145,0.64349,0.0001,372943.19
2022-09-28,0.64335,0.65303,0.63626,0.65023,0.64347,0.65316,0.63639,0.65037,0.00014,466754.41
2022-09-29,0.65024,0.6518,0.6435,0.65078,0.65037,0.65193,0.64362,0.65093,0.00015,407985.5
2022-09-30,0.65077,0.65234,0.63907,0.64023,0.65093,0.65244,0.63923,0.64043,0.0002,400019.69
2022-10-03,0.64192,0.65214,0.64109,0.65025,0.64206,0.65229,0.64123,0.65038,0.00013,319714.69
2022-10-04,0.65026,0.6547,0.64497,0.65127,0.65038,0.65483,0.64518,0.65142,0.00015,314757.62
2022-10-05,0.65127,0.65256,0.6416,0.65117,0.65143,0.65271,0.64174,0.65132,0.00015,336869.34
2022-10-06,0.65116,0.65404,0.63887,0.64137,0.65133,0.65417,0.63901,0.64153,0.00016,411975.12
2022-10-07,0.64136,0.64319,0.63537,0.63604,0.64153,0.64332,0.6355,0.63626,0.00022,298244.59
2022-10-10,0.63601,0.63796,0.62742,0.62953,0.63616,0.63809,0.62755,0.62968,0.00015,343400.78
2022-10-11,0.62953,0.63453,0.62468,0.62641,0.62967,0.63468,0.62481,0.62658,0.00017,379973.38
2022-10-12,0.62641,0.62983,0.6235,0.62751,0.62659,0.62996,0.62365,0.62765,0.00014,379692.84
2022-10-13,0.62747,0.63159,0.61695,0.62943,0.62763,0.63174,0.61708,0.62959,0.00016,382467.69
2022-10-14,0.62943,0.63465,0.61934,0.61989,0.62959,0.63478,0.6195,0.62011,0.00022,396541.44
2022-10-17,0.62212,0.63115,0.62091,0.62967,0.6223,0.63129,0.62105,0.62983,0.00016,275392.59
2022-10-18,0.62966,0.63393,0.62653,0.63142,0.62979,0.63403,0.62667,0.63162,0.0002,326957.25
2022-10-19,0.63141,0.63236,0.62507,0.62627,0.63161,0.63251,0.6252,0.62643,0.00016,257982.38
2022-10-20,0.62627,0.63555,0.62278,0.62736,0.62644,0.63568,0.62294,0.62751,0.00015,323914.72
2022-10-21,0.62738,0.63923,0.62096,0.63853,0.62754,0.63932,0.62109,0.6388,0.00027,383296.03
2022-10-24,0.63679,0.63761,0.62718,0.63269,0.63697,0.63778,0.6273,0.63287,0.00018,416249.78
2022-10-25,0.63271,0.64116,0.6303,0.63834,0.63286,0.6413,0.63045,0.6385,0.00016,401629.22
2022-10-26,0.63836,0.65104,0.63716,0.64951,0.6385,0.65121,0.6373,0.64968,0.00017,418885.66
2022-10-27,0.64951,0.65214,0.6425,0.64497,0.64966,0.6523,0.64265,0.64513,0.00016,446612.94
2022-10-28,0.64498,0.64792,0.63884,0.64116,0.64513,0.64805,0.63899,0.6414,0.00024,375204.19
2022-10-31,0.64,0.64273,0.63675,0.64087,0.64017,0.64289,0.63689,0.64102,0.00015,297021.34
2022-11-01,0.64088,0.64634,0.63764,0.63956,0.64103,0.64647,0.63779,0.63971,0.00015,389458.5
2022-11-02,0.63956,0.64916,0.63309,0.63372,0.63971,0.6493,0.63326,0.63391,0.00019,372290.97
2022-11-03,0.63372,0.63713,0.62716,0.62873,0.63391,0.63729,0.6273,0.6289,0.00017,389281.78
2022-11-04,0.62872,0.64822,0.62842,0.64729,0.6289,0.64841,0.62857,0.64749,0.0002,425713.44
2022-11-07,0.64383,0.64899,0.64059,0.64735,0.64398,0.64915,0.64073,0.64748,0.00013,342902.84
2022-11-08,0.64735,0.65506,0.64436,0.65079,0.64749,0.65523,0.6445,0.65098,0.00019,319243.34
2022-11-09,0.65079,0.65216,0.64137,0.64298,0.65098,0.65229,0.64154,0.64316,0.00018,394513.03
2022-11-10,0.64298,0.6631,0.6386,0.66055,0.64318,0.66328,0.63872,0.66073,0.00018,415163.31
2022-11-11,0.66057,0.67162,0.65772,0.67052,0.66074,0.67178,0.65786,0.67112,0.0006,441698.59
2022-11-14,0.66942,0.67231,0.66628,0.66916,0.66959,0.67247,0.66643,0.66934,0.00018,386288.38
2022-11-15,0.66917,0.67969,0.6685,0.67687,0.66934,0.67985,0.66865,0.67704,0.00017,511410.75
2022-11-16,0.67689,0.67921,0.67192,0.67381,0.67706,0.67935,0.67206,0.67401,0.0002,407772.97
2022-11-17,0.67383,0.67505,0.66334,0.66867,0.674,0.67519,0.6635,0.66884,0.00017,346312.94
2022-11-18,0.66867,0.67298,0.66609,0.66684,0.66884,0.67312,0.66618,0.66759,0.00075,324879.62
2022-11-21,0.66825,0.6683,0.6584,0.66068,0.66837,0.66838,0.65856,0.66084,0.00016,323059.16
2022-11-22,0.66067,0.66509,0.66037,0.66483,0.66085,0.66523,0.66051,0.665,0.00017,275299.09
2022-11-23,0.66484,0.67459,0.66334,0.67455,0.66501,0.67476,0.66349,0.67472,0.00017,316874.47
2022-11-24,0.67454,0.67777,0.67307,0.67646,0.67473,0.67793,0.67322,0.67663,0.00017,194088.86
2022-11-25,0.67647,0.67804,0.67201,0.67466,0.67664,0.67818,0.67214,0.67573,0.00107,206248.88
2022-11-28,0.67106,0.67241,0.66412,0.66509,0.67123,0.67255,0.66429,0.66525,0.00016,302494.91
2022-11-29,0.66509,0.67483,0.66396,0.66826,0.66525,0.67496,0.66412,0.66844,0.00018,301282.06
2022-11-30,0.6683,0.68018,0.66696,0.67986,0.66845,0.68034,0.66712,0.68003,0.00017,357791.19
2022-12-01,0.67987,0.68437,0.67822,0.68098,0.68003,0.68478,0.67836,0.68116,0.00018,390935.53
2022-12-02,0.68097,0.68355,0.67421,0.67914,0.68116,0.68369,0.67434,0.67961,0.00047,348198.78
2022-12-05,0.68118,0.68504,0.66863,0.6706,0.68134,0.68517,0.66881,0.67074,0.00014,310543.12
2022-12-06,0.67062,0.67437,0.66802,0.66975,0.67073,0.67452,0.66818,0.66991,0.00016,296899.12
2022-12-07,0.66975,0.67415,0.66682,0.67247,0.6699,0.67432,0.66697,0.67264,0.00017,342110.19
2022-12-08,0.67246,0.67803,0.66978,0.67745,0.67265,0.67817,0.66993,0.6776,0.00015,275686.0
2022-12-09,0.67743,0.6813,0.67419,0.6793,0.67762,0.68145,0.67445,0.67988,0.00058,296769.25
2022-12-12,0.67782,0.67949,0.67282,0.67513,0.67797,0.67963,0.67294,0.67526,0.00013,236188.3
2022-12-13,0.67512,0.68927,0.67394,0.6841,0.67524,0.6894,0.67406,0.68423,0.00013,281049.84
2022-12-14,0.6841,0.68809,0.68095,0.68567,0.68421,0.68823,0.6811,0.68583,0.00016,279414.91
2022-12-15,0.68566,0.68693,0.66761,0.67049,0.68583,0.68706,0.66775,0.67063,0.00014,257172.61
2022-12-16,0.6705,0.67355,0.66748,0.66851,0.67063,0.67366,0.6676,0.66873,0.00022,210886.16
2022-12-19,0.66868,0.67321,0.66839,0.67049,0.66879,0.67332,0.66853,0.6706,0.00011,182697.06
2022-12-20,0.67048,0.67437,0.66286,0.66873,0.67059,0.67452,0.66297,0.66885,0.00012,304127.44
2022-12-21,0.66873,0.67277,0.6656,0.67122,0.66885,0.6729,0.66572,0.67134,0.00012,203290.44
2022-12-22,0.67122,0.6767,0.66497,0.66756,0.67132,0.67681,0.66506,0.66773,0.00017,186362.38
2022-12-23,0.66756,0.67244,0.66598,0.6713,0.66769,0.67256,0.66611,0.67142,0.00012,193868.81
2022-12-26,0.67056,0.67562,0.66785,0.67434,0.671,0.67574,0.66872,0.67449,0.00015,15872.97
2022-12-27,0.67433,0.67754,0.67229,0.67284,0.67447,0.67766,0.67258,0.67296,0.00012,162429.28
2022-12-28,0.67281,0.68006,0.67185,0.67463,0.67295,0.68017,0.67199,0.67473,0.0001,168379.75
2022-12-29,0.67464,0.67871,0.671,0.67652,0.67476,0.67881,0.67112,0.67666,0.00014,141831.44
2022-12-30,0.67653,0.68203,0.67533,0.68126,0.67665,0.68218,0.67549,0.68165,0.00039,189157.06
2023-01-02,0.68124,0.68181,0.67847,0.68074,0.68232,0.68234,0.67942,0.68086,0.00012,48827.68
2023-01-03,0.68074,0.6834,0.66874,0.6725,0.68086,0.68353,0.66886,0.6726,0.0001,245311.83
2023-01-04,0.67248,0.68858,0.67226,0.68282,0.67263,0.6887,0.6724,0.68295,0.00013,279008.38
2023-01-05,0.68282,0.68445,0.67345,0.6752,0.68295,0.6846,0.67359,0.67536,0.00016,251202.78
2023-01-06,0.6752,0.68863,0.67217,0.68742,0.67535,0.68875,0.67227,0.68789,0.00047,269603.16
2023-01-09,0.68955,0.69494,0.68844,0.69088,0.68969,0.69505,0.68854,0.69099,0.00011,222990.38
2023-01-10,0.6909,0.69272,0.68591,0.68927,0.691,0.69283,0.68605,0.68937,0.0001,219625.98
2023-01-11,0.68929,0.6925,0.68724,0.69087,0.68941,0.69262,0.68736,0.69098,0.00011,168415.02
2023-01-12,0.69085,0.69842,0.68707,0.69665,0.69098,0.69854,0.68776,0.69679,0.00014,257620.64
2023-01-13,0.69664,0.69936,0.69148,0.69676,0.6968,0.6995,0.69161,0.69707,0.00031,210863.89
2023-01-16,0.69714,0.70187,0.69403,0.69654,0.69732,0.702,0.69416,0.6967,0.00016,138325.72
2023-01-17,0.69658,0.69969,0.69292,0.69872,0.69672,0.69988,0.69304,0.69887,0.00015,207941.8
2023-01-18,0.69873,0.70631,0.69351,0.69433,0.69888,0.70645,0.69364,0.69446,0.00013,265873.28
2023-01-19,0.69432,0.69475,0.68713,0.69113,0.69446,0.69486,0.68727,0.69126,0.00013,197766.69
2023-01-20,0.69115,0.69732,0.69057,0.69672,0.69124,0.69745,0.6907,0.69722,0.0005,159151.97
2023-01-23,0.6983,0.70394,0.69615,0.70283,0.69842,0.70406,0.69627,0.70293,0.0001,179995.59
2023-01-24,0.70284,0.70573,0.6993,0.70499,0.70295,0.70585,0.69942,0.70514,0.00015,162510.55
2023-01-25,0.70504,0.71221,0.70377,0.7107,0.70516,0.71234,0.70398,0.71082,0.00012,171769.62
2023-01-26,0.71069,0.71421,0.70788,0.71132,0.71083,0.71433,0.70799,0.71146,0.00014,179755.66
2023-01-27,0.71133,0.71291,0.70817,0.71064,0.71145,0.71302,0.7083,0.711,0.00036,155999.88
2023-01-30,0.71075,0.71198,0.70506,0.70575,0.71085,0.71208,0.70518,0.70585,0.0001,173653.95
2023-01-31,0.70574,0.70641,0.69832,0.70507,0.70584,0.70654,0.69843,0.70519,0.00012,197744.25
2023-02-01,0.70507,0.71573,0.70359,0.71469,0.70519,0.71585,0.7037,0.7148,0.00011,221593.62
2023-02-02,0.71467,0.71564,0.70677,0.70722,0.7148,0.71577,0.70694,0.70734,0.00012,235445.41
2023-02-03,0.70719,0.70723,0.69184,0.69191,0.70734,0.70737,0.69198,0.6925,0.00059,228429.2
2023-02-06,0.69179,0.69481,0.68549,0.68883,0.69193,0.69491,0.68562,0.68895,0.00012,178111.55
2023-02-07,0.68884,0.69879,0.68852,0.6964,0.68896,0.69893,0.68863,0.69654,0.00014,247230.92
2023-02-08,0.6964,0.69959,0.69184,0.69276,0.69653,0.69969,0.69197,0.69292,0.00016,174020.83
2023-02-09,0.69276,0.70108,0.69207,0.6938,0.69292,0.70117,0.69219,0.69391,0.00011,159373.36
2023-02-10,0.6938,0.69597,0.69085,0.69143,0.69393,0.69609,0.69098,0.69209,0.00066,204596.72
2023-02-13,0.69125,0.69731,0.68898,0.69679,0.69135,0.69742,0.68908,0.69691,0.00012,156303.31
2023-02-14,0.6968,0.70294,0.69209,0.69865,0.69692,0.70309,0.69224,0.69876,0.00011,272711.88
2023-02-15,0.69864,0.69867,0.68644,0.69059,0.69877,0.69879,0.68654,0.69076,0.00017,192098.34
2023-02-16,0.69061,0.69357,0.68398,0.68614,0.69074,0.69368,0.68409,0.68626,0.00012,211854.3
2023-02-17,0.68612,0.68839,0.68112,0.68761,0.68625,0.68849,0.68123,0.68824,0.00063,188206.98
2023-02-20,0.68684,0.69203,0.6862,0.69081,0.68697,0.69213,0.68631,0.69094,0.00013,116473.84
2023-02-21,0.69082,0.69194,0.68471,0.68625,0.69094,0.69206,0.68481,0.68637,0.00012,200433.59
2023-02-22,0.68625,0.68645,0.67941,0.68111,0.68636,0.68656,0.67953,0.68121,0.0001,190378.7
2023-02-23,0.68111,0.68412,0.67808,0.68082,0.68123,0.68424,0.67817,0.68093,0.00011,170119.47
2023-02-24,0.68082,0.68236,0.67179,0.67219,0.68093,0.68249,0.67191,0.67294,0.00075,188485.55
2023-02-27,0.67329,0.67442,0.66975,0.67398,0.67341,0.67453,0.66988,0.67413,0.00015,153653.08
2023-02-28,0.67398,0.67571,0.67032,0.67298,0.67409,0.67583,0.67043,0.67308,0.0001,156909.3
2023-03-01,0.67298,0.67832,0.66945,0.67587,0.6731,0.67843,0.66956,0.67601,0.00014,199139.55
2023-03-02,0.67588,0.67656,0.6706,0.67314,0.67601,0.67668,0.67073,0.67325,0.00011,182159.23
2023-03-03,0.67313,0.67743,0.67281,0.67674,0.67325,0.67756,0.67293,0.67735,0.00061,152248.31
2023-03-06,0.67533,0.67692,0.67158,0.67306,0.67551,0.67705,0.67168,0.6732,0.00014,132060.62
2023-03-07,0.67307,0.67476,0.65793,0.65884,0.67318,0.67487,0.65812,0.65898,0.00014,217522.09
2023-03-08,0.65884,0.66287,0.65674,0.65937,0.65898,0.66297,0.65685,0.65946,9e-05,159146.34
2023-03-09,0.65935,0.66358,0.65755,0.65884,0.65948,0.6637,0.65768,0.65898,0.00014,144483.56
2023-03-10,0.65884,0.66399,0.65633,0.65781,0.65897,0.6641,0.6565,0.6584,0.00059,270031.12
2023-03-13,0.66325,0.67163,0.6601,0.66545,0.66339,0.67176,0.66022,0.66559,0.00014,392606.12
2023-03-14,0.66548,0.66954,0.66312,0.66867,0.6656,0.66968,0.66324,0.66881,0.00014,282716.81
2023-03-15,0.66868,0.67111,0.65894,0.66169,0.6688,0.67121,0.65906,0.66186,0.00017,296881.72
2023-03-16,0.66168,0.66677,0.66129,0.66628,0.66185,0.66681,0.66141,0.6664,0.00012,271003.34
2023-03-17,0.66626,0.67242,0.66536,0.66949,0.66641,0.67255,0.66552,0.67027,0.00078,175765.94
2023-03-20,0.67122,0.67296,0.66653,0.67161,0.67136,0.67308,0.66665,0.67173,0.00012,162921.91
2023-03-21,0.67161,0.67258,0.66491,0.66778,0.67175,0.6727,0.66501,0.6679,0.00012,117516.86
2023-03-22,0.66778,0.67585,0.66608,0.66967,0.6679,0.67597,0.66619,0.66978,0.00011,152335.55
2023-03-23,0.66968,0.67551,0.66691,0.66805,0.66978,0.6756,0.66705,0.66817,0.00012,142181.83
2023-03-24,0.66808,0.66939,0.66246,0.66422,0.66822,0.66949,0.66256,0.66473,0.00051,138689.3
2023-03-27,0.66541,0.66653,0.66333,0.66586,0.66553,0.66663,0.66345,0.66596,0.0001,108093.1
2023-03-28,0.66585,0.67098,0.66539,0.67055,0.66596,0.67128,0.66548,0.6707,0.00015,90825.73
2023-03-29,0.6706,0.67127,0.66609,0.66811,0.67071,0.6714,0.66619,0.66821,0.0001,96248.57
2023-03-30,0.66812,0.67182,0.66611,0.67147,0.66822,0.67193,0.66622,0.67159,0.00012,96245.84
2023-03-31,0.67146,0.67375,0.66698,0.66829,0.67157,0.67384,0.66709,0.66881,0.00052,100126.19
2023-04-03,0.66581,0.67928,0.66506,0.67858,0.66593,0.67939,0.66516,0.67869,0.00011,129007.94
2023-04-04,0.67859,0.67928,0.67203,0.67594,0.67869,0.67938,0.67212,0.67605,0.00011,117968.05
2023-04-05,0.67594,0.67795,0.66764,0.67158,0.67604,0.67813,0.66775,0.67169,0.00011,120615.13
2023-04-06,0.67157,0.67194,0.66526,0.66739,0.67167,0.67204,0.66536,0.66749,0.0001,84575.72
2023-04-07,0.66738,0.66907,0.66403,0.66643,0.66749,0.6692,0.66418,0.66802,0.00159,41402.55
2023-04-10,0.66726,0.66797,0.66181,0.66477,0.66736,0.66807,0.66199,0.66488,0.00011,63812.1
2023-04-11,0.66476,0.66794,0.66428,0.66526,0.66486,0.66805,0.66439,0.66537,0.00011,87793.79
2023-04-12,0.66526,0.67228,0.66502,0.6696,0.66537,0.67241,0.66513,0.66971,0.00011,110799.09
2023-04-13,0.6696,0.67963,0.66849,0.67832,0.66972,0.67974,0.66858,0.67846,0.00014,107426.88
2023-04-14,0.67833,0.68057,0.66947,0.6704,0.67845,0.68068,0.66957,0.6712,0.0008,112681.82
2023-04-17,0.67048,0.67188,0.66805,0.66982,0.67061,0.67197,0.66818,0.66991,9e-05,93496.37
2023-04-18,0.66983,0.6747,0.6697,0.67351,0.66992,0.67481,0.66981,0.67362,0.00011,99420.77
2023-04-19,0.67351,0.6741,0.66896,0.67047,0.67363,0.6742,0.66906,0.67059,0.00012,96478.96
2023-04-20,0.67047,0.6771,0.66965,0.67425,0.67058,0.67722,0.66975,0.67435,0.0001,79439.6
2023-04-21,0.67424,0.67427,0.66773,0.66887,0.67434,0.67437,0.66782,0.66953,0.00066,74474.54
2023-04-24,0.66906,0.67046,0.66651,0.6703,0.66915,0.67056,0.66661,0.6704,0.0001,64995.94
2023-04-25,0.67029,0.6705,0.66139,0.66356,0.67039,0.6706,0.66149,0.66366,0.0001,70996.16
2023-04-26,0.66356,0.66388,0.6591,0.66076,0.66367,0.66398,0.6592,0.66085,9e-05,93114.61
2023-04-27,0.66076,0.6635,0.65949,0.66296,0.66086,0.6636,0.65959,0.66309,0.00013,86581.24
2023-04-28,0.66298,0.66418,0.65728,0.66112,0.66308,0.66428,0.65744,0.66183,0.00071,93320.33
2023-05-01,0.66096,0.66677,0.66091,0.66223,0.66108,0.66689,0.66102,0.66233,0.0001,66757.27
2023-05-02,0.66222,0.67167,0.66201,0.66702,0.66231,0.67177,0.66211,0.66712,0.0001,97181.0
2023-05-03,0.66701,0.67028,0.664,0.66412,0.66714,0.67042,0.66414,0.66422,0.0001,105290.07
2023-05-04,0.66415,0.67059,0.664,0.66957,0.66425,0.67068,0.66411,0.66968,0.00011,111404.32
2023-05-05,0.66957,0.67566,0.66875,0.67456,0.66967,0.67577,0.66924,0.67529,0.00073,86721.82
2023-05-08,0.67466,0.68032,0.67396,0.67801,0.67478,0.68041,0.67406,0.67811,0.0001,56212.55
2023-05-09,0.67799,0.67864,0.67461,0.67661,0.67812,0.67874,0.67471,0.67673,0.00012,57208.31
2023-05-10,0.67662,0.68176,0.67438,0.67805,0.67673,0.68188,0.67448,0.67816,0.00011,84301.32
2023-05-11,0.67805,0.67958,0.66884,0.6699,0.67815,0.67968,0.66893,0.67,0.0001,89305.94
2023-05-12,0.66989,0.67059,0.66357,0.66392,0.66999,0.67069,0.66369,0.66453,0.00061,64565.2
2023-05-15,0.66464,0.67084,0.66416,0.67015,0.66473,0.67099,0.66426,0.67025,0.0001,59431.62
2023-05-16,0.67015,0.67092,0.66497,0.66573,0.67026,0.67103,0.66519,0.66583,0.0001,68784.66
2023-05-17,0.66573,0.66728,0.66286,0.66553,0.66584,0.66747,0.66296,0.66563,0.0001,70300.01
2023-05-18,0.66556,0.66672,0.66045,0.66266,0.66566,0.66682,0.66054,0.66278,0.00012,73224.24
2023-05-19,0.66267,0.66748,0.66163,0.66455,0.6628,0.66759,0.66173,0.66528,0.00073,83548.86
2023-05-22,0.66584,0.66672,0.66268,0.66481,0.66594,0.66683,0.66277,0.66491,0.0001,74905.54
2023-05-23,0.66481,0.66616,0.66067,0.66131,0.66491,0.66627,0.66079,0.66143,0.00012,77711.07
2023-05-24,0.66131,0.66148,0.65294,0.65427,0.66141,0.66158,0.65303,0.65438,0.00011,92149.47
2023-05-25,0.65426,0.65439,0.64966,0.64978,0.65437,0.65449,0.64977,0.64988,0.0001,83602.59
2023-05-26,0.64981,0.65438,0.649,0.65142,0.6499,0.65448,0.6491,0.65212,0.0007,74175.38
2023-05-29,0.65242,0.65537,0.65229,0.65275,0.65251,0.65546,0.6524,0.65285,0.0001,32323.33
2023-05-30,0.65274,0.65591,0.65025,0.65171,0.65284,0.656,0.65035,0.65181,0.0001,81942.63
2023-05-31,0.65169,0.65384,0.64579,0.65057,0.65179,0.65406,0.64589,0.65067,0.0001,93076.92
2023-06-01,0.65057,0.65813,0.64839,0.65773,0.65068,0.65823,0.64851,0.65785,0.00012,83348.56
2023-06-02,0.65774,0.6638,0.65735,0.66038,0.65785,0.66393,0.65746,0.66075,0.00037,84511.43
2023-06-05,0.65968,0.6637,0.65788,0.66122,0.6598,0.66383,0.65799,0.66135,0.00013,71220.52
2023-06-06,0.66125,0.66848,0.66092,0.66798,0.66136,0.66862,0.66104,0.66809,0.00011,77376.02
2023-06-07,0.66798,0.67169,0.66411,0.6658,0.66806,0.67179,0.66423,0.6659,0.0001,75320.52
2023-06-08,0.66581,0.67176,0.66545,0.67118,0.66593,0.67199,0.66557,0.67127,9e-05,69078.5
2023-06-09,0.6712,0.67503,0.66923,0.67374,0.67131,0.67513,0.66934,0.67453,0.00079,61571.35
2023-06-12,0.67443,0.67731,0.6731,0.67519,0.67452,0.67741,0.67321,0.67531,0.00012,53736.24
2023-06-13,0.67518,0.68066,0.67376,0.67697,0.67531,0.68076,0.67384,0.67707,0.0001,90510.3
2023-06-14,0.67698,0.68352,0.67553,0.67961,0.67708,0.68363,0.67564,0.67971,0.0001,88658.92
2023-06-15,0.67959,0.68923,0.67649,0.6879,0.67971,0.68934,0.67671,0.68801,0.00011,92333.78
2023-06-16,0.6879,0.68993,0.68545,0.68715,0.688,0.69004,0.68557,0.68793,0.00078,91713.49
2023-06-19,0.68715,0.68775,0.68333,0.68491,0.68726,0.68786,0.68344,0.68501,0.0001,59512.23
2023-06-20,0.6849,0.68535,0.67526,0.67894,0.685,0.68547,0.67536,0.67903,9e-05,91699.3
2023-06-21,0.67893,0.68042,0.67404,0.67983,0.67903,0.68058,0.67416,0.67994,0.00011,101469.14
2023-06-22,0.67983,0.68056,0.67442,0.67588,0.67994,0.68067,0.67452,0.67597,9e-05,89859.75
2023-06-23,0.67587,0.67672,0.66623,0.66743,0.676,0.67683,0.66633,0.66811,0.00068,92377.82
2023-06-26,0.66804,0.66935,0.66541,0.66735,0.66816,0.66945,0.66682,0.66742,7e-05,72841.17
2023-06-27,0.66735,0.67203,0.66695,0.66817,0.66743,0.67214,0.66706,0.66827,0.0001,86724.83
2023-06-28,0.66816,0.66888,0.6596,0.65984,0.66826,0.66898,0.65975,0.65994,0.0001,87701.67
2023-06-29,0.65983,0.66402,0.65948,0.66165,0.65993,0.66411,0.65957,0.66176,0.00011,89157.56
2023-06-30,0.66167,0.66711,0.66029,0.66594,0.66176,0.66721,0.66039,0.66663,0.00069,88269.78
2023-07-03,0.66578,0.66914,0.66366,0.66735,0.6659,0.66925,0.66378,0.66744,9e-05,71917.69
2023-07-04,0.66736,0.6705,0.6641,0.6693,0.66746,0.6706,0.6642,0.66941,0.00011,53030.2
2023-07-05,0.6693,0.66981,0.66514,0.66544,0.66941,0.66991,0.66529,0.66556,0.00012,72918.43
2023-07-06,0.66545,0.66876,0.65988,0.66281,0.66557,0.66885,0.65997,0.66291,0.0001,98085.46
2023-07-07,0.66282,0.67002,0.66191,0.66868,0.66292,0.67012,0.66202,0.66946,0.00078,97327.94
2023-07-10,0.66874,0.66952,0.66231,0.66761,0.66885,0.66966,0.66243,0.66771,0.0001,76870.2
2023-07-11,0.66762,0.66948,0.66503,0.66927,0.66772,0.66959,0.66515,0.66936,9e-05,84643.13
2023-07-12,0.66925,0.67957,0.66822,0.67919,0.66935,0.67967,0.66834,0.67929,0.0001,120308.5
2023-07-13,0.67921,0.68944,0.67848,0.68878,0.6793,0.68952,0.67859,0.68886,8e-05,97779.6
2023-07-14,0.6888,0.68946,0.683,0.68348,0.68888,0.68956,0.68311,0.68415,0.00067,95957.32
2023-07-17,0.68367,0.68378,0.6787,0.68096,0.68377,0.68388,0.67882,0.68106,0.0001,75157.98
2023-07-18,0.68095,0.68368,0.67885,0.68128,0.68106,0.6838,0.67897,0.68138,0.0001,117436.82
2023-07-19,0.68127,0.68191,0.67496,0.67707,0.6814,0.68202,0.67507,0.67717,0.0001,118339.67
2023-07-20,0.67707,0.68464,0.67699,0.67779,0.67715,0.68474,0.67709,0.67789,0.0001,128395.59
2023-07-21,0.67779,0.67874,0.67219,0.6726,0.6779,0.67885,0.6723,0.67329,0.00069,91949.13
2023-07-24,0.67249,0.67557,0.67145,0.67313,0.6726,0.67568,0.67155,0.67323,0.0001,102033.11
2023-07-25,0.67316,0.67945,0.6725,0.67869,0.67325,0.67962,0.6726,0.67879,0.0001,97713.33
2023-07-26,0.6787,0.67908,0.67285,0.67606,0.6788,0.67918,0.67306,0.67616,0.0001,124759.1
2023-07-27,0.67604,0.68207,0.66978,0.67116,0.67615,0.68217,0.66989,0.67126,0.0001,142336.44
2023-07-28,0.67114,0.67121,0.66221,0.66466,0.67125,0.67131,0.66233,0.66524,0.00058,143935.69
2023-07-31,0.66591,0.6739,0.66573,0.67156,0.66602,0.67401,0.66584,0.67167,0.00011,99446.64
2023-08-01,0.67155,0.67231,0.66017,0.6617,0.67167,0.67243,0.66026,0.6618,0.0001,101585.24
2023-08-02,0.66171,0.66295,0.65263,0.6541,0.66182,0.66304,0.65275,0.65419,9e-05,100356.94
2023-08-03,0.65409,0.65682,0.65137,0.656,0.6542,0.65692,0.65148,0.6561,0.0001,111674.01
2023-08-04,0.65599,0.66091,0.65449,0.65663,0.6561,0.66099,0.6546,0.65708,0.00045,124430.95
2023-08-07,0.6573,0.65924,0.65548,0.65718,0.65741,0.65935,0.65558,0.65728,0.0001,79952.32
2023-08-08,0.6572,0.65758,0.64961,0.65326,0.65728,0.65767,0.64972,0.65336,0.0001,100315.0
2023-08-09,0.65327,0.65709,0.65196,0.65347,0.65337,0.65719,0.65205,0.65359,0.00012,95384.91
2023-08-10,0.65347,0.66164,0.65113,0.65113,0.65357,0.66178,0.65123,0.65123,0.0001,124915.48
2023-08-11,0.65114,0.65332,0.64855,0.64919,0.65123,0.65341,0.64865,0.64991,0.00072,102030.93
2023-08-14,0.64943,0.65025,0.64534,0.64875,0.64952,0.65035,0.64543,0.64885,0.0001,112387.62
2023-08-15,0.64875,0.65212,0.64509,0.64569,0.64885,0.65226,0.64519,0.64578,9e-05,137339.91
2023-08-16,0.64571,0.64802,0.64128,0.64131,0.64579,0.6481,0.64136,0.64141,0.0001,120449.81
2023-08-17,0.64131,0.645,0.6364,0.64056,0.64143,0.64511,0.63655,0.64067,0.00011,127256.06
2023-08-18,0.64056,0.64285,0.63786,0.63997,0.64065,0.64294,0.63797,0.64077,0.0008,114666.65
2023-08-21,0.64137,0.6421,0.63867,0.64127,0.64148,0.64219,0.63877,0.64137,0.0001,100876.39
2023-08-22,0.64126,0.64575,0.64029,0.64239,0.64138,0.64584,0.64041,0.64248,9e-05,99285.41
2023-08-23,0.64238,0.64826,0.64105,0.64802,0.64247,0.64866,0.64115,0.6481,8e-05,100608.71
2023-08-24,0.64803,0.64878,0.6411,0.64123,0.64811,0.64889,0.64119,0.64135,0.00012,95052.22
2023-08-25,0.64124,0.64408,0.63795,0.64011,0.64135,0.64422,0.63807,0.64089,0.00078,112256.98
2023-08-28,0.64155,0.64392,0.64013,0.64275,0.64163,0.64408,0.64024,0.64286,0.00011,88501.0
2023-08-29,0.64275,0.64863,0.64008,0.64755,0.64285,0.64886,0.64018,0.64764,9e-05,116199.38
2023-08-30,0.64756,0.65218,0.64489,0.64786,0.64766,0.65228,0.64499,0.64797,0.00011,112107.74
2023-08-31,0.64785,0.65074,0.64606,0.64859,0.64795,0.65085,0.64617,0.6487,0.00011,115709.39
2023-09-01,0.64859,0.65215,0.6438,0.64479,0.64869,0.65226,0.64389,0.64558,0.00079,118951.86
2023-09-04,0.64515,0.64801,0.64496,0.64569,0.64525,0.64811,0.64505,0.6458,0.00011,59108.75
2023-09-05,0.6457,0.64593,0.6357,0.63741,0.64581,0.64604,0.63581,0.6375,9e-05,123501.99
2023-09-06,0.6374,0.64042,0.63567,0.63809,0.63749,0.64052,0.63579,0.63819,0.0001,123882.52
2023-09-07,0.63807,0.63946,0.63617,0.63775,0.6382,0.63955,0.63628,0.63784,9e-05,97372.54
2023-09-08,0.63778,0.64144,0.63668,0.63746,0.63786,0.64153,0.63679,0.63795,0.00049,76660.39
2023-09-11,0.63964,0.6449,0.63877,0.6429,0.63973,0.64501,0.63887,0.643,0.0001,97278.65
2023-09-12,0.6429,0.64395,0.6408,0.64277,0.64299,0.64405,0.6409,0.64286,9e-05,90093.43
2023-09-13,0.64276,0.64336,0.63797,0.64203,0.64285,0.64347,0.63809,0.64216,0.00013,114586.05
2023-09-14,0.64203,0.64591,0.64184,0.643,0.64213,0.64601,0.64196,0.64313,0.00013,131482.06
2023-09-15,0.643,0.64731,0.64242,0.64268,0.64311,0.6474,0.64254,0.64341,0.00073,83089.54
2023-09-18,0.64391,0.64484,0.64162,0.6439,0.64401,0.64495,0.64171,0.64399,9e-05,81221.47
2023-09-19,0.64392,0.64734,0.64274,0.64636,0.64401,0.64742,0.64283,0.64649,0.00013,85953.79
2023-09-20,0.64636,0.65108,0.6435,0.64355,0.64648,0.65119,0.6436,0.64364,9e-05,129559.5
2023-09-21,0.64353,0.64401,0.63851,0.64089,0.64362,0.64409,0.6386,0.64098,9e-05,106985.15
2023-09-22,0.64089,0.64648,0.64033,0.6438,0.64099,0.64661,0.64043,0.64452,0.00072,102625.78
2023-09-25,0.64404,0.64461,0.64037,0.64215,0.64416,0.64472,0.64047,0.64224,9e-05,76866.44
2023-09-26,0.64215,0.64301,0.63869,0.63929,0.64223,0.64311,0.63879,0.63942,0.00013,106776.08
2023-09-27,0.6393,0.64086,0.63309,0.63481,0.6394,0.64096,0.63321,0.63489,8e-05,101870.68
2023-09-28,0.63481,0.64318,0.63468,0.64261,0.63491,0.64329,0.63479,0.6427,9e-05,138462.34
2023-09-29,0.64261,0.65005,0.64207,0.64285,0.64271,0.65015,0.64216,0.64359,0.00074,124512.23
2023-10-02,0.64365,0.64446,0.63569,0.63614,0.64379,0.64457,0.63578,0.63623,9e-05,104396.9
2023-10-03,0.63614,0.63634,0.62851,0.6308,0.63624,0.63644,0.6286,0.63091,0.00011,152322.39
2023-10-04,0.63081,0.6342,0.62859,0.63281,0.63091,0.6343,0.62869,0.63291,0.0001,153209.64
2023-10-05,0.6328,0.63773,0.63238,0.6369,0.63291,0.63782,0.63247,0.637,0.0001,119815.17
2023-10-06,0.63693,0.63998,0.63122,0.63829,0.63702,0.6401,0.63132,0.63897,0.00068,135124.19
2023-10-09,0.63688,0.64228,0.63424,0.64208,0.637,0.6424,0.63433,0.64218,0.0001,92112.7
2023-10-10,0.64207,0.64353,0.63898,0.64316,0.64218,0.64365,0.63907,0.64325,9e-05,124716.65
2023-10-11,0.64315,0.64449,0.63876,0.64173,0.64325,0.6446,0.63886,0.64186,0.00013,111896.69
2023-10-12,0.64173,0.64306,0.63067,0.63155,0.64186,0.64316,0.63078,0.63165,0.0001,108417.33
2023-10-13,0.63157,0.63339,0.62859,0.62941,0.63166,0.63351,0.62867,0.62969,0.00028,109343.35
2023-10-16,0.63111,0.63446,0.63023,0.63371,0.6312,0.63455,0.63034,0.6338,9e-05,86457.09
2023-10-17,0.63372,0.63794,0.6336,0.63624,0.63381,0.63805,0.63371,0.63634,0.0001,117672.89
2023-10-18,0.63625,0.63929,0.63275,0.63326,0.63635,0.63938,0.63285,0.63337,0.00011,107457.59
2023-10-19,0.6333,0.63561,0.62955,0.63239,0.6334,0.63574,0.62965,0.63249,0.0001,187832.12
2023-10-20,0.6324,0.63252,0.6297,0.63092,0.6325,0.63261,0.62979,0.63171,0.00079,94213.08
2023-10-23,0.63197,0.63483,0.62885,0.63359,0.63206,0.63494,0.62895,0.6337,0.00011,96927.5
2023-10-24,0.63361,0.63786,0.63349,0.63596,0.63371,0.63797,0.63359,0.63606,0.0001,113963.64
2023-10-25,0.63597,0.63992,0.62843,0.62933,0.63609,0.64003,0.62854,0.62943,0.0001,118277.11
2023-10-26,0.62934,0.63346,0.62698,0.6333,0.62944,0.63356,0.62707,0.63339,9e-05,155348.3
2023-10-27,0.63328,0.63675,0.63242,0.63329,0.63339,0.63686,0.63252,0.63376,0.00047,98164.74
2023-10-30,0.63381,0.63835,0.63365,0.63675,0.63391,0.63844,0.63375,0.63685,0.0001,94756.73
2023-10-31,0.63673,0.63737,0.6314,0.63364,0.63684,0.63748,0.63151,0.63374,0.0001,121102.11
2023-11-01,0.63363,0.6422,0.63179,0.6422,0.63373,0.6423,0.63189,0.6423,0.0001,145499.03
2023-11-02,0.64221,0.64555,0.64124,0.64275,0.6423,0.64565,0.64134,0.64284,9e-05,106901.31
2023-11-03,0.64276,0.65179,0.64193,0.65105,0.64284,0.65189,0.64205,0.65184,0.00079,128554.45
2023-11-06,0.6515,0.65226,0.64844,0.64884,0.65165,0.65234,0.64857,0.64893,9e-05,87569.1
2023-11-07,0.64884,0.6501,0.64036,0.64298,0.64895,0.65035,0.64045,0.64309,0.00011,106425.04
2023-11-08,0.64298,0.6449,0.63958,0.64067,0.64308,0.64501,0.63978,0.6408,0.00013,96462.09
2023-11-09,0.64071,0.64279,0.6357,0.63611,0.64082,0.6429,0.63577,0.63621,0.0001,122940.82
2023-11-10,0.6361,0.63665,0.63381,0.63579,0.63619,0.63674,0.63393,0.63636,0.00057,111946.17
2023-11-13,0.63637,0.63909,0.63518,0.6379,0.63648,0.63919,0.63529,0.63799,9e-05,74286.62
2023-11-14,0.63793,0.65119,0.636,0.64978,0.63802,0.65129,0.6361,0.64989,0.00011,124526.37
2023-11-15,0.64978,0.65418,0.6483,0.6511,0.64987,0.65432,0.64838,0.65124,0.00014,115549.86
2023-11-16,0.65111,0.65165,0.64602,0.64686,0.65122,0.65179,0.64613,0.64697,0.00011,118069.25
2023-11-17,0.64688,0.65153,0.64521,0.65128,0.64698,0.65188,0.6453,0.65188,0.0006,102941.7
2023-11-20,0.651,0.65645,0.65003,0.65597,0.65112,0.65654,0.65014,0.65606,9e-05,102413.85
2023-11-21,0.65595,0.65892,0.6544,0.65571,0.65605,0.65903,0.6545,0.65581,0.0001,130631.97
2023-11-22,0.65571,0.65692,0.65209,0.6542,0.65582,0.65702,0.65219,0.65432,0.00012,118075.16
2023-11-23,0.6542,0.65743,0.65417,0.65594,0.65432,0.65753,0.65426,0.65605,0.00011,62016.25
2023-11-24,0.65593,0.65906,0.65493,0.6581,0.65606,0.65916,0.65504,0.65882,0.00072,72041.33
2023-11-27,0.65805,0.66137,0.65663,0.66132,0.65813,0.66147,0.65672,0.66141,9e-05,92094.96
2023-11-28,0.66132,0.66654,0.65958,0.66555,0.66142,0.66664,0.65969,0.66565,0.0001,120856.79
2023-11-29,0.66555,0.66761,0.66053,0.66168,0.66566,0.66772,0.66063,0.66178,0.0001,130019.15
2023-11-30,0.66169,0.66499,0.65704,0.66062,0.66179,0.66508,0.65716,0.66071,9e-05,174271.64
2023-12-01,0.66064,0.66752,0.65989,0.66712,0.66073,0.66776,0.66,0.66776,0.00064,123996.06
2023-12-04,0.66818,0.66879,0.66044,0.66166,0.66834,0.6689,0.66053,0.66176,0.0001,125033.26
2023-12-05,0.66166,0.66214,0.65436,0.65542,0.66175,0.66224,0.65447,0.65553,0.00011,136323.52
2023-12-06,0.65544,0.6597,0.65464,0.65507,0.65555,0.6598,0.65481,0.65519,0.00012,131521.73
2023-12-07,0.65508,0.66198,0.6525,0.65935,0.65517,0.6621,0.6526,0.65945,0.0001,148653.5
2023-12-08,0.65936,0.66191,0.65574,0.65746,0.65946,0.66202,0.65585,0.65825,0.00079,183857.78
2023-12-11,0.6579,0.65823,0.65495,0.6564,0.65802,0.65833,0.65505,0.65651,0.00011,108550.33
2023-12-12,0.65641,0.66119,0.65392,0.6564,0.65653,0.66131,0.65403,0.65653,0.00013,127270.1
2023-12-13,0.65641,0.66728,0.65409,0.66648,0.65653,0.66739,0.6542,0.66662,0.00014,156473.84
2023-12-14,0.66648,0.67281,0.66615,0.67011,0.6666,0.67291,0.66626,0.67022,0.00011,178727.14
2023-12-15,0.67012,0.6728,0.66626,0.67001,0.67024,0.6729,0.66636,0.67056,0.00055,129761.97
2023-12-18,0.66983,0.67349,0.66899,0.67034,0.66993,0.67361,0.66908,0.67044,0.0001,122941.63
2023-12-19,0.67036,0.6774,0.67024,0.6758,0.67045,0.67752,0.67036,0.67589,9e-05,116799.73
2023-12-20,0.67581,0.67787,0.67231,0.67396,0.67591,0.67797,0.67247,0.67406,0.0001,127092.14
2023-12-21,0.67395,0.68032,0.67355,0.67958,0.67409,0.68048,0.67366,0.67969,0.00011,167905.08
2023-12-22,0.67957,0.68245,0.67727,0.67957,0.67968,0.68256,0.67739,0.68046,0.00089,188534.27
2023-12-25,0.67866,0.68088,0.67684,0.68031,0.68087,0.68144,0.67789,0.68044,0.00013,3825.35
2023-12-26,0.68031,0.68287,0.67969,0.68236,0.68043,0.68302,0.67983,0.68247,0.00011,98632.64
2023-12-27,0.68237,0.68538,0.68174,0.68522,0.68247,0.6855,0.68186,0.68531,9e-05,87688.27
2023-12-28,0.68524,0.68706,0.68222,0.68251,0.68533,0.68716,0.68235,0.68264,0.00013,137708.58
2023-12-29,0.6825,0.6846,0.67806,0.68078,0.68263,0.68471,0.67819,0.68157,0.00079,135233.8
2024-01-01,0.68043,0.68154,0.68043,0.68089,0.68184,0.68264,0.68069,0.68102,0.00013,3310.1
2024-01-02,0.68091,0.68386,0.67564,0.67659,0.68101,0.68397,0.67577,0.67669,0.0001,120889.65
2024-01-03,0.67661,0.67704,0.67015,0.67342,0.6767,0.67713,0.67025,0.67351,9e-05,161168.48
2024-01-04,0.67342,0.67594,0.66961,0.67056,0.67352,0.67606,0.6697,0.67067,0.00011,135657.28
2024-01-05,0.67055,0.67475,0.664,0.67129,0.67066,0.67488,0.66412,0.67161,0.00032,158987.05
2024-01-08,0.67153,0.67342,0.66771,0.67161,0.67162,0.67352,0.66782,0.67172,0.00011,117631.52
2024-01-09,0.67156,0.67342,0.66766,0.6684,0.67168,0.6735,0.66777,0.66851,0.00011,116529.7
2024-01-10,0.6684,0.67125,0.66824,0.67016,0.6685,0.67134,0.66836,0.67026,0.0001,91150.27
2024-01-11,0.67017,0.67258,0.66466,0.66987,0.67028,0.67281,0.66476,0.66998,0.00011,154388.38
2024-01-12,0.66989,0.67283,0.66774,0.66856,0.67,0.67293,0.66785,0.66869,0.00013,120863.0
2024-01-15,0.66886,0.6704,0.66491,0.66499,0.66899,0.67051,0.665,0.6651,0.00011,72310.75
2024-01-16,0.665,0.66502,0.65757,0.65884,0.66511,0.66513,0.65766,0.65896,0.00012,145433.5
2024-01-17,0.65884,0.65942,0.65245,0.65514,0.65895,0.65955,0.65255,0.65526,0.00012,127093.08
2024-01-18,0.65514,0.65821,0.65246,0.65811,0.65527,0.65832,0.65272,0.65825,0.00014,128618.52
2024-01-19,0.65813,0.66012,0.65647,0.65935,0.65824,0.66023,0.65657,0.66004,0.00069,96246.33
2024-01-22,0.65947,0.66132,0.65646,0.657,0.65958,0.66143,0.65659,0.65709,9e-05,119637.87
2024-01-23,0.657,0.6612,0.65512,0.65857,0.65709,0.6613,0.65522,0.65868,0.00011,115786.31
2024-01-24,0.65856,0.66206,0.65654,0.65752,0.65869,0.66215,0.65665,0.65761,9e-05,170201.8
2024-01-25,0.65751,0.66092,0.65656,0.65816,0.65761,0.66104,0.65667,0.65825,9e-05,157208.33
2024-01-26,0.65814,0.66092,0.65718,0.65718,0.65826,0.66104,0.65741,0.65757,0.00039,116161.19
2024-01-29,0.65764,0.66156,0.65728,0.6613,0.65777,0.66167,0.65739,0.66142,0.00012,96737.6
2024-01-30,0.6613,0.66242,0.65746,0.65945,0.66143,0.6625,0.65757,0.65956,0.00011,115461.97
2024-01-31,0.65945,0.66222,0.6551,0.65624,0.65957,0.66232,0.65522,0.65634,0.0001,209455.52
2024-02-01,0.65623,0.65784,0.65076,0.65738,0.65633,0.65796,0.65088,0.65748,0.0001,179062.05
2024-02-02,0.65737,0.66099,0.65018,0.65099,0.65745,0.66109,0.65029,0.65156,0.00057,162795.69
2024-02-05,0.65042,0.65198,0.64682,0.64796,0.65054,0.65209,0.64691,0.64807,0.00011,133921.34
2024-02-06,0.64798,0.65285,0.64792,0.65275,0.64808,0.65295,0.64802,0.65284,9e-05,107067.73
2024-02-07,0.65274,0.65398,0.65147,0.65197,0.65286,0.65408,0.65161,0.6521,0.00013,128323.18
2024-02-08,0.65196,0.65316,0.648,0.64983,0.6521,0.65326,0.64809,0.64995,0.00012,100278.28
2024-02-09,0.64984,0.65338,0.64868,0.65213,0.64995,0.65348,0.64879,0.65263,0.0005,112342.5
2024-02-12,0.6524,0.65426,0.65118,0.65284,0.6525,0.65435,0.65128,0.65293,9e-05,61441.62
2024-02-13,0.65285,0.65405,0.64422,0.64528,0.65294,0.65422,0.64432,0.64537,9e-05,111134.46
2024-02-14,0.64525,0.64988,0.64459,0.64983,0.64535,0.65,0.64469,0.64994,0.00011,113179.69
2024-02-15,0.64983,0.6529,0.64771,0.65248,0.64995,0.65301,0.64781,0.65259,0.00011,108723.05
2024-02-16,0.65248,0.65442,0.6496,0.65279,0.6526,0.65452,0.64971,0.65339,0.0006,117105.63
2024-02-19,0.65365,0.65515,0.65283,0.65303,0.65374,0.65524,0.65293,0.65312,9e-05,62976.6
2024-02-20,0.65303,0.65786,0.6521,0.65527,0.65311,0.65796,0.65219,0.65538,0.00011,88517.27
2024-02-21,0.65527,0.65729,0.65328,0.65534,0.65539,0.65738,0.65338,0.65544,0.0001,141219.22
2024-02-22,0.65536,0.65946,0.654,0.65581,0.65546,0.65955,0.65409,0.65594,0.00013,100971.28
2024-02-23,0.65582,0.65801,0.65493,0.65619,0.65592,0.65809,0.65503,0.65656,0.00037,68895.69
2024-02-26,0.65628,0.6565,0.65304,0.65388,0.65639,0.65658,0.65316,0.65396,8e-05,57774.41
2024-02-27,0.65387,0.65574,0.65245,0.65432,0.65395,0.65584,0.65255,0.65443,0.00011,65974.34
2024-02-28,0.65432,0.65492,0.64883,0.6494,0.65444,0.65501,0.6489,0.6495,0.0001,76728.23
2024-02-29,0.64942,0.65306,0.64866,0.64997,0.64952,0.65316,0.64873,0.6501,0.00013,108028.1
2024-03-01,0.64998,0.65336,0.6489,0.65251,0.6501,0.65345,0.64899,0.65266,0.00015,107964.83
2024-03-04,0.65269,0.6535,0.65036,0.65065,0.65283,0.65359,0.65046,0.65074,9e-05,67591.21
2024-03-05,0.65064,0.65205,0.6477,0.65031,0.65074,0.65216,0.6478,0.65041,0.0001,87591.52
2024-03-06,0.65028,0.65812,0.64922,0.6566,0.6504,0.6582,0.64931,0.6567,0.0001,91597.36
2024-03-07,0.65659,0.66241,0.65636,0.66206,0.65669,0.66251,0.65644,0.66218,0.00012,83023.93
2024-03-08,0.66207,0.66671,0.66127,0.66218,0.66218,0.66682,0.66136,0.66289,0.00071,112636.74
2024-03-11,0.66241,0.66264,0.65963,0.6614,0.66253,0.66273,0.65971,0.66148,8e-05,112041.03
2024-03-12,0.6614,0.66383,0.65839,0.6607,0.66149,0.66394,0.6585,0.66079,9e-05,131534.73
2024-03-13,0.66069,0.66347,0.65998,0.66271,0.66081,0.66357,0.66009,0.6628,9e-05,88937.98
2024-03-14,0.66269,0.66314,0.65699,0.6578,0.66279,0.66325,0.657,0.65792,0.00012,117430.34
2024-03-15,0.65782,0.65792,0.65517,0.65569,0.65791,0.65801,0.65525,0.65626,0.00057,106768.99
2024-03-18,0.6557,0.65736,0.65503,0.65564,0.6558,0.65745,0.65513,0.65576,0.00012,66858.78
2024-03-19,0.65568,0.65635,0.65036,0.65248,0.65578,0.65645,0.65045,0.65258,0.0001,109491.15
2024-03-20,0.65248,0.65987,0.65111,0.65985,0.65259,0.65998,0.65122,0.65996,0.00011,124256.5
2024-03-21,0.65983,0.66342,0.65606,0.6571,0.65995,0.66351,0.65617,0.65719,9e-05,150113.8
2024-03-22,0.65709,0.65763,0.65098,0.65128,0.65718,0.65773,0.65107,0.65163,0.00035,116749.03
2024-03-25,0.6515,0.65465,0.65097,0.65374,0.6516,0.65474,0.65107,0.65386,0.00012,87006.68
2024-03-26,0.65376,0.65587,0.65299,0.65379,0.65385,0.65597,0.65308,0.65388,9e-05,80661.53
2024-03-27,0.65379,0.65379,0.65108,0.6523,0.65389,0.65389,0.65119,0.6524,0.0001,100754.53
2024-03-28,0.65229,0.65406,0.64849,0.65144,0.65243,0.65417,0.64858,0.65174,0.0003,100024.45
2024-03-29,0.65139,0.65324,0.65036,0.65076,0.65182,0.65344,0.65059,0.65262,0.00186,21316.79
2024-04-01,0.65332,0.65384,0.64802,0.64873,0.65342,0.65394,0.64813,0.64883,0.0001,66913.98
2024-04-02,0.64872,0.65234,0.64846,0.65127,0.64882,0.65244,0.64856,0.65137,0.0001,98565.24
2024-04-03,0.65126,0.65704,0.65029,0.65678,0.65137,0.65714,0.65038,0.65687,9e-05,117250.97
2024-04-04,0.65678,0.66185,0.65651,0.65872,0.65688,0.66194,0.65661,0.65882,0.0001,95139.92
2024-04-05,0.65872,0.6592,0.65488,0.65773,0.65884,0.65935,0.65497,0.658,0.00027,124894.23
2024-04-08,0.65693,0.66095,0.65589,0.66046,0.65704,0.66105,0.65599,0.66056,0.0001,112500.14
2024-04-09,0.66045,0.6644,0.65982,0.66278,0.66056,0.66449,0.65991,0.66286,8e-05,103033.97
2024-04-10,0.66278,0.66309,0.64982,0.65069,0.66287,0.66319,0.64992,0.65078,9e-05,186460.8
2024-04-11,0.65068,0.65525,0.65015,0.654,0.65078,0.65536,0.65024,0.65409,9e-05,111668.82
2024-04-12,0.65402,0.65428,0.64555,0.64602,0.6541,0.65439,0.64565,0.64677,0.00075,113822.81
2024-04-15,0.64742,0.64928,0.64373,0.64413,0.64751,0.64938,0.64383,0.64421,8e-05,120663.01
2024-04-16,0.64411,0.64431,0.63886,0.6412,0.64422,0.64439,0.63899,0.64128,8e-05,147629.52
2024-04-17,0.64119,0.64457,0.64024,0.64382,0.64127,0.64468,0.64032,0.6439,8e-05,111832.32
2024-04-18,0.64382,0.64562,0.6416,0.6423,0.64392,0.64569,0.6417,0.64241,0.00011,114881.93
2024-04-19,0.64229,0.64326,0.63618,0.64158,0.64241,0.64334,0.63626,0.64213,0.00055,151195.94
2024-04-22,0.64249,0.64551,0.6423,0.64514,0.64258,0.64559,0.64239,0.64522,8e-05,81013.19
2024-04-23,0.64513,0.64898,0.64406,0.64877,0.64522,0.64941,0.64416,0.64886,9e-05,92696.52
2024-04-24,0.64877,0.65293,0.64828,0.64972,0.64887,0.65301,0.64837,0.64983,0.00011,92251.48
2024-04-25,0.64974,0.65385,0.64848,0.65214,0.64983,0.65405,0.6486,0.65223,9e-05,89148.61
2024-04-26,0.65215,0.65537,0.65168,0.65319,0.65223,0.65553,0.65177,0.65346,0.00027,90475.36
2024-04-29,0.65415,0.65863,0.6536,0.656,0.65424,0.65871,0.65369,0.65608,8e-05,102779.36
2024-04-30,0.65599,0.65644,0.64673,0.64743,0.65608,0.65653,0.64708,0.64753,0.0001,99380.26
2024-05-01,0.64747,0.65398,0.64648,0.65295,0.64753,0.65406,0.64659,0.65303,8e-05,116331.71
2024-05-02,0.65293,0.6574,0.65152,0.65695,0.65301,0.65748,0.6516,0.65706,0.00011,129324.95
2024-05-03,0.65693,0.66485,0.65641,0.66081,0.65705,0.6651,0.65651,0.66114,0.00033,127224.88
2024-05-06,0.66081,0.66381,0.66048,0.66228,0.66091,0.66388,0.66057,0.66239,0.00011,61004.37
2024-05-07,0.6623,0.66432,0.65861,0.65881,0.66238,0.66444,0.65872,0.6589,9e-05,91259.93
2024-05-08,0.65879,0.65937,0.65575,0.65772,0.65888,0.65946,0.65583,0.65781,9e-05,69667.34
2024-05-09,0.65771,0.66225,0.65649,0.66164,0.6578,0.66237,0.65659,0.66174,0.0001,78105.01
2024-05-10,0.66166,0.66219,0.65956,0.66008,0.66175,0.66235,0.65965,0.66037,0.00029,75402.55
2024-05-13,0.65993,0.66283,0.65853,0.66106,0.66003,0.66293,0.65862,0.66117,0.00011,56009.33
2024-05-14,0.66105,0.66273,0.65786,0.66233,0.66114,0.66289,0.658,0.66243,0.0001,81853.62
2024-05-15,0.66235,0.67013,0.66211,0.66995,0.66243,0.67022,0.66226,0.67003,8e-05,98160.68
2024-05-16,0.66996,0.67137,0.66537,0.66817,0.67004,0.67147,0.66547,0.66825,8e-05,80743.52
2024-05-17,0.66817,0.67006,0.66484,0.66922,0.66827,0.67017,0.66493,0.66943,0.00021,65858.21
2024-05-20,0.66991,0.67089,0.66615,0.66712,0.66999,0.67097,0.66624,0.6672,8e-05,72562.1
2024-05-21,0.66714,0.66787,0.66461,0.66657,0.66723,0.66795,0.6647,0.66665,8e-05,63643.53
2024-05-22,0.66659,0.66848,0.66074,0.66179,0.66667,0.6686,0.66083,0.66191,0.00012,76449.38
2024-05-23,0.66181,0.66527,0.65972,0.66002,0.66191,0.66535,0.65981,0.6601,8e-05,103381.41
2024-05-24,0.66,0.66361,0.65917,0.66272,0.6601,0.6637,0.65926,0.66289,0.00017,71775.3
2024-05-27,0.66223,0.66595,0.66222,0.66554,0.66232,0.66604,0.66231,0.66564,0.0001,51377.04
2024-05-28,0.66554,0.66794,0.66412,0.66473,0.66562,0.66804,0.66431,0.66482,9e-05,81136.72
2024-05-29,0.66474,0.66653,0.66056,0.66131,0.66482,0.66672,0.66066,0.66141,0.0001,101712.71
2024-05-30,0.66132,0.66472,0.65904,0.66292,0.66141,0.66481,0.65913,0.663,8e-05,113235.72
2024-05-31,0.66293,0.66724,0.66263,0.66513,0.663,0.66731,0.66272,0.66546,0.00033,117474.35
2024-06-03,0.66552,0.66947,0.66321,0.66892,0.66559,0.66958,0.66331,0.669,8e-05,122406.28
2024-06-04,0.66894,0.66984,0.66305,0.66451,0.66901,0.66992,0.66314,0.6646,9e-05,126327.53
2024-06-05,0.66453,0.6664,0.66256,0.6655,0.6646,0.66652,0.66267,0.66559,9e-05,98861.82
2024-06-06,0.6655,0.6683,0.6633,0.66692,0.66559,0.66841,0.66334,0.66701,9e-05,80072.64
2024-06-07,0.66692,0.66808,0.65785,0.65788,0.66699,0.66817,0.65795,0.65845,0.00057,100323.44
2024-06-10,0.65816,0.66118,0.65756,0.6607,0.65824,0.66137,0.65766,0.66079,9e-05,66839.14
2024-06-11,0.66071,0.66132,0.65882,0.66072,0.66079,0.66141,0.65891,0.6608,8e-05,78709.51
2024-06-12,0.66073,0.6704,0.65968,0.66628,0.66082,0.67048,0.65977,0.66637,9e-05,128200.08
2024-06-13,0.66631,0.66749,0.66251,0.66306,0.66639,0.66759,0.66266,0.66314,8e-05,86301.41
2024-06-14,0.66307,0.66412,0.6591,0.66135,0.66315,0.66421,0.65919,0.66172,0.00037,97362.58
2024-06-17,0.6612,0.66189,0.65849,0.66173,0.6613,0.66197,0.65856,0.66182,9e-05,65593.04
2024-06-18,0.66172,0.66617,0.65995,0.66608,0.6618,0.66626,0.66005,0.66615,7e-05,85156.82
2024-06-19,0.66606,0.6677,0.66591,0.66734,0.66616,0.6678,0.66599,0.66744,0.0001,37549.88
2024-06-20,0.66734,0.66789,0.66471,0.66602,0.66743,0.66797,0.66481,0.6661,8e-05,73084.43
2024-06-21,0.66601,0.66693,0.66312,0.66398,0.66609,0.66703,0.66321,0.66431,0.00033,79057.74
2024-06-24,0.66343,0.66673,0.66257,0.66535,0.66352,0.66681,0.66266,0.66544,9e-05,66869.87
2024-06-25,0.66537,0.66723,0.66347,0.6644,0.66545,0.66733,0.66356,0.66448,8e-05,62927.16
2024-06-26,0.66439,0.66882,0.66356,0.66449,0.66447,0.66892,0.66364,0.6646,0.00011,77742.68
2024-06-27,0.66449,0.66721,0.66396,0.66495,0.66459,0.66731,0.66404,0.66503,8e-05,74946.45
2024-06-28,0.66497,0.66841,0.66195,0.66676,0.66505,0.6685,0.66203,0.66714,0.00038,94547.89
2024-07-01,0.66735,0.6688,0.66435,0.66538,0.66744,0.66897,0.66445,0.66549,0.00011,98901.77
2024-07-02,0.66537,0.66703,0.66336,0.66681,0.66549,0.66714,0.66346,0.66692,0.00011,80522.78
2024-07-03,0.66683,0.67331,0.66647,0.67115,0.66691,0.67342,0.66657,0.67123,8e-05,75347.6
2024-07-04,0.67114,0.67313,0.67098,0.67243,0.67126,0.67324,0.67106,0.67252,9e-05,33258.31
2024-07-05,0.67242,0.67524,0.67093,0.67471,0.67253,0.67534,0.67115,0.6752,0.00049,98783.77
2024-07-08,0.67456,0.67607,0.67315,0.67423,0.67467,0.67615,0.67323,0.67432,9e-05,65470.4
2024-07-09,0.67426,0.67473,0.67235,0.67412,0.67434,0.67483,0.67244,0.6742,8e-05,65550.31
2024-07-10,0.67413,0.67518,0.67314,0.67511,0.67421,0.67528,0.67325,0.67521,0.0001,67671.2
2024-07-11,0.67513,0.67983,0.67468,0.67694,0.67523,0.67992,0.67478,0.67703,9e-05,130070.62
2024-07-12,0.67692,0.67933,0.67536,0.67823,0.677,0.67942,0.67544,0.67857,0.00034,92341.53
2024-07-15,0.67702,0.67883,0.67521,0.6762,0.67713,0.67891,0.6753,0.67629,9e-05,73842.73
2024-07-16,0.6762,0.67625,0.67143,0.67314,0.67628,0.67635,0.67152,0.67322,8e-05,86261.26
2024-07-17,0.67312,0.67544,0.67205,0.67301,0.67321,0.67552,0.67214,0.6731,9e-05,131430.09
2024-07-18,0.67302,0.67431,0.66972,0.67033,0.6731,0.67442,0.6698,0.67045,0.00012,89282.39
2024-07-19,0.67033,0.6707,0.66797,0.66834,0.67044,0.67081,0.66808,0.6687,0.00036,78380.72
2024-07-22,0.66952,0.66954,0.6631,0.66381,0.66965,0.66965,0.66318,0.66392,0.00011,81638.59
2024-07-23,0.66382,0.66455,0.66105,0.66115,0.66392,0.66465,0.66115,0.66123,8e-05,66941.71
2024-07-24,0.66116,0.66128,0.65721,0.65732,0.66126,0.66136,0.6573,0.65741,9e-05,88046.02
2024-07-25,0.65729,0.65737,0.65125,0.65396,0.65737,0.65746,0.65152,0.65405,9e-05,122620.84
2024-07-26,0.65395,0.65681,0.65394,0.65462,0.65405,0.65689,0.65403,0.65487,0.00025,86229.79
2024-07-29,0.65524,0.6568,0.65237,0.65506,0.65532,0.65688,0.65246,0.65517,0.00011,69001.33
2024-07-30,0.65507,0.6562,0.65286,0.65399,0.65517,0.65628,0.65296,0.65407,8e-05,74660.6
2024-07-31,0.65397,0.65555,0.64792,0.6548,0.65406,0.65563,0.64799,0.65488,8e-05,127261.6
2024-08-01,0.6548,0.65595,0.64884,0.64931,0.65487,0.65607,0.64893,0.6494,9e-05,115014.89
2024-08-02,0.64931,0.65472,0.64863,0.65093,0.64939,0.65481,0.64871,0.65107,0.00014,128824.05
2024-08-05,0.64973,0.65221,0.63481,0.65148,0.64982,0.65229,0.63492,0.65157,9e-05,293237.25
2024-08-06,0.65151,0.65412,0.64719,0.65139,0.65158,0.65422,0.64728,0.65151,0.00012,195293.41
2024-08-07,0.65139,0.65742,0.65069,0.65179,0.65149,0.65751,0.65077,0.65189,0.0001,150114.34
2024-08-08,0.6518,0.65942,0.65096,0.65905,0.65189,0.65964,0.65105,0.65913,8e-05,122521.02
2024-08-09,0.65902,0.66049,0.65662,0.65712,0.65911,0.66058,0.65671,0.65739,0.00027,85788.52
2024-08-12,0.65682,0.66046,0.65674,0.65846,0.65691,0.66055,0.65683,0.65855,9e-05,61928.16
2024-08-13,0.65847,0.66388,0.65786,0.66371,0.65855,0.66399,0.65795,0.6638,9e-05,79432.64
2024-08-14,0.66374,0.66425,0.65897,0.65971,0.66382,0.66438,0.65924,0.65981,0.0001,97619.33
2024-08-15,0.65972,0.66341,0.65626,0.66117,0.65981,0.66351,0.65664,0.66125,8e-05,75463.84
2024-08-16,0.66117,0.6671,0.66097,0.66672,0.66126,0.66718,0.66106,0.66707,0.00035,57831.36
2024-08-19,0.66723,0.67379,0.66715,0.67334,0.66732,0.67386,0.66725,0.67342,8e-05,67172.76
2024-08-20,0.67335,0.67488,0.67127,0.67458,0.67344,0.67497,0.67137,0.67467,9e-05,62116.32
2024-08-21,0.67459,0.67607,0.67304,0.67489,0.67468,0.67615,0.67314,0.675,0.00011,66500.56
2024-08-22,0.6749,0.67523,0.66967,0.67064,0.67499,0.67533,0.66976,0.67073,9e-05,68881.93
2024-08-23,0.67065,0.6798,0.67044,0.67957,0.67075,0.67991,0.67055,0.67979,0.00022,73787.56
2024-08-26,0.6787,0.67961,0.67662,0.67724,0.67879,0.67969,0.6767,0.67734,0.0001,65856.56
2024-08-27,0.67726,0.67951,0.67612,0.67868,0.67735,0.6796,0.67621,0.67877,9e-05,70544.72
2024-08-28,0.67868,0.68125,0.67639,0.67826,0.67879,0.68136,0.67649,0.67833,7e-05,77913.22
2024-08-29,0.67828,0.68235,0.67826,0.67953,0.67836,0.68254,0.67834,0.67961,8e-05,85601.7
2024-08-30,0.67954,0.68162,0.6751,0.67638,0.67961,0.68169,0.6752,0.6766,0.00022,73759.16
2024-09-02,0.67675,0.67944,0.67564,0.67867,0.67686,0.67954,0.67575,0.67876,9e-05,40016.49
2024-09-03,0.67868,0.67919,0.67064,0.67128,0.67877,0.67928,0.67079,0.67136,8e-05,97352.27
2024-09-04,0.67128,0.6749,0.66852,0.67155,0.67139,0.67499,0.6686,0.67163,8e-05,85141.33
2024-09-05,0.67154,0.67412,0.67132,0.67403,0.67161,0.67439,0.6714,0.67411,8e-05,76907.55
2024-09-06,0.67401,0.67669,0.66594,0.66689,0.6741,0.67679,0.66604,0.66707,0.00018,121637.61
2024-09-09,0.66692,0.66885,0.66475,0.6657,0.66703,0.66894,0.66483,0.66581,0.00011,61766.28
2024-09-10,0.66571,0.66762,0.66407,0.66525,0.6658,0.66772,0.66415,0.66536,0.00011,69966.22
2024-09-11,0.66527,0.66789,0.66217,0.66739,0.66535,0.66798,0.66228,0.6675,0.00011,96969.8
2024-09-12,0.66739,0.6728,0.66561,0.67256,0.66748,0.67289,0.6657,0.67264,8e-05,79236.94
2024-09-13,0.67255,0.67322,0.66919,0.67022,0.67263,0.67332,0.66928,0.67042,0.0002,74213.49
2024-09-16,0.67132,0.67533,0.67054,0.67512,0.67141,0.67547,0.67064,0.67523,0.00011,56480.27
2024-09-17,0.67513,0.67684,0.67411,0.676,0.67525,0.67693,0.67419,0.67609,9e-05,63319.65
2024-09-18,0.676,0.68198,0.6742,0.67654,0.67611,0.68209,0.67429,0.67665,0.00011,110572.25
2024-09-19,0.67658,0.68389,0.67373,0.68088,0.67666,0.68396,0.67382,0.68096,8e-05,103907.2
2024-09-20,0.68089,0.68284,0.67826,0.68057,0.68098,0.68292,0.67834,0.68079,0.00022,77444.5
2024-09-23,0.68096,0.68532,0.67999,0.68328,0.68104,0.68541,0.68007,0.68336,8e-05,67079.86
2024-09-24,0.68329,0.69067,0.68135,0.69054,0.68337,0.69077,0.68147,0.69063,9e-05,82052.99
2024-09-25,0.69053,0.69077,0.68176,0.68186,0.69062,0.69087,0.68186,0.68195,9e-05,75137.33
2024-09-26,0.68187,0.69044,0.68187,0.68921,0.68198,0.69053,0.68198,0.6893,9e-05,88131.28
2024-09-27,0.68921,0.69368,0.68675,0.69009,0.68931,0.69378,0.68687,0.69038,0.00029,83740.59
2024-09-30,0.69185,0.69418,0.68982,0.69148,0.69193,0.69432,0.68993,0.69157,9e-05,84465.61
2024-10-01,0.69147,0.69341,0.68561,0.6879,0.69156,0.69351,0.6857,0.68798,8e-05,104627.32
2024-10-02,0.68791,0.69153,0.6875,0.68837,0.68799,0.69161,0.68759,0.68847,0.0001,83846.68
2024-10-03,0.68837,0.68858,0.68296,0.68498,0.68846,0.68867,0.68305,0.68506,8e-05,92061.81
2024-10-04,0.68498,0.68517,0.67851,0.67922,0.68507,0.68527,0.67861,0.6796,0.00038,80967.66
2024-10-07,0.67972,0.68099,0.67429,0.67551,0.67982,0.6811,0.67438,0.67559,8e-05,86688.27
2024-10-08,0.6755,0.67691,0.67146,0.67389,0.67559,0.677,0.67157,0.67397,8e-05,109623.12
2024-10-09,0.67388,0.67616,0.67074,0.6716,0.67397,0.67624,0.67083,0.67171,0.00011,102068.54
2024-10-10,0.6715,0.67434,0.66993,0.67403,0.67171,0.67463,0.67027,0.67411,8e-05,98803.08
2024-10-11,0.67405,0.67588,0.67244,0.67485,0.67413,0.67597,0.67254,0.67522,0.00037,54686.1
2024-10-14,0.67301,0.67446,0.67018,0.67245,0.67309,0.67454,0.67026,0.67253,8e-05,67271.02
2024-10-15,0.67248,0.67324,0.6673,0.6677,0.67256,0.67332,0.66738,0.66779,9e-05,75745.17
2024-10-16,0.6677,0.67005,0.6657,0.66641,0.66778,0.67015,0.66588,0.6665,9e-05,67665.1
2024-10-17,0.6664,0.67099,0.66632,0.66989,0.66648,0.67109,0.6664,0.66998,9e-05,85647.79
2024-10-18,0.6699,0.6719,0.66937,0.6705,0.66998,0.67198,0.66947,0.67075,0.00025,60256.46
2024-10-21,0.67136,0.6723,0.66516,0.66537,0.67143,0.67239,0.66527,0.66545,8e-05,58163.67
2024-10-22,0.66535,0.66947,0.66504,0.66812,0.66544,0.66957,0.66513,0.66822,0.0001,64186.04
2024-10-23,0.66812,0.6691,0.66135,0.66341,0.6682,0.66921,0.66145,0.66349,8e-05,92112.66
2024-10-24,0.66342,0.66611,0.66206,0.66341,0.66349,0.66619,0.66215,0.66353,0.00012,76375.95
2024-10-25,0.66342,0.66463,0.66007,0.6601,0.66353,0.66472,0.66016,0.66071,0.00061,66110.2
2024-10-28,0.66024,0.66099,0.65778,0.65827,0.66033,0.66108,0.65788,0.65839,0.00012,57265.42
2024-10-29,0.65828,0.65844,0.65447,0.65579,0.65837,0.65854,0.65454,0.65587,8e-05,75587.71
2024-10-30,0.65577,0.65958,0.65364,0.65722,0.65589,0.65966,0.65375,0.6573,8e-05,86672.77
2024-10-31,0.65722,0.65839,0.65393,0.65763,0.65733,0.65853,0.654,0.65771,8e-05,86020.07
2024-11-01,0.65761,0.65909,0.65535,0.6558,0.65769,0.65919,0.65543,0.65612,0.00032,79263.37
2024-11-04,0.65904,0.66186,0.65771,0.65833,0.65914,0.66195,0.658,0.65846,0.00013,111329.79
2024-11-05,0.65834,0.66445,0.65784,0.66399,0.65846,0.66456,0.65794,0.66412,0.00013,106635.65
2024-11-06,0.664,0.66414,0.65119,0.65664,0.66412,0.66425,0.6513,0.65674,0.0001,303095.38
2024-11-07,0.65663,0.66874,0.65636,0.66745,0.65674,0.66883,0.65648,0.66755,0.0001,210859.86
2024-11-08,0.66744,0.66752,0.65578,0.65811,0.66757,0.66761,0.65588,0.65859,0.00048,172886.08
2024-11-11,0.65835,0.65979,0.65621,0.65784,0.65844,0.6599,0.65632,0.65794,0.0001,147709.34
2024-11-12,0.65782,0.65815,0.65136,0.65291,0.65793,0.65825,0.65147,0.65301,0.0001,166839.44
2024-11-13,0.6529,0.65455,0.64799,0.64931,0.653,0.65469,0.64809,0.64944,0.00013,186980.73
2024-11-14,0.64933,0.64954,0.64401,0.64548,0.64944,0.64963,0.64411,0.64559,0.00011,210636.27
2024-11-15,0.64549,0.64809,0.64424,0.64572,0.6456,0.64823,0.64433,0.64643,0.00071,193793.16
2024-11-18,0.64645,0.65108,0.64475,0.65052,0.64654,0.65118,0.64485,0.65063,0.00011,146648.16
2024-11-19,0.65053,0.6541,0.64818,0.65409,0.65063,0.65418,0.64829,0.65418,9e-05,186102.45
2024-11-20,0.6541,0.65439,0.6484,0.65112,0.65418,0.6545,0.6485,0.65122,0.0001,144170.16
2024-11-21,0.65113,0.65319,0.64967,0.6509,0.65123,0.6533,0.64977,0.65099,9e-05,169279.33
2024-11-22,0.6509,0.65211,0.64707,0.64968,0.651,0.65221,0.64717,0.65048,0.0008,197635.0
2024-11-25,0.65388,0.65494,0.64546,0.64629,0.65399,0.65503,0.64559,0.64641,0.00012,162182.5
2024-11-26,0.64629,0.65072,0.64334,0.64738,0.6464,0.65081,0.64346,0.64749,0.00011,180394.86
2024-11-27,0.6474,0.65029,0.64587,0.64962,0.64748,0.65045,0.64617,0.64975,0.00013,154228.34
2024-11-28,0.64962,0.65089,0.64768,0.65066,0.64975,0.651,0.64778,0.65075,9e-05,87334.91
2024-11-29,0.65066,0.65276,0.64954,0.65068,0.65076,0.65286,0.64963,0.65186,0.00118,170069.61
2024-12-02,0.65011,0.65104,0.64425,0.64743,0.65024,0.65114,0.64436,0.64753,0.0001,161322.62
2024-12-03,0.64741,0.65042,0.64548,0.64848,0.64751,0.65052,0.64559,0.64856,8e-05,146432.62
2024-12-04,0.64846,0.64879,0.63988,0.64311,0.64855,0.64889,0.63997,0.64321,0.0001,184020.7
2024-12-05,0.64313,0.64552,0.6421,0.64503,0.64322,0.64583,0.6422,0.64513,0.0001,126664.19
2024-12-06,0.64504,0.64508,0.63723,0.63868,0.64514,0.64519,0.63733,0.63948,0.0008,137862.23
2024-12-09,0.6399,0.6471,0.63798,0.64369,0.64,0.6472,0.63804,0.64381,0.00012,126598.21
2024-12-10,0.64372,0.64376,0.63648,0.63751,0.64381,0.64385,0.63659,0.63761,0.0001,141197.8
2024-12-11,0.6375,0.63888,0.63363,0.6383,0.63758,0.63897,0.63371,0.63842,0.00012,151542.91
2024-12-12,0.6382,0.6429,0.6359,0.63706,0.63832,0.643,0.63616,0.63718,0.00012,151981.05
2024-12-13,0.63707,0.63833,0.63513,0.6357,0.63719,0.63842,0.63524,0.63621,0.00051,123982.89
2024-12-16,0.63664,0.63823,0.63448,0.6376,0.63675,0.63832,0.63459,0.63771,0.00011,100190.09
2024-12-17,0.63761,0.63775,0.63311,0.63388,0.63771,0.63785,0.63321,0.63398,0.0001,94985.56
2024-12-18,0.63388,0.63388,0.61995,0.62045,0.63397,0.63397,0.62005,0.62056,0.00011,152070.11
2024-12-19,0.62043,0.62648,0.61985,0.62304,0.62056,0.62658,0.61997,0.62317,0.00013,160765.31
2024-12-20,0.62305,0.62739,0.62145,0.62476,0.62317,0.6275,0.62155,0.62544,0.00068,171791.31
2024-12-23,0.62541,0.62646,0.62185,0.62428,0.62553,0.62656,0.62197,0.62438,0.0001,110892.16
2024-12-24,0.62427,0.62481,0.62191,0.62257,0.62439,0.62516,0.62251,0.62496,0.00239,75665.02
2024-12-25,0.62258,0.62462,0.62214,0.62428,0.6252,0.62628,0.62333,0.62441,0.00013,3083.1
2024-12-26,0.62428,0.62537,0.62135,0.62225,0.62439,0.62549,0.6216,0.62239,0.00014,101316.19
2024-12-27,0.62225,0.62256,0.61999,0.62146,0.62238,0.62267,0.62012,0.62226,0.0008,96487.55
2024-12-30,0.62245,0.62464,0.62015,0.62176,0.62254,0.62474,0.62024,0.62187,0.00011,105155.66
2024-12-31,0.62178,0.62311,0.61785,0.61867,0.62189,0.62322,0.61798,0.61906,0.00039,111770.82
2025-01-01,0.61804,0.61939,0.61796,0.6193,0.61909,0.61952,0.6184,0.61943,0.00013,4018.77
2025-01-02,0.6193,0.62223,0.61878,0.62006,0.61943,0.62233,0.61889,0.62017,0.00011,143902.06
2025-01-03,0.62007,0.62248,0.61975,0.62148,0.62017,0.62258,0.61985,0.62208,0.0006,98192.39
2025-01-06,0.62205,0.63018,0.62183,0.62376,0.62214,0.63029,0.62195,0.62388,0.00012,152853.09
2025-01-07,0.62379,0.62878,0.62268,0.62336,0.6239,0.62886,0.62285,0.62346,0.0001,151620.34
2025-01-08,0.62336,0.62416,0.61871,0.62105,0.62348,0.62428,0.6188,0.62114,9e-05,152933.31
2025-01-09,0.62105,0.62125,0.61715,0.61893,0.62117,0.62136,0.61727,0.61903,0.0001,85850.15
2025-01-10,0.61893,0.62055,0.61389,0.61426,0.61905,0.62066,0.614,0.61494,0.00068,145297.88
2025-01-13,0.61531,0.62025,0.61306,0.61904,0.61542,0.62036,0.61316,0.61916,0.00012,115802.71
2025-01-14,0.61906,0.62069,0.61656,0.61905,0.61914,0.62079,0.61666,0.61915,0.0001,123466.43
2025-01-15,0.61903,0.62461,0.61808,0.62349,0.61912,0.62471,0.61816,0.6236,0.00011,113588.25
2025-01-16,0.62349,0.62456,0.61916,0.62093,0.62361,0.62478,0.61927,0.62103,0.0001,134996.88
2025-01-17,0.62093,0.62268,0.61637,0.61896,0.62102,0.62279,0.61648,0.61958,0.00062,105449.1
2025-01-20,0.6197,0.62862,0.61964,0.62798,0.61978,0.62872,0.61973,0.6281,0.00012,122419.81
2025-01-21,0.62799,0.62885,0.62077,0.62614,0.6281,0.62896,0.62088,0.62624,0.0001,168007.77
2025-01-22,0.62614,0.62951,0.62524,0.62724,0.62626,0.62961,0.62536,0.62734,0.0001,111531.99
2025-01-23,0.62723,0.62993,0.62546,0.62823,0.62734,0.63002,0.62558,0.62833,0.0001,112240.01
2025-01-24,0.62823,0.63303,0.62781,0.63097,0.62834,0.63313,0.6279,0.63151,0.00054,136790.3
2025-01-27,0.62932,0.63074,0.62563,0.62591,0.62942,0.63084,0.62573,0.62601,0.0001,164227.11
2025-01-28,0.62591,0.62737,0.62363,0.62509,0.626,0.62746,0.62374,0.62521,0.00012,102276.52
2025-01-29,0.6251,0.62553,0.62097,0.62388,0.62519,0.62564,0.62107,0.62399,0.00011,136633.39
2025-01-30,0.62388,0.62429,0.61984,0.62137,0.62399,0.6244,0.61996,0.62145,8e-05,110718.14
2025-01-31,0.62135,0.62621,0.62034,0.62058,0.62145,0.62633,0.62045,0.62149,0.00091,146565.16
2025-02-03,0.61411,0.62367,0.60873,0.6217,0.61425,0.62385,0.60883,0.62181,0.00011,214552.55
2025-02-04,0.62169,0.62615,0.61702,0.62488,0.62179,0.62626,0.61712,0.62502,0.00014,112373.76
2025-02-05,0.62491,0.62964,0.62397,0.62833,0.62505,0.62975,0.62407,0.62844,0.00011,95221.84
2025-02-06,0.62833,0.62876,0.62547,0.62808,0.62845,0.62888,0.62557,0.62818,0.0001,77255.82
2025-02-07,0.62807,0.63004,0.62525,0.62696,0.62817,0.6302,0.62536,0.62762,0.00066,118448.08
2025-02-10,0.62573,0.62869,0.6252,0.62695,0.62584,0.62887,0.62529,0.62704,9e-05,76578.05
2025-02-11,0.62697,0.63015,0.62599,0.62961,0.62707,0.63025,0.62611,0.62973,0.00012,76027.47
2025-02-12,0.62963,0.63089,0.62347,0.62812,0.62973,0.63101,0.62357,0.62823,0.00011,102376.22
2025-02-13,0.62815,0.63224,0.62544,0.6316,0.62825,0.63234,0.62553,0.6317,0.0001,113766.24
2025-02-14,0.63159,0.63672,0.631,0.63475,0.63171,0.63682,0.6311,0.63548,0.00073,88463.09
2025-02-17,0.63559,0.63734,0.63484,0.63549,0.63569,0.63745,0.63516,0.63556,7e-05,54736.3
2025-02-18,0.63548,0.63673,0.63338,0.63518,0.63556,0.63684,0.63353,0.63528,0.0001,67209.01
2025-02-19,0.63517,0.63696,0.63362,0.63401,0.63528,0.63706,0.63373,0.63413,0.00012,69083.19
2025-02-20,0.63403,0.6408,0.63273,0.6402,0.63413,0.64093,0.63284,0.64031,0.00011,92373.06
2025-02-21,0.6402,0.64075,0.63513,0.63534,0.6403,0.64084,0.63524,0.63614,0.0008,90388.15
2025-02-24,0.63685,0.63916,0.6336,0.63382,0.63697,0.63927,0.63371,0.63392,0.0001,100271.41
2025-02-25,0.63381,0.6356,0.63216,0.63509,0.63392,0.63571,0.63226,0.63519,0.0001,104993.03
2025-02-26,0.63508,0.63522,0.62953,0.63086,0.63518,0.63541,0.62965,0.63098,0.00012,110866.66
2025-02-27,0.63089,0.63096,0.623,0.62309,0.63097,0.63107,0.62309,0.62321,0.00012,115745.5
2025-02-28,0.62311,0.62374,0.61922,0.62025,0.62322,0.62384,0.61931,0.62099,0.00074,115037.7
2025-03-03,0.62194,0.62541,0.62034,0.62152,0.62207,0.6255,0.62044,0.62164,0.00012,121553.4
2025-03-04,0.62153,0.62792,0.61867,0.62675,0.62161,0.62802,0.61877,0.62685,0.0001,195706.94
2025-03-05,0.62674,0.63418,0.62335,0.63361,0.62684,0.63429,0.62345,0.63374,0.00013,177821.59
2025-03-06,0.63362,0.63634,0.63199,0.63312,0.63373,0.63645,0.6323,0.63321,9e-05,165042.16
2025-03-07,0.63312,0.63369,0.62815,0.63031,0.6332,0.63378,0.62827,0.63076,0.00045,134766.77
2025-03-10,0.63027,0.63305,0.62639,0.62797,0.63037,0.63318,0.62651,0.62806,9e-05,129664.35
2025-03-11,0.62799,0.63113,0.62584,0.62948,0.62806,0.63124,0.62596,0.62959,0.00011,146494.73
2025-03-12,0.62949,0.63282,0.62761,0.6328,0.62961,0.63293,0.62769,0.63292,0.00012,112649.57
2025-03-13,0.63279,0.63334,0.62687,0.62857,0.63293,0.63344,0.62698,0.62866,9e-05,98212.6
2025-03-14,0.62856,0.63309,0.62773,0.63207,0.62868,0.63321,0.62785,0.6326,0.00053,90513.4
2025-03-17,0.63249,0.63905,0.63207,0.63803,0.63258,0.63916,0.63218,0.63812,9e-05,82715.76
2025-03-18,0.63802,0.63905,0.63435,0.6361,0.63812,0.63915,0.63445,0.63619,9e-05,93497.17
2025-03-19,0.63611,0.63661,0.6319,0.63628,0.63619,0.63672,0.63219,0.63638,0.0001,95056.03
2025-03-20,0.63627,0.63631,0.62707,0.63017,0.63638,0.63642,0.62716,0.63029,0.00012,85716.9
2025-03-21,0.63017,0.63057,0.62575,0.62676,0.63027,0.63067,0.62584,0.62754,0.00078,70203.0
2025-03-24,0.62885,0.63048,0.62672,0.62862,0.62894,0.63058,0.62682,0.62872,0.0001,80633.43
2025-03-25,0.62861,0.6325,0.62781,0.63064,0.62871,0.63261,0.62789,0.63074,0.0001,73770.52
2025-03-26,0.63062,0.63301,0.6278,0.62858,0.63075,0.6331,0.62788,0.62869,0.00011,90730.83
2025-03-27,0.62858,0.63178,0.62853,0.63005,0.62868,0.6319,0.62862,0.63015,0.0001,84527.27
2025-03-28,0.63005,0.63117,0.62804,0.62829,0.63014,0.63127,0.62814,0.62899,0.0007,74769.05
2025-03-31,0.62819,0.62999,0.62183,0.62395,0.62832,0.6301,0.62194,0.62404,9e-05,101060.31
2025-04-01,0.62391,0.62902,0.62314,0.62875,0.62403,0.62913,0.62324,0.62887,0.00012,102402.43
2025-04-02,0.62876,0.63403,0.62255,0.62633,0.62887,0.63417,0.62268,0.62645,0.00012,118169.34
2025-04-03,0.62632,0.63887,0.62554,0.63253,0.62643,0.63896,0.62565,0.63264,0.00011,192765.34
2025-04-04,0.63252,0.63314,0.59862,0.60372,0.63264,0.63325,0.59872,0.60444,0.00072,321263.47
2025-04-07,0.59862,0.61267,0.59439,0.59963,0.59875,0.61293,0.59451,0.59974,0.00011,434645.53
2025-04-08,0.59966,0.60848,0.59394,0.59525,0.59976,0.6086,0.59404,0.59535,0.0001,286938.22
2025-04-09,0.59525,0.61751,0.59132,0.61327,0.59536,0.61767,0.59147,0.61338,0.00011,368439.41
2025-04-10,0.61323,0.6249,0.61152,0.62225,0.61334,0.625,0.61162,0.62237,0.00012,331880.34
2025-04-11,0.62225,0.63003,0.61807,0.62865,0.62235,0.63015,0.61816,0.62942,0.00077,346599.62
2025-04-14,0.63003,0.63423,0.62747,0.63184,0.63014,0.63433,0.62759,0.63194,0.0001,183091.59
2025-04-15,0.63183,0.63826,0.63183,0.63372,0.63194,0.63837,0.63194,0.63385,0.00013,133023.66
2025-04-16,0.6337,0.63911,0.63304,0.63685,0.6338,0.63922,0.63314,0.63695,0.0001,144281.52
2025-04-17,0.63686,0.63934,0.63327,0.63885,0.63695,0.6395,0.63338,0.63903,0.00018,112191.16
2025-04-18,0.63885,0.63928,0.63665,0.63731,0.63909,0.63953,0.63679,0.63793,0.00062,525310.12
2025-04-21,0.63891,0.64373,0.63829,0.6421,0.63902,0.64386,0.63839,0.64221,0.00011,89240.55
2025-04-22,0.64211,0.64389,0.63486,0.63754,0.64221,0.64398,0.63498,0.63765,0.00011,137451.98
2025-04-23,0.63754,0.64351,0.63517,0.63634,0.63764,0.64366,0.63525,0.63644,0.0001,141171.5
2025-04-24,0.63634,0.64139,0.63432,0.63997,0.63644,0.64169,0.63444,0.64007,0.0001,105081.24
2025-04-25,0.63996,0.64206,0.6374,0.63957,0.64007,0.64217,0.63752,0.64022,0.00065,90413.41
2025-04-28,0.6382,0.64347,0.63674,0.64275,0.63829,0.64356,0.63684,0.64286,0.00011,91161.97
2025-04-29,0.64274,0.64493,0.63744,0.63868,0.64286,0.64505,0.63766,0.6388,0.00012,89288.55
2025-04-30,0.63867,0.64173,0.63554,0.641,0.63879,0.64183,0.63566,0.6411,0.0001,102499.35
2025-05-01,0.64101,0.64268,0.63645,0.63848,0.64113,0.64279,0.63662,0.6386,0.00012,87772.77
2025-05-02,0.63849,0.64695,0.63815,0.64414,0.6386,0.64704,0.63825,0.64467,0.00053,108932.04
2025-05-05,0.64435,0.64934,0.64338,0.64603,0.64445,0.64944,0.64349,0.64613,0.0001,84343.36
2025-05-06,0.64604,0.65141,0.64374,0.65028,0.64615,0.65156,0.64384,0.65039,0.00011,99623.55
2025-05-07,0.65027,0.65114,0.64205,0.64303,0.65039,0.65126,0.64219,0.64312,9e-05,108146.14
2025-05-08,0.64305,0.6464,0.63913,0.63931,0.64315,0.64651,0.63922,0.63941,0.0001,105573.14
2025-05-09,0.63929,0.6432,0.63703,0.6409,0.6394,0.6433,0.63715,0.6413,0.0004,71891.68
2025-05-12,0.64188,0.64603,0.63535,0.6372,0.642,0.64618,0.63572,0.63733,0.00013,125556.61
2025-05-13,0.63721,0.64782,0.63608,0.64716,0.63733,0.64793,0.63618,0.64729,0.00013,103591.14
2025-05-14,0.64717,0.65007,0.64196,0.64267,0.64729,0.65017,0.6422,0.64277,0.0001,107557.9
2025-05-15,0.6427,0.64571,0.639,0.64036,0.64278,0.64589,0.63912,0.64046,0.0001,88264.16
2025-05-16,0.64037,0.64356,0.63874,0.64003,0.64048,0.64367,0.63882,0.64079,0.00076,72414.73
2025-05-19,0.64088,0.64645,0.63978,0.64537,0.64097,0.64654,0.63987,0.64547,0.0001,75390.19
2025-05-20,0.64539,0.64546,0.63912,0.64251,0.64548,0.64555,0.63923,0.64259,8e-05,91335.92
2025-05-21,0.64249,0.64688,0.64224,0.6432,0.6426,0.647,0.64235,0.64331,0.00011,108716.54
2025-05-22,0.64325,0.64582,0.64067,0.64083,0.64334,0.64593,0.64077,0.64095,0.00012,89242.38
2025-05-23,0.64085,0.64991,0.64079,0.64925,0.64094,0.65,0.64089,0.64996,0.00071,93222.54
2025-05-26,0.65013,0.6537,0.64794,0.64796,0.65026,0.65382,0.64805,0.64806,0.0001,54892.19
2025-05-27,0.64795,0.64954,0.64343,0.64471,0.64805,0.64963,0.64354,0.64483,0.00012,82582.56
2025-05-28,0.64473,0.64529,0.64095,0.64219,0.64482,0.64546,0.64103,0.6423,0.00011,94848.92
2025-05-29,0.64218,0.64597,0.64067,0.64434,0.6423,0.64607,0.64078,0.64445,0.00011,106886.88
2025-05-30,0.64434,0.6452,0.64071,0.64283,0.64445,0.6453,0.64081,0.64363,0.0008,95077.92
2025-06-02,0.64425,0.64999,0.6442,0.64982,0.64437,0.6501,0.64431,0.64991,9e-05,81785.44
2025-06-03,0.64981,0.64987,0.64439,0.64638,0.64993,0.64998,0.64476,0.64649,0.00011,77192.5
2025-06-04,0.64637,0.65044,0.64501,0.64891,0.64649,0.65053,0.64512,0.64899,8e-05,73451.53
2025-06-05,0.64891,0.65375,0.64855,0.65097,0.64901,0.65385,0.64865,0.65106,9e-05,95788.19
2025-06-06,0.65096,0.65166,0.64791,0.64877,0.65106,0.65178,0.648,0.6493,0.00053,86730.1
2025-06-09,0.64984,0.65334,0.64934,0.65161,0.64994,0.65344,0.64945,0.6517,9e-05,54580.27
2025-06-10,0.65163,0.65328,0.64895,0.65284,0.65172,0.65335,0.64903,0.65294,0.0001,77653.87
2025-06-11,0.65286,0.65455,0.64956,0.65083,0.65294,0.65464,0.64964,0.65093,0.0001,75504.29
2025-06-12,0.65084,0.65332,0.64768,0.65267,0.65093,0.65364,0.64777,0.65274,7e-05,89547.59
2025-06-13,0.65266,0.65268,0.64559,0.64821,0.65276,0.65278,0.64568,0.64927,0.00106,128923.3
2025-06-16,0.64916,0.65516,0.64661,0.65119,0.64926,0.65526,0.6467,0.6513,0.00011,84576.83
2025-06-17,0.6512,0.65435,0.64656,0.64801,0.6513,0.65443,0.64666,0.64811,0.0001,95510.97
2025-06-18,0.648,0.65371,0.64765,0.65058,0.64812,0.65386,0.64777,0.65069,0.00011,104663.02
2025-06-19,0.65058,0.6509,0.64452,0.64851,0.65067,0.65101,0.64463,0.6486,9e-05,79995.94
2025-06-20,0.6485,0.64951,0.64445,0.64445,0.6486,0.64961,0.64484,0.64523,0.00078,74129.62
2025-06-23,0.64454,0.64865,0.6372,0.64764,0.64464,0.64874,0.63731,0.64777,0.00013,114398.87
2025-06-24,0.64766,0.65191,0.64706,0.64949,0.64779,0.65198,0.64718,0.64958,9e-05,109603.49
2025-06-25,0.6495,0.65227,0.64839,0.65205,0.64959,0.65238,0.64849,0.65217,0.00012,75718.59
2025-06-26,0.6521,0.65635,0.65098,0.65463,0.65217,0.65646,0.65106,0.65474,0.00011,98573.77
2025-06-27,0.65466,0.65607,0.65077,0.65271,0.65474,0.65618,0.65088,0.65347,0.00076,92525.76
2025-06-30,0.65314,0.65835,0.65224,0.65758,0.65326,0.65846,0.65235,0.65767,9e-05,94915.93
2025-07-01,0.65761,0.65899,0.65534,0.65792,0.65771,0.65907,0.65545,0.658,8e-05,82945.36
2025-07-02,0.65792,0.65883,0.65429,0.65815,0.65802,0.65892,0.65439,0.65829,0.00014,82779.75
2025-07-03,0.65815,0.65861,0.65366,0.6576,0.65828,0.6587,0.65377,0.65769,9e-05,88750.59
2025-07-04,0.65758,0.65784,0.65453,0.65454,0.65768,0.65796,0.65466,0.65611,0.00157,101455.18
2025-07-07,0.65497,0.65525,0.64849,0.6506,0.65508,0.65536,0.6486,0.6507,0.0001,95294.19
2025-07-08,0.65059,0.65576,0.65058,0.65237,0.6507,0.65594,0.6507,0.65246,9e-05,108393.42
2025-07-09,0.65238,0.65476,0.65092,0.65355,0.65247,0.65486,0.65103,0.65365,0.0001,82971.86
2025-07-10,0.65354,0.65947,0.65333,0.65929,0.65364,0.65958,0.65342,0.6594,0.00011,70803.71
2025-07-11,0.6593,0.65942,0.65558,0.65736,0.65939,0.65952,0.6557,0.65809,0.00073,91120.65
2025-07-14,0.65746,0.65871,0.65391,0.65434,0.65759,0.6588,0.654,0.65443,9e-05,71636.27
2025-07-15,0.65433,0.65753,0.65074,0.65181,0.65442,0.65763,0.65083,0.6519,9e-05,120520.61
2025-07-16,0.65182,0.65539,0.64948,0.65222,0.65191,0.65551,0.64958,0.65234,0.00012,106124.11
2025-07-17,0.65221,0.65232,0.64539,0.64973,0.6523,0.65242,0.6455,0.64982,9e-05,100278.59
2025-07-18,0.64974,0.65404,0.64963,0.65049,0.64981,0.65413,0.64971,0.65124,0.00075,64173.78
2025-07-21,0.65119,0.6537,0.64975,0.65268,0.65127,0.65389,0.64985,0.65279,0.00011,50779.53
2025-07-22,0.6527,0.65592,0.65034,0.65525,0.65278,0.656,0.65045,0.65535,0.0001,63553.14
2025-07-23,0.65525,0.66043,0.65497,0.66012,0.65536,0.66054,0.65507,0.6602,8e-05,72543.76
2025-07-24,0.66011,0.66247,0.65857,0.65942,0.66021,0.66254,0.65867,0.6595,8e-05,71049.74
2025-07-25,0.65942,0.65982,0.65504,0.65643,0.65951,0.65994,0.65513,0.65678,0.00035,68105.1
2025-07-28,0.65706,0.65854,0.65125,0.65214,0.65716,0.65865,0.65135,0.65225,0.00011,85000.58
2025-07-29,0.65213,0.65296,0.64956,0.65128,0.65224,0.65307,0.64966,0.65137,9e-05,71475.45
2025-07-30,0.65128,0.65285,0.64255,0.64448,0.6514,0.65296,0.64266,0.64461,0.00013,124729.86
2025-07-31,0.6445,0.64759,0.6421,0.64273,0.6446,0.64767,0.64223,0.64281,8e-05,102123.97
2025-08-01,0.64271,0.64929,0.64185,0.64684,0.64281,0.64939,0.64195,0.64757,0.00073,137070.28
2025-08-04,0.64684,0.64893,0.64586,0.64735,0.64692,0.649,0.64599,0.64746,0.00011,71117.0
2025-08-05,0.64737,0.64791,0.64493,0.64715,0.64745,0.64799,0.64501,0.64723,8e-05,76596.94
2025-08-06,0.64715,0.65084,0.64707,0.64992,0.64722,0.65109,0.64716,0.65002,0.0001,59181.45
2025-08-07,0.64993,0.65409,0.64891,0.65246,0.65002,0.65418,0.649,0.65258,0.00012,83288.78
2025-08-08,0.65249,0.65345,0.6511,0.65202,0.65256,0.65354,0.65118,0.65279,0.00077,56530.57
2025-08-11,0.65161,0.65281,0.65008,0.65129,0.65171,0.65294,0.65016,0.65139,0.0001,84514.04
2025-08-12,0.65129,0.654,0.64814,0.65292,0.65137,0.6541,0.64823,0.65301,9e-05,118583.95
2025-08-13,0.65291,0.65623,0.65159,0.65504,0.65303,0.65633,0.65168,0.65512,8e-05,62616.84
2025-08-14,0.65504,0.65684,0.64823,0.64969,0.65513,0.65693,0.64831,0.6498,0.00011,122870.0
2025-08-15,0.64969,0.65224,0.64874,0.65035,0.64979,0.65233,0.64885,0.65115,0.0008,59423.13
2025-08-18,0.65117,0.65239,0.6481,0.64941,0.6513,0.65248,0.64821,0.64949,8e-05,63882.05
2025-08-19,0.64941,0.64967,0.64492,0.64531,0.64951,0.64976,0.64502,0.64541,0.0001,83871.05
2025-08-20,0.64531,0.64548,0.64231,0.64348,0.6454,0.64557,0.64241,0.64358,0.0001,70494.2
2025-08-21,0.64347,0.64364,0.64068,0.64251,0.64358,0.64375,0.64152,0.6426,9e-05,60295.13
2025-08-22,0.6425,0.65006,0.64147,0.64875,0.64257,0.65015,0.64155,0.64951,0.00076,83214.92
2025-08-25,0.64843,0.65046,0.64711,0.6481,0.64853,0.65056,0.64722,0.64822,0.00012,61545.65
2025-08-26,0.64811,0.65003,0.64694,0.6495,0.64823,0.65011,0.64706,0.64958,8e-05,71440.65
2025-08-27,0.64948,0.65125,0.6462,0.65122,0.64959,0.65135,0.64629,0.65134,0.00012,70562.65
2025-08-28,0.6512,0.65372,0.65053,0.65301,0.65134,0.65382,0.65061,0.65314,0.00013,71675.5
2025-08-29,0.65303,0.65482,0.65224,0.65364,0.65314,0.65492,0.65233,0.65448,0.00084,67362.5
2025-09-01,0.65426,0.65597,0.65345,0.65565,0.65437,0.65604,0.65355,0.65573,8e-05,44170.95
2025-09-02,0.65567,0.65581,0.64826,0.65183,0.65574,0.65589,0.64836,0.65192,9e-05,102612.82
2025-09-03,0.65182,0.65541,0.65017,0.65444,0.65192,0.65549,0.65028,0.65454,0.0001,75882.8
2025-09-04,0.65445,0.65493,0.64979,0.65218,0.65455,0.65504,0.65019,0.65227,9e-05,78385.66
2025-09-05,0.65219,0.65884,0.65194,0.65521,0.65227,0.65892,0.65204,0.65597,0.00076,109311.96
2025-09-08,0.65545,0.65983,0.65476,0.65974,0.65553,0.65994,0.65488,0.65984,0.0001,68249.24
2025-09-09,0.65974,0.66193,0.65793,0.65852,0.65983,0.66202,0.65822,0.6586,8e-05,77115.35
2025-09-10,0.65851,0.66352,0.65796,0.66186,0.65858,0.66362,0.65808,0.66195,9e-05,74038.98
2025-09-11,0.66185,0.66663,0.65895,0.66651,0.66195,0.66669,0.65906,0.66659,8e-05,76434.9
2025-09-12,0.66649,0.66685,0.66303,0.66483,0.66657,0.66692,0.66312,0.66528,0.00045,64982.08
2025-09-15,0.66484,0.66744,0.66446,0.66721,0.66496,0.66755,0.66455,0.66731,0.0001,57324.48
2025-09-16,0.6672,0.66884,0.66595,0.66881,0.6673,0.66892,0.66603,0.66891,0.0001,74893.47
2025-09-17,0.66883,0.67065,0.6641,0.66517,0.66891,0.67077,0.66416,0.66524,7e-05,93434.39
2025-09-18,0.66518,0.66594,0.66065,0.66163,0.66525,0.66604,0.66075,0.66175,0.00012,130026.86
2025-09-19,0.66163,0.66191,0.65854,0.65892,0.66173,0.66203,0.65864,0.65972,0.0008,82162.64
2025-09-22,0.65879,0.66022,0.65746,0.66006,0.65886,0.66031,0.65753,0.66014,8e-05,59342.63
2025-09-23,0.66006,0.66151,0.65809,0.65985,0.66014,0.66161,0.65817,0.65993,8e-05,69406.66
2025-09-24,0.65987,0.66276,0.65741,0.65856,0.65995,0.66286,0.65752,0.65866,0.0001,83017.41
2025-09-25,0.65856,0.66035,0.65255,0.65377,0.65866,0.66045,0.65265,0.65386,9e-05,98085.13
2025-09-26,0.65378,0.65511,0.652,0.65438,0.65386,0.65521,0.65211,0.65475,0.00037,75932.27
2025-09-29,0.65514,0.65807,0.65472,0.65776,0.6552,0.65817,0.65481,0.65784,8e-05,65818.87
2025-09-30,0.65775,0.66281,0.65706,0.66102,0.65782,0.66291,0.65717,0.66112,0.0001,101788.37
2025-10-01,0.66104,0.66286,0.65888,0.66151,0.66112,0.66294,0.65898,0.66161,0.0001,112662.99
2025-10-02,0.66152,0.66241,0.65764,0.65986,0.66162,0.66251,0.65775,0.65995,9e-05,81873.65
2025-10-03,0.65988,0.66137,0.65885,0.66008,0.65996,0.66146,0.65894,0.66049,0.00041,92159.0
2025-10-06,0.65937,0.66201,0.65898,0.6616,0.65947,0.66257,0.65907,0.66168,8e-05,105219.21
2025-10-07,0.6616,0.6624,0.65773,0.65796,0.6617,0.66249,0.65791,0.65806,0.0001,82033.71
2025-10-08,0.65796,0.65913,0.6556,0.6584,0.65805,0.65925,0.6557,0.65848,8e-05,75642.13
2025-10-09,0.65841,0.66119,0.65396,0.65601,0.65849,0.66128,0.65405,0.65609,8e-05,94830.43
2025-10-10,0.656,0.65725,0.64696,0.64696,0.65608,0.65735,0.64725,0.64753,0.00057,119285.02
2025-10-13,0.64974,0.65325,0.64966,0.65115,0.64982,0.65332,0.64976,0.65122,7e-05,73694.55
2025-10-14,0.65112,0.65208,0.64399,0.64906,0.65123,0.65218,0.64408,0.64916,0.0001,115818.59
2025-10-15,0.64906,0.65231,0.64857,0.65073,0.64915,0.65238,0.64866,0.65083,0.0001,94931.35
2025-10-16,0.65073,0.65153,0.64706,0.64815,0.65082,0.65165,0.64717,0.64823,8e-05,117845.13
2025-10-17,0.64814,0.65022,0.64429,0.64915,0.64825,0.6503,0.64441,0.64993,0.00078,116114.84
2025-10-20,0.65006,0.65207,0.64839,0.65157,0.65016,0.65217,0.6485,0.65165,8e-05,70667.82
2025-10-21,0.65155,0.65246,0.64724,0.64905,0.65165,0.65258,0.64733,0.64914,9e-05,95723.9
2025-10-22,0.64905,0.65117,0.64778,0.64876,0.64915,0.65127,0.64788,0.64885,9e-05,91657.1
2025-10-23,0.64875,0.65174,0.64783,0.65142,0.64883,0.65193,0.64794,0.65151,9e-05,68907.19
2025-10-24,0.65141,0.65285,0.64924,0.65108,0.65151,0.65295,0.64933,0.65149,0.00041,73118.73
2025-10-27,0.65332,0.65604,0.65278,0.65579,0.65341,0.65613,0.65289,0.65588,9e-05,74642.78
2025-10-28,0.65579,0.65903,0.6544,0.65844,0.65587,0.6591,0.6545,0.65853,9e-05,73329.13
2025-10-29,0.65844,0.66172,0.65565,0.65762,0.65852,0.66181,0.65577,0.6577,8e-05,140473.41
2025-10-30,0.65761,0.65971,0.65322,0.65587,0.6577,0.65982,0.65331,0.65595,8e-05,128969.3
2025-10-31,0.65586,0.65597,0.65327,0.65404,0.65596,0.65607,0.65337,0.65461,0.00057,75621.43
2025-11-03,0.65449,0.65622,0.65172,0.65379,0.6546,0.65629,0.65181,0.65388,9e-05,68573.78
2025-11-04,0.65378,0.65378,0.64806,0.64843,0.65388,0.65388,0.64815,0.64855,0.00012,100289.0
2025-11-05,0.64841,0.65125,0.64583,0.65091,0.64851,0.65134,0.64591,0.65099,8e-05,72576.98
2025-11-06,0.65093,0.65182,0.64628,0.64833,0.65101,0.6519,0.64636,0.64842,9e-05,84069.22
2025-11-07,0.64833,0.64987,0.64672,0.64901,0.64843,0.64997,0.6468,0.64981,0.0008,90243.71
2025-11-10,0.65016,0.65398,0.64955,0.65342,0.65026,0.65405,0.64962,0.65349,7e-05,52907.53
2025-11-11,0.65342,0.65377,0.6512,0.65288,0.65352,0.65387,0.65153,0.65296,8e-05,56764.12
2025-11-12,0.65285,0.655,0.65156,0.65357,0.65291,0.65508,0.65165,0.65366,9e-05,62123.31
2025-11-13,0.65361,0.65799,0.65235,0.65263,0.65369,0.65806,0.65242,0.65271,8e-05,102721.48
2025-11-14,0.65262,0.6551,0.65032,0.6535,0.65271,0.65518,0.65041,0.65411,0.00061,115041.69
2025-11-17,0.65324,0.65371,0.64817,0.64918,0.65332,0.65379,0.64825,0.64929,0.00011,79588.15
2025-11-18,0.6492,0.6518,0.64645,0.65081,0.64928,0.65189,0.64654,0.65089,8e-05,107317.5
2025-11-19,0.6508,0.65086,0.64507,0.64899,0.65088,0.65096,0.64516,0.64907,8e-05,100976.46
2025-11-20,0.649,0.65023,0.64358,0.64487,0.64907,0.6503,0.64367,0.64496,9e-05,127286.19
2025-11-21,0.64487,0.64604,0.6421,0.64539,0.64494,0.64618,0.64217,0.64618,0.00079,126693.3
2025-11-24,0.6461,0.64683,0.64417,0.64649,0.6462,0.64693,0.64427,0.64657,8e-05,66203.93
2025-11-25,0.64648,0.64754,0.64358,0.64699,0.64656,0.64763,0.64366,0.64706,7e-05,89925.5
2025-11-26,0.64698,0.65275,0.64686,0.65229,0.64709,0.65282,0.64696,0.6524,0.00011,86872.24
2025-11-27,0.6523,0.65395,0.65212,0.65353,0.65238,0.65403,0.65219,0.65363,0.0001,40500.46
2025-11-28,0.65352,0.65588,0.65199,0.65491,0.6536,0.65597,0.65208,0.65558,0.00067,251191.52
2025-12-01,0.65508,0.6566,0.65361,0.65413,0.65518,0.6567,0.65377,0.65421,8e-05,86381.69
2025-12-02,0.65415,0.65733,0.65376,0.65731,0.65423,0.65743,0.65383,0.65739,8e-05,67244.77
2025-12-03,0.65733,0.66039,0.65521,0.66035,0.65741,0.66049,0.65529,0.66045,0.0001,80062.09
2025-12-04,0.6604,0.66237,0.66017,0.6606,0.66048,0.66247,0.66025,0.66068,8e-05,81622.84
2025-12-05,0.66061,0.66485,0.66061,0.66382,0.66069,0.66494,0.66068,0.66436,0.00054,66611.2
2025-12-08,0.66346,0.66488,0.66139,0.66265,0.66356,0.66495,0.66148,0.66275,0.0001,61463.09
2025-12-09,0.66264,0.66541,0.66078,0.6639,0.66274,0.66548,0.66088,0.66401,0.00011,90321.03
2025-12-10,0.66396,0.66855,0.66284,0.66731,0.66403,0.66863,0.66293,0.6674,9e-05,95732.7
2025-12-11,0.66732,0.66786,0.66261,0.6662,0.6674,0.66794,0.6627,0.66627,7e-05,95426.15
2025-12-12,0.6662,0.66767,0.6632,0.66502,0.66626,0.66775,0.66331,0.6657,0.00068,91442.45
2025-12-15,0.66471,0.66561,0.66309,0.66409,0.66479,0.6657,0.66325,0.66418,9e-05,77066.09
2025-12-16,0.66411,0.66608,0.66178,0.66321,0.66421,0.6662,0.66186,0.66332,0.00011,129554.22
2025-12-17,0.6632,0.66331,0.65988,0.66,0.66328,0.66338,0.65995,0.66009,9e-05,97691.03
2025-12-18,0.66001,0.66305,0.6592,0.66132,0.6601,0.66316,0.6593,0.66141,9e-05,99143.21
2025-12-19,0.6613,0.66247,0.65997,0.66068,0.66142,0.66257,0.66006,0.66143,0.00075,70384.09
2025-12-22,0.66119,0.6661,0.66102,0.6657,0.66128,0.6662,0.6611,0.66579,9e-05,63445.65
2025-12-23,0.66572,0.67023,0.66554,0.67017,0.6658,0.67033,0.66562,0.67028,0.00011,80851.22
2025-12-24,0.67021,0.67171,0.66974,0.67011,0.67027,0.67182,0.66985,0.67162,0.00151,70345.48
2025-12-25,0.67004,0.67134,0.66933,0.67046,0.67136,0.67197,0.66995,0.67056,0.0001,9300.42
2025-12-26,0.67044,0.67243,0.66967,0.6714,0.67059,0.67252,0.66977,0.6721,0.0007,82772.73
2025-12-29,0.6714,0.67271,0.66826,0.66947,0.67148,0.67279,0.66834,0.66956,9e-05,100613.63
2025-12-30,0.66946,0.67175,0.66876,0.66953,0.66956,0.67184,0.66883,0.66966,0.00013,69387.33
2025-12-31,0.66954,0.67008,0.66593,0.66726,0.66966,0.67019,0.66603,0.66742,0.00016,82478.93
2026-01-01,0.66726,0.66796,0.66617,0.6678,0.66742,0.66807,0.66698,0.66791,0.00011,2931.7
2026-01-02,0.66783,0.67067,0.66761,0.66934,0.66791,0.67076,0.6677,0.66966,0.00032,80761.31
2026-01-05,0.66834,0.67186,0.66626,0.67127,0.66842,0.67195,0.66636,0.67136,9e-05,83016.01
2026-01-06,0.67129,0.67414,0.67029,0.67342,0.67137,0.67424,0.67037,0.67353,0.00011,80612.58
2026-01-07,0.67345,0.67661,0.67165,0.67216,0.67354,0.6767,0.67176,0.67226,0.0001,93999.07
2026-01-08,0.67216,0.67251,0.66813,0.66984,0.67225,0.67257,0.66822,0.66994,0.0001,76668.41
2026-01-09,0.66982,0.67031,0.66631,0.66844,0.6699,0.67038,0.66639,0.66923,0.00079,81122.63
2026-01-12,0.66854,0.6722,0.6683,0.67077,0.66861,0.67228,0.66838,0.67084,7e-05,78075.27
2026-01-13,0.67076,0.67269,0.66724,0.66822,0.67083,0.6728,0.66736,0.66831,9e-05,90782.83
2026-01-14,0.66822,0.67019,0.66726,0.66816,0.6683,0.67029,0.66737,0.66825,9e-05,87297.61
2026-01-15,0.66821,0.67094,0.66667,0.67005,0.66825,0.67102,0.66677,0.67013,8e-05,69076.89
2026-01-16,0.67004,0.67092,0.66706,0.66789,0.67015,0.67101,0.66715,0.66867,0.00078,75009.99
2026-01-19,0.66873,0.67169,0.66763,0.6709,0.66881,0.67179,0.66771,0.67098,8e-05,57422.71
2026-01-20,0.6709,0.67469,0.67063,0.67305,0.67099,0.67476,0.67071,0.67317,0.00012,128017.38
2026-01-21,0.67307,0.67775,0.67271,0.6754,0.67316,0.67784,0.67281,0.67547,7e-05,125730.03
2026-01-22,0.6754,0.68441,0.67535,0.6839,0.67548,0.68449,0.67543,0.68399,9e-05,82292.68
2026-01-23,0.68388,0.68985,0.68339,0.68923,0.68398,0.68995,0.68348,0.68989,0.00066,86634.37
2026-01-26,0.6914,0.69405,0.69056,0.69131,0.69148,0.69414,0.69066,0.69141,0.0001,107518.71
2026-01-27,0.69131,0.70157,0.6901,0.69962,0.69139,0.70167,0.69019,0.6997,8e-05,127298.6
2026-01-28,0.69962,0.70494,0.69764,0.70391,0.69973,0.70503,0.69773,0.70399,8e-05,162700.96
2026-01-29,0.7039,0.70938,0.69685,0.7047,0.70397,0.70947,0.69693,0.70478,8e-05,194731.68
2026-01-30,0.70471,0.70525,0.69397,0.69623,0.70479,0.70534,0.69405,0.69649,0.00026,234625.86
2026-02-02,0.69437,0.69703,0.69082,0.69571,0.69445,0.69713,0.6909,0.6958,9e-05,219566.39
2026-02-03,0.69569,0.705,0.69559,0.70225,0.69581,0.70508,0.69569,0.70233,8e-05,176209.6
2026-02-04,0.70224,0.70426,0.69711,0.69942,0.70233,0.70435,0.6972,0.69953,0.00011,158875.93
2026-02-05,0.69941,0.7007,0.69126,0.69155,0.69949,0.70077,0.69134,0.69163,8e-05,190894.45
2026-02-06,0.69157,0.70244,0.68967,0.70099,0.69165,0.70253,0.68975,0.7017,0.00071,138433.61
2026-02-09,0.70354,0.70984,0.70134,0.7083,0.70363,0.70991,0.70143,0.7084,0.0001,109841.66
2026-02-10,0.7083,0.70903,0.7061,0.70732,0.7084,0.70911,0.70649,0.70741,9e-05,99783.25
2026-02-11,0.70733,0.71428,0.70712,0.71241,0.70741,0.71436,0.70724,0.71249,8e-05,169588.92
2026-02-12,0.71239,0.71467,0.70752,0.70875,0.71246,0.71477,0.70761,0.70884,9e-05,151892.28
2026-02-13,0.70873,0.7097,0.70431,0.70684,0.70881,0.70978,0.7044,0.70777,0.00093,160771.14
2026-02-16,0.70711,0.70963,0.70669,0.70719,0.70718,0.70971,0.70677,0.70732,0.00013,51478.54
2026-02-17,0.7072,0.70898,0.70277,0.70814,0.70732,0.70906,0.70286,0.70824,0.0001,130258.93
2026-02-18,0.70813,0.70843,0.70345,0.70424,0.70823,0.70851,0.70353,0.70433,9e-05,91973.09
2026-02-19,0.70425,0.70798,0.70237,0.70552,0.70434,0.70805,0.70245,0.70562,0.0001,127863.87
2026-02-20,0.70553,0.70942,0.7015,0.70816,0.70564,0.70951,0.70158,0.70883,0.00067,179061.66
2026-02-23,0.71113,0.71115,0.70469,0.70594,0.71123,0.71123,0.70489,0.70604,0.0001,124330.85
2026-02-24,0.70593,0.70732,0.70263,0.70581,0.70603,0.70741,0.70271,0.70589,8e-05,95933.44
2026-02-25,0.70582,0.71257,0.70567,0.71196,0.7059,0.71265,0.70575,0.71205,9e-05,95098.55
2026-02-26,0.71194,0.71362,0.70665,0.7102,0.71205,0.7137,0.70675,0.71031,0.00011,130421.99
2026-02-27,0.7102,0.71318,0.7086,0.71137,0.7103,0.71327,0.70869,0.71202,0.00065,137274.02
2026-03-02,0.70556,0.71164,0.70445,0.71021,0.70564,0.71173,0.70454,0.71029,8e-05,231397.95
2026-03-03,0.71024,0.71224,0.69437,0.70384,0.7103,0.71233,0.69449,0.70393,9e-05,358476.28
2026-03-04,0.70387,0.70829,0.69842,0.70752,0.70394,0.70839,0.69851,0.70762,0.0001,280773.48
2026-03-05,0.70751,0.70888,0.69732,0.70088,0.70761,0.709,0.69742,0.70097,9e-05,271109.61
2026-03-06,0.70089,0.70471,0.69764,0.70284,0.70098,0.70481,0.69773,0.70323,0.00039,265007.25
2026-03-09,0.69682,0.70818,0.69559,0.70675,0.69694,0.70831,0.69568,0.70684,9e-05,319643.6
2026-03-10,0.70675,0.71679,0.70529,0.71189,0.70682,0.7169,0.70539,0.71199,0.0001,255862.08
2026-03-11,0.71188,0.7187,0.71161,0.71285,0.71198,0.7188,0.71171,0.71298,0.00013,200827.01
2026-03-12,0.71287,0.71604,0.70711,0.70757,0.71297,0.71615,0.70723,0.70766,9e-05,195855.98
2026-03-13,0.70755,0.70919,0.69785,0.69794,0.70763,0.70928,0.69805,0.69825,0.00031,200716.2
2026-03-16,0.70045,0.70822,0.69963,0.70666,0.70053,0.70831,0.69972,0.70675,9e-05,138811.86
2026-03-17,0.70668,0.71179,0.70486,0.71081,0.70675,0.7119,0.70498,0.71093,0.00012,142868.68
2026-03-18,0.71082,0.7123,0.70177,0.7029,0.71093,0.71238,0.70187,0.703,0.0001,160265.23
2026-03-19,0.70289,0.71085,0.69992,0.70796,0.70298,0.71095,0.70002,0.70808,0.00012,294202.14
2026-03-20,0.70797,0.70967,0.70048,0.70179,0.70806,0.70976,0.70057,0.70258,0.00079,203567.41
2026-03-23,0.70097,0.70621,0.69102,0.70079,0.70108,0.7063,0.69112,0.7009,0.00011,381142.07
2026-03-24,0.70077,0.70146,0.6938,0.69943,0.70088,0.70154,0.69388,0.69952,9e-05,325747.53
2026-03-25,0.69944,0.70034,0.69388,0.69424,0.69953,0.70045,0.69397,0.69433,9e-05,195302.77
2026-03-26,0.69422,0.69565,0.68752,0.68859,0.69434,0.69573,0.68761,0.6887,0.00011,179783.57
2026-03-27,0.68857,0.69118,0.68638,0.68711,0.68864,0.69126,0.68649,0.68781,0.0007,170779.83
2026-03-30,0.68501,0.68738,0.68329,0.68449,0.68511,0.68747,0.68338,0.68459,0.0001,160383.76
2026-03-31,0.6845,0.6921,0.68337,0.692,0.68459,0.6922,0.68346,0.69208,8e-05,257569.91
2026-04-01,0.69198,0.69632,0.68992,0.69228,0.69207,0.6964,0.69002,0.69237,9e-05,194321.86
2026-04-02,0.69227,0.69405,0.68593,0.69105,0.69237,0.69416,0.68603,0.69114,9e-05,208995.45
2026-04-03,0.69106,0.69155,0.6881,0.68833,0.69114,0.69164,0.68847,0.69058,0.00225,46380.59
2026-04-06,0.68842,0.69377,0.6884,0.69159,0.68851,0.69386,0.6885,0.6917,0.00011,121186.32
2026-04-07,0.69158,0.70771,0.6898,0.7076,0.69167,0.70781,0.6899,0.70769,9e-05,217389.23
2026-04-08,0.70763,0.70842,0.70283,0.70384,0.70773,0.70853,0.70291,0.70394,0.0001,215821.44
2026-04-09,0.70385,0.70944,0.70217,0.70746,0.70394,0.70953,0.70226,0.70755,9e-05,133326.38
2026-04-10,0.70746,0.70934,0.70531,0.70624,0.70756,0.70943,0.70539,0.70689,0.00065,103366.06
2026-04-13,0.70191,0.7102,0.70162,0.70986,0.70201,0.7103,0.70172,0.70994,8e-05,121806.3
2026-04-14,0.70987,0.71475,0.70768,0.71285,0.70996,0.71485,0.70776,0.71293,8e-05,108958.3
2026-04-15,0.71284,0.71774,0.71219,0.7175,0.71293,0.71782,0.71228,0.7176,0.0001,108815.71
2026-04-16,0.7175,0.7197,0.71461,0.71582,0.71761,0.71981,0.71527,0.7159,8e-05,124307.16
2026-04-17,0.7158,0.72214,0.71535,0.71662,0.71589,0.72225,0.71546,0.7174,0.00078,146131.47
2026-04-20,0.71344,0.71823,0.71317,0.71734,0.71353,0.71833,0.71326,0.71743,9e-05,122742.06
2026-04-21,0.71735,0.71854,0.71297,0.71555,0.71746,0.71865,0.71306,0.71564,9e-05,136639.54
2026-04-22,0.71557,0.71757,0.71458,0.71571,0.71565,0.71769,0.71468,0.71584,0.00013,103336.07
2026-04-23,0.71571,0.71663,0.71106,0.71288,0.71581,0.71673,0.71115,0.71298,0.0001,185596.83
2026-04-24,0.7129,0.7155,0.71142,0.71481,0.713,0.7156,0.71153,0.71551,0.0007,118184.23
2026-04-27,0.71422,0.71996,0.71422,0.71901,0.71429,0.72005,0.71429,0.71912,0.00011,91685.43
2026-04-28,0.71903,0.71944,0.71505,0.71864,0.71912,0.71953,0.71514,0.71873,9e-05,142321.75
2026-04-29,0.71864,0.71893,0.71011,0.71275,0.71875,0.71902,0.71021,0.71284,9e-05,177740.93
2026-04-30,0.71278,0.72044,0.71097,0.72001,0.71284,0.72053,0.71104,0.7201,9e-05,216579.49
2026-05-01,0.72002,0.72275,0.7183,0.7198,0.72013,0.72284,0.71839,0.72033,0.00053,134958.84
2026-05-04,0.7209,0.7217,0.71529,0.71668,0.72098,0.7218,0.71538,0.71676,8e-05,169976.09
2026-05-05,0.71668,0.72079,0.71353,0.72028,0.71678,0.72088,0.71361,0.72037,9e-05,115066.33
2026-05-06,0.7203,0.72772,0.72017,0.72347,0.72038,0.72782,0.72028,0.72356,9e-05,168935.1
2026-05-07,0.72346,0.72639,0.72005,0.7208,0.72356,0.72647,0.72013,0.72089,9e-05,139121.28
2026-05-08,0.72081,0.72486,0.71997,0.7244,0.72089,0.725,0.72006,0.72493,0.00053,120726.95
2026-05-11,0.72339,0.72591,0.72248,0.72453,0.72347,0.72599,0.72258,0.72464,0.00011,91090.19
2026-05-12,0.72453,0.72454,0.72085,0.72369,0.72463,0.72463,0.72093,0.72378,9e-05,127640.7
2026-05-13,0.7237,0.72713,0.72302,0.72537,0.72379,0.72722,0.72312,0.72547,0.0001,110192.83
2026-05-14,0.72537,0.72639,0.72129,0.72135,0.72545,0.72648,0.72138,0.72145,0.0001,114359.39
2026-05-15,0.72137,0.7218,0.71394,0.71462,0.72146,0.7219,0.71403,0.71529,0.00067,142550.94
2026-05-18,0.71293,0.7184,0.71181,0.717,0.713,0.7185,0.71191,0.71709,9e-05,158735.96
2026-05-19,0.71701,0.71723,0.70789,0.71037,0.71709,0.71732,0.70799,0.71046,9e-05,141853.96
2026-05-20,0.71035,0.71739,0.70865,0.71488,0.71042,0.71749,0.70874,0.715,0.00012,140567.88
2026-05-21,0.7149,0.71681,0.70994,0.71474,0.71499,0.71692,0.71003,0.71485,0.00011,166894.1
2026-05-22,0.71475,0.71476,0.7116,0.71255,0.71486,0.71486,0.71169,0.71304,0.00049,94746.91
2026-05-25,0.71563,0.71817,0.71517,0.71676,0.71572,0.71825,0.71527,0.71685,9e-05,49814.41
2026-05-26,0.71677,0.7176,0.71549,0.71702,0.71686,0.71776,0.71557,0.7171,8e-05,74154.56
2026-05-27,0.71703,0.71791,0.71234,0.71325,0.71712,0.71802,0.71243,0.71334,9e-05,107771.27
2026-05-28,0.71324,0.71695,0.70973,0.71628,0.71333,0.7173,0.70982,0.71637,9e-05,110824.46
2026-05-29,0.71629,0.72001,0.71487,0.71808,0.71637,0.72012,0.71496,0.7188,0.00072,104999.71
2026-06-01,0.71797,0.719,0.71342,0.7164,0.71806,0.71908,0.71351,0.7165,0.0001,99553.74
2026-06-02,0.71641,0.71876,0.71524,0.71728,0.7165,0.71885,0.71534,0.71737,9e-05,76021.27
2026-06-03,0.71728,0.71813,0.71262,0.71337,0.71737,0.71823,0.71273,0.71345,8e-05,100618.72
2026-06-04,0.71336,0.71487,0.71222,0.71303,0.71342,0.71503,0.7123,0.71312,9e-05,100876.32
2026-06-05,0.71302,0.71434,0.7037,0.70454,0.71312,0.71444,0.7038,0.70501,0.00047,138098.45
2026-06-08,0.70423,0.70778,0.70341,0.70386,0.70431,0.70786,0.70351,0.70395,9e-05,186671.85
2026-06-09,0.70385,0.70702,0.70046,0.70237,0.70391,0.70711,0.70056,0.70246,9e-05,215883.84
2026-06-10,0.70235,0.7037,0.69872,0.69934,0.70245,0.70379,0.69879,0.69944,0.0001,253577.16
2026-06-11,0.69934,0.70548,0.69784,0.70472,0.69944,0.70558,0.69794,0.7048,8e-05,237873.92
2026-06-12,0.70471,0.70595,0.70208,0.70427,0.70479,0.70604,0.70217,0.70507,0.0008,183882.47
2026-06-15,0.70745,0.70881,0.70638,0.70712,0.70753,0.70889,0.70647,0.70721,9e-05,89740.75
2026-06-16,0.70712,0.70794,0.70415,0.70649,0.7072,0.70801,0.70426,0.70658,9e-05,88151.33
2026-06-17,0.70648,0.70749,0.69946,0.70178,0.70656,0.70759,0.69955,0.70188,0.0001,138143.99
2026-06-18,0.70179,0.70412,0.70005,0.70122,0.70189,0.70421,0.70013,0.70131,9e-05,130011.99
2026-06-19,0.70122,0.70239,0.69889,0.70096,0.70132,0.70247,0.69898,0.70137,0.00041,96537.85
2026-06-22,0.7002,0.70188,0.69933,0.69939,0.70031,0.70197,0.69943,0.69948,9e-05,107841.68
2026-06-23,0.69936,0.69937,0.69065,0.69148,0.69948,0.69948,0.69075,0.69158,0.0001,116290.07
2026-06-24,0.6915,0.6923,0.6882,0.6898,0.69158,0.69244,0.68831,0.68989,9e-05,128597.87
2026-06-25,0.68981,0.6927,0.68864,0.68997,0.68992,0.69278,0.68873,0.69007,0.0001,141136.28
2026-06-26,0.68999,0.69167,0.68749,0.68926,0.69008,0.69176,0.68759,0.68999,0.00073,156032.1
2026-06-29,0.68954,0.6904,0.6877,0.68817,0.68963,0.69048,0.68779,0.68827,0.0001,153195.51
2026-06-30,0.68815,0.69295,0.68648,0.69116,0.68826,0.69304,0.68657,0.69125,9e-05,159184.11
2026-07-01,0.69117,0.69156,0.68824,0.68894,0.69126,0.69164,0.68834,0.68903,9e-05,165887.87
2026-07-02,0.68894,0.6943,0.68838,0.69153,0.68902,0.69438,0.68847,0.69163,0.0001,280840.61
2026-07-03,0.69152,0.69493,0.69104,0.69388,0.69161,0.69502,0.69112,0.69423,0.00035,128682.68
2026-07-06,0.69359,0.69597,0.69213,0.69545,0.69369,0.69607,0.69223,0.69554,9e-05,122803.25
2026-07-07,0.69545,0.69595,0.69151,0.69218,0.69553,0.69607,0.69217,0.69227,9e-05,146347.53
2026-07-08,0.69217,0.69462,0.6906,0.69355,0.69228,0.69472,0.69071,0.69364,9e-05,229902.4
2026-07-09,0.69356,0.69466,0.69245,0.69424,0.69364,0.69533,0.69255,0.69435,0.00011,126407.79
2026-07-10,0.69426,0.69693,0.69333,0.69499,0.69436,0.69702,0.69342,0.69575,0.00076,148102.91
2026-07-13,0.69416,0.69492,0.69102,0.69189,0.69425,0.69502,0.69137,0.69198,9e-05,180066.14
2026-07-14,0.69191,0.69923,0.69125,0.69757,0.69199,0.69932,0.69133,0.69767,0.0001,247479.97
2026-07-15,0.69758,0.7021,0.6975,0.70073,0.69767,0.70238,0.69759,0.70082,9e-05,165822.2
2026-07-16,0.70072,0.70121,0.69859,0.69996,0.70083,0.7013,0.69866,0.70005,9e-05,151365.05
2026-07-17,0.69999,0.70008,0.69656,0.698,0.70007,0.70016,0.69665,0.69851,0.00051,156522.91
2026-07-20,0.69784,0.70144,0.69744,0.70001,0.69792,0.70153,0.69751,0.70009,8e-05,165445.56
2026-07-21,0.7,0.70264,0.69963,0.7,0.70008,0.70272,0.69972,0.70009,9e-05,116436.9
2026-07-22,0.70003,0.7012,0.69797,0.6989,0.7001,0.7013,0.69806,0.69898,8e-05,130002.05
