date,bid_open,bid_high,bid_low,bid_close,ask_open,ask_high,ask_low,ask_close,spread_close,volume
2014-01-02,110.98,111.345,107.66,107.843,111.024,111.368,107.695,107.874,0.031,1.37
2014-01-03,107.86,108.632,106.789,106.943,107.893,108.669,106.814,106.974,0.031,1.17
2014-01-06,106.998,107.943,106.711,107.036,107.037,107.977,106.765,107.072,0.036,0.91
2014-01-07,107.047,107.705,106.872,107.41,107.078,107.735,106.917,107.436,0.026,0.94
2014-01-08,107.445,107.933,106.99,107.398,107.466,107.958,107.023,107.433,0.035,0.89
2014-01-09,107.316,108.185,106.119,106.431,107.353,108.224,106.155,106.478,0.047,1.01
2014-01-10,106.523,107.52,106.032,107.52,106.566,107.549,106.062,107.549,0.029,1.21
2014-01-13,107.219,107.461,106.439,106.456,107.259,107.488,106.476,106.516,0.06,0.93
2014-01-14,106.645,107.13,106.056,106.122,106.712,107.165,106.094,106.147,0.025,0.78
2014-01-15,106.124,107.545,105.793,106.999,106.151,107.575,105.839,107.028,0.029,0.47
2014-01-16,107.012,107.354,106.739,107.067,107.039,107.413,106.826,107.093,0.026,0.03
2014-01-17,105.579,106.948,105.46,106.294,105.604,106.975,105.486,106.322,0.028,1.08
2014-01-20,106.355,106.641,105.827,106.24,106.39,106.679,105.855,106.284,0.044,0.44
2014-01-21,106.304,107.999,106.304,106.856,106.336,108.028,106.336,106.909,0.053,1.17
2014-01-22,106.863,108.324,106.85,108.102,106.952,108.357,106.923,108.154,0.052,1.06
2014-01-23,108.011,108.282,107.38,107.531,108.041,108.31,107.408,107.575,0.044,1.21
2014-01-24,107.599,108.024,106.235,107.908,107.627,108.055,106.268,107.951,0.043,1.53
2014-01-27,107.736,107.795,106.882,106.996,107.771,107.827,106.935,107.027,0.031,0.87
2014-01-28,106.937,107.766,106.79,107.451,106.999,107.813,106.84,107.536,0.085,84.56
2014-01-29,107.341,108.005,106.903,107.74,107.432,108.067,106.964,107.841,0.101,94.92
2014-01-30,107.781,108.373,107.633,107.77,107.933,108.418,107.698,107.825,0.055,75.16
2014-01-31,107.835,107.894,106.293,106.331,107.929,107.954,106.356,106.383,0.052,107.1
2014-02-03,106.051,106.531,105.584,106.069,106.102,106.599,105.635,106.127,0.058,57.24
2014-02-04,105.862,106.192,105.463,106.006,105.999,106.255,105.527,106.061,0.055,84.38
2014-02-05,105.933,106.399,105.556,106.173,105.997,106.451,105.61,106.266,0.093,90.56
2014-02-06,106.23,106.528,106.133,106.486,106.326,106.586,106.202,106.534,0.048,5.88
2014-02-07,107.252,108.849,106.863,108.806,107.307,108.91,106.928,108.856,0.05,59.46
2014-02-10,109.045,109.545,108.394,108.473,109.1,109.606,108.482,108.543,0.07,66.18
2014-02-11,108.462,109.196,108.455,108.71,108.549,109.26,108.513,108.763,0.053,53.56
2014-02-12,108.71,109.458,108.663,109.26,108.834,109.519,108.728,109.336,0.076,11.92
2014-02-13,108.349,108.714,107.816,108.554,108.498,108.788,107.864,108.625,0.071,1.15
2014-02-14,108.496,109.226,107.836,108.922,108.616,109.278,107.884,109.008,0.086,0.19
2014-02-17,109.223,109.256,108.634,109.052,109.305,109.32,108.684,109.126,0.074,0.08
2014-02-18,109.035,110.667,108.803,110.526,109.12,110.73,108.866,110.658,0.132,0.17
2014-02-19,110.485,110.797,109.992,110.398,110.546,110.844,110.053,110.494,0.096,0.19
2014-02-20,110.328,110.458,109.542,110.447,110.419,110.518,109.605,110.514,0.067,0.17
2014-02-21,110.282,110.367,109.336,109.785,110.511,110.511,109.382,109.859,0.074,0.18
2014-02-24,110.162,110.757,109.472,110.614,110.255,110.806,109.533,110.734,0.12,0.17
2014-02-25,110.509,110.587,109.391,109.511,110.663,110.663,109.464,109.702,0.191,0.2
2014-02-26,109.526,109.947,109.181,109.386,109.681,109.994,109.243,109.532,0.146,76.16
2014-02-27,109.301,109.415,108.633,108.743,109.433,109.478,108.678,108.865,0.122,69.16
2014-02-28,108.772,109.326,108.372,109.094,108.875,109.374,108.433,109.167,0.073,33.23
2014-03-03,110.897,112.346,110.34,111.226,111.039,112.418,110.424,111.299,0.073,44.24
2014-03-04,111.016,111.285,108.968,109.124,111.095,111.349,109.043,109.203,0.079,30.15
2014-03-05,109.024,109.336,107.522,107.672,109.199,109.399,107.586,107.782,0.11,16.19
2014-03-06,107.61,108.515,107.342,108.295,107.707,108.579,107.406,108.423,0.128,34.16
2014-03-07,108.23,109.066,107.792,108.738,108.364,109.116,107.854,108.817,0.079,42.81
2014-03-10,108.612,108.765,107.721,107.814,108.687,108.829,107.772,107.873,0.059,19.88
2014-03-11,107.844,108.676,107.816,108.338,107.902,108.727,107.864,108.485,0.147,212.66
2014-03-12,108.284,108.536,107.594,108.257,108.356,108.577,107.633,108.357,0.1,251.83
2014-03-13,108.173,108.477,106.967,107.394,108.264,108.538,107.016,107.446,0.052,136.49
2014-03-14,106.985,108.438,106.795,108.246,107.056,108.486,106.865,108.313,0.067,0.21
2014-03-17,108.34,108.367,106.126,106.304,108.415,108.426,106.184,106.468,0.164,144.51
2014-03-18,106.295,106.828,105.855,106.625,106.371,106.875,105.894,106.758,0.133,172.74
2014-03-19,106.576,106.846,105.748,105.756,106.636,106.909,105.793,105.912,0.156,168.76
2014-03-20,105.782,106.716,105.401,106.202,105.863,106.767,105.474,106.305,0.103,132.33
2014-03-21,106.245,107.738,105.975,107.06,106.33,107.787,106.046,107.216,0.156,226.76
2014-03-24,106.752,107.478,106.42,106.517,106.829,107.527,106.484,106.618,0.101,111.42
2014-03-25,106.454,107.456,106.411,106.529,106.528,107.505,106.472,107.008,0.479,151.58
2014-03-26,106.934,107.326,106.465,106.933,106.996,107.369,106.512,107.016,0.083,224.3
2014-03-27,106.83,107.966,106.732,107.605,106.862,108.014,106.782,107.684,0.079,64.74
2014-03-28,107.645,108.367,107.612,107.872,107.724,108.415,107.682,108.032,0.16,171.2
2014-03-31,107.981,108.305,107.034,107.674,108.045,108.356,107.083,107.809,0.135,148.32
2014-04-01,107.67,107.766,105.081,105.206,107.763,107.813,105.132,105.303,0.097,262.78
2014-04-02,105.381,105.815,103.947,104.574,105.44,105.877,103.995,104.776,0.202,84.25
2014-04-03,104.538,106.286,104.421,106.152,104.648,106.346,104.492,106.243,0.091,0.22
2014-04-04,106.141,107.023,106.071,106.603,106.217,107.065,106.138,106.696,0.093,78.74
2014-04-07,106.053,106.602,105.105,105.913,106.117,106.656,105.155,106.023,0.11,246.76
2014-04-08,105.978,107.816,105.763,107.488,106.098,107.878,105.813,107.644,0.156,192.94
2014-04-09,107.597,108.099,107.101,107.735,107.664,108.142,107.154,107.946,0.211,249.37
2014-04-10,107.745,107.866,107.256,107.287,107.824,107.918,107.303,107.403,0.116,167.5
2014-04-11,107.256,107.846,106.952,107.145,107.312,107.894,107.003,107.225,0.08,125.16
2014-04-14,107.775,109.086,107.22,109.046,107.839,109.136,107.294,109.108,0.062,68.21
2014-04-15,108.851,109.718,108.295,109.15,108.937,109.766,108.358,109.244,0.094,0.2
2014-04-16,109.127,110.326,108.969,109.608,109.195,110.376,109.032,109.732,0.124,0.21
2014-04-17,109.574,110.167,109.043,109.647,109.645,110.216,109.104,109.729,0.082,0.18
2014-04-21,109.334,110.027,108.863,109.937,109.407,110.076,108.935,109.997,0.06,0.12
2014-04-22,109.804,109.965,108.513,109.334,109.889,110.027,108.565,109.524,0.19,0.21
2014-04-23,109.416,109.512,108.585,109.057,109.489,109.557,108.632,109.2,0.143,0.48
2014-04-24,109.233,110.612,109.047,110.358,109.292,110.666,109.116,110.501,0.143,0.22
2014-04-25,110.464,110.593,109.234,109.475,110.525,110.657,109.283,109.553,0.078,0.23
2014-04-28,109.77,110.163,107.843,108.084,109.853,110.227,107.894,108.158,0.074,0.23
2014-04-29,108.156,109.334,108.136,108.782,108.215,109.384,108.203,108.934,0.152,0.17
2014-04-30,108.615,108.747,107.526,108.147,108.696,108.817,107.572,108.25,0.103,0.24
2014-05-01,108.037,108.058,106.833,107.617,108.107,108.124,106.884,107.812,0.195,0.21
2014-05-02,107.612,108.924,107.591,108.574,107.699,108.974,107.653,108.648,0.074,0.22
2014-05-05,108.503,108.874,107.034,107.464,108.583,108.935,107.082,107.63,0.166,0.2
2014-05-06,107.501,108.175,106.943,107.028,107.601,108.228,107.003,107.218,0.19,139.49
2014-05-07,107.156,108.226,106.941,108.072,107.249,108.277,106.983,108.147,0.075,229.29
2014-05-08,108.005,108.124,107.365,107.962,108.066,108.175,107.403,108.066,0.104,189.61
2014-05-09,108.013,108.995,107.613,107.917,108.078,109.045,107.655,107.987,0.07,232.87
2014-05-12,108.207,108.732,108.066,108.36,108.224,108.796,108.112,108.459,0.099,157.58
2014-05-13,108.375,109.426,108.022,109.297,108.447,109.504,108.084,109.426,0.129,0.17
2014-05-14,109.323,110.387,109.233,110.097,109.418,110.437,109.364,110.156,0.059,169.7
2014-05-15,109.232,110.468,108.815,110.354,109.391,110.533,108.866,110.458,0.104,20.03
2014-05-16,108.897,110.016,108.862,109.686,110.563,110.563,108.914,109.758,0.072,154.0
2014-05-19,109.813,110.306,109.273,109.333,109.898,110.348,109.334,109.396,0.063,231.17
2014-05-20,109.277,109.977,109.086,109.757,109.385,110.024,109.133,109.876,0.119,241.22
2014-05-21,109.725,110.706,109.668,110.383,109.832,110.758,109.724,110.564,0.181,167.49
2014-05-22,110.395,111.004,110.145,110.366,110.53,111.053,110.194,110.444,0.078,6.32
2014-05-23,110.336,110.657,110.222,110.546,110.413,110.736,110.272,110.617,0.071,0.17
2014-05-26,110.384,110.456,109.721,110.343,110.542,110.542,109.784,110.394,0.051,0.07
2014-05-27,110.325,110.776,109.694,110.161,110.373,110.827,109.745,110.267,0.106,0.17
2014-05-28,110.162,110.367,109.395,109.935,110.243,110.429,109.445,110.087,0.152,0.22
2014-05-29,109.868,110.438,109.691,110.042,110.031,110.476,109.754,110.106,0.064,72.72
2014-05-30,109.99,110.097,109.205,109.524,110.466,110.487,109.253,109.598,0.074,83.65
2014-06-02,109.522,109.828,108.604,108.775,109.627,109.9,108.653,108.875,0.1,0.21
2014-06-03,108.773,108.957,108.306,108.826,108.902,109.018,108.364,108.905,0.079,10.4
2014-06-04,108.831,109.467,108.04,108.043,108.926,109.526,108.116,108.135,0.092,0.23
2014-06-05,108.042,108.927,107.753,108.856,108.148,108.999,107.804,108.926,0.07,9.06
2014-06-06,108.826,109.277,108.443,108.744,108.997,109.334,108.472,108.815,0.071,83.24
2014-06-09,108.553,110.138,108.523,109.895,108.66,110.188,108.594,109.984,0.089,99.99
2014-06-10,109.914,110.297,109.084,109.613,110.032,110.344,109.136,109.693,0.08,156.21
2014-06-11,109.577,110.207,109.394,110.031,109.698,110.28,109.464,110.138,0.107,11.3
2014-06-12,110.031,113.036,109.954,112.997,110.112,113.087,110.033,113.074,0.077,0.22
2014-06-13,112.699,114.027,111.974,112.26,112.876,114.087,112.036,112.337,0.077,0.26
2014-06-16,113.085,113.247,112.314,112.812,113.158,113.309,112.362,112.904,0.092,0.17
2014-06-17,112.927,113.776,112.132,113.248,113.022,113.82,112.193,113.337,0.089,0.45
2014-06-18,113.333,114.887,113.025,114.116,113.465,114.934,113.076,114.283,0.167,0.35
2014-06-19,114.2,115.683,114.131,114.861,114.32,115.717,114.182,114.946,0.085,245.58
2014-06-20,114.855,115.072,114.406,114.704,114.943,115.125,114.455,114.766,0.062,0.44
2014-06-23,114.992,115.618,113.846,113.945,115.057,115.677,113.896,114.024,0.079,167.75
2014-06-24,113.814,114.794,113.521,114.048,113.984,114.844,113.583,114.158,0.11,0.2
2014-06-25,114.408,114.466,113.212,114.083,114.53,114.556,113.262,114.265,0.182,2.3
2014-06-26,114.157,114.22,112.971,112.982,114.268,114.319,113.032,113.058,0.076,158.58
2014-06-27,113.035,113.688,112.874,113.167,113.138,113.736,112.931,113.234,0.067,212.79
2014-06-30,113.085,113.143,112.143,112.377,113.164,113.203,112.194,112.468,0.091,77.56
2014-07-01,112.34,112.798,111.834,111.974,112.425,112.847,111.883,112.045,0.071,192.49
2014-07-02,112.07,112.385,110.882,110.969,112.207,112.449,110.946,111.093,0.124,191.34
2014-07-03,110.871,111.133,110.502,111.036,110.954,111.192,110.563,111.129,0.093,244.73
2014-07-04,111.035,111.257,110.541,110.564,111.09,111.31,110.583,110.613,0.049,134.02
2014-07-07,110.534,110.898,109.85,109.876,110.584,110.947,109.922,109.98,0.104,12.73
2014-07-08,109.967,110.108,108.674,108.832,110.024,110.178,108.73,108.952,0.12,84.76
2014-07-09,108.801,108.957,108.091,108.13,108.996,109.028,108.162,108.185,0.055,187.02
2014-07-10,108.086,108.864,107.735,108.533,108.165,108.915,107.784,108.613,0.08,227.26
2014-07-11,108.507,108.705,106.245,106.515,108.606,108.772,106.294,106.621,0.106,161.59
2014-07-14,106.606,107.477,106.174,106.719,106.716,107.539,106.233,106.874,0.155,78.26
2014-07-15,106.74,106.885,104.383,105.508,106.836,106.97,104.432,105.516,0.008,151.24
2014-07-16,106.782,107.258,106.09,106.361,106.837,107.363,106.177,106.43,0.069,39.67
2014-07-17,107.223,108.557,106.794,108.291,107.285,108.632,106.847,108.482,0.191,177.23
2014-07-18,108.424,108.587,106.913,107.095,108.525,108.656,106.976,107.169,0.074,84.33
2014-07-21,106.94,107.827,106.752,107.663,107.078,107.888,106.824,107.753,0.09,30.14
2014-07-22,107.686,108.367,106.797,106.865,107.826,108.425,106.863,106.949,0.084,125.55
2014-07-23,106.866,108.221,106.853,108.101,106.936,108.279,106.909,108.203,0.102,337.4
2014-07-24,108.099,108.19,106.813,107.105,108.177,108.247,106.864,107.215,0.11,63.45
2014-07-25,107.206,108.437,106.713,108.168,107.293,108.476,106.764,108.238,0.07,209.27
2014-07-28,108.126,108.165,106.995,107.454,108.22,108.228,107.043,107.527,0.073,167.61
2014-07-29,107.423,108.025,107.116,107.447,107.496,108.055,107.165,107.53,0.083,154.23
2014-07-30,107.445,107.837,105.811,105.984,107.578,107.887,105.874,106.155,0.171,284.76
2014-07-31,105.967,106.555,105.373,105.414,106.103,106.604,105.46,105.543,0.129,262.53
2014-08-01,105.46,105.765,104.362,104.628,105.524,105.826,104.423,104.706,0.078,0.13
2014-08-04,104.664,105.673,104.49,105.508,104.736,105.734,104.555,105.62,0.112,0.15
2014-08-05,105.393,105.615,104.058,104.862,105.473,105.689,104.104,104.935,0.073,0.17
2014-08-06,104.725,105.416,104.531,104.567,104.929,105.467,104.583,104.622,0.055,0.17
2014-08-07,104.665,105.896,104.132,105.736,104.735,105.958,104.196,105.869,0.133,0.16
2014-08-08,105.58,106.818,104.643,104.746,105.684,106.88,104.696,104.808,0.062,0.17
2014-08-11,104.886,105.397,104.32,104.33,104.944,105.446,104.399,104.415,0.085,0.12
2014-08-12,104.41,104.566,102.636,102.846,104.643,104.666,102.685,103.028,0.182,0.15
2014-08-13,102.912,104.323,102.329,104.156,103.03,104.375,102.413,104.214,0.058,0.13
2014-08-14,104.775,105.058,101.894,102.048,104.867,105.127,101.946,102.172,0.124,9.04
2014-08-15,102.053,103.705,102.008,103.23,102.126,103.754,102.104,103.314,0.084,15.78
2014-08-18,102.874,102.928,101.097,101.755,103.017,103.023,101.143,101.824,0.069,13.74
2014-08-19,101.651,102.038,101.057,101.519,101.828,102.092,101.1,101.644,0.125,11.3
2014-08-20,101.562,102.328,101.404,102.266,101.675,102.382,101.473,102.333,0.067,6.0
2014-08-21,102.077,102.76,101.185,102.669,102.135,102.815,101.243,102.734,0.065,12.04
2014-08-22,102.646,102.8,101.986,102.159,102.738,102.844,102.03,102.232,0.073,10.79
2014-08-25,101.839,102.787,101.679,102.633,101.937,102.831,101.78,102.722,0.089,8.43
2014-08-26,102.675,103.358,102.337,102.529,102.766,103.401,102.382,102.626,0.097,11.6
2014-08-27,102.441,103.037,102.037,102.51,102.556,103.096,102.08,102.627,0.117,11.64
2014-08-28,102.474,103.169,102.249,102.439,102.571,103.226,102.293,102.537,0.098,64.89
2014-08-29,102.464,103.28,102.46,103.035,102.546,103.323,102.521,103.101,0.066,177.73
2014-09-01,103.078,103.269,102.546,102.598,103.142,103.322,102.591,102.64,0.042,266.86
2014-09-02,102.738,102.84,100.158,100.427,102.782,102.884,100.201,100.573,0.146,462.48
2014-09-03,100.39,103.11,100.378,102.266,100.536,103.152,100.443,102.511,0.245,724.99
2014-09-04,102.344,102.929,101.685,101.805,102.435,102.986,101.728,101.882,0.077,98.53
2014-09-05,102.001,102.411,100.342,100.885,102.053,102.466,100.379,100.951,0.066,6.32
2014-09-08,100.852,100.968,99.346,100.184,100.933,101.014,99.39,100.326,0.142,7.4
2014-09-09,100.175,100.598,99.017,99.183,100.243,100.654,99.062,99.274,0.091,5.48
2014-09-10,99.348,99.429,97.606,97.979,99.425,99.51,97.652,98.174,0.195,0.86
2014-09-11,97.939,98.46,96.694,98.076,98.072,98.525,96.761,98.2,0.124,0.93
2014-09-12,98.077,98.754,96.937,97.017,98.146,98.825,96.98,97.062,0.045,0.8
2014-09-15,97.039,98.377,97.019,97.974,97.082,98.421,97.063,98.08,0.106,0.72
2014-09-16,97.917,99.406,97.416,98.884,98.011,99.451,97.471,99.042,0.158,0.78
2014-09-17,98.907,99.586,98.496,98.695,98.975,99.646,98.542,98.763,0.068,3.39
2014-09-18,98.666,99.118,97.404,97.579,98.745,99.172,97.451,97.645,0.066,4.85
2014-09-19,97.67,98.459,97.157,98.314,97.769,98.513,97.215,98.395,0.081,6.1
2014-09-22,98.029,98.088,96.394,96.816,98.105,98.147,96.432,96.874,0.058,7.08
2014-09-23,96.923,97.559,96.534,96.904,97.04,97.616,96.582,96.978,0.074,7.51
2014-09-24,96.895,97.299,95.598,97.028,96.954,97.352,95.644,97.08,0.052,8.64
2014-09-25,96.989,97.527,96.216,96.984,97.041,97.586,96.261,97.074,0.09,6.95
2014-09-26,97.047,97.47,96.445,96.975,97.138,97.524,96.493,97.043,0.068,7.42
2014-09-29,96.646,97.318,96.259,97.029,96.723,97.363,96.31,97.127,0.098,8.21
2014-09-30,97.022,97.778,94.246,94.666,97.151,97.825,94.281,94.83,0.164,11.35
2014-10-01,94.808,96.199,93.768,94.173,94.875,96.22,93.81,94.274,0.101,12.37
2014-10-02,94.249,94.34,91.556,93.72,94.361,94.394,91.6,93.832,0.112,17.65
2014-10-03,93.549,94.04,91.496,92.156,93.702,94.083,91.51,92.214,0.058,36.18
2014-10-06,91.934,93.19,91.236,92.809,92.012,93.244,91.28,92.872,0.063,50.15
2014-10-07,92.797,92.968,91.398,91.671,92.969,93.013,91.441,91.851,0.18,30.21
2014-10-08,91.806,91.85,90.565,91.621,91.925,91.93,90.612,91.741,0.12,37.96
2014-10-09,91.559,91.82,88.414,88.626,91.722,91.876,88.472,88.681,0.055,28.55
2014-10-10,89.006,90.44,88.085,89.768,89.116,90.484,88.13,89.864,0.096,14.18
2014-10-13,89.088,89.3,87.926,88.043,89.155,89.377,87.961,88.125,0.082,25.87
2014-10-14,88.087,88.72,84.455,85.595,88.21,88.775,84.511,85.723,0.128,19.12
2014-10-15,85.525,85.598,83.356,83.388,85.607,85.673,83.424,83.441,0.053,40.86
2014-10-16,83.449,87.978,82.906,86.736,83.504,88.023,82.961,86.871,0.135,40.85
2014-10-17,86.326,87.318,85.46,86.155,86.383,87.355,85.522,86.252,0.097,39.84
2014-10-20,86.409,86.558,84.397,85.274,86.471,86.603,84.431,85.367,0.093,33.9
2014-10-21,85.09,86.46,85.09,86.402,85.278,86.505,85.224,86.493,0.091,31.79
2014-10-22,86.36,87.039,84.495,84.659,86.505,87.083,84.51,84.745,0.086,33.6
2014-10-23,84.525,87.139,84.116,86.679,84.726,87.188,84.161,86.763,0.084,38.02
2014-10-24,86.606,86.759,85.258,86.173,86.771,86.811,85.402,86.278,0.105,29.94
2014-10-27,85.816,86.22,84.535,85.286,85.904,86.273,84.58,85.476,0.19,36.17
2014-10-28,85.38,86.316,85.076,86.155,85.53,86.404,85.122,86.253,0.098,34.66
2014-10-29,86.087,87.919,86.045,86.731,86.197,87.951,86.111,86.875,0.144,32.11
2014-10-30,86.885,87.066,85.689,86.033,86.953,87.129,85.74,86.127,0.094,26.15
2014-10-31,85.924,86.215,84.584,85.849,86.104,86.277,84.63,85.923,0.074,13.93
2014-11-03,85.837,86.379,83.976,84.018,85.912,86.412,84.041,84.108,0.09,39.33
2014-11-04,84.169,84.4,82.059,82.65,84.235,84.466,82.111,82.751,0.101,22.02
2014-11-05,82.73,84.43,81.609,83.121,82.853,84.472,81.66,83.248,0.127,10.11
2014-11-06,83.078,83.229,82.039,82.708,83.17,83.286,82.08,82.875,0.167,27.89
2014-11-07,82.646,83.83,82.135,83.073,82.702,83.871,82.19,83.177,0.104,44.62
2014-11-10,83.626,84.93,81.85,81.853,83.695,84.995,81.914,81.971,0.118,32.13
2014-11-11,81.948,82.319,80.456,81.225,82.167,82.381,80.491,81.41,0.185,20.37
2014-11-12,81.012,81.636,80.237,80.237,81.258,81.682,80.282,80.282,0.045,9.31
2014-11-13,80.699,80.997,77.302,77.635,80.741,81.042,77.341,77.757,0.122,13.97
2014-11-14,77.807,79.72,76.748,79.555,77.875,79.775,76.792,79.642,0.087,22.96
2014-11-17,79.346,79.424,77.915,79.048,79.435,79.527,77.971,79.131,0.083,9.31
2014-11-18,78.975,79.91,78.198,78.37,79.063,79.962,78.23,78.444,0.074,17.07
2014-11-19,78.39,79.42,78.012,78.026,78.443,79.473,78.072,78.139,0.113,26.91
2014-11-20,78.07,79.918,77.529,79.728,78.21,79.975,77.584,79.803,0.075,5.69
2014-11-21,79.958,81.587,79.046,80.456,80.022,81.641,79.092,80.579,0.123,30.96
2014-11-24,80.417,80.82,79.373,79.379,80.519,80.874,79.431,79.432,0.053,20.26
2014-11-25,79.355,80.42,78.02,78.149,79.413,80.464,78.081,78.238,0.089,20.68
2014-11-26,78.136,78.828,77.286,77.5,78.279,78.884,77.33,77.577,0.077,6.32
2014-11-27,77.364,77.434,71.225,72.868,77.462,77.487,71.283,72.913,0.045,18.74
2014-11-28,72.319,73.379,69.788,69.997,72.364,73.428,69.831,70.042,0.045,30.64
2014-12-01,68.34,72.999,67.527,72.778,68.382,73.053,67.57,72.88,0.102,56.01
2014-12-02,72.337,72.99,70.386,71.016,72.39,73.046,70.43,71.115,0.099,40.15
2014-12-03,70.927,71.43,69.488,69.965,71.037,71.486,69.53,70.052,0.087,31.02
2014-12-04,70.072,70.549,68.808,69.397,70.321,70.623,68.864,69.544,0.147,16.81
2014-12-05,69.332,69.799,68.106,68.655,69.571,69.844,68.15,68.737,0.082,5.35
2014-12-08,67.93,68.439,65.927,65.978,67.996,68.494,65.963,66.152,0.174,5.8
2014-12-09,65.976,66.999,65.278,66.287,66.045,67.043,65.33,66.355,0.068,21.35
2014-12-10,66.207,66.33,63.556,64.211,66.284,66.383,63.591,64.384,0.173,17.19
2014-12-11,64.759,65.1,63.026,63.239,64.815,65.155,63.08,63.32,0.081,28.79
2014-12-12,62.978,63.64,61.358,61.415,63.067,63.691,61.401,61.502,0.087,16.48
2014-12-15,60.749,63.2,60.492,61.099,60.832,63.255,60.582,61.13,0.031,31.45
2014-12-16,60.83,61.148,58.486,59.724,60.874,61.222,58.543,59.861,0.137,25.49
2014-12-17,59.734,63.379,58.7,60.593,59.821,63.503,58.752,60.713,0.12,22.08
2014-12-18,60.966,63.648,59.176,59.767,61.022,63.674,59.201,59.86,0.093,30.72
2014-12-19,59.799,62.63,59.025,62.167,59.875,62.686,59.081,62.222,0.055,23.3
2014-12-22,61.528,62.909,59.847,60.095,61.605,62.977,59.892,60.16,0.065,36.26
2014-12-23,60.172,62.11,59.826,61.42,60.274,62.164,59.881,61.579,0.159,18.2
2014-12-24,61.54,61.659,59.359,60.279,61.678,61.717,59.4,60.321,0.042,12.33
2014-12-26,60.296,60.93,59.244,59.627,60.341,60.973,59.281,59.702,0.075,12.05
2014-12-29,59.768,60.371,57.343,57.932,59.933,60.457,57.44,58.058,0.126,17.11
2014-12-30,57.867,58.36,56.716,57.487,57.952,58.401,56.771,57.543,0.056,8.17
2014-12-31,57.322,57.57,55.8,56.83,57.42,57.626,55.85,56.87,0.04,6.88
2015-01-02,58.09,58.5,55.46,56.38,58.15,58.56,55.51,56.48,0.1,21.04
2015-01-05,55.746,56.089,52.685,53.047,55.821,56.14,52.721,53.171,0.124,10.74
2015-01-06,53.13,53.548,50.506,50.873,53.191,53.613,50.55,50.984,0.111,15.17
2015-01-07,51.022,51.82,49.656,50.918,51.191,51.863,49.691,51.05,0.132,10.27
2015-01-08,51.026,51.87,49.811,51.026,51.082,51.925,49.85,51.189,0.163,9.3
2015-01-09,51.287,51.368,48.888,50.024,51.375,51.462,48.93,50.111,0.087,13.47
2015-01-12,49.343,49.54,47.123,47.14,49.437,49.614,47.201,47.278,0.138,24.55
2015-01-13,47.04,47.269,45.169,46.604,47.161,47.314,45.22,46.813,0.209,30.08
2015-01-14,46.723,48.939,45.575,48.79,46.814,48.993,45.622,48.834,0.044,8.58
2015-01-15,49.529,52.389,48.057,48.157,49.572,52.443,48.112,48.211,0.054,43.99
2015-01-16,48.198,50.329,48.02,49.936,48.378,50.371,48.142,50.059,0.123,15.02
2015-01-19,49.871,50.29,48.677,48.809,49.998,50.396,48.72,48.961,0.152,3.16
2015-01-20,48.825,49.428,47.78,48.104,48.943,49.541,47.821,48.226,0.122,30.2
2015-01-21,48.179,49.567,48.159,48.678,48.356,49.614,48.271,48.803,0.125,18.59
2015-01-22,48.658,50.42,48.017,48.956,48.784,50.487,48.07,49.113,0.157,16.03
2015-01-23,49.208,49.766,48.545,48.568,49.351,49.839,48.61,48.703,0.135,1.83
2015-01-26,47.854,49.22,47.546,48.054,47.984,49.334,47.6,48.267,0.213,17.99
2015-01-27,48.237,49.957,47.656,49.192,48.354,50.012,47.731,49.387,0.195,34.92
2015-01-28,48.97,49.686,48.298,48.619,49.108,49.743,48.353,48.702,0.083,31.67
2015-01-29,48.648,49.219,48.343,49.028,48.715,49.287,48.41,49.138,0.11,29.27
2015-01-30,49.084,53.045,48.733,52.354,49.167,53.103,48.802,52.474,0.12,38.18
2015-02-02,52.072,55.447,51.383,54.774,52.199,55.542,51.452,54.92,0.146,9.24
2015-02-03,54.858,58.948,54.804,56.918,55.047,59.003,54.89,57.022,0.104,0.78
2015-02-04,56.914,58.029,53.477,54.517,57.025,58.084,53.52,54.635,0.118,0.73
2015-02-05,54.825,57.837,53.041,56.789,54.914,57.892,53.094,56.928,0.139,0.8
2015-02-06,56.688,59.01,56.674,58.087,56.846,59.063,56.751,58.163,0.076,0.94
2015-02-09,58.536,59.579,57.337,57.768,58.604,59.635,57.39,57.861,0.093,0.61
2015-02-10,57.74,58.507,56.085,56.87,57.85,58.56,56.14,57.08,0.21,0.69
2015-02-11,56.77,57.008,53.895,54.585,56.866,57.064,53.952,54.642,0.057,0.68
2015-02-12,56.359,59.889,56.04,59.37,56.434,59.945,56.092,59.42,0.05,0.35
2015-02-13,59.126,61.716,59.057,61.455,59.185,61.775,59.113,61.513,0.058,0.21
2015-02-16,61.639,62.498,60.696,61.586,61.692,62.552,60.752,61.692,0.106,0.09
2015-02-17,61.556,62.969,60.248,62.267,61.615,63.024,60.301,62.322,0.055,0.35
2015-02-18,62.249,62.439,60.076,60.126,62.314,62.493,60.131,60.185,0.059,0.29
2015-02-19,59.377,60.959,57.786,60.25,59.432,61.014,57.84,60.303,0.053,0.82
2015-02-20,60.226,61.118,59.805,60.019,60.283,61.174,59.862,60.074,0.055,0.67
2015-02-23,60.006,60.64,58.349,58.98,60.062,60.694,58.404,59.032,0.052,1.04
2015-02-24,59.2,60.248,58.077,58.544,59.252,60.305,58.13,58.626,0.082,0.7
2015-02-25,58.79,62.127,58.387,61.908,58.842,62.184,58.444,61.963,0.055,0.85
2015-02-26,61.738,62.589,59.638,60.478,61.793,62.644,59.692,60.534,0.056,0.73
2015-02-27,60.563,62.798,60.53,62.178,60.646,62.851,60.581,62.256,0.078,0.53
2015-03-02,62.014,62.348,59.317,59.945,62.143,62.405,59.372,60.004,0.059,0.66
2015-03-03,60.038,61.78,59.815,60.904,60.09,61.834,59.872,61.01,0.106,0.82
2015-03-04,60.62,60.896,59.457,60.431,60.75,60.953,59.501,60.63,0.199,1.17
2015-03-05,60.43,61.52,60.079,60.647,60.593,61.573,60.12,60.711,0.064,1.61
2015-03-06,60.702,61.259,59.147,59.777,60.807,61.303,59.191,59.854,0.077,0.73
2015-03-09,59.286,60.01,58.354,58.57,59.407,60.051,58.412,58.646,0.076,0.63
2015-03-10,58.379,58.688,56.107,56.37,58.475,58.744,56.15,56.452,0.082,0.51
2015-03-11,56.394,57.919,55.888,57.894,56.482,57.989,55.942,57.986,0.092,0.48
2015-03-12,57.922,58.789,56.48,56.907,58.039,58.84,56.521,57.022,0.115,0.77
2015-03-13,57.113,57.36,54.566,54.72,57.228,57.426,54.61,54.771,0.051,0.79
2015-03-16,53.955,54.989,52.625,54.052,54.033,55.042,52.69,54.201,0.149,1.16
2015-03-17,54.052,54.34,52.559,53.251,54.194,54.395,52.612,53.363,0.112,0.88
2015-03-18,53.251,56.799,52.676,56.233,53.409,56.854,52.72,56.331,0.098,1.21
2015-03-19,56.086,56.095,53.897,54.374,56.151,56.217,53.94,54.507,0.133,1.05
2015-03-20,54.455,55.639,53.528,55.159,54.533,55.683,53.602,55.235,0.076,1.05
2015-03-23,54.685,56.179,54.098,55.797,54.751,56.222,54.162,55.855,0.058,1.38
2015-03-24,55.77,56.77,54.826,55.348,55.822,56.826,54.881,55.402,0.054,0.94
2015-03-25,55.077,57.13,54.703,56.399,55.121,57.185,54.762,56.552,0.153,0.58
2015-03-26,56.323,59.742,56.256,58.835,56.471,59.804,56.306,58.925,0.09,1.49
2015-03-27,58.967,59.01,55.928,56.15,59.024,59.062,55.98,56.222,0.072,2.95
2015-03-30,56.028,56.619,55.175,56.413,56.104,56.661,55.22,56.573,0.16,4.44
2015-03-31,56.249,56.3,54.696,55.094,56.338,56.369,54.741,55.202,0.108,3.24
2015-04-01,55.106,57.669,54.675,56.6,55.174,57.701,54.721,56.767,0.167,3.53
2015-04-02,56.666,57.249,53.979,55.148,56.721,57.293,54.022,55.192,0.044,2.63
2015-04-06,55.809,58.209,55.503,57.834,55.853,58.255,55.562,57.956,0.122,3.79
2015-04-07,57.808,59.249,56.996,58.45,57.864,59.293,57.051,58.653,0.203,3.35
2015-04-08,58.238,58.69,55.426,56.026,58.294,58.734,55.491,56.175,0.149,2.17
2015-04-09,56.07,57.999,55.939,56.688,56.114,58.042,55.991,56.832,0.144,1.08
2015-04-10,56.829,58.09,56.198,57.899,56.872,58.159,56.27,57.962,0.063,0.95
2015-04-13,57.847,59.51,57.446,57.869,57.893,59.543,57.48,58.044,0.175,1.29
2015-04-14,58.085,59.22,57.714,58.398,58.166,59.265,57.794,58.442,0.044,1.03
2015-04-15,60.078,63.449,60.017,62.64,60.121,63.48,60.05,62.764,0.124,0.59
2015-04-16,62.887,64.84,61.972,63.889,62.944,64.874,62.042,64.034,0.145,1.34
2015-04-17,63.858,64.469,62.928,63.658,63.935,64.531,62.97,63.769,0.111,1.23
2015-04-20,64.195,64.37,62.075,63.464,64.254,64.402,62.131,63.554,0.09,1.59
2015-04-21,63.489,63.489,61.637,61.779,63.53,63.558,61.684,61.911,0.132,1.65
2015-04-22,61.869,63.288,61.365,62.707,61.924,63.331,61.42,62.796,0.089,1.1
2015-04-23,62.828,65.539,62.196,64.741,62.873,65.583,62.25,64.874,0.133,1.49
2015-04-24,64.72,65.76,64.467,65.35,64.764,65.805,64.522,65.456,0.106,1.02
2015-04-27,65.404,65.577,64.399,64.606,65.518,65.631,64.442,64.778,0.172,0.77
2015-04-28,64.667,65.47,63.919,64.543,64.743,65.54,63.97,64.635,0.092,0.93
2015-04-29,64.629,66.69,64.107,65.507,64.662,66.723,64.151,65.645,0.138,1.41
2015-04-30,65.506,66.9,65.365,66.726,65.564,66.934,65.41,66.839,0.113,0.76
2015-05-01,66.76,66.908,65.507,66.458,66.802,66.942,65.543,66.534,0.076,1.25
2015-05-04,66.448,67.079,65.938,66.233,66.493,67.104,65.971,66.356,0.123,0.86
2015-05-05,66.297,68.36,66.118,67.562,66.342,68.404,66.16,67.705,0.143,1.24
2015-05-06,67.659,69.61,67.337,67.446,67.701,69.623,67.371,67.561,0.115,1.21
2015-05-07,67.298,68.459,65.159,65.608,67.374,68.516,65.2,65.69,0.082,1.18
2015-05-08,65.637,66.049,64.217,65.423,65.692,66.092,64.251,65.525,0.102,1.03
2015-05-11,65.377,65.72,64.249,64.749,65.422,65.753,64.275,64.871,0.122,1.64
2015-05-12,64.738,67.359,64.656,67.307,64.783,67.459,64.7,67.382,0.075,1.25
2015-05-13,67.319,68.16,66.708,66.757,67.418,68.194,66.741,66.802,0.045,0.91
2015-05-14,66.949,67.797,66.246,66.629,66.992,67.833,66.29,66.741,0.112,1.2
2015-05-15,66.729,66.98,65.348,66.922,66.761,67.037,65.39,67.012,0.09,1.15
2015-05-18,66.836,67.85,65.909,66.204,66.91,67.927,65.951,66.286,0.082,1.01
2015-05-19,66.179,66.37,63.939,64.405,66.21,66.455,63.97,64.484,0.079,1.78
2015-05-20,64.448,65.142,64.101,64.902,64.535,65.234,64.16,64.995,0.093,1.74
2015-05-21,64.827,66.849,64.826,66.452,64.88,66.905,64.861,66.558,0.106,1.8
2015-05-22,66.508,66.583,65.085,65.513,66.651,66.657,65.12,65.595,0.082,1.56
2015-05-25,65.514,66.199,64.707,65.858,65.628,66.234,64.74,65.901,0.043,0.7
2015-05-26,65.647,65.699,63.267,63.877,65.692,65.741,63.3,63.945,0.068,1.18
2015-05-27,63.846,64.64,61.958,62.221,63.893,64.704,61.991,62.324,0.103,1.07
2015-05-28,62.259,62.93,61.272,62.748,62.302,62.964,61.3,62.853,0.105,1.82
2015-05-29,62.958,65.808,62.673,65.458,62.991,65.843,62.711,65.524,0.066,2.45
2015-06-01,65.27,65.715,64.232,64.868,65.311,65.784,64.28,64.954,0.086,2.14
2015-06-02,64.858,65.81,64.567,65.289,64.911,65.888,64.611,65.421,0.132,2.34
2015-06-03,65.349,65.349,63.488,63.72,65.38,65.45,63.521,63.831,0.111,2.49
2015-06-04,63.789,64.05,61.781,62.059,63.821,64.121,61.83,62.134,0.075,2.17
2015-06-05,61.989,63.388,60.925,63.165,62.12,63.445,60.964,63.251,0.086,2.46
2015-06-08,62.918,63.353,62.447,62.64,62.985,63.394,62.482,62.811,0.171,2.39
2015-06-09,62.778,65.2,62.756,65.081,62.813,65.267,62.802,65.194,0.113,1.61
2015-06-10,65.158,66.34,64.864,65.417,65.191,66.397,64.91,65.461,0.044,1.66
2015-06-11,65.493,66.028,64.5,64.795,65.61,66.097,64.531,64.893,0.098,1.31
2015-06-12,64.848,64.938,63.786,63.817,64.891,64.996,63.83,63.861,0.044,0.97
2015-06-15,64.284,64.739,63.366,63.903,64.372,64.784,63.4,64.011,0.108,1.14
2015-06-16,63.8,64.385,63.41,63.642,63.872,64.433,63.441,63.74,0.098,1.54
2015-06-17,63.628,65.449,62.594,63.677,63.671,65.502,62.63,63.842,0.165,1.82
2015-06-18,63.69,64.94,63.433,64.229,63.742,64.995,63.49,64.389,0.16,1.67
2015-06-19,64.147,64.539,62.338,62.816,64.192,64.596,62.38,62.897,0.081,1.5
2015-06-22,62.496,63.728,62.086,63.208,62.542,63.783,62.13,63.352,0.144,1.45
2015-06-23,63.199,64.869,62.783,64.478,63.23,64.905,62.82,64.631,0.153,1.65
2015-06-24,64.654,65.029,62.997,63.486,64.745,65.075,63.041,63.619,0.133,2.1
2015-06-25,63.499,63.93,62.715,63.334,63.533,63.986,62.76,63.453,0.119,1.77
2015-06-26,63.298,63.59,62.486,63.147,63.341,63.653,62.52,63.224,0.077,1.53
2015-06-29,62.549,62.94,61.337,61.91,62.674,62.995,61.392,62.033,0.123,1.24
2015-06-30,61.886,63.81,61.689,63.132,61.933,63.856,61.751,63.287,0.155,1.34
2015-07-01,63.028,63.329,61.827,62.006,63.126,63.386,61.86,62.08,0.074,1.38
2015-07-02,61.96,63.18,61.74,61.74,62.012,63.226,61.781,61.782,0.042,1.38
2015-07-03,61.767,62.04,60.114,60.45,61.801,62.082,60.141,60.483,0.033,0.66
2015-07-06,59.45,59.929,56.367,56.614,59.518,59.985,56.401,56.733,0.119,1.75
2015-07-07,56.836,57.806,55.089,57.389,56.902,57.833,55.12,57.542,0.153,2.11
2015-07-08,57.219,57.73,55.86,57.201,57.252,57.763,55.89,57.304,0.103,1.82
2015-07-09,57.196,59.23,56.997,58.456,57.253,59.262,57.032,58.544,0.088,1.81
2015-07-10,58.479,59.64,57.856,58.692,58.541,59.673,57.89,58.794,0.102,1.37
2015-07-13,58.069,58.819,56.834,57.836,58.13,58.861,56.901,58.015,0.179,1.64
2015-07-14,57.59,58.8,56.415,58.746,57.73,58.862,56.484,58.823,0.077,1.54
2015-07-15,58.541,58.8,56.848,57.275,58.648,58.851,56.893,57.378,0.103,1.21
2015-07-16,57.29,57.979,56.847,56.851,57.333,58.013,56.88,57.0,0.149,2.61
2015-07-17,56.967,57.329,56.387,57.035,57.002,57.363,56.42,57.115,0.08,2.39
2015-07-20,57.02,57.419,56.316,56.476,57.139,57.452,56.362,56.574,0.098,1.91
2015-07-21,56.485,57.418,56.317,56.96,56.584,57.447,56.351,57.063,0.103,1.97
2015-07-22,56.823,56.878,55.907,56.03,56.95,56.95,55.94,56.158,0.128,2.16
2015-07-23,55.98,56.509,55.087,55.387,56.133,56.537,55.121,55.561,0.174,2.2
2015-07-24,55.345,55.577,54.287,54.584,55.475,55.613,54.32,54.664,0.08,2.12
2015-07-27,54.646,54.87,52.81,52.913,54.692,54.903,52.85,53.028,0.115,2.31
2015-07-28,52.93,54.059,52.277,52.915,53.068,54.091,52.31,53.061,0.146,2.47
2015-07-29,52.946,54.3,52.497,53.486,53.002,54.323,52.531,53.64,0.154,2.41
2015-07-30,53.495,54.359,53.008,53.311,53.581,54.383,53.04,53.424,0.113,2.18
2015-07-31,53.357,53.45,51.607,51.78,53.436,53.483,51.64,51.842,0.062,2.2
2015-08-03,51.749,51.99,49.347,49.489,51.792,52.034,49.39,49.623,0.134,2.54
2015-08-04,49.657,50.43,49.569,50.22,49.701,50.462,49.602,50.293,0.073,1.93
2015-08-05,50.119,50.97,49.006,49.68,50.151,51.003,49.041,49.723,0.043,1.16
2015-08-06,49.72,49.81,48.858,49.575,49.753,49.844,48.9,49.663,0.088,1.06
2015-08-07,49.6,50.049,48.407,48.488,49.633,50.077,48.44,48.581,0.093,1.14
2015-08-10,48.299,50.459,48.207,50.053,48.341,50.503,48.26,50.214,0.161,1.47
2015-08-11,50.196,51.068,48.606,49.308,50.284,51.125,48.64,49.376,0.068,1.52
2015-08-12,49.296,49.979,48.684,49.594,49.361,50.023,48.731,49.743,0.149,1.35
2015-08-13,49.759,50.36,48.827,49.209,49.824,50.416,48.86,49.262,0.053,1.09
2015-08-14,49.431,49.81,48.592,48.614,49.543,49.854,48.68,48.832,0.218,1.94
2015-08-17,48.576,49.419,48.337,48.563,48.623,49.453,48.371,48.706,0.143,2.19
2015-08-18,48.542,49.01,48.236,48.526,48.591,49.063,48.271,48.672,0.146,1.77
2015-08-19,48.478,49.082,46.754,46.861,48.532,49.123,46.802,47.001,0.14,2.22
2015-08-20,47.033,47.349,46.0,46.081,47.083,47.405,46.072,46.392,0.311,2.19
2015-08-21,46.314,46.488,45.067,45.234,46.363,46.616,45.11,45.344,0.11,2.36
2015-08-24,45.202,45.24,42.206,42.396,45.319,45.378,42.248,42.511,0.115,3.53
2015-08-25,42.699,44.458,42.599,43.454,42.812,44.546,42.7,43.535,0.081,3.64
2015-08-26,43.287,43.732,42.795,43.604,43.385,43.8,42.846,43.706,0.102,3.29
2015-08-27,43.699,47.72,43.623,47.323,43.833,47.849,43.731,47.431,0.108,3.56
2015-08-28,47.363,50.956,46.597,49.876,47.413,51.031,46.669,49.988,0.112,3.81
2015-08-31,49.501,54.286,48.235,53.0,49.572,54.352,48.276,53.175,0.175,4.69
2015-09-01,52.584,53.444,48.441,48.566,52.714,53.544,48.515,48.765,0.199,5.17
2015-09-02,48.563,50.977,47.724,50.425,48.655,51.037,47.771,50.627,0.202,5.23
2015-09-03,50.51,52.429,49.839,50.557,50.606,52.474,49.901,50.764,0.207,4.37
2015-09-04,50.685,50.999,49.331,49.331,50.819,51.081,49.381,49.449,0.118,2.58
2015-09-07,49.225,49.41,47.497,47.647,49.373,49.531,47.54,47.802,0.155,0.95
2015-09-08,47.963,49.799,47.606,49.287,48.011,49.901,47.661,49.567,0.28,3.02
2015-09-09,49.284,49.998,47.318,47.35,49.426,50.124,47.391,47.519,0.169,2.19
2015-09-10,47.497,48.93,46.755,48.654,47.588,48.972,46.82,48.792,0.138,2.05
2015-09-11,48.628,48.92,47.148,48.069,48.677,48.982,47.19,48.2,0.131,1.39
2015-09-14,48.097,48.239,46.247,46.429,48.164,48.306,46.293,46.463,0.034,1.07
2015-09-15,47.629,48.149,46.997,47.96,47.712,48.29,47.04,48.262,0.302,2.34
2015-09-16,47.793,50.31,47.751,49.887,47.858,50.352,47.819,49.966,0.079,2.83
2015-09-17,49.957,50.12,48.317,49.179,50.005,50.163,48.353,49.391,0.212,3.6
2015-09-18,49.115,49.73,47.146,47.674,49.195,49.764,47.181,47.785,0.111,3.3
2015-09-21,47.515,48.96,47.49,48.6,47.628,48.994,47.547,48.743,0.143,2.61
2015-09-22,48.496,49.188,47.686,49.107,48.547,49.242,47.721,49.153,0.046,2.6
2015-09-23,49.029,50.229,47.665,47.759,49.078,50.275,47.701,47.897,0.138,2.74
2015-09-24,47.886,48.449,47.386,48.26,47.988,48.482,47.421,48.334,0.074,3.26
2015-09-25,48.204,49.08,47.839,48.25,48.264,49.114,47.882,48.387,0.137,2.8
2015-09-28,48.326,48.378,47.237,47.292,48.395,48.426,47.286,47.45,0.158,2.42
2015-09-29,47.317,48.6,47.225,47.933,47.383,48.633,47.287,48.091,0.158,3.07
2015-09-30,47.938,48.947,47.74,48.414,47.991,48.989,47.812,48.554,0.14,4.42
2015-10-01,48.454,49.808,47.594,48.002,48.553,49.853,47.656,48.133,0.131,4.97
2015-10-02,47.998,48.474,46.887,48.064,48.046,48.515,46.952,48.252,0.188,4.34
2015-10-05,48.268,49.828,48.145,49.196,48.318,49.875,48.21,49.296,0.1,4.0
2015-10-06,49.318,52.229,48.825,52.028,49.381,52.273,48.893,52.191,0.163,4.75
2015-10-07,52.044,53.12,51.199,51.679,52.137,53.162,51.231,51.806,0.127,4.89
2015-10-08,51.668,53.489,51.267,53.247,51.723,53.547,51.311,53.375,0.128,3.6
2015-10-09,53.328,54.02,52.183,52.46,53.384,54.065,52.234,52.576,0.116,2.71
2015-10-12,52.747,53.275,49.745,50.073,52.871,53.326,49.802,50.441,0.368,2.71
2015-10-13,50.313,50.671,48.845,49.153,50.364,50.723,48.91,49.287,0.134,2.62
2015-10-14,49.161,49.481,48.648,49.119,49.211,49.534,48.712,49.152,0.033,1.77
2015-10-15,49.499,50.247,48.687,50.131,49.561,50.378,48.72,50.364,0.233,2.73
2015-10-16,50.139,50.659,49.296,50.386,50.183,50.722,49.342,50.515,0.129,2.5
2015-10-19,50.496,50.52,48.543,48.796,50.573,50.584,48.601,48.953,0.157,1.86
2015-10-20,48.824,49.159,48.195,48.456,48.928,49.213,48.253,48.612,0.156,1.81
2015-10-21,48.468,48.608,47.509,47.807,48.542,48.675,47.573,47.915,0.108,2.42
2015-10-22,47.946,48.695,47.628,48.116,48.004,48.754,47.681,48.272,0.156,2.03
2015-10-23,48.256,48.619,47.426,48.002,48.33,48.675,47.48,48.132,0.13,2.29
2015-10-26,47.915,48.28,47.273,47.339,47.994,48.345,47.33,47.487,0.148,1.49
2015-10-27,47.434,47.529,46.369,46.957,47.537,47.607,46.441,47.058,0.101,1.67
2015-10-28,46.905,49.2,46.565,48.975,46.986,49.254,46.638,49.107,0.132,2.26
2015-10-29,48.991,49.349,48.13,48.542,49.118,49.404,48.2,48.641,0.099,2.55
2015-10-30,48.576,49.968,48.266,49.438,48.688,50.021,48.32,49.471,0.033,2.42
2015-11-02,49.368,49.659,48.558,48.736,49.453,49.727,48.641,48.802,0.066,1.94
2015-11-03,48.898,50.879,48.438,50.288,48.992,50.935,48.491,50.342,0.054,2.25
2015-11-04,50.196,50.828,48.466,48.838,50.276,50.885,48.521,48.891,0.053,2.24
2015-11-05,48.716,48.966,47.9,48.078,48.803,49.022,47.961,48.133,0.055,1.99
2015-11-06,48.064,48.557,47.249,47.607,48.161,48.61,47.312,47.742,0.135,1.86
2015-11-09,47.559,48.379,46.996,47.247,47.636,48.447,47.054,47.421,0.174,1.04
2015-11-10,47.288,47.83,46.936,47.03,47.367,47.91,47.016,47.152,0.122,0.98
2015-11-11,47.031,47.7,45.594,45.839,47.149,47.78,45.672,46.021,0.182,0.84
2015-11-12,45.907,46.23,43.984,43.999,45.989,46.311,44.068,44.078,0.079,1.06
2015-11-13,45.095,45.92,44.128,44.424,45.176,45.975,44.191,44.574,0.15,1.39
2015-11-16,44.529,45.13,43.118,44.826,44.634,45.196,43.187,44.895,0.069,2.69
2015-11-17,44.648,45.07,43.465,43.917,44.826,45.125,43.53,44.027,0.11,2.1
2015-11-18,43.916,44.709,43.3,44.164,44.018,44.764,43.371,44.343,0.179,2.05
2015-11-19,44.253,44.728,43.662,44.209,44.364,44.784,43.731,44.347,0.138,1.81
2015-11-20,44.266,45.469,44.039,44.373,44.332,45.524,44.095,44.479,0.106,1.73
2015-11-23,44.487,45.687,43.541,45.046,44.576,45.755,43.605,45.213,0.167,2.32
2015-11-24,45.096,46.468,44.897,45.886,45.224,46.526,44.96,46.051,0.165,2.03
2015-11-25,46.007,46.469,44.988,46.268,46.072,46.535,45.06,46.334,0.066,1.94
2015-11-26,46.14,46.299,44.97,45.365,46.264,46.365,45.03,45.458,0.093,0.94
2015-11-27,45.547,45.607,44.752,44.776,45.638,45.664,44.832,44.882,0.106,1.22
2015-11-30,44.86,45.718,44.388,44.471,44.912,45.775,44.471,44.591,0.12,1.9
2015-12-01,44.619,45.139,43.982,44.192,44.701,45.204,44.06,44.34,0.148,2.11
2015-12-02,44.287,44.589,42.388,42.63,44.367,44.658,42.47,42.713,0.083,2.29
2015-12-03,42.778,44.657,42.587,44.028,42.894,44.712,42.671,44.091,0.063,2.58
2015-12-04,44.024,44.78,42.638,43.175,44.107,44.837,42.725,43.262,0.087,2.22
2015-12-07,42.769,42.969,40.576,40.587,42.831,43.025,40.631,40.738,0.151,1.76
2015-12-08,40.829,41.42,39.77,40.342,40.891,41.474,39.873,40.49,0.148,2.19
2015-12-09,40.619,41.537,39.572,40.235,40.672,41.591,39.63,40.331,0.096,2.27
2015-12-10,40.413,40.659,39.433,39.476,40.515,40.715,39.516,39.65,0.174,1.3
2015-12-11,39.524,39.709,37.319,37.663,39.61,39.791,37.408,37.819,0.156,1.07
2015-12-14,37.849,38.388,36.295,37.757,37.951,38.479,36.395,37.83,0.073,1.63
2015-12-15,37.809,39.378,37.496,38.297,37.966,39.459,37.595,38.378,0.081,1.54
2015-12-16,38.385,38.706,37.154,37.525,38.471,38.802,37.212,37.585,0.06,2.02
2015-12-17,37.525,37.899,36.767,36.949,37.608,37.955,36.82,37.012,0.063,1.73
2015-12-18,36.837,37.69,36.385,36.583,36.948,37.745,36.44,36.676,0.093,1.62
2015-12-21,36.413,36.686,35.99,36.209,36.502,36.842,36.083,36.264,0.055,1.29
2015-12-22,36.328,36.69,35.958,36.326,36.411,36.744,36.011,36.402,0.076,1.32
2015-12-23,36.367,37.849,36.239,37.746,36.452,37.917,36.338,37.822,0.076,1.52
2015-12-24,37.745,38.05,36.912,37.669,37.825,38.143,36.99,37.742,0.073,0.7
2015-12-28,37.795,37.81,36.394,36.559,37.881,37.889,36.477,36.703,0.144,0.53
2015-12-29,36.547,37.948,36.533,37.343,36.628,38.006,36.616,37.476,0.133,1.08
2015-12-30,37.237,37.485,36.313,36.664,37.327,37.578,36.38,36.752,0.088,1.17
2015-12-31,36.547,37.909,36.079,37.704,36.629,37.991,36.143,37.785,0.081,0.67
2016-01-04,38.336,38.955,36.743,37.216,38.422,39.014,36.814,37.382,0.166,1.94
2016-01-05,37.312,37.545,36.22,36.431,37.431,37.627,36.28,36.582,0.151,1.92
2016-01-06,36.626,36.65,34.094,34.343,36.707,36.731,34.16,34.431,0.088,2.09
2016-01-07,34.468,34.703,32.129,33.702,34.612,34.763,32.2,33.894,0.192,2.97
2016-01-08,34.029,34.668,32.757,33.299,34.11,34.748,32.841,33.38,0.081,1.51
2016-01-11,33.048,33.355,31.173,31.179,33.131,33.439,31.257,31.331,0.152,1.25
2016-01-12,31.43,32.349,30.33,30.662,31.508,32.427,30.43,30.81,0.148,1.42
2016-01-13,31.008,31.889,29.934,30.268,31.115,31.954,30.016,30.349,0.081,1.23
2016-01-14,30.139,31.16,29.69,31.044,30.235,31.231,29.766,31.185,0.141,2.39
2016-01-15,30.787,30.869,28.793,29.194,30.899,30.952,28.871,29.274,0.08,2.4
2016-01-18,28.187,29.535,27.956,28.683,28.269,29.593,28.038,28.791,0.108,1.57
2016-01-19,28.664,30.217,28.575,28.695,28.751,30.273,28.63,28.812,0.117,2.31
2016-01-20,28.628,28.717,27.075,27.708,28.71,28.801,27.13,27.836,0.128,2.64
2016-01-21,27.976,29.799,27.255,29.597,28.121,29.853,27.311,29.754,0.157,2.97
2016-01-22,29.607,32.267,29.263,32.137,29.706,32.328,29.332,32.215,0.078,3.04
2016-01-25,32.426,32.778,29.973,30.016,32.49,32.845,30.055,30.114,0.098,2.39
2016-01-26,29.991,32.683,29.244,31.076,30.11,32.767,29.326,31.156,0.08,1.72
2016-01-27,31.241,33.467,30.815,32.99,31.326,33.548,30.896,33.146,0.156,1.49
2016-01-28,32.71,35.804,32.533,33.916,32.791,35.89,32.615,33.999,0.083,1.3
2016-01-29,35.039,36.14,34.556,35.869,35.122,36.194,34.613,35.952,0.083,2.51
2016-02-01,35.436,36.03,33.905,34.029,35.517,36.085,33.96,34.141,0.112,2.64
2016-02-02,34.068,34.1,32.22,32.466,34.199,34.199,32.275,32.521,0.055,2.54
2016-02-03,32.355,35.456,32.232,35.436,32.44,35.539,32.356,35.521,0.085,3.13
2016-02-04,35.274,35.769,34.134,34.341,35.369,35.831,34.203,34.441,0.1,3.41
2016-02-05,34.335,35.089,33.775,34.083,34.416,35.156,33.834,34.241,0.158,3.08
2016-02-08,34.026,34.64,32.713,33.123,34.117,34.694,32.811,33.281,0.158,2.79
2016-02-09,33.097,33.528,30.253,30.725,33.181,33.586,30.314,30.808,0.083,2.82
2016-02-10,30.87,31.857,30.305,30.907,31.007,31.91,30.381,31.094,0.187,3.0
2016-02-11,30.734,31.329,29.895,31.057,30.851,31.382,29.951,31.11,0.053,2.82
2016-02-12,31.194,33.398,30.836,32.875,31.29,33.465,30.891,32.961,0.086,2.28
2016-02-15,32.839,34.01,32.775,33.966,32.935,34.084,32.832,34.048,0.082,1.08
2016-02-16,34.579,35.506,31.905,32.308,34.731,35.565,31.96,32.364,0.056,2.45
2016-02-17,32.529,34.95,31.795,34.899,32.609,35.037,31.85,35.008,0.109,2.26
2016-02-18,34.83,35.7,33.763,33.993,34.91,35.755,33.845,34.099,0.106,1.99
2016-02-19,33.866,34.428,32.655,33.169,33.949,34.484,32.711,33.278,0.109,1.82
2016-02-22,33.003,34.939,32.993,34.578,33.088,34.994,33.078,34.631,0.053,1.62
2016-02-23,34.478,35.063,32.888,33.007,34.577,35.149,32.965,33.064,0.057,1.06
2016-02-24,32.995,34.604,32.343,34.407,33.076,34.685,32.426,34.489,0.082,1.51
2016-02-25,34.336,35.675,33.245,35.147,34.48,35.756,33.322,35.2,0.053,1.68
2016-02-26,35.048,36.934,34.682,35.04,35.133,37.016,34.765,35.122,0.082,1.82
2016-02-29,35.503,36.709,35.058,36.618,35.58,36.798,35.11,36.722,0.104,1.58
2016-03-01,36.483,37.208,35.925,36.528,36.595,37.264,35.981,36.628,0.1,1.65
2016-03-02,36.614,37.323,36.075,37.028,36.694,37.382,36.131,37.084,0.056,1.61
2016-03-03,36.994,37.319,36.325,36.94,37.075,37.395,36.381,37.061,0.121,1.36
2016-03-04,37.001,38.91,36.805,38.781,37.083,38.975,36.861,38.894,0.113,1.52
2016-03-07,39.409,41.013,38.855,40.702,39.494,41.073,38.91,40.821,0.119,1.47
2016-03-08,40.619,41.45,39.271,39.431,40.761,41.503,39.357,39.569,0.138,1.75
2016-03-09,39.531,41.133,39.335,40.759,39.663,41.185,39.412,40.876,0.117,1.88
2016-03-10,40.85,40.957,39.621,40.192,40.928,41.038,39.677,40.305,0.113,1.96
2016-03-11,40.279,40.996,39.997,40.352,40.361,41.053,40.054,40.469,0.117,1.38
2016-03-14,40.288,40.454,38.795,39.648,40.401,40.536,38.851,39.768,0.12,1.35
2016-03-15,39.581,39.684,38.297,38.915,39.722,39.767,38.356,39.029,0.114,1.32
2016-03-16,39.088,40.394,38.804,40.246,39.172,40.449,38.858,40.301,0.055,1.42
2016-03-17,40.429,41.56,40.36,41.438,40.525,41.615,40.443,41.495,0.057,1.54
2016-03-18,41.319,42.51,41.047,41.404,41.411,42.565,41.1,41.435,0.031,1.58
2016-03-21,41.024,41.837,40.457,41.493,41.102,41.891,40.51,41.59,0.097,1.31
2016-03-22,41.423,42.029,40.96,41.573,41.511,42.104,41.011,41.678,0.105,1.43
2016-03-23,41.526,41.776,40.395,40.46,41.61,41.832,40.451,40.557,0.097,1.4
2016-03-24,40.281,40.584,39.168,40.364,40.362,40.667,39.251,40.476,0.112,1.84
2016-03-28,40.566,40.943,39.589,40.12,40.666,41.025,39.671,40.236,0.116,1.28
2016-03-29,40.143,40.197,38.708,39.291,40.227,40.28,38.794,39.4,0.109,1.35
2016-03-30,39.358,40.545,39.037,39.252,39.44,40.627,39.122,39.334,0.082,1.2
2016-03-31,39.758,40.816,39.476,40.081,39.844,40.871,39.532,40.138,0.057,1.16
2016-04-01,40.095,40.398,38.526,38.598,40.176,40.454,38.581,38.738,0.14,1.23
2016-04-04,38.283,38.89,37.432,37.476,38.365,38.945,37.532,37.535,0.059,1.08
2016-04-05,37.45,38.395,37.241,38.363,37.536,38.466,37.295,38.466,0.103,1.12
2016-04-06,38.323,39.904,38.297,39.719,38.403,39.962,38.375,39.774,0.055,1.27
2016-04-07,39.843,40.223,38.676,39.586,39.951,40.307,38.731,39.71,0.124,1.14
2016-04-08,39.61,41.969,39.593,41.683,39.691,42.024,39.674,41.834,0.151,1.25
2016-04-11,42.303,43.03,41.387,42.709,42.381,43.083,41.443,42.842,0.133,1.41
2016-04-12,42.588,44.773,42.513,44.16,42.704,44.835,42.583,44.276,0.116,1.63
2016-04-13,44.258,44.91,43.737,43.82,44.347,44.964,43.791,43.913,0.093,1.63
2016-04-14,43.94,44.597,43.267,43.825,44.032,44.644,43.32,43.885,0.06,1.33
2016-04-15,43.726,44.022,42.268,42.953,43.81,44.082,42.33,43.105,0.152,1.3
2016-04-18,40.939,43.39,40.547,43.114,40.94,43.462,40.604,43.166,0.052,1.88
2016-04-19,43.066,44.467,42.548,43.939,43.182,44.526,42.631,44.053,0.114,1.63
2016-04-20,43.406,45.793,42.768,45.512,43.531,45.91,42.847,45.615,0.103,1.53
2016-04-21,45.515,46.157,44.435,44.709,45.573,46.201,44.47,44.815,0.106,3.64
2016-04-22,44.754,45.868,44.278,45.083,44.82,45.913,44.32,45.196,0.113,0.85
2016-04-25,44.749,45.56,44.235,44.743,44.804,45.616,44.295,44.861,0.118,0.67
2016-04-26,44.675,46.458,44.335,46.362,44.775,46.511,44.391,46.417,0.055,0.6
2016-04-27,46.24,47.42,45.61,47.195,46.298,47.474,45.668,47.263,0.068,0.83
2016-04-28,47.099,48.16,46.704,48.107,47.16,48.214,46.758,48.162,0.055,0.64
2016-04-29,47.548,48.26,46.753,47.325,47.603,48.306,46.811,47.384,0.059,0.65
2016-05-02,47.032,47.314,45.695,45.898,47.086,47.358,45.752,45.951,0.053,0.64
2016-05-03,45.738,46.38,44.607,45.212,45.8,46.424,44.641,45.268,0.056,0.73
2016-05-04,45.185,45.989,44.184,44.902,45.254,46.022,44.216,44.957,0.055,0.77
2016-05-05,45.148,46.749,44.637,45.177,45.201,46.804,44.671,45.232,0.055,0.79
2016-05-06,45.099,46.08,44.177,45.294,45.153,46.11,44.211,45.345,0.051,0.85
2016-05-09,46.136,46.269,43.476,43.498,46.191,46.32,43.521,43.554,0.056,0.76
2016-05-10,43.461,45.672,43.296,45.42,43.516,45.706,43.35,45.543,0.123,0.77
2016-05-11,45.584,47.72,44.796,47.264,45.653,47.753,44.831,47.319,0.055,0.77
2016-05-12,47.238,48.165,46.79,47.891,47.361,48.197,46.82,47.948,0.057,0.82
2016-05-13,47.787,48.088,47.269,47.829,47.854,48.122,47.3,47.881,0.052,0.76
2016-05-16,47.911,49.449,47.784,49.047,47.969,49.481,47.837,49.114,0.067,0.71
2016-05-17,49.002,49.688,48.557,49.503,49.115,49.754,48.59,49.608,0.105,0.78
2016-05-18,49.35,49.81,48.425,48.475,49.409,49.843,48.48,48.587,0.112,0.93
2016-05-19,48.673,48.848,47.373,48.801,48.726,48.92,47.406,48.92,0.119,1.01
2016-05-20,48.863,49.358,48.058,48.786,48.962,49.405,48.092,48.845,0.059,1.01
2016-05-23,48.626,48.626,47.556,48.297,48.685,48.685,47.61,48.409,0.112,1.34
2016-05-24,48.294,49.218,47.776,49.04,48.362,49.27,47.82,49.161,0.121,1.21
2016-05-25,49.153,49.933,48.885,49.847,49.209,50.0,48.942,49.905,0.058,1.06
2016-05-26,49.727,50.48,49.229,49.44,49.784,50.534,49.284,49.545,0.105,0.84
2016-05-27,49.389,49.521,48.67,49.373,49.444,49.578,48.726,49.429,0.056,0.67
2016-05-30,49.473,49.796,48.894,49.685,49.529,49.855,48.946,49.742,0.057,0.21
2016-05-31,50.246,50.84,49.529,49.539,50.305,50.892,49.57,49.594,0.055,0.47
2016-06-01,49.585,49.977,48.636,49.678,49.641,50.024,48.682,49.731,0.053,0.58
2016-06-02,49.637,50.279,48.838,49.902,49.71,50.323,48.87,49.955,0.053,0.69
2016-06-03,49.919,50.304,49.289,49.762,49.971,50.337,49.322,49.819,0.057,0.58
2016-06-06,49.724,50.804,49.724,50.484,49.779,50.838,49.779,50.571,0.087,0.48
2016-06-07,50.396,51.51,50.248,51.427,50.476,51.564,50.303,51.54,0.113,0.46
2016-06-08,51.421,52.77,51.307,52.709,51.478,52.833,51.34,52.761,0.052,0.57
2016-06-09,52.757,52.82,51.506,51.759,52.812,52.877,51.555,51.884,0.125,1.36
2016-06-10,51.879,52.068,50.308,50.459,51.932,52.122,50.351,50.513,0.054,1.67
2016-06-13,50.192,50.76,49.585,49.952,50.246,50.808,49.636,50.067,0.115,1.76
2016-06-14,49.843,50.02,49.173,49.173,49.898,50.067,49.252,49.295,0.122,1.49
2016-06-15,49.196,49.769,48.365,48.56,49.255,49.819,48.415,48.612,0.052,1.93
2016-06-16,48.535,48.733,46.918,47.0,48.64,48.789,46.965,47.052,0.052,1.88
2016-06-17,47.246,49.336,47.244,49.259,47.3,49.389,47.298,49.311,0.052,1.67
2016-06-20,49.406,50.659,49.336,50.357,49.462,50.698,49.39,50.412,0.055,1.5
2016-06-21,50.378,51.067,49.452,50.895,50.443,51.124,49.495,50.952,0.057,0.95
2016-06-22,51.003,51.22,49.158,49.757,51.103,51.263,49.203,49.866,0.109,1.0
2016-06-23,50.101,50.975,49.866,50.923,50.213,51.027,49.915,50.976,0.053,1.08
2016-06-24,50.596,50.703,47.515,48.38,50.666,50.765,47.57,48.493,0.113,1.57
2016-06-27,47.898,48.873,46.667,47.504,47.953,48.929,46.72,47.557,0.053,0.96
2016-06-28,47.555,48.758,47.445,48.724,47.636,48.811,47.5,48.778,0.054,0.72
2016-06-29,48.805,50.7,48.603,50.512,48.863,50.756,48.656,50.569,0.057,0.52
2016-06-30,50.899,50.985,49.52,49.783,50.964,51.04,49.567,49.837,0.054,1.61
2016-07-01,49.841,50.62,49.227,50.598,49.9,50.681,49.278,50.654,0.056,1.54
2016-07-04,50.43,50.719,50.003,50.074,50.488,50.773,50.051,50.128,0.054,0.78
2016-07-05,50.013,50.024,47.517,48.189,50.068,50.08,47.571,48.242,0.053,1.74
2016-07-06,48.021,49.272,47.153,49.238,48.076,49.326,47.201,49.293,0.055,2.23
2016-07-07,49.104,49.56,46.134,46.49,49.156,49.615,46.18,46.542,0.052,2.21
2016-07-08,46.599,47.196,46.127,46.592,46.651,47.255,46.177,46.646,0.054,2.13
2016-07-11,46.438,47.07,45.876,46.029,46.495,47.125,45.928,46.136,0.107,1.85
2016-07-12,46.095,48.541,46.063,48.203,46.163,48.596,46.117,48.257,0.054,1.99
2016-07-13,48.092,48.158,46.056,46.582,48.146,48.214,46.111,46.636,0.054,1.8
2016-07-14,46.597,47.44,46.319,47.138,46.655,47.495,46.372,47.191,0.053,1.88
2016-07-15,46.962,48.023,46.629,47.889,47.017,48.079,46.68,47.943,0.054,1.68
2016-07-18,47.681,47.878,46.476,46.93,47.736,47.931,46.528,46.982,0.052,1.58
2016-07-19,46.884,47.459,46.511,46.646,46.964,47.515,46.566,46.702,0.056,1.51
2016-07-20,46.747,47.46,45.877,47.08,46.824,47.515,45.926,47.133,0.053,1.41
2016-07-21,47.124,47.536,46.015,46.045,47.176,47.59,46.08,46.096,0.051,1.59
2016-07-22,46.191,46.474,45.146,45.679,46.248,46.527,45.2,45.733,0.054,1.62
2016-07-25,45.691,45.843,44.526,44.668,45.75,45.896,44.582,44.724,0.056,0.57
2016-07-26,44.762,44.929,44.106,44.538,44.817,44.984,44.162,44.593,0.055,0.7
2016-07-27,44.552,44.88,43.291,43.384,44.605,44.938,43.321,43.439,0.055,0.68
2016-07-28,43.498,43.676,42.539,42.651,43.573,43.732,42.593,42.709,0.058,0.56
2016-07-29,43.107,43.574,42.496,43.349,43.16,43.626,42.542,43.403,0.054,1.17
2016-08-01,43.234,43.825,41.843,42.202,43.288,43.876,41.896,42.258,0.056,1.19
2016-08-02,42.259,43.142,41.485,41.906,42.313,43.2,41.536,41.962,0.056,1.43
2016-08-03,41.892,43.414,41.545,43.402,41.946,43.473,41.604,43.455,0.053,2.01
2016-08-04,43.375,44.3,42.485,44.158,43.431,44.37,42.544,44.214,0.056,1.95
2016-08-05,44.147,44.459,43.485,44.37,44.201,44.513,43.54,44.441,0.071,1.86
2016-08-08,44.329,45.679,44.226,45.16,44.385,45.734,44.28,45.212,0.052,1.57
2016-08-09,45.185,45.73,44.725,44.972,45.241,45.79,44.784,45.029,0.057,1.67
2016-08-10,44.914,45.634,43.79,43.806,44.965,45.699,43.842,43.862,0.056,1.83
2016-08-11,43.767,46.27,43.437,45.938,43.82,46.333,43.495,45.994,0.056,2.05
2016-08-12,46.163,47.217,45.726,47.159,46.217,47.275,45.776,47.211,0.052,1.75
2016-08-15,47.037,48.5,46.816,48.262,47.095,48.554,46.87,48.316,0.054,1.37
2016-08-16,48.17,49.329,47.866,49.007,48.224,49.382,47.92,49.06,0.053,1.72
2016-08-17,48.88,49.9,48.529,49.803,48.94,49.954,48.575,49.857,0.054,1.77
2016-08-18,49.72,51.02,49.488,50.88,49.773,51.071,49.543,50.936,0.056,1.55
2016-08-19,50.896,51.19,50.305,50.82,50.971,51.24,50.35,50.877,0.057,1.59
2016-08-22,50.411,50.458,49.078,49.15,50.466,50.514,49.13,49.204,0.054,1.56
2016-08-23,48.996,50.178,48.47,49.465,49.055,50.224,48.521,49.519,0.054,1.64
2016-08-24,49.495,49.839,48.661,49.026,49.553,49.882,48.714,49.084,0.058,1.7
2016-08-25,49.0,49.75,48.678,49.654,49.056,49.819,48.732,49.718,0.064,0.62
2016-08-26,49.621,50.719,49.09,49.705,49.69,50.781,49.151,49.772,0.067,0.71
2016-08-29,49.44,49.564,48.942,49.205,49.503,49.635,49.005,49.281,0.076,0.49
2016-08-30,49.21,49.735,48.205,48.316,49.276,49.796,48.273,48.384,0.068,0.55
2016-08-31,48.585,48.744,46.752,46.979,48.647,48.811,46.81,47.043,0.064,1.14
2016-09-01,46.985,47.21,45.295,45.735,47.045,47.27,45.355,45.805,0.07,1.35
2016-09-02,45.765,46.985,45.38,46.72,45.825,47.045,45.44,46.78,0.06,1.51
2016-09-05,46.505,49.345,46.375,47.385,46.575,49.405,46.435,47.445,0.06,1.59
2016-09-06,47.425,47.965,46.265,47.325,47.485,48.025,46.315,47.385,0.06,1.51
2016-09-07,47.19,48.52,46.945,48.475,47.25,48.585,47.0,48.545,0.07,1.45
2016-09-08,48.525,50.095,48.18,49.675,48.585,50.155,48.24,49.735,0.06,1.55
2016-09-09,49.655,49.655,47.73,47.795,49.715,49.715,47.79,47.855,0.06,1.53
2016-09-12,47.6,48.59,46.875,48.135,47.66,48.65,46.935,48.195,0.06,1.88
2016-09-13,48.145,48.19,46.94,47.115,48.205,48.26,46.99,47.185,0.07,1.78
2016-09-14,47.245,47.455,45.685,45.95,47.305,47.515,45.735,46.01,0.06,1.75
2016-09-15,46.045,46.97,45.655,46.305,46.105,47.025,45.71,46.365,0.06,1.76
2016-09-16,46.225,46.375,45.465,45.975,46.285,46.425,45.52,46.035,0.06,1.56
2016-09-19,46.395,46.885,45.825,45.865,46.455,46.945,45.885,45.925,0.06,1.24
2016-09-20,45.88,46.265,45.065,46.1,45.94,46.325,45.125,46.16,0.06,1.55
2016-09-21,46.435,47.1,46.355,47.085,46.495,47.155,46.415,47.145,0.06,2.06
2016-09-22,47.01,47.8,47.01,47.49,47.07,47.855,47.07,47.55,0.06,1.32
2016-09-23,47.35,48.225,45.63,46.05,47.41,48.285,45.685,46.11,0.06,1.93
2016-09-26,46.265,47.625,45.715,46.925,46.325,47.685,45.765,46.985,0.06,0.93
2016-09-27,47.04,47.25,45.605,46.26,47.1,47.31,45.665,46.32,0.06,0.85
2016-09-28,46.205,48.925,45.7,48.75,46.265,48.985,45.76,48.81,0.06,1.12
2016-09-29,48.785,49.775,47.96,49.1,48.845,49.835,48.02,49.16,0.06,0.87
2016-09-30,49.745,50.235,48.885,50.005,49.805,50.295,48.935,50.065,0.06,1.34
2016-10-03,49.78,51.105,49.735,50.785,49.84,51.165,49.795,50.845,0.06,1.2
2016-10-04,50.815,51.305,50.305,51.235,50.905,51.365,50.365,51.295,0.06,1.54
2016-10-05,51.225,52.065,51.21,51.67,51.295,52.125,51.27,51.73,0.06,1.27
2016-10-06,51.7,52.69,51.3,52.615,51.76,52.75,51.355,52.675,0.06,1.18
2016-10-07,52.625,52.81,51.305,51.665,52.705,52.87,51.365,51.725,0.06,1.45
2016-10-10,51.335,53.705,51.29,52.875,51.395,53.765,51.35,52.985,0.11,1.39
2016-10-11,53.02,53.255,52.09,52.525,53.08,53.33,52.145,52.585,0.06,1.53
2016-10-12,52.45,52.835,51.595,51.695,52.51,52.895,51.65,51.755,0.06,1.29
2016-10-13,51.565,52.115,50.895,51.94,51.625,52.175,50.955,52.0,0.06,1.41
2016-10-14,51.98,52.52,51.475,51.965,52.04,52.58,51.535,52.025,0.06,1.36
2016-10-17,51.765,52.26,51.135,51.61,51.825,52.315,51.19,51.67,0.06,1.19
2016-10-18,51.7,52.095,51.235,52.075,51.76,52.155,51.29,52.135,0.06,0.95
2016-10-19,52.09,53.1,52.065,52.535,52.15,53.155,52.125,52.595,0.06,0.97
2016-10-20,52.595,52.69,51.145,51.365,52.655,52.75,51.205,51.425,0.06,1.08
2016-10-21,51.355,51.855,51.1,51.845,51.455,51.915,51.16,51.905,0.06,1.17
2016-10-24,51.495,51.97,50.475,51.4,51.555,52.025,50.535,51.46,0.06,1.24
2016-10-25,51.405,51.795,50.195,50.215,51.505,51.855,50.255,50.275,0.06,0.71
2016-10-26,50.195,50.65,49.62,49.925,50.255,50.715,49.68,49.995,0.07,0.66
2016-10-27,49.995,50.86,49.805,50.295,50.055,50.92,49.875,50.365,0.07,0.52
2016-10-28,50.365,50.545,49.285,49.73,50.435,50.605,49.355,49.79,0.06,0.28
2016-10-31,50.31,50.735,48.435,48.52,50.37,50.785,48.485,48.58,0.06,0.35
2016-11-01,48.765,49.235,47.71,47.9,48.825,49.285,47.76,47.96,0.06,0.52
2016-11-02,47.845,47.995,46.465,47.035,47.945,48.055,46.495,47.145,0.11,0.43
2016-11-03,47.125,47.485,45.975,46.325,47.245,47.545,46.025,46.385,0.06,0.37
2016-11-04,46.385,46.53,45.065,45.555,46.445,46.59,45.11,45.595,0.04,0.54
2016-11-07,45.875,46.36,45.365,46.275,45.965,46.41,45.42,46.335,0.06,0.09
2016-11-08,46.245,46.655,45.585,45.87,46.305,46.705,45.63,45.93,0.06,0.42
2016-11-09,46.045,46.925,44.37,46.505,46.105,46.97,44.43,46.575,0.07,1.02
2016-11-10,46.29,46.895,45.535,45.57,46.35,46.945,45.595,45.63,0.06,0.64
2016-11-11,45.715,45.87,44.17,44.59,45.775,45.92,44.23,44.65,0.06,0.48
2016-11-14,44.925,44.965,43.555,44.7,44.985,45.01,43.605,44.76,0.06,0.56
2016-11-15,44.695,47.205,44.64,46.925,44.755,47.255,44.7,46.985,0.06,0.62
2016-11-16,46.885,47.515,46.225,46.335,46.955,47.55,46.285,46.395,0.06,0.68
2016-11-17,46.405,47.585,45.985,46.02,46.465,47.625,46.045,46.08,0.06,0.6
2016-11-18,46.04,46.955,45.735,46.795,46.1,46.985,45.775,46.855,0.06,0.61
2016-11-21,47.335,49.135,47.14,48.99,47.395,49.175,47.2,49.05,0.06,0.5
2016-11-22,49.27,49.935,48.125,48.995,49.33,49.975,48.165,49.055,0.06,0.69
2016-11-23,49.205,49.47,48.54,48.895,49.265,49.51,48.58,48.965,0.07,0.65
2016-11-24,49.055,49.185,48.745,48.92,49.115,49.225,48.785,48.98,0.06,0.18
2016-11-25,48.94,48.995,46.97,47.07,49.0,49.055,47.03,47.13,0.06,0.09
2016-11-28,46.455,48.775,46.445,47.995,46.515,48.835,46.51,48.055,0.06,0.14
2016-11-29,48.05,48.075,45.905,46.375,48.11,48.135,45.965,46.435,0.06,0.13
2016-11-30,47.385,52.335,47.385,51.385,47.455,52.375,47.455,51.455,0.07,1.29
2016-12-01,51.64,54.5,51.505,53.655,51.7,54.54,51.54,53.725,0.07,0.87
2016-12-02,53.855,54.475,52.825,54.395,53.925,54.515,52.865,54.455,0.06,0.68
2016-12-05,53.925,55.295,53.745,54.175,53.985,55.325,53.805,54.235,0.06,0.58
2016-12-06,54.45,54.915,53.505,53.915,54.51,54.955,53.54,53.975,0.06,0.52
2016-12-07,53.905,54.205,52.905,52.985,53.965,54.245,52.945,53.045,0.06,0.59
2016-12-08,53.135,54.005,52.785,53.915,53.195,54.065,52.835,53.975,0.06,0.63
2016-12-09,53.96,54.435,53.74,54.25,54.02,54.475,53.8,54.31,0.06,0.49
2016-12-12,56.54,57.225,55.105,55.385,56.6,57.265,55.145,55.445,0.06,0.71
2016-12-13,55.65,56.415,55.13,55.275,55.71,56.455,55.165,55.335,0.06,0.58
2016-12-14,55.13,55.77,53.55,53.685,55.19,55.815,53.61,53.745,0.06,0.66
2016-12-15,53.76,54.465,53.13,54.145,53.82,54.51,53.17,54.215,0.07,0.59
2016-12-16,54.13,55.355,53.695,55.32,54.19,55.395,53.735,55.38,0.06,0.52
2016-12-19,55.4,55.77,54.665,54.99,55.46,55.83,54.725,55.05,0.06,0.43
2016-12-20,54.985,55.895,54.715,55.465,55.045,55.935,54.775,55.575,0.11,0.4
2016-12-21,55.535,55.845,54.295,54.505,55.595,55.885,54.335,54.565,0.06,0.43
2016-12-22,54.525,55.21,54.035,54.81,54.595,55.25,54.075,54.87,0.06,0.41
2016-12-23,54.785,55.22,54.235,55.015,54.855,55.28,54.295,55.075,0.06,0.39
2016-12-27,55.155,56.235,55.015,56.025,55.225,56.295,55.075,56.095,0.07,0.36
2016-12-28,55.955,56.525,55.86,56.16,56.025,56.585,55.92,56.22,0.06,0.35
2016-12-29,56.69,57.285,56.65,56.815,56.75,57.355,56.695,56.905,0.09,0.4
2016-12-30,56.965,57.175,56.445,56.735,57.025,57.225,56.485,56.775,0.04,0.33
2017-01-03,57.025,58.355,55.27,55.595,57.105,58.405,55.33,55.695,0.1,0.68
2017-01-04,55.735,56.51,55.315,56.445,55.795,56.565,55.37,56.505,0.06,0.58
2017-01-05,56.315,57.325,56.005,56.875,56.375,57.375,56.055,56.945,0.07,0.53
2017-01-06,56.815,57.44,56.275,56.795,56.905,57.5,56.325,56.855,0.06,0.49
2017-01-09,56.955,56.975,54.715,54.725,57.015,57.035,54.775,54.785,0.06,0.2
2017-01-10,54.925,55.33,53.555,53.6,54.985,55.38,53.615,53.66,0.06,0.15
2017-01-11,53.76,55.645,53.655,55.225,53.82,55.685,53.725,55.285,0.06,0.65
2017-01-12,55.135,56.405,54.99,56.025,55.195,56.445,55.05,56.085,0.06,0.57
2017-01-13,55.965,56.175,55.265,55.565,56.025,56.235,55.305,55.625,0.06,0.58
2017-01-16,55.525,55.895,55.18,55.655,55.585,55.935,55.22,55.735,0.08,0.29
2017-01-17,55.755,56.915,55.395,55.465,55.815,56.955,55.435,55.525,0.06,0.53
2017-01-18,55.445,55.865,53.755,54.25,55.565,55.905,53.795,54.31,0.06,0.56
2017-01-19,54.245,54.74,53.89,54.125,54.335,54.78,53.93,54.255,0.13,0.58
2017-01-20,54.29,55.776,54.16,55.445,54.35,55.815,54.2,55.505,0.06,0.49
2017-01-23,55.525,55.595,54.635,55.31,55.585,55.655,54.675,55.37,0.06,0.48
2017-01-24,55.365,55.825,55.055,55.145,55.425,55.865,55.095,55.265,0.12,0.48
2017-01-25,55.205,55.625,54.745,55.275,55.265,55.665,54.785,55.335,0.06,0.62
2017-01-26,55.365,56.525,55.185,56.065,55.425,56.585,55.245,56.135,0.07,0.86
2017-01-27,56.055,56.455,54.825,55.395,56.115,56.515,54.905,55.455,0.06,0.71
2017-01-30,55.265,55.665,54.935,55.19,55.325,55.725,54.995,55.25,0.06,0.62
2017-01-31,55.35,56.415,54.965,55.595,55.41,56.465,55.0,55.655,0.06,0.45
2017-02-01,55.53,56.795,55.335,56.51,55.59,56.855,55.4,56.57,0.06,0.53
2017-02-02,56.46,57.405,56.315,56.665,56.52,57.46,56.37,56.725,0.06,0.49
2017-02-03,56.895,57.265,56.37,56.79,56.955,57.315,56.42,56.85,0.06,0.53
2017-02-06,56.865,57.105,55.635,55.83,56.925,57.155,55.685,55.89,0.06,0.42
2017-02-07,55.88,55.946,54.585,54.605,55.94,56.015,54.665,54.69,0.085,0.52
2017-02-08,54.424,55.655,54.414,55.135,54.495,55.71,54.485,55.215,0.08,1.03
2017-02-09,55.255,55.895,55.21,55.69,55.405,55.945,55.27,55.75,0.06,0.47
2017-02-10,55.635,56.85,55.575,56.595,55.705,56.9,55.625,56.655,0.06,0.43
2017-02-13,56.465,56.765,55.405,55.535,56.565,56.81,55.455,55.595,0.06,0.41
2017-02-14,55.675,56.425,55.52,55.77,55.735,56.48,55.565,55.83,0.06,0.44
2017-02-15,55.775,56.225,55.545,55.635,55.835,56.275,55.59,55.695,0.06,0.46
2017-02-16,55.685,56.215,55.115,55.75,55.755,56.27,55.165,55.81,0.06,0.44
2017-02-17,55.695,55.85,55.085,55.705,55.765,55.905,55.135,55.765,0.06,0.35
2017-02-20,55.795,56.395,55.67,56.11,55.855,56.44,55.73,56.17,0.06,0.21
2017-02-21,56.095,57.275,56.075,56.58,56.185,57.325,56.135,56.64,0.06,0.41
2017-02-22,56.71,56.975,55.615,56.085,56.77,57.035,55.675,56.155,0.07,0.53
2017-02-23,56.165,57.225,56.15,56.44,56.235,57.285,56.21,56.5,0.06,0.86
2017-02-24,56.385,56.64,55.715,56.025,56.455,56.7,55.775,56.085,0.06,0.55
2017-02-27,55.995,56.715,55.88,55.895,56.055,56.775,55.94,55.955,0.06,0.51
2017-02-28,56.48,56.61,55.595,56.465,56.54,56.67,55.655,56.575,0.11,0.34
2017-03-01,56.425,57.025,56.215,56.245,56.485,57.075,56.275,56.305,0.06,0.38
2017-03-02,56.295,56.415,55.005,55.01,56.355,56.47,55.065,55.07,0.06,0.39
2017-03-03,55.16,55.925,55.06,55.775,55.22,55.975,55.12,55.835,0.06,0.28
2017-03-06,55.755,56.225,55.305,55.945,55.835,56.275,55.355,56.005,0.06,0.36
2017-03-07,55.895,56.615,55.535,55.555,56.015,56.671,55.595,55.615,0.06,0.37
2017-03-08,55.595,55.745,52.92,53.1,55.655,55.795,52.965,53.16,0.06,0.5
2017-03-09,53.385,53.82,51.505,52.435,53.445,53.875,51.545,52.495,0.06,0.97
2017-03-10,52.34,52.985,51.145,51.23,52.4,53.045,51.175,51.29,0.06,0.68
2017-03-13,50.995,51.665,50.895,51.335,51.055,51.725,50.955,51.445,0.11,0.55
2017-03-14,51.25,51.825,50.235,51.795,51.31,51.915,50.285,51.905,0.11,0.68
2017-03-15,51.45,52.075,51.345,51.975,51.51,52.185,51.4,52.085,0.11,0.6
2017-03-16,52.065,52.625,51.485,51.675,52.125,52.705,51.535,51.785,0.11,0.5
2017-03-17,51.765,52.145,51.515,51.725,51.825,52.195,51.565,51.765,0.04,0.3
2017-03-20,51.35,51.915,50.995,51.645,51.41,51.975,51.035,51.755,0.11,0.4
2017-03-21,51.75,52.19,50.725,50.785,51.835,52.265,50.765,50.895,0.11,0.32
2017-03-22,50.935,50.95,49.7,50.695,50.995,51.025,49.74,50.805,0.11,0.55
2017-03-23,50.945,51.065,50.235,50.455,51.005,51.115,50.285,50.565,0.11,0.35
2017-03-24,50.645,51.025,50.385,50.985,50.715,51.065,50.435,51.025,0.04,0.35
2017-03-27,51.0,51.0,50.005,50.8,51.06,51.06,50.065,50.895,0.095,1.09
2017-03-28,50.795,51.845,50.755,51.325,50.885,51.915,50.835,51.435,0.11,2.71
2017-03-29,51.39,52.435,51.315,52.425,51.485,52.51,51.415,52.505,0.08,2.94
2017-03-30,52.345,53.065,52.01,52.865,52.445,53.135,52.07,52.955,0.09,1.43
2017-03-31,52.975,53.735,52.575,53.63,53.035,53.795,52.635,53.69,0.06,1.81
2017-04-03,53.425,53.69,53.02,53.06,53.485,53.745,53.065,53.12,0.06,1.71
2017-04-04,53.16,54.335,52.705,54.16,53.22,54.435,52.765,54.245,0.085,1.59
2017-04-05,54.18,55.055,53.955,54.015,54.265,55.115,54.015,54.075,0.06,1.75
2017-04-06,54.095,54.965,53.99,54.845,54.155,55.025,54.05,54.925,0.08,1.34
2017-04-07,54.805,56.05,54.545,55.22,54.915,56.145,54.595,55.28,0.06,1.5
2017-04-10,55.355,56.015,55.2,55.975,55.415,56.085,55.26,56.035,0.06,0.73
2017-04-11,55.985,56.26,55.435,56.245,56.095,56.345,55.485,56.305,0.06,0.75
2017-04-12,56.21,56.615,55.455,55.54,56.27,56.675,55.535,55.6,0.06,1.26
2017-04-13,55.595,56.035,55.535,55.555,55.705,56.095,55.605,55.675,0.12,2.17
2017-04-17,55.715,55.94,55.245,55.45,55.805,56.005,55.325,55.535,0.085,1.86
2017-04-18,55.375,55.45,54.585,54.79,55.485,55.515,54.645,54.85,0.06,2.76
2017-04-19,54.745,55.165,52.555,53.05,54.855,55.22,52.615,53.135,0.085,3.04
2017-04-20,53.05,53.51,52.655,52.97,53.14,53.565,52.715,53.03,0.06,3.46
2017-04-21,52.985,53.275,51.55,51.93,53.085,53.325,51.605,51.99,0.06,3.64
2017-04-24,52.195,52.545,51.4,51.535,52.295,52.595,51.455,51.625,0.09,2.84
2017-04-25,51.575,52.36,51.275,51.865,51.685,52.42,51.335,51.925,0.06,2.67
2017-04-26,51.795,52.42,51.395,51.45,51.855,52.46,51.445,51.51,0.06,2.62
2017-04-27,51.57,51.68,50.435,51.45,51.665,51.765,50.495,51.51,0.06,0.62
2017-04-28,51.92,52.565,51.595,51.835,51.98,52.635,51.655,51.895,0.06,0.66
2017-05-01,51.885,51.94,51.195,51.39,51.995,52.005,51.255,51.45,0.06,2.25
2017-05-02,51.345,52.125,50.135,50.92,51.445,52.175,50.185,50.98,0.06,4.02
2017-05-03,50.89,51.105,50.175,50.495,50.97,51.165,50.235,50.555,0.06,4.32
2017-05-04,50.56,50.695,48.14,48.365,50.655,50.775,48.195,48.425,0.06,5.3
2017-05-05,48.395,49.595,46.61,49.355,48.445,49.62,46.68,49.415,0.06,6.35
2017-05-08,49.835,49.895,48.455,49.4,49.945,49.955,48.515,49.46,0.06,6.17
2017-05-09,49.385,49.695,48.375,48.925,49.495,49.755,48.435,48.985,0.06,4.64
2017-05-10,48.88,50.605,48.79,50.215,48.94,50.655,48.85,50.255,0.04,5.71
2017-05-11,50.245,51.125,50.215,50.735,50.315,51.175,50.275,50.795,0.06,5.02
2017-05-12,50.73,51.055,50.31,50.845,50.82,51.115,50.365,50.905,0.06,4.21
2017-05-15,50.72,52.595,50.705,51.745,50.8,52.635,50.775,51.805,0.06,5.61
2017-05-16,51.87,52.325,51.16,51.23,51.93,52.385,51.215,51.29,0.06,5.36
2017-05-17,51.145,52.575,51.01,52.055,51.205,52.635,51.07,52.115,0.06,7.61
2017-05-18,52.18,52.705,51.085,52.41,52.265,52.765,51.135,52.505,0.095,15.55
2017-05-19,52.53,53.705,52.515,53.66,52.635,53.76,52.575,53.72,0.06,7.56
2017-05-22,53.98,54.345,53.625,53.73,54.04,54.4,53.685,53.79,0.06,9.87
2017-05-23,53.805,54.385,53.185,54.145,53.895,54.445,53.245,54.215,0.07,5.07
2017-05-24,54.075,54.59,53.655,53.895,54.185,54.645,53.705,53.965,0.07,6.88
2017-05-25,54.125,54.625,50.985,51.23,54.195,54.685,51.065,51.315,0.085,20.59
2017-05-26,51.415,52.205,50.68,52.205,51.495,52.305,50.745,52.305,0.1,6.28
2017-05-29,52.245,52.58,51.825,52.255,52.355,52.645,51.885,52.315,0.06,3.85
2017-05-30,52.215,52.325,51.165,51.78,52.305,52.415,51.221,51.84,0.06,1.14
2017-05-31,52.175,52.29,50.205,51.01,52.235,52.35,50.265,51.07,0.06,2.77
2017-06-01,51.135,51.415,50.205,50.315,51.205,51.485,50.295,50.405,0.09,6.76
2017-06-02,50.23,50.485,48.93,50.055,50.325,50.575,48.99,50.115,0.06,9.36
2017-06-05,49.925,50.705,49.015,49.41,49.985,50.775,49.075,49.47,0.06,2.82
2017-06-06,49.565,50.265,48.975,49.925,49.625,50.355,49.035,50.015,0.09,2.9
2017-06-07,49.945,50.11,47.935,48.115,50.025,50.195,47.995,48.195,0.08,13.13
2017-06-08,48.225,48.565,47.54,47.9,48.285,48.625,47.6,47.97,0.07,11.01
2017-06-09,47.785,48.51,47.405,48.205,47.845,48.57,47.46,48.265,0.06,8.71
2017-06-12,48.385,49.12,47.975,48.2,48.445,49.18,48.035,48.26,0.06,13.43
2017-06-13,48.335,48.79,47.845,48.195,48.395,48.85,47.905,48.265,0.07,10.57
2017-06-14,48.15,48.655,46.755,46.93,48.275,48.715,46.805,46.99,0.06,11.04
2017-06-15,46.805,47.17,46.68,46.705,46.865,47.23,46.745,46.795,0.09,5.81
2017-06-16,46.78,47.575,46.775,47.27,46.85,47.64,46.85,47.33,0.06,6.74
2017-06-19,47.235,47.725,46.75,46.84,47.295,47.785,46.825,46.935,0.095,6.98
2017-06-20,46.965,47.19,45.42,45.765,47.055,47.255,45.48,45.835,0.07,12.63
2017-06-21,45.885,46.575,44.335,44.705,45.945,46.635,44.395,44.785,0.08,12.96
2017-06-22,44.785,45.755,44.51,45.22,44.855,45.82,44.57,45.315,0.095,13.51
2017-06-23,45.23,45.715,45.0,45.635,45.355,45.785,45.065,45.705,0.07,9.88
2017-06-26,45.77,46.19,45.005,45.935,45.85,46.245,45.065,46.025,0.09,10.33
2017-06-27,45.825,47.025,45.765,46.15,45.885,47.085,45.85,46.21,0.06,4.72
2017-06-28,46.225,47.44,46.21,47.405,46.29,47.505,46.29,47.475,0.07,5.57
2017-06-29,47.335,47.995,47.13,47.36,47.445,48.055,47.19,47.42,0.06,2.7
2017-06-30,47.58,48.94,47.58,48.87,47.64,49.0,47.64,48.93,0.06,1.94
2017-07-03,48.875,49.675,48.505,49.525,48.985,49.765,48.565,49.645,0.12,11.09
2017-07-04,49.575,49.87,49.26,49.595,49.685,49.935,49.315,49.655,0.06,7.63
2017-07-05,49.645,49.795,47.475,48.22,49.715,49.845,47.545,48.305,0.085,24.66
2017-07-06,48.235,49.145,47.755,47.835,48.325,49.205,47.815,47.945,0.11,21.73
2017-07-07,47.735,47.735,46.255,46.73,47.795,47.805,46.315,46.79,0.06,16.98
2017-07-10,46.975,47.345,46.085,47.0,47.035,47.405,46.145,47.065,0.065,12.65
2017-07-11,46.96,48.18,46.32,48.15,47.03,48.25,46.325,48.21,0.06,13.44
2017-07-12,48.18,48.725,47.325,47.66,48.24,48.78,47.375,47.72,0.06,18.26
2017-07-13,47.61,48.5,47.145,48.39,47.68,48.555,47.205,48.45,0.06,13.2
2017-07-14,48.335,49.025,48.125,49.0,48.405,49.085,48.185,49.06,0.06,12.98
2017-07-17,48.965,49.225,48.265,48.33,49.025,49.285,48.34,48.4,0.07,13.62
2017-07-18,48.415,49.385,48.205,48.675,48.475,49.445,48.275,48.755,0.08,17.47
2017-07-19,48.625,49.775,48.545,49.605,48.745,49.835,48.615,49.695,0.09,17.34
2017-07-20,49.625,50.16,49.165,49.29,49.705,50.215,49.225,49.35,0.06,6.6
2017-07-21,49.285,49.615,47.785,47.89,49.375,49.675,47.845,47.95,0.06,6.58
2017-07-24,47.985,48.735,47.655,48.665,48.045,48.815,47.715,48.745,0.08,10.6
2017-07-25,48.605,50.885,48.575,50.775,48.695,50.945,48.655,50.835,0.06,16.54
2017-07-26,50.595,51.015,50.055,50.845,50.655,51.075,50.11,50.945,0.1,23.72
2017-07-27,50.83,51.605,50.475,51.57,50.91,51.665,50.535,51.64,0.07,18.99
2017-07-28,51.54,52.635,51.28,52.505,51.63,52.695,51.34,52.565,0.06,1.87
2017-07-31,52.385,52.87,51.755,52.65,52.445,52.93,51.815,52.71,0.06,3.85
2017-08-01,52.635,52.9,50.855,51.415,52.725,52.955,50.915,51.475,0.06,19.23
2017-08-02,51.385,52.395,51.155,52.315,51.445,52.46,51.215,52.405,0.09,18.73
2017-08-03,52.2,52.855,51.735,51.89,52.285,52.915,51.795,51.95,0.06,18.7
2017-08-04,51.99,52.495,51.415,52.37,52.05,52.555,51.47,52.43,0.06,15.59
2017-08-07,52.365,52.495,51.345,52.195,52.455,52.585,51.395,52.285,0.09,16.54
2017-08-08,52.215,52.705,51.805,51.845,52.275,52.765,51.86,51.905,0.06,16.35
2017-08-09,51.96,52.805,51.775,52.79,52.02,52.875,51.835,52.85,0.06,12.77
2017-08-10,52.735,53.605,51.635,51.835,52.795,53.665,51.695,51.895,0.06,26.13
2017-08-11,51.945,52.245,51.275,51.965,52.055,52.305,51.335,52.025,0.06,21.35
2017-08-14,52.075,52.355,50.545,50.63,52.135,52.415,50.605,50.69,0.06,19.67
2017-08-15,50.62,51.08,50.06,50.95,50.675,51.145,50.07,51.01,0.06,16.99
2017-08-16,50.965,51.345,50.125,50.3,51.025,51.405,50.185,50.36,0.06,17.95
2017-08-17,50.335,51.085,49.975,50.81,50.395,51.145,50.03,50.87,0.06,18.16
2017-08-18,50.835,52.93,50.775,52.835,50.895,52.99,50.83,52.895,0.06,20.76
2017-08-21,52.685,52.785,51.275,51.63,52.795,52.855,51.33,51.69,0.06,20.1
2017-08-22,51.76,52.245,51.365,51.565,51.82,52.305,51.425,51.625,0.06,19.11
2017-08-23,51.55,52.59,51.425,52.505,51.61,52.645,51.475,52.565,0.06,17.16
2017-08-24,52.52,52.685,51.575,52.13,52.58,52.735,51.635,52.22,0.09,18.05
2017-08-25,52.285,52.645,51.895,52.305,52.345,52.705,51.955,52.365,0.06,19.42
2017-08-28,52.655,52.725,51.485,52.025,52.715,52.785,51.545,52.105,0.08,15.91
2017-08-29,52.055,52.155,51.34,51.895,52.115,52.245,51.395,51.975,0.08,14.96
2017-08-30,51.875,51.985,50.685,50.84,51.935,52.045,50.745,50.9,0.06,15.61
2017-08-31,50.55,52.87,50.505,52.785,50.61,52.925,50.565,52.855,0.07,4.36
2017-09-01,52.815,52.915,52.215,52.725,52.875,52.975,52.27,52.785,0.06,9.37
2017-09-04,52.33,52.76,51.955,52.3,52.39,52.785,52.015,52.35,0.05,4.59
2017-09-05,52.21,53.625,52.045,53.185,52.27,53.675,52.115,53.245,0.06,8.28
2017-09-06,53.125,54.27,53.055,54.065,53.195,54.335,53.125,54.125,0.06,11.11
2017-09-07,54.075,54.635,53.86,54.47,54.135,54.695,53.92,54.565,0.095,11.06
2017-09-08,54.535,54.825,53.54,53.735,54.595,54.885,53.605,53.795,0.06,9.53
2017-09-11,53.97,54.095,53.042,53.84,54.03,54.185,53.085,53.935,0.095,12.82
2017-09-12,53.785,54.415,53.405,54.255,53.865,54.485,53.465,54.345,0.09,11.26
2017-09-13,54.11,55.175,54.045,55.095,54.17,55.255,54.075,55.155,0.06,12.45
2017-09-14,54.96,55.965,54.895,55.225,55.045,56.025,54.98,55.315,0.09,11.77
2017-09-15,55.265,55.825,54.835,55.505,55.355,55.885,54.895,55.565,0.06,11.51
2017-09-18,55.485,55.91,54.795,55.42,55.575,55.965,54.855,55.48,0.06,12.19
2017-09-19,55.415,55.855,54.855,55.34,55.505,55.915,54.915,55.43,0.09,10.75
2017-09-20,55.3,56.445,55.225,56.145,55.36,56.505,55.295,56.225,0.08,14.16
2017-09-21,56.105,56.495,55.75,56.475,56.185,56.565,55.795,56.555,0.08,12.28
2017-09-22,56.47,56.875,56.195,56.765,56.53,56.935,56.255,56.865,0.1,11.6
2017-09-25,56.85,59.22,56.67,59.135,56.91,59.295,56.725,59.195,0.06,9.74
2017-09-26,59.055,59.47,57.745,58.535,59.115,59.545,57.805,58.615,0.08,14.59
2017-09-27,58.575,58.86,57.55,57.64,58.65,58.93,57.61,57.7,0.06,11.06
2017-09-28,57.685,58.595,56.83,57.42,57.745,58.655,56.89,57.48,0.06,12.33
2017-09-29,57.24,57.405,56.41,56.685,57.3,57.47,56.47,56.745,0.06,3.0
2017-10-02,56.69,56.72,55.485,56.05,56.75,56.805,55.54,56.11,0.06,8.56
2017-10-03,56.01,56.375,55.675,55.685,56.07,56.435,55.735,55.745,0.06,7.6
2017-10-04,55.665,56.165,55.355,55.74,55.725,56.23,55.415,55.8,0.06,9.53
2017-10-05,55.705,57.205,55.655,56.95,55.765,57.27,55.735,57.01,0.06,9.29
2017-10-06,56.915,57.245,55.095,55.535,56.975,57.305,55.155,55.595,0.06,10.95
2017-10-09,55.675,55.945,55.035,55.645,55.735,55.98,55.09,55.7,0.055,8.11
2017-10-10,55.77,56.875,55.745,56.505,55.83,56.92,55.815,56.565,0.06,8.08
2017-10-11,56.495,57.065,56.125,56.615,56.555,57.125,56.175,56.675,0.06,7.32
2017-10-12,56.675,56.805,55.855,56.38,56.735,56.855,55.915,56.475,0.095,3.91
2017-10-13,56.42,57.54,56.295,57.155,56.505,57.595,56.38,57.215,0.06,11.58
2017-10-16,57.735,58.445,57.505,57.875,57.825,58.505,57.565,57.965,0.09,8.79
2017-10-17,57.795,58.31,57.145,58.09,57.885,58.365,57.205,58.175,0.085,8.66
2017-10-18,58.23,58.505,57.715,58.17,58.325,58.565,57.775,58.255,0.085,8.21
2017-10-19,58.21,58.275,57.005,57.225,58.27,58.365,57.065,57.315,0.09,8.21
2017-10-20,57.335,57.855,56.575,57.825,57.395,57.925,56.635,57.925,0.1,7.35
2017-10-23,57.88,57.985,57.245,57.305,57.965,58.045,57.305,57.395,0.09,7.82
2017-10-24,57.4,58.455,57.005,58.45,57.485,58.545,57.065,58.525,0.075,8.97
2017-10-25,58.375,58.705,57.825,58.4,58.465,58.765,57.885,58.46,0.06,9.01
2017-10-26,58.37,59.52,58.02,59.475,58.44,59.605,58.085,59.565,0.09,8.62
2017-10-27,59.325,60.495,58.79,60.48,59.385,60.555,58.855,60.54,0.06,9.46
2017-10-30,60.595,60.975,60.11,60.905,60.685,61.035,60.165,60.965,0.06,7.24
2017-10-31,60.5,61.15,60.22,61.06,60.56,61.21,60.275,61.12,0.06,2.01
2017-11-01,61.055,61.67,59.975,60.445,61.115,61.73,60.03,60.505,0.06,9.7
2017-11-02,60.515,60.825,60.005,60.71,60.575,60.885,60.065,60.78,0.07,8.29
2017-11-03,60.82,62.195,60.565,62.045,60.88,62.24,60.625,62.155,0.11,9.11
2017-11-06,62.23,64.405,62.105,64.035,62.29,64.475,62.165,64.095,0.06,10.63
2017-11-07,64.1,64.615,63.47,63.52,64.16,64.685,63.53,63.58,0.06,10.01
2017-11-08,63.7,64.615,62.925,63.465,63.76,64.68,62.98,63.525,0.06,12.21
2017-11-09,63.515,64.215,63.235,63.775,63.575,64.28,63.295,63.835,0.06,10.78
2017-11-10,63.805,64.24,63.333,63.565,63.865,64.295,63.385,63.625,0.06,7.91
2017-11-13,63.65,63.675,62.585,63.085,63.71,63.755,62.645,63.165,0.08,7.72
2017-11-14,63.025,63.13,61.165,61.36,63.11,63.195,61.245,61.42,0.06,8.3
2017-11-15,61.43,62.105,61.275,61.845,61.5,62.165,61.335,61.905,0.06,7.53
2017-11-16,61.82,62.115,61.235,61.345,61.88,62.185,61.295,61.405,0.06,6.82
2017-11-17,61.335,62.885,61.055,62.68,61.395,62.945,61.115,62.75,0.07,9.93
2017-11-20,62.46,62.665,61.41,62.15,62.545,62.725,61.475,62.235,0.085,13.39
2017-11-21,62.125,62.805,62.05,62.665,62.215,62.865,62.115,62.745,0.08,15.05
2017-11-22,62.725,63.385,62.585,63.28,62.825,63.435,62.655,63.34,0.06,17.31
2017-11-23,63.17,63.545,62.855,63.385,63.23,63.605,62.91,63.445,0.06,3.28
2017-11-24,63.33,63.915,63.265,63.705,63.39,63.975,63.325,63.765,0.06,9.01
2017-11-27,63.735,63.955,63.075,63.705,63.795,64.015,63.135,63.795,0.09,10.43
2017-11-28,63.755,63.865,63.075,63.33,63.845,63.925,63.135,63.415,0.085,4.1
2017-11-29,63.295,64.045,62.475,63.015,63.385,64.115,62.535,63.075,0.06,9.45
2017-11-30,62.605,63.345,62.13,62.685,62.665,63.4,62.19,62.755,0.07,4.41
2017-12-01,62.68,64.29,62.56,63.625,62.76,64.325,62.62,63.685,0.06,8.41
2017-12-04,63.535,63.575,62.345,62.41,63.645,63.685,62.35,62.49,0.08,7.37
2017-12-05,62.43,63.12,62.11,62.62,62.51,63.18,62.17,62.69,0.07,6.24
2017-12-06,62.6,62.895,61.105,61.22,62.67,62.96,61.165,61.29,0.07,7.87
2017-12-07,61.3,62.23,61.125,62.035,61.37,62.29,61.185,62.095,0.06,6.15
2017-12-08,62.04,63.61,61.985,63.295,62.105,63.675,62.045,63.355,0.06,8.24
2017-12-11,63.095,64.9,62.965,64.69,63.205,64.955,63.02,64.75,0.06,8.13
2017-12-12,64.63,65.795,63.045,63.82,64.72,65.855,63.1,63.88,0.06,10.4
2017-12-13,63.765,64.285,62.335,62.64,63.825,64.345,62.39,62.7,0.06,8.04
2017-12-14,62.785,63.48,61.985,63.365,62.85,63.54,62.045,63.425,0.06,7.76
2017-12-15,63.305,63.655,63.06,63.22,63.405,63.715,63.11,63.28,0.06,7.09
2017-12-18,63.255,63.875,62.975,63.405,63.365,63.935,63.035,63.515,0.11,8.33
2017-12-19,63.39,63.88,63.265,63.81,63.465,63.945,63.33,63.87,0.06,6.04
2017-12-20,63.795,64.57,63.645,64.48,63.855,64.655,63.7,64.575,0.095,6.18
2017-12-21,64.455,64.895,64.175,64.725,64.515,64.955,64.235,64.805,0.08,5.84
2017-12-22,64.66,65.25,64.355,65.005,64.725,65.305,64.415,65.065,0.06,5.25
2017-12-26,65.205,67.055,64.975,66.79,65.315,67.115,65.035,66.85,0.06,6.02
2017-12-27,66.695,66.91,66.0,66.405,66.805,66.965,66.065,66.465,0.06,5.99
2017-12-28,65.955,66.295,65.705,66.15,66.015,66.355,65.785,66.245,0.095,2.34
2017-12-29,66.13,66.94,66.12,66.605,66.195,66.995,66.195,66.665,0.06,5.91
2018-01-02,66.605,67.26,66.21,66.46,66.715,67.345,66.275,66.545,0.085,7.6
2018-01-03,66.5,67.995,66.375,67.96,66.565,68.085,66.435,68.045,0.085,5.86
2018-01-04,67.845,68.245,67.605,67.95,67.915,68.335,67.66,68.01,0.06,6.84
2018-01-05,67.955,68.085,67.245,67.66,68.025,68.145,67.305,67.72,0.06,6.55
2018-01-08,67.735,67.955,67.41,67.87,67.845,68.015,67.475,67.965,0.095,7.07
2018-01-09,68.215,69.205,67.675,69.175,68.305,69.295,67.735,69.265,0.09,8.74
2018-01-10,69.095,69.335,68.725,69.095,69.185,69.395,68.785,69.185,0.09,7.98
2018-01-11,69.095,70.005,68.965,69.1,69.205,70.065,69.055,69.185,0.085,8.84
2018-01-12,69.11,69.89,68.585,69.825,69.205,69.955,68.635,69.885,0.06,7.27
2018-01-15,69.675,70.341,69.56,70.205,69.785,70.391,69.585,70.265,0.06,4.89
2018-01-16,69.99,70.105,68.815,69.3,70.065,70.165,68.87,69.385,0.085,8.49
2018-01-17,69.32,69.566,68.535,69.405,69.405,69.6,68.585,69.465,0.06,4.26
2018-01-18,69.478,69.606,68.785,69.1,69.532,69.685,68.835,69.16,0.06,3.26
2018-01-19,68.936,69.055,68.255,68.713,68.986,69.105,68.305,68.777,0.064,4.16
2018-01-22,68.733,69.486,68.365,69.305,68.797,69.52,68.415,69.365,0.06,4.55
2018-01-23,69.19,70.21,69.085,69.875,69.26,70.26,69.135,69.935,0.06,4.9
2018-01-24,69.945,70.905,69.525,70.715,69.995,70.965,69.575,70.775,0.06,9.34
2018-01-25,70.91,71.261,69.955,70.095,70.97,71.306,70.005,70.155,0.06,6.73
2018-01-26,70.065,70.805,70.025,70.453,70.125,70.855,70.075,70.517,0.064,5.17
2018-01-29,70.433,70.603,69.055,69.38,70.497,70.685,69.105,69.455,0.075,4.24
2018-01-30,69.301,69.371,68.38,68.99,69.351,69.42,68.43,69.1,0.11,3.35
2018-01-31,67.91,68.976,67.816,68.873,67.97,69.026,67.87,68.937,0.064,2.64
2018-02-01,68.926,69.946,68.796,69.685,68.976,69.95,68.846,69.75,0.065,2.86
2018-02-02,69.94,69.996,67.94,68.218,69.99,70.046,67.99,68.282,0.064,3.42
2018-02-05,67.946,68.43,66.97,66.97,67.996,68.48,67.03,67.04,0.07,3.47
2018-02-06,67.0,67.571,66.515,67.24,67.05,67.621,66.565,67.305,0.065,3.45
2018-02-07,67.205,67.696,65.13,65.42,67.255,67.746,65.18,65.485,0.065,4.35
2018-02-08,65.266,65.581,64.085,64.22,65.316,65.631,64.135,64.285,0.065,4.33
2018-02-09,64.335,64.621,61.746,62.573,64.385,64.671,61.796,62.637,0.064,4.41
2018-02-12,63.166,64.365,62.545,62.67,63.216,64.415,62.595,62.745,0.075,3.73
2018-02-13,62.751,63.066,61.745,62.535,62.801,63.116,61.795,62.61,0.075,3.44
2018-02-14,62.796,64.546,61.946,64.37,62.846,64.596,61.996,64.435,0.065,3.62
2018-02-15,64.615,65.121,63.095,64.46,64.665,65.171,63.145,64.53,0.07,0.98
2018-02-16,64.52,65.18,64.16,64.838,64.57,65.23,64.21,64.902,0.064,1.93
2018-02-19,65.326,65.865,64.99,65.51,65.376,65.915,65.04,65.57,0.06,0.96
2018-02-20,65.596,65.796,64.76,65.02,65.646,65.846,64.81,65.1,0.08,3.93
2018-02-21,64.786,65.506,64.38,65.08,64.836,65.565,64.43,65.16,0.08,4.58
2018-02-22,64.871,66.536,64.611,66.218,64.921,66.61,64.665,66.28,0.062,4.41
2018-02-23,66.281,67.346,65.77,67.298,66.331,67.396,65.82,67.362,0.064,3.57
2018-02-26,67.176,67.866,66.705,67.51,67.226,67.916,66.755,67.58,0.07,2.86
2018-02-27,67.55,67.606,66.4,66.58,67.6,67.656,66.43,66.645,0.065,3.23
2018-02-28,66.14,66.76,64.48,64.62,66.205,66.815,64.535,64.69,0.07,4.76
2018-03-01,64.606,64.996,63.2,64.17,64.656,65.046,63.205,64.23,0.06,2.25
2018-03-02,64.066,64.588,63.196,64.498,64.116,64.652,63.246,64.562,0.064,1.61
2018-03-05,64.691,65.856,64.074,65.55,64.741,65.91,64.124,65.61,0.06,3.4
2018-03-06,65.766,66.136,65.286,65.56,65.816,66.186,65.35,65.62,0.06,3.89
2018-03-07,65.156,65.76,63.816,64.508,65.21,65.81,63.866,64.57,0.062,4.21
2018-03-08,64.446,64.551,63.411,63.835,64.496,64.645,63.47,63.905,0.07,3.73
2018-03-09,63.926,65.601,63.676,65.538,63.98,65.651,63.73,65.602,0.064,3.47
2018-03-12,65.666,65.816,64.16,64.913,65.72,65.87,64.21,64.977,0.064,3.75
2018-03-13,64.805,65.646,64.025,64.703,64.855,65.696,64.075,64.767,0.064,6.12
2018-03-14,64.691,65.186,64.044,64.878,64.741,65.236,64.094,64.942,0.064,6.18
2018-03-15,64.936,65.356,64.585,65.003,64.986,65.406,64.635,65.067,0.064,5.1
2018-03-16,65.096,66.396,64.854,66.106,65.146,66.446,64.904,66.156,0.05,3.83
2018-03-19,65.891,66.371,65.365,66.088,65.941,66.421,65.415,66.152,0.064,4.58
2018-03-20,66.161,67.845,66.135,67.525,66.211,67.895,66.211,67.607,0.082,6.34
2018-03-21,67.636,69.835,67.415,69.765,67.686,69.905,67.495,69.847,0.082,9.41
2018-03-22,69.545,69.596,68.55,68.818,69.624,69.646,68.6,68.882,0.064,10.31
2018-03-23,69.635,70.555,68.845,70.296,69.719,70.605,68.895,70.346,0.05,11.94
2018-03-26,70.855,70.935,69.645,69.995,70.925,71.005,69.695,70.105,0.11,10.55
2018-03-27,70.125,71.005,69.405,69.525,70.195,71.055,69.487,69.635,0.11,9.86
2018-03-28,69.655,70.215,68.74,69.555,69.725,70.27,68.79,69.615,0.06,7.64
2018-03-29,68.94,69.746,68.216,69.365,69.0,69.796,68.255,69.475,0.11,2.69
2018-04-02,69.606,70.016,67.53,67.53,69.656,70.066,67.537,67.565,0.035,4.29
2018-04-03,67.671,68.393,67.59,68.105,67.721,68.452,67.64,68.215,0.11,4.44
2018-04-04,68.105,68.261,66.665,68.165,68.215,68.311,66.715,68.275,0.11,5.51
2018-04-05,68.401,68.906,67.75,68.485,68.451,68.93,67.755,68.595,0.11,4.06
2018-04-06,68.036,68.596,66.845,67.008,68.086,68.646,66.895,67.072,0.064,5.47
2018-04-09,67.246,68.766,67.165,68.505,67.296,68.816,67.23,68.615,0.11,4.52
2018-04-10,68.476,71.316,68.415,70.975,68.526,71.355,68.496,71.085,0.11,5.24
2018-04-11,71.036,73.066,70.535,71.845,71.086,73.116,70.585,71.955,0.11,6.44
2018-04-12,71.946,72.466,71.085,72.095,71.996,72.525,71.135,72.195,0.1,8.06
2018-04-13,71.856,72.845,71.575,72.525,71.906,72.896,71.625,72.615,0.09,7.7
2018-04-16,72.245,72.261,71.095,71.465,72.295,72.311,71.145,71.525,0.06,6.08
2018-04-17,71.621,71.865,70.805,71.635,71.671,71.915,70.855,71.725,0.09,5.8
2018-04-18,71.648,73.895,71.648,73.775,71.712,73.945,71.701,73.845,0.07,7.86
2018-04-19,73.718,74.726,73.47,73.585,73.772,74.776,73.485,73.645,0.06,7.73
2018-04-20,73.846,74.171,72.805,73.608,73.896,74.221,72.855,73.672,0.064,7.47
2018-04-23,73.935,75.081,73.115,74.965,73.985,75.131,73.165,75.025,0.06,7.09
2018-04-24,75.028,75.446,73.665,73.835,75.102,75.496,73.715,73.905,0.07,8.75
2018-04-25,73.976,74.166,73.145,73.975,74.026,74.216,73.195,74.045,0.07,8.04
2018-04-26,74.225,74.946,74.085,74.725,74.275,74.996,74.135,74.815,0.09,6.2
2018-04-27,74.691,75.001,74.324,74.54,74.741,75.051,74.374,74.6,0.06,3.34
2018-04-30,73.655,75.58,72.775,74.7,73.725,75.635,72.825,74.77,0.07,3.87
2018-05-01,74.615,74.94,72.715,73.28,74.665,74.999,72.765,73.35,0.07,3.84
2018-05-02,73.24,73.59,72.354,73.05,73.3,73.645,72.404,73.112,0.062,4.36
2018-05-03,73.03,74.05,72.455,73.69,73.09,74.095,72.505,73.752,0.062,4.19
2018-05-04,73.73,75.035,73.225,74.935,73.79,75.085,73.265,74.995,0.06,2.86
2018-05-07,74.935,76.305,74.805,75.495,74.997,76.355,74.855,75.585,0.09,6.33
2018-05-08,75.518,76.156,73.104,75.935,75.592,76.206,73.154,76.005,0.07,6.21
2018-05-09,76.115,77.406,76.055,77.305,76.165,77.45,76.105,77.385,0.08,5.69
2018-05-10,77.406,77.951,76.485,77.405,77.45,78.001,76.535,77.475,0.07,4.85
2018-05-11,77.526,77.555,76.935,76.94,77.576,77.605,76.965,77.025,0.085,4.81
2018-05-14,76.996,78.495,76.525,78.435,77.046,78.575,76.575,78.505,0.07,5.46
2018-05-15,78.355,79.43,77.875,77.985,78.465,79.48,77.925,78.065,0.08,7.04
2018-05-16,78.071,79.296,77.61,79.253,78.121,79.346,77.66,79.315,0.062,4.97
2018-05-17,79.226,80.476,79.09,79.465,79.276,80.5,79.14,79.525,0.06,5.55
2018-05-18,79.511,79.841,78.311,78.605,79.561,79.891,78.365,78.705,0.1,3.86
2018-05-21,78.941,79.555,78.12,79.485,78.991,79.615,78.124,79.555,0.07,2.57
2018-05-22,79.378,80.46,79.125,79.445,79.428,80.501,79.18,79.515,0.07,5.58
2018-05-23,79.466,79.805,78.195,79.665,79.516,79.85,78.245,79.735,0.07,6.4
2018-05-24,79.638,79.75,78.535,78.745,79.742,79.805,78.585,78.805,0.06,6.17
2018-05-25,78.786,78.856,75.975,76.115,78.836,78.906,76.025,76.215,0.1,7.06
2018-05-28,76.005,76.045,74.455,75.28,76.075,76.115,74.525,75.33,0.05,2.25
2018-05-29,75.811,76.161,74.515,75.345,75.885,76.211,74.565,75.455,0.11,4.4
2018-05-30,75.361,77.57,74.786,77.485,75.411,77.635,74.836,77.55,0.065,5.8
2018-05-31,77.605,79.156,76.935,77.725,77.65,79.206,76.985,77.795,0.07,5.32
2018-06-01,77.736,77.93,76.33,76.555,77.786,77.98,76.38,76.665,0.11,4.31
2018-06-04,76.495,76.936,75.175,75.385,76.545,76.986,75.235,75.445,0.06,6.93
2018-06-05,75.375,75.705,73.785,75.045,75.485,75.765,73.845,75.115,0.07,6.88
2018-06-06,75.145,76.231,74.445,75.715,75.195,76.281,74.505,75.815,0.1,7.99
2018-06-07,75.815,77.351,75.45,77.275,75.925,77.401,75.485,77.345,0.07,6.42
2018-06-08,77.378,77.585,76.105,76.345,77.452,77.635,76.155,76.435,0.09,2.35
2018-06-11,76.278,76.811,75.51,76.335,76.328,76.861,75.56,76.415,0.08,3.06
2018-06-12,76.456,77.055,75.435,75.435,76.506,77.105,75.505,75.515,0.08,3.38
2018-06-13,75.366,76.841,75.235,76.445,75.416,76.895,75.285,76.525,0.08,3.62
2018-06-14,76.556,76.896,75.735,75.925,76.606,76.931,75.785,75.995,0.07,3.74
2018-06-15,75.888,76.041,73.005,73.035,75.938,76.091,73.087,73.125,0.09,7.53
2018-06-18,73.115,75.425,72.47,75.295,73.165,75.48,72.476,75.375,0.08,8.62
2018-06-19,75.235,75.515,74.425,74.935,75.29,75.565,74.475,75.015,0.08,8.67
2018-06-20,75.18,75.835,74.074,74.165,75.23,75.885,74.124,74.235,0.07,9.89
2018-06-21,74.435,74.65,72.905,73.025,74.49,74.705,72.955,73.085,0.06,10.3
2018-06-22,73.266,75.775,73.215,75.775,73.316,75.855,73.265,75.855,0.08,11.68
2018-06-25,74.255,75.095,73.705,74.825,74.315,75.155,73.755,74.895,0.07,10.51
2018-06-26,74.738,76.678,74.1,76.515,74.792,76.742,74.145,76.615,0.1,9.39
2018-06-27,76.521,78.131,76.255,77.335,76.571,78.181,76.305,77.415,0.08,4.55
2018-06-28,77.418,78.375,77.085,77.78,77.468,78.435,77.135,77.84,0.06,7.7
2018-06-29,77.465,79.536,77.145,79.195,77.585,79.56,77.195,79.275,0.08,2.2
2018-07-02,78.448,78.926,77.135,77.365,78.515,78.976,77.185,77.435,0.07,3.58
2018-07-03,77.371,78.521,76.645,77.755,77.421,78.571,76.695,77.865,0.11,4.31
2018-07-04,77.851,78.251,77.59,78.145,77.901,78.301,77.64,78.205,0.06,2.3
2018-07-05,78.018,78.466,77.3,77.525,78.068,78.516,77.335,77.635,0.11,3.92
2018-07-06,77.565,77.656,76.335,77.098,77.675,77.706,76.385,77.162,0.064,3.88
2018-07-09,77.096,78.286,77.015,78.155,77.146,78.336,77.076,78.265,0.11,3.25
2018-07-10,78.221,79.486,78.105,78.935,78.271,79.516,78.176,79.045,0.11,3.75
2018-07-11,78.768,78.796,73.025,74.095,78.842,78.846,73.075,74.165,0.07,5.27
2018-07-12,74.046,75.075,72.65,74.375,74.096,75.13,72.7,74.445,0.07,5.47
2018-07-13,74.256,75.896,73.205,74.805,74.306,75.946,73.255,74.925,0.12,5.76
2018-07-16,75.038,75.346,71.505,71.925,75.105,75.396,71.555,71.995,0.07,3.84
2018-07-17,71.956,72.756,71.335,71.585,72.015,72.8,71.385,71.675,0.09,4.23
2018-07-18,71.745,73.251,71.185,72.995,71.795,73.301,71.235,73.065,0.07,3.28
2018-07-19,72.968,73.756,71.805,72.535,73.062,73.806,71.865,72.595,0.06,4.59
2018-07-20,72.621,73.436,72.256,72.955,72.671,73.486,72.306,73.025,0.07,3.0
2018-07-23,73.176,74.476,72.495,72.915,73.226,74.5,72.545,72.985,0.07,3.43
2018-07-24,72.898,73.976,72.671,73.605,72.962,74.026,72.721,73.695,0.09,4.05
2018-07-25,73.678,74.276,73.05,73.995,73.732,74.326,73.1,74.055,0.06,4.11
2018-07-26,74.361,74.805,73.745,74.305,74.411,74.855,73.795,74.385,0.08,4.07
2018-07-27,74.486,74.831,73.805,74.315,74.536,74.881,73.855,74.385,0.07,2.89
2018-07-30,74.225,75.251,74.115,74.9,74.305,75.301,74.165,74.96,0.06,1.56
2018-07-31,75.426,75.596,73.876,74.025,75.51,75.646,73.885,74.115,0.09,2.74
2018-08-01,74.081,74.086,72.125,72.515,74.131,74.136,72.175,72.585,0.07,3.72
2018-08-02,72.466,73.71,71.805,73.345,72.516,73.76,71.855,73.415,0.07,3.89
2018-08-03,73.361,73.71,72.46,73.328,73.411,73.76,72.51,73.392,0.064,2.2
2018-08-06,73.151,74.436,73.135,73.62,73.201,74.486,73.185,73.685,0.065,4.1
2018-08-07,73.608,74.865,73.546,74.47,73.672,74.92,73.596,74.535,0.065,5.14
2018-08-08,74.62,74.83,71.635,72.185,74.675,74.89,71.72,72.29,0.105,5.62
2018-08-09,72.125,72.86,71.835,71.935,72.25,72.915,71.885,72.005,0.07,4.36
2018-08-10,71.94,73.115,71.375,72.925,72.035,73.165,71.425,73.005,0.08,4.09
2018-08-13,72.878,73.071,71.021,72.765,72.945,73.125,71.075,72.835,0.07,2.71
2018-08-14,72.811,73.906,72.135,72.155,72.861,73.956,72.195,72.225,0.07,4.2
2018-08-15,72.208,72.426,70.285,70.725,72.272,72.476,70.335,70.795,0.07,4.0
2018-08-16,70.671,71.481,70.385,71.345,70.721,71.531,70.435,71.415,0.07,4.04
2018-08-17,71.321,72.46,71.215,71.755,71.371,72.51,71.265,71.845,0.09,3.23
2018-08-20,71.628,72.736,71.411,72.175,71.678,72.786,71.461,72.235,0.06,3.45
2018-08-21,72.171,72.926,72.025,72.745,72.221,72.96,72.075,72.845,0.1,2.96
2018-08-22,72.74,74.976,72.671,74.855,72.79,74.996,72.725,74.915,0.06,3.4
2018-08-23,74.751,74.856,74.185,74.715,74.801,74.906,74.235,74.785,0.07,3.32
2018-08-24,74.728,76.391,74.655,75.598,74.778,76.441,74.705,75.662,0.064,3.76
2018-08-27,75.661,76.308,75.354,76.275,75.711,76.372,75.404,76.345,0.07,2.75
2018-08-28,76.298,76.941,75.705,75.865,76.348,76.991,75.755,75.935,0.07,4.03
2018-08-29,75.971,77.39,75.645,77.3,76.021,77.447,75.695,77.405,0.105,2.98
2018-08-30,77.25,78.0,77.156,77.675,77.37,78.065,77.206,77.74,0.065,2.09
2018-08-31,77.761,78.185,77.215,77.658,77.815,78.24,77.27,77.715,0.057,5.35
2018-09-03,77.726,78.421,77.275,77.992,77.776,78.471,77.325,78.025,0.033,1.64
2018-09-04,78.166,79.701,77.446,77.755,78.216,79.755,77.505,77.835,0.08,3.25
2018-09-05,77.818,78.081,76.896,77.045,77.882,78.135,76.955,77.145,0.1,2.62
2018-09-06,77.011,77.736,75.625,76.555,77.061,77.786,75.675,76.625,0.07,2.87
2018-09-07,76.671,77.065,75.854,77.005,76.721,77.127,75.904,77.065,0.06,4.42
2018-09-10,77.198,77.891,76.875,77.335,77.262,77.941,76.925,77.395,0.06,4.84
2018-09-11,77.361,79.505,77.345,79.425,77.411,79.565,77.395,79.485,0.06,4.75
2018-09-12,79.426,80.096,78.725,79.685,79.476,80.126,78.775,79.755,0.07,3.65
2018-09-13,79.631,79.685,77.854,78.345,79.681,79.735,77.904,78.415,0.07,3.99
2018-09-14,78.416,78.916,77.356,78.045,78.466,78.966,77.415,78.145,0.1,3.89
2018-09-17,77.916,78.876,77.705,77.875,77.975,78.926,77.755,77.945,0.07,3.12
2018-09-18,77.699,79.695,77.475,78.825,77.749,79.745,77.525,78.905,0.08,4.95
2018-09-19,78.936,79.471,78.496,79.325,78.986,79.5,78.546,79.385,0.06,4.73
2018-09-20,79.411,79.796,78.485,78.575,79.461,79.846,78.535,78.635,0.06,4.61
2018-09-21,78.646,80.095,78.195,78.635,78.696,80.145,78.249,78.725,0.09,8.36
2018-09-24,79.815,81.456,79.635,81.405,79.945,81.5,79.685,81.495,0.09,5.27
2018-09-25,81.295,82.526,81.156,81.515,81.345,82.576,81.211,81.615,0.1,4.02
2018-09-26,81.498,82.185,81.074,81.645,81.548,82.24,81.124,81.725,0.08,7.37
2018-09-27,81.776,82.406,81.275,81.695,81.826,82.456,81.36,81.76,0.065,5.18
2018-09-28,81.325,83.355,81.265,82.855,81.38,83.42,81.315,82.975,0.12,7.39
2018-10-01,83.025,85.415,82.525,84.945,83.08,85.465,82.575,85.015,0.07,8.01
2018-10-02,84.956,85.335,84.294,84.635,85.006,85.395,84.344,84.735,0.1,7.02
2018-10-03,84.761,86.716,84.0,85.925,84.811,86.766,84.045,85.995,0.07,6.14
2018-10-04,85.888,86.396,84.131,84.825,85.952,86.446,84.185,84.885,0.06,3.57
2018-10-05,84.936,85.106,83.895,83.975,84.986,85.156,83.945,84.075,0.1,5.22
2018-10-08,83.416,83.96,82.646,83.805,83.466,84.01,82.701,83.875,0.07,4.7
2018-10-09,83.876,85.425,83.705,84.795,83.926,85.475,83.755,84.855,0.06,5.03
2018-10-10,84.918,85.146,82.285,82.395,84.972,85.196,82.347,82.505,0.11,6.14
2018-10-11,82.501,82.6,79.786,80.253,82.551,82.65,79.865,80.345,0.092,6.4
2018-10-12,80.271,81.446,79.205,80.495,80.321,81.496,79.255,80.605,0.11,5.57
2018-10-15,81.735,81.846,79.83,80.775,81.785,81.896,79.88,80.83,0.055,4.23
2018-10-16,80.871,81.736,79.785,81.575,80.921,81.786,79.835,81.655,0.08,3.42
2018-10-17,81.71,81.835,79.179,80.313,81.76,81.885,79.245,80.375,0.062,3.56
2018-10-18,80.186,80.291,78.675,79.285,80.236,80.345,78.725,79.355,0.07,4.06
2018-10-19,79.418,80.861,79.185,79.965,79.468,80.911,79.235,80.035,0.07,3.96
2018-10-22,79.845,80.386,78.975,80.045,79.895,80.436,79.025,80.115,0.07,4.39
2018-10-23,80.061,80.096,75.865,76.115,80.111,80.146,75.915,76.215,0.1,4.03
2018-10-24,76.336,77.535,75.095,75.645,76.395,77.585,75.155,75.705,0.06,6.94
2018-10-25,75.628,77.031,75.335,76.545,75.722,77.081,75.385,76.615,0.07,6.82
2018-10-26,76.576,77.895,75.745,77.654,76.626,77.945,75.795,77.746,0.092,5.66
2018-10-29,77.704,78.005,76.535,76.81,77.763,78.055,76.585,76.876,0.066,2.36
2018-10-30,76.81,77.291,75.075,75.915,76.837,77.341,75.14,75.975,0.06,4.34
2018-10-31,76.26,77.096,74.555,74.575,76.325,77.146,74.61,74.635,0.06,5.48
2018-11-01,74.658,74.925,72.546,72.725,74.722,74.985,72.596,72.795,0.07,5.04
2018-11-02,72.738,73.466,72.145,72.525,72.802,73.516,72.195,72.605,0.08,4.33
2018-11-05,72.648,74.101,72.235,72.645,72.712,74.151,72.285,72.715,0.07,3.36
2018-11-06,72.808,73.256,71.155,71.675,72.858,73.306,71.205,71.775,0.1,4.17
2018-11-07,71.68,73.531,71.335,71.955,71.73,73.581,71.385,72.025,0.07,4.53
2018-11-08,72.146,73.055,70.555,70.895,72.196,73.105,70.605,70.955,0.06,3.9
2018-11-09,70.836,70.956,69.115,69.605,70.886,71.006,69.165,69.675,0.07,5.21
2018-11-12,70.995,71.846,68.845,69.035,71.045,71.896,68.895,69.115,0.08,5.15
2018-11-13,69.191,69.656,64.625,65.205,69.241,69.706,64.675,65.275,0.07,7.0
2018-11-14,65.601,67.601,64.995,65.853,65.651,67.651,65.045,65.905,0.052,9.13
2018-11-15,66.021,67.365,65.755,66.615,66.071,67.415,65.806,66.685,0.07,5.42
2018-11-16,66.706,68.346,66.085,66.975,66.756,68.396,66.135,67.065,0.09,5.52
2018-11-19,67.275,67.611,65.255,66.895,67.325,67.661,65.305,66.975,0.08,5.56
2018-11-20,66.806,66.835,61.7,62.345,66.856,66.885,61.75,62.465,0.12,10.7
2018-11-21,62.591,64.456,62.54,63.465,62.641,64.506,62.59,63.535,0.07,8.04
2018-11-22,63.571,63.78,62.25,62.475,63.621,63.845,62.3,62.545,0.07,4.77
2018-11-23,62.555,62.765,58.41,59.14,62.625,62.825,58.47,59.245,0.105,9.3
2018-11-26,59.375,61.101,58.94,60.525,59.435,61.151,59.0,60.585,0.06,9.39
2018-11-27,60.366,61.375,58.896,60.795,60.416,61.425,58.946,60.885,0.09,9.0
2018-11-28,60.586,61.241,58.546,58.685,60.636,61.291,58.6,58.755,0.07,5.7
2018-11-29,58.998,60.32,57.48,59.49,59.07,60.385,57.53,59.55,0.06,7.61
2018-11-30,59.746,60.386,58.015,59.075,59.796,60.436,58.065,59.245,0.17,6.8
2018-12-03,61.105,62.571,60.6,61.795,61.155,62.621,60.605,61.865,0.07,6.74
2018-12-04,61.886,63.551,61.228,61.325,61.936,63.601,61.292,61.445,0.12,6.86
2018-12-05,61.491,63.261,60.8,61.585,61.541,63.311,60.825,61.655,0.07,6.09
2018-12-06,61.381,61.951,58.385,60.225,61.431,62.001,58.435,60.305,0.08,8.71
2018-12-07,60.075,63.671,59.085,61.265,60.125,63.721,59.135,61.365,0.1,8.59
2018-12-10,61.955,62.301,59.595,59.855,62.005,62.351,59.645,59.925,0.07,7.01
2018-12-11,60.011,61.071,59.565,60.465,60.061,61.121,59.615,60.565,0.1,6.24
2018-12-12,60.786,61.401,59.965,60.195,60.8,61.451,60.015,60.265,0.07,5.66
2018-12-13,60.248,61.988,59.315,61.625,60.302,62.052,59.365,61.705,0.08,6.53
2018-12-14,61.405,61.541,59.895,60.245,61.455,61.591,59.945,60.345,0.1,5.9
2018-12-17,60.415,61.191,58.638,58.718,60.465,61.241,58.702,58.782,0.064,4.63
2018-12-18,58.991,59.211,55.881,55.985,59.041,59.261,55.931,56.075,0.09,7.67
2018-12-19,56.576,58.076,56.015,56.475,56.626,58.126,56.07,56.545,0.07,7.65
2018-12-20,56.498,56.721,54.255,54.715,56.552,56.771,54.305,54.795,0.08,9.49
2018-12-21,54.978,55.301,52.775,53.465,54.99,55.351,52.825,53.555,0.09,7.23
2018-12-24,53.521,54.621,50.381,50.465,53.571,54.671,50.431,50.515,0.05,4.34
2018-12-26,50.898,55.266,49.941,54.91,50.952,55.317,49.991,54.98,0.07,4.91
2018-12-27,54.616,54.618,51.915,52.225,54.666,54.668,51.985,52.295,0.07,7.6
2018-12-28,54.0,54.385,51.985,52.995,54.065,54.444,52.035,53.095,0.1,6.35
2018-12-31,53.475,54.801,52.635,53.791,53.525,54.851,52.685,53.841,0.05,3.43
2019-01-02,54.118,56.531,52.485,54.735,54.168,56.581,52.535,54.845,0.11,6.13
2019-01-03,54.271,56.276,53.915,55.565,54.321,56.326,53.965,55.645,0.08,5.75
2019-01-04,55.616,58.281,55.335,57.388,55.666,58.331,55.385,57.452,0.064,6.2
2019-01-07,57.761,58.906,57.255,57.585,57.811,58.956,57.305,57.655,0.07,5.23
2019-01-08,57.746,58.821,57.115,58.615,57.796,58.871,57.165,58.735,0.12,3.8
2019-01-09,59.151,61.655,59.025,61.255,59.201,61.71,59.075,61.335,0.08,5.29
2019-01-10,61.036,61.891,60.41,61.195,61.086,61.9,60.46,61.255,0.06,6.42
2019-01-11,61.156,62.461,60.066,60.495,61.206,62.515,60.121,60.615,0.12,4.62
2019-01-14,60.751,60.751,58.891,59.225,60.805,60.805,58.941,59.295,0.07,6.47
2019-01-15,59.386,60.831,59.095,60.513,59.436,60.881,59.145,60.575,0.062,6.22
2019-01-16,60.395,61.416,60.025,61.285,60.445,61.466,60.055,61.345,0.06,6.31
2019-01-17,61.006,61.516,60.016,61.145,61.065,61.566,60.066,61.215,0.07,5.19
2019-01-18,61.391,62.986,61.386,62.565,61.445,63.036,61.441,62.655,0.09,5.05
2019-01-21,62.358,63.126,62.235,62.785,62.425,63.176,62.285,62.865,0.08,2.86
2019-01-22,62.571,62.686,60.555,61.475,62.625,62.736,60.605,61.545,0.07,4.9
2019-01-23,61.316,62.306,60.196,60.895,61.375,62.356,60.246,60.985,0.09,5.25
2019-01-24,61.001,61.486,60.386,61.095,61.051,61.536,60.436,61.165,0.07,5.2
2019-01-25,61.096,61.901,60.765,61.475,61.146,61.955,60.815,61.545,0.07,4.73
2019-01-28,61.323,61.671,59.465,59.955,61.387,61.721,59.515,60.025,0.07,6.13
2019-01-29,59.806,61.766,59.725,61.2,59.856,61.816,59.775,61.27,0.07,4.48
2019-01-30,61.18,62.635,61.02,61.72,61.25,62.695,61.085,61.78,0.06,6.77
2019-01-31,61.718,62.441,60.605,61.095,61.785,62.491,60.655,61.175,0.08,5.72
2019-02-01,60.975,62.946,60.425,62.825,61.025,62.991,60.475,62.895,0.07,5.77
2019-02-04,62.705,63.611,61.245,62.705,62.755,63.661,61.295,62.777,0.072,5.69
2019-02-05,62.591,62.996,61.705,61.985,62.641,63.046,61.755,62.065,0.08,5.78
2019-02-06,62.056,62.776,61.035,62.555,62.106,62.826,61.085,62.635,0.08,5.15
2019-02-07,62.486,62.871,60.575,61.605,62.536,62.921,60.625,61.685,0.08,5.58
2019-02-08,61.608,62.336,61.035,62.025,61.672,62.386,61.085,62.135,0.11,5.0
2019-02-11,61.815,62.316,60.875,61.535,61.895,62.366,60.925,61.595,0.06,6.74
2019-02-12,61.721,63.311,61.575,62.545,61.771,63.361,61.625,62.635,0.09,5.56
2019-02-13,62.686,63.951,62.676,63.635,62.736,63.99,62.726,63.705,0.07,5.23
2019-02-14,63.666,64.796,63.3,64.575,63.716,64.846,63.32,64.645,0.07,6.2
2019-02-15,64.876,66.365,64.395,66.318,64.926,66.415,64.445,66.382,0.064,4.45
2019-02-18,66.451,66.805,65.865,66.425,66.501,66.855,65.915,66.485,0.06,2.46
2019-02-19,66.401,66.626,65.565,66.415,66.451,66.666,65.615,66.485,0.07,4.5
2019-02-20,66.245,67.352,65.615,67.085,66.315,67.406,65.665,67.165,0.08,7.27
2019-02-21,67.121,67.276,66.685,66.925,67.171,67.326,66.735,66.985,0.06,6.43
2019-02-22,66.948,67.706,66.835,66.875,67.002,67.756,66.885,66.965,0.09,5.58
2019-02-25,67.351,67.456,64.515,64.735,67.401,67.506,64.575,64.805,0.07,5.92
2019-02-26,64.74,65.698,64.301,65.625,64.79,65.757,64.355,65.695,0.07,4.45
2019-02-27,65.618,66.67,65.245,66.395,65.752,66.72,65.295,66.455,0.06,3.53
2019-02-28,66.465,66.756,65.886,66.37,66.545,66.81,65.936,66.44,0.07,3.56
2019-03-01,66.475,67.115,64.555,64.875,66.5,67.17,64.61,64.965,0.09,6.36
2019-03-04,65.275,66.321,65.044,65.585,65.325,66.371,65.094,65.655,0.07,4.75
2019-03-05,65.521,66.206,65.015,65.595,65.571,66.256,65.065,65.675,0.08,4.74
2019-03-06,65.486,66.151,65.195,65.875,65.536,66.201,65.245,65.945,0.07,4.91
2019-03-07,65.821,66.971,65.725,65.975,65.871,67.021,65.775,66.055,0.08,5.19
2019-03-08,66.011,66.076,64.0,65.658,66.061,66.126,64.035,65.722,0.064,5.93
2019-03-11,65.771,66.726,65.635,66.613,65.821,66.755,65.685,66.677,0.064,4.9
2019-03-12,66.735,67.376,66.335,66.775,66.77,67.426,66.385,66.845,0.07,4.81
2019-03-13,66.865,67.731,66.675,67.578,66.922,67.777,66.725,67.652,0.074,6.27
2019-03-14,67.585,68.115,67.005,67.158,67.635,68.165,67.055,67.222,0.064,4.84
2019-03-15,67.143,67.686,66.104,67.005,67.205,67.736,66.154,67.075,0.07,5.07
2019-03-18,66.99,67.661,66.675,67.405,67.04,67.711,66.725,67.495,0.09,4.52
2019-03-19,67.485,68.176,67.104,67.675,67.535,68.226,67.154,67.735,0.06,4.27
2019-03-20,67.501,68.546,67.165,68.275,67.551,68.596,67.215,68.327,0.052,4.66
2019-03-21,68.46,68.676,67.574,67.683,68.51,68.7,67.624,67.765,0.082,4.93
2019-03-22,67.761,67.951,66.175,66.956,67.815,68.005,66.225,67.015,0.059,5.04
2019-03-25,66.458,67.626,66.335,67.253,66.525,67.676,66.391,67.317,0.064,4.97
2019-03-26,67.471,68.196,67.225,67.998,67.521,68.246,67.275,68.062,0.064,5.03
2019-03-27,67.906,68.326,67.169,67.838,67.956,68.376,67.219,67.902,0.064,3.52
2019-03-28,67.628,67.875,66.511,67.805,67.685,67.925,66.561,67.86,0.055,2.05
2019-03-29,67.35,68.276,67.125,67.575,67.405,68.326,67.18,67.645,0.07,5.17
2019-04-01,67.905,69.176,67.854,69.155,67.955,69.235,67.904,69.235,0.08,4.05
2019-04-02,69.156,69.501,68.665,69.405,69.206,69.551,68.715,69.495,0.09,5.01
2019-04-03,69.446,69.936,68.775,69.425,69.496,69.961,68.825,69.495,0.07,5.07
2019-04-04,69.37,69.996,68.845,69.225,69.42,70.046,68.895,69.305,0.08,5.12
2019-04-05,69.085,70.446,68.895,70.365,69.135,70.502,68.945,70.475,0.11,4.44
2019-04-08,70.655,71.176,70.405,71.045,70.705,71.2,70.455,71.115,0.07,5.31
2019-04-09,71.096,71.316,70.265,70.745,71.146,71.366,70.315,70.8,0.055,4.07
2019-04-10,70.748,71.761,70.555,71.555,70.8,71.811,70.605,71.625,0.07,4.77
2019-04-11,71.528,71.661,70.544,70.925,71.578,71.711,70.594,70.995,0.07,4.41
2019-04-12,70.938,71.841,70.875,71.485,71.0,71.891,70.925,71.565,0.08,5.02
2019-04-15,71.415,71.555,70.755,71.225,71.465,71.605,70.805,71.295,0.07,4.89
2019-04-16,71.186,71.905,70.725,71.835,71.236,71.965,70.775,71.905,0.07,4.86
2019-04-17,71.848,72.246,71.425,71.585,71.902,72.296,71.475,71.645,0.06,4.57
2019-04-18,71.596,72.006,71.2,71.925,71.646,72.066,71.215,71.987,0.062,4.85
2019-04-22,72.395,74.496,72.395,74.095,72.445,74.546,72.445,74.155,0.06,4.78
2019-04-23,74.326,74.706,74.0,74.375,74.376,74.756,74.005,74.455,0.08,4.77
2019-04-24,74.226,74.696,73.985,74.495,74.276,74.746,74.035,74.575,0.08,4.68
2019-04-25,74.448,75.576,74.0,74.265,74.512,75.626,74.045,74.335,0.07,5.22
2019-04-26,74.178,74.396,71.27,71.565,74.228,74.446,71.33,71.635,0.07,4.81
2019-04-29,71.565,72.475,71.045,71.945,71.635,72.535,71.095,72.005,0.06,5.6
2019-04-30,71.448,72.756,71.16,71.625,71.512,72.806,71.21,71.705,0.08,5.15
2019-05-01,71.718,72.346,71.275,72.105,71.768,72.385,71.325,72.165,0.06,3.85
2019-05-02,71.986,72.201,69.665,70.325,72.036,72.251,69.715,70.405,0.08,5.43
2019-05-03,70.506,71.505,69.935,70.775,70.556,71.555,69.985,70.855,0.08,4.12
2019-05-06,69.486,71.771,68.828,71.345,69.536,71.821,68.882,71.407,0.062,4.25
2019-05-07,71.121,71.295,69.355,69.745,71.171,71.35,69.405,69.835,0.09,11.01
2019-05-08,69.921,70.676,69.325,70.205,69.971,70.68,69.355,70.285,0.08,5.98
2019-05-09,70.196,70.615,69.375,70.195,70.246,70.665,69.425,70.265,0.07,6.5
2019-05-10,70.43,71.195,70.135,70.725,70.453,71.245,70.19,70.815,0.09,8.54
2019-05-13,70.411,72.555,69.695,69.895,70.461,72.6,69.745,69.965,0.07,7.83
2019-05-14,69.998,71.606,69.895,70.845,70.062,71.656,69.945,70.945,0.1,6.73
2019-05-15,70.861,72.226,70.39,71.885,70.911,72.276,70.44,71.955,0.07,7.05
2019-05-16,72.021,73.335,71.805,72.765,72.071,73.385,71.855,72.825,0.06,6.82
2019-05-17,72.786,73.216,71.765,72.065,72.836,73.266,71.815,72.155,0.09,7.13
2019-05-20,72.93,73.376,71.58,72.045,72.98,73.426,71.63,72.105,0.06,7.57
2019-05-21,72.098,72.506,71.61,71.995,72.162,72.511,71.66,72.085,0.09,6.04
2019-05-22,71.871,72.011,70.395,70.795,71.921,72.061,70.445,70.865,0.07,6.91
2019-05-23,70.848,70.936,67.0,67.915,70.912,70.986,67.035,67.985,0.07,9.11
2019-05-24,67.938,69.265,67.305,69.195,68.002,69.327,67.355,69.285,0.09,6.56
2019-05-27,69.138,70.196,68.505,69.985,69.202,70.23,68.555,70.035,0.05,3.49
2019-05-28,69.966,70.566,69.555,70.085,70.016,70.616,69.605,70.155,0.07,7.9
2019-05-29,70.021,70.071,68.055,69.65,70.071,70.121,68.105,69.72,0.07,45.47
2019-05-30,69.555,69.925,66.39,66.66,69.665,69.975,66.455,66.725,0.065,8.28
2019-05-31,64.816,64.871,61.375,61.665,64.875,64.921,61.425,61.755,0.09,8.44
2019-06-03,61.196,62.816,60.605,60.775,61.246,62.866,60.655,60.837,0.062,9.25
2019-06-04,60.961,62.085,60.194,61.425,61.011,62.111,60.244,61.515,0.09,9.25
2019-06-05,61.515,62.251,59.425,60.545,61.565,62.301,59.475,60.615,0.07,7.52
2019-06-06,60.365,62.388,60.195,62.265,60.415,62.452,60.255,62.345,0.08,6.91
2019-06-07,62.361,63.566,61.745,63.265,62.411,63.616,61.795,63.325,0.06,7.28
2019-06-10,63.708,63.791,62.025,62.345,63.772,63.841,62.075,62.415,0.07,7.42
2019-06-11,62.286,62.851,61.985,62.055,62.336,62.901,62.045,62.125,0.07,6.31
2019-06-12,61.575,61.686,59.545,59.815,61.625,61.736,59.595,59.875,0.06,6.99
2019-06-13,59.946,62.626,59.765,61.285,59.996,62.676,59.815,61.355,0.07,8.9
2019-06-14,61.216,62.541,60.715,62.025,61.266,62.591,60.765,62.085,0.06,6.78
2019-06-17,62.211,62.356,60.715,60.955,62.261,62.406,60.765,61.025,0.07,5.56
2019-06-18,60.976,62.796,60.225,62.225,61.026,62.846,60.275,62.305,0.08,7.42
2019-06-19,62.376,62.521,61.375,62.195,62.426,62.571,61.425,62.255,0.06,6.29
2019-06-20,62.451,64.796,62.375,64.505,62.501,64.846,62.425,64.565,0.06,7.82
2019-06-21,64.925,65.731,63.975,65.265,64.975,65.781,64.025,65.355,0.09,6.79
2019-06-24,65.501,65.771,64.055,64.745,65.551,65.821,64.105,64.815,0.07,5.66
2019-06-25,64.871,65.918,64.145,65.785,64.921,65.982,64.195,65.875,0.09,7.44
2019-06-26,65.768,66.83,65.575,66.205,65.872,66.88,65.63,66.275,0.07,4.93
2019-06-27,65.835,66.785,65.65,66.505,65.925,66.845,65.651,66.555,0.05,6.38
2019-06-28,65.546,65.886,63.995,64.385,65.605,65.9,64.045,64.455,0.07,4.24
2019-07-01,65.765,66.721,64.195,65.185,65.815,66.771,64.245,65.245,0.06,7.01
2019-07-02,64.771,65.496,62.205,62.575,64.821,65.5,62.255,62.655,0.08,8.6
2019-07-03,62.856,63.963,62.065,63.865,62.906,64.027,62.115,63.945,0.08,5.76
2019-07-04,63.846,64.046,62.925,63.145,63.896,64.096,62.975,63.205,0.06,3.91
2019-07-05,63.271,64.506,62.9,64.395,63.321,64.556,62.935,64.495,0.1,5.55
2019-07-08,64.335,65.111,63.8,63.915,64.385,65.161,63.815,63.975,0.06,5.49
2019-07-09,63.8,64.726,63.725,64.465,63.83,64.776,63.775,64.535,0.07,5.91
2019-07-10,64.746,67.101,64.61,66.575,64.796,67.151,64.66,66.645,0.07,5.54
2019-07-11,66.806,67.626,66.405,66.705,66.856,67.676,66.455,66.775,0.07,6.35
2019-07-12,66.828,67.245,66.505,66.865,66.878,67.305,66.555,66.935,0.07,5.48
2019-07-15,66.616,67.451,66.088,66.145,66.666,67.501,66.151,66.225,0.08,5.16
2019-07-16,66.308,67.066,63.815,64.275,66.372,67.116,63.865,64.345,0.07,6.48
2019-07-17,64.398,65.256,63.193,63.505,64.452,65.306,63.255,63.575,0.07,5.36
2019-07-18,63.518,64.436,61.265,62.425,63.572,64.486,61.315,62.505,0.08,6.28
2019-07-19,62.498,63.34,61.825,62.785,62.592,63.39,61.875,62.875,0.09,6.16
2019-07-22,63.191,64.011,62.745,63.315,63.241,64.061,62.795,63.385,0.07,5.26
2019-07-23,63.196,64.413,62.635,64.165,63.246,64.477,62.685,64.265,0.1,4.45
2019-07-24,64.106,64.636,62.555,63.115,64.156,64.686,62.615,63.195,0.08,4.97
2019-07-25,63.171,64.206,63.01,63.075,63.221,64.256,63.045,63.145,0.07,4.59
2019-07-26,63.261,63.926,63.01,63.278,63.311,63.976,63.035,63.342,0.064,3.75
2019-07-29,63.071,63.875,62.91,63.82,63.121,63.935,62.96,63.89,0.07,5.39
2019-07-30,63.865,65.01,63.86,64.575,63.97,65.075,63.925,64.625,0.05,4.83
2019-07-31,64.805,65.406,64.2,64.215,64.855,65.456,64.215,64.305,0.09,4.15
2019-08-01,64.026,64.511,60.005,61.045,64.076,64.561,60.055,61.125,0.08,3.98
2019-08-02,61.081,62.916,60.96,61.25,61.131,62.966,61.01,61.315,0.065,4.42
2019-08-05,61.271,61.546,59.635,60.025,61.321,61.596,59.685,60.095,0.07,5.81
2019-08-06,59.375,60.531,58.555,58.665,59.425,60.581,58.615,58.755,0.09,5.26
2019-08-07,58.646,59.171,55.855,57.335,58.696,59.221,55.905,57.405,0.07,7.55
2019-08-08,57.448,57.976,56.745,57.705,57.498,58.026,56.795,57.785,0.08,5.19
2019-08-09,57.701,59.076,57.085,58.223,57.751,59.126,57.135,58.285,0.062,3.22
2019-08-12,58.201,58.856,57.865,58.415,58.255,58.906,57.915,58.485,0.07,3.24
2019-08-13,58.558,61.476,57.98,60.885,58.612,61.526,58.03,60.955,0.07,4.71
2019-08-14,61.046,61.076,58.22,59.035,61.105,61.126,58.271,59.105,0.07,3.66
2019-08-15,59.128,59.401,57.656,58.325,59.195,59.455,57.711,58.405,0.08,3.6
2019-08-16,58.391,59.476,58.266,58.635,58.441,59.526,58.316,58.715,0.08,2.33
2019-08-19,59.011,59.896,58.736,59.745,59.065,59.946,58.786,59.815,0.07,2.13
2019-08-20,59.625,60.291,58.926,60.063,59.675,60.345,58.976,60.125,0.062,2.38
2019-08-21,60.136,61.396,60.041,60.335,60.186,61.4,60.095,60.415,0.08,2.5
2019-08-22,60.421,60.866,59.455,59.985,60.471,60.916,59.515,60.055,0.07,2.39
2019-08-23,60.101,60.276,58.286,59.105,60.151,60.326,58.345,59.195,0.09,3.81
2019-08-26,58.391,60.136,58.336,58.785,58.445,60.18,58.386,58.865,0.08,3.32
2019-08-27,58.798,60.123,58.495,60.105,58.862,60.195,58.545,60.185,0.08,2.8
2019-08-28,59.988,60.971,59.785,60.425,60.042,60.99,59.835,60.495,0.07,2.71
2019-08-29,60.438,61.165,59.971,61.045,60.488,61.19,60.035,61.095,0.05,3.83
2019-08-30,60.305,60.595,58.5,59.035,60.415,60.65,58.51,59.125,0.09,13.42
2019-09-02,58.805,59.235,58.075,58.575,58.875,59.295,58.125,58.655,0.08,4.24
2019-09-03,58.448,58.846,57.205,58.175,58.498,58.896,57.255,58.245,0.07,4.22
2019-09-04,58.111,60.946,58.11,60.445,58.161,60.965,58.16,60.505,0.06,3.91
2019-09-05,60.458,62.345,60.215,60.725,60.532,62.41,60.265,60.795,0.07,6.92
2019-09-06,60.815,61.845,59.385,61.615,60.872,61.9,59.435,61.735,0.12,9.87
2019-09-09,61.695,62.976,61.545,62.665,61.75,63.0,61.595,62.735,0.07,6.2
2019-09-10,63.051,63.735,62.135,62.745,63.101,63.785,62.19,62.815,0.07,8.04
2019-09-11,62.855,63.236,60.505,61.015,62.91,63.286,60.555,61.085,0.07,5.23
2019-09-12,61.135,61.376,58.885,60.355,61.185,61.426,58.935,60.435,0.08,4.89
2019-09-13,60.436,60.768,59.575,60.095,60.486,60.821,59.625,60.155,0.06,3.69
2019-09-16,68.401,69.636,64.805,68.035,68.451,69.686,64.855,68.115,0.08,8.83
2019-09-17,68.098,69.231,63.55,63.915,68.202,69.281,63.605,64.105,0.19,6.41
2019-09-18,64.278,64.976,63.055,63.625,64.365,65.0,63.105,63.705,0.08,2.72
2019-09-19,63.496,65.551,63.446,64.745,63.546,65.601,63.505,64.815,0.07,4.01
2019-09-20,64.878,65.256,64.025,64.598,64.932,65.301,64.075,64.672,0.074,3.64
2019-09-23,64.858,65.161,63.55,64.455,64.908,65.211,63.575,64.515,0.06,2.79
2019-09-24,64.396,64.581,62.355,62.355,64.446,64.631,62.422,62.445,0.09,3.78
2019-09-25,62.456,62.791,61.205,62.535,62.506,62.841,61.255,62.595,0.06,3.75
2019-09-26,62.548,62.891,61.435,62.585,62.6,62.941,61.485,62.695,0.11,5.82
2019-09-27,62.388,62.72,60.735,61.855,62.442,62.77,60.785,61.915,0.06,4.79
2019-09-30,60.28,61.28,59.186,59.325,60.37,61.335,59.24,59.415,0.09,3.51
2019-10-01,59.368,60.071,58.375,59.175,59.452,60.125,58.43,59.275,0.1,4.35
2019-10-02,59.226,59.465,57.211,57.435,59.276,59.515,57.271,57.505,0.07,5.72
2019-10-03,57.448,57.955,56.125,57.605,57.498,58.005,56.185,57.685,0.08,2.7
2019-10-04,57.668,58.92,57.66,58.468,57.718,58.975,57.71,58.532,0.064,4.02
2019-10-07,58.151,59.645,58.005,58.365,58.201,59.695,58.055,58.455,0.09,7.41
2019-10-08,58.458,58.906,57.355,58.095,58.508,58.956,57.405,58.205,0.11,6.88
2019-10-09,57.968,59.321,57.891,58.255,58.018,59.371,57.941,58.345,0.09,6.41
2019-10-10,57.905,59.525,57.775,59.425,57.955,59.587,57.81,59.495,0.07,12.68
2019-10-11,59.528,60.651,59.185,60.638,59.578,60.707,59.235,60.702,0.064,14.55
2019-10-14,60.575,60.601,58.485,59.185,60.625,60.651,58.53,59.255,0.07,5.64
2019-10-15,59.221,59.661,58.0,58.815,59.271,59.711,58.025,58.885,0.07,5.51
2019-10-16,58.888,59.716,58.345,59.025,58.962,59.766,58.395,59.115,0.09,5.44
2019-10-17,58.881,59.995,58.665,59.895,58.931,60.055,58.715,59.965,0.07,4.7
2019-10-18,59.766,60.256,58.985,59.275,59.816,60.3,59.035,59.355,0.08,4.3
2019-10-21,59.161,59.511,58.225,59.035,59.211,59.561,58.275,59.095,0.06,4.45
2019-10-22,58.955,60.241,58.735,59.575,59.065,60.291,58.785,59.675,0.1,4.28
2019-10-23,59.481,61.271,58.825,61.015,59.531,61.321,58.875,61.085,0.07,4.71
2019-10-24,60.966,61.865,60.615,61.465,61.016,61.915,60.665,61.527,0.062,9.35
2019-10-25,61.488,62.086,60.905,61.935,61.542,62.136,60.955,62.025,0.09,4.89
2019-10-28,62.028,62.321,61.175,61.545,62.092,62.371,61.225,61.605,0.06,4.29
2019-10-29,61.625,61.956,60.635,61.525,61.705,62.001,60.685,61.635,0.11,3.88
2019-10-30,61.568,61.901,60.475,60.666,61.632,61.951,60.525,60.716,0.05,3.34
2019-10-31,60.163,60.776,59.185,59.455,60.227,60.826,59.235,59.515,0.06,2.86
2019-11-01,59.428,61.791,59.385,61.635,59.492,61.841,59.435,61.705,0.07,2.89
2019-11-04,61.506,62.756,61.255,62.065,61.556,62.806,61.305,62.125,0.06,2.55
2019-11-05,61.915,63.166,61.915,62.915,61.965,63.216,61.965,63.005,0.09,2.05
2019-11-06,62.735,63.296,61.555,61.755,62.785,63.346,61.605,61.815,0.06,2.51
2019-11-07,61.726,62.856,61.625,62.275,61.776,62.906,61.675,62.345,0.07,2.31
2019-11-08,62.181,62.681,60.655,62.625,62.231,62.731,60.69,62.695,0.07,2.51
2019-11-11,62.326,62.736,61.555,62.215,62.376,62.786,61.605,62.275,0.06,2.17
2019-11-12,62.078,62.836,61.795,61.995,62.128,62.886,61.845,62.065,0.07,3.49
2019-11-13,61.878,62.701,61.2,62.525,61.928,62.752,61.245,62.585,0.06,2.04
2019-11-14,62.576,63.186,62.125,62.315,62.626,63.221,62.175,62.395,0.08,3.99
2019-11-15,62.416,63.616,61.675,63.415,62.466,63.666,61.725,63.495,0.08,2.84
2019-11-18,63.305,63.546,61.915,62.223,63.355,63.596,61.965,62.285,0.062,2.86
2019-11-19,62.256,62.546,60.673,60.705,62.306,62.596,60.725,60.775,0.07,3.03
2019-11-20,60.955,62.776,60.265,62.413,61.005,62.826,60.315,62.475,0.062,3.73
2019-11-21,62.135,64.006,61.9,63.625,62.185,64.051,61.95,63.705,0.08,3.66
2019-11-22,63.621,64.246,62.955,63.545,63.671,64.296,63.005,63.635,0.09,3.32
2019-11-25,63.445,63.776,62.945,63.545,63.495,63.826,62.995,63.615,0.07,3.01
2019-11-26,63.645,64.291,63.425,64.095,63.695,64.341,63.475,64.205,0.11,3.55
2019-11-27,64.006,64.571,63.491,64.041,64.056,64.6,63.541,64.091,0.05,2.28
2019-11-28,62.756,63.321,62.49,63.255,62.806,63.371,62.54,63.315,0.06,1.14
2019-11-29,63.135,63.176,60.325,60.695,63.185,63.226,60.375,60.805,0.11,2.76
2019-12-02,61.305,62.066,60.735,60.925,61.355,62.116,60.785,60.995,0.07,3.96
2019-12-03,61.008,61.556,60.295,60.975,61.072,61.615,60.325,61.055,0.08,3.67
2019-12-04,61.071,63.475,60.975,62.975,61.121,63.515,61.025,63.035,0.06,5.01
2019-12-05,62.916,63.875,62.715,63.245,62.966,63.9,62.765,63.325,0.08,7.15
2019-12-06,63.416,64.851,62.805,64.285,63.466,64.901,62.855,64.345,0.06,3.06
2019-12-09,64.071,64.476,63.585,64.035,64.121,64.526,63.635,64.105,0.07,2.48
2019-12-10,64.018,64.671,63.755,64.135,64.068,64.721,63.805,64.205,0.07,2.69
2019-12-11,63.895,64.225,62.985,63.805,63.945,64.275,63.035,63.875,0.07,2.34
2019-12-12,63.888,64.821,63.855,64.285,63.952,64.871,63.905,64.355,0.07,2.46
2019-12-13,64.601,65.766,64.475,64.885,64.651,65.8,64.525,64.965,0.08,3.04
2019-12-16,64.975,65.636,64.915,65.325,65.025,65.686,64.965,65.395,0.07,2.76
2019-12-17,65.296,66.226,65.115,65.795,65.346,66.276,65.135,65.875,0.08,2.6
2019-12-18,65.866,66.406,65.546,66.098,65.916,66.456,65.596,66.162,0.064,1.66
2019-12-19,66.148,66.756,66.016,66.515,66.198,66.806,66.066,66.595,0.08,1.86
2019-12-20,66.566,66.676,65.72,65.995,66.616,66.726,65.77,66.095,0.1,2.93
2019-12-23,66.055,66.596,65.785,66.465,66.105,66.665,65.835,66.595,0.13,1.43
2019-12-24,66.436,67.236,66.315,67.145,66.486,67.286,66.396,67.235,0.09,0.73
2019-12-26,67.271,67.931,67.196,67.845,67.321,67.981,67.246,67.975,0.13,0.8
2019-12-27,67.936,68.296,67.556,68.115,67.986,68.315,67.601,68.205,0.09,1.07
2019-12-30,66.861,67.556,66.055,66.615,66.911,67.606,66.105,66.685,0.07,2.36
2019-12-31,66.616,66.906,65.61,65.995,66.666,66.956,65.66,66.045,0.05,3.04
2020-01-02,66.341,66.556,65.685,66.225,66.391,66.606,65.735,66.295,0.07,3.13
2020-01-03,66.258,69.466,66.195,68.575,66.342,69.526,66.245,68.655,0.08,5.89
2020-01-06,69.705,70.721,68.195,68.395,69.755,70.771,68.245,68.465,0.07,4.95
2020-01-07,68.611,68.721,67.635,68.265,68.661,68.771,67.685,68.355,0.09,4.37
2020-01-08,71.148,71.265,64.92,65.805,71.272,71.316,64.97,65.885,0.08,7.02
2020-01-09,65.976,66.076,64.535,65.375,66.026,66.126,64.585,65.455,0.08,4.41
2020-01-10,65.308,65.636,64.845,64.995,65.372,65.65,64.895,65.095,0.1,3.56
2020-01-13,64.861,65.236,63.895,64.205,64.911,65.286,63.945,64.265,0.06,3.18
2020-01-14,64.266,65.031,63.895,64.395,64.316,65.081,63.945,64.475,0.08,3.34
2020-01-15,64.406,64.585,63.535,64.295,64.456,64.635,63.585,64.375,0.08,2.91
2020-01-16,64.236,64.931,63.895,64.695,64.286,64.981,63.945,64.755,0.06,2.62
2020-01-17,64.701,65.115,64.455,65.075,64.751,65.165,64.505,65.145,0.07,1.88
2020-01-20,65.671,65.691,64.905,65.125,65.721,65.741,64.955,65.205,0.08,1.23
2020-01-21,65.248,65.316,64.035,64.455,65.298,65.366,64.085,64.525,0.07,3.04
2020-01-22,64.508,64.546,62.595,62.595,64.572,64.596,62.655,62.675,0.08,3.15
2020-01-23,62.648,62.661,61.225,62.085,62.698,62.711,61.275,62.165,0.08,4.06
2020-01-24,61.986,62.435,60.225,60.625,62.036,62.485,60.275,60.725,0.1,3.14
2020-01-27,59.541,59.785,58.475,58.925,59.591,59.835,58.525,58.985,0.06,5.45
2020-01-28,59.006,60.078,58.5,59.975,59.056,60.142,58.525,60.085,0.11,5.86
2020-01-29,59.786,60.601,59.23,59.826,59.836,60.651,59.28,59.876,0.05,4.87
2020-01-30,58.661,58.726,56.726,58.193,58.711,58.776,56.776,58.255,0.062,3.68
2020-01-31,58.271,58.525,55.9,56.605,58.321,58.575,55.945,56.705,0.1,6.03
2020-02-03,55.961,56.746,54.043,54.085,56.011,56.796,54.105,54.175,0.09,6.78
2020-02-04,54.326,55.621,53.663,53.755,54.376,55.671,53.725,53.855,0.1,6.87
2020-02-05,54.081,56.441,54.02,55.605,54.131,56.491,54.07,55.675,0.07,6.66
2020-02-06,55.578,56.551,54.225,55.135,55.642,56.601,54.275,55.205,0.07,6.07
2020-02-07,55.176,55.386,54.185,54.425,55.214,55.436,54.235,54.495,0.07,5.16
2020-02-10,53.981,54.681,53.085,53.385,54.031,54.731,53.135,53.445,0.06,4.63
2020-02-11,53.621,54.656,53.621,54.145,53.671,54.706,53.671,54.215,0.07,3.99
2020-02-12,54.406,56.275,54.366,56.255,54.41,56.335,54.41,56.315,0.06,4.21
2020-02-13,55.691,56.816,54.935,56.395,55.741,56.866,54.985,56.465,0.07,4.55
2020-02-14,56.408,57.502,56.125,57.325,56.462,57.556,56.175,57.395,0.07,3.88
2020-02-17,57.095,57.671,56.805,57.535,57.145,57.721,56.855,57.605,0.07,1.81
2020-02-18,57.258,57.796,56.285,57.665,57.312,57.846,56.335,57.725,0.06,3.61
2020-02-19,57.628,59.376,57.5,59.295,57.678,59.426,57.525,59.375,0.08,2.98
2020-02-20,59.301,59.971,58.875,59.025,59.351,60.021,58.925,59.087,0.062,4.11
2020-02-21,59.016,59.216,57.695,58.435,59.066,59.266,57.745,58.505,0.07,5.64
2020-02-24,56.565,57.191,55.115,56.135,56.62,57.241,55.165,56.205,0.07,4.91
2020-02-25,56.475,56.951,54.611,54.948,56.525,57.001,54.661,55.012,0.064,3.93
2020-02-26,55.101,55.416,53.016,53.381,55.151,55.45,53.066,53.431,0.05,3.5
2020-02-27,52.511,52.621,50.375,50.955,52.561,52.671,50.425,51.035,0.08,8.48
2020-02-28,51.025,51.09,48.915,50.075,51.075,51.14,48.965,50.155,0.08,9.0
2020-03-02,49.356,52.758,49.356,52.753,49.406,52.825,49.406,52.815,0.062,5.84
2020-03-03,53.528,53.826,51.201,51.805,53.578,53.905,51.255,51.885,0.08,6.31
2020-03-04,52.271,53.016,51.026,51.575,52.3,53.066,51.085,51.645,0.07,3.94
2020-03-05,51.636,52.006,49.681,50.003,51.695,52.056,49.735,50.065,0.062,3.83
2020-03-06,50.198,50.426,45.165,45.505,50.248,50.476,45.215,45.575,0.07,5.69
2020-03-09,35.675,37.381,31.256,33.415,35.755,37.435,31.306,33.495,0.08,40.63
2020-03-10,35.985,38.191,34.975,37.895,36.045,38.241,35.025,37.985,0.09,22.8
2020-03-11,37.395,39.575,35.325,36.025,37.472,39.64,35.375,36.085,0.06,24.48
2020-03-12,36.145,36.435,32.475,32.625,36.217,36.492,32.525,32.685,0.06,23.11
2020-03-13,32.705,36.075,32.475,34.665,32.787,36.145,32.525,34.895,0.23,21.46
2020-03-16,32.195,33.232,29.435,29.575,32.287,33.29,29.485,29.645,0.07,8.95
2020-03-17,30.002,31.221,28.475,28.595,30.052,31.251,28.525,28.665,0.07,5.52
2020-03-18,28.465,29.165,24.495,26.445,28.517,29.225,24.55,26.515,0.07,18.15
2020-03-19,26.705,29.295,24.925,28.165,26.772,29.372,24.975,28.242,0.077,22.8
2020-03-20,28.695,30.895,26.79,27.325,28.767,30.945,26.84,27.425,0.1,12.8
2020-03-23,25.248,27.501,25.105,27.445,25.312,27.551,25.155,27.515,0.07,3.52
2020-03-24,27.718,28.621,26.665,27.575,27.782,28.671,26.715,27.695,0.12,3.33
2020-03-25,27.698,28.261,25.76,27.405,27.762,28.311,25.81,27.485,0.08,3.29
2020-03-26,27.408,27.705,26.021,26.806,27.502,27.765,26.071,26.856,0.05,2.56
2020-03-27,26.688,26.968,24.141,24.816,26.762,27.032,24.191,24.866,0.05,2.31
2020-03-30,26.801,27.151,25.275,26.365,26.851,27.201,25.325,26.435,0.07,4.54
2020-03-31,26.538,27.885,25.622,25.725,26.622,27.935,25.725,25.795,0.07,3.51
2020-04-01,25.975,26.255,24.517,25.635,26.025,26.305,24.583,25.695,0.06,3.27
2020-04-02,25.647,36.107,25.44,29.535,25.735,36.305,25.495,29.605,0.07,5.33
2020-04-03,29.725,34.965,28.225,34.875,29.803,35.025,28.281,34.945,0.07,14.79
2020-04-06,31.94,34.215,31.735,33.255,31.99,34.265,31.785,33.325,0.07,1.79
2020-04-07,33.767,34.135,31.725,32.405,33.873,34.191,31.775,32.475,0.07,3.39
2020-04-08,32.565,33.815,31.525,33.635,32.615,33.865,31.575,33.705,0.07,0.81
2020-04-09,33.767,36.365,31.275,31.745,33.823,36.415,31.325,31.835,0.09,5.13
2020-04-13,31.995,33.225,30.61,31.815,32.045,33.275,30.66,31.905,0.09,3.1
2020-04-14,32.215,32.305,29.365,30.025,32.265,32.355,29.415,30.105,0.08,3.01
2020-04-15,30.245,30.305,27.145,27.935,30.295,30.355,27.195,28.035,0.1,3.32
2020-04-16,28.06,28.975,27.176,28.285,28.11,29.025,27.226,28.365,0.08,3.04
2020-04-17,28.825,28.905,27.556,28.285,28.875,28.94,27.606,28.365,0.08,3.49
2020-04-20,27.85,28.225,25.345,25.915,27.9,28.275,25.405,25.995,0.08,4.52
2020-04-21,26.255,26.49,17.496,19.605,26.305,26.535,17.541,19.715,0.11,11.19
2020-04-22,20.245,22.425,15.965,20.765,20.353,22.485,16.016,20.845,0.08,17.95
2020-04-23,20.895,23.185,20.035,21.765,20.973,23.241,20.096,21.845,0.08,4.29
2020-04-24,21.997,22.66,20.485,21.935,22.073,22.71,20.535,22.075,0.14,2.98
2020-04-27,21.895,21.9,19.095,19.955,21.945,21.95,19.145,20.065,0.11,3.42
2020-04-28,19.535,21.26,18.705,20.632,19.613,21.315,18.755,20.765,0.133,4.44
2020-04-29,22.797,25.155,22.695,24.195,22.853,25.216,22.751,24.265,0.07,16.16
2020-04-30,24.615,26.965,24.375,26.635,24.685,27.015,24.431,26.735,0.1,4.99
2020-05-01,26.955,27.825,25.745,26.532,27.005,27.875,25.795,26.635,0.103,5.32
2020-05-04,25.84,28.045,25.485,27.855,25.89,28.105,25.535,27.925,0.07,3.44
2020-05-05,28.1,31.642,27.75,31.537,28.15,31.755,27.8,31.675,0.138,4.6
2020-05-06,32.207,32.207,28.655,29.815,32.257,32.257,28.696,29.895,0.08,6.33
2020-05-07,29.747,31.815,29.065,29.325,29.797,31.865,29.115,29.425,0.1,6.89
2020-05-08,29.59,31.105,29.395,30.825,29.64,31.155,29.445,30.933,0.108,6.66
2020-05-11,30.555,31.425,29.335,29.915,30.616,31.481,29.381,29.985,0.07,19.43
2020-05-12,30.005,30.67,29.405,29.415,30.055,30.715,29.465,29.495,0.08,3.88
2020-05-13,29.4,30.525,28.836,29.355,29.45,30.575,28.886,29.415,0.06,5.98
2020-05-14,29.457,31.455,28.855,31.355,29.533,31.525,28.905,31.425,0.07,3.42
2020-05-15,31.465,32.875,30.93,32.865,31.515,32.945,30.976,32.945,0.08,4.27
2020-05-18,33.455,35.705,33.305,35.505,33.505,35.755,33.355,35.565,0.06,4.65
2020-05-19,35.635,35.735,34.176,34.475,35.685,35.785,34.226,34.535,0.06,6.28
2020-05-20,34.415,36.375,34.355,35.765,34.465,36.425,34.405,35.835,0.07,4.74
2020-05-21,35.777,36.955,35.726,36.035,35.853,37.0,35.776,36.105,0.07,3.2
2020-05-22,36.147,36.215,33.535,35.275,36.223,36.265,33.585,35.365,0.09,3.89
2020-05-25,34.68,35.945,34.47,35.525,34.73,36.0,34.52,35.585,0.06,6.4
2020-05-26,35.615,36.655,35.245,36.065,35.723,36.715,35.286,36.165,0.1,8.64
2020-05-27,35.937,36.155,34.0,34.07,36.015,36.205,34.006,34.12,0.05,4.28
2020-05-28,34.687,36.615,34.345,36.015,34.785,36.665,34.391,36.075,0.06,7.88
2020-05-29,35.847,38.135,34.815,37.615,35.897,38.186,34.856,37.735,0.12,6.75
2020-06-01,37.635,38.655,37.16,38.515,37.691,38.708,37.21,38.605,0.09,8.16
2020-06-02,38.315,39.672,38.255,39.575,38.413,39.775,38.306,39.675,0.1,6.0
2020-06-03,39.755,40.51,38.745,39.365,39.805,40.56,38.805,39.455,0.09,6.53
2020-06-04,39.657,40.075,39.025,39.925,39.707,40.125,39.075,39.995,0.07,4.9
2020-06-05,39.825,42.455,39.705,41.8,39.875,42.505,39.755,41.915,0.115,5.75
2020-06-08,43.31,43.315,40.622,40.755,43.36,43.365,40.715,40.825,0.07,3.84
2020-06-09,41.175,41.415,39.825,40.625,41.225,41.465,39.876,40.725,0.1,3.42
2020-06-10,40.525,41.97,40.106,41.185,40.575,42.02,40.156,41.275,0.09,3.5
2020-06-11,40.805,40.98,37.796,38.295,40.855,41.03,37.846,38.375,0.08,5.78
2020-06-12,37.925,39.425,36.99,38.895,37.975,39.475,37.031,38.995,0.1,4.49
2020-06-15,38.177,39.875,37.225,39.755,38.227,39.916,37.271,39.825,0.07,4.42
2020-06-16,39.817,41.635,38.94,40.675,39.865,41.685,38.99,40.755,0.08,4.53
2020-06-17,40.507,41.435,40.006,40.485,40.557,41.485,40.056,40.555,0.07,3.44
2020-06-18,40.26,41.61,40.026,41.455,40.31,41.66,40.076,41.525,0.07,2.82
2020-06-19,41.8,42.905,41.005,41.875,41.85,42.955,41.055,41.975,0.1,2.65
2020-06-22,42.205,43.145,41.796,42.965,42.255,43.208,41.846,43.035,0.07,2.02
2020-06-23,43.225,43.915,42.176,42.325,43.275,43.965,42.226,42.415,0.09,2.25
2020-06-24,42.447,42.865,39.6,40.315,42.497,42.915,39.646,40.385,0.07,3.51
2020-06-25,40.227,41.562,39.446,41.415,40.303,41.695,39.496,41.525,0.11,4.27
2020-06-26,41.377,41.765,40.275,40.657,41.453,41.815,40.325,40.803,0.146,3.88
2020-06-29,40.36,41.975,39.995,41.742,40.41,42.025,40.045,41.855,0.113,3.79
2020-06-30,41.735,41.955,40.985,41.655,41.805,42.005,41.045,41.735,0.08,3.56
2020-07-01,41.45,42.595,41.005,41.925,41.505,42.645,41.065,41.995,0.07,3.89
2020-07-02,41.74,43.205,41.71,42.735,41.795,43.255,41.765,42.795,0.06,3.02
2020-07-03,42.67,42.965,42.286,42.765,42.72,43.015,42.336,42.815,0.05,1.14
2020-07-06,42.92,43.68,42.735,43.025,42.97,43.725,42.781,43.095,0.07,1.55
2020-07-07,43.105,43.425,42.445,42.845,43.155,43.475,42.495,42.945,0.1,0.92
2020-07-08,42.795,43.445,42.73,43.255,42.845,43.495,42.78,43.325,0.07,2.63
2020-07-09,43.257,43.465,41.915,42.335,43.307,43.5,41.965,42.405,0.07,5.51
2020-07-10,42.337,43.395,41.3,43.215,42.413,43.445,41.35,43.315,0.1,1.97
2020-07-13,42.83,43.315,42.155,42.215,42.88,43.365,42.215,42.275,0.06,1.56
2020-07-14,42.24,43.185,41.775,42.975,42.29,43.235,41.835,43.045,0.07,1.74
2020-07-15,43.027,43.825,42.685,43.615,43.077,43.875,42.735,43.675,0.06,2.84
2020-07-16,43.62,43.78,43.115,43.255,43.67,43.835,43.165,43.335,0.08,2.09
2020-07-17,43.387,43.425,42.615,43.037,43.437,43.475,42.665,43.145,0.108,1.93
2020-07-20,43.11,43.415,42.345,43.137,43.165,43.455,42.395,43.245,0.108,2.02
2020-07-21,43.147,44.865,43.147,43.945,43.253,44.915,43.215,44.025,0.08,2.5
2020-07-22,43.955,44.38,43.605,44.217,44.005,44.425,43.655,44.325,0.108,2.41
2020-07-23,44.105,44.755,43.115,43.295,44.155,44.805,43.165,43.365,0.07,3.14
2020-07-24,43.267,43.88,42.775,43.252,43.323,43.93,42.825,43.365,0.113,2.91
2020-07-27,43.1,43.755,42.366,43.442,43.15,43.805,42.416,43.555,0.113,2.67
2020-07-28,43.537,43.815,42.986,43.232,43.593,43.865,43.036,43.365,0.133,2.47
2020-07-29,43.257,43.925,43.165,43.732,43.363,43.975,43.23,43.865,0.133,2.14
2020-07-30,44.065,44.195,41.705,43.565,44.115,44.22,41.755,43.635,0.07,4.19
2020-07-31,43.607,43.765,42.905,43.567,43.657,43.815,42.951,43.675,0.108,4.63
2020-08-03,43.43,44.435,42.865,43.855,43.48,44.485,42.915,43.915,0.06,2.62
2020-08-04,43.725,44.795,43.216,44.305,43.775,44.845,43.266,44.395,0.09,2.7
2020-08-05,44.287,46.21,44.216,45.175,44.343,46.255,44.266,45.245,0.07,3.02
2020-08-06,45.15,45.685,44.826,45.085,45.2,45.735,44.876,45.155,0.07,2.75
2020-08-07,45.145,45.28,44.246,44.625,45.195,45.33,44.296,44.695,0.07,2.75
2020-08-10,44.69,45.245,44.556,44.905,44.74,45.295,44.606,44.975,0.07,2.02
2020-08-11,45.015,45.765,44.375,44.565,45.065,45.815,44.425,44.635,0.07,2.87
2020-08-12,44.54,45.6,44.47,45.295,44.59,45.65,44.52,45.355,0.06,2.3
2020-08-13,45.305,45.555,44.796,45.035,45.355,45.605,44.846,45.115,0.08,2.16
2020-08-14,45.17,45.17,44.455,44.877,45.22,45.22,44.505,44.985,0.108,2.32
2020-08-17,45.03,45.385,44.505,45.265,45.08,45.435,44.555,45.325,0.06,2.27
2020-08-18,45.215,45.525,44.726,44.927,45.295,45.575,44.776,45.035,0.108,2.51
2020-08-19,45.165,45.455,44.785,45.165,45.215,45.505,44.836,45.235,0.07,2.24
2020-08-20,45.14,45.165,44.0,44.817,45.19,45.215,44.046,44.925,0.108,2.81
2020-08-21,44.975,45.065,43.575,44.212,45.025,45.115,43.625,44.315,0.103,3.09
2020-08-24,44.42,45.155,44.255,44.975,44.47,45.205,44.315,45.035,0.06,2.58
2020-08-25,45.117,46.03,45.055,45.897,45.167,46.08,45.105,46.043,0.146,2.76
2020-08-26,45.955,46.075,45.515,45.617,46.005,46.125,45.575,45.763,0.146,2.08
2020-08-27,46.17,46.31,45.035,45.577,46.22,46.36,45.085,45.705,0.128,3.47
2020-08-28,45.54,45.875,45.32,45.817,45.59,45.973,45.37,45.963,0.146,2.49
2020-08-31,45.94,46.505,45.195,45.555,45.99,46.555,45.245,45.665,0.11,2.3
2020-09-01,45.59,46.195,45.435,45.755,45.64,46.245,45.505,45.865,0.11,2.03
2020-09-02,45.765,46.025,44.185,44.345,45.815,46.075,44.235,44.405,0.06,1.99
2020-09-03,44.465,44.555,43.125,43.975,44.515,44.605,43.185,44.045,0.07,3.88
2020-09-04,43.705,44.525,42.285,42.305,43.755,44.575,42.326,42.375,0.07,3.73
2020-09-07,41.65,42.41,41.65,42.035,41.7,42.46,41.7,42.085,0.05,1.62
2020-09-08,42.055,42.205,39.295,39.835,42.105,42.255,39.345,39.905,0.07,4.54
2020-09-09,39.63,41.175,39.335,40.535,39.68,41.225,39.395,40.625,0.09,3.63
2020-09-10,40.495,40.935,39.705,39.755,40.545,40.986,39.781,39.815,0.06,10.02
2020-09-11,39.925,40.32,39.345,39.785,39.981,40.37,39.396,39.865,0.08,9.74
2020-09-14,39.775,40.065,39.3,39.575,39.831,40.115,39.326,39.645,0.07,5.83
2020-09-15,39.655,40.795,39.355,40.605,39.715,40.845,39.415,40.675,0.07,4.2
2020-09-16,40.705,42.405,40.57,42.265,40.755,42.42,40.62,42.335,0.07,3.23
2020-09-17,42.295,43.475,41.485,43.255,42.345,43.525,41.535,43.325,0.07,3.74
2020-09-18,43.215,43.775,42.515,43.055,43.265,43.825,42.565,43.115,0.06,3.1
2020-09-21,42.88,43.275,40.945,41.675,42.935,43.325,40.995,41.755,0.08,3.95
2020-09-22,41.785,42.175,41.185,41.637,41.835,42.225,41.235,41.765,0.128,3.12
2020-09-23,41.71,42.595,41.185,41.445,41.76,42.645,41.235,41.515,0.07,3.32
2020-09-24,41.335,41.995,41.245,41.697,41.385,42.045,41.295,41.835,0.138,4.88
2020-09-25,41.83,42.295,41.496,41.777,41.88,42.345,41.546,41.923,0.146,3.43
2020-09-28,42.29,43.015,41.935,42.845,42.34,43.065,41.985,42.915,0.07,2.67
2020-09-29,42.855,42.955,40.825,41.315,42.905,43.005,40.875,41.425,0.11,3.56
2020-09-30,41.35,42.465,40.805,41.975,41.4,42.515,40.855,42.035,0.06,4.12
2020-10-01,42.14,42.535,39.905,40.745,42.19,42.585,39.955,40.815,0.07,4.99
2020-10-02,40.655,40.755,38.775,39.067,40.705,40.805,38.825,39.195,0.128,5.25
2020-10-05,39.44,41.76,39.425,41.435,39.49,41.81,39.475,41.495,0.06,4.57
2020-10-06,41.34,42.815,41.205,41.865,41.39,42.865,41.255,41.955,0.09,4.67
2020-10-07,41.845,42.395,41.335,42.125,41.895,42.445,41.385,42.185,0.06,2.96
2020-10-08,42.12,43.43,41.835,43.395,42.17,43.485,41.885,43.455,0.06,2.02
2020-10-09,43.325,43.545,42.585,42.755,43.375,43.595,42.635,42.845,0.09,1.76
2020-10-12,42.435,42.595,41.345,41.715,42.495,42.645,41.395,41.785,0.07,2.0
2020-10-13,41.83,42.655,41.645,42.415,41.88,42.705,41.695,42.475,0.06,2.61
2020-10-14,42.385,43.415,42.105,43.335,42.435,43.465,42.165,43.425,0.09,2.27
2020-10-15,43.415,43.455,41.545,43.085,43.465,43.505,41.595,43.155,0.07,3.11
2020-10-16,43.04,43.19,42.245,42.785,43.09,43.24,42.3,42.865,0.08,2.59
2020-10-19,42.99,43.21,42.335,42.445,43.04,43.26,42.385,42.515,0.07,2.15
2020-10-20,42.425,43.275,42.17,42.735,42.475,43.325,42.22,42.795,0.06,2.26
2020-10-21,42.89,43.025,41.435,41.674,42.94,43.075,41.485,41.746,0.072,2.08
2020-10-22,41.595,42.765,41.434,42.384,41.645,42.815,41.49,42.446,0.062,1.78
2020-10-23,42.359,42.769,41.5,41.644,42.412,42.822,41.532,41.716,0.072,3.58
2020-10-26,41.094,41.31,40.205,40.434,41.166,41.36,40.255,40.546,0.112,3.5
2020-10-27,40.434,41.455,40.382,40.825,40.546,41.5,40.435,40.875,0.05,2.62
2020-10-28,40.942,41.085,39.225,39.573,41.088,41.173,39.275,39.637,0.064,3.61
2020-10-29,39.812,39.945,37.243,38.083,39.917,39.995,37.295,38.147,0.064,4.39
2020-10-30,38.152,38.66,37.385,37.833,38.267,38.71,37.435,37.917,0.084,3.74
2020-11-02,36.44,39.33,36.385,39.223,36.49,39.38,36.435,39.307,0.084,2.76
2020-11-03,39.21,40.415,38.635,40.073,39.26,40.467,38.685,40.147,0.074,2.37
2020-11-04,40.16,41.315,39.395,41.173,40.21,41.365,39.445,41.247,0.074,2.92
2020-11-05,40.95,41.505,40.31,40.633,41.0,41.55,40.36,40.727,0.094,2.03
2020-11-06,40.5,40.665,39.315,39.643,40.516,40.715,39.365,39.727,0.084,2.08
2020-11-09,40.153,43.46,40.065,41.973,40.227,43.51,40.115,42.047,0.074,3.25
2020-11-10,41.715,44.022,41.685,43.972,41.765,44.103,41.735,44.058,0.086,2.35
2020-11-11,43.68,45.275,43.585,43.722,43.73,45.325,43.635,43.808,0.086,2.25
2020-11-12,43.705,44.45,43.272,43.292,43.755,44.5,43.283,43.368,0.076,1.56
2020-11-13,43.025,43.315,42.602,42.632,43.075,43.365,42.668,42.748,0.116,1.03
2020-11-16,43.069,44.644,42.964,43.912,43.119,44.694,43.014,44.008,0.096,1.18
2020-11-17,43.884,44.234,43.064,43.772,43.934,44.284,43.114,43.858,0.086,1.28
2020-11-18,43.584,44.854,43.454,44.122,43.634,44.904,43.504,44.198,0.076,1.4
2020-11-19,43.949,44.554,43.764,44.162,43.999,44.604,43.814,44.238,0.076,1.33
2020-11-20,44.124,45.184,44.034,45.062,44.174,45.234,44.084,45.148,0.086,1.22
2020-11-23,45.069,46.094,44.889,45.752,45.119,46.144,44.939,45.828,0.076,1.18
2020-11-24,45.874,48.004,45.874,47.766,45.924,48.054,45.924,47.914,0.148,1.66
2020-11-25,47.684,48.904,47.614,48.722,47.734,48.954,47.664,48.788,0.066,2.31
2020-11-26,48.649,48.974,47.474,47.739,48.699,49.024,47.524,47.789,0.05,1.22
2020-11-27,47.794,48.444,47.324,48.264,47.844,48.494,47.374,48.314,0.05,1.31
2020-11-30,47.769,48.264,47.054,47.602,47.819,48.314,47.104,47.698,0.096,2.34
2020-12-01,47.754,48.274,46.864,47.182,47.804,48.324,46.914,47.278,0.096,1.92
2020-12-02,47.014,48.738,46.804,47.922,47.064,48.788,46.854,47.998,0.076,2.28
2020-12-03,47.976,48.909,47.654,48.702,48.026,48.959,47.704,48.788,0.086,1.32
2020-12-04,48.924,49.844,48.814,49.022,48.974,49.894,48.864,49.108,0.086,1.21
2020-12-07,48.984,49.414,48.384,48.602,49.034,49.464,48.434,48.668,0.066,1.59
2020-12-08,48.536,48.974,48.104,48.782,48.586,49.028,48.154,48.868,0.086,1.47
2020-12-09,48.784,49.524,48.382,48.992,48.834,49.574,48.434,49.088,0.096,1.84
2020-12-10,48.996,51.034,48.844,50.362,49.064,51.084,48.894,50.428,0.066,1.98
2020-12-11,50.424,50.724,49.744,49.922,50.474,50.774,49.794,50.018,0.096,1.86
2020-12-14,49.952,50.774,49.178,50.282,50.028,50.824,49.228,50.358,0.076,1.84
2020-12-15,50.274,50.863,49.764,50.692,50.324,50.913,49.814,50.768,0.076,1.66
2020-12-16,50.623,51.183,50.333,51.062,50.673,51.233,50.383,51.128,0.066,1.45
2020-12-17,51.075,51.868,51.063,51.472,51.125,51.918,51.113,51.558,0.086,1.28
2020-12-18,51.455,52.453,51.123,52.282,51.505,52.503,51.173,52.358,0.076,1.3
2020-12-21,51.383,51.393,49.183,50.802,51.433,51.443,49.233,50.878,0.076,2.35
2020-12-22,50.588,50.838,49.528,49.75,50.638,50.888,49.578,49.886,0.136,3.31
2020-12-23,49.565,51.563,49.183,51.07,49.625,51.613,49.233,51.22,0.15,3.02
2020-12-24,51.093,51.758,50.663,51.338,51.143,51.808,50.713,51.388,0.05,1.26
2020-12-28,51.188,52.023,50.805,50.875,51.238,52.073,50.863,50.988,0.113,1.98
2020-12-29,51.075,51.663,50.933,51.242,51.125,51.713,50.983,51.338,0.096,1.83
2020-12-30,51.343,51.893,50.913,51.442,51.393,51.943,50.963,51.528,0.086,1.87
2020-12-31,51.455,51.813,50.883,51.698,51.535,51.863,50.933,51.748,0.05,1.21
2021-01-04,51.658,53.308,50.548,50.732,51.708,53.358,50.598,50.808,0.076,3.15
2021-01-05,50.833,53.843,50.678,53.492,50.883,53.893,50.728,53.568,0.076,3.3
2021-01-06,53.535,54.703,53.083,54.132,53.595,54.753,53.133,54.208,0.076,3.65
2021-01-07,54.113,54.873,53.912,54.37,54.163,54.923,53.973,54.488,0.118,2.26
2021-01-08,54.553,56.272,54.343,56.232,54.603,56.38,54.393,56.308,0.076,2.33
2021-01-11,55.822,55.973,54.973,55.582,55.883,56.038,55.018,55.658,0.076,2.8
2021-01-12,55.635,56.742,55.492,56.692,55.695,56.808,55.543,56.758,0.066,2.52
2021-01-13,56.853,57.398,55.753,55.992,56.903,57.448,55.803,56.058,0.066,2.73
2021-01-14,55.878,56.503,55.223,56.422,55.928,56.553,55.273,56.508,0.086,2.84
2021-01-15,56.393,56.478,54.623,54.772,56.443,56.528,54.673,54.858,0.086,2.96
2021-01-18,54.928,55.183,54.473,54.682,54.978,55.233,54.523,54.758,0.076,0.83
2021-01-19,54.988,56.048,54.873,55.832,55.038,56.103,54.923,55.918,0.086,3.93
2021-01-20,55.995,56.603,55.632,55.682,56.055,56.653,55.698,55.758,0.076,4.22
2021-01-21,55.828,56.213,55.468,55.962,55.878,56.263,55.513,56.038,0.076,0.99
2021-01-22,55.943,56.003,54.463,55.042,55.993,56.053,54.513,55.138,0.096,1.53
2021-01-25,55.373,55.963,55.074,55.89,55.423,56.076,55.133,56.026,0.136,3.98
2021-01-26,55.874,56.318,55.373,55.975,55.986,56.368,55.423,56.125,0.15,2.89
2021-01-27,55.765,56.133,54.922,55.232,55.825,56.183,54.973,55.318,0.086,3.21
2021-01-28,55.103,56.183,54.882,54.882,55.153,56.233,54.958,54.968,0.086,3.37
2021-01-29,54.995,56.003,54.883,54.982,55.045,56.053,54.933,55.068,0.086,3.37
2021-02-01,54.948,56.468,54.783,56.312,54.998,56.548,54.833,56.388,0.076,6.39
2021-02-02,56.352,58.013,56.292,57.742,56.418,58.073,56.353,57.848,0.106,10.55
2021-02-03,57.795,58.893,57.472,58.622,57.855,58.943,57.533,58.698,0.076,2.05
2021-02-04,58.545,59.013,58.033,59.002,58.595,59.078,58.083,59.078,0.076,1.03
2021-02-05,59.163,59.763,59.053,59.542,59.213,59.813,59.103,59.618,0.076,0.95
2021-02-08,59.793,60.662,59.752,60.662,59.843,60.728,59.803,60.728,0.066,0.8
2021-02-09,60.808,61.252,60.033,61.172,60.858,61.318,60.083,61.258,0.086,0.83
2021-02-10,61.183,61.668,60.853,61.122,61.233,61.718,60.903,61.188,0.066,0.9
2021-02-11,61.013,61.473,60.702,60.822,61.063,61.523,60.768,60.888,0.066,0.75
2021-02-12,60.765,62.808,60.333,62.612,60.815,62.858,60.383,62.698,0.086,0.97
2021-02-15,63.193,63.743,63.048,63.262,63.243,63.793,63.098,63.338,0.076,0.65
2021-02-16,63.415,63.673,62.673,63.412,63.475,63.718,62.723,63.498,0.086,1.03
2021-02-17,63.133,64.922,62.713,64.882,63.183,64.988,62.763,64.968,0.086,1.27
2021-02-18,65.068,65.487,63.198,63.572,65.118,65.537,63.248,63.648,0.076,1.56
2021-02-19,63.258,63.913,62.088,62.632,63.308,63.963,62.138,62.748,0.116,1.52
2021-02-22,63.528,65.77,63.153,65.745,63.578,65.906,63.203,65.876,0.131,4.67
2021-02-23,65.493,66.763,64.444,65.08,65.543,66.813,64.498,65.23,0.15,5.29
2021-02-24,64.185,66.362,63.903,66.355,64.255,66.468,63.953,66.468,0.113,3.83
2021-02-25,66.395,66.793,65.618,66.03,66.445,66.848,65.668,66.158,0.128,4.36
2021-02-26,65.955,65.987,64.23,64.372,66.025,66.037,64.283,64.458,0.086,4.61
2021-03-01,65.445,65.888,63.1,63.192,65.558,65.938,63.208,63.278,0.086,3.72
2021-03-02,63.128,64.112,62.31,62.402,63.178,64.162,62.418,62.478,0.076,4.2
2021-03-03,62.378,64.673,62.378,63.8,62.428,64.723,62.428,63.938,0.138,4.13
2021-03-04,64.048,67.707,63.338,66.962,64.098,67.757,63.388,67.038,0.076,5.22
2021-03-05,67.153,69.605,66.648,69.522,67.203,69.718,66.698,69.618,0.096,4.77
2021-03-08,70.858,71.358,67.788,67.89,70.908,71.408,67.833,67.998,0.108,3.94
2021-03-09,68.105,69.303,67.05,67.132,68.155,69.353,67.158,67.238,0.106,4.14
2021-03-10,67.305,68.403,66.493,68.132,67.395,68.453,66.543,68.238,0.106,3.94
2021-03-11,68.375,69.813,67.973,69.49,68.435,69.863,68.023,69.598,0.108,3.36
2021-03-12,69.495,69.873,69.013,69.152,69.575,69.923,69.063,69.228,0.076,3.0
2021-03-15,69.452,70.003,67.808,68.792,69.528,70.053,67.858,68.858,0.066,3.33
2021-03-16,68.765,68.87,67.343,68.492,68.915,68.978,67.393,68.588,0.096,3.08
2021-03-17,68.385,68.858,66.933,67.812,68.535,68.908,66.983,67.888,0.076,3.39
2021-03-18,67.85,68.123,61.443,62.732,67.958,68.173,61.513,62.828,0.096,4.96
2021-03-19,62.952,64.883,62.053,64.482,63.028,64.933,62.103,64.598,0.116,4.27
2021-03-22,63.942,65.023,63.423,64.252,64.028,65.073,63.473,64.328,0.076,2.98
2021-03-23,64.22,64.272,60.253,60.372,64.37,64.37,60.303,60.468,0.096,4.23
2021-03-24,60.522,64.528,60.442,64.062,60.598,64.578,60.518,64.168,0.106,4.01
2021-03-25,63.852,64.142,60.963,61.634,63.948,64.218,61.013,61.746,0.112,5.69
2021-03-26,61.77,64.868,61.77,64.463,61.92,64.918,61.92,64.513,0.05,4.59
2021-03-29,64.338,65.313,62.993,64.972,64.388,65.363,63.043,65.058,0.086,3.88
2021-03-30,65.342,65.348,63.493,63.94,65.392,65.398,63.538,64.058,0.118,3.71
2021-03-31,63.985,64.798,62.513,62.992,64.045,64.848,62.563,63.068,0.076,3.54
2021-04-01,63.138,65.143,62.368,64.592,63.188,65.193,62.418,64.698,0.106,4.2
2021-04-05,64.575,64.743,61.233,62.192,64.688,64.793,61.283,62.288,0.096,2.98
2021-04-06,62.293,64.253,62.042,62.622,62.343,64.303,62.098,62.708,0.086,3.37
2021-04-07,62.593,63.498,61.583,62.972,62.643,63.548,61.633,63.048,0.076,3.3
2021-04-08,63.003,63.403,62.353,63.23,63.053,63.453,62.403,63.348,0.118,2.9
2021-04-09,63.263,63.463,62.553,62.952,63.313,63.513,62.603,63.068,0.116,2.22
2021-04-12,63.258,64.283,62.393,63.11,63.308,64.333,62.443,63.228,0.118,2.84
2021-04-13,63.288,64.163,63.163,63.912,63.338,64.213,63.213,64.008,0.096,2.73
2021-04-14,64.005,66.873,63.853,66.182,64.065,66.923,63.903,66.258,0.076,3.2
2021-04-15,66.308,67.003,65.933,66.772,66.358,67.053,65.983,66.848,0.076,2.6
2021-04-16,66.825,67.353,66.433,66.672,66.895,67.403,66.483,66.758,0.086,2.42
2021-04-19,66.388,67.203,66.158,67.092,66.438,67.253,66.208,67.178,0.086,2.49
2021-04-20,67.173,68.043,65.493,66.272,67.223,68.093,65.543,66.358,0.086,3.5
2021-04-21,66.205,66.498,64.89,65.022,66.285,66.548,64.993,65.098,0.076,3.44
2021-04-22,65.085,65.813,64.563,65.532,65.135,65.863,64.613,65.628,0.096,3.44
2021-04-23,65.737,66.273,65.133,65.942,65.787,66.323,65.183,66.058,0.116,3.01
2021-04-26,65.843,66.237,64.543,65.635,65.893,66.287,64.593,65.776,0.141,3.77
2021-04-27,65.724,66.773,65.643,66.535,65.836,66.823,65.693,66.685,0.15,3.0
2021-04-28,65.993,67.332,65.518,66.492,66.043,67.382,65.568,66.568,0.076,3.31
2021-04-29,66.673,68.413,66.618,67.885,66.723,68.463,66.668,67.998,0.113,3.39
2021-04-30,67.862,67.948,66.237,66.585,67.912,67.998,66.303,66.718,0.133,3.07
2021-05-03,66.898,67.798,66.077,67.522,66.948,67.848,66.127,67.608,0.086,2.57
2021-05-04,67.698,69.35,67.343,69.28,67.748,69.458,67.393,69.388,0.108,3.1
2021-05-05,69.345,69.923,68.323,68.612,69.445,69.973,68.373,68.698,0.086,2.98
2021-05-06,68.455,69.343,67.903,68.172,68.515,69.393,67.953,68.258,0.086,2.98
2021-05-07,68.253,68.623,67.373,68.15,68.303,68.673,67.423,68.268,0.118,2.69
2021-05-10,68.883,69.173,67.393,68.21,68.933,69.223,67.443,68.328,0.118,2.63
2021-05-11,68.283,68.723,67.118,68.61,68.333,68.773,67.168,68.718,0.108,3.05
2021-05-12,68.748,69.873,68.153,68.885,68.798,69.923,68.203,68.998,0.113,3.26
2021-05-13,68.853,69.013,66.453,66.91,68.903,69.063,66.518,67.018,0.108,3.38
2021-05-14,66.993,68.795,66.493,68.76,67.043,68.908,66.558,68.878,0.118,2.5
2021-05-17,68.888,69.603,68.175,69.495,68.948,69.658,68.248,69.608,0.113,2.28
2021-05-18,69.545,70.213,67.263,68.432,69.595,70.263,67.313,68.548,0.116,2.86
2021-05-19,68.378,68.443,65.283,66.565,68.428,68.493,65.333,66.678,0.113,4.24
2021-05-20,66.598,67.148,64.765,64.815,66.648,67.198,64.833,64.938,0.123,3.54
2021-05-21,65.173,66.913,64.553,66.622,65.223,66.968,64.603,66.728,0.106,3.07
2021-05-24,66.448,68.608,66.438,68.424,66.498,68.658,66.488,68.536,0.112,3.21
2021-05-25,68.475,68.868,67.823,68.495,68.535,68.918,67.873,68.645,0.15,3.12
2021-05-26,68.378,68.928,67.862,68.624,68.428,68.978,67.912,68.736,0.112,3.19
2021-05-27,68.604,69.213,67.933,69.155,68.716,69.288,67.983,69.268,0.113,2.18
2021-05-28,69.423,69.713,68.553,68.972,69.473,69.763,68.603,69.038,0.066,2.41
2021-05-31,68.855,69.793,68.728,69.433,68.968,69.843,68.778,69.483,0.05,1.02
2021-06-01,69.343,71.313,69.268,70.515,69.393,71.363,69.318,70.628,0.113,3.0
2021-06-02,70.518,71.453,70.332,71.205,70.568,71.503,70.383,71.328,0.123,2.31
2021-06-03,71.235,71.963,70.633,71.362,71.285,72.008,70.683,71.438,0.076,2.59
2021-06-04,71.248,72.143,70.733,71.582,71.298,72.193,70.783,71.658,0.076,2.2
2021-06-07,71.923,72.243,71.083,71.432,71.973,72.293,71.133,71.518,0.086,2.14
2021-06-08,71.378,72.373,70.693,72.102,71.428,72.448,70.743,72.198,0.096,2.91
2021-06-09,72.133,72.843,71.793,71.992,72.183,72.893,71.843,72.078,0.086,2.77
2021-06-10,71.955,72.893,70.938,72.262,72.035,72.943,70.988,72.348,0.086,3.12
2021-06-11,72.393,73.058,71.858,72.562,72.443,73.108,71.908,72.668,0.106,2.93
2021-06-14,72.748,73.612,72.603,73.075,72.798,73.662,72.653,73.198,0.123,2.36
2021-06-15,72.975,74.262,72.773,74.262,73.045,74.358,72.823,74.348,0.086,2.85
2021-06-16,74.215,74.933,73.81,73.82,74.275,74.983,73.918,73.928,0.108,3.28
2021-06-17,73.783,74.473,71.993,73.062,73.833,74.523,72.043,73.128,0.066,4.3
2021-06-18,72.915,73.733,72.163,73.145,73.005,73.783,72.213,73.288,0.143,3.09
2021-06-21,73.658,74.923,72.957,74.842,73.708,74.973,73.007,74.928,0.086,3.32
2021-06-22,74.775,75.288,74.303,74.972,74.865,75.338,74.353,75.068,0.096,2.45
2021-06-23,74.695,75.987,74.688,75.362,74.755,76.048,74.738,75.438,0.076,1.97
2021-06-24,75.268,75.753,74.493,75.564,75.318,75.803,74.543,75.676,0.112,2.16
2021-06-25,75.494,76.183,74.933,76.06,75.606,76.233,74.983,76.21,0.15,2.68
2021-06-28,75.457,75.743,73.913,74.002,75.507,75.793,73.963,74.078,0.076,2.97
2021-06-29,74.068,74.957,73.333,74.57,74.118,75.007,73.383,74.688,0.118,2.49
2021-06-30,74.625,75.323,73.913,74.582,74.685,75.373,73.963,74.658,0.076,2.61
2021-07-01,74.615,76.703,74.533,75.532,74.695,76.753,74.583,75.608,0.076,3.8
2021-07-02,75.575,76.408,75.205,76.072,75.645,76.458,75.263,76.188,0.116,2.73
2021-07-05,76.118,77.228,75.683,77.083,76.168,77.278,75.733,77.133,0.05,1.54
2021-07-06,77.025,77.808,74.112,74.865,77.085,77.858,74.162,74.978,0.113,4.08
2021-07-07,74.698,75.963,72.583,73.322,74.748,76.013,72.633,73.428,0.106,3.58
2021-07-08,73.338,74.362,72.093,74.342,73.388,74.428,72.143,74.418,0.076,2.98
2021-07-09,74.328,75.773,73.773,75.542,74.378,75.823,73.818,75.618,0.076,2.04
2021-07-12,75.588,75.693,74.213,75.185,75.638,75.743,74.263,75.335,0.15,2.48
2021-07-13,75.223,76.573,74.913,76.432,75.273,76.623,74.963,76.518,0.086,2.15
2021-07-14,76.237,76.683,73.773,74.542,76.287,76.733,73.823,74.618,0.076,3.02
2021-07-15,74.493,74.543,73.168,73.192,74.538,74.593,73.218,73.268,0.076,2.88
2021-07-16,73.105,74.068,72.323,73.092,73.165,74.118,72.373,73.168,0.076,2.62
2021-07-19,73.058,73.223,67.862,68.712,73.108,73.273,67.912,68.798,0.086,4.56
2021-07-20,69.053,69.713,67.433,68.572,69.103,69.763,67.483,68.678,0.106,3.83
2021-07-21,68.957,72.333,68.618,72.102,69.007,72.383,68.668,72.178,0.076,3.0
2021-07-22,72.203,73.873,71.723,73.572,72.253,73.923,71.773,73.638,0.066,3.0
2021-07-23,73.535,74.172,73.298,74.172,73.615,74.248,73.348,74.248,0.076,2.11
2021-07-26,74.358,74.763,72.733,74.735,74.408,74.895,72.783,74.885,0.15,2.8
2021-07-27,74.685,75.018,74.002,74.644,74.735,75.068,74.052,74.796,0.152,2.72
2021-07-28,73.754,74.302,73.502,73.802,73.836,74.352,73.552,73.898,0.096,3.08
2021-07-29,73.864,75.122,73.682,74.862,73.916,75.172,73.732,74.928,0.066,2.66
2021-07-30,74.784,75.622,74.372,75.094,74.836,75.672,74.422,75.218,0.124,2.78
2021-08-02,75.107,75.142,72.298,73.082,75.157,75.192,72.348,73.168,0.086,4.14
2021-08-03,73.062,73.522,71.032,72.089,73.112,73.572,71.082,72.218,0.129,4.26
2021-08-04,72.304,72.802,70.059,70.172,72.396,72.852,70.142,70.248,0.076,4.21
2021-08-05,70.264,71.472,69.727,71.182,70.356,71.528,69.777,71.258,0.076,3.29
2021-08-06,71.174,72.407,70.209,70.214,71.236,72.457,70.318,70.328,0.114,3.64
2021-08-09,69.567,69.637,67.581,69.212,69.617,69.687,67.631,69.288,0.076,4.64
2021-08-10,69.344,71.212,68.932,70.762,69.396,71.262,68.982,70.848,0.086,3.37
2021-08-11,70.754,71.592,69.052,71.572,70.846,71.668,69.102,71.638,0.066,4.08
2021-08-12,71.552,71.872,70.657,71.122,71.602,71.922,70.707,71.198,0.076,2.87
2021-08-13,71.052,71.352,69.982,70.202,71.102,71.402,70.032,70.278,0.076,2.95
2021-08-16,70.227,70.361,68.127,69.662,70.277,70.411,68.177,69.728,0.066,4.43
2021-08-17,69.736,69.972,68.802,68.942,69.786,70.022,68.852,69.058,0.116,4.06
2021-08-18,68.972,70.012,67.192,67.252,69.022,70.062,67.258,67.338,0.086,4.31
2021-08-19,67.542,67.622,65.552,66.602,67.592,67.672,65.602,66.678,0.076,5.95
2021-08-20,66.504,66.897,64.932,64.932,66.616,66.947,64.998,65.018,0.086,4.21
2021-08-23,65.427,68.872,65.422,68.642,65.477,68.922,65.472,68.718,0.076,3.73
2021-08-24,68.644,71.242,68.502,71.122,68.696,71.292,68.552,71.208,0.086,3.01
2021-08-25,70.912,72.387,70.492,71.852,70.962,72.437,70.542,71.928,0.076,3.13
2021-08-26,71.874,72.107,70.632,71.404,71.966,72.157,70.682,71.516,0.112,3.15
2021-08-27,71.494,72.727,71.117,72.544,71.556,72.777,71.167,72.696,0.152,1.99
2021-08-30,72.552,72.577,71.002,72.102,72.602,72.627,71.052,72.178,0.076,2.47
2021-08-31,72.114,72.337,71.352,71.602,72.166,72.387,71.402,71.688,0.086,2.94
2021-09-01,71.624,72.352,70.402,71.252,71.676,72.402,70.452,71.318,0.066,3.08
2021-09-02,71.272,73.437,70.892,72.792,71.322,73.487,70.942,72.858,0.066,2.92
2021-09-03,72.804,73.662,72.382,72.402,72.866,73.712,72.432,72.488,0.086,2.86
2021-09-06,72.027,72.752,71.492,72.077,72.077,72.802,71.542,72.127,0.05,1.5
2021-09-07,72.132,72.787,71.082,71.552,72.182,72.837,71.132,71.618,0.066,3.4
2021-09-08,71.627,72.922,71.532,72.634,71.677,72.972,71.582,72.738,0.104,3.05
2021-09-09,72.547,73.172,70.852,71.192,72.597,73.222,70.911,71.258,0.066,4.01
2021-09-10,71.312,73.111,70.932,72.842,71.362,73.161,70.982,72.928,0.086,2.97
2021-09-13,73.267,73.892,72.999,73.612,73.317,73.942,73.049,73.678,0.066,3.22
2021-09-14,73.594,74.242,73.057,73.852,73.676,74.292,73.107,73.918,0.066,3.14
2021-09-15,73.874,76.102,73.749,75.402,73.926,76.152,73.799,75.478,0.076,3.61
2021-09-16,75.384,75.852,74.456,75.582,75.466,75.902,74.506,75.658,0.076,4.53
2021-09-17,75.594,75.732,74.569,75.282,75.686,75.799,74.619,75.348,0.066,9.0
2021-09-20,75.007,75.177,73.492,74.112,75.057,75.227,73.542,74.178,0.066,5.35
2021-09-21,74.352,75.152,73.242,74.642,74.402,75.202,73.292,74.708,0.066,4.12
2021-09-22,74.567,76.242,74.467,75.892,74.617,76.292,74.517,75.968,0.076,4.22
2021-09-23,75.874,77.322,75.579,77.212,75.926,77.378,75.629,77.288,0.076,3.81
2021-09-24,77.244,78.222,76.848,77.949,77.316,78.278,76.898,78.101,0.152,3.06
2021-09-27,78.837,79.877,78.652,79.334,78.887,79.927,78.702,79.486,0.152,3.79
2021-09-28,78.582,79.922,77.289,77.389,78.632,79.972,77.398,77.498,0.109,4.45
2021-09-29,77.452,78.702,76.747,77.874,77.502,78.752,76.797,77.988,0.114,3.98
2021-09-30,77.814,79.272,76.499,78.372,77.916,79.328,76.549,78.448,0.076,4.71
2021-10-01,78.528,79.382,77.539,79.112,78.578,79.432,77.589,79.208,0.096,3.43
2021-10-04,79.247,81.972,78.729,81.262,79.297,82.019,78.779,81.328,0.066,3.71
2021-10-05,81.252,83.092,81.162,82.599,81.302,83.142,81.212,82.748,0.149,3.61
2021-10-06,82.537,83.442,80.582,80.742,82.587,83.492,80.632,80.808,0.066,4.81
2021-10-07,80.972,82.472,79.052,82.349,81.022,82.528,79.102,82.458,0.109,4.08
2021-10-08,82.374,83.402,81.929,82.504,82.426,83.452,81.979,82.618,0.114,3.69
2021-10-11,82.582,84.572,82.527,83.572,82.632,84.622,82.577,83.638,0.066,4.2
2021-10-12,83.502,84.202,82.702,83.242,83.552,84.252,82.752,83.318,0.076,4.75
2021-10-13,83.067,83.662,82.212,83.302,83.117,83.712,82.262,83.426,0.124,3.51
2021-10-14,83.472,84.472,83.162,84.132,83.522,84.522,83.212,84.198,0.066,3.36
2021-10-15,84.277,85.072,84.137,84.872,84.327,85.122,84.187,84.948,0.076,3.14
2021-10-18,85.322,86.012,83.932,84.072,85.372,86.062,83.982,84.138,0.066,3.75
2021-10-19,84.197,85.372,83.687,85.082,84.247,85.422,83.737,85.168,0.086,3.82
2021-10-20,85.154,85.861,83.611,85.802,85.206,85.918,83.661,85.868,0.066,3.41
2021-10-21,85.872,86.072,83.332,84.722,85.922,86.122,83.382,84.798,0.076,4.22
2021-10-22,84.507,85.892,83.807,85.672,84.557,85.958,83.857,85.758,0.086,3.49
2021-10-25,85.587,86.682,85.567,85.894,85.637,86.729,85.617,86.006,0.112,3.77
2021-10-26,85.994,86.472,85.247,86.164,86.106,86.522,85.297,86.316,0.152,3.73
2021-10-27,85.292,85.537,83.322,83.352,85.342,85.587,83.388,83.418,0.066,4.34
2021-10-28,83.504,83.952,81.592,83.872,83.586,84.008,81.642,83.958,0.086,4.6
2021-10-29,83.698,84.242,82.549,83.632,83.748,84.292,82.599,83.698,0.066,3.88
2021-11-01,83.222,85.092,83.069,84.412,83.298,85.142,83.119,84.498,0.086,3.02
2021-11-02,84.424,85.202,83.736,84.022,84.576,85.252,83.786,84.098,0.076,3.67
2021-11-03,83.959,84.167,81.082,81.272,84.111,84.217,81.132,81.348,0.076,4.61
2021-11-04,81.502,84.462,80.182,80.902,81.588,84.512,80.232,80.968,0.066,5.19
2021-11-05,81.292,83.127,80.236,82.292,81.378,83.177,80.286,82.398,0.106,4.47
2021-11-08,83.187,83.972,82.897,83.622,83.237,84.022,82.947,83.698,0.076,3.75
2021-11-09,83.422,85.092,83.147,85.082,83.472,85.178,83.197,85.168,0.086,3.45
2021-11-10,84.992,85.472,82.067,82.522,85.042,85.522,82.117,82.598,0.076,4.75
2021-11-11,82.824,83.392,81.642,82.512,82.886,83.448,81.692,82.598,0.086,4.75
2021-11-12,82.847,82.847,81.239,81.932,82.897,82.897,81.289,82.008,0.076,3.95
2021-11-15,82.147,82.267,80.649,82.072,82.197,82.317,80.699,82.138,0.066,4.14
2021-11-16,81.914,83.111,81.529,82.322,81.976,83.161,81.579,82.398,0.076,3.76
2021-11-17,82.012,82.192,79.759,80.182,82.062,82.242,79.809,80.258,0.076,4.15
2021-11-18,80.062,81.372,79.262,81.072,80.112,81.422,79.312,81.138,0.066,3.99
2021-11-19,80.964,82.206,78.027,78.422,81.046,82.258,78.077,78.498,0.076,5.6
2021-11-22,78.507,80.042,78.082,79.462,78.557,80.092,78.132,79.538,0.076,4.51
2021-11-23,79.464,82.572,78.537,82.232,79.536,82.622,78.587,82.318,0.086,4.5
2021-11-24,81.772,82.972,81.732,82.162,81.822,83.022,81.792,82.228,0.066,11.12
2021-11-25,82.194,82.552,81.682,82.232,82.266,82.617,81.732,82.282,0.05,3.78
2021-11-26,81.504,81.607,72.102,72.736,81.556,81.657,72.152,72.786,0.05,7.47
2021-11-29,75.312,75.912,72.117,73.102,75.362,75.962,72.167,73.178,0.076,4.11
2021-11-30,74.082,74.317,67.462,70.112,74.132,74.367,67.519,70.226,0.114,8.11
2021-12-01,69.747,72.837,68.122,68.932,69.797,72.887,68.172,68.998,0.066,5.81
2021-12-02,69.608,70.672,65.757,70.482,69.658,70.722,65.807,70.548,0.066,7.86
2021-12-03,70.252,72.577,69.217,69.842,70.302,72.627,69.267,69.938,0.096,2.15
2021-12-06,71.787,73.752,70.797,73.642,71.837,73.866,70.847,73.728,0.086,3.91
2021-12-07,73.572,76.242,73.197,75.092,73.622,76.292,73.247,75.198,0.106,3.95
2021-12-08,75.402,76.342,74.347,75.972,75.452,76.392,74.397,76.048,0.076,3.72
2021-12-09,75.912,76.682,73.812,73.992,75.962,76.732,73.931,74.096,0.104,4.35
2021-12-10,73.934,75.677,73.762,75.332,73.996,75.729,73.827,75.446,0.114,17.59
2021-12-13,75.722,76.357,74.172,74.262,75.841,76.414,74.229,74.376,0.114,16.23
2021-12-14,74.442,75.122,72.542,73.182,74.514,75.179,72.601,73.311,0.129,17.13
2021-12-15,73.204,74.532,72.472,74.332,73.266,74.598,72.529,74.446,0.114,15.87
2021-12-16,74.442,75.557,73.962,74.592,74.492,75.614,74.022,74.706,0.114,14.98
2021-12-17,74.502,74.952,72.622,72.932,74.552,75.014,72.679,73.051,0.119,17.08
2021-12-20,72.172,72.417,69.242,72.072,72.239,72.469,69.312,72.138,0.066,24.92
2021-12-21,71.852,74.232,71.202,73.992,71.912,74.346,71.262,74.111,0.119,11.84
2021-12-22,74.022,75.632,73.612,75.542,74.072,75.741,73.669,75.608,0.066,15.2
2021-12-23,75.477,76.967,74.742,76.684,75.527,77.019,74.809,76.836,0.152,10.19
2021-12-24,76.684,76.702,75.722,75.852,76.776,76.836,75.779,75.909,0.057,3.44
2021-12-27,76.442,79.037,75.722,78.814,76.509,79.087,75.779,78.926,0.112,8.59
2021-12-28,78.652,79.822,78.447,79.124,78.702,79.872,78.497,79.246,0.122,2.66
2021-12-29,78.984,80.002,78.081,79.202,79.066,80.052,78.131,79.268,0.066,2.54
2021-12-30,79.054,79.992,78.388,78.952,79.106,80.042,78.438,79.028,0.076,2.09
2021-12-31,78.822,79.652,77.532,77.842,78.872,79.702,77.582,77.892,0.05,2.06
2022-01-03,78.462,79.247,77.012,78.892,78.512,79.297,77.062,78.968,0.076,2.44
2022-01-04,78.814,80.532,78.592,80.112,78.966,80.582,78.642,80.198,0.086,3.04
2022-01-05,80.051,81.472,79.527,80.032,80.101,81.522,79.577,80.118,0.086,2.88
2022-01-06,80.184,82.807,79.592,81.992,80.236,82.857,79.642,82.078,0.086,5.3
2022-01-07,81.972,82.972,81.414,81.774,82.022,83.022,81.466,81.901,0.127,10.86
2022-01-10,81.527,82.272,80.482,80.964,81.577,82.322,80.532,81.091,0.127,4.14
2022-01-11,81.062,83.962,80.844,83.594,81.112,84.012,80.914,83.706,0.112,3.72
2022-01-12,83.724,85.182,83.502,84.694,83.816,85.232,83.552,84.806,0.112,3.16
2022-01-13,84.832,85.062,83.767,84.034,84.882,85.112,83.817,84.146,0.112,3.46
2022-01-14,84.024,86.452,83.972,86.294,84.126,86.561,84.022,86.406,0.112,4.37
2022-01-17,86.397,86.611,85.522,86.497,86.447,86.661,85.572,86.547,0.05,1.92
2022-01-18,86.434,88.494,86.417,88.414,86.486,88.606,86.467,88.526,0.112,4.71
2022-01-19,88.632,89.142,87.564,87.574,88.682,89.192,87.652,87.686,0.112,4.71
2022-01-20,87.742,89.472,87.004,87.204,87.792,89.522,87.116,87.316,0.112,4.55
2022-01-21,86.894,88.202,85.692,87.694,87.006,88.252,85.742,87.806,0.112,6.32
2022-01-24,88.602,88.872,85.014,87.074,88.652,88.922,85.072,87.186,0.112,35.23
2022-01-25,86.684,88.314,86.164,87.844,86.746,88.392,86.226,87.956,0.112,29.74
2022-01-26,87.894,90.437,87.744,89.684,87.957,90.492,87.822,89.796,0.112,25.31
2022-01-27,89.684,91.007,88.934,89.784,89.746,91.062,89.017,89.936,0.152,16.09
2022-01-28,88.804,90.247,88.132,88.992,88.866,90.297,88.182,89.058,0.066,8.07
2022-01-31,89.552,89.787,88.062,89.232,89.602,89.837,88.112,89.318,0.086,4.87
2022-02-01,89.617,89.942,87.692,89.312,89.667,89.992,87.742,89.428,0.116,5.49
2022-02-02,89.452,90.492,88.267,89.282,89.502,90.542,88.317,89.368,0.086,5.87
2022-02-03,89.032,91.229,87.992,90.992,89.082,91.338,88.042,91.068,0.076,6.1
2022-02-04,91.232,93.672,91.176,92.722,91.282,93.722,91.226,92.848,0.126,6.11
2022-02-07,92.667,93.972,92.107,92.874,92.717,94.022,92.157,92.978,0.104,6.21
2022-02-08,92.534,92.907,89.912,91.124,92.646,92.957,89.962,91.258,0.134,6.21
2022-02-09,91.057,92.051,90.032,91.672,91.107,92.101,90.082,91.758,0.086,5.37
2022-02-10,91.744,93.062,90.867,91.352,91.806,93.112,90.917,91.428,0.076,6.3
2022-02-11,91.157,95.642,90.497,94.912,91.207,95.692,90.547,95.048,0.136,6.77
2022-02-14,95.632,96.747,93.437,95.742,95.682,96.797,93.522,95.818,0.076,6.32
2022-02-15,95.754,96.242,92.042,93.312,95.816,96.292,92.092,93.478,0.166,5.99
2022-02-16,93.477,96.042,91.044,91.752,93.527,96.092,91.158,91.858,0.106,6.24
2022-02-17,92.274,94.472,92.129,92.932,92.326,94.519,92.179,93.018,0.086,6.02
2022-02-18,92.672,94.064,90.227,93.592,92.722,94.178,90.277,93.778,0.186,5.85
2022-02-21,93.962,97.119,92.537,96.964,94.012,97.228,92.598,97.098,0.134,3.86
2022-02-22,96.854,99.422,95.782,96.422,96.908,99.478,95.837,96.508,0.086,5.93
2022-02-23,96.594,98.682,95.792,97.044,96.746,98.738,95.847,97.156,0.112,5.55
2022-02-24,98.047,105.754,97.512,99.064,98.097,105.806,97.562,99.216,0.152,28.25
2022-02-25,97.492,98.331,92.747,94.462,97.542,98.381,92.797,94.648,0.186,6.81
2022-02-28,99.154,100.117,97.007,97.982,99.226,100.167,97.057,98.098,0.116,5.1
2022-03-01,98.264,107.562,98.264,107.242,98.416,107.612,98.336,107.428,0.186,7.13
2022-03-02,107.204,115.087,106.804,114.512,107.276,115.137,106.862,114.598,0.086,9.42
2022-03-03,115.004,119.767,109.432,110.342,115.106,119.817,109.506,110.518,0.176,10.17
2022-03-04,113.474,118.952,109.602,117.882,113.756,119.002,109.657,118.108,0.226,9.02
2022-03-07,128.164,130.684,119.002,124.062,128.216,130.756,119.096,124.208,0.146,11.42
2022-03-08,124.514,133.102,121.304,129.032,124.636,133.152,121.376,129.238,0.206,12.3
2022-03-09,130.034,131.602,106.302,112.012,130.226,131.652,106.576,112.178,0.166,42.16
2022-03-10,112.534,118.302,108.972,109.142,112.676,118.372,109.048,109.238,0.096,32.51
2022-03-11,110.114,113.872,107.174,112.232,110.266,113.922,107.236,112.518,0.286,2.1
2022-03-14,110.792,110.944,103.462,105.902,110.918,111.006,103.522,106.038,0.136,2.34
2022-03-15,105.312,105.652,97.434,98.632,105.411,105.748,97.496,98.788,0.156,4.72
2022-03-16,99.272,103.662,96.914,98.002,99.408,103.712,96.966,98.148,0.146,5.03
2022-03-17,98.652,107.472,97.734,106.892,98.788,107.522,97.906,107.008,0.116,3.93
2022-03-18,106.722,109.557,105.764,107.582,106.848,109.608,105.816,107.748,0.166,2.96
2022-03-21,109.282,116.755,109.282,116.602,109.398,116.807,109.388,116.698,0.096,2.67
2022-03-22,117.394,119.452,112.624,114.422,117.546,119.502,112.676,114.588,0.166,2.73
2022-03-23,114.509,122.302,114.384,121.282,114.661,122.359,114.488,121.378,0.096,2.66
2022-03-24,121.354,123.727,116.904,117.862,121.576,123.777,116.956,117.978,0.116,2.28
2022-03-25,118.742,120.878,115.124,119.162,118.861,120.928,115.176,119.428,0.266,2.74
2022-03-28,117.154,117.954,109.042,109.532,117.236,118.006,109.092,109.698,0.166,3.25
2022-03-29,110.024,114.792,104.824,111.404,110.116,114.842,104.886,111.516,0.112,18.33
2022-03-30,109.972,112.247,107.894,110.732,110.022,112.297,107.966,110.918,0.186,5.81
2022-03-31,110.824,111.144,104.052,105.512,110.996,111.236,104.102,105.688,0.176,8.06
2022-04-01,105.404,106.184,102.332,104.372,105.466,106.234,102.382,104.618,0.246,5.45
2022-04-04,103.484,108.562,103.057,107.972,103.556,108.622,103.107,108.048,0.076,5.61
2022-04-05,108.594,109.884,104.532,105.894,108.696,109.936,104.582,106.028,0.134,5.62
2022-04-06,105.514,108.632,100.552,101.772,105.706,108.682,100.602,101.858,0.086,7.04
2022-04-07,101.584,103.562,98.447,101.472,101.776,103.612,98.497,101.568,0.096,5.93
2022-04-08,101.394,103.262,99.614,102.282,101.496,103.312,99.676,102.488,0.206,5.22
2022-04-11,101.222,101.664,97.576,99.222,101.298,101.716,97.626,99.318,0.096,5.13
2022-04-12,99.344,105.567,98.854,104.992,99.506,105.617,98.926,105.118,0.126,5.3
2022-04-13,105.357,108.972,104.054,108.732,105.407,109.022,104.106,108.818,0.086,6.63
2022-04-14,108.252,112.344,106.627,111.399,108.302,112.398,106.677,111.551,0.152,2.56
2022-04-18,113.184,114.812,110.692,112.612,113.246,114.862,110.742,112.728,0.116,1.82
2022-04-19,112.822,114.194,106.772,107.412,112.872,114.246,106.837,107.538,0.126,2.71
2022-04-20,108.114,108.967,104.637,107.202,108.176,109.028,104.687,107.288,0.086,3.65
2022-04-21,107.054,109.787,106.762,108.592,107.146,109.837,106.812,108.688,0.096,3.5
2022-04-22,108.264,108.732,105.502,106.092,108.366,108.782,105.588,106.258,0.166,2.79
2022-04-25,104.964,105.324,99.462,102.472,105.046,105.376,99.512,102.578,0.106,3.92
2022-04-26,102.414,106.162,101.074,105.242,102.576,106.212,101.126,105.478,0.236,3.97
2022-04-27,105.484,106.301,103.262,105.149,105.566,106.351,103.312,105.301,0.152,15.39
2022-04-28,104.882,107.657,102.892,107.192,104.932,107.722,102.942,107.318,0.126,6.27
2022-04-29,107.084,109.967,106.152,106.482,107.136,110.017,106.202,106.638,0.156,5.83
2022-05-02,106.882,108.357,103.087,107.522,107.008,108.408,103.137,107.608,0.086,4.41
2022-05-03,107.604,108.297,104.602,105.842,107.796,108.347,104.652,105.988,0.146,3.84
2022-05-04,105.894,110.972,105.422,109.952,105.966,111.022,105.472,110.048,0.096,3.74
2022-05-05,110.502,113.972,109.192,111.162,110.552,114.022,109.252,111.268,0.106,4.17
2022-05-06,111.224,113.472,109.852,113.012,111.296,113.522,109.902,113.178,0.166,4.19
2022-05-09,111.817,113.167,104.979,105.002,111.867,113.217,105.029,105.088,0.086,4.87
2022-05-10,105.452,106.877,101.699,102.082,105.502,106.927,101.749,102.208,0.126,6.89
2022-05-11,101.482,108.262,101.272,107.462,101.532,108.312,101.337,107.558,0.096,6.0
2022-05-12,107.464,108.662,104.687,107.932,107.706,108.712,104.737,108.018,0.086,5.52
2022-05-13,108.547,111.657,107.777,111.152,108.597,111.707,107.827,111.298,0.146,3.77
2022-05-16,112.372,114.762,108.982,113.952,112.422,114.812,109.032,114.048,0.096,3.6
2022-05-17,114.264,115.667,111.069,112.492,114.326,115.717,111.119,112.658,0.166,6.37
2022-05-18,112.842,114.127,108.347,109.272,112.892,114.177,108.397,109.358,0.086,3.89
2022-05-19,108.104,112.282,105.687,111.464,108.166,112.332,105.737,111.588,0.124,6.47
2022-05-20,111.404,113.149,110.512,112.569,111.546,113.268,110.562,112.708,0.139,5.71
2022-05-23,112.724,114.272,111.864,113.432,112.786,114.322,111.916,113.508,0.076,5.26
2022-05-24,112.714,114.612,111.682,113.822,112.856,114.662,111.732,113.928,0.106,5.2
2022-05-25,113.994,115.272,112.997,114.304,114.046,115.322,113.047,114.416,0.112,7.57
2022-05-26,114.244,117.972,113.832,117.549,114.346,118.022,113.882,117.701,0.152,5.91
2022-05-27,114.352,115.777,113.162,115.372,114.402,115.827,113.212,115.518,0.146,4.86
2022-05-30,116.064,117.892,115.892,117.577,116.126,117.942,115.942,117.627,0.05,2.38
2022-05-31,118.212,120.772,115.154,116.232,118.262,120.828,115.207,116.328,0.096,6.85
2022-06-01,116.074,118.542,115.392,115.729,116.166,118.592,115.442,115.848,0.119,6.35
2022-06-02,114.584,118.364,112.447,118.192,114.686,118.488,112.497,118.278,0.086,6.32
2022-06-03,118.034,121.407,116.002,121.252,118.266,121.521,116.052,121.366,0.114,4.21
2022-06-06,121.214,121.452,118.749,120.272,121.276,121.502,118.799,120.348,0.076,4.9
2022-06-07,119.834,121.342,118.537,120.719,119.946,121.392,118.587,120.838,0.119,5.27
2022-06-08,120.457,124.372,120.437,123.802,120.507,124.422,120.487,123.888,0.086,4.86
2022-06-09,123.634,124.312,122.486,122.882,123.686,124.362,122.536,122.958,0.076,4.49
2022-06-10,122.882,124.302,119.787,121.842,122.932,124.352,119.834,121.958,0.116,5.11
2022-06-13,120.152,123.577,118.917,122.202,120.258,123.627,118.967,122.318,0.116,3.9
2022-06-14,121.774,125.148,118.892,121.012,121.866,125.199,118.942,121.118,0.106,6.68
2022-06-15,120.804,121.847,117.714,118.822,120.896,121.897,117.798,118.918,0.096,8.33
2022-06-16,119.504,120.257,115.557,119.072,119.566,120.307,115.607,119.178,0.106,6.22
2022-06-17,119.154,121.217,111.722,113.402,119.296,121.267,111.772,113.648,0.246,11.05
2022-06-20,113.954,114.467,111.517,114.242,114.006,114.517,111.567,114.292,0.05,4.36
2022-06-21,114.212,116.217,114.017,114.689,114.262,116.267,114.067,114.808,0.119,5.32
2022-06-22,114.404,114.417,107.002,109.722,114.456,114.476,107.052,109.898,0.176,7.59
2022-06-23,109.474,112.667,108.014,109.702,109.526,112.717,108.076,109.788,0.086,5.16
2022-06-24,110.032,113.967,109.207,112.452,110.082,114.017,109.257,112.678,0.226,3.75
2022-06-27,112.024,116.032,111.194,115.334,112.086,116.086,111.246,115.446,0.112,11.35
2022-06-28,115.864,118.257,115.672,118.189,115.946,118.311,115.722,118.281,0.092,14.22
2022-06-29,113.824,116.197,111.709,112.132,113.886,116.247,111.772,112.278,0.146,6.21
2022-06-30,112.254,113.217,108.177,109.202,112.306,113.267,108.227,109.298,0.096,6.66
2022-07-01,109.524,112.422,108.007,111.392,109.586,112.472,108.057,111.518,0.126,6.0
2022-07-04,111.264,113.972,110.382,113.742,111.326,114.022,110.432,113.792,0.05,2.87
2022-07-05,113.512,114.717,101.107,102.832,113.562,114.767,101.157,102.918,0.086,6.45
2022-07-06,104.937,105.827,98.542,99.972,104.987,105.877,98.592,100.098,0.126,5.05
2022-07-07,100.204,106.317,98.482,104.022,100.286,106.374,98.532,104.108,0.086,14.3
2022-07-08,104.752,107.442,103.702,107.012,104.876,107.492,103.759,107.088,0.076,18.65
2022-07-11,106.864,107.672,103.662,106.382,106.926,107.722,103.719,106.478,0.096,6.29
2022-07-12,106.244,106.532,98.889,99.032,106.306,106.582,98.952,99.128,0.096,7.15
2022-07-13,98.432,101.192,98.262,99.732,98.482,101.242,98.312,99.818,0.086,8.44
2022-07-14,99.314,100.361,94.486,99.742,99.366,100.411,94.536,99.808,0.066,6.94
2022-07-15,99.914,102.607,98.149,100.802,99.966,102.657,98.199,101.058,0.256,6.0
2022-07-18,100.802,106.457,99.442,105.592,100.852,106.507,99.492,105.678,0.086,5.11
2022-07-19,105.734,107.572,103.567,107.122,105.836,107.622,103.617,107.208,0.086,4.45
2022-07-20,107.064,107.432,105.067,106.682,107.126,107.482,105.117,106.768,0.086,4.25
2022-07-21,106.414,106.764,101.502,104.082,106.466,106.816,101.557,104.168,0.086,5.2
2022-07-22,103.847,105.694,101.882,103.612,103.897,105.744,101.932,103.768,0.156,4.56
2022-07-25,103.514,105.347,101.654,104.782,103.576,105.397,101.706,104.878,0.096,4.2
2022-07-26,104.692,107.317,103.972,104.604,104.742,107.367,104.022,104.716,0.112,10.74
2022-07-27,104.694,107.762,103.707,107.304,104.756,107.816,103.757,107.396,0.092,12.44
2022-07-28,102.234,104.167,100.952,102.482,102.386,104.217,101.002,102.568,0.086,5.2
2022-07-29,102.414,106.472,101.617,103.642,102.646,106.522,101.667,103.808,0.166,3.88
2022-08-01,103.402,104.397,99.132,100.122,103.452,104.447,99.182,100.208,0.086,6.2
2022-08-02,99.834,102.377,98.477,99.652,99.898,102.427,98.527,99.808,0.156,6.2
2022-08-03,99.734,102.382,96.482,97.102,99.806,102.432,96.532,97.178,0.076,6.0
2022-08-04,97.162,97.632,93.206,93.292,97.212,97.682,93.253,93.398,0.106,5.98
2022-08-05,93.594,96.372,92.759,94.362,93.706,96.422,92.809,94.518,0.156,5.51
2022-08-08,93.974,96.736,93.007,96.322,94.026,96.786,93.057,96.408,0.086,4.51
2022-08-09,96.354,98.352,94.887,96.362,96.404,98.402,94.937,96.448,0.086,1.74
2022-08-10,96.334,97.942,93.602,97.012,96.396,97.992,93.652,97.088,0.076,1.61
2022-08-11,96.954,100.139,96.612,99.242,97.046,100.202,96.677,99.328,0.086,17.13
2022-08-12,99.324,100.332,96.932,97.852,99.456,100.397,96.992,98.028,0.176,22.17
2022-08-15,97.542,98.002,92.752,93.332,97.612,98.076,92.812,93.438,0.106,22.33
2022-08-16,93.772,95.902,91.692,92.672,93.846,95.952,91.742,92.848,0.176,17.15
2022-08-17,92.634,94.447,91.497,92.902,92.736,94.497,91.547,93.008,0.106,1.67
2022-08-18,93.294,97.397,93.034,96.462,93.356,97.447,93.086,96.528,0.066,1.4
2022-08-19,96.664,97.842,94.237,95.762,96.716,97.892,94.287,95.888,0.126,1.5
2022-08-22,95.672,97.247,92.342,96.682,95.722,97.297,92.392,96.778,0.096,1.86
2022-08-23,96.764,100.417,96.494,100.192,96.836,100.488,96.556,100.298,0.106,1.65
2022-08-24,100.114,101.857,99.087,101.752,100.216,101.907,99.137,101.838,0.086,1.72
2022-08-25,101.712,102.447,99.097,99.792,101.762,102.497,99.147,99.878,0.086,1.62
2022-08-26,99.744,101.162,98.082,100.734,99.836,101.212,98.132,100.846,0.112,8.93
2022-08-29,100.604,105.442,100.454,104.724,100.676,105.492,100.536,104.816,0.092,10.13
2022-08-30,102.754,103.462,96.607,98.482,102.806,103.512,96.657,98.608,0.126,5.83
2022-08-31,98.322,98.972,94.382,94.892,98.372,99.022,94.432,94.968,0.076,5.89
2022-09-01,95.217,95.657,91.792,92.052,95.267,95.707,91.842,92.138,0.086,5.48
2022-09-02,92.762,95.287,92.697,93.322,92.812,95.337,92.747,93.518,0.196,4.96
2022-09-05,94.512,96.967,94.202,95.167,94.562,97.017,94.252,95.217,0.05,2.69
2022-09-06,95.144,95.917,92.279,92.882,95.296,95.967,92.329,92.958,0.076,5.49
2022-09-07,92.764,93.772,87.359,87.502,92.816,93.822,87.438,87.588,0.086,7.08
2022-09-08,87.874,89.807,87.222,88.392,87.936,89.857,87.272,88.478,0.086,5.17
2022-09-09,88.614,93.092,88.542,92.122,88.666,93.142,88.592,92.228,0.106,3.87
2022-09-12,92.442,95.137,91.182,94.192,92.492,95.187,91.232,94.268,0.076,3.53
2022-09-13,94.274,95.477,91.046,93.442,94.346,95.527,91.096,93.528,0.086,5.28
2022-09-14,93.424,95.767,91.892,94.432,93.476,95.817,91.949,94.518,0.086,5.09
2022-09-15,94.514,94.624,90.017,90.812,94.666,94.676,90.067,90.898,0.086,4.9
2022-09-16,90.387,92.637,90.232,91.542,90.437,92.687,90.282,91.628,0.086,4.98
2022-09-19,91.934,92.552,88.479,91.712,91.986,92.602,88.529,91.788,0.076,4.55
2022-09-20,92.172,93.022,89.782,90.882,92.222,93.072,89.832,90.968,0.086,4.79
2022-09-21,90.702,93.467,89.282,89.872,90.752,93.517,89.332,89.978,0.106,3.85
2022-09-22,89.972,92.767,89.282,90.332,90.022,92.817,89.332,90.418,0.086,3.21
2022-09-23,90.454,90.817,85.487,86.722,90.506,90.867,85.537,86.838,0.116,3.78
2022-09-26,86.944,87.632,83.609,83.674,86.996,87.682,83.701,83.786,0.112,9.39
2022-09-27,83.984,87.142,83.977,85.634,84.096,87.192,84.027,85.746,0.112,7.96
2022-09-28,86.054,89.452,84.242,89.324,86.186,89.502,84.292,89.416,0.092,12.38
2022-09-29,87.708,88.707,86.157,87.442,87.758,88.757,86.207,87.528,0.086,5.32
2022-09-30,87.497,88.612,84.982,85.312,87.547,88.662,85.032,85.408,0.096,4.86
2022-10-03,87.932,89.787,87.087,88.622,87.982,89.837,87.137,88.708,0.086,4.1
2022-10-04,88.714,92.367,88.714,91.632,88.816,92.417,88.812,91.718,0.086,3.87
2022-10-05,91.814,93.922,90.864,93.642,91.896,93.972,90.957,93.718,0.076,4.26
2022-10-06,93.654,94.952,92.697,94.802,93.756,95.008,92.747,94.888,0.086,3.6
2022-10-07,94.832,98.552,93.912,98.342,94.882,98.621,93.962,98.438,0.096,4.41
2022-10-10,97.882,98.637,95.572,95.812,97.968,98.687,95.648,95.878,0.066,4.32
2022-10-11,95.802,96.447,93.087,93.652,95.852,96.497,93.137,93.728,0.076,5.24
2022-10-12,93.734,95.142,91.567,92.352,93.846,95.192,91.617,92.438,0.086,5.05
2022-10-13,92.424,94.877,91.067,94.672,92.496,94.927,91.117,94.758,0.086,4.97
2022-10-14,94.472,95.097,91.258,91.632,94.522,95.147,91.308,91.728,0.096,4.5
2022-10-17,92.312,93.187,90.812,91.812,92.362,93.237,90.867,91.878,0.066,3.14
2022-10-18,91.797,92.202,88.787,89.077,91.847,92.252,88.837,89.127,0.05,1.27
2022-10-19,90.772,92.822,89.357,92.282,90.822,92.872,89.407,92.368,0.086,3.52
2022-10-20,92.247,94.747,91.892,92.682,92.297,94.797,91.942,92.758,0.076,3.77
2022-10-21,92.347,93.772,90.982,93.472,92.397,93.822,91.032,93.558,0.086,3.54
2022-10-24,93.732,94.367,91.217,93.444,93.782,94.417,91.267,93.536,0.092,4.5
2022-10-25,93.484,94.352,91.592,92.889,93.546,94.402,91.642,92.981,0.092,3.18
2022-10-26,92.782,96.174,92.042,96.029,92.832,96.226,92.092,96.121,0.092,3.53
2022-10-27,96.044,97.257,95.047,96.514,96.096,97.307,95.097,96.606,0.092,3.68
2022-10-28,94.582,94.872,92.992,94.152,94.632,94.928,93.052,94.248,0.096,4.11
2022-10-31,94.152,94.304,91.442,92.522,94.228,94.391,91.492,92.588,0.066,4.4
2022-11-01,92.544,95.522,92.284,94.702,92.636,95.572,92.368,94.788,0.086,4.2
2022-11-02,94.809,96.432,93.997,95.632,94.901,96.482,94.047,95.718,0.086,4.31
2022-11-03,95.229,95.937,94.169,94.412,95.321,95.987,94.219,94.488,0.076,3.72
2022-11-04,94.504,98.777,94.282,98.582,94.596,98.828,94.368,98.688,0.106,4.96
2022-11-07,97.487,99.537,97.107,97.972,97.537,99.587,97.157,98.048,0.076,3.97
2022-11-08,98.192,98.267,94.972,95.092,98.256,98.317,95.048,95.178,0.086,4.11
2022-11-09,95.122,95.617,92.302,92.382,95.172,95.667,92.378,92.461,0.079,4.63
2022-11-10,92.527,94.287,91.712,93.269,92.577,94.337,91.762,93.358,0.089,4.54
2022-11-11,93.707,96.892,93.657,95.832,93.757,96.942,93.707,95.938,0.106,4.2
2022-11-14,96.752,96.922,92.469,92.492,96.802,96.972,92.548,92.558,0.066,4.22
2022-11-15,92.564,95.722,91.542,93.722,92.616,95.772,91.592,93.808,0.086,4.93
2022-11-16,93.874,94.762,91.669,92.672,93.946,94.812,91.719,92.738,0.066,4.38
2022-11-17,92.612,92.877,89.517,90.052,92.662,92.927,89.567,90.128,0.076,4.45
2022-11-18,90.044,90.612,85.779,87.832,90.146,90.662,85.829,87.928,0.096,4.96
2022-11-21,87.482,87.737,82.304,87.642,87.532,87.787,82.382,87.718,0.076,5.48
2022-11-22,87.684,89.872,87.332,88.392,87.806,89.922,87.382,88.478,0.086,3.68
2022-11-23,88.494,89.537,84.097,84.752,88.546,89.587,84.157,84.838,0.086,4.17
2022-11-24,85.032,85.502,83.897,85.112,85.118,85.552,83.947,85.162,0.05,1.96
2022-11-25,85.522,86.862,83.567,83.894,85.572,86.912,83.617,84.116,0.222,2.58
2022-11-28,83.222,84.072,80.582,82.314,83.272,84.122,80.632,82.406,0.092,4.37
2022-11-29,83.144,86.697,83.144,84.892,83.246,86.747,83.242,84.998,0.106,5.06
2022-11-30,84.784,87.372,84.437,86.712,84.846,87.422,84.487,86.788,0.076,3.77
2022-12-01,86.754,89.342,86.237,87.042,86.806,89.392,86.287,87.118,0.076,2.4
2022-12-02,86.852,87.897,85.172,85.912,86.902,87.947,85.226,86.058,0.146,2.24
2022-12-05,87.302,88.407,82.517,83.032,87.352,88.457,82.567,83.118,0.086,3.11
2022-12-06,83.082,83.657,78.682,79.662,83.132,83.707,78.732,79.748,0.086,4.63
2022-12-07,79.744,80.462,76.917,77.372,79.826,80.512,76.967,77.448,0.076,5.44
2022-12-08,77.382,79.142,75.732,76.452,77.432,79.192,75.782,76.538,0.086,5.54
2022-12-09,76.712,77.457,75.097,76.642,76.762,77.507,75.147,76.728,0.086,4.94
2022-12-12,77.007,78.562,75.232,78.062,77.057,78.612,75.282,78.138,0.076,4.82
2022-12-13,78.172,81.252,78.079,80.402,78.222,81.302,78.129,80.478,0.076,4.93
2022-12-14,80.272,83.122,80.092,82.812,80.322,83.172,80.142,82.888,0.076,4.17
2022-12-15,82.702,83.157,80.822,81.472,82.752,83.207,80.872,81.548,0.076,3.72
2022-12-16,81.342,81.757,78.272,79.174,81.392,81.807,78.322,79.266,0.092,3.79
2022-12-19,79.707,80.842,78.592,80.152,79.757,80.892,78.642,80.238,0.086,4.16
2022-12-20,80.182,80.862,78.252,79.732,80.276,80.912,78.307,79.818,0.086,4.8
2022-12-21,79.947,82.502,79.529,82.222,79.997,82.552,79.579,82.308,0.086,3.25
2022-12-22,82.344,83.832,80.657,81.602,82.416,83.882,80.707,81.688,0.086,3.83
2022-12-23,81.654,84.082,81.276,83.922,81.756,84.132,81.326,83.972,0.05,3.41
2022-12-27,84.504,85.572,83.632,84.594,84.586,85.622,83.682,84.686,0.092,3.04
2022-12-28,84.882,85.127,82.497,83.792,84.932,85.177,82.547,83.868,0.076,4.28
2022-12-29,83.572,83.807,81.837,83.672,83.622,83.857,81.887,83.748,0.076,4.24
2022-12-30,83.697,85.972,82.867,85.942,83.747,86.022,82.917,85.992,0.05,3.46
2023-01-03,85.744,86.972,81.767,82.322,85.966,87.022,81.817,82.398,0.076,4.77
2023-01-04,82.274,82.677,77.717,78.002,82.386,82.727,77.767,78.088,0.086,4.91
2023-01-05,78.212,79.947,77.587,78.812,78.262,79.997,77.637,78.888,0.076,4.23
2023-01-06,78.784,80.567,78.037,78.482,78.956,80.617,78.087,78.568,0.086,4.13
2023-01-09,79.062,81.347,78.959,79.722,79.112,81.397,79.009,79.788,0.066,4.03
2023-01-10,79.554,80.872,78.789,79.582,79.616,80.922,78.839,79.658,0.076,3.85
2023-01-11,79.482,82.952,79.289,82.912,79.532,83.008,79.339,82.998,0.086,3.91
2023-01-12,82.857,84.592,82.349,83.802,82.907,84.642,82.399,83.888,0.086,3.94
2023-01-13,83.884,85.462,83.482,85.372,83.936,85.528,83.532,85.448,0.076,3.58
2023-01-16,85.237,85.237,83.847,83.982,85.287,85.287,83.897,84.068,0.086,1.64
2023-01-17,84.114,86.802,84.012,86.652,84.186,86.852,84.062,86.728,0.076,3.65
2023-01-18,86.402,87.822,84.332,84.532,86.452,87.872,84.408,84.618,0.086,3.68
2023-01-19,84.264,86.822,83.747,86.272,84.316,86.872,83.797,86.358,0.086,3.34
2023-01-20,86.422,87.762,85.559,87.592,86.472,87.812,85.609,87.678,0.086,2.95
2023-01-23,87.297,89.062,86.907,88.022,87.347,89.112,86.957,88.108,0.086,2.89
2023-01-24,88.042,88.687,85.787,86.322,88.092,88.737,85.837,86.398,0.076,2.8
2023-01-25,86.252,86.967,85.392,86.209,86.302,87.017,85.442,86.301,0.092,2.6
2023-01-26,86.354,87.987,85.712,87.524,86.406,88.037,85.762,87.616,0.092,2.47
2023-01-27,87.427,88.602,85.502,86.062,87.477,88.652,85.552,86.138,0.076,4.36
2023-01-30,87.032,87.157,84.232,84.412,87.082,87.207,84.282,84.478,0.066,4.59
2023-01-31,84.574,85.762,83.147,85.452,84.676,85.812,83.197,85.538,0.086,4.26
2023-02-01,85.527,86.182,82.359,82.982,85.577,86.232,82.409,83.068,0.086,5.02
2023-02-02,83.332,83.592,81.229,82.202,83.382,83.642,81.279,82.278,0.076,5.37
2023-02-03,82.294,84.172,79.594,79.742,82.356,84.222,79.678,79.818,0.076,5.42
2023-02-06,80.117,81.382,79.089,81.272,80.167,81.458,79.139,81.348,0.076,5.35
2023-02-07,81.237,84.079,81.172,84.079,81.287,84.158,81.222,84.158,0.079,5.08
2023-02-08,84.132,85.122,83.502,85.059,84.182,85.178,83.552,85.138,0.079,4.3
2023-02-09,84.994,85.472,83.022,84.192,85.056,85.522,83.098,84.268,0.076,4.33
2023-02-10,84.192,86.872,83.912,86.442,84.242,86.922,83.962,86.528,0.086,4.65
2023-02-13,85.922,86.917,85.082,85.782,85.972,86.967,85.132,85.838,0.056,9.61
2023-02-14,85.904,86.402,84.112,85.277,85.966,86.452,84.162,85.333,0.056,11.86
2023-02-15,85.162,85.822,83.879,85.177,85.212,85.872,83.929,85.233,0.056,11.43
2023-02-16,85.242,86.182,84.554,84.614,85.292,86.232,84.628,84.688,0.074,10.74
2023-02-17,84.572,84.847,81.782,82.979,84.622,84.897,81.832,83.053,0.074,14.11
2023-02-20,82.947,84.278,82.714,83.675,82.997,84.328,82.764,83.748,0.073,3.47
2023-02-21,83.805,84.173,82.533,82.837,83.885,84.223,82.583,82.893,0.056,5.77
2023-02-22,82.765,83.233,80.39,80.395,82.845,83.283,80.473,80.485,0.09,5.56
2023-02-23,80.453,82.748,80.395,82.48,80.503,82.798,80.445,82.57,0.09,4.05
2023-02-24,82.308,83.058,80.733,82.825,82.358,83.108,80.783,82.893,0.068,5.55
2023-02-27,83.078,83.223,81.383,82.047,83.128,83.273,81.433,82.103,0.056,4.95
2023-02-28,81.975,83.968,81.823,83.12,82.073,84.018,81.873,83.188,0.068,4.26
2023-03-01,82.928,84.473,82.593,84.335,82.978,84.523,82.643,84.408,0.073,5.26
2023-03-02,84.263,85.073,83.818,84.412,84.313,85.123,83.868,84.468,0.056,4.13
2023-03-03,84.558,85.953,82.348,85.935,84.608,86.013,82.398,86.008,0.073,4.78
2023-03-06,85.478,86.323,84.323,86.232,85.528,86.373,84.373,86.288,0.056,4.32
2023-03-07,86.243,86.723,82.813,82.887,86.293,86.773,82.863,82.943,0.056,4.8
2023-03-08,82.925,83.573,82.043,82.452,82.995,83.623,82.093,82.508,0.056,4.67
2023-03-09,82.573,83.973,81.403,81.477,82.623,84.023,81.453,81.533,0.056,3.98
2023-03-10,81.433,83.073,80.713,82.707,81.483,83.123,80.763,82.763,0.056,5.48
2023-03-13,83.127,83.312,78.318,80.637,83.183,83.362,78.368,80.693,0.056,7.19
2023-03-14,80.5,80.893,76.863,77.477,80.59,80.943,76.913,77.533,0.056,6.03
2023-03-15,77.77,78.703,71.653,74.382,77.86,78.753,71.703,74.438,0.056,7.66
2023-03-16,74.315,75.508,71.832,74.592,74.405,75.558,71.888,74.648,0.056,7.39
2023-03-17,74.62,75.888,71.378,72.547,74.71,75.938,71.428,72.603,0.056,7.15
2023-03-20,73.222,73.843,70.103,73.762,73.278,73.893,70.153,73.818,0.056,7.2
2023-03-21,73.637,75.373,72.793,75.152,73.7,75.423,72.843,75.208,0.056,5.3
2023-03-22,75.13,77.083,74.508,75.714,75.22,77.133,74.558,75.826,0.112,5.45
2023-03-23,75.84,77.413,75.103,75.434,75.93,77.463,75.153,75.546,0.112,5.55
2023-03-24,75.5,76.298,72.663,74.933,75.59,76.348,72.708,74.983,0.05,7.07
2023-03-27,75.323,78.388,74.788,78.045,75.373,78.438,74.838,78.135,0.09,4.24
2023-03-28,78.173,79.173,77.518,78.88,78.223,79.223,77.568,78.97,0.09,3.95
2023-03-29,78.453,78.973,77.283,77.357,78.503,79.023,77.333,77.413,0.056,4.52
2023-03-30,77.448,78.823,77.158,78.485,77.498,78.873,77.208,78.558,0.073,4.15
2023-03-31,78.513,79.903,77.823,79.82,78.563,79.953,77.873,79.893,0.073,4.28
2023-04-03,84.928,85.333,83.483,84.822,84.978,85.383,83.533,84.878,0.056,5.89
2023-04-04,84.883,85.993,83.833,85.275,84.933,86.043,83.883,85.348,0.073,5.62
2023-04-05,85.205,85.523,83.998,84.705,85.255,85.573,84.048,84.778,0.073,4.32
2023-04-06,84.883,85.417,84.032,84.802,84.933,85.473,84.088,84.858,0.056,18.34
2023-04-10,85.198,85.503,84.062,84.262,85.248,85.553,84.118,84.318,0.056,3.43
2023-04-11,84.207,85.653,83.733,85.527,84.283,85.703,83.783,85.583,0.056,3.82
2023-04-12,85.563,87.463,85.373,87.222,85.613,87.513,85.423,87.278,0.056,4.11
2023-04-13,87.153,87.443,86.033,86.317,87.203,87.493,86.083,86.373,0.056,3.74
2023-04-14,86.165,86.843,85.513,86.442,86.225,86.893,85.563,86.498,0.056,3.59
2023-04-17,86.378,86.498,84.353,84.775,86.428,86.548,84.403,84.843,0.068,3.49
2023-04-18,84.713,85.393,83.793,84.745,84.763,85.443,83.843,84.818,0.073,3.64
2023-04-19,84.863,85.123,82.373,82.87,84.913,85.173,82.423,82.96,0.09,3.84
2023-04-20,82.738,82.888,80.73,80.775,82.788,82.938,80.808,80.865,0.09,3.83
2023-04-21,80.783,82.018,80.428,81.745,80.833,82.068,80.478,81.835,0.09,2.73
2023-04-24,81.533,82.958,80.458,82.58,81.583,83.008,80.508,82.67,0.09,2.7
2023-04-25,82.583,83.033,80.333,80.705,82.633,83.083,80.383,80.795,0.09,2.87
2023-04-26,80.733,81.333,77.483,77.69,80.783,81.383,77.533,77.763,0.073,6.06
2023-04-27,77.778,78.523,77.338,78.235,77.828,78.573,77.388,78.308,0.073,5.43
2023-04-28,78.248,80.493,77.483,80.17,78.298,80.543,77.533,80.243,0.073,5.23
2023-05-01,79.628,79.843,78.103,79.362,79.678,79.893,78.153,79.418,0.056,3.52
2023-05-02,79.248,79.763,75.053,75.202,79.298,79.813,75.103,75.258,0.056,5.09
2023-05-03,75.298,75.518,71.683,71.902,75.348,75.568,71.733,71.958,0.056,5.93
2023-05-04,71.453,73.703,71.368,72.482,71.503,73.753,71.418,72.538,0.056,6.51
2023-05-05,72.635,75.723,72.387,75.232,72.685,75.773,72.443,75.308,0.076,4.19
2023-05-08,75.323,77.403,74.928,76.575,75.373,77.453,74.978,76.648,0.073,3.44
2023-05-09,76.773,77.473,75.063,77.242,76.823,77.523,75.113,77.298,0.056,4.03
2023-05-10,77.338,77.573,75.673,76.605,77.388,77.623,75.723,76.678,0.073,4.61
2023-05-11,76.643,77.393,74.603,75.42,76.693,77.443,74.653,75.488,0.068,4.9
2023-05-12,75.348,75.823,74.008,74.137,75.398,75.873,74.058,74.193,0.056,4.91
2023-05-15,74.148,75.723,73.473,75.432,74.198,75.773,73.523,75.488,0.056,4.42
2023-05-16,75.523,75.923,74.46,74.562,75.573,75.973,74.533,74.618,0.056,4.74
2023-05-17,74.658,77.283,74.083,76.777,74.708,77.333,74.133,76.833,0.056,4.88
2023-05-18,76.748,76.953,75.483,75.925,76.798,77.003,75.533,75.998,0.073,4.54
2023-05-19,76.013,77.453,75.103,75.73,76.063,77.503,75.153,75.803,0.073,5.12
2023-05-22,75.695,76.443,74.543,75.964,75.763,76.493,74.593,76.076,0.112,5.34
2023-05-23,76.165,77.685,75.628,77.634,76.228,77.775,75.678,77.746,0.112,5.13
2023-05-24,77.695,78.633,77.013,78.28,77.755,78.683,77.063,78.37,0.09,5.78
2023-05-25,78.313,78.473,75.108,76.025,78.363,78.523,75.158,76.115,0.09,5.15
2023-05-26,75.993,77.293,75.638,77.175,76.043,77.343,75.688,77.248,0.073,4.79
2023-05-29,77.488,77.803,76.143,77.093,77.538,77.853,76.193,77.143,0.05,2.21
2023-05-30,76.978,77.558,73.293,73.787,77.028,77.608,73.343,73.843,0.056,6.61
2023-05-31,73.743,73.923,71.483,72.092,73.793,73.973,71.533,72.148,0.056,6.18
2023-06-01,72.188,75.223,72.013,74.302,72.238,75.273,72.063,74.358,0.056,5.63
2023-06-02,74.258,76.473,74.158,76.227,74.308,76.523,74.208,76.283,0.056,5.31
2023-06-05,77.818,78.208,76.287,76.477,77.868,78.258,76.343,76.533,0.056,5.56
2023-06-06,76.502,76.728,74.703,75.952,76.578,76.778,74.753,76.008,0.056,5.15
2023-06-07,76.213,77.593,75.493,76.792,76.263,77.643,75.543,76.848,0.056,4.89
2023-06-08,76.783,77.653,73.557,75.532,76.833,77.703,73.607,75.588,0.056,6.22
2023-06-09,75.468,76.533,74.698,74.962,75.518,76.583,74.748,75.018,0.056,5.01
2023-06-12,74.507,74.513,71.563,72.092,74.563,74.563,71.613,72.148,0.056,5.73
2023-06-13,72.093,74.633,71.923,74.122,72.143,74.683,71.973,74.178,0.056,5.38
2023-06-14,74.033,75.473,73.013,73.552,74.083,75.523,73.063,73.608,0.056,6.07
2023-06-15,73.358,75.943,72.893,75.582,73.408,75.993,72.943,75.638,0.056,5.19
2023-06-16,75.623,76.713,75.063,76.292,75.673,76.763,75.113,76.348,0.056,5.04
2023-06-19,76.083,76.908,75.323,76.073,76.133,76.958,75.373,76.123,0.05,2.21
2023-06-20,76.095,77.123,74.498,75.475,76.155,77.173,74.548,75.548,0.073,4.64
2023-06-21,75.525,77.213,75.493,76.892,75.575,77.263,75.543,76.948,0.056,4.06
2023-06-22,77.003,77.173,73.568,74.182,77.053,77.223,73.618,74.238,0.056,4.24
2023-06-23,73.918,74.352,72.098,74.262,73.968,74.408,72.148,74.338,0.076,3.62
2023-06-26,74.667,74.823,73.402,74.272,74.723,74.873,73.458,74.328,0.056,4.2
2023-06-27,74.243,74.868,72.063,72.335,74.293,74.918,72.113,72.425,0.09,4.26
2023-06-28,72.788,74.403,71.833,73.772,72.838,74.453,71.883,73.828,0.056,5.09
2023-06-29,73.935,75.123,73.553,74.385,73.985,75.173,73.603,74.458,0.073,4.76
2023-06-30,74.348,75.807,74.253,75.122,74.398,75.857,74.303,75.178,0.056,3.94
2023-07-03,75.163,76.568,74.543,74.902,75.213,76.618,74.593,74.958,0.056,4.01
2023-07-04,74.887,76.263,74.718,76.103,74.963,76.313,74.768,76.153,0.05,2.13
2023-07-05,76.003,76.923,75.283,76.552,76.053,76.973,75.333,76.608,0.056,3.91
2023-07-06,76.683,77.063,75.007,76.537,76.733,77.113,75.063,76.593,0.056,4.54
2023-07-07,76.493,78.518,76.002,78.262,76.543,78.568,76.058,78.318,0.056,3.7
2023-07-10,78.203,78.743,77.347,77.832,78.253,78.793,77.403,77.888,0.056,3.58
2023-07-11,77.757,79.473,77.613,79.342,77.833,79.523,77.663,79.398,0.056,3.18
2023-07-12,79.323,80.527,79.193,80.212,79.373,80.583,79.243,80.268,0.056,3.67
2023-07-13,80.155,81.713,79.863,81.622,80.215,81.768,79.913,81.678,0.056,3.63
2023-07-14,81.623,81.668,79.537,79.657,81.673,81.718,79.593,79.713,0.056,3.58
2023-07-17,79.298,80.598,78.233,78.422,79.348,80.648,78.283,78.478,0.056,3.82
2023-07-18,78.523,79.973,78.163,79.777,78.573,80.023,78.213,79.833,0.056,3.34
2023-07-19,79.805,80.913,79.148,79.464,79.855,80.963,79.198,79.576,0.112,4.18
2023-07-20,79.325,80.213,78.646,79.614,79.425,80.263,78.696,79.726,0.112,4.16
2023-07-21,79.735,81.213,79.633,80.684,79.846,81.263,79.683,80.796,0.112,4.05
2023-07-24,80.503,83.133,80.393,82.795,80.553,83.183,80.443,82.885,0.09,4.76
2023-07-25,82.795,83.843,82.198,83.235,82.855,83.893,82.248,83.325,0.09,3.93
2023-07-26,83.275,83.823,82.568,82.91,83.335,83.873,82.618,83.0,0.09,3.27
2023-07-27,82.705,84.068,82.573,83.365,82.755,84.118,82.623,83.438,0.073,4.05
2023-07-28,83.238,84.473,82.833,84.415,83.288,84.523,82.883,84.488,0.073,3.87
2023-07-31,84.208,85.553,83.888,85.275,84.258,85.603,83.938,85.348,0.073,3.38
2023-08-01,85.218,85.74,84.227,85.727,85.292,85.813,84.283,85.783,0.056,3.96
2023-08-02,85.808,85.963,82.718,83.405,85.858,86.013,82.768,83.478,0.073,5.11
2023-08-03,83.418,85.388,82.333,85.212,83.468,85.438,82.383,85.268,0.056,4.59
2023-08-04,85.305,86.623,85.048,86.012,85.355,86.673,85.098,86.068,0.056,4.0
2023-08-07,86.433,86.653,85.023,85.812,86.483,86.703,85.073,85.868,0.056,3.92
2023-08-08,85.735,86.313,83.303,86.062,85.838,86.363,83.353,86.118,0.056,4.6
2023-08-09,85.963,87.617,85.893,87.372,86.013,87.667,85.943,87.428,0.056,3.56
2023-08-10,87.363,88.073,86.178,86.342,87.413,88.123,86.228,86.398,0.056,3.65
2023-08-11,86.388,87.313,85.823,86.572,86.438,87.363,85.873,86.628,0.056,3.38
2023-08-14,86.463,86.663,85.483,86.152,86.513,86.713,85.533,86.208,0.056,3.87
2023-08-15,86.103,86.653,84.283,84.962,86.153,86.703,84.333,85.018,0.056,3.86
2023-08-16,84.985,85.333,83.103,83.312,85.055,85.383,83.153,83.368,0.056,3.55
2023-08-17,83.175,84.853,83.033,83.752,83.235,84.903,83.083,83.808,0.056,3.21
2023-08-18,83.818,85.043,83.303,84.812,83.868,85.093,83.353,84.868,0.056,3.31
2023-08-21,84.668,85.823,84.293,84.497,84.718,85.873,84.343,84.553,0.056,3.22
2023-08-22,84.365,84.633,83.827,83.892,84.485,84.683,83.883,83.948,0.056,2.83
2023-08-23,83.933,84.228,81.948,82.864,83.983,84.278,81.998,82.956,0.092,4.23
2023-08-24,82.955,83.593,81.943,83.105,83.045,83.643,81.993,83.195,0.09,4.36
2023-08-25,83.208,84.943,82.683,84.605,83.258,84.993,82.733,84.695,0.09,3.29
2023-08-28,84.813,85.198,84.083,84.415,84.863,85.248,84.133,84.505,0.09,3.17
2023-08-29,83.785,85.015,83.263,84.93,83.845,85.105,83.313,85.02,0.09,3.4
2023-08-30,85.018,85.643,84.573,85.245,85.068,85.693,84.623,85.335,0.09,3.33
2023-08-31,85.188,86.853,85.058,86.78,85.238,86.91,85.108,86.87,0.09,3.46
2023-09-01,86.778,88.89,86.718,88.865,86.828,88.98,86.768,88.955,0.09,3.58
2023-09-04,88.748,89.193,88.263,88.988,88.798,89.243,88.313,89.038,0.05,1.99
2023-09-05,88.873,91.133,88.043,90.005,88.923,91.183,88.093,90.095,0.09,3.93
2023-09-06,90.098,91.073,89.233,90.62,90.148,91.123,89.283,90.71,0.09,3.89
2023-09-07,90.718,90.873,89.443,89.755,90.768,90.923,89.493,89.845,0.09,3.7
2023-09-08,89.758,90.993,89.283,90.395,89.808,91.043,89.333,90.485,0.09,3.72
2023-09-11,90.293,91.423,90.093,90.565,90.343,91.473,90.143,90.655,0.09,3.92
2023-09-12,90.598,92.383,90.503,91.96,90.648,92.433,90.553,92.05,0.09,3.56
2023-09-13,92.003,92.813,91.608,92.142,92.053,92.863,91.658,92.238,0.096,4.0
2023-09-14,92.018,94.165,92.003,94.09,92.068,94.255,92.053,94.18,0.09,3.98
2023-09-15,93.938,94.603,92.653,94.21,93.988,94.653,92.703,94.3,0.09,4.16
2023-09-18,94.008,94.928,93.773,94.605,94.058,94.978,93.823,94.695,0.09,3.98
2023-09-19,94.678,95.923,94.153,94.495,94.728,95.973,94.203,94.585,0.09,3.85
2023-09-20,94.405,94.69,92.743,93.085,94.515,94.741,92.793,93.175,0.09,4.07
2023-09-21,93.065,94.573,92.183,93.165,93.125,94.623,92.233,93.255,0.09,4.09
2023-09-22,93.348,94.613,92.788,93.54,93.398,94.663,92.838,93.63,0.09,3.55
2023-09-25,93.883,94.223,92.523,93.285,93.933,94.273,92.573,93.375,0.09,3.12
2023-09-26,93.245,94.178,91.783,94.075,93.295,94.23,91.833,94.165,0.09,3.25
2023-09-27,92.528,94.768,92.518,94.262,92.578,94.818,92.568,94.318,0.056,4.59
2023-09-28,94.408,95.323,92.748,93.075,94.458,95.373,92.798,93.148,0.073,4.94
2023-09-29,92.998,94.098,91.943,92.075,93.048,94.148,91.993,92.148,0.073,4.26
2023-10-02,92.457,93.313,90.333,90.402,92.513,93.363,90.383,90.458,0.056,4.07
2023-10-03,90.358,91.533,89.515,91.022,90.408,91.583,89.578,91.078,0.056,4.73
2023-10-04,91.018,91.178,85.728,86.027,91.068,91.228,85.778,86.083,0.056,4.27
2023-10-05,85.883,86.473,83.823,84.237,85.933,86.523,83.873,84.293,0.056,4.46
2023-10-06,84.465,84.923,83.455,84.397,84.585,84.973,83.505,84.453,0.056,4.28
2023-10-09,87.358,88.973,86.403,88.122,87.408,89.023,86.453,88.178,0.056,3.96
2023-10-10,88.138,88.458,86.883,87.712,88.188,88.508,86.933,87.768,0.056,3.97
2023-10-11,87.718,88.213,85.208,85.677,87.768,88.263,85.258,85.733,0.056,3.9
2023-10-12,85.493,87.613,85.168,86.342,85.543,87.663,85.218,86.398,0.056,3.79
2023-10-13,86.335,90.963,86.253,90.927,86.405,91.013,86.303,90.983,0.056,3.27
2023-10-16,90.798,91.363,89.483,90.077,90.848,91.413,89.533,90.133,0.056,3.35
2023-10-17,89.855,90.897,88.863,90.857,89.945,90.953,88.913,90.913,0.056,3.11
2023-10-18,91.235,92.973,90.598,91.282,91.295,93.023,90.648,91.338,0.056,3.33
2023-10-19,91.225,93.452,89.553,93.227,91.275,93.508,89.603,93.283,0.056,3.18
2023-10-20,93.095,93.758,91.658,92.347,93.225,93.808,91.708,92.423,0.076,3.0
2023-10-23,91.763,92.423,89.592,90.382,91.813,92.473,89.643,90.438,0.056,2.99
2023-10-24,90.473,90.648,87.327,88.027,90.523,90.698,87.383,88.083,0.056,5.88
2023-10-25,88.025,90.323,86.652,90.042,88.085,90.378,86.708,90.098,0.056,13.83
2023-10-26,89.875,90.378,87.528,88.36,89.975,90.428,87.578,88.45,0.09,6.82
2023-10-27,87.433,89.413,86.793,88.797,87.483,89.463,86.843,88.873,0.076,5.26
2023-10-30,88.305,88.753,85.793,86.607,88.378,88.803,85.843,86.663,0.056,4.71
2023-10-31,86.627,87.373,84.753,85.362,86.703,87.423,84.803,85.418,0.056,2.94
2023-11-01,85.37,87.203,84.563,85.002,85.46,87.253,84.613,85.058,0.056,2.6
2023-11-02,84.965,87.023,84.623,86.822,85.055,87.073,84.673,86.878,0.056,2.44
2023-11-03,86.87,87.763,84.553,85.137,86.96,87.813,84.603,85.193,0.056,10.32
2023-11-06,85.298,86.433,85.073,85.187,85.348,86.483,85.123,85.243,0.056,2.48
2023-11-07,85.107,85.148,81.387,81.422,85.183,85.198,81.443,81.478,0.056,2.94
2023-11-08,81.405,81.938,79.183,79.747,81.495,81.988,79.233,79.803,0.056,3.27
2023-11-09,79.675,81.437,79.418,79.887,79.725,81.487,79.468,79.943,0.056,2.69
2023-11-10,79.795,82.043,79.795,81.622,79.845,82.093,79.845,81.698,0.076,2.2
2023-11-13,81.003,82.802,80.393,82.722,81.053,82.858,80.443,82.778,0.056,3.34
2023-11-14,82.665,83.953,82.037,82.412,82.715,84.003,82.093,82.468,0.056,8.94
2023-11-15,82.375,83.008,80.772,81.022,82.425,83.058,80.823,81.078,0.056,9.86
2023-11-16,80.863,81.138,76.582,77.462,80.913,81.193,76.633,77.518,0.056,10.11
2023-11-17,77.543,80.783,77.253,80.572,77.593,80.833,77.303,80.628,0.056,2.45
2023-11-20,80.648,82.903,80.458,81.975,80.698,82.958,80.508,82.053,0.078,7.31
2023-11-21,82.155,82.513,81.403,82.435,82.225,82.563,81.453,82.508,0.073,3.7
2023-11-22,82.375,82.628,78.393,81.642,82.495,82.678,78.443,81.698,0.056,3.81
2023-11-23,81.503,81.555,80.163,81.258,81.553,81.605,80.213,81.308,0.05,1.43
2023-11-24,81.375,82.173,80.933,81.008,81.435,82.223,80.983,81.058,0.05,1.61
2023-11-27,80.663,81.148,79.108,80.055,80.713,81.198,79.158,80.145,0.09,3.25
2023-11-28,80.133,81.943,79.683,81.395,80.183,81.993,79.733,81.468,0.073,3.46
2023-11-29,81.595,82.963,80.703,82.61,81.665,83.013,80.753,82.688,0.078,4.21
2023-11-30,82.565,84.573,79.975,80.417,82.675,84.623,80.043,80.473,0.056,5.58
2023-12-01,80.655,81.503,78.733,79.102,80.745,81.553,78.783,79.158,0.056,4.52
2023-12-04,79.423,79.508,77.503,78.167,79.473,79.558,77.553,78.223,0.056,6.67
2023-12-05,78.103,79.063,76.987,76.997,78.153,79.113,77.043,77.053,0.056,9.7
2023-12-06,77.133,77.618,74.093,74.202,77.183,77.668,74.143,74.258,0.056,5.33
2023-12-07,74.463,75.443,73.593,74.367,74.513,75.493,73.643,74.423,0.056,2.97
2023-12-08,74.625,76.343,74.178,75.872,74.685,76.393,74.228,75.928,0.056,2.93
2023-12-11,76.108,76.463,74.988,76.032,76.158,76.513,75.038,76.088,0.056,6.0
2023-12-12,76.077,76.623,72.847,73.362,76.133,76.673,72.912,73.418,0.056,7.25
2023-12-13,73.213,74.667,72.277,74.652,73.263,74.723,72.333,74.708,0.056,4.0
2023-12-14,74.645,77.318,74.428,76.632,74.715,77.368,74.478,76.71,0.078,2.79
2023-12-15,76.628,77.203,75.293,76.877,76.678,77.253,75.343,76.955,0.078,4.74
2023-12-18,77.033,79.483,75.748,78.002,77.083,79.533,75.798,78.075,0.073,4.55
2023-12-19,78.098,79.613,77.432,79.295,78.148,79.663,77.483,79.385,0.09,3.02
2023-12-20,79.218,80.573,79.053,79.142,79.268,80.623,79.103,79.215,0.073,3.21
2023-12-21,79.003,80.108,77.843,79.38,79.053,80.158,77.893,79.47,0.09,3.71
2023-12-22,79.108,80.073,78.623,78.863,79.158,80.123,78.673,78.913,0.05,3.34
2023-12-26,78.846,81.423,78.358,80.655,78.923,81.473,78.408,80.745,0.09,2.57
2023-12-27,80.565,80.993,79.204,79.245,80.635,81.043,79.29,79.335,0.09,3.22
2023-12-28,79.548,79.843,77.073,77.414,79.598,79.893,77.123,77.5,0.086,3.18
2023-12-29,77.364,77.953,76.738,77.048,77.535,78.003,76.788,77.098,0.05,2.64
2024-01-02,77.403,79.043,75.583,75.925,77.453,79.093,75.633,76.015,0.09,4.23
2024-01-03,76.013,78.643,74.773,78.435,76.063,78.71,74.823,78.525,0.09,3.94
2024-01-04,78.525,79.383,76.493,77.645,78.605,79.433,76.543,77.735,0.09,3.71
2024-01-05,77.615,79.228,77.615,78.815,77.715,79.278,77.693,78.905,0.09,3.5
2024-01-08,78.648,78.673,75.243,76.29,78.698,78.723,75.293,76.376,0.086,3.65
2024-01-09,76.295,78.163,75.933,77.497,76.355,78.213,75.983,77.57,0.073,3.68
2024-01-10,77.573,78.708,76.373,76.727,77.623,78.758,76.423,76.795,0.068,3.88
2024-01-11,76.678,79.063,76.648,78.232,76.728,79.113,76.698,78.3,0.068,4.27
2024-01-12,78.718,80.733,77.953,78.327,78.768,80.783,78.003,78.4,0.073,4.56
2024-01-15,78.203,78.618,76.833,78.307,78.253,78.668,76.883,78.375,0.068,2.53
2024-01-16,78.343,79.373,77.593,77.772,78.393,79.423,77.643,77.845,0.073,4.36
2024-01-17,77.765,78.157,76.493,78.037,77.815,78.23,76.543,78.105,0.068,4.09
2024-01-18,78.105,79.273,77.348,78.947,78.155,79.323,77.398,79.015,0.068,3.68
2024-01-19,79.058,79.713,78.313,78.672,79.108,79.763,78.363,78.745,0.073,3.62
2024-01-22,78.173,80.523,77.793,79.887,78.223,80.573,77.843,79.96,0.073,4.42
2024-01-23,79.857,80.413,78.683,79.657,79.975,80.463,78.733,79.73,0.073,3.67
2024-01-24,79.573,80.698,79.043,80.235,79.623,80.748,79.093,80.325,0.09,3.74
2024-01-25,80.293,82.548,80.038,82.22,80.343,82.598,80.088,82.31,0.09,4.25
2024-01-26,81.885,83.153,80.768,83.02,81.985,83.203,80.818,83.11,0.09,4.81
2024-01-29,83.338,83.523,81.438,81.962,83.388,83.573,81.488,82.04,0.078,4.37
2024-01-30,82.048,82.808,80.813,82.387,82.098,82.858,80.863,82.46,0.073,3.98
2024-01-31,82.595,82.618,80.263,80.497,82.645,82.668,80.313,80.57,0.073,4.66
2024-02-01,80.505,81.523,78.588,78.827,80.565,81.573,78.638,78.9,0.073,5.26
2024-02-02,79.138,79.413,76.843,77.457,79.188,79.463,76.893,77.525,0.068,4.97
2024-02-05,77.558,78.298,76.613,77.992,77.608,78.348,76.663,78.065,0.073,4.05
2024-02-06,77.943,79.043,77.633,78.662,77.993,79.093,77.683,78.735,0.073,3.81
2024-02-07,78.665,79.458,78.468,79.327,78.745,79.51,78.518,79.4,0.073,3.55
2024-02-08,79.235,81.873,79.013,81.732,79.285,81.923,79.063,81.805,0.073,3.44
2024-02-09,81.678,82.423,81.193,81.927,81.728,82.473,81.243,82.0,0.073,3.44
2024-02-12,81.833,82.168,80.758,81.972,81.883,82.218,80.808,82.045,0.073,2.92
2024-02-13,81.998,83.203,81.928,82.542,82.048,83.253,81.978,82.615,0.073,3.31
2024-02-14,82.515,83.573,81.368,81.462,82.565,83.623,81.418,81.535,0.073,3.6
2024-02-15,81.398,83.223,80.693,82.762,81.448,83.273,80.743,82.835,0.073,3.26
2024-02-16,82.753,83.643,81.868,83.252,82.803,83.693,81.918,83.325,0.073,3.51
2024-02-19,83.078,83.573,82.533,83.342,83.128,83.623,82.583,83.415,0.073,2.05
2024-02-20,83.227,83.608,82.043,82.492,83.303,83.658,82.093,82.565,0.073,4.13
2024-02-21,82.483,83.132,81.643,83.112,82.533,83.205,81.693,83.19,0.078,3.83
2024-02-22,83.178,83.933,82.313,83.39,83.228,83.983,82.363,83.48,0.09,3.3
2024-02-23,83.368,83.458,81.452,81.665,83.418,83.508,81.502,81.755,0.09,3.62
2024-02-26,81.362,83.043,80.988,82.515,81.412,83.093,81.038,82.605,0.09,2.56
2024-02-27,81.758,82.717,81.233,82.297,81.808,82.767,81.283,82.37,0.073,3.34
2024-02-28,82.298,83.103,81.543,81.867,82.348,83.153,81.593,81.935,0.068,3.99
2024-02-29,81.813,82.803,81.493,81.967,81.863,82.853,81.543,82.035,0.068,3.48
2024-03-01,82.058,84.313,81.793,83.342,82.108,84.363,81.843,83.41,0.068,3.22
2024-03-04,83.753,84.053,82.558,82.842,83.803,84.103,82.608,82.91,0.068,4.27
2024-03-05,82.703,83.123,81.703,81.992,82.753,83.173,81.753,82.065,0.073,4.25
2024-03-06,81.975,84.023,81.838,82.892,82.055,84.073,81.888,82.965,0.073,3.79
2024-03-07,82.903,83.453,82.053,83.187,82.953,83.503,82.103,83.26,0.073,4.23
2024-03-08,83.168,83.823,81.693,81.887,83.218,83.873,81.743,81.96,0.073,4.16
2024-03-11,81.837,82.718,81.063,82.428,81.905,82.768,81.113,82.478,0.05,4.26
2024-03-12,82.377,82.993,81.663,82.363,82.475,83.043,81.713,82.413,0.05,4.47
2024-03-13,82.317,84.193,81.948,83.913,82.39,84.243,81.998,83.963,0.05,4.14
2024-03-14,83.99,85.643,83.947,85.133,84.08,85.693,84.02,85.183,0.05,3.73
2024-03-15,85.115,85.533,84.603,85.278,85.205,85.583,84.653,85.328,0.05,3.77
2024-03-18,85.292,87.163,85.228,86.923,85.365,87.213,85.278,86.973,0.05,3.81
2024-03-19,86.91,87.673,86.463,87.148,87.0,87.718,86.513,87.198,0.05,3.59
2024-03-20,87.115,87.323,85.563,86.118,87.205,87.373,85.613,86.168,0.05,4.3
2024-03-21,86.23,86.613,85.033,85.498,86.32,86.663,85.083,85.548,0.05,3.63
2024-03-22,85.575,86.123,85.093,85.553,85.695,86.173,85.143,85.603,0.05,3.03
2024-03-25,85.627,87.148,85.513,86.653,85.7,87.198,85.563,86.703,0.05,3.06
2024-03-26,86.115,86.393,85.183,85.248,86.205,86.443,85.233,85.298,0.05,3.63
2024-03-27,85.23,85.668,84.563,85.638,85.32,85.718,84.613,85.688,0.05,3.47
2024-03-28,85.67,87.013,85.473,86.928,85.76,87.063,85.523,86.978,0.05,3.42
2024-04-01,86.933,87.953,86.383,87.707,86.983,88.003,86.433,87.775,0.068,3.38
2024-04-02,87.602,89.257,87.602,89.232,87.678,89.33,87.653,89.305,0.073,4.19
2024-04-03,89.195,89.963,88.653,89.477,89.255,90.013,88.703,89.55,0.073,4.2
2024-04-04,89.448,91.273,88.703,91.027,89.498,91.323,88.753,91.1,0.073,4.22
2024-04-05,91.153,91.888,90.543,90.892,91.203,91.938,90.593,90.965,0.073,4.38
2024-04-08,90.063,91.073,88.763,90.537,90.113,91.123,88.813,90.605,0.068,4.9
2024-04-09,90.618,90.917,89.233,89.502,90.668,90.967,89.283,89.575,0.073,4.11
2024-04-10,89.518,90.638,88.813,90.492,89.568,90.688,88.863,90.548,0.056,5.11
2024-04-11,90.508,90.903,89.358,90.207,90.558,90.953,89.408,90.263,0.056,5.29
2024-04-12,90.105,92.153,90.018,90.177,90.155,92.198,90.068,90.233,0.056,4.98
2024-04-15,90.468,90.633,88.713,90.342,90.518,90.683,88.763,90.398,0.056,5.12
2024-04-16,90.428,90.813,89.393,89.932,90.478,90.863,89.443,89.988,0.056,4.82
2024-04-17,90.075,90.143,87.108,87.452,90.165,90.193,87.158,87.508,0.056,4.99
2024-04-18,87.395,87.773,86.068,86.852,87.465,87.823,86.118,86.908,0.056,4.71
2024-04-19,87.033,90.718,86.173,87.172,87.083,90.768,86.223,87.228,0.056,6.12
2024-04-22,86.933,87.238,85.773,87.144,86.983,87.288,85.823,87.23,0.086,4.58
2024-04-23,87.134,88.473,86.013,88.405,87.255,88.53,86.063,88.495,0.09,4.71
2024-04-24,88.413,88.818,87.623,88.035,88.463,88.868,87.673,88.125,0.09,4.3
2024-04-25,87.868,89.225,87.293,89.19,87.918,89.315,87.343,89.28,0.09,3.87
2024-04-26,87.943,88.613,87.613,88.05,87.993,88.663,87.663,88.14,0.09,3.4
2024-04-29,87.548,88.193,86.933,87.235,87.598,88.243,86.983,87.325,0.09,3.65
2024-04-30,87.154,87.773,85.433,85.932,87.235,87.823,85.483,86.005,0.073,4.56
2024-05-01,85.795,85.863,83.273,83.482,85.845,85.913,83.323,83.56,0.078,5.44
2024-05-02,83.503,84.413,83.033,83.732,83.553,84.463,83.083,83.8,0.068,5.14
2024-05-03,83.885,84.363,82.787,82.812,83.935,84.413,82.843,82.885,0.073,4.72
2024-05-06,83.198,83.803,82.758,83.482,83.248,83.853,82.808,83.555,0.073,3.92
2024-05-07,83.695,83.798,82.393,83.062,83.755,83.848,82.443,83.135,0.073,4.39
2024-05-08,82.998,83.793,81.693,83.732,83.048,83.855,81.743,83.805,0.073,4.8
2024-05-09,83.783,84.313,83.433,84.147,83.833,84.363,83.483,84.215,0.068,3.97
2024-05-10,84.198,84.503,82.677,82.727,84.248,84.553,82.748,82.8,0.073,4.01
2024-05-13,82.538,83.813,82.243,83.427,82.588,83.863,82.293,83.48,0.053,6.22
2024-05-14,83.383,83.593,82.077,82.732,83.433,83.648,82.133,82.8,0.068,10.48
2024-05-15,82.695,83.033,81.027,82.957,82.765,83.088,81.083,83.03,0.073,12.22
2024-05-16,83.028,83.753,82.277,83.362,83.078,83.803,82.333,83.435,0.073,8.66
2024-05-17,83.418,84.003,83.052,83.932,83.468,84.058,83.113,84.005,0.073,9.49
2024-05-20,83.758,84.463,83.093,83.642,83.808,84.513,83.143,83.715,0.073,11.28
2024-05-21,83.682,83.728,82.017,82.482,83.768,83.788,82.073,82.55,0.068,12.64
2024-05-22,82.563,82.603,81.547,81.607,82.613,82.653,81.598,81.685,0.078,11.47
2024-05-23,81.613,82.943,80.897,81.432,81.663,82.993,80.953,81.505,0.073,12.14
2024-05-24,81.328,82.428,80.627,82.117,81.378,82.483,80.683,82.195,0.078,8.66
2024-05-27,82.188,83.168,82.057,83.033,82.238,83.218,82.108,83.083,0.05,4.26
2024-05-28,82.972,84.587,82.967,84.572,83.045,84.66,83.023,84.64,0.068,17.56
2024-05-29,84.578,84.992,83.265,83.635,84.623,85.043,83.328,83.725,0.09,7.73
2024-05-30,83.333,83.553,81.813,81.902,83.378,83.598,81.858,81.958,0.056,7.1
2024-05-31,81.833,82.663,80.733,81.277,81.878,82.708,80.778,81.333,0.056,7.06
2024-06-03,80.803,81.633,78.067,78.097,80.848,81.678,78.123,78.153,0.056,7.56
2024-06-04,78.117,78.193,76.743,77.192,78.153,78.238,76.788,77.248,0.056,7.83
2024-06-05,77.268,78.582,77.153,78.562,77.313,78.638,77.198,78.618,0.056,6.27
2024-06-06,78.668,80.053,78.368,79.982,78.713,80.098,78.413,80.038,0.056,5.57
2024-06-07,80.018,80.343,79.297,79.452,80.063,80.388,79.348,79.508,0.056,5.82
2024-06-10,79.428,82.132,79.403,82.072,79.473,82.188,79.448,82.128,0.056,5.93
2024-06-11,81.928,82.328,81.172,82.107,81.973,82.373,81.228,82.163,0.056,6.34
2024-06-12,82.063,83.313,81.938,82.387,82.108,83.358,81.983,82.443,0.056,6.48
2024-06-13,82.393,83.023,81.783,82.097,82.438,83.068,81.828,82.153,0.056,6.5
2024-06-14,82.018,83.363,81.898,82.567,82.063,83.413,81.943,82.623,0.056,6.28
2024-06-17,82.448,84.517,82.083,84.452,82.493,84.573,82.128,84.508,0.056,5.75
2024-06-18,84.32,85.457,83.643,85.382,84.363,85.513,83.688,85.438,0.056,5.5
2024-06-19,85.378,85.813,84.883,85.238,85.423,85.858,84.928,85.283,0.045,2.87
2024-06-20,85.168,85.943,84.927,85.602,85.213,85.988,84.968,85.658,0.056,4.96
2024-06-21,85.648,86.213,84.817,85.042,85.693,86.258,84.858,85.098,0.056,4.34
2024-06-24,84.707,86.143,84.698,86.042,84.763,86.188,84.743,86.098,0.056,3.44
2024-06-25,86.048,86.223,84.685,84.925,86.093,86.268,84.775,85.015,0.09,3.29
2024-06-26,84.078,85.013,83.703,84.437,84.123,85.063,83.748,84.495,0.058,5.65
2024-06-27,84.218,85.553,84.073,85.232,84.263,85.598,84.118,85.305,0.073,5.46
2024-06-28,85.32,86.153,84.503,84.862,85.41,86.203,84.548,84.935,0.073,5.56
2024-07-01,85.135,86.858,85.043,86.597,85.225,86.903,85.088,86.675,0.078,5.09
2024-07-02,86.662,87.433,86.152,86.542,86.74,87.478,86.188,86.615,0.073,6.38
2024-07-03,86.408,87.363,85.873,87.027,86.453,87.413,85.918,87.1,0.073,5.26
2024-07-04,87.06,87.563,86.488,87.533,87.15,87.608,86.533,87.578,0.045,2.46
2024-07-05,87.433,87.928,86.473,86.972,87.478,87.978,86.518,87.05,0.078,4.96
2024-07-08,86.768,86.793,85.537,85.627,86.813,86.838,85.578,85.68,0.053,4.95
2024-07-09,85.658,85.833,84.513,85.012,85.703,85.878,84.558,85.085,0.073,5.41
2024-07-10,84.893,85.633,83.983,85.337,84.938,85.678,84.028,85.395,0.058,5.31
2024-07-11,85.433,85.863,84.623,85.517,85.478,85.908,84.668,85.59,0.073,5.58
2024-07-12,85.645,86.323,84.933,84.997,85.735,86.368,84.978,85.07,0.073,5.23
2024-07-15,85.053,85.253,84.403,84.852,85.098,85.298,84.448,84.92,0.068,4.61
2024-07-16,84.762,84.833,83.283,83.722,84.798,84.878,83.328,83.795,0.073,5.49
2024-07-17,83.645,85.167,83.413,85.167,83.735,85.24,83.458,85.24,0.073,5.22
2024-07-18,85.223,85.783,84.203,84.747,85.268,85.828,84.248,84.82,0.073,5.26
2024-07-19,84.695,85.323,82.548,82.572,84.775,85.368,82.593,82.65,0.078,7.14
2024-07-22,83.007,83.198,81.583,82.212,83.08,83.243,81.628,82.29,0.078,5.14
2024-07-23,82.235,82.758,80.493,81.522,82.295,82.803,80.538,81.595,0.073,5.45
2024-07-24,81.442,82.198,80.913,81.492,81.483,82.243,80.958,81.565,0.073,5.22
2024-07-25,81.523,82.508,80.068,82.432,81.568,82.555,80.113,82.505,0.073,6.0
2024-07-26,82.367,82.668,80.298,80.675,82.445,82.713,80.343,80.765,0.09,3.5
2024-07-29,80.508,80.838,78.637,79.107,80.553,80.883,78.668,79.175,0.068,6.89
2024-07-30,78.852,79.183,77.933,78.492,78.925,79.228,77.978,78.565,0.073,6.79
2024-07-31,78.532,81.567,78.438,81.512,78.605,81.64,78.483,81.585,0.073,7.39
2024-08-01,81.438,81.768,79.418,80.087,81.483,81.813,79.458,80.16,0.073,7.06
2024-08-02,79.922,80.433,76.403,77.38,79.953,80.478,76.448,77.47,0.09,8.82
2024-08-05,77.282,77.372,75.028,77.227,77.355,77.44,75.073,77.3,0.073,12.37
2024-08-06,77.388,77.793,75.573,76.292,77.433,77.838,75.618,76.37,0.078,8.27
2024-08-07,76.123,78.843,75.943,78.487,76.168,78.888,75.988,78.56,0.073,6.77
2024-08-08,78.535,79.353,77.613,79.032,78.585,79.398,77.658,79.105,0.073,6.15
2024-08-09,79.093,79.793,78.753,79.65,79.138,79.838,78.798,79.74,0.09,4.65
2024-08-12,79.472,82.383,79.433,81.947,79.55,82.428,79.478,82.015,0.068,4.62
2024-08-13,81.845,82.273,80.533,80.927,81.915,82.318,80.578,81.01,0.083,5.57
2024-08-14,80.968,81.408,79.588,79.855,81.013,81.453,79.633,79.905,0.05,5.75
2024-08-15,79.942,81.403,79.608,80.932,79.978,81.448,79.653,81.005,0.073,4.66
2024-08-16,80.842,80.993,78.603,79.615,80.92,81.038,78.648,79.705,0.09,5.25
2024-08-19,79.368,79.733,77.473,77.737,79.413,79.778,77.508,77.805,0.068,5.92
2024-08-20,77.615,78.313,76.533,77.127,77.695,78.358,76.578,77.205,0.078,6.01
2024-08-21,77.108,78.173,75.623,76.087,77.153,78.218,75.668,76.155,0.068,6.11
2024-08-22,75.943,77.673,75.743,77.137,75.988,77.718,75.788,77.215,0.078,5.9
2024-08-23,77.223,79.243,77.013,79.035,77.268,79.288,77.058,79.125,0.09,4.52
2024-08-26,79.582,81.553,79.458,81.17,79.655,81.598,79.503,81.26,0.09,2.7
2024-08-27,80.148,80.433,78.537,78.882,80.193,80.478,78.578,78.96,0.078,15.23
2024-08-28,78.895,79.077,77.128,77.377,78.975,79.118,77.168,77.45,0.073,20.99
2024-08-29,77.422,79.543,76.993,78.932,77.463,79.588,77.038,79.005,0.073,20.64
2024-08-30,78.638,79.503,76.683,77.0,78.683,79.548,76.728,77.09,0.09,24.98
2024-09-02,76.332,77.603,76.198,77.248,76.333,77.648,76.243,77.293,0.045,9.51
2024-09-03,77.098,77.523,73.498,73.637,77.143,77.573,73.543,73.705,0.068,24.26
2024-09-04,73.645,74.783,72.327,72.707,73.705,74.828,72.378,72.775,0.068,28.79
2024-09-05,72.727,74.162,72.347,72.792,72.805,74.208,72.398,72.84,0.048,102.35
2024-09-06,72.787,73.497,70.597,71.49,72.865,73.548,70.643,71.58,0.09,196.51
2024-09-09,71.657,72.187,70.627,71.917,71.73,72.238,70.668,71.99,0.073,202.87
2024-09-10,71.88,72.247,68.652,69.682,71.97,72.298,68.703,69.75,0.068,233.45
2024-09-11,69.622,71.052,68.977,70.707,69.688,71.103,69.028,70.78,0.073,239.64
2024-09-12,70.552,72.847,70.552,72.122,70.65,72.898,70.613,72.195,0.073,197.64
2024-09-13,72.282,73.207,71.447,72.055,72.345,73.258,71.498,72.145,0.09,171.02
2024-09-16,71.693,73.363,71.497,72.932,71.738,73.413,71.548,73.005,0.073,147.55
2024-09-17,72.887,74.247,72.137,73.672,72.933,74.298,72.188,73.745,0.073,128.57
2024-09-18,73.648,74.067,72.277,72.917,73.693,74.123,72.328,72.99,0.073,215.02
2024-09-19,73.122,75.147,72.882,74.792,73.185,75.198,72.933,74.865,0.073,173.92
2024-09-20,74.752,74.962,73.977,74.67,74.825,75.018,74.028,74.76,0.09,152.34
2024-09-23,74.497,75.143,73.077,74.217,74.575,75.193,73.128,74.295,0.078,180.91
2024-09-24,74.117,75.837,73.917,75.132,74.158,75.888,73.968,75.205,0.073,161.33
2024-09-25,75.152,75.333,73.043,73.58,75.225,75.383,73.088,73.67,0.09,76.61
2024-09-26,73.375,73.788,70.705,71.265,73.435,73.833,70.753,71.355,0.09,4.82
2024-09-27,70.787,71.94,70.423,71.94,70.788,72.03,70.468,72.03,0.09,25.81
2024-09-30,71.645,72.768,71.007,71.815,71.718,72.813,71.058,71.883,0.068,29.36
2024-10-01,71.828,75.418,69.898,74.367,71.873,75.463,69.943,74.423,0.056,51.13
2024-10-02,74.457,76.113,73.573,74.682,74.478,76.158,73.618,74.738,0.056,29.72
2024-10-03,74.562,77.963,74.298,77.577,74.598,78.008,74.328,77.633,0.056,37.32
2024-10-04,77.772,79.267,77.363,78.065,77.845,79.308,77.408,78.155,0.09,32.7
2024-10-07,77.477,81.138,77.357,81.012,77.533,81.183,77.388,81.068,0.056,28.24
2024-10-08,80.973,81.128,76.353,77.462,81.018,81.168,76.393,77.518,0.056,44.36
2024-10-09,77.472,78.003,75.163,76.692,77.525,78.048,75.198,76.748,0.056,39.02
2024-10-10,76.863,79.693,76.713,79.037,76.908,79.738,76.758,79.093,0.056,30.17
2024-10-11,79.135,79.473,78.013,78.835,79.195,79.518,78.058,78.925,0.09,24.63
2024-10-14,77.662,78.263,75.357,75.377,77.663,78.308,75.413,75.433,0.056,31.22
2024-10-15,75.207,75.548,73.318,74.702,75.223,75.593,73.363,74.758,0.056,28.17
2024-10-16,74.675,74.897,73.425,74.492,74.725,74.938,73.448,74.548,0.056,18.94
2024-10-17,74.508,74.893,73.243,74.487,74.553,74.938,73.288,74.543,0.056,18.6
2024-10-18,74.558,74.923,72.483,73.135,74.603,74.968,72.528,73.225,0.09,21.76
2024-10-21,73.153,74.543,72.828,73.992,73.198,74.588,72.873,74.048,0.056,17.03
2024-10-22,74.242,76.293,73.562,75.577,74.298,76.338,73.598,75.633,0.056,23.14
2024-10-23,75.713,76.018,74.403,75.242,75.758,76.063,74.448,75.298,0.056,17.61
2024-10-24,75.318,76.513,73.983,74.542,75.363,76.558,74.028,74.598,0.056,18.64
2024-10-25,74.623,76.113,74.158,75.935,74.653,76.158,74.203,76.025,0.09,14.81
2024-10-28,72.932,73.023,71.158,72.013,72.988,73.068,71.203,72.058,0.045,8.69
2024-10-29,71.535,72.093,70.263,71.038,71.625,72.133,70.308,71.083,0.045,18.76
2024-10-30,70.93,72.713,70.79,72.643,71.02,72.758,70.833,72.688,0.045,21.19
2024-10-31,72.45,74.253,71.793,74.078,72.523,74.298,71.838,74.123,0.045,22.27
2024-11-01,74.075,74.923,72.873,72.883,74.188,74.968,72.918,72.928,0.045,23.99
2024-11-04,74.305,75.373,73.913,75.255,74.393,75.413,73.958,75.328,0.073,18.2
2024-11-05,74.998,76.213,74.883,75.44,75.043,76.263,74.928,75.513,0.073,16.32
2024-11-06,75.208,75.953,73.333,75.16,75.253,75.998,73.378,75.233,0.073,27.9
2024-11-07,74.973,76.048,74.053,75.495,75.018,76.088,74.093,75.573,0.078,21.15
2024-11-08,75.513,75.583,73.423,73.96,75.558,75.628,73.468,74.05,0.09,16.91
2024-11-11,73.798,74.093,71.565,71.895,73.843,74.138,71.628,71.968,0.073,18.12
2024-11-12,71.955,72.803,71.533,71.723,71.993,72.848,71.578,71.773,0.05,17.34
2024-11-13,71.758,72.603,70.743,71.885,71.803,72.648,70.788,71.958,0.073,20.67
2024-11-14,72.133,73.193,71.773,72.385,72.178,73.238,71.818,72.458,0.073,16.88
2024-11-15,72.298,72.463,70.823,70.99,72.343,72.508,70.868,71.08,0.09,16.99
2024-11-18,71.185,73.433,70.813,73.16,71.248,73.503,70.858,73.238,0.078,17.53
2024-11-19,73.118,73.848,72.592,73.24,73.163,73.893,72.638,73.313,0.073,20.34
2024-11-20,73.315,73.913,72.683,73.02,73.398,73.958,72.728,73.093,0.073,13.03
2024-11-21,73.045,74.353,72.888,74.23,73.128,74.403,72.933,74.303,0.073,15.2
2024-11-22,74.237,75.393,73.418,75.055,74.293,75.428,73.463,75.145,0.09,15.69
2024-11-25,75.153,75.323,72.838,73.105,75.198,75.368,72.883,73.178,0.073,17.1
2024-11-26,72.812,74.328,72.078,72.775,72.868,74.373,72.123,72.865,0.09,10.55
2024-11-27,72.353,72.828,71.693,72.325,72.398,72.873,71.738,72.393,0.068,14.73
2024-11-28,72.338,72.938,71.833,72.678,72.383,72.983,71.878,72.723,0.045,7.59
2024-11-29,72.418,73.313,72.013,72.323,72.463,73.358,72.058,72.368,0.045,14.84
2024-12-02,71.93,72.868,71.508,71.89,72.02,72.913,71.553,71.943,0.053,15.48
2024-12-03,71.908,73.893,71.663,73.635,71.953,73.928,71.708,73.708,0.073,15.93
2024-12-04,73.623,74.253,72.238,72.41,73.668,74.298,72.283,72.483,0.073,17.27
2024-12-05,72.493,72.883,71.783,72.14,72.538,72.928,71.833,72.193,0.053,17.94
2024-12-06,72.098,72.178,70.833,71.025,72.143,72.223,70.878,71.115,0.09,13.88
2024-12-09,71.045,72.623,71.033,71.86,71.123,72.668,71.078,71.95,0.09,7.89
2024-12-10,71.873,72.698,71.508,72.025,71.918,72.743,71.553,72.115,0.09,2.93
2024-12-11,72.128,73.723,72.128,73.59,72.173,73.768,72.173,73.68,0.09,3.22
2024-12-12,73.733,73.833,73.683,73.753,73.778,73.878,73.728,73.798,0.045,0.05
2024-12-13,73.27,74.563,73.27,74.295,73.36,74.608,73.328,74.385,0.09,2.66
2024-12-16,74.303,74.378,73.683,73.835,74.348,74.423,73.728,73.925,0.09,2.84
2024-12-17,73.893,74.153,72.463,73.275,73.938,74.198,72.508,73.365,0.09,3.04
2024-12-18,73.238,74.173,72.78,72.825,73.283,74.218,72.828,72.915,0.09,2.99
2024-12-19,72.93,73.843,72.5,72.605,73.02,73.888,72.563,72.695,0.09,3.01
2024-12-20,72.533,73.263,71.983,72.955,72.578,73.308,72.028,73.045,0.09,2.85
2024-12-23,73.063,73.353,71.963,72.98,73.108,73.398,72.008,73.07,0.09,2.15
2024-12-24,72.605,73.393,72.443,73.193,72.695,73.438,72.488,73.238,0.045,2.66
2024-12-26,73.31,73.723,72.553,72.795,73.4,73.768,72.598,72.885,0.09,2.63
2024-12-27,72.695,73.903,72.618,73.41,72.766,73.948,72.663,73.5,0.09,3.75
2024-12-30,73.625,74.473,73.373,74.05,73.715,74.518,73.418,74.14,0.09,3.75
2024-12-31,74.195,74.863,73.813,74.603,74.285,74.908,73.858,74.648,0.045,3.08
2025-01-02,74.895,76.523,74.703,75.85,74.966,76.568,74.748,75.94,0.09,5.21
2025-01-03,75.935,76.713,75.513,76.565,76.025,76.756,75.558,76.655,0.09,4.44
2025-01-06,76.385,77.463,75.923,76.18,76.475,77.508,75.968,76.266,0.086,5.14
2025-01-07,76.075,77.253,75.893,77.105,76.165,77.298,75.938,77.195,0.09,5.16
2025-01-08,77.265,77.863,76.013,76.15,77.355,77.908,76.058,76.236,0.086,5.64
2025-01-09,76.118,77.22,75.668,77.19,76.163,77.31,75.713,77.28,0.09,3.73
2025-01-10,77.21,80.723,77.008,79.589,77.296,80.768,77.053,79.681,0.092,8.51
2025-01-13,81.299,81.652,80.337,80.839,81.391,81.699,80.384,80.931,0.092,7.39
2025-01-14,80.874,81.122,79.852,80.329,80.966,81.169,79.899,80.421,0.092,5.94
2025-01-15,80.204,82.597,79.602,82.454,80.296,82.644,79.649,82.546,0.092,6.03
2025-01-16,82.344,82.537,80.367,81.274,82.436,82.584,80.414,81.366,0.092,6.18
2025-01-17,81.399,81.902,80.532,80.714,81.491,81.949,80.579,80.806,0.092,5.13
2025-01-20,81.024,81.122,79.412,79.784,81.116,81.169,79.459,79.866,0.082,3.58
2025-01-21,79.739,80.442,78.434,79.324,79.831,80.489,78.479,79.416,0.092,5.45
2025-01-22,79.344,79.882,78.787,78.884,79.436,79.929,78.834,78.968,0.084,4.35
2025-01-23,78.804,79.575,77.764,77.842,78.883,79.616,77.848,77.928,0.086,3.69
2025-01-24,77.824,78.965,77.585,78.427,77.898,79.006,77.626,78.513,0.086,2.79
2025-01-27,77.675,78.975,76.285,76.927,77.716,79.016,76.326,77.013,0.086,2.35
2025-01-28,76.975,78.15,76.83,77.542,77.016,78.191,76.871,77.628,0.086,1.97
2025-01-29,76.53,76.625,75.345,75.832,76.571,76.666,75.386,75.918,0.086,2.58
2025-01-30,75.727,76.575,74.965,76.152,75.813,76.616,75.006,76.238,0.086,2.79
2025-01-31,76.097,76.454,75.145,76.387,76.153,76.538,75.186,76.473,0.086,3.49
2025-02-03,76.087,77.225,75.014,75.484,76.173,77.275,75.076,75.593,0.109,12.02
2025-02-04,75.364,76.635,74.124,76.064,75.453,76.685,74.176,76.123,0.059,17.49
2025-02-05,76.144,76.294,74.545,74.607,76.228,76.366,74.586,74.693,0.086,9.27
2025-02-06,74.677,75.375,74.085,74.192,74.763,75.416,74.126,74.278,0.086,2.92
2025-02-07,74.257,75.095,74.24,74.682,74.313,75.136,74.281,74.768,0.086,3.2
2025-02-10,74.967,76.045,74.952,76.032,75.053,76.122,74.996,76.118,0.086,2.17
2025-02-11,75.96,77.26,75.885,76.832,76.001,77.301,75.926,76.918,0.086,2.69
2025-02-12,76.78,76.895,74.912,74.912,76.821,76.936,74.998,74.998,0.086,3.15
2025-02-13,74.977,75.242,74.045,75.192,75.063,75.328,74.095,75.278,0.086,3.0
2025-02-14,75.005,75.825,74.482,74.547,75.055,75.875,74.568,74.633,0.086,2.7
2025-02-17,74.43,75.355,74.36,75.252,74.48,75.405,74.41,75.338,0.086,1.67
2025-02-18,75.242,76.045,74.885,75.762,75.328,76.095,74.935,75.848,0.086,2.57
2025-02-19,75.807,76.795,75.78,76.037,75.893,76.845,75.83,76.123,0.086,2.42
2025-02-20,76.027,77.115,75.678,76.557,76.113,77.165,75.75,76.643,0.086,2.34
2025-02-21,76.65,76.73,74.182,74.222,76.7,76.78,74.245,74.308,0.086,2.14
2025-02-24,74.412,74.9,74.095,74.847,74.498,74.962,74.145,74.933,0.086,1.84
2025-02-25,74.697,75.235,72.685,73.047,74.783,75.287,72.735,73.133,0.086,2.11
2025-02-26,72.61,72.795,71.91,72.247,72.66,72.845,71.96,72.333,0.086,2.84
2025-02-27,72.22,73.715,72.075,73.312,72.27,73.782,72.125,73.398,0.086,2.56
2025-02-28,73.26,73.35,72.305,73.002,73.31,73.4,72.355,73.088,0.086,2.77
2025-03-03,73.345,73.65,71.155,71.447,73.395,73.7,71.205,71.533,0.086,18.2
2025-03-04,71.277,71.33,69.735,71.072,71.363,71.38,69.785,71.158,0.086,4.55
2025-03-05,70.947,71.145,68.315,69.347,71.023,71.195,68.365,69.433,0.086,4.91
2025-03-06,69.427,69.87,68.72,69.397,69.513,69.92,68.77,69.483,0.086,3.88
2025-03-07,69.362,71.375,69.285,70.322,69.448,71.425,69.335,70.408,0.086,4.28
2025-03-10,69.842,70.845,69.035,69.16,69.928,70.895,69.085,69.21,0.05,3.27
2025-03-11,68.992,70.405,68.61,69.87,69.078,70.455,68.66,69.92,0.05,3.74
2025-03-12,69.917,71.075,69.455,70.945,70.003,71.125,69.505,70.995,0.05,3.19
2025-03-13,70.927,71.225,69.665,70.055,71.013,71.275,69.715,70.105,0.05,3.61
2025-03-14,70.092,70.725,69.915,70.575,70.178,70.775,69.965,70.625,0.05,2.79
2025-03-17,71.032,71.775,70.675,70.955,71.118,71.825,70.725,71.005,0.05,2.9
2025-03-18,70.867,72.165,70.256,70.365,70.953,72.215,70.306,70.415,0.05,3.37
2025-03-19,70.427,71.21,69.885,70.89,70.513,71.26,69.935,70.94,0.05,3.08
2025-03-20,70.912,72.275,70.515,72.265,70.998,72.325,70.565,72.315,0.05,3.41
2025-03-21,72.332,72.475,71.495,72.14,72.418,72.548,71.545,72.19,0.05,3.1
2025-03-24,72.232,73.145,71.785,73.035,72.318,73.195,71.835,73.085,0.05,2.91
2025-03-25,73.047,73.545,72.485,73.17,73.133,73.595,72.535,73.22,0.05,2.44
2025-03-26,73.237,74.15,73.08,74.03,73.323,74.2,73.13,74.08,0.05,2.17
2025-03-27,73.857,74.04,73.21,73.965,73.943,74.09,73.26,74.015,0.05,2.11
2025-03-28,73.277,73.45,72.367,72.425,73.363,73.5,72.376,72.475,0.05,3.21
2025-03-31,72.827,75.015,72.255,74.642,72.913,75.065,72.305,74.728,0.086,3.27
2025-04-01,74.637,75.265,74.315,74.367,74.723,75.315,74.365,74.453,0.086,3.85
2025-04-02,74.505,75.422,73.667,73.767,74.555,75.508,73.753,73.853,0.086,4.38
2025-04-03,72.755,73.375,69.465,69.817,72.805,73.425,69.515,69.903,0.086,6.29
2025-04-04,69.927,70.09,64.015,65.932,70.013,70.14,64.065,66.018,0.086,48.23
2025-04-07,63.34,67.375,62.473,64.348,63.39,67.452,62.541,64.458,0.11,159.88
2025-04-08,64.538,65.185,61.335,61.507,64.611,65.235,61.385,61.593,0.086,10.64
2025-04-09,61.225,65.99,58.348,65.703,61.275,66.04,58.426,65.813,0.11,154.0
2025-04-10,65.93,66.06,62.0,63.453,65.98,66.11,62.036,63.563,0.11,97.65
2025-04-11,63.08,65.035,62.723,64.672,63.13,65.085,62.796,64.758,0.086,79.21
2025-04-14,64.585,65.875,64.023,64.853,64.586,65.925,64.075,64.953,0.1,39.19
2025-04-15,65.02,65.375,64.158,64.843,65.07,65.425,64.236,64.943,0.1,32.86
2025-04-16,64.807,66.285,63.748,65.898,64.857,66.335,63.825,66.008,0.11,41.25
2025-04-17,66.315,68.115,65.908,67.593,66.365,68.165,65.975,67.703,0.11,35.0
2025-04-21,66.998,67.36,65.613,66.453,67.103,67.41,65.691,66.563,0.11,30.26
2025-04-22,66.76,68.015,66.488,67.287,66.81,68.065,66.57,67.373,0.086,13.32
2025-04-23,68.03,68.625,65.27,66.077,68.08,68.675,65.32,66.163,0.086,2.91
2025-04-24,66.095,66.98,65.795,66.467,66.145,67.03,65.845,66.553,0.086,2.32
2025-04-25,66.575,67.132,65.535,66.937,66.625,67.218,65.585,67.023,0.086,2.15
2025-04-28,65.915,66.23,64.215,64.562,65.916,66.28,64.265,64.648,0.086,2.92
2025-04-29,64.725,64.795,62.967,62.967,64.775,64.845,63.053,63.053,0.086,3.4
2025-04-30,63.145,63.305,60.745,61.062,63.195,63.355,60.795,61.148,0.086,4.06
2025-05-01,61.265,62.345,59.295,61.817,61.315,62.395,59.345,61.903,0.086,4.06
2025-05-02,61.777,62.695,60.66,61.402,61.843,62.745,60.71,61.488,0.086,3.73
2025-05-05,59.0,60.75,58.83,60.302,59.016,60.8,58.88,60.386,0.084,3.05
2025-05-06,60.214,62.775,60.15,61.977,60.306,62.825,60.2,62.063,0.086,3.59
2025-05-07,62.465,63.19,60.84,60.922,62.515,63.24,60.89,61.008,0.086,3.15
2025-05-08,61.067,63.152,60.985,63.152,61.133,63.238,61.035,63.238,0.086,3.04
2025-05-09,63.047,64.235,62.825,63.872,63.126,64.285,62.875,63.958,0.086,2.78
2025-05-12,64.19,66.365,63.865,64.897,64.24,66.415,63.915,64.983,0.086,2.6
2025-05-13,64.902,66.785,64.588,66.504,64.988,66.835,64.66,66.588,0.084,2.56
2025-05-14,66.537,66.575,65.642,65.772,66.623,66.625,65.728,65.858,0.086,2.56
2025-05-15,65.28,65.327,63.42,64.547,65.33,65.383,63.47,64.633,0.086,2.87
2025-05-16,64.692,65.525,64.16,65.357,64.778,65.575,64.21,65.443,0.086,2.21
2025-05-19,65.487,65.985,64.41,65.487,65.573,66.035,64.46,65.573,0.086,2.75
2025-05-20,65.572,65.975,64.845,65.577,65.658,66.025,64.895,65.663,0.086,2.7
2025-05-21,66.237,66.615,64.582,64.604,66.303,66.665,64.655,64.688,0.084,3.34
2025-05-22,64.624,65.015,63.51,64.024,64.716,65.065,63.56,64.103,0.079,3.27
2025-05-23,63.984,65.015,63.3,64.962,64.076,65.065,63.35,65.048,0.086,2.95
2025-05-26,65.112,65.295,64.495,64.78,65.198,65.345,64.545,64.83,0.05,1.18
2025-05-27,64.697,65.115,63.485,64.287,64.747,65.165,63.535,64.373,0.086,2.27
2025-05-28,63.855,65.02,63.495,64.272,63.905,65.07,63.545,64.358,0.086,2.44
2025-05-29,64.645,65.47,63.105,63.322,64.695,65.52,63.155,63.408,0.086,2.9
2025-05-30,63.227,64.065,62.053,62.637,63.313,64.115,62.125,62.723,0.086,3.51
2025-06-02,63.887,65.685,63.83,65.057,63.973,65.735,63.88,65.143,0.086,3.05
2025-06-03,65.137,65.925,64.495,65.537,65.203,65.975,64.545,65.623,0.086,2.87
2025-06-04,65.512,65.925,64.255,64.807,65.598,65.975,64.305,64.893,0.086,2.7
2025-06-05,64.71,65.825,64.588,65.202,64.76,65.907,64.66,65.288,0.086,2.9
2025-06-06,65.182,66.645,64.805,66.582,65.268,66.695,64.855,66.668,0.086,2.29
2025-06-09,66.447,67.105,66.055,67.067,66.533,67.177,66.105,67.153,0.086,1.69
2025-06-10,67.09,67.965,66.465,66.547,67.14,68.015,66.515,66.633,0.086,2.39
2025-06-11,66.62,69.945,66.428,69.882,66.67,69.995,66.505,69.968,0.086,3.34
2025-06-12,70.145,70.235,68.35,70.212,70.195,70.308,68.4,70.298,0.086,3.56
2025-06-13,70.51,78.475,70.46,74.502,70.56,78.532,70.528,74.588,0.086,11.8
2025-06-16,75.567,75.632,70.615,72.947,75.653,75.682,70.717,73.033,0.086,5.46
2025-06-17,74.265,77.072,72.635,76.867,74.315,77.158,72.685,76.953,0.086,5.62
2025-06-18,76.87,77.425,74.425,76.217,76.92,77.475,74.5,76.303,0.086,6.3
2025-06-19,76.457,79.01,75.65,78.695,76.513,79.06,75.7,78.745,0.05,3.03
2025-06-20,77.382,77.635,75.507,77.207,77.468,77.685,75.583,77.293,0.086,4.37
2025-06-23,78.95,79.335,69.478,70.082,79.0,79.385,69.612,70.168,0.086,7.04
2025-06-24,68.668,70.175,66.805,67.747,68.753,70.225,66.855,67.833,0.086,4.6
2025-06-25,67.877,68.75,67.305,67.577,67.953,68.8,67.355,67.663,0.086,1.96
2025-06-26,67.697,69.015,67.36,67.757,67.753,69.065,67.41,67.843,0.086,1.81
2025-06-27,66.845,67.285,66.105,66.352,66.895,67.335,66.155,66.438,0.086,2.09
2025-06-30,66.13,67.175,65.905,66.552,66.18,67.225,65.955,66.638,0.086,1.98
2025-07-01,66.545,67.475,66.315,67.182,66.595,67.525,66.365,67.268,0.086,1.82
2025-07-02,67.067,69.185,66.925,69.087,67.153,69.235,66.975,69.173,0.086,2.0
2025-07-03,68.882,69.125,68.31,68.847,68.968,69.175,68.36,68.933,0.086,1.78
2025-07-04,68.822,68.865,67.725,68.45,68.908,68.915,67.775,68.5,0.05,1.12
2025-07-07,67.7,69.92,67.315,69.517,67.75,69.97,67.365,69.603,0.086,1.92
2025-07-08,69.397,70.655,69.038,69.957,69.483,70.705,69.095,70.043,0.086,1.87
2025-07-09,69.877,70.685,69.595,70.092,69.963,70.735,69.645,70.178,0.086,1.82
2025-07-10,70.017,70.445,68.525,68.797,70.067,70.527,68.575,68.883,0.086,2.15
2025-07-11,68.81,70.652,68.535,70.632,68.86,70.738,68.585,70.718,0.086,1.92
2025-07-14,70.495,71.505,69.012,69.022,70.545,71.555,69.098,69.108,0.086,2.2
2025-07-15,69.145,69.395,68.563,68.822,69.195,69.445,68.635,68.908,0.086,2.01
2025-07-16,68.97,69.065,67.7,68.657,69.02,69.115,67.75,68.743,0.086,3.95
2025-07-17,68.732,69.605,68.255,69.542,68.818,69.662,68.305,69.628,0.086,1.76
2025-07-18,69.517,70.755,69.125,69.187,69.603,70.805,69.175,69.273,0.086,2.16
2025-07-21,69.317,69.605,68.41,68.987,69.403,69.655,68.46,69.073,0.086,2.04
2025-07-22,69.08,69.1,68.11,68.712,69.13,69.15,68.16,68.798,0.086,2.15
2025-07-23,68.837,69.047,67.985,68.622,68.903,69.103,68.026,68.708,0.086,2.19
2025-07-24,68.705,69.515,68.475,69.277,68.755,69.565,68.525,69.363,0.086,2.2
2025-07-25,69.332,69.83,68.262,68.337,69.418,69.88,68.348,68.423,0.086,1.95
2025-07-28,68.585,70.43,68.543,70.242,68.635,70.48,68.6,70.328,0.086,1.82
2025-07-29,69.512,72.185,69.158,71.747,69.598,72.235,69.215,71.833,0.086,2.35
2025-07-30,71.637,72.81,70.905,72.647,71.723,72.86,70.955,72.733,0.086,2.68
2025-07-31,72.727,72.805,70.985,71.767,72.823,72.855,71.035,71.853,0.086,1.97
2025-08-01,71.81,71.962,69.377,69.477,71.86,72.012,69.45,69.563,0.086,2.87
2025-08-04,69.275,69.955,68.025,68.667,69.325,70.005,68.026,68.753,0.086,2.37
2025-08-05,68.75,68.855,67.505,67.632,68.8,68.905,67.555,67.718,0.086,2.11
2025-08-06,67.72,69.15,66.2,66.737,67.77,69.2,66.25,66.823,0.086,2.58
2025-08-07,66.827,67.64,66.247,66.312,66.913,67.69,66.305,66.398,0.086,2.14
2025-08-08,66.345,67.185,65.515,66.082,66.395,67.235,65.565,66.168,0.086,2.44
2025-08-11,66.157,67.095,65.748,66.647,66.243,67.145,65.835,66.733,0.086,1.8
2025-08-12,66.772,67.04,65.965,66.067,66.858,67.09,66.015,66.153,0.086,2.21
2025-08-13,66.127,66.3,64.99,65.722,66.213,66.35,65.04,65.808,0.086,2.01
2025-08-14,65.747,66.965,65.555,66.792,65.833,67.015,65.605,66.878,0.086,1.89
2025-08-15,66.845,67.03,65.715,66.102,66.895,67.08,65.765,66.188,0.086,1.8
2025-08-18,65.525,66.795,65.29,66.452,65.575,66.845,65.34,66.538,0.086,1.87
2025-08-19,66.512,66.555,65.585,65.937,66.598,66.605,65.635,66.023,0.086,1.82
2025-08-20,66.035,67.035,65.793,66.902,66.085,67.108,65.86,66.988,0.086,1.86
2025-08-21,66.97,67.775,66.723,67.562,67.02,67.825,66.775,67.648,0.086,1.87
2025-08-22,67.547,67.97,67.395,67.772,67.633,68.02,67.436,67.858,0.086,2.29
2025-08-25,67.742,69.04,67.545,68.717,67.828,69.09,67.595,68.803,0.086,1.35
2025-08-26,68.692,68.715,67.09,67.257,68.778,68.778,67.14,67.343,0.086,1.49
2025-08-27,66.865,67.485,66.355,67.167,66.915,67.535,66.405,67.253,0.086,1.8
2025-08-28,67.12,68.045,66.768,67.627,67.17,68.095,66.84,67.713,0.086,1.88
2025-08-29,67.547,67.905,67.275,67.402,67.633,67.955,67.325,67.488,0.086,1.55
2025-09-01,67.4,68.335,67.088,68.135,67.45,68.385,67.145,68.185,0.05,1.07
2025-09-02,68.15,69.505,68.043,69.062,68.2,69.555,68.095,69.148,0.086,2.38
2025-09-03,69.08,69.215,67.322,67.342,69.13,69.272,67.392,67.412,0.07,8.21
2025-09-04,67.385,67.39,66.325,66.802,67.435,67.44,66.375,66.872,0.07,11.83
2025-09-05,66.797,67.025,65.052,65.562,66.847,67.075,65.102,65.648,0.086,13.17
2025-09-08,65.895,67.015,65.715,66.167,65.945,67.065,65.765,66.242,0.075,10.47
2025-09-09,66.202,67.35,66.105,66.487,66.252,67.4,66.155,66.557,0.07,11.43
2025-09-10,66.765,67.755,66.645,67.532,66.815,67.805,66.695,67.602,0.07,10.33
2025-09-11,67.57,67.595,66.132,66.222,67.62,67.645,66.182,66.297,0.075,9.47
2025-09-12,66.185,68.145,65.685,66.837,66.235,68.195,65.735,66.923,0.086,12.63
2025-09-15,66.89,67.8,66.882,67.407,66.94,67.85,66.932,67.482,0.075,7.99
2025-09-16,67.455,68.67,66.985,68.457,67.505,68.72,67.026,68.522,0.065,9.69
2025-09-17,68.527,68.57,67.605,67.852,68.603,68.62,67.655,67.922,0.07,9.89
2025-09-18,67.99,68.395,67.172,67.457,68.04,68.445,67.222,67.532,0.075,10.73
2025-09-19,67.43,67.55,66.417,66.592,67.48,67.6,66.467,66.678,0.086,9.39
2025-09-22,66.805,67.285,65.922,66.557,66.855,67.335,65.972,66.622,0.065,8.07
2025-09-23,66.59,68.055,66.08,67.817,66.64,68.105,66.13,67.887,0.07,9.85
2025-09-24,67.86,69.345,67.492,69.097,67.91,69.395,67.542,69.167,0.07,8.87
2025-09-25,69.017,69.66,68.42,69.577,69.103,69.713,68.47,69.663,0.086,3.56
2025-09-26,68.755,69.845,68.262,68.697,68.805,69.895,68.312,68.783,0.086,11.78
2025-09-29,68.614,68.918,66.662,66.742,68.706,68.972,66.712,66.812,0.07,24.59
2025-09-30,66.683,66.815,65.622,66.042,66.737,66.865,65.672,66.117,0.075,15.33
2025-10-01,66.155,66.545,65.058,65.357,66.205,66.595,65.076,65.432,0.075,14.88
2025-10-02,65.407,66.117,63.982,64.257,65.457,66.167,64.032,64.322,0.065,15.99
2025-10-03,64.32,64.99,64.192,64.327,64.37,65.04,64.242,64.413,0.086,13.32
2025-10-06,65.272,65.75,64.742,65.447,65.322,65.8,64.792,65.517,0.07,34.18
2025-10-07,65.478,65.815,64.52,65.692,65.532,65.865,64.57,65.767,0.075,41.29
2025-10-08,65.782,66.515,65.742,65.998,65.852,66.565,65.792,66.072,0.074,35.49
2025-10-09,65.781,66.552,64.935,65.162,65.782,66.602,64.992,65.232,0.07,42.02
2025-10-10,65.227,65.335,62.092,62.117,65.277,65.385,62.162,62.203,0.086,76.14
2025-10-13,63.398,63.935,63.052,63.342,63.452,63.985,63.102,63.412,0.07,49.57
2025-10-14,63.473,63.605,61.482,62.202,63.527,63.655,61.532,62.272,0.07,60.06
2025-10-15,62.31,63.01,61.762,62.397,62.36,63.06,61.812,62.462,0.065,51.35
2025-10-16,62.413,62.725,60.822,60.977,62.467,62.775,60.872,61.047,0.07,56.3
2025-10-17,60.973,61.445,60.122,61.327,61.027,61.495,60.172,61.413,0.086,58.57
2025-10-20,61.015,61.195,60.052,60.857,61.065,61.245,60.102,60.927,0.07,40.67
2025-10-21,60.92,62.065,60.332,61.588,60.97,62.115,60.382,61.642,0.054,34.48
2025-10-22,61.59,63.895,61.352,63.488,61.64,63.945,61.402,63.542,0.054,29.48
2025-10-23,64.27,66.323,63.842,65.883,64.32,66.373,63.892,65.937,0.054,15.48
2025-10-24,65.805,66.755,65.4,65.802,65.855,66.805,65.45,65.888,0.086,9.09
2025-10-27,66.373,66.468,65.042,65.847,66.427,66.522,65.092,65.897,0.05,10.14
2025-10-28,65.537,65.745,63.985,64.43,65.623,65.795,64.035,64.48,0.05,8.18
2025-10-29,63.878,64.685,63.362,64.205,63.927,64.735,63.412,64.255,0.05,41.16
2025-10-30,64.117,64.515,63.455,64.025,64.167,64.565,63.505,64.075,0.05,47.52
2025-10-31,64.012,65.125,63.795,64.64,64.072,65.175,63.845,64.69,0.05,45.03
2025-11-03,65.037,65.3,64.315,64.812,65.102,65.35,64.365,64.887,0.075,35.26
2025-11-04,64.71,64.785,63.805,64.287,64.76,64.835,63.855,64.357,0.07,36.84
2025-11-05,64.19,64.92,63.412,63.497,64.24,64.97,63.462,63.572,0.075,39.32
2025-11-06,63.527,64.305,62.822,63.422,63.613,64.355,62.872,63.497,0.075,44.95
2025-11-07,63.565,64.375,63.205,63.642,63.615,64.425,63.255,63.728,0.086,39.94
2025-11-10,63.787,64.295,63.312,63.917,63.852,64.345,63.362,63.987,0.07,32.85
2025-11-11,63.92,65.275,63.592,65.113,63.97,65.325,63.642,65.167,0.054,19.85
2025-11-12,65.077,65.1,62.552,62.703,65.127,65.15,62.602,62.757,0.054,7.9
2025-11-13,62.548,63.425,62.32,62.863,62.597,63.475,62.37,62.917,0.054,7.46
2025-11-14,63.392,64.855,63.382,64.202,63.478,64.905,63.432,64.288,0.086,10.18
2025-11-17,63.853,64.695,63.647,63.973,63.907,64.745,63.697,64.027,0.054,6.47
2025-11-18,63.975,65.055,63.592,64.763,64.025,65.105,63.642,64.817,0.054,11.24
2025-11-19,64.712,64.83,62.845,63.638,64.762,64.88,62.895,63.692,0.054,9.41
2025-11-20,63.707,64.37,62.922,63.093,63.757,64.42,62.972,63.147,0.054,9.5
2025-11-21,62.965,63.08,61.852,62.432,63.015,63.13,61.902,62.518,0.086,9.65
2025-11-24,62.317,63.532,61.92,63.323,62.367,63.582,61.97,63.377,0.054,5.72
2025-11-25,63.345,63.345,61.575,62.547,63.395,63.395,61.625,62.633,0.086,5.11
2025-11-26,61.907,62.585,61.512,62.387,61.993,62.635,61.562,62.457,0.07,36.2
2025-11-27,62.392,62.935,62.122,62.91,62.462,62.985,62.172,62.96,0.05,14.18
2025-11-28,62.787,63.365,62.107,62.292,62.862,63.415,62.157,62.342,0.05,20.93
2025-12-01,62.977,63.8,62.712,63.272,63.052,63.85,62.762,63.337,0.065,35.38
2025-12-02,63.297,63.33,62.195,62.342,63.347,63.38,62.196,62.417,0.075,47.3
2025-12-03,62.407,63.345,62.198,62.747,62.463,63.395,62.206,62.822,0.075,31.08
2025-12-04,62.71,63.595,62.505,63.287,62.76,63.645,62.555,63.352,0.065,31.01
2025-12-05,63.235,64.065,63.042,63.742,63.285,64.115,63.092,63.828,0.086,28.99
2025-12-08,63.675,63.935,62.312,62.442,63.725,63.985,62.362,62.512,0.07,31.18
2025-12-09,62.51,62.755,61.812,62.057,62.56,62.805,61.862,62.127,0.07,28.94
2025-12-10,62.022,62.705,61.345,62.622,62.087,62.755,61.395,62.692,0.07,34.77
2025-12-11,62.41,62.61,60.742,61.563,62.46,62.66,60.792,61.617,0.054,23.01
2025-12-12,61.55,61.835,60.792,61.172,61.6,61.885,60.842,61.258,0.086,5.79
2025-12-15,61.328,61.475,60.105,60.373,61.382,61.525,60.155,60.427,0.054,7.82
2025-12-16,60.362,60.365,58.692,58.838,60.412,60.415,58.742,58.892,0.054,7.91
2025-12-17,59.307,60.648,59.24,60.583,59.357,60.702,59.29,60.637,0.054,13.02
2025-12-18,60.595,60.647,59.522,59.718,60.645,60.697,59.572,59.772,0.054,6.58
2025-12-19,59.69,60.625,59.382,60.472,59.74,60.675,59.432,60.558,0.086,5.52
2025-12-22,60.868,62.145,60.822,61.998,60.922,62.195,60.872,62.052,0.054,5.43
2025-12-23,61.902,62.285,61.715,62.27,61.952,62.335,61.765,62.32,0.05,2.32
2025-12-24,61.922,62.195,61.535,61.805,62.008,62.245,61.585,61.855,0.05,13.7
2025-12-26,61.847,62.235,60.132,60.422,61.933,62.285,60.182,60.508,0.086,26.96
2025-12-29,60.632,61.705,60.572,61.187,60.718,61.755,60.622,61.262,0.075,27.34
2025-12-30,61.145,61.865,60.97,61.307,61.195,61.915,61.02,61.377,0.07,24.23
2025-12-31,61.297,61.905,60.802,60.842,61.363,61.955,60.826,60.892,0.05,19.52
2026-01-02,60.842,61.34,59.985,60.777,60.892,61.39,60.035,60.863,0.086,30.37
2026-01-05,60.777,61.865,59.732,61.772,60.863,61.915,59.782,61.837,0.065,39.26
2026-01-06,61.772,62.305,60.382,60.502,61.837,62.355,60.432,60.567,0.065,50.5
2026-01-07,60.502,60.905,59.792,60.353,60.567,60.955,59.842,60.407,0.054,49.12
2026-01-08,60.353,62.998,59.942,62.698,60.407,63.052,59.992,62.752,0.054,12.16
2026-01-09,62.698,63.905,61.812,62.977,62.752,63.955,61.862,63.063,0.086,10.34
2026-01-12,62.977,64.268,62.732,64.198,63.063,64.322,62.782,64.252,0.054,13.25
2026-01-13,64.198,65.895,63.817,65.393,64.252,65.945,63.867,65.447,0.054,15.57
2026-01-14,65.393,66.795,63.452,65.528,65.447,66.845,63.502,65.582,0.054,40.39
2026-01-15,65.528,65.528,63.258,63.783,65.582,65.582,63.308,63.837,0.054,15.76
2026-01-16,63.783,64.75,63.42,63.982,63.837,64.8,63.47,64.068,0.086,8.92
2026-01-19,63.982,64.365,63.255,64.137,64.068,64.415,63.305,64.223,0.086,1.45
2026-01-20,64.137,65.105,63.365,63.873,64.223,65.155,63.415,63.927,0.054,12.7
2026-01-21,63.873,65.385,63.597,65.263,63.927,65.435,63.647,65.317,0.054,11.7
2026-01-22,65.263,65.355,63.542,64.343,65.317,65.405,63.592,64.397,0.054,9.11
2026-01-23,64.343,66.208,64.267,66.147,64.397,66.262,64.317,66.233,0.086,8.76
2026-01-26,66.147,66.515,65.28,65.703,66.233,66.565,65.33,65.757,0.054,10.03
2026-01-27,65.703,67.76,64.982,67.497,65.757,67.81,65.032,67.583,0.086,3.98
2026-01-28,67.497,67.612,66.122,67.587,67.583,67.698,66.172,67.673,0.086,20.35
2026-01-29,67.587,70.555,67.52,69.637,67.673,70.605,67.57,69.723,0.086,6.52
2026-01-30,69.637,70.195,67.77,69.772,69.723,70.245,67.82,69.858,0.086,6.52
2026-02-02,69.772,69.772,65.418,66.427,69.858,69.858,65.485,66.513,0.086,6.01
2026-02-03,66.427,68.25,65.153,67.952,66.513,68.3,65.225,68.038,0.086,6.87
2026-02-04,67.952,69.73,66.965,68.697,68.038,69.78,67.015,68.783,0.086,7.42
2026-02-05,68.697,68.92,66.91,67.347,68.783,68.97,66.96,67.433,0.086,4.96
2026-02-06,67.347,68.805,66.533,67.867,67.433,68.855,66.6,67.953,0.086,6.39
2026-02-09,67.867,69.42,67.135,69.077,67.953,69.47,67.185,69.163,0.086,3.22
2026-02-10,69.077,69.455,68.47,68.972,69.163,69.505,68.52,69.058,0.086,3.12
2026-02-11,68.972,70.695,68.972,69.617,69.058,70.745,69.04,69.703,0.086,4.92
2026-02-12,69.617,69.825,67.07,67.537,69.703,69.875,67.121,67.623,0.086,4.26
2026-02-13,67.537,68.035,66.87,67.597,67.623,68.085,66.92,67.683,0.086,4.94
2026-02-16,67.597,68.735,67.305,68.547,67.683,68.785,67.355,68.633,0.086,2.11
2026-02-17,68.547,69.02,66.805,67.342,68.633,69.07,66.855,67.428,0.086,5.07
2026-02-18,67.342,70.665,67.337,70.177,67.428,70.715,67.39,70.263,0.086,4.17
2026-02-19,70.177,72.042,70.16,71.892,70.263,72.118,70.21,71.978,0.086,5.57
2026-02-20,71.892,72.315,71.048,71.587,71.978,72.365,71.098,71.673,0.086,8.34
2026-02-23,71.587,72.475,70.75,71.417,71.673,72.525,70.8,71.503,0.086,2.24
2026-02-24,71.417,72.225,70.695,71.227,71.503,72.275,70.745,71.313,0.086,2.56
2026-02-25,71.227,71.565,70.245,70.842,71.313,71.615,70.295,70.928,0.086,3.31
2026-02-26,70.842,72.335,69.178,70.997,70.928,72.385,69.228,71.083,0.086,6.0
2026-02-27,70.997,73.52,70.42,73.127,71.083,73.57,70.47,73.213,0.086,5.37
2026-03-02,73.127,80.24,73.127,77.667,73.213,80.29,73.213,77.753,0.086,12.13
2026-03-03,77.667,85.085,77.667,81.852,77.753,85.135,77.753,81.938,0.086,27.85
2026-03-04,81.852,84.455,80.27,82.477,81.938,84.505,80.32,82.563,0.086,19.78
2026-03-05,82.477,86.25,81.513,83.987,82.563,86.3,81.58,84.073,0.086,19.42
2026-03-06,83.987,94.492,83.15,93.013,84.073,94.542,83.2,93.067,0.054,25.71
2026-03-09,108.173,119.447,83.833,88.645,108.327,119.563,83.928,88.695,0.05,258.23
2026-03-10,93.008,94.97,81.167,90.897,93.162,95.102,81.24,90.953,0.056,90.79
2026-03-11,90.708,93.13,86.223,92.97,90.783,93.18,86.278,93.02,0.05,48.81
2026-03-12,96.557,101.777,95.195,101.195,96.683,101.832,95.245,101.245,0.05,42.66
2026-03-13,101.558,103.885,97.677,103.797,101.692,103.935,97.743,103.853,0.056,23.57
2026-03-16,103.867,106.405,99.565,100.855,103.953,106.472,99.615,100.905,0.05,18.55
2026-03-17,101.457,104.95,100.845,103.57,101.593,105.0,100.895,103.62,0.05,11.23
2026-03-18,103.537,111.86,100.32,110.935,103.683,111.91,100.37,110.985,0.05,19.88
2026-03-19,109.843,119.105,103.747,107.797,109.977,119.155,103.803,107.847,0.05,315.68
2026-03-20,106.918,113.08,105.035,112.49,107.093,113.13,105.085,112.54,0.05,23.97
2026-03-23,112.037,114.325,96.168,100.287,112.123,114.392,96.312,100.337,0.05,209.66
2026-03-24,100.747,104.975,98.147,99.957,100.867,105.025,98.223,100.007,0.05,24.13
2026-03-25,100.302,103.345,97.107,103.077,100.388,103.395,97.173,103.133,0.056,4.54
2026-03-26,102.787,109.027,102.787,106.697,102.903,109.083,102.867,106.763,0.066,3.63
2026-03-27,100.477,106.925,99.217,106.817,100.563,106.975,99.293,106.903,0.086,31.4
2026-03-30,108.443,109.415,106.303,108.677,108.577,109.465,106.447,108.803,0.126,246.19
2026-03-31,109.323,109.96,102.647,103.257,109.477,110.01,102.733,103.343,0.086,81.3
2026-04-01,103.523,105.91,98.447,100.317,103.657,105.96,98.503,100.403,0.086,25.49
2026-04-02,100.427,109.69,99.145,109.022,100.513,109.74,99.195,109.108,0.086,39.38
2026-04-06,111.578,111.62,106.835,109.622,111.732,111.732,106.885,109.708,0.086,18.62
2026-04-07,110.053,111.775,104.778,105.407,110.207,111.825,104.922,105.493,0.086,48.93
2026-04-08,93.747,97.18,90.385,96.167,93.823,97.233,90.435,96.253,0.086,40.38
2026-04-09,97.007,99.475,94.34,96.417,97.073,99.525,94.39,96.503,0.086,16.11
2026-04-10,96.603,98.225,94.217,94.387,96.743,98.275,94.273,94.473,0.086,12.39
2026-04-13,103.023,103.47,97.538,98.047,103.157,103.527,97.65,98.133,0.086,15.06
2026-04-14,97.213,99.385,94.41,95.132,97.367,99.435,94.46,95.218,0.086,9.93
2026-04-15,94.157,96.84,93.93,94.877,94.253,96.89,93.98,94.963,0.086,7.64
2026-04-16,94.597,99.775,94.42,97.962,94.683,99.825,94.47,98.048,0.086,5.4
2026-04-17,98.297,98.935,86.043,91.947,98.353,98.985,86.12,92.033,0.086,28.83
2026-04-20,96.642,96.935,92.741,94.227,96.728,96.985,92.791,94.313,0.086,16.86
2026-04-21,94.458,101.12,93.85,99.172,94.592,101.202,93.9,99.258,0.086,23.47
2026-04-22,99.257,102.285,96.525,101.752,99.323,102.335,96.575,101.838,0.086,13.71
2026-04-23,101.557,107.355,101.303,106.407,101.623,107.406,101.353,106.493,0.086,15.25
2026-04-24,106.13,107.44,103.405,106.177,106.18,107.49,103.455,106.263,0.086,3.4
2026-04-27,101.228,102.595,99.567,101.862,101.282,102.645,99.617,101.932,0.07,98.93
2026-04-28,101.802,105.8,101.665,104.267,101.888,105.867,101.715,104.377,0.11,20.52
2026-04-29,103.882,111.932,103.297,111.857,103.968,112.018,103.347,111.943,0.086,13.44
2026-04-30,111.163,114.665,107.085,111.147,111.317,114.715,107.135,111.233,0.086,27.72
2026-05-01,111.378,112.405,106.238,108.777,111.532,112.455,106.32,108.863,0.086,22.83
2026-05-04,108.108,115.208,106.473,113.812,108.242,115.332,106.565,113.898,0.086,42.0
2026-05-05,113.788,114.405,109.578,110.467,113.942,114.455,109.645,110.553,0.086,14.8
2026-05-06,107.648,108.997,96.745,101.962,107.802,109.047,96.795,102.048,0.086,38.03
2026-05-07,101.847,103.347,96.095,103.017,101.927,103.433,96.145,103.103,0.086,30.61
2026-05-08,102.443,102.907,99.55,100.553,102.577,102.963,99.6,100.607,0.054,15.22
2026-05-11,104.853,105.962,102.8,104.292,104.987,106.012,102.85,104.378,0.086,11.02
2026-05-12,104.283,108.415,104.228,107.412,104.417,108.465,104.363,107.498,0.086,10.71
2026-05-13,107.363,108.25,105.277,105.562,107.497,108.3,105.363,105.648,0.086,8.94
2026-05-14,105.533,107.1,103.858,106.582,105.667,107.15,103.92,106.668,0.086,10.96
2026-05-15,106.523,109.725,106.245,109.167,106.657,109.787,106.295,109.253,0.086,12.71
2026-05-18,110.433,112.695,106.953,109.277,110.567,112.745,107.033,109.363,0.086,45.1
2026-05-19,109.013,111.765,108.988,110.947,109.167,111.815,109.053,111.033,0.086,14.14
2026-05-20,110.868,111.47,103.223,105.452,111.022,111.52,103.367,105.538,0.086,54.69
2026-05-21,105.158,109.245,102.123,104.877,105.292,109.295,102.21,104.963,0.086,28.55
2026-05-22,104.593,106.34,101.348,103.917,104.727,106.422,101.437,104.003,0.086,19.29
2026-05-25,98.658,99.59,95.883,96.185,98.792,99.64,95.985,96.235,0.05,8.1
2026-05-26,97.277,100.717,97.257,99.717,97.353,100.767,97.323,99.803,0.086,4.71
2026-05-27,96.407,96.417,91.933,92.877,96.493,96.493,92.035,92.963,0.086,19.87
2026-05-28,93.627,95.95,91.59,92.397,93.703,96.002,91.64,92.483,0.086,16.5
2026-05-29,92.217,92.935,89.898,91.587,92.273,93.017,89.97,91.673,0.086,16.57
2026-06-01,92.848,97.74,92.545,95.307,92.982,97.79,92.595,95.393,0.086,25.63
2026-06-02,94.837,96.26,92.808,95.752,94.887,96.317,92.88,95.838,0.086,11.3
2026-06-03,96.533,98.96,96.388,97.847,96.667,99.01,96.522,97.933,0.086,15.78
2026-06-04,97.213,97.397,93.925,95.112,97.347,97.452,93.975,95.198,0.086,13.44
2026-06-05,95.198,95.87,92.613,92.847,95.332,95.92,92.7,92.933,0.086,29.5
2026-06-08,95.368,98.055,93.633,94.152,95.502,98.105,93.69,94.238,0.086,33.62
2026-06-09,94.253,94.407,89.533,91.787,94.387,94.457,89.63,91.902,0.115,44.65
2026-06-10,92.443,94.697,90.755,94.697,92.577,94.783,90.805,94.783,0.086,48.01
2026-06-11,95.023,95.47,88.468,89.092,95.157,95.527,88.533,89.178,0.086,78.79
2026-06-12,88.907,89.845,85.773,86.742,88.963,89.907,85.835,86.828,0.086,43.66
2026-06-15,83.76,84.157,82.363,83.457,83.81,84.207,82.435,83.543,0.086,8.5
2026-06-16,83.607,83.737,78.435,79.447,83.687,83.793,78.485,79.533,0.086,9.26
2026-06-17,79.397,82.048,77.735,78.613,79.463,82.172,77.785,78.723,0.11,128.79
2026-06-18,78.887,80.025,76.518,79.377,78.937,80.075,76.596,79.463,0.086,178.04
2026-06-19,79.14,80.785,78.77,80.34,79.19,80.852,78.82,80.39,0.05,7.8
2026-06-22,81.56,81.675,77.215,77.927,81.61,81.725,77.265,78.013,0.086,12.17
2026-06-23,78.117,78.21,76.378,76.822,78.173,78.26,76.465,76.908,0.086,7.51
2026-06-24,76.547,76.975,73.037,73.127,76.597,77.025,73.095,73.213,0.086,3.4
2026-06-25,73.205,75.82,72.04,74.887,73.255,75.87,72.09,74.973,0.086,6.34
2026-06-26,75.02,75.44,71.893,73.462,75.07,75.49,71.965,73.548,0.086,11.25
2026-06-29,72.915,74.215,72.56,73.612,72.965,74.292,72.61,73.732,0.12,5.46
2026-06-30,73.507,74.82,72.655,73.327,73.567,74.892,72.691,73.437,0.11,6.79
2026-07-01,73.387,73.51,71.008,71.132,73.477,73.577,71.065,71.237,0.105,6.39
2026-07-02,71.177,71.9,70.125,71.542,71.277,71.977,70.175,71.657,0.115,5.86
2026-07-03,71.487,72.465,71.295,71.925,71.587,72.542,71.345,71.975,0.05,3.46
2026-07-06,71.57,72.585,70.968,71.947,71.62,72.657,71.055,72.062,0.115,4.51
2026-07-07,72.107,76.34,72.025,75.837,72.173,76.412,72.075,75.947,0.11,6.33
2026-07-08,76.12,80.565,75.408,79.272,76.17,80.637,75.48,79.377,0.105,23.76
2026-07-09,78.897,79.225,75.533,76.037,78.947,79.302,75.605,76.137,0.1,7.98
2026-07-10,76.127,77.117,75.28,75.987,76.237,77.187,75.33,76.073,0.086,6.66
2026-07-13,78.437,83.817,77.223,83.157,78.542,83.922,77.305,83.272,0.115,11.39
2026-07-14,83.857,87.535,83.378,85.302,83.907,87.607,83.44,85.407,0.105,17.0
2026-07-15,85.047,86.52,83.325,85.607,85.153,86.597,83.375,85.717,0.11,8.68
2026-07-16,85.357,86.225,83.793,84.857,85.447,86.302,83.855,84.967,0.11,8.12
2026-07-17,84.887,88.3,83.69,88.072,84.967,88.377,83.74,88.158,0.086,8.3
2026-07-20,90.665,91.055,86.108,88.897,90.715,91.112,86.16,89.017,0.12,20.55
2026-07-21,88.917,91.96,87.833,91.397,88.967,92.032,87.905,91.512,0.115,10.6
2026-07-22,91.447,95.445,91.297,93.857,91.582,95.522,91.347,93.952,0.095,11.0
