date,bid_open,bid_high,bid_low,bid_close,ask_open,ask_high,ask_low,ask_close,spread_close,volume
2014-01-02,3.4149,3.4219,3.3748,3.3849,3.4171,3.4241,3.3771,3.3871,0.0022,0.09
2014-01-03,3.3838,3.3869,3.3449,3.3498,3.3861,3.3892,3.3471,3.353,0.0032,0.14
2014-01-06,3.3509,3.3629,3.3298,3.3569,3.3532,3.3652,3.332,3.3601,0.0032,0.15
2014-01-07,3.3568,3.365,3.3409,3.3579,3.3592,3.3672,3.343,3.3601,0.0022,0.12
2014-01-08,3.359,3.375,3.3339,3.3428,3.3612,3.3772,3.336,3.3451,0.0023,0.11
2014-01-09,3.3439,3.355,3.2878,3.2908,3.3461,3.3572,3.2902,3.2931,0.0023,0.15
2014-01-10,3.2898,3.345,3.2888,3.342,3.2931,3.3472,3.291,3.3441,0.0021,0.14
2014-01-13,3.354,3.3618,3.3129,3.3439,3.3562,3.3642,3.3152,3.3461,0.0022,0.13
2014-01-14,3.3438,3.3499,3.3198,3.331,3.3472,3.3522,3.3221,3.333,0.002,0.11
2014-01-15,3.3299,3.362,3.3068,3.3518,3.3321,3.3641,3.309,3.354,0.0022,0.12
2014-01-16,3.3528,3.3679,3.3279,3.339,3.355,3.3702,3.3301,3.3411,0.0021,0.11
2014-01-17,3.3379,3.3629,3.3258,3.3418,3.3401,3.3652,3.328,3.3441,0.0023,0.1
2014-01-20,3.3439,3.3549,3.3328,3.3379,3.3461,3.3571,3.335,3.3401,0.0022,0.07
2014-01-21,3.3378,3.3569,3.3139,3.346,3.341,3.3591,3.316,3.3481,0.0021,0.11
2014-01-22,3.345,3.354,3.3219,3.327,3.3471,3.3562,3.324,3.3292,0.0022,0.09
2014-01-23,3.3269,3.337,3.2767,3.2779,3.3301,3.3392,3.279,3.2801,0.0022,0.15
2014-01-24,3.2768,3.299,3.2599,3.2619,3.2791,3.3012,3.2621,3.2641,0.0022,0.12
2014-01-27,3.2609,3.286,3.2527,3.2528,3.264,3.2881,3.255,3.2552,0.0024,0.12
2014-01-28,3.252,3.2719,3.2449,3.2478,3.255,3.2741,3.247,3.2501,0.0023,0.1
2014-01-29,3.2489,3.2679,3.2359,3.249,3.2512,3.2701,3.2381,3.251,0.002,0.1
2014-01-30,3.249,3.258,3.2108,3.2249,3.2522,3.2602,3.213,3.227,0.0021,0.12
2014-01-31,3.2258,3.2289,3.1889,3.192,3.2282,3.2311,3.191,3.1941,0.0021,0.11
2014-02-03,3.1949,3.201,3.1739,3.1779,3.197,3.2032,3.1761,3.1801,0.0022,0.1
2014-02-04,3.1789,3.2049,3.1778,3.193,3.1812,3.2072,3.1801,3.1951,0.0021,0.08
2014-02-05,3.1928,3.215,3.1838,3.1919,3.1963,3.2172,3.1861,3.1941,0.0022,0.07
2014-02-06,3.193,3.243,3.1899,3.225,3.1952,3.246,3.1921,3.2272,0.0022,0.1
2014-02-07,3.2258,3.247,3.2248,3.2438,3.228,3.2492,3.227,3.2461,0.0023,0.1
2014-02-10,3.2429,3.251,3.2138,3.2218,3.2452,3.2532,3.216,3.224,0.0022,0.09
2014-02-11,3.223,3.2319,3.2018,3.224,3.225,3.2341,3.2041,3.2262,0.0022,0.12
2014-02-12,3.2229,3.262,3.2198,3.252,3.2252,3.2642,3.222,3.255,0.003,0.11
2014-02-13,3.2518,3.255,3.2188,3.2469,3.2542,3.2572,3.2211,3.2502,0.0033,0.1
2014-02-14,3.2469,3.269,3.243,3.2609,3.2491,3.2712,3.2452,3.2631,0.0022,0.09
2014-02-17,3.2939,3.2949,3.2738,3.28,3.2962,3.2972,3.276,3.2833,0.0033,0.08
2014-02-18,3.2809,3.288,3.2549,3.2848,3.2831,3.2902,3.2571,3.287,0.0022,0.08
2014-02-19,3.2849,3.3009,3.2727,3.2769,3.2881,3.303,3.275,3.2791,0.0022,0.09
2014-02-20,3.2767,3.287,3.2549,3.281,3.2802,3.2892,3.2571,3.284,0.003,0.12
2014-02-21,3.2809,3.293,3.2688,3.2869,3.2831,3.2952,3.271,3.2891,0.0022,0.07
2014-02-24,3.2868,3.288,3.2248,3.2598,3.289,3.2902,3.227,3.2632,0.0034,0.11
2014-02-25,3.2609,3.2849,3.2328,3.2459,3.263,3.2872,3.235,3.249,0.0031,0.14
2014-02-26,3.2438,3.2739,3.1937,3.1989,3.2495,3.2762,3.198,3.2011,0.0022,0.2
2014-02-27,3.1979,3.213,3.1828,3.2057,3.2001,3.2151,3.1861,3.2091,0.0034,0.13
2014-02-28,3.2058,3.211,3.1768,3.1879,3.2081,3.2131,3.1791,3.1912,0.0033,0.11
2014-03-03,3.1868,3.1959,3.1558,3.172,3.1902,3.1981,3.158,3.1741,0.0021,0.13
2014-03-04,3.1729,3.2209,3.1648,3.2138,3.1751,3.2231,3.167,3.2161,0.0023,0.11
2014-03-05,3.2128,3.23,3.198,3.2028,3.2151,3.2322,3.2,3.2051,0.0023,0.09
2014-03-06,3.2018,3.218,3.1928,3.2148,3.2041,3.2201,3.195,3.217,0.0022,0.09
2014-03-07,3.2139,3.219,3.0768,3.0818,3.2161,3.2212,3.079,3.0852,0.0034,0.17
2014-03-10,3.0089,3.056,3.0073,3.0399,3.011,3.0594,3.011,3.0421,0.0022,0.17
2014-03-11,3.0389,3.0559,2.9408,2.9539,3.0411,3.0581,2.9432,2.9562,0.0023,0.22
2014-03-12,2.9529,2.9799,2.9068,2.9549,2.955,2.9821,2.909,2.957,0.0021,0.27
2014-03-13,2.954,2.976,2.9138,2.9199,2.9561,2.9782,2.916,2.9221,0.0022,0.17
2014-03-14,2.9209,2.9618,2.911,2.9369,2.9231,2.964,2.9132,2.9391,0.0022,0.15
2014-03-17,2.9458,2.984,2.9209,2.9538,2.948,2.9862,2.923,2.9561,0.0023,0.14
2014-03-18,2.9528,2.9909,2.9379,2.9499,2.955,2.9932,2.9402,2.9522,0.0023,0.16
2014-03-19,2.9508,2.997,2.8759,2.992,2.953,2.9992,2.878,2.9941,0.0021,0.26
2014-03-20,2.9909,2.9939,2.9128,2.9319,2.9932,2.9961,2.915,2.934,0.0021,0.23
2014-03-21,2.932,2.979,2.9158,2.9478,2.9351,2.9812,2.9181,2.9511,0.0033,0.15
2014-03-24,2.9489,2.968,2.9209,2.9469,2.9511,2.9702,2.923,2.9492,0.0023,0.17
2014-03-25,2.9459,3.018,2.9388,2.9959,2.9491,3.02,2.941,2.9981,0.0022,0.19
2014-03-26,2.9949,3.012,2.9588,2.971,2.9972,3.0142,2.961,2.973,0.002,0.15
2014-03-27,2.9698,3.001,2.961,2.9939,2.9722,3.0032,2.9631,2.9961,0.0022,0.14
2014-03-28,2.993,3.046,2.9929,3.036,2.9962,3.0491,2.9952,3.0391,0.0031,0.14
2014-03-31,3.0429,3.0479,3.0189,3.033,3.045,3.0501,3.021,3.0352,0.0022,0.11
2014-04-01,3.0329,3.0419,3.0168,3.036,3.0363,3.0441,3.0191,3.038,0.002,0.09
2014-04-02,3.0369,3.073,3.0308,3.0359,3.0391,3.0752,3.033,3.0381,0.0022,0.14
2014-04-03,3.035,3.038,3.007,3.033,3.037,3.0402,3.009,3.0351,0.0021,0.11
2014-04-04,3.0339,3.06,3.0109,3.0219,3.0361,3.0622,3.0132,3.0242,0.0023,0.1
2014-04-07,3.002,3.054,2.9979,3.033,3.0042,3.0562,3.0,3.0351,0.0021,0.09
2014-04-08,3.034,3.062,3.0249,3.0538,3.0361,3.0641,3.027,3.0561,0.0023,0.11
2014-04-09,3.0548,3.056,3.0058,3.0449,3.0571,3.0582,3.0081,3.0471,0.0022,0.11
2014-04-10,3.044,3.0469,3.0208,3.0359,3.0462,3.0492,3.023,3.0381,0.0022,0.14
2014-04-11,3.0368,3.0779,3.0249,3.0399,3.0392,3.0813,3.0271,3.042,0.0021,0.15
2014-04-14,3.0528,3.061,3.0319,3.0408,3.0551,3.0632,3.034,3.0431,0.0023,0.1
2014-04-15,3.0419,3.046,2.9648,2.9889,3.044,3.0482,2.9671,2.9911,0.0022,0.16
2014-04-16,2.9878,3.0608,2.9809,3.0289,2.99,3.063,2.9832,3.031,0.0021,0.16
2014-04-17,3.0299,3.0539,3.0218,3.047,3.032,3.0561,3.024,3.0491,0.0021,0.08
2014-04-21,3.0349,3.0538,3.0308,3.0438,3.037,3.056,3.033,3.046,0.0022,0.07
2014-04-22,3.0449,3.0599,3.0248,3.0549,3.0472,3.0621,3.027,3.0572,0.0023,0.1
2014-04-23,3.0539,3.064,3.0308,3.0548,3.0561,3.0662,3.033,3.0572,0.0024,0.11
2014-04-24,3.056,3.126,3.054,3.1099,3.058,3.1282,3.056,3.1121,0.0022,0.15
2014-04-25,3.111,3.128,3.1018,3.1209,3.113,3.1301,3.104,3.1231,0.0022,0.14
2014-04-28,3.1238,3.138,3.09,3.091,3.1261,3.1402,3.0921,3.093,0.002,0.15
2014-04-29,3.0899,3.094,3.0658,3.0758,3.092,3.0961,3.068,3.0781,0.0023,0.12
2014-04-30,3.077,3.078,3.0166,3.023,3.079,3.0802,3.019,3.0251,0.0021,0.1
2014-05-01,3.0239,3.0328,3.0019,3.0248,3.026,3.0351,3.0041,3.0272,0.0024,0.08
2014-05-02,3.0258,3.077,3.0128,3.0648,3.028,3.0791,3.015,3.0671,0.0023,0.09
2014-05-05,3.0668,3.081,3.0478,3.0529,3.0692,3.0832,3.0501,3.0552,0.0023,0.07
2014-05-06,3.0538,3.065,3.0458,3.0549,3.056,3.0671,3.0481,3.0571,0.0022,0.08
2014-05-07,3.056,3.061,3.0148,3.0348,3.0581,3.0632,3.017,3.0371,0.0023,0.1
2014-05-08,3.0359,3.068,3.0258,3.0599,3.0381,3.0702,3.0281,3.0621,0.0022,0.1
2014-05-09,3.061,3.088,3.0519,3.0839,3.0631,3.0901,3.0541,3.0861,0.0022,0.11
2014-05-12,3.0858,3.154,3.0829,3.1449,3.0882,3.1562,3.0851,3.1471,0.0022,0.16
2014-05-13,3.1439,3.1529,3.1218,3.138,3.146,3.1551,3.124,3.1401,0.0021,0.12
2014-05-14,3.137,3.1769,3.1209,3.1549,3.1392,3.1791,3.123,3.1571,0.0022,0.13
2014-05-15,3.1539,3.1699,3.1398,3.1459,3.156,3.1722,3.142,3.1481,0.0022,0.13
2014-05-16,3.145,3.1579,3.1268,3.1449,3.147,3.1602,3.129,3.1471,0.0022,0.13
2014-05-19,3.1458,3.1829,3.1398,3.1619,3.1491,3.1851,3.142,3.1641,0.0022,0.12
2014-05-20,3.161,3.1759,3.1218,3.141,3.1631,3.1782,3.1241,3.1432,0.0022,0.12
2014-05-21,3.142,3.144,3.0977,3.1239,3.144,3.1462,3.1001,3.1261,0.0022,0.12
2014-05-22,3.1249,3.1539,3.1189,3.1358,3.127,3.1562,3.1212,3.1382,0.0024,0.13
2014-05-23,3.1368,3.1749,3.1349,3.1627,3.1391,3.1772,3.137,3.1662,0.0035,0.1
2014-05-26,3.1648,3.192,3.1636,3.1879,3.1692,3.1941,3.166,3.1902,0.0023,0.06
2014-05-27,3.187,3.187,3.1628,3.1698,3.1891,3.1891,3.1652,3.1722,0.0024,0.09
2014-05-28,3.1709,3.1898,3.1596,3.1689,3.1731,3.1921,3.1631,3.1711,0.0022,0.1
2014-05-29,3.1698,3.1748,3.1367,3.147,3.1722,3.1772,3.1392,3.1491,0.0021,0.09
2014-05-30,3.1478,3.159,3.1199,3.1309,3.15,3.1612,3.1221,3.133,0.0021,0.11
2014-06-02,3.1319,3.172,3.1309,3.1639,3.1342,3.1742,3.1331,3.1662,0.0023,0.08
2014-06-03,3.1629,3.168,3.1268,3.1389,3.1651,3.1701,3.129,3.1411,0.0022,0.1
2014-06-04,3.1378,3.1399,3.0838,3.0879,3.1402,3.1422,3.086,3.0901,0.0022,0.12
2014-06-05,3.0888,3.1069,3.0759,3.0918,3.0911,3.109,3.0781,3.0941,0.0023,0.1
2014-06-06,3.0908,3.0929,3.0248,3.058,3.093,3.095,3.027,3.0601,0.0021,0.15
2014-06-09,3.0509,3.0549,3.0178,3.0439,3.0532,3.0571,3.02,3.0461,0.0022,0.13
2014-06-10,3.0429,3.0588,3.0208,3.0539,3.0451,3.0612,3.0231,3.0562,0.0023,0.1
2014-06-11,3.0529,3.069,3.0309,3.0359,3.0552,3.0711,3.0331,3.0381,0.0022,0.12
2014-06-12,3.035,3.046,3.0079,3.0179,3.0372,3.0482,3.01,3.02,0.0021,0.11
2014-06-13,3.017,3.042,3.0149,3.0269,3.019,3.0442,3.0171,3.029,0.0021,0.1
2014-06-16,3.0319,3.059,3.0278,3.0469,3.0341,3.0611,3.03,3.049,0.0021,0.1
2014-06-17,3.0479,3.065,3.0408,3.0619,3.0501,3.0672,3.0431,3.0642,0.0023,0.08
2014-06-18,3.0609,3.0749,3.0488,3.0669,3.0632,3.0771,3.051,3.069,0.0021,0.07
2014-06-19,3.066,3.078,3.0428,3.0729,3.0681,3.0802,3.0451,3.0751,0.0022,0.09
2014-06-20,3.0739,3.127,3.0708,3.1168,3.0762,3.1292,3.0731,3.1191,0.0023,0.12
2014-06-23,3.1169,3.1588,3.1158,3.152,3.1191,3.1612,3.1181,3.154,0.002,0.13
2014-06-24,3.1508,3.156,3.1318,3.1459,3.1532,3.158,3.134,3.1481,0.0022,0.1
2014-06-25,3.1448,3.169,3.1228,3.1689,3.147,3.1713,3.125,3.171,0.0021,0.1
2014-06-26,3.1678,3.1759,3.1488,3.1708,3.1702,3.1781,3.1511,3.1732,0.0024,0.1
2014-06-27,3.17,3.1889,3.1628,3.164,3.1721,3.1911,3.165,3.166,0.002,0.1
2014-06-30,3.1679,3.209,3.1608,3.2039,3.1702,3.2112,3.163,3.2061,0.0022,0.1
2014-07-01,3.2028,3.211,3.1929,3.2019,3.205,3.2131,3.1951,3.2041,0.0022,0.09
2014-07-02,3.201,3.265,3.1818,3.2569,3.203,3.2671,3.184,3.2591,0.0022,0.13
2014-07-03,3.2559,3.281,3.2449,3.2789,3.2581,3.2832,3.2472,3.2812,0.0023,0.14
2014-07-04,3.2798,3.2849,3.2588,3.2669,3.282,3.2872,3.261,3.2691,0.0022,0.06
2014-07-07,3.2698,3.2719,3.2358,3.2549,3.2721,3.2741,3.238,3.257,0.0021,0.11
2014-07-08,3.2559,3.293,3.2468,3.2618,3.2582,3.2951,3.249,3.2642,0.0024,0.11
2014-07-09,3.263,3.2739,3.2448,3.2519,3.2651,3.2762,3.247,3.254,0.0021,0.11
2014-07-10,3.2508,3.275,3.2328,3.2708,3.2531,3.2771,3.235,3.2732,0.0024,0.11
2014-07-11,3.272,3.273,3.2458,3.2698,3.2741,3.2752,3.248,3.2721,0.0023,0.09
2014-07-14,3.2739,3.2759,3.2429,3.2518,3.2762,3.2782,3.245,3.2542,0.0024,0.09
2014-07-15,3.2529,3.26,3.2219,3.2468,3.2551,3.2622,3.2242,3.2491,0.0023,0.11
2014-07-16,3.246,3.255,3.2079,3.213,3.2482,3.2571,3.2101,3.2151,0.0021,0.08
2014-07-17,3.2139,3.225,3.2009,3.216,3.2161,3.2272,3.203,3.218,0.002,0.09
2014-07-18,3.2148,3.217,3.1669,3.1869,3.217,3.2192,3.169,3.1891,0.0022,0.1
2014-07-21,3.1809,3.2029,3.1728,3.1969,3.1831,3.205,3.175,3.1991,0.0022,0.08
2014-07-22,3.198,3.2338,3.1968,3.205,3.2001,3.2362,3.199,3.2071,0.0021,0.09
2014-07-23,3.2039,3.2159,3.1919,3.2018,3.2061,3.218,3.194,3.2041,0.0023,0.08
2014-07-24,3.2008,3.268,3.2008,3.2569,3.203,3.2701,3.203,3.2591,0.0022,0.13
2014-07-25,3.258,3.277,3.2368,3.247,3.2602,3.2792,3.239,3.2492,0.0022,0.09
2014-07-28,3.2429,3.251,3.2248,3.2439,3.2451,3.2532,3.227,3.2462,0.0023,0.09
2014-07-29,3.2428,3.254,3.2128,3.2189,3.2452,3.2562,3.2151,3.2211,0.0022,0.09
2014-07-30,3.2179,3.261,3.2038,3.2409,3.2201,3.2641,3.2061,3.2432,0.0023,0.1
2014-07-31,3.242,3.256,3.2238,3.2309,3.244,3.2582,3.226,3.2332,0.0023,0.1
2014-08-01,3.2299,3.255,3.2088,3.2138,3.2322,3.2572,3.2111,3.2161,0.0023,0.11
2014-08-04,3.2138,3.252,3.1989,3.246,3.2162,3.2542,3.201,3.2481,0.0021,0.08
2014-08-05,3.2468,3.2479,3.1949,3.2019,3.249,3.2502,3.197,3.204,0.0021,0.1
2014-08-06,3.2028,3.2039,3.1568,3.1658,3.205,3.2061,3.159,3.1681,0.0023,0.12
2014-08-07,3.1669,3.1849,3.1569,3.1709,3.1691,3.1872,3.159,3.1731,0.0022,0.11
2014-08-08,3.1718,3.1828,3.1599,3.18,3.1741,3.185,3.162,3.182,0.002,0.08
2014-08-11,3.1889,3.195,3.1688,3.1758,3.1912,3.1972,3.1711,3.1781,0.0023,0.08
2014-08-12,3.1749,3.188,3.1438,3.1489,3.1771,3.1902,3.146,3.1511,0.0022,0.09
2014-08-13,3.15,3.156,3.1089,3.114,3.1521,3.1582,3.111,3.1161,0.0021,0.11
2014-08-14,3.115,3.1189,3.0819,3.0848,3.1172,3.121,3.0841,3.0872,0.0024,0.08
2014-08-15,3.086,3.107,3.0838,3.107,3.0881,3.1093,3.0861,3.1092,0.0022,0.08
2014-08-18,3.1018,3.124,3.0928,3.11,3.1041,3.1262,3.0951,3.1121,0.0021,0.07
2014-08-19,3.1109,3.1209,3.0858,3.0899,3.1132,3.1232,3.088,3.0921,0.0022,0.06
2014-08-20,3.0909,3.178,3.0828,3.172,3.0932,3.1801,3.085,3.1742,0.0022,0.1
2014-08-21,3.171,3.1828,3.1488,3.175,3.1731,3.185,3.151,3.1772,0.0022,0.08
2014-08-22,3.1758,3.2099,3.1688,3.2029,3.1781,3.2121,3.171,3.2051,0.0022,0.09
2014-08-25,3.2019,3.2259,3.1937,3.216,3.2042,3.2282,3.197,3.2181,0.0021,0.05
2014-08-26,3.215,3.2159,3.1778,3.185,3.2171,3.2184,3.18,3.1871,0.0021,0.08
2014-08-27,3.1859,3.1948,3.1629,3.1929,3.1882,3.1973,3.1652,3.1951,0.0022,0.08
2014-08-28,3.1938,3.207,3.1418,3.1449,3.1962,3.2091,3.144,3.1471,0.0022,0.1
2014-08-29,3.1459,3.1779,3.1448,3.161,3.1481,3.18,3.147,3.1631,0.0021,0.1
2014-09-01,3.1579,3.172,3.1389,3.1479,3.16,3.1742,3.141,3.15,0.0021,0.06
2014-09-02,3.148,3.173,3.1468,3.1579,3.1501,3.1752,3.149,3.1601,0.0022,0.08
2014-09-03,3.1569,3.1659,3.1239,3.1268,3.1592,3.1682,3.126,3.1292,0.0024,0.11
2014-09-04,3.1259,3.1719,3.1258,3.1489,3.1282,3.174,3.1281,3.151,0.0021,0.08
2014-09-05,3.15,3.1719,3.1418,3.1699,3.152,3.1742,3.144,3.1722,0.0023,0.08
2014-09-08,3.1749,3.208,3.1619,3.1798,3.1771,3.2101,3.1641,3.1821,0.0023,0.08
2014-09-09,3.1798,3.1829,3.0909,3.101,3.1831,3.1851,3.0932,3.1031,0.0021,0.15
2014-09-10,3.1018,3.119,3.0919,3.112,3.1041,3.1211,3.094,3.1141,0.0021,0.1
2014-09-11,3.1109,3.116,3.0618,3.0879,3.1131,3.1182,3.064,3.0901,0.0022,0.13
2014-09-12,3.0888,3.108,3.0779,3.1029,3.0911,3.1102,3.08,3.105,0.0021,0.1
2014-09-15,3.0759,3.0929,3.0638,3.085,3.078,3.095,3.066,3.0872,0.0022,0.12
2014-09-16,3.0839,3.2219,3.0809,3.1649,3.0862,3.2242,3.0831,3.1681,0.0032,0.2
2014-09-17,3.1637,3.1649,3.1288,3.135,3.167,3.1671,3.131,3.1372,0.0022,0.13
2014-09-18,3.1339,3.14,3.0869,3.0869,3.1362,3.142,3.089,3.0892,0.0023,0.12
2014-09-19,3.0879,3.108,3.0698,3.0868,3.0901,3.1101,3.0721,3.0891,0.0023,0.12
2014-09-22,3.0818,3.0849,3.0298,3.041,3.0841,3.0871,3.032,3.0432,0.0022,0.16
2014-09-23,3.0419,3.063,3.0269,3.0349,3.0442,3.0652,3.0291,3.0372,0.0023,0.11
2014-09-24,3.036,3.062,3.0219,3.0549,3.0382,3.0642,3.0241,3.0572,0.0023,0.13
2014-09-25,3.0559,3.062,3.0188,3.0349,3.0581,3.0642,3.021,3.0371,0.0022,0.12
2014-09-26,3.0339,3.0519,3.0268,3.0358,3.0362,3.0542,3.0291,3.038,0.0022,0.1
2014-09-29,3.0129,3.0659,3.0119,3.044,3.0152,3.0682,3.014,3.0461,0.0021,0.14
2014-09-30,3.045,3.0589,3.0038,3.0069,3.0471,3.0612,3.006,3.0091,0.0022,0.12
2014-10-01,3.0078,3.048,2.9988,3.0279,3.0101,3.0502,3.001,3.0301,0.0022,0.11
2014-10-02,3.027,3.038,2.9848,3.0049,3.0291,3.0402,2.987,3.0071,0.0022,0.12
2014-10-03,3.0057,3.0158,2.991,2.9988,3.0091,3.018,2.993,3.0011,0.0023,0.09
2014-10-06,2.9928,3.042,2.9928,3.0349,2.995,3.0442,2.995,3.037,0.0021,0.08
2014-10-07,3.0368,3.042,3.0165,3.0297,3.0391,3.0464,3.019,3.0464,0.0167,0.09
2014-10-08,3.0291,3.044,2.9948,3.025,3.0437,3.0582,2.997,3.0272,0.0022,0.26
2014-10-09,3.0239,3.0579,3.0178,3.0229,3.026,3.0601,3.02,3.0251,0.0022,0.26
2014-10-10,3.0228,3.0419,2.9878,3.0344,3.026,3.0442,2.99,3.0408,0.0064,0.28
2014-10-13,3.0249,3.053,3.0198,3.0346,3.0271,3.0568,3.022,3.0413,0.0067,0.16
2014-10-14,3.034,3.0989,3.0289,3.073,3.0407,3.1055,3.033,3.0796,0.0066,0.23
2014-10-15,3.0742,3.0816,2.9894,3.0078,3.0809,3.088,2.9962,3.0144,0.0066,0.31
2014-10-16,3.0085,3.0227,2.9492,2.9752,3.0152,3.0293,2.9556,2.9821,0.0069,0.36
2014-10-17,2.9748,3.0068,2.9484,3.002,2.9815,3.0135,2.9551,3.0085,0.0065,0.26
2014-10-20,3.0057,3.0075,2.9632,2.9868,3.0122,3.0138,2.9699,2.9936,0.0068,0.23
2014-10-21,2.9849,3.0318,2.9712,3.0236,2.9911,3.0384,2.978,3.0298,0.0062,0.23
2014-10-22,3.0234,3.0413,3.0078,3.0118,3.0301,3.0482,3.0144,3.0181,0.0063,0.21
2014-10-23,3.0113,3.0457,3.0057,3.0324,3.0183,3.0523,3.0124,3.039,0.0066,0.2
2014-10-24,3.0328,3.0555,3.0263,3.0357,3.0391,3.0622,3.0332,3.0422,0.0065,0.19
2014-10-27,3.0358,3.0707,3.0233,3.0525,3.0427,3.0775,3.03,3.0593,0.0068,0.16
2014-10-28,3.0524,3.0922,3.0524,3.0858,3.0593,3.0987,3.0593,3.0926,0.0068,0.19
2014-10-29,3.0858,3.1103,3.0687,3.08,3.0926,3.1169,3.0755,3.0869,0.0069,0.21
2014-10-30,3.0799,3.0828,3.0326,3.0611,3.0868,3.0895,3.0392,3.0675,0.0064,0.2
2014-10-31,3.0607,3.0895,3.0361,3.0467,3.0668,3.0963,3.0427,3.0534,0.0067,0.26
2014-11-03,3.0356,3.0664,3.0347,3.0531,3.0419,3.073,3.0412,3.0597,0.0066,0.19
2014-11-04,3.0529,3.07,2.9997,3.009,3.0592,3.0766,3.0064,3.0161,0.0071,0.19
2014-11-05,3.009,3.017,2.9618,3.001,3.0158,3.0237,2.9682,3.0077,0.0067,0.23
2014-11-06,3.0008,3.0187,2.9901,3.0099,3.0074,3.0254,2.9966,3.0169,0.007,0.19
2014-11-07,3.0092,3.048,3.0087,3.0273,3.0156,3.0512,3.0121,3.0341,0.0068,0.15
2014-11-10,3.0326,3.0498,3.0105,3.0169,3.0395,3.0525,3.0141,3.0191,0.0022,0.1
2014-11-11,3.0152,3.043,2.9882,3.0319,3.0216,3.0463,2.992,3.0341,0.0022,0.11
2014-11-12,3.0329,3.043,3.0168,3.0227,3.0351,3.0453,3.0191,3.0293,0.0066,0.11
2014-11-13,3.0227,3.051,2.9795,2.9918,3.0293,3.0539,2.9832,2.9941,0.0023,0.11
2014-11-14,2.991,3.049,2.9839,3.0411,2.9932,3.0518,2.986,3.0477,0.0066,0.13
2014-11-17,3.0375,3.0599,3.0216,3.0353,3.0441,3.0628,3.0251,3.042,0.0067,0.11
2014-11-18,3.0359,3.0418,2.9919,3.0038,3.0424,3.0448,2.9941,3.0062,0.0024,0.11
2014-11-19,3.002,3.049,2.9888,3.033,3.0086,3.0512,2.9911,3.0351,0.0021,0.11
2014-11-20,3.0303,3.038,2.9998,3.0229,3.0373,3.0402,3.002,3.0252,0.0023,0.1
2014-11-21,3.0219,3.0759,3.0048,3.0332,3.0242,3.0781,3.007,3.0396,0.0064,0.15
2014-11-24,3.0419,3.0469,2.9939,3.0056,3.044,3.0492,2.996,3.0072,0.0016,0.09
2014-11-25,3.0015,3.023,2.9335,2.9542,3.0077,3.0252,2.9435,2.9605,0.0063,0.22
2014-11-26,2.957,2.975,2.9462,2.9618,2.9633,2.978,2.949,2.9687,0.0069,0.21
2014-11-27,2.9557,2.9709,2.9408,2.9499,2.968,2.9785,2.943,2.953,0.0031,0.1
2014-11-28,2.9479,2.952,2.8428,2.8468,2.9523,2.9551,2.845,2.8491,0.0023,0.18
2014-12-01,2.7909,2.9159,2.783,2.888,2.793,2.918,2.785,2.8902,0.0022,0.25
2014-12-02,2.889,2.894,2.8439,2.886,2.8911,2.8961,2.8461,2.888,0.002,0.15
2014-12-03,2.8868,2.895,2.8588,2.8668,2.8892,2.8971,2.861,2.8691,0.0023,0.12
2014-12-04,2.868,2.929,2.868,2.9049,2.8701,2.9311,2.8701,2.907,0.0021,0.13
2014-12-05,2.904,2.9379,2.8999,2.9038,2.9061,2.9402,2.9021,2.9062,0.0024,0.1
2014-12-08,2.899,2.9189,2.8809,2.8819,2.9011,2.9212,2.8832,2.8841,0.0022,0.11
2014-12-09,2.881,2.949,2.8648,2.9147,2.8831,2.951,2.867,2.9194,0.0047,0.16
2014-12-10,2.916,2.9259,2.886,2.897,2.9193,2.9281,2.8882,2.8991,0.0021,0.12
2014-12-11,2.897,2.9299,2.893,2.9109,2.9003,2.9322,2.895,2.9142,0.0033,0.11
2014-12-12,2.9097,2.9389,2.9068,2.9277,2.9141,2.9412,2.909,2.9321,0.0044,0.09
2014-12-15,2.9239,2.946,2.8628,2.8749,2.9271,2.9482,2.865,2.877,0.0021,0.11
2014-12-16,2.8759,2.885,2.8438,2.8609,2.8781,2.8872,2.846,2.8632,0.0023,0.18
2014-12-17,2.8618,2.8909,2.8258,2.8697,2.8641,2.893,2.828,2.8741,0.0044,0.17
2014-12-18,2.8697,2.885,2.8409,2.8469,2.8732,2.8872,2.8432,2.849,0.0021,0.13
2014-12-19,2.848,2.902,2.848,2.892,2.8501,2.9042,2.8501,2.8942,0.0022,0.1
2014-12-22,2.8848,2.904,2.8668,2.8709,2.8871,2.9062,2.869,2.873,0.0021,0.09
2014-12-23,2.872,2.88,2.8538,2.865,2.874,2.8822,2.8561,2.8672,0.0022,0.08
2014-12-24,2.8639,2.872,2.8448,2.8458,2.8662,2.8742,2.847,2.8482,0.0024,0.06
2014-12-29,2.8179,2.8449,2.7538,2.815,2.8201,2.8472,2.7562,2.8172,0.0022,0.13
2014-12-30,2.8149,2.8639,2.8149,2.8448,2.8183,2.8662,2.818,2.8472,0.0024,0.11
2014-12-31,2.8438,2.86,2.8148,2.8218,2.846,2.8622,2.817,2.824,0.0022,0.07
2015-01-02,2.8339,2.8379,2.7998,2.815,2.836,2.84,2.802,2.8171,0.0021,0.07
2015-01-05,2.8099,2.825,2.7429,2.768,2.8131,2.8272,2.745,2.7701,0.0021,0.14
2015-01-06,2.7669,2.781,2.7558,2.761,2.7692,2.7832,2.758,2.7631,0.0021,0.11
2015-01-07,2.7589,2.775,2.7468,2.7629,2.7611,2.7771,2.7492,2.765,0.0021,0.11
2015-01-08,2.7638,2.7929,2.7528,2.7688,2.766,2.7953,2.7551,2.7711,0.0023,0.1
2015-01-09,2.7699,2.7749,2.7378,2.7578,2.7721,2.777,2.74,2.76,0.0022,0.13
2015-01-12,2.7559,2.758,2.6987,2.721,2.758,2.7602,2.701,2.7231,0.0021,0.13
2015-01-13,2.7199,2.7279,2.5849,2.611,2.7222,2.7301,2.5871,2.613,0.002,0.18
2015-01-14,2.6119,2.616,2.425,2.529,2.6141,2.6182,2.4283,2.5312,0.0022,0.44
2015-01-15,2.5279,2.5889,2.5168,2.5618,2.5302,2.591,2.519,2.564,0.0022,0.28
2015-01-16,2.5618,2.633,2.5399,2.6248,2.5653,2.6352,2.542,2.6272,0.0024,0.2
2015-01-19,2.6179,2.627,2.5548,2.5729,2.6211,2.6301,2.5581,2.5752,0.0023,0.19
2015-01-20,2.5739,2.614,2.5588,2.5858,2.5761,2.6162,2.5611,2.5881,0.0023,0.17
2015-01-21,2.5848,2.632,2.5317,2.6028,2.587,2.6341,2.534,2.6052,0.0024,0.19
2015-01-22,2.6039,2.6119,2.5548,2.5788,2.6061,2.6141,2.5571,2.5823,0.0035,0.17
2015-01-23,2.5799,2.5839,2.4879,2.4959,2.5821,2.5861,2.49,2.4981,0.0022,0.18
2015-01-26,2.465,2.553,2.419,2.538,2.467,2.555,2.421,2.54,0.002,0.28
2015-01-27,2.537,2.537,2.445,2.463,2.539,2.539,2.447,2.465,0.002,0.21
2015-01-28,2.462,2.498,2.449,2.46,2.464,2.5,2.451,2.462,0.002,0.2
2015-01-29,2.459,2.468,2.419,2.455,2.461,2.47,2.421,2.457,0.002,0.22
2015-01-30,2.456,2.517,2.429,2.503,2.458,2.519,2.431,2.507,0.004,0.18
2015-02-02,2.47,2.517,2.47,2.507,2.4721,2.5191,2.4721,2.5091,0.0021,0.19
2015-02-03,2.5079,2.5939,2.4998,2.5739,2.5101,2.5962,2.5021,2.5761,0.0022,0.22
2015-02-04,2.5748,2.6169,2.5558,2.5859,2.5771,2.6192,2.558,2.588,0.0021,0.23
2015-02-05,2.5869,2.608,2.5328,2.594,2.5892,2.6102,2.535,2.596,0.002,0.21
2015-02-06,2.5928,2.6139,2.5658,2.5869,2.595,2.6162,2.568,2.5891,0.0022,0.19
2015-02-09,2.584,2.589,2.5598,2.5789,2.5861,2.5913,2.562,2.5812,0.0023,0.16
2015-02-10,2.578,2.587,2.5248,2.5448,2.5801,2.5892,2.5271,2.547,0.0022,0.15
2015-02-11,2.5448,2.582,2.5338,2.5418,2.5471,2.5842,2.536,2.5441,0.0023,0.13
2015-02-12,2.5429,2.62,2.5348,2.6008,2.545,2.622,2.537,2.6032,0.0024,0.15
2015-02-13,2.6019,2.637,2.5908,2.6008,2.6041,2.6392,2.593,2.6043,0.0035,0.14
2015-02-16,2.6059,2.6199,2.5869,2.607,2.6081,2.6222,2.589,2.6092,0.0022,0.11
2015-02-17,2.6079,2.6179,2.5488,2.5799,2.6101,2.6202,2.5511,2.5822,0.0023,0.13
2015-02-18,2.5788,2.6368,2.5638,2.612,2.582,2.6392,2.566,2.6142,0.0022,0.12
2015-02-19,2.612,2.6259,2.5828,2.6139,2.6151,2.6282,2.585,2.6161,0.0022,0.12
2015-02-20,2.6149,2.621,2.5748,2.601,2.6172,2.624,2.577,2.6031,0.0021,0.1
2015-02-23,2.605,2.614,2.565,2.587,2.607,2.616,2.567,2.591,0.004,0.11
2015-02-24,2.587,2.663,2.563,2.637,2.59,2.665,2.569,2.64,0.003,0.16
2015-02-25,2.638,2.648,2.616,2.643,2.64,2.65,2.618,2.645,0.002,0.12
2015-02-26,2.644,2.712,2.635,2.69,2.646,2.714,2.637,2.692,0.002,0.15
2015-02-27,2.691,2.695,2.659,2.687,2.693,2.698,2.661,2.689,0.002,0.12
2015-03-02,2.7029,2.715,2.6769,2.6918,2.7051,2.7172,2.679,2.6941,0.0023,0.12
2015-03-03,2.6908,2.694,2.6278,2.6548,2.6932,2.6961,2.6301,2.6572,0.0024,0.1
2015-03-04,2.6418,2.6749,2.6368,2.661,2.6452,2.6772,2.639,2.6632,0.0022,0.15
2015-03-05,2.6609,2.679,2.6468,2.6499,2.664,2.6811,2.649,2.6522,0.0023,0.23
2015-03-06,2.6509,2.655,2.604,2.6069,2.6532,2.6572,2.606,2.6091,0.0022,0.27
2015-03-09,2.5959,2.6769,2.5938,2.6669,2.599,2.6791,2.596,2.669,0.0021,0.29
2015-03-10,2.6658,2.668,2.6048,2.6198,2.668,2.6702,2.607,2.6221,0.0023,0.3
2015-03-11,2.6189,2.6459,2.5988,2.605,2.6221,2.6482,2.601,2.6072,0.0022,0.29
2015-03-12,2.6039,2.679,2.5978,2.6599,2.6061,2.6812,2.6,2.6621,0.0022,0.37
2015-03-13,2.661,2.689,2.6458,2.6688,2.6631,2.6911,2.648,2.6712,0.0024,0.32
2015-03-16,2.6668,2.6828,2.6498,2.6648,2.6701,2.6852,2.6522,2.6672,0.0024,0.24
2015-03-17,2.6637,2.675,2.608,2.6317,2.667,2.6771,2.6101,2.6351,0.0034,0.28
2015-03-18,2.633,2.6439,2.552,2.6049,2.6351,2.6472,2.5542,2.6071,0.0022,0.24
2015-03-19,2.6038,2.666,2.5948,2.6638,2.607,2.6682,2.597,2.6671,0.0033,0.19
2015-03-20,2.6648,2.772,2.6439,2.7528,2.667,2.7742,2.646,2.7552,0.0024,0.27
2015-03-23,2.7628,2.9129,2.7545,2.86,2.7651,2.9154,2.758,2.8622,0.0022,2.32
2015-03-24,2.859,2.8738,2.7739,2.7989,2.861,2.8761,2.776,2.8011,0.0022,1.1
2015-03-25,2.7978,2.8069,2.7728,2.7909,2.8001,2.8103,2.7751,2.7932,0.0023,0.15
2015-03-26,2.7899,2.866,2.7828,2.805,2.7921,2.8692,2.785,2.8081,0.0031,0.27
2015-03-27,2.806,2.806,2.7549,2.7628,2.8082,2.8082,2.757,2.7662,0.0034,0.18
2015-03-30,2.7529,2.7909,2.75,2.779,2.7552,2.7932,2.7522,2.781,0.002,0.84
2015-03-31,2.78,2.786,2.7349,2.7419,2.782,2.7882,2.737,2.7441,0.0022,1.07
2015-04-01,2.743,2.761,2.709,2.743,2.7452,2.7632,2.711,2.7451,0.0021,0.19
2015-04-02,2.7439,2.7638,2.7159,2.7309,2.7462,2.766,2.7181,2.7341,0.0032,0.18
2015-04-06,2.7459,2.83,2.6918,2.716,2.7481,2.8323,2.694,2.7181,0.0021,1.05
2015-04-07,2.7168,2.7759,2.7165,2.752,2.7192,2.7781,2.719,2.7541,0.0021,0.93
2015-04-08,2.7509,2.767,2.7229,2.7329,2.7531,2.7703,2.7251,2.7352,0.0023,0.14
2015-04-09,2.7327,2.759,2.7148,2.728,2.7363,2.7611,2.717,2.7301,0.0021,0.13
2015-04-10,2.7269,2.7779,2.7199,2.7359,2.7292,2.7803,2.7221,2.7381,0.0022,0.18
2015-04-13,2.7349,2.7609,2.7119,2.7189,2.7372,2.7631,2.7142,2.721,0.0021,1.0
2015-04-14,2.72,2.7249,2.6748,2.7039,2.7221,2.7273,2.677,2.7061,0.0022,1.15
2015-04-15,2.7029,2.7279,2.6679,2.7219,2.705,2.7311,2.67,2.7241,0.0022,0.18
2015-04-16,2.7208,2.786,2.7188,2.7717,2.723,2.7882,2.721,2.775,0.0033,0.24
2015-04-17,2.7718,2.808,2.7608,2.7888,2.7741,2.8102,2.7631,2.7912,0.0024,0.18
2015-04-20,2.8099,2.815,2.7208,2.724,2.8132,2.8182,2.7231,2.7272,0.0032,1.06
2015-04-21,2.7239,2.7379,2.6879,2.6968,2.7261,2.7402,2.6901,2.7003,0.0035,1.23
2015-04-22,2.6979,2.707,2.6619,2.6668,2.7001,2.7092,2.664,2.669,0.0022,0.19
2015-04-23,2.6679,2.7029,2.6468,2.6919,2.6701,2.7052,2.6491,2.6941,0.0022,0.18
2015-04-24,2.69,2.76,2.683,2.7379,2.6922,2.7622,2.6851,2.7412,0.0033,0.21
2015-04-27,2.7456,2.788,2.7407,2.7778,2.7504,2.7902,2.744,2.7811,0.0033,0.86
2015-04-28,2.7767,2.793,2.7529,2.784,2.7811,2.7951,2.7551,2.7861,0.0021,0.76
2015-04-29,2.7849,2.803,2.7599,2.7899,2.7871,2.8052,2.762,2.793,0.0031,0.13
2015-04-30,2.7898,2.888,2.7868,2.8747,2.794,2.8913,2.7891,2.8782,0.0035,0.55
2015-05-01,2.8749,2.9329,2.8729,2.9309,2.8792,2.9351,2.875,2.934,0.0031,0.44
2015-05-04,2.9049,2.9258,2.8571,2.9118,2.908,2.9449,2.893,2.9141,0.0023,1.16
2015-05-05,2.912,2.954,2.8893,2.9309,2.915,2.9563,2.8992,2.9341,0.0032,2.83
2015-05-06,2.9307,2.946,2.8976,2.9259,2.9352,2.9483,2.905,2.9281,0.0022,0.45
2015-05-07,2.9257,2.938,2.8981,2.9139,2.9291,2.943,2.908,2.9172,0.0033,0.44
2015-05-08,2.9148,2.931,2.8703,2.9139,2.9171,2.9333,2.889,2.9161,0.0022,0.62
2015-05-11,2.9239,2.927,2.8858,2.9109,2.9272,2.9292,2.897,2.9131,0.0022,2.33
2015-05-12,2.91,2.944,2.8793,2.9309,2.913,2.9472,2.903,2.9331,0.0022,2.86
2015-05-13,2.9299,2.9459,2.9109,2.9288,2.9322,2.9481,2.913,2.9312,0.0024,0.13
2015-05-14,2.928,2.938,2.9059,2.9179,2.9302,2.9402,2.9081,2.9202,0.0023,0.12
2015-05-15,2.9179,2.93,2.8948,2.9269,2.9213,2.9322,2.8971,2.9292,0.0023,0.14
2015-05-18,2.9297,2.937,2.8918,2.9059,2.9332,2.9392,2.8942,2.9082,0.0023,0.67
2015-05-19,2.907,2.912,2.8248,2.8338,2.9091,2.9142,2.827,2.8361,0.0023,0.99
2015-05-20,2.8349,2.8419,2.8189,2.8289,2.8372,2.8441,2.8211,2.8312,0.0023,0.11
2015-05-21,2.828,2.86,2.828,2.8479,2.8301,2.862,2.8301,2.8502,0.0023,0.11
2015-05-22,2.8459,2.854,2.7919,2.7948,2.8481,2.8562,2.794,2.7972,0.0024,0.18
2015-05-25,2.7978,2.8339,2.7929,2.821,2.8001,2.8363,2.7951,2.8231,0.0021,0.41
2015-05-26,2.8198,2.832,2.7718,2.7767,2.8231,2.8342,2.774,2.7803,0.0036,1.09
2015-05-27,2.777,2.7889,2.7579,2.7619,2.7791,2.7912,2.76,2.7642,0.0023,0.15
2015-05-28,2.7629,2.783,2.7599,2.7699,2.7652,2.7852,2.762,2.7722,0.0023,0.17
2015-05-29,2.7688,2.782,2.7239,2.73,2.7711,2.7851,2.7261,2.7322,0.0022,0.18
2015-06-01,2.729,2.741,2.7088,2.715,2.7311,2.7432,2.711,2.717,0.002,0.83
2015-06-02,2.7158,2.7439,2.7139,2.7369,2.7181,2.746,2.716,2.7391,0.0022,0.78
2015-06-03,2.736,2.747,2.7189,2.7298,2.7381,2.7492,2.7211,2.7321,0.0023,0.14
2015-06-04,2.7289,2.73,2.6759,2.6858,2.7311,2.7322,2.678,2.688,0.0022,0.16
2015-06-05,2.6868,2.7069,2.6698,2.6959,2.6891,2.7092,2.672,2.698,0.0021,0.18
2015-06-08,2.6998,2.705,2.6809,2.6999,2.702,2.7072,2.6831,2.702,0.0021,0.72
2015-06-09,2.6988,2.7339,2.694,2.7159,2.7011,2.7362,2.6961,2.7182,0.0023,0.78
2015-06-10,2.7149,2.7659,2.7098,2.7439,2.7172,2.7681,2.7121,2.7462,0.0023,0.14
2015-06-11,2.7428,2.748,2.6589,2.671,2.7462,2.7502,2.6611,2.6732,0.0022,0.17
2015-06-12,2.6718,2.688,2.6589,2.6849,2.6742,2.6903,2.6612,2.6872,0.0023,0.32
2015-06-15,2.6798,2.684,2.6267,2.6449,2.6821,2.6862,2.629,2.6483,0.0034,2.07
2015-06-16,2.6439,2.658,2.6138,2.6188,2.6484,2.6603,2.616,2.6221,0.0033,1.58
2015-06-17,2.6189,2.635,2.6018,2.6168,2.6211,2.6373,2.6041,2.6192,0.0024,0.35
2015-06-18,2.6178,2.645,2.6047,2.6099,2.62,2.6472,2.608,2.6122,0.0023,0.31
2015-06-19,2.609,2.6218,2.5647,2.5779,2.611,2.6241,2.5671,2.5802,0.0023,0.28
2015-06-22,2.5778,2.585,2.5638,2.577,2.5801,2.5872,2.566,2.5791,0.0021,1.18
2015-06-23,2.5759,2.631,2.5738,2.6129,2.5781,2.6332,2.5761,2.615,0.0021,1.69
2015-06-24,2.6117,2.65,2.5998,2.6209,2.615,2.6522,2.602,2.623,0.0021,0.29
2015-06-25,2.6208,2.6288,2.5897,2.6157,2.6241,2.631,2.5921,2.6191,0.0034,0.14
2015-06-26,2.6169,2.6469,2.6128,2.6369,2.6191,2.6492,2.615,2.639,0.0021,0.13
2015-06-29,2.6299,2.653,2.6149,2.631,2.632,2.6553,2.6171,2.6331,0.0021,0.67
2015-06-30,2.63,2.641,2.5888,2.6188,2.632,2.6432,2.591,2.6211,0.0023,0.82
2015-07-01,2.615,2.6459,2.6019,2.6289,2.6171,2.648,2.6042,2.631,0.0021,0.1
2015-07-02,2.628,2.645,2.6198,2.6299,2.63,2.6472,2.622,2.632,0.0021,0.11
2015-07-03,2.6288,2.646,2.6108,2.6148,2.6312,2.6482,2.6131,2.6171,0.0023,0.09
2015-07-06,2.5959,2.6079,2.503,2.5359,2.5982,2.6102,2.5051,2.5381,0.0022,0.87
2015-07-07,2.5349,2.545,2.3859,2.4559,2.5371,2.5471,2.3881,2.4581,0.0022,1.77
2015-07-08,2.4569,2.5189,2.3828,2.492,2.4592,2.521,2.3851,2.494,0.002,0.27
2015-07-09,2.4909,2.595,2.486,2.5599,2.4932,2.5971,2.4881,2.5621,0.0022,0.23
2015-07-10,2.5589,2.571,2.5209,2.539,2.5623,2.5731,2.523,2.5421,0.0031,0.15
2015-07-13,2.5259,2.5628,2.4958,2.541,2.5281,2.5652,2.498,2.543,0.002,0.93
2015-07-14,2.5399,2.546,2.5078,2.5358,2.5422,2.5481,2.51,2.538,0.0022,0.87
2015-07-15,2.5348,2.5728,2.5028,2.5149,2.5372,2.575,2.5052,2.517,0.0021,0.16
2015-07-16,2.516,2.543,2.5068,2.5199,2.5181,2.5452,2.5092,2.522,0.0021,0.11
2015-07-17,2.5189,2.5329,2.475,2.4919,2.5211,2.535,2.4771,2.4941,0.0022,0.17
2015-07-20,2.4988,2.4999,2.4648,2.4739,2.5011,2.5021,2.467,2.4761,0.0022,0.75
2015-07-21,2.4729,2.5148,2.4719,2.476,2.4751,2.5172,2.4741,2.479,0.003,1.53
2015-07-22,2.4769,2.4809,2.4218,2.4329,2.479,2.4832,2.424,2.4351,0.0022,0.24
2015-07-23,2.4319,2.4489,2.3568,2.3748,2.434,2.4513,2.359,2.378,0.0032,0.3
2015-07-24,2.3758,2.398,2.3498,2.3869,2.3782,2.4001,2.352,2.3891,0.0022,0.39
2015-07-27,2.3748,2.3869,2.3359,2.352,2.3783,2.3892,2.3381,2.3541,0.0021,1.83
2015-07-28,2.3509,2.415,2.3508,2.4119,2.3531,2.4172,2.3531,2.4141,0.0022,1.69
2015-07-29,2.4109,2.4449,2.3865,2.41,2.4131,2.4472,2.3911,2.4121,0.0021,0.27
2015-07-30,2.4089,2.421,2.3569,2.3779,2.4112,2.4233,2.3591,2.3801,0.0022,0.33
2015-07-31,2.3789,2.395,2.3469,2.351,2.3812,2.3971,2.349,2.3532,0.0022,0.29
2015-08-03,2.3547,2.362,2.3198,2.3419,2.358,2.3641,2.3222,2.3442,0.0023,2.02
2015-08-04,2.3419,2.374,2.3268,2.3509,2.3452,2.3761,2.329,2.3532,0.0023,1.55
2015-08-05,2.352,2.3609,2.3358,2.3499,2.3542,2.3632,2.338,2.3522,0.0023,0.22
2015-08-06,2.349,2.361,2.3348,2.342,2.3511,2.3632,2.337,2.3441,0.0021,0.21
2015-08-07,2.3429,2.353,2.3118,2.323,2.3451,2.3552,2.314,2.3252,0.0022,0.28
2015-08-10,2.3199,2.41,2.3138,2.3939,2.3222,2.4122,2.316,2.396,0.0021,1.95
2015-08-11,2.3949,2.4279,2.3128,2.3369,2.397,2.4301,2.315,2.3391,0.0022,2.39
2015-08-12,2.3358,2.3569,2.2917,2.3518,2.3391,2.3591,2.294,2.354,0.0022,0.35
2015-08-13,2.3518,2.382,2.3249,2.3509,2.3552,2.384,2.327,2.3532,0.0023,0.28
2015-08-14,2.3498,2.365,2.3318,2.3409,2.3521,2.3672,2.334,2.343,0.0021,0.26
2015-08-17,2.3427,2.346,2.3088,2.318,2.3484,2.3484,2.311,2.3202,0.0022,1.61
2015-08-18,2.319,2.3249,2.2638,2.2819,2.321,2.3272,2.2661,2.2842,0.0023,2.12
2015-08-19,2.282,2.296,2.2598,2.2739,2.2852,2.2981,2.262,2.2762,0.0023,0.33
2015-08-20,2.2728,2.332,2.2668,2.3209,2.275,2.3342,2.269,2.3232,0.0023,0.36
2015-08-21,2.3199,2.323,2.2739,2.2969,2.3221,2.3252,2.276,2.2992,0.0023,0.33
2015-08-24,2.2849,2.289,2.2078,2.2469,2.2871,2.2912,2.21,2.2491,0.0022,3.23
2015-08-25,2.2459,2.3179,2.2408,2.3,2.2482,2.3202,2.243,2.3021,0.0021,3.35
2015-08-26,2.2988,2.2989,2.2358,2.251,2.3011,2.3012,2.238,2.2532,0.0022,0.36
2015-08-27,2.248,2.34,2.2457,2.332,2.2501,2.3422,2.2481,2.3341,0.0021,0.42
2015-08-28,2.3318,2.3649,2.3058,2.3379,2.335,2.3671,2.308,2.34,0.0021,0.44
2015-08-31,2.3328,2.343,2.2918,2.326,2.3361,2.3452,2.294,2.3292,0.0032,1.39
2015-09-01,2.3258,2.3389,2.2859,2.2929,2.3301,2.3412,2.2881,2.295,0.0021,2.61
2015-09-02,2.2939,2.346,2.2898,2.3319,2.2961,2.3481,2.292,2.3352,0.0033,0.32
2015-09-03,2.3318,2.4169,2.3229,2.3758,2.3341,2.4191,2.325,2.378,0.0022,0.45
2015-09-04,2.3757,2.3769,2.3048,2.3158,2.3803,2.3804,2.3071,2.318,0.0022,0.37
2015-09-07,2.3199,2.3629,2.3059,2.3439,2.322,2.3652,2.308,2.3461,0.0022,1.22
2015-09-08,2.3428,2.447,2.3268,2.4368,2.3461,2.4492,2.329,2.4391,0.0023,2.89
2015-09-09,2.4369,2.474,2.4179,2.4249,2.44,2.4763,2.42,2.427,0.0021,0.36
2015-09-10,2.4249,2.4719,2.4238,2.4469,2.4281,2.4741,2.426,2.4492,0.0023,0.39
2015-09-11,2.4459,2.463,2.4198,2.4558,2.4493,2.4653,2.422,2.4581,0.0023,0.34
2015-09-14,2.4459,2.4549,2.3989,2.4139,2.448,2.4572,2.4012,2.4162,0.0023,1.64
2015-09-15,2.4149,2.431,2.3869,2.4298,2.417,2.4341,2.389,2.4331,0.0033,1.73
2015-09-16,2.4299,2.4728,2.4118,2.4598,2.4321,2.4751,2.414,2.463,0.0032,0.26
2015-09-17,2.4609,2.4928,2.4318,2.4609,2.4631,2.4951,2.434,2.463,0.0021,0.35
2015-09-18,2.4607,2.464,2.3709,2.3778,2.4641,2.4662,2.373,2.3801,0.0023,0.45
2015-09-21,2.375,2.413,2.3658,2.385,2.3772,2.4152,2.3682,2.3872,0.0022,1.52
2015-09-22,2.3858,2.3909,2.2849,2.2999,2.3882,2.3932,2.2871,2.302,0.0021,2.77
2015-09-23,2.3009,2.3239,2.2898,2.2978,2.3032,2.3262,2.292,2.3013,0.0035,0.26
2015-09-24,2.2979,2.314,2.2718,2.3008,2.3,2.3162,2.274,2.3031,0.0023,0.34
2015-09-25,2.3008,2.318,2.2758,2.2809,2.3043,2.3211,2.278,2.2841,0.0032,0.26
2015-09-28,2.282,2.301,2.2308,2.2439,2.2853,2.3031,2.233,2.246,0.0021,1.99
2015-09-29,2.2449,2.2679,2.2249,2.2558,2.2471,2.2702,2.227,2.2582,0.0024,1.79
2015-09-30,2.2569,2.3569,2.2518,2.3378,2.2592,2.359,2.2541,2.3411,0.0033,0.36
2015-10-01,2.3379,2.3759,2.2958,2.3149,2.3401,2.3783,2.298,2.3172,0.0023,0.39
2015-10-02,2.314,2.346,2.2718,2.3428,2.316,2.3481,2.274,2.3451,0.0023,0.39
2015-10-05,2.3459,2.373,2.3288,2.3559,2.3481,2.375,2.331,2.3581,0.0022,1.64
2015-10-06,2.3549,2.375,2.3238,2.3568,2.357,2.3772,2.326,2.3602,0.0034,1.8
2015-10-07,2.3559,2.395,2.3508,2.3589,2.3581,2.3972,2.3531,2.3612,0.0023,0.3
2015-10-08,2.3578,2.365,2.3168,2.3478,2.3602,2.3672,2.3191,2.3501,0.0023,0.29
2015-10-09,2.3488,2.437,2.3479,2.421,2.351,2.4392,2.35,2.423,0.002,0.43
2015-10-12,2.4099,2.436,2.4028,2.4079,2.412,2.4382,2.4051,2.4101,0.0022,1.37
2015-10-13,2.4089,2.41,2.3768,2.3789,2.411,2.4122,2.379,2.3811,0.0022,1.55
2015-10-14,2.3798,2.422,2.3759,2.4159,2.382,2.4243,2.3781,2.4181,0.0022,0.24
2015-10-15,2.415,2.434,2.4008,2.4329,2.4182,2.4362,2.403,2.4351,0.0022,0.28
2015-10-16,2.4338,2.4339,2.3798,2.3998,2.4361,2.4361,2.382,2.4032,0.0034,0.28
2015-10-19,2.3999,2.401,2.3559,2.3648,2.4021,2.4032,2.358,2.3671,0.0023,1.49
2015-10-20,2.3658,2.382,2.3498,2.3609,2.368,2.3842,2.352,2.3631,0.0022,1.77
2015-10-21,2.36,2.364,2.3298,2.3569,2.3622,2.3662,2.332,2.3591,0.0022,0.26
2015-10-22,2.358,2.404,2.3539,2.3799,2.3601,2.4062,2.356,2.3822,0.0023,0.38
2015-10-23,2.379,2.417,2.3408,2.348,2.3811,2.4192,2.343,2.35,0.002,0.5
2015-10-26,2.3429,2.38,2.3318,2.3528,2.3451,2.3822,2.3341,2.355,0.0022,1.46
2015-10-27,2.3539,2.379,2.3408,2.364,2.3562,2.3812,2.343,2.3671,0.0031,1.36
2015-10-28,2.3639,2.3719,2.3248,2.359,2.3662,2.3741,2.3271,2.3611,0.0021,0.35
2015-10-29,2.3577,2.364,2.3158,2.32,2.3612,2.3661,2.318,2.322,0.002,0.32
2015-10-30,2.32,2.336,2.3078,2.3149,2.3233,2.3382,2.31,2.3171,0.0022,0.24
2015-11-02,2.2939,2.322,2.2888,2.3149,2.2962,2.3242,2.292,2.3171,0.0022,1.21
2015-11-03,2.316,2.341,2.2988,2.3299,2.3181,2.3432,2.301,2.3321,0.0022,1.52
2015-11-04,2.3308,2.361,2.3149,2.321,2.3331,2.3632,2.317,2.3232,0.0022,0.3
2015-11-05,2.3218,2.331,2.2499,2.2548,2.3242,2.3332,2.252,2.2571,0.0023,0.47
2015-11-06,2.2558,2.27,2.2348,2.2418,2.2582,2.2722,2.237,2.2442,0.0024,0.39
2015-11-09,2.2379,2.2499,2.2248,2.229,2.24,2.2521,2.227,2.2312,0.0022,1.36
2015-11-10,2.2299,2.241,2.2048,2.217,2.2321,2.2432,2.207,2.2191,0.0021,0.91
2015-11-11,2.2179,2.226,2.1958,2.215,2.22,2.2282,2.198,2.2171,0.0021,0.13
2015-11-12,2.2139,2.225,2.1578,2.1679,2.2161,2.2272,2.16,2.17,0.0021,0.21
2015-11-13,2.1668,2.1709,2.1498,2.162,2.1691,2.1732,2.1521,2.164,0.002,0.14
2015-11-16,2.1579,2.1699,2.1058,2.1198,2.16,2.1721,2.108,2.1221,0.0023,1.03
2015-11-17,2.121,2.1279,2.0648,2.097,2.1231,2.1301,2.067,2.0991,0.0021,1.08
2015-11-18,2.0979,2.101,2.0659,2.074,2.1,2.1032,2.068,2.0761,0.0021,0.13
2015-11-19,2.0749,2.0879,2.058,2.0738,2.0771,2.09,2.0601,2.0762,0.0024,0.13
2015-11-20,2.0749,2.1018,2.0299,2.0389,2.077,2.1042,2.0321,2.0411,0.0022,0.2
2015-11-23,2.0499,2.0539,1.9999,2.0197,2.0521,2.0562,2.002,2.0242,0.0045,1.17
2015-11-24,2.0199,2.083,2.009,2.0639,2.0221,2.0853,2.0111,2.0662,0.0023,1.48
2015-11-25,2.063,2.076,2.0388,2.0488,2.0652,2.0782,2.041,2.0521,0.0033,0.18
2015-11-26,2.0498,2.133,2.0458,2.0858,2.052,2.1352,2.048,2.0881,0.0023,0.17
2015-11-27,2.0857,2.112,2.0538,2.0609,2.0892,2.1141,2.056,2.0632,0.0023,0.16
2015-11-30,2.073,2.077,2.0388,2.0508,2.0751,2.0792,2.041,2.053,0.0022,1.03
2015-12-01,2.0519,2.0849,2.0428,2.0739,2.054,2.0872,2.045,2.0761,0.0022,1.17
2015-12-02,2.075,2.087,2.0288,2.0469,2.077,2.0892,2.031,2.049,0.0021,0.07
2015-12-03,2.0478,2.0628,2.0249,2.0579,2.0501,2.0651,2.0271,2.06,0.0021,0.1
2015-12-04,2.059,2.0949,2.0408,2.0759,2.0611,2.097,2.0431,2.0781,0.0022,0.13
2015-12-07,2.0788,2.0929,2.042,2.047,2.0812,2.0952,2.0441,2.0492,0.0022,0.48
2015-12-08,2.0458,2.071,2.0348,2.058,2.0481,2.0732,2.0371,2.06,0.002,0.74
2015-12-09,2.0568,2.095,2.0568,2.0669,2.0591,2.0971,2.0591,2.0691,0.0022,0.27
2015-12-10,2.0659,2.076,2.0549,2.0658,2.0681,2.0782,2.057,2.068,0.0022,0.25
2015-12-11,2.0668,2.137,2.0618,2.1079,2.069,2.1391,2.064,2.1101,0.0022,0.4
2015-12-14,2.1099,2.126,2.0899,2.1058,2.1121,2.1282,2.092,2.1081,0.0023,1.71
2015-12-15,2.1069,2.116,2.0448,2.0518,2.109,2.1182,2.047,2.0541,0.0023,1.86
2015-12-16,2.0529,2.09,2.0508,2.069,2.0551,2.0922,2.053,2.071,0.002,0.27
2015-12-17,2.0678,2.078,2.0328,2.0439,2.0702,2.0801,2.035,2.0461,0.0022,0.23
2015-12-18,2.0429,2.113,2.0418,2.1089,2.0452,2.1151,2.044,2.1111,0.0022,0.35
2015-12-21,2.1189,2.142,2.1008,2.1379,2.1211,2.1442,2.103,2.1401,0.0022,0.45
2015-12-22,2.1368,2.141,2.1038,2.111,2.1392,2.1432,2.1061,2.1131,0.0021,0.6
2015-12-23,2.1099,2.1319,2.0999,2.131,2.1121,2.1343,2.1021,2.133,0.002,0.19
2015-12-24,2.1299,2.133,2.1098,2.1209,2.1321,2.1352,2.112,2.1231,0.0022,0.12
2015-12-28,2.1228,2.127,2.0748,2.0829,2.1251,2.1292,2.077,2.0851,0.0022,0.63
2015-12-29,2.0839,2.147,2.0819,2.1369,2.0861,2.1492,2.0841,2.139,0.0021,0.96
2015-12-30,2.1359,2.147,2.1248,2.145,2.138,2.1494,2.127,2.1471,0.0021,0.17
2015-12-31,2.1458,2.147,2.1158,2.1339,2.148,2.1492,2.118,2.1362,0.0023,0.16
2016-01-04,2.1319,2.1379,2.0678,2.0809,2.1341,2.1403,2.07,2.0832,0.0023,1.9
2016-01-05,2.0819,2.11,2.0728,2.094,2.084,2.1122,2.075,2.0961,0.0021,1.56
2016-01-06,2.0928,2.094,2.0708,2.0879,2.0951,2.0962,2.073,2.0902,0.0023,0.25
2016-01-07,2.0889,2.093,1.9888,2.0218,2.0912,2.0952,1.9911,2.0241,0.0023,0.6
2016-01-08,2.0209,2.05,2.0098,2.015,2.0231,2.0522,2.012,2.0171,0.0021,0.38
2016-01-11,2.013,2.0139,1.9648,1.977,2.0151,2.0162,1.9671,1.979,0.002,1.75
2016-01-12,1.9759,1.9799,1.9518,1.958,1.9781,1.9822,1.954,1.96,0.002,1.9
2016-01-13,1.9589,1.979,1.9498,1.9549,1.961,1.9812,1.952,1.9571,0.0022,0.21
2016-01-14,1.954,1.991,1.9418,1.9769,1.956,1.9932,1.944,1.9791,0.0022,0.3
2016-01-15,1.9779,1.9839,1.9358,1.9429,1.9802,1.9861,1.938,1.9451,0.0022,0.35
2016-01-18,1.9388,1.9729,1.9378,1.963,1.941,1.9751,1.9401,1.9651,0.0021,1.13
2016-01-19,1.9618,2.012,1.9578,1.9709,1.9642,2.0142,1.9601,1.9731,0.0022,2.27
2016-01-20,1.9699,1.99,1.9527,1.9808,1.972,1.9922,1.9551,1.984,0.0032,0.34
2016-01-21,1.9809,2.0,1.9558,1.9958,1.9831,2.0021,1.9581,1.9982,0.0024,0.41
2016-01-22,1.9969,2.022,1.9878,2.0019,1.9991,2.0242,1.99,2.0041,0.0022,0.35
2016-01-25,2.004,2.0138,1.9807,1.9939,2.0067,2.016,1.9828,1.9962,0.0023,6.78
2016-01-26,1.9933,2.0483,1.9802,2.0357,1.9962,2.0505,1.9825,2.038,0.0023,9.93
2016-01-27,2.0358,2.0748,2.0301,2.0578,2.038,2.077,2.0323,2.0598,0.002,1.71
2016-01-28,2.0574,2.0663,2.0356,2.0514,2.0595,2.0685,2.0379,2.0537,0.0023,2.06
2016-01-29,2.0512,2.0682,2.0446,2.0594,2.0534,2.0705,2.0468,2.062,0.0026,1.34
2016-02-01,2.0608,2.0653,2.0272,2.0577,2.063,2.0675,2.0295,2.0599,0.0022,7.27
2016-02-02,2.0578,2.0863,2.0396,2.0475,2.0602,2.0885,2.0418,2.0497,0.0022,8.16
2016-02-03,2.0473,2.1017,2.0366,2.0992,2.0495,2.1039,2.0388,2.1014,0.0022,1.47
2016-02-04,2.099,2.1369,2.0947,2.1202,2.101,2.1392,2.0969,2.1224,0.0022,1.61
2016-02-05,2.1205,2.127,2.0791,2.0905,2.1226,2.129,2.0813,2.0925,0.002,1.49
2016-02-08,2.0893,2.1056,2.0698,2.0905,2.0914,2.1079,2.0719,2.0925,0.002,7.15
2016-02-09,2.0907,2.1032,2.0122,2.0381,2.093,2.1054,2.0143,2.0404,0.0023,10.28
2016-02-10,2.0383,2.0418,1.9976,2.013,2.0407,2.0438,1.9999,2.0151,0.0021,1.22
2016-02-11,2.0126,2.0293,1.9976,2.0106,2.0149,2.0315,1.9998,2.0129,0.0023,1.93
2016-02-12,2.0103,2.0418,2.0056,2.0334,2.0126,2.044,2.0078,2.0365,0.0031,1.07
2016-02-15,2.0434,2.0837,2.0428,2.0609,2.0457,2.0858,2.0449,2.0631,0.0022,4.65
2016-02-16,2.0603,2.0822,2.0461,2.0505,2.0632,2.0845,2.0483,2.0526,0.0021,7.79
2016-02-17,2.0498,2.0803,2.0397,2.0703,2.0527,2.0825,2.042,2.0724,0.0021,1.03
2016-02-18,2.0704,2.0778,2.0517,2.0711,2.0725,2.08,2.0539,2.0735,0.0024,0.86
2016-02-19,2.0713,2.0936,2.0586,2.0793,2.0737,2.0959,2.0608,2.0815,0.0022,0.82
2016-02-22,2.0798,2.1279,2.0796,2.1142,2.0821,2.1301,2.0819,2.1164,0.0022,5.76
2016-02-23,2.1145,2.1189,2.0886,2.0977,2.1167,2.1212,2.0908,2.0999,0.0022,6.58
2016-02-24,2.0975,2.1174,2.0632,2.117,2.0996,2.1195,2.0653,2.1192,0.0022,1.13
2016-02-25,2.1174,2.1177,2.0597,2.0809,2.1196,2.1199,2.0618,2.0831,0.0022,0.78
2016-02-26,2.081,2.155,2.0746,2.1093,2.0837,2.1577,2.0768,2.1114,0.0021,1.57
2016-02-29,2.1219,2.1219,2.1213,2.1219,2.1241,2.1242,2.1236,2.1241,0.0022,0.0
2016-03-01,2.1263,2.1484,2.0897,2.1434,2.1283,2.1783,2.0991,2.1461,0.0027,10.77
2016-03-02,2.1439,2.2004,2.0838,2.1869,2.1461,2.236,2.139,2.189,0.0021,1.78
2016-03-03,2.1873,2.219,2.0988,2.2113,2.1893,2.2213,2.1735,2.2136,0.0023,1.37
2016-03-04,2.2115,2.302,2.1749,2.2598,2.2142,2.3068,2.21,2.2627,0.0029,2.92
2016-03-07,2.2689,2.291,2.2206,2.2748,2.2717,2.3038,2.2471,2.2771,0.0023,10.97
2016-03-08,2.275,2.2764,2.1798,2.2189,2.2776,2.322,2.2071,2.2215,0.0026,12.11
2016-03-09,2.2188,2.2535,2.1869,2.2359,2.222,2.3221,2.208,2.2381,0.0022,1.81
2016-03-10,2.2359,2.243,2.1877,2.2248,2.2386,2.3201,2.2105,2.2276,0.0028,2.47
2016-03-11,2.2248,2.2565,2.1869,2.233,2.2281,2.3182,2.221,2.2363,0.0033,1.9
2016-03-14,2.2359,2.278,2.1881,2.2428,2.2392,2.3183,2.23,2.2457,0.0029,6.53
2016-03-15,2.2435,2.2454,2.1879,2.2398,2.2456,2.2517,2.211,2.2427,0.0029,6.83
2016-03-16,2.2398,2.27,2.1974,2.2559,2.2432,2.3178,2.227,2.2585,0.0026,1.48
2016-03-17,2.2559,2.299,2.2234,2.2924,2.259,2.3163,2.2586,2.2951,0.0027,2.21
2016-03-18,2.2929,2.3252,2.2236,2.2894,2.2952,2.3274,2.2801,2.2916,0.0022,1.68
2016-03-21,2.2793,2.3039,2.2242,2.288,2.2817,2.3128,2.2743,2.29,0.002,8.25
2016-03-22,2.2874,2.2965,2.2241,2.2893,2.2901,2.3118,2.2765,2.2921,0.0028,8.49
2016-03-23,2.2893,2.2985,2.2252,2.2395,2.2916,2.3126,2.2346,2.2416,0.0021,1.81
2016-03-24,2.2394,2.2455,2.1771,2.2398,2.2422,2.3145,2.2096,2.2421,0.0023,1.52
2016-03-28,2.2372,2.2543,2.2201,2.2411,2.2395,2.2565,2.2224,2.2434,0.0023,1.07
2016-03-29,2.2406,2.2467,2.1925,2.2205,2.2428,2.249,2.1983,2.2227,0.0022,2.78
2016-03-30,2.2198,2.2245,2.1793,2.1822,2.2227,2.3121,2.1828,2.1843,0.0021,0.38
2016-03-31,2.1827,2.1998,2.1648,2.1824,2.1849,2.2018,2.1669,2.1845,0.0021,0.49
2016-04-01,2.1823,2.203,2.1596,2.1719,2.1845,2.2051,2.1618,2.1746,0.0027,0.7
2016-04-04,2.1644,2.1735,2.102,2.1448,2.1665,2.1977,2.1425,2.1477,0.0029,8.06
2016-04-05,2.1445,2.1654,2.0984,2.1454,2.1478,2.1829,2.1388,2.148,0.0026,9.25
2016-04-06,2.1454,2.1565,2.102,2.1524,2.1476,2.1831,2.1383,2.1546,0.0022,1.57
2016-04-07,2.1518,2.159,2.0692,2.0789,2.1546,2.1718,2.0755,2.081,0.0021,2.61
2016-04-08,2.0783,2.1017,2.0692,2.0925,2.0812,2.1197,2.079,2.0952,0.0027,1.73
2016-04-11,2.0949,2.1037,2.0691,2.0836,2.0971,2.1181,2.0745,2.0858,0.0022,2.67
2016-04-12,2.0833,2.1548,2.0728,2.1503,2.0856,2.1571,2.0748,2.1526,0.0023,4.24
2016-04-13,2.1501,2.179,2.1427,2.1672,2.1525,2.1812,2.1448,2.1693,0.0021,0.61
2016-04-14,2.1674,2.1752,2.1396,2.1656,2.1696,2.1775,2.1419,2.1679,0.0023,0.58
2016-04-15,2.1654,2.1717,2.1342,2.1504,2.1675,2.174,2.1363,2.1525,0.0021,0.64
2016-04-18,2.1358,2.1732,2.1269,2.1667,2.1381,2.1753,2.129,2.1689,0.0022,3.54
2016-04-19,2.1664,2.2269,2.1416,2.2215,2.1687,2.2292,2.1438,2.2235,0.002,4.41
2016-04-20,2.221,2.2408,2.1927,2.2379,2.223,2.243,2.1948,2.2402,0.0023,0.69
2016-04-21,2.2378,2.2822,2.2172,2.251,2.24,2.2845,2.2194,2.2531,0.0021,1.11
2016-04-22,2.2512,2.3008,2.2341,2.2642,2.2535,2.3029,2.2364,2.2663,0.0021,1.1
2016-04-25,2.2657,2.2712,2.2433,2.2514,2.2679,2.2734,2.2454,2.2537,0.0023,4.18
2016-04-26,2.2511,2.2613,2.2217,2.247,2.2533,2.2634,2.2238,2.249,0.002,4.08
2016-04-27,2.2466,2.2497,2.1926,2.2002,2.2488,2.2519,2.1948,2.2024,0.0022,0.42
2016-04-28,2.2284,2.2314,2.1999,2.2269,2.2306,2.2342,2.203,2.229,0.0021,0.58
2016-04-29,2.2271,2.2978,2.2262,2.2764,2.2294,2.3,2.2284,2.2785,0.0021,0.76
2016-05-02,2.2727,2.2927,2.2557,2.2631,2.2749,2.2949,2.2579,2.2654,0.0023,2.19
2016-05-03,2.2643,2.2683,2.2102,2.2167,2.2665,2.2705,2.2123,2.2189,0.0022,4.59
2016-05-04,2.2172,2.2207,2.1788,2.1832,2.2194,2.2229,2.1809,2.1854,0.0022,0.67
2016-05-05,2.1838,2.1896,2.1412,2.1472,2.1859,2.1918,2.1441,2.1493,0.0021,0.72
2016-05-06,2.1468,2.1688,2.1347,2.1519,2.1489,2.171,2.1368,2.154,0.0021,0.77
2016-05-09,2.1446,2.148,2.0991,2.0996,2.1469,2.1501,2.1013,2.1018,0.0022,6.42
2016-05-10,2.0999,2.1188,2.0896,2.0941,2.102,2.1208,2.0918,2.0964,0.0023,7.47
2016-05-11,2.0945,2.1308,2.0926,2.0992,2.0963,2.133,2.0949,2.1015,0.0023,1.02
2016-05-12,2.0997,2.1373,2.0577,2.0727,2.1013,2.1395,2.0598,2.075,0.0023,1.48
2016-05-13,2.0731,2.0863,2.0616,2.0764,2.0749,2.0885,2.0639,2.0787,0.0023,1.4
2016-05-16,2.0701,2.1053,2.0616,2.0933,2.0724,2.1075,2.0638,2.0953,0.002,2.86
2016-05-17,2.0927,2.1107,2.068,2.0927,2.095,2.1129,2.07,2.0949,0.0022,3.45
2016-05-18,2.0921,2.0957,2.0466,2.0639,2.0943,2.098,2.0488,2.0661,0.0022,0.72
2016-05-19,2.0637,2.0692,2.0371,2.0632,2.066,2.0715,2.0393,2.0654,0.0022,0.58
2016-05-20,2.0635,2.0846,2.0502,2.0527,2.0656,2.087,2.0523,2.055,0.0023,0.57
2016-05-23,2.0527,2.0628,2.0423,2.0513,2.0548,2.0649,2.0445,2.0532,0.0019,2.69
2016-05-24,2.0513,2.0881,2.0478,2.0748,2.0536,2.0905,2.0501,2.0769,0.0021,3.44
2016-05-25,2.0743,2.1077,2.0702,2.1032,2.0766,2.11,2.0724,2.1054,0.0022,0.44
2016-05-26,2.1027,2.1242,2.0961,2.1002,2.1049,2.1264,2.0983,2.1025,0.0023,0.53
2016-05-27,2.0998,2.128,2.0896,2.1087,2.102,2.1302,2.0918,2.111,0.0023,0.51
2016-05-30,2.1087,2.1109,2.0903,2.1001,2.1109,2.1131,2.0925,2.1024,0.0023,0.75
2016-05-31,2.1003,2.1146,2.0741,2.0867,2.1027,2.117,2.0763,2.0889,0.0022,2.75
2016-06-01,2.0865,2.0882,2.0507,2.0736,2.0886,2.0905,2.0529,2.0759,0.0023,0.53
2016-06-02,2.0732,2.0767,2.057,2.0668,2.0755,2.079,2.0593,2.0689,0.0021,0.47
2016-06-03,2.0661,2.1338,2.0661,2.1163,2.0684,2.1367,2.0684,2.1183,0.002,0.76
2016-06-06,2.1174,2.1437,2.1115,2.117,2.1197,2.1459,2.1139,2.1191,0.0021,2.94
2016-06-07,2.1166,2.1237,2.044,2.0514,2.1189,2.126,2.0462,2.0535,0.0021,3.42
2016-06-08,2.0517,2.0806,2.0501,2.0702,2.0538,2.0829,2.0524,2.0725,0.0023,0.44
2016-06-09,2.0708,2.0848,2.012,2.0358,2.0729,2.0869,2.0142,2.038,0.0022,0.59
2016-06-10,2.036,2.0417,2.0167,2.0267,2.038,2.044,2.0189,2.0289,0.0022,0.52
2016-06-13,2.032,2.0648,2.0202,2.0546,2.034,2.067,2.0224,2.0569,0.0023,2.49
2016-06-14,2.0542,2.0578,2.0306,2.0381,2.0564,2.06,2.0329,2.0405,0.0024,2.4
2016-06-15,2.0387,2.1176,2.0376,2.0872,2.0409,2.1198,2.0398,2.0894,0.0022,0.76
2016-06-16,2.0874,2.0923,2.0346,2.0587,2.0896,2.0945,2.0369,2.0609,0.0022,0.58
2016-06-17,2.0593,2.0722,2.0446,2.0527,2.0613,2.0745,2.0469,2.0548,0.0021,0.55
2016-06-20,2.0666,2.0983,2.0594,2.0893,2.0688,2.1004,2.0615,2.0913,0.002,2.51
2016-06-21,2.0898,2.1298,2.0701,2.1242,2.0919,2.1319,2.0723,2.1265,0.0023,3.82
2016-06-22,2.1246,2.1437,2.1053,2.1364,2.1269,2.1459,2.1074,2.1386,0.0022,0.52
2016-06-23,2.1362,2.1741,2.1244,2.1519,2.1384,2.1764,2.1267,2.154,0.0021,0.83
2016-06-24,2.1536,2.1563,2.0648,2.1118,2.1558,2.1587,2.0671,2.1142,0.0024,0.94
2016-06-27,2.1068,2.1382,2.0983,2.1276,2.1097,2.1403,2.1005,2.1299,0.0023,4.14
2016-06-28,2.1274,2.1855,2.1194,2.1821,2.1296,2.1877,2.1215,2.1845,0.0024,3.87
2016-06-29,2.1818,2.1958,2.1607,2.1922,2.184,2.1979,2.1628,2.1943,0.0021,0.45
2016-06-30,2.1916,2.2047,2.1723,2.1972,2.1939,2.207,2.1743,2.1994,0.0022,0.6
2016-07-01,2.1976,2.2363,2.1626,2.2209,2.2,2.2384,2.1648,2.2231,0.0022,0.69
2016-07-04,2.2261,2.2468,2.2066,2.2147,2.2284,2.2488,2.2089,2.2169,0.0022,3.15
2016-07-05,2.2152,2.2176,2.1611,2.1788,2.2175,2.2198,2.1633,2.1811,0.0023,7.5
2016-07-06,2.1786,2.1892,2.1318,2.1534,2.181,2.1914,2.1341,2.1555,0.0021,1.44
2016-07-07,2.1536,2.1612,2.1156,2.1237,2.1558,2.1633,2.1179,2.1259,0.0022,1.11
2016-07-08,2.1235,2.1412,2.1155,2.1227,2.1255,2.1435,2.1178,2.1249,0.0022,1.19
2016-07-11,2.1254,2.1662,2.1204,2.1444,2.1275,2.1683,2.1226,2.1465,0.0021,4.8
2016-07-12,2.1439,2.2237,2.1437,2.2167,2.1461,2.226,2.1459,2.219,0.0023,8.29
2016-07-13,2.2164,2.2762,2.2059,2.2358,2.2187,2.2785,2.2081,2.2381,0.0023,1.14
2016-07-14,2.2363,2.2558,2.2263,2.2365,2.2384,2.258,2.2286,2.2389,0.0024,0.97
2016-07-15,2.2364,2.2702,2.2296,2.2352,2.2385,2.2725,2.2318,2.2374,0.0022,1.28
2016-07-18,2.2306,2.2456,2.2019,2.2429,2.2328,2.2479,2.204,2.2452,0.0023,3.74
2016-07-19,2.2432,2.2657,2.2227,2.2571,2.2453,2.2679,2.2247,2.2594,0.0023,3.29
2016-07-20,2.2574,2.2672,2.2201,2.2447,2.2596,2.2695,2.2224,2.247,0.0023,0.42
2016-07-21,2.2452,2.2717,2.2445,2.2567,2.2473,2.2739,2.2468,2.2588,0.0021,0.54
2016-07-22,2.2572,2.2692,2.2245,2.2353,2.2595,2.2714,2.2268,2.2374,0.0021,0.51
2016-07-25,2.2336,2.2447,2.2063,2.2223,2.2359,2.247,2.2084,2.2247,0.0024,2.41
2016-07-26,2.2221,2.2307,2.1982,2.2252,2.2243,2.2329,2.2004,2.2273,0.0021,2.92
2016-07-27,2.2246,2.2338,2.1807,2.1907,2.2269,2.236,2.1828,2.193,0.0023,0.5
2016-07-28,2.1912,2.2241,2.1912,2.2125,2.1934,2.2265,2.1934,2.2147,0.0022,0.32
2016-07-29,2.2123,2.2383,2.1882,2.2282,2.2144,2.2404,2.1903,2.2305,0.0023,0.44
2016-08-01,2.2209,2.2464,2.1853,2.1937,2.223,2.2485,2.1875,2.1959,0.0022,2.46
2016-08-02,2.1941,2.2442,2.1911,2.2092,2.1964,2.2464,2.1933,2.2114,0.0022,3.15
2016-08-03,2.2089,2.2133,2.1712,2.1971,2.2112,2.2155,2.1735,2.1993,0.0022,0.44
2016-08-04,2.1961,2.2033,2.1548,2.1747,2.1984,2.2054,2.1568,2.1769,0.0022,0.56
2016-08-05,2.1749,2.1806,2.1496,2.159,2.1771,2.1829,2.1518,2.1611,0.0021,0.48
2016-08-08,2.1542,2.1798,2.1531,2.1588,2.1564,2.182,2.1553,2.161,0.0022,2.01
2016-08-09,2.1583,2.1628,2.1392,2.1516,2.1605,2.165,2.1413,2.1539,0.0023,2.1
2016-08-10,2.1512,2.2036,2.1501,2.1722,2.1533,2.2058,2.1523,2.1743,0.0021,0.53
2016-08-11,2.1717,2.1922,2.1677,2.19,2.1739,2.1944,2.1699,2.1922,0.0022,0.36
2016-08-12,2.1897,2.1933,2.1356,2.1356,2.1919,2.1955,2.1379,2.1379,0.0023,0.57
2016-08-15,2.1369,2.1548,2.1362,2.1496,2.1392,2.1569,2.1383,2.1519,0.0023,2.19
2016-08-16,2.1491,2.1773,2.1426,2.1682,2.1514,2.1795,2.1448,2.1704,0.0022,2.86
2016-08-17,2.1683,2.1738,2.1451,2.1582,2.1705,2.176,2.1473,2.1603,0.0021,0.37
2016-08-18,2.1577,2.1881,2.1556,2.1675,2.16,2.1904,2.1578,2.1696,0.0021,0.45
2016-08-19,2.1672,2.1737,2.1567,2.1713,2.1693,2.1759,2.1589,2.1733,0.002,0.48
2016-08-22,2.1707,2.1711,2.126,2.1422,2.173,2.1735,2.1281,2.1444,0.0022,2.5
2016-08-23,2.1417,2.1468,2.1091,2.1137,2.1438,2.1492,2.1113,2.1158,0.0021,2.51
2016-08-24,2.1134,2.1196,2.0746,2.0788,2.1157,2.1219,2.0768,2.0808,0.002,0.77
2016-08-25,2.0785,2.0902,2.0736,2.0762,2.0805,2.0925,2.0758,2.0784,0.0022,0.59
2016-08-26,2.0765,2.0988,2.0692,2.0768,2.0785,2.101,2.0713,2.0788,0.002,0.8
2016-08-29,2.0793,2.0902,2.0768,2.0834,2.0816,2.0925,2.0789,2.0857,0.0023,1.52
2016-08-30,2.0832,2.0908,2.0687,2.0776,2.0854,2.0929,2.0709,2.08,0.0024,3.68
2016-08-31,2.0779,2.0789,2.0779,2.0788,2.0802,2.081,2.0802,2.0809,0.0021,0.0
2016-09-01,2.0783,2.0962,2.0731,2.0784,2.0806,2.0985,2.0754,2.0806,0.0022,0.67
2016-09-02,2.0787,2.0923,2.0736,2.0764,2.081,2.0945,2.0758,2.0786,0.0022,1.09
2016-09-05,2.0783,2.0878,2.0712,2.0809,2.0806,2.09,2.0733,2.0831,0.0022,3.86
2016-09-06,2.0808,2.0976,2.0782,2.0894,2.083,2.0998,2.0803,2.0915,0.0021,4.54
2016-09-07,2.0896,2.1108,2.0859,2.0954,2.0919,2.113,2.088,2.0976,0.0022,0.67
2016-09-08,2.0951,2.1048,2.0827,2.1021,2.0974,2.107,2.0853,2.1043,0.0022,0.71
2016-09-09,2.1019,2.1037,2.0846,2.0894,2.104,2.106,2.0868,2.0917,0.0023,0.86
2016-09-12,2.0884,2.1088,2.0633,2.1017,2.0907,2.111,2.0662,2.1037,0.002,6.31
2016-09-13,2.102,2.1173,2.0906,2.1001,2.1041,2.1195,2.0929,2.1024,0.0023,6.3
2016-09-14,2.0998,2.1602,2.0987,2.1526,2.1021,2.1623,2.101,2.1548,0.0022,0.84
2016-09-15,2.1524,2.1643,2.1441,2.1587,2.1547,2.1664,2.1463,2.1609,0.0022,0.92
2016-09-16,2.1589,2.1668,2.1461,2.1576,2.1611,2.169,2.1484,2.1599,0.0023,0.83
2016-09-19,2.1554,2.1582,2.1381,2.15,2.1575,2.1605,2.1403,2.1521,0.0021,3.55
2016-09-20,2.1501,2.1713,2.1446,2.1638,2.1523,2.1734,2.1469,2.1659,0.0021,4.62
2016-09-21,2.1639,2.1682,2.1491,2.1617,2.1662,2.1703,2.1513,2.1639,0.0022,0.68
2016-09-22,2.1618,2.1994,2.1613,2.1932,2.1641,2.2017,2.1634,2.1954,0.0022,0.96
2016-09-23,2.193,2.2057,2.1841,2.198,2.1951,2.2079,2.1862,2.2004,0.0024,1.14
2016-09-26,2.2034,2.2043,2.1804,2.1918,2.2057,2.2064,2.1826,2.1939,0.0021,4.1
2016-09-27,2.1918,2.1953,2.1597,2.1717,2.1942,2.1975,2.1618,2.1739,0.0022,5.17
2016-09-28,2.1715,2.2025,2.1682,2.2001,2.1736,2.2047,2.1703,2.2023,0.0022,0.89
2016-09-29,2.1998,2.2048,2.1802,2.1844,2.2021,2.2069,2.1823,2.1865,0.0021,0.96
2016-09-30,2.185,2.2183,2.1796,2.2097,2.187,2.2204,2.1818,2.2118,0.0021,0.99
2016-10-03,2.209,2.2148,2.1659,2.1946,2.211,2.217,2.1681,2.1969,0.0023,4.09
2016-10-04,2.1927,2.1933,2.1622,2.1677,2.1949,2.1955,2.1643,2.1698,0.0021,2.13
2016-10-05,2.1679,2.1797,2.158,2.1672,2.1701,2.182,2.1604,2.1695,0.0023,0.23
2016-10-06,2.1667,2.1707,2.1447,2.1517,2.169,2.173,2.1468,2.1539,0.0022,0.25
2016-10-07,2.1523,2.1819,2.1466,2.1657,2.1543,2.1841,2.1488,2.1678,0.0021,0.5
2016-10-10,2.1701,2.2017,2.1631,2.1957,2.1724,2.204,2.1655,2.198,0.0023,1.68
2016-10-11,2.1953,2.1987,2.1692,2.1872,2.1975,2.201,2.1713,2.1894,0.0022,2.18
2016-10-12,2.1868,2.1928,2.1737,2.1752,2.1888,2.195,2.176,2.1773,0.0021,0.27
2016-10-13,2.1747,2.1788,2.1157,2.1231,2.1769,2.181,2.118,2.1254,0.0023,0.42
2016-10-14,2.1229,2.1313,2.1036,2.1052,2.1252,2.1335,2.1058,2.1074,0.0022,0.75
2016-10-17,2.1041,2.1192,2.1021,2.1062,2.1063,2.1214,2.1043,2.1085,0.0023,1.3
2016-10-18,2.1058,2.1212,2.0908,2.1022,2.1079,2.1235,2.0931,2.1044,0.0022,1.31
2016-10-19,2.1027,2.1098,2.0866,2.1022,2.1049,2.1118,2.0888,2.1043,0.0021,0.2
2016-10-20,2.1016,2.1108,2.0845,2.0938,2.1037,2.113,2.0867,2.0958,0.002,0.21
2016-10-21,2.0934,2.0998,2.0848,2.0886,2.0955,2.1022,2.0872,2.0909,0.0023,0.47
2016-10-24,2.0879,2.1022,2.0847,2.0942,2.09,2.1044,2.0868,2.0964,0.0022,2.79
2016-10-25,2.0938,2.1457,2.0926,2.1356,2.0961,2.148,2.0948,2.1378,0.0022,5.74
2016-10-26,2.1359,2.1478,2.1252,2.1402,2.1381,2.15,2.1273,2.1423,0.0021,0.58
2016-10-27,2.14,2.1661,2.1294,2.1613,2.1422,2.1685,2.1317,2.1635,0.0022,0.8
2016-10-28,2.1609,2.1973,2.1572,2.1966,2.1631,2.1995,2.1594,2.199,0.0024,1.2
2016-11-01,2.2058,2.2348,2.1976,2.2307,2.2082,2.2374,2.1998,2.2328,0.0021,10.61
2016-11-02,2.231,2.2312,2.2056,2.2217,2.2331,2.2333,2.2078,2.2238,0.0021,0.92
2016-11-03,2.2219,2.2522,2.2172,2.2435,2.224,2.2544,2.2193,2.2456,0.0021,1.09
2016-11-04,2.2437,2.2683,2.2343,2.2574,2.2459,2.2705,2.2366,2.2595,0.0021,1.41
2016-11-07,2.2588,2.3162,2.2542,2.3103,2.261,2.3185,2.2563,2.3125,0.0022,6.3
2016-11-08,2.3103,2.3812,2.2886,2.3745,2.3126,2.3834,2.2908,2.3766,0.0021,10.56
2016-11-09,2.3738,2.4639,2.3158,2.4538,2.3761,2.4661,2.318,2.456,0.0022,1.87
2016-11-10,2.4535,2.5898,2.4521,2.5398,2.4555,2.592,2.4543,2.542,0.0022,3.26
2016-11-11,2.5393,2.7333,2.4948,2.5059,2.5414,2.7355,2.4972,2.508,0.0021,7.7
2016-11-14,2.5538,2.5586,2.5002,2.5145,2.6227,2.6246,2.5656,2.5829,0.0684,1.8
2016-11-15,2.5171,2.5674,2.4204,2.5042,2.5836,2.6329,2.4861,2.5662,0.062,3.94
2016-11-16,2.5002,2.5084,2.4379,2.4596,2.5692,2.5759,2.505,2.5253,0.0657,3.14
2016-11-17,2.4592,2.5043,2.4323,2.4757,2.5255,2.569,2.4982,2.5402,0.0645,2.28
2016-11-18,2.4772,2.4959,2.4422,2.4654,2.5468,2.562,2.508,2.5292,0.0638,2.53
2016-11-21,2.4649,2.5315,2.4592,2.5169,2.5307,2.5975,2.5244,2.5791,0.0622,2.07
2016-11-22,2.5154,2.5738,2.5124,2.5396,2.5818,2.6389,2.5772,2.6084,0.0688,2.51
2016-11-23,2.5396,2.623,2.514,2.6204,2.6055,2.6885,2.5801,2.6859,0.0655,2.52
2016-11-24,2.6187,2.7075,2.6184,2.6663,2.6873,2.7739,2.683,2.733,0.0667,3.41
2016-11-25,2.6604,2.6876,2.6347,2.6743,2.7314,2.7539,2.7011,2.7423,0.068,3.39
2016-11-28,2.6721,2.7514,2.643,2.6654,2.7413,2.8166,2.7092,2.7295,0.0641,3.54
2016-11-29,2.6632,2.6749,2.5827,2.6017,2.7319,2.7408,2.6483,2.6698,0.0681,3.21
2016-11-30,2.6053,2.6536,2.5449,2.633,2.6707,2.7193,2.6103,2.6937,0.0607,3.59
2016-12-01,2.6304,2.6663,2.6073,2.6272,2.6941,2.7318,2.673,2.6934,0.0662,2.89
2016-12-02,2.6261,2.6359,2.5905,2.6236,2.6933,2.702,2.6576,2.6872,0.0636,2.14
2016-12-05,2.6131,2.7111,2.5954,2.6864,2.6814,2.7766,2.6601,2.7534,0.067,2.48
2016-12-06,2.6899,2.7014,2.6441,2.6679,2.7553,2.7676,2.7111,2.7311,0.0632,2.4
2016-12-07,2.6687,2.7034,2.6184,2.6421,2.7342,2.7687,2.6851,2.7035,0.0614,2.72
2016-12-08,2.6376,2.668,2.6078,2.6218,2.7088,2.7339,2.6734,2.6871,0.0653,2.82
2016-12-09,2.6212,2.6634,2.6151,2.6435,2.6886,2.7286,2.68,2.7101,0.0666,2.16
2016-12-12,2.6674,2.6828,2.5896,2.5954,2.7379,2.7486,2.656,2.663,0.0676,2.29
2016-12-13,2.594,2.6279,2.5601,2.587,2.6587,2.6941,2.6271,2.6561,0.0691,1.92
2016-12-14,2.5872,2.6349,2.5642,2.5947,2.6566,2.7008,2.6305,2.6603,0.0656,2.0
2016-12-15,2.5933,2.6225,2.5701,2.5973,2.6577,2.6889,2.6356,2.6585,0.0612,2.11
2016-12-16,2.5984,2.612,2.5373,2.5424,2.6629,2.6783,2.602,2.6117,0.0693,1.59
2016-12-19,2.5412,2.557,2.47,2.4987,2.6088,2.624,2.5375,2.5642,0.0655,1.79
2016-12-20,2.4999,2.5086,2.4761,2.4946,2.5668,2.5739,2.5429,2.5612,0.0666,1.52
2016-12-21,2.4956,2.5199,2.4848,2.4872,2.5602,2.5858,2.551,2.5558,0.0686,1.34
2016-12-22,2.491,2.5069,2.4501,2.5055,2.5563,2.574,2.5164,2.5686,0.0631,1.5
2016-12-23,2.506,2.5132,2.4716,2.4747,2.5667,2.5774,2.5362,2.5426,0.0679,1.4
2016-12-27,2.4527,2.5287,2.444,2.5227,2.5179,2.5943,2.509,2.5888,0.0661,1.22
2016-12-28,2.5187,2.5358,2.4775,2.4969,2.5874,2.6016,2.5441,2.5637,0.0668,1.8
2016-12-29,2.4998,2.5243,2.4773,2.4857,2.5632,2.5893,2.5437,2.5568,0.0711,1.76
2016-12-30,2.4875,2.5165,2.4846,2.5048,2.5564,2.583,2.5506,2.5705,0.0657,1.34
2017-01-03,2.5079,2.5459,2.4781,2.4854,2.5759,2.6114,2.5456,2.5547,0.0693,2.63
2017-01-04,2.4858,2.5595,2.4671,2.5504,2.5507,2.6255,2.5331,2.6184,0.068,0.36
2017-01-05,2.5519,2.5869,2.5244,2.5289,2.6195,2.6529,2.5891,2.5984,0.0695,0.38
2017-01-06,2.532,2.5467,2.5104,2.5371,2.5998,2.6088,2.5171,2.544,0.0069,0.71
2017-01-09,2.544,2.5492,2.5173,2.5353,2.5503,2.5559,2.5241,2.5415,0.0062,4.91
2017-01-10,2.5356,2.627,2.529,2.6101,2.5418,2.6334,2.5354,2.6166,0.0065,6.93
2017-01-11,2.6104,2.6296,2.5945,2.601,2.6167,2.6364,2.6012,2.6074,0.0064,1.0
2017-01-12,2.6006,2.6743,2.5994,2.6656,2.6071,2.6811,2.6061,2.6724,0.0068,1.7
2017-01-13,2.6658,2.6968,2.6405,2.6964,2.6724,2.7036,2.6471,2.7032,0.0068,1.28
2017-01-16,2.7035,2.7057,2.6517,2.6603,2.7102,2.7124,2.6582,2.6672,0.0069,4.3
2017-01-17,2.6607,2.6631,2.6028,2.6197,2.6674,2.6699,2.6093,2.6261,0.0064,6.7
2017-01-18,2.6189,2.6297,2.6051,2.6146,2.6256,2.6363,2.6117,2.6215,0.0069,0.73
2017-01-19,2.615,2.6332,2.5827,2.6115,2.6214,2.6396,2.5889,2.6181,0.0066,0.94
2017-01-20,2.6113,2.6438,2.5866,2.6159,2.6179,2.6503,2.5927,2.6225,0.0066,1.01
2017-01-23,2.6174,2.6666,2.6157,2.6414,2.624,2.6736,2.6226,2.6481,0.0067,3.14
2017-01-24,2.6419,2.7292,2.6382,2.7202,2.6485,2.7357,2.6446,2.7265,0.0063,4.28
2017-01-25,2.7208,2.7219,2.6836,2.7123,2.7275,2.7286,2.6901,2.7185,0.0062,0.76
2017-01-26,2.7127,2.7286,2.6495,2.6648,2.7189,2.7352,2.6561,2.6713,0.0065,0.67
2017-01-27,2.6643,2.6912,2.6531,2.6906,2.6708,2.6978,2.6598,2.6973,0.0067,0.8
2017-01-30,2.6929,2.6957,2.6327,2.6665,2.6951,2.6979,2.6347,2.6689,0.0024,5.96
2017-01-31,2.6664,2.7343,2.6585,2.7264,2.6686,2.7385,2.6608,2.7285,0.0021,10.54
2017-02-01,2.7258,2.7366,2.7027,2.7105,2.7287,2.7389,2.7048,2.7129,0.0024,1.25
2017-02-02,2.7103,2.7225,2.6626,2.6823,2.7127,2.7247,2.6649,2.6845,0.0022,1.13
2017-02-03,2.6826,2.6932,2.6103,2.6165,2.685,2.6955,2.6166,2.6231,0.0066,1.34
2017-02-06,2.6178,2.6558,2.6171,2.6479,2.6248,2.6624,2.6236,2.6547,0.0068,5.27
2017-02-07,2.6479,2.6555,2.6225,2.6355,2.6545,2.662,2.6291,2.6427,0.0072,4.67
2017-02-08,2.636,2.6895,2.631,2.6682,2.6423,2.6961,2.6375,2.6748,0.0066,0.75
2017-02-09,2.6684,2.6745,2.6386,2.6538,2.675,2.6812,2.6452,2.6605,0.0067,0.72
2017-02-10,2.654,2.7756,2.636,2.7753,2.6605,2.7822,2.643,2.7814,0.0061,1.52
2017-02-13,2.7773,2.821,2.7688,2.7842,2.784,2.828,2.7753,2.7908,0.0066,6.45
2017-02-14,2.7842,2.8135,2.7116,2.7408,2.7908,2.8201,2.7184,2.7476,0.0068,7.98
2017-02-15,2.7404,2.7551,2.7199,2.7417,2.7469,2.7617,2.7267,2.7478,0.0061,0.95
2017-02-16,2.7417,2.762,2.6919,2.706,2.7481,2.7683,2.6987,2.7124,0.0064,0.97
2017-02-17,2.7053,2.7338,2.6756,2.7076,2.7118,2.7404,2.6822,2.7138,0.0062,1.05
2017-02-20,2.7086,2.7515,2.6989,2.7499,2.7151,2.758,2.7054,2.7565,0.0066,4.87
2017-02-21,2.749,2.7584,2.7302,2.7402,2.7553,2.765,2.7369,2.747,0.0068,5.85
2017-02-22,2.7406,2.7504,2.7076,2.7471,2.7473,2.7568,2.7142,2.7541,0.007,1.07
2017-02-23,2.7471,2.75,2.6513,2.6537,2.7539,2.7562,2.6581,2.6607,0.007,1.04
2017-02-24,2.6541,2.7052,2.653,2.6845,2.6606,2.7118,2.6597,2.6908,0.0063,0.89
2017-02-27,2.6922,2.7024,2.6661,2.6913,2.6986,2.709,2.6723,2.698,0.0067,1.49
2017-02-28,2.6922,2.7218,2.6769,2.7143,2.6983,2.7284,2.6836,2.7208,0.0065,1.58
2017-03-01,2.7156,2.7674,2.7047,2.7327,2.722,2.7738,2.7114,2.7391,0.0064,1.07
2017-03-02,2.7328,2.7437,2.6796,2.6832,2.7392,2.7502,2.686,2.69,0.0068,0.97
2017-03-03,2.6833,2.7098,2.6765,2.7081,2.69,2.7167,2.6831,2.7147,0.0066,1.05
2017-03-06,2.6951,2.6991,2.6442,2.6553,2.7016,2.7057,2.6512,2.6617,0.0064,1.06
2017-03-07,2.6551,2.6626,2.6048,2.615,2.6618,2.6692,2.6111,2.6218,0.0068,1.09
2017-03-08,2.6148,2.6335,2.5861,2.5891,2.6217,2.64,2.5931,2.5958,0.0067,0.93
2017-03-09,2.5889,2.5986,2.5571,2.5797,2.5957,2.6053,2.5636,2.5863,0.0066,0.99
2017-03-10,2.5789,2.6147,2.5761,2.5977,2.5858,2.6215,2.5824,2.6048,0.0071,1.06
2017-03-13,2.6036,2.6384,2.6007,2.6257,2.6098,2.6454,2.6074,2.632,0.0063,0.8
2017-03-14,2.6246,2.6489,2.5963,2.6428,2.6315,2.6555,2.6025,2.6493,0.0065,0.9
2017-03-15,2.6434,2.6762,2.6354,2.6694,2.6494,2.6826,2.6421,2.6759,0.0065,0.77
2017-03-16,2.669,2.6962,2.668,2.6767,2.6757,2.7028,2.6741,2.6833,0.0066,0.73
2017-03-17,2.6762,2.6953,2.6564,2.6897,2.6829,2.7016,2.6631,2.6962,0.0065,0.8
2017-03-20,2.6779,2.6971,2.6493,2.6561,2.6845,2.7035,2.656,2.6624,0.0063,0.81
2017-03-21,2.6563,2.6592,2.6023,2.6082,2.6626,2.6656,2.6088,2.6143,0.0061,0.92
2017-03-22,2.6084,2.6409,2.5862,2.6366,2.6153,2.6475,2.593,2.643,0.0064,1.11
2017-03-23,2.6373,2.6538,2.6126,2.6453,2.6435,2.6604,2.619,2.6517,0.0064,1.01
2017-03-24,2.6456,2.6492,2.6153,2.6396,2.6519,2.6558,2.6223,2.6462,0.0066,0.92
2017-03-27,2.6214,2.6364,2.5653,2.6292,2.6278,2.643,2.5717,2.6353,0.0061,0.33
2017-03-28,2.6284,2.6768,2.6139,2.6714,2.6348,2.6834,2.6204,2.6783,0.0069,0.06
2017-03-29,2.6714,2.6862,2.6561,2.674,2.6781,2.6929,2.6629,2.6805,0.0065,0.07
2017-03-30,2.6744,2.7158,2.652,2.6636,2.6808,2.7225,2.6589,2.6703,0.0067,0.07
2017-03-31,2.6645,2.6793,2.6305,2.6542,2.671,2.6858,2.637,2.6607,0.0065,0.07
2017-04-03,2.6454,2.6595,2.6006,2.6057,2.6522,2.6661,2.6072,2.6121,0.0064,0.03
2017-04-04,2.6061,2.6194,2.5927,2.6154,2.6128,2.6259,2.5992,2.6221,0.0067,0.03
2017-04-05,2.6156,2.6938,2.6122,2.6706,2.6222,2.7004,2.6188,2.6771,0.0065,0.08
2017-04-06,2.6711,2.6882,2.6474,2.6535,2.6776,2.6949,2.6537,2.6598,0.0063,0.06
2017-04-07,2.6539,2.6694,2.6031,2.6452,2.6603,2.6763,2.6096,2.6514,0.0062,0.08
2017-04-10,2.6359,2.641,2.5982,2.6008,2.6423,2.6477,2.605,2.6074,0.0066,0.07
2017-04-11,2.6014,2.6222,2.5815,2.6042,2.6079,2.6255,2.5847,2.607,0.0028,0.08
2017-04-12,2.6043,2.6077,2.5336,2.5387,2.6073,2.6111,2.5364,2.5418,0.0031,0.24
2017-04-13,2.5379,2.5873,2.5374,2.5687,2.541,2.5905,2.5404,2.5726,0.0039,0.53
2017-04-17,2.5721,2.6098,2.5636,2.5867,2.5754,2.613,2.5669,2.5899,0.0032,0.31
2017-04-18,2.5857,2.5905,2.5139,2.5282,2.5893,2.5939,2.5168,2.5311,0.0029,0.59
2017-04-19,2.528,2.5618,2.4925,2.5231,2.5314,2.5649,2.4956,2.5263,0.0032,0.74
2017-04-20,2.5233,2.5524,2.503,2.543,2.5263,2.5555,2.5061,2.5461,0.0031,0.75
2017-04-21,2.5437,2.5643,2.5233,2.5425,2.5465,2.5672,2.526,2.5455,0.003,0.63
2017-04-24,2.5605,2.5618,2.5338,2.5495,2.564,2.5647,2.5364,2.555,0.0055,0.55
2017-04-25,2.549,2.5913,2.5437,2.5782,2.5545,2.5943,2.5468,2.5809,0.0027,0.56
2017-04-26,2.5782,2.5957,2.5705,2.584,2.5813,2.5988,2.5735,2.587,0.003,0.47
2017-04-27,2.5837,2.5978,2.552,2.5913,2.5868,2.6007,2.555,2.5943,0.003,0.31
2017-04-28,2.5917,2.614,2.5862,2.6062,2.5948,2.617,2.589,2.6093,0.0031,0.35
2017-05-01,2.5997,2.6926,2.5923,2.6523,2.6028,2.6955,2.5952,2.6552,0.0029,0.17
2017-05-02,2.652,2.652,2.6207,2.6289,2.653,2.653,2.6237,2.6317,0.0028,0.37
2017-05-03,2.6289,2.6309,2.501,2.5254,2.6318,2.6337,2.5062,2.5283,0.0029,0.6
2017-05-04,2.5256,2.5441,2.4892,2.5119,2.5283,2.5468,2.4919,2.5147,0.0028,0.61
2017-05-05,2.5123,2.5372,2.5012,2.5338,2.5152,2.5403,2.5042,2.5367,0.0029,0.58
2017-05-08,2.5415,2.5416,2.4719,2.4902,2.5425,2.543,2.4745,2.4933,0.0031,0.51
2017-05-09,2.4898,2.5157,2.4793,2.4959,2.4927,2.5188,2.4822,2.4987,0.0028,0.34
2017-05-10,2.4961,2.5099,2.4826,2.494,2.4989,2.5127,2.4854,2.4969,0.0029,0.42
2017-05-11,2.4939,2.5513,2.4876,2.5089,2.4967,2.5542,2.4904,2.5117,0.0028,0.49
2017-05-12,2.5075,2.5273,2.5027,2.5248,2.5135,2.5302,2.5057,2.5277,0.0029,0.38
2017-05-15,2.5218,2.5557,2.5197,2.5344,2.5247,2.559,2.5227,2.5373,0.0029,0.4
2017-05-16,2.5349,2.5514,2.5203,2.5409,2.5377,2.5545,2.5232,2.5437,0.0028,0.38
2017-05-17,2.5409,2.5579,2.5252,2.5374,2.5438,2.5607,2.528,2.5402,0.0028,0.4
2017-05-18,2.5372,2.5381,2.4835,2.5323,2.5402,2.5407,2.4864,2.5352,0.0029,0.57
2017-05-19,2.5324,2.588,2.5269,2.587,2.5352,2.591,2.5297,2.5905,0.0035,0.51
2017-05-22,2.578,2.6029,2.5647,2.5929,2.581,2.606,2.5677,2.5957,0.0028,0.49
2017-05-23,2.5931,2.5991,2.5723,2.5904,2.5959,2.603,2.5749,2.5933,0.0029,0.4
2017-05-24,2.5909,2.592,2.5542,2.5764,2.5937,2.595,2.5572,2.5792,0.0028,0.4
2017-05-25,2.5765,2.6179,2.5713,2.5949,2.5795,2.6207,2.5739,2.5977,0.0028,0.37
2017-05-26,2.5949,2.6035,2.5523,2.5662,2.5975,2.6063,2.5552,2.5693,0.0031,0.38
2017-05-29,2.5695,2.593,2.5538,2.5631,2.5725,2.5957,2.5567,2.566,0.0029,0.07
2017-05-30,2.5628,2.5708,2.5378,2.563,2.5657,2.575,2.5405,2.5685,0.0055,0.82
2017-05-31,2.5635,2.5862,2.5527,2.5793,2.569,2.5904,2.5555,2.5835,0.0042,1.08
2017-06-01,2.5796,2.5934,2.5604,2.5775,2.584,2.598,2.565,2.5815,0.004,2.55
2017-06-02,2.578,2.5796,2.5245,2.5725,2.582,2.5845,2.53,2.5755,0.003,3.27
2017-06-05,2.5665,2.5708,2.5393,2.5556,2.5695,2.5737,2.5422,2.56,0.0044,2.2
2017-06-06,2.554,2.5643,2.513,2.5445,2.56,2.5685,2.519,2.5485,0.004,3.04
2017-06-07,2.5443,2.5572,2.5316,2.5485,2.5485,2.5615,2.5365,2.5521,0.0036,42.42
2017-06-08,2.5465,2.6154,2.5405,2.6075,2.552,2.62,2.5449,2.613,0.0055,66.63
2017-06-09,2.607,2.6494,2.5955,2.6415,2.6125,2.6545,2.5989,2.647,0.0055,64.08
2017-06-12,2.6413,2.6447,2.6083,2.6135,2.6439,2.648,2.6122,2.619,0.0055,4.95
2017-06-13,2.6148,2.6232,2.5784,2.5899,2.6177,2.6275,2.583,2.5945,0.0046,10.87
2017-06-14,2.5904,2.6029,2.5323,2.5515,2.5942,2.6075,2.5365,2.5555,0.004,13.04
2017-06-15,2.5513,2.5809,2.5513,2.564,2.5552,2.5855,2.5552,2.5685,0.0045,14.29
2017-06-16,2.5643,2.577,2.5534,2.5664,2.5682,2.5815,2.5585,2.5702,0.0038,9.63
2017-06-19,2.5625,2.5959,2.5579,2.5865,2.568,2.6005,2.562,2.5905,0.004,11.41
2017-06-20,2.5872,2.5902,2.544,2.5527,2.5912,2.595,2.549,2.5569,0.0042,12.04
2017-06-21,2.553,2.6066,2.5377,2.5967,2.5575,2.6104,2.5425,2.5998,0.0031,11.01
2017-06-22,2.5965,2.6131,2.5685,2.596,2.5995,2.6155,2.5725,2.599,0.003,13.15
2017-06-23,2.5961,2.6494,2.5899,2.6226,2.599,2.6532,2.5937,2.6264,0.0038,12.19
2017-06-26,2.6167,2.6441,2.6114,2.621,2.6198,2.6479,2.6152,2.627,0.006,15.79
2017-06-27,2.621,2.6538,2.6115,2.6397,2.6265,2.6566,2.6146,2.6428,0.0031,9.46
2017-06-28,2.638,2.6625,2.6338,2.6565,2.644,2.6655,2.6367,2.66,0.0035,4.6
2017-06-29,2.6565,2.699,2.655,2.6914,2.6595,2.702,2.6591,2.6952,0.0038,2.65
2017-06-30,2.6919,2.7155,2.6795,2.7087,2.6957,2.72,2.685,2.7118,0.0031,74.96
2017-07-03,2.705,2.709,2.6825,2.686,2.711,2.7131,2.6866,2.69,0.004,106.32
2017-07-04,2.686,2.6878,2.6645,2.68,2.6902,2.6925,2.6687,2.686,0.006,61.97
2017-07-05,2.68,2.6865,2.6405,2.658,2.6855,2.691,2.6451,2.6635,0.0055,91.94
2017-07-06,2.6575,2.668,2.649,2.654,2.663,2.6725,2.6533,2.6595,0.0055,58.84
2017-07-07,2.6551,2.6665,2.638,2.6475,2.6589,2.6709,2.6429,2.6505,0.003,54.7
2017-07-10,2.65,2.658,2.6285,2.6465,2.6548,2.663,2.6324,2.6503,0.0038,56.43
2017-07-11,2.6455,2.675,2.6395,2.6735,2.6515,2.6806,2.6443,2.6788,0.0053,76.15
2017-07-12,2.673,2.696,2.6715,2.682,2.6788,2.7007,2.677,2.6875,0.0055,86.16
2017-07-13,2.6815,2.6935,2.658,2.664,2.687,2.699,2.6624,2.6695,0.0055,66.84
2017-07-14,2.6635,2.693,2.6605,2.6895,2.669,2.6981,2.6659,2.695,0.0055,61.47
2017-07-17,2.6885,2.734,2.6805,2.724,2.694,2.7395,2.6859,2.73,0.006,80.13
2017-07-18,2.724,2.7324,2.7095,2.725,2.7295,2.7362,2.7146,2.7305,0.0055,86.57
2017-07-19,2.725,2.7342,2.7025,2.7045,2.731,2.738,2.7072,2.7092,0.0047,129.28
2017-07-20,2.704,2.7195,2.696,2.7141,2.7095,2.7251,2.7009,2.7179,0.0038,141.56
2017-07-21,2.713,2.7475,2.7095,2.723,2.719,2.7535,2.7147,2.7278,0.0048,202.26
2017-07-24,2.7175,2.7415,2.7145,2.738,2.7231,2.7466,2.7191,2.7428,0.0048,160.36
2017-07-25,2.738,2.8505,2.732,2.84,2.7428,2.8562,2.7369,2.8444,0.0044,375.01
2017-07-26,2.84,2.9025,2.829,2.864,2.8439,2.9073,2.8345,2.8683,0.0043,450.75
2017-07-27,2.8645,2.8945,2.8595,2.866,2.8688,2.8998,2.864,2.8707,0.0047,260.18
2017-07-28,2.8665,2.8805,2.839,2.8745,2.872,2.8854,2.8431,2.8797,0.0052,240.28
2017-07-31,2.8775,2.9175,2.875,2.888,2.8826,2.9226,2.8791,2.8927,0.0047,296.95
2017-08-01,2.8885,2.899,2.8635,2.875,2.8945,2.9047,2.8681,2.8806,0.0056,222.82
2017-08-02,2.875,2.888,2.859,2.8795,2.8794,2.8934,2.8634,2.8849,0.0054,235.23
2017-08-03,2.8801,2.892,2.8575,2.877,2.8839,2.8971,2.8619,2.8822,0.0052,221.26
2017-08-04,2.877,2.895,2.863,2.885,2.8812,2.9004,2.8671,2.8905,0.0055,242.97
2017-08-07,2.8866,2.9241,2.8695,2.9103,2.8914,2.9279,2.8739,2.9151,0.0048,227.2
2017-08-08,2.9103,2.9441,2.8895,2.9394,2.915,2.9485,2.8941,2.9442,0.0048,111.64
2017-08-09,2.9396,2.9525,2.9135,2.9274,2.9444,2.9573,2.9178,2.9312,0.0038,138.51
2017-08-10,2.9264,2.9364,2.892,2.8985,2.9312,2.9412,2.8963,2.9032,0.0047,124.64
2017-08-11,2.899,2.912,2.869,2.911,2.9032,2.9168,2.8733,2.9148,0.0038,138.04
2017-08-14,2.911,2.918,2.885,2.8976,2.9148,2.9225,2.8894,2.9014,0.0038,113.58
2017-08-15,2.898,2.911,2.873,2.8771,2.9017,2.9155,2.8775,2.8809,0.0038,105.77
2017-08-16,2.8776,2.9769,2.8739,2.9615,2.8814,2.9814,2.8782,2.9675,0.006,158.37
2017-08-17,2.9615,2.9799,2.8749,2.9134,2.9659,2.9847,2.8794,2.9179,0.0045,149.9
2017-08-18,2.9134,2.9578,2.913,2.9353,2.9182,2.9626,2.9172,2.9398,0.0045,198.16
2017-08-21,2.9305,3.0001,2.928,2.9778,2.936,3.0046,2.9335,2.9824,0.0046,278.07
2017-08-22,2.9778,3.0124,2.9645,2.9869,2.9826,3.0172,2.9686,2.9917,0.0048,158.97
2017-08-23,2.9867,2.9899,2.962,2.9822,2.9915,2.9945,2.9665,2.987,0.0048,66.73
2017-08-24,2.982,3.0459,2.978,3.0325,2.988,3.0504,2.9827,3.038,0.0055,71.35
2017-08-25,3.033,3.0544,3.015,3.0335,3.0385,3.0585,3.0198,3.0382,0.0047,69.07
2017-08-28,3.041,3.0851,3.0357,3.0515,3.047,3.0895,3.0388,3.0559,0.0044,16.58
2017-08-29,3.0521,3.0963,3.0521,3.0765,3.0569,3.1009,3.0564,3.0825,0.006,43.63
2017-08-30,3.0765,3.0927,3.0572,3.0859,3.083,3.0975,3.0616,3.0897,0.0038,31.18
2017-08-31,3.0854,3.1323,3.0851,3.106,3.0892,3.1364,3.0887,3.1095,0.0035,7.58
2017-09-01,3.1065,3.1223,3.0885,3.1203,3.112,3.1269,3.0926,3.1241,0.0038,5.17
2017-09-04,3.1357,3.155,3.1197,3.1515,3.1388,3.1594,3.1228,3.1561,0.0046,6.15
2017-09-05,3.1505,3.1757,3.1125,3.1294,3.156,3.18,3.1167,3.1332,0.0038,3.35
2017-09-06,3.1295,3.1586,3.1258,3.1542,3.1332,3.1634,3.1296,3.159,0.0048,3.22
2017-09-07,3.1551,3.1561,3.1103,3.147,3.1589,3.1606,3.1149,3.1508,0.0038,3.05
2017-09-08,3.1465,3.161,3.0318,3.0375,3.152,3.1656,3.0366,3.0413,0.0038,4.92
2017-09-11,3.0407,3.081,3.0335,3.0709,3.0438,3.0858,3.0378,3.0747,0.0038,3.38
2017-09-12,3.0709,3.0719,3.0165,3.037,3.0757,3.0765,3.0213,3.0408,0.0038,3.41
2017-09-13,3.036,3.0436,2.9687,2.9806,3.0408,3.0481,2.9734,2.9844,0.0038,3.4
2017-09-14,2.9811,2.9878,2.9342,2.9596,2.9849,2.992,2.9388,2.9634,0.0038,3.59
2017-09-15,2.9601,2.9736,2.9313,2.9511,2.9639,2.978,2.934,2.9559,0.0048,3.51
2017-09-18,2.957,2.9915,2.9532,2.973,2.96,2.9955,2.9578,2.9775,0.0045,2.89
2017-09-19,2.9739,2.982,2.9585,2.9756,2.977,2.987,2.9615,2.9794,0.0038,50.48
2017-09-20,2.9756,2.992,2.9505,2.96,2.978,2.9955,2.9572,2.9647,0.0047,626.46
2017-09-21,2.9599,2.9609,2.92,2.9295,2.9647,2.9655,2.9215,2.9328,0.0033,2249.82
2017-09-22,2.9295,2.947,2.8915,2.943,2.9338,2.9515,2.8947,2.9488,0.0058,2239.35
2017-09-25,2.947,2.9575,2.922,2.9425,2.9525,2.9609,2.9242,2.945,0.0025,1607.82
2017-09-26,2.942,2.9635,2.905,2.9145,2.945,2.968,2.9087,2.9187,0.0042,1641.73
2017-09-27,2.9145,2.947,2.9114,2.927,2.9182,2.9516,2.9156,2.9313,0.0043,1732.0
2017-09-28,2.927,2.987,2.9025,2.9729,2.9308,2.9916,2.9053,2.9768,0.0039,1832.36
2017-09-29,2.974,2.9895,2.943,2.9518,2.98,2.9944,2.9471,2.9566,0.0048,1372.34
2017-10-02,2.968,2.9723,2.935,2.946,2.974,2.9775,2.9397,2.9507,0.0047,870.79
2017-10-03,2.9465,2.9695,2.924,2.9545,2.9526,2.9746,2.928,2.9601,0.0056,820.81
2017-10-04,2.9552,2.969,2.9445,2.9545,2.9592,2.9737,2.9492,2.9593,0.0048,691.24
2017-10-05,2.9555,3.047,2.9535,3.0385,2.9593,3.0526,2.9583,3.0438,0.0053,921.36
2017-10-06,3.0385,3.053,3.0155,3.0215,3.0443,3.0586,3.0206,3.0263,0.0048,838.81
2017-10-09,3.019,3.0335,3.0095,3.027,3.0245,3.0393,3.0143,3.0318,0.0048,1557.01
2017-10-10,3.0275,3.0675,3.0259,3.061,3.0318,3.0741,3.0308,3.065,0.004,1656.65
2017-10-11,3.0615,3.0977,3.05,3.0925,3.0655,3.1027,3.0552,3.0975,0.005,1704.87
2017-10-12,3.0925,3.1339,3.0815,3.122,3.097,3.1385,3.0862,3.1258,0.0038,7.29
2017-10-13,3.121,3.141,3.1102,3.1285,3.1258,3.145,3.1148,3.1325,0.004,6.41
2017-10-16,3.1285,3.2574,3.1102,3.236,3.1345,3.262,3.1147,3.2398,0.0038,9.38
2017-10-17,3.235,3.241,3.1852,3.2029,3.2398,3.2455,3.1903,3.2067,0.0038,7.06
2017-10-18,3.2024,3.214,3.1686,3.1734,3.2063,3.2189,3.1732,3.1772,0.0038,6.9
2017-10-19,3.172,3.1842,3.1355,3.1674,3.178,3.1885,3.1403,3.1713,0.0039,7.32
2017-10-20,3.1669,3.2084,3.1405,3.1654,3.1708,3.213,3.1452,3.1692,0.0038,9.08
2017-10-23,3.1653,3.1871,3.1504,3.1855,3.1682,3.192,3.1537,3.1893,0.0038,18.13
2017-10-24,3.1845,3.2347,3.1797,3.1942,3.1893,3.2407,3.1843,3.1992,0.005,6.77
2017-10-25,3.195,3.201,3.142,3.1825,3.2,3.2055,3.1467,3.1863,0.0038,10.84
2017-10-26,3.182,3.198,3.1562,3.173,3.1858,3.2025,3.1603,3.1771,0.0041,6.83
2017-10-27,3.1729,3.1729,3.0709,3.1004,3.1775,3.1775,3.0755,3.1042,0.0038,5.44
2017-10-30,3.0975,3.1155,3.085,3.1055,3.1005,3.1198,3.0897,3.1096,0.0041,2.99
2017-10-31,3.1055,3.1349,3.0899,3.1117,3.1093,3.1395,3.0947,3.1158,0.0041,3.07
2017-11-01,3.112,3.181,3.1105,3.1394,3.1158,3.1855,3.1153,3.1432,0.0038,4.01
2017-11-02,3.1384,3.1677,3.111,3.1424,3.1432,3.1723,3.1158,3.1463,0.0039,3.88
2017-11-03,3.1424,3.1517,3.1029,3.1135,3.1463,3.1568,3.1072,3.1175,0.004,3.13
2017-11-06,3.1182,3.1694,3.117,3.159,3.1213,3.1742,3.1207,3.1628,0.0038,3.37
2017-11-07,3.1585,3.164,3.0805,3.0902,3.1623,3.1685,3.0853,3.0942,0.004,3.06
2017-11-08,3.0902,3.1094,3.0635,3.0955,3.0952,3.114,3.0684,3.0993,0.0038,3.66
2017-11-09,3.0955,3.1055,3.0555,3.0895,3.1,3.11,3.0602,3.094,0.0045,3.76
2017-11-10,3.0895,3.1074,3.0647,3.0722,3.0935,3.112,3.07,3.077,0.0048,3.05
2017-11-13,3.0805,3.1347,3.0655,3.1165,3.086,3.139,3.071,3.1225,0.006,20.43
2017-11-14,3.1165,3.1255,3.0462,3.0537,3.1217,3.1317,3.0512,3.0578,0.0041,140.51
2017-11-15,3.054,3.062,3.0315,3.052,3.0578,3.0664,3.0362,3.0558,0.0038,15.03
2017-11-16,3.051,3.076,3.0325,3.051,3.0558,3.081,3.0373,3.0552,0.0042,9.45
2017-11-17,3.0515,3.0704,3.0297,3.068,3.0553,3.075,3.0337,3.072,0.004,2.91
2017-11-20,3.0695,3.0917,3.0462,3.0864,3.0725,3.097,3.0517,3.0912,0.0048,3.39
2017-11-21,3.0864,3.13,3.077,3.1244,3.0912,3.1353,3.0817,3.1293,0.0049,2.98
2017-11-22,3.1249,3.1424,3.116,3.1319,3.1288,3.147,3.1211,3.1357,0.0038,2.91
2017-11-23,3.1319,3.1555,3.1217,3.1475,3.1367,3.16,3.1267,3.1515,0.004,10.48
2017-11-24,3.147,3.1734,3.1445,3.1714,3.151,3.1779,3.1485,3.1752,0.0038,46.92
2017-11-27,3.1679,3.1735,3.118,3.1265,3.1717,3.1784,3.1227,3.1313,0.0048,2.92
2017-11-28,3.1274,3.1324,3.064,3.0697,3.1322,3.137,3.069,3.075,0.0053,4.22
2017-11-29,3.0707,3.0824,3.0307,3.0709,3.075,3.0865,3.036,3.0747,0.0038,3.97
2017-11-30,3.0699,3.091,3.049,3.0715,3.0737,3.0955,3.054,3.0753,0.0038,2.73
2017-12-01,3.0705,3.124,3.0642,3.095,3.076,3.128,3.0688,3.0988,0.0038,3.08
2017-12-04,3.0992,3.116,3.0822,3.0875,3.1023,3.1205,3.0863,3.0913,0.0038,2.49
2017-12-05,3.0872,3.0985,2.9409,2.9569,3.0913,3.103,2.9453,2.9607,0.0038,3.88
2017-12-06,2.9559,2.9862,2.9481,2.965,2.9607,2.991,2.9522,2.9698,0.0048,2.63
2017-12-07,2.965,2.9935,2.949,2.9654,2.9688,2.9978,2.9538,2.9702,0.0048,2.65
2017-12-08,2.9659,2.9895,2.9564,2.9775,2.9707,2.994,2.9621,2.9823,0.0048,2.54
2017-12-11,2.9793,3.017,2.9605,3.013,2.9822,3.021,2.9658,3.0168,0.0038,2.69
2017-12-12,3.0125,3.026,2.9975,3.019,3.0168,3.031,3.0028,3.0228,0.0038,2.16
2017-12-13,3.018,3.0595,3.0107,3.055,3.0228,3.064,3.0153,3.0588,0.0038,2.27
2017-12-14,3.054,3.0814,3.0295,3.0695,3.0588,3.0875,3.0346,3.0733,0.0038,2.87
2017-12-15,3.0685,3.137,3.0605,3.1365,3.0733,3.1416,3.0653,3.1403,0.0038,2.6
2017-12-18,3.1315,3.1454,3.1094,3.1395,3.1345,3.15,3.1142,3.1443,0.0048,2.47
2017-12-19,3.1404,3.155,3.111,3.141,3.1452,3.1605,3.1158,3.145,0.004,2.29
2017-12-20,3.141,3.2095,3.1354,3.1925,3.146,3.2144,3.1403,3.1963,0.0038,3.3
2017-12-21,3.1925,3.2172,3.179,3.2085,3.1973,3.2221,3.1843,3.2125,0.004,2.47
2017-12-22,3.2085,3.2409,3.1917,3.237,3.2135,3.2457,3.1963,3.2418,0.0048,2.44
2017-12-25,3.235,3.237,3.2315,3.232,3.241,3.2425,3.237,3.2375,0.0055,0.07
2017-12-26,3.2315,3.2965,3.228,3.2675,3.237,3.3023,3.2335,3.273,0.0055,2.86
2017-12-27,3.2675,3.2937,3.2447,3.2742,3.2735,3.2985,3.2502,3.2783,0.0041,4.41
2017-12-28,3.2747,3.319,3.2665,3.3014,3.2788,3.3245,3.271,3.3052,0.0038,6.56
2017-12-29,3.3014,3.3129,3.2575,3.291,3.3062,3.317,3.2627,3.2948,0.0038,2.61
2018-01-01,3.289,3.2925,3.2845,3.285,3.295,3.298,3.29,3.2905,0.0055,0.15
2018-01-02,3.2855,3.3055,3.2652,3.2765,3.291,3.311,3.2693,3.2806,0.0041,3.69
2018-01-03,3.276,3.2765,3.234,3.25,3.2806,3.2811,3.2381,3.2548,0.0048,5.88
2018-01-04,3.2499,3.2955,3.2425,3.26,3.2547,3.3001,3.2462,3.2655,0.0055,7.64
2018-01-05,3.261,3.274,3.22,3.2305,3.2658,3.278,3.2241,3.2343,0.0038,6.4
2018-01-08,3.228,3.2425,3.2175,3.231,3.2328,3.247,3.2223,3.2348,0.0038,5.14
2018-01-09,3.23,3.2565,3.2105,3.222,3.2348,3.2608,3.2148,3.2258,0.0038,3.57
2018-01-10,3.2217,3.2719,3.2155,3.2389,3.2258,3.2757,3.2198,3.2427,0.0038,4.31
2018-01-11,3.2389,3.254,3.2055,3.229,3.2437,3.2585,3.2098,3.2328,0.0038,3.8
2018-01-12,3.228,3.2467,3.2135,3.2235,3.2328,3.2515,3.2182,3.2277,0.0042,3.82
2018-01-15,3.228,3.288,3.2255,3.2684,3.231,3.2927,3.2297,3.2722,0.0038,5.1
2018-01-16,3.2684,3.2744,3.181,3.2119,3.2732,3.279,3.1855,3.216,0.0041,6.29
2018-01-17,3.2119,3.2184,3.176,3.1918,3.2158,3.223,3.1808,3.1956,0.0038,7.48
2018-01-18,3.1918,3.2125,3.1815,3.2015,3.1968,3.2164,3.1856,3.2053,0.0038,6.69
2018-01-19,3.2015,3.232,3.182,3.1835,3.2056,3.236,3.1863,3.1883,0.0048,4.35
2018-01-22,3.186,3.2155,3.1845,3.202,3.189,3.2205,3.1888,3.2058,0.0038,4.84
2018-01-23,3.202,3.2105,3.1069,3.1184,3.2068,3.2145,3.1105,3.1224,0.004,4.73
2018-01-24,3.1184,3.2404,3.1176,3.2259,3.1234,3.2447,3.1215,3.231,0.0051,5.43
2018-01-25,3.2259,3.2559,3.1932,3.1944,3.2307,3.2605,3.1985,3.199,0.0046,6.08
2018-01-26,3.1944,3.226,3.182,3.197,3.199,3.2305,3.188,3.203,0.006,4.84
2018-01-29,3.2085,3.2329,3.188,3.2012,3.2125,3.2385,3.194,3.206,0.0048,4.34
2018-01-30,3.2012,3.2089,3.1505,3.1874,3.2057,3.2135,3.155,3.1905,0.0031,5.37
2018-01-31,3.1864,3.2295,3.1764,3.2049,3.1905,3.235,3.18,3.2092,0.0043,10.86
2018-02-01,3.2049,3.2204,3.1794,3.2174,3.211,3.225,3.186,3.2225,0.0051,7.91
2018-02-02,3.2174,3.2424,3.1624,3.175,3.2225,3.247,3.168,3.1805,0.0055,6.43
2018-02-05,3.1723,3.2555,3.1706,3.1855,3.1765,3.26,3.176,3.1905,0.005,7.12
2018-02-06,3.1855,3.2175,3.1585,3.2085,3.19,3.222,3.1645,3.2135,0.005,12.51
2018-02-07,3.209,3.2265,3.0845,3.099,3.2135,3.231,3.088,3.1015,0.0025,7.53
2018-02-08,3.098,3.1175,3.0582,3.0735,3.1015,3.1215,3.0645,3.078,0.0045,8.79
2018-02-09,3.0735,3.0825,3.0235,3.0415,3.078,3.087,3.029,3.046,0.0045,9.52
2018-02-12,3.049,3.0955,3.0472,3.0845,3.0535,3.0995,3.0523,3.089,0.0045,6.02
2018-02-13,3.0835,3.1677,3.077,3.1619,3.0886,3.1715,3.0825,3.1657,0.0038,5.92
2018-02-14,3.1619,3.2357,3.137,3.2334,3.1667,3.2407,3.142,3.237,0.0036,6.74
2018-02-15,3.2324,3.246,3.21,3.2409,3.2372,3.2515,3.2137,3.2447,0.0038,1.86
2018-02-16,3.2407,3.2695,3.2325,3.237,3.2447,3.2735,3.2357,3.241,0.004,1.39
2018-02-19,3.232,3.2425,3.1895,3.204,3.2375,3.2465,3.1945,3.2085,0.0045,1.19
2018-02-20,3.2045,3.2085,3.178,3.1849,3.2085,3.2135,3.1813,3.1888,0.0039,1.11
2018-02-21,3.1839,3.2265,3.1615,3.194,3.1888,3.2315,3.1647,3.1972,0.0032,1.34
2018-02-22,3.194,3.241,3.151,3.2305,3.197,3.2465,3.1537,3.236,0.0055,9.13
2018-02-23,3.2305,3.232,3.1852,3.2057,3.2365,3.2375,3.193,3.2103,0.0046,6.33
2018-02-26,3.2037,3.2299,3.1849,3.2216,3.2095,3.236,3.191,3.2265,0.0049,5.25
2018-02-27,3.22,3.2347,3.1607,3.1807,3.226,3.2395,3.166,3.1847,0.004,5.91
2018-02-28,3.1797,3.1842,3.1239,3.1299,3.1847,3.1885,3.128,3.1347,0.0048,5.27
2018-03-01,3.1299,3.1462,3.0957,3.1267,3.1335,3.15,3.102,3.1317,0.005,6.57
2018-03-02,3.1272,3.1442,3.1057,3.1323,3.1315,3.1485,3.1115,3.1352,0.0029,6.17
2018-03-05,3.1297,3.1367,3.0932,3.1299,3.1345,3.141,3.0985,3.134,0.0041,5.22
2018-03-06,3.1304,3.1759,3.1264,3.1449,3.1345,3.1805,3.132,3.15,0.0051,6.11
2018-03-07,3.1439,3.1564,3.1159,3.1339,3.1495,3.161,3.1205,3.1377,0.0038,4.99
2018-03-08,3.1342,3.1377,3.069,3.0804,3.1382,3.1425,3.074,3.085,0.0046,3.59
2018-03-09,3.079,3.1454,3.0534,3.1392,3.085,3.15,3.0585,3.1432,0.004,4.18
2018-03-12,3.1409,3.1539,3.1084,3.124,3.1447,3.1585,3.1125,3.1285,0.0045,3.68
2018-03-13,3.1245,3.145,3.1015,3.1344,3.1285,3.147,3.106,3.1382,0.0038,3.74
2018-03-14,3.134,3.1907,3.1264,3.1554,3.137,3.1945,3.129,3.159,0.0036,4.42
2018-03-15,3.1554,3.165,3.1069,3.1219,3.1595,3.169,3.1105,3.1255,0.0036,3.6
2018-03-16,3.1215,3.1487,3.0892,3.1089,3.1255,3.152,3.0925,3.1128,0.0039,3.04
2018-03-19,3.1054,3.1064,3.0584,3.0799,3.1097,3.1097,3.061,3.0837,0.0038,3.88
2018-03-20,3.0795,3.0939,3.0293,3.0409,3.0825,3.0965,3.032,3.0435,0.0026,4.0
2018-03-21,3.0406,3.0944,3.0159,3.0792,3.0447,3.096,3.0185,3.0805,0.0013,5.61
2018-03-22,3.0783,3.0903,3.0021,3.0215,3.0805,3.0915,3.006,3.0255,0.004,5.59
2018-03-23,3.0229,3.03,2.97,2.9719,3.026,3.0325,2.975,2.9758,0.0039,7.93
2018-03-26,2.9854,2.9997,2.9355,2.9885,2.9905,3.0045,2.941,2.9915,0.003,5.72
2018-03-27,2.9883,3.0229,2.9745,2.985,2.9915,3.0265,2.98,2.9905,0.0055,13.6
2018-03-28,2.985,3.007,2.966,2.9975,2.991,3.0127,2.972,3.0032,0.0057,24.34
2018-03-29,2.9975,3.046,2.992,3.0175,3.0027,3.0515,2.9975,3.029,0.0115,14.64
2018-04-02,3.0465,3.0695,3.034,3.039,3.052,3.075,3.0395,3.0445,0.0055,5.27
2018-04-03,3.038,3.0684,3.0375,3.0644,3.044,3.0725,3.043,3.0682,0.0038,10.32
2018-04-04,3.0642,3.0644,2.967,3.0195,3.0682,3.0694,2.9715,3.0247,0.0052,20.45
2018-04-05,3.0195,3.085,3.011,3.037,3.0242,3.0907,3.0167,3.0427,0.0057,14.19
2018-04-06,3.0387,3.0575,3.022,3.037,3.0444,3.0618,3.0262,3.0413,0.0043,17.86
2018-04-09,3.0445,3.0833,3.033,3.0695,3.049,3.0872,3.0375,3.0742,0.0047,17.23
2018-04-10,3.0704,3.1395,3.065,3.134,3.0747,3.1439,3.07,3.1389,0.0049,17.36
2018-04-11,3.134,3.145,3.099,3.109,3.1389,3.149,3.1017,3.1138,0.0048,10.45
2018-04-12,3.1092,3.1204,3.0381,3.0534,3.1138,3.1244,3.0422,3.0572,0.0038,6.22
2018-04-13,3.0532,3.0906,3.0519,3.0638,3.0572,3.0945,3.0557,3.0678,0.004,4.4
2018-04-16,3.0688,3.115,3.0423,3.0878,3.0729,3.119,3.0465,3.0917,0.0039,4.7
2018-04-17,3.0879,3.0998,3.0525,3.0823,3.0918,3.1037,3.0565,3.0864,0.0041,4.8
2018-04-18,3.0824,3.1763,3.0729,3.1603,3.0864,3.1802,3.0747,3.1642,0.0039,6.35
2018-04-19,3.1604,3.1925,3.1105,3.1254,3.1642,3.197,3.1147,3.1297,0.0043,7.22
2018-04-20,3.1252,3.1445,3.1028,3.1334,3.1292,3.1485,3.1075,3.1373,0.0039,5.59
2018-04-23,3.1314,3.159,3.0757,3.1043,3.1357,3.163,3.0797,3.1082,0.0039,5.97
2018-04-24,3.1043,3.1661,3.0983,3.1353,3.1083,3.17,3.1023,3.139,0.0037,5.6
2018-04-25,3.1352,3.1515,3.1136,3.1292,3.139,3.1559,3.118,3.1335,0.0043,5.85
2018-04-26,3.1295,3.1426,3.0847,3.1409,3.134,3.147,3.09,3.1455,0.0046,6.19
2018-04-27,3.1411,3.1436,3.05,3.0715,3.146,3.148,3.054,3.0769,0.0054,5.02
2018-04-30,3.0727,3.086,3.0554,3.0716,3.0767,3.09,3.0592,3.0758,0.0042,3.47
2018-05-01,3.0718,3.0816,3.0175,3.0474,3.0757,3.0862,3.0215,3.0512,0.0038,4.63
2018-05-02,3.0469,3.085,3.0469,3.0629,3.0507,3.0892,3.0507,3.0668,0.0039,5.78
2018-05-03,3.0634,3.1202,3.054,3.0891,3.0672,3.124,3.058,3.0932,0.0041,6.03
2018-05-04,3.0896,3.1025,3.0517,3.0813,3.0937,3.1067,3.0562,3.0857,0.0044,5.18
2018-05-07,3.0839,3.1032,3.0606,3.0724,3.0877,3.107,3.0647,3.0762,0.0038,2.95
2018-05-08,3.0719,3.089,3.0123,3.0637,3.0757,3.093,3.0162,3.0678,0.0041,5.24
2018-05-09,3.0637,3.0664,3.0379,3.0608,3.0677,3.0713,3.0419,3.0649,0.0041,4.36
2018-05-10,3.0608,3.1161,3.0504,3.1074,3.0648,3.12,3.0549,3.1113,0.0039,5.14
2018-05-11,3.1074,3.1244,3.1002,3.1081,3.1118,3.1282,3.1042,3.1122,0.0041,3.81
2018-05-14,3.1139,3.1294,3.0744,3.0872,3.1182,3.1333,3.079,3.092,0.0048,3.62
2018-05-15,3.0869,3.1015,3.0334,3.0539,3.092,3.1055,3.0375,3.058,0.0041,4.59
2018-05-16,3.0537,3.0787,3.0427,3.0772,3.058,3.0825,3.047,3.081,0.0038,3.9
2018-05-17,3.0767,3.1001,3.0684,3.0834,3.081,3.103,3.0715,3.087,0.0036,3.77
2018-05-18,3.0829,3.0894,3.0551,3.0632,3.087,3.0935,3.0585,3.0677,0.0045,3.42
2018-05-21,3.07,3.1083,3.0656,3.0972,3.074,3.1135,3.0695,3.1015,0.0043,3.41
2018-05-22,3.0974,3.1469,3.0869,3.1243,3.1015,3.1515,3.0907,3.1282,0.0039,4.08
2018-05-23,3.1243,3.1303,3.0495,3.0704,3.1284,3.1342,3.0535,3.0744,0.004,5.38
2018-05-24,3.0693,3.1019,3.0644,3.0984,3.0734,3.1059,3.0684,3.1024,0.004,4.68
2018-05-25,3.0984,3.1155,3.0675,3.0761,3.1022,3.1195,3.0719,3.0804,0.0043,4.22
2018-05-28,3.0814,3.0909,3.029,3.068,3.0857,3.0949,3.033,3.072,0.004,2.85
2018-05-29,3.0665,3.1115,3.0445,3.0546,3.072,3.1155,3.0488,3.0589,0.0043,7.04
2018-05-30,3.0556,3.0751,3.0086,3.0675,3.0599,3.0792,3.013,3.0715,0.004,5.73
2018-05-31,3.0678,3.0906,3.0447,3.0626,3.0715,3.095,3.049,3.0665,0.0039,5.12
2018-06-01,3.0631,3.0979,3.054,3.0891,3.0665,3.1017,3.058,3.0932,0.0041,4.53
2018-06-04,3.1015,3.1399,3.0884,3.1329,3.1064,3.1437,3.0925,3.1367,0.0038,4.32
2018-06-05,3.1329,3.247,3.1215,3.2059,3.1368,3.252,3.1255,3.2097,0.0038,4.51
2018-06-06,3.205,3.2719,3.1914,3.2594,3.2097,3.2757,3.1952,3.2632,0.0038,4.4
2018-06-07,3.2579,3.313,3.2564,3.2649,3.2617,3.317,3.2604,3.2687,0.0038,5.79
2018-06-08,3.2644,3.3024,3.2453,3.295,3.2682,3.3067,3.2492,3.3003,0.0053,5.54
2018-06-11,3.2914,3.3014,3.2435,3.2498,3.2952,3.3052,3.2482,3.2537,0.0039,4.28
2018-06-12,3.2494,3.2654,3.232,3.242,3.2537,3.2692,3.236,3.2475,0.0055,4.71
2018-06-13,3.2428,3.2694,3.2224,3.2508,3.2467,3.2732,3.2262,3.2547,0.0039,4.7
2018-06-14,3.2509,3.2514,3.1851,3.2054,3.2547,3.2557,3.1899,3.2085,0.0031,4.91
2018-06-15,3.2049,3.2177,3.1294,3.1335,3.2085,3.2205,3.1332,3.1382,0.0047,4.66
2018-06-18,3.1385,3.1494,3.0946,3.1204,3.1414,3.1532,3.0987,3.1242,0.0038,4.16
2018-06-19,3.1195,3.1314,3.0351,3.0427,3.1232,3.1352,3.0395,3.0465,0.0038,7.93
2018-06-20,3.0425,3.0644,3.0205,3.0446,3.0465,3.0685,3.0245,3.049,0.0044,5.06
2018-06-21,3.0415,3.0517,3.0166,3.0307,3.049,3.056,3.0215,3.035,0.0043,5.49
2018-06-22,3.029,3.0432,3.0115,3.0295,3.0345,3.048,3.0165,3.034,0.0045,4.12
2018-06-25,3.0383,3.0428,2.9664,2.9818,3.0445,3.0475,2.971,2.9865,0.0047,4.24
2018-06-26,2.982,2.9964,2.973,2.9925,2.9865,3.001,2.978,2.9975,0.005,5.31
2018-06-27,2.9918,3.0024,2.96,2.9989,2.9975,3.007,2.9635,3.0035,0.0046,6.01
2018-06-28,2.9985,3.0019,2.9495,2.9688,3.0035,3.0065,2.954,2.974,0.0052,4.37
2018-06-29,2.969,2.9959,2.9563,2.9635,2.974,3.0,2.961,2.9678,0.0043,4.94
2018-07-02,2.9675,2.9721,2.9204,2.9443,2.972,2.9762,2.924,2.948,0.0037,3.34
2018-07-03,2.9445,2.966,2.908,2.9218,2.948,2.969,2.9115,2.925,0.0032,4.33
2018-07-04,2.9219,2.9399,2.835,2.8654,2.925,2.943,2.84,2.87,0.0046,4.77
2018-07-05,2.8654,2.8749,2.8189,2.8317,2.87,2.8795,2.8227,2.837,0.0053,5.21
2018-07-06,2.8317,2.8369,2.7809,2.8157,2.837,2.8415,2.7855,2.8212,0.0055,6.41
2018-07-09,2.8253,2.875,2.8188,2.8699,2.8305,2.8795,2.8288,2.8738,0.0039,5.34
2018-07-10,2.8699,2.8774,2.8122,2.8204,2.8742,2.882,2.817,2.8245,0.0041,4.38
2018-07-11,2.8204,2.822,2.7155,2.7482,2.8265,2.8265,2.72,2.7527,0.0045,7.58
2018-07-12,2.7482,2.7905,2.7301,2.7809,2.752,2.7945,2.7345,2.7847,0.0038,6.09
2018-07-13,2.7809,2.7874,2.7489,2.7754,2.785,2.791,2.7525,2.7792,0.0038,4.8
2018-07-16,2.7783,2.7969,2.7444,2.7677,2.7825,2.8005,2.7475,2.7715,0.0038,4.76
2018-07-17,2.7677,2.7984,2.741,2.7494,2.77,2.802,2.745,2.753,0.0036,4.72
2018-07-18,2.7497,2.7687,2.7152,2.7647,2.753,2.773,2.7195,2.7688,0.0041,5.04
2018-07-19,2.7647,2.7767,2.6717,2.7117,2.771,2.7812,2.6757,2.7162,0.0045,8.02
2018-07-20,2.7121,2.7589,2.6804,2.7535,2.7162,2.7627,2.6844,2.758,0.0045,5.06
2018-07-23,2.7533,2.7745,2.733,2.7454,2.7575,2.7789,2.7372,2.7495,0.0041,3.12
2018-07-24,2.7454,2.8331,2.7315,2.805,2.7494,2.8372,2.7359,2.809,0.004,4.27
2018-07-25,2.8049,2.8649,2.7924,2.8534,2.8088,2.8693,2.7962,2.8575,0.0041,3.71
2018-07-26,2.8538,2.8557,2.7999,2.808,2.8579,2.86,2.804,2.8124,0.0044,3.22
2018-07-27,2.808,2.8334,2.7797,2.7939,2.812,2.8373,2.7838,2.7982,0.0043,2.53
2018-07-30,2.8024,2.8079,2.757,2.79,2.806,2.8118,2.761,2.7947,0.0047,2.19
2018-07-31,2.79,2.8385,2.7665,2.8145,2.7948,2.8435,2.7712,2.8187,0.0042,15.23
2018-08-01,2.814,2.8155,2.7255,2.7427,2.8195,2.8202,2.729,2.7467,0.004,11.24
2018-08-02,2.743,2.7579,2.706,2.7289,2.7473,2.7615,2.7102,2.7327,0.0038,7.08
2018-08-03,2.7279,2.781,2.708,2.7523,2.7319,2.7868,2.712,2.7564,0.0041,14.88
2018-08-06,2.7491,2.757,2.704,2.7245,2.7532,2.7617,2.7107,2.7303,0.0058,10.21
2018-08-07,2.7245,2.764,2.72,2.754,2.7302,2.7697,2.7258,2.7595,0.0055,12.58
2018-08-08,2.7545,2.771,2.7335,2.75,2.76,2.7772,2.7397,2.7552,0.0052,9.27
2018-08-09,2.7519,2.8155,2.748,2.7664,2.7557,2.8195,2.7532,2.7703,0.0039,15.82
2018-08-10,2.7664,2.7724,2.7285,2.7418,2.7704,2.7772,2.7334,2.7469,0.0051,16.88
2018-08-13,2.736,2.7535,2.7105,2.728,2.7453,2.759,2.7165,2.7332,0.0052,18.35
2018-08-14,2.728,2.737,2.674,2.6844,2.7332,2.7424,2.6795,2.6882,0.0038,17.72
2018-08-15,2.6844,2.6844,2.5495,2.5705,2.6912,2.6912,2.5542,2.5757,0.0052,21.05
2018-08-16,2.571,2.64,2.5615,2.608,2.5752,2.6447,2.5662,2.6127,0.0047,19.99
2018-08-17,2.608,2.6665,2.596,2.6582,2.6125,2.6712,2.6007,2.6622,0.004,15.55
2018-08-20,2.6495,2.679,2.6395,2.6677,2.655,2.684,2.645,2.6717,0.004,7.1
2018-08-21,2.6678,2.7024,2.664,2.679,2.6717,2.7065,2.668,2.684,0.005,7.46
2018-08-22,2.679,2.6905,2.6505,2.66,2.6838,2.6952,2.6552,2.6652,0.0052,11.54
2018-08-23,2.6605,2.6614,2.6105,2.6429,2.6697,2.6697,2.6149,2.6467,0.0038,11.72
2018-08-24,2.643,2.7144,2.6394,2.6903,2.647,2.7182,2.6432,2.6942,0.0039,4.84
2018-08-27,2.703,2.7209,2.6928,2.7087,2.7073,2.7248,2.6972,2.7127,0.004,1.76
2018-08-28,2.7089,2.744,2.6894,2.724,2.7127,2.7482,2.6932,2.7287,0.0047,4.89
2018-08-29,2.7245,2.733,2.6939,2.7291,2.7289,2.7373,2.6977,2.7332,0.0041,5.82
2018-08-30,2.729,2.7382,2.6825,2.6994,2.7332,2.7422,2.6865,2.7032,0.0038,5.09
2018-08-31,2.6994,2.7114,2.6619,2.6635,2.7035,2.7153,2.6658,2.6692,0.0057,5.33
2018-09-03,2.6677,2.6779,2.6508,2.6555,2.6719,2.6825,2.6555,2.6595,0.004,3.96
2018-09-04,2.6553,2.663,2.5784,2.602,2.6595,2.667,2.5824,2.6063,0.0043,4.11
2018-09-05,2.6004,2.6199,2.59,2.6189,2.6045,2.6242,2.5943,2.6228,0.0039,3.65
2018-09-06,2.6189,2.6699,2.6089,2.6379,2.6229,2.674,2.6127,2.6417,0.0038,4.62
2018-09-07,2.6374,2.6513,2.5922,2.6163,2.6417,2.6552,2.5967,2.622,0.0057,5.52
2018-09-10,2.6184,2.635,2.5977,2.6242,2.6222,2.639,2.6052,2.6282,0.004,3.49
2018-09-11,2.6239,2.6604,2.5805,2.6229,2.6282,2.6638,2.5843,2.6267,0.0038,6.32
2018-09-12,2.6224,2.6869,2.605,2.6799,2.6262,2.6907,2.6092,2.6837,0.0038,6.27
2018-09-13,2.6794,2.716,2.6717,2.6778,2.6832,2.72,2.6759,2.6818,0.004,5.65
2018-09-14,2.6779,2.697,2.6059,2.6095,2.6818,2.7015,2.6097,2.6194,0.0099,5.17
2018-09-17,2.6146,2.6559,2.5869,2.592,2.6175,2.6597,2.5909,2.6007,0.0087,2.54
2018-09-18,2.5964,2.7379,2.592,2.7326,2.6002,2.7417,2.5999,2.7364,0.0038,4.39
2018-09-19,2.7331,2.7524,2.716,2.7284,2.7369,2.756,2.72,2.732,0.0036,3.46
2018-09-20,2.7276,2.776,2.704,2.7545,2.7318,2.7832,2.7095,2.7613,0.0068,12.68
2018-09-21,2.7545,2.868,2.7495,2.8444,2.7613,2.8725,2.7557,2.8482,0.0038,18.37
2018-09-24,2.84,2.864,2.82,2.8253,2.8427,2.8687,2.8245,2.8292,0.0039,10.87
2018-09-25,2.8254,2.845,2.7865,2.8204,2.8292,2.85,2.7912,2.8244,0.004,12.23
2018-09-26,2.8204,2.8385,2.81,2.8185,2.8242,2.8436,2.8147,2.8231,0.0046,12.55
2018-09-27,2.8185,2.8255,2.761,2.7695,2.8231,2.8301,2.7655,2.774,0.0045,15.02
2018-09-28,2.769,2.81,2.761,2.8011,2.774,2.815,2.766,2.8054,0.0043,13.15
2018-10-01,2.8035,2.8165,2.753,2.7855,2.8078,2.8233,2.7577,2.7905,0.005,13.66
2018-10-02,2.7855,2.85,2.757,2.8029,2.7905,2.8542,2.7617,2.8068,0.0039,11.0
2018-10-03,2.8032,2.8379,2.795,2.8189,2.8071,2.8417,2.799,2.8227,0.0038,5.01
2018-10-04,2.8194,2.864,2.77,2.7854,2.8237,2.868,2.774,2.7892,0.0038,5.52
2018-10-05,2.7849,2.7928,2.744,2.7605,2.7887,2.7967,2.7509,2.7646,0.0041,5.92
2018-10-08,2.7679,2.7789,2.7331,2.7702,2.7717,2.7827,2.7371,2.7741,0.0039,5.14
2018-10-09,2.7702,2.8161,2.7484,2.8139,2.7742,2.8207,2.7524,2.8183,0.0044,7.06
2018-10-10,2.8139,2.8179,2.7402,2.751,2.8202,2.8219,2.745,2.755,0.004,5.85
2018-10-11,2.7485,2.8121,2.7109,2.7784,2.755,2.8169,2.7148,2.7822,0.0038,9.28
2018-10-12,2.778,2.8304,2.776,2.8113,2.782,2.8345,2.7802,2.8153,0.004,6.81
2018-10-15,2.8121,2.8374,2.7701,2.7839,2.8162,2.8412,2.7749,2.7877,0.0038,5.75
2018-10-16,2.7795,2.791,2.757,2.7809,2.7877,2.795,2.7611,2.7847,0.0038,5.23
2018-10-17,2.7809,2.8026,2.7527,2.7729,2.7848,2.8067,2.7562,2.7769,0.004,5.85
2018-10-18,2.773,2.7799,2.7245,2.731,2.777,2.7837,2.7285,2.735,0.004,5.44
2018-10-19,2.7311,2.7859,2.7262,2.7794,2.7352,2.7898,2.7301,2.7837,0.0043,6.07
2018-10-22,2.7778,2.831,2.7709,2.7784,2.7818,2.8362,2.7748,2.7822,0.0038,5.15
2018-10-23,2.7774,2.7829,2.7375,2.7625,2.7812,2.7868,2.741,2.7665,0.004,6.58
2018-10-24,2.7625,2.802,2.7385,2.7423,2.767,2.806,2.7421,2.7462,0.0039,6.66
2018-10-25,2.7435,2.7715,2.7145,2.7516,2.7472,2.7755,2.7183,2.7555,0.0039,7.68
2018-10-26,2.7518,2.7525,2.7065,2.7444,2.7555,2.756,2.7104,2.7491,0.0047,6.72
2018-10-29,2.7512,2.7753,2.6885,2.7136,2.7578,2.7788,2.692,2.7176,0.004,3.88
2018-10-30,2.7136,2.7314,2.6605,2.6745,2.7175,2.7353,2.6642,2.6782,0.0037,6.49
2018-10-31,2.674,2.679,2.645,2.655,2.6777,2.683,2.649,2.6585,0.0035,5.28
2018-11-01,2.6546,2.7252,2.6405,2.7192,2.6585,2.7293,2.6445,2.7233,0.0041,6.48
2018-11-02,2.7192,2.8175,2.7002,2.8154,2.7232,2.821,2.704,2.8195,0.0041,10.73
2018-11-05,2.8145,2.8146,2.7428,2.7555,2.82,2.82,2.7465,2.7595,0.004,7.01
2018-11-06,2.7556,2.7745,2.7236,2.7308,2.7596,2.7785,2.728,2.7347,0.0039,5.2
2018-11-07,2.7309,2.77,2.7275,2.7403,2.7349,2.774,2.731,2.744,0.0037,7.09
2018-11-08,2.7403,2.7455,2.7011,2.728,2.7442,2.7495,2.705,2.7315,0.0035,5.06
2018-11-09,2.7278,2.729,2.675,2.6779,2.7315,2.7329,2.679,2.6819,0.004,3.08
2018-11-12,2.682,2.698,2.6643,2.669,2.6857,2.7018,2.668,2.6728,0.0038,2.03
2018-11-13,2.669,2.7463,2.6625,2.687,2.6725,2.7503,2.666,2.6911,0.0041,4.85
2018-11-14,2.687,2.719,2.665,2.7087,2.691,2.724,2.6717,2.7125,0.0038,15.22
2018-11-15,2.7075,2.764,2.7005,2.741,2.713,2.7677,2.705,2.745,0.004,12.74
2018-11-16,2.7405,2.7995,2.7305,2.7898,2.745,2.8,2.735,2.7943,0.0045,10.19
2018-11-19,2.7817,2.8065,2.7575,2.792,2.7858,2.8097,2.7606,2.7945,0.0025,8.92
2018-11-20,2.7915,2.8435,2.7385,2.754,2.7945,2.8472,2.7425,2.7585,0.0045,9.57
2018-11-21,2.754,2.8005,2.7525,2.7792,2.7584,2.8045,2.7564,2.783,0.0038,10.71
2018-11-22,2.7792,2.7985,2.769,2.795,2.783,2.8024,2.7722,2.7985,0.0035,5.52
2018-11-23,2.794,2.7985,2.7486,2.7493,2.7985,2.8013,2.7525,2.7587,0.0094,8.55
2018-11-26,2.764,2.7788,2.7371,2.747,2.7685,2.783,2.741,2.7505,0.0035,4.71
2018-11-27,2.7468,2.75,2.704,2.7136,2.7505,2.7535,2.708,2.7179,0.0043,5.37
2018-11-28,2.7135,2.8078,2.7125,2.8043,2.7178,2.8124,2.7165,2.8078,0.0035,4.35
2018-11-29,2.8043,2.8113,2.7768,2.79,2.8079,2.8155,2.7807,2.7939,0.0039,5.86
2018-11-30,2.7895,2.7985,2.7667,2.7882,2.7939,2.8024,2.7705,2.792,0.0038,5.08
2018-12-03,2.8496,2.8555,2.7855,2.7965,2.854,2.8595,2.7903,2.8014,0.0049,5.76
2018-12-04,2.7965,2.8205,2.748,2.7588,2.8007,2.8248,2.752,2.763,0.0042,5.57
2018-12-05,2.7587,2.7753,2.7432,2.7609,2.7629,2.779,2.7475,2.765,0.0041,3.19
2018-12-06,2.7608,2.7613,2.7066,2.745,2.7648,2.7705,2.7109,2.7494,0.0044,5.14
2018-12-07,2.7455,2.7727,2.74,2.7486,2.7494,2.7774,2.7443,2.7538,0.0052,5.04
2018-12-10,2.728,2.7515,2.7142,2.7283,2.7334,2.7568,2.7175,2.7325,0.0042,6.79
2018-12-11,2.7286,2.7786,2.7248,2.7655,2.7325,2.7825,2.729,2.7695,0.004,4.79
2018-12-12,2.7655,2.777,2.754,2.7635,2.7695,2.7805,2.7575,2.7679,0.0044,4.27
2018-12-13,2.7638,2.8005,2.763,2.7655,2.7679,2.8045,2.7667,2.7694,0.0039,4.51
2018-12-14,2.7655,2.7675,2.7256,2.7532,2.7693,2.7714,2.7295,2.757,0.0038,4.64
2018-12-17,2.7534,2.7575,2.7187,2.7444,2.7572,2.7613,2.7225,2.7485,0.0041,3.99
2018-12-18,2.7443,2.7507,2.6507,2.6603,2.7484,2.7546,2.6545,2.664,0.0037,5.36
2018-12-19,2.6602,2.7165,2.6594,2.6735,2.664,2.722,2.6635,2.6786,0.0051,17.04
2018-12-20,2.6735,2.708,2.65,2.6997,2.68,2.712,2.6543,2.7039,0.0042,3.54
2018-12-21,2.699,2.71,2.662,2.664,2.7039,2.7145,2.6668,2.6688,0.0048,3.03
2018-12-24,2.669,2.6795,2.65,2.6585,2.6749,2.683,2.6545,2.664,0.0055,1.71
2018-12-25,2.6545,2.66,2.644,2.658,2.66,2.666,2.65,2.6645,0.0065,0.09
2018-12-26,2.6585,2.726,2.639,2.699,2.6645,2.7303,2.6445,2.703,0.004,2.26
2018-12-27,2.697,2.706,2.657,2.681,2.7025,2.71,2.661,2.6855,0.0045,2.67
2018-12-28,2.6816,2.7245,2.672,2.6778,2.6855,2.728,2.676,2.6817,0.0039,1.78
2018-12-31,2.6825,2.7015,2.622,2.6385,2.688,2.706,2.628,2.6445,0.006,10.27
2019-01-01,2.6385,2.651,2.6385,2.6495,2.6445,2.6565,2.6445,2.655,0.0055,0.03
2019-01-02,2.649,2.6715,2.584,2.589,2.6545,2.677,2.589,2.5935,0.0045,5.52
2019-01-03,2.589,2.6185,2.541,2.576,2.5934,2.623,2.5458,2.5798,0.0038,3.81
2019-01-04,2.575,2.6528,2.565,2.6404,2.5798,2.657,2.5693,2.6446,0.0042,6.43
2019-01-07,2.6409,2.6573,2.629,2.6358,2.6447,2.661,2.6335,2.6395,0.0037,4.96
2019-01-08,2.6358,2.6642,2.6215,2.6601,2.6395,2.669,2.6255,2.6645,0.0044,2.9
2019-01-09,2.66,2.685,2.646,2.658,2.6645,2.689,2.65,2.664,0.006,2.88
2019-01-10,2.658,2.6675,2.6265,2.632,2.6635,2.674,2.632,2.6375,0.0055,16.54
2019-01-11,2.632,2.664,2.632,2.6545,2.6375,2.67,2.6375,2.6582,0.0037,13.92
2019-01-14,2.65,2.658,2.614,2.631,2.654,2.664,2.6195,2.6345,0.0035,13.69
2019-01-15,2.63,2.658,2.628,2.64,2.6345,2.663,2.6336,2.6456,0.0056,14.86
2019-01-16,2.642,2.677,2.6335,2.666,2.646,2.683,2.639,2.672,0.006,12.94
2019-01-17,2.666,2.709,2.656,2.694,2.673,2.7145,2.6616,2.6998,0.0058,14.46
2019-01-18,2.6935,2.723,2.684,2.7118,2.6998,2.73,2.69,2.7155,0.0037,23.11
2019-01-21,2.708,2.7093,2.6725,2.679,2.7125,2.713,2.679,2.6857,0.0067,11.89
2019-01-22,2.682,2.683,2.649,2.66,2.6859,2.689,2.655,2.6648,0.0048,16.78
2019-01-23,2.6605,2.6735,2.6468,2.655,2.6653,2.6783,2.6503,2.6587,0.0037,9.33
2019-01-24,2.655,2.6645,2.634,2.648,2.6587,2.667,2.6375,2.6515,0.0035,3.39
2019-01-25,2.647,2.7378,2.645,2.7345,2.6515,2.742,2.6485,2.7381,0.0036,3.76
2019-01-28,2.725,2.7275,2.677,2.686,2.7275,2.732,2.6815,2.6895,0.0035,2.91
2019-01-29,2.685,2.729,2.677,2.7245,2.6895,2.733,2.682,2.7285,0.004,3.61
2019-01-30,2.7245,2.7884,2.717,2.7787,2.7285,2.793,2.7217,2.7825,0.0038,4.11
2019-01-31,2.778,2.794,2.7625,2.779,2.7825,2.798,2.766,2.7826,0.0036,9.49
2019-02-01,2.779,2.783,2.751,2.7695,2.783,2.787,2.7552,2.7732,0.0037,8.13
2019-02-04,2.7675,2.8,2.748,2.7967,2.772,2.8037,2.7522,2.8006,0.0039,13.74
2019-02-05,2.7967,2.821,2.7945,2.816,2.802,2.826,2.7987,2.82,0.004,11.11
2019-02-06,2.816,2.845,2.8105,2.8225,2.821,2.8505,2.8145,2.8265,0.004,11.55
2019-02-07,2.823,2.848,2.8195,2.8267,2.828,2.852,2.8235,2.8305,0.0038,12.89
2019-02-08,2.826,2.835,2.8035,2.8095,2.8305,2.84,2.8075,2.813,0.0035,13.78
2019-02-11,2.808,2.808,2.7745,2.7865,2.812,2.813,2.7785,2.7905,0.004,16.67
2019-02-12,2.787,2.793,2.755,2.772,2.792,2.7975,2.759,2.7765,0.0045,14.91
2019-02-13,2.772,2.7845,2.7635,2.776,2.7763,2.789,2.7675,2.78,0.004,13.58
2019-02-14,2.776,2.799,2.7505,2.77,2.78,2.804,2.755,2.774,0.004,17.25
2019-02-15,2.77,2.819,2.749,2.813,2.774,2.824,2.7533,2.8168,0.0038,17.92
2019-02-18,2.813,2.845,2.8005,2.8355,2.8175,2.85,2.8045,2.8397,0.0042,13.99
2019-02-19,2.835,2.8745,2.821,2.868,2.8397,2.879,2.8252,2.8718,0.0038,16.42
2019-02-20,2.868,2.922,2.8665,2.914,2.873,2.9264,2.8708,2.9179,0.0039,11.76
2019-02-21,2.914,2.9165,2.887,2.9015,2.919,2.921,2.8914,2.9054,0.0039,3.54
2019-02-22,2.901,2.9535,2.892,2.9471,2.9054,2.9575,2.8959,2.9519,0.0048,2.35
2019-02-25,2.949,2.9781,2.94,2.9475,2.954,2.981,2.941,2.9485,0.001,1.71
2019-02-26,2.9478,2.9555,2.93,2.94,2.949,2.96,2.9335,2.9439,0.0039,2.03
2019-02-27,2.94,2.9653,2.93,2.965,2.945,2.9695,2.931,2.9685,0.0035,2.51
2019-02-28,2.964,2.966,2.9375,2.946,2.9685,2.97,2.9411,2.9495,0.0035,5.6
2019-03-01,2.946,2.973,2.921,2.926,2.95,2.977,2.9265,2.9302,0.0042,4.27
2019-03-04,2.944,2.9489,2.896,2.9123,2.9475,2.9525,2.899,2.915,0.0027,2.39
2019-03-05,2.9123,2.9524,2.907,2.9325,2.917,2.958,2.9105,2.942,0.0095,13.13
2019-03-06,2.937,2.9437,2.917,2.9262,2.942,2.9509,2.9185,2.93,0.0038,20.38
2019-03-07,2.925,2.9313,2.8955,2.9182,2.93,2.935,2.901,2.922,0.0038,4.84
2019-03-08,2.917,2.9212,2.872,2.8984,2.918,2.925,2.877,2.9021,0.0037,13.47
2019-03-11,2.8955,2.9085,2.8895,2.9068,2.9,2.914,2.8935,2.9105,0.0037,11.13
2019-03-12,2.906,2.954,2.9045,2.928,2.9105,2.959,2.9085,2.932,0.004,10.67
2019-03-13,2.927,2.9365,2.911,2.928,2.932,2.941,2.915,2.9327,0.0047,11.66
2019-03-14,2.928,2.9315,2.8805,2.889,2.9327,2.936,2.8845,2.893,0.004,11.17
2019-03-15,2.888,2.9215,2.8815,2.9061,2.893,2.927,2.886,2.91,0.0039,13.27
2019-03-18,2.904,2.93,2.8965,2.9075,2.908,2.935,2.9005,2.9115,0.004,10.66
2019-03-19,2.908,2.941,2.9055,2.9187,2.913,2.946,2.9095,2.9225,0.0038,9.27
2019-03-20,2.918,2.939,2.905,2.9295,2.9225,2.944,2.9095,2.9333,0.0038,12.46
2019-03-21,2.9295,2.966,2.891,2.909,2.934,2.971,2.8953,2.9128,0.0038,9.96
2019-03-22,2.909,2.9125,2.837,2.8455,2.9145,2.9165,2.842,2.8495,0.004,4.75
2019-03-25,2.8445,2.8571,2.832,2.8561,2.849,2.862,2.836,2.8605,0.0044,3.58
2019-03-26,2.8561,2.8646,2.8435,2.8636,2.861,2.869,2.848,2.8675,0.0039,3.68
2019-03-27,2.863,2.8732,2.841,2.8607,2.8675,2.877,2.8455,2.865,0.0043,6.08
2019-03-28,2.8607,2.8857,2.85,2.8812,2.8648,2.89,2.8545,2.8852,0.004,5.85
2019-03-29,2.8812,2.9422,2.8785,2.9302,2.886,2.946,2.8828,2.9348,0.0046,5.64
2019-04-01,2.9695,2.9695,2.9135,2.9278,2.974,2.974,2.918,2.9315,0.0037,4.94
2019-04-02,2.927,2.9328,2.8955,2.9052,2.932,2.937,2.8995,2.909,0.0038,3.52
2019-04-03,2.9052,2.9515,2.904,2.943,2.91,2.9555,2.908,2.9465,0.0035,2.54
2019-04-04,2.942,2.95,2.901,2.9115,2.9465,2.955,2.9055,2.9155,0.004,3.78
2019-04-05,2.912,2.9235,2.884,2.8867,2.9155,2.928,2.889,2.8905,0.0038,4.63
2019-04-08,2.892,2.9395,2.89,2.929,2.8965,2.944,2.8945,2.9325,0.0035,5.25
2019-04-09,2.928,2.96,2.924,2.9295,2.9325,2.964,2.929,2.933,0.0035,5.07
2019-04-10,2.9295,2.9405,2.9085,2.9195,2.934,2.945,2.913,2.923,0.0035,5.08
2019-04-11,2.919,2.924,2.883,2.894,2.923,2.928,2.886,2.899,0.005,8.79
2019-04-12,2.8945,2.9535,2.8905,2.939,2.9,2.959,2.8955,2.9425,0.0035,11.26
2019-04-15,2.939,2.945,2.914,2.932,2.944,2.95,2.9185,2.9365,0.0045,11.0
2019-04-16,2.932,2.9455,2.921,2.93,2.9365,2.95,2.9255,2.934,0.004,5.14
2019-04-17,2.9305,2.9925,2.928,2.9605,2.934,2.998,2.932,2.965,0.0045,8.31
2019-04-18,2.9605,2.961,2.9005,2.917,2.965,2.967,2.905,2.9219,0.0049,13.0
2019-04-22,2.923,2.9295,2.891,2.904,2.9265,2.935,2.8945,2.9075,0.0035,2.76
2019-04-23,2.904,2.9115,2.875,2.895,2.908,2.916,2.8795,2.8985,0.0035,3.7
2019-04-24,2.894,2.913,2.884,2.9073,2.8985,2.917,2.8885,2.911,0.0037,4.38
2019-04-25,2.9073,2.9153,2.855,2.8618,2.912,2.92,2.8595,2.866,0.0042,4.3
2019-04-26,2.8618,2.89,2.861,2.8835,2.8665,2.894,2.865,2.8885,0.005,5.45
2019-04-29,2.885,2.8955,2.863,2.8927,2.8905,2.9,2.8675,2.8967,0.004,3.75
2019-04-30,2.8927,2.9215,2.878,2.907,2.8965,2.926,2.8823,2.9109,0.0039,4.85
2019-05-01,2.907,2.911,2.784,2.796,2.9115,2.9155,2.7887,2.7995,0.0035,5.43
2019-05-02,2.796,2.8035,2.769,2.7833,2.8,2.808,2.773,2.7865,0.0032,4.22
2019-05-03,2.7833,2.831,2.7735,2.818,2.7875,2.835,2.778,2.8215,0.0035,3.82
2019-05-06,2.758,2.8465,2.739,2.835,2.7617,2.851,2.7435,2.8385,0.0035,7.99
2019-05-07,2.834,2.839,2.773,2.785,2.8385,2.843,2.777,2.7885,0.0035,12.46
2019-05-08,2.784,2.807,2.753,2.77,2.7885,2.811,2.7567,2.7737,0.0037,12.06
2019-05-09,2.77,2.776,2.729,2.7702,2.774,2.7805,2.7337,2.7745,0.0043,6.2
2019-05-10,2.7705,2.7955,2.754,2.7805,2.7745,2.7995,2.759,2.7842,0.0037,8.88
2019-05-13,2.7565,2.7625,2.707,2.7215,2.7605,2.7665,2.712,2.725,0.0035,6.47
2019-05-14,2.7205,2.7365,2.712,2.723,2.726,2.7405,2.717,2.727,0.004,5.09
2019-05-15,2.722,2.7515,2.714,2.745,2.7275,2.755,2.7185,2.7487,0.0037,5.39
2019-05-16,2.744,2.775,2.737,2.751,2.7487,2.781,2.741,2.755,0.004,11.29
2019-05-17,2.7515,2.7515,2.719,2.7315,2.756,2.756,2.7235,2.7355,0.004,7.0
2019-05-20,2.7473,2.7485,2.71,2.7285,2.751,2.752,2.7145,2.732,0.0035,5.05
2019-05-21,2.727,2.7415,2.704,2.7145,2.732,2.745,2.708,2.718,0.0035,4.54
2019-05-22,2.7125,2.716,2.668,2.6735,2.718,2.72,2.6725,2.677,0.0035,4.85
2019-05-23,2.6735,2.6875,2.653,2.6845,2.678,2.691,2.657,2.688,0.0035,5.11
2019-05-24,2.6845,2.7068,2.683,2.6973,2.689,2.711,2.687,2.7013,0.004,4.05
2019-05-27,2.6993,2.7155,2.694,2.712,2.703,2.719,2.6985,2.7155,0.0035,2.03
2019-05-28,2.712,2.717,2.686,2.6963,2.716,2.721,2.691,2.7,0.0037,4.26
2019-05-29,2.6963,2.6963,2.657,2.664,2.701,2.701,2.661,2.6675,0.0035,4.9
2019-05-30,2.664,2.6736,2.63,2.6322,2.668,2.6775,2.634,2.636,0.0038,4.29
2019-05-31,2.6322,2.6543,2.628,2.6322,2.637,2.659,2.6325,2.6362,0.004,4.22
2019-06-03,2.6218,2.6633,2.6218,2.652,2.6257,2.667,2.6257,2.6575,0.0055,5.56
2019-06-04,2.6515,2.6735,2.641,2.6695,2.657,2.678,2.6465,2.6735,0.004,3.47
2019-06-05,2.6695,2.6741,2.618,2.6247,2.674,2.678,2.623,2.6282,0.0035,3.6
2019-06-06,2.6247,2.6521,2.62,2.6471,2.6287,2.657,2.6245,2.651,0.0039,2.96
2019-06-07,2.6471,2.6591,2.598,2.6208,2.652,2.664,2.6025,2.6252,0.0044,3.39
2019-06-10,2.632,2.664,2.624,2.661,2.6369,2.668,2.6279,2.6645,0.0035,3.73
2019-06-11,2.66,2.7,2.658,2.6665,2.6645,2.704,2.662,2.67,0.0035,4.37
2019-06-12,2.6665,2.671,2.635,2.6495,2.671,2.675,2.6395,2.653,0.0035,4.22
2019-06-13,2.649,2.66,2.629,2.655,2.653,2.664,2.634,2.659,0.004,4.7
2019-06-14,2.6551,2.6635,2.625,2.6296,2.659,2.667,2.6295,2.6337,0.0041,3.99
2019-06-17,2.632,2.654,2.613,2.6465,2.6357,2.658,2.618,2.6505,0.004,3.24
2019-06-18,2.647,2.709,2.641,2.703,2.652,2.714,2.645,2.7069,0.0039,5.01
2019-06-19,2.702,2.7055,2.672,2.694,2.7069,2.71,2.6758,2.6977,0.0037,4.02
2019-06-20,2.694,2.7355,2.693,2.7115,2.698,2.74,2.6968,2.7155,0.004,4.93
2019-06-21,2.711,2.7215,2.684,2.6984,2.715,2.726,2.688,2.7023,0.0039,4.82
2019-06-24,2.703,2.71,2.678,2.7077,2.707,2.715,2.6825,2.7115,0.0038,3.81
2019-06-25,2.7078,2.7456,2.697,2.726,2.7115,2.75,2.701,2.73,0.004,5.99
2019-06-26,2.726,2.7495,2.698,2.71,2.7299,2.754,2.7019,2.7144,0.0044,5.46
2019-06-27,2.709,2.721,2.693,2.719,2.7144,2.725,2.697,2.723,0.004,4.38
2019-06-28,2.719,2.7255,2.701,2.7143,2.724,2.731,2.705,2.7189,0.0046,4.28
2019-07-01,2.741,2.7525,2.675,2.682,2.7455,2.757,2.6793,2.6863,0.0043,4.7
2019-07-02,2.6822,2.694,2.653,2.665,2.6863,2.698,2.6573,2.6688,0.0038,4.54
2019-07-03,2.665,2.6856,2.635,2.6835,2.67,2.69,2.6398,2.6874,0.0039,3.53
2019-07-04,2.683,2.6851,2.668,2.6782,2.6874,2.69,2.672,2.6825,0.0043,2.54
2019-07-05,2.6785,2.679,2.643,2.66,2.6825,2.684,2.647,2.6675,0.0075,3.35
2019-07-08,2.6631,2.6871,2.652,2.6531,2.667,2.692,2.6565,2.657,0.0039,4.12
2019-07-09,2.6531,2.6546,2.61,2.6257,2.658,2.659,2.6145,2.63,0.0043,3.47
2019-07-10,2.6262,2.6978,2.623,2.6903,2.63,2.702,2.6275,2.694,0.0037,4.61
2019-07-11,2.689,2.6963,2.676,2.6873,2.694,2.701,2.681,2.6912,0.0039,3.75
2019-07-12,2.6873,2.713,2.671,2.6921,2.692,2.718,2.676,2.6962,0.0041,3.87
2019-07-15,2.692,2.7256,2.683,2.7148,2.697,2.731,2.6875,2.719,0.0042,3.91
2019-07-16,2.714,2.7341,2.692,2.6951,2.719,2.739,2.6965,2.699,0.0039,3.7
2019-07-17,2.694,2.715,2.68,2.7,2.699,2.72,2.685,2.7035,0.0035,2.61
2019-07-18,2.699,2.724,2.69,2.7145,2.7035,2.728,2.6945,2.7183,0.0038,3.32
2019-07-19,2.7145,2.801,2.714,2.7427,2.718,2.805,2.718,2.7465,0.0038,5.24
2019-07-22,2.743,2.7575,2.713,2.716,2.7475,2.762,2.7185,2.7195,0.0035,3.0
2019-07-23,2.715,2.728,2.686,2.704,2.7195,2.732,2.6905,2.7077,0.0037,2.95
2019-07-24,2.703,2.7185,2.696,2.7115,2.7077,2.723,2.7002,2.7152,0.0037,2.59
2019-07-25,2.711,2.7371,2.698,2.7056,2.7152,2.742,2.7025,2.71,0.0044,4.07
2019-07-26,2.705,2.7101,2.682,2.6886,2.71,2.714,2.6865,2.6925,0.0039,3.21
2019-07-29,2.6876,2.7197,2.68,2.717,2.693,2.725,2.6845,2.722,0.005,3.4
2019-07-30,2.717,2.7247,2.673,2.6778,2.7215,2.73,2.6775,2.6818,0.004,2.44
2019-07-31,2.6778,2.6895,2.655,2.6595,2.6817,2.694,2.6598,2.664,0.0045,3.94
2019-08-01,2.6595,2.666,2.593,2.6078,2.6634,2.671,2.597,2.612,0.0042,5.39
2019-08-02,2.6078,2.6261,2.559,2.5686,2.613,2.631,2.563,2.5725,0.0039,6.1
2019-08-05,2.567,2.5766,2.53,2.5377,2.572,2.581,2.535,2.5419,0.0042,7.48
2019-08-06,2.538,2.5677,2.534,2.5612,2.5419,2.572,2.5385,2.565,0.0038,5.66
2019-08-07,2.56,2.5905,2.541,2.5823,2.565,2.595,2.5455,2.5864,0.0041,5.61
2019-08-08,2.5823,2.6135,2.57,2.5981,2.587,2.618,2.5745,2.602,0.0039,4.84
2019-08-09,2.597,2.6141,2.58,2.5926,2.602,2.62,2.585,2.5967,0.0041,4.72
2019-08-12,2.5886,2.6105,2.566,2.5855,2.5925,2.615,2.5708,2.5894,0.0039,5.94
2019-08-13,2.585,2.6397,2.565,2.6317,2.5894,2.644,2.57,2.636,0.0043,7.55
2019-08-14,2.631,2.6327,2.577,2.5962,2.636,2.637,2.581,2.6,0.0038,7.74
2019-08-15,2.5962,2.6042,2.572,2.5925,2.601,2.609,2.5773,2.5967,0.0042,9.06
2019-08-16,2.5925,2.6035,2.583,2.585,2.5963,2.608,2.5875,2.59,0.005,4.45
2019-08-19,2.592,2.624,2.589,2.5945,2.5973,2.629,2.5938,2.5982,0.0037,4.25
2019-08-20,2.5945,2.6025,2.569,2.5742,2.599,2.607,2.5728,2.5783,0.0041,4.16
2019-08-21,2.5743,2.589,2.571,2.581,2.5783,2.594,2.5757,2.5848,0.0038,3.68
2019-08-22,2.58,2.5813,2.546,2.5578,2.5848,2.586,2.55,2.5617,0.0039,4.02
2019-08-23,2.5578,2.5743,2.522,2.5251,2.5615,2.579,2.5264,2.529,0.0039,6.45
2019-08-26,2.5056,2.5467,2.503,2.5353,2.511,2.552,2.507,2.539,0.0037,5.35
2019-08-27,2.5353,2.5693,2.527,2.551,2.54,2.574,2.5315,2.555,0.004,5.15
2019-08-28,2.551,2.5645,2.535,2.5549,2.556,2.569,2.5394,2.559,0.0041,4.77
2019-08-29,2.554,2.5805,2.539,2.577,2.559,2.585,2.5435,2.5805,0.0035,5.25
2019-08-30,2.577,2.5815,2.544,2.5543,2.582,2.586,2.548,2.556,0.0017,5.71
2019-09-02,2.549,2.5658,2.525,2.5303,2.554,2.57,2.5295,2.534,0.0037,4.91
2019-09-03,2.5303,2.5388,2.479,2.5275,2.535,2.543,2.4843,2.5312,0.0037,6.64
2019-09-04,2.526,2.5946,2.526,2.5895,2.5312,2.599,2.5307,2.5937,0.0042,4.17
2019-09-05,2.588,2.6472,2.585,2.6335,2.5937,2.651,2.5895,2.638,0.0045,5.91
2019-09-06,2.634,2.647,2.618,2.6281,2.638,2.651,2.6225,2.632,0.0039,5.52
2019-09-09,2.6266,2.6305,2.61,2.6278,2.632,2.635,2.615,2.6315,0.0037,3.21
2019-09-10,2.627,2.641,2.6,2.6228,2.6315,2.6455,2.6054,2.6265,0.0037,4.08
2019-09-11,2.622,2.6358,2.599,2.6323,2.6265,2.64,2.6044,2.6364,0.0041,4.46
2019-09-12,2.6323,2.666,2.588,2.6425,2.637,2.67,2.5923,2.6463,0.0038,6.97
2019-09-13,2.6425,2.7021,2.64,2.698,2.647,2.707,2.6443,2.7045,0.0065,3.82
2019-09-16,2.6891,2.6916,2.636,2.641,2.694,2.6965,2.6405,2.6445,0.0035,5.15
2019-09-17,2.64,2.6455,2.6045,2.6255,2.6445,2.649,2.6088,2.629,0.0035,4.84
2019-09-18,2.624,2.6358,2.596,2.6063,2.629,2.64,2.6005,2.61,0.0037,4.45
2019-09-19,2.6063,2.6225,2.602,2.6075,2.6105,2.6265,2.6063,2.6115,0.004,3.96
2019-09-20,2.607,2.6325,2.584,2.5895,2.6113,2.6365,2.589,2.593,0.0035,4.23
2019-09-23,2.601,2.6218,2.57,2.6191,2.6057,2.626,2.576,2.623,0.0039,4.37
2019-09-24,2.6192,2.6212,2.594,2.6035,2.623,2.626,2.5985,2.6072,0.0037,4.94
2019-09-25,2.602,2.614,2.585,2.612,2.6072,2.618,2.5892,2.6157,0.0037,4.64
2019-09-26,2.611,2.6177,2.5725,2.5748,2.6157,2.622,2.577,2.5785,0.0037,3.06
2019-09-27,2.574,2.6111,2.569,2.598,2.5785,2.6155,2.574,2.6017,0.0037,5.12
2019-09-30,2.599,2.617,2.57,2.574,2.6042,2.621,2.5742,2.5777,0.0037,3.73
2019-10-01,2.573,2.575,2.513,2.5691,2.5777,2.579,2.5175,2.573,0.0039,4.76
2019-10-02,2.568,2.5838,2.546,2.5695,2.573,2.5875,2.5505,2.5735,0.004,4.7
2019-10-03,2.57,2.5798,2.536,2.5543,2.5735,2.584,2.5405,2.558,0.0037,5.65
2019-10-04,2.5543,2.5638,2.528,2.5612,2.559,2.5685,2.5317,2.566,0.0048,4.64
2019-10-07,2.5577,2.5873,2.55,2.5743,2.563,2.592,2.554,2.5785,0.0042,4.25
2019-10-08,2.5745,2.5997,2.559,2.5645,2.5785,2.604,2.5635,2.568,0.0035,6.68
2019-10-09,2.5645,2.578,2.545,2.5573,2.569,2.582,2.5495,2.5613,0.004,5.29
2019-10-10,2.5573,2.6178,2.554,2.6115,2.562,2.622,2.5585,2.615,0.0035,7.11
2019-10-11,2.6115,2.633,2.603,2.618,2.616,2.639,2.6078,2.6224,0.0044,6.28
2019-10-14,2.6262,2.639,2.592,2.6345,2.6303,2.643,2.5958,2.6384,0.0039,4.98
2019-10-15,2.633,2.6345,2.603,2.6086,2.6384,2.6384,2.6084,2.6125,0.0039,4.33
2019-10-16,2.608,2.6101,2.57,2.581,2.6125,2.615,2.5749,2.5854,0.0044,3.78
2019-10-17,2.581,2.6153,2.575,2.5973,2.5849,2.6195,2.5789,2.601,0.0037,3.24
2019-10-18,2.596,2.6423,2.582,2.6421,2.601,2.6457,2.587,2.6455,0.0034,2.78
2019-10-21,2.635,2.6581,2.6287,2.6436,2.6395,2.6615,2.6325,2.6475,0.0039,1.85
2019-10-22,2.643,2.6485,2.6276,2.6318,2.6475,2.6525,2.6315,2.6355,0.0037,1.33
2019-10-23,2.6313,2.6726,2.6127,2.6658,2.6355,2.676,2.6165,2.6695,0.0037,1.41
2019-10-24,2.6658,2.6782,2.658,2.6637,2.671,2.6815,2.6612,2.6675,0.0038,1.37
2019-10-25,2.663,2.6891,2.657,2.6826,2.6675,2.6925,2.6614,2.686,0.0034,1.01
2019-10-28,2.681,2.6871,2.6717,2.6811,2.6855,2.691,2.6755,2.6855,0.0044,1.15
2019-10-29,2.6816,2.6945,2.6706,2.6891,2.686,2.6989,2.675,2.6935,0.0044,1.56
2019-10-30,2.6895,2.6933,2.6593,2.677,2.6939,2.6967,2.6627,2.6814,0.0044,1.72
2019-10-31,2.6776,2.6851,2.6266,2.6356,2.682,2.6895,2.63,2.64,0.0044,2.09
2019-11-01,2.6361,2.6621,2.631,2.6601,2.6405,2.6655,2.6337,2.6635,0.0034,1.2
2019-11-04,2.6611,2.6751,2.6516,2.6691,2.6655,2.6785,2.656,2.6735,0.0044,1.4
2019-11-05,2.6686,2.7141,2.6611,2.6961,2.673,2.7175,2.6655,2.7005,0.0044,1.85
2019-11-06,2.6956,2.6966,2.6586,2.6666,2.7,2.701,2.662,2.671,0.0044,1.34
2019-11-07,2.6666,2.7281,2.6636,2.7111,2.671,2.7315,2.668,2.7155,0.0044,1.73
2019-11-08,2.7111,2.7191,2.6748,2.6866,2.7155,2.7235,2.6782,2.69,0.0034,1.38
2019-11-11,2.6831,2.6848,2.6541,2.6586,2.6875,2.6892,2.6585,2.663,0.0044,1.28
2019-11-12,2.6581,2.6811,2.6406,2.6445,2.6625,2.6855,2.644,2.6489,0.0044,1.62
2019-11-13,2.6445,2.6491,2.6321,2.637,2.6489,2.6535,2.6355,2.6414,0.0044,1.68
2019-11-14,2.6366,2.6561,2.6121,2.6378,2.641,2.6605,2.6155,2.6422,0.0044,1.38
2019-11-15,2.6373,2.6536,2.6345,2.6481,2.6417,2.657,2.6389,2.6515,0.0034,5.25
2019-11-18,2.6488,2.6598,2.6276,2.6303,2.6532,2.6642,2.631,2.6347,0.0044,5.89
2019-11-19,2.6306,2.6726,2.6281,2.6623,2.635,2.676,2.6325,2.6667,0.0044,5.56
2019-11-20,2.662,2.6756,2.6506,2.6551,2.6664,2.68,2.654,2.6595,0.0044,6.82
2019-11-21,2.6553,2.6561,2.6318,2.6366,2.6597,2.6605,2.6362,2.641,0.0044,6.05
2019-11-22,2.6368,2.6611,2.6273,2.6541,2.6412,2.6645,2.6317,2.6575,0.0034,4.77
2019-11-25,2.6558,2.6791,2.6466,2.6603,2.6602,2.6835,2.65,2.6647,0.0044,4.56
2019-11-26,2.6601,2.6971,2.6503,2.697,2.6645,2.7014,2.6547,2.7014,0.0044,3.89
2019-11-27,2.6973,2.7076,2.6826,2.6913,2.7017,2.712,2.687,2.6957,0.0044,2.28
2019-11-28,2.6916,2.6926,2.6643,2.6676,2.696,2.697,2.6687,2.672,0.0044,1.47
2019-11-29,2.6673,2.6756,2.6516,2.6596,2.6717,2.68,2.655,2.663,0.0034,2.22
2019-12-02,2.6636,2.6766,2.6456,2.6495,2.668,2.681,2.649,2.6539,0.0044,2.48
2019-12-03,2.6493,2.6526,2.6191,2.6261,2.6537,2.657,2.6225,2.6305,0.0044,2.66
2019-12-04,2.6266,2.6646,2.6191,2.6576,2.631,2.668,2.6235,2.662,0.0044,2.48
2019-12-05,2.6581,2.6751,2.6516,2.6626,2.6625,2.6785,2.656,2.667,0.0044,2.49
2019-12-06,2.6628,2.7516,2.6626,2.7481,2.6672,2.755,2.667,2.7515,0.0034,2.67
2019-12-09,2.7361,2.7601,2.7181,2.7516,2.7405,2.7635,2.7225,2.756,0.0044,2.01
2019-12-10,2.7511,2.767,2.7466,2.7595,2.7555,2.7714,2.751,2.7639,0.0044,2.1
2019-12-11,2.7593,2.7956,2.7556,2.7901,2.7637,2.799,2.76,2.7945,0.0044,2.03
2019-12-12,2.7895,2.8283,2.7628,2.8216,2.7939,2.8327,2.7662,2.826,0.0044,2.96
2019-12-13,2.822,2.8226,2.7636,2.7828,2.8264,2.827,2.767,2.7862,0.0034,2.5
2019-12-16,2.7838,2.8171,2.7791,2.8016,2.7882,2.8205,2.7835,2.806,0.0044,2.11
2019-12-17,2.802,2.8241,2.7991,2.8045,2.8064,2.8285,2.8035,2.8089,0.0044,1.98
2019-12-18,2.8045,2.8126,2.7861,2.807,2.8089,2.816,2.7895,2.8114,0.0044,1.63
2019-12-19,2.8073,2.8256,2.7986,2.822,2.8117,2.829,2.803,2.8264,0.0044,1.55
2019-12-20,2.8223,2.832,2.7976,2.8018,2.8267,2.8364,2.801,2.8052,0.0034,1.87
2019-12-23,2.8045,2.8111,2.792,2.8061,2.8089,2.8155,2.7964,2.8105,0.0044,1.63
2019-12-24,2.8056,2.8301,2.8013,2.8226,2.81,2.8345,2.8057,2.826,0.0034,1.26
2019-12-25,2.8363,2.8391,2.8341,2.8356,2.8407,2.8435,2.8385,2.84,0.0044,0.07
2019-12-26,2.8356,2.8548,2.8236,2.847,2.84,2.8582,2.828,2.8514,0.0044,1.49
2019-12-27,2.8476,2.8476,2.813,2.8222,2.852,2.852,2.816,2.825,0.0028,3.82
2019-12-30,2.8261,2.8363,2.8169,2.8183,2.8298,2.8406,2.8207,2.8225,0.0042,3.79
2019-12-31,2.818,2.8196,2.7945,2.7962,2.822,2.8234,2.7975,2.8006,0.0044,2.08
2020-01-01,2.8022,2.8053,2.7987,2.8035,2.8063,2.8093,2.8029,2.808,0.0045,0.1
2020-01-02,2.8046,2.8275,2.7926,2.817,2.8086,2.8315,2.7955,2.8212,0.0042,2.78
2020-01-03,2.8167,2.8178,2.7575,2.7796,2.8209,2.822,2.7615,2.7825,0.0029,3.3
2020-01-06,2.769,2.7933,2.7625,2.7853,2.7735,2.7974,2.7668,2.7896,0.0043,2.75
2020-01-07,2.7858,2.8021,2.7716,2.7783,2.7899,2.8065,2.7758,2.7826,0.0043,3.69
2020-01-08,2.7785,2.8123,2.7611,2.81,2.7831,2.8156,2.7653,2.814,0.004,3.36
2020-01-09,2.8095,2.8175,2.794,2.7982,2.8134,2.8214,2.797,2.802,0.0038,3.01
2020-01-10,2.7985,2.8341,2.7941,2.8091,2.8028,2.8371,2.7973,2.8119,0.0028,2.71
2020-01-13,2.8102,2.8624,2.807,2.8541,2.8143,2.8656,2.8112,2.8581,0.004,3.17
2020-01-14,2.8543,2.8731,2.8475,2.8595,2.8585,2.8761,2.8518,2.8637,0.0042,3.59
2020-01-15,2.8603,2.8676,2.8344,2.8632,2.8643,2.8706,2.8384,2.8674,0.0042,2.79
2020-01-16,2.8637,2.8842,2.8402,2.8516,2.8675,2.8876,2.8437,2.8555,0.0039,2.63
2020-01-17,2.8507,2.8733,2.84,2.8446,2.8548,2.8778,2.843,2.847,0.0024,2.8
2020-01-20,2.8494,2.8591,2.835,2.8419,2.8537,2.8631,2.8382,2.8459,0.004,1.23
2020-01-21,2.8424,2.8431,2.7866,2.7901,2.8467,2.8474,2.7906,2.7946,0.0045,2.37
2020-01-22,2.7908,2.8031,2.762,2.7652,2.795,2.8071,2.765,2.769,0.0038,2.26
2020-01-23,2.7655,2.7706,2.7095,2.7311,2.77,2.7746,2.7125,2.7356,0.0045,3.18
2020-01-24,2.7307,2.7317,2.676,2.6807,2.7349,2.7358,2.679,2.6839,0.0032,2.67
2020-01-27,2.6291,2.6461,2.5898,2.5996,2.6331,2.6499,2.593,2.6033,0.0037,4.33
2020-01-28,2.5993,2.6061,2.5761,2.5846,2.6032,2.6105,2.579,2.5883,0.0037,3.18
2020-01-29,2.5846,2.6046,2.551,2.5628,2.589,2.6085,2.5543,2.567,0.0042,4.06
2020-01-30,2.5633,2.5637,2.5145,2.5411,2.5671,2.568,2.5182,2.5448,0.0037,3.39
2020-01-31,2.5416,2.5613,2.5014,2.5111,2.545,2.5655,2.5044,2.514,0.0029,3.62
2020-02-03,2.5151,2.5613,2.4945,2.5088,2.519,2.5653,2.4981,2.5131,0.0043,4.7
2020-02-04,2.5093,2.57,2.5081,2.5413,2.5131,2.5745,2.512,2.5456,0.0043,3.83
2020-02-05,2.5412,2.6036,2.5405,2.584,2.5452,2.6076,2.5445,2.5883,0.0043,4.29
2020-02-06,2.5842,2.6203,2.5747,2.5965,2.5883,2.6245,2.5787,2.6008,0.0043,3.83
2020-02-07,2.5962,2.5962,2.5439,2.5448,2.6,2.6003,2.5469,2.548,0.0032,2.92
2020-02-10,2.5411,2.5741,2.54,2.5555,2.5445,2.5781,2.5435,2.56,0.0045,4.15
2020-02-11,2.5552,2.6061,2.554,2.585,2.5598,2.6091,2.558,2.589,0.004,3.56
2020-02-12,2.5847,2.6086,2.5781,2.5868,2.5892,2.6124,2.582,2.5911,0.0043,3.51
2020-02-13,2.5875,2.6261,2.5796,2.608,2.5915,2.6291,2.5834,2.6126,0.0046,3.94
2020-02-14,2.6085,2.6161,2.5911,2.5968,2.6127,2.6201,2.5945,2.6,0.0032,3.05
2020-02-17,2.6116,2.6375,2.6066,2.6251,2.6159,2.6418,2.6109,2.629,0.0039,9.28
2020-02-18,2.6247,2.6298,2.5987,2.6162,2.6291,2.6338,2.6025,2.6205,0.0043,13.4
2020-02-19,2.6165,2.6325,2.5831,2.6194,2.6202,2.6362,2.586,2.6239,0.0045,10.62
2020-02-20,2.6195,2.6296,2.5848,2.5913,2.6235,2.6336,2.5882,2.595,0.0037,13.35
2020-02-21,2.5914,2.6228,2.5698,2.6078,2.5956,2.6259,2.5714,2.611,0.0032,12.08
2020-02-24,2.5793,2.5888,2.5631,2.58,2.5832,2.5919,2.5674,2.5837,0.0037,22.35
2020-02-25,2.5793,2.5941,2.5595,2.5696,2.5835,2.5981,2.5625,2.5738,0.0042,17.21
2020-02-26,2.5692,2.5811,2.5446,2.5625,2.5734,2.5851,2.5485,2.5659,0.0034,8.21
2020-02-27,2.5624,2.5806,2.524,2.5683,2.5666,2.5838,2.5269,2.5725,0.0042,6.74
2020-02-28,2.5681,2.5721,2.506,2.5426,2.5724,2.5761,2.5096,2.5455,0.0029,4.85
2020-03-02,2.5243,2.6131,2.5218,2.6111,2.5283,2.6172,2.526,2.615,0.0039,3.62
2020-03-03,2.6117,2.6231,2.545,2.5793,2.616,2.6271,2.5483,2.5835,0.0042,4.38
2020-03-04,2.5788,2.5986,2.5685,2.5869,2.5832,2.602,2.5717,2.5912,0.0043,3.13
2020-03-05,2.5871,2.5981,2.5596,2.5715,2.5908,2.6021,2.5625,2.5755,0.004,3.44
2020-03-06,2.5722,2.575,2.5307,2.5523,2.5763,2.5788,2.5338,2.5558,0.0035,3.2
2020-03-09,2.473,2.5273,2.4541,2.5113,2.4775,2.5305,2.458,2.5147,0.0034,3.94
2020-03-10,2.5112,2.5612,2.5028,2.5307,2.515,2.5656,2.5068,2.5349,0.0042,3.33
2020-03-11,2.531,2.5387,2.467,2.4704,2.5349,2.5428,2.4714,2.4746,0.0042,2.75
2020-03-12,2.4705,2.4802,2.427,2.4373,2.4746,2.4833,2.43,2.4417,0.0044,4.97
2020-03-13,2.4371,2.5298,2.3996,2.4909,2.4411,2.533,2.4037,2.4939,0.003,6.68
2020-03-16,2.4351,2.4521,2.3344,2.3931,2.4385,2.4561,2.3377,2.3976,0.0045,7.02
2020-03-17,2.393,2.4238,2.3012,2.3128,2.3967,2.4276,2.304,2.3171,0.0043,8.23
2020-03-18,2.3133,2.3396,2.1099,2.1869,2.3178,2.3434,2.1128,2.1907,0.0038,10.0
2020-03-19,2.1866,2.1958,1.9705,2.1575,2.1911,2.1998,1.9748,2.1618,0.0043,4.24
2020-03-20,2.1578,2.2346,2.0917,2.1505,2.162,2.2386,2.096,2.1536,0.0031,8.93
2020-03-23,2.0747,2.1227,2.0202,2.1145,2.0785,2.1273,2.0245,2.1185,0.004,8.59
2020-03-24,2.1142,2.237,2.103,2.1948,2.1188,2.24,2.1065,2.1988,0.004,15.05
2020-03-25,2.1943,2.2256,2.1477,2.2015,2.198,2.2284,2.1507,2.2055,0.004,9.74
2020-03-26,2.2017,2.213,2.157,2.186,2.2062,2.2172,2.1613,2.1903,0.0043,10.51
2020-03-27,2.1855,2.2012,2.1574,2.1662,2.1899,2.2055,2.1605,2.1689,0.0027,8.75
2020-03-30,2.1555,2.1733,2.1415,2.1713,2.1598,2.1775,2.1452,2.1753,0.004,7.36
2020-03-31,2.1711,2.2462,2.1695,2.2086,2.175,2.2497,2.1735,2.2129,0.0043,6.35
2020-04-01,2.2098,2.2202,2.153,2.1694,2.2143,2.2244,2.1563,2.1742,0.0048,3.94
2020-04-02,2.1705,2.2338,2.149,2.2135,2.1746,2.237,2.1536,2.2182,0.0047,5.2
2020-04-03,2.2135,2.23,2.1749,2.1755,2.218,2.2342,2.1777,2.179,0.0035,4.07
2020-04-06,2.1888,2.252,2.184,2.2423,2.1928,2.2565,2.1884,2.2463,0.004,4.25
2020-04-07,2.2347,2.3155,2.2317,2.2517,2.2389,2.3196,2.2358,2.256,0.0043,4.38
2020-04-08,2.2518,2.2852,2.2406,2.2798,2.2564,2.2892,2.2446,2.2838,0.004,4.11
2020-04-09,2.28,2.2857,2.2439,2.2681,2.2847,2.2899,2.2484,2.2727,0.0046,3.17
2020-04-13,2.2796,2.3502,2.2792,2.3136,2.284,2.3536,2.2838,2.318,0.0044,7.47
2020-04-14,2.3111,2.3337,2.3064,2.3235,2.3151,2.3369,2.3108,2.3279,0.0044,3.46
2020-04-15,2.3229,2.3271,2.276,2.291,2.3275,2.3314,2.2791,2.2951,0.0041,3.1
2020-04-16,2.291,2.3451,2.2841,2.3241,2.2954,2.3511,2.2886,2.3304,0.0063,5.18
2020-04-17,2.3202,2.355,2.319,2.3434,2.3261,2.3601,2.3251,2.3489,0.0055,6.17
2020-04-20,2.3477,2.3675,2.3099,2.3296,2.3519,2.3717,2.3144,2.3342,0.0046,12.58
2020-04-21,2.3292,2.3347,2.2154,2.2725,2.3332,2.3391,2.2186,2.2769,0.0044,7.82
2020-04-22,2.2732,2.3094,2.2319,2.2961,2.2774,2.3126,2.2361,2.3005,0.0044,12.01
2020-04-23,2.2962,2.3485,2.2877,2.3107,2.3006,2.3516,2.292,2.3146,0.0039,10.31
2020-04-24,2.3104,2.3615,2.2926,2.3538,2.3147,2.3646,2.2968,2.3575,0.0037,9.0
2020-04-27,2.346,2.378,2.3226,2.3367,2.35,2.382,2.3256,2.3403,0.0036,4.42
2020-04-28,2.3367,2.371,2.3284,2.3409,2.3406,2.3742,2.3327,2.3448,0.0039,7.82
2020-04-29,2.3405,2.3847,2.3401,2.3742,2.3449,2.3878,2.3441,2.3786,0.0044,3.79
2020-04-30,2.3756,2.3922,2.3167,2.3296,2.3804,2.3967,2.321,2.334,0.0044,3.33
2020-05-01,2.3295,2.3307,2.2839,2.309,2.3336,2.335,2.2884,2.3123,0.0033,3.14
2020-05-04,2.295,2.3217,2.2821,2.318,2.2996,2.3259,2.2864,2.322,0.004,3.12
2020-05-05,2.3205,2.3374,2.3055,2.3337,2.3252,2.3421,2.3086,2.3381,0.0044,2.95
2020-05-06,2.3332,2.364,2.3169,2.3379,2.3371,2.3671,2.3211,2.3418,0.0039,3.53
2020-05-07,2.3375,2.3894,2.3369,2.3812,2.3419,2.3926,2.3414,2.3858,0.0046,3.26
2020-05-08,2.382,2.4282,2.3799,2.4133,2.3864,2.4313,2.3845,2.4167,0.0034,4.06
2020-05-11,2.4164,2.4277,2.366,2.3747,2.4209,2.4321,2.3693,2.3792,0.0045,2.89
2020-05-12,2.3742,2.3847,2.3284,2.3351,2.3786,2.388,2.3328,2.3391,0.004,3.57
2020-05-13,2.336,2.3735,2.3325,2.3505,2.3401,2.3767,2.3366,2.3544,0.0039,2.31
2020-05-14,2.3496,2.3627,2.3129,2.36,2.354,2.3672,2.3161,2.3641,0.0041,2.75
2020-05-15,2.3595,2.3735,2.327,2.3302,2.3637,2.378,2.3306,2.3328,0.0026,2.51
2020-05-18,2.3451,2.4357,2.343,2.4319,2.3499,2.4402,2.3471,2.4366,0.0047,3.47
2020-05-19,2.4321,2.4321,2.4012,2.4085,2.4365,2.4365,2.4038,2.4124,0.0039,3.06
2020-05-20,2.4084,2.4635,2.402,2.4557,2.4131,2.4667,2.4061,2.4602,0.0045,2.93
2020-05-21,2.456,2.4652,2.4202,2.4256,2.4604,2.4697,2.4246,2.4299,0.0043,2.54
2020-05-22,2.4259,2.4285,2.3694,2.3896,2.4301,2.433,2.3736,2.3933,0.0037,3.15
2020-05-25,2.3951,2.4127,2.3836,2.404,2.3995,2.416,2.3882,2.4085,0.0045,1.93
2020-05-26,2.4045,2.4372,2.402,2.4057,2.4085,2.4406,2.4066,2.4102,0.0045,2.9
2020-05-27,2.4062,2.4201,2.3569,2.3854,2.4107,2.4247,2.3604,2.39,0.0046,3.99
2020-05-28,2.3856,2.423,2.3809,2.4055,2.3901,2.4262,2.3856,2.4099,0.0044,3.78
2020-05-29,2.4065,2.456,2.3895,2.4388,2.4101,2.4587,2.3939,2.4424,0.0036,3.8
2020-06-01,2.4325,2.4757,2.4234,2.4642,2.4366,2.4792,2.4266,2.4689,0.0047,8.45
2020-06-02,2.4647,2.4995,2.4564,2.4957,2.4691,2.5042,2.4606,2.4998,0.0041,3.7
2020-06-03,2.496,2.504,2.4636,2.4771,2.5002,2.507,2.4679,2.4816,0.0045,3.3
2020-06-04,2.4782,2.5015,2.4529,2.4796,2.4821,2.5047,2.4571,2.4839,0.0043,4.34
2020-06-05,2.4789,2.57,2.4789,2.5405,2.4837,2.5732,2.4831,2.5436,0.0031,5.68
2020-06-08,2.5504,2.5855,2.529,2.583,2.5551,2.5891,2.5331,2.5872,0.0042,4.14
2020-06-09,2.5794,2.6045,2.5534,2.5984,2.5836,2.6074,2.5579,2.6029,0.0045,4.45
2020-06-10,2.5982,2.6985,2.5965,2.6574,2.6027,2.7016,2.6006,2.6621,0.0047,6.72
2020-06-11,2.6589,2.6705,2.5569,2.5712,2.6632,2.6749,2.5604,2.5751,0.0039,5.56
2020-06-12,2.5708,2.621,2.5564,2.6146,2.5754,2.6251,2.5606,2.6181,0.0035,4.24
2020-06-15,2.5887,2.593,2.5358,2.5912,2.5932,2.5976,2.5401,2.5954,0.0042,6.06
2020-06-16,2.5904,2.6126,2.5305,2.5677,2.595,2.6169,2.5336,2.5718,0.0041,4.95
2020-06-17,2.5662,2.598,2.5494,2.5832,2.5701,2.6012,2.5536,2.5871,0.0039,5.16
2020-06-18,2.5833,2.6237,2.57,2.619,2.5877,2.6279,2.5741,2.6236,0.0046,3.73
2020-06-19,2.6189,2.6645,2.6081,2.6175,2.6231,2.6677,2.6126,2.621,0.0035,13.85
2020-06-22,2.6227,2.672,2.6211,2.6715,2.6272,2.6764,2.6253,2.6754,0.0039,13.25
2020-06-23,2.6703,2.6775,2.6271,2.6612,2.6743,2.6807,2.631,2.6654,0.0042,10.27
2020-06-24,2.6612,2.6875,2.6384,2.6429,2.6655,2.6911,2.6416,2.6474,0.0045,14.18
2020-06-25,2.6432,2.6867,2.6367,2.6793,2.6476,2.6912,2.641,2.6838,0.0045,10.55
2020-06-26,2.6799,2.7127,2.6691,2.6697,2.684,2.7159,2.6721,2.6734,0.0037,4.89
2020-06-29,2.6729,2.7037,2.6704,2.698,2.6775,2.7082,2.6746,2.7025,0.0045,3.23
2020-06-30,2.6977,2.7355,2.6936,2.7262,2.7024,2.7387,2.6978,2.7306,0.0044,3.6
2020-07-01,2.7264,2.7645,2.7049,2.7504,2.7309,2.7691,2.7084,2.755,0.0046,3.98
2020-07-02,2.7501,2.767,2.7285,2.7429,2.7544,2.7711,2.732,2.7476,0.0047,3.67
2020-07-03,2.7435,2.748,2.702,2.7204,2.7481,2.7521,2.7046,2.7238,0.0034,1.28
2020-07-06,2.7274,2.793,2.7234,2.7871,2.7314,2.7972,2.7278,2.791,0.0039,2.86
2020-07-07,2.7852,2.7975,2.7439,2.7884,2.7896,2.8007,2.7483,2.7931,0.0047,3.32
2020-07-08,2.7881,2.8257,2.7835,2.8231,2.7927,2.83,2.7878,2.8276,0.0045,3.06
2020-07-09,2.8224,2.8732,2.8218,2.8425,2.827,2.8776,2.826,2.847,0.0045,3.56
2020-07-10,2.8432,2.9149,2.8204,2.9122,2.8477,2.9181,2.8245,2.9153,0.0031,3.19
2020-07-13,2.9106,2.9907,2.8969,2.9299,2.9153,2.9952,2.9006,2.9341,0.0042,4.04
2020-07-14,2.9284,2.974,2.8956,2.9518,2.9329,2.978,2.9002,2.9563,0.0045,3.8
2020-07-15,2.9505,2.9537,2.8715,2.8876,2.9544,2.9581,2.8746,2.8922,0.0046,3.09
2020-07-16,2.8867,2.905,2.8434,2.8935,2.891,2.9082,2.8479,2.8977,0.0042,2.84
2020-07-17,2.8935,2.916,2.8777,2.8998,2.898,2.9192,2.8816,2.9033,0.0035,1.58
2020-07-20,2.9051,2.9421,2.8799,2.9277,2.9091,2.9454,2.8841,2.9322,0.0045,2.07
2020-07-21,2.9249,2.9735,2.9195,2.9651,2.9294,2.9771,2.9235,2.9695,0.0044,2.72
2020-07-22,2.9651,2.9799,2.8899,2.9166,2.9696,2.9841,2.8931,2.9206,0.004,2.55
2020-07-23,2.9169,2.9525,2.897,2.9201,2.921,2.9557,2.9013,2.9241,0.004,3.84
2020-07-24,2.9206,2.9286,2.8643,2.8924,2.9252,2.9331,2.8685,2.8956,0.0032,3.23
2020-07-27,2.8895,2.918,2.8806,2.9149,2.8937,2.9222,2.8841,2.9185,0.0036,3.17
2020-07-28,2.9136,2.9375,2.8774,2.9074,2.9184,2.9422,2.8814,2.9116,0.0042,3.17
2020-07-29,2.9077,2.942,2.8934,2.9264,2.9122,2.9452,2.8969,2.931,0.0046,3.04
2020-07-30,2.9269,2.9321,2.8764,2.9187,2.9315,2.9363,2.8801,2.9232,0.0045,4.13
2020-07-31,2.9183,2.9295,2.8445,2.8599,2.9226,2.9337,2.8476,2.8634,0.0035,4.1
2020-08-03,2.8502,2.9232,2.8289,2.9149,2.8541,2.9266,2.8334,2.9195,0.0046,5.57
2020-08-04,2.9149,2.9162,2.8736,2.9025,2.9191,2.9206,2.8768,2.9072,0.0047,2.81
2020-08-05,2.9012,2.9376,2.8855,2.9149,2.9054,2.941,2.8896,2.9196,0.0047,2.85
2020-08-06,2.9144,2.9247,2.885,2.9121,2.919,2.9291,2.8894,2.9164,0.0043,3.13
2020-08-07,2.9126,2.913,2.7811,2.7894,2.9171,2.9172,2.7846,2.7928,0.0034,3.96
2020-08-10,2.7905,2.8835,2.788,2.864,2.7952,2.8867,2.7926,2.868,0.004,3.43
2020-08-11,2.8645,2.8775,2.8376,2.8487,2.8681,2.8807,2.841,2.8532,0.0045,5.22
2020-08-12,2.8482,2.901,2.8056,2.8835,2.8524,2.9044,2.8102,2.8879,0.0044,7.13
2020-08-13,2.8842,2.8905,2.7728,2.7984,2.8886,2.8945,2.7763,2.8031,0.0047,3.88
2020-08-14,2.7988,2.863,2.7945,2.8607,2.8034,2.8661,2.7991,2.8642,0.0035,3.25
2020-08-17,2.8506,2.9155,2.843,2.9042,2.8546,2.9182,2.847,2.9086,0.0044,3.28
2020-08-18,2.9036,2.979,2.8839,2.977,2.9082,2.984,2.8883,2.9825,0.0055,3.53
2020-08-19,2.9756,3.0267,2.9639,3.0045,2.9809,3.0321,2.9695,3.0085,0.004,7.27
2020-08-20,3.0051,3.0145,2.9685,3.0096,3.0098,3.0186,2.9729,3.0138,0.0042,13.0
2020-08-21,3.0087,3.0135,2.9222,2.941,3.0132,3.0176,2.9256,2.9441,0.0031,12.31
2020-08-24,2.9424,2.9795,2.9331,2.9449,2.9466,2.9826,2.9358,2.9491,0.0042,8.1
2020-08-25,2.946,2.9612,2.9304,2.959,2.9499,2.9646,2.9346,2.9631,0.0041,8.06
2020-08-26,2.9579,2.996,2.949,2.9956,2.9626,3.0,2.9528,3.0,0.0044,7.25
2020-08-27,2.992,3.0103,2.9545,2.9995,2.9959,3.0138,2.9581,3.0035,0.004,3.37
2020-08-28,2.9989,3.039,2.9968,3.029,3.0037,3.0424,3.001,3.0321,0.0031,2.0
2020-08-31,3.0341,3.0659,3.0264,3.0474,3.0384,3.0692,3.0308,3.0521,0.0047,2.57
2020-09-01,3.0458,3.092,3.0125,3.0239,3.0504,3.0963,3.0156,3.0281,0.0042,2.34
2020-09-02,3.0237,3.0382,2.9971,3.031,3.0281,3.0416,3.0004,3.0351,0.0041,2.36
2020-09-03,3.0296,3.0387,2.9541,2.9635,3.0341,3.0432,2.9571,2.968,0.0045,3.22
2020-09-04,2.9643,3.082,2.9633,3.0747,2.9689,3.0853,2.9676,3.0779,0.0032,4.35
2020-09-07,3.073,3.0861,3.0407,3.0679,3.0766,3.0907,3.0448,3.0723,0.0044,3.52
2020-09-08,3.0662,3.08,2.9964,3.013,3.0702,3.0846,2.9996,3.0171,0.0041,3.31
2020-09-09,3.0138,3.059,3.0045,3.0563,3.0178,3.0622,3.0085,3.0607,0.0044,3.74
2020-09-10,3.0561,3.0567,2.954,2.974,3.0606,3.0613,2.9571,2.9776,0.0036,4.08
2020-09-11,2.9745,3.0509,2.97,3.043,2.9787,3.0543,2.9746,3.0459,0.0029,2.65
2020-09-14,3.0421,3.074,3.0264,3.064,3.0468,3.0774,3.0309,3.0676,0.0036,3.18
2020-09-15,3.0631,3.0896,3.0449,3.0493,3.0674,3.0926,3.0481,3.0535,0.0042,1.67
2020-09-16,3.0495,3.0817,3.0423,3.0615,3.0535,3.0852,3.0466,3.0654,0.0039,2.45
2020-09-17,3.0617,3.0832,3.011,3.0789,3.0656,3.0876,3.0151,3.0834,0.0045,4.75
2020-09-18,3.0739,3.1156,3.0626,3.1035,3.0783,3.119,3.0658,3.1072,0.0037,2.55
2020-09-21,3.1004,3.119,3.0122,3.0405,3.1046,3.1231,3.0151,3.0446,0.0041,3.32
2020-09-22,3.0382,3.086,3.031,3.067,3.0429,3.0892,3.0351,3.0715,0.0045,3.27
2020-09-23,3.0677,3.0685,2.9399,2.9512,3.0716,3.0721,2.9441,2.9554,0.0042,3.87
2020-09-24,2.9549,2.984,2.9127,2.9785,2.9597,2.9879,2.9161,2.9825,0.004,6.02
2020-09-25,2.9771,2.993,2.9422,2.9762,2.9813,2.9972,2.9457,2.9797,0.0035,2.67
2020-09-28,2.9801,3.0105,2.9632,3.0004,2.9844,3.0135,2.9677,3.005,0.0046,2.81
2020-09-29,3.0002,3.0041,2.9535,2.9974,3.0045,3.0085,2.9566,3.002,0.0046,1.89
2020-09-30,2.9984,3.0395,2.974,3.0274,3.0028,3.0427,2.9784,3.0314,0.004,3.66
2020-10-01,3.0267,3.0442,2.853,2.8731,3.0314,3.0483,2.8564,2.8771,0.004,2.56
2020-10-02,2.8745,2.9847,2.8324,2.9763,2.8791,2.9882,2.8368,2.9799,0.0036,4.39
2020-10-05,2.9741,2.9826,2.9304,2.9627,2.9784,2.987,2.9338,2.9673,0.0046,2.29
2020-10-06,2.9629,2.9747,2.92,2.936,2.9677,2.9778,2.9245,2.9401,0.0041,2.84
2020-10-07,2.937,3.0527,2.9231,3.0261,2.9411,3.056,2.9276,3.0306,0.0045,3.04
2020-10-08,3.0267,3.046,3.0093,3.04,3.0308,3.0492,3.0135,3.0447,0.0047,2.14
2020-10-09,3.0401,3.0962,3.039,3.0829,3.0441,3.0994,3.0431,3.0862,0.0033,1.98
2020-10-12,3.0667,3.0915,3.0493,3.0616,3.0709,3.0947,3.0539,3.0661,0.0045,2.84
2020-10-13,3.0613,3.0617,3.0239,3.039,3.0653,3.0659,3.0285,3.0431,0.0041,1.93
2020-10-14,3.0393,3.0661,3.0359,3.0432,3.0441,3.0706,3.0401,3.0477,0.0045,2.05
2020-10-15,3.0426,3.094,3.0236,3.0896,3.0466,3.0982,3.027,3.0939,0.0043,1.99
2020-10-16,3.0895,3.0921,3.0539,3.0604,3.0936,3.0966,3.0571,3.0639,0.0035,1.73
2020-10-19,3.0602,3.1062,3.0575,3.076,3.0641,3.1097,3.0616,3.0805,0.0045,2.28
2020-10-20,3.0764,3.1687,3.0718,3.146,3.0806,3.1722,3.0763,3.15,0.004,2.54
2020-10-21,3.1446,3.2157,3.1416,3.184,3.1491,3.2194,3.146,3.188,0.004,3.22
2020-10-22,3.1841,3.1916,3.1411,3.1529,3.1884,3.1962,3.1443,3.1581,0.0052,2.69
2020-10-23,3.152,3.159,3.1223,3.1395,3.1572,3.1638,3.1267,3.1442,0.0047,1.94
2020-10-26,3.1304,3.1327,3.0752,3.0864,3.1349,3.1369,3.0786,3.0909,0.0045,2.75
2020-10-27,3.0861,3.1104,3.0691,3.0779,3.0903,3.114,3.0737,3.0824,0.0045,2.38
2020-10-28,3.0778,3.1045,3.0402,3.0693,3.0823,3.1084,3.0436,3.074,0.0047,3.43
2020-10-29,3.0695,3.092,3.0421,3.0624,3.0735,3.0962,3.0457,3.067,0.0046,3.76
2020-10-30,3.0626,3.078,3.0351,3.0489,3.0673,3.0827,3.0398,3.0526,0.0037,2.61
2020-11-02,3.0325,3.0945,3.026,3.0862,3.0372,3.0977,3.0303,3.0902,0.004,3.56
2020-11-03,3.0859,3.1215,3.0774,3.1092,3.0901,3.1246,3.0819,3.1133,0.0041,2.43
2020-11-04,3.1095,3.1177,3.0264,3.1049,3.1135,3.1212,3.0308,3.1091,0.0042,11.03
2020-11-05,3.1052,3.134,3.0776,3.1027,3.1097,3.1376,3.0816,3.1072,0.0045,8.0
2020-11-06,3.1032,3.1725,3.0993,3.1486,3.1076,3.1757,3.1035,3.1521,0.0035,4.27
2020-11-09,3.1652,3.2062,3.1297,3.1393,3.1699,3.2094,3.1335,3.144,0.0047,5.65
2020-11-10,3.1392,3.1605,3.0951,3.1486,3.1437,3.1639,3.0986,3.1532,0.0046,7.84
2020-11-11,3.1486,3.1729,3.1059,3.1265,3.1529,3.1776,3.1091,3.1306,0.0041,5.72
2020-11-12,3.1267,3.1625,3.1193,3.133,3.1308,3.166,3.1232,3.1369,0.0039,3.14
2020-11-13,3.133,3.1875,3.1254,3.1807,3.1375,3.1907,3.1291,3.1843,0.0036,13.28
2020-11-16,3.1846,3.2602,3.181,3.2216,3.1884,3.265,3.1852,3.2261,0.0045,18.78
2020-11-17,3.2208,3.2373,3.1754,3.2028,3.2255,3.2416,3.1789,3.2078,0.005,15.88
2020-11-18,3.2033,3.2396,3.1855,3.2033,3.2074,3.2441,3.1897,3.208,0.0047,18.5
2020-11-19,3.2028,3.2335,3.1841,3.2212,3.2075,3.2379,3.188,3.2254,0.0042,22.0
2020-11-20,3.2218,3.3168,3.2182,3.3091,3.2259,3.3205,3.2227,3.3122,0.0031,20.54
2020-11-23,3.3016,3.3126,3.2533,3.2846,3.3065,3.3171,3.2567,3.2889,0.0043,19.12
2020-11-24,3.2849,3.3329,3.2781,3.3273,3.2898,3.3371,3.2827,3.3316,0.0043,21.08
2020-11-25,3.3269,3.3488,3.2991,3.3306,3.3311,3.3536,3.3035,3.3353,0.0047,16.08
2020-11-26,3.3311,3.3776,3.3279,3.3668,3.3355,3.38,3.3322,3.3712,0.0044,13.63
2020-11-27,3.3676,3.4224,3.3585,3.4196,3.3719,3.4257,3.3631,3.423,0.0034,15.36
2020-11-30,3.4256,3.5026,3.4173,3.4528,3.4298,3.5062,3.4223,3.4575,0.0047,28.36
2020-12-01,3.4528,3.5191,3.4451,3.4904,3.4575,3.5226,3.4492,3.4953,0.0049,26.86
2020-12-02,3.4897,3.5093,3.4373,3.4853,3.4942,3.5141,3.4409,3.4897,0.0044,29.99
2020-12-03,3.4851,3.521,3.4678,3.4792,3.4897,3.5245,3.4724,3.4839,0.0047,28.98
2020-12-04,3.4795,3.5334,3.4785,3.5255,3.4841,3.5381,3.4829,3.5292,0.0037,25.24
2020-12-07,3.5264,3.5425,3.4764,3.5023,3.5306,3.5473,3.4809,3.5072,0.0049,28.11
2020-12-08,3.5021,3.5054,3.465,3.4975,3.507,3.5098,3.4694,3.5017,0.0042,26.37
2020-12-09,3.4967,3.5323,3.4844,3.4935,3.5014,3.5367,3.4877,3.4982,0.0047,25.29
2020-12-10,3.4929,3.5911,3.4489,3.5819,3.4972,3.5947,3.4532,3.586,0.0041,27.04
2020-12-11,3.5815,3.6226,3.4951,3.532,3.5865,3.627,3.4987,3.536,0.004,27.85
2020-12-14,3.539,3.5531,3.5059,3.5154,3.5439,3.5577,3.5096,3.5198,0.0044,22.0
2020-12-15,3.515,3.5541,3.498,3.5366,3.5198,3.5577,3.5022,3.5415,0.0049,19.18
2020-12-16,3.5368,3.5783,3.5337,3.5625,3.5415,3.5817,3.5389,3.5673,0.0048,20.59
2020-12-17,3.5625,3.6118,3.5591,3.6005,3.5668,3.616,3.564,3.6053,0.0048,20.93
2020-12-18,3.6,3.6434,3.588,3.6405,3.6048,3.6471,3.5928,3.644,0.0035,25.49
2020-12-21,3.6257,3.6296,3.5442,3.5815,3.6307,3.6344,3.549,3.5855,0.004,30.75
2020-12-22,3.5816,3.5908,3.5034,3.5213,3.5866,3.5953,3.5072,3.5262,0.0049,25.97
2020-12-23,3.5207,3.5613,3.4755,3.5452,3.5256,3.5647,3.48,3.5502,0.005,22.57
2020-12-24,3.5455,3.571,3.5292,3.5695,3.55,3.5749,3.5328,3.573,0.0035,15.22
2020-12-28,3.5717,3.616,3.5643,3.5781,3.5765,3.6207,3.5683,3.5829,0.0048,12.64
2020-12-29,3.5779,3.5895,3.5427,3.5492,3.5828,3.5941,3.5463,3.554,0.0048,20.02
2020-12-30,3.5499,3.5803,3.5393,3.5469,3.5549,3.5852,3.5428,3.5515,0.0046,17.98
2020-12-31,3.5465,3.5572,3.5037,3.5199,3.5514,3.5618,3.5083,3.5243,0.0044,15.74
2021-01-04,3.5322,3.6047,3.5197,3.562,3.5367,3.6091,3.5243,3.5668,0.0048,29.48
2021-01-05,3.5622,3.6603,3.5572,3.6469,3.5671,3.6639,3.5618,3.6516,0.0047,26.38
2021-01-06,3.6469,3.7053,3.6255,3.66,3.6521,3.7099,3.6291,3.665,0.005,30.98
2021-01-07,3.6596,3.7095,3.639,3.7051,3.6645,3.7134,3.6435,3.71,0.0049,25.28
2021-01-08,3.7053,3.7318,3.6268,3.6912,3.7098,3.7367,3.6306,3.6948,0.0036,32.23
2021-01-11,3.6636,3.6688,3.5498,3.5649,3.6686,3.6732,3.5536,3.5696,0.0047,27.96
2021-01-12,3.5653,3.6439,3.5604,3.6363,3.5702,3.6491,3.5648,3.6407,0.0044,24.9
2021-01-13,3.6364,3.6468,3.6037,3.6165,3.6413,3.6517,3.6076,3.6208,0.0043,23.35
2021-01-14,3.6157,3.6728,3.5993,3.667,3.6209,3.6773,3.604,3.6715,0.0045,24.28
2021-01-15,3.6668,3.6815,3.5849,3.596,3.6716,3.6863,3.5885,3.5996,0.0036,26.63
2021-01-18,3.5734,3.6465,3.5713,3.6148,3.5784,3.6513,3.576,3.6199,0.0051,18.36
2021-01-19,3.6144,3.6519,3.5952,3.6303,3.6194,3.6558,3.5988,3.6351,0.0048,27.75
2021-01-20,3.6307,3.6605,3.615,3.643,3.6353,3.6653,3.6187,3.6479,0.0049,23.87
2021-01-21,3.6424,3.6718,3.6317,3.6449,3.6474,3.6754,3.6355,3.6493,0.0044,26.36
2021-01-22,3.6444,3.6485,3.562,3.6161,3.649,3.6531,3.5658,3.62,0.0039,29.79
2021-01-25,3.6235,3.638,3.594,3.6309,3.6283,3.6426,3.5976,3.6356,0.0047,32.88
2021-01-26,3.6303,3.6393,3.5787,3.6191,3.6351,3.6433,3.5833,3.6239,0.0048,30.06
2021-01-27,3.6194,3.6253,3.5193,3.533,3.6237,3.6299,3.523,3.5379,0.0049,40.27
2021-01-28,3.5327,3.5968,3.4889,3.5699,3.5376,3.6003,3.4937,3.5748,0.0049,50.58
2021-01-29,3.5704,3.6105,3.5299,3.5385,3.5752,3.6143,3.5347,3.5418,0.0033,44.53
2021-02-01,3.535,3.5828,3.5212,3.5551,3.5397,3.5872,3.5262,3.5598,0.0047,38.58
2021-02-02,3.5547,3.5668,3.4972,3.5269,3.5592,3.5711,3.5018,3.5316,0.0047,42.14
2021-02-03,3.5275,3.571,3.5013,3.57,3.5318,3.5749,3.5061,3.5746,0.0046,33.89
2021-02-04,3.5699,3.5803,3.5352,3.5572,3.5748,3.5849,3.5388,3.5623,0.0051,29.5
2021-02-05,3.557,3.6383,3.5487,3.6361,3.5621,3.6416,3.5533,3.6398,0.0037,29.76
2021-02-08,3.6382,3.6778,3.6204,3.675,3.6431,3.6824,3.625,3.6797,0.0047,34.27
2021-02-09,3.6747,3.7238,3.6647,3.7148,3.6787,3.7278,3.6693,3.7198,0.005,35.44
2021-02-10,3.7144,3.7938,3.7112,3.7641,3.7193,3.7974,3.716,3.7693,0.0052,35.62
2021-02-11,3.7639,3.7898,3.7474,3.7784,3.7683,3.7937,3.7521,3.7833,0.0049,26.17
2021-02-12,3.7783,3.8022,3.7191,3.7975,3.7827,3.8058,3.7237,3.8008,0.0033,22.15
2021-02-15,3.798,3.8322,3.7972,3.8197,3.8025,3.8367,3.802,3.8237,0.004,13.05
2021-02-16,3.8195,3.8425,3.8017,3.8275,3.8239,3.8474,3.8063,3.8315,0.004,32.19
2021-02-17,3.8266,3.839,3.7949,3.8257,3.8315,3.8438,3.7983,3.8303,0.0046,26.4
2021-02-18,3.8263,3.9305,3.8214,3.9079,3.8306,3.9351,3.8261,3.9127,0.0048,46.95
2021-02-19,3.9071,4.0945,3.8902,4.0669,3.9121,4.0984,3.8953,4.0708,0.0039,46.69
2021-02-22,4.106,4.2176,4.0754,4.1428,4.11,4.2225,4.0805,4.1477,0.0049,32.97
2021-02-23,4.1435,4.2306,4.0957,4.2047,4.1478,4.2354,4.0996,4.2092,0.0045,44.71
2021-02-24,4.2048,4.339,4.1463,4.3347,4.2097,4.3437,4.1508,4.3398,0.0051,38.35
2021-02-25,4.3343,4.3727,4.1889,4.209,4.3383,4.3778,4.1939,4.2137,0.0047,36.98
2021-02-26,4.2084,4.2525,4.0748,4.1014,4.2134,4.2574,4.0783,4.1053,0.0039,46.45
2021-03-01,4.1482,4.1782,4.0879,4.1127,4.1531,4.1833,4.0917,4.1177,0.005,31.12
2021-03-02,4.1125,4.2233,4.0395,4.2038,4.1176,4.2271,4.0443,4.2078,0.004,35.33
2021-03-03,4.203,4.2197,4.0732,4.0799,4.2078,4.2242,4.0781,4.0846,0.0047,32.89
2021-03-04,4.0802,4.1488,3.8481,3.9249,4.0851,4.1534,3.8515,3.9296,0.0047,34.28
2021-03-05,3.9254,4.1085,3.8999,4.1,3.9304,4.1122,3.9048,4.1033,0.0033,34.98
2021-03-08,4.1526,4.1568,3.9941,4.088,4.1574,4.1612,3.999,4.0924,0.0044,33.75
2021-03-09,4.0878,4.1185,3.9698,4.0132,4.0924,4.1234,3.9738,4.018,0.0048,28.71
2021-03-10,4.013,4.0602,3.9804,4.028,4.0178,4.0648,3.9851,4.0329,0.0049,24.22
2021-03-11,4.028,4.148,4.0071,4.1349,4.0323,4.1516,4.0118,4.1401,0.0052,25.47
2021-03-12,4.1353,4.1559,4.0646,4.1522,4.1396,4.1597,4.0693,4.1558,0.0036,22.99
2021-03-15,4.1727,4.1763,4.1083,4.1315,4.1778,4.1812,4.1128,4.1361,0.0046,20.11
2021-03-16,4.1309,4.1455,4.0392,4.0582,4.1359,4.1495,4.0423,4.0632,0.005,21.89
2021-03-17,4.0585,4.159,4.0439,4.1503,4.0625,4.1628,4.0486,4.1546,0.0043,21.15
2021-03-18,4.1489,4.155,4.0472,4.0675,4.154,4.1595,4.0508,4.0718,0.0043,24.84
2021-03-19,4.0664,4.12,4.009,4.1004,4.0712,4.1235,4.0133,4.1044,0.004,24.09
2021-03-22,4.088,4.146,4.0738,4.1434,4.0923,4.1497,4.078,4.1484,0.005,21.51
2021-03-23,4.1432,4.1623,4.0142,4.0258,4.1478,4.1668,4.0178,4.0301,0.0043,25.86
2021-03-24,4.0251,4.1024,4.0149,4.0219,4.0295,4.1064,4.0195,4.0269,0.005,25.85
2021-03-25,4.0228,4.0433,3.9404,3.9993,4.0272,4.0478,3.9443,4.0037,0.0044,30.98
2021-03-26,3.9984,4.081,3.9929,4.077,4.0034,4.0848,3.9978,4.08,0.003,23.47
2021-03-29,4.0724,4.0768,4.0064,4.0384,4.0773,4.0814,4.0102,4.0434,0.005,26.4
2021-03-30,4.038,4.0483,3.9619,3.9807,4.0423,4.0527,3.9653,3.9853,0.0046,24.38
2021-03-31,3.9815,4.0153,3.9516,3.9837,3.9864,4.0196,3.9562,3.9886,0.0049,23.35
2021-04-01,3.983,4.0168,3.9412,4.013,3.9878,4.0214,3.9458,4.0175,0.0045,25.79
2021-04-05,4.0415,4.1583,4.036,4.1332,4.0461,4.1619,4.0403,4.1378,0.0046,14.38
2021-04-06,4.133,4.1347,4.0691,4.11,4.1373,4.1392,4.0737,4.1149,0.0049,25.17
2021-04-07,4.1082,4.1158,4.0334,4.0587,4.1133,4.1209,4.0374,4.0638,0.0051,25.6
2021-04-08,4.0585,4.095,4.0427,4.0884,4.0628,4.0998,4.0473,4.093,0.0046,23.03
2021-04-09,4.089,4.1053,4.0342,4.0449,4.0936,4.1097,4.038,4.0485,0.0036,21.91
2021-04-12,4.0499,4.0505,3.9862,4.0157,4.0546,4.0554,3.9911,4.0209,0.0052,25.25
2021-04-13,4.0164,4.0578,3.9957,4.0375,4.0215,4.0611,4.0007,4.042,0.0045,26.72
2021-04-14,4.0361,4.1315,4.0268,4.1154,4.041,4.1353,4.0312,4.1204,0.005,29.59
2021-04-15,4.1157,4.2385,4.1049,4.2335,4.1203,4.2429,4.1098,4.2378,0.0043,34.96
2021-04-16,4.2328,4.2466,4.1639,4.1708,4.2373,4.2512,4.1676,4.1742,0.0034,21.9
2021-04-19,4.1633,4.2813,4.1564,4.2383,4.1684,4.2857,4.161,4.2433,0.005,20.56
2021-04-20,4.239,4.301,4.2072,4.2118,4.2434,4.3054,4.2111,4.2167,0.0049,27.85
2021-04-21,4.2121,4.3018,4.2109,4.2906,4.2171,4.3051,4.2158,4.295,0.0044,24.76
2021-04-22,4.2925,4.2955,4.2508,4.2705,4.297,4.2996,4.2543,4.2745,0.004,28.06
2021-04-23,4.268,4.3478,4.268,4.336,4.2729,4.3512,4.2728,4.3396,0.0036,27.55
2021-04-26,4.3375,4.4537,4.3349,4.4507,4.3424,4.4584,4.3399,4.4553,0.0046,26.76
2021-04-27,4.4504,4.5222,4.4445,4.4803,4.4555,4.5268,4.4487,4.4851,0.0048,26.58
2021-04-28,4.4805,4.5165,4.4135,4.5043,4.4853,4.5203,4.4183,4.5083,0.004,19.77
2021-04-29,4.5012,4.5485,4.4628,4.4898,4.5055,4.5521,4.4667,4.4949,0.0051,25.03
2021-04-30,4.4895,4.5288,4.4441,4.4536,4.4946,4.5323,4.4481,4.4574,0.0038,19.91
2021-05-03,4.4768,4.5338,4.4327,4.5117,4.4811,4.5374,4.4373,4.5164,0.0047,12.53
2021-05-04,4.5093,4.56,4.4872,4.549,4.5138,4.5649,4.4922,4.554,0.005,20.64
2021-05-05,4.5499,4.5688,4.5012,4.513,4.5549,4.5734,4.5048,4.5181,0.0051,17.93
2021-05-06,4.5135,4.61,4.4985,4.6032,4.5182,4.6149,4.5028,4.6084,0.0052,25.0
2021-05-07,4.6049,4.749,4.5959,4.7467,4.6099,4.7526,4.6008,4.7503,0.0036,28.36
2021-05-10,4.7687,4.8853,4.6659,4.719,4.7737,4.89,4.6703,4.723,0.004,27.59
2021-05-11,4.7189,4.8018,4.6797,4.7939,4.7235,4.8054,4.6845,4.7989,0.005,26.0
2021-05-12,4.7952,4.8223,4.704,4.729,4.7995,4.8263,4.7075,4.7333,0.0043,27.43
2021-05-13,4.7294,4.7655,4.6412,4.6715,4.734,4.7702,4.6462,4.676,0.0045,28.3
2021-05-14,4.6704,4.7103,4.6039,4.6629,4.6754,4.7148,4.6085,4.6669,0.004,25.84
2021-05-17,4.6631,4.7264,4.6383,4.7237,4.6679,4.7314,4.6428,4.7283,0.0046,24.49
2021-05-18,4.7222,4.779,4.7016,4.7097,4.727,4.7841,4.7065,4.714,0.0043,23.13
2021-05-19,4.71,4.7253,4.5267,4.5565,4.7143,4.7301,4.5305,4.5614,0.0049,32.82
2021-05-20,4.5579,4.6223,4.5207,4.5317,4.5628,4.6268,4.5257,4.5365,0.0048,27.45
2021-05-21,4.5335,4.5605,4.4674,4.5069,4.5378,4.5643,4.471,4.5109,0.004,26.31
2021-05-24,4.4897,4.5435,4.4416,4.5412,4.4949,4.548,4.446,4.5461,0.0049,22.31
2021-05-25,4.5384,4.5793,4.4893,4.5119,4.543,4.5839,4.4928,4.5167,0.0048,23.69
2021-05-26,4.5112,4.5444,4.4924,4.5208,4.5158,4.5491,4.4973,4.5258,0.005,22.27
2021-05-27,4.5202,4.6753,4.4995,4.6704,4.525,4.6799,4.504,4.6754,0.005,25.38
2021-05-28,4.6707,4.6925,4.5905,4.6698,4.675,4.6966,4.5942,4.6738,0.004,25.19
2021-05-31,4.6907,4.7028,4.6499,4.6787,4.6953,4.7073,4.6548,4.6836,0.0049,11.98
2021-06-01,4.6785,4.7042,4.6357,4.6499,4.6831,4.7084,4.6403,4.6547,0.0048,24.35
2021-06-02,4.6496,4.665,4.5767,4.5966,4.6545,4.6696,4.5803,4.6017,0.0051,23.39
2021-06-03,4.5964,4.618,4.4283,4.461,4.601,4.6228,4.4323,4.4661,0.0051,29.15
2021-06-04,4.4613,4.5371,4.4348,4.5142,4.4664,4.5408,4.4395,4.5181,0.0039,22.79
2021-06-07,4.5245,4.537,4.4662,4.5182,4.5291,4.5416,4.4709,4.5228,0.0046,17.69
2021-06-08,4.5183,4.5585,4.4587,4.5415,4.5226,4.5619,4.4623,4.5466,0.0051,23.64
2021-06-09,4.5425,4.556,4.4832,4.5288,4.547,4.5609,4.4879,4.5331,0.0043,20.37
2021-06-10,4.5268,4.532,4.4392,4.4856,4.5318,4.5367,4.4437,4.49,0.0044,24.02
2021-06-11,4.4857,4.591,4.4752,4.5484,4.4907,4.5956,4.4798,4.5525,0.0041,20.72
2021-06-14,4.5575,4.561,4.5012,4.5174,4.5622,4.5661,4.5058,4.522,0.0046,14.41
2021-06-15,4.5179,4.52,4.3139,4.3365,4.5229,4.5246,4.3175,4.3408,0.0043,29.15
2021-06-16,4.3365,4.397,4.2705,4.3022,4.3408,4.4006,4.275,4.3062,0.004,24.88
2021-06-17,4.3031,4.3448,4.1603,4.186,4.3081,4.3495,4.1638,4.191,0.005,26.9
2021-06-18,4.1865,4.224,4.1249,4.1273,4.1916,4.2282,4.129,4.1308,0.0035,28.53
2021-06-21,4.1493,4.1895,4.0935,4.1771,4.1538,4.1933,4.0981,4.1818,0.0047,29.34
2021-06-22,4.1777,4.249,4.1649,4.2215,4.1825,4.2524,4.1693,4.2261,0.0046,24.46
2021-06-23,4.2221,4.3332,4.2166,4.3072,4.227,4.3371,4.2218,4.3121,0.0049,25.18
2021-06-24,4.3076,4.3168,4.2502,4.3085,4.312,4.3204,4.255,4.3134,0.0049,17.95
2021-06-25,4.3074,4.3259,4.2647,4.2735,4.3126,4.3305,4.2685,4.2765,0.003,19.15
2021-06-28,4.2818,4.3062,4.2497,4.2759,4.2862,4.3109,4.2543,4.2811,0.0052,15.67
2021-06-29,4.277,4.279,4.202,4.261,4.281,4.2836,4.2066,4.2656,0.0046,17.27
2021-06-30,4.2612,4.333,4.2487,4.2893,4.2659,4.3368,4.2533,4.294,0.0047,18.3
2021-07-01,4.289,4.313,4.2252,4.2314,4.2938,4.3168,4.2285,4.236,0.0046,18.44
2021-07-02,4.2312,4.2928,4.2255,4.278,4.2362,4.2964,4.2298,4.2817,0.0037,14.92
2021-07-05,4.2788,4.3563,4.2543,4.341,4.2828,4.3599,4.2591,4.3459,0.0049,12.59
2021-07-06,4.3422,4.3998,4.2329,4.2482,4.3472,4.4049,4.2365,4.2531,0.0049,21.67
2021-07-07,4.251,4.3598,4.2475,4.3079,4.2556,4.3635,4.2524,4.3125,0.0046,19.04
2021-07-08,4.3095,4.3217,4.2304,4.2703,4.3135,4.3268,4.2348,4.2746,0.0043,19.22
2021-07-09,4.2705,4.367,4.2509,4.3393,4.2745,4.3709,4.2555,4.3428,0.0035,19.53
2021-07-12,4.3384,4.3568,4.2784,4.326,4.3432,4.3614,4.283,4.3306,0.0046,15.51
2021-07-13,4.3264,4.3403,4.2534,4.2811,4.331,4.3449,4.2576,4.286,0.0049,15.21
2021-07-14,4.2815,4.3048,4.2568,4.263,4.286,4.3085,4.2606,4.2679,0.0049,15.59
2021-07-15,4.2629,4.3435,4.2491,4.311,4.2677,4.3474,4.2537,4.315,0.004,18.7
2021-07-16,4.3102,4.3422,4.3002,4.3038,4.3151,4.3466,4.3039,4.3077,0.0039,15.1
2021-07-19,4.2956,4.3006,4.1654,4.1978,4.3004,4.3056,4.169,4.2027,0.0049,23.38
2021-07-20,4.1985,4.2683,4.1976,4.2645,4.2031,4.2719,4.2025,4.2696,0.0051,18.25
2021-07-21,4.2634,4.2883,4.2238,4.279,4.2686,4.2917,4.2281,4.2836,0.0046,16.23
2021-07-22,4.2755,4.341,4.2707,4.339,4.2798,4.3455,4.2756,4.3434,0.0044,15.51
2021-07-23,4.339,4.4582,4.3328,4.4534,4.3437,4.4618,4.3375,4.4573,0.0039,18.1
2021-07-26,4.4416,4.6058,4.4171,4.5896,4.4463,4.6106,4.4218,4.5946,0.005,17.9
2021-07-27,4.5878,4.6246,4.5037,4.5649,4.5929,4.629,4.5081,4.5694,0.0045,17.99
2021-07-28,4.5651,4.5852,4.4274,4.4738,4.5696,4.5898,4.4314,4.4789,0.0051,19.41
2021-07-29,4.4735,4.5462,4.4568,4.5241,4.4786,4.551,4.4619,4.5295,0.0054,15.49
2021-07-30,4.5251,4.5543,4.4443,4.4763,4.53,4.5582,4.4479,4.4807,0.0044,15.31
2021-08-02,4.4959,4.5279,4.4077,4.4221,4.5004,4.5317,4.4119,4.4275,0.0054,16.31
2021-08-03,4.4223,4.4402,4.3369,4.3807,4.4274,4.4449,4.3408,4.3854,0.0047,17.89
2021-08-04,4.381,4.3953,4.3163,4.3295,4.3862,4.4005,4.3201,4.3344,0.0049,16.44
2021-08-05,4.3285,4.3569,4.3028,4.3444,4.3331,4.361,4.3081,4.3491,0.0047,14.16
2021-08-06,4.3443,4.4199,4.33,4.3353,4.3492,4.4233,4.3341,4.3392,0.0039,15.38
2021-08-09,4.2978,4.3396,4.2419,4.2819,4.3031,4.3444,4.2459,4.2864,0.0045,14.58
2021-08-10,4.2817,4.3697,4.2815,4.3495,4.2863,4.3734,4.2863,4.3547,0.0052,15.18
2021-08-11,4.3498,4.3767,4.3157,4.3716,4.3548,4.3808,4.3204,4.3767,0.0051,14.76
2021-08-12,4.3724,4.4132,4.3343,4.3606,4.377,4.4181,4.3381,4.3658,0.0052,13.86
2021-08-13,4.3604,4.4287,4.3497,4.3568,4.3656,4.4324,4.3539,4.3604,0.0036,13.42
2021-08-16,4.3591,4.3794,4.3032,4.3307,4.3641,4.384,4.3067,4.3355,0.0048,15.96
2021-08-17,4.3298,4.3404,4.1997,4.2129,4.3349,4.345,4.2034,4.2174,0.0045,21.63
2021-08-18,4.2128,4.2469,4.0967,4.1118,4.2174,4.2517,4.1006,4.1172,0.0054,21.27
2021-08-19,4.1129,4.1309,3.9596,4.0409,4.1171,4.1357,3.9641,4.0456,0.0047,24.5
2021-08-20,4.0404,4.1447,4.0391,4.1427,4.0451,4.1487,4.0441,4.1462,0.0035,21.81
2021-08-23,4.1427,4.2549,4.1408,4.2164,4.1469,4.2587,4.1459,4.221,0.0046,16.9
2021-08-24,4.2161,4.2952,4.1879,4.2434,4.2213,4.299,4.193,4.2486,0.0052,17.42
2021-08-25,4.2436,4.3002,4.2361,4.2689,4.2487,4.3039,4.2411,4.2735,0.0046,15.78
2021-08-26,4.2687,4.2857,4.228,4.2489,4.2729,4.2895,4.2326,4.2541,0.0052,17.76
2021-08-27,4.2488,4.3394,4.2348,4.333,4.2534,4.3429,4.2399,4.337,0.004,15.87
2021-08-30,4.3421,4.4158,4.3283,4.3746,4.3469,4.4199,4.3336,4.3791,0.0045,11.7
2021-08-31,4.3711,4.3909,4.3336,4.3661,4.3763,4.3952,4.3388,4.3713,0.0052,15.34
2021-09-01,4.3665,4.3704,4.2539,4.2791,4.3713,4.3752,4.2589,4.2841,0.005,13.81
2021-09-02,4.2791,4.3085,4.2519,4.2937,4.2843,4.3127,4.2556,4.2987,0.005,12.69
2021-09-03,4.2942,4.3489,4.2796,4.3349,4.2993,4.3531,4.2835,4.3386,0.0037,14.05
2021-09-06,4.3302,4.3434,4.3013,4.3304,4.3354,4.3485,4.3059,4.335,0.0046,7.39
2021-09-07,4.3297,4.3389,4.2531,4.2704,4.3348,4.3435,4.2581,4.2753,0.0049,13.19
2021-09-08,4.2712,4.2974,4.2033,4.2298,4.2758,4.3021,4.2084,4.235,0.0052,16.19
2021-09-09,4.2296,4.312,4.2131,4.2813,4.2346,4.3159,4.2179,4.2859,0.0046,15.32
2021-09-10,4.2816,4.4666,4.2711,4.4251,4.2861,4.4706,4.276,4.4292,0.0041,19.23
2021-09-13,4.4308,4.4687,4.3296,4.3618,4.4354,4.4737,4.3336,4.367,0.0052,18.85
2021-09-14,4.3614,4.3754,4.2854,4.3119,4.3662,4.3803,4.2901,4.3161,0.0042,17.71
2021-09-15,4.3117,4.4199,4.2891,4.4064,4.3163,4.424,4.2938,4.4112,0.0048,17.43
2021-09-16,4.4043,4.4048,4.2541,4.2824,4.4091,4.41,4.2583,4.2876,0.0052,17.71
2021-09-17,4.2821,4.3569,4.2289,4.2371,4.2869,4.361,4.2329,4.2412,0.0041,17.5
2021-09-20,4.2235,4.2428,4.0925,4.132,4.2287,4.2482,4.0967,4.1372,0.0052,15.22
2021-09-21,4.1306,4.1754,4.0144,4.1074,4.1357,4.1804,4.0179,4.1126,0.0052,17.07
2021-09-22,4.1069,4.2749,4.1043,4.2201,4.1117,4.2792,4.1096,4.225,0.0049,16.7
2021-09-23,4.2223,4.2847,4.1925,4.225,4.2274,4.2894,4.1974,4.2301,0.0051,13.41
2021-09-24,4.2247,4.2997,4.2006,4.2796,4.2298,4.3037,4.2056,4.2837,0.0041,14.48
2021-09-27,4.2945,4.3154,4.2526,4.2774,4.2994,4.32,4.2574,4.2822,0.0048,13.85
2021-09-28,4.2779,4.2987,4.2288,4.2476,4.2826,4.3033,4.2336,4.2521,0.0045,15.46
2021-09-29,4.2486,4.2556,4.1653,4.1797,4.2534,4.2596,4.1692,4.1849,0.0052,14.85
2021-09-30,4.1793,4.2052,4.053,4.1056,4.1845,4.2097,4.0566,4.1101,0.0045,15.66
2021-10-01,4.1058,4.2077,4.0568,4.2049,4.1112,4.2114,4.0614,4.2092,0.0043,13.1
2021-10-04,4.2146,4.3007,4.1758,4.2304,4.22,4.3045,4.1809,4.2352,0.0048,12.28
2021-10-05,4.2302,4.2397,4.1496,4.1798,4.235,4.2444,4.1534,4.1847,0.0049,11.43
2021-10-06,4.1796,4.2162,4.1117,4.1798,4.1845,4.2199,4.1168,4.1848,0.005,13.92
2021-10-07,4.1796,4.2582,4.1604,4.2525,4.1847,4.2618,4.1654,4.2576,0.0051,11.24
2021-10-08,4.2529,4.2974,4.2206,4.2782,4.2579,4.3025,4.2259,4.2817,0.0035,14.88
2021-10-11,4.2616,4.3828,4.2533,4.3471,4.2665,4.387,4.2585,4.3519,0.0048,16.15
2021-10-12,4.3454,4.3932,4.2841,4.3141,4.3504,4.397,4.2888,4.3193,0.0052,17.81
2021-10-13,4.3149,4.5258,4.3028,4.4989,4.3197,4.53,4.3079,4.5036,0.0047,20.73
2021-10-14,4.4979,4.6347,4.4815,4.6112,4.5026,4.6389,4.4863,4.616,0.0048,17.81
2021-10-15,4.6106,4.7794,4.6017,4.7202,4.6157,4.7829,4.6066,4.7238,0.0036,17.86
2021-10-18,4.7658,4.8209,4.6838,4.7114,4.7709,4.8251,4.6879,4.7165,0.0051,15.62
2021-10-19,4.7119,4.8119,4.6671,4.6824,4.7164,4.8167,4.6709,4.687,0.0046,13.21
2021-10-20,4.6833,4.7472,4.5914,4.7217,4.6884,4.7509,4.596,4.7268,0.0051,15.08
2021-10-21,4.7224,4.7546,4.535,4.5646,4.7269,4.7596,4.5386,4.5691,0.0045,16.18
2021-10-22,4.5638,4.6162,4.4592,4.5009,4.5686,4.6214,4.4634,4.5051,0.0042,17.57
2021-10-25,4.5254,4.5659,4.5002,4.5406,4.5299,4.5707,4.5043,4.5457,0.0051,13.32
2021-10-26,4.5366,4.552,4.4706,4.4854,4.5415,4.5569,4.4746,4.4901,0.0047,14.23
2021-10-27,4.486,4.5074,4.3633,4.384,4.4912,4.5125,4.3671,4.3889,0.0049,15.39
2021-10-28,4.3846,4.4608,4.3509,4.4298,4.3892,4.4661,4.3551,4.4348,0.005,15.67
2021-10-29,4.4304,4.4502,4.3318,4.3731,4.4354,4.4553,4.3356,4.3774,0.0043,15.1
2021-11-01,4.3627,4.4009,4.3267,4.3875,4.368,4.4056,4.3318,4.3926,0.0051,13.24
2021-11-02,4.3868,4.4299,4.3312,4.3659,4.3919,4.4344,4.3361,4.371,0.0051,14.03
2021-11-03,4.3668,4.4474,4.2784,4.3699,4.3713,4.4524,4.2821,4.3752,0.0053,15.83
2021-11-04,4.3695,4.4014,4.2766,4.33,4.3741,4.4065,4.2808,4.3346,0.0046,16.0
2021-11-05,4.3304,4.3711,4.2807,4.3404,4.3352,4.3761,4.2844,4.3442,0.0038,13.92
2021-11-08,4.3781,4.4119,4.3276,4.4084,4.3833,4.4162,4.3328,4.4136,0.0052,13.26
2021-11-09,4.4087,4.4449,4.3356,4.3784,4.4134,4.4497,4.3394,4.3831,0.0047,14.98
2021-11-10,4.3778,4.4114,4.2839,4.3088,4.3827,4.4162,4.2879,4.3136,0.0048,15.92
2021-11-11,4.3101,4.4297,4.3056,4.4014,4.3152,4.434,4.3107,4.4066,0.0052,16.04
2021-11-12,4.4012,4.4564,4.3726,4.4509,4.4064,4.4605,4.3776,4.4547,0.0038,13.52
2021-11-15,4.4715,4.4796,4.3887,4.4067,4.4767,4.4842,4.3929,4.4113,0.0046,14.67
2021-11-16,4.4069,4.4401,4.3214,4.3424,4.4117,4.445,4.3249,4.3473,0.0049,16.48
2021-11-17,4.3428,4.3579,4.1891,4.2244,4.3479,4.3627,4.1938,4.2289,0.0045,17.74
2021-11-18,4.2257,4.3212,4.2181,4.2947,4.2308,4.3252,4.2219,4.2994,0.0047,17.72
2021-11-19,4.2943,4.4099,4.2881,4.3891,4.2994,4.4139,4.2931,4.3934,0.0043,13.21
2021-11-22,4.3796,4.4237,4.3477,4.3856,4.3848,4.428,4.3519,4.3907,0.0051,17.91
2021-11-23,4.3857,4.4516,4.3731,4.4197,4.391,4.4556,4.3782,4.4242,0.0045,21.69
2021-11-24,4.4191,4.4962,4.3899,4.4771,4.4241,4.5002,4.3946,4.4822,0.0051,18.74
2021-11-25,4.4773,4.5086,4.4238,4.4457,4.4825,4.5134,4.4279,4.451,0.0053,12.73
2021-11-26,4.446,4.4503,4.2803,4.2838,4.4506,4.4552,4.2844,4.2879,0.0041,19.12
2021-11-29,4.3267,4.3794,4.315,4.3597,4.3319,4.384,4.3186,4.3649,0.0052,18.6
2021-11-30,4.3603,4.3654,4.2489,4.3065,4.3654,4.3703,4.2524,4.3116,0.0051,20.06
2021-12-01,4.3069,4.3495,4.2053,4.2366,4.3119,4.3543,4.2092,4.2413,0.0047,17.51
2021-12-02,4.2371,4.3126,4.2324,4.2788,4.2425,4.3167,4.2361,4.2842,0.0054,19.52
2021-12-03,4.2787,4.3359,4.2441,4.2726,4.2838,4.3405,4.2476,4.2767,0.0041,17.86
2021-12-06,4.3009,4.3459,4.2517,4.3311,4.3054,4.3499,4.2569,4.3359,0.0048,16.2
2021-12-07,4.3313,4.3896,4.3001,4.3379,4.3359,4.3946,4.3049,4.3427,0.0048,16.3
2021-12-08,4.338,4.3954,4.3199,4.3784,4.3432,4.3994,4.3246,4.3829,0.0045,14.55
2021-12-09,4.3783,4.3945,4.2956,4.3096,4.3829,4.3997,4.2998,4.3141,0.0045,14.51
2021-12-10,4.3107,4.3569,4.2742,4.2924,4.3152,4.3617,4.2774,4.2964,0.004,12.91
2021-12-13,4.3132,4.3304,4.2753,4.2875,4.3184,4.3352,4.2791,4.2926,0.0051,12.83
2021-12-14,4.2878,4.3042,4.2491,4.2642,4.293,4.3076,4.2534,4.2692,0.005,14.66
2021-12-15,4.2654,4.2754,4.1177,4.2592,4.2702,4.28,4.1214,4.2638,0.0046,21.6
2021-12-16,4.259,4.3194,4.2203,4.2934,4.2643,4.323,4.2249,4.2982,0.0048,18.67
2021-12-17,4.2942,4.3279,4.2715,4.2859,4.2987,4.3327,4.2754,4.2898,0.0039,16.58
2021-12-20,4.2741,4.3074,4.2296,4.3048,4.2788,4.3115,4.2344,4.3099,0.0051,17.65
2021-12-21,4.3048,4.3527,4.2919,4.3413,4.3096,4.3564,4.2969,4.3459,0.0046,15.1
2021-12-22,4.3408,4.3924,4.3248,4.3835,4.3462,4.3965,4.3294,4.3886,0.0051,15.55
2021-12-23,4.3836,4.4099,4.3436,4.4014,4.3889,4.4139,4.3471,4.4061,0.0047,13.27
2021-12-27,4.3842,4.4893,4.3426,4.4556,4.3888,4.4934,4.3474,4.4604,0.0048,11.11
2021-12-28,4.4561,4.4964,4.4211,4.4392,4.4606,4.5002,4.4249,4.4437,0.0045,11.79
2021-12-29,4.439,4.4449,4.3794,4.4123,4.4442,4.4494,4.3844,4.4172,0.0049,15.72
2021-12-30,4.4124,4.4338,4.3776,4.3891,4.4172,4.4379,4.3816,4.3941,0.005,13.45
2021-12-31,4.3896,4.4721,4.3797,4.4568,4.3941,4.476,4.3844,4.4612,0.0044,13.14
2022-01-03,4.4582,4.4777,4.3361,4.4181,4.463,4.4825,4.3402,4.4233,0.0052,10.97
2022-01-04,4.4189,4.4764,4.3762,4.464,4.4241,4.4805,4.3815,4.469,0.005,18.75
2022-01-05,4.4638,4.4654,4.37,4.3843,4.469,4.4707,4.3739,4.3893,0.005,17.31
2022-01-06,4.3838,4.4053,4.3111,4.3488,4.3889,4.4101,4.3161,4.3539,0.0051,19.42
2022-01-07,4.3492,4.4154,4.3418,4.3984,4.3542,4.4194,4.3454,4.4021,0.0037,16.69
2022-01-10,4.3946,4.4277,4.3284,4.3756,4.3988,4.432,4.3324,4.3806,0.005,17.34
2022-01-11,4.3762,4.4357,4.3638,4.4236,4.381,4.4399,4.3686,4.4287,0.0051,16.04
2022-01-12,4.4237,4.5986,4.4178,4.5541,4.4288,4.6026,4.4226,4.5591,0.005,23.98
2022-01-13,4.5539,4.5749,4.5025,4.5078,4.5584,4.5799,4.5064,4.513,0.0052,19.34
2022-01-14,4.5074,4.5452,4.4114,4.4282,4.5125,4.55,4.4155,4.4314,0.0032,20.54
2022-01-17,4.4416,4.4429,4.3795,4.4314,4.4467,4.4479,4.3841,4.4367,0.0053,12.55
2022-01-18,4.4314,4.4467,4.3738,4.3957,4.4359,4.4513,4.3776,4.401,0.0053,21.4
2022-01-19,4.3959,4.4864,4.389,4.4419,4.4006,4.4905,4.3938,4.4466,0.0047,22.19
2022-01-20,4.4432,4.5827,4.4422,4.5223,4.4483,4.587,4.4469,4.5274,0.0051,23.51
2022-01-21,4.5224,4.5781,4.4813,4.5174,4.5275,4.5823,4.4863,4.5211,0.0037,25.67
2022-01-24,4.5339,4.5357,4.3846,4.4584,4.539,4.5402,4.3884,4.4635,0.0051,36.45
2022-01-25,4.4589,4.4757,4.3845,4.4633,4.4639,4.4794,4.3891,4.4684,0.0051,33.17
2022-01-26,4.4633,4.5319,4.4191,4.4654,4.4685,4.5367,4.4232,4.4707,0.0053,31.34
2022-01-27,4.4654,4.4884,4.3978,4.4175,4.4704,4.4924,4.4016,4.4226,0.0051,38.95
2022-01-28,4.4171,4.4479,4.2966,4.3272,4.4223,4.4526,4.3004,4.3313,0.0041,37.33
2022-01-31,4.3268,4.3524,4.2802,4.3323,4.3319,4.3574,4.2841,4.3371,0.0048,24.74
2022-02-01,4.3328,4.4434,4.3084,4.4334,4.3379,4.4469,4.3136,4.4384,0.005,22.52
2022-02-02,4.4337,4.5069,4.428,4.4639,4.4384,4.5106,4.4326,4.4687,0.0048,20.52
2022-02-03,4.4644,4.4991,4.4221,4.4801,4.4689,4.5043,4.4268,4.485,0.0049,21.63
2022-02-04,4.4802,4.5129,4.4111,4.5042,4.4849,4.5167,4.4154,4.5082,0.004,24.21
2022-02-07,4.5061,4.5072,4.4269,4.4758,4.5109,4.5125,4.4307,4.4809,0.0051,27.86
2022-02-08,4.4756,4.4788,4.3942,4.4647,4.4807,4.4837,4.3994,4.47,0.0053,26.29
2022-02-09,4.4657,4.6412,4.4162,4.6236,4.4702,4.6448,4.4209,4.629,0.0054,28.56
2022-02-10,4.6233,4.7059,4.5828,4.6213,4.6287,4.7098,4.5876,4.6264,0.0051,34.49
2022-02-11,4.6218,4.6259,4.4303,4.4359,4.6269,4.6309,4.4346,4.4394,0.0035,35.79
2022-02-14,4.4702,4.5169,4.4438,4.4995,4.4755,4.5212,4.4489,4.5044,0.0049,33.58
2022-02-15,4.499,4.5487,4.4697,4.5278,4.5043,4.5534,4.4747,4.5329,0.0051,26.34
2022-02-16,4.5268,4.5867,4.5159,4.5406,4.532,4.5917,4.52,4.546,0.0054,30.29
2022-02-17,4.5407,4.5507,4.4668,4.5075,4.5452,4.5557,4.4716,4.5127,0.0052,32.04
2022-02-18,4.5063,4.5746,4.5018,4.5198,4.5117,4.5794,4.5072,4.524,0.0042,34.15
2022-02-21,4.5232,4.547,4.4693,4.4812,4.5284,4.552,4.4741,4.4859,0.0047,28.34
2022-02-22,4.4816,4.5397,4.4773,4.5197,4.4866,4.5444,4.4821,4.5249,0.0052,43.31
2022-02-23,4.5201,4.5509,4.4547,4.4699,4.5246,4.5558,4.4584,4.4749,0.005,35.43
2022-02-24,4.4704,4.5907,4.4453,4.5059,4.4752,4.5957,4.4491,4.5101,0.0042,46.02
2022-02-25,4.5053,4.5267,4.4543,4.4862,4.5099,4.5314,4.4591,4.4897,0.0035,32.23
2022-02-28,4.4717,4.5299,4.4482,4.4999,4.4765,4.5345,4.4521,4.5051,0.0052,28.19
2022-03-01,4.5003,4.5973,4.4894,4.5802,4.5049,4.6011,4.4944,4.5849,0.0047,26.21
2022-03-02,4.5798,4.7024,4.5506,4.6726,4.5849,4.7056,4.5551,4.6774,0.0048,28.93
2022-03-03,4.6728,4.7959,4.6589,4.7801,4.6778,4.8006,4.6634,4.7852,0.0051,28.75
2022-03-04,4.7805,4.9465,4.7494,4.9154,4.7855,4.9501,4.7544,4.9195,0.0041,29.29
2022-03-07,5.0048,5.0287,4.6673,4.7565,5.0102,5.0334,4.6709,4.7615,0.005,22.68
2022-03-08,4.7574,4.9639,4.6025,4.7514,4.7621,4.9688,4.6077,4.7566,0.0052,20.42
2022-03-09,4.752,4.7862,4.5521,4.5845,4.7572,4.7912,4.5559,4.5891,0.0046,15.7
2022-03-10,4.5863,4.6759,4.573,4.6437,4.5914,4.6796,4.5776,4.6484,0.0047,19.02
2022-03-11,4.6441,4.7212,4.5923,4.6106,4.6494,4.726,4.5963,4.6145,0.0039,17.65
2022-03-14,4.5749,4.6058,4.4941,4.5011,4.5799,4.6108,4.4991,4.5064,0.0053,19.62
2022-03-15,4.5019,4.5404,4.4669,4.5029,4.5072,4.5455,4.4707,4.5074,0.0045,19.9
2022-03-16,4.5024,4.6387,4.5015,4.6251,4.5075,4.6425,4.5065,4.6301,0.005,22.9
2022-03-17,4.6247,4.7133,4.608,4.6986,4.6294,4.7169,4.6129,4.7031,0.0045,18.53
2022-03-18,4.6989,4.7582,4.6709,4.7159,4.7042,4.762,4.676,4.72,0.0041,17.15
2022-03-21,4.7064,4.7297,4.654,4.7064,4.7112,4.7344,4.6579,4.7111,0.0047,15.5
2022-03-22,4.7066,4.7642,4.678,4.6984,4.7116,4.7679,4.683,4.7032,0.0048,16.14
2022-03-23,4.6976,4.7839,4.6868,4.7754,4.7025,4.7875,4.6917,4.7802,0.0048,14.41
2022-03-24,4.7758,4.8144,4.7068,4.722,4.7809,4.8195,4.7104,4.7272,0.0052,16.18
2022-03-25,4.7221,4.7702,4.6839,4.6905,4.7274,4.775,4.6878,4.6947,0.0042,15.91
2022-03-28,4.6794,4.7372,4.6407,4.719,4.6841,4.7408,4.6456,4.7236,0.0046,18.02
2022-03-29,4.7195,4.7581,4.6971,4.754,4.7247,4.7631,4.7018,4.7592,0.0052,17.04
2022-03-30,4.7538,4.8244,4.7239,4.7449,4.7587,4.8291,4.7276,4.75,0.0051,18.86
2022-03-31,4.7443,4.7664,4.7035,4.7358,4.7495,4.7706,4.7084,4.7408,0.005,17.75
2022-04-01,4.7353,4.7497,4.6665,4.7046,4.7404,4.7537,4.6718,4.7088,0.0042,18.27
2022-04-04,4.6958,4.8068,4.6856,4.7796,4.7009,4.8109,4.6907,4.7841,0.0045,13.9
2022-04-05,4.7804,4.8564,4.7485,4.7554,4.7852,4.8612,4.7534,4.7605,0.0051,14.66
2022-04-06,4.758,4.7849,4.6704,4.7005,4.7626,4.7896,4.6752,4.7051,0.0046,18.38
2022-04-07,4.7055,4.7269,4.6731,4.7107,4.7105,4.7317,4.6779,4.7149,0.0042,14.7
2022-04-08,4.7099,4.7634,4.6996,4.7257,4.715,4.7681,4.7044,4.7294,0.0037,13.2
2022-04-11,4.7031,4.7207,4.6223,4.6256,4.7076,4.7254,4.6265,4.631,0.0054,16.52
2022-04-12,4.6253,4.7232,4.6253,4.7009,4.6307,4.727,4.6307,4.7062,0.0053,17.65
2022-04-13,4.7006,4.7532,4.6728,4.7012,4.706,4.758,4.6769,4.706,0.0048,16.15
2022-04-14,4.701,4.7387,4.6643,4.7179,4.7059,4.7434,4.6684,4.7219,0.004,13.11
2022-04-18,4.767,4.8578,4.7039,4.8155,4.7716,4.862,4.7077,4.8207,0.0052,15.36
2022-04-19,4.8152,4.8234,4.7008,4.7218,4.8205,4.8287,4.7047,4.727,0.0052,21.89
2022-04-20,4.7217,4.7287,4.6459,4.6866,4.7262,4.7334,4.6501,4.6917,0.0051,20.4
2022-04-21,4.6858,4.7337,4.6524,4.7007,4.6904,4.738,4.6571,4.7049,0.0042,20.66
2022-04-22,4.7009,4.7213,4.5871,4.5993,4.7059,4.7264,4.5911,4.6036,0.0043,23.07
2022-04-25,4.6049,4.6144,4.4281,4.4947,4.6098,4.6194,4.4319,4.4997,0.005,29.18
2022-04-26,4.4932,4.542,4.4056,4.4416,4.4978,4.5469,4.4106,4.4464,0.0048,26.21
2022-04-27,4.4419,4.5112,4.4297,4.4636,4.4469,4.5159,4.4344,4.4681,0.0045,23.45
2022-04-28,4.4634,4.4902,4.3855,4.4328,4.4681,4.4951,4.3894,4.4377,0.0049,19.12
2022-04-29,4.4329,4.508,4.3698,4.3853,4.4374,4.5129,4.374,4.3892,0.0039,17.79
2022-05-02,4.3894,4.3902,4.2026,4.2957,4.3936,4.3949,4.2061,4.3003,0.0046,15.89
2022-05-03,4.2994,4.3577,4.2617,4.2993,4.3044,4.3626,4.2654,4.3047,0.0054,17.19
2022-05-04,4.2991,4.3821,4.2494,4.3729,4.3042,4.3868,4.2534,4.3781,0.0052,17.66
2022-05-05,4.3706,4.4363,4.2751,4.2882,4.3757,4.4415,4.2793,4.2934,0.0052,22.01
2022-05-06,4.2886,4.3168,4.2294,4.244,4.2934,4.3219,4.2331,4.248,0.004,21.14
2022-05-09,4.2227,4.2349,4.1223,4.1939,4.2272,4.2399,4.1262,4.1992,0.0053,22.23
2022-05-10,4.1929,4.2552,4.1268,4.1581,4.1981,4.26,4.1305,4.1626,0.0045,23.92
2022-05-11,4.1563,4.2477,4.1466,4.2049,4.1615,4.2514,4.1511,4.2096,0.0047,22.29
2022-05-12,4.2049,4.2207,4.0343,4.1052,4.21,4.2257,4.0394,4.1098,0.0046,24.11
2022-05-13,4.1037,4.1824,4.0538,4.1643,4.1087,4.1863,4.0577,4.1679,0.0036,16.79
2022-05-16,4.1854,4.2179,4.1314,4.2106,4.1902,4.2217,4.1361,4.2157,0.0051,18.59
2022-05-17,4.2107,4.2816,4.204,4.2328,4.2152,4.2855,4.208,4.2379,0.0051,18.0
2022-05-18,4.2326,4.2442,4.1322,4.1449,4.2378,4.249,4.1363,4.1502,0.0053,19.38
2022-05-19,4.1476,4.2944,4.1435,4.2724,4.1524,4.2986,4.1486,4.2772,0.0048,24.39
2022-05-20,4.2742,4.3244,4.2485,4.2997,4.2789,4.3297,4.2534,4.3039,0.0042,20.93
2022-05-23,4.3059,4.3529,4.2699,4.3242,4.3106,4.3565,4.2744,4.3293,0.0051,18.63
2022-05-24,4.3241,4.3382,4.2564,4.3109,4.3291,4.3432,4.2602,4.316,0.0051,16.59
2022-05-25,4.3106,4.3132,4.2212,4.2659,4.3158,4.3181,4.2249,4.2706,0.0047,18.03
2022-05-26,4.2646,4.2777,4.2021,4.2666,4.2697,4.282,4.2071,4.2718,0.0052,17.37
2022-05-27,4.2674,4.3247,4.2522,4.3201,4.272,4.3286,4.2569,4.3236,0.0035,16.17
2022-05-30,4.3203,4.3579,4.3073,4.3314,4.3251,4.3619,4.3123,4.3361,0.0047,11.02
2022-05-31,4.3311,4.3641,4.2722,4.2876,4.3362,4.3691,4.2761,4.2927,0.0051,20.11
2022-06-01,4.2877,4.3479,4.2567,4.3186,4.293,4.3517,4.2616,4.3235,0.0049,19.98
2022-06-02,4.3181,4.5671,4.305,4.5528,4.3232,4.5712,4.3099,4.5582,0.0054,18.84
2022-06-03,4.5533,4.5741,4.4566,4.4764,4.5582,4.5794,4.4604,4.4805,0.0041,15.48
2022-06-06,4.4439,4.464,4.4038,4.4254,4.4484,4.4692,4.4086,4.4302,0.0048,20.75
2022-06-07,4.4253,4.4594,4.3677,4.4404,4.4301,4.4634,4.3729,4.4457,0.0053,19.43
2022-06-08,4.4402,4.4544,4.3948,4.4448,4.4449,4.4583,4.4,4.4494,0.0046,18.39
2022-06-09,4.4459,4.4489,4.352,4.3651,4.451,4.4535,4.3572,4.3701,0.005,19.68
2022-06-10,4.3655,4.3804,4.2728,4.2796,4.3701,4.3854,4.2767,4.2835,0.0039,20.31
2022-06-13,4.2346,4.2612,4.1685,4.2054,4.2399,4.2659,4.1724,4.21,0.0046,25.6
2022-06-14,4.2049,4.2487,4.1146,4.141,4.21,4.2534,4.1184,4.1459,0.0049,25.19
2022-06-15,4.1416,4.2021,4.1396,4.1846,4.1467,4.2067,4.1442,4.19,0.0054,20.29
2022-06-16,4.1846,4.2164,4.0404,4.1157,4.1897,4.2213,4.0444,4.1209,0.0052,25.75
2022-06-17,4.1153,4.1341,4.0077,4.0231,4.1207,4.1392,4.0119,4.0272,0.0041,17.72
2022-06-20,4.0529,4.0544,3.9629,4.0253,4.0571,4.059,3.9676,4.0307,0.0054,14.02
2022-06-21,4.0254,4.0894,3.9968,4.0288,4.0299,4.0933,4.0019,4.034,0.0052,17.23
2022-06-22,4.0287,4.0289,3.8869,3.9294,4.0335,4.0337,3.8912,3.9345,0.0051,24.11
2022-06-23,3.9294,3.9348,3.7305,3.7592,3.9345,3.9398,3.7344,3.7644,0.0052,24.59
2022-06-24,3.7586,3.8029,3.6393,3.7432,3.7638,3.808,3.6429,3.7473,0.0041,23.18
2022-06-27,3.7752,3.8156,3.7389,3.7534,3.7804,3.8207,3.7439,3.7582,0.0048,18.12
2022-06-28,3.7527,3.8468,3.739,3.7579,3.7577,3.8518,3.7438,3.7629,0.005,19.19
2022-06-29,3.7574,3.8165,3.7054,3.7824,3.7625,3.8204,3.7101,3.7876,0.0052,18.32
2022-06-30,3.7822,3.7929,3.6701,3.6862,3.7867,3.7977,3.6749,3.6912,0.005,19.67
2022-07-01,3.6865,3.7004,3.5512,3.6109,3.6914,3.7052,3.5563,3.6149,0.004,21.99
2022-07-04,3.6094,3.6148,3.5428,3.5816,3.614,3.62,3.5482,3.5863,0.0047,14.17
2022-07-05,3.5813,3.6146,3.3984,3.4387,3.5859,3.6194,3.4021,3.4435,0.0048,24.02
2022-07-06,3.4393,3.4573,3.2719,3.4319,3.4441,3.4616,3.2767,3.4366,0.0047,25.09
2022-07-07,3.4318,3.5782,3.3939,3.5404,3.437,3.582,3.399,3.5451,0.0047,23.58
2022-07-08,3.5413,3.5684,3.4418,3.5164,3.5463,3.5737,3.447,3.5205,0.0041,19.63
2022-07-11,3.4735,3.4917,3.3847,3.4216,3.4784,3.4962,3.3889,3.4265,0.0049,19.05
2022-07-12,3.4223,3.4549,3.2412,3.2481,3.4269,3.4597,3.2459,3.2532,0.0051,21.65
2022-07-13,3.2476,3.3394,3.2147,3.3096,3.2526,3.3433,3.2186,3.3145,0.0049,19.34
2022-07-14,3.3106,3.3269,3.1724,3.2279,3.3155,3.3321,3.1761,3.233,0.0051,23.33
2022-07-15,3.2275,3.2754,3.1293,3.2442,3.2324,3.2792,3.1339,3.2483,0.0041,23.01
2022-07-18,3.2443,3.3689,3.2141,3.3145,3.2495,3.3727,3.2192,3.3196,0.0051,21.03
2022-07-19,3.3152,3.3251,3.2548,3.2943,3.3198,3.3302,3.2581,3.2992,0.0049,20.38
2022-07-20,3.294,3.3722,3.294,3.3086,3.299,3.377,3.299,3.3137,0.0051,21.54
2022-07-21,3.3077,3.3196,3.249,3.3014,3.3124,3.3246,3.2536,3.3065,0.0051,21.08
2022-07-22,3.3008,3.3969,3.2926,3.3214,3.306,3.4011,3.2977,3.3252,0.0038,21.14
2022-07-25,3.3188,3.4024,3.3143,3.3488,3.324,3.4061,3.3191,3.3541,0.0053,18.89
2022-07-26,3.3492,3.4631,3.3465,3.3921,3.3541,3.4679,3.3519,3.3972,0.0051,20.46
2022-07-27,3.3929,3.4817,3.3653,3.4726,3.3976,3.4867,3.3703,3.4774,0.0048,19.65
2022-07-28,3.4685,3.5238,3.4501,3.4906,3.4731,3.5287,3.4539,3.4959,0.0053,21.38
2022-07-29,3.4909,3.5923,3.4581,3.5914,3.4954,3.5963,3.4629,3.595,0.0036,20.75
2022-08-01,3.5536,3.5946,3.5099,3.5236,3.559,3.5985,3.5136,3.5286,0.005,22.98
2022-08-02,3.5238,3.5571,3.4479,3.471,3.5289,3.5609,3.4528,3.4761,0.0051,24.03
2022-08-03,3.4728,3.5277,3.4456,3.4636,3.4776,3.5327,3.4494,3.4689,0.0053,21.44
2022-08-04,3.4636,3.5173,3.4155,3.4802,3.4681,3.5215,3.4205,3.485,0.0048,21.04
2022-08-05,3.4796,3.5827,3.4794,3.5499,3.4847,3.5868,3.4841,3.554,0.0041,21.48
2022-08-08,3.5403,3.6199,3.5286,3.5855,3.5451,3.6238,3.5334,3.5907,0.0052,20.47
2022-08-09,3.5858,3.6259,3.5588,3.5806,3.5907,3.6301,3.5636,3.5854,0.0048,19.67
2022-08-10,3.5812,3.6549,3.5472,3.6414,3.5863,3.6588,3.5521,3.6459,0.0045,20.19
2022-08-11,3.6412,3.7067,3.6311,3.691,3.6457,3.7105,3.6359,3.696,0.005,20.31
2022-08-12,3.6916,3.7104,3.6403,3.6767,3.6969,3.7155,3.6446,3.6799,0.0032,18.18
2022-08-15,3.6573,3.6679,3.5435,3.5978,3.6626,3.6727,3.5484,3.6032,0.0054,19.36
2022-08-16,3.5981,3.6417,3.5803,3.6242,3.6034,3.6453,3.5851,3.6291,0.0049,17.72
2022-08-17,3.6244,3.6487,3.5646,3.5838,3.6292,3.6534,3.5686,3.5888,0.005,19.2
2022-08-18,3.5834,3.6644,3.5401,3.644,3.5883,3.6687,3.5451,3.649,0.005,19.97
2022-08-19,3.6444,3.6807,3.6101,3.6756,3.6493,3.6857,3.6151,3.6797,0.0041,19.82
2022-08-22,3.6626,3.6904,3.6061,3.6549,3.6676,3.6946,3.6101,3.6599,0.005,19.93
2022-08-23,3.6559,3.7216,3.6261,3.6736,3.6605,3.7255,3.6309,3.6784,0.0048,23.61
2022-08-24,3.6739,3.6926,3.6229,3.6379,3.6787,3.6975,3.6274,3.6429,0.005,19.92
2022-08-25,3.6384,3.7026,3.6345,3.6939,3.6436,3.7075,3.6391,3.6984,0.0045,18.66
2022-08-26,3.6923,3.7812,3.6794,3.6937,3.6975,3.7852,3.6837,3.6977,0.004,21.77
2022-08-29,3.6487,3.6573,3.5611,3.6227,3.6538,3.6619,3.5661,3.628,0.0053,16.77
2022-08-30,3.6224,3.6308,3.5329,3.5516,3.6269,3.6359,3.5367,3.5564,0.0048,22.72
2022-08-31,3.5522,3.5967,3.4421,3.5004,3.5572,3.6015,3.4471,3.5054,0.005,25.85
2022-09-01,3.5004,3.5007,3.4017,3.4178,3.5055,3.5057,3.4059,3.4229,0.0051,21.01
2022-09-02,3.4158,3.4527,3.3793,3.3999,3.421,3.4565,3.3841,3.4036,0.0037,24.87
2022-09-05,3.3862,3.4636,3.3829,3.4566,3.3909,3.4689,3.3881,3.4614,0.0048,15.99
2022-09-06,3.4523,3.4977,3.4339,3.4537,3.4572,3.5025,3.4378,3.4589,0.0052,23.24
2022-09-07,3.4539,3.4638,3.4008,3.4429,3.4584,3.4689,3.4056,3.4477,0.0048,25.4
2022-09-08,3.4423,3.5617,3.4398,3.5509,3.4475,3.5665,3.4449,3.5558,0.0049,28.93
2022-09-09,3.5489,3.6262,3.5346,3.5503,3.5534,3.6313,3.5386,3.5547,0.0044,24.16
2022-09-12,3.5424,3.6217,3.5291,3.6176,3.5475,3.6267,3.5344,3.6225,0.0049,20.26
2022-09-13,3.6182,3.6894,3.5205,3.5333,3.6227,3.6932,3.5242,3.5384,0.0051,25.32
2022-09-14,3.5337,3.5548,3.5007,3.5177,3.5382,3.5597,3.5044,3.523,0.0053,22.77
2022-09-15,3.5181,3.5495,3.4548,3.4638,3.523,3.5544,3.4594,3.4689,0.0051,23.3
2022-09-16,3.4641,3.5422,3.4258,3.5401,3.4695,3.546,3.4311,3.544,0.0039,23.85
2022-09-19,3.5452,3.5552,3.4723,3.5337,3.5494,3.5599,3.4766,3.5383,0.0046,19.67
2022-09-20,3.5336,3.5449,3.4816,3.4973,3.5384,3.5497,3.4854,3.5024,0.0051,21.72
2022-09-21,3.4976,3.5131,3.402,3.4248,3.5027,3.5184,3.4059,3.4301,0.0053,23.59
2022-09-22,3.4266,3.519,3.4207,3.4669,3.4318,3.5237,3.4254,3.472,0.0051,26.23
2022-09-23,3.4674,3.4704,3.3246,3.3459,3.4716,3.475,3.3294,3.3494,0.0035,28.46
2022-09-26,3.3553,3.3624,3.2717,3.2925,3.3604,3.3664,3.2764,3.2974,0.0049,31.45
2022-09-27,3.2923,3.3506,3.266,3.2894,3.2973,3.3558,3.2696,3.2936,0.0042,23.41
2022-09-28,3.2902,3.3902,3.2409,3.372,3.2952,3.394,3.2456,3.377,0.005,31.79
2022-09-29,3.3725,3.4387,3.3032,3.433,3.3777,3.444,3.3082,3.4382,0.0052,23.22
2022-09-30,3.432,3.4717,3.3882,3.3882,3.4366,3.4768,3.3922,3.3922,0.004,22.89
2022-10-03,3.3922,3.4292,3.35,3.424,3.3969,3.4339,3.3546,3.429,0.005,18.66
2022-10-04,3.4234,3.5302,3.4002,3.4913,3.4282,3.5338,3.4041,3.4966,0.0053,25.31
2022-10-05,3.4911,3.5539,3.4443,3.5504,3.496,3.5575,3.4484,3.5557,0.0053,21.12
2022-10-06,3.5468,3.5907,3.4238,3.4273,3.5519,3.5953,3.4289,3.4326,0.0053,26.37
2022-10-07,3.4281,3.4444,3.3713,3.3813,3.4333,3.4494,3.3749,3.3854,0.0041,24.41
2022-10-10,3.3824,3.4754,3.3753,3.4369,3.3874,3.4791,3.3801,3.4421,0.0052,26.92
2022-10-11,3.4376,3.4709,3.3812,3.4209,3.4429,3.4744,3.3861,3.426,0.0051,29.78
2022-10-12,3.422,3.4624,3.3956,3.4263,3.4272,3.4672,3.4004,3.4315,0.0052,28.44
2022-10-13,3.4264,3.4739,3.3521,3.4573,3.4306,3.4779,3.3559,3.4623,0.005,30.18
2022-10-14,3.4572,3.4984,3.3989,3.4049,3.4614,3.5032,3.4026,3.4086,0.0037,30.95
2022-10-17,3.4204,3.4637,3.3885,3.4027,3.4255,3.4673,3.3935,3.4072,0.0045,25.29
2022-10-18,3.3889,3.3959,3.3496,3.3518,3.3926,3.4,3.3538,3.3554,0.0036,7.27
2022-10-19,3.3601,3.3734,3.3052,3.3182,3.3652,3.3782,3.3089,3.3227,0.0045,28.33
2022-10-20,3.3177,3.4347,3.3013,3.3923,3.3224,3.438,3.3059,3.3972,0.0049,29.51
2022-10-21,3.3924,3.4807,3.3436,3.4779,3.3972,3.4844,3.3476,3.4821,0.0042,31.34
2022-10-24,3.4816,3.4942,3.42,3.4278,3.4867,3.4992,3.4246,3.4331,0.0053,29.63
2022-10-25,3.4282,3.4388,3.3607,3.3954,3.4329,3.4437,3.3644,3.4001,0.0047,27.78
2022-10-26,3.3961,3.5526,3.3796,3.5418,3.401,3.5566,3.3848,3.5469,0.0051,35.27
2022-10-27,3.5424,3.5544,3.4897,3.5194,3.5472,3.5585,3.4942,3.5242,0.0048,36.42
2022-10-28,3.5192,3.5222,3.4142,3.4316,3.5244,3.5273,3.4179,3.4357,0.0041,30.75
2022-10-31,3.4308,3.4414,3.3596,3.3812,3.4358,3.4462,3.3637,3.386,0.0048,28.39
2022-11-01,3.3805,3.4998,3.3757,3.4653,3.3854,3.5039,3.3804,3.4705,0.0052,33.03
2022-11-02,3.4654,3.5129,3.4276,3.4291,3.4706,3.517,3.4324,3.4342,0.0051,30.23
2022-11-03,3.4297,3.4614,3.3783,3.4185,3.4344,3.4661,3.3823,3.4236,0.0051,32.29
2022-11-04,3.4189,3.7067,3.4151,3.6979,3.4237,3.7105,3.4199,3.7011,0.0032,40.94
2022-11-07,3.6146,3.657,3.5769,3.5933,3.6197,3.6621,3.5806,3.5983,0.005,35.57
2022-11-08,3.5928,3.6977,3.5598,3.6648,3.5974,3.7017,3.5649,3.6694,0.0046,36.08
2022-11-09,3.6639,3.7454,3.6251,3.6714,3.669,3.7494,3.6299,3.676,0.0046,33.54
2022-11-10,3.6706,3.7907,3.6268,3.7687,3.6757,3.7945,3.6319,3.7734,0.0047,33.46
2022-11-11,3.7688,3.9428,3.7596,3.9351,3.7737,3.9469,3.7645,3.9394,0.0043,36.07
2022-11-14,3.9333,3.9574,3.8147,3.8284,3.9386,3.9622,3.8199,3.8332,0.0048,27.99
2022-11-15,3.8289,3.8858,3.7901,3.8173,3.8335,3.891,3.7939,3.8225,0.0052,31.56
2022-11-16,3.8175,3.8184,3.7473,3.7572,3.8226,3.8234,3.7511,3.7618,0.0046,29.64
2022-11-17,3.7573,3.7692,3.6648,3.6752,3.7623,3.7734,3.6687,3.6803,0.0051,28.14
2022-11-18,3.6898,3.7136,3.6348,3.6428,3.6952,3.7187,3.6387,3.6469,0.0041,22.25
2022-11-21,3.6514,3.6514,3.5551,3.5863,3.6559,3.6567,3.5594,3.5914,0.0051,23.53
2022-11-22,3.5866,3.6666,3.5799,3.6254,3.5914,3.6704,3.5851,3.63,0.0046,23.0
2022-11-23,3.6259,3.6564,3.5939,3.6456,3.6309,3.6607,3.5989,3.6504,0.0048,22.6
2022-11-24,3.646,3.6717,3.6229,3.6398,3.6512,3.6759,3.6276,3.6446,0.0048,14.49
2022-11-25,3.6404,3.6902,3.6136,3.6169,3.6455,3.6952,3.6174,3.6206,0.0037,17.63
2022-11-28,3.5739,3.6242,3.5447,3.5979,3.5784,3.628,3.5494,3.603,0.0051,25.19
2022-11-29,3.5977,3.6819,3.5933,3.6394,3.6023,3.6867,3.5984,3.6445,0.0051,26.94
2022-11-30,3.6396,3.7939,3.6327,3.7896,3.6444,3.7987,3.6377,3.7945,0.0049,26.88
2022-12-01,3.7897,3.8203,3.7326,3.7942,3.7944,3.8243,3.7376,3.799,0.0048,27.77
2022-12-02,3.7933,3.8629,3.7479,3.8544,3.7983,3.8669,3.7515,3.8579,0.0035,26.84
2022-12-05,3.8636,3.8922,3.7715,3.7862,3.8685,3.8969,3.7751,3.7915,0.0053,27.33
2022-12-06,3.7869,3.8609,3.7857,3.8204,3.7911,3.8646,3.7906,3.8252,0.0048,26.84
2022-12-07,3.8199,3.8723,3.7729,3.8465,3.8248,3.8764,3.7779,3.8516,0.0051,29.13
2022-12-08,3.8469,3.9097,3.8308,3.8803,3.852,3.9135,3.8356,3.8857,0.0054,24.76
2022-12-09,3.8808,3.9222,3.8441,3.8534,3.8857,3.9271,3.8479,3.8571,0.0037,27.1
2022-12-12,3.8414,3.8539,3.7841,3.8023,3.8466,3.8588,3.7879,3.8069,0.0046,24.41
2022-12-13,3.8021,3.9271,3.8011,3.8362,3.8066,3.9312,3.8061,3.8409,0.0047,30.83
2022-12-14,3.8354,3.8897,3.8207,3.8588,3.8404,3.8934,3.8244,3.864,0.0052,25.73
2022-12-15,3.8589,3.8647,3.7551,3.7793,3.8631,3.8697,3.7591,3.7843,0.005,31.0
2022-12-16,3.7795,3.8022,3.7311,3.7689,3.7845,3.8074,3.7361,3.7729,0.004,27.46
2022-12-19,3.773,3.8214,3.7473,3.7634,3.7779,3.8261,3.7511,3.7682,0.0048,26.48
2022-12-20,3.7629,3.8282,3.7211,3.8092,3.7679,3.8324,3.7259,3.8144,0.0052,29.7
2022-12-21,3.8102,3.8264,3.7868,3.8172,3.8144,3.8304,3.792,3.8222,0.005,27.81
2022-12-22,3.8169,3.8464,3.7476,3.7672,3.8219,3.8515,3.7514,3.7719,0.0047,26.4
2022-12-23,3.7671,3.8152,3.7585,3.811,3.7722,3.8187,3.7634,3.8149,0.0039,24.89
2022-12-26,3.8365,3.8657,3.8365,3.8551,3.8367,3.8704,3.8367,3.8596,0.0045,0.44
2022-12-27,3.8547,3.9389,3.8298,3.8484,3.86,3.9438,3.8341,3.8535,0.0051,19.52
2022-12-28,3.8478,3.8699,3.8214,3.8313,3.8529,3.8745,3.8251,3.8359,0.0046,25.0
2022-12-29,3.8315,3.8502,3.8054,3.8246,3.8366,3.8548,3.8101,3.83,0.0054,20.61
2022-12-30,3.8245,3.8489,3.7937,3.8186,3.8297,3.8542,3.7974,3.8221,0.0035,20.56
2023-01-02,3.8339,3.8462,3.8281,3.8382,3.8387,3.851,3.8332,3.8424,0.0042,0.42
2023-01-03,3.8387,3.8692,3.7566,3.7693,3.8432,3.874,3.7604,3.7742,0.0049,38.55
2023-01-04,3.7693,3.8044,3.7061,3.7397,3.7746,3.8091,3.7109,3.745,0.0053,40.53
2023-01-05,3.7394,3.8399,3.7191,3.8238,3.7444,3.8437,3.7239,3.8289,0.0051,35.05
2023-01-06,3.824,3.9263,3.7974,3.9211,3.8286,3.9305,3.8015,3.9253,0.0042,32.5
2023-01-09,3.9727,4.0421,3.9305,4.0022,3.9778,4.0457,3.9354,4.0072,0.005,32.06
2023-01-10,4.0017,4.0819,3.9848,4.0746,4.007,4.0857,3.9902,4.0794,0.0048,28.85
2023-01-11,4.075,4.1832,4.0632,4.1656,4.08,4.187,4.0682,4.1706,0.005,29.03
2023-01-12,4.1662,4.2092,4.1272,4.1714,4.1708,4.2129,4.1316,4.1761,0.0047,31.8
2023-01-13,4.1719,4.2204,4.1274,4.2162,4.1767,4.2243,4.1314,4.2205,0.0043,27.12
2023-01-16,4.2037,4.2087,4.1357,4.1409,4.2087,4.2131,4.1407,4.146,0.0051,16.05
2023-01-17,4.1412,4.2411,4.1081,4.2254,4.1464,4.2453,4.1129,4.23,0.0046,27.25
2023-01-18,4.2246,4.3528,4.2044,4.2264,4.2297,4.3568,4.2084,4.2309,0.0045,30.75
2023-01-19,4.2265,4.2663,4.1655,4.2436,4.2311,4.2705,4.1706,4.2481,0.0045,28.02
2023-01-20,4.2437,4.2772,4.2049,4.2766,4.2479,4.2811,4.2089,4.281,0.0044,22.01
2023-01-23,4.2707,4.3007,4.2242,4.2511,4.2749,4.3052,4.2279,4.2559,0.0048,22.18
2023-01-24,4.2517,4.2799,4.2146,4.2543,4.257,4.285,4.2184,4.2595,0.0052,22.28
2023-01-25,4.254,4.2709,4.2105,4.2575,4.2592,4.2761,4.2144,4.2627,0.0052,20.79
2023-01-26,4.2572,4.2873,4.2301,4.2757,4.2625,4.2923,4.2351,4.2799,0.0042,22.83
2023-01-27,4.2754,4.2844,4.1714,4.2267,4.2801,4.2892,4.1751,4.2309,0.0042,23.13
2023-01-30,4.2331,4.2462,4.1661,4.1797,4.2383,4.2511,4.1701,4.1842,0.0045,26.11
2023-01-31,4.1799,4.2289,4.1166,4.2153,4.1845,4.2329,4.1209,4.2202,0.0049,29.09
2023-02-01,4.2147,4.2179,4.1023,4.189,4.2199,4.223,4.1062,4.1941,0.0051,27.57
2023-02-02,4.1886,4.1974,4.0762,4.0871,4.194,4.2025,4.0801,4.0923,0.0052,34.75
2023-02-03,4.0875,4.1342,4.0288,4.0293,4.0925,4.1389,4.0329,4.0333,0.004,31.97
2023-02-06,4.0426,4.0717,3.9908,4.0401,4.0477,4.0768,3.9949,4.0453,0.0052,31.65
2023-02-07,4.0399,4.0839,4.0006,4.0693,4.0451,4.0875,4.0046,4.0742,0.0049,35.58
2023-02-08,4.0689,4.1144,4.0136,4.0421,4.0739,4.119,4.0178,4.0474,0.0053,34.12
2023-02-09,4.0418,4.1182,4.0373,4.0636,4.0471,4.1225,4.0422,4.0687,0.0051,32.32
2023-02-10,4.064,4.0797,4.0027,4.0137,4.069,4.0847,4.0066,4.0169,0.0032,33.75
2023-02-13,4.0128,4.0663,3.9911,4.058,4.018,4.0702,3.9961,4.0632,0.0052,31.75
2023-02-14,4.0573,4.1074,4.0259,4.0833,4.0625,4.1115,4.0299,4.0879,0.0046,36.07
2023-02-15,4.0831,4.0888,3.9768,4.0333,4.0884,4.0939,3.9809,4.0385,0.0052,36.84
2023-02-16,4.0344,4.1309,4.0261,4.0994,4.0391,4.1348,4.0309,4.1036,0.0042,30.06
2023-02-17,4.0989,4.1264,4.0471,4.1204,4.104,4.1303,4.0516,4.1245,0.0041,24.27
2023-02-20,4.1129,4.1752,4.0903,4.1604,4.1177,4.1791,4.0954,4.1655,0.0051,15.35
2023-02-21,4.1605,4.2113,4.1209,4.193,4.1648,4.2149,4.1257,4.1975,0.0045,26.28
2023-02-22,4.1934,4.2,4.1314,4.1678,4.1984,4.2049,4.1363,4.1721,0.0043,25.03
2023-02-23,4.167,4.1768,4.034,4.0495,4.172,4.1814,4.0375,4.0543,0.0048,23.92
2023-02-24,4.0497,4.0768,3.9474,3.9574,4.0547,4.0814,3.9512,3.9613,0.0039,24.17
2023-02-27,3.9705,4.022,3.9349,4.0092,3.9754,4.0258,3.9396,4.0139,0.0047,37.75
2023-02-28,4.0098,4.0925,3.9907,4.0714,4.0138,4.0962,3.9957,4.076,0.0046,31.55
2023-03-01,4.0723,4.1728,4.0629,4.1655,4.0768,4.1761,4.0677,4.1704,0.0049,33.69
2023-03-02,4.1658,4.1715,4.045,4.0729,4.1704,4.1764,4.049,4.078,0.0051,31.43
2023-03-03,4.0732,4.1154,4.0582,4.0682,4.0782,4.1203,4.062,4.0718,0.0036,27.37
2023-03-06,4.0436,4.0908,4.0059,4.074,4.0483,4.0938,4.0103,4.0789,0.0049,29.23
2023-03-07,4.0741,4.092,3.961,3.9668,4.0789,4.0968,3.9653,3.9711,0.0043,30.81
2023-03-08,3.9666,4.0703,3.9591,4.032,3.971,4.0744,3.9638,4.0365,0.0045,33.66
2023-03-09,4.0313,4.053,3.9942,4.0039,4.0361,4.0567,3.998,4.0089,0.005,35.03
2023-03-10,4.0036,4.0605,3.9651,4.0059,4.0083,4.0643,3.9698,4.01,0.0041,39.09
2023-03-13,4.0304,4.0738,3.9197,4.0356,4.0354,4.0783,3.9233,4.0405,0.0049,44.16
2023-03-14,4.036,4.05,3.983,4.0033,4.0411,4.0536,3.9868,4.0083,0.005,36.11
2023-03-15,4.0029,4.0255,3.8382,3.8815,4.008,4.0304,3.8418,3.8865,0.005,43.35
2023-03-16,3.8819,3.8985,3.8202,3.8782,3.8866,3.9028,3.8241,3.8829,0.0047,39.72
2023-03-17,3.8784,3.95,3.8679,3.895,3.8834,3.9546,3.8718,3.8985,0.0035,34.34
2023-03-20,3.931,3.968,3.8524,3.9532,3.9354,3.9718,3.8574,3.9583,0.0051,35.64
2023-03-21,3.9535,4.0325,3.9262,4.0035,3.9585,4.0364,3.9308,4.0078,0.0043,27.49
2023-03-22,4.0027,4.1049,3.9694,4.0408,4.0073,4.1088,3.9741,4.0451,0.0043,31.54
2023-03-23,4.0409,4.1248,4.0207,4.1,4.0456,4.1287,4.025,4.1043,0.0043,35.1
2023-03-24,4.1003,4.146,4.048,4.072,4.1049,4.1509,4.0525,4.0755,0.0035,34.2
2023-03-27,4.0826,4.1,4.0219,4.0943,4.087,4.1039,4.0267,4.0993,0.005,28.47
2023-03-28,4.0932,4.1105,4.0567,4.0749,4.098,4.1151,4.0617,4.0798,0.0049,26.08
2023-03-29,4.0747,4.1315,4.0471,4.0743,4.0799,4.1352,4.0518,4.0788,0.0045,29.4
2023-03-30,4.0745,4.1323,4.0564,4.1011,4.0788,4.1366,4.0611,4.1058,0.0047,27.53
2023-03-31,4.1008,4.1145,4.0187,4.0805,4.1057,4.1194,4.0235,4.0843,0.0038,29.62
2023-04-03,4.0685,4.095,4.033,4.0468,4.0733,4.0993,4.0365,4.0511,0.0043,28.69
2023-04-04,4.0467,4.0693,3.943,3.9725,4.0513,4.0739,3.9465,3.9774,0.0049,30.87
2023-04-05,3.9722,3.9943,3.9249,3.9855,3.9765,3.9979,3.9301,3.9898,0.0043,26.64
2023-04-06,3.985,4.0288,3.9692,4.0101,3.9899,4.0331,3.9731,4.0145,0.0044,28.28
2023-04-10,4.014,4.0377,3.9611,3.9902,4.0191,4.042,3.9645,3.995,0.0048,17.59
2023-04-11,3.9904,4.0523,3.9759,4.0297,3.995,4.0564,3.9805,4.0348,0.0051,28.48
2023-04-12,4.0302,4.0863,3.9817,4.0694,4.0353,4.0897,3.9853,4.0741,0.0047,30.58
2023-04-13,4.069,4.1408,4.0515,4.1194,4.0738,4.1444,4.0561,4.1244,0.005,30.3
2023-04-14,4.1196,4.184,4.0907,4.1157,4.1243,4.1878,4.0945,4.1199,0.0042,28.06
2023-04-17,4.1067,4.1314,4.0601,4.0684,4.1118,4.1362,4.064,4.0735,0.0051,20.69
2023-04-18,4.0684,4.1074,4.0637,4.0882,4.0734,4.1111,4.0673,4.0928,0.0046,20.1
2023-04-19,4.0897,4.0955,4.0307,4.0704,4.0943,4.1003,4.0343,4.0755,0.0051,21.29
2023-04-20,4.0715,4.0809,4.0142,4.0218,4.0759,4.0854,4.018,4.0258,0.004,24.37
2023-04-21,4.0211,4.0361,3.9802,3.99,4.0261,4.0408,3.9838,3.9935,0.0035,25.77
2023-04-24,3.9918,4.0035,3.9579,3.9692,3.9962,4.0079,3.9615,3.9735,0.0043,22.73
2023-04-25,3.9687,3.9825,3.85,3.8672,3.9734,3.9869,3.8535,3.8721,0.0049,34.29
2023-04-26,3.8672,3.9075,3.8482,3.8555,3.8718,3.9121,3.8518,3.8605,0.005,26.77
2023-04-27,3.8555,3.897,3.8148,3.888,3.8603,3.9009,3.8183,3.8923,0.0043,32.41
2023-04-28,3.8872,3.9163,3.8553,3.8963,3.8924,3.9211,3.8588,3.8998,0.0035,27.63
2023-05-01,3.8792,4.0033,3.8678,3.9284,3.884,4.0067,3.8725,3.933,0.0046,17.5
2023-05-02,3.9277,3.95,3.8552,3.8628,3.9329,3.9548,3.8588,3.8679,0.0051,25.36
2023-05-03,3.8638,3.8695,3.8238,3.8365,3.8682,3.8742,3.8286,3.8412,0.0047,25.43
2023-05-04,3.8375,3.9055,3.8301,3.86,3.8421,3.9102,3.8335,3.8648,0.0048,31.52
2023-05-05,3.8603,3.9039,3.8238,3.8902,3.8649,3.9078,3.8273,3.8941,0.0039,27.19
2023-05-08,3.8895,3.9578,3.8742,3.9172,3.8941,3.9612,3.8785,3.9219,0.0047,17.78
2023-05-09,3.9164,3.9203,3.8787,3.9025,3.9213,3.9243,3.8833,3.9069,0.0044,24.12
2023-05-10,3.9023,3.9163,3.8272,3.8489,3.9067,3.9209,3.8309,3.8533,0.0044,30.71
2023-05-11,3.8498,3.8533,3.6818,3.6959,3.8547,3.8579,3.6853,3.7009,0.005,37.04
2023-05-12,3.696,3.75,3.6773,3.7224,3.7007,3.7539,3.6818,3.7264,0.004,29.69
2023-05-15,3.7288,3.7755,3.6978,3.74,3.7338,3.7799,3.7028,3.744,0.004,22.78
2023-05-16,3.739,3.752,3.6554,3.6575,3.744,3.7568,3.6591,3.6618,0.0043,26.77
2023-05-17,3.6576,3.772,3.651,3.7458,3.6625,3.7759,3.6558,3.7506,0.0048,28.67
2023-05-18,3.7455,3.7623,3.6792,3.694,3.75,3.7667,3.6828,3.6983,0.0043,24.97
2023-05-19,3.6947,3.7663,3.6744,3.7278,3.6996,3.7697,3.679,3.7312,0.0034,26.0
2023-05-22,3.7286,3.735,3.667,3.6775,3.7335,3.7395,3.6706,3.6823,0.0048,27.64
2023-05-23,3.6773,3.7033,3.6203,3.6437,3.6821,3.7076,3.6248,3.648,0.0043,29.68
2023-05-24,3.6435,3.6448,3.5432,3.5637,3.6483,3.6499,3.5472,3.5686,0.0049,40.02
2023-05-25,3.5633,3.6158,3.5439,3.5944,3.5684,3.6197,3.5485,3.5994,0.005,39.67
2023-05-26,3.595,3.6828,3.5802,3.6701,3.5998,3.6862,3.5853,3.674,0.0039,33.56
2023-05-29,3.6725,3.708,3.6556,3.6692,3.6772,3.713,3.6605,3.6738,0.0046,13.11
2023-05-30,3.6686,3.6925,3.6253,3.658,3.6734,3.6966,3.6297,3.6623,0.0043,33.51
2023-05-31,3.6588,3.6695,3.6198,3.6695,3.6633,3.6742,3.6238,3.6735,0.004,36.22
2023-06-01,3.6682,3.7293,3.6422,3.7058,3.6728,3.7338,3.647,3.7102,0.0044,38.02
2023-06-02,3.705,3.7864,3.6907,3.729,3.7099,3.7913,3.6953,3.7331,0.0041,36.08
2023-06-05,3.7124,3.7825,3.6832,3.7569,3.7175,3.7862,3.6883,3.7619,0.005,35.33
2023-06-06,3.7575,3.7775,3.7158,3.7672,3.7622,3.7824,3.7208,3.7721,0.0049,32.65
2023-06-07,3.767,3.8084,3.7395,3.7506,3.7715,3.8134,3.7438,3.7553,0.0047,37.1
2023-06-08,3.7509,3.7955,3.7323,3.7845,3.7558,3.7993,3.737,3.7888,0.0043,35.75
2023-06-09,3.7843,3.8313,3.7671,3.77,3.7892,3.8349,3.7715,3.7733,0.0033,40.02
2023-06-12,3.764,3.7759,3.7327,3.7479,3.7685,3.7799,3.7376,3.753,0.0051,30.38
2023-06-13,3.7475,3.8575,3.7426,3.8245,3.7524,3.8611,3.747,3.8289,0.0044,39.34
2023-06-14,3.8243,3.8723,3.7959,3.852,3.8288,3.8759,3.8008,3.8571,0.0051,34.96
2023-06-15,3.8518,3.9018,3.8091,3.8934,3.8564,3.9058,3.8138,3.8983,0.0049,34.92
2023-06-16,3.893,3.927,3.8848,3.8859,3.8979,3.9318,3.8883,3.8895,0.0036,25.48
2023-06-19,3.8792,3.8948,3.8599,3.8729,3.8842,3.8996,3.8645,3.8779,0.005,14.61
2023-06-20,3.8725,3.9053,3.8468,3.8919,3.877,3.9094,3.8517,3.8968,0.0049,34.13
2023-06-21,3.892,3.9183,3.8515,3.9026,3.8965,3.9219,3.855,3.907,0.0044,38.47
2023-06-22,3.9019,3.9621,3.8827,3.8985,3.9067,3.967,3.8866,3.9033,0.0048,28.1
2023-06-23,3.8985,3.8992,3.7954,3.8183,3.9035,3.9041,3.7993,3.8221,0.0038,33.75
2023-06-26,3.8305,3.847,3.7835,3.797,3.8353,3.8518,3.787,3.8013,0.0043,37.5
2023-06-27,3.7965,3.8443,3.7753,3.7825,3.8005,3.8491,3.7798,3.7869,0.0044,39.96
2023-06-28,3.7823,3.7978,3.7163,3.7248,3.7871,3.8023,3.7203,3.7293,0.0045,21.53
2023-06-29,3.7259,3.7494,3.6807,3.6969,3.7311,3.7544,3.6843,3.7019,0.005,33.44
2023-06-30,3.6969,3.7688,3.6917,3.7627,3.7017,3.7724,3.6963,3.7663,0.0036,27.67
2023-07-03,3.7629,3.8047,3.7576,3.7893,3.7676,3.8089,3.7623,3.7943,0.005,20.87
2023-07-04,3.7891,3.807,3.7737,3.7817,3.7939,3.8118,3.777,3.7866,0.0049,11.23
2023-07-05,3.7828,3.7908,3.73,3.7596,3.7873,3.7948,3.7348,3.7646,0.005,22.23
2023-07-06,3.76,3.7738,3.7209,3.7405,3.7648,3.7784,3.7247,3.7448,0.0043,23.84
2023-07-07,3.7409,3.786,3.723,3.7795,3.7456,3.7898,3.7278,3.7829,0.0034,25.03
2023-07-10,3.7788,3.795,3.7407,3.7893,3.7833,3.7996,3.7443,3.7938,0.0045,23.97
2023-07-11,3.7895,3.8203,3.7504,3.7702,3.7938,3.8249,3.7541,3.7745,0.0043,25.36
2023-07-12,3.77,3.8583,3.764,3.8547,3.7746,3.8617,3.7685,3.8593,0.0046,29.21
2023-07-13,3.8545,3.9508,3.8399,3.9492,3.8589,3.9552,3.8448,3.9538,0.0046,34.05
2023-07-14,3.9478,3.952,3.9011,3.9219,3.9527,3.9564,3.906,3.9255,0.0036,30.64
2023-07-17,3.9185,3.9234,3.8099,3.8327,3.9231,3.9283,3.8133,3.8377,0.005,28.96
2023-07-18,3.833,3.8518,3.8013,3.8358,3.8378,3.8569,3.8048,3.8404,0.0046,26.82
2023-07-19,3.8347,3.8363,3.7791,3.8103,3.8393,3.8411,3.7838,3.8143,0.004,29.06
2023-07-20,3.81,3.8863,3.8086,3.8279,3.8151,3.8903,3.8133,3.8326,0.0047,29.42
2023-07-21,3.8277,3.8715,3.8074,3.816,3.8325,3.8759,3.8113,3.8199,0.0039,26.57
2023-07-24,3.8177,3.8584,3.7799,3.8427,3.8224,3.8621,3.7849,3.8477,0.005,32.81
2023-07-25,3.8432,3.94,3.8429,3.9178,3.8481,3.9435,3.8475,3.9218,0.004,33.86
2023-07-26,3.9183,3.9197,3.8747,3.9026,3.9223,3.9245,3.8788,3.907,0.0044,30.71
2023-07-27,3.9028,3.941,3.8367,3.848,3.9074,3.9459,3.8405,3.8526,0.0046,37.04
2023-07-28,3.8446,3.932,3.8419,3.9316,3.8493,3.9354,3.8463,3.9354,0.0038,31.12
2023-07-31,3.9365,4.0155,3.9054,4.012,3.9413,4.0203,3.9101,4.0167,0.0047,39.23
2023-08-01,4.0115,4.0215,3.8753,3.903,4.0163,4.0262,3.8797,3.9075,0.0045,42.03
2023-08-02,3.9024,3.9193,3.8317,3.8453,3.9073,3.9236,3.8357,3.8502,0.0049,41.74
2023-08-03,3.8456,3.9035,3.8184,3.9004,3.8504,3.9081,3.8231,3.9053,0.0049,41.85
2023-08-04,3.9002,3.9253,3.8236,3.8449,3.9053,3.9303,3.8273,3.8489,0.004,42.56
2023-08-07,3.8562,3.8748,3.8233,3.8358,3.8614,3.8791,3.8268,3.8403,0.0045,33.53
2023-08-08,3.8351,3.8383,3.7249,3.7698,3.8401,3.8429,3.7283,3.7741,0.0043,45.42
2023-08-09,3.771,3.8245,3.7617,3.7849,3.7756,3.8293,3.7661,3.7895,0.0046,39.06
2023-08-10,3.785,3.8295,3.7447,3.7498,3.7898,3.8334,3.7483,3.7544,0.0046,40.65
2023-08-11,3.75,3.7653,3.6928,3.7175,3.7543,3.7701,3.6968,3.7211,0.0036,40.15
2023-08-14,3.7215,3.74,3.6855,3.7252,3.7265,3.7444,3.6888,3.73,0.0048,45.41
2023-08-15,3.7252,3.7465,3.6538,3.6572,3.7304,3.7512,3.6585,3.6623,0.0051,48.31
2023-08-16,3.6577,3.6918,3.6403,3.6438,3.6626,3.6964,3.644,3.6489,0.0051,48.8
2023-08-17,3.644,3.7255,3.6247,3.7254,3.6488,3.7304,3.6293,3.7304,0.005,51.01
2023-08-18,3.7249,3.7558,3.7028,3.7544,3.7299,3.7593,3.7072,3.7583,0.0039,35.28
2023-08-21,3.7553,3.7625,3.719,3.7535,3.7602,3.7673,3.7239,3.7579,0.0044,38.57
2023-08-22,3.753,3.8078,3.7493,3.7888,3.7576,3.8114,3.754,3.7934,0.0046,38.08
2023-08-23,3.7877,3.8413,3.7857,3.8343,3.7927,3.8447,3.7906,3.8389,0.0046,50.16
2023-08-24,3.8332,3.8373,3.7829,3.7843,3.8384,3.8419,3.7875,3.7888,0.0045,35.46
2023-08-25,3.7834,3.827,3.7637,3.7844,3.7884,3.8316,3.7675,3.7884,0.004,33.52
2023-08-28,3.7998,3.8268,3.778,3.796,3.8047,3.8314,3.7823,3.8008,0.0048,22.38
2023-08-29,3.7968,3.8433,3.7852,3.8349,3.8017,3.8468,3.7892,3.84,0.0051,27.17
2023-08-30,3.835,3.8488,3.8097,3.8368,3.8393,3.8523,3.8147,3.8418,0.005,36.34
2023-08-31,3.8364,3.8448,3.7966,3.8313,3.8412,3.8493,3.801,3.8358,0.0045,35.17
2023-09-01,3.8315,3.907,3.8282,3.8489,3.8362,3.9105,3.8328,3.853,0.0041,42.23
2023-09-04,3.8515,3.8703,3.8141,3.83,3.8564,3.8754,3.8178,3.8346,0.0046,21.09
2023-09-05,3.8295,3.855,3.7922,3.839,3.8344,3.8586,3.7971,3.8439,0.0049,38.0
2023-09-06,3.8383,3.8445,3.7788,3.7824,3.8431,3.8492,3.7825,3.7872,0.0048,42.05
2023-09-07,3.7835,3.7903,3.7367,3.7605,3.7875,3.7949,3.7413,3.765,0.0045,38.16
2023-09-08,3.7598,3.7628,3.7094,3.7132,3.7643,3.7676,3.713,3.7171,0.0039,38.92
2023-09-11,3.7208,3.81,3.717,3.7988,3.7257,3.8138,3.7217,3.8039,0.0051,38.33
2023-09-12,3.7984,3.811,3.7724,3.7874,3.8028,3.8157,3.7763,3.7924,0.005,34.62
2023-09-13,3.7877,3.8178,3.7732,3.7774,3.7925,3.8214,3.7765,3.7818,0.0044,37.73
2023-09-14,3.7769,3.8399,3.7757,3.8136,3.7819,3.8443,3.7803,3.8183,0.0047,35.22
2023-09-15,3.8147,3.8495,3.7858,3.7953,3.8195,3.8539,3.7893,3.7994,0.0041,30.97
2023-09-18,3.8002,3.8203,3.7634,3.7747,3.805,3.8251,3.767,3.7797,0.005,26.81
2023-09-19,3.7755,3.778,3.7252,3.7504,3.7801,3.7829,3.7301,3.7553,0.0049,30.69
2023-09-20,3.7505,3.788,3.7312,3.7335,3.7548,3.7921,3.7355,3.7375,0.004,22.97
2023-09-21,3.733,3.7448,3.6323,3.6947,3.7376,3.7494,3.6358,3.6999,0.0052,43.34
2023-09-22,3.6955,3.739,3.6833,3.6922,3.7003,3.7437,3.6878,3.6959,0.0037,33.89
2023-09-25,3.699,3.7033,3.6467,3.6682,3.7039,3.7079,3.6517,3.6728,0.0046,31.1
2023-09-26,3.6673,3.6818,3.6252,3.6438,3.6724,3.6859,3.6298,3.6486,0.0048,32.4
2023-09-27,3.6434,3.6508,3.6225,3.6403,3.6484,3.6556,3.6263,3.6446,0.0043,34.1
2023-09-28,3.6415,3.7145,3.6232,3.7145,3.6464,3.7193,3.6278,3.7193,0.0048,38.31
2023-09-29,3.7139,3.784,3.7112,3.732,3.7189,3.7874,3.7161,3.7354,0.0034,39.96
2023-10-02,3.7325,3.759,3.6255,3.6375,3.737,3.7638,3.6293,3.6421,0.0046,39.53
2023-10-03,3.6367,3.6415,3.5794,3.6136,3.6417,3.6463,3.5843,3.6186,0.005,37.27
2023-10-04,3.6125,3.6203,3.5477,3.574,3.6175,3.6247,3.5513,3.5786,0.0046,38.08
2023-10-05,3.5735,3.601,3.5472,3.5625,3.5781,3.6059,3.551,3.5674,0.0049,35.38
2023-10-06,3.5625,3.643,3.5489,3.632,3.5668,3.6469,3.554,3.6355,0.0035,44.93
2023-10-09,3.6173,3.6708,3.6147,3.66,3.6219,3.6753,3.6197,3.6645,0.0045,32.57
2023-10-10,3.6595,3.6723,3.5893,3.6262,3.6641,3.6771,3.5932,3.6308,0.0046,36.41
2023-10-11,3.626,3.6614,3.5963,3.6068,3.6308,3.6661,3.6,3.6108,0.004,33.34
2023-10-12,3.6068,3.6468,3.5677,3.582,3.6119,3.6513,3.5715,3.5867,0.0047,38.98
2023-10-13,3.5819,3.6143,3.5553,3.5687,3.5865,3.6192,3.5588,3.5723,0.0036,40.53
2023-10-16,3.5828,3.6028,3.5612,3.5744,3.5874,3.6077,3.5661,3.5791,0.0047,28.69
2023-10-17,3.5739,3.5912,3.5298,3.5868,3.5787,3.5952,3.534,3.5913,0.0045,39.76
2023-10-18,3.5858,3.627,3.5734,3.5795,3.5908,3.6316,3.577,3.5844,0.0049,42.35
2023-10-19,3.5793,3.6088,3.5637,3.5808,3.5842,3.6138,3.5687,3.5848,0.004,48.29
2023-10-20,3.5798,3.588,3.5442,3.5506,3.5849,3.5929,3.5488,3.5543,0.0037,38.61
2023-10-23,3.5537,3.5928,3.5172,3.5819,3.5587,3.5964,3.5213,3.5867,0.0048,43.27
2023-10-24,3.5814,3.6371,3.5599,3.6328,3.5864,3.6405,3.5645,3.6373,0.0045,48.64
2023-10-25,3.6317,3.6468,3.5752,3.5778,3.6363,3.6513,3.5803,3.5829,0.0051,40.27
2023-10-26,3.5774,3.6169,3.57,3.5949,3.5822,3.6219,3.5743,3.5999,0.005,41.94
2023-10-27,3.5945,3.6573,3.5788,3.6415,3.5993,3.6613,3.5833,3.6451,0.0036,43.6
2023-10-30,3.6385,3.7075,3.6378,3.6482,3.6432,3.7124,3.6423,3.6532,0.005,41.2
2023-10-31,3.6477,3.672,3.6294,3.6463,3.6528,3.6769,3.6328,3.6513,0.005,39.06
2023-11-01,3.646,3.6875,3.6313,3.6632,3.6508,3.6913,3.6361,3.6678,0.0046,40.84
2023-11-02,3.6643,3.69,3.6543,3.6809,3.6688,3.6946,3.6582,3.6858,0.0049,36.89
2023-11-03,3.6813,3.7021,3.6508,3.6711,3.6861,3.7067,3.6558,3.6745,0.0034,41.46
2023-11-06,3.6659,3.7233,3.6642,3.7078,3.6703,3.7279,3.6688,3.7126,0.0048,38.64
2023-11-07,3.7077,3.709,3.6462,3.6803,3.7123,3.7136,3.6498,3.6851,0.0048,37.88
2023-11-08,3.6809,3.7013,3.6308,3.6337,3.6853,3.7058,3.6343,3.6386,0.0049,39.64
2023-11-09,3.6338,3.6603,3.6113,3.6288,3.6384,3.6639,3.6158,3.6333,0.0045,48.88
2023-11-10,3.6287,3.6428,3.5797,3.5949,3.6334,3.6473,3.5833,3.5989,0.004,40.49
2023-11-13,3.5944,3.6708,3.578,3.6703,3.5992,3.6753,3.5829,3.6749,0.0046,42.57
2023-11-14,3.6693,3.7178,3.6464,3.6748,3.6743,3.7213,3.6512,3.6788,0.004,43.6
2023-11-15,3.6739,3.7238,3.666,3.714,3.679,3.7274,3.6709,3.7186,0.0046,44.46
2023-11-16,3.7134,3.7403,3.6822,3.7267,3.718,3.7448,3.6858,3.7316,0.0049,44.82
2023-11-17,3.7263,3.7723,3.7099,3.7667,3.7312,3.7764,3.7145,3.7706,0.0039,40.68
2023-11-20,3.7634,3.8414,3.7559,3.8353,3.7682,3.8451,3.7607,3.8403,0.005,56.28
2023-11-21,3.8359,3.8578,3.822,3.8415,3.8405,3.8622,3.8253,3.8464,0.0049,48.85
2023-11-22,3.8418,3.844,3.7803,3.807,3.8466,3.8486,3.7838,3.8113,0.0043,51.36
2023-11-23,3.8066,3.8428,3.8032,3.8195,3.8113,3.8479,3.8078,3.8243,0.0048,24.45
2023-11-24,3.8196,3.8333,3.7968,3.8323,3.8246,3.8368,3.8003,3.8362,0.0039,28.04
2023-11-27,3.83,3.837,3.7927,3.7998,3.8343,3.8419,3.7963,3.8038,0.004,38.38
2023-11-28,3.8,3.8538,3.7832,3.848,3.8043,3.8575,3.788,3.8523,0.0043,37.25
2023-11-29,3.8475,3.862,3.815,3.8277,3.8521,3.8667,3.8187,3.8326,0.0049,42.33
2023-11-30,3.8279,3.855,3.8103,3.8527,3.8331,3.8589,3.8151,3.8576,0.0049,44.45
2023-12-01,3.853,3.9313,3.8408,3.9172,3.8573,3.9346,3.8459,3.9211,0.0039,51.29
2023-12-04,3.9205,3.9213,3.8207,3.8243,3.925,3.9256,3.8253,3.8293,0.005,48.31
2023-12-05,3.825,3.8388,3.7702,3.7837,3.8296,3.8433,3.7738,3.7886,0.0049,52.68
2023-12-06,3.7843,3.8238,3.7262,3.7343,3.7891,3.8282,3.7308,3.7389,0.0046,43.24
2023-12-07,3.7335,3.7989,3.7335,3.7937,3.7384,3.8027,3.7384,3.7988,0.0051,45.84
2023-12-08,3.794,3.8618,3.7854,3.833,3.7988,3.8659,3.79,3.8366,0.0036,49.19
2023-12-11,3.8304,3.8338,3.7735,3.7805,3.8351,3.8384,3.7768,3.7852,0.0047,35.46
2023-12-12,3.7805,3.8102,3.7649,3.7939,3.785,3.815,3.7688,3.7986,0.0047,36.84
2023-12-13,3.7933,3.842,3.7502,3.8395,3.7983,3.8468,3.7552,3.8443,0.0048,31.96
2023-12-14,3.839,3.9079,3.8247,3.8747,3.8439,3.9119,3.8293,3.8793,0.0046,44.63
2023-12-15,3.875,3.914,3.8473,3.8769,3.8793,3.9189,3.8508,3.8805,0.0036,37.33
2023-12-18,3.8804,3.889,3.8404,3.8428,3.8852,3.8938,3.8448,3.8478,0.005,30.87
2023-12-19,3.8424,3.9288,3.8385,3.9018,3.8468,3.9324,3.8432,3.9066,0.0048,34.86
2023-12-20,3.9015,3.9428,3.8772,3.883,3.9064,3.9479,3.8808,3.8878,0.0048,34.1
2023-12-21,3.8828,3.9294,3.877,3.9225,3.8868,3.9333,3.8815,3.9276,0.0051,36.27
2023-12-22,3.9224,3.9359,3.8897,3.8988,3.9268,3.9406,3.8933,3.9026,0.0038,32.73
2023-12-25,3.9031,3.9074,3.9003,3.9057,3.9079,3.9121,3.9048,3.9108,0.0051,0.2
2023-12-26,3.9068,3.9415,3.8977,3.9,3.9112,3.9454,3.9013,3.9046,0.0046,17.48
2023-12-27,3.8992,3.9723,3.8967,3.9536,3.9042,3.9758,3.9013,3.9585,0.0049,30.11
2023-12-28,3.9533,3.9648,3.9089,3.9102,3.9584,3.9694,3.9135,3.9151,0.0049,29.02
2023-12-29,3.9103,3.933,3.8764,3.8906,3.9148,3.9378,3.88,3.8946,0.004,27.97
2024-01-01,3.8925,3.8974,3.8898,3.8962,3.8971,3.9021,3.8948,3.9011,0.0049,0.24
2024-01-02,3.8968,3.9098,3.8592,3.8669,3.9013,3.9144,3.863,3.8716,0.0047,36.94
2024-01-03,3.8674,3.877,3.8295,3.8723,3.8722,3.8809,3.8328,3.8766,0.0043,38.0
2024-01-04,3.872,3.8825,3.8158,3.8435,3.8765,3.8871,3.8193,3.8478,0.0043,25.82
2024-01-05,3.843,3.8637,3.7993,3.8,3.8478,3.8673,3.803,3.8041,0.0041,35.82
2024-01-08,3.8078,3.8313,3.7873,3.8215,3.8127,3.8349,3.7918,3.8261,0.0046,40.49
2024-01-09,3.8217,3.838,3.7555,3.7634,3.8264,3.8428,3.7593,3.7678,0.0044,40.4
2024-01-10,3.7628,3.7913,3.7522,3.7838,3.7673,3.7959,3.7558,3.7886,0.0048,38.71
2024-01-11,3.7832,3.8214,3.7668,3.7914,3.7878,3.8254,3.7703,3.7964,0.005,48.96
2024-01-12,3.7918,3.8168,3.7334,3.7343,3.7968,3.8211,3.7373,3.7377,0.0034,42.12
2024-01-15,3.7488,3.7873,3.7442,3.776,3.7533,3.7908,3.7488,3.7806,0.0046,24.63
2024-01-16,3.7765,3.7875,3.755,3.765,3.781,3.7924,3.7563,3.7693,0.0043,34.05
2024-01-17,3.7652,3.767,3.7203,3.74,3.7695,3.7719,3.7248,3.7448,0.0048,43.6
2024-01-18,3.7397,3.7568,3.7123,3.7553,3.7446,3.7613,3.7164,3.7599,0.0046,41.66
2024-01-19,3.7549,3.7899,3.7412,3.7883,3.7599,3.7938,3.7455,3.7921,0.0038,40.02
2024-01-22,3.7834,3.7858,3.7418,3.7502,3.7881,3.7906,3.7463,3.7548,0.0046,28.31
2024-01-23,3.7499,3.8065,3.7488,3.8039,3.7548,3.8103,3.7538,3.8086,0.0047,41.58
2024-01-24,3.804,3.8863,3.7929,3.8708,3.8091,3.8898,3.7978,3.8758,0.005,51.41
2024-01-25,3.8715,3.8905,3.8565,3.866,3.8762,3.8954,3.8603,3.8711,0.0051,40.52
2024-01-26,3.8664,3.8845,3.8427,3.8515,3.8714,3.8884,3.8475,3.8553,0.0038,35.96
2024-01-29,3.8527,3.8885,3.8256,3.8824,3.8576,3.8923,3.8302,3.8871,0.0047,34.69
2024-01-30,3.8827,3.9153,3.8584,3.9082,3.8876,3.9189,3.8628,3.9132,0.005,41.11
2024-01-31,3.9085,3.9453,3.8812,3.89,3.913,3.9488,3.8852,3.8943,0.0043,51.98
2024-02-01,3.8897,3.895,3.8442,3.8518,3.8949,3.8996,3.8475,3.8568,0.005,43.33
2024-02-02,3.8519,3.8603,3.8142,3.8169,3.857,3.8649,3.8188,3.8205,0.0036,45.15
2024-02-05,3.819,3.8308,3.7612,3.767,3.8238,3.8359,3.7651,3.7719,0.0049,45.76
2024-02-06,3.767,3.7953,3.7639,3.781,3.7714,3.7993,3.7688,3.7855,0.0045,50.41
2024-02-07,3.7804,3.7933,3.7297,3.7327,3.7848,3.7979,3.7333,3.7378,0.0051,48.13
2024-02-08,3.7335,3.7603,3.6768,3.704,3.7381,3.7651,3.6806,3.7083,0.0043,44.56
2024-02-09,3.7041,3.7105,3.6537,3.6845,3.7088,3.7151,3.6575,3.688,0.0035,40.28
2024-02-12,3.6741,3.724,3.6643,3.7198,3.679,3.7274,3.669,3.7243,0.0045,35.34
2024-02-13,3.72,3.7523,3.7012,3.7022,3.7249,3.7568,3.7048,3.7074,0.0052,34.28
2024-02-14,3.7025,3.7238,3.6873,3.7018,3.7076,3.7274,3.6923,3.7067,0.0049,31.68
2024-02-15,3.7019,3.7735,3.6972,3.7725,3.7069,3.7779,3.7018,3.7768,0.0043,29.61
2024-02-16,3.7719,3.854,3.7666,3.8335,3.7769,3.8574,3.7713,3.8374,0.0039,37.44
2024-02-19,3.8282,3.84,3.8139,3.8213,3.8329,3.8448,3.8185,3.8256,0.0043,20.74
2024-02-20,3.8204,3.8775,3.8089,3.8711,3.8254,3.8811,3.8138,3.8759,0.0048,46.16
2024-02-21,3.872,3.9115,3.8572,3.8957,3.8763,3.9153,3.8618,3.9006,0.0049,44.45
2024-02-22,3.896,3.9145,3.8755,3.9133,3.9009,3.9191,3.8798,3.9173,0.004,31.66
2024-02-23,3.9135,3.9144,3.8605,3.8855,3.9179,3.9192,3.8648,3.8888,0.0033,32.95
2024-02-26,3.8815,3.8838,3.8314,3.8334,3.8861,3.8884,3.8358,3.8386,0.0052,29.24
2024-02-27,3.8338,3.863,3.8334,3.8418,3.8386,3.8678,3.838,3.8466,0.0048,22.87
2024-02-28,3.8424,3.8503,3.8189,3.8348,3.8471,3.8552,3.8233,3.8391,0.0043,26.46
2024-02-29,3.8345,3.8668,3.8318,3.8429,3.8391,3.8704,3.8362,3.8478,0.0049,27.89
2024-03-01,3.8434,3.8712,3.8157,3.857,3.8478,3.8748,3.8203,3.8611,0.0041,29.09
2024-03-04,3.8602,3.8855,3.841,3.8555,3.8654,3.8904,3.8458,3.8605,0.005,26.56
2024-03-05,3.8555,3.8708,3.8365,3.84,3.8604,3.8756,3.8402,3.8451,0.0051,27.94
2024-03-06,3.84,3.8953,3.8347,3.8693,3.8449,3.8989,3.8395,3.8737,0.0044,32.98
2024-03-07,3.8687,3.9403,3.8687,3.926,3.873,3.9438,3.873,3.9308,0.0048,33.64
2024-03-08,3.9262,3.9438,3.8798,3.8889,3.9309,3.9488,3.8838,3.8931,0.0042,39.9
2024-03-11,3.8945,3.931,3.8763,3.9285,3.8985,3.9357,3.8808,3.9334,0.0049,28.86
2024-03-12,3.9293,3.9503,3.8997,3.9343,3.9337,3.9539,3.9037,3.9387,0.0044,38.39
2024-03-13,3.9343,4.0673,3.9167,4.0577,3.9393,4.0711,3.9215,4.0626,0.0049,49.21
2024-03-14,4.0583,4.0787,4.0153,4.0489,4.0628,4.083,4.0198,4.0535,0.0046,42.39
2024-03-15,4.0494,4.1353,4.0428,4.1192,4.0544,4.1388,4.0473,4.1229,0.0037,46.25
2024-03-18,4.1163,4.1625,4.0998,4.1283,4.1213,4.1663,4.1043,4.1326,0.0043,42.89
2024-03-19,4.1282,4.134,4.0562,4.0618,4.1333,4.1388,4.0604,4.0668,0.005,39.9
2024-03-20,4.0625,4.1008,4.0259,4.1008,4.0673,4.1057,4.0305,4.1057,0.0049,37.65
2024-03-21,4.1003,4.1255,4.0392,4.0597,4.1052,4.1304,4.0431,4.0647,0.005,41.37
2024-03-22,4.0602,4.064,3.9947,3.996,4.0651,4.0688,3.9983,3.9994,0.0034,39.89
2024-03-25,3.9988,4.0448,3.9957,4.0057,4.0039,4.0489,4.0005,4.0106,0.0049,35.94
2024-03-26,4.0062,4.0252,3.9787,4.0053,4.0113,4.0301,3.9836,4.0098,0.0045,36.21
2024-03-27,4.0044,4.0148,3.9658,4.0048,4.0093,4.0184,3.9697,4.0091,0.0043,34.74
2024-03-28,4.0053,4.0378,3.9842,4.0087,4.0098,4.0422,3.9878,4.0133,0.0046,35.87
2024-04-01,4.0538,4.0768,4.0234,4.0473,4.0584,4.0803,4.0273,4.0524,0.0051,25.82
2024-04-02,4.0453,4.0945,4.0395,4.0762,4.0503,4.098,4.0441,4.0805,0.0043,38.49
2024-04-03,4.076,4.231,4.0669,4.2164,4.0807,4.2358,4.0716,4.2208,0.0044,47.02
2024-04-04,4.217,4.2535,4.1995,4.2152,4.2213,4.2582,4.2034,4.2203,0.0051,37.19
2024-04-05,4.2157,4.242,4.1647,4.2389,4.2206,4.2457,4.1693,4.243,0.0041,45.14
2024-04-08,4.2098,4.3023,4.1704,4.2919,4.2143,4.3058,4.175,4.2965,0.0046,56.5
2024-04-09,4.2922,4.3315,4.2502,4.298,4.2971,4.3351,4.2551,4.3026,0.0046,53.36
2024-04-10,4.2975,4.3335,4.2392,4.267,4.3021,4.3369,4.2431,4.2717,0.0047,59.09
2024-04-11,4.2675,4.2973,4.2272,4.257,4.2723,4.3019,4.2308,4.2618,0.0048,53.29
2024-04-12,4.2575,4.3597,4.2474,4.3145,4.262,4.3643,4.252,4.3178,0.0033,69.69
2024-04-15,4.3347,4.3871,4.2699,4.3642,4.3396,4.3909,4.2746,4.3688,0.0046,59.5
2024-04-16,4.3638,4.3735,4.2747,4.305,4.3687,4.3782,4.2785,4.3093,0.0043,49.33
2024-04-17,4.3049,4.3783,4.2815,4.3625,4.3098,4.3819,4.2863,4.3674,0.0049,60.03
2024-04-18,4.363,4.4748,4.3442,4.4582,4.3673,4.4785,4.3493,4.4625,0.0043,51.65
2024-04-19,4.4584,4.5393,4.4249,4.5182,4.463,4.5431,4.4295,4.5218,0.0036,54.36
2024-04-22,4.5214,4.5725,4.4872,4.507,4.5262,4.5774,4.491,4.511,0.004,49.32
2024-04-23,4.507,4.517,4.4097,4.4477,4.5119,4.522,4.413,4.4527,0.005,48.94
2024-04-24,4.4488,4.5158,4.4407,4.4764,4.4533,4.5193,4.4455,4.4814,0.005,51.56
2024-04-25,4.4759,4.5815,4.4632,4.553,4.4811,4.5853,4.4678,4.5578,0.0048,51.3
2024-04-26,4.5543,4.612,4.5408,4.5865,4.5592,4.6166,4.5443,4.5895,0.003,37.89
2024-04-29,4.5878,4.6793,4.5634,4.6689,4.5922,4.6831,4.5683,4.6739,0.005,52.88
2024-04-30,4.6681,4.6918,4.5332,4.544,4.673,4.6967,4.5375,4.5488,0.0048,51.21
2024-05-01,4.5444,4.5963,4.5106,4.5704,4.5488,4.5998,4.514,4.5754,0.005,38.35
2024-05-02,4.5692,4.5798,4.4645,4.5003,4.5743,4.5845,4.4678,4.5049,0.0046,41.25
2024-05-03,4.5015,4.5673,4.4807,4.566,4.5065,4.5709,4.4853,4.57,0.004,39.8
2024-05-06,4.5724,4.636,4.5334,4.6055,4.5774,4.6408,4.538,4.6098,0.0043,29.75
2024-05-07,4.6024,4.6425,4.5649,4.5915,4.6076,4.6471,4.5695,4.596,0.0045,38.96
2024-05-08,4.5904,4.595,4.504,4.5359,4.5948,4.5999,4.509,4.5408,0.0049,39.49
2024-05-09,4.5356,4.6013,4.5165,4.5994,4.5404,4.6062,4.5213,4.6044,0.005,39.62
2024-05-10,4.5999,4.7429,4.5987,4.6503,4.6043,4.7477,4.6033,4.6543,0.004,52.51
2024-05-13,4.639,4.7848,4.614,4.7848,4.6441,4.7894,4.6185,4.7894,0.0046,42.59
2024-05-14,4.7833,5.0233,4.7642,4.9122,4.7881,5.0269,4.7688,4.9168,0.0046,51.77
2024-05-15,4.9115,5.1253,4.8164,4.9311,4.9164,5.1299,4.82,4.9358,0.0047,34.43
2024-05-16,4.9306,5.0178,4.84,4.8774,4.9356,5.0222,4.8438,4.8826,0.0052,28.64
2024-05-17,4.8781,5.0878,4.8465,5.0797,4.8825,5.0913,4.851,5.0838,0.0041,24.13
2024-05-20,5.0894,5.1965,5.0017,5.107,5.0944,5.2008,5.0057,5.1119,0.0049,33.15
2024-05-21,5.107,5.1772,5.011,5.1095,5.1113,5.1809,5.015,5.1139,0.0044,34.25
2024-05-22,5.1086,5.1307,4.7747,4.8085,5.1134,5.1354,4.7793,4.8134,0.0049,36.02
2024-05-23,4.8098,4.8603,4.7409,4.7742,4.8144,4.8639,4.7458,4.7791,0.0049,32.08
2024-05-24,4.7746,4.8206,4.7448,4.7575,4.779,4.8255,4.7485,4.7609,0.0034,23.57
2024-05-27,4.7649,4.8465,4.7491,4.8208,4.7697,4.85,4.7536,4.8253,0.0045,13.16
2024-05-28,4.8215,4.9015,4.7883,4.8655,4.8255,4.9047,4.7928,4.8705,0.005,24.38
2024-05-29,4.866,4.8905,4.7492,4.771,4.8707,4.8955,4.7532,4.7756,0.0046,25.63
2024-05-30,4.7705,4.782,4.6189,4.6557,4.7748,4.7866,4.6228,4.6606,0.0049,25.32
2024-05-31,4.6552,4.6705,4.5691,4.6275,4.6603,4.6753,4.573,4.6312,0.0037,28.18
2024-06-03,4.6305,4.6905,4.5938,4.6813,4.6351,4.6941,4.5985,4.6858,0.0045,27.31
2024-06-04,4.6812,4.6935,4.5254,4.5504,4.6858,4.6983,4.5292,4.5552,0.0048,27.55
2024-06-05,4.5498,4.6335,4.5169,4.62,4.5547,4.6374,4.5208,4.6251,0.0051,25.71
2024-06-06,4.6207,4.686,4.6129,4.6689,4.6256,4.6897,4.6177,4.6736,0.0047,24.21
2024-06-07,4.6684,4.6813,4.445,4.445,4.6734,4.6858,4.4488,4.449,0.004,28.82
2024-06-10,4.4593,4.5624,4.4539,4.5442,4.4643,4.5673,4.4588,4.5493,0.0051,19.41
2024-06-11,4.5442,4.5592,4.4406,4.5154,4.5491,4.5643,4.445,4.5204,0.005,26.59
2024-06-12,4.5155,4.6105,4.5008,4.5173,4.5204,4.6143,4.5056,4.5213,0.004,29.35
2024-06-13,4.5175,4.5595,4.459,4.4737,4.5221,4.5625,4.4625,4.4783,0.0046,25.91
2024-06-14,4.4743,4.5075,4.4389,4.4827,4.4794,4.5119,4.4438,4.4866,0.0039,19.5
2024-06-17,4.4795,4.4798,4.3849,4.4415,4.4841,4.4844,4.3888,4.4465,0.005,16.98
2024-06-18,4.4405,4.4643,4.3666,4.4603,4.4456,4.4692,4.3715,4.4649,0.0046,23.49
2024-06-19,4.4591,4.501,4.4351,4.4703,4.4638,4.5054,4.4398,4.4747,0.0044,13.36
2024-06-20,4.4697,4.5345,4.4619,4.5279,4.4744,4.5381,4.4667,4.5323,0.0044,21.46
2024-06-21,4.5269,4.531,4.4148,4.4159,4.5316,4.5358,4.4178,4.4198,0.0039,24.08
2024-06-24,4.407,4.4505,4.3948,4.4149,4.411,4.4554,4.3995,4.4201,0.0052,21.81
2024-06-25,4.4155,4.4538,4.3554,4.3663,4.4198,4.4587,4.3588,4.3712,0.0049,27.51
2024-06-26,4.3662,4.3977,4.3407,4.3655,4.3708,4.4017,4.344,4.3695,0.004,19.6
2024-06-27,4.3647,4.3915,4.3269,4.3415,4.369,4.3952,4.3315,4.3466,0.0051,22.44
2024-06-28,4.3423,4.4263,4.3319,4.372,4.3466,4.4297,4.3363,4.3753,0.0033,23.96
2024-07-01,4.3759,4.4365,4.3502,4.4083,4.3811,4.4401,4.3548,4.4128,0.0045,21.73
2024-07-02,4.4074,4.4695,4.3884,4.426,4.4123,4.4731,4.3928,4.4308,0.0048,22.15
2024-07-03,4.4255,4.5608,4.4112,4.5292,4.4303,4.5644,4.416,4.5343,0.0051,22.65
2024-07-04,4.5296,4.5831,4.5109,4.559,4.534,4.5866,4.5159,4.563,0.004,14.28
2024-07-05,4.5587,4.6978,4.5542,4.6665,4.5633,4.7022,4.559,4.67,0.0035,29.49
2024-07-08,4.6555,4.6663,4.5863,4.616,4.6604,4.6699,4.5903,4.6206,0.0046,22.57
2024-07-09,4.6158,4.6493,4.5495,4.579,4.6202,4.6536,4.5533,4.5838,0.0048,24.02
2024-07-10,4.5794,4.655,4.5457,4.586,4.5845,4.6589,4.5505,4.5911,0.0051,24.92
2024-07-11,4.5866,4.6225,4.5004,4.522,4.591,4.6275,4.5038,4.5263,0.0043,34.48
2024-07-12,4.5215,4.5997,4.4739,4.5794,4.5259,4.6039,4.4785,4.5836,0.0042,32.43
2024-07-15,4.5649,4.6002,4.4999,4.511,4.5697,4.6049,4.5037,4.5157,0.0047,29.43
2024-07-16,4.5103,4.5228,4.4267,4.4543,4.5151,4.5279,4.4303,4.4588,0.0045,31.81
2024-07-17,4.4536,4.4797,4.399,4.4179,4.458,4.4844,4.403,4.4229,0.005,32.23
2024-07-18,4.4182,4.4258,4.2509,4.2584,4.4228,4.4304,4.2545,4.263,0.0046,37.89
2024-07-19,4.2602,4.2888,4.2269,4.2357,4.2651,4.2936,4.2306,4.2394,0.0037,29.27
2024-07-22,4.251,4.2575,4.1603,4.1893,4.2558,4.2624,4.164,4.1943,0.005,29.85
2024-07-23,4.1895,4.2098,4.1337,4.1486,4.1945,4.2146,4.1373,4.1536,0.005,27.34
2024-07-24,4.1495,4.1747,4.0739,4.086,4.1545,4.179,4.0783,4.0905,0.0045,34.89
2024-07-25,4.09,4.1543,4.0342,4.1111,4.0944,4.1579,4.0383,4.1158,0.0047,36.96
2024-07-26,4.1113,4.153,4.0984,4.1075,4.1161,4.1578,4.1018,4.1112,0.0037,27.28
2024-07-29,4.1249,4.1475,4.0597,4.0828,4.1296,4.1524,4.0633,4.0873,0.0045,26.76
2024-07-30,4.0825,4.0975,4.0302,4.0907,4.0875,4.1024,4.034,4.0954,0.0047,36.32
2024-07-31,4.091,4.2078,4.0844,4.1904,4.0961,4.2116,4.0893,4.1954,0.005,32.24
2024-08-01,4.19,4.2212,4.053,4.0656,4.195,4.2259,4.0563,4.0706,0.005,38.25
2024-08-02,4.066,4.1328,4.0532,4.1261,4.0709,4.1363,4.0578,4.1295,0.0034,35.1
2024-08-05,4.1009,4.1475,3.9284,4.0254,4.1059,4.1524,3.9328,4.03,0.0046,45.91
2024-08-06,4.0259,4.0568,3.9577,3.9984,4.031,4.0614,3.9623,4.0028,0.0044,38.68
2024-08-07,3.9986,4.0138,3.919,3.9324,4.0035,4.0184,3.9238,3.9376,0.0052,35.7
2024-08-08,3.9335,3.983,3.9254,3.9822,3.9378,3.9879,3.93,3.9868,0.0046,34.07
2024-08-09,3.982,4.0465,3.9747,3.982,3.9863,4.0508,3.9795,3.986,0.004,27.87
2024-08-12,3.9773,4.0905,3.9707,4.0685,3.9822,4.0939,3.9757,4.0728,0.0043,26.66
2024-08-13,4.0687,4.0708,4.0101,4.0573,4.0733,4.0753,4.0135,4.0621,0.0048,26.84
2024-08-14,4.056,4.0939,4.0318,4.036,4.0605,4.0977,4.0355,4.0409,0.0049,27.39
2024-08-15,4.0365,4.1675,4.0262,4.1638,4.041,4.1724,4.0308,4.1682,0.0044,30.39
2024-08-16,4.1638,4.1933,4.1234,4.1868,4.1687,4.1972,4.1268,4.1901,0.0033,26.18
2024-08-19,4.1874,4.2372,4.1703,4.2273,4.1924,4.2421,4.175,4.2322,0.0049,24.01
2024-08-20,4.2272,4.241,4.1812,4.1927,4.2318,4.2459,4.1849,4.197,0.0043,29.63
2024-08-21,4.1924,4.2508,4.1762,4.2334,4.1972,4.2544,4.1808,4.2382,0.0048,30.59
2024-08-22,4.2332,4.2523,4.1664,4.18,4.2381,4.2568,4.1703,4.1843,0.0043,32.55
2024-08-23,4.18,4.2595,4.1779,4.2498,4.1851,4.2629,4.1823,4.2537,0.0039,32.75
2024-08-26,4.2418,4.2908,4.2397,4.264,4.2463,4.2954,4.2443,4.268,0.004,24.35
2024-08-27,4.262,4.3161,4.2474,4.2935,4.2669,4.3201,4.2524,4.2984,0.0049,36.83
2024-08-28,4.293,4.2965,4.2034,4.2081,4.298,4.3014,4.207,4.2131,0.005,26.33
2024-08-29,4.2084,4.247,4.1741,4.2113,4.2134,4.2516,4.1785,4.2158,0.0045,32.32
2024-08-30,4.2106,4.2758,4.1986,4.2175,4.2153,4.2806,4.2023,4.2213,0.0038,27.99
2024-09-02,4.2163,4.2193,4.1609,4.1814,4.2206,4.2244,4.1653,4.1863,0.0049,15.08
2024-09-03,4.1817,4.1958,4.0539,4.091,4.186,4.2006,4.0577,4.0958,0.0048,35.53
2024-09-04,4.0907,4.113,4.041,4.0806,4.0957,4.117,4.0453,4.085,0.0044,30.75
2024-09-05,4.0809,4.1673,4.0389,4.1421,4.0859,4.1713,4.0439,4.1468,0.0047,30.56
2024-09-06,4.142,4.1739,4.0603,4.0625,4.1469,4.1776,4.0643,4.0664,0.0039,37.39
2024-09-09,4.0725,4.1573,4.0587,4.136,4.077,4.1624,4.0633,4.1404,0.0044,25.51
2024-09-10,4.1363,4.1569,4.0797,4.1019,4.1406,4.1619,4.0832,4.1068,0.0049,28.97
2024-09-11,4.1018,4.1683,4.0903,4.1635,4.1063,4.1729,4.0952,4.1681,0.0046,34.37
2024-09-12,4.1628,4.2345,4.1543,4.2078,4.1677,4.2394,4.1592,4.2123,0.0045,30.63
2024-09-13,4.2075,4.2479,4.1848,4.2191,4.2123,4.2519,4.1879,4.2225,0.0034,22.79
2024-09-16,4.222,4.3153,4.1928,4.2682,4.226,4.3189,4.1975,4.2728,0.0046,27.14
2024-09-17,4.268,4.3023,4.2509,4.275,4.272,4.3069,4.2545,4.2797,0.0047,24.73
2024-09-18,4.275,4.3418,4.2357,4.2684,4.28,4.3454,4.2403,4.2735,0.0051,32.36
2024-09-19,4.2695,4.3803,4.2389,4.3451,4.2741,4.385,4.2433,4.3498,0.0047,37.09
2024-09-20,4.3457,4.3845,4.3173,4.3314,4.3503,4.3894,4.3213,4.3354,0.004,31.53
2024-09-23,4.326,4.3638,4.2714,4.3438,4.3306,4.3669,4.276,4.3478,0.004,28.71
2024-09-24,4.344,4.5355,4.3377,4.5271,4.3485,4.5403,4.3423,4.5318,0.0047,39.53
2024-09-25,4.5275,4.551,4.4504,4.4877,4.5318,4.5555,4.4548,4.4924,0.0047,35.65
2024-09-26,4.4874,4.6495,4.4727,4.6389,4.4921,4.6531,4.4773,4.644,0.0051,42.8
2024-09-27,4.6396,4.6565,4.575,4.588,4.6446,4.6614,4.5789,4.591,0.003,42.95
2024-09-30,4.6737,4.6888,4.4954,4.5494,4.6783,4.6934,4.4996,4.5538,0.0044,36.39
2024-10-01,4.5493,4.6234,4.5301,4.5701,4.5539,4.6273,4.5348,4.5749,0.0048,27.91
2024-10-02,4.5703,4.6645,4.5546,4.6549,4.5746,4.6693,4.5593,4.6599,0.005,24.69
2024-10-03,4.6558,4.6645,4.5172,4.5468,4.6607,4.6691,4.5208,4.5516,0.0048,27.19
2024-10-04,4.5464,4.6051,4.5339,4.5651,4.5513,4.6089,4.5386,4.5688,0.0037,28.46
2024-10-07,4.5795,4.6015,4.5139,4.5582,4.5835,4.6061,4.5175,4.5625,0.0043,26.86
2024-10-08,4.5584,4.5787,4.4212,4.466,4.563,4.5833,4.4258,4.4706,0.0046,38.43
2024-10-09,4.4652,4.5017,4.3714,4.4075,4.4699,4.5066,4.3753,4.4115,0.004,28.3
2024-10-10,4.4106,4.4521,4.3802,4.4445,4.4153,4.4559,4.3838,4.4491,0.0046,31.04
2024-10-11,4.4438,4.4968,4.4164,4.4922,4.4486,4.5004,4.4211,4.4961,0.0039,26.58
2024-10-14,4.4451,4.4685,4.3832,4.3988,4.4498,4.4735,4.3868,4.4033,0.0045,22.5
2024-10-15,4.3995,4.409,4.328,4.3372,4.4039,4.4139,4.3317,4.3419,0.0047,28.58
2024-10-16,4.3365,4.3928,4.327,4.3675,4.341,4.3971,4.3318,4.3715,0.004,25.68
2024-10-17,4.3673,4.4107,4.291,4.3357,4.3713,4.4153,4.2955,4.3403,0.0046,29.69
2024-10-18,4.3349,4.4108,4.3236,4.3906,4.3395,4.4141,4.3286,4.3943,0.0037,27.28
2024-10-21,4.4037,4.4544,4.3462,4.3553,4.4087,4.4594,4.3495,4.3603,0.005,25.43
2024-10-22,4.3555,4.4048,4.3419,4.3834,4.3595,4.4093,4.3468,4.3883,0.0049,25.68
2024-10-23,4.384,4.3938,4.3085,4.3326,4.3885,4.3986,4.3123,4.337,0.0044,22.61
2024-10-24,4.3325,4.3975,4.321,4.3624,4.337,4.4021,4.3245,4.367,0.0046,25.94
2024-10-25,4.3625,4.387,4.323,4.3677,4.3668,4.3907,4.3275,4.3718,0.0041,24.32
2024-10-28,4.3729,4.3805,4.3309,4.3613,4.3775,4.3851,4.3358,4.3659,0.0046,21.86
2024-10-29,4.3608,4.4273,4.3282,4.3662,4.3653,4.4319,4.3328,4.371,0.0048,28.58
2024-10-30,4.3663,4.3815,4.3232,4.3489,4.3708,4.3859,4.327,4.3539,0.005,26.24
2024-10-31,4.3481,4.3783,4.3255,4.3629,4.3531,4.3822,4.3278,4.3673,0.0044,28.15
2024-11-01,4.363,4.4083,4.3407,4.3461,4.367,4.4119,4.3456,4.3483,0.0022,28.55
2024-11-04,4.3669,4.4465,4.3634,4.4248,4.3718,4.4503,4.3682,4.4299,0.0051,30.78
2024-11-05,4.425,4.4914,4.418,4.4548,4.429,4.4951,4.4228,4.4591,0.0043,30.24
2024-11-06,4.4539,4.4545,4.2245,4.237,4.4583,4.4593,4.2278,4.241,0.004,42.82
2024-11-07,4.2362,4.444,4.2362,4.4286,4.2413,4.4473,4.2408,4.4333,0.0047,34.4
2024-11-08,4.4289,4.4333,4.2907,4.3096,4.4339,4.4382,4.2945,4.3133,0.0037,31.8
2024-11-11,4.3222,4.3298,4.2242,4.2422,4.3273,4.3344,4.2246,4.2471,0.0049,27.52
2024-11-12,4.2428,4.2575,4.1297,4.1414,4.2471,4.2623,4.1348,4.1464,0.005,34.17
2024-11-13,4.1414,4.1637,4.0638,4.0715,4.1464,4.1687,4.0673,4.0755,0.004,40.59
2024-11-14,4.0718,4.0965,3.9992,4.0775,4.0761,4.1001,4.0041,4.0822,0.0047,39.15
2024-11-15,4.0771,4.1695,4.058,4.0612,4.082,4.1743,4.0618,4.0648,0.0036,33.86
2024-11-18,4.0614,4.1338,4.0541,4.1219,4.0662,4.1371,4.0588,4.1263,0.0044,28.18
2024-11-19,4.1217,4.1732,4.086,4.167,4.126,4.1784,4.0905,4.1719,0.0049,36.51
2024-11-20,4.1675,4.1768,4.1347,4.1509,4.172,4.1816,4.1383,4.1553,0.0044,26.3
2024-11-21,4.1514,4.1643,4.0948,4.1455,4.1558,4.1689,4.0985,4.15,0.0045,29.89
2024-11-22,4.1454,4.1596,4.1042,4.1315,4.1504,4.1646,4.1088,4.135,0.0035,28.49
2024-11-25,4.1548,4.1812,4.1099,4.1157,4.1591,4.1859,4.1151,4.1205,0.0048,27.49
2024-11-26,4.1162,4.1765,4.1019,4.1268,4.1205,4.1801,4.1069,4.1313,0.0045,23.82
2024-11-27,4.1266,4.1718,4.118,4.141,4.1314,4.1763,4.1227,4.146,0.005,26.87
2024-11-28,4.1418,4.1575,4.1213,4.1274,4.1464,4.1623,4.1223,4.1326,0.0052,17.51
2024-11-29,4.1278,4.165,4.1252,4.1416,4.1322,4.1696,4.1293,4.1456,0.004,26.26
2024-12-02,4.1245,4.1515,4.0797,4.1472,4.1294,4.1564,4.0843,4.1515,0.0043,27.71
2024-12-03,4.1473,4.2595,4.1099,4.1947,4.1519,4.2631,4.1143,4.199,0.0043,29.38
2024-12-04,4.1945,4.2135,4.1687,4.1965,4.1993,4.2172,4.1722,4.2014,0.0049,27.24
2024-12-05,4.1973,4.2314,4.1733,4.1958,4.2019,4.2362,4.177,4.2002,0.0044,25.66
2024-12-06,4.195,4.2513,4.1792,4.1943,4.1995,4.2548,4.1838,4.1981,0.0038,26.81
2024-12-09,4.2022,4.2943,4.178,4.2585,4.2073,4.2979,4.1825,4.2633,0.0048,33.09
2024-12-10,4.2584,4.277,4.2296,4.2684,4.2631,4.2808,4.2343,4.2734,0.005,26.77
2024-12-11,4.2681,4.3185,4.2318,4.2637,4.2729,4.3232,4.2348,4.2685,0.0048,27.34
2024-12-12,4.2958,4.3078,4.2918,4.3005,4.3007,4.3129,4.2965,4.3045,0.004,0.44
2024-12-13,4.2294,4.2415,4.1822,4.1934,4.2344,4.2452,4.1858,4.1975,0.0041,25.51
2024-12-16,4.1997,4.2173,4.1677,4.1895,4.204,4.2209,4.1723,4.194,0.0045,24.47
2024-12-17,4.1894,4.1958,4.1317,4.1429,4.1941,4.2004,4.1348,4.1473,0.0044,25.08
2024-12-18,4.1425,4.1668,4.0804,4.0832,4.1475,4.1704,4.085,4.088,0.0048,25.29
2024-12-19,4.0835,4.1158,4.0682,4.0777,4.0883,4.1204,4.0718,4.0825,0.0048,33.58
2024-12-20,4.0775,4.1093,4.068,4.0962,4.082,4.1139,4.0727,4.1001,0.0039,33.33
2024-12-23,4.1092,4.1258,4.0737,4.0932,4.1141,4.1304,4.0773,4.098,0.0048,23.27
2024-12-24,4.0933,4.1208,4.0825,4.1011,4.0983,4.1255,4.0868,4.1049,0.0038,15.08
2024-12-25,4.1052,4.1085,4.0997,4.1018,4.1101,4.1131,4.1043,4.1066,0.0048,0.19
2024-12-26,4.1022,4.1433,4.0703,4.1382,4.1068,4.1468,4.075,4.1429,0.0047,16.16
2024-12-27,4.1384,4.1479,4.106,4.1248,4.1434,4.1526,4.1107,4.1288,0.004,21.24
2024-12-30,4.1352,4.146,4.0792,4.0884,4.1401,4.1509,4.083,4.0933,0.0049,22.63
2024-12-31,4.0889,4.0958,4.0057,4.0212,4.0936,4.1003,4.0093,4.0264,0.0052,24.06
2025-01-01,4.0272,4.032,4.0193,4.03,4.0319,4.037,4.0241,4.0343,0.0043,0.37
2025-01-02,4.0297,4.0553,4.0028,4.0258,4.034,4.0601,4.0076,4.0298,0.004,26.69
2025-01-03,4.0257,4.0805,4.0065,4.0745,4.0303,4.0839,4.0113,4.078,0.0035,26.68
2025-01-06,4.0749,4.1985,4.0562,4.148,4.0798,4.2023,4.061,4.1528,0.0048,34.86
2025-01-07,4.1481,4.2109,4.1382,4.1822,4.1525,4.2149,4.1428,4.1868,0.0046,28.76
2025-01-08,4.1829,4.2709,4.166,4.2627,4.1878,4.2751,4.1707,4.2679,0.0052,31.13
2025-01-09,4.2639,4.3478,4.255,4.3064,4.2691,4.3513,4.2599,4.311,0.0046,23.69
2025-01-10,4.3068,4.358,4.2803,4.2893,4.3116,4.3619,4.2838,4.2936,0.0043,33.43
2025-01-13,4.2958,4.3417,4.2846,4.3312,4.301,4.3455,4.2896,4.3357,0.0045,24.83
2025-01-14,4.3303,4.3634,4.309,4.3376,4.3351,4.3684,4.3126,4.3428,0.0052,30.14
2025-01-15,4.338,4.4027,4.3151,4.3959,4.343,4.4065,4.3203,4.4005,0.0046,30.91
2025-01-16,4.3962,4.4444,4.3821,4.427,4.401,4.4493,4.3872,4.4322,0.0052,30.96
2025-01-17,4.4277,4.4674,4.3428,4.3497,4.4323,4.4724,4.347,4.3537,0.004,26.36
2025-01-20,4.3561,4.3791,4.2789,4.3256,4.3609,4.3831,4.2821,4.3308,0.0052,23.91
2025-01-21,4.3253,4.3422,4.2676,4.3274,4.3304,4.3459,4.2727,4.3321,0.0047,34.72
2025-01-22,4.3275,4.3352,4.2791,4.2896,4.3321,4.3397,4.2829,4.2939,0.0043,21.82
2025-01-23,4.2895,4.3342,4.2369,4.3231,4.2934,4.3374,4.2414,4.3279,0.0048,18.71
2025-01-24,4.3232,4.387,4.3065,4.3096,4.3273,4.3917,4.3099,4.3132,0.0036,26.52
2025-01-27,4.2877,4.297,4.2209,4.2434,4.2918,4.3002,4.2244,4.2473,0.0039,22.02
2025-01-28,4.2435,4.2742,4.2393,4.2452,4.2481,4.2786,4.2426,4.2495,0.0043,18.24
2025-01-29,4.2452,4.3087,4.2025,4.293,4.2493,4.3119,4.2069,4.2971,0.0041,18.16
2025-01-30,4.293,4.3436,4.2584,4.314,4.2969,4.347,4.2629,4.3181,0.0041,14.8
2025-01-31,4.3132,4.317,4.2559,4.2714,4.3178,4.3212,4.2595,4.2749,0.0035,15.81
2025-02-03,4.2334,4.3367,4.1815,4.3232,4.2373,4.3411,4.1861,4.3279,0.0047,25.69
2025-02-04,4.3232,4.371,4.3043,4.3576,4.3268,4.3739,4.3086,4.3621,0.0045,16.63
2025-02-05,4.358,4.5019,4.3416,4.4647,4.3624,4.5062,4.3449,4.4683,0.0036,20.11
2025-02-06,4.4647,4.5075,4.4093,4.4594,4.4688,4.5116,4.4129,4.4633,0.0039,16.25
2025-02-07,4.4593,4.6067,4.4584,4.5936,4.4637,4.61,4.4626,4.597,0.0034,21.12
2025-02-10,4.5978,4.7129,4.5792,4.679,4.6023,4.7163,4.5834,4.6835,0.0045,19.91
2025-02-11,4.6797,4.696,4.5391,4.5961,4.6839,4.7002,4.5427,4.6007,0.0046,23.55
2025-02-12,4.5964,4.7112,4.5736,4.6929,4.6012,4.7142,4.5782,4.6968,0.0039,20.76
2025-02-13,4.693,4.8302,4.6811,4.8201,4.6972,4.8343,4.6851,4.8244,0.0043,20.34
2025-02-14,4.8203,4.8827,4.6821,4.6862,4.8243,4.8869,4.6857,4.6894,0.0032,21.44
2025-02-17,4.6947,4.717,4.636,4.6438,4.6986,4.7212,4.6401,4.6478,0.004,11.62
2025-02-18,4.6436,4.6627,4.5926,4.6334,4.6481,4.6669,4.5959,4.6379,0.0045,18.98
2025-02-19,4.634,4.6607,4.6015,4.6112,4.6376,4.6649,4.6052,4.6155,0.0043,14.73
2025-02-20,4.6117,4.6887,4.5961,4.6609,4.6153,4.6919,4.6006,4.6654,0.0045,17.51
2025-02-21,4.6612,4.6622,4.5872,4.5894,4.6658,4.6665,4.5904,4.5923,0.0029,22.93
2025-02-24,4.602,4.625,4.5466,4.549,4.6059,4.6294,4.5511,4.5535,0.0045,19.45
2025-02-25,4.5489,4.7107,4.5146,4.7063,4.5533,4.7152,4.5182,4.7108,0.0045,22.29
2025-02-26,4.7056,4.7474,4.5621,4.5782,4.7102,4.7516,4.5658,4.5828,0.0046,16.87
2025-02-27,4.5781,4.6672,4.5473,4.5892,4.5827,4.6707,4.5508,4.5933,0.0041,22.23
2025-02-28,4.5895,4.5935,4.5107,4.5611,4.594,4.5976,4.5142,4.5643,0.0032,16.7
2025-03-03,4.5892,4.652,4.5344,4.6013,4.5937,4.6551,4.5386,4.6056,0.0043,55.81
2025-03-04,4.601,4.6097,4.5201,4.5733,4.605,4.6142,4.5233,4.5776,0.0043,22.63
2025-03-05,4.5729,4.8232,4.5446,4.8096,4.5777,4.8267,4.5491,4.8138,0.0042,22.03
2025-03-06,4.81,4.8498,4.7329,4.7752,4.8139,4.8533,4.7375,4.7796,0.0044,18.75
2025-03-07,4.7743,4.7937,4.6789,4.711,4.7783,4.798,4.6823,4.7144,0.0034,21.75
2025-03-10,4.7026,4.7313,4.6286,4.6396,4.7072,4.7356,4.6321,4.6444,0.0048,19.33
2025-03-11,4.6401,4.803,4.6234,4.7914,4.6446,4.8063,4.6276,4.7956,0.0042,22.27
2025-03-12,4.7916,4.9017,4.7736,4.8515,4.7961,4.9052,4.7778,4.8554,0.0039,18.5
2025-03-13,4.8515,4.947,4.7946,4.9318,4.8559,4.9509,4.7994,4.9358,0.004,16.72
2025-03-14,4.9312,4.9555,4.8695,4.8809,4.9354,4.9596,4.8721,4.8845,0.0036,13.55
2025-03-17,4.8774,4.9817,4.8728,4.9717,4.8819,4.9849,4.8773,4.9762,0.0045,13.92
2025-03-18,4.9721,5.0232,4.9539,4.9996,4.9761,5.0266,4.9583,5.0042,0.0046,13.69
2025-03-19,5.0006,5.1255,4.9946,5.1242,5.0046,5.1294,4.9989,5.1285,0.0043,13.93
2025-03-20,5.1243,5.1464,5.0562,5.1114,5.1288,5.1504,5.0588,5.1156,0.0042,13.76
2025-03-21,5.1113,5.1355,5.0264,5.1022,5.1157,5.14,5.0293,5.1053,0.0031,13.79
2025-03-24,5.1239,5.1827,5.0729,5.0804,5.1285,5.1867,5.0764,5.0852,0.0048,15.84
2025-03-25,5.0808,5.2342,5.0745,5.2282,5.0852,5.2382,5.0791,5.2325,0.0043,13.87
2025-03-26,5.2283,5.3707,5.2206,5.2414,5.2329,5.3753,5.2248,5.2457,0.0043,14.59
2025-03-27,5.241,5.2697,5.0872,5.1151,5.2451,5.2739,5.0906,5.1194,0.0043,16.46
2025-03-28,5.1144,5.1651,5.0602,5.1061,5.1186,5.1689,5.0647,5.1094,0.0033,19.35
2025-03-31,5.1276,5.1302,4.9851,5.0477,5.1322,5.1339,4.9883,5.0524,0.0047,19.94
2025-04-01,5.0485,5.114,5.0038,5.0377,5.053,5.118,5.0068,5.0421,0.0044,18.88
2025-04-02,5.0385,5.1414,4.8312,4.9147,5.0432,5.1459,4.8358,4.9192,0.0045,17.66
2025-04-03,4.9151,4.959,4.802,4.8175,4.9198,4.9629,4.8061,4.8221,0.0046,27.0
2025-04-04,4.8179,4.8192,4.3702,4.3871,4.8218,4.8237,4.3733,4.3909,0.0038,40.86
2025-04-07,4.1735,4.4605,4.1064,4.2907,4.1782,4.4644,4.1106,4.2946,0.0039,40.04
2025-04-08,4.2896,4.3625,4.0361,4.069,4.2939,4.3667,4.0408,4.0737,0.0047,27.01
2025-04-09,4.07,4.4698,4.0674,4.402,4.0747,4.4743,4.0719,4.4067,0.0047,25.62
2025-04-10,4.402,4.4562,4.3131,4.3721,4.406,4.4604,4.3166,4.3768,0.0047,28.86
2025-04-11,4.3716,4.5636,4.3264,4.552,4.3762,4.567,4.3306,4.5555,0.0035,24.61
2025-04-14,4.5652,4.6853,4.5198,4.6526,4.5698,4.6888,4.5242,4.6571,0.0045,16.18
2025-04-15,4.653,4.6646,4.535,4.6627,4.6571,4.6692,4.5383,4.6668,0.0041,16.89
2025-04-16,4.6615,4.7472,4.5913,4.7332,4.666,4.7504,4.5957,4.7373,0.0041,18.63
2025-04-17,4.7322,4.8,4.6163,4.7556,4.7369,4.8034,4.6201,4.7603,0.0047,17.03
2025-04-21,4.7437,4.8544,4.7405,4.791,4.7479,4.8589,4.7448,4.7951,0.0041,15.09
2025-04-22,4.7907,4.9407,4.7664,4.9349,4.7949,4.9443,4.7708,4.9393,0.0044,23.05
2025-04-23,4.9351,4.9812,4.8721,4.8816,4.9396,4.9855,4.8753,4.8861,0.0045,25.71
2025-04-24,4.8812,4.945,4.8587,4.934,4.8856,4.9491,4.8631,4.9384,0.0044,18.28
2025-04-25,4.9345,4.9412,4.7882,4.8989,4.939,4.9452,4.7926,4.9023,0.0034,17.35
2025-04-28,4.875,4.915,4.8234,4.8991,4.8794,4.9184,4.8278,4.9039,0.0048,11.03
2025-04-29,4.8997,4.9615,4.8422,4.8588,4.9043,4.9662,4.8456,4.8631,0.0043,12.34
2025-04-30,4.8594,4.8617,4.5229,4.6202,4.8633,4.8662,4.5266,4.6245,0.0043,21.21
2025-05-01,4.6206,4.6814,4.5954,4.6308,4.6251,4.6848,4.5996,4.6348,0.004,12.1
2025-05-02,4.6311,4.7407,4.615,4.6944,4.6356,4.744,4.6196,4.6976,0.0032,13.14
2025-05-05,4.672,4.7635,4.6611,4.6926,4.6765,4.7669,4.6653,4.6972,0.0046,9.96
2025-05-06,4.6922,4.8049,4.6697,4.7914,4.6967,4.8096,4.6741,4.7961,0.0047,17.5
2025-05-07,4.7904,4.7937,4.6112,4.6341,4.7946,4.7979,4.6146,4.6389,0.0048,18.23
2025-05-08,4.6345,4.6746,4.5407,4.59,4.6386,4.6794,4.5448,4.5946,0.0046,16.0
2025-05-09,4.5894,4.7369,4.4754,4.6507,4.5942,4.7412,4.4796,4.6536,0.0029,15.19
2025-05-12,4.6995,4.7152,4.5895,4.6262,4.704,4.7192,4.5929,4.6306,0.0044,15.04
2025-05-13,4.6268,4.7302,4.6031,4.7117,4.6312,4.7332,4.6073,4.7156,0.0039,13.04
2025-05-14,4.712,4.7352,4.6292,4.6393,4.7161,4.7394,4.6293,4.6438,0.0045,12.69
2025-05-15,4.6387,4.7055,4.5692,4.6917,4.6428,4.7089,4.5736,4.6953,0.0036,13.62
2025-05-16,4.6907,4.6923,4.5701,4.59,4.6946,4.6966,4.5716,4.5935,0.0035,12.45
2025-05-19,4.5922,4.6745,4.5588,4.6633,4.5968,4.6777,4.5628,4.6676,0.0043,15.55
2025-05-20,4.6639,4.6867,4.5831,4.6806,4.6681,4.6912,4.5877,4.6852,0.0046,12.51
2025-05-21,4.6802,4.7102,4.6477,4.6567,4.6843,4.7147,4.6512,4.6609,0.0042,13.71
2025-05-22,4.657,4.7415,4.5692,4.676,4.6616,4.7457,4.5734,4.6799,0.0039,14.02
2025-05-23,4.676,4.8872,4.6274,4.8619,4.6805,4.8907,4.6309,4.8653,0.0034,14.72
2025-05-26,4.8493,4.8847,4.8154,4.8308,4.8539,4.8889,4.8186,4.8352,0.0044,6.88
2025-05-27,4.8298,4.8531,4.7284,4.7428,4.8341,4.8573,4.7313,4.7474,0.0046,12.5
2025-05-28,4.7423,4.7673,4.6491,4.679,4.7466,4.7719,4.6539,4.6832,0.0042,11.97
2025-05-29,4.6788,4.7437,4.6571,4.6633,4.6834,4.747,4.6601,4.6677,0.0044,11.31
2025-05-30,4.663,4.7257,4.6439,4.7009,4.6671,4.7286,4.6483,4.7038,0.0029,12.23
2025-06-02,4.771,4.9466,4.7681,4.8477,4.7754,4.9514,4.7726,4.8522,0.0045,13.6
2025-06-03,4.8466,4.8672,4.7166,4.8587,4.8511,4.8717,4.7209,4.8627,0.004,12.19
2025-06-04,4.8595,4.9142,4.8414,4.8921,4.8636,4.9177,4.8429,4.8967,0.0046,9.34
2025-06-05,4.8928,5.0589,4.88,4.9183,4.8972,5.0622,4.8818,4.9223,0.004,15.18
2025-06-06,4.9179,4.947,4.8208,4.8305,4.9222,4.9509,4.8241,4.8331,0.0026,12.41
2025-06-09,4.8423,4.9377,4.822,4.8957,4.8463,4.9414,4.8267,4.9,0.0043,11.23
2025-06-10,4.8947,4.9247,4.8494,4.8905,4.8991,4.9281,4.8541,4.8945,0.004,11.88
2025-06-11,4.8904,4.9112,4.7746,4.8156,4.8951,4.9158,4.7793,4.8198,0.0042,15.17
2025-06-12,4.8167,4.8532,4.7624,4.8501,4.8208,4.8571,4.7669,4.8547,0.0046,12.43
2025-06-13,4.8497,4.852,4.7071,4.7504,4.854,4.8562,4.7117,4.7539,0.0035,16.98
2025-06-16,4.7831,4.8627,4.7706,4.8013,4.7876,4.8667,4.7751,4.8055,0.0042,12.51
2025-06-17,4.8019,4.849,4.7767,4.8481,4.8067,4.8534,4.7781,4.8529,0.0048,14.66
2025-06-18,4.8501,4.9185,4.8413,4.9041,4.8546,4.9217,4.8453,4.9087,0.0046,13.5
2025-06-19,4.9047,4.9182,4.8271,4.8638,4.9094,4.9226,4.8306,4.8683,0.0045,9.07
2025-06-20,4.8636,4.9226,4.7957,4.8829,4.8679,4.9259,4.7996,4.8867,0.0038,12.38
2025-06-23,4.8641,4.9698,4.8417,4.9322,4.8684,4.9728,4.846,4.9361,0.0039,14.66
2025-06-24,4.9326,4.9985,4.8944,4.9447,4.9373,5.0032,4.8976,4.9488,0.0041,17.69
2025-06-25,4.9445,4.9864,4.9241,4.9802,4.9489,4.9908,4.9286,4.9838,0.0036,10.71
2025-06-26,4.9793,5.1529,4.9684,5.1259,4.9838,5.1571,4.9728,5.1301,0.0042,14.26
2025-06-27,5.1251,5.1436,5.0208,5.1214,5.1293,5.1482,5.0241,5.1246,0.0032,15.29
2025-06-30,5.112,5.1365,5.0611,5.1059,5.1165,5.1407,5.0641,5.1107,0.0048,10.69
2025-07-01,5.1065,5.1904,5.0735,5.1015,5.1109,5.1941,5.0776,5.1057,0.0042,12.75
2025-07-02,5.1007,5.2105,5.0746,5.1911,5.1051,5.2137,5.0788,5.1954,0.0043,12.41
2025-07-03,5.1917,5.2017,5.1199,5.1395,5.1957,5.2053,5.1232,5.1435,0.004,11.45
2025-07-04,5.1397,5.1432,5.0317,5.0619,5.1441,5.1472,5.0362,5.0654,0.0035,7.04
2025-07-07,5.0701,5.0719,4.9857,5.0141,5.0746,5.0767,4.9897,5.0184,0.0043,11.41
2025-07-08,5.0136,5.8912,4.9711,5.4797,5.0178,5.8949,4.9743,5.4853,0.0056,17.06
2025-07-09,5.4801,5.7278,5.4246,5.5407,5.4852,5.7321,5.4283,5.5446,0.0039,16.4
2025-07-10,5.5404,5.6793,5.5391,5.6264,5.5449,5.6854,5.5434,5.631,0.0046,10.6
2025-07-11,5.6257,5.6325,5.4709,5.5814,5.6304,5.6356,5.4753,5.5852,0.0038,15.18
2025-07-14,5.5881,5.6002,5.4589,5.528,5.5923,5.6044,5.4624,5.5327,0.0047,10.14
2025-07-15,5.5277,5.6107,5.4914,5.5299,5.5321,5.6143,5.4957,5.5344,0.0045,11.16
2025-07-16,5.5299,5.5659,5.4667,5.514,5.5343,5.5694,5.4702,5.5182,0.0042,10.67
2025-07-17,5.5131,5.5269,5.4724,5.5041,5.5178,5.5313,5.4756,5.5084,0.0043,8.51
2025-07-18,5.5042,5.6132,5.5036,5.581,5.5086,5.6163,5.5081,5.5839,0.0029,10.32
2025-07-21,5.5755,5.6649,5.5631,5.6271,5.5795,5.6697,5.5673,5.6317,0.0046,8.2
2025-07-22,5.6276,5.7705,5.5783,5.7586,5.6321,5.7744,5.5826,5.7632,0.0046,12.3
2025-07-23,5.7584,5.9282,5.7207,5.8372,5.7629,5.9308,5.7248,5.8418,0.0046,13.65
2025-07-24,5.8377,5.956,5.7846,5.8261,5.8418,5.9601,5.7881,5.8305,0.0044,11.55
2025-07-25,5.8266,5.8347,5.742,5.8021,5.8306,5.8389,5.7451,5.8057,0.0036,9.98
2025-07-28,5.8149,5.8292,5.4287,5.6117,5.8194,5.8334,5.4318,5.6161,0.0044,13.01
2025-07-29,5.611,5.674,5.5616,5.6566,5.6154,5.6779,5.5658,5.6612,0.0046,10.47
2025-07-30,5.6563,5.8128,4.5022,4.6381,5.6606,5.8164,4.5056,4.6426,0.0045,17.92
2025-07-31,4.6375,4.6375,4.3309,4.427,4.6415,4.6415,4.3357,4.4316,0.0046,22.45
2025-08-01,4.4259,4.4484,4.3627,4.4407,4.4298,4.4517,4.3666,4.4442,0.0035,13.1
2025-08-04,4.4491,4.4776,4.3992,4.4617,4.4537,4.4821,4.4033,4.4657,0.004,8.53
2025-08-05,4.4602,4.4691,4.3712,4.3907,4.4638,4.4735,4.3743,4.3947,0.004,9.39
2025-08-06,4.3899,4.4337,4.3794,4.4118,4.3944,4.4368,4.3841,4.4158,0.004,6.87
2025-08-07,4.4125,4.447,4.391,4.4214,4.4167,4.4501,4.3942,4.4259,0.0045,7.45
2025-08-08,4.4209,4.4892,4.3994,4.4828,4.4254,4.4926,4.4036,4.4864,0.0036,7.33
2025-08-11,4.4617,4.4795,4.4254,4.4536,4.4664,4.4837,4.4301,4.4576,0.004,8.08
2025-08-12,4.4534,4.5367,4.4515,4.5087,4.4576,4.5402,4.4556,4.5132,0.0045,10.82
2025-08-13,4.5089,4.5422,4.4841,4.5037,4.5131,4.5467,4.4871,4.5079,0.0042,7.77
2025-08-14,4.5022,4.5592,4.4485,4.551,4.5064,4.5628,4.4515,4.5554,0.0044,8.01
2025-08-15,4.5504,4.578,4.5269,4.5491,4.5546,4.5811,4.5311,4.5521,0.003,7.67
2025-08-18,4.5445,4.5652,4.5138,4.5381,4.5491,4.5696,4.5168,4.5427,0.0046,7.91
2025-08-19,4.5381,4.5552,4.4853,4.4961,4.5426,4.5597,4.4886,4.5007,0.0046,8.7
2025-08-20,4.4956,4.5151,4.4794,4.505,4.5002,4.5182,4.4833,4.5094,0.0044,9.17
2025-08-21,4.5053,4.522,4.4789,4.5206,4.5096,4.5262,4.4831,4.5253,0.0047,10.73
2025-08-22,4.5196,4.5467,4.4955,4.5292,4.5243,4.5501,4.4989,4.5329,0.0037,9.88
2025-08-25,4.5335,4.5695,4.5219,4.5365,4.5377,4.5727,4.5261,4.5401,0.0036,6.59
2025-08-26,4.5374,4.5565,4.5011,4.5396,4.5419,4.5611,4.5054,4.5438,0.0042,8.88
2025-08-27,4.5388,4.5432,4.4476,4.496,4.5428,4.5474,4.4513,4.5001,0.0041,11.69
2025-08-28,4.4959,4.5525,4.4824,4.5447,4.4998,4.5555,4.4868,4.5492,0.0045,10.12
2025-08-29,4.5436,4.5922,4.5384,4.5834,4.5481,4.5954,4.5428,4.5872,0.0038,10.91
2025-09-01,4.5821,4.6107,4.5689,4.5802,4.5863,4.6143,4.5721,4.5847,0.0045,7.1
2025-09-02,4.5795,4.6511,4.5393,4.6474,4.5841,4.6555,4.5423,4.6519,0.0045,13.03
2025-09-03,4.6477,4.6723,4.6019,4.6152,4.6522,4.6767,4.6036,4.6197,0.0045,9.39
2025-09-04,4.6152,4.6162,4.5496,4.5687,4.6196,4.6204,4.5538,4.5731,0.0044,10.81
2025-09-05,4.5679,4.6185,4.5349,4.5412,4.5724,4.6214,4.5382,4.5444,0.0032,12.02
2025-09-08,4.5506,4.5763,4.5446,4.5658,4.5553,4.5808,4.5476,4.5698,0.004,7.99
2025-09-09,4.563,4.5875,4.5471,4.5647,4.567,4.5918,4.5506,4.5689,0.0042,9.59
2025-09-10,4.5648,4.6242,4.5611,4.6076,4.5693,4.6274,4.5656,4.6116,0.004,9.9
2025-09-11,4.6092,4.6822,4.5959,4.6765,4.6133,4.6854,4.5998,4.6806,0.0041,10.66
2025-09-12,4.6747,4.697,4.6417,4.6456,4.6789,4.7014,4.6446,4.6493,0.0037,10.8
2025-09-15,4.6477,4.7247,4.6373,4.7175,4.6513,4.7278,4.6416,4.7215,0.004,8.64
2025-09-16,4.7159,4.7187,4.6781,4.6967,4.7206,4.7227,4.6823,4.7014,0.0047,10.19
2025-09-17,4.6964,4.698,4.582,4.6257,4.7007,4.7024,4.5851,4.6296,0.0039,14.08
2025-09-18,4.6246,4.6257,4.5747,4.5922,4.6288,4.6296,4.5778,4.5961,0.0039,9.69
2025-09-19,4.5925,4.641,4.5871,4.6304,4.5969,4.6442,4.5916,4.6337,0.0033,7.65
2025-09-22,4.6365,4.6522,4.5972,4.6477,4.641,4.6564,4.6006,4.6519,0.0042,11.13
2025-09-23,4.6477,4.6504,4.6131,4.6385,4.652,4.6547,4.6178,4.643,0.0045,10.11
2025-09-24,4.6391,4.8426,4.5937,4.8172,4.6437,4.8464,4.5973,4.8213,0.0041,15.06
2025-09-25,4.8167,4.9365,4.7467,4.7752,4.8206,4.9406,4.7501,4.7788,0.0036,15.61
2025-09-26,4.7746,4.7985,4.7121,4.7632,4.7792,4.8028,4.7153,4.7666,0.0034,10.93
2025-09-29,4.8069,4.919,4.7989,4.9015,4.8117,4.9223,4.8023,4.9056,0.0041,9.41
2025-09-30,4.9015,4.9115,4.8184,4.8746,4.9062,4.9154,4.8216,4.8792,0.0046,13.87
2025-10-01,4.8739,4.9025,4.817,4.8812,4.8784,4.9062,4.8201,4.8857,0.0045,10.75
2025-10-02,4.8809,4.9876,4.8507,4.9557,4.8852,4.9911,4.8549,4.96,0.0043,14.4
2025-10-03,4.956,5.1192,4.9384,5.083,4.96,5.1222,4.9427,5.0867,0.0037,12.85
2025-10-06,5.0817,5.122,5.0139,5.0484,5.0856,5.1262,5.0174,5.0529,0.0045,11.75
2025-10-07,5.0477,5.1362,5.0302,5.0984,5.0522,5.1397,5.0346,5.1032,0.0048,14.6
2025-10-08,5.0985,5.1509,5.0381,5.056,5.1026,5.1553,5.0426,5.0606,0.0046,11.15
2025-10-09,5.0554,5.2591,5.0405,5.1579,5.0601,5.2627,5.0446,5.1622,0.0043,19.57
2025-10-10,5.1579,5.1775,4.8204,4.8436,5.1627,5.1804,4.8241,4.847,0.0034,23.94
2025-10-13,4.9784,5.1775,4.9574,5.1596,4.983,5.1808,4.9622,5.1639,0.0043,24.53
2025-10-14,5.1598,5.166,4.9299,5.0099,5.1638,5.1702,4.9338,5.0144,0.0045,24.34
2025-10-15,5.0085,5.0767,4.9447,4.9653,5.0124,5.0807,4.9479,4.9698,0.0045,16.79
2025-10-16,4.965,5.0151,4.9287,4.9781,4.9694,5.0185,4.9328,4.9826,0.0045,17.98
2025-10-17,4.9766,5.0194,4.8822,4.9964,4.9809,5.024,4.8867,5.0001,0.0037,23.48
2025-10-20,4.9832,5.0727,4.9687,5.0525,4.9872,5.0773,4.9731,5.0565,0.004,15.45
2025-10-21,5.0507,5.0604,4.9247,4.9337,5.0549,5.0649,4.9276,4.9381,0.0044,18.96
2025-10-22,4.9366,5.0137,4.9126,4.9854,4.9414,5.0174,4.9172,4.9901,0.0047,18.39
2025-10-23,4.9841,5.1162,4.9772,5.0959,4.9887,5.1194,4.9806,5.1004,0.0045,15.33
2025-10-24,5.096,5.1497,5.0658,5.1156,5.0996,5.1539,5.0694,5.1188,0.0032,13.94
2025-10-27,5.204,5.237,5.1129,5.1565,5.2086,5.2412,5.1165,5.1606,0.0041,15.28
2025-10-28,5.1564,5.1825,5.0845,5.1749,5.1608,5.1861,5.0886,5.1788,0.0039,14.67
2025-10-29,5.1732,5.277,5.1469,5.201,5.1778,5.2802,5.1511,5.2057,0.0047,17.06
2025-10-30,5.2017,5.2311,5.0414,5.1091,5.2059,5.2355,5.0446,5.1131,0.004,21.44
2025-10-31,5.1084,5.1267,5.0464,5.1127,5.113,5.13,5.0506,5.1159,0.0032,14.69
2025-11-03,5.1067,5.1195,5.0276,5.0484,5.1108,5.1234,5.0312,5.0523,0.0039,13.09
2025-11-04,5.049,5.0632,4.9051,4.9182,5.0532,5.0677,4.9098,4.9225,0.0043,19.68
2025-11-05,4.9182,5.0021,4.892,4.9894,4.9223,5.0054,4.8956,4.9938,0.0044,15.54
2025-11-06,4.9895,5.0334,4.9509,4.979,4.9939,5.038,4.9536,4.9831,0.0041,12.39
2025-11-07,4.9784,5.0059,4.951,4.9556,4.9823,5.0104,4.9543,4.9588,0.0032,11.51
2025-11-10,4.9822,5.1177,4.9772,5.0909,4.9861,5.1209,4.9814,5.0955,0.0046,11.76
2025-11-11,5.0924,5.1015,5.0511,5.0687,5.0969,5.1056,5.0546,5.0723,0.0036,10.9
2025-11-12,5.0692,5.1485,5.0315,5.0827,5.0731,5.1517,5.0357,5.0868,0.0041,12.85
2025-11-13,5.0831,5.1607,5.0359,5.127,5.0875,5.1642,5.0395,5.131,0.004,16.99
2025-11-14,5.1277,5.1617,5.0731,5.1213,5.1324,5.1661,5.0764,5.1248,0.0035,17.48
2025-11-17,5.1207,5.1282,5.0352,5.0622,5.1253,5.1324,5.0383,5.0661,0.0039,13.26
2025-11-18,5.0613,5.0812,5.0234,5.0377,5.0658,5.0843,5.0263,5.042,0.0043,25.25
2025-11-19,5.0374,5.1289,5.0261,5.1261,5.0419,5.1332,5.0306,5.1307,0.0046,19.52
2025-11-20,5.1262,5.1312,5.0234,5.0387,5.1304,5.1356,5.0266,5.0429,0.0042,23.79
2025-11-21,5.0379,5.102,4.993,5.0762,5.0421,5.1056,4.9971,5.0791,0.0029,31.08
2025-11-24,5.0921,5.0992,5.0444,5.0817,5.0964,5.1034,5.0478,5.0853,0.0036,15.98
2025-11-25,5.0807,5.1898,5.0774,5.1024,5.0852,5.1934,5.0817,5.1063,0.0039,15.32
2025-11-26,5.103,5.2077,5.1024,5.2055,5.1066,5.2122,5.1066,5.2099,0.0044,15.13
2025-11-27,5.2062,5.2075,5.131,5.1657,5.2102,5.2121,5.1341,5.1699,0.0042,8.08
2025-11-28,5.1659,5.3061,5.1634,5.2739,5.1702,5.3097,5.1676,5.2776,0.0037,5.15
2025-12-01,5.3096,5.3585,5.2292,5.2531,5.3143,5.3617,5.2335,5.2578,0.0047,18.73
2025-12-02,5.2541,5.3145,5.2218,5.2612,5.2587,5.3175,5.2261,5.2658,0.0046,17.81
2025-12-03,5.262,5.4347,5.2534,5.3876,5.2659,5.4381,5.2577,5.3922,0.0046,21.05
2025-12-04,5.3885,5.4237,5.3104,5.353,5.3926,5.428,5.3146,5.3572,0.0042,17.95
2025-12-05,5.3527,5.4876,5.3429,5.4522,5.3568,5.4922,5.3471,5.4548,0.0026,21.93
2025-12-08,5.4446,5.4909,5.3936,5.4302,5.4488,5.4954,5.3972,5.4347,0.0045,19.44
2025-12-09,5.4304,5.4387,5.3122,5.3245,5.4349,5.4429,5.3153,5.3287,0.0042,22.18
2025-12-10,5.3234,5.4209,5.3234,5.402,5.3281,5.4254,5.3278,5.4056,0.0036,21.09
2025-12-11,5.4022,5.5144,5.3577,5.483,5.4061,5.5179,5.3621,5.4866,0.0036,21.62
2025-12-12,5.4822,5.5291,5.288,5.3564,5.4869,5.5323,5.2881,5.3598,0.0034,30.65
2025-12-15,5.3475,5.5192,5.3434,5.401,5.3522,5.5234,5.3481,5.4055,0.0045,21.66
2025-12-16,5.4014,5.4072,5.3156,5.3647,5.406,5.4112,5.32,5.3692,0.0045,24.96
2025-12-17,5.365,5.4637,5.3616,5.4229,5.3692,5.4669,5.3661,5.4272,0.0043,28.92
2025-12-18,5.4227,5.463,5.3788,5.4234,5.4269,5.4659,5.3831,5.4276,0.0042,26.32
2025-12-19,5.4229,5.5638,5.4034,5.4822,5.4275,5.5672,5.4076,5.4851,0.0029,21.81
2025-12-22,5.4971,5.5512,5.4796,5.5112,5.5017,5.5557,5.4826,5.5158,0.0046,19.44
2025-12-23,5.5114,5.6197,5.4815,5.5848,5.5156,5.6232,5.4859,5.5894,0.0046,24.79
2025-12-24,5.5854,5.6622,5.5291,5.5699,5.5896,5.6668,5.5326,5.5731,0.0032,22.13
2025-12-25,5.6767,5.6998,5.6682,5.6866,5.6803,5.7043,5.6723,5.6913,0.0047,0.63
2025-12-26,5.6876,5.887,5.6874,5.8492,5.6921,5.8902,5.6916,5.8524,0.0032,24.68
2025-12-29,5.8492,5.9212,5.5389,5.5734,5.8534,5.9254,5.5431,5.5782,0.0048,37.27
2025-12-30,5.5731,5.7941,5.5681,5.7219,5.5773,5.7976,5.5723,5.7266,0.0047,28.76
2025-12-31,5.7224,5.7761,5.6354,5.692,5.7263,5.7802,5.6396,5.6965,0.0045,22.48
2026-01-01,5.692,5.756,5.692,5.7533,5.6965,5.7606,5.6965,5.7573,0.004,0.37
2026-01-02,5.7538,5.7552,5.6667,5.6961,5.7581,5.7597,5.6701,5.6991,0.003,17.06
2026-01-05,5.7185,6.0055,5.718,5.9651,5.7231,6.009,5.7221,5.9694,0.0043,29.17
2026-01-06,5.9656,6.1107,5.9496,6.0582,5.9702,6.1148,5.9541,6.0629,0.0047,31.76
2026-01-07,6.0586,6.067,5.8389,5.8705,6.0631,6.0715,5.8431,5.8752,0.0047,32.02
2026-01-08,5.8712,5.9262,5.6971,5.8018,5.8756,5.9304,5.7003,5.8061,0.0043,33.44
2026-01-09,5.8016,5.9361,5.7357,5.8895,5.8061,5.9395,5.7399,5.8921,0.0026,28.06
2026-01-12,5.9369,6.0677,5.9273,5.9908,5.9414,6.0708,5.9306,5.9954,0.0046,30.74
2026-01-13,5.9911,6.0917,5.9451,6.0122,5.9956,6.0949,5.9496,6.0164,0.0042,30.53
2026-01-14,6.0122,6.1519,6.0111,6.0531,6.0163,6.1564,6.0143,6.0577,0.0046,33.41
2026-01-15,6.0537,6.0657,5.9061,5.9853,6.0581,6.07,5.9098,5.9899,0.0046,31.66
2026-01-16,5.9852,6.0225,5.7701,5.8472,5.9891,6.0266,5.7736,5.8507,0.0035,31.31
2026-01-19,5.8975,5.936,5.8315,5.8942,5.902,5.9392,5.8354,5.8984,0.0042,19.83
2026-01-20,5.8943,5.902,5.7422,5.8269,5.8989,5.9061,5.7453,5.8313,0.0044,27.88
2026-01-21,5.8265,5.8936,5.7332,5.7747,5.8309,5.8979,5.7364,5.7791,0.0044,31.73
2026-01-22,5.775,5.8163,5.694,5.8068,5.779,5.8197,5.6984,5.8108,0.004,24.03
2026-01-23,5.8057,5.9652,5.7877,5.9357,5.8098,5.9684,5.7916,5.9383,0.0026,28.49
2026-01-26,5.9795,6.032,5.8865,5.9112,5.9841,6.0356,5.8906,5.9156,0.0044,35.18
2026-01-27,5.9115,5.964,5.8081,5.9483,5.9156,5.9681,5.8111,5.9523,0.004,31.64
2026-01-28,5.9477,6.0277,5.8957,6.0081,5.9524,6.0318,5.8988,6.0127,0.0046,33.65
2026-01-29,6.0084,6.582,5.9531,6.348,6.0132,6.5852,5.9576,6.3516,0.0036,68.16
2026-01-30,6.3463,6.3842,5.765,5.9642,6.3503,6.3883,5.7686,5.9676,0.0034,69.55
2026-02-02,5.7707,5.8956,5.5618,5.8868,5.7751,5.9001,5.5661,5.8908,0.004,57.17
2026-02-03,5.8869,6.1136,5.8339,6.0771,5.8916,6.1169,5.8382,6.0817,0.0046,46.67
2026-02-04,6.0781,6.1132,5.8307,5.9362,6.0828,6.1172,5.8341,5.9404,0.0042,37.36
2026-02-05,5.9358,5.9487,5.6534,5.674,5.9403,5.9528,5.6579,5.6786,0.0046,40.9
2026-02-06,5.6742,5.8899,5.5927,5.8855,5.6778,5.8933,5.5971,5.8892,0.0037,32.97
2026-02-09,5.9477,5.975,5.8411,5.9416,5.9521,5.9779,5.8456,5.9461,0.0045,25.3
2026-02-10,5.943,5.9545,5.8867,5.9023,5.947,5.9591,5.8896,5.9066,0.0043,20.23
2026-02-11,5.9027,6.0852,5.8907,5.984,5.9071,6.0897,5.8949,5.9885,0.0045,30.21
2026-02-12,5.9839,6.0189,5.7526,5.8297,5.9881,6.0228,5.7561,5.8339,0.0042,30.66
2026-02-13,5.8289,5.9075,5.7351,5.8451,5.8332,5.9117,5.7396,5.8488,0.0037,31.33
2026-02-16,5.8352,5.8585,5.7947,5.8167,5.8396,5.8624,5.7988,5.8209,0.0042,9.49
2026-02-17,5.8168,5.8196,5.6871,5.7283,5.8212,5.8242,5.6901,5.7329,0.0046,22.78
2026-02-18,5.7279,5.8691,5.7261,5.8351,5.7327,5.8726,5.7301,5.8397,0.0046,16.55
2026-02-19,5.8355,5.87,5.7373,5.8208,5.8396,5.8744,5.7406,5.8252,0.0044,17.6
2026-02-20,5.8211,5.9362,5.7887,5.9276,5.8257,5.9396,5.7931,5.9311,0.0035,24.33
2026-02-23,5.9591,5.9602,5.8097,5.8599,5.9636,5.9641,5.8128,5.8641,0.0042,19.68
2026-02-24,5.8597,5.9965,5.8438,5.96,5.8642,5.9994,5.8484,5.9642,0.0042,19.1
2026-02-25,5.9602,6.0662,5.9527,6.0382,5.9641,6.0696,5.9569,6.0425,0.0043,19.48
2026-02-26,6.0377,6.0572,5.9636,6.0153,6.0424,6.0604,5.9667,6.0193,0.004,23.49
2026-02-27,6.0151,6.1395,5.9956,6.0586,6.0191,6.1429,5.9996,6.0622,0.0036,26.74
2026-03-02,6.0521,6.0922,5.9249,5.9652,6.0568,6.0967,5.9281,5.9696,0.0044,28.29
2026-03-03,5.9653,6.0096,5.7447,5.8447,5.9696,6.0139,5.7491,5.8488,0.0041,39.53
2026-03-04,5.844,5.9622,5.8244,5.9061,5.8481,5.9665,5.8283,5.9103,0.0042,35.36
2026-03-05,5.9056,5.951,5.7732,5.8341,5.9104,5.9551,5.7766,5.8388,0.0047,42.69
2026-03-06,5.8355,5.879,5.7785,5.8357,5.84,5.8832,5.7817,5.8383,0.0026,37.67
2026-03-09,5.6637,5.9042,5.6521,5.8842,5.6677,5.9087,5.6566,5.8881,0.0039,40.98
2026-03-10,5.8836,5.9607,5.8612,5.9209,5.888,5.9639,5.8656,5.9253,0.0044,35.3
2026-03-11,5.9216,5.9415,5.8331,5.8772,5.9262,5.9459,5.8363,5.8817,0.0045,31.72
2026-03-12,5.8766,5.9019,5.8064,5.8261,5.8813,5.9064,5.8109,5.8306,0.0045,33.02
2026-03-13,5.8249,5.8547,5.6575,5.6737,5.8291,5.8589,5.6609,5.6767,0.003,32.97
2026-03-16,5.6912,5.8572,5.6912,5.8361,5.6957,5.8604,5.6957,5.8409,0.0048,31.23
2026-03-17,5.837,5.8522,5.7403,5.7625,5.8417,5.8567,5.7436,5.7664,0.0039,23.56
2026-03-18,5.761,5.7765,5.4591,5.506,5.7646,5.7811,5.4631,5.51,0.004,35.11
2026-03-19,5.5053,5.5521,5.2954,5.5154,5.5097,5.5567,5.2986,5.5199,0.0045,53.7
2026-03-20,5.5146,5.5617,5.2691,5.3009,5.5192,5.5659,5.2726,5.3047,0.0038,41.31
2026-03-23,5.3085,5.5756,5.2439,5.492,5.3124,5.5801,5.2481,5.4956,0.0036,55.53
2026-03-24,5.4906,5.5626,5.3537,5.5521,5.4948,5.5671,5.3584,5.5567,0.0046,49.62
2026-03-25,5.5531,5.5915,5.4979,5.517,5.5577,5.5946,5.5021,5.5211,0.0041,38.07
2026-03-26,5.5161,5.539,5.4434,5.4877,5.5201,5.5422,5.4466,5.4921,0.0044,35.52
2026-03-27,5.4869,5.5667,5.4541,5.4591,5.4914,5.5709,5.4575,5.4629,0.0038,31.37
2026-03-30,5.4317,5.539,5.4105,5.4804,5.4364,5.5426,5.4146,5.4848,0.0044,31.09
2026-03-31,5.4813,5.654,5.4621,5.6424,5.4856,5.6585,5.4663,5.6467,0.0043,39.66
2026-04-01,5.6326,5.6607,5.5832,5.6228,5.6371,5.6649,5.5863,5.6273,0.0045,31.76
2026-04-02,5.6208,5.7259,5.5111,5.6807,5.6253,5.7297,5.5157,5.6852,0.0045,32.83
2026-04-06,5.6377,5.6952,5.5723,5.6066,5.6419,5.6996,5.5756,5.6108,0.0042,18.72
2026-04-07,5.6063,5.7467,5.5367,5.6767,5.6103,5.7508,5.5401,5.6806,0.0039,37.19
2026-04-08,5.6779,5.7845,5.6701,5.7447,5.6822,5.7876,5.6749,5.7494,0.0047,34.18
2026-04-09,5.745,5.7762,5.6894,5.7481,5.7496,5.7796,5.6938,5.7526,0.0045,24.92
2026-04-10,5.7475,5.9345,5.7359,5.8668,5.752,5.9379,5.7402,5.8704,0.0036,26.25
2026-04-13,5.7924,6.0228,5.7856,6.0069,5.7967,6.0259,5.7898,6.0112,0.0043,29.35
2026-04-14,6.0072,6.0935,5.9946,6.0819,6.0114,6.0967,5.999,6.0861,0.0042,24.51
2026-04-15,6.0813,6.1457,6.0614,6.0934,6.0856,6.1498,6.0643,6.0979,0.0045,25.36
2026-04-16,6.0942,6.1292,6.0259,6.1064,6.0982,6.1332,6.0303,6.1112,0.0048,21.66
2026-04-17,6.1071,6.1832,6.0737,6.1365,6.1114,6.1867,6.0781,6.1396,0.0031,26.21
2026-04-20,6.0944,6.1547,6.0687,6.1027,6.0987,6.1587,6.0732,6.1071,0.0044,26.24
2026-04-21,6.103,6.1315,6.0265,6.0732,6.1071,6.1345,6.0296,6.0777,0.0045,33.92
2026-04-22,6.0731,6.2052,6.073,6.1917,6.0778,6.2086,6.0775,6.1962,0.0045,24.57
2026-04-23,6.1917,6.2067,6.0703,6.0969,6.1958,6.2109,6.0743,6.1012,0.0043,37.86
2026-04-24,6.0994,6.106,6.0424,6.0865,6.104,6.11,6.0466,6.09,0.0035,25.75
2026-04-27,6.0766,6.134,6.0484,6.088,6.0809,6.1381,6.0518,6.0925,0.0045,22.01
2026-04-28,6.0886,6.097,5.9297,5.9779,6.0931,6.1013,5.9338,5.9822,0.0043,30.55
2026-04-29,5.9774,6.0212,5.9023,5.9417,5.9817,6.0259,5.9056,5.946,0.0043,28.34
2026-04-30,5.9422,6.035,5.9236,6.0209,5.9464,6.0392,5.9281,6.0255,0.0046,28.63
2026-05-01,6.013,6.0385,5.9551,5.9624,6.0169,6.0429,5.9586,5.9659,0.0035,18.0
2026-05-04,5.9795,5.9983,5.8186,5.8692,5.9839,6.0028,5.8218,5.8735,0.0043,23.85
2026-05-05,5.8732,6.0182,5.8592,5.9996,5.8773,6.0211,5.8636,6.0038,0.0042,19.1
2026-05-06,6.0014,6.2144,5.995,6.1763,6.0053,6.2187,5.9993,6.1803,0.004,32.29
2026-05-07,6.1772,6.2416,6.0938,6.1406,6.1811,6.2458,6.0981,6.1451,0.0045,27.03
2026-05-08,6.1447,6.32,6.132,6.2819,6.1494,6.3244,6.1361,6.2853,0.0034,28.51
2026-05-11,6.2826,6.5068,6.2751,6.4906,6.2872,6.5102,6.2793,6.4954,0.0048,33.92
2026-05-12,6.4896,6.657,6.4381,6.6246,6.494,6.6608,6.4427,6.6289,0.0043,39.33
2026-05-13,6.6244,6.7112,6.5826,6.6247,6.6292,6.7147,6.5858,6.6288,0.0041,35.01
2026-05-14,6.6267,6.651,6.5457,6.5774,6.631,6.6557,6.5503,6.5816,0.0042,32.91
2026-05-15,6.5774,6.5853,6.2664,6.2874,6.5819,6.5898,6.2699,6.2911,0.0037,42.45
2026-05-18,6.2864,6.3446,6.2036,6.3323,6.2908,6.3494,6.2081,6.3368,0.0045,40.86
2026-05-19,6.3339,6.3377,6.1595,6.2021,6.3381,6.3422,6.1628,6.2068,0.0047,32.72
2026-05-20,6.2019,6.3495,6.146,6.3297,6.2058,6.3531,6.1504,6.3342,0.0045,35.04
2026-05-21,6.3302,6.3718,6.2386,6.3494,6.3345,6.3752,6.2428,6.3533,0.0039,36.51
2026-05-22,6.3486,6.4067,6.3241,6.3784,6.3533,6.4097,6.3283,6.3819,0.0035,28.18
2026-05-25,6.443,6.486,6.3816,6.4501,6.4469,6.4892,6.3861,6.4546,0.0045,15.81
2026-05-26,6.4499,6.4537,6.3612,6.4312,6.4541,6.4583,6.3656,6.4354,0.0042,23.78
2026-05-27,6.4297,6.4744,6.3121,6.3268,6.4342,6.4787,6.3158,6.3308,0.004,25.54
2026-05-28,6.3267,6.4295,6.2392,6.4159,6.3308,6.4329,6.2433,6.4203,0.0044,26.75
2026-05-29,6.4164,6.4385,6.3694,6.393,6.4203,6.4429,6.3727,6.3956,0.0026,20.88
2026-06-01,6.4074,6.5839,6.4059,6.567,6.4117,6.5874,6.4101,6.5714,0.0044,24.78
2026-06-02,6.5649,6.6957,6.5249,6.6627,6.5694,6.699,6.5288,6.6672,0.0045,22.1
2026-06-03,6.663,6.6809,6.4706,6.4924,6.6671,6.6853,6.4753,6.4972,0.0048,23.44
2026-06-04,6.4912,6.561,6.4187,6.5099,6.4957,6.564,6.423,6.5141,0.0042,23.19
2026-06-05,6.5071,6.5097,6.2449,6.2742,6.5118,6.514,6.2484,6.2773,0.0031,27.65
2026-06-08,6.2646,6.3952,6.2436,6.3224,6.2691,6.3982,6.2481,6.3266,0.0042,29.97
2026-06-09,6.3267,6.4597,6.2985,6.3337,6.3309,6.4647,6.3021,6.3382,0.0045,93.83
2026-06-10,6.3336,6.3545,6.1699,6.1838,6.3382,6.3588,6.1741,6.1883,0.0045,79.34
2026-06-11,6.1945,6.4052,6.1837,6.3925,6.1992,6.4084,6.1878,6.3967,0.0042,39.59
2026-06-12,6.3936,6.4952,6.3556,6.4722,6.3979,6.4983,6.3612,6.4755,0.0033,32.61
2026-06-15,6.5185,6.5601,6.4697,6.4794,6.5226,6.5642,6.4728,6.484,0.0046,24.18
2026-06-16,6.4802,6.5362,6.4234,6.4837,6.4844,6.5393,6.4276,6.4879,0.0042,23.99
2026-06-17,6.4845,6.5502,6.3244,6.457,6.4886,6.5546,6.3278,6.4615,0.0045,25.18
2026-06-18,6.4501,6.5102,6.4134,6.4312,6.4544,6.5137,6.4168,6.4358,0.0046,29.25
2026-06-19,6.4316,6.4451,6.3319,6.4011,6.4358,6.4481,6.3363,6.4044,0.0033,13.86
2026-06-22,6.3893,6.4662,6.3441,6.4142,6.3933,6.4705,6.3484,6.4184,0.0042,27.14
2026-06-23,6.4136,6.4217,6.1743,6.1972,6.4181,6.4261,6.1796,6.2008,0.0036,42.7
2026-06-24,6.197,6.2266,5.985,6.0372,6.2015,6.2312,5.9883,6.0415,0.0043,40.02
2026-06-25,6.0372,6.1522,6.0114,6.1156,6.0413,6.1554,6.0159,6.12,0.0044,33.03
2026-06-26,6.116,6.2413,6.0214,6.1965,6.1204,6.2446,6.0258,6.1996,0.0031,35.75
2026-06-29,6.1848,6.2383,6.1326,6.1741,6.1888,6.2427,6.1358,6.1789,0.0048,27.02
2026-06-30,6.1737,6.32,6.1072,6.2464,6.1784,6.3236,6.1111,6.2503,0.0039,31.07
2026-07-01,6.2474,6.2495,6.0843,6.1533,6.2519,6.2537,6.0886,6.1577,0.0044,29.26
2026-07-02,6.1522,6.2256,6.1137,6.1769,6.1566,6.2289,6.1178,6.1814,0.0045,32.2
2026-07-03,6.1763,6.265,6.1684,6.2255,6.1808,6.2691,6.1723,6.2284,0.0029,16.41
2026-07-06,6.235,6.2602,6.1682,6.2392,6.2386,6.2644,6.1713,6.2434,0.0042,22.86
2026-07-07,6.2381,6.2812,6.1593,6.1614,6.2427,6.2847,6.1631,6.1653,0.0039,25.9
2026-07-08,6.1646,6.2187,6.0612,6.1231,6.1694,6.2231,6.0646,6.1271,0.004,35.16
2026-07-09,6.123,6.294,6.0991,6.2498,6.1269,6.2971,6.1036,6.2544,0.0046,25.65
2026-07-10,6.2499,6.3225,6.2341,6.2829,6.2547,6.3269,6.2376,6.2864,0.0035,22.21
2026-07-13,6.2607,6.3544,6.1947,6.2754,6.2652,6.3576,6.1991,6.2798,0.0044,29.75
2026-07-14,6.2756,6.4424,6.2613,6.3657,6.2801,6.4462,6.2653,6.3698,0.0041,36.21
2026-07-15,6.3666,6.416,6.3302,6.3772,6.3711,6.4189,6.3341,6.3816,0.0044,26.16
2026-07-16,6.3766,6.4172,6.2756,6.2896,6.3813,6.4215,6.2786,6.2942,0.0046,28.34
2026-07-17,6.2891,6.2957,6.1919,6.2692,6.2939,6.3002,6.1953,6.2722,0.003,31.9
2026-07-20,6.2717,6.3607,6.2539,6.338,6.2763,6.3639,6.2581,6.342,0.004,32.08
2026-07-21,6.3383,6.5647,6.3305,6.5292,6.3426,6.568,6.3346,6.5336,0.0044,26.54
2026-07-22,6.5297,6.5615,6.4659,6.4827,6.5338,6.5657,6.4686,6.4867,0.004,24.16
