date,bid_open,bid_high,bid_low,bid_close,ask_open,ask_high,ask_low,ask_close,spread_close,volume
2014-01-01,9552.136,9552.148,9552.133,9552.14,9552.172,9552.187,9552.172,9552.182,0.042,0.2
2014-01-02,9552.14,9627.298,9371.997,9403.397,9552.174,9629.303,9373.003,9411.403,8.006,8.63
2014-01-03,9403.398,9452.52,9353.897,9435.137,9411.402,9453.302,9361.902,9435.168,0.031,10.15
2014-01-06,9431.897,9469.998,9397.797,9436.698,9439.903,9471.003,9398.803,9444.702,8.004,9.71
2014-01-07,9437.297,9518.608,9415.798,9489.998,9445.303,9518.803,9416.802,9498.002,8.004,11.13
2014-01-08,9494.0,9524.497,9467.298,9480.398,9506.221,9526.503,9468.184,9488.402,8.004,9.88
2014-01-09,9480.397,9549.798,9403.498,9452.797,9488.403,9550.803,9404.239,9460.803,8.006,10.06
2014-01-10,9452.198,9531.798,9441.998,9473.226,9460.202,9532.802,9443.002,9473.26,0.034,8.97
2014-01-13,9507.997,9518.998,9426.297,9453.198,9516.003,9520.002,9427.302,9461.202,8.004,13.2
2014-01-14,9453.197,9573.498,9381.997,9567.597,9461.203,9580.502,9382.485,9575.603,8.006,13.21
2014-01-15,9567.598,9774.497,9552.453,9754.998,9575.602,9775.503,9567.202,9763.002,8.004,12.0
2014-01-16,9754.997,9761.798,9702.943,9717.198,9763.003,9769.803,9702.994,9725.202,8.004,4.34
2014-01-17,9717.197,9791.297,9695.998,9719.697,9725.203,9792.303,9697.002,9727.703,8.006,11.23
2014-01-20,9718.097,9733.1,9671.797,9717.297,9726.103,9734.003,9672.803,9725.303,8.006,12.44
2014-01-21,9717.298,9794.298,9712.797,9738.798,9725.302,9795.302,9713.802,9746.802,8.004,12.52
2014-01-22,9738.797,9771.198,9675.998,9748.697,9746.803,9779.203,9677.002,9756.703,8.006,11.69
2014-01-23,9748.698,9748.698,9595.297,9642.998,9756.702,9756.702,9596.377,9651.002,8.004,10.8
2014-01-24,9641.797,9666.297,9319.697,9392.001,9649.803,9667.303,9327.703,9392.036,0.035,10.26
2014-01-27,9392.005,9402.583,9310.965,9349.205,9392.04,9402.634,9311.008,9349.233,0.028,27.55
2014-01-28,9349.204,9427.532,9345.746,9406.893,9349.245,9427.572,9345.773,9406.929,0.036,267.94
2014-01-29,9406.887,9537.583,9221.276,9336.704,9406.923,9537.622,9221.319,9336.752,0.048,276.28
2014-01-30,9336.716,9415.454,9266.937,9373.463,9336.751,9415.493,9266.967,9373.505,0.042,258.08
2014-01-31,9373.465,9373.467,9166.025,9306.457,9373.505,9373.506,9166.073,9306.503,0.046,272.02
2014-02-03,9306.459,9357.533,9173.547,9186.505,9306.506,9357.563,9173.585,9186.544,0.039,251.12
2014-02-04,9186.499,9186.506,9071.566,9127.893,9186.539,9186.547,9071.603,9127.929,0.036,261.14
2014-02-05,9127.895,9154.702,9080.856,9116.294,9127.926,9154.74,9080.897,9116.345,0.051,254.32
2014-02-06,9116.302,9207.034,9116.293,9207.034,9116.337,9207.074,9116.334,9207.074,0.04,53.4
2014-02-07,9275.944,9349.498,9223.305,9346.397,9275.975,9355.602,9223.34,9354.403,8.006,191.18
2014-02-10,9338.098,9347.297,9279.297,9298.398,9346.102,9352.703,9280.303,9306.402,8.004,99.44
2014-02-11,9298.397,9516.297,9289.833,9485.597,9306.403,9517.303,9298.5,9493.603,8.006,94.02
2014-02-12,9485.898,9596.297,9478.744,9545.298,9493.902,9597.303,9478.782,9553.302,8.004,98.69
2014-02-13,9544.997,9639.798,9478.497,9626.897,9553.003,9640.802,9479.503,9634.903,8.006,132.57
2014-02-14,9627.498,9677.498,9584.698,9662.252,9635.502,9678.503,9592.702,9662.421,0.169,147.59
2014-02-17,9652.997,9681.798,9642.197,9658.797,9661.003,9682.802,9645.07,9666.803,8.006,137.86
2014-02-18,9658.798,9691.798,9611.998,9630.197,9666.802,9692.802,9613.002,9638.203,8.006,0.52
2014-02-19,9630.198,9696.297,9576.997,9587.098,9638.202,9697.303,9578.003,9595.102,8.004,0.36
2014-02-20,9587.697,9624.298,9500.798,9610.097,9595.703,9625.303,9501.802,9618.103,8.006,1.12
2014-02-21,9610.098,9667.997,9596.998,9620.997,9618.102,9670.003,9598.002,9629.003,8.006,0.54
2014-02-24,9623.698,9734.298,9597.198,9696.197,9631.702,9735.302,9602.803,9704.203,8.006,0.53
2014-02-25,9696.198,9711.497,9627.297,9684.797,9704.202,9712.503,9628.303,9692.803,8.006,0.29
2014-02-26,9684.798,9720.298,9609.498,9638.998,9692.802,9721.302,9610.502,9647.002,8.004,40.59
2014-02-27,9638.997,9671.998,9496.497,9602.997,9647.003,9673.002,9497.503,9611.003,8.006,145.73
2014-02-28,9602.998,9695.797,9564.798,9649.297,9611.002,9696.803,9565.815,9657.303,8.006,96.99
2014-03-03,9551.798,9572.398,9320.797,9349.797,9559.802,9580.402,9321.803,9357.803,8.006,153.1
2014-03-04,9349.498,9590.297,9349.397,9551.897,9357.502,9591.303,9357.402,9559.903,8.006,131.1
2014-03-05,9552.197,9599.997,9523.497,9549.998,9560.203,9601.003,9524.503,9558.002,8.004,94.3
2014-03-06,9549.698,9588.298,9503.497,9530.398,9557.702,9589.302,9504.503,9538.402,8.004,48.14
2014-03-07,9530.397,9554.498,9344.797,9394.597,9538.403,9556.502,9345.802,9402.603,8.006,124.67
2014-03-10,9362.298,9382.598,9213.998,9290.297,9370.302,9390.603,9215.002,9298.303,8.006,106.23
2014-03-11,9290.898,9376.298,9255.997,9278.997,9298.902,9377.303,9257.003,9287.003,8.006,125.19
2014-03-12,9278.998,9283.798,9140.998,9216.098,9287.002,9291.803,9142.002,9224.102,8.004,145.15
2014-03-13,9215.797,9240.797,8927.997,8954.898,9223.803,9248.803,8929.002,8962.902,8.004,115.5
2014-03-14,8954.897,9094.798,8913.998,9042.998,8962.903,9095.802,8915.002,9044.002,1.004,144.85
2014-03-17,9056.392,9198.498,9019.197,9186.897,9056.431,9202.702,9027.202,9194.903,8.006,100.66
2014-03-18,9186.898,9317.298,9104.297,9254.597,9194.902,9318.302,9105.303,9262.603,8.006,84.3
2014-03-19,9254.297,9328.498,9172.297,9236.498,9262.303,9329.502,9173.303,9244.502,8.004,87.32
2014-03-20,9236.497,9303.298,9155.998,9281.197,9244.503,9304.303,9156.716,9289.203,8.006,113.14
2014-03-21,9281.198,9378.298,9268.998,9288.797,9289.202,9379.302,9270.002,9289.803,1.006,106.46
2014-03-24,9284.197,9361.497,9177.497,9217.398,9292.203,9362.503,9178.502,9225.402,8.004,106.7
2014-03-25,9217.397,9383.297,9202.597,9379.898,9225.403,9388.202,9210.603,9387.902,8.004,106.83
2014-03-26,9379.598,9488.798,9358.497,9403.897,9387.602,9489.802,9360.503,9411.903,8.006,142.88
2014-03-27,9404.198,9470.498,9388.597,9445.797,9412.202,9471.502,9396.602,9453.803,8.006,12.68
2014-03-28,9445.798,9590.997,9440.397,9573.298,9453.802,9592.003,9448.402,9574.302,1.004,71.15
2014-03-31,9626.097,9635.397,9542.998,9565.497,9634.103,9643.403,9544.002,9573.503,8.006,0.93
2014-04-01,9565.498,9630.997,9557.697,9614.298,9573.502,9719.059,9565.703,9622.302,8.004,114.06
2014-04-02,9614.297,9646.497,9606.497,9626.298,9622.303,9647.503,9607.502,9634.302,8.004,35.92
2014-04-03,9625.697,9690.298,9590.497,9639.897,9633.703,9691.302,9591.503,9647.903,8.006,0.33
2014-04-04,9639.898,9721.478,9612.797,9619.698,9647.902,9721.514,9615.502,9627.702,8.004,19.52
2014-04-07,9622.297,9626.898,9450.497,9499.898,9630.303,9695.796,9451.503,9507.902,8.004,177.11
2014-04-08,9499.897,9526.798,9391.297,9480.698,9507.903,9528.803,9392.303,9488.702,8.004,116.92
2014-04-09,9480.998,9552.797,9472.797,9547.997,9489.002,9557.803,9478.802,9556.003,8.006,123.35
2014-04-10,9547.998,9580.513,9332.497,9345.098,9556.002,9581.502,9333.502,9353.102,8.004,69.26
2014-04-11,9345.097,9389.0,9256.398,9271.998,9353.103,9389.802,9260.002,9280.002,8.004,35.27
2014-04-14,9222.297,9345.498,9194.298,9338.297,9230.303,9350.502,9196.302,9346.303,8.006,69.88
2014-04-15,9337.997,9351.598,9085.498,9215.097,9346.003,9359.603,9086.502,9223.103,8.006,0.95
2014-04-16,9215.098,9353.997,9213.297,9310.097,9223.102,9355.502,9221.303,9318.103,8.006,0.96
2014-04-17,9310.098,9466.997,9276.497,9446.497,9318.102,9468.003,9277.503,9447.503,1.006,0.29
2014-04-21,9468.197,9481.097,9443.897,9471.097,9469.203,9489.103,9451.903,9479.103,8.006,0.77
2014-04-22,9470.797,9623.098,9409.689,9617.397,9478.803,9631.102,9438.502,9625.403,8.006,38.85
2014-04-23,9617.398,9623.098,9538.797,9587.997,9625.402,9631.103,9539.764,9596.003,8.006,135.32
2014-04-24,9587.998,9646.298,9406.797,9509.897,9596.002,9647.302,9407.803,9517.903,8.006,0.57
2014-04-25,9510.797,9517.798,9365.297,9416.898,9518.803,9525.403,9366.303,9424.902,8.004,0.29
2014-04-28,9418.697,9496.997,9371.797,9472.297,9426.703,9498.003,9372.802,9480.303,8.006,0.66
2014-04-29,9472.298,9610.998,9469.297,9570.998,9480.302,9612.003,9477.302,9579.002,8.004,0.34
2014-04-30,9570.997,9625.798,9555.798,9623.497,9579.003,9633.803,9557.802,9631.503,8.006,0.43
2014-05-01,9623.498,9632.498,9583.498,9618.697,9631.502,9640.502,9591.502,9626.703,8.006,0.66
2014-05-02,9618.698,9627.098,9527.497,9550.297,9626.702,9635.102,9528.502,9558.303,8.006,0.44
2014-05-05,9549.397,9558.997,9402.998,9533.498,9557.403,9567.003,9404.002,9541.502,8.004,0.35
2014-05-06,9533.198,9581.497,9433.498,9447.897,9541.202,9586.803,9434.502,9455.903,8.006,60.43
2014-05-07,9447.898,9554.798,9390.797,9539.997,9455.902,9558.402,9392.803,9548.003,8.006,103.19
2014-05-08,9539.998,9622.085,9484.997,9556.898,9548.002,9622.342,9486.002,9564.902,8.004,127.54
2014-05-09,9556.897,9617.297,9552.698,9591.698,9564.903,9618.303,9556.802,9599.702,8.004,157.9
2014-05-12,9605.198,9744.498,9585.497,9743.297,9613.202,9752.503,9586.503,9751.303,8.006,46.59
2014-05-13,9743.298,9785.298,9732.297,9757.798,9751.302,9786.302,9733.303,9765.802,8.004,0.72
2014-05-14,9757.797,9776.297,9719.497,9728.697,9765.803,9778.303,9720.502,9736.703,8.006,229.63
2014-05-15,9728.998,9811.297,9627.497,9666.298,9737.002,9812.303,9628.503,9674.302,8.004,233.04
2014-05-16,9665.698,9679.997,9572.997,9636.297,9673.702,9682.003,9574.003,9644.303,8.006,125.58
2014-05-19,9637.898,9678.497,9531.497,9652.998,9645.902,9679.503,9532.503,9661.002,8.004,239.99
2014-05-20,9652.697,9686.798,9588.797,9603.398,9660.703,9687.802,9589.802,9611.402,8.004,243.97
2014-05-21,9603.097,9710.497,9581.297,9693.897,9611.103,9711.503,9582.303,9701.903,8.006,226.45
2014-05-22,9693.597,9738.798,9688.198,9718.697,9701.603,9745.403,9689.303,9726.703,8.006,6.04
2014-05-23,9718.698,9778.997,9703.297,9766.598,9726.702,9780.003,9704.303,9774.602,8.004,0.24
2014-05-26,9779.498,9895.798,9773.197,9876.198,9787.502,9896.803,9781.202,9884.202,8.004,0.45
2014-05-27,9877.098,9950.798,9871.497,9942.498,9885.102,9952.503,9879.503,9950.502,8.004,0.46
2014-05-28,9942.197,9969.298,9896.498,9922.097,9950.203,9971.302,9897.502,9930.103,8.006,0.52
2014-05-29,9921.498,9959.298,9916.997,9947.398,9929.502,9962.602,9918.003,9955.402,8.004,83.82
2014-05-30,9947.397,9969.606,9921.297,9943.898,9955.403,9970.209,9922.303,9951.902,8.004,71.96
2014-06-02,9949.297,9988.798,9904.498,9949.798,9957.303,9989.802,9905.502,9957.802,8.004,0.25
2014-06-03,9949.197,9957.498,9884.797,9913.197,9957.203,9963.603,9885.802,9921.203,8.006,28.63
2014-06-04,9913.198,9939.798,9865.498,9927.297,9921.202,9940.802,9866.502,9935.303,8.006,0.48
2014-06-05,9927.298,10013.498,9893.997,9967.197,9935.302,10014.503,9895.003,9975.203,8.006,13.49
2014-06-06,9966.598,10014.198,9940.797,10012.397,9974.602,10022.203,9941.803,10020.403,8.006,98.74
2014-06-09,10006.498,10020.798,9982.998,10005.298,10014.502,10022.303,9984.002,10013.302,8.004,7.25
2014-06-10,10005.297,10033.497,9985.798,10016.498,10013.303,10036.803,9986.802,10024.502,8.004,4.37
2014-06-11,10016.497,10022.998,9918.798,9938.697,10024.503,10029.603,9919.802,9946.703,8.006,0.55
2014-06-12,9938.698,9971.298,9891.998,9897.398,9946.702,9972.302,9895.302,9905.402,8.004,0.7
2014-06-13,9897.998,9945.497,9827.297,9903.697,9906.002,9947.002,9828.302,9911.703,8.006,0.5
2014-06-16,9882.598,9925.497,9859.997,9899.397,9890.602,9926.503,9868.002,9907.403,8.006,0.38
2014-06-17,9900.298,9983.998,9858.497,9928.098,9908.302,9985.002,9859.503,9936.102,8.004,8.31
2014-06-18,9927.798,10001.498,9920.797,9980.698,9935.802,10002.502,9921.802,9988.702,8.004,85.5
2014-06-19,9980.697,10022.645,9980.397,9997.798,9988.703,10024.303,9988.402,10005.802,8.004,158.74
2014-06-20,9997.797,10048.997,9975.498,9980.197,10005.803,10050.003,9976.502,9988.203,8.006,93.52
2014-06-23,9983.898,10012.997,9882.797,9923.098,9991.902,10021.003,9883.803,9931.102,8.004,33.74
2014-06-24,9922.198,9950.497,9888.797,9895.097,9930.202,9951.503,9894.503,9903.103,8.006,0.41
2014-06-25,9895.098,9914.798,9834.497,9881.197,9903.102,9915.802,9835.503,9889.203,8.006,0.46
2014-06-26,9881.198,9905.497,9749.497,9827.498,9889.202,9907.503,9750.503,9835.502,8.004,42.85
2014-06-27,9827.497,9848.398,9791.874,9829.897,9835.503,9852.002,9791.904,9837.903,8.006,186.6
2014-06-30,9842.198,9891.097,9799.697,9836.197,9850.202,9892.103,9800.703,9844.203,8.006,4.58
2014-07-01,9836.198,9927.598,9831.797,9907.097,9844.202,9928.603,9836.602,9915.103,8.006,35.26
2014-07-02,9907.098,9936.298,9889.297,9907.998,9915.102,9937.302,9890.302,9916.002,8.004,16.65
2014-07-03,9907.997,10037.298,9903.297,10021.998,9916.003,10038.303,9907.023,10030.002,8.004,197.65
2014-07-04,10021.997,10034.797,10006.997,10010.997,10030.003,10036.803,10008.003,10019.003,8.006,209.93
2014-07-07,10017.497,10018.998,9897.298,9916.598,10025.503,10027.003,9898.302,9924.602,8.004,5.81
2014-07-08,9916.597,9926.798,9748.498,9786.498,9924.603,9928.802,9749.502,9794.502,8.004,30.39
2014-07-09,9786.797,9829.798,9752.767,9819.198,9794.803,9832.003,9752.814,9827.202,8.004,184.95
2014-07-10,9819.197,9823.998,9615.797,9679.698,9827.203,9832.003,9616.803,9687.702,8.004,78.45
2014-07-11,9679.398,9707.58,9623.905,9673.898,9687.402,9707.619,9623.947,9681.902,8.004,196.06
2014-07-14,9687.698,9796.298,9686.798,9766.798,9695.702,9797.302,9692.502,9774.802,8.004,55.65
2014-07-15,9766.797,9789.498,9688.997,9738.798,9774.803,9790.502,9690.003,9746.802,8.004,11.41
2014-07-16,9738.797,9873.997,9731.297,9850.097,9746.803,9875.003,9733.802,9858.103,8.006,3.59
2014-07-17,9850.098,9853.998,9645.797,9676.397,9858.102,9862.003,9653.802,9684.403,8.006,113.58
2014-07-18,9676.098,9747.298,9655.798,9735.798,9684.102,9748.302,9657.303,9743.802,8.004,52.83
2014-07-21,9727.298,9728.998,9595.997,9626.797,9735.302,9735.303,9597.003,9634.803,8.006,6.57
2014-07-22,9627.698,9740.298,9624.997,9702.197,9635.702,9741.303,9633.002,9710.203,8.006,30.37
2014-07-23,9701.898,9802.298,9693.998,9749.697,9709.902,9803.303,9702.002,9757.703,8.006,0.66
2014-07-24,9749.997,9811.297,9675.998,9766.197,9758.003,9812.303,9677.002,9774.203,8.006,20.41
2014-07-25,9765.898,9793.298,9619.998,9648.398,9773.902,9794.303,9621.002,9656.402,8.004,6.93
2014-07-28,9631.297,9672.998,9525.798,9615.498,9639.303,9675.002,9526.802,9623.502,8.004,30.31
2014-07-29,9615.497,9692.497,9572.297,9625.797,9623.503,9693.503,9573.303,9633.803,8.006,0.68
2014-07-30,9625.798,9704.997,9571.497,9597.098,9633.802,9706.003,9572.503,9605.102,8.004,164.79
2014-07-31,9596.798,9602.498,9429.498,9439.997,9604.802,9608.703,9430.502,9441.003,1.006,30.76
2014-08-01,9267.497,9303.997,9149.797,9177.398,9268.503,9305.003,9150.803,9185.402,8.004,0.09
2014-08-04,9193.397,9259.297,9128.497,9200.197,9201.403,9261.303,9129.503,9208.203,8.006,0.27
2014-08-05,9200.797,9235.997,9080.497,9099.698,9208.803,9237.003,9081.503,9107.702,8.004,0.24
2014-08-06,9099.697,9165.798,9028.997,9110.098,9107.703,9166.802,9030.002,9118.102,8.004,0.22
2014-08-07,9111.297,9165.298,8973.997,9001.398,9119.303,9166.302,8975.003,9009.402,8.004,0.26
2014-08-08,9003.197,9098.998,8902.497,9083.397,9011.203,9101.702,8903.503,9091.403,8.006,0.3
2014-08-11,9100.497,9198.797,9086.198,9161.097,9102.503,9199.803,9087.202,9169.103,8.006,0.16
2014-08-12,9161.098,9179.797,9047.598,9086.997,9169.102,9181.803,9048.602,9095.003,8.006,0.2
2014-08-13,9086.998,9214.498,9080.998,9190.998,9095.002,9215.502,9089.002,9199.002,8.004,0.2
2014-08-14,9190.698,9265.798,9141.298,9243.298,9198.702,9266.802,9142.302,9251.302,8.004,0.21
2014-08-15,9243.598,9325.497,9043.198,9132.898,9251.602,9326.503,9044.202,9140.902,8.004,0.19
2014-08-18,9233.998,9277.2,9194.5,9273.9,9236.002,9285.2,9195.5,9281.9,8.0,0.12
2014-08-19,9274.2,9352.0,9269.5,9328.6,9282.2,9353.0,9272.5,9336.6,8.0,0.19
2014-08-20,9329.2,9340.8,9246.5,9332.5,9337.2,9341.9,9247.5,9340.5,8.0,0.16
2014-08-21,9331.9,9407.0,9277.3,9385.0,9339.9,9408.0,9278.3,9393.0,8.0,0.17
2014-08-22,9385.3,9413.5,9289.5,9350.8,9393.3,9414.5,9290.5,9358.8,8.0,1.55
2014-08-25,9406.5,9515.185,9406.5,9479.5,9408.5,9516.0,9408.5,9487.5,8.0,3.59
2014-08-26,9480.1,9593.3,9443.166,9570.8,9488.1,9593.544,9444.167,9578.8,8.0,2.01
2014-08-27,9570.5,9600.8,9546.323,9552.4,9578.5,9601.45,9546.824,9560.4,8.0,0.99
2014-08-28,9553.0,9566.3,9415.349,9476.6,9561.0,9570.9,9416.3,9484.6,8.0,8.01
2014-08-29,9476.3,9517.569,9369.1,9457.6,9484.3,9518.57,9370.1,9465.6,8.0,18.22
2014-09-01,9480.0,9509.0,9424.0,9468.1,9482.0,9510.0,9425.0,9476.1,8.0,9.61
2014-09-02,9468.4,9579.2,9465.1,9493.6,9476.4,9580.2,9467.7,9501.6,8.0,13.59
2014-09-03,9493.3,9684.0,9490.6,9606.7,9501.3,9684.15,9498.6,9614.7,8.0,13.39
2014-09-04,9607.0,9736.85,9538.311,9723.288,9615.0,9737.786,9538.994,9731.0,7.712,27.41
2014-09-05,9711.335,9789.796,9689.99,9785.0,9712.343,9795.056,9690.958,9792.672,7.672,31.26
2014-09-08,9779.963,9781.028,9712.941,9730.052,9781.918,9782.982,9714.45,9738.6,8.548,20.52
2014-09-09,9729.728,9769.801,9675.0,9679.2,9737.74,9771.978,9676.0,9687.2,8.0,17.11
2014-09-10,9679.8,9745.8,9635.8,9722.4,9687.8,9746.8,9636.8,9730.4,8.0,18.74
2014-09-11,9721.5,9737.0,9628.2,9690.6,9729.5,9745.0,9629.2,9698.6,8.0,19.84
2014-09-12,9690.0,9720.0,9617.0,9638.9,9698.0,9722.0,9618.0,9646.9,8.0,17.19
2014-09-15,9593.0,9684.8,9592.8,9666.0,9595.0,9685.8,9594.8,9674.0,8.0,16.23
2014-09-16,9665.7,9678.482,9587.283,9674.684,9673.7,9686.523,9588.337,9682.727,8.043,17.28
2014-09-17,9674.972,9717.473,9648.771,9680.166,9683.013,9718.545,9649.823,9688.21,8.044,22.15
2014-09-18,9680.488,9840.17,9677.16,9829.478,9688.521,9848.247,9683.002,9837.514,8.036,17.91
2014-09-19,9830.062,9891.274,9776.992,9790.169,9838.145,9892.337,9778.023,9798.223,8.054,18.34
2014-09-22,9791.875,9812.139,9711.172,9719.389,9799.918,9813.329,9719.204,9727.426,8.037,60.49
2014-09-23,9719.68,9745.284,9547.972,9568.394,9727.722,9751.421,9556.009,9576.408,8.014,68.28
2014-09-24,9568.668,9682.989,9533.996,9681.974,9576.708,9685.018,9534.83,9684.039,2.065,8.57
2014-09-25,9671.977,9718.989,9467.958,9494.66,9674.005,9722.002,9468.504,9502.709,8.049,9.03
2014-09-26,9494.96,9546.994,9454.958,9535.18,9503.037,9548.048,9455.81,9543.243,8.063,13.76
2014-09-29,9509.0,9509.0,9366.0,9422.6,9511.0,9511.0,9367.0,9430.6,8.0,32.13
2014-09-30,9422.0,9494.15,9401.0,9435.0,9430.0,9494.5,9402.0,9443.0,8.0,52.58
2014-10-01,9435.3,9520.0,9325.0,9351.7,9443.3,9520.5,9327.05,9359.7,8.0,60.08
2014-10-02,9351.4,9412.0,9163.0,9227.6,9359.4,9412.25,9163.5,9235.6,8.0,26.53
2014-10-03,9227.9,9301.6,9225.9,9279.5,9235.9,9309.6,9233.9,9287.5,8.0,7.41
2014-10-06,9331.0,9347.0,9143.3,9164.6,9333.0,9348.8,9144.3,9172.6,8.0,3.36
2014-10-07,9164.9,9179.0,8991.4,9018.1,9172.9,9181.4,8999.4,9026.1,8.0,1.89
2014-10-08,9017.8,9125.0,8960.0,9100.9,9025.8,9131.3,8960.8,9108.9,8.0,1.98
2014-10-09,9100.6,9142.0,8881.2,8894.4,9108.6,9142.5,8889.2,8902.4,8.0,2.8
2014-10-10,8894.7,8960.3,8740.9,8740.9,8902.7,8961.3,8748.9,8748.9,8.0,2.62
2014-10-13,8712.4,8873.0,8681.0,8735.5,8720.4,8874.0,8682.0,8743.5,8.0,2.36
2014-10-14,8734.9,8857.0,8700.8,8845.8,8742.9,8861.6,8701.8,8853.8,8.0,2.81
2014-10-15,8845.5,8855.0,8476.0,8578.8,8853.5,8858.3,8476.8,8586.8,8.0,1.98
2014-10-16,8578.2,8663.0,8350.3,8587.3,8586.2,8664.0,8351.65,8595.3,8.0,2.88
2014-10-17,8587.6,8856.3,8561.1,8817.3,8595.6,8857.3,8563.5,8825.3,8.0,2.62
2014-10-20,8864.0,8883.0,8680.8,8753.6,8866.0,8884.0,8682.0,8761.6,8.0,2.14
2014-10-21,8753.9,8956.4,8641.0,8937.6,8761.9,8964.4,8644.15,8945.6,8.0,2.15
2014-10-22,8937.0,8975.7,8839.0,8867.7,8945.0,8983.7,8841.0,8875.7,8.0,2.01
2014-10-23,8867.4,9072.75,8817.0,9038.4,8875.4,9074.0,8818.0,9046.4,8.0,1.79
2014-10-24,9038.1,9043.5,8953.0,9018.6,9046.1,9047.3,8954.0,9026.6,8.0,1.56
2014-10-27,9027.3,9095.3,8835.0,8925.7,9029.3,9097.0,8836.8,8933.7,8.0,1.82
2014-10-28,8925.4,9118.3,8920.6,9092.8,8933.4,9120.0,8928.6,9100.8,8.0,1.43
2014-10-29,9092.5,9159.5,9028.0,9074.6,9100.5,9161.0,9030.3,9082.6,8.0,1.74
2014-10-30,9074.0,9159.5,8898.3,9144.2,9082.0,9160.5,8900.8,9152.2,8.0,2.46
2014-10-31,9144.5,9342.0,9134.3,9323.8,9152.5,9344.3,9142.3,9324.8,1.0,3.2
2014-11-03,9329.7,9344.0,9234.3,9255.8,9337.7,9345.0,9235.0,9263.8,8.0,1.65
2014-11-04,9255.5,9318.0,9148.42,9204.3,9263.5,9319.3,9149.5,9212.3,8.0,2.59
2014-11-05,9205.2,9331.0,9202.8,9296.3,9213.2,9331.3,9210.8,9304.3,8.0,2.17
2014-11-06,9297.2,9466.0,9263.6,9403.9,9305.2,9467.0,9268.5,9411.9,8.0,1.91
2014-11-07,9404.5,9443.8,9238.0,9272.5,9412.5,9448.5,9239.0,9280.5,8.0,2.64
2014-11-10,9294.8,9352.0,9221.0,9337.7,9299.0,9358.9,9223.0,9345.7,8.0,2.66
2014-11-11,9337.4,9399.0,9322.0,9360.4,9345.4,9400.0,9323.0,9368.4,8.0,0.91
2014-11-12,9360.7,9361.9,9188.0,9233.1,9368.7,9369.9,9188.8,9241.1,8.0,2.02
2014-11-13,9233.4,9310.3,9168.0,9242.4,9241.4,9311.0,9168.3,9250.4,8.0,0.8
2014-11-14,9242.1,9289.0,9183.0,9235.4,9250.1,9290.0,9183.8,9243.4,8.0,0.92
2014-11-17,9178.3,9333.3,9126.0,9311.4,9180.3,9334.0,9128.0,9319.4,8.0,1.2
2014-11-18,9311.1,9490.0,9308.4,9470.3,9319.1,9491.3,9314.0,9478.3,8.0,1.3
2014-11-19,9470.9,9524.0,9437.3,9482.2,9478.9,9524.59,9439.0,9490.2,8.0,1.04
2014-11-20,9482.5,9489.8,9381.0,9481.7,9490.5,9497.6,9381.8,9489.7,8.0,1.03
2014-11-21,9481.4,9735.3,9477.8,9714.8,9489.4,9736.0,9485.8,9722.8,8.0,1.18
2014-11-24,9720.4,9832.0,9704.5,9814.4,9728.4,9833.5,9707.5,9822.4,8.0,1.32
2014-11-25,9814.1,9923.0,9786.0,9869.8,9822.1,9925.0,9787.0,9877.8,8.0,1.51
2014-11-26,9870.1,9957.4,9867.0,9943.2,9878.1,9965.4,9868.0,9951.2,8.0,1.46
2014-11-27,9943.5,9993.0,9920.0,9959.0,9951.5,9994.51,9921.15,9967.0,8.0,0.74
2014-11-28,9959.3,9995.3,9901.3,9942.8,9967.3,9998.0,9903.0,9943.8,1.0,1.1
2014-12-01,9922.3,9980.0,9893.0,9949.0,9924.3,9981.0,9895.3,9957.0,8.0,2.75
2014-12-02,9949.6,10038.0,9907.0,9968.7,9957.6,10039.0,9908.0,9976.7,8.0,1.98
2014-12-03,9968.4,9994.0,9928.0,9987.7,9976.4,9997.8,9930.0,9995.7,8.0,1.12
2014-12-04,9988.0,10090.5,9832.0,9902.1,9996.0,10093.0,9833.0,9910.1,8.0,1.5
2014-12-05,9901.8,10095.3,9895.6,10081.2,9909.8,10096.3,9903.6,10089.2,8.0,1.22
2014-12-08,10078.0,10090.0,9949.5,9988.8,10080.0,10091.0,9952.0,9996.8,8.0,1.66
2014-12-09,9989.1,9993.0,9786.0,9870.0,9997.1,10001.0,9786.5,9878.0,8.0,1.9
2014-12-10,9870.3,9909.5,9732.0,9743.0,9878.3,9910.0,9734.0,9751.0,8.0,1.65
2014-12-11,9744.5,9906.5,9733.1,9776.8,9752.5,9907.0,9741.1,9784.8,8.0,1.79
2014-12-12,9775.9,9797.0,9516.7,9520.0,9783.9,9798.8,9524.7,9528.0,8.0,1.79
2014-12-15,9518.2,9680.0,9299.0,9354.9,9526.2,9681.0,9301.0,9362.9,8.0,3.12
2014-12-16,9355.2,9576.0,9217.0,9433.1,9363.2,9577.0,9219.0,9441.1,8.0,3.53
2014-12-17,9434.0,9671.0,9418.7,9646.6,9442.0,9673.0,9426.7,9654.6,8.0,4.06
2014-12-18,9646.9,9873.5,9635.2,9865.1,9654.9,9881.5,9643.2,9873.1,8.0,2.33
2014-12-19,9864.5,9932.8,9687.5,9789.4,9872.5,9940.8,9689.0,9797.4,8.0,2.09
2014-12-22,9801.3,9928.0,9801.3,9895.4,9803.3,9929.0,9803.3,9903.4,8.0,1.04
2014-12-23,9895.1,9929.0,9846.3,9903.6,9903.1,9930.0,9848.5,9911.6,8.0,0.85
2014-12-29,9926.2,9939.0,9775.0,9919.8,9934.2,9945.7,9776.0,9927.8,8.0,1.09
2014-12-30,9920.1,9924.0,9757.0,9779.8,9928.1,9932.0,9758.0,9787.8,8.0,1.11
2015-01-01,9781.9,9782.8,9689.8,9706.2,9789.9,9790.8,9697.8,9714.2,8.0,0.01
2015-01-02,9706.8,9872.5,9684.0,9748.7,9714.8,9873.0,9685.0,9756.7,8.0,1.08
2015-01-05,9718.4,9789.5,9445.0,9498.0,9726.4,9790.0,9447.0,9506.0,8.0,3.1
2015-01-06,9497.7,9626.0,9379.3,9465.9,9505.7,9627.3,9380.0,9473.9,8.0,3.18
2015-01-07,9466.2,9607.0,9459.0,9600.4,9474.2,9615.0,9459.5,9608.4,8.0,2.46
2015-01-08,9601.0,9857.0,9596.5,9816.7,9609.0,9858.0,9604.5,9824.7,8.0,3.01
2015-01-09,9817.3,9856.0,9597.0,9665.7,9825.3,9857.0,9598.0,9673.7,8.0,3.08
2015-01-12,9652.5,9817.3,9620.0,9772.2,9654.5,9818.0,9621.0,9780.2,8.0,2.51
2015-01-13,9771.9,9980.0,9752.0,9860.0,9779.9,9981.0,9754.0,9868.0,8.0,2.92
2015-01-14,9861.5,9964.0,9762.0,9891.1,9869.5,9964.5,9764.0,9899.1,8.0,3.51
2015-01-15,9892.0,10063.5,9578.0,9964.8,9900.0,10067.0,9583.5,9972.8,8.0,3.52
2015-01-16,9964.2,10309.0,9927.3,10276.5,9972.2,10310.8,9935.3,10284.5,8.0,2.56
2015-01-19,10247.5,10293.8,10190.0,10251.3,10249.5,10294.8,10190.655,10259.3,8.0,2.59
2015-01-20,10251.0,10303.249,10209.515,10272.6,10259.0,10310.0,10210.5,10280.6,8.0,6.78
2015-01-21,10272.3,10311.0,10148.408,10303.6,10280.3,10317.3,10149.5,10311.6,8.0,7.49
2015-01-22,10304.5,10543.6,10226.3,10492.5,10312.5,10544.3,10227.3,10500.5,8.0,1.67
2015-01-23,10492.8,10707.5,10476.9,10608.7,10500.8,10708.0,10484.9,10616.7,8.0,2.13
2015-01-26,10578.3,10852.0,10578.3,10836.8,10580.3,10854.4,10580.3,10844.8,8.0,1.32
2015-01-27,10836.5,10842.5,10592.0,10680.1,10844.5,10850.5,10593.0,10688.1,8.0,1.59
2015-01-28,10680.7,10752.8,10550.8,10598.0,10688.7,10753.8,10551.8,10606.0,8.0,1.66
2015-01-29,10598.3,10833.7,10557.3,10810.6,10606.3,10841.7,10565.3,10818.6,8.0,1.74
2015-01-30,10811.6,10815.5,10640.0,10665.6,10819.6,10819.9,10642.3,10673.6,8.0,1.68
2015-02-02,10634.8,10880.0,10633.6,10857.3,10642.8,10887.4,10641.6,10865.3,8.0,1.69
2015-02-03,10857.7,10986.0,10820.5,10908.8,10865.7,10987.0,10828.5,10916.8,8.0,1.57
2015-02-04,10908.4,10938.0,10783.2,10785.8,10916.4,10940.0,10791.2,10793.8,8.0,1.49
2015-02-05,10784.6,10928.3,10775.4,10882.9,10792.6,10929.3,10783.4,10890.9,8.0,3.57
2015-02-06,10882.5,10892.5,10754.0,10791.6,10890.5,10900.5,10755.0,10799.6,8.0,6.14
2015-02-09,10750.802,10775.3,10604.0,10665.6,10756.0,10777.0,10605.5,10673.6,8.0,15.53
2015-02-10,10666.4,10812.0,10594.0,10780.1,10674.4,10813.61,10595.3,10788.1,8.0,25.7
2015-02-11,10778.5,10848.8,10695.5,10772.9,10786.5,10856.8,10697.0,10780.9,8.0,13.86
2015-02-12,10772.1,10975.518,10729.0,10975.268,10780.1,10976.518,10730.461,10976.268,1.0,7.55
2015-02-13,10976.236,11012.73,10941.223,10975.059,10977.237,11013.731,10942.224,10976.06,1.001,6.15
2015-02-16,10955.325,10965.018,10840.804,10847.555,10956.325,10966.019,10841.805,10848.556,1.001,2.82
2015-02-17,10857.283,10945.508,10763.0,10908.023,10858.284,10946.508,10764.001,10909.024,1.001,7.27
2015-02-18,10903.5,10979.817,10896.75,10957.621,10904.501,10980.823,10897.751,10958.622,1.001,5.69
2015-02-19,10945.35,11021.772,10870.531,10978.306,10946.351,11022.773,10871.532,10979.306,1.0,7.17
2015-02-20,10973.416,11161.0,10946.0,11119.499,10974.417,11163.0,10947.0,11120.499,1.0,8.05
2015-02-23,11127.786,11157.532,11068.0,11119.318,11128.787,11158.533,11068.758,11120.319,1.001,6.25
2015-02-24,11130.13,11231.322,11089.007,11216.574,11131.131,11233.0,11090.0,11217.575,1.001,6.01
2015-02-25,11219.904,11226.405,11175.0,11200.026,11220.905,11227.0,11175.752,11201.027,1.001,4.49
2015-02-26,11224.364,11333.62,11187.0,11322.999,11225.365,11334.0,11187.621,11323.999,1.0,5.9
2015-02-27,11314.798,11400.0,11302.0,11380.504,11315.799,11401.0,11302.452,11381.505,1.001,5.7
2015-03-02,11396.27,11454.0,11363.0,11428.745,11397.271,11455.0,11363.781,11429.751,1.006,5.8
2015-03-03,11412.332,11467.0,11256.0,11313.639,11413.333,11467.5,11256.882,11314.64,1.001,4.95
2015-03-04,11314.242,11420.0,11193.256,11403.0,11315.247,11420.675,11194.257,11406.0,3.0,7.34
2015-03-05,11427.358,11532.0,11408.0,11499.0,11428.0,11533.0,11409.0,11502.0,3.0,4.88
2015-03-06,11514.0,11599.0,11494.0,11514.0,11515.0,11600.0,11494.783,11517.0,3.0,5.23
2015-03-09,11517.0,11607.296,11460.993,11581.0,11518.0,11608.046,11461.994,11584.0,3.0,6.31
2015-03-10,11571.85,11576.347,11402.4,11511.0,11572.851,11577.348,11403.0,11514.0,3.0,8.24
2015-03-11,11534.649,11852.023,11530.91,11824.0,11535.65,11853.024,11531.911,11826.0,2.0,7.77
2015-03-12,11840.461,11849.573,11755.029,11834.0,11841.462,11850.574,11756.03,11837.0,3.0,6.77
2015-03-13,11851.442,11976.261,11741.728,11947.266,11852.443,11977.01,11742.729,11948.267,1.001,7.12
2015-03-16,11944.636,12221.91,11932.137,12169.0,11945.637,12222.911,11933.0,12170.0,1.0,6.47
2015-03-17,12154.0,12196.526,11927.835,12008.0,12154.804,12197.776,11928.841,12011.0,3.0,8.57
2015-03-18,12020.263,12030.767,11814.165,11884.2,12021.264,12031.768,11815.165,11892.2,8.0,5.84
2015-03-19,11885.0,12001.005,11783.8,11904.1,11893.0,12002.006,11784.8,11912.1,8.0,14.39
2015-03-20,11903.7,12086.952,11896.1,12022.233,11911.7,12087.7,11904.1,12023.234,1.001,9.61
2015-03-23,12040.661,12040.661,11820.0,11856.5,12041.662,12041.662,11822.7,11864.5,8.0,15.88
2015-03-24,11855.9,12031.5,11795.605,11968.366,11863.9,12032.0,11796.356,11969.367,1.001,8.38
2015-03-25,11961.668,12021.271,11839.0,11864.3,11962.0,12022.0,11840.0,11866.0,1.7,9.63
2015-03-26,11782.0,11892.76,11618.0,11863.0,11785.0,11893.0,11619.0,11869.0,6.0,18.12
2015-03-27,11885.545,11953.0,11796.0,11869.175,11886.546,11954.0,11798.0,11870.176,1.001,15.17
2015-03-30,11861.0,12106.218,11841.4,12080.8,11869.0,12108.0,11849.4,12088.8,8.0,9.59
2015-03-31,12081.2,12122.987,11901.9,11922.3,12089.2,12123.988,11909.9,11930.3,8.0,18.19
2015-04-01,11923.1,12112.766,11763.1,12040.7,11931.1,12115.0,11771.1,12048.7,8.0,16.1
2015-04-02,12024.3,12027.6,11933.581,11982.763,12025.6,12028.6,11934.582,11983.763,1.0,6.87
2015-04-07,12057.745,12147.244,12032.0,12079.668,12058.746,12148.245,12034.255,12080.669,1.001,6.77
2015-04-08,12076.29,12128.622,12017.08,12056.0,12077.291,12129.623,12017.331,12063.0,7.0,8.73
2015-04-09,12074.471,12224.408,12045.0,12196.0,12075.471,12225.409,12047.687,12203.0,7.0,12.99
2015-04-10,12204.546,12395.737,12202.0,12384.0,12205.547,12396.738,12205.547,12389.0,5.0,6.17
2015-04-13,12375.509,12392.237,12272.267,12291.768,12376.51,12393.62,12273.268,12292.769,1.001,6.9
2015-04-14,12315.147,12339.528,12179.253,12256.0,12319.0,12340.529,12180.254,12262.0,6.0,11.08
2015-04-15,12260.0,12325.0,12194.764,12212.0,12264.0,12326.888,12195.765,12216.0,4.0,6.8
2015-04-16,12236.9,12246.374,11965.686,11986.0,12237.901,12247.375,11966.692,11991.0,5.0,10.19
2015-04-17,11991.0,12020.25,11633.0,11657.0,11994.0,12021.25,11636.762,11666.0,9.0,9.77
2015-04-20,11708.0,11905.317,11685.0,11866.0,11711.0,11907.5,11686.0,11874.5,8.5,5.64
2015-04-21,11921.0,12080.952,11908.0,11960.0,11923.507,12081.052,11911.333,11966.0,6.0,5.94
2015-04-22,11980.0,12043.865,11785.5,11913.0,11982.0,12044.5,11786.0,11920.0,7.0,2.04
2015-04-23,11915.422,11948.318,11672.5,11780.0,11916.423,11949.0,11673.005,11783.028,3.028,2.66
2015-04-24,11759.0,11883.5,11706.0,11808.0,11763.0,11885.5,11707.3,11813.0,5.0,2.96
2015-04-27,11833.0,12052.5,11728.8,11993.0,11835.5,12053.0,11729.0,11999.0,6.0,3.65
2015-04-28,12004.742,12050.128,11742.5,11822.3,12006.243,12053.0,11743.0,11827.743,5.443,10.97
2015-04-29,11806.51,11880.3,11354.0,11486.0,11807.53,11881.631,11354.5,11488.0,2.0,3.0
2015-04-30,11442.0,11567.3,11328.0,11375.0,11453.595,11568.3,11328.8,11381.0,6.0,11.01
2015-05-01,11416.917,11496.7,11387.802,11488.7,11417.918,11504.7,11388.803,11496.7,8.0,3.28
2015-05-04,11511.0,11659.29,11404.56,11601.0,11513.0,11661.041,11408.887,11610.0,9.0,23.65
2015-05-05,11592.751,11750.0,11292.0,11320.0,11593.752,11751.485,11295.16,11325.0,5.0,18.96
2015-05-06,11370.0,11459.92,11238.0,11327.0,11374.0,11460.921,11240.0,11335.0,8.0,24.76
2015-05-07,11355.728,11439.0,11163.0,11384.0,11356.729,11439.771,11167.811,11389.0,5.0,26.81
2015-05-08,11433.0,11732.3,11411.0,11710.0,11438.646,11733.8,11414.0,11717.0,7.0,24.54
2015-05-11,11715.208,11719.0,11600.646,11619.4,11723.0,11723.0,11601.647,11625.0,5.6,17.83
2015-05-12,11630.947,11645.671,11375.0,11488.8,11631.97,11646.671,11375.926,11490.0,1.2,22.33
2015-05-13,11512.5,11595.629,11293.3,11323.8,11524.0,11596.0,11295.0,11328.0,4.2,44.36
2015-05-14,11321.0,11582.0,11213.5,11568.3,11325.0,11584.533,11216.0,11569.3,1.0,3.58
2015-05-15,11562.0,11639.0,11380.264,11469.8,11564.009,11639.444,11380.8,11471.42,1.62,17.27
2015-05-18,11470.0,11635.3,11377.0,11617.8,11472.0,11637.0,11378.3,11624.0,6.2,1.13
2015-05-19,11664.9,11877.5,11645.407,11812.0,11665.0,11879.0,11647.0,11818.0,6.0,1.03
2015-05-20,11835.794,11882.103,11778.0,11853.3,11836.03,11884.0,11781.0,11854.0,0.7,20.95
2015-05-21,11837.6,11891.061,11755.3,11873.322,11841.0,11893.564,11756.0,11874.323,1.001,6.03
2015-05-22,11880.504,11881.754,11788.0,11834.0,11881.505,11883.248,11792.767,11837.005,3.005,5.88
2015-05-25,11844.798,11847.415,11776.0,11780.4,11845.799,11849.18,11784.0,11788.4,8.0,1.12
2015-05-26,11783.0,11925.0,11585.0,11646.0,11786.0,11929.0,11586.087,11646.2,0.2,9.95
2015-05-27,11644.0,11795.0,11596.0,11774.0,11648.48,11796.0,11597.0,11777.0,3.0,7.65
2015-05-28,11742.5,11769.0,11599.0,11695.0,11743.501,11771.5,11600.0,11695.8,0.8,4.33
2015-05-29,11687.0,11717.158,11397.0,11432.0,11693.5,11718.158,11398.8,11436.0,4.0,36.64
2015-06-01,11491.889,11508.0,11341.0,11458.0,11492.89,11509.5,11343.36,11464.6,6.6,16.61
2015-06-02,11461.0,11484.0,11268.0,11323.0,11464.88,11485.0,11270.0,11328.148,5.148,33.01
2015-06-03,11341.0,11513.0,11296.0,11391.0,11344.257,11514.654,11298.0,11396.8,5.8,39.92
2015-06-04,11368.0,11450.0,11185.0,11259.0,11369.37,11452.491,11186.74,11263.63,4.63,48.2
2015-06-05,11256.73,11287.0,11153.0,11189.0,11258.0,11289.77,11155.489,11192.174,3.174,36.42
2015-06-08,11200.0,11222.5,10992.5,11021.5,11200.4,11223.491,10993.0,11022.443,0.943,26.3
2015-06-09,11020.72,11070.3,10864.5,10963.3,11021.538,11071.3,10865.249,10964.412,1.112,1.12
2015-06-10,10976.0,11304.8,10936.8,11262.05,10977.997,11305.905,10937.754,11262.392,0.342,0.92
2015-06-11,11256.58,11453.0,11237.3,11312.3,11257.652,11453.5,11238.645,11313.273,0.973,0.73
2015-06-12,11306.18,11365.0,11065.0,11201.7,11307.0,11365.5,11066.0,11202.85,1.15,4.44
2015-06-15,11094.9,11112.8,10952.3,11017.3,11099.0,11115.5,10953.8,11018.0,0.7,37.88
2015-06-16,10993.6,11076.3,10797.0,11062.3,10997.18,11076.645,10798.99,11062.4,0.1,17.72
2015-06-17,11083.3,11117.5,10874.3,10922.8,11087.444,11118.184,10875.0,10923.296,0.496,6.86
2015-06-18,10876.68,11285.8,10804.806,11129.0,10880.0,11286.8,10805.5,11133.7,4.7,21.55
2015-06-19,11088.509,11247.66,10995.0,11031.0,11089.51,11247.967,10995.82,11033.154,2.154,10.02
2015-06-22,11215.0,11480.8,11214.0,11434.9,11218.0,11481.83,11218.0,11435.227,0.327,22.93
2015-06-23,11522.5,11635.8,11514.8,11568.7,11526.0,11635.975,11515.8,11572.0,3.3,4.23
2015-06-24,11574.8,11588.5,11361.75,11413.56,11581.0,11589.8,11362.0,11414.377,0.817,4.99
2015-06-25,11430.517,11596.995,11347.5,11445.15,11431.0,11597.73,11347.982,11446.3,1.15,7.41
2015-06-26,11391.623,11561.93,11371.0,11520.064,11392.623,11562.3,11371.987,11520.8,0.736,12.68
2015-06-29,10925.201,11291.286,10854.3,10974.6,10933.8,11291.386,10856.3,10977.48,2.88,19.53
2015-06-30,11014.191,11137.242,10896.0,10995.8,11015.93,11137.5,10897.0,10996.235,0.435,21.22
2015-07-01,11069.7,11285.5,10977.5,11165.8,11071.7,11286.46,10978.455,11166.838,1.038,30.72
2015-07-02,11169.56,11229.0,11070.5,11119.55,11171.5,11230.345,11072.0,11122.0,2.45,27.16
2015-07-03,11129.1,11132.5,11004.8,11106.3,11133.0,11135.0,11006.0,11107.161,0.861,19.52
2015-07-06,10741.6,10995.0,10741.6,10864.7,10763.0,10995.3,10746.0,10866.632,1.932,38.48
2015-07-07,10903.2,10946.8,10658.8,10898.0,10909.589,10948.871,10659.8,10899.893,1.893,57.01
2015-07-08,10760.2,10802.8,10652.5,10706.3,10761.0,10804.477,10653.5,10707.3,1.0,52.17
2015-07-09,10816.949,11033.5,10778.3,10955.9,10817.95,11033.854,10779.959,10956.9,1.0,25.43
2015-07-10,11188.67,11402.0,11146.3,11395.2,11188.77,11403.0,11147.49,11396.4,1.2,10.17
2015-07-13,11322.02,11511.88,11253.3,11485.0,11330.0,11514.0,11255.3,11489.0,4.0,14.55
2015-07-14,11506.0,11546.4,11415.0,11530.0,11512.7,11548.229,11416.8,11531.8,1.8,31.67
2015-07-15,11532.0,11567.0,11476.0,11529.0,11532.776,11568.0,11476.269,11530.3,1.3,22.32
2015-07-16,11614.0,11787.5,11602.898,11724.997,11620.01,11788.97,11604.0,11726.25,1.253,16.22
2015-07-17,11725.414,11764.3,11649.437,11685.307,11726.61,11766.3,11649.8,11685.55,0.243,15.7
2015-07-20,11697.2,11805.014,11674.655,11754.0,11699.2,11805.16,11675.656,11754.322,0.322,7.24
2015-07-21,11776.0,11776.0,11567.65,11599.0,11776.843,11777.0,11568.0,11599.43,0.43,5.62
2015-07-22,11563.0,11590.5,11485.3,11536.95,11565.0,11591.0,11486.546,11537.891,0.941,22.98
2015-07-23,11580.5,11625.541,11433.6,11443.8,11591.503,11626.542,11434.723,11446.334,2.534,27.47
2015-07-24,11469.9,11544.5,11279.0,11288.5,11479.794,11545.5,11280.0,11289.5,1.0,9.05
2015-07-27,11305.6,11312.0,11026.8,11045.3,11314.901,11317.151,11027.0,11046.262,0.962,2.12
2015-07-28,11101.53,11244.0,11065.0,11200.0,11102.767,11245.606,11066.0,11204.3,4.3,12.9
2015-07-29,11195.388,11278.039,11119.0,11253.91,11196.389,11279.0,11119.112,11255.1,1.19,2.34
2015-07-30,11245.64,11312.0,11137.0,11263.0,11246.884,11312.8,11138.005,11270.6,7.6,6.73
2015-07-31,11275.7,11328.0,11169.0,11307.0,11288.9,11329.0,11174.0,11315.6,8.6,10.07
2015-08-03,11285.506,11462.333,11246.0,11421.368,11297.1,11463.0,11246.664,11422.369,1.001,5.74
2015-08-04,11421.413,11477.76,11379.649,11471.51,11422.414,11478.761,11380.832,11472.76,1.25,30.68
2015-08-05,11481.071,11656.443,11479.833,11593.0,11482.072,11658.5,11481.57,11596.17,3.17,28.71
2015-08-06,11601.244,11670.5,11530.473,11574.3,11602.245,11671.5,11532.89,11575.3,1.0,15.24
2015-08-07,11584.124,11586.0,11481.259,11511.422,11593.0,11593.0,11483.0,11513.53,2.108,22.65
2015-08-10,11545.928,11620.0,11429.734,11608.213,11550.34,11621.3,11432.3,11612.4,4.187,18.58
2015-08-11,11556.126,11570.998,11263.718,11303.85,11563.8,11574.5,11264.1,11304.1,0.25,13.46
2015-08-12,11191.799,11194.02,10892.0,11041.0,11192.8,11195.05,10892.9,11041.4,0.4,6.1
2015-08-13,11066.9,11155.0,10977.0,11001.0,11081.22,11156.0,10979.0,11003.711,2.711,16.39
2015-08-14,10977.8,11093.48,10910.0,11042.0,10987.526,11094.44,10910.47,11043.024,1.024,3.91
2015-08-17,11032.5,11112.0,10814.0,10973.0,11035.49,11113.102,10814.9,10979.037,6.037,29.03
2015-08-18,10972.3,10983.0,10880.0,10906.344,10975.27,10983.38,10881.409,10907.345,1.001,9.28
2015-08-19,10841.0,10854.0,10669.0,10689.827,10850.54,10856.0,10670.563,10690.828,1.001,4.14
2015-08-20,10656.5,10656.5,10305.544,10309.16,10664.5,10664.5,10306.545,10309.6,0.44,7.68
2015-08-21,10149.2,10436.39,9980.8,10008.8,10155.0,10437.36,9982.0,10008.95,0.15,17.27
2015-08-24,9796.6,9935.5,9321.0,9638.0,9804.6,9936.573,9322.0,9641.004,3.004,36.47
2015-08-25,9705.6,10187.0,9705.6,9820.991,9713.0,10189.0,9711.412,9830.1,9.109,49.33
2015-08-26,9992.0,10197.0,9851.0,10195.0,9995.0,10199.48,9853.25,10199.48,4.48,75.48
2015-08-27,10214.0,10383.0,10165.0,10341.0,10215.0,10384.8,10166.7,10348.563,7.563,62.82
2015-08-28,10313.0,10353.0,10183.0,10289.596,10316.72,10356.0,10186.162,10293.1,3.504,32.92
2015-08-31,10155.791,10309.99,10131.542,10239.388,10156.806,10311.076,10133.019,10243.165,3.777,6.89
2015-09-01,9968.858,10118.957,9885.883,9922.77,9974.12,10120.196,9887.008,9923.817,1.047,31.39
2015-09-02,10029.628,10124.994,9960.377,10124.243,10033.193,10129.793,9962.033,10125.369,1.126,23.83
2015-09-03,10119.97,10380.426,10111.187,10239.264,10129.469,10383.17,10112.835,10249.347,10.083,15.8
2015-09-04,10135.81,10216.03,9955.895,10002.525,10144.255,10219.167,9957.879,10009.867,7.342,20.22
2015-09-07,10098.392,10182.147,10052.791,10113.928,10105.827,10184.711,10054.501,10115.023,1.095,22.41
2015-09-08,10148.597,10370.99,10092.775,10334.006,10153.069,10372.775,10094.559,10338.316,4.31,18.62
2015-09-09,10463.798,10522.243,10155.994,10168.492,10471.489,10525.708,10157.003,10170.064,1.572,32.02
2015-09-10,10235.067,10326.958,10154.375,10242.608,10240.616,10328.092,10155.008,10243.77,1.162,25.67
2015-09-11,10245.235,10251.217,10077.923,10184.202,10264.274,10264.274,10078.311,10191.357,7.155,7.44
2015-09-14,10180.692,10227.977,10083.134,10159.266,10191.08,10229.154,10084.375,10160.735,1.469,8.44
2015-09-15,10176.96,10261.031,10067.924,10252.223,10180.079,10263.272,10069.016,10254.087,1.864,19.29
2015-09-16,10233.161,10338.188,10172.672,10263.039,10235.125,10340.179,10174.006,10266.017,2.978,12.34
2015-09-17,10280.973,10321.132,10131.41,10193.189,10285.233,10325.29,10136.044,10193.414,0.225,8.47
2015-09-18,10202.15,10219.861,9857.751,9918.811,10208.416,10221.163,9859.01,9923.276,4.465,57.28
2015-09-21,9887.63,10000.92,9782.824,9962.955,9894.026,10004.116,9785.14,9964.02,1.065,21.39
2015-09-22,9986.967,10018.199,9558.626,9628.174,9991.403,10020.168,9560.087,9631.322,3.148,19.13
2015-09-23,9504.849,9710.882,9481.958,9600.394,9519.966,9712.915,9484.036,9607.513,7.119,9.7
2015-09-24,9585.574,9705.933,9362.636,9540.172,9591.434,9708.802,9364.157,9540.79,0.618,7.86
2015-09-25,9596.228,9747.496,9562.284,9624.285,9601.542,9748.527,9565.032,9625.237,0.952,9.85
2015-09-28,9584.9,9679.94,9433.09,9449.586,9586.013,9680.751,9436.008,9456.238,6.652,53.97
2015-09-29,9422.065,9536.984,9299.719,9475.611,9423.196,9539.579,9302.036,9482.356,6.745,26.33
2015-09-30,9598.207,9732.945,9580.841,9660.943,9600.027,9735.26,9583.25,9664.466,3.523,3.86
2015-10-01,9762.986,9785.998,9448.864,9553.742,9764.998,9787.851,9451.041,9559.907,6.165,4.39
2015-10-02,9579.421,9681.066,9389.559,9679.851,9586.514,9683.547,9394.924,9682.657,2.806,17.99
2015-10-05,9737.201,9886.99,9646.844,9868.682,9741.846,9889.476,9649.768,9876.454,7.772,46.21
2015-10-06,9826.93,9956.718,9727.748,9880.985,9833.509,9958.122,9729.915,9881.752,0.767,27.88
2015-10-07,9898.803,10095.086,9890.927,10034.453,9899.87,10096.427,9891.827,10041.908,7.455,28.96
2015-10-08,9943.949,10106.713,9908.783,10097.442,9949.841,10107.779,9911.393,10099.492,2.05,17.88
2015-10-09,10118.733,10147.925,10046.708,10114.689,10119.902,10149.081,10047.525,10118.881,4.192,15.08
2015-10-12,10121.994,10186.992,10054.922,10107.766,10123.2,10188.501,10056.325,10112.417,4.651,24.19
2015-10-13,10102.849,10117.961,9938.923,9989.748,10105.583,10120.219,9939.419,9994.129,4.381,19.35
2015-10-14,9973.4,10037.336,9886.757,9919.815,9975.619,10039.386,9889.03,9925.496,5.681,33.31
2015-10-15,9981.332,10149.24,9956.373,10144.391,9986.208,10150.853,9958.017,10147.069,2.678,26.93
2015-10-16,10138.008,10167.295,10056.482,10121.608,10139.11,10168.958,10057.002,10122.648,1.04,12.9
2015-10-19,10112.432,10205.851,10068.796,10172.472,10113.61,10207.651,10069.52,10173.034,0.562,9.96
2015-10-20,10158.255,10194.616,10078.071,10147.893,10159.403,10195.046,10079.521,10149.214,1.321,14.53
2015-10-21,10197.113,10278.0,10104.944,10186.972,10199.04,10279.114,10105.805,10187.459,0.487,13.28
2015-10-22,10204.967,10588.372,10191.97,10557.638,10205.806,10589.25,10192.372,10563.688,6.05,14.25
2015-10-23,10636.502,10860.447,10585.603,10842.981,10645.814,10862.472,10586.575,10845.182,2.201,10.68
2015-10-26,10809.566,10863.977,10758.244,10797.436,10814.367,10865.952,10760.022,10799.677,2.241,24.58
2015-10-27,10784.232,10809.266,10684.781,10707.338,10785.049,10811.16,10686.021,10710.226,2.888,15.46
2015-10-28,10719.346,10926.405,10689.937,10914.864,10727.727,10927.375,10691.075,10917.04,2.176,8.17
2015-10-29,10875.89,10892.098,10738.854,10801.43,10879.707,10893.506,10740.141,10804.711,3.281,27.42
2015-10-30,10843.124,10874.99,10744.477,10813.94,10852.111,10877.347,10747.604,10817.316,3.376,29.63
2015-11-02,10765.509,10977.989,10726.553,10974.913,10774.634,10978.856,10730.125,10977.056,2.143,15.78
2015-11-03,10958.967,10996.999,10880.723,10973.724,10963.145,10997.6,10884.375,10975.82,2.096,31.98
2015-11-04,10968.718,11004.968,10815.828,10859.891,10970.836,11007.43,10816.393,10862.086,2.195,21.26
2015-11-05,10861.317,10964.779,10780.834,10889.943,10870.802,10966.431,10782.33,10891.207,1.264,19.21
2015-11-06,10899.89,11056.998,10840.839,11024.154,10902.381,11058.59,10842.009,11027.04,2.886,22.23
2015-11-09,10992.714,11011.876,10786.085,10836.806,10994.008,11015.328,10787.314,10839.291,2.485,18.8
2015-11-10,10852.62,10869.999,10725.458,10847.536,10859.19,10872.443,10727.008,10854.473,6.937,15.01
2015-11-11,10860.425,10994.447,10834.679,10867.637,10867.343,10995.711,10837.032,10871.85,4.213,14.73
2015-11-12,10886.373,10957.799,10711.774,10715.973,10891.008,10959.795,10714.012,10719.203,3.23,20.59
2015-11-13,10717.914,10812.931,10604.781,10670.003,10719.212,10815.418,10606.864,10679.401,9.398,24.15
2015-11-16,10493.617,10816.278,10488.379,10811.19,10500.238,10818.57,10498.88,10818.57,7.38,24.13
2015-11-17,10825.758,10978.484,10781.943,10897.674,10831.063,10979.552,10783.003,10898.799,1.125,14.91
2015-11-18,10895.946,11047.837,10877.089,11027.807,10899.381,11049.44,10878.814,11031.567,3.76,20.91
2015-11-19,11049.994,11153.0,11035.325,11053.395,11055.66,11154.068,11037.353,11065.909,12.514,8.26
2015-11-20,11061.036,11163.439,11047.999,11097.05,11069.651,11165.335,11049.307,11100.184,3.134,13.58
2015-11-23,11120.892,11129.258,11024.483,11062.698,11134.544,11134.544,11025.581,11063.512,0.814,4.72
2015-11-24,11067.037,11079.488,10866.674,10965.909,11069.742,11082.25,10869.546,10969.675,3.766,3.6
2015-11-25,10974.525,11186.978,10918.784,11150.911,10975.96,11188.501,10921.523,11152.066,1.155,12.26
2015-11-26,11173.413,11366.954,11161.809,11305.911,11174.716,11368.09,11162.481,11307.098,1.187,8.93
2015-11-27,11245.955,11352.997,11241.522,11296.799,11247.796,11355.225,11243.009,11297.856,1.057,10.28
2015-11-30,11278.405,11430.93,11249.931,11350.786,11282.791,11433.109,11252.006,11351.014,0.228,16.3
2015-12-01,11410.676,11415.79,11234.717,11291.892,11412.077,11418.351,11235.854,11294.046,2.154,12.09
2015-12-02,11308.469,11331.479,11076.466,11106.884,11319.002,11332.75,11078.006,11115.716,8.832,6.58
2015-12-03,11144.94,11319.992,10638.654,10675.069,11148.967,11322.64,10640.527,10676.142,1.073,11.28
2015-12-04,10684.392,10881.705,10629.987,10866.819,10686.754,10882.841,10630.525,10869.533,2.714,9.04
2015-12-07,10874.952,10993.202,10804.815,10922.969,10877.571,10994.584,10806.027,10924.036,1.067,12.97
2015-12-08,10883.922,10898.991,10611.791,10676.814,10885.094,10901.255,10613.984,10679.037,2.223,16.22
2015-12-09,10692.998,10718.991,10447.184,10514.699,10694.057,10720.055,10449.004,10516.042,1.343,17.56
2015-12-10,10501.866,10663.254,10497.731,10578.308,10515.821,10665.292,10500.021,10582.155,3.847,21.74
2015-12-11,10589.316,10603.893,10268.621,10284.935,10601.45,10607.321,10270.01,10286.036,1.101,18.29
2015-12-14,10343.523,10445.956,10120.625,10284.959,10350.645,10448.123,10122.501,10288.484,3.525,32.4
2015-12-15,10263.843,10489.09,10224.409,10449.749,10265.855,10490.233,10226.02,10450.873,1.124,28.57
2015-12-16,10486.508,10650.011,10421.884,10625.958,10489.06,10651.418,10423.088,10627.108,1.15,23.46
2015-12-17,10627.444,10831.041,10526.631,10705.846,10628.559,10833.642,10527.95,10709.124,3.278,30.36
2015-12-18,10664.115,10731.984,10508.77,10515.075,10665.242,10733.128,10513.592,10516.202,1.127,8.35
2015-12-21,10546.979,10798.753,10472.149,10547.323,10549.606,10799.92,10472.827,10548.499,1.176,18.63
2015-12-22,10585.057,10632.499,10396.423,10564.578,10596.781,10635.166,10399.445,10565.699,1.121,13.37
2015-12-23,10562.981,10762.286,10561.725,10760.699,10564.477,10764.134,10562.973,10762.058,1.359,13.9
2015-12-28,10709.698,10768.299,10623.639,10693.616,10712.042,10771.303,10624.872,10697.08,3.464,2.04
2015-12-29,10728.573,10875.796,10726.776,10863.119,10735.469,10878.348,10728.514,10864.224,1.105,11.35
2015-12-30,10875.035,10876.921,10685.743,10685.963,10879.114,10879.114,10689.66,10693.671,7.708,9.95
2016-01-04,10498.258,10516.746,10247.649,10358.723,10507.084,10518.102,10250.383,10362.077,3.354,16.68
2016-01-05,10391.903,10401.317,10170.865,10334.977,10393.564,10402.473,10172.271,10336.938,1.961,11.05
2016-01-06,10239.912,10286.021,10092.779,10178.991,10242.052,10286.606,10094.207,10185.217,6.226,11.43
2016-01-07,9957.662,10038.978,9809.375,9833.992,9967.39,10040.159,9810.547,9835.382,1.39,10.18
2016-01-08,9976.702,10123.575,9729.931,9757.149,9977.799,10124.691,9731.08,9758.249,1.1,17.35
2016-01-11,9688.398,9977.998,9669.941,9901.757,9690.213,9980.099,9681.027,9904.719,2.962,14.13
2016-01-12,9812.298,10092.308,9774.807,10049.951,9824.227,10093.942,9777.283,10051.067,1.116,15.12
2016-01-13,10107.887,10163.991,9734.787,9763.917,10109.456,10165.923,9737.746,9769.474,5.557,18.55
2016-01-14,9830.863,9943.12,9611.623,9888.777,9839.695,9944.27,9613.005,9889.814,1.037,18.2
2016-01-15,9775.434,9832.756,9409.773,9479.972,9786.305,9834.406,9411.825,9481.002,1.03,14.47
2016-01-18,9560.245,9659.924,9453.679,9525.929,9569.546,9661.076,9455.053,9527.098,1.169,5.69
2016-01-19,9689.835,9757.934,9524.921,9617.903,9695.316,9759.729,9526.017,9619.897,1.994,19.06
2016-01-20,9350.636,9516.986,9250.741,9465.582,9358.148,9519.165,9255.066,9472.506,6.924,9.34
2016-01-21,9398.383,9663.992,9332.651,9571.676,9406.279,9666.184,9336.076,9577.2,5.524,15.85
2016-01-22,9721.701,9837.986,9703.86,9818.733,9725.092,9841.047,9705.053,9824.1,5.367,14.44
2016-01-25,9838.931,9839.923,9668.714,9668.941,9840.073,9841.004,9670.02,9670.03,1.089,12.54
2016-01-26,9574.922,9868.942,9561.729,9864.857,9576.705,9870.392,9563.012,9868.042,3.185,16.12
2016-01-27,9816.862,9925.999,9714.761,9760.973,9818.545,9928.248,9717.001,9762.047,1.074,1.82
2016-01-28,9788.982,9904.983,9590.829,9665.916,9791.099,9908.345,9592.051,9668.162,2.246,1.42
2016-01-29,9800.658,9839.992,9652.798,9832.811,9807.056,9842.058,9655.112,9836.246,3.435,11.44
2016-02-01,9847.984,9848.528,9635.634,9765.969,9851.193,9851.194,9637.274,9767.095,1.126,10.37
2016-02-02,9730.973,9734.924,9482.823,9499.982,9732.084,9736.452,9484.461,9502.666,2.684,3.25
2016-02-03,9485.872,9577.992,9349.74,9522.753,9487.918,9579.052,9351.022,9526.418,3.665,13.35
2016-02-04,9607.681,9621.95,9264.828,9389.964,9612.283,9624.743,9266.034,9391.005,1.041,13.72
2016-02-05,9362.686,9470.792,9224.794,9248.267,9367.5,9473.587,9227.463,9249.7,1.433,12.29
2016-02-08,9317.941,9336.925,8919.959,8999.911,9318.962,9338.019,8921.0,9001.032,1.121,23.06
2016-02-09,8929.889,9041.973,8771.965,8903.963,8932.184,9043.314,8776.504,8905.099,1.136,104.0
2016-02-10,8911.918,9128.983,8872.933,8932.639,8913.791,9133.35,8876.08,8937.256,4.617,60.74
2016-02-11,8887.789,8918.979,8695.042,8842.51,8893.498,8920.229,8696.437,8848.333,5.823,41.61
2016-02-12,8836.155,8994.394,8810.316,8993.903,8842.402,8995.126,8814.43,8995.087,1.184,59.25
2016-02-15,9128.697,9248.534,9111.268,9192.881,9133.103,9253.51,9113.038,9199.243,6.362,27.82
2016-02-16,9266.606,9268.881,9078.494,9198.911,9267.998,9273.132,9080.004,9201.193,2.282,9.17
2016-02-17,9167.186,9421.96,9135.832,9404.667,9168.059,9424.233,9138.004,9411.397,6.73,19.45
2016-02-18,9396.003,9553.245,9347.247,9445.971,9400.116,9556.395,9349.018,9452.498,6.527,19.1
2016-02-19,9461.313,9478.927,9317.682,9376.932,9465.319,9482.176,9319.023,9381.498,4.566,12.41
2016-02-22,9438.503,9586.988,9436.22,9575.526,9439.926,9588.45,9437.619,9582.067,6.541,12.8
2016-02-23,9491.213,9534.985,9395.781,9399.534,9497.098,9538.176,9397.016,9406.269,6.735,16.3
2016-02-24,9377.893,9426.031,9120.972,9297.652,9380.162,9428.165,9124.12,9303.448,5.796,16.61
2016-02-25,9269.954,9399.251,9198.769,9397.312,9271.046,9400.088,9200.749,9398.685,1.373,16.13
2016-02-26,9434.804,9575.989,9412.443,9480.617,9436.21,9578.313,9413.836,9486.355,5.738,18.97
2016-02-29,9427.73,9507.338,9330.8,9405.386,9429.175,9509.191,9332.044,9406.714,1.328,24.33
2016-03-01,9431.787,9776.535,9426.65,9766.739,9434.003,9777.915,9430.183,9772.059,5.32,18.7
2016-03-02,9815.03,9839.202,9694.427,9780.666,9816.055,9840.682,9695.766,9782.101,1.435,14.57
2016-03-03,9816.167,9816.167,9708.657,9789.44,9817.72,9817.72,9710.021,9790.891,1.451,14.9
2016-03-04,9782.064,9901.01,9740.725,9790.785,9783.487,9902.367,9742.04,9792.16,1.375,16.13
2016-03-07,9790.234,9810.907,9688.785,9774.413,9791.985,9812.194,9690.092,9775.786,1.373,14.79
2016-03-08,9713.375,9789.475,9615.103,9676.547,9714.7,9790.843,9616.47,9682.009,5.462,13.94
2016-03-09,9722.997,9841.081,9679.909,9713.997,9723.846,9842.189,9681.073,9718.31,4.313,19.36
2016-03-10,9731.119,9996.738,9395.402,9510.053,9732.001,9999.22,9397.234,9515.359,5.306,21.72
2016-03-11,9668.371,9891.158,9624.221,9891.158,9670.109,9894.388,9625.576,9894.065,2.907,559.61
2016-03-14,9880.886,10040.447,9868.718,9992.023,9883.059,10043.154,9870.729,9993.551,1.528,457.21
2016-03-15,9952.112,9975.652,9888.787,9955.907,9957.41,9977.566,9889.74,9962.527,6.62,25.52
2016-03-16,9961.675,10022.233,9915.171,9997.424,9963.064,10023.491,9916.539,9999.032,1.608,618.02
2016-03-17,10033.466,10068.231,9747.918,9880.301,10035.198,10069.405,9749.2,9885.657,5.356,731.68
2016-03-18,9875.101,9961.298,9820.799,9941.702,9876.489,9963.802,9821.043,9943.078,1.376,566.29
2016-03-21,9917.256,10098.196,9857.888,9953.241,9926.271,10099.334,9859.782,9959.034,5.793,197.43
2016-03-22,9954.341,10002.794,9756.716,9986.773,9955.735,10004.263,9759.351,9992.835,6.062,26.2
2016-03-23,9983.455,10114.032,9961.976,9989.229,9984.509,10117.115,9965.62,9996.028,6.799,23.57
2016-03-24,9928.941,9984.264,9837.423,9893.473,9934.634,9990.35,9837.826,9899.176,5.703,124.39
2016-03-29,9912.987,9953.99,9805.893,9929.426,9913.239,9955.081,9807.34,9931.958,2.532,24.53
2016-03-30,9954.7,10095.973,9923.716,10033.99,9958.878,10097.091,9924.703,10038.663,4.673,15.31
2016-03-31,10013.862,10027.254,9923.155,9924.339,10015.545,10028.648,9924.491,9930.791,6.452,20.41
2016-04-01,9873.653,9878.106,9672.11,9816.684,9874.975,9879.497,9676.232,9818.022,1.338,24.86
2016-04-04,9826.8,9907.075,9726.79,9767.133,9828.211,9908.399,9732.639,9773.204,6.071,22.33
2016-04-05,9713.964,9714.571,9516.944,9518.834,9715.326,9715.969,9520.632,9526.701,7.867,25.47
2016-04-06,9584.738,9663.211,9500.471,9658.807,9586.128,9665.522,9501.515,9665.522,6.715,26.79
2016-04-07,9654.362,9704.783,9441.555,9472.775,9655.644,9707.334,9445.428,9477.823,5.048,33.22
2016-04-08,9549.883,9676.946,9540.195,9614.91,9551.241,9678.525,9541.237,9621.487,6.577,58.84
2016-04-11,9621.798,9754.64,9521.237,9642.271,9623.127,9755.756,9523.802,9648.887,6.616,35.94
2016-04-12,9677.951,9799.164,9615.851,9792.451,9679.323,9800.76,9617.374,9794.201,1.75,30.14
2016-04-13,9870.126,10041.753,9868.136,10018.296,9871.519,10044.026,9869.513,10024.376,6.08,15.52
2016-04-14,10041.487,10105.768,10015.283,10084.977,10043.687,10108.144,10016.397,10091.506,6.529,13.32
2016-04-15,10079.475,10093.457,10010.952,10040.146,10080.578,10095.969,10012.061,10042.119,1.973,7.11
2016-04-18,9928.434,10148.274,9904.962,10139.793,9934.509,10149.344,9906.055,10146.608,6.815,9.6
2016-04-19,10184.23,10372.07,10148.468,10360.509,10187.929,10375.999,10150.47,10368.444,7.935,11.25
2016-04-20,10304.171,10459.459,10277.054,10430.437,10307.928,10461.027,10278.12,10434.875,4.438,13.3
2016-04-21,10461.005,10486.19,10337.755,10402.69,10462.033,10488.384,10339.013,10409.149,6.459,12.04
2016-04-22,10392.492,10424.961,10322.787,10403.321,10393.455,10426.065,10323.757,10408.386,5.065,9.44
2016-04-25,10363.313,10401.293,10226.402,10319.425,10366.977,10404.932,10228.979,10322.766,3.341,10.07
2016-04-26,10318.809,10385.983,10208.867,10285.989,10319.759,10388.322,10209.971,10291.615,5.626,8.07
2016-04-27,10250.363,10345.046,10220.285,10324.562,10252.316,10346.008,10221.33,10329.792,5.23,5.52
2016-04-28,10246.537,10333.073,10118.605,10218.499,10247.502,10334.439,10121.461,10219.884,1.385,14.97
2016-04-29,10206.068,10252.755,10026.9,10064.076,10207.468,10254.131,10028.304,10065.394,1.318,17.09
2016-05-02,10073.865,10153.739,10060.384,10138.805,10075.165,10155.151,10061.775,10140.176,1.371,13.19
2016-05-03,10118.333,10129.217,9918.653,9941.796,10119.736,10130.54,9920.059,9943.072,1.276,17.34
2016-05-04,9946.586,9961.302,9805.177,9828.043,9948.022,9962.693,9806.58,9829.362,1.319,16.28
2016-05-05,9893.33,9922.922,9802.405,9845.304,9894.739,9924.255,9803.768,9846.611,1.307,15.22
2016-05-06,9804.895,9926.437,9733.807,9920.083,9806.318,9927.886,9735.306,9921.534,1.451,16.21
2016-05-09,9949.547,10070.068,9876.138,9983.708,9950.51,10071.416,9876.96,9985.177,1.469,14.99
2016-05-10,10031.572,10108.181,9989.916,10088.952,10032.925,10109.659,9991.273,10090.339,1.387,15.56
2016-05-11,10047.851,10063.374,9924.171,9936.862,10049.14,10064.819,9925.538,9938.153,1.291,16.1
2016-05-12,9967.323,10081.48,9836.163,9888.753,9968.778,10082.826,9837.484,9890.117,1.364,17.96
2016-05-13,9818.927,9981.565,9766.763,9884.609,9820.382,9982.966,9768.156,9885.925,1.316,17.53
2016-05-16,9901.757,9980.58,9870.336,9949.434,9903.195,9986.893,9877.012,9956.067,6.633,0.85
2016-05-17,10007.949,10080.106,9816.088,9830.766,10011.132,10081.566,9817.468,9832.162,1.396,18.74
2016-05-18,9839.885,9963.05,9795.405,9930.85,9841.274,9964.401,9796.82,9932.169,1.319,18.38
2016-05-19,9881.744,9910.374,9769.563,9829.631,9883.117,9911.707,9770.938,9831.024,1.393,18.53
2016-05-20,9911.295,9923.14,9849.629,9913.288,9912.719,9924.635,9850.915,9914.747,1.459,16.02
2016-05-23,9928.972,9974.31,9809.69,9844.292,9930.312,9975.681,9811.03,9845.775,1.483,15.52
2016-05-24,9800.578,10123.682,9771.796,10104.569,9801.928,10125.112,9773.116,10105.978,1.409,15.83
2016-05-25,10145.402,10232.954,10128.836,10202.32,10146.835,10234.271,10130.262,10203.736,1.416,14.95
2016-05-26,10175.517,10288.101,10174.632,10262.598,10176.817,10289.472,10176.045,10263.965,1.367,13.93
2016-05-27,10280.798,10304.368,10241.067,10293.995,10282.183,10305.739,10242.375,10295.3,1.305,12.55
2016-05-30,10324.277,10347.892,10285.362,10342.679,10325.574,10349.316,10286.675,10344.094,1.415,6.58
2016-05-31,10355.984,10372.482,10228.394,10266.751,10357.437,10373.884,10229.803,10268.113,1.362,13.95
2016-06-01,10249.868,10286.518,10159.907,10211.187,10251.332,10287.818,10161.467,10212.559,1.372,15.1
2016-06-02,10180.415,10256.659,10151.643,10249.987,10181.785,10257.434,10152.72,10256.373,6.386,20.45
2016-06-03,10249.102,10283.774,10038.116,10106.733,10250.468,10284.979,10038.733,10113.227,6.494,23.9
2016-06-06,10109.596,10151.52,10090.783,10122.748,10110.945,10152.706,10091.318,10129.396,6.648,23.45
2016-06-07,10162.982,10314.323,10154.793,10250.112,10164.318,10316.984,10156.214,10251.518,1.406,21.77
2016-06-08,10255.409,10267.548,10173.724,10225.226,10256.759,10268.925,10175.117,10226.579,1.353,13.28
2016-06-09,10199.208,10212.487,10046.23,10093.084,10201.328,10213.833,10047.548,10094.52,1.436,14.92
2016-06-10,10065.035,10081.993,9773.425,9803.724,10066.347,10083.329,9774.709,9805.123,1.399,16.34
2016-06-13,9705.399,9755.614,9597.514,9620.552,9706.761,9757.026,9598.892,9621.914,1.362,17.07
2016-06-14,9620.736,9631.609,9504.313,9574.819,9622.131,9633.1,9506.186,9575.396,0.577,20.42
2016-06-15,9569.264,9666.219,9560.434,9583.325,9570.252,9668.622,9562.832,9586.248,2.923,23.62
2016-06-16,9488.29,9663.651,9429.69,9657.695,9489.825,9666.096,9431.475,9660.415,2.72,29.36
2016-06-17,9672.356,9723.046,9575.155,9708.338,9675.225,9724.081,9576.474,9709.336,0.998,14.79
2016-06-20,9886.595,9995.093,9849.234,9926.266,9887.956,9995.924,9850.263,9927.365,1.099,5.89
2016-06-21,9980.697,10122.492,9928.495,10063.762,9983.212,10122.721,9929.515,10064.863,1.101,8.86
2016-06-22,10107.133,10151.069,10042.798,10048.247,10108.192,10152.209,10043.899,10049.295,1.048,6.44
2016-06-23,10154.498,10348.53,10102.957,10321.652,10155.604,10349.643,10104.102,10322.68,1.028,6.25
2016-06-24,9307.501,9720.91,9163.767,9489.22,9308.618,9721.987,9164.855,9490.318,1.098,8.07
2016-06-27,9421.244,9592.665,9213.644,9354.101,9422.368,9593.716,9214.708,9355.263,1.162,8.42
2016-06-28,9439.418,9554.572,9409.033,9512.681,9440.555,9555.605,9410.096,9513.728,1.047,7.08
2016-06-29,9553.307,9641.591,9503.615,9615.368,9554.379,9642.691,9504.742,9616.483,1.115,6.69
2016-06-30,9626.758,9794.594,9511.731,9752.67,9627.916,9795.621,9512.845,9754.01,1.34,8.01
2016-07-01,9727.968,9806.124,9657.657,9748.007,9729.101,9807.212,9658.722,9754.31,6.303,6.22
2016-07-04,9773.757,9811.849,9697.687,9733.18,9774.808,9812.953,9698.771,9734.68,1.5,11.09
2016-07-05,9696.686,9702.278,9464.182,9489.074,9697.814,9703.329,9465.352,9490.259,1.185,10.86
2016-07-06,9450.979,9532.619,9301.651,9441.893,9452.014,9533.71,9302.742,9443.031,1.138,7.1
2016-07-07,9431.631,9507.396,9362.405,9397.305,9432.774,9508.461,9363.5,9398.406,1.101,5.73
2016-07-08,9392.967,9654.763,9367.892,9633.857,9394.05,9655.821,9369.008,9634.94,1.083,4.97
2016-07-11,9716.403,9843.687,9685.271,9781.122,9717.517,9844.779,9686.378,9782.213,1.091,5.87
2016-07-12,9807.686,10014.947,9796.65,9948.973,9808.796,10016.009,9797.808,9950.093,1.12,6.25
2016-07-13,9936.825,10002.399,9899.491,9926.067,9937.997,10003.413,9900.65,9927.147,1.08,5.86
2016-07-14,9952.256,10111.832,9949.058,10060.018,9953.389,10112.543,9950.169,10061.153,1.135,5.95
2016-07-15,10037.971,10102.106,9975.596,10063.894,10039.086,10102.293,9976.677,10064.897,1.003,11.37
2016-07-18,10094.419,10164.981,10011.535,10055.769,10095.489,10165.948,10012.365,10056.795,1.026,8.1
2016-07-19,10030.356,10053.004,9918.353,9985.412,10032.286,10054.853,9922.964,9986.751,1.339,10.89
2016-07-20,10004.89,10148.46,9989.55,10123.829,10005.279,10149.013,9990.252,10124.81,0.981,8.39
2016-07-21,10140.826,10198.046,10087.715,10123.469,10143.211,10199.862,10089.344,10124.537,1.068,22.15
2016-07-22,10112.95,10182.53,10068.679,10156.185,10115.552,10183.426,10070.517,10158.619,2.434,15.04
2016-07-25,10117.083,10264.87,10114.493,10189.577,10121.27,10266.003,10120.459,10190.638,1.061,5.54
2016-07-26,10220.026,10278.199,10147.549,10259.381,10221.136,10278.553,10148.638,10260.52,1.139,6.63
2016-07-27,10294.583,10351.937,10281.261,10293.546,10295.677,10354.162,10283.309,10294.711,1.165,20.08
2016-07-28,10310.265,10387.755,10265.381,10343.934,10311.314,10388.809,10267.542,10350.982,7.048,20.56
2016-07-29,10341.211,10358.279,10284.563,10332.692,10342.311,10359.325,10286.507,10339.295,6.603,22.66
2016-08-01,10446.9,10471.643,10273.464,10291.055,10447.938,10474.165,10274.509,10297.812,6.757,13.76
2016-08-02,10305.767,10339.304,10113.103,10141.818,10306.886,10339.541,10115.363,10148.665,6.847,11.53
2016-08-03,10127.192,10215.961,10091.309,10211.206,10128.306,10218.127,10093.398,10212.31,1.104,32.61
2016-08-04,10211.638,10282.992,10178.832,10235.898,10212.747,10284.063,10179.919,10236.963,1.065,2.28
2016-08-05,10251.06,10373.285,10211.855,10365.206,10252.224,10374.392,10212.94,10366.292,1.086,6.22
2016-08-08,10427.734,10476.633,10399.35,10429.175,10428.821,10477.774,10400.446,10430.303,1.128,5.35
2016-08-09,10413.55,10701.805,10411.096,10673.585,10414.692,10702.876,10412.166,10674.65,1.065,6.15
2016-08-10,10693.652,10708.053,10632.624,10641.858,10694.815,10709.184,10633.789,10643.015,1.157,5.7
2016-08-11,10671.191,10741.246,10632.273,10727.858,10672.346,10742.333,10633.292,10728.99,1.132,5.63
2016-08-12,10731.721,10736.68,10683.21,10703.354,10732.788,10737.775,10684.238,10704.519,1.165,5.01
2016-08-15,10724.981,10806.039,10713.317,10730.021,10726.003,10807.116,10714.341,10731.188,1.167,3.99
2016-08-16,10698.786,10738.341,10631.976,10657.946,10699.834,10739.467,10633.097,10659.081,1.135,5.39
2016-08-17,10666.686,10703.745,10513.037,10610.924,10667.786,10704.855,10514.12,10611.941,1.017,5.9
2016-08-18,10615.582,10626.494,10547.53,10599.942,10616.619,10627.606,10548.569,10601.034,1.092,5.31
2016-08-19,10630.833,10630.833,10489.691,10560.172,10631.852,10631.925,10490.74,10561.218,1.046,5.84
2016-08-22,10532.17,10656.764,10386.068,10509.624,10533.259,10657.906,10387.098,10510.791,1.167,5.94
2016-08-23,10522.127,10624.458,10509.108,10582.641,10523.216,10625.491,10510.171,10583.842,1.201,5.35
2016-08-24,10555.387,10651.73,10514.31,10585.72,10556.435,10652.897,10515.402,10586.757,1.037,5.99
2016-08-25,10608.619,10612.587,10466.091,10504.88,10609.773,10613.701,10467.216,10506.102,1.222,7.48
2016-08-26,10510.669,10614.588,10453.033,10524.177,10511.721,10615.687,10454.173,10525.342,1.165,7.33
2016-08-29,10517.18,10571.329,10437.32,10569.333,10518.322,10572.463,10438.422,10570.477,1.144,5.99
2016-08-30,10572.876,10688.104,10569.373,10649.377,10574.02,10689.241,10570.489,10650.568,1.191,99.37
2016-08-31,10646.359,10664.981,10551.013,10582.77,10647.464,10666.831,10553.331,10588.83,6.06,959.59
2016-09-01,10613.663,10678.269,10488.548,10564.269,10614.835,10679.331,10490.33,10570.331,6.062,944.2
2016-09-02,10557.781,10726.701,10512.704,10710.469,10558.924,10729.03,10514.83,10716.531,6.062,1010.45
2016-09-05,10750.046,10750.915,10670.044,10684.082,10751.237,10752.15,10672.03,10685.154,1.072,613.27
2016-09-06,10692.464,10741.201,10654.71,10694.469,10693.598,10742.831,10656.33,10700.531,6.062,759.94
2016-09-07,10716.197,10777.21,10657.715,10742.77,10717.309,10778.53,10658.856,10748.83,6.06,611.57
2016-09-08,10750.886,10779.896,10567.107,10668.899,10752.078,10781.831,10568.219,10670.062,1.163,900.24
2016-09-09,10658.718,10671.307,10474.412,10475.059,10659.85,10673.03,10475.461,10476.135,1.076,254.9
2016-09-12,10392.967,10542.511,10321.06,10539.664,10394.034,10543.564,10322.122,10540.723,1.059,6.56
2016-09-13,10516.983,10519.118,10351.117,10412.126,10518.044,10520.182,10352.181,10413.176,1.05,6.23
2016-09-14,10435.788,10451.732,10347.963,10364.962,10436.844,10452.79,10349.025,10366.012,1.05,5.19
2016-09-15,10356.483,10475.097,10337.396,10457.588,10357.544,10476.161,10338.446,10458.65,1.062,4.74
2016-09-16,10417.106,10428.801,10245.8,10292.447,10418.169,10429.858,10246.855,10293.501,1.054,5.64
2016-09-19,10341.22,10386.628,10324.219,10345.768,10342.277,10387.683,10325.285,10346.817,1.049,5.05
2016-09-20,10359.481,10468.354,10355.964,10400.466,10360.539,10469.405,10357.013,10401.53,1.064,4.58
2016-09-21,10447.087,10536.427,10403.969,10509.417,10448.132,10537.483,10405.023,10510.485,1.068,5.28
2016-09-22,10509.243,10705.649,10492.927,10673.485,10510.293,10706.708,10493.993,10674.543,1.058,4.43
2016-09-23,10677.036,10678.449,10604.833,10613.172,10678.1,10679.514,10605.889,10614.233,1.061,5.48
2016-09-26,10559.108,10578.848,10380.222,10385.525,10560.166,10579.904,10381.277,10386.593,1.068,4.23
2016-09-27,10452.897,10467.276,10264.313,10399.46,10453.955,10468.342,10265.367,10400.51,1.05,5.9
2016-09-28,10381.786,10523.708,10372.247,10512.549,10382.839,10524.769,10373.301,10513.602,1.053,5.27
2016-09-29,10547.889,10577.277,10257.133,10288.198,10548.955,10578.332,10258.184,10289.25,1.052,5.46
2016-09-30,10252.249,10551.831,10185.556,10512.456,10253.303,10552.889,10186.633,10513.506,1.05,4.56
2016-10-04,10523.53,10646.727,10488.83,10557.925,10524.47,10647.78,10489.771,10558.973,1.048,5.54
2016-10-05,10595.067,10624.779,10484.545,10603.282,10596.13,10625.838,10485.604,10604.345,1.063,4.48
2016-10-06,10600.515,10645.306,10535.487,10597.7,10601.584,10646.361,10536.543,10598.753,1.053,4.13
2016-10-07,10571.303,10581.954,10451.93,10488.477,10572.355,10583.004,10452.987,10489.528,1.051,7.29
2016-10-10,10505.847,10648.816,10452.521,10618.951,10506.917,10649.881,10453.585,10620.01,1.059,3.64
2016-10-11,10599.749,10692.789,10544.763,10570.89,10600.814,10693.846,10545.819,10571.942,1.052,4.04
2016-10-12,10580.449,10604.016,10501.506,10545.748,10581.508,10605.074,10502.574,10546.808,1.06,4.89
2016-10-13,10460.329,10471.898,10347.559,10451.96,10461.271,10472.95,10348.617,10453.022,1.062,5.06
2016-10-14,10465.389,10617.179,10442.34,10587.441,10466.453,10618.233,10443.394,10588.512,1.071,5.05
2016-10-17,10543.479,10579.659,10485.322,10506.506,10544.533,10580.703,10486.381,10507.551,1.045,4.73
2016-10-18,10561.065,10657.828,10539.699,10627.715,10562.114,10658.883,10540.764,10628.785,1.07,4.74
2016-10-19,10625.715,10673.915,10588.616,10653.722,10626.773,10674.967,10589.671,10654.771,1.049,4.68
2016-10-20,10682.121,10749.934,10591.572,10712.826,10683.176,10750.992,10592.632,10713.87,1.044,5.5
2016-10-21,10700.577,10737.353,10670.705,10721.716,10701.633,10738.414,10671.765,10722.775,1.059,4.88
2016-10-24,10711.967,10821.879,10704.174,10774.706,10713.026,10822.935,10705.231,10775.773,1.067,4.07
2016-10-25,10787.568,10827.589,10739.41,10767.656,10788.63,10828.642,10740.472,10768.717,1.061,3.96
2016-10-26,10763.919,10768.427,10628.09,10693.991,10764.979,10769.494,10629.146,10695.053,1.062,4.88
2016-10-27,10648.25,10772.698,10644.789,10705.327,10649.304,10773.762,10645.847,10706.393,1.066,4.77
2016-10-28,10683.87,10717.352,10580.847,10648.587,10684.922,10718.407,10581.894,10649.643,1.056,5.05
2016-10-31,10684.472,10692.243,10632.283,10678.374,10685.53,10693.304,10633.342,10679.421,1.047,3.13
2016-11-01,10732.457,10739.482,10456.533,10496.06,10733.518,10740.541,10457.583,10497.122,1.062,4.41
2016-11-02,10436.063,10468.87,10334.217,10377.993,10437.121,10469.926,10335.276,10379.055,1.062,3.93
2016-11-03,10382.604,10406.992,10295.097,10300.475,10383.661,10408.04,10296.145,10301.533,1.058,4.68
2016-11-04,10319.438,10323.679,10200.885,10216.809,10320.492,10324.724,10201.944,10217.874,1.065,5.41
2016-11-07,10412.677,10468.843,10379.908,10468.186,10413.731,10469.901,10380.96,10469.254,1.068,3.93
2016-11-08,10444.597,10551.936,10411.644,10533.655,10445.652,10552.989,10412.691,10534.712,1.057,3.98
2016-11-09,10053.134,10682.948,10033.52,10659.57,10054.181,10684.02,10034.57,10660.63,1.06,6.34
2016-11-10,10701.366,10795.909,10573.859,10670.19,10702.424,10796.961,10574.922,10671.246,1.056,6.81
2016-11-11,10676.779,10711.732,10584.077,10685.182,10677.827,10712.794,10585.15,10686.244,1.062,3.94
2016-11-14,10773.704,10799.81,10668.096,10707.698,10774.763,10800.863,10669.171,10708.765,1.067,4.72
2016-11-15,10708.365,10758.988,10664.026,10757.998,10709.423,10760.043,10665.082,10759.054,1.056,3.27
2016-11-16,10780.452,10780.452,10609.565,10661.41,10781.515,10781.515,10610.625,10662.467,1.057,4.06
2016-11-17,10675.848,10731.603,10604.251,10731.186,10676.897,10732.664,10605.315,10732.248,1.062,4.43
2016-11-18,10732.423,10748.937,10648.275,10661.696,10733.479,10749.999,10649.335,10662.769,1.073,4.77
2016-11-21,10690.04,10726.969,10592.796,10712.054,10691.088,10728.023,10593.842,10713.114,1.06,2.75
2016-11-22,10773.086,10773.609,10700.397,10732.139,10774.141,10774.663,10701.454,10733.191,1.052,4.37
2016-11-23,10743.449,10746.536,10601.934,10678.821,10744.503,10747.594,10602.989,10679.876,1.055,4.28
2016-11-24,10678.237,10718.114,10652.51,10692.166,10679.291,10719.173,10653.564,10693.231,1.065,2.71
2016-11-25,10703.607,10716.675,10649.861,10704.168,10704.663,10717.737,10650.914,10705.214,1.046,2.57
2016-11-28,10677.529,10691.02,10553.699,10557.872,10678.576,10692.08,10554.757,10558.925,1.053,5.31
2016-11-29,10569.387,10647.168,10538.736,10622.651,10570.451,10648.22,10539.801,10623.707,1.056,5.81
2016-11-30,10630.043,10693.545,10604.13,10617.237,10631.105,10694.603,10605.182,10618.291,1.054,6.03
2016-12-01,10613.219,10626.779,10479.7,10487.266,10614.282,10627.831,10480.754,10488.319,1.053,6.94
2016-12-02,10473.376,10546.628,10402.02,10524.527,10474.433,10547.674,10403.083,10525.585,1.058,5.57
2016-12-05,10446.467,10734.003,10424.278,10711.946,10447.515,10735.061,10425.342,10713.008,1.062,5.97
2016-12-06,10718.968,10839.815,10666.775,10828.762,10720.022,10840.867,10667.831,10829.819,1.057,5.55
2016-12-07,10860.392,11085.926,10844.782,11044.232,10861.447,11086.986,10845.838,11045.284,1.052,5.32
2016-12-08,11031.206,11205.439,10987.286,11172.917,11032.265,11206.503,10988.342,11173.981,1.064,5.81
2016-12-09,11186.727,11237.994,11144.418,11230.714,11187.774,11239.045,11145.481,11231.766,1.052,3.6
2016-12-12,11241.8,11241.973,11141.715,11167.799,11242.853,11243.032,11142.773,11168.862,1.063,5.13
2016-12-13,11177.366,11308.293,11174.431,11277.88,11178.414,11309.347,11175.491,11278.922,1.042,4.73
2016-12-14,11275.04,11320.369,11222.045,11235.203,11276.105,11321.425,11223.099,11236.259,1.056,4.51
2016-12-15,11261.992,11397.733,11256.854,11371.115,11263.052,11398.785,11257.912,11372.175,1.06,4.79
2016-12-16,11370.398,11450.643,11350.274,11387.667,11371.452,11451.694,11351.323,11388.722,1.055,5.14
2016-12-19,11417.793,11429.13,11378.774,11398.947,11418.854,11430.189,11379.821,11399.993,1.046,3.92
2016-12-20,11413.237,11472.908,11408.066,11457.877,11414.291,11473.954,11409.125,11458.93,1.053,3.67
2016-12-21,11449.954,11480.37,11443.633,11461.49,11451.004,11481.428,11444.692,11462.543,1.053,3.75
2016-12-22,11444.321,11476.155,11426.995,11447.406,11445.384,11477.213,11428.053,11448.456,1.05,2.99
2016-12-23,11458.449,11484.478,11405.1,11452.914,11459.505,11485.531,11406.159,11453.962,1.048,2.67
2016-12-27,11424.037,11480.857,11424.037,11463.526,11425.095,11481.92,11425.095,11464.584,1.058,2.48
2016-12-28,11471.296,11478.91,11429.887,11436.888,11472.35,11479.966,11430.943,11437.934,1.046,3.17
2016-12-29,11445.333,11459.305,11409.712,11433.966,11446.387,11460.355,11410.764,11435.025,1.059,4.02
2016-12-30,11455.783,11482.851,11399.791,11442.786,11456.843,11483.907,11400.861,11443.851,1.065,3.96
2017-01-02,11417.507,11619.979,11406.518,11589.036,11418.574,11621.03,11407.576,11590.085,1.049,1.59
2017-01-03,11609.824,11647.18,11550.198,11588.187,11610.884,11648.236,11551.241,11589.233,1.046,6.44
2017-01-04,11598.265,11615.689,11527.135,11583.981,11599.333,11616.742,11528.183,11585.039,1.058,4.24
2017-01-05,11547.797,11601.875,11528.85,11570.111,11548.864,11602.941,11529.905,11571.169,1.058,3.44
2017-01-06,11569.466,11619.502,11544.209,11603.417,11570.512,11620.556,11545.255,11604.468,1.051,4.26
2017-01-09,11631.08,11633.08,11521.213,11554.029,11632.147,11634.153,11522.265,11556.071,2.042,3.73
2017-01-10,11546.529,11605.93,11544.729,11570.93,11549.071,11606.77,11545.62,11571.87,0.94,2.46
2017-01-11,11575.429,11695.729,11523.629,11655.429,11576.371,11696.771,11524.273,11658.571,3.142,3.29
2017-01-12,11620.929,11628.129,11492.63,11563.929,11621.871,11629.771,11493.57,11566.271,2.342,3.0
2017-01-13,11578.429,11635.93,11555.979,11608.224,11579.371,11638.821,11557.12,11609.273,1.049,2.8
2017-01-16,11566.829,11578.826,11529.179,11556.829,11570.671,11579.57,11530.271,11557.771,0.942,2.49
2017-01-17,11535.029,11588.03,11426.329,11548.83,11537.971,11588.97,11427.371,11553.67,4.84,3.36
2017-01-18,11587.829,11623.33,11531.029,11621.529,11590.271,11624.471,11531.41,11624.471,2.942,2.12
2017-01-19,11628.63,11645.129,11559.929,11573.729,11630.57,11646.071,11560.87,11575.671,1.942,2.25
2017-01-20,11592.43,11634.779,11546.529,11619.33,11593.97,11635.571,11547.371,11620.97,1.64,2.9
2017-01-23,11561.63,11608.129,11508.13,11568.729,11562.57,11609.071,11508.573,11570.171,1.442,3.25
2017-01-24,11572.73,11644.13,11540.129,11629.53,11575.17,11645.37,11540.82,11632.37,2.84,2.59
2017-01-25,11645.53,11831.679,11638.93,11817.83,11649.37,11832.471,11639.57,11818.87,1.04,2.83
2017-01-26,11844.829,11892.379,11819.529,11833.629,11845.193,11893.271,11820.47,11836.686,3.057,2.42
2017-01-27,11837.829,11853.238,11799.83,11810.73,11840.008,11855.254,11800.913,11811.67,0.94,2.15
2017-01-30,11772.757,11794.829,11661.179,11713.23,11773.805,11795.671,11662.431,11716.17,2.94,3.22
2017-01-31,11675.729,11732.33,11533.25,11585.13,11677.671,11733.121,11534.304,11587.297,2.167,4.29
2017-02-01,11635.63,11722.129,11609.029,11660.83,11638.07,11722.971,11609.869,11661.77,0.94,3.35
2017-02-02,11608.73,11677.33,11597.829,11654.63,11610.77,11678.27,11599.871,11658.139,3.509,4.5
2017-02-03,11626.63,11699.029,11625.329,11660.63,11629.97,11703.371,11627.691,11663.67,3.04,7.22
2017-02-06,11656.829,11682.53,11480.33,11511.229,11657.26,11684.353,11480.608,11513.571,2.342,4.85
2017-02-07,11480.83,11607.029,11463.33,11560.029,11488.67,11607.771,11464.705,11560.971,0.942,1.91
2017-02-08,11574.729,11591.524,11479.479,11555.318,11575.57,11592.544,11480.757,11556.363,1.045,6.18
2017-02-09,11571.33,11661.33,11546.129,11644.279,11572.172,11662.271,11546.875,11645.121,0.842,3.15
2017-02-10,11678.83,11720.129,11643.302,11665.83,11689.67,11720.971,11643.437,11666.371,0.541,2.91
2017-02-13,11669.329,11812.439,11668.829,11773.364,11670.271,11813.221,11669.029,11774.12,0.756,2.83
2017-02-14,11770.529,11804.258,11751.529,11795.258,11771.471,11804.97,11752.321,11796.325,1.067,5.04
2017-02-15,11812.458,11848.566,11722.65,11793.899,11813.517,11848.77,11723.42,11794.42,0.521,2.59
2017-02-16,11788.029,11813.974,11726.479,11772.485,11788.971,11814.311,11727.27,11773.541,1.056,4.48
2017-02-17,11748.33,11798.678,11691.699,11788.129,11751.87,11799.565,11692.321,11790.971,2.842,4.4
2017-02-20,11822.491,11861.281,11805.329,11825.279,11823.547,11862.17,11805.97,11829.671,4.392,2.27
2017-02-21,11828.03,11998.33,11798.399,11991.729,11828.97,11999.27,11798.636,11995.671,3.942,2.76
2017-02-22,11995.229,12032.84,11968.029,12002.58,11998.771,12033.771,11968.8,12005.92,3.34,2.38
2017-02-23,12004.729,12017.519,11927.829,11956.83,12006.271,12018.22,11928.591,11959.07,2.24,2.1
2017-02-24,11933.029,11935.53,11719.329,11833.079,11933.611,11936.371,11720.12,11837.421,4.342,3.51
2017-02-27,11835.029,11863.13,11792.33,11850.729,11835.771,11863.971,11792.97,11852.671,1.942,5.62
2017-02-28,11847.03,11854.03,11780.129,11829.13,11847.97,11854.771,11780.971,11830.47,1.34,4.2
2017-03-01,11868.405,12100.96,11859.502,12072.229,11869.461,12101.741,11859.97,12073.971,1.742,2.57
2017-03-02,12074.329,12090.36,12038.823,12046.579,12075.271,12091.271,12040.77,12050.421,3.842,7.8
2017-03-03,12011.43,12056.83,11989.767,12015.579,12013.14,12058.071,11991.534,12019.921,4.342,13.32
2017-03-06,11992.683,12001.14,11918.885,11979.579,11997.17,12002.22,11919.661,11983.921,4.342,10.07
2017-03-07,11986.229,11989.482,11933.657,11955.829,11988.971,11990.871,11934.511,11958.171,2.342,9.31
2017-03-08,11929.23,12019.839,11916.666,11943.08,11931.97,12020.821,11918.471,11945.42,2.34,15.37
2017-03-09,11947.079,12026.64,11918.07,11986.079,11949.37,12027.471,11918.871,11989.421,3.342,13.26
2017-03-10,12012.229,12067.1,11932.849,11959.53,12014.421,12068.32,11933.771,11963.87,4.34,12.84
2017-03-13,11956.629,12017.329,11947.529,12006.079,11961.371,12019.271,11948.221,12008.421,2.342,9.43
2017-03-14,12007.941,12011.83,11927.889,11991.33,12010.271,12012.671,11929.771,11993.67,2.34,13.48
2017-03-15,12000.53,12063.579,11977.169,12057.83,12002.67,12065.671,11979.371,12059.07,1.24,8.79
2017-03-16,12099.829,12180.029,12044.861,12079.53,12105.571,12180.951,12046.771,12080.47,0.94,4.28
2017-03-17,12045.276,12117.83,12017.132,12080.926,12047.22,12118.821,12018.12,12081.986,1.06,11.1
2017-03-20,12039.329,12080.329,12026.829,12044.23,12041.921,12083.32,12027.72,12048.255,4.025,5.92
2017-03-21,12065.53,12112.179,11893.53,11906.779,12066.47,12112.771,11895.969,11911.121,4.342,7.99
2017-03-22,11872.579,11948.03,11849.329,11929.74,11873.571,11949.915,11849.971,11935.58,5.84,8.85
2017-03-23,11946.157,12045.83,11893.629,12014.08,11947.215,12047.119,11894.37,12017.42,3.34,9.44
2017-03-24,12045.63,12097.517,12007.529,12075.82,12047.66,12098.899,12009.957,12076.885,1.065,8.71
2017-03-27,11992.38,12032.83,11914.379,12028.58,11997.522,12033.77,11915.271,12032.42,3.84,4.22
2017-03-28,12082.53,12185.53,12040.93,12177.029,12083.47,12187.671,12042.271,12180.771,3.742,2.11
2017-03-29,12164.729,12236.689,12163.23,12201.579,12165.771,12237.371,12163.97,12204.921,3.342,2.38
2017-03-30,12203.329,12261.33,12193.349,12256.079,12205.871,12261.971,12194.09,12260.421,4.342,1.7
2017-03-31,12224.03,12341.93,12217.33,12317.079,12225.27,12343.621,12218.111,12321.421,4.342,2.0
2017-04-03,12337.829,12387.009,12209.33,12284.079,12338.771,12387.771,12210.27,12288.421,4.342,2.14
2017-04-04,12256.329,12298.83,12227.24,12294.929,12257.271,12299.771,12227.97,12297.671,2.742,1.8
2017-04-05,12296.43,12297.329,12171.529,12174.429,12298.67,12298.671,12172.271,12176.371,1.942,1.4
2017-04-06,12136.43,12243.03,12114.53,12220.83,12138.37,12244.671,12115.47,12221.77,0.94,1.6
2017-04-07,12180.83,12252.33,12141.129,12226.129,12181.77,12253.27,12142.97,12229.071,2.942,1.54
2017-04-10,12235.83,12270.67,12174.329,12184.929,12236.77,12271.87,12174.93,12187.771,2.842,1.82
2017-04-11,12175.079,12221.02,12043.529,12178.88,12177.681,12221.88,12044.77,12184.22,5.34,2.38
2017-04-12,12174.229,12241.329,12119.529,12135.02,12177.071,12242.621,12120.45,12139.66,4.64,2.39
2017-04-13,12147.029,12154.04,12064.68,12086.829,12147.971,12154.971,12065.77,12087.771,0.942,2.15
2017-04-18,12162.079,12181.68,11955.29,11994.579,12167.921,12185.421,11956.27,11996.921,2.342,2.72
2017-04-19,12011.79,12038.34,11966.83,11973.83,12013.47,12039.57,11967.77,11978.17,4.34,1.94
2017-04-20,11993.789,12062.829,11942.029,12039.529,11996.471,12064.671,11942.971,12043.171,3.642,2.1
2017-04-21,12048.829,12092.23,12007.88,12076.33,12049.771,12094.471,12009.471,12080.47,4.14,1.47
2017-04-24,12284.33,12480.33,12249.329,12463.23,12294.87,12481.27,12251.471,12466.37,3.14,1.58
2017-04-25,12448.279,12494.53,12436.83,12472.03,12449.221,12496.67,12437.77,12475.57,3.54,1.13
2017-04-26,12482.83,12486.329,12425.83,12430.429,12483.57,12487.57,12428.27,12431.971,1.542,1.17
2017-04-27,12435.03,12474.63,12422.529,12441.73,12435.97,12476.47,12423.471,12444.57,2.84,1.09
2017-04-28,12434.73,12457.03,12404.38,12431.029,12437.57,12458.671,12406.57,12433.471,2.442,1.01
2017-05-02,12454.53,12529.53,12426.68,12521.43,12455.47,12530.471,12428.97,12523.27,1.84,0.96
2017-05-03,12508.029,12536.53,12475.88,12529.33,12508.971,12537.47,12476.97,12533.27,3.94,2.04
2017-05-04,12545.83,12652.33,12532.23,12643.33,12546.77,12653.27,12533.471,12645.47,2.14,2.49
2017-05-05,12610.529,12833.33,12595.329,12819.329,12611.476,12834.47,12596.271,12823.971,4.642,2.34
2017-05-08,12802.829,12812.83,12657.38,12701.729,12803.771,12813.771,12658.27,12703.371,1.642,2.1
2017-05-09,12705.029,12785.33,12703.829,12745.529,12705.971,12785.871,12704.771,12748.771,3.242,0.73
2017-05-10,12730.029,12779.53,12709.329,12766.43,12734.271,12781.02,12711.27,12767.87,1.44,0.78
2017-05-11,12759.03,12772.13,12658.529,12736.83,12759.97,12774.27,12659.77,12737.77,0.94,1.15
2017-05-12,12712.13,12787.829,12706.53,12783.83,12715.37,12788.771,12707.47,12784.77,0.94,0.95
2017-05-15,12811.829,12840.83,12724.029,12806.129,12812.471,12841.87,12724.971,12807.471,1.342,1.47
2017-05-16,12793.83,12839.38,12770.829,12801.529,12799.47,12840.671,12771.871,12802.471,0.942,2.05
2017-05-17,12744.53,12788.83,12544.83,12546.029,12745.47,12789.721,12546.971,12546.971,0.942,2.82
2017-05-18,12574.83,12642.73,12493.279,12613.23,12575.77,12644.17,12494.37,12616.67,3.44,3.92
2017-05-19,12624.329,12656.53,12590.829,12627.229,12625.271,12657.471,12592.471,12629.371,2.142,1.39
2017-05-22,12664.829,12687.529,12566.529,12627.029,12665.371,12688.471,12567.471,12627.971,0.942,1.5
2017-05-23,12598.229,12703.279,12584.729,12666.029,12600.871,12704.271,12586.77,12666.971,0.942,2.55
2017-05-24,12647.829,12661.629,12612.329,12640.829,12648.371,12665.671,12613.771,12646.171,5.342,1.2
2017-05-25,12677.329,12710.329,12538.83,12619.029,12678.971,12713.171,12540.471,12619.971,0.942,1.61
2017-05-26,12597.329,12610.324,12528.029,12599.229,12598.271,12611.871,12528.871,12601.871,2.642,1.46
2017-05-29,12617.53,12646.03,12575.829,12623.33,12618.47,12647.97,12577.27,12628.67,5.34,0.62
2017-05-30,12610.73,12648.829,12564.33,12587.33,12612.87,12650.37,12565.27,12588.27,0.94,1.44
2017-05-31,12577.729,12709.83,12577.229,12630.03,12579.871,12712.17,12578.27,12630.97,0.94,1.97
2017-06-01,12645.829,12698.03,12616.829,12695.829,12646.771,12699.67,12619.871,12696.771,0.942,1.45
2017-06-02,12744.229,12880.529,12728.729,12842.73,12746.371,12883.17,12730.07,12845.37,2.64,1.86
2017-06-06,12780.929,12794.329,12651.329,12666.03,12781.671,12795.67,12654.971,12666.97,0.94,1.7
2017-06-07,12670.03,12747.329,12635.83,12694.029,12670.97,12748.671,12638.271,12694.971,0.942,1.37
2017-06-08,12696.529,12743.53,12671.329,12728.629,12697.471,12746.17,12673.971,12730.571,1.942,1.32
2017-06-09,12727.63,12822.03,12698.83,12771.329,12730.57,12823.27,12701.771,12778.171,6.842,1.63
2017-06-12,12766.33,12786.03,12661.83,12703.529,12767.27,12787.071,12665.47,12704.471,0.942,1.58
2017-06-13,12700.33,12811.83,12695.129,12799.03,12702.97,12813.17,12696.271,12799.97,0.94,1.01
2017-06-14,12783.829,12924.329,12779.029,12835.53,12784.771,12926.671,12779.971,12836.47,0.94,1.51
2017-06-15,12812.13,12814.53,12614.83,12697.13,12812.97,12816.67,12617.771,12702.87,5.74,1.23
2017-06-16,12716.83,12764.53,12706.329,12758.03,12718.57,12766.671,12709.37,12759.37,1.34,1.28
2017-06-19,12795.829,12917.029,12793.829,12908.53,12796.771,12918.171,12796.77,12909.47,0.94,1.07
2017-06-20,12932.529,12955.53,12781.33,12811.83,12933.471,12957.971,12783.47,12812.77,0.94,0.83
2017-06-21,12791.33,12806.33,12706.829,12765.329,12792.27,12809.77,12709.97,12766.271,0.942,1.05
2017-06-22,12783.03,12807.33,12713.33,12772.83,12783.97,12810.671,12716.97,12777.37,4.54,0.83
2017-06-23,12795.329,12796.03,12674.53,12733.629,12796.271,12796.97,12677.471,12736.471,2.842,0.99
2017-06-26,12756.329,12841.83,12749.729,12768.03,12757.271,12842.77,12751.471,12771.67,3.64,0.84
2017-06-27,12750.53,12758.33,12588.029,12598.529,12755.17,12759.27,12590.471,12599.471,0.942,1.48
2017-06-28,12576.43,12690.529,12535.229,12674.3,12578.97,12691.171,12538.271,12675.27,0.97,43.24
2017-06-29,12728.529,12734.83,12347.479,12400.629,12729.471,12735.771,12349.521,12402.571,1.942,597.76
2017-06-30,12406.73,12458.78,12310.129,12374.529,12410.57,12459.871,12311.82,12378.82,4.291,400.92
2017-07-03,12408.529,12486.98,12384.129,12440.829,12409.471,12488.52,12386.521,12446.171,5.342,332.67
2017-07-04,12437.229,12483.979,12413.829,12443.329,12441.271,12485.021,12415.82,12448.171,4.842,215.14
2017-07-05,12430.829,12498.98,12403.529,12481.729,12431.771,12500.321,12405.021,12483.271,1.542,334.58
2017-07-06,12477.829,12489.83,12313.63,12347.03,12478.771,12492.521,12316.02,12351.52,4.49,432.94
2017-07-07,12349.83,12424.98,12334.629,12417.53,12350.77,12427.02,12337.52,12423.02,5.49,270.95
2017-07-10,12456.93,12483.979,12400.829,12452.729,12459.27,12485.021,12404.021,12455.271,2.542,219.88
2017-07-11,12468.33,12540.28,12413.129,12481.129,12474.27,12541.32,12416.021,12488.32,7.191,255.63
2017-07-12,12470.529,12655.479,12451.53,12632.529,12471.171,12658.52,12455.82,12638.02,5.491,239.99
2017-07-13,12656.829,12677.48,12613.479,12650.709,12657.771,12678.52,12614.471,12652.331,1.622,282.48
2017-07-14,12648.48,12663.33,12574.33,12647.329,12654.52,12666.32,12576.47,12651.82,4.491,267.54
2017-07-17,12654.03,12673.279,12538.729,12580.28,12654.97,12676.821,12540.52,12586.32,6.04,263.2
2017-07-18,12556.33,12574.78,12383.979,12437.829,12560.67,12576.021,12385.02,12443.321,5.492,278.17
2017-07-19,12454.23,12489.28,12414.729,12480.83,12455.0,12491.32,12416.471,12482.3,1.47,212.68
2017-07-20,12501.929,12573.33,12388.33,12446.329,12505.271,12575.27,12390.47,12447.8,1.471,237.09
2017-07-21,12437.73,12463.53,12189.78,12251.329,12440.77,12466.521,12190.82,12252.271,0.942,236.12
2017-07-24,12230.73,12254.779,12140.829,12247.529,12231.47,12256.821,12141.77,12251.821,4.292,427.76
2017-07-25,12245.779,12302.279,12209.829,12264.529,12251.821,12303.321,12210.971,12265.471,0.942,378.43
2017-07-26,12254.029,12342.329,12243.48,12259.029,12259.32,12345.02,12244.77,12260.4,1.371,520.33
2017-07-27,12282.729,12295.48,12145.03,12189.029,12285.571,12297.52,12148.02,12193.52,4.491,486.7
2017-07-28,12143.729,12183.98,12094.83,12172.43,12146.271,12185.32,12096.821,12177.32,4.89,527.91
2017-07-31,12151.029,12209.53,12082.729,12096.829,12151.971,12212.521,12085.071,12105.521,8.692,225.5
2017-08-01,12132.329,12305.279,12087.529,12252.48,12133.271,12306.321,12088.471,12258.52,6.04,387.0
2017-08-02,12266.829,12281.6,12151.51,12183.829,12270.771,12283.52,12153.32,12189.32,5.491,353.13
2017-08-03,12174.03,12185.979,12095.729,12141.03,12174.97,12187.021,12099.27,12141.97,0.94,283.55
2017-08-04,12146.779,12324.78,12125.979,12292.48,12148.821,12325.82,12127.02,12298.52,6.04,402.12
2017-08-07,12312.479,12337.78,12223.479,12249.829,12314.521,12339.321,12224.021,12250.771,0.942,203.4
2017-08-08,12235.979,12331.479,12184.329,12238.829,12238.021,12332.27,12185.171,12243.671,4.842,274.17
2017-08-09,12204.03,12228.329,12097.479,12176.83,12204.97,12229.02,12098.32,12177.77,0.94,226.32
2017-08-10,12148.5,12163.329,11947.479,11957.0,12149.02,12164.67,11949.021,11957.971,0.971,224.98
2017-08-11,11962.53,12049.11,11935.479,11999.0,11963.32,12049.82,11936.52,11999.971,0.971,210.68
2017-08-14,12096.5,12196.529,12079.479,12162.829,12097.021,12197.471,12081.521,12166.52,3.691,206.75
2017-08-15,12208.48,12234.979,12154.979,12201.15,12210.52,12236.021,12156.021,12202.271,1.121,196.33
2017-08-16,12202.479,12301.53,12202.479,12234.8,12204.521,12302.47,12204.521,12236.271,1.471,213.47
2017-08-17,12244.53,12291.28,12121.029,12121.43,12244.82,12292.32,12121.825,12123.97,2.54,194.3
2017-08-18,12142.33,12199.0,12081.03,12161.65,12143.27,12199.771,12081.97,12162.77,1.12,177.82
2017-08-21,12156.28,12156.479,12018.98,12072.529,12158.32,12158.521,12019.77,12073.471,0.942,160.53
2017-08-22,12112.78,12255.03,12110.329,12253.829,12113.3,12255.97,12111.27,12254.771,0.942,183.58
2017-08-23,12241.029,12272.03,12155.03,12186.129,12241.971,12273.371,12155.97,12187.871,1.742,1.46
2017-08-24,12180.329,12259.33,12170.029,12180.03,12181.271,12260.271,12170.971,12180.97,0.94,1.26
2017-08-25,12214.829,12252.329,12131.329,12173.829,12215.771,12253.671,12133.67,12174.771,0.942,1.2
2017-08-28,12143.529,12177.029,12063.83,12131.03,12144.271,12178.171,12065.47,12131.97,0.94,0.95
2017-08-29,12072.029,12079.329,11867.13,11986.829,12072.971,12080.271,11870.47,11992.171,5.342,1.53
2017-08-30,12019.43,12043.029,11989.53,12025.029,12020.27,12044.071,11990.47,12025.971,0.942,1.11
2017-08-31,12067.529,12118.529,12033.43,12064.83,12068.471,12119.971,12035.97,12069.67,4.84,1.03
2017-09-01,12086.83,12194.829,12081.329,12150.329,12087.77,12195.771,12082.27,12155.671,5.342,1.09
2017-09-04,12061.529,12142.53,12036.33,12128.03,12062.271,12144.67,12037.27,12128.97,0.94,0.79
2017-09-05,12118.83,12214.829,12044.029,12074.33,12119.77,12215.771,12044.971,12075.27,0.94,1.53
2017-09-06,12079.329,12306.329,12055.829,12285.229,12080.271,12307.071,12056.77,12288.071,2.842,1.61
2017-09-07,12274.33,12370.13,12268.33,12321.43,12275.17,12370.971,12269.27,12323.37,1.94,1.58
2017-09-08,12274.729,12323.029,12243.03,12289.629,12276.671,12324.671,12244.77,12291.371,1.742,1.3
2017-09-11,12388.629,12508.53,12374.329,12494.829,12390.671,12510.67,12375.271,12495.771,0.942,1.05
2017-09-12,12505.83,12559.329,12501.53,12517.329,12506.77,12560.271,12502.47,12518.271,0.942,1.04
2017-09-13,12509.329,12567.83,12478.43,12551.029,12510.271,12569.07,12481.47,12551.971,0.942,0.97
2017-09-14,12534.329,12557.33,12498.529,12548.03,12535.271,12558.87,12499.47,12548.97,0.94,0.84
2017-09-15,12532.03,12563.53,12506.529,12535.83,12532.875,12565.671,12507.47,12536.77,0.94,1.03
2017-09-18,12594.03,12615.829,12534.829,12561.53,12594.97,12617.371,12535.771,12562.47,0.94,0.97
2017-09-19,12567.03,12567.03,12525.529,12556.529,12567.97,12567.97,12526.771,12557.471,0.942,1.07
2017-09-20,12558.03,12640.03,12515.529,12637.83,12558.97,12642.37,12516.47,12638.77,0.94,1.23
2017-09-21,12611.029,12620.729,12581.229,12596.329,12611.971,12622.571,12582.77,12597.271,0.942,1.14
2017-09-22,12560.83,12647.829,12558.329,12613.529,12561.77,12649.67,12559.271,12614.471,0.942,1.2
2017-09-25,12571.83,12635.53,12551.53,12574.329,12572.77,12636.971,12552.47,12575.271,0.942,1.4
2017-09-26,12571.529,12631.029,12551.529,12601.53,12573.471,12632.771,12552.971,12602.47,0.94,1.22
2017-09-27,12630.53,12703.83,12623.529,12680.03,12631.47,12704.67,12624.471,12680.97,0.94,1.29
2017-09-28,12696.529,12725.529,12664.029,12717.03,12697.471,12726.47,12665.471,12717.97,0.94,1.14
2017-09-29,12726.33,12848.53,12720.83,12844.53,12727.27,12849.47,12721.77,12845.47,0.94,1.15
2017-10-02,12889.329,12916.03,12847.73,12910.33,12890.271,12917.67,12848.971,12911.27,0.94,1.06
2017-10-04,12946.029,12982.83,12893.33,12942.829,12946.971,12985.17,12894.27,12943.771,0.942,1.3
2017-10-05,12949.729,12988.529,12932.63,12983.029,12950.271,12990.071,12934.07,12983.971,0.942,1.22
2017-10-06,12985.829,12993.63,12940.929,12968.129,12986.771,12995.57,12941.77,12971.571,3.442,1.19
2017-10-09,12977.629,12997.53,12936.03,12943.33,12978.271,12998.471,12936.97,12944.27,0.94,0.96
2017-10-10,12960.329,12982.83,12907.83,12959.829,12961.271,12984.071,12910.47,12960.771,0.942,1.39
2017-10-11,12972.829,12984.93,12924.529,12973.33,12973.771,12986.171,12925.47,12974.27,0.94,1.08
2017-10-12,12973.33,13003.68,12943.029,12977.029,12974.07,13004.571,12943.971,12977.971,0.942,0.98
2017-10-13,13002.129,13039.93,12964.029,12997.329,13002.971,13040.471,12964.87,12998.271,0.942,1.06
2017-10-16,13014.029,13027.83,12978.829,13000.33,13014.971,13029.67,12979.77,13001.27,0.94,0.98
2017-10-17,13004.829,13034.48,12967.33,13008.029,13005.771,13035.571,12968.27,13008.971,0.942,1.03
2017-10-18,13012.829,13094.78,13003.629,13051.779,13013.771,13095.821,13006.27,13057.821,6.042,172.0
2017-10-19,13045.979,13046.78,12908.779,12993.779,13048.021,13048.821,12909.821,12999.821,6.042,366.54
2017-10-20,13029.78,13064.28,12954.279,12985.779,13031.82,13065.32,12955.32,12991.821,6.042,229.26
2017-10-23,12991.78,13068.98,12972.78,12981.979,12993.82,13070.021,12973.82,12988.021,6.042,230.64
2017-10-24,12996.78,13055.78,12982.98,13014.48,12998.82,13056.82,12984.02,13020.52,6.04,252.04
2017-10-25,13000.479,13048.279,12912.779,12966.779,13002.521,13049.321,12914.821,12972.821,6.042,370.49
2017-10-26,12968.779,13166.979,12940.479,13155.78,12970.821,13169.021,12941.521,13161.82,6.04,428.88
2017-10-27,13184.78,13251.479,13181.279,13215.48,13186.82,13252.521,13183.321,13221.52,6.04,315.27
2017-10-30,13213.48,13254.98,13207.78,13228.279,13215.52,13256.021,13209.82,13234.321,6.042,225.41
2017-10-31,13241.779,13299.28,13238.279,13283.479,13247.821,13305.321,13244.32,13289.521,6.042,117.98
2017-11-01,13318.979,13489.979,13317.279,13464.48,13321.021,13491.021,13319.32,13470.52,6.04,335.67
2017-11-02,13436.479,13469.28,13403.479,13465.279,13438.521,13472.021,13404.521,13471.321,6.042,331.22
2017-11-03,13476.78,13504.48,13427.28,13468.279,13478.82,13505.521,13428.32,13474.321,6.042,287.44
2017-11-06,13474.98,13479.98,13439.279,13467.78,13477.02,13481.02,13440.321,13473.82,6.04,265.05
2017-11-07,13511.48,13532.779,13337.779,13367.98,13513.52,13534.821,13339.821,13374.02,6.04,410.0
2017-11-08,13372.28,13420.279,13344.279,13391.479,13374.32,13421.321,13345.32,13397.521,6.042,367.12
2017-11-09,13370.979,13403.779,13105.779,13182.479,13373.021,13404.821,13107.821,13188.521,6.042,574.85
2017-11-10,13180.78,13216.979,13109.479,13123.779,13182.82,13218.021,13110.521,13129.821,6.042,454.69
2017-11-13,13144.779,13164.779,12960.0,13105.479,13146.821,13165.821,12960.821,13111.521,6.042,356.73
2017-11-14,13083.48,13137.979,13001.279,13037.779,13085.52,13139.021,13002.321,13043.821,6.042,363.98
2017-11-15,12980.48,12998.279,12846.979,12953.98,12982.52,12999.321,12848.021,12960.02,6.04,511.22
2017-11-16,13038.279,13096.78,13004.979,13083.279,13040.321,13098.821,13006.021,13089.321,6.042,425.34
2017-11-17,13047.779,13088.98,12965.479,12976.78,13049.821,13090.02,12967.52,12982.82,6.04,430.62
2017-11-20,12878.779,13087.48,12856.279,13051.279,12880.821,13088.52,12858.321,13057.321,6.042,477.44
2017-11-21,13070.279,13212.48,13024.28,13172.479,13072.321,13213.521,13025.32,13178.521,6.042,455.74
2017-11-22,13181.779,13190.78,12964.979,12976.279,13183.821,13191.821,12967.021,12982.321,6.042,468.2
2017-11-23,12975.48,13052.279,12903.979,13005.279,12977.52,13053.321,12906.021,13011.321,6.042,366.78
2017-11-24,13024.28,13163.28,12978.779,13064.779,13026.32,13164.32,12979.821,13070.821,6.042,420.54
2017-11-27,13035.779,13118.98,12987.779,13009.979,13037.821,13120.021,12988.82,13016.021,6.042,423.16
2017-11-28,13011.78,13130.28,12965.28,13114.779,13013.82,13132.32,12966.32,13120.821,6.042,471.17
2017-11-29,13143.28,13196.479,13028.78,13055.279,13145.32,13197.521,13030.82,13061.321,6.042,458.61
2017-11-30,13058.98,13178.779,13021.48,13044.979,13061.02,13179.821,13023.52,13051.021,6.042,472.51
2017-12-01,13062.779,13065.98,12810.279,12944.279,13064.821,13068.02,12811.321,12950.321,6.042,586.45
2017-12-04,13026.98,13121.479,12974.979,13028.779,13029.02,13122.521,12976.021,13034.821,6.042,491.64
2017-12-05,13067.779,13095.479,12958.279,13003.279,13069.821,13096.521,12959.32,13009.321,6.042,506.43
2017-12-06,12933.98,13035.779,12861.779,12998.78,12936.02,13036.821,12862.821,13004.82,6.04,500.03
2017-12-07,13048.479,13105.48,12986.48,13094.779,13050.521,13107.52,12987.52,13100.821,6.042,419.55
2017-12-08,13158.78,13242.48,13137.279,13159.779,13160.82,13243.52,13138.32,13165.821,6.042,390.32
2017-12-11,13188.48,13202.78,13112.28,13151.28,13190.52,13204.82,13113.32,13157.32,6.04,348.54
2017-12-12,13146.78,13185.48,13078.779,13168.28,13148.82,13187.52,13079.821,13174.32,6.04,351.02
2017-12-13,13177.48,13191.78,13068.779,13071.479,13183.52,13192.82,13070.821,13077.521,6.042,287.94
2017-12-14,13085.279,13162.779,13008.98,13028.78,13087.321,13163.821,13010.02,13034.82,6.04,335.74
2017-12-15,13049.78,13138.98,13005.98,13122.279,13051.82,13141.021,13007.02,13128.321,6.042,349.55
2017-12-18,13206.779,13334.48,13190.28,13308.78,13208.821,13335.521,13192.32,13314.82,6.04,340.01
2017-12-19,13321.98,13336.78,13202.479,13226.779,13324.02,13337.82,13204.521,13232.821,6.042,289.79
2017-12-20,13243.78,13252.28,13021.779,13070.28,13245.82,13253.321,13022.821,13076.32,6.04,413.46
2017-12-21,13055.479,13139.479,13012.779,13070.779,13057.521,13140.521,13013.821,13076.821,6.042,323.88
2017-12-22,13071.779,13108.28,13050.479,13076.279,13073.821,13109.32,13052.521,13082.321,6.042,237.92
2017-12-26,13062.58,13077.68,13054.479,13068.18,13068.62,13083.721,13060.52,13074.22,6.04,74.72
2017-12-27,13063.48,13132.98,13015.979,13058.279,13065.52,13134.02,13017.021,13064.321,6.042,263.53
2017-12-28,13056.98,13070.48,12963.48,12987.28,13059.02,13071.521,12964.52,12993.32,6.04,225.3
2017-12-29,12992.48,12998.98,12831.979,12859.979,12994.52,13001.02,12833.021,12866.021,6.042,275.13
2018-01-02,12926.279,12946.78,12746.979,12889.279,12928.321,12948.82,12748.021,12895.321,6.042,386.63
2018-01-03,12916.779,13024.48,12890.779,13011.279,12918.821,13025.321,12891.821,13017.321,6.042,342.28
2018-01-04,13040.279,13209.279,13036.479,13167.479,13042.321,13210.321,13038.52,13173.521,6.042,379.85
2018-01-05,13188.28,13342.78,13174.279,13333.279,13190.32,13344.82,13176.32,13339.321,6.042,358.11
2018-01-08,13385.98,13412.78,13332.779,13368.979,13388.02,13414.82,13333.821,13375.021,6.042,338.38
2018-01-09,13374.279,13426.78,13359.979,13395.98,13376.321,13427.82,13361.02,13402.02,6.04,322.29
2018-01-10,13366.479,13380.779,13224.479,13261.979,13368.521,13381.821,13225.521,13268.021,6.042,429.18
2018-01-11,13293.28,13302.28,13149.48,13243.28,13295.32,13304.321,13150.52,13249.32,6.04,366.92
2018-01-12,13242.48,13266.28,13165.479,13238.279,13244.52,13267.32,13166.521,13244.321,6.042,324.1
2018-01-15,13246.479,13257.28,13171.479,13193.279,13248.521,13259.32,13172.52,13199.321,6.042,241.43
2018-01-16,13220.979,13352.78,13133.48,13147.48,13223.021,13353.821,13135.52,13153.52,6.04,504.51
2018-01-17,13190.48,13258.279,13135.28,13237.48,13192.52,13260.321,13136.32,13243.52,6.04,396.04
2018-01-18,13229.78,13305.979,13200.479,13282.779,13231.82,13308.021,13201.521,13288.821,6.042,406.66
2018-01-19,13266.48,13473.78,13257.78,13462.279,13268.52,13475.821,13259.82,13468.321,6.042,402.67
2018-01-22,13457.78,13518.78,13410.48,13504.279,13459.82,13520.82,13411.52,13510.321,6.042,323.1
2018-01-23,13568.48,13599.98,13515.779,13569.479,13570.52,13602.021,13516.82,13575.521,6.042,389.55
2018-01-24,13564.479,13574.979,13370.979,13422.979,13566.521,13576.021,13373.02,13429.021,6.042,458.22
2018-01-25,13402.98,13444.779,13220.98,13316.479,13405.02,13445.821,13222.02,13322.521,6.042,551.63
2018-01-26,13311.979,13390.13,13264.779,13388.279,13314.021,13391.571,13265.821,13390.121,1.842,242.35
2018-01-29,13362.475,13371.39,13272.48,13307.279,13363.411,13372.661,13273.261,13312.621,5.342,580.72
2018-01-30,13221.279,13312.389,13171.479,13194.28,13223.321,13313.211,13173.25,13200.221,5.941,779.87
2018-01-31,13209.979,13270.39,13157.98,13194.78,13214.31,13271.311,13159.02,13200.82,6.04,396.36
2018-02-01,13252.279,13298.98,12933.73,12964.779,13254.321,13299.911,12935.57,12970.821,6.042,628.57
2018-02-02,12978.479,12980.779,12694.179,12709.179,12980.521,12982.821,12698.52,12714.321,5.142,786.75
2018-02-05,12681.28,12752.25,12143.63,12264.28,12683.32,12754.021,12146.47,12272.32,8.04,820.41
2018-02-06,12216.68,12649.28,12163.079,12643.729,12219.821,12651.821,12166.82,12650.821,7.092,909.97
2018-02-07,12490.879,12651.78,12410.11,12531.33,12496.02,12652.821,12413.641,12538.52,7.19,654.35
2018-02-08,12518.0,12548.28,12129.879,12129.879,12522.02,12552.521,12137.32,12137.321,7.442,745.21
2018-02-09,12214.7,12298.479,11905.329,12212.779,12219.82,12299.521,11907.771,12221.82,9.041,1064.22
2018-02-12,12268.5,12381.279,12216.76,12347.779,12272.521,12382.321,12218.87,12353.32,5.541,773.03
2018-02-13,12286.33,12299.279,12180.589,12251.779,12290.521,12300.321,12181.751,12253.87,2.091,547.29
2018-02-14,12273.979,12443.78,12071.03,12414.979,12276.021,12445.821,12072.471,12417.62,2.641,553.09
2018-02-15,12450.15,12482.479,12271.889,12356.879,12451.25,12484.521,12273.051,12362.021,5.142,634.61
2018-02-16,12381.13,12534.89,12365.249,12485.579,12383.52,12537.321,12366.071,12491.521,5.942,254.8
2018-02-19,12523.889,12533.84,12359.03,12393.28,12526.32,12536.021,12360.321,12397.32,4.04,4.12
2018-02-20,12393.729,12504.479,12331.779,12430.279,12395.02,12506.371,12332.81,12434.12,3.841,750.31
2018-02-21,12467.279,12511.979,12369.089,12394.28,12468.55,12515.1,12369.86,12398.12,3.84,801.17
2018-02-22,12375.279,12500.139,12279.889,12426.279,12376.49,12501.521,12281.051,12432.321,6.042,831.53
2018-02-23,12507.78,12549.979,12429.979,12540.979,12509.82,12552.67,12431.02,12545.971,4.992,623.96
2018-02-26,12576.479,12602.28,12481.48,12583.28,12579.0,12604.671,12482.52,12587.67,4.39,498.45
2018-02-27,12552.78,12578.48,12424.779,12427.98,12554.37,12579.991,12427.21,12433.12,5.14,876.83
2018-02-28,12435.479,12518.28,12361.779,12363.98,12438.361,12521.471,12364.41,12369.121,5.141,832.91
2018-03-01,12382.979,12400.78,12010.479,12064.78,12385.601,12403.47,12012.531,12068.12,3.34,521.56
2018-03-02,12088.389,12088.389,11876.021,12003.1,12089.551,12089.551,11877.021,12004.44,1.34,174.2
2018-03-05,11905.48,12181.18,11728.7,12167.92,11906.48,12182.52,11731.52,12169.26,1.34,12.25
2018-03-06,12206.8,12272.559,12103.8,12157.55,12208.64,12274.401,12105.14,12161.321,3.771,11.78
2018-03-07,11997.1,12276.48,11995.1,12260.92,12000.521,12277.82,11997.82,12262.26,1.34,65.41
2018-03-08,12258.54,12383.5,12175.709,12346.929,12260.38,12384.5,12176.709,12348.271,1.342,66.88
2018-03-09,12350.369,12410.779,12283.021,12372.34,12352.211,12411.779,12284.021,12373.68,1.34,13.12
2018-03-12,12426.779,12476.279,12358.521,12397.279,12427.891,12478.321,12359.521,12403.321,6.042,11.32
2018-03-13,12431.28,12459.821,12115.769,12151.979,12432.52,12460.821,12116.82,12158.021,6.042,10.73
2018-03-14,12179.48,12324.78,12165.459,12254.28,12181.32,12325.78,12167.02,12260.32,6.04,20.59
2018-03-15,12274.98,12382.67,12238.521,12379.979,12276.16,12387.02,12239.52,12386.021,6.042,15.5
2018-03-16,12352.779,12451.639,12334.04,12394.03,12358.821,12454.02,12335.52,12395.37,1.34,48.83
2018-03-19,12358.751,12370.479,12158.279,12243.78,12359.751,12371.521,12160.32,12249.82,6.04,17.24
2018-03-20,12275.32,12346.779,12188.779,12341.279,12276.32,12348.521,12189.779,12344.321,3.042,3.91
2018-03-21,12332.28,12369.98,12216.86,12257.98,12333.28,12372.02,12220.32,12264.02,6.04,33.24
2018-03-22,12238.499,12269.399,11969.68,11985.479,12241.321,12270.82,11971.82,11991.521,6.042,108.06
2018-03-23,11940.59,12002.279,11755.979,11781.479,11942.32,12003.821,11757.711,11787.521,6.042,38.42
2018-03-26,11904.059,11984.159,11704.28,11918.48,11905.52,11985.211,11705.32,11922.69,4.21,79.12
2018-03-27,11974.98,12043.021,11800.289,11851.77,11977.02,12044.021,11801.631,11853.11,1.34,11.91
2018-03-28,11856.569,12011.78,11768.021,11935.279,11858.411,12013.82,11769.021,11941.32,6.041,180.26
2018-03-29,11930.479,12163.28,11930.479,12121.479,11932.32,12165.321,11932.32,12127.521,6.042,52.96
2018-04-03,11988.48,12069.98,11911.48,12055.28,11990.52,12071.02,11912.52,12061.32,6.04,54.19
2018-04-04,12021.779,12077.279,11791.78,12067.28,12023.821,12079.321,11792.82,12073.32,6.04,54.63
2018-04-05,12099.98,12327.279,12099.28,12278.28,12102.02,12328.321,12101.32,12284.32,6.04,43.87
2018-04-06,12213.28,12292.48,12148.279,12180.779,12215.32,12293.521,12150.321,12186.821,6.042,55.77
2018-04-09,12269.279,12373.979,12200.98,12232.28,12271.321,12375.021,12202.02,12238.32,6.04,49.49
2018-04-10,12382.78,12428.78,12332.28,12377.979,12384.82,12429.82,12333.32,12384.021,6.042,55.11
2018-04-11,12359.98,12392.48,12253.98,12275.98,12362.02,12393.52,12255.02,12282.02,6.04,52.95
2018-04-12,12288.28,12434.78,12261.979,12409.479,12290.32,12435.821,12263.021,12415.521,6.042,43.11
2018-04-13,12408.28,12525.78,12386.979,12449.78,12414.32,12526.821,12393.021,12455.82,6.04,43.91
2018-04-16,12536.479,12537.779,12376.479,12426.979,12542.521,12543.821,12377.521,12433.021,6.042,41.15
2018-04-17,12429.479,12617.479,12416.479,12586.48,12435.521,12618.521,12417.52,12592.52,6.04,40.26
2018-04-18,12587.78,12640.28,12546.279,12606.979,12593.82,12641.32,12547.321,12613.021,6.042,37.38
2018-04-19,12608.279,12618.98,12524.979,12551.28,12614.321,12621.02,12527.02,12557.32,6.04,47.59
2018-04-20,12550.58,12586.28,12489.279,12530.48,12556.62,12587.32,12490.321,12536.52,6.04,44.1
2018-04-23,12559.78,12593.979,12465.479,12586.48,12565.82,12600.021,12466.521,12592.52,6.04,41.92
2018-04-24,12587.779,12648.779,12374.78,12460.279,12593.821,12649.821,12376.82,12466.321,6.042,57.28
2018-04-25,12458.98,12497.98,12310.979,12486.779,12465.02,12504.021,12312.02,12492.821,6.042,56.85
2018-04-26,12489.279,12591.48,12378.48,12571.979,12495.321,12597.52,12379.52,12578.021,6.042,56.98
2018-04-27,12570.779,12627.78,12515.979,12592.479,12576.821,12628.821,12517.021,12598.521,6.042,46.13
2018-04-30,12596.779,12625.28,12537.979,12570.979,12602.821,12631.321,12544.021,12577.021,6.042,40.87
2018-05-01,12569.779,12614.279,12487.279,12608.779,12575.821,12620.321,12493.32,12614.821,6.042,11.46
2018-05-02,12608.079,12829.279,12548.979,12763.28,12614.121,12830.321,12555.02,12769.32,6.04,49.97
2018-05-03,12761.979,12798.979,12664.479,12724.78,12768.021,12800.021,12665.52,12730.82,6.04,53.77
2018-05-04,12725.979,12849.279,12705.479,12842.279,12732.021,12851.321,12706.521,12848.321,6.042,43.78
2018-05-07,12872.78,12964.28,12807.779,12914.78,12878.82,12965.32,12808.82,12920.82,6.04,35.37
2018-05-08,12915.98,12947.28,12853.279,12919.779,12922.02,12951.021,12854.32,12925.821,6.042,43.67
2018-05-09,12918.479,12995.279,12888.979,12973.479,12924.521,12997.321,12890.021,12979.521,6.042,37.15
2018-05-10,12975.98,13035.28,12928.479,13030.48,12982.02,13038.521,12929.521,13036.52,6.04,35.24
2018-05-11,13029.28,13046.479,12962.28,12995.779,13035.32,13052.521,12963.32,13001.821,6.042,34.74
2018-05-14,13018.479,13031.979,12923.979,12969.279,13024.521,13038.021,12925.021,12975.321,6.042,31.2
2018-05-15,12970.48,13006.779,12916.979,12976.28,12976.52,13007.821,12918.021,12982.32,6.04,39.44
2018-05-16,12977.48,13031.28,12957.479,13019.979,12983.52,13032.321,12958.52,13026.021,6.042,35.7
2018-05-17,13018.779,13123.78,12972.279,13113.28,13024.821,13129.82,12974.321,13119.32,6.04,35.3
2018-05-18,13114.48,13146.98,13050.279,13078.48,13120.52,13153.02,13051.321,13084.52,6.04,37.15
2018-05-21,13131.58,13176.48,13114.78,13138.479,13137.62,13182.521,13124.82,13144.521,6.042,6.07
2018-05-22,13137.279,13206.28,13059.98,13153.279,13143.321,13207.32,13061.02,13159.321,6.042,37.77
2018-05-23,13154.479,13163.98,12928.28,12982.78,13160.521,13170.021,12929.32,12988.82,6.04,51.15
2018-05-24,12981.479,13007.28,12799.979,12900.479,12987.521,13008.32,12801.02,12906.521,6.042,52.14
2018-05-25,12901.779,13000.979,12851.479,12919.979,12907.821,13002.021,12852.521,12926.021,6.042,46.06
2018-05-28,12977.48,13039.98,12825.28,12852.58,12983.52,13041.021,12826.32,12858.62,6.04,33.03
2018-05-29,12851.98,12856.379,12575.279,12634.78,12858.02,12862.421,12577.321,12640.82,6.04,64.87
2018-05-30,12635.379,12832.779,12624.779,12789.979,12641.421,12834.821,12630.82,12796.021,6.042,53.05
2018-05-31,12791.28,12809.78,12544.779,12647.98,12797.32,12814.32,12545.82,12654.02,6.04,60.53
2018-06-01,12646.78,12802.274,12629.48,12750.279,12652.82,12803.321,12635.52,12756.321,6.042,48.31
2018-06-04,12748.479,12846.28,12712.48,12775.279,12754.521,12847.321,12713.52,12781.321,6.042,42.57
2018-06-05,12776.479,12928.28,12748.979,12768.979,12782.521,12929.32,12751.02,12775.021,6.042,50.78
2018-06-06,12767.779,12904.48,12726.779,12883.279,12773.821,12910.52,12727.821,12889.321,6.042,51.52
2018-06-07,12881.979,12917.479,12663.98,12727.78,12888.021,12918.521,12666.02,12733.82,6.04,50.49
2018-06-08,12730.279,12810.78,12608.98,12790.28,12736.321,12812.821,12610.02,12796.32,6.04,50.17
2018-06-11,12765.08,12898.08,12741.98,12892.28,12771.12,12904.12,12744.02,12898.32,6.04,42.29
2018-06-12,12890.979,12952.779,12812.479,12852.78,12897.021,12953.821,12813.52,12858.82,6.04,80.85
2018-06-13,12853.379,12907.48,12777.78,12863.979,12858.82,12908.52,12778.82,12870.021,6.042,87.68
2018-06-14,12864.58,13185.279,12799.48,13136.98,12870.62,13187.321,12800.52,13143.02,6.04,99.82
2018-06-15,13136.98,13172.28,13003.479,13061.479,13143.02,13174.321,13005.521,13067.521,6.042,110.24
2018-06-18,13067.879,13067.879,12772.98,12783.18,13072.821,13073.921,12779.021,12789.22,6.04,100.02
2018-06-19,12784.28,12797.68,12591.98,12728.679,12790.32,12803.721,12593.021,12734.721,6.042,134.37
2018-06-20,12729.78,12766.879,12669.479,12710.38,12734.721,12776.921,12670.521,12716.42,6.04,122.42
2018-06-21,12710.38,12765.98,12446.779,12478.38,12715.32,12772.02,12448.82,12484.42,6.04,125.0
2018-06-22,12479.58,12605.78,12476.08,12561.08,12484.42,12607.82,12482.12,12567.12,6.04,98.19
2018-06-25,12557.88,12558.98,12250.28,12298.78,12562.725,12565.02,12252.32,12304.82,6.04,151.2
2018-06-26,12299.98,12356.779,12186.979,12305.28,12304.82,12357.82,12188.021,12311.32,6.04,164.31
2018-06-27,12307.579,12442.279,12124.48,12304.88,12311.32,12443.321,12125.521,12310.92,6.04,193.21
2018-06-28,12304.88,12375.021,12101.479,12228.479,12312.021,12376.021,12102.521,12234.521,6.042,177.06
2018-06-29,12228.479,12383.48,12207.779,12278.78,12234.521,12384.52,12213.82,12284.821,6.041,159.0
2018-07-02,12273.88,12307.479,12129.98,12298.779,12281.12,12309.52,12132.02,12304.82,6.041,161.13
2018-07-03,12298.779,12429.779,12267.879,12298.579,12306.02,12430.821,12273.92,12304.621,6.042,75.56
2018-07-04,12298.579,12351.28,12282.979,12326.58,12303.52,12352.32,12284.02,12332.62,6.04,32.84
2018-07-05,12326.579,12517.98,12295.179,12455.58,12331.421,12519.021,12301.22,12461.62,6.04,125.87
2018-07-06,12456.78,12555.98,12425.479,12500.479,12461.62,12558.02,12426.52,12506.521,6.042,135.68
2018-07-09,12520.379,12588.38,12487.779,12584.179,12527.62,12594.42,12488.821,12590.221,6.042,112.07
2018-07-10,12583.079,12641.279,12504.779,12520.58,12590.221,12642.321,12510.82,12526.62,6.04,51.36
2018-07-11,12519.98,12537.88,12388.779,12429.479,12526.02,12543.921,12390.821,12435.521,6.042,46.77
2018-07-12,12431.779,12538.88,12406.479,12537.379,12437.821,12544.92,12407.521,12543.421,6.042,40.19
2018-07-13,12537.98,12585.98,12496.479,12546.979,12544.02,12587.02,12497.521,12553.021,6.042,34.54
2018-07-16,12580.879,12603.78,12504.979,12571.879,12586.921,12604.82,12506.021,12577.921,6.042,29.85
2018-07-17,12572.48,12734.979,12522.479,12722.779,12578.52,12737.021,12523.52,12728.821,6.042,39.62
2018-07-18,12723.38,12779.279,12699.779,12758.179,12729.42,12780.321,12701.821,12764.221,6.042,31.73
2018-07-19,12757.079,12766.28,12657.479,12684.479,12763.121,12772.321,12658.521,12690.521,6.042,37.37
2018-07-20,12685.679,12707.979,12466.28,12532.779,12691.721,12709.821,12467.32,12538.821,6.042,46.62
2018-07-23,12545.579,12625.08,12488.479,12616.779,12551.621,12631.121,12489.521,12622.821,6.042,42.92
2018-07-24,12615.679,12755.28,12582.779,12670.28,12621.721,12756.32,12583.82,12676.32,6.04,70.98
2018-07-25,12670.279,12744.78,12534.28,12682.98,12675.221,12746.82,12535.32,12689.02,6.04,23.34
2018-07-26,12682.98,12838.88,12658.78,12833.08,12687.921,12844.921,12664.82,12839.121,6.041,21.62
2018-07-27,12833.08,12887.78,12790.779,12807.58,12840.22,12888.821,12792.82,12813.621,6.041,78.06
2018-07-30,12802.279,12849.279,12764.279,12793.48,12809.321,12850.321,12768.821,12799.52,6.04,61.15
2018-07-31,12794.08,12862.48,12736.78,12816.98,12799.521,12863.52,12737.78,12823.02,6.04,35.94
2018-08-01,12816.98,12839.479,12697.279,12731.88,12821.921,12841.521,12699.321,12737.921,6.041,67.99
2018-08-02,12731.28,12735.48,12492.78,12600.18,12737.32,12741.521,12493.821,12606.22,6.04,92.21
2018-08-03,12599.08,12648.48,12560.98,12639.58,12606.22,12650.821,12562.02,12645.62,6.04,60.56
2018-08-06,12638.58,12719.279,12535.82,12599.98,12643.521,12720.321,12536.82,12606.02,6.04,55.38
2018-08-07,12601.08,12740.28,12597.679,12655.78,12607.121,12741.321,12603.72,12661.82,6.04,60.93
2018-08-08,12655.78,12705.279,12584.02,12598.48,12662.92,12706.321,12585.02,12604.52,6.04,51.31
2018-08-09,12598.979,12700.28,12573.779,12668.78,12604.52,12701.28,12574.821,12674.82,6.04,58.44
2018-08-10,12669.879,12669.879,12383.48,12426.08,12674.82,12675.921,12385.52,12432.121,6.041,53.18
2018-08-13,12390.479,12397.48,12297.079,12372.08,12397.72,12398.821,12303.12,12378.12,6.04,42.43
2018-08-14,12371.48,12461.28,12290.78,12412.88,12377.52,12462.32,12291.82,12418.921,6.041,63.33
2018-08-15,12412.879,12428.98,12110.979,12171.18,12418.921,12430.021,12113.021,12177.221,6.041,79.62
2018-08-16,12172.28,12270.98,12144.18,12217.479,12177.221,12273.02,12150.221,12223.521,6.042,51.82
2018-08-17,12218.679,12258.38,12132.48,12235.48,12223.521,12264.42,12133.521,12241.52,6.04,55.11
2018-08-20,12244.079,12374.28,12219.079,12306.579,12250.121,12375.32,12225.12,12312.621,6.042,27.25
2018-08-21,12306.579,12432.98,12289.379,12321.28,12311.42,12434.02,12295.42,12327.321,6.041,52.5
2018-08-22,12322.38,12441.78,12318.68,12378.379,12327.321,12442.82,12324.72,12384.42,6.041,50.21
2018-08-23,12378.379,12414.479,12346.38,12360.979,12383.22,12415.52,12352.02,12367.021,6.042,46.65
2018-08-24,12360.979,12446.779,12342.279,12403.779,12365.821,12447.821,12343.321,12409.821,6.042,35.31
2018-08-27,12430.079,12569.38,12426.579,12569.379,12434.921,12575.421,12429.021,12575.421,6.042,34.01
2018-08-28,12569.379,12598.279,12515.78,12543.98,12574.221,12600.02,12517.82,12550.02,6.04,36.39
2018-08-29,12542.879,12577.58,12497.28,12569.479,12548.921,12583.62,12498.321,12575.521,6.042,33.58
2018-08-30,12569.479,12572.98,12395.979,12430.78,12574.42,12579.021,12397.02,12436.826,6.046,54.58
2018-08-31,12430.78,12471.38,12309.279,12359.879,12437.421,12477.42,12311.32,12365.921,6.042,58.94
2018-09-03,12361.479,12361.48,12299.78,12327.879,12366.321,12367.521,12300.82,12333.921,6.042,33.4
2018-09-04,12327.879,12404.98,12161.479,12216.579,12332.821,12406.021,12162.52,12222.621,6.042,76.6
2018-09-05,12216.579,12230.18,12033.48,12042.88,12221.42,12236.221,12035.52,12048.92,6.04,73.9
2018-09-06,12043.379,12092.48,11934.479,11971.179,12049.421,12093.521,11936.52,11977.221,6.042,73.03
2018-09-07,11972.279,11988.979,11887.48,11943.38,11977.221,11990.0,11888.52,11949.42,6.04,71.99
2018-09-10,11944.38,12040.78,11927.779,12008.679,11950.421,12041.82,11928.821,12011.0,2.321,54.03
2018-09-11,12007.679,12023.479,11861.979,12000.38,12011.0,12029.121,11863.02,12006.42,6.04,69.0
2018-09-12,11999.38,12047.78,11950.479,12005.08,12005.42,12049.82,11951.52,12011.121,6.041,66.09
2018-09-13,12004.08,12129.48,12000.879,12083.779,12010.121,12130.521,12003.82,12089.82,6.041,67.39
2018-09-14,12084.779,12135.78,12074.479,12121.78,12089.82,12136.82,12075.52,12127.82,6.04,49.06
2018-09-17,12093.18,12126.28,11990.18,11995.18,12098.22,12127.321,11996.22,12001.22,6.04,53.5
2018-09-18,11995.18,12196.18,11994.179,12180.879,12000.221,12202.221,12000.22,12186.92,6.041,51.01
2018-09-19,12180.879,12241.28,12153.98,12237.779,12185.92,12245.921,12155.021,12243.821,6.042,44.83
2018-09-20,12238.779,12365.78,12202.98,12363.679,12243.821,12371.821,12204.02,12369.721,6.042,33.59
2018-09-21,12364.68,12460.979,12358.38,12406.18,12369.721,12462.021,12364.42,12412.221,6.041,45.89
2018-09-24,12380.98,12411.28,12341.28,12351.38,12386.02,12412.321,12343.321,12357.421,6.041,41.95
2018-09-25,12352.48,12418.28,12320.279,12379.58,12357.421,12419.321,12321.32,12385.62,6.04,35.74
2018-09-26,12380.58,12418.78,12323.679,12347.88,12386.62,12420.82,12328.521,12353.92,6.04,32.98
2018-09-27,12347.879,12458.78,12269.979,12419.679,12352.82,12460.821,12271.021,12425.72,6.041,50.12
2018-09-28,12419.679,12433.98,12187.479,12227.679,12426.221,12438.221,12188.52,12233.72,6.041,69.67
2018-10-01,12262.279,12374.48,12244.78,12312.68,12267.321,12375.52,12246.821,12318.72,6.04,43.45
2018-10-02,12313.78,12313.78,12201.98,12275.18,12319.82,12319.821,12203.02,12281.22,6.04,48.05
2018-10-03,12312.679,12314.58,12305.179,12312.48,12318.721,12320.62,12311.221,12318.52,6.04,0.23
2018-10-04,12313.48,12350.78,12172.479,12239.779,12319.52,12351.821,12173.521,12245.82,6.041,73.02
2018-10-05,12240.779,12262.88,12054.48,12112.48,12246.82,12268.921,12056.52,12118.52,6.04,64.74
2018-10-08,12096.879,12124.779,11897.78,11978.879,12101.921,12127.22,11899.82,11984.921,6.042,64.92
2018-10-09,11978.879,12007.48,11801.78,11975.879,11983.92,12009.52,11802.82,11981.921,6.042,57.31
2018-10-10,11975.879,11996.48,11570.88,11590.779,11981.42,11998.52,11576.92,11596.821,6.042,62.88
2018-10-11,11590.779,11699.48,11394.979,11604.88,11595.82,11700.521,11397.021,11610.92,6.04,108.44
2018-10-12,11603.88,11708.48,11425.48,11565.079,11610.92,11710.521,11427.52,11571.12,6.041,58.62
2018-10-15,11546.88,11651.48,11441.279,11634.28,11551.92,11653.52,11443.479,11640.321,6.041,62.75
2018-10-16,11634.28,11838.78,11606.479,11817.28,11641.321,11844.82,11607.52,11823.32,6.04,26.37
2018-10-17,11816.28,11850.98,11668.28,11718.78,11822.32,11852.02,11669.48,11724.82,6.04,53.51
2018-10-18,11719.779,11791.98,11487.78,11532.48,11724.82,11793.02,11489.82,11538.52,6.04,63.1
2018-10-19,11532.48,11623.78,11499.979,11541.979,11537.921,11625.821,11501.02,11548.02,6.041,52.82
2018-10-22,11501.18,11677.779,11465.479,11504.18,11506.12,11679.52,11471.52,11510.22,6.04,51.59
2018-10-23,11505.279,11508.379,11226.979,11405.779,11510.221,11514.421,11228.02,11411.821,6.042,94.69
2018-10-24,11404.679,11426.779,11049.779,11074.48,11410.72,11432.821,11051.82,11080.52,6.04,83.82
2018-10-25,11074.48,11372.479,11070.48,11204.279,11081.621,11374.52,11076.52,11210.321,6.042,110.4
2018-10-26,11204.279,11288.44,11050.479,11251.339,11212.421,11290.56,11051.52,11257.461,6.122,95.85
2018-10-29,11266.139,11446.94,11152.94,11265.34,11271.26,11448.06,11155.06,11271.46,6.12,72.19
2018-10-30,11264.239,11433.24,11208.71,11372.31,11270.36,11435.361,11209.89,11378.49,6.18,79.19
2018-10-31,11371.71,11500.41,11349.71,11455.71,11378.49,11501.59,11355.89,11461.89,6.18,101.63
2018-11-01,11455.71,11574.59,11406.21,11477.81,11460.89,11575.89,11408.39,11480.291,2.481,70.93
2018-11-02,11479.31,11691.21,11464.61,11560.71,11480.291,11692.39,11470.79,11562.89,2.18,81.42
2018-11-05,11523.31,11556.21,11472.91,11516.21,11530.59,11557.39,11474.59,11522.39,6.18,67.17
2018-11-06,11515.21,11555.91,11434.71,11520.31,11521.39,11562.09,11435.89,11526.49,6.18,64.75
2018-11-07,11519.21,11661.81,11486.71,11643.81,11525.39,11667.99,11492.89,11649.99,6.18,52.81
2018-11-08,11643.81,11658.51,11492.71,11509.11,11649.39,11664.69,11494.89,11515.29,6.18,41.61
2018-11-09,11510.11,11554.41,11415.91,11529.21,11516.29,11556.59,11417.09,11535.39,6.18,52.69
2018-11-12,11536.11,11605.51,11294.91,11299.41,11542.29,11612.69,11297.09,11305.59,6.18,65.27
2018-11-13,11298.81,11503.91,11268.41,11471.41,11305.59,11510.09,11274.59,11477.59,6.18,59.04
2018-11-14,11471.41,11567.41,11311.91,11381.71,11476.99,11568.59,11313.09,11388.89,7.18,75.21
2018-11-15,11380.71,11501.71,11251.41,11423.31,11387.89,11502.89,11252.59,11429.49,6.18,76.36
2018-11-16,11423.31,11448.41,11229.71,11379.21,11428.39,11449.59,11230.89,11385.39,6.18,65.42
2018-11-19,11347.01,11420.71,11192.31,11202.61,11353.19,11421.89,11194.59,11208.79,6.18,70.29
2018-11-20,11202.61,11212.11,11006.91,11035.81,11207.79,11218.29,11008.09,11041.99,6.18,53.61
2018-11-21,11036.81,11264.41,11035.71,11240.11,11041.99,11266.59,11041.89,11246.29,6.18,41.2
2018-11-22,11239.61,11270.51,11116.71,11175.61,11246.29,11276.69,11117.89,11181.79,6.18,32.32
2018-11-23,11176.71,11208.41,11090.21,11176.91,11181.79,11209.59,11091.39,11183.89,6.98,35.3
2018-11-26,11203.21,11391.71,11194.31,11344.81,11209.89,11397.89,11200.49,11350.99,6.18,42.29
2018-11-27,11344.81,11441.21,11264.21,11334.91,11350.49,11443.39,11265.39,11341.09,6.18,51.44
2018-11-28,11334.91,11420.41,11276.91,11390.61,11340.09,11422.89,11278.09,11396.79,6.18,35.15
2018-11-29,11390.61,11403.91,11274.91,11323.81,11397.29,11407.29,11276.09,11329.99,6.18,48.87
2018-11-30,11323.81,11342.51,11208.41,11336.41,11328.89,11348.69,11209.59,11342.59,6.18,38.11
2018-12-03,11450.21,11568.91,11429.21,11454.91,11456.39,11570.09,11432.89,11461.09,6.18,41.13
2018-12-04,11455.91,11459.11,11145.21,11186.41,11462.09,11465.29,11149.39,11192.59,6.18,56.4
2018-12-05,11189.61,11267.21,11019.81,11074.71,11195.79,11268.39,11025.99,11080.89,6.18,30.02
2018-12-06,11073.61,11090.91,10758.41,10935.01,11080.89,11093.49,10759.59,10941.19,6.18,93.12
2018-12-07,10936.11,10946.71,10679.41,10714.11,10941.19,10952.89,10681.59,10720.29,6.18,57.22
2018-12-10,10631.51,10758.41,10584.21,10710.11,10637.19,10759.59,10585.39,10716.29,6.18,61.02
2018-12-11,10711.21,10886.71,10679.21,10805.91,10716.29,10887.89,10682.39,10812.09,6.18,57.07
2018-12-12,10805.91,10972.09,10787.01,10956.01,10810.99,10973.39,10793.19,10962.19,6.18,50.07
2018-12-13,10956.01,10987.21,10885.41,10899.81,10961.19,10988.39,10886.59,10905.99,6.18,56.83
2018-12-14,10899.81,10923.21,10733.91,10827.11,10907.09,10926.39,10735.89,10834.29,7.18,62.66
2018-12-17,10845.71,10918.21,10668.71,10761.51,10851.39,10920.39,10670.89,10767.69,6.18,72.27
2018-12-18,10761.51,10841.91,10685.41,10744.11,10768.29,10843.09,10687.59,10750.29,6.18,85.51
2018-12-19,10744.11,10831.71,10600.71,10669.31,10751.29,10832.89,10602.89,10675.49,6.18,66.19
2018-12-20,10669.81,10698.41,10482.41,10582.31,10675.49,10701.59,10484.59,10588.49,6.18,81.51
2018-12-21,10582.31,10657.71,10493.71,10505.31,10587.99,10658.71,10495.89,10511.49,6.18,65.44
2018-12-27,10623.21,10636.71,10276.91,10447.11,10625.39,10637.71,10277.91,10453.29,6.18,76.97
2018-12-28,10448.21,10618.21,10413.91,10580.21,10454.39,10619.39,10416.09,10586.39,6.18,89.88
2019-01-01,10692.61,10707.41,10679.41,10690.91,10698.79,10713.59,10685.59,10697.09,6.18,0.61
2019-01-02,10692.01,10713.71,10386.21,10511.11,10697.09,10716.89,10387.39,10517.29,6.18,103.32
2019-01-03,10511.11,10559.91,10397.91,10424.61,10518.39,10563.09,10399.39,10430.79,6.18,90.15
2019-01-04,10423.51,10833.21,10398.21,10800.71,10430.79,10835.39,10401.39,10806.89,6.18,64.95
2019-01-07,10825.11,10896.91,10679.21,10742.81,10832.39,10900.09,10680.39,10748.99,6.18,65.34
2019-01-08,10742.81,10911.41,10740.41,10855.11,10751.19,10912.59,10742.09,10861.29,6.18,83.75
2019-01-09,10855.11,10962.41,10839.41,10868.21,10860.19,10963.59,10841.09,10874.39,6.18,77.97
2019-01-10,10868.21,10971.71,10785.71,10940.21,10873.89,10977.19,10786.89,10946.39,6.18,63.13
2019-01-11,10940.21,10962.71,10827.71,10886.91,10947.39,10964.89,10828.89,10893.09,6.18,49.0
2019-01-14,10844.61,10886.71,10785.41,10873.41,10851.89,10887.89,10786.59,10879.59,6.18,42.47
2019-01-15,10873.41,10994.71,10812.71,10917.61,10878.49,10996.39,10813.89,10923.79,6.18,43.54
2019-01-16,10918.61,10946.41,10859.21,10913.91,10923.79,10948.39,10862.39,10920.09,6.18,48.83
2019-01-17,10914.91,10980.71,10820.91,10941.51,10921.09,10981.89,10822.09,10947.69,6.18,59.75
2019-01-18,10941.51,11258.21,10938.31,11237.31,10946.59,11260.39,10944.49,11243.49,6.18,61.69
2019-01-21,11222.21,11233.51,11118.31,11135.01,11227.39,11236.69,11124.49,11141.19,6.18,29.79
2019-01-22,11135.01,11147.61,11003.41,11022.41,11142.19,11153.79,11005.59,11028.59,6.18,57.09
2019-01-23,11022.41,11136.41,11005.71,11029.81,11027.59,11137.59,11006.89,11035.99,6.18,65.83
2019-01-24,11028.71,11159.41,11022.31,11145.31,11034.89,11162.19,11028.49,11151.49,6.18,63.6
2019-01-25,11144.31,11320.91,11141.11,11259.21,11151.49,11322.09,11147.29,11265.39,6.18,51.62
2019-01-28,11243.31,11275.91,11177.41,11206.81,11248.49,11277.09,11179.59,11212.99,6.18,47.07
2019-01-29,11205.71,11276.91,11159.91,11224.31,11212.99,11278.09,11161.09,11230.49,6.18,48.41
2019-01-30,11223.31,11243.91,11130.41,11242.91,11229.49,11250.09,11131.59,11249.09,6.18,46.66
2019-01-31,11242.91,11309.71,11046.41,11176.41,11247.99,11310.89,11047.59,11182.59,6.18,51.97
2019-02-01,11177.51,11218.91,11113.71,11188.51,11182.59,11220.09,11114.89,11194.69,6.18,40.71
2019-02-04,11183.21,11212.71,11097.91,11184.61,11188.29,11213.89,11099.09,11190.79,6.18,42.77
2019-02-05,11183.61,11388.21,11175.71,11359.01,11190.79,11390.39,11176.89,11365.19,6.18,43.94
2019-02-06,11357.91,11376.21,11294.21,11304.61,11365.19,11379.39,11298.39,11310.79,6.18,41.55
2019-02-07,11305.71,11306.71,10994.31,10996.41,11310.79,11312.89,11000.49,11002.59,6.18,65.96
2019-02-08,10995.31,11046.21,10861.71,10943.91,11002.59,11047.39,10862.89,10950.09,6.18,68.19
2019-02-11,10944.01,11042.41,10925.21,11009.51,10949.19,11043.59,10928.39,11015.69,6.18,49.03
2019-02-12,11010.61,11164.91,11007.41,11159.21,11015.69,11167.49,11013.59,11165.39,6.18,43.23
2019-02-13,11158.11,11220.71,11122.71,11179.01,11165.39,11222.89,11123.89,11185.19,6.18,45.83
2019-02-14,11180.11,11268.41,11070.61,11085.31,11185.19,11269.59,11076.09,11091.49,6.18,57.05
2019-02-15,11085.31,11330.51,11015.41,11328.41,11092.59,11336.69,11016.59,11334.59,6.18,53.85
2019-02-18,11328.81,11345.41,11253.91,11292.21,11333.89,11348.89,11255.09,11298.39,6.18,23.04
2019-02-19,11292.21,11373.21,11241.91,11312.11,11298.99,11374.39,11243.09,11318.29,6.18,40.9
2019-02-20,11312.11,11446.71,11294.21,11422.81,11317.29,11447.0,11297.39,11428.99,6.18,41.44
2019-02-21,11423.81,11483.41,11387.91,11410.81,11428.99,11485.59,11390.09,11416.99,6.18,50.27
2019-02-22,11410.81,11504.21,11397.41,11457.31,11415.89,11505.39,11400.59,11464.49,7.18,39.56
2019-02-25,11508.21,11546.21,11453.71,11464.71,11514.39,11547.39,11459.89,11470.89,6.18,40.34
2019-02-26,11464.71,11559.71,11424.71,11521.31,11471.99,11560.89,11426.89,11527.49,6.18,49.66
2019-02-27,11521.31,11549.21,11440.71,11497.41,11528.49,11552.39,11441.89,11503.59,6.18,43.93
2019-02-28,11497.41,11539.71,11400.71,11525.11,11502.49,11545.09,11402.89,11531.29,6.18,49.4
2019-03-01,11525.11,11677.21,11524.01,11637.71,11530.19,11678.39,11529.39,11643.89,6.18,40.13
2019-03-04,11676.11,11678.91,11523.71,11550.61,11682.29,11683.39,11525.89,11556.79,6.18,33.57
2019-03-05,11551.61,11634.21,11539.01,11607.91,11556.79,11636.39,11545.19,11614.09,6.18,35.98
2019-03-06,11607.31,11654.91,11546.81,11553.11,11614.09,11656.09,11552.99,11559.29,6.18,44.15
2019-03-07,11553.11,11614.91,11450.0,11499.91,11558.29,11616.09,11451.59,11506.09,6.18,57.46
2019-03-08,11499.91,11505.81,11404.91,11505.81,11505.09,11511.99,11406.09,11511.99,6.18,70.48
2019-03-11,11486.01,11630.31,11459.91,11621.91,11492.19,11636.49,11461.09,11628.09,6.18,52.59
2019-03-12,11620.81,11635.21,11485.31,11495.81,11628.09,11636.39,11491.49,11501.99,6.18,55.79
2019-03-13,11495.81,11616.81,11473.41,11603.21,11503.09,11622.99,11476.59,11609.39,6.18,48.23
2019-03-14,11603.21,11636.21,11536.91,11592.41,11610.39,11637.39,11538.09,11598.59,6.18,40.64
2019-03-15,11595.51,11720.21,11571.71,11685.91,11598.59,11721.39,11572.89,11692.09,6.18,48.39
2019-03-18,11675.91,11712.41,11633.21,11659.41,11680.99,11713.59,11634.39,11665.59,6.18,33.59
2019-03-19,11658.31,11825.21,11643.21,11737.01,11665.59,11826.39,11646.39,11743.19,6.18,35.97
2019-03-20,11736.01,11741.31,11568.41,11603.51,11742.19,11747.49,11571.39,11609.69,6.18,49.16
2019-03-21,11603.51,11633.41,11465.91,11576.51,11610.69,11636.59,11467.09,11582.69,6.18,53.97
2019-03-22,11576.51,11622.21,11309.21,11318.21,11583.79,11623.89,11311.39,11324.59,6.38,70.34
2019-03-25,11330.91,11390.91,11266.91,11373.11,11338.09,11392.39,11272.09,11379.29,6.18,54.08
2019-03-26,11372.01,11447.21,11298.91,11430.41,11379.29,11448.39,11300.09,11436.59,6.18,49.56
2019-03-27,11431.41,11505.21,11365.71,11443.91,11436.59,11506.39,11366.89,11450.09,6.18,57.68
2019-03-28,11442.91,11499.21,11386.91,11491.91,11449.09,11505.39,11390.09,11498.09,6.18,44.18
2019-03-29,11492.91,11551.71,11439.71,11545.71,11498.09,11553.89,11440.89,11551.89,6.18,43.06
2019-04-01,11595.51,11716.21,11585.71,11715.21,11597.69,11722.39,11588.89,11721.39,6.18,35.79
2019-04-02,11716.21,11811.41,11657.91,11779.81,11722.39,11813.59,11659.09,11785.99,6.18,33.32
2019-04-03,11779.81,11976.71,11771.21,11956.81,11784.99,11979.09,11774.39,11962.99,6.18,37.9
2019-04-04,11955.71,12031.21,11911.21,11980.11,11962.99,12032.39,11913.39,11984.19,4.08,37.84
2019-04-05,11980.11,12023.21,11966.21,12001.81,11983.19,12024.39,11967.39,12007.99,6.18,25.06
2019-04-08,11996.01,12002.91,11938.21,11947.31,12003.19,12006.09,11940.39,11953.49,6.18,22.53
2019-04-09,11948.31,11989.21,11836.01,11842.11,11953.49,11990.39,11842.19,11848.29,6.18,30.66
2019-04-10,11842.11,11944.71,11840.11,11930.71,11847.29,11945.89,11844.89,11936.89,6.18,29.4
2019-04-11,11930.71,11965.21,11844.71,11941.11,11935.79,11966.39,11845.89,11947.29,6.18,34.07
2019-04-12,11943.11,12031.91,11889.21,12013.51,11949.29,12033.09,11890.39,12019.69,6.18,36.92
2019-04-15,12008.31,12034.91,11981.71,12017.21,12014.49,12036.09,11982.89,12023.39,6.18,31.63
2019-04-16,12017.21,12116.91,12017.21,12086.31,12024.49,12118.09,12022.09,12092.49,6.18,30.9
2019-04-17,12085.21,12195.21,12081.01,12171.31,12092.49,12196.256,12087.19,12177.49,6.18,29.96
2019-04-18,12170.21,12265.71,12098.71,12248.61,12177.49,12267.89,12099.89,12254.79,6.18,36.17
2019-04-22,12252.81,12275.11,12211.31,12265.11,12258.99,12281.29,12214.49,12271.29,6.18,4.35
2019-04-23,12265.11,12265.31,12181.41,12244.41,12270.29,12271.49,12182.59,12250.59,6.18,29.29
2019-04-24,12245.51,12353.21,12189.41,12313.01,12250.59,12354.39,12192.59,12319.19,6.18,40.29
2019-04-25,12313.01,12332.91,12236.71,12274.51,12318.09,12335.09,12237.89,12280.69,6.18,31.84
2019-04-26,12274.51,12323.91,12249.21,12317.91,12281.69,12328.39,12252.39,12325.09,7.18,32.12
2019-04-29,12313.71,12377.21,12264.41,12318.01,12319.89,12378.39,12265.595,12323.09,5.08,28.35
2019-04-30,12318.01,12388.01,12284.41,12380.01,12324.09,12394.19,12285.59,12386.19,6.18,33.19
2019-05-01,12380.01,12408.71,12300.11,12319.21,12387.19,12411.89,12306.29,12325.39,6.18,8.17
2019-05-02,12319.21,12403.89,12257.91,12326.71,12326.39,12405.39,12261.09,12333.39,6.68,36.78
2019-05-03,12326.21,12451.21,12308.41,12450.11,12332.39,12457.39,12311.59,12456.29,6.18,26.51
2019-05-06,12288.71,12339.91,12133.21,12276.91,12294.89,12342.09,12134.39,12283.09,6.18,44.98
2019-05-07,12276.91,12319.91,12027.41,12053.91,12284.09,12321.89,12029.59,12061.19,7.28,66.5
2019-05-08,12056.01,12216.21,12046.61,12180.91,12061.19,12218.39,12052.79,12187.09,6.18,76.97
2019-05-09,12180.91,12190.21,11956.21,12086.91,12186.49,12195.49,11957.39,12091.99,5.08,76.77
2019-05-10,12085.81,12209.71,11965.41,12199.91,12091.99,12211.89,11968.59,12206.09,6.18,87.58
2019-05-13,12084.11,12099.41,11814.31,11821.51,12089.19,12102.59,11820.49,11827.69,6.18,66.64
2019-05-14,11820.41,12018.71,11820.09,12001.01,11826.59,12020.89,11825.59,12007.19,6.18,40.37
2019-05-15,12001.01,12131.205,11859.71,12087.31,12006.09,12132.39,11860.89,12093.49,6.18,40.34
2019-05-16,12086.21,12318.21,11990.71,12291.01,12092.39,12320.39,11993.89,12297.19,6.18,41.37
2019-05-17,12292.11,12302.71,12147.91,12204.11,12297.19,12305.89,12149.09,12210.29,6.18,48.48
2019-05-20,12244.41,12267.21,11989.91,12063.71,12249.49,12270.39,11991.09,12069.89,6.18,48.89
2019-05-21,12064.71,12180.71,12048.21,12172.01,12069.89,12182.29,12051.39,12178.19,6.18,51.44
2019-05-22,12172.01,12213.71,12053.91,12131.01,12177.09,12214.89,12055.09,12137.19,6.18,48.82
2019-05-23,12131.01,12135.21,11923.91,11953.31,12138.19,12141.39,11925.09,11959.49,6.18,67.78
2019-05-24,11953.31,12084.21,11953.31,12042.31,11960.59,12085.39,11959.49,12048.49,6.18,45.49
2019-05-27,12037.01,12125.09,12018.41,12073.81,12043.69,12126.59,12021.59,12079.99,6.18,25.67
2019-05-28,12073.81,12121.21,11968.11,11982.81,12080.59,12123.39,11974.29,11988.99,6.18,66.35
2019-05-29,11982.81,11987.01,11809.41,11855.91,11989.99,11993.19,11811.59,11863.19,7.28,61.59
2019-05-30,11857.01,11926.21,11816.51,11821.41,11862.59,11931.39,11822.69,11827.59,6.18,36.23
2019-05-31,11822.41,11847.71,11661.21,11704.21,11828.59,11850.89,11662.39,11710.39,6.18,56.82
2019-06-03,11638.91,11794.41,11596.91,11772.71,11644.09,11796.59,11600.09,11778.89,6.18,85.58
2019-06-04,11773.71,12033.71,11711.41,12025.11,11779.89,12039.89,11713.89,12031.29,6.18,61.64
2019-06-05,12025.11,12058.91,11927.81,11970.21,12030.29,12060.09,11929.89,11976.39,6.18,56.56
2019-06-06,11969.71,12077.71,11898.21,11981.41,11975.89,12078.89,11899.39,11987.59,6.18,55.99
2019-06-07,11982.51,12098.91,11963.91,12051.51,11988.69,12100.39,11967.09,12057.69,6.18,41.46
2019-06-10,12101.01,12130.41,12053.41,12090.0,12106.09,12132.59,12054.59,12093.69,3.69,28.5
2019-06-11,12090.0,12225.21,12078.21,12140.51,12092.69,12226.39,12081.39,12146.69,6.18,43.12
2019-06-12,12140.51,12155.41,12065.41,12120.91,12145.59,12158.59,12066.59,12127.09,6.18,40.56
2019-06-13,12119.91,12202.91,12061.41,12157.31,12127.09,12204.09,12064.59,12163.49,6.18,45.02
2019-06-14,12157.31,12183.21,12047.71,12119.31,12164.59,12186.39,12048.89,12125.49,6.18,36.72
2019-06-17,12130.31,12130.31,12058.21,12088.21,12135.49,12136.49,12059.39,12094.39,6.18,26.82
2019-06-18,12088.21,12360.21,11984.91,12348.61,12095.39,12361.39,11986.09,12354.79,6.18,40.64
2019-06-19,12348.61,12357.21,12281.21,12346.81,12355.79,12360.39,12283.39,12352.99,6.18,33.41
2019-06-20,12345.71,12439.19,12320.71,12363.01,12351.89,12440.39,12322.89,12370.19,7.18,39.8
2019-06-21,12363.01,12424.39,12252.01,12255.11,12369.19,12425.59,12258.19,12261.29,6.18,48.06
2019-06-24,12275.91,12342.21,12241.71,12253.01,12280.99,12343.21,12243.89,12259.19,6.18,39.17
2019-06-25,12254.11,12288.41,12167.01,12181.61,12260.29,12291.89,12173.19,12187.79,6.18,42.53
2019-06-26,12180.61,12317.21,12179.51,12249.41,12186.79,12318.39,12185.69,12251.01,1.6,43.75
2019-06-27,12250.51,12334.71,12206.91,12307.51,12251.01,12335.89,12208.09,12313.69,6.18,37.89
2019-06-28,12308.61,12447.21,12267.71,12445.61,12313.69,12453.39,12270.89,12451.79,6.18,22.08
2019-07-01,12537.61,12622.41,12469.91,12515.81,12544.29,12623.41,12473.09,12521.99,6.18,28.92
2019-07-02,12515.81,12559.71,12482.71,12546.31,12522.99,12565.89,12483.89,12552.49,6.18,23.16
2019-07-03,12545.21,12660.71,12516.71,12642.11,12551.39,12666.89,12519.89,12648.29,6.18,21.53
2019-07-04,12641.01,12655.71,12615.41,12632.71,12647.19,12657.09,12616.59,12638.89,6.18,12.16
2019-07-05,12632.71,12643.21,12519.91,12562.31,12639.99,12645.59,12521.09,12568.49,6.18,31.01
2019-07-08,12554.91,12588.91,12482.91,12488.41,12560.09,12590.09,12485.09,12494.59,6.18,37.55
2019-07-09,12488.41,12503.21,12363.71,12450.41,12493.59,12506.39,12364.89,12456.59,6.18,31.85
2019-07-10,12450.41,12472.71,12353.21,12379.91,12457.59,12475.89,12354.39,12386.09,6.18,34.19
2019-07-11,12378.91,12433.71,12306.0,12348.31,12386.09,12438.89,12306.39,12354.49,6.18,30.17
2019-07-12,12349.31,12388.41,12303.91,12318.21,12354.49,12390.59,12305.09,12324.39,6.18,39.55
2019-07-15,12312.11,12436.41,12292.71,12408.61,12318.29,12437.59,12295.89,12415.79,7.18,41.36
2019-07-16,12409.61,12465.89,12365.21,12418.11,12414.79,12467.09,12366.39,12424.29,6.18,40.68
2019-07-17,12418.11,12453.21,12273.11,12282.71,12423.19,12454.39,12279.29,12288.89,6.18,39.34
2019-07-18,12282.71,12301.71,12192.41,12254.91,12287.89,12302.89,12193.59,12261.09,6.18,43.28
2019-07-19,12255.91,12339.21,12209.71,12227.21,12262.09,12340.39,12210.89,12233.39,6.18,45.64
2019-07-22,12243.61,12348.71,12230.31,12307.21,12249.79,12349.89,12233.89,12313.39,6.18,40.39
2019-07-23,12307.21,12550.71,12299.81,12528.31,12314.39,12552.89,12305.99,12535.49,7.18,45.49
2019-07-24,12528.31,12579.41,12475.91,12571.61,12534.49,12581.59,12477.09,12577.79,6.18,53.86
2019-07-25,12571.61,12600.41,12294.91,12363.91,12576.79,12601.59,12296.09,12371.09,7.18,68.95
2019-07-26,12366.01,12448.41,12354.41,12419.21,12372.19,12450.59,12355.59,12425.39,6.18,49.49
2019-07-29,12419.11,12475.91,12380.41,12430.81,12424.29,12477.09,12383.59,12436.99,6.18,39.42
2019-07-30,12430.81,12460.91,12095.71,12131.41,12437.99,12464.09,12098.09,12137.59,6.18,62.01
2019-07-31,12130.41,12226.21,12045.21,12121.41,12137.59,12227.39,12047.39,12127.59,6.18,57.18
2019-08-01,12122.51,12268.21,12025.91,12043.11,12127.59,12270.39,12032.09,12049.29,6.18,85.64
2019-08-02,12043.11,12082.91,11835.91,11914.51,12049.79,12086.09,11837.09,11920.69,6.18,109.17
2019-08-05,11887.51,11906.21,11338.01,11359.81,11894.79,11909.39,11344.19,11365.99,6.18,116.9
2019-08-06,11359.81,11748.91,11350.41,11595.61,11367.09,11750.09,11356.59,11601.79,6.18,89.15
2019-08-07,11595.61,11745.71,11557.41,11684.21,11602.79,11746.89,11558.59,11690.39,6.18,84.73
2019-08-08,11684.21,11853.41,11650.41,11819.91,11691.39,11855.59,11653.59,11826.09,6.18,65.71
2019-08-09,11819.91,11861.91,11671.91,11736.51,11827.19,11863.09,11673.09,11742.69,6.18,76.22
2019-08-12,11720.61,11839.21,11614.41,11649.81,11727.79,11840.39,11616.59,11655.99,6.18,73.09
2019-08-13,11649.81,11838.91,11537.91,11806.81,11656.99,11840.0,11539.09,11811.99,5.18,67.52
2019-08-14,11806.81,11811.01,11406.91,11451.41,11812.99,11817.19,11413.09,11457.59,6.18,92.47
2019-08-15,11452.41,11546.71,11264.41,11436.41,11457.59,11548.89,11265.59,11442.59,6.18,83.82
2019-08-16,11435.41,11580.91,11417.51,11578.81,11441.59,11584.99,11423.69,11584.99,6.18,49.75
2019-08-19,11630.51,11761.71,11570.91,11678.91,11636.69,11762.71,11574.09,11685.09,6.18,43.86
2019-08-20,11678.91,11767.41,11587.71,11605.31,11683.99,11768.59,11593.89,11611.49,6.18,46.12
2019-08-21,11606.41,11835.41,11605.31,11814.21,11611.49,11841.59,11611.49,11820.39,6.18,39.84
2019-08-22,11815.21,11853.21,11711.41,11753.91,11820.39,11854.39,11712.59,11760.09,6.18,49.48
2019-08-23,11753.91,11824.71,11532.41,11558.51,11757.99,11826.89,11535.59,11564.69,6.18,90.43
2019-08-26,11466.21,11697.71,11459.91,11663.21,11472.39,11702.09,11466.09,11669.39,6.18,67.6
2019-08-27,11664.21,11780.41,11613.41,11726.61,11669.39,11781.59,11614.59,11732.79,6.18,64.67
2019-08-28,11725.61,11736.21,11570.91,11679.31,11732.79,11742.29,11572.89,11685.49,6.18,61.25
2019-08-29,11679.31,11871.91,11630.21,11854.41,11686.59,11874.09,11633.39,11860.59,6.18,42.72
2019-08-30,11855.41,11988.41,11840.41,11954.41,11860.59,11989.59,11843.59,11960.59,6.18,44.9
2019-09-02,11924.11,11995.91,11898.71,11946.61,11929.19,11997.09,11901.89,11952.79,6.18,39.2
2019-09-03,11947.61,11989.71,11866.41,11905.21,11952.79,11992.89,11867.59,11911.39,6.18,67.66
2019-09-04,11905.21,12079.41,11904.11,12035.31,11910.89,12080.0,11908.39,12041.49,6.18,39.21
2019-09-05,12035.31,12165.41,12032.11,12130.81,12040.39,12168.59,12038.29,12136.99,6.18,49.78
2019-09-06,12131.81,12205.41,12111.71,12178.31,12136.99,12206.59,12113.89,12184.49,6.18,53.75
2019-09-09,12184.41,12245.21,12180.31,12232.01,12189.49,12246.39,12186.39,12238.19,6.18,29.74
2019-09-10,12233.01,12312.21,12179.21,12282.41,12238.19,12314.39,12180.39,12288.59,6.18,38.31
2019-09-11,12281.41,12472.91,12271.41,12456.61,12287.59,12479.09,12274.59,12462.79,6.18,29.56
2019-09-12,12457.71,12474.21,12306.71,12428.41,12462.79,12475.21,12307.89,12434.59,6.18,42.48
2019-09-13,12429.51,12496.21,12402.91,12449.81,12434.59,12497.39,12406.09,12455.99,6.18,25.96
2019-09-16,12395.41,12422.21,12328.0,12404.01,12400.59,12423.39,12328.39,12410.19,6.18,29.81
2019-09-17,12405.11,12408.21,12302.41,12378.01,12410.19,12414.39,12303.59,12384.19,6.18,29.54
2019-09-18,12379.01,12428.21,12350.01,12409.41,12384.19,12434.39,12351.09,12415.59,6.18,23.27
2019-09-19,12410.51,12472.21,12348.71,12433.41,12415.59,12474.39,12349.89,12439.59,6.18,27.11
2019-09-20,12433.41,12488.71,12388.71,12394.81,12438.59,12489.89,12394.89,12400.99,6.18,37.95
2019-09-23,12437.71,12454.41,12262.71,12401.91,12443.89,12457.59,12263.89,12408.09,6.18,29.64
2019-09-24,12402.91,12410.21,12229.41,12267.41,12408.09,12416.39,12231.59,12273.59,6.18,39.35
2019-09-25,12268.41,12294.91,12142.21,12254.51,12273.59,12298.09,12143.39,12260.69,6.18,49.82
2019-09-26,12254.51,12340.91,12218.41,12314.11,12259.69,12343.09,12221.59,12320.29,6.18,36.25
2019-09-27,12314.11,12405.91,12278.91,12330.31,12319.29,12407.09,12282.09,12336.49,6.18,39.87
2019-09-30,12350.41,12453.51,12344.21,12438.91,12355.59,12459.69,12345.59,12445.09,6.18,23.1
2019-10-01,12439.41,12496.71,12220.01,12255.31,12445.59,12497.89,12224.19,12261.49,6.18,34.9
2019-10-02,12254.31,12267.81,11897.41,11911.81,12260.49,12273.99,11903.59,11917.99,6.18,63.55
2019-10-03,11910.81,11983.21,11820.41,11959.61,11916.99,11989.39,11821.59,11965.79,6.18,63.03
2019-10-04,11960.61,12073.41,11877.91,12063.21,11965.79,12079.59,11879.09,12069.39,6.18,61.88
2019-10-07,12026.21,12141.21,11967.71,12073.51,12031.29,12143.39,11968.89,12079.69,6.18,57.15
2019-10-08,12073.51,12153.41,11916.21,11966.41,12078.59,12155.59,11917.39,11972.59,6.18,70.32
2019-10-09,11966.41,12176.21,11952.21,12052.21,11973.59,12177.39,11953.39,12058.39,6.18,59.42
2019-10-10,12052.21,12229.71,12011.21,12188.31,12057.29,12235.89,12014.39,12194.49,6.18,70.47
2019-10-11,12188.31,12561.91,12162.71,12478.01,12193.49,12564.09,12165.89,12484.19,6.18,56.79
2019-10-14,12520.21,12522.31,12386.91,12505.31,12527.49,12528.49,12388.09,12511.49,6.18,36.01
2019-10-15,12505.31,12685.21,12481.41,12633.21,12510.49,12686.39,12484.59,12639.39,6.18,37.39
2019-10-16,12633.21,12699.91,12598.91,12653.81,12638.29,12702.09,12601.59,12659.99,6.18,37.57
2019-10-17,12653.81,12816.21,12621.41,12649.71,12658.89,12817.39,12623.59,12655.89,6.18,56.51
2019-10-18,12650.71,12700.91,12598.21,12668.61,12655.89,12702.09,12600.39,12674.79,6.18,49.14
2019-10-21,12671.41,12786.21,12645.71,12750.51,12676.49,12787.39,12646.89,12756.69,6.18,32.25
2019-10-22,12750.51,12794.71,12686.81,12691.91,12755.59,12797.89,12692.99,12698.09,6.18,31.04
2019-10-23,12692.91,12835.41,12647.91,12822.61,12698.09,12841.59,12651.09,12828.79,6.18,34.91
2019-10-24,12822.61,12914.71,12803.41,12842.51,12827.79,12915.89,12806.59,12848.69,6.18,31.9
2019-10-25,12842.51,12899.41,12831.21,12891.01,12846.49,12902.59,12832.39,12897.19,6.18,24.63
2019-10-28,12909.51,12986.71,12886.21,12964.01,12915.69,12987.89,12888.39,12970.19,6.18,25.93
2019-10-29,12964.01,12973.21,12895.71,12930.51,12967.99,12976.39,12896.89,12936.69,6.18,25.72
2019-10-30,12931.61,12950.71,12827.89,12929.41,12937.79,12952.89,12828.89,12935.59,6.18,30.87
2019-10-31,12929.41,12953.91,12792.91,12888.81,12934.59,12955.09,12794.09,12894.99,6.18,40.66
2019-11-01,12888.81,12991.21,12888.81,12971.91,12896.09,12992.39,12895.89,12978.09,6.18,33.96
2019-11-04,12997.61,13173.71,12975.21,13161.01,13002.79,13178.39,12978.39,13167.19,6.18,28.05
2019-11-05,13161.01,13165.91,13113.71,13137.11,13166.09,13168.39,13114.89,13143.29,6.18,38.04
2019-11-06,13137.11,13208.21,13109.91,13164.91,13142.19,13210.39,13111.09,13171.09,6.18,42.79
2019-11-07,13165.91,13302.21,13162.41,13277.31,13171.09,13303.21,13165.59,13283.49,6.18,44.22
2019-11-08,13278.41,13292.41,13195.21,13259.91,13283.49,13298.59,13196.39,13266.09,6.18,35.33
2019-11-11,13239.51,13244.71,13141.71,13209.51,13244.69,13247.89,13142.89,13215.69,6.18,33.31
2019-11-12,13210.61,13308.91,13185.41,13259.11,13215.69,13310.09,13188.59,13265.29,6.18,37.27
2019-11-13,13260.21,13271.91,13137.21,13245.91,13265.29,13273.09,13138.21,13252.09,6.18,40.29
2019-11-14,13245.91,13262.41,13156.91,13206.31,13250.99,13265.59,13159.09,13212.49,6.18,46.32
2019-11-15,13207.41,13281.21,13172.71,13238.71,13213.59,13283.39,13173.89,13244.89,6.18,47.99
2019-11-18,13217.41,13286.41,13135.91,13200.01,13222.99,13287.59,13137.09,13202.89,2.88,53.6
2019-11-19,13200.01,13375.21,13170.0,13170.31,13203.89,13376.39,13172.29,13176.49,6.18,58.36
2019-11-20,13170.31,13204.21,13065.41,13114.21,13177.59,13207.39,13069.39,13120.39,6.18,69.99
2019-11-21,13114.21,13177.71,13039.91,13155.31,13121.39,13179.89,13043.09,13161.49,6.18,73.57
2019-11-22,13155.31,13245.21,13117.41,13186.71,13162.49,13246.39,13118.59,13192.89,6.18,55.39
2019-11-25,13208.71,13270.71,13201.41,13260.61,13214.39,13271.89,13204.59,13266.79,6.18,32.52
2019-11-26,13260.61,13315.21,13191.21,13257.01,13265.69,13318.39,13192.39,13263.19,6.18,36.93
2019-11-27,13256.51,13315.71,13218.21,13264.01,13262.69,13316.89,13219.39,13270.19,6.18,35.23
2019-11-28,13264.01,13272.21,13213.41,13251.11,13269.19,13275.39,13214.59,13257.29,6.18,21.22
2019-11-29,13250.01,13294.21,13162.91,13227.71,13256.19,13295.39,13165.09,13233.89,6.18,35.04
2019-12-02,13240.91,13339.41,12951.71,12978.81,13248.09,13340.59,12952.89,12984.99,6.18,59.43
2019-12-03,12979.81,13088.41,12925.41,13058.21,12984.99,13089.59,12926.59,13064.39,6.18,65.34
2019-12-04,13058.21,13172.71,12994.21,13143.91,13065.39,13174.89,12995.39,13150.09,6.18,50.56
2019-12-05,13143.91,13191.21,13045.41,13077.71,13151.09,13192.39,13047.09,13083.89,6.18,41.88
2019-12-06,13078.71,13179.21,13050.91,13171.71,13083.89,13181.39,13052.09,13177.89,6.18,34.39
2019-12-09,13178.61,13179.21,13063.41,13068.61,13185.89,13185.89,13069.59,13074.79,6.18,31.96
2019-12-10,13067.61,13094.41,12883.91,13068.21,13074.79,13096.59,12885.09,13074.39,6.18,50.72
2019-12-11,13069.31,13170.71,13040.41,13152.61,13074.39,13171.89,13041.59,13158.79,6.18,42.36
2019-12-12,13152.61,13360.61,13102.41,13349.31,13159.89,13366.79,13103.59,13355.49,6.18,58.0
2019-12-13,13348.71,13457.21,13252.41,13304.71,13354.89,13460.39,13253.59,13310.89,6.18,59.67
2019-12-16,13321.71,13427.71,13318.91,13382.61,13327.39,13428.89,13322.09,13388.79,6.18,28.8
2019-12-17,13383.61,13407.91,13268.09,13279.91,13388.79,13411.09,13269.09,13286.09,6.18,34.18
2019-12-18,13278.91,13284.91,13205.71,13225.01,13286.09,13289.29,13207.89,13231.19,6.18,31.31
2019-12-19,13223.91,13251.21,13137.91,13228.11,13231.19,13252.39,13139.09,13234.29,6.18,32.51
2019-12-20,13228.11,13319.21,13184.71,13296.71,13233.19,13320.89,13186.89,13302.89,6.18,40.47
2019-12-23,13315.31,13326.91,13279.91,13294.71,13320.49,13328.09,13282.09,13300.89,6.18,29.21
2019-12-24,13293.71,13305.01,13266.01,13285.41,13300.89,13311.19,13272.19,13291.59,6.18,1.69
2019-12-25,13290.61,13292.61,13287.51,13289.51,13296.79,13298.79,13293.69,13295.69,6.18,0.12
2019-12-26,13290.61,13345.51,13288.51,13343.41,13295.69,13351.69,13294.69,13349.59,6.18,2.24
2019-12-27,13342.41,13396.21,13283.67,13294.9,13348.59,13399.39,13285.8,13301.11,6.21,33.09
2019-12-30,13300.1,13315.4,13107.68,13130.2,13305.21,13316.63,13109.92,13136.45,6.25,36.43
2019-12-31,13131.26,13146.0,13071.35,13098.0,13136.45,13149.25,13077.5,13100.11,2.11,4.24
2020-01-01,13156.95,13182.4,13156.95,13168.15,13163.2,13188.63,13163.1,13174.43,6.28,0.3
2020-01-02,13169.16,13454.6,13166.08,13444.35,13174.43,13460.8,13172.35,13450.61,6.26,31.82
2020-01-03,13444.35,13452.3,13117.18,13173.85,13450.12,13457.71,13118.41,13180.11,6.26,60.42
2020-01-06,13125.1,13162.4,12946.89,13140.88,13132.34,13166.94,12948.11,13147.13,6.25,52.75
2020-01-07,13139.89,13284.0,13038.05,13072.7,13147.13,13285.14,13044.31,13078.91,6.21,53.91
2020-01-08,13073.8,13404.2,12968.17,13390.69,13079.95,13407.21,12971.42,13396.9,6.21,62.61
2020-01-09,13389.68,13524.19,13387.66,13519.49,13396.9,13529.8,13391.1,13525.71,6.22,43.76
2020-01-10,13520.45,13549.67,13430.18,13455.19,13526.73,13551.44,13432.4,13461.41,6.22,39.72
2020-01-13,13458.28,13530.35,13401.9,13497.17,13464.04,13531.45,13403.14,13503.4,6.23,39.45
2020-01-14,13496.7,13506.4,13361.19,13429.68,13503.4,13509.64,13362.4,13435.8,6.12,48.22
2020-01-15,13430.9,13461.2,13386.4,13426.57,13437.01,13462.2,13387.61,13432.8,6.23,42.19
2020-01-16,13427.6,13493.68,13379.8,13470.9,13432.8,13497.31,13380.9,13477.13,6.23,38.65
2020-01-17,13469.78,13557.3,13467.76,13535.88,13477.13,13558.4,13471.64,13542.0,6.12,34.35
2020-01-20,13526.88,13578.7,13487.5,13551.69,13532.11,13581.91,13488.63,13557.8,6.11,19.71
2020-01-21,13552.65,13570.87,13436.87,13522.9,13557.9,13573.92,13438.0,13529.03,6.13,35.31
2020-01-22,13523.9,13638.9,13448.37,13456.46,13530.12,13640.11,13454.6,13462.6,6.14,27.41
2020-01-23,13457.6,13508.0,13381.0,13496.87,13462.6,13514.21,13382.0,13503.11,6.24,30.96
2020-01-24,13497.96,13607.69,13476.5,13520.19,13503.15,13608.69,13479.61,13526.41,6.22,34.18
2020-01-27,13412.49,13437.7,13189.0,13215.49,13417.75,13440.0,13194.42,13221.72,6.23,42.65
2020-01-28,13215.48,13337.6,13163.92,13301.2,13220.7,13343.83,13164.92,13307.31,6.11,39.47
2020-01-29,13300.07,13375.88,13279.65,13321.8,13307.31,13378.1,13282.92,13327.8,6.0,47.35
2020-01-30,13322.68,13326.78,13116.88,13262.35,13328.94,13332.9,13118.11,13268.6,6.25,73.63
2020-01-31,13261.86,13275.8,12884.2,12930.67,13268.6,13278.92,12886.3,12936.91,6.24,75.96
2020-02-03,12963.75,13077.16,12954.37,13001.1,12971.04,13078.42,12960.6,13007.32,6.22,83.53
2020-02-04,13000.05,13301.1,12998.05,13274.85,13007.32,13307.32,13004.2,13281.14,6.29,63.65
2020-02-05,13274.85,13522.7,13221.36,13503.98,13280.11,13528.91,13222.61,13510.21,6.23,52.89
2020-02-06,13503.98,13601.88,13488.39,13584.5,13509.15,13603.12,13491.63,13590.5,6.0,32.2
2020-02-07,13585.36,13591.8,13459.4,13472.9,13590.6,13596.8,13461.6,13479.13,6.23,35.28
2020-02-10,13421.16,13534.7,13420.06,13526.67,13426.2,13540.92,13426.2,13532.92,6.25,30.44
2020-02-11,13527.69,13670.3,13519.57,13639.57,13533.8,13671.45,13525.7,13645.84,6.27,45.46
2020-02-12,13639.57,13794.86,13609.88,13736.9,13644.82,13801.12,13613.12,13743.05,6.15,48.64
2020-02-13,13736.9,13765.37,13576.2,13721.2,13744.1,13768.63,13577.4,13727.35,6.15,53.35
2020-02-14,13722.09,13791.17,13710.5,13750.16,13727.35,13794.44,13712.62,13756.45,6.29,45.67
2020-02-17,13781.7,13808.68,13725.29,13745.49,13786.91,13811.91,13731.53,13751.71,6.22,15.64
2020-02-18,13745.97,13752.0,13654.8,13730.86,13752.22,13755.1,13656.3,13737.15,6.29,48.83
2020-02-19,13730.86,13791.1,13708.7,13789.97,13738.14,13797.24,13711.91,13796.24,6.27,32.75
2020-02-20,13790.98,13827.3,13646.88,13665.8,13796.24,13830.5,13649.12,13671.94,6.14,62.58
2020-02-21,13665.8,13709.69,13498.5,13556.39,13671.44,13712.9,13499.5,13562.63,6.24,55.42
2020-02-24,13398.99,13404.89,12938.86,13020.4,13404.24,13409.33,12945.0,13026.5,6.1,64.01
2020-02-25,13021.37,13158.3,12610.17,12717.6,13026.5,13164.42,12612.4,12723.7,6.1,66.39
2020-02-26,12718.2,12850.36,12367.15,12552.6,12723.84,12851.5,12368.4,12558.7,6.1,75.78
2020-02-27,12552.6,12597.37,12001.7,12116.1,12558.2,12600.62,12007.91,12122.31,6.21,80.02
2020-02-28,12117.09,12158.68,11722.0,11933.18,12122.31,12161.9,11723.11,11939.4,6.22,82.43
2020-03-02,11754.08,12215.65,11622.67,12042.05,11759.7,12217.95,11623.95,12048.31,6.26,110.9
2020-03-03,12042.56,12273.38,11729.16,11791.37,12048.31,12274.64,11735.42,11797.65,6.28,119.53
2020-03-04,11790.38,12279.5,11785.45,12198.08,11797.65,12281.65,11791.7,12203.9,5.82,91.57
2020-03-05,12198.08,12223.68,11750.39,11807.6,12204.3,12226.94,11752.62,11813.81,6.21,106.87
2020-03-06,11808.6,11864.5,11419.85,11544.85,11813.81,11867.6,11422.13,11551.1,6.25,138.22
2020-03-09,10955.76,11095.68,10378.65,10589.36,10962.9,11098.93,10380.93,10595.5,6.14,104.61
2020-03-10,10589.36,11038.86,10423.65,10650.27,10595.14,11040.14,10424.92,10656.4,6.13,93.48
2020-03-11,10651.27,10763.35,10213.5,10265.3,10657.52,10764.5,10215.62,10271.54,6.24,99.95
2020-03-12,10266.69,10306.39,8897.09,8944.6,10271.54,10312.61,8903.32,8950.72,6.12,59.68
2020-03-13,8944.97,9998.86,8820.8,9723.17,8950.73,10000.1,8823.91,9725.3,2.13,81.02
2020-03-16,9151.19,9180.3,8238.16,8687.18,9154.43,9186.43,8239.44,8693.42,6.24,94.26
2020-03-17,8687.58,9174.36,8427.37,8595.07,8693.45,9176.44,8428.65,8601.35,6.28,77.27
2020-03-18,8595.07,8890.16,8185.88,8640.95,8601.6,8893.3,8190.11,8650.23,9.28,88.06
2020-03-19,8640.95,8814.9,7965.88,8571.06,8649.81,8819.14,7971.14,8580.35,9.29,82.79
2020-03-20,8571.06,9195.08,8497.4,8610.86,8579.81,9198.25,8502.5,8620.14,9.28,87.37
2020-03-23,8280.36,9118.7,8015.16,8966.4,8290.63,9123.24,8020.41,8975.5,9.1,101.52
2020-03-24,8966.4,9770.9,8899.0,9609.58,8975.1,9780.03,8904.0,9618.83,9.25,85.91
2020-03-25,9609.58,10143.39,9439.39,9810.26,9618.3,10146.24,9442.21,9819.5,9.24,87.31
2020-03-26,9810.26,10109.8,9520.55,10098.07,9817.55,10118.8,9523.3,10107.32,9.25,77.57
2020-03-27,10097.58,10109.7,9529.5,9543.16,10107.32,10118.9,9533.6,9552.3,9.14,93.58
2020-03-30,9442.18,9906.5,9442.18,9882.87,9447.43,9915.5,9447.43,9888.15,5.28,58.46
2020-03-31,9884.25,10095.85,9683.88,9691.58,9889.54,10098.71,9693.12,9700.83,9.25,71.47
2020-04-01,9690.57,9763.0,9323.4,9415.29,9699.85,9768.11,9327.61,9424.5,9.21,36.14
2020-04-02,9415.29,9656.05,9336.4,9567.67,9422.1,9658.93,9339.21,9576.95,9.28,86.08
2020-04-03,9567.67,9626.4,9438.2,9522.19,9574.1,9629.25,9442.4,9531.44,9.25,58.74
2020-04-06,9653.49,10265.17,9647.65,10261.7,9661.71,10274.13,9656.8,10270.84,9.14,85.68
2020-04-07,10262.0,10590.4,10098.69,10227.3,10270.84,10593.25,10103.95,10236.5,9.2,44.38
2020-04-08,10227.3,10444.5,10159.86,10431.4,10235.14,10453.6,10165.11,10440.51,9.11,12.67
2020-04-09,10432.18,10711.3,10310.08,10663.18,10440.54,10715.4,10312.8,10672.43,9.25,14.38
2020-04-13,10566.47,10707.19,10480.36,10647.6,10574.6,10713.43,10486.63,10656.82,9.22,7.59
2020-04-14,10648.6,10824.2,10581.39,10704.4,10656.82,10826.92,10588.8,10713.6,9.2,10.5
2020-04-15,10705.26,10744.5,10171.17,10182.18,10713.6,10749.63,10180.3,10191.3,9.12,63.11
2020-04-16,10182.18,10614.2,10172.65,10567.66,10191.9,10623.33,10177.92,10576.92,9.26,96.0
2020-04-17,10566.76,10760.86,10528.18,10698.65,10576.92,10763.72,10533.45,10707.94,9.29,100.48
2020-04-20,10635.15,10774.88,10443.2,10569.2,10643.4,10779.64,10444.91,10578.45,9.25,59.45
2020-04-21,10569.2,10627.18,10228.88,10326.0,10578.84,10631.92,10232.1,10335.23,9.23,73.27
2020-04-22,10325.48,10472.38,10230.15,10396.3,10334.75,10475.65,10234.8,10405.42,9.12,72.78
2020-04-23,10396.58,10612.19,10307.96,10327.35,10405.82,10613.92,10317.1,10336.62,9.27,65.85
2020-04-24,10327.35,10490.86,10260.86,10468.67,10337.1,10492.62,10265.61,10477.95,9.28,67.77
2020-04-27,10441.78,10723.69,10424.17,10683.1,10451.93,10726.92,10429.11,10692.33,9.23,74.53
2020-04-28,10683.1,10900.16,10636.9,10780.19,10692.82,10901.93,10641.62,10787.64,7.45,85.0
2020-04-29,10780.19,11213.38,10750.86,11175.29,10787.22,11220.85,10754.72,11182.6,7.31,84.4
2020-04-30,11175.29,11340.56,10658.8,10734.7,11182.22,11344.4,10666.0,10741.9,7.2,91.87
2020-05-01,10734.7,10752.9,10521.97,10576.8,10742.52,10756.75,10524.64,10584.1,7.3,41.69
2020-05-04,10426.47,10613.08,10376.55,10585.89,10435.01,10614.53,10380.44,10593.35,7.46,77.48
2020-05-05,10585.89,10748.2,10517.6,10664.98,10594.2,10750.85,10519.0,10672.45,7.47,59.2
2020-05-06,10664.98,10774.59,10486.86,10528.1,10673.2,10776.01,10494.35,10535.4,7.3,49.01
2020-05-07,10528.1,10802.3,10528.1,10792.48,10536.34,10804.85,10536.34,10799.93,7.45,57.99
2020-05-08,10792.48,10923.9,10789.97,10919.78,10800.85,10931.2,10797.3,10927.25,7.47,36.51
2020-05-11,10994.8,11031.9,10739.2,10853.3,11001.2,11035.73,10740.54,10860.61,7.31,35.76
2020-05-12,10854.08,10887.07,10551.48,10574.2,10861.51,10888.54,10558.8,10581.54,7.34,36.0
2020-05-13,10574.98,10705.8,10433.98,10523.0,10581.54,10708.34,10436.61,10530.33,7.33,54.75
2020-05-14,10523.0,10523.0,10160.58,10478.99,10529.85,10529.85,10162.0,10486.3,7.31,62.88
2020-05-15,10479.87,10547.4,10370.08,10484.8,10486.3,10548.75,10373.9,10492.14,7.34,53.35
2020-05-18,10552.7,11146.45,10540.57,11108.7,10560.03,11149.15,10548.01,11116.13,7.43,46.71
2020-05-19,11108.7,11230.96,10931.67,10993.1,11115.2,11233.5,10933.02,11000.5,7.4,55.53
2020-05-20,10993.56,11247.58,10974.78,11197.4,11000.53,11249.81,10976.2,11204.8,7.4,42.78
2020-05-21,11198.27,11202.59,11033.9,11094.97,11204.84,11206.42,11035.24,11102.4,7.43,47.81
2020-05-22,11095.89,11139.79,10863.27,11134.38,11102.41,11145.65,10864.6,11141.33,6.95,43.23
2020-05-25,11184.2,11402.99,11114.1,11364.25,11190.64,11405.6,11115.5,11371.72,7.47,25.98
2020-05-26,11364.77,11545.8,11354.39,11459.08,11371.73,11547.24,11358.2,11466.54,7.46,47.28
2020-05-27,11459.98,11758.59,11429.77,11757.1,11466.54,11765.9,11437.1,11764.4,7.3,58.3
2020-05-28,11757.1,11833.55,11654.09,11660.47,11764.04,11837.4,11655.4,11667.93,7.46,59.07
2020-05-29,11661.46,11730.28,11514.3,11723.27,11667.93,11732.12,11516.81,11730.2,6.93,60.55
2020-06-01,11604.5,11941.5,11603.66,11873.19,11611.9,11946.22,11611.12,11880.62,7.43,37.6
2020-06-02,11874.3,12119.0,11849.79,12115.0,11880.62,12126.32,11851.24,12122.32,7.32,45.13
2020-06-03,12115.85,12558.8,12102.97,12540.58,12122.35,12565.15,12110.4,12548.01,7.43,49.27
2020-06-04,12541.6,12558.3,12323.7,12405.05,12548.01,12559.71,12324.9,12412.55,7.5,69.68
2020-06-05,12405.05,12862.69,12394.37,12760.75,12413.5,12865.2,12398.2,12768.23,7.48,77.72
2020-06-08,12863.88,12928.7,12673.09,12900.5,12870.2,12936.05,12674.5,12907.8,7.3,52.3
2020-06-09,12900.5,12930.09,12500.08,12665.18,12907.41,12937.51,12501.54,12672.63,7.45,69.85
2020-06-10,12665.18,12767.06,12382.85,12389.76,12673.64,12768.55,12390.2,12397.2,7.44,77.21
2020-06-11,12389.76,12491.0,11751.6,11893.15,12398.25,12494.75,11754.1,11901.15,8.0,114.92
2020-06-12,11893.66,12171.6,11789.07,12001.66,11901.15,12173.21,11792.95,12009.15,7.49,120.63
2020-06-15,11846.37,12208.3,11585.45,12205.69,11853.81,12215.65,11588.0,12213.13,7.44,94.03
2020-06-16,12205.69,12434.25,12128.79,12334.87,12212.63,12435.74,12130.2,12342.32,7.45,116.95
2020-06-17,12334.87,12432.79,12215.4,12287.36,12341.81,12434.25,12219.25,12294.84,7.48,91.49
2020-06-18,12287.36,12485.09,12157.06,12323.99,12296.35,12486.54,12160.91,12331.42,7.43,87.45
2020-06-19,12323.99,12448.29,12109.4,12120.18,12330.92,12449.75,12116.75,12127.62,7.44,95.82
2020-06-22,12104.1,12411.26,12087.67,12399.4,12111.44,12418.6,12095.0,12406.81,7.41,85.91
2020-06-23,12398.39,12615.77,12159.0,12422.2,12405.82,12619.03,12162.6,12429.63,7.43,87.83
2020-06-24,12422.2,12517.56,12029.98,12121.9,12430.65,12521.42,12032.63,12129.34,7.44,85.63
2020-06-25,12122.88,12358.1,11952.71,12328.2,12130.33,12365.5,11953.71,12335.53,7.33,68.42
2020-06-26,12328.2,12366.2,12034.6,12092.19,12334.5,12369.93,12037.0,12099.6,7.41,63.96
2020-06-29,12060.07,12343.8,11956.65,12323.55,12067.0,12351.21,11959.32,12330.51,6.96,63.1
2020-06-30,12323.1,12407.15,12186.7,12344.59,12330.51,12409.7,12188.03,12351.9,7.31,48.61
2020-07-01,12344.57,12400.2,12081.58,12290.36,12351.02,12403.91,12083.04,12297.82,7.46,45.26
2020-07-02,12290.36,12658.28,12235.09,12579.4,12296.83,12659.7,12238.8,12586.8,7.4,53.79
2020-07-03,12580.35,12661.5,12472.8,12581.1,12586.85,12664.12,12474.2,12588.55,7.45,29.75
2020-07-06,12635.38,12845.8,12611.2,12774.86,12641.83,12847.2,12618.55,12782.33,7.47,69.36
2020-07-07,12774.86,12816.05,12518.67,12552.99,12781.33,12823.54,12521.3,12560.3,7.31,71.72
2020-07-08,12552.99,12674.05,12459.79,12614.87,12559.4,12675.55,12461.2,12622.3,7.43,53.9
2020-07-09,12615.87,12708.56,12444.19,12596.27,12622.3,12709.9,12446.81,12604.1,7.83,85.55
2020-07-10,12596.66,12719.4,12398.46,12718.29,12604.1,12726.72,12401.11,12725.71,7.42,69.79
2020-07-13,12729.199,12879.249,12534.07,12595.87,12733.291,12881.301,12537.65,12603.33,7.46,49.1
2020-07-14,12595.87,12871.09,12529.75,12847.08,12602.7,12878.55,12531.21,12854.52,7.44,101.17
2020-07-15,12847.08,13001.29,12772.09,12909.76,12852.55,13002.73,12773.51,12917.22,7.46,55.99
2020-07-16,12909.75,12920.6,12804.0,12899.47,12917.22,12923.13,12804.52,12906.8,7.33,45.95
2020-07-17,12900.6,12980.2,12868.56,12948.99,12906.92,12987.63,12870.0,12955.44,6.45,33.35
2020-07-20,12982.19,13103.49,12808.25,13085.8,12988.5,13106.12,12809.6,13093.23,7.43,43.42
2020-07-21,13086.77,13315.59,13074.96,13119.96,13093.23,13316.9,13077.5,13127.4,7.44,56.85
2020-07-22,13120.97,13201.77,13063.7,13110.16,13128.44,13203.22,13064.9,13117.63,7.47,48.14
2020-07-23,13111.19,13218.29,12950.67,13011.85,13117.63,13219.7,12953.2,13019.32,7.47,47.69
2020-07-24,13012.87,13032.7,12775.17,12811.07,13019.32,13036.44,12777.83,12818.53,7.46,46.21
2020-07-27,12793.6,12912.8,12787.76,12901.66,12800.8,12920.13,12795.23,12909.15,7.49,37.81
2020-07-28,12902.68,12979.1,12743.09,12796.8,12909.15,12982.9,12744.52,12804.12,7.32,38.34
2020-07-29,12796.65,12892.99,12748.9,12871.2,12804.12,12900.42,12752.71,12878.61,7.41,29.88
2020-07-30,12872.19,12873.3,12250.25,12526.27,12878.62,12880.62,12251.6,12533.72,7.45,74.01
2020-07-31,12526.27,12536.0,12209.0,12320.48,12533.72,12543.35,12211.6,12327.8,7.32,69.81
2020-08-03,12317.38,12700.3,12273.78,12654.58,12324.7,12701.72,12281.22,12662.01,7.43,37.26
2020-08-04,12655.56,12770.1,12525.6,12613.27,12662.02,12771.52,12526.9,12620.71,7.44,40.32
2020-08-05,12613.26,12761.3,12578.08,12615.19,12619.82,12762.7,12581.8,12622.5,7.31,35.77
2020-08-06,12615.19,12801.05,12515.75,12647.9,12621.71,12802.2,12517.1,12655.3,7.4,42.84
2020-08-07,12647.89,12705.6,12514.75,12700.3,12654.3,12711.42,12515.9,12707.14,6.84,38.34
2020-08-10,12688.29,12776.1,12600.78,12732.8,12695.3,12780.2,12602.1,12740.0,7.2,37.77
2020-08-11,12732.8,13046.7,12722.4,12847.99,12739.21,13048.0,12726.22,12855.3,7.31,43.99
2020-08-12,12848.88,13102.77,12824.38,13070.26,12855.3,13104.25,12828.21,13077.72,7.46,35.56
2020-08-13,13070.26,13090.5,12919.2,12995.9,13076.71,13094.23,12921.7,13003.1,7.2,34.15
2020-08-14,12996.66,13014.8,12792.07,12844.5,13003.24,13017.33,12793.53,12851.81,7.31,32.12
2020-08-17,12877.27,12964.09,12845.26,12955.19,12883.83,12967.3,12846.7,12962.6,7.41,24.78
2020-08-18,12955.19,13056.05,12804.56,12876.46,12961.6,13057.52,12806.05,12883.95,7.49,37.96
2020-08-19,12875.46,12995.0,12832.3,12903.47,12883.95,12997.65,12833.74,12910.94,7.47,34.83
2020-08-20,12903.47,12910.39,12750.77,12884.55,12911.9,12914.23,12752.21,12891.9,7.35,40.47
2020-08-21,12885.5,12938.89,12629.28,12787.95,12891.9,12942.71,12630.73,12795.43,7.48,51.01
2020-08-24,12804.0,13108.2,12782.85,13097.95,12810.33,13109.51,12786.7,13105.41,7.46,52.74
2020-08-25,13097.95,13224.4,13008.15,13103.95,13104.4,13225.7,13010.7,13111.4,7.45,45.84
2020-08-26,13104.1,13252.5,13007.06,13234.06,13110.41,13259.81,13008.51,13241.4,7.34,47.26
2020-08-27,13234.09,13238.88,13019.96,13101.06,13240.65,13246.35,13022.6,13108.54,7.48,70.55
2020-08-28,13100.08,13191.39,12945.9,13052.87,13107.55,13195.23,12947.22,13060.2,7.33,63.23
2020-08-31,13108.8,13155.0,12898.76,12948.17,13117.1,13158.72,12905.83,12955.5,7.33,71.64
2020-09-01,12948.15,13131.56,12847.09,13025.97,12956.54,13133.03,12848.51,13027.0,1.03,87.64
2020-09-02,13025.6,13381.9,13006.36,13371.8,13027.0,13389.35,13010.2,13379.13,7.33,80.35
2020-09-03,13370.66,13461.9,12892.98,12912.77,13378.14,13463.25,12900.4,12920.1,7.33,126.19
2020-09-04,12913.8,13128.9,12746.05,12941.76,12921.11,13129.9,12747.55,12949.1,7.34,135.35
2020-09-07,12906.58,13162.0,12863.76,13146.55,12913.52,13169.35,12870.0,13153.9,7.35,67.69
2020-09-08,13146.58,13162.0,12777.16,12901.8,13153.54,13169.34,12784.61,12909.24,7.44,126.17
2020-09-09,12901.9,13315.3,12868.58,13301.2,12908.6,13320.35,12876.0,13308.52,7.32,94.25
2020-09-10,13301.09,13304.6,13075.8,13138.3,13307.52,13311.53,13083.1,13145.73,7.43,95.64
2020-09-11,13138.28,13257.4,13111.66,13163.4,13145.21,13258.75,13114.2,13170.74,7.34,95.61
2020-09-14,13250.4,13341.09,13142.65,13182.26,13256.82,13342.54,13145.2,13189.75,7.49,83.22
2020-09-15,13182.27,13261.1,13134.29,13207.87,13190.23,13262.52,13135.73,13215.34,7.47,60.51
2020-09-16,13207.87,13276.8,13168.76,13207.6,13214.7,13278.2,13176.2,13214.94,7.34,66.39
2020-09-17,13207.49,13268.3,13031.51,13224.2,13213.94,13275.65,13032.51,13231.64,7.44,70.47
2020-09-18,13224.16,13262.9,13054.16,13150.9,13229.25,13264.24,13056.81,13158.31,7.41,61.03
2020-09-21,13140.05,13154.0,12499.3,12680.19,13146.5,13160.35,12500.74,12687.61,7.42,98.07
2020-09-22,12680.15,12703.5,12559.97,12689.59,12687.1,12710.85,12562.6,12697.01,7.42,83.63
2020-09-23,12689.58,12831.78,12467.36,12503.1,12696.1,12833.23,12474.7,12510.4,7.3,89.17
2020-09-24,12502.55,12695.2,12457.56,12681.27,12510.51,12702.61,12461.3,12688.7,7.43,110.9
2020-09-25,12681.27,12711.88,12337.2,12570.59,12687.81,12715.71,12338.52,12578.04,7.45,86.62
2020-09-28,12599.07,12918.0,12559.35,12914.99,12605.54,12925.35,12563.1,12922.44,7.45,62.01
2020-09-29,12914.96,12947.56,12737.06,12851.85,12921.55,12951.4,12738.22,12859.33,7.48,57.04
2020-09-30,12851.9,12898.2,12663.39,12779.79,12858.32,12901.8,12670.7,12787.1,7.31,76.59
2020-10-01,12781.68,12856.68,12665.8,12710.36,12789.0,12859.35,12667.1,12717.85,7.49,78.17
2020-10-02,12710.5,12738.1,12537.78,12707.48,12716.91,12740.65,12539.2,12714.93,7.45,94.39
2020-10-05,12790.46,12887.7,12725.3,12855.68,12797.95,12892.2,12726.6,12863.13,7.45,60.7
2020-10-06,12856.67,12966.79,12758.0,12802.5,12863.0,12968.24,12765.3,12809.91,7.41,76.83
2020-10-07,12803.46,12971.29,12796.76,12966.45,12809.95,12978.7,12803.1,12973.92,7.47,56.25
2020-10-08,12967.48,13117.3,12933.07,13105.68,12973.94,13124.74,12940.53,13113.12,7.44,54.24
2020-10-09,13105.8,13112.4,13008.05,13074.06,13112.2,13119.85,13009.51,13081.51,7.45,51.68
2020-10-12,13061.39,13184.6,13030.55,13168.26,13069.85,13191.8,13038.0,13175.72,7.46,69.3
2020-10-13,13169.25,13172.2,12955.26,13016.97,13175.74,13179.55,12956.72,13024.3,7.33,85.44
2020-10-14,13017.5,13067.28,12942.65,12978.05,13024.94,13068.75,12950.1,12985.54,7.49,81.93
2020-10-15,12978.09,12995.6,12596.55,12765.28,12984.51,13003.05,12598.0,12772.7,7.42,90.49
2020-10-16,12765.77,12958.3,12704.46,12858.17,12772.71,12959.74,12707.15,12865.65,7.48,69.02
2020-10-19,12915.17,13031.9,12721.5,12798.3,12923.65,13033.0,12724.11,12805.71,7.41,52.75
2020-10-20,12798.29,12851.4,12711.5,12768.18,12805.72,12852.73,12717.7,12775.62,7.44,49.23
2020-10-21,12769.08,12819.0,12449.659,12491.89,12775.5,12821.63,12457.1,12499.3,7.41,59.27
2020-10-22,12491.869,12616.399,12342.26,12597.389,12498.42,12623.751,12343.6,12604.841,7.452,69.55
2020-10-23,12597.349,12719.599,12507.769,12641.859,12604.411,12721.051,12509.201,12649.351,7.492,58.88
2020-10-26,12607.959,12621.299,12089.299,12190.889,12614.551,12628.631,12091.851,12198.321,7.432,80.87
2020-10-27,12191.399,12277.799,11889.989,11915.499,12198.321,12280.331,11897.401,11922.841,7.342,56.57
2020-10-28,11916.269,11960.279,11455.259,11540.679,11922.801,11967.711,11456.741,11548.141,7.462,106.26
2020-10-29,11539.859,11708.399,11455.259,11597.169,11548.121,11709.741,11456.721,11604.631,7.462,105.49
2020-10-30,11597.569,11643.479,11327.889,11630.599,11604.631,11646.101,11331.731,11638.001,7.402,106.94
2020-11-02,11538.699,11838.749,11506.779,11826.359,11545.901,11845.431,11514.221,11833.841,7.482,90.82
2020-11-03,11826.999,12260.169,11806.199,12210.599,11834.311,12278.301,11813.401,12228.601,18.002,84.27
2020-11-04,12209.999,12364.999,11782.959,12251.569,12228.751,12367.651,11785.501,12259.041,7.472,128.14
2020-11-05,12252.959,12589.399,12240.469,12511.269,12260.301,12590.751,12247.901,12518.751,7.482,91.45
2020-11-06,12512.199,12592.549,12369.059,12491.469,12518.701,12593.901,12370.511,12498.921,7.452,80.75
2020-11-09,12590.499,13296.599,12578.059,12999.149,12597.951,13297.901,12585.501,13006.501,7.352,108.47
2020-11-10,12998.749,13240.779,12871.069,13144.979,13006.501,13242.211,12874.951,13151.533,6.554,114.73
2020-11-11,13144.049,13244.059,13095.349,13222.289,13151.511,13251.041,13099.103,13229.711,7.422,87.2
2020-11-12,13222.769,13226.449,12936.159,12972.559,13229.731,13233.931,12938.801,12980.001,7.442,89.25
2020-11-13,12972.179,13142.789,12927.889,13125.559,12980.011,13144.241,12931.711,13133.011,7.452,62.31
2020-11-16,13202.669,13281.899,13075.059,13139.799,13211.052,13283.251,13076.501,13147.131,7.332,73.64
2020-11-17,13138.899,13167.699,13049.289,13147.299,13147.152,13170.0,13050.601,13154.701,7.402,47.97
2020-11-18,13147.299,13213.899,13069.549,13107.789,13153.852,13215.231,13073.501,13115.231,7.442,39.62
2020-11-19,13107.758,13147.02,13032.269,13064.099,13115.252,13151.551,13033.711,13071.441,7.342,43.38
2020-11-20,13064.499,13169.399,13039.249,13088.059,13071.442,13170.751,13040.711,13095.541,7.482,37.91
2020-11-23,13153.378,13314.698,13121.969,13222.879,13160.321,13316.021,13124.611,13230.331,7.452,39.42
2020-11-24,13222.848,13358.499,13188.799,13350.099,13229.321,13365.901,13190.251,13357.301,7.202,37.65
2020-11-25,13349.978,13375.898,13232.899,13304.469,13356.301,13383.231,13234.167,13311.911,7.442,39.11
2020-11-26,13303.569,13333.099,13249.299,13275.199,13311.011,13334.511,13251.801,13281.732,6.533,22.63
2020-11-27,13275.169,13366.059,13241.379,13365.069,13282.651,13373.241,13245.221,13372.401,7.332,28.03
2020-11-30,13369.688,13447.249,13226.059,13336.569,13375.601,13448.701,13229.901,13343.901,7.332,48.53
2020-12-01,13337.469,13435.399,13331.979,13382.899,13344.003,13436.751,13335.601,13390.321,7.422,43.33
2020-12-02,13383.757,13383.899,13270.299,13293.289,13390.311,13391.251,13271.601,13300.731,7.442,38.61
2020-12-03,13293.299,13328.699,13179.669,13215.779,13300.233,13332.441,13182.313,13223.201,7.422,35.15
2020-12-04,13215.759,13317.399,13201.999,13267.859,13222.813,13318.741,13204.601,13274.703,6.844,34.41
2020-12-07,13296.547,13300.697,13158.259,13244.159,13303.501,13304.531,13159.601,13251.611,7.452,37.11
2020-12-08,13244.149,13348.899,13197.299,13314.549,13250.753,13356.321,13198.721,13322.021,7.472,32.4
2020-12-09,13315.479,13458.089,13281.699,13346.369,13322.003,13459.521,13284.341,13353.841,7.472,43.25
2020-12-10,13347.269,13371.699,13210.559,13297.259,13353.833,13373.051,13211.901,13304.731,7.472,44.97
2020-12-11,13297.297,13309.287,13006.0,13138.369,13303.721,13309.779,13006.531,13145.851,7.482,44.43
2020-12-14,13159.277,13294.569,13144.579,13220.449,13166.743,13296.001,13148.303,13227.801,7.352,39.3
2020-12-15,13221.369,13429.787,13182.059,13415.449,13227.923,13437.201,13185.801,13422.931,7.482,37.25
2020-12-16,13414.949,13596.779,13380.869,13583.179,13422.301,13598.211,13384.713,13590.641,7.462,52.0
2020-12-17,13582.289,13733.069,13551.049,13682.359,13590.643,13734.511,13558.543,13689.821,7.462,32.32
2020-12-18,13682.859,13775.399,13600.659,13673.499,13689.853,13776.721,13603.301,13680.851,7.352,48.33
2020-12-21,13612.889,13630.499,13046.279,13360.269,13621.243,13637.843,13047.731,13367.701,7.432,34.1
2020-12-22,13361.179,13442.799,13235.169,13431.997,13367.743,13443.799,13237.701,13439.323,7.326,18.54
2020-12-23,13432.777,13622.179,13333.099,13603.459,13440.203,13624.821,13336.923,13610.921,7.462,16.82
2020-12-24,13603.477,13649.997,13585.059,13632.389,13610.001,13656.151,13592.401,13638.501,6.112,7.85
2020-12-28,13676.787,13827.399,13613.259,13798.199,13683.741,13828.731,13620.731,13805.631,7.432,11.75
2020-12-29,13799.199,13909.679,13689.189,13716.549,13805.613,13912.341,13691.701,13724.001,7.452,15.52
2020-12-30,13716.559,13796.399,13650.659,13669.279,13723.003,13797.751,13658.001,13676.751,7.472,13.26
2020-12-31,13670.199,13735.489,13615.699,13713.169,13677.631,13742.931,13621.803,13718.853,5.684,8.46
2021-01-04,13723.779,13923.279,13591.169,13681.299,13730.333,13924.741,13593.703,13688.731,7.432,29.87
2021-01-05,13681.277,13769.799,13564.799,13685.589,13688.251,13771.211,13566.251,13693.051,7.462,26.84
2021-01-06,13686.469,13933.649,13614.289,13886.579,13693.901,13936.201,13615.711,13894.021,7.442,35.77
2021-01-07,13886.557,14008.989,13862.599,13996.369,13893.111,14016.413,13867.101,14003.811,7.442,25.05
2021-01-08,13997.279,14133.799,13985.749,14104.249,14004.751,14135.241,13993.103,14111.751,7.502,28.63
2021-01-11,14060.349,14075.199,13804.267,13953.669,14068.343,14082.653,13805.713,13961.131,7.462,28.69
2021-01-12,13953.669,14002.299,13840.179,13933.599,13960.103,14005.941,13842.803,13940.801,7.202,23.9
2021-01-13,13934.399,13977.799,13865.749,13948.479,13940.933,13979.251,13867.101,13955.901,7.422,20.5
2021-01-14,13948.479,14032.779,13940.289,13985.267,13955.033,14034.231,13941.711,13991.801,6.534,20.8
2021-01-15,13984.369,13986.597,13671.259,13733.099,13991.831,13991.831,13672.703,13740.043,6.944,34.08
2021-01-18,13732.479,13910.699,13693.0,13892.549,13739.951,13913.311,13693.731,13900.021,7.472,17.12
2021-01-19,13892.587,13960.699,13801.749,13889.399,13899.651,13964.441,13803.211,13896.811,7.412,20.77
2021-01-20,13888.999,13979.369,13796.079,13973.849,13896.411,13986.841,13799.901,13981.201,7.352,19.15
2021-01-21,13974.999,14025.399,13868.649,13925.049,13982.201,14026.0,13871.311,13932.501,7.452,18.98
2021-01-22,13925.077,13942.699,13741.279,13876.997,13931.621,13947.141,13742.701,13883.841,6.844,24.0
2021-01-25,13902.389,13956.259,13597.777,13716.699,13909.801,13957.711,13599.231,13724.021,7.322,38.95
2021-01-26,13716.169,13929.899,13586.259,13899.669,13723.621,13931.941,13592.301,13902.5,2.831,28.86
2021-01-27,13900.599,13903.399,13383.699,13435.769,13902.5,13910.751,13391.121,13443.211,7.442,59.72
2021-01-28,13434.869,13715.799,13306.759,13603.549,13442.351,13718.351,13309.201,13611.011,7.462,53.39
2021-01-29,13603.969,13621.779,13365.699,13397.389,13611.301,13629.221,13368.203,13404.831,7.442,69.53
2021-02-01,13328.899,13690.499,13327.049,13678.679,13336.331,13697.831,13334.501,13686.131,7.452,36.78
2021-02-02,13678.687,13911.797,13631.779,13893.679,13685.211,13917.0,13637.431,13901.141,7.462,29.55
2021-02-03,13894.697,13992.699,13858.579,13986.559,13901.131,14000.151,13862.441,13994.031,7.472,26.24
2021-02-04,13986.999,14074.559,13904.599,14063.879,13994.013,14081.901,13908.401,14071.201,7.322,22.8
2021-02-05,14063.877,14113.799,14011.749,14076.349,14070.451,14115.251,14013.101,14083.841,7.492,19.81
2021-02-08,14082.847,14192.079,14040.149,14061.279,14089.431,14195.941,14042.801,14068.701,7.422,18.89
2021-02-09,14061.277,14086.697,13958.399,14029.549,14067.801,14090.441,13959.603,14037.021,7.472,18.86
2021-02-10,14030.499,14098.569,13825.789,13928.969,14037.931,14102.401,13827.241,13936.301,7.332,27.58
2021-02-11,13928.977,14052.899,13901.589,14035.769,13936.423,14054.231,13905.421,14043.211,7.442,24.25
2021-02-12,14037.547,14083.499,13913.759,14081.689,14043.221,14090.911,13915.241,14089.001,7.312,18.99
2021-02-15,14087.289,14159.099,14072.749,14110.379,14094.721,14162.941,14074.221,14117.811,7.432,13.11
2021-02-16,14111.399,14158.199,14024.199,14028.489,14118.701,14161.901,14031.511,14035.951,7.462,25.44
2021-02-17,14029.369,14069.677,13882.179,13956.699,14036.801,14072.321,13884.701,13964.141,7.442,32.31
2021-02-18,13957.699,13974.779,13852.749,13905.499,13965.021,13982.211,13854.101,13912.941,7.442,35.11
2021-02-19,13905.599,14025.899,13851.069,13944.189,13912.053,14027.251,13854.803,13951.641,7.452,36.67
2021-02-22,13970.769,14034.079,13797.759,13930.049,13977.303,14037.951,13799.103,13937.133,7.084,41.32
2021-02-23,13930.079,14010.699,13661.749,13873.449,13937.531,14014.421,13663.101,13880.951,7.502,51.36
2021-02-24,13873.447,14055.499,13787.599,14050.949,13880.401,14062.821,13791.401,14058.421,7.472,38.44
2021-02-25,14050.987,14074.097,13730.349,13753.589,14057.501,14077.921,13737.813,13761.031,7.442,50.19
2021-02-26,13752.269,13880.799,13641.669,13775.959,13759.701,13882.241,13644.331,13783.431,7.472,70.75
2021-03-01,13882.559,14051.599,13850.559,14042.599,13889.153,14058.941,13854.411,14049.911,7.312,21.58
2021-03-02,14042.447,14102.899,13926.049,14064.949,14049.011,14104.251,13929.911,14072.401,7.452,33.01
2021-03-03,14064.967,14199.259,13942.589,13944.499,14071.531,14200.601,13950.031,13951.801,7.302,46.57
2021-03-04,13944.599,14097.299,13899.099,13938.859,13952.833,14099.341,13902.931,13946.341,7.482,67.52
2021-03-05,13937.959,14067.789,13864.759,14051.889,13945.411,14069.211,13866.201,14059.321,7.432,69.76
2021-03-08,14093.789,14436.659,13959.559,14420.189,14100.833,14444.151,13963.433,14427.631,7.442,61.98
2021-03-09,14420.689,14477.269,14306.789,14460.999,14428.141,14480.541,14308.251,14468.311,7.312,32.19
2021-03-10,14460.869,14590.799,14387.079,14549.389,14467.453,14598.111,14390.801,14556.821,7.432,28.56
2021-03-11,14550.379,14597.789,14515.797,14564.899,14556.803,14599.101,14517.711,14572.331,7.432,27.48
2021-03-12,14564.847,14580.599,14450.247,14564.077,14571.911,14588.041,14451.601,14571.941,7.864,31.54
2021-03-15,14589.859,14591.789,14407.757,14485.559,14597.301,14599.241,14409.101,14493.001,7.442,26.92
2021-03-16,14485.959,14601.789,14477.547,14550.699,14493.411,14603.221,14481.421,14558.141,7.442,26.84
2021-03-17,14550.797,14702.197,14529.049,14699.367,14559.041,14709.651,14532.931,14706.421,7.054,25.91
2021-03-18,14698.949,14803.779,14660.749,14681.469,14706.451,14805.251,14662.101,14688.921,7.452,32.17
2021-03-19,14681.499,14748.897,14562.759,14631.897,14688.951,14750.251,14564.231,14639.233,7.336,34.57
2021-03-22,14625.899,14680.799,14539.789,14674.269,14633.301,14683.621,14541.231,14681.751,7.482,24.32
2021-03-23,14675.199,14706.799,14514.799,14600.079,14682.611,14708.251,14516.211,14607.521,7.442,28.99
2021-03-24,14600.949,14618.699,14518.259,14558.889,14608.421,14621.551,14519.741,14566.301,7.412,37.11
2021-03-25,14559.799,14706.899,14417.749,14690.859,14566.323,14714.201,14419.101,14698.201,7.342,45.37
2021-03-26,14691.759,14852.679,14672.049,14847.269,14698.203,14855.321,14675.901,14854.731,7.462,30.98
2021-03-29,14808.949,14893.799,14719.589,14883.269,14815.503,14899.151,14723.301,14890.731,7.462,36.3
2021-03-30,14882.299,15031.899,14851.549,14989.189,14889.711,15033.211,14855.401,14996.641,7.452,17.76
2021-03-31,14990.299,15048.699,14955.049,15034.279,14997.621,15051.331,14958.911,15041.721,7.442,12.35
2021-04-01,15034.277,15196.299,15015.079,15171.797,15040.841,15198.821,15018.801,15179.243,7.446,11.56
2021-04-05,15256.147,15366.997,15214.749,15349.689,15263.531,15375.241,15223.013,15357.121,7.432,4.73
2021-04-06,15350.667,15351.699,15166.699,15216.299,15357.111,15359.041,15169.331,15223.711,7.412,14.45
2021-04-07,15216.247,15253.399,15157.189,15239.069,15222.701,15260.851,15159.101,15246.511,7.442,11.71
2021-04-08,15239.067,15256.169,15146.749,15227.059,15247.541,15259.741,15148.101,15234.0,6.941,19.41
2021-04-09,15227.077,15262.999,15157.221,15233.669,15233.501,15270.331,15158.221,15240.613,6.944,20.61
2021-04-12,15225.589,15274.789,15187.149,15240.159,15233.001,15276.221,15189.701,15247.641,7.482,23.34
2021-04-13,15239.149,15283.899,15182.269,15239.289,15246.651,15285.211,15183.711,15246.601,7.312,22.67
2021-04-14,15239.259,15300.149,15167.159,15185.379,15246.711,15305.201,15169.701,15192.851,7.472,21.55
2021-04-15,15186.267,15285.799,15181.549,15280.459,15192.851,15292.551,15185.301,15287.941,7.482,16.52
2021-04-16,15280.487,15511.487,15262.059,15493.849,15286.901,15518.941,15263.601,15501.311,7.462,19.7
2021-04-19,15460.099,15501.899,15335.149,15396.689,15467.521,15504.441,15337.701,15404.111,7.422,26.54
2021-04-20,15398.489,15401.399,15104.779,15137.499,15405.911,15408.751,15106.101,15144.811,7.312,30.03
2021-04-21,15138.399,15265.179,15072.289,15227.459,15145.701,15267.841,15073.601,15234.801,7.342,30.32
2021-04-22,15227.477,15337.299,15211.169,15244.479,15234.051,15339.821,15213.811,15251.941,7.462,30.2
2021-04-23,15244.449,15310.399,15146.249,15252.659,15251.921,15311.751,15147.601,15260.111,7.452,26.42
2021-04-26,15269.379,15325.749,15233.249,15291.249,15276.831,15326.749,15234.731,15298.701,7.452,28.63
2021-04-27,15290.399,15309.679,15182.899,15267.089,15297.821,15315.251,15184.101,15274.501,7.412,26.43
2021-04-28,15267.989,15355.899,15230.599,15319.059,15274.403,15357.251,15234.403,15326.501,7.442,28.65
2021-04-29,15318.199,15333.289,15082.749,15165.989,15325.501,15335.451,15084.211,15173.401,7.412,40.7
2021-04-30,15166.999,15245.759,15096.159,15148.399,15173.453,15247.211,15098.701,15155.851,7.452,35.33
2021-05-03,15163.659,15270.799,15107.769,15234.999,15170.753,15272.221,15109.201,15242.341,7.342,29.35
2021-05-04,15233.059,15263.799,14827.149,14903.359,15240.551,15265.251,14829.701,14910.811,7.452,50.47
2021-05-05,14904.279,15188.799,14901.549,15165.389,14910.853,15191.331,14909.001,15172.841,7.452,37.13
2021-05-06,15164.889,15276.399,15085.749,15252.789,15172.311,15277.751,15087.241,15260.211,7.422,51.34
2021-05-07,15251.849,15422.489,15221.769,15416.179,15260.243,15429.901,15229.243,15423.641,7.462,40.09
2021-05-10,15422.659,15466.589,15289.259,15324.489,15430.131,15470.453,15296.713,15331.951,7.462,34.84
2021-05-11,15323.699,15330.999,15005.749,15121.899,15331.913,15338.201,15007.201,15129.231,7.332,61.6
2021-05-12,15122.799,15226.299,14995.579,15122.369,15129.223,15227.751,14999.413,15129.801,7.432,69.06
2021-05-13,15121.449,15273.589,14808.249,15263.999,15128.801,15281.011,14809.713,15271.411,7.412,67.38
2021-05-14,15264.889,15491.599,15213.789,15481.379,15271.403,15499.043,15215.741,15488.821,7.442,40.99
2021-05-17,15448.799,15483.899,15349.759,15450.769,15455.723,15485.241,15351.201,15458.101,7.332,35.88
2021-05-18,15449.999,15541.399,15275.799,15275.799,15457.331,15542.751,15283.001,15283.001,7.202,27.32
2021-05-19,15277.559,15329.199,14958.249,15130.179,15283.153,15332.943,14959.701,15137.631,7.452,62.04
2021-05-20,15131.089,15396.669,15099.749,15385.099,15137.633,15399.203,15101.211,15392.431,7.332,43.56
2021-05-21,15385.859,15466.899,15350.049,15448.099,15392.403,15468.231,15353.801,15455.431,7.332,36.05
2021-05-24,15438.869,15589.299,15434.559,15576.999,15444.513,15592.931,15438.301,15584.321,7.322,17.74
2021-05-25,15576.857,15605.299,15455.159,15505.489,15583.401,15607.831,15457.831,15512.801,7.312,28.29
2021-05-26,15504.479,15544.269,15405.289,15446.069,15512.903,15547.451,15406.701,15453.511,7.442,29.85
2021-05-27,15445.159,15490.169,15348.249,15483.749,15452.621,15497.641,15349.601,15491.231,7.482,31.71
2021-05-28,15484.659,15548.779,15431.759,15489.699,15491.233,15550.231,15433.221,15497.021,7.322,21.21
2021-05-31,15502.459,15526.397,15413.299,15469.369,15509.801,15533.731,15415.801,15476.811,7.442,11.41
2021-06-01,15469.399,15685.399,15436.089,15559.659,15476.841,15686.751,15439.911,15567.121,7.462,26.6
2021-06-02,15559.657,15629.769,15547.769,15596.349,15566.201,15631.211,15549.211,15603.801,7.452,23.85
2021-06-03,15597.287,15656.799,15472.749,15619.599,15603.701,15658.801,15474.211,15627.031,7.432,28.62
2021-06-04,15620.469,15707.299,15580.579,15687.899,15627.941,15708.851,15584.411,15695.351,7.452,19.32
2021-06-07,15691.347,15732.899,15610.759,15702.089,15697.911,15734.251,15612.101,15709.401,7.312,20.47
2021-06-08,15702.047,15729.767,15636.899,15667.199,15709.021,15730.767,15638.241,15674.601,7.402,23.13
2021-06-09,15667.187,15678.197,15501.201,15578.269,15672.731,15681.941,15502.201,15585.601,7.332,21.68
2021-06-10,15578.247,15638.897,15512.899,15584.199,15584.711,15640.231,15514.221,15591.401,7.202,26.47
2021-06-11,15585.099,15721.489,15547.899,15713.479,15592.421,15728.451,15549.201,15720.901,7.422,16.17
2021-06-14,15727.049,15804.699,15670.669,15707.799,15734.551,15806.041,15673.331,15715.101,7.302,18.05
2021-06-15,15707.797,15793.799,15706.749,15734.699,15714.101,15795.221,15714.101,15742.001,7.302,17.51
2021-06-16,15735.679,15761.269,15649.049,15649.949,15743.151,15762.711,15656.401,15657.451,7.502,20.96
2021-06-17,15649.079,15760.799,15616.599,15740.499,15656.501,15763.901,15620.451,15747.831,7.332,23.26
2021-06-18,15740.999,15743.569,15420.149,15443.559,15748.321,15748.351,15426.201,15451.041,7.482,34.57
2021-06-21,15427.799,15661.887,15276.559,15648.089,15435.101,15669.351,15280.301,15655.551,7.462,27.76
2021-06-22,15648.949,15660.189,15513.747,15628.469,15656.401,15662.931,15515.101,15635.921,7.452,24.56
2021-06-23,15629.349,15675.899,15453.199,15502.089,15636.821,15677.251,15455.851,15509.511,7.422,15.55
2021-06-24,15502.067,15613.787,15478.259,15600.679,15508.611,15621.201,15479.741,15608.131,7.452,13.46
2021-06-25,15601.587,15637.179,15531.749,15608.599,15608.151,15639.701,15533.101,15615.941,7.342,16.13
2021-06-28,15611.477,15669.779,15540.757,15563.869,15618.953,15671.251,15542.101,15571.201,7.332,26.75
2021-06-29,15562.979,15753.899,15533.047,15713.979,15570.431,15755.251,15536.801,15721.411,7.432,19.93
2021-06-30,15713.499,15719.999,15457.899,15580.099,15720.801,15727.311,15459.231,15587.411,7.312,23.69
2021-07-01,15580.999,15709.759,15489.221,15627.899,15587.423,15711.231,15490.221,15635.311,7.412,19.01
2021-07-02,15627.847,15708.399,15599.647,15651.889,15635.313,15709.731,15602.201,15659.331,7.442,16.92
2021-07-05,15650.669,15680.199,15530.779,15676.469,15658.151,15687.531,15532.101,15683.931,7.462,10.36
2021-07-06,15677.347,15695.079,15463.299,15494.769,15683.951,15698.911,15464.711,15502.101,7.332,27.7
2021-07-07,15495.289,15716.599,15475.289,15710.297,15502.253,15723.951,15481.301,15717.101,6.804,34.73
2021-07-08,15709.749,15715.697,15303.749,15398.189,15717.211,15723.051,15305.101,15405.651,7.462,65.5
2021-07-09,15399.049,15697.299,15360.0,15676.549,15406.501,15699.851,15362.301,15684.001,7.452,42.0
2021-07-12,15684.189,15805.899,15630.749,15795.599,15691.641,15808.651,15632.101,15802.921,7.322,35.36
2021-07-13,15795.457,15814.069,15746.759,15759.749,15802.031,15817.951,15748.101,15767.101,7.352,25.64
2021-07-14,15759.747,15809.299,15714.899,15778.359,15766.351,15810.741,15716.221,15785.821,7.462,27.06
2021-07-15,15778.387,15779.597,15586.189,15597.049,15784.901,15785.841,15588.701,15604.401,7.352,36.88
2021-07-16,15598.099,15700.899,15475.0,15482.559,15604.533,15702.231,15476.201,15490.001,7.442,23.9
2021-07-19,15459.899,15482.279,15044.789,15150.779,15467.331,15489.711,15046.241,15158.231,7.452,37.85
2021-07-20,15150.759,15299.779,15090.743,15284.659,15157.313,15301.241,15091.743,15292.151,7.492,30.07
2021-07-21,15283.869,15470.879,15196.799,15459.969,15291.341,15478.311,15198.201,15467.301,7.332,24.31
2021-07-22,15459.997,15577.899,15435.089,15552.749,15466.551,15579.241,15438.913,15560.221,7.472,31.25
2021-07-23,15551.889,15691.299,15540.569,15654.489,15559.301,15693.851,15543.703,15661.951,7.462,24.88
2021-07-26,15661.787,15664.477,15544.241,15609.759,15668.341,15671.941,15545.241,15617.251,7.492,26.91
2021-07-27,15609.767,15630.299,15418.789,15536.569,15616.341,15637.741,15420.221,15544.021,7.452,40.3
2021-07-28,15537.479,15587.199,15483.699,15552.889,15544.801,15590.951,15487.441,15560.201,7.312,34.01
2021-07-29,15552.877,15660.799,15506.049,15542.499,15559.401,15662.251,15509.901,15549.931,7.432,25.52
2021-07-30,15541.669,15611.789,15436.749,15559.199,15549.111,15613.101,15438.101,15566.611,7.412,34.1
2021-08-02,15584.757,15705.899,15510.779,15536.279,15592.233,15707.241,15512.103,15543.711,7.432,32.15
2021-08-03,15536.249,15607.289,15492.749,15568.979,15543.601,15608.711,15494.101,15576.451,7.472,35.35
2021-08-04,15568.089,15712.259,15551.749,15682.659,15575.531,15713.601,15556.911,15690.111,7.452,31.88
2021-08-05,15682.689,15755.299,15659.649,15726.359,15689.233,15757.831,15662.201,15733.831,7.472,24.28
2021-08-06,15726.359,15806.899,15721.559,15772.859,15733.043,15808.251,15725.301,15780.201,7.342,24.15
2021-08-09,15724.599,15799.799,15696.749,15752.959,15732.021,15801.221,15698.231,15760.451,7.492,22.94
2021-08-10,15753.469,15801.899,15719.079,15776.489,15760.403,15803.231,15722.901,15783.931,7.442,19.21
2021-08-11,15777.389,15889.759,15723.899,15843.049,15783.923,15891.201,15725.251,15850.501,7.452,22.93
2021-08-12,15843.857,15973.179,15812.669,15942.049,15850.401,15975.841,15815.201,15949.541,7.492,15.36
2021-08-13,15942.969,16030.789,15926.159,15976.469,15950.301,16032.231,15928.701,15983.941,7.472,15.01
2021-08-16,15967.099,15968.097,15847.757,15941.059,15974.501,15975.451,15849.251,15948.501,7.442,24.31
2021-08-17,15940.187,15942.799,15806.759,15879.559,15948.531,15950.251,15808.201,15887.031,7.472,27.48
2021-08-18,15880.359,15976.299,15870.749,15881.879,15887.831,15978.851,15872.101,15889.321,7.442,24.54
2021-08-19,15881.997,15900.699,15622.279,15772.869,15888.441,15908.011,15623.701,15780.201,7.332,44.15
2021-08-20,15772.847,15830.149,15652.769,15812.499,15779.441,15832.701,15654.211,15819.811,7.312,38.81
2021-08-23,15831.879,15940.289,15797.899,15863.699,15839.311,15941.741,15799.201,15871.141,7.442,26.61
2021-08-24,15864.579,15928.299,15854.299,15891.899,15871.003,15930.851,15855.701,15899.331,7.432,17.65
2021-08-25,15891.879,15935.799,15826.459,15832.889,15899.301,15937.231,15833.911,15840.201,7.312,15.61
2021-08-26,15833.789,15834.799,15697.769,15755.889,15841.211,15842.211,15699.201,15763.201,7.312,27.44
2021-08-27,15755.867,15875.189,15727.589,15848.059,15762.401,15877.831,15731.401,15855.551,7.492,17.68
2021-08-30,15871.879,15899.599,15816.199,15886.369,15879.201,15906.921,15819.921,15893.801,7.432,10.52
2021-08-31,15886.497,16006.899,15759.759,15838.899,15893.031,16008.251,15761.201,15846.201,7.302,27.37
2021-09-01,15839.789,15982.899,15772.749,15810.459,15846.323,15984.221,15774.211,15817.901,7.442,25.18
2021-09-02,15810.487,15877.269,15765.559,15810.749,15817.151,15878.731,15769.301,15818.201,7.452,20.78
2021-09-03,15811.687,15870.777,15685.749,15765.759,15818.221,15872.241,15687.101,15773.241,7.482,24.18
2021-09-06,15740.657,15959.299,15725.079,15904.249,15747.241,15960.0,15728.801,15911.701,7.452,10.24
2021-09-07,15904.397,15927.699,15800.149,15804.689,15911.211,15930.351,15807.601,15812.121,7.432,26.83
2021-09-08,15805.489,15848.599,15587.203,15599.289,15812.153,15852.421,15588.203,15606.721,7.432,44.29
2021-09-09,15600.079,15693.799,15449.789,15565.889,15606.603,15695.211,15451.211,15573.341,7.452,36.3
2021-09-10,15566.649,15704.799,15545.179,15559.059,15574.121,15706.201,15550.801,15566.501,7.442,29.25
2021-09-13,15604.397,15786.899,15556.597,15743.889,15612.611,15788.251,15560.301,15751.301,7.412,35.17
2021-09-14,15743.857,15763.799,15660.259,15700.679,15750.401,15765.251,15661.601,15708.151,7.472,32.38
2021-09-15,15699.769,15766.399,15610.879,15689.769,15707.251,15773.751,15612.311,15697.201,7.432,29.61
2021-09-16,15689.777,15745.999,15635.887,15686.879,15696.721,15747.351,15637.331,15694.201,7.322,26.47
2021-09-17,15686.887,15790.899,15429.299,15486.449,15695.231,15792.251,15431.831,15493.901,7.452,29.06
2021-09-20,15498.849,15511.699,15019.259,15151.279,15505.433,15518.241,15020.751,15158.711,7.432,33.94
2021-09-21,15152.179,15396.799,15126.549,15269.499,15158.713,15398.251,15130.301,15276.821,7.322,40.75
2021-09-22,15269.377,15551.299,15225.289,15530.369,15275.041,15552.18,15232.711,15537.811,7.442,39.21
2021-09-23,15531.299,15696.899,15530.399,15667.049,15537.823,15698.251,15537.701,15674.521,7.472,33.68
2021-09-24,15667.947,15760.899,15493.267,15546.779,15674.401,15770.101,15494.721,15554.201,7.422,34.34
2021-09-27,15573.067,15719.297,15549.759,15587.349,15585.323,15721.851,15551.201,15594.851,7.502,38.98
2021-09-28,15588.279,15626.699,15225.669,15299.979,15594.813,15629.341,15228.301,15307.421,7.442,69.94
2021-09-29,15299.099,15425.399,15236.579,15380.999,15306.501,15426.701,15240.401,15388.331,7.332,57.29
2021-09-30,15380.199,15472.679,15202.149,15250.479,15387.401,15475.301,15204.821,15257.941,7.462,64.69
2021-10-01,15250.459,15270.799,14981.399,15237.759,15256.233,15275.943,14982.731,15245.241,7.482,61.48
2021-10-04,15273.389,15277.299,15012.279,15080.399,15280.851,15284.621,15013.701,15087.701,7.302,65.48
2021-10-05,15081.149,15206.299,14991.089,15143.389,15087.723,15208.811,14994.801,15150.701,7.312,55.15
2021-10-06,15144.279,15193.579,14812.759,15092.269,15150.843,15197.411,14814.241,15099.741,7.472,73.19
2021-10-07,15091.789,15260.299,15084.059,15253.949,15099.221,15264.053,15091.513,15261.301,7.352,45.07
2021-10-08,15253.979,15270.089,15175.949,15184.699,15260.513,15273.931,15183.411,15192.111,7.412,35.0
2021-10-11,15111.889,15241.147,15092.759,15128.389,15119.201,15243.351,15094.211,15135.701,7.312,35.03
2021-10-12,15129.199,15180.299,15008.799,15120.699,15136.611,15182.851,15010.251,15127.901,7.202,53.85
2021-10-13,15121.459,15303.789,15109.769,15292.549,15128.013,15307.151,15111.101,15299.901,7.352,45.13
2021-10-14,15291.799,15523.699,15290.769,15517.499,15299.121,15531.051,15298.203,15524.801,7.302,32.18
2021-10-15,15517.449,15601.799,15465.759,15598.999,15524.003,15609.121,15467.211,15606.301,7.302,26.52
2021-10-18,15568.357,15595.699,15415.759,15477.999,15574.051,15599.431,15417.203,15485.301,7.302,24.63
2021-10-19,15478.879,15528.899,15453.749,15521.159,15485.403,15532.951,15455.101,15528.651,7.492,21.84
2021-10-20,15521.189,15572.779,15462.749,15489.299,15528.611,15574.251,15464.101,15496.501,7.202,22.58
2021-10-21,15490.049,15531.899,15398.289,15474.369,15497.401,15533.241,15399.751,15481.821,7.452,22.41
2021-10-22,15475.259,15614.777,15473.549,15563.759,15482.701,15615.777,15480.901,15571.241,7.482,25.95
2021-10-25,15533.767,15653.199,15530.289,15650.189,15540.341,15660.531,15531.601,15657.501,7.312,23.05
2021-10-26,15650.177,15779.899,15632.697,15745.649,15658.501,15781.251,15635.321,15753.001,7.352,24.36
2021-10-27,15746.449,15753.499,15667.779,15702.479,15753.801,15760.851,15669.101,15709.901,7.422,23.67
2021-10-28,15703.499,15717.197,15628.259,15648.099,15710.701,15723.101,15629.601,15655.521,7.422,27.67
2021-10-29,15648.869,15726.197,15494.759,15721.269,15656.321,15732.251,15496.101,15728.751,7.482,30.7
2021-11-01,15758.099,15849.899,15728.049,15807.889,15765.551,15851.241,15731.911,15815.351,7.462,20.38
2021-11-02,15808.689,15962.789,15771.069,15947.499,15816.131,15964.201,15774.801,15954.821,7.322,16.17
2021-11-03,15947.499,16058.899,15919.749,16057.889,15954.801,16066.0,15921.101,16065.351,7.462,18.5
2021-11-04,16057.879,16064.899,15995.299,16043.699,16065.321,16066.251,15996.701,16051.121,7.422,18.93
2021-11-05,16043.679,16088.749,15991.669,16043.757,16051.111,16090.221,15994.341,16051.233,7.476,21.17
2021-11-08,16037.377,16068.899,16008.169,16016.669,16044.431,16070.251,16010.831,16024.111,7.442,15.24
2021-11-09,16017.159,16106.779,15994.549,16014.299,16024.601,16108.251,15998.301,16021.601,7.302,21.02
2021-11-10,16014.949,16077.897,15985.749,16007.649,16022.411,16079.241,15987.211,16015.131,7.482,24.29
2021-11-11,16008.489,16115.769,15998.079,16104.969,16015.931,16117.241,16001.921,16112.401,7.432,18.55
2021-11-12,16105.859,16124.699,16064.799,16105.079,16113.321,16128.431,16066.201,16112.501,7.422,15.75
2021-11-15,16113.099,16150.699,16070.251,16133.659,16120.511,16153.321,16071.251,16141.111,7.452,13.78
2021-11-16,16134.599,16267.799,16117.559,16246.879,16141.931,16269.251,16121.421,16254.301,7.422,13.93
2021-11-17,16246.877,16284.899,16210.569,16260.689,16253.531,16286.251,16214.401,16268.121,7.432,12.4
2021-11-18,16260.667,16290.799,16190.789,16250.289,16267.321,16292.221,16192.221,16257.601,7.312,16.1
2021-11-19,16250.277,16297.699,16091.749,16151.259,16256.831,16302.721,16093.101,16158.731,7.472,37.16
2021-11-22,16143.199,16202.899,16051.559,16088.469,16149.643,16204.411,16059.003,16095.921,7.452,35.48
2021-11-23,16089.349,16094.599,15863.759,15977.369,16095.923,16098.431,15865.231,15984.701,7.332,53.46
2021-11-24,15977.879,16026.299,15737.749,15910.959,15984.803,16028.851,15739.201,15918.441,7.482,48.4
2021-11-25,15910.199,15964.699,15844.759,15850.659,15917.501,15968.451,15852.203,15858.121,7.462,16.56
2021-11-26,15850.667,15850.799,15024.149,15115.277,15857.241,15858.151,15026.701,15122.723,7.446,53.9
2021-11-29,15315.787,15462.699,15236.259,15372.499,15322.401,15465.341,15237.601,15379.821,7.322,58.44
2021-11-30,15372.349,15428.199,14915.569,15185.489,15379.801,15431.931,14919.411,15192.801,7.312,74.29
2021-12-01,15186.259,15510.769,15109.559,15244.759,15192.803,15512.241,15113.401,15252.251,7.492,60.09
2021-12-02,15245.249,15398.299,15169.749,15282.259,15252.233,15400.851,15171.231,15289.751,7.492,57.81
2021-12-03,15282.277,15437.899,15085.169,15162.079,15289.351,15439.241,15087.703,15169.511,7.432,64.12
2021-12-06,15242.089,15425.999,15149.289,15412.159,15248.653,15433.331,15150.601,15419.611,7.452,44.97
2021-12-07,15413.887,15860.199,15370.779,15828.489,15419.601,15867.551,15374.803,15835.801,7.312,37.13
2021-12-08,15827.569,15841.199,15677.149,15706.569,15834.901,15844.943,15679.701,15714.041,7.472,41.13
2021-12-09,15706.599,15755.099,15586.249,15620.489,15713.603,15758.951,15593.701,15627.801,7.312,33.13
2021-12-10,15620.899,15688.899,15526.649,15643.689,15628.331,15690.201,15529.301,15651.111,7.422,35.54
2021-12-13,15675.6,15798.769,15588.349,15622.049,15678.5,15800.201,15591.241,15629.541,7.492,29.65
2021-12-14,15621.689,15701.269,15427.149,15513.889,15629.111,15702.721,15429.701,15521.351,7.462,38.05
2021-12-15,15514.899,15666.499,15449.649,15653.049,15521.303,15673.851,15452.101,15660.401,7.352,14.92
2021-12-16,15653.087,15781.899,15528.159,15566.559,15659.601,15783.241,15530.811,15574.021,7.462,15.76
2021-12-17,15568.249,15617.699,15418.759,15498.549,15574.013,15621.441,15420.101,15506.021,7.472,19.89
2021-12-20,15366.399,15399.699,15059.289,15387.399,15373.453,15403.421,15060.601,15394.701,7.302,40.68
2021-12-21,15388.299,15518.799,15301.749,15500.749,15394.743,15526.121,15303.241,15508.101,7.352,29.16
2021-12-22,15502.449,15646.299,15421.779,15639.579,15508.223,15653.751,15423.211,15647.001,7.422,25.19
2021-12-23,15637.989,15777.299,15601.049,15749.149,15645.421,15779.831,15604.801,15751.303,2.154,18.14
2021-12-27,15757.699,15898.799,15664.659,15865.799,15765.131,15906.221,15667.301,15873.001,7.202,16.46
2021-12-28,15866.459,15976.899,15830.749,15952.559,15873.003,15978.211,15832.201,15960.001,7.442,19.77
2021-12-29,15951.769,15968.899,15798.759,15832.059,15959.251,15975.711,15800.211,15839.541,7.482,22.61
2021-12-30,15832.469,15932.899,15813.789,15854.059,15839.523,15934.231,15821.103,15861.521,7.462,18.19
2021-12-31,15854.059,15878.799,15770.059,15822.269,15861.541,15885.941,15773.801,15829.601,7.332,16.41
2022-01-03,15863.499,16068.799,15858.549,16043.049,15870.323,16071.621,15862.411,16050.541,7.492,30.21
2022-01-04,16043.899,16202.759,16006.559,16122.349,16050.513,16204.201,16010.401,16129.831,7.482,29.5
2022-01-05,16123.299,16286.799,16053.959,16107.789,16129.803,16287.799,16061.301,16115.221,7.432,24.31
2022-01-06,16107.787,16153.779,15965.049,16050.549,16114.351,16155.211,15968.801,16058.001,7.452,34.61
2022-01-07,16051.099,16081.089,15861.747,15949.359,16058.401,16084.931,15863.221,15956.801,7.442,37.88
2022-01-10,15907.587,16015.799,15722.759,15871.879,15915.841,16017.241,15724.101,15879.341,7.462,49.22
2022-01-11,15871.867,16009.789,15821.257,15994.859,15879.731,16017.241,15828.601,16002.201,7.342,36.47
2022-01-12,15994.897,16077.199,15950.749,16002.979,16001.551,16079.841,15952.201,16010.301,7.322,28.18
2022-01-13,16003.889,16089.899,15888.679,15919.779,16011.201,16091.241,15891.201,15927.201,7.422,28.15
2022-01-14,15919.897,15973.101,15833.789,15959.949,15926.811,15974.251,15835.201,15967.441,7.492,37.59
2022-01-17,15935.559,15971.699,15891.749,15946.169,15942.113,15974.351,15893.251,15953.651,7.482,14.81
2022-01-18,15946.559,15966.099,15665.779,15755.299,15953.613,15969.921,15667.201,15762.333,7.034,49.87
2022-01-19,15755.269,15899.799,15623.159,15739.759,15762.721,15901.201,15625.701,15747.231,7.472,49.78
2022-01-20,15740.699,15920.199,15681.749,15736.599,15747.203,15922.831,15689.231,15743.403,6.804,32.17
2022-01-21,15736.479,15746.579,15430.379,15443.359,15743.941,15754.001,15437.803,15450.851,7.492,62.39
2022-01-24,15544.359,15588.779,14838.647,15254.879,15551.403,15590.201,14841.301,15262.341,7.462,88.2
2022-01-25,15255.299,15264.079,14979.249,15187.799,15262.731,15271.441,14980.701,15195.131,7.332,78.16
2022-01-26,15188.597,15553.699,15130.569,15458.049,15195.151,15556.351,15134.401,15465.551,7.502,63.44
2022-01-27,15458.097,15583.897,15044.047,15470.289,15465.921,15585.201,15047.901,15477.721,7.432,73.91
2022-01-28,15470.247,15507.587,15119.779,15402.699,15475.921,15511.401,15121.221,15410.121,7.422,69.74
2022-01-31,15396.497,15578.699,15336.769,15532.389,15404.211,15581.201,15338.251,15539.821,7.432,59.09
2022-02-01,15531.997,15716.399,15480.549,15712.889,15539.701,15723.751,15484.421,15720.351,7.462,52.72
2022-02-02,15712.857,15738.759,15526.367,15529.859,15719.841,15740.231,15533.841,15537.201,7.342,52.17
2022-02-03,15529.857,15603.759,15289.699,15415.459,15536.901,15605.221,15292.311,15422.921,7.462,29.89
2022-02-04,15416.259,15501.799,15056.299,15140.549,15423.731,15504.301,15057.601,15148.041,7.492,29.77
2022-02-07,15179.859,15258.197,15074.799,15215.259,15186.823,15260.851,15076.101,15222.731,7.472,24.98
2022-02-08,15215.297,15339.789,15156.259,15317.069,15222.351,15341.221,15157.601,15324.103,7.034,22.97
2022-02-09,15317.069,15541.189,15290.069,15529.199,15324.511,15548.641,15293.801,15536.641,7.442,16.78
2022-02-10,15529.549,15613.779,15348.949,15354.249,15536.623,15615.231,15356.301,15361.701,7.452,31.26
2022-02-11,15354.267,15511.399,15119.189,15181.169,15360.841,15512.741,15121.801,15188.621,7.452,63.55
2022-02-14,15196.359,15235.769,14840.259,15111.169,15203.851,15243.221,14841.721,15118.501,7.332,47.13
2022-02-15,15111.157,15433.797,15010.697,15397.679,15118.503,15441.251,15014.301,15405.131,7.452,42.98
2022-02-16,15397.677,15542.299,15324.149,15397.249,15404.221,15543.601,15326.801,15404.601,7.352,42.2
2022-02-17,15397.297,15438.899,15132.099,15176.059,15404.321,15440.231,15135.811,15183.501,7.442,37.38
2022-02-18,15176.097,15357.699,14985.249,15049.379,15182.621,15361.451,14986.701,15056.701,7.322,47.62
2022-02-21,14924.079,15226.179,14379.249,14471.459,14927.911,15228.851,14386.603,14478.941,7.482,45.65
2022-02-22,14472.249,14783.399,14304.179,14756.899,14478.913,14784.741,14306.701,14764.351,7.452,59.87
2022-02-23,14757.649,14902.897,14462.969,14495.249,14765.131,14904.251,14470.411,14502.701,7.452,43.13
2022-02-24,14495.277,14512.397,13793.159,14233.659,14502.201,14519.821,13795.841,14241.001,7.342,60.64
2022-02-25,14234.097,14672.097,14023.769,14641.559,14241.001,14679.451,14025.221,14649.021,7.462,64.12
2022-02-28,14289.497,14516.899,13939.047,14331.599,14297.221,14518.243,13941.911,14338.901,7.302,38.43
2022-03-01,14332.379,14476.697,13760.679,13880.699,14339.013,14479.201,13763.201,13888.031,7.332,48.54
2022-03-02,13881.899,14115.399,13710.787,13992.699,13888.033,14116.711,13712.103,14000.041,7.342,38.79
2022-03-03,13994.557,14069.099,13604.159,13700.599,13999.901,14072.941,13606.831,13707.931,7.332,69.58
2022-03-04,13700.059,13707.999,12960.699,13093.169,13707.541,13715.351,12963.201,13100.501,7.332,67.9
2022-03-07,12899.289,13149.799,12431.299,12601.649,12906.731,13151.233,12432.601,12609.131,7.482,76.53
2022-03-08,12602.389,13341.799,12468.699,13025.969,12609.113,13344.321,12472.411,13033.421,7.452,62.81
2022-03-09,13025.957,13993.797,12972.079,13834.189,13033.051,13996.351,12975.911,13841.621,7.432,36.49
2022-03-10,13834.999,13856.689,13340.259,13509.659,13841.643,13859.321,13341.711,13517.151,7.492,63.51
2022-03-11,13510.869,14100.399,13275.569,13548.299,13517.103,14101.731,13279.303,13555.711,7.412,47.17
2022-03-14,13685.497,14083.779,13674.949,13902.359,13692.111,14085.251,13682.401,13909.811,7.452,32.23
2022-03-15,13902.377,14028.899,13576.259,13987.549,13909.401,14036.321,13577.601,13994.901,7.352,32.45
2022-03-16,13987.697,14555.799,13925.559,14475.989,13993.851,14557.231,13929.303,14483.301,7.312,39.22
2022-03-17,14474.767,14528.797,14242.259,14345.249,14482.213,14533.741,14243.601,14352.601,7.352,38.71
2022-03-18,14346.179,14496.799,14104.899,14458.769,14353.621,14499.341,14106.201,14466.211,7.442,43.39
2022-03-21,14413.799,14459.299,14226.149,14257.599,14420.323,14460.741,14228.701,14264.941,7.342,33.86
2022-03-22,14257.467,14528.799,14231.059,14514.889,14264.141,14531.321,14234.901,14522.321,7.432,26.54
2022-03-23,14513.249,14584.587,14193.769,14209.449,14520.731,14588.431,14199.301,14216.921,7.472,40.59
2022-03-24,14210.399,14378.799,14185.747,14313.599,14216.913,14380.251,14187.213,14321.031,7.432,40.58
2022-03-25,14315.149,14428.779,14243.249,14384.287,14321.053,14430.231,14244.601,14391.743,7.456,34.42
2022-03-28,14340.047,14630.259,14298.199,14526.269,14346.701,14631.701,14300.801,14533.751,7.482,36.9
2022-03-29,14527.879,14927.399,14516.349,14827.599,14533.753,14928.741,14523.803,14834.901,7.302,47.27
2022-03-30,14827.557,14827.557,14526.149,14594.579,14834.241,14834.241,14528.701,14602.051,7.472,37.78
2022-03-31,14595.359,14731.799,14323.159,14385.289,14602.033,14733.231,14325.811,14392.601,7.312,43.13
2022-04-01,14385.659,14509.269,14360.079,14458.199,14392.713,14510.731,14363.911,14465.651,7.452,32.31
2022-04-04,14434.547,14567.679,14331.247,14538.069,14442.841,14570.321,14332.721,14545.531,7.462,17.29
2022-04-05,14538.849,14604.399,14336.649,14372.069,14545.513,14606.701,14339.201,14379.521,7.452,31.98
2022-04-06,14372.087,14438.299,14027.749,14090.259,14378.731,14439.751,14029.101,14097.601,7.342,36.55
2022-04-07,14090.397,14319.399,14034.659,14217.697,14097.341,14320.399,14037.201,14223.501,5.804,25.72
2022-04-08,14216.199,14324.899,14140.079,14218.579,14223.521,14326.241,14143.901,14225.103,6.524,41.01
2022-04-11,14196.149,14304.259,14041.289,14049.279,14203.611,14305.751,14048.601,14056.741,7.462,43.33
2022-04-12,14047.679,14181.899,13881.899,14063.189,14055.111,14183.201,13883.201,14070.621,7.432,55.86
2022-04-13,14062.349,14147.199,13959.297,14081.299,14069.701,14153.711,13960.723,14088.711,7.412,37.87
2022-04-14,14082.859,14201.799,14037.299,14083.969,14088.603,14203.251,14038.741,14091.301,7.332,39.43
2022-04-18,13967.899,14171.999,13963.069,14171.179,13976.123,14179.443,13970.511,14178.611,7.432,35.7
2022-04-19,14171.949,14238.199,13987.749,14198.559,14178.653,14245.551,13989.231,14206.031,7.472,43.72
2022-04-20,14198.159,14382.379,14135.749,14371.099,14205.641,14389.821,14137.241,14378.401,7.302,38.38
2022-04-21,14370.957,14599.899,14295.499,14300.249,14377.501,14601.221,14302.801,14307.721,7.472,35.78
2022-04-22,14301.079,14372.799,14004.489,14019.289,14308.551,14374.251,14011.801,14026.721,7.432,40.74
2022-04-25,14052.497,14103.797,13852.179,14073.699,14059.421,14106.341,13854.851,14081.011,7.312,67.21
2022-04-26,14073.697,14161.899,13561.759,13640.989,14080.231,14169.251,13569.211,13648.301,7.312,51.79
2022-04-27,13640.997,13861.449,13559.769,13835.769,13648.701,13868.901,13561.221,13843.231,7.462,66.08
2022-04-28,13834.899,14121.799,13758.569,14006.999,13842.311,14124.341,13762.413,14014.401,7.402,46.39
2022-04-29,14006.967,14191.399,13879.699,13945.499,14014.423,14192.721,13882.321,13952.931,7.432,40.52
2022-05-02,13902.249,14032.249,13793.259,13954.149,13909.601,14033.741,13794.711,13961.641,7.492,71.53
2022-05-03,13953.399,14082.399,13919.899,14029.889,13960.731,14083.751,13921.231,14037.341,7.452,58.56
2022-05-04,14029.847,14268.189,13963.649,14228.359,14036.531,14270.821,13966.313,14235.821,7.462,52.46
2022-05-05,14229.169,14317.289,13791.679,13871.399,14235.833,14318.751,13794.321,13878.601,7.202,73.95
2022-05-06,13872.969,13898.699,13589.399,13624.269,13880.431,13901.201,13591.223,13631.701,7.432,93.74
2022-05-09,13559.299,13696.289,13346.199,13428.669,13566.711,13697.601,13348.801,13436.111,7.442,79.4
2022-05-10,13428.797,13722.289,13275.589,13567.969,13435.301,13723.751,13279.401,13575.401,7.432,92.33
2022-05-11,13567.299,13874.679,13507.749,13657.199,13574.611,13877.351,13509.251,13664.641,7.442,75.58
2022-05-12,13657.297,13807.399,13476.259,13758.059,13665.511,13808.601,13477.731,13765.511,7.452,80.8
2022-05-13,13758.067,14067.299,13743.177,14020.049,13764.251,14069.821,13750.501,14027.511,7.462,38.71
2022-05-16,14110.977,14112.799,13861.767,14017.799,14117.511,14120.151,13863.101,14025.141,7.342,55.07
2022-05-17,14017.697,14279.999,13994.249,14243.899,14025.113,14287.331,14001.603,14251.241,7.342,43.77
2022-05-18,14244.649,14264.079,13792.359,13793.599,14252.131,14267.951,13799.701,13800.911,7.312,45.71
2022-05-19,13793.597,13983.199,13682.759,13943.899,13800.011,13985.841,13684.251,13951.301,7.402,74.44
2022-05-20,13946.069,14160.899,13852.649,14018.399,13951.353,14162.251,13855.301,14025.801,7.402,47.99
2022-05-23,14132.777,14228.799,14021.279,14112.399,14138.941,14231.331,14022.601,14119.711,7.312,55.96
2022-05-24,14111.369,14136.299,13905.179,14043.879,14118.851,14143.701,13907.801,14051.311,7.432,58.8
2022-05-25,14042.999,14103.199,13867.769,14026.269,14050.441,14105.811,13869.211,14033.731,7.462,60.44
2022-05-26,14023.589,14290.189,13985.149,14271.249,14031.051,14292.831,13987.701,14278.721,7.472,41.17
2022-05-27,14270.369,14511.689,14219.579,14506.459,14277.831,14519.101,14223.421,14513.921,7.462,36.19
2022-05-30,14525.999,14605.679,14482.749,14574.899,14533.321,14608.341,14487.921,14582.241,7.342,16.5
2022-05-31,14575.659,14584.279,14355.649,14461.669,14583.101,14591.731,14357.601,14469.131,7.462,42.03
2022-06-01,14462.589,14499.399,14311.699,14333.569,14470.031,14506.231,14314.321,14341.021,7.452,39.35
2022-06-02,14334.469,14639.697,14320.449,14617.579,14341.941,14647.041,14327.911,14625.021,7.442,33.22
2022-06-03,14617.557,14642.099,14439.749,14502.199,14624.101,14645.951,14441.201,14509.621,7.422,34.08
2022-06-06,14487.599,14711.899,14473.089,14621.999,14495.041,14713.251,14480.501,14629.411,7.412,30.87
2022-06-07,14622.449,14623.749,14456.779,14572.479,14629.901,14631.241,14458.211,14579.911,7.432,31.54
2022-06-08,14571.689,14630.699,14352.649,14385.389,14579.101,14634.451,14355.331,14392.801,7.412,33.88
2022-06-09,14385.789,14422.769,14084.279,14105.449,14393.211,14424.241,14088.311,14112.951,7.502,40.04
2022-06-10,14107.299,14130.169,13740.169,13813.759,14114.601,14132.851,13742.841,13821.211,7.452,47.48
2022-06-13,13667.969,13671.589,13377.399,13481.949,13675.411,13679.021,13378.703,13489.421,7.472,71.3
2022-06-14,13481.549,13605.799,13219.149,13374.359,13488.901,13608.201,13221.703,13381.801,7.442,70.78
2022-06-15,13373.599,13631.959,13302.599,13627.849,13380.951,13638.551,13306.301,13635.301,7.452,72.03
2022-06-16,13626.959,13674.699,12943.189,13000.779,13634.451,13678.421,12945.701,13008.231,7.452,57.03
2022-06-17,13000.499,13238.399,12974.459,13155.099,13007.831,13239.741,12981.921,13162.401,7.302,70.55
2022-06-20,13232.389,13291.169,13058.569,13266.779,13239.811,13293.821,13062.301,13274.211,7.432,23.55
2022-06-21,13265.889,13443.399,13226.299,13244.259,13273.351,13444.743,13232.701,13251.741,7.482,45.37
2022-06-22,13244.289,13246.999,12965.899,13055.479,13251.731,13254.311,12967.221,13062.921,7.442,55.53
2022-06-23,13054.689,13157.579,12832.649,12923.259,13062.141,13161.421,12835.201,12930.731,7.472,59.38
2022-06-24,12923.669,13229.399,12902.789,13203.689,12930.713,13236.751,12904.211,13211.131,7.442,41.91
2022-06-27,13166.699,13381.799,13118.649,13152.399,13173.901,13383.251,13121.203,13159.741,7.342,48.23
2022-06-28,13153.049,13361.789,13097.869,13124.349,13159.723,13363.251,13105.313,13131.841,7.492,55.49
2022-06-29,13123.559,13170.669,12943.399,12979.199,13131.041,13173.401,12944.751,12986.531,7.332,59.63
2022-06-30,12978.289,13005.599,12615.249,12826.699,12985.701,13009.451,12616.601,12834.001,7.302,68.18
2022-07-01,12825.669,12924.799,12622.769,12910.879,12834.053,12932.251,12624.201,12918.351,7.472,65.7
2022-07-04,12864.489,12965.699,12738.749,12854.899,12871.931,12968.311,12740.101,12862.201,7.302,23.66
2022-07-05,12855.399,12908.599,12383.649,12519.679,12862.323,12912.451,12386.201,12527.151,7.472,67.15
2022-07-06,12520.199,12686.299,12452.159,12663.799,12527.113,12688.851,12454.803,12671.101,7.302,61.56
2022-07-07,12664.449,12874.299,12610.799,12847.559,12671.113,12876.831,12616.801,12854.901,7.342,43.15
2022-07-08,12848.359,13021.769,12764.769,12982.789,12855.043,13023.221,12766.101,12990.221,7.432,47.27
2022-07-11,12951.889,12973.199,12773.247,12840.689,12959.341,12976.801,12774.601,12848.001,7.312,36.04
2022-07-12,12841.599,12941.799,12650.759,12812.079,12848.003,12944.701,12652.221,12819.511,7.432,48.65
2022-07-13,12811.289,12867.569,12619.259,12708.869,12818.711,12871.431,12620.721,12716.311,7.442,58.55
2022-07-14,12707.959,12810.049,12431.249,12643.799,12716.353,12813.941,12432.701,12651.141,7.342,61.84
2022-07-15,12642.869,12879.199,12529.799,12856.789,12650.331,12881.821,12531.251,12864.211,7.422,52.81
2022-07-18,12896.679,13066.299,12834.679,12892.789,12903.323,13067.751,12837.201,12900.101,7.312,48.03
2022-07-19,12893.669,13363.299,12823.269,13344.649,12900.253,13369.303,12824.711,13352.111,7.462,37.79
2022-07-20,13344.647,13448.559,13123.279,13192.679,13351.741,13449.921,13124.601,13200.131,7.452,52.27
2022-07-21,13190.989,13366.299,13093.769,13197.099,13198.431,13373.701,13095.201,13204.401,7.302,60.93
2022-07-22,13196.399,13365.259,13148.649,13164.749,13203.711,13366.751,13151.201,13172.211,7.462,57.39
2022-07-25,13147.349,13337.289,13128.559,13185.999,13153.603,13338.731,13132.303,13193.411,7.412,40.59
2022-07-26,13185.199,13205.059,13030.269,13171.799,13192.621,13208.941,13031.731,13179.151,7.352,47.09
2022-07-27,13172.049,13256.799,13086.789,13224.049,13179.113,13259.331,13088.221,13231.511,7.462,45.86
2022-07-28,13224.549,13425.899,13090.749,13408.559,13231.533,13433.231,13092.201,13416.031,7.472,49.76
2022-07-29,13408.567,13552.599,13337.779,13538.969,13415.241,13559.801,13339.251,13546.451,7.482,46.18
2022-08-01,13480.359,13571.299,13418.579,13458.179,13487.801,13572.701,13422.411,13465.501,7.322,43.15
2022-08-02,13459.899,13507.679,13331.799,13416.689,13465.643,13510.351,13333.101,13424.001,7.312,39.19
2022-08-03,13416.697,13645.299,13381.549,13612.489,13422.401,13647.821,13385.301,13619.801,7.312,32.16
2022-08-04,13612.467,13794.399,13605.559,13653.649,13619.151,13795.751,13613.021,13661.101,7.452,33.78
2022-08-05,13656.049,13693.899,13555.159,13608.479,13663.511,13695.241,13557.801,13615.921,7.442,34.85
2022-08-08,13583.959,13747.769,13581.549,13671.679,13590.503,13749.241,13589.001,13679.101,7.422,30.79
2022-08-09,13671.687,13682.699,13512.649,13537.159,13678.201,13689.251,13514.221,13544.601,7.442,29.62
2022-08-10,13537.297,13729.799,13453.759,13723.759,13543.851,13737.201,13455.101,13731.201,7.442,38.22
2022-08-11,13724.549,13799.299,13630.159,13666.289,13731.243,13801.851,13632.811,13673.711,7.422,48.62
2022-08-12,13667.079,13885.299,13653.549,13874.779,13673.753,13890.711,13657.401,13882.221,7.442,27.73
2022-08-15,13847.769,13875.587,13734.759,13846.099,13855.231,13879.441,13736.201,13853.531,7.432,25.37
2022-08-16,13846.067,13973.799,13815.279,13935.149,13852.741,13976.351,13822.711,13942.621,7.472,27.98
2022-08-17,13935.197,13963.699,13604.149,13633.859,13941.831,13967.451,13606.701,13641.311,7.452,36.56
2022-08-18,13633.997,13781.799,13609.189,13689.589,13640.501,13783.241,13611.701,13697.031,7.442,29.11
2022-08-19,13689.557,13694.499,13507.169,13534.469,13696.231,13701.851,13509.801,13541.901,7.432,30.85
2022-08-22,13479.289,13531.089,13181.199,13228.899,13486.731,13534.901,13183.821,13236.201,7.302,31.06
2022-08-23,13229.679,13300.289,13119.689,13146.079,13237.101,13301.711,13122.311,13153.551,7.472,32.51
2022-08-24,13146.879,13240.799,13079.277,13192.359,13154.201,13243.331,13080.601,13199.841,7.482,28.0
2022-08-25,13192.499,13369.697,13184.359,13319.199,13199.831,13372.351,13191.831,13326.611,7.412,28.64
2022-08-26,13319.589,13376.399,12842.199,12856.379,13326.901,13377.751,12849.611,12863.801,7.422,39.62
2022-08-29,12729.987,12945.799,12703.559,12934.469,12737.041,12948.351,12707.401,12941.931,7.462,39.33
2022-08-30,12935.249,13155.899,12878.789,12926.449,12942.751,13157.251,12880.101,12933.951,7.502,42.36
2022-08-31,12926.447,13050.699,12730.949,12758.999,12933.151,13053.301,12738.401,12766.411,7.412,45.2
2022-09-01,12759.789,12794.899,12600.749,12780.479,12767.231,12802.343,12602.251,12787.911,7.432,42.22
2022-09-02,12780.467,13055.169,12632.199,12700.889,12787.001,13057.811,12634.831,12708.201,7.312,46.96
2022-09-05,12709.497,12796.789,12592.269,12751.969,12716.021,12798.211,12596.301,12759.401,7.432,21.27
2022-09-06,12751.947,12930.279,12723.179,12798.789,12758.631,12931.751,12725.701,12806.101,7.312,47.71
2022-09-07,12798.777,12997.797,12700.559,12970.359,12805.401,13005.111,12704.401,12977.801,7.442,39.19
2022-09-08,12970.357,13039.689,12686.249,12868.979,12977.031,13042.311,12687.601,12876.451,7.472,47.98
2022-09-09,12868.977,13136.799,12866.559,13115.759,12875.651,13139.351,12873.901,13123.251,7.492,35.6
2022-09-12,13156.957,13446.269,13136.149,13421.259,13163.641,13450.041,13143.501,13428.601,7.342,34.47
2022-09-13,13422.189,13571.749,13066.699,13097.079,13429.631,13572.777,13069.331,13104.541,7.462,46.38
2022-09-14,13097.197,13196.769,12950.289,13076.659,13103.741,13198.251,12951.741,13084.151,7.492,47.84
2022-09-15,13076.657,13111.279,12824.459,12848.099,13082.401,13112.731,12831.801,12855.451,7.352,36.71
2022-09-16,12848.759,12891.699,12687.189,12771.169,12855.423,12897.221,12689.801,12778.641,7.472,42.39
2022-09-19,12775.647,12911.199,12602.259,12911.179,12782.301,12918.641,12603.601,12918.621,7.442,39.54
2022-09-20,12911.187,12939.769,12535.159,12630.659,12918.653,12941.211,12537.701,12638.101,7.442,47.0
2022-09-21,12629.079,12860.169,12515.279,12528.389,12636.551,12862.811,12516.601,12535.801,7.412,44.22
2022-09-22,12528.497,12782.799,12446.099,12611.249,12535.031,12784.211,12449.921,12618.721,7.472,50.94
2022-09-23,12612.089,12623.099,12178.269,12294.469,12619.531,12630.451,12179.721,12301.951,7.482,48.82
2022-09-26,12264.077,12370.259,12164.579,12246.769,12269.801,12371.731,12168.301,12254.211,7.442,52.86
2022-09-27,12247.559,12414.789,11982.649,12088.779,12255.031,12416.201,11985.201,12096.211,7.432,54.62
2022-09-28,12091.169,12320.199,11859.269,12276.999,12098.611,12322.841,11860.601,12283.803,6.804,54.86
2022-09-29,12276.969,12306.399,11863.789,12043.459,12284.401,12313.741,11865.231,12050.941,7.482,53.41
2022-09-30,12043.447,12138.299,11917.549,12012.069,12050.121,12139.731,11920.943,12019.531,7.462,58.7
2022-10-03,11904.849,12272.799,11808.059,12259.999,11912.311,12275.321,11811.931,12267.431,7.432,48.31
2022-10-04,12259.987,12676.297,12252.149,12620.669,12266.901,12678.831,12259.501,12628.151,7.482,48.35
2022-10-05,12620.697,12665.289,12454.779,12641.469,12627.101,12667.311,12456.251,12648.801,7.332,55.15
2022-10-06,12642.259,12702.697,12392.989,12406.489,12649.711,12706.451,12400.421,12413.901,7.412,52.53
2022-10-07,12406.487,12497.787,12194.179,12229.759,12413.041,12499.243,12196.701,12237.231,7.472,49.5
2022-10-10,12180.599,12413.399,12118.659,12324.979,12187.911,12414.721,12121.201,12332.401,7.422,50.16
2022-10-11,12324.977,12324.977,12095.269,12154.149,12330.751,12330.751,12096.601,12161.501,7.352,58.6
2022-10-12,12154.167,12300.399,12100.201,12187.859,12159.901,12301.751,12101.201,12195.301,7.442,57.99
2022-10-13,12187.847,12495.699,11995.259,12457.359,12192.811,12498.341,11996.601,12464.831,7.472,66.89
2022-10-14,12457.357,12680.759,12353.247,12367.899,12463.631,12682.251,12357.811,12375.211,7.312,68.45
2022-10-17,12417.649,12750.899,12369.767,12741.299,12425.151,12758.321,12377.201,12748.741,7.442,48.39
2022-10-18,12850.789,12934.749,12778.769,12790.789,12851.789,12936.101,12780.101,12792.101,1.312,16.67
2022-10-19,12895.467,12946.699,12667.687,12699.049,12900.451,12950.421,12670.311,12706.551,7.502,57.79
2022-10-20,12699.097,12819.899,12608.049,12630.789,12706.101,12821.231,12615.401,12638.241,7.452,53.28
2022-10-21,12632.489,12860.679,12543.279,12850.379,12639.921,12868.153,12544.601,12857.831,7.452,57.28
2022-10-24,12888.059,13024.249,12743.759,12935.459,12895.521,13025.721,12745.211,12942.911,7.452,53.58
2022-10-25,12936.269,13104.099,12784.789,12994.889,12943.731,13111.451,12786.211,13002.301,7.412,39.78
2022-10-26,12995.799,13217.199,12988.649,13187.069,13002.313,13219.851,12996.101,13194.401,7.332,45.95
2022-10-27,13186.269,13259.899,13052.869,13110.389,13193.731,13261.251,13057.211,13117.811,7.422,51.8
2022-10-28,13112.159,13357.499,13047.749,13357.359,13117.703,13364.841,13049.101,13364.841,7.482,42.47
2022-10-31,13330.559,13340.099,13214.759,13269.989,13337.003,13347.451,13216.101,13277.301,7.312,35.66
2022-11-01,13270.749,13444.899,13265.649,13361.059,13277.443,13446.241,13273.003,13368.541,7.482,40.55
2022-11-02,13361.869,13417.089,13105.899,13119.299,13368.403,13420.951,13113.311,13126.611,7.312,42.12
2022-11-03,13119.197,13196.199,13017.789,13110.969,13125.701,13199.921,13019.241,13118.421,7.452,42.67
2022-11-04,13111.869,13545.279,13096.069,13486.399,13118.443,13546.721,13099.901,13493.711,7.312,51.18
2022-11-07,13424.089,13612.779,13385.769,13543.079,13430.603,13614.251,13387.201,13550.511,7.432,36.64
2022-11-08,13543.087,13700.299,13487.769,13675.359,13549.501,13702.851,13489.101,13682.851,7.492,34.12
2022-11-09,13675.357,13692.799,13554.749,13594.679,13681.031,13694.251,13556.101,13602.101,7.422,39.49
2022-11-10,13594.697,14238.299,13569.089,14229.189,13601.241,14245.651,13572.931,14236.631,7.442,50.83
2022-11-11,14229.177,14331.299,14145.549,14310.769,14235.341,14333.851,14149.401,14318.101,7.332,55.35
2022-11-14,14292.557,14432.779,14239.249,14264.559,14298.211,14434.251,14243.231,14272.001,7.442,43.79
2022-11-15,14264.547,14441.759,14121.799,14265.179,14273.341,14443.201,14124.351,14272.651,7.472,50.65
2022-11-16,14265.297,14383.399,14179.589,14259.969,14272.231,14384.751,14183.401,14267.301,7.332,37.85
2022-11-17,14259.947,14383.789,14148.759,14311.099,14266.541,14385.221,14150.101,14318.301,7.202,38.91
2022-11-18,14312.749,14457.899,14296.789,14429.189,14320.221,14459.241,14298.221,14436.621,7.432,33.1
2022-11-21,14438.389,14443.099,14318.269,14416.569,14445.831,14450.451,14319.751,14423.901,7.332,32.09
2022-11-22,14417.449,14486.899,14339.299,14479.479,14424.911,14491.631,14340.721,14486.801,7.322,28.15
2022-11-23,14480.379,14490.499,14357.749,14445.449,14487.701,14497.851,14359.201,14452.911,7.462,31.47
2022-11-24,14446.379,14574.899,14438.059,14547.779,14453.811,14576.241,14441.801,14555.241,7.462,13.17
2022-11-25,14548.689,14581.699,14495.749,14540.277,14556.101,14584.351,14497.201,14547.753,7.476,16.7
2022-11-28,14490.787,14513.899,14338.149,14354.499,14497.301,14515.241,14340.701,14361.831,7.332,27.02
2022-11-29,14354.397,14470.299,14324.749,14398.369,14360.931,14472.841,14326.101,14405.801,7.432,30.82
2022-11-30,14399.249,14596.877,14352.159,14578.979,14406.741,14604.311,14354.801,14586.421,7.442,37.73
2022-12-01,14578.977,14603.699,14416.779,14477.499,14583.701,14607.431,14418.101,14484.931,7.432,37.41
2022-12-02,14477.597,14586.759,14364.299,14532.759,14484.041,14588.211,14365.601,14540.251,7.492,34.44
2022-12-05,14548.657,14551.499,14390.0,14444.569,14555.251,14558.821,14390.201,14452.031,7.462,30.19
2022-12-06,14446.399,14474.749,14241.169,14305.259,14453.701,14476.241,14243.701,14312.751,7.492,36.65
2022-12-07,14306.149,14374.399,14215.251,14284.159,14313.601,14375.711,14216.251,14291.651,7.492,41.51
2022-12-08,14284.147,14304.169,14191.779,14277.169,14291.151,14306.841,14193.231,14284.611,7.442,29.76
2022-12-09,14277.187,14388.211,14209.799,14326.389,14283.701,14389.231,14211.211,14333.841,7.452,32.56
2022-12-12,14290.097,14366.899,14256.249,14358.069,14296.901,14371.831,14257.721,14365.501,7.432,28.6
2022-12-13,14358.699,14677.399,14296.799,14458.499,14366.011,14678.701,14298.201,14465.931,7.432,54.25
2022-12-14,14458.497,14494.201,14360.199,14396.389,14465.421,14499.321,14362.831,14403.811,7.422,43.6
2022-12-15,14396.779,14447.599,13963.799,13979.569,14404.231,14451.421,13966.311,13987.001,7.432,39.69
2022-12-16,13980.599,14039.199,13811.769,13890.159,13987.901,14042.951,13813.201,13897.601,7.442,39.82
2022-12-19,13913.059,14001.789,13874.169,13917.389,13919.653,14003.251,13876.701,13924.851,7.462,31.1
2022-12-20,13917.347,13964.999,13693.047,13956.799,13923.931,13972.441,13696.901,13964.241,7.442,33.0
2022-12-21,13957.679,14102.297,13908.899,14074.059,13965.141,14104.851,13910.101,14081.551,7.492,23.17
2022-12-22,14074.067,14159.899,13838.189,13932.049,14080.621,14161.231,13840.701,13939.511,7.462,29.64
2022-12-23,13932.077,14003.399,13869.799,13958.799,13938.651,14004.751,13871.101,13961.311,2.512,25.82
2022-12-26,13993.659,14025.299,13989.079,14016.249,14001.101,14032.631,13996.551,14023.601,7.352,0.03
2022-12-27,14016.267,14063.279,13963.259,13972.269,14023.341,14064.741,13964.601,13979.741,7.472,26.37
2022-12-28,13977.899,14022.269,13867.589,13891.199,13985.201,14023.751,13874.901,13898.631,7.432,29.12
2022-12-29,13892.079,14082.679,13861.049,14038.469,13899.401,14085.321,13864.901,14045.941,7.472,23.63
2022-12-30,14040.269,14045.099,13819.159,13856.699,14047.751,14052.331,13821.801,13863.901,7.202,24.38
2023-01-02,13881.249,14097.789,13843.099,14013.179,13888.601,14099.241,13846.911,14020.651,7.472,7.57
2023-01-03,14013.187,14294.789,13900.579,14208.999,14019.731,14296.251,13904.401,14216.311,7.312,47.63
2023-01-04,14206.579,14506.689,14194.269,14480.169,14214.031,14509.321,14201.601,14487.651,7.482,43.08
2023-01-05,14480.579,14510.699,14402.249,14466.959,14488.041,14515.231,14403.701,14474.431,7.472,30.7
2023-01-06,14466.997,14682.159,14385.289,14652.379,14473.431,14684.841,14386.601,14659.831,7.452,34.3
2023-01-09,14680.059,14830.779,14624.749,14722.449,14687.551,14832.251,14626.211,14729.801,7.352,27.87
2023-01-10,14724.349,14850.499,14672.559,14849.449,14731.701,14857.851,14676.301,14856.941,7.492,28.49
2023-01-11,14848.599,15012.897,14794.299,14996.599,14855.951,15020.251,14795.721,15003.901,7.302,23.08
2023-01-12,14997.559,15126.799,14947.249,15096.449,15004.901,15129.351,14948.731,15103.921,7.472,37.76
2023-01-13,15097.399,15150.599,15036.269,15137.299,15104.801,15157.921,15037.711,15144.751,7.452,26.28
2023-01-16,15136.689,15195.699,15080.769,15130.189,15144.141,15199.451,15082.201,15137.601,7.412,10.89
2023-01-17,15131.099,15271.289,15079.769,15147.699,15138.541,15272.741,15081.101,15155.001,7.302,23.89
2023-01-18,15146.689,15267.589,15109.769,15127.769,15154.141,15271.441,15117.201,15135.251,7.482,27.22
2023-01-19,15127.777,15134.789,14900.749,14979.379,15134.751,15136.721,14902.101,14986.831,7.452,32.91
2023-01-20,14980.379,15100.297,14936.249,15086.689,14987.851,15105.241,14937.741,15094.131,7.442,22.91
2023-01-23,15074.649,15146.899,15020.789,15111.199,15082.121,15148.221,15022.101,15118.401,7.202,23.15
2023-01-24,15111.049,15159.699,15019.789,15061.569,15118.531,15163.411,15021.221,15069.051,7.482,24.02
2023-01-25,15062.569,15168.199,14962.749,15151.579,15070.011,15175.651,14964.101,15159.051,7.472,26.52
2023-01-26,15152.599,15219.199,15065.899,15139.449,15159.801,15222.941,15067.201,15146.941,7.492,27.87
2023-01-27,15138.969,15187.299,15073.779,15149.879,15146.411,15189.851,15075.201,15157.201,7.322,21.63
2023-01-30,15136.599,15161.789,14983.269,15125.569,15143.911,15163.251,14984.731,15133.031,7.462,25.91
2023-01-31,15125.697,15193.679,14988.399,15156.499,15132.151,15201.151,14989.741,15163.831,7.332,22.59
2023-02-01,15156.499,15325.299,15102.749,15302.499,15163.811,15332.741,15104.101,15309.811,7.312,29.29
2023-02-02,15301.379,15568.789,15255.149,15454.659,15308.821,15576.101,15257.701,15462.001,7.342,38.16
2023-02-03,15455.599,15502.199,15344.749,15410.989,15462.153,15509.101,15346.221,15418.301,7.312,37.21
2023-02-06,15401.267,15403.799,15274.259,15378.459,15407.701,15410.651,15275.601,15385.931,7.472,31.61
2023-02-07,15378.447,15436.799,15269.759,15408.789,15384.901,15441.921,15271.221,15416.241,7.452,38.68
2023-02-08,15409.749,15487.899,15366.799,15447.879,15416.253,15489.241,15368.201,15455.301,7.422,32.57
2023-02-09,15448.879,15658.289,15401.189,15438.259,15455.353,15659.741,15403.801,15445.741,7.482,33.64
2023-02-10,15439.269,15479.759,15244.299,15331.747,15445.713,15480.759,15245.751,15339.253,7.506,39.34
2023-02-13,15292.349,15431.779,15243.049,15424.359,15298.303,15439.231,15246.801,15431.831,7.472,23.12
2023-02-14,15423.449,15530.279,15362.789,15431.199,15430.801,15531.711,15364.211,15438.501,7.302,42.4
2023-02-15,15431.047,15573.699,15353.079,15563.299,15437.621,15581.051,15356.901,15570.601,7.302,29.96
2023-02-16,15564.299,15634.899,15410.749,15475.899,15571.621,15636.231,15412.201,15483.251,7.352,33.35
2023-02-17,15476.679,15531.797,15294.779,15524.297,15484.101,15534.341,15296.101,15531.703,7.406,30.96
2023-02-20,15499.959,15551.569,15433.299,15480.549,15507.411,15555.451,15434.731,15488.031,7.482,10.31
2023-02-21,15480.577,15487.599,15282.289,15377.079,15485.221,15491.451,15283.601,15384.511,7.432,30.19
2023-02-22,15377.077,15448.299,15242.249,15424.749,15383.501,15450.851,15243.711,15432.251,7.502,35.55
2023-02-23,15425.899,15555.399,15423.859,15508.299,15433.221,15556.731,15431.311,15515.611,7.312,29.84
2023-02-24,15508.177,15543.597,15183.659,15233.287,15514.651,15547.431,15186.201,15240.703,7.416,36.18
2023-02-27,15246.647,15482.299,15229.449,15418.389,15253.231,15483.751,15236.941,15425.851,7.462,26.69
2023-02-28,15419.279,15443.279,15283.299,15327.859,15426.601,15444.711,15284.741,15335.321,7.462,30.13
2023-03-01,15329.789,15479.779,15249.899,15324.099,15337.211,15481.211,15251.201,15331.401,7.302,34.36
2023-03-02,15323.997,15387.299,15141.799,15357.169,15330.411,15394.451,15143.211,15364.641,7.472,36.73
2023-03-03,15357.197,15635.299,15348.659,15624.797,15363.641,15637.801,15351.201,15632.103,7.306,27.7
2023-03-06,15611.367,15678.899,15582.759,15644.479,15617.931,15680.251,15584.101,15651.931,7.452,23.14
2023-03-07,15644.447,15707.769,15514.159,15532.189,15650.911,15709.211,15516.701,15539.621,7.432,29.67
2023-03-08,15532.679,15672.779,15489.189,15641.859,15540.141,15674.251,15491.821,15649.321,7.462,28.83
2023-03-09,15641.877,15667.899,15454.379,15479.189,15648.301,15669.251,15461.821,15486.651,7.462,32.21
2023-03-10,15479.157,15497.289,15269.159,15289.269,15485.641,15498.731,15271.831,15296.741,7.472,58.02
2023-03-13,15416.567,15484.089,14884.259,14951.459,15422.531,15487.951,14885.751,14958.911,7.452,87.11
2023-03-14,14953.499,15274.279,14907.559,15216.479,14958.933,15275.741,14911.303,15223.931,7.452,57.24
2023-03-15,15217.499,15256.077,14695.269,14858.279,15224.951,15259.941,14696.601,14865.701,7.422,71.56
2023-03-16,14858.397,15063.757,14660.299,15047.449,14864.851,15071.251,14661.601,15054.801,7.352,45.03
2023-03-17,15048.099,15157.899,14692.249,14757.289,15055.451,15159.221,14693.751,14764.741,7.452,59.77
2023-03-20,14852.569,14995.399,14458.241,14979.079,14859.033,15002.751,14459.241,14986.551,7.472,43.45
2023-03-21,14979.077,15266.699,14970.049,15247.499,14987.001,15270.251,14977.501,15254.911,7.412,33.99
2023-03-22,15247.597,15304.799,15067.649,15113.999,15253.951,15307.341,15070.201,15121.201,7.202,42.1
2023-03-23,15111.999,15245.769,15008.669,15124.959,15119.401,15247.201,15011.321,15132.401,7.442,43.62
2023-03-24,15125.989,15183.299,14803.259,15022.897,15132.423,15185.811,14804.601,15030.203,7.306,65.24
2023-03-27,15067.899,15188.289,15016.259,15185.279,15072.833,15192.751,15017.601,15192.721,7.442,31.0
2023-03-28,15185.397,15262.399,15079.669,15157.999,15191.741,15263.721,15082.331,15165.301,7.302,25.65
2023-03-29,15157.997,15371.679,15145.799,15340.049,15164.501,15374.341,15152.401,15347.401,7.352,22.97
2023-03-30,15341.449,15562.899,15333.299,15561.879,15348.921,15570.351,15338.301,15569.321,7.442,21.86
2023-03-31,15561.997,15661.789,15501.789,15646.777,15568.421,15663.231,15503.221,15654.233,7.456,19.66
2023-04-03,15640.569,15657.299,15551.769,15609.089,15648.041,15658.741,15553.101,15616.531,7.442,23.15
2023-04-04,15610.049,15739.799,15584.659,15624.099,15617.511,15741.251,15587.331,15631.401,7.302,23.95
2023-04-05,15624.097,15629.899,15478.749,15521.099,15630.541,15637.251,15480.101,15528.301,7.202,24.91
2023-04-06,15520.987,15662.299,15486.059,15632.599,15527.501,15664.851,15489.801,15639.901,7.302,25.02
2023-04-11,15716.749,15732.899,15620.747,15678.299,15724.241,15740.231,15622.201,15685.601,7.302,19.92
2023-04-12,15678.277,15831.399,15652.549,15659.199,15684.811,15832.731,15654.201,15666.501,7.302,28.0
2023-04-13,15659.679,15782.299,15652.259,15763.779,15667.001,15784.851,15659.711,15771.211,7.432,19.13
2023-04-14,15764.689,15844.299,15752.959,15802.277,15772.121,15845.751,15758.701,15808.731,6.454,25.08
2023-04-17,15826.797,15904.299,15761.749,15815.449,15833.351,15905.721,15763.201,15822.911,7.462,18.01
2023-04-18,15815.597,15918.799,15797.789,15883.349,15822.021,15920.251,15800.721,15890.831,7.482,16.32
2023-04-19,15883.347,15923.299,15825.789,15873.289,15889.701,15925.851,15827.101,15880.741,7.452,15.5
2023-04-20,15874.259,15900.699,15731.759,15774.499,15881.601,15904.421,15733.201,15781.951,7.452,19.05
2023-04-21,15774.497,15913.189,15701.789,15899.759,15780.931,15915.831,15703.251,15907.211,7.452,22.52
2023-04-24,15881.587,15918.399,15828.759,15863.899,15888.001,15919.741,15830.211,15871.301,7.402,14.38
2023-04-25,15863.897,15893.759,15781.359,15832.299,15870.201,15895.241,15786.201,15839.601,7.302,19.67
2023-04-26,15832.297,15834.299,15689.249,15758.699,15838.721,15841.631,15690.601,15766.151,7.452,27.18
2023-04-27,15758.677,15912.669,15697.259,15853.699,15765.501,15920.141,15698.711,15861.001,7.302,19.87
2023-04-28,15854.479,15959.659,15684.759,15947.287,15861.931,15962.321,15686.201,15954.733,7.446,26.44
2023-05-01,15921.377,16006.979,15904.279,15913.989,15929.151,16015.211,15911.711,15921.411,7.422,12.16
2023-05-02,15913.999,16008.799,15703.169,15774.049,15921.421,16010.251,15705.701,15781.521,7.472,27.08
2023-05-03,15775.069,15889.699,15679.549,15740.549,15782.541,15892.331,15687.051,15748.001,7.452,33.12
2023-05-04,15740.697,15825.797,15658.779,15779.679,15747.021,15829.451,15660.211,15787.111,7.432,40.51
2023-05-05,15780.577,16003.799,15741.899,15977.777,15787.141,16006.331,15743.101,15985.243,7.466,21.4
2023-05-08,15969.357,15996.759,15930.179,15952.149,15975.941,15998.251,15932.201,15959.501,7.352,14.19
2023-05-09,15952.157,15978.579,15876.759,15956.899,15958.641,15982.411,15878.201,15964.201,7.302,15.98
2023-05-10,15956.849,15987.899,15816.679,15905.699,15964.351,15989.231,15819.331,15913.011,7.312,26.9
2023-05-11,15906.589,15969.899,15753.759,15840.389,15913.901,15971.251,15755.101,15847.851,7.462,27.52
2023-05-12,15840.357,15937.899,15839.469,15908.767,15846.901,15939.251,15843.101,15916.213,7.446,19.97
2023-05-15,15886.567,15980.899,15872.799,15926.789,15893.021,15982.251,15874.211,15934.231,7.442,17.31
2023-05-16,15926.897,15972.759,15857.779,15898.979,15933.351,15974.251,15859.221,15906.401,7.422,20.12
2023-05-17,15901.859,16026.299,15852.759,16014.449,15909.341,16030.251,15854.101,16021.801,7.352,18.18
2023-05-18,16014.497,16259.789,15997.299,16224.889,16021.031,16267.231,15999.831,16232.201,7.312,20.45
2023-05-19,16225.787,16332.899,16199.749,16287.397,16232.201,16334.251,16201.201,16294.703,7.306,20.72
2023-05-22,16277.747,16300.599,16191.203,16258.279,16284.201,16304.441,16192.203,16265.731,7.452,20.13
2023-05-23,16259.289,16264.099,16057.149,16092.999,16265.743,16271.453,16059.701,16100.301,7.302,30.74
2023-05-24,16091.989,16095.999,15799.749,15874.359,16100.453,16103.323,15801.221,15881.831,7.472,26.92
2023-05-25,15876.289,15881.679,15720.799,15805.599,15883.731,15887.751,15722.101,15813.041,7.442,34.2
2023-05-26,15806.549,16012.189,15722.749,15982.257,15813.043,16014.851,15724.201,15989.743,7.486,28.9
2023-05-29,16025.897,16080.799,15921.767,15934.279,16032.331,16082.231,15923.101,15941.601,7.322,11.07
2023-05-30,15934.287,16060.899,15882.149,15917.379,15940.601,16062.251,15884.701,15924.821,7.442,29.66
2023-05-31,15918.499,15920.399,15623.749,15724.789,15924.823,15927.751,15625.201,15732.101,7.312,27.7
2023-06-01,15724.897,15901.299,15691.059,15879.179,15731.201,15903.831,15694.801,15886.621,7.442,23.68
2023-06-02,15879.297,16068.899,15876.379,16053.779,15886.221,16070.251,15883.801,16061.241,7.462,23.09
2023-06-05,16044.847,16113.899,15917.679,15927.599,16051.431,16115.251,15920.311,15934.931,7.332,24.02
2023-06-06,15928.489,16044.299,15902.799,16042.299,15935.941,16051.651,15905.321,16049.711,7.412,18.92
2023-06-07,16042.297,16046.199,15905.759,15935.849,16048.821,16053.541,15907.201,15943.351,7.502,21.96
2023-06-08,15935.849,16019.899,15885.189,15993.959,15943.341,16022.241,15887.811,16001.411,7.452,19.23
2023-06-09,15995.799,16010.699,15918.799,15959.249,16003.201,16014.451,15920.101,15966.751,7.502,20.6
2023-06-12,15976.189,16155.499,15970.159,16139.659,15983.631,16162.851,15977.501,16147.001,7.342,19.5
2023-06-13,16140.689,16240.297,16085.289,16232.069,16148.111,16246.851,16086.741,16239.541,7.472,23.07
2023-06-14,16231.299,16337.789,16195.049,16278.199,16238.631,16339.251,16198.801,16285.531,7.332,24.43
2023-06-15,16279.099,16332.699,16161.259,16288.479,16286.421,16335.201,16162.603,16295.901,7.422,19.86
2023-06-16,16288.457,16430.899,16271.279,16328.787,16295.011,16432.251,16272.703,16336.223,7.436,23.51
2023-06-19,16333.379,16333.379,16186.289,16202.999,16339.913,16340.801,16187.711,16210.301,7.302,7.95
2023-06-20,16202.997,16212.699,16065.259,16137.579,16209.501,16218.851,16066.603,16145.031,7.452,19.42
2023-06-21,16137.587,16153.577,15983.569,15997.699,16144.131,16157.301,15990.901,16005.001,7.302,21.06
2023-06-22,15997.577,16007.057,15799.289,15979.879,16004.131,16014.553,15800.711,15987.311,7.432,20.77
2023-06-23,15979.867,15979.867,15730.289,15826.899,15986.451,15986.451,15731.751,15834.201,7.302,21.36
2023-06-26,15854.047,15879.199,15708.899,15841.649,15860.611,15882.931,15710.231,15849.121,7.472,19.24
2023-06-27,15841.797,15926.159,15753.799,15873.959,15848.201,15928.841,15755.201,15881.431,7.472,16.12
2023-06-28,15874.897,15997.279,15869.599,15978.899,15881.421,15999.051,15873.401,15986.241,7.342,17.68
2023-06-29,15979.649,15998.899,15916.789,15962.789,15987.101,16000.251,15918.211,15970.221,7.432,17.18
2023-06-30,15963.659,16185.249,15929.299,16184.289,15970.223,16192.701,15936.723,16191.701,7.412,18.37
2023-07-03,16186.089,16212.269,16070.269,16109.299,16192.503,16213.751,16071.603,16111.701,2.402,15.85
2023-07-04,16098.259,16104.899,16021.259,16035.579,16105.601,16107.453,16022.721,16043.011,7.432,9.87
2023-07-05,16036.449,16040.999,15900.233,15904.079,16043.931,16048.341,15901.233,15911.531,7.452,16.72
2023-07-06,15904.947,15914.199,15491.749,15538.759,15911.551,15917.951,15493.201,15546.201,7.442,29.03
2023-07-07,15538.749,15699.679,15449.899,15624.787,15545.353,15702.351,15451.201,15632.253,7.466,30.13
2023-07-10,15637.959,15724.279,15545.769,15690.499,15645.441,15725.741,15547.201,15697.841,7.342,24.83
2023-07-11,15690.399,15842.699,15656.749,15828.379,15697.821,15850.151,15658.103,15835.801,7.422,22.77
2023-07-12,15827.489,16046.789,15804.749,16018.399,15834.911,16048.201,15806.221,16025.831,7.432,28.9
2023-07-13,16019.259,16187.749,15992.299,16148.149,16026.701,16189.221,15993.711,16155.501,7.352,18.44
2023-07-14,16146.599,16148.199,16064.149,16074.277,16153.941,16155.651,16066.701,16081.743,7.466,20.55
2023-07-17,16041.769,16110.799,15991.749,16070.179,16047.453,16113.341,15993.101,16077.651,7.472,19.86
2023-07-18,16071.059,16156.299,16025.749,16139.299,16077.623,16158.841,16027.101,16146.731,7.432,15.94
2023-07-19,16139.287,16242.289,16068.179,16081.499,16145.801,16243.731,16072.211,16088.701,7.202,20.16
2023-07-20,16082.399,16228.179,16044.749,16126.869,16088.703,16230.831,16046.241,16134.321,7.452,23.74
2023-07-21,16125.969,16189.169,16099.669,16170.269,16133.431,16191.851,16102.201,16177.731,7.462,17.84
2023-07-24,16151.779,16209.299,16111.289,16184.499,16159.101,16210.731,16112.601,16191.951,7.452,18.18
2023-07-25,16183.579,16243.869,16130.749,16208.279,16191.051,16251.341,16132.211,16215.701,7.422,16.16
2023-07-26,16209.069,16245.579,15997.749,16140.399,16215.723,16249.451,15999.101,16147.701,7.302,24.69
2023-07-27,16139.499,16447.169,16126.269,16329.899,16146.811,16449.851,16127.601,16337.341,7.442,30.35
2023-07-28,16330.899,16491.759,16313.549,16459.267,16337.303,16493.221,16317.401,16466.743,7.476,22.04
2023-07-31,16479.087,16531.779,16419.079,16459.349,16485.601,16533.201,16422.801,16466.801,7.452,16.92
2023-08-01,16458.449,16476.699,16152.499,16210.959,16465.921,16480.421,16159.851,16218.451,7.492,19.4
2023-08-02,16210.957,16220.699,15950.269,16019.279,16217.501,16224.451,15951.751,16026.751,7.472,26.73
2023-08-03,16019.287,16044.557,15798.779,15924.369,16026.321,16048.411,15801.201,15931.831,7.462,28.08
2023-08-04,15925.249,15978.299,15777.749,15833.897,15932.721,15980.851,15779.101,15841.253,7.356,35.57
2023-08-07,15864.259,15994.299,15820.749,15986.289,15870.843,16001.741,15822.101,15993.701,7.412,22.75
2023-08-08,15987.179,15989.899,15703.769,15827.449,15994.651,15997.351,15705.231,15834.901,7.452,36.18
2023-08-09,15827.449,15983.789,15824.849,15907.049,15834.403,15985.251,15830.101,15914.501,7.452,29.92
2023-08-10,15907.949,16063.789,15875.299,15954.699,15914.533,16065.201,15876.601,15961.901,7.202,47.9
2023-08-11,15953.699,15973.099,15798.249,15849.747,15961.131,15976.921,15799.711,15857.253,7.506,35.01
2023-08-14,15868.699,15949.499,15747.049,15939.959,15875.253,15956.841,15750.801,15947.411,7.452,25.22
2023-08-15,15940.859,15960.297,15699.289,15740.849,15947.443,15962.921,15700.743,15748.351,7.502,36.58
2023-08-16,15741.749,15815.799,15666.649,15716.699,15748.203,15817.231,15669.201,15724.031,7.332,37.1
2023-08-17,15715.679,15795.799,15587.299,15612.599,15724.053,15797.243,15594.641,15620.041,7.442,32.04
2023-08-18,15611.689,15661.099,15465.749,15578.797,15620.033,15664.953,15467.231,15586.203,7.406,35.27
2023-08-21,15588.269,15711.299,15559.649,15628.189,15595.701,15712.741,15562.311,15635.631,7.442,28.46
2023-08-22,15628.179,15799.749,15616.589,15691.879,15635.641,15801.221,15624.001,15699.351,7.472,24.93
2023-08-23,15691.849,15823.789,15670.249,15775.959,15698.853,15825.101,15671.703,15783.411,7.452,22.65
2023-08-24,15775.967,15893.899,15539.769,15572.599,15782.531,15895.251,15547.101,15579.941,7.342,36.15
2023-08-25,15571.699,15741.289,15553.579,15683.787,15579.011,15742.741,15557.301,15691.243,7.456,39.69
2023-08-28,15709.179,15826.769,15669.979,15811.799,15715.733,15834.231,15671.411,15819.001,7.202,25.19
2023-08-29,15812.599,15984.599,15787.049,15967.579,15819.003,15991.941,15794.511,15975.051,7.472,26.02
2023-08-30,15968.499,16003.999,15818.789,15903.679,15975.013,16007.711,15820.211,15911.121,7.442,31.05
2023-08-31,15904.559,16043.789,15893.049,15953.999,15912.011,16044.789,15896.801,15961.451,7.452,24.34
2023-09-01,15954.759,16004.697,15822.159,15858.747,15961.403,16008.451,15824.701,15866.103,7.356,31.85
2023-09-04,15853.257,15958.899,15794.769,15821.859,15859.811,15960.231,15796.201,15829.311,7.452,13.27
2023-09-05,15821.877,15839.399,15688.759,15752.869,15828.451,15840.751,15690.201,15760.351,7.482,28.33
2023-09-06,15753.359,15783.289,15672.759,15730.879,15760.343,15784.601,15674.101,15738.341,7.462,30.34
2023-09-07,15729.949,15795.899,15652.749,15734.879,15737.431,15797.211,15654.201,15742.311,7.432,32.05
2023-09-08,15733.949,15788.399,15573.749,15735.279,15741.421,15789.711,15575.203,15742.751,7.472,27.83
2023-09-11,15752.179,15873.259,15718.059,15812.469,15759.253,15874.711,15721.903,15819.901,7.432,23.28
2023-09-12,15812.457,15832.799,15681.749,15703.499,15819.411,15836.421,15683.103,15710.911,7.412,27.13
2023-09-13,15704.359,15736.269,15560.769,15637.579,15710.933,15737.721,15562.201,15644.901,7.322,34.89
2023-09-14,15637.579,15872.499,15585.769,15860.749,15645.031,15879.821,15587.251,15868.101,7.352,29.14
2023-09-15,15859.959,15992.899,15848.049,15870.797,15867.301,15994.211,15851.901,15878.233,7.436,26.69
2023-09-18,15892.959,15902.099,15689.759,15727.689,15900.441,15907.841,15691.221,15735.001,7.312,28.36
2023-09-19,15726.889,15742.899,15627.199,15692.889,15734.301,15746.411,15628.531,15700.311,7.422,26.12
2023-09-20,15691.989,15809.699,15649.849,15686.669,15699.451,15811.031,15653.601,15694.131,7.462,32.86
2023-09-21,15685.789,15697.789,15463.449,15480.799,15693.101,15699.451,15470.801,15488.211,7.412,42.66
2023-09-22,15481.669,15591.769,15450.749,15501.089,15488.243,15592.769,15452.241,15508.541,7.452,31.9
2023-09-25,15519.599,15572.299,15326.299,15415.199,15526.113,15573.751,15327.711,15422.611,7.412,34.81
2023-09-26,15416.199,15416.199,15194.049,15222.279,15422.603,15423.531,15201.513,15229.741,7.462,40.62
2023-09-27,15223.149,15297.899,15131.159,15239.899,15229.733,15299.241,15133.701,15247.101,7.202,38.67
2023-09-28,15240.649,15368.199,15136.249,15327.359,15247.253,15375.551,15137.721,15334.821,7.462,50.11
2023-09-29,15328.269,15518.299,15292.099,15354.297,15334.813,15519.701,15295.801,15361.753,7.456,50.31
2023-10-02,15415.669,15478.799,15165.189,15194.759,15421.353,15480.251,15167.701,15202.241,7.482,46.35
2023-10-03,15193.859,15258.299,15053.849,15072.789,15201.201,15259.751,15059.701,15080.201,7.412,55.48
2023-10-04,15071.959,15175.899,14944.759,15134.659,15079.411,15177.241,14946.201,15142.001,7.342,55.45
2023-10-05,15134.799,15175.699,15046.249,15096.049,15141.103,15179.431,15047.701,15103.541,7.492,39.03
2023-10-06,15096.999,15295.169,15033.749,15277.897,15103.543,15297.831,15035.101,15285.253,7.356,48.29
2023-10-09,15191.049,15212.799,15077.249,15210.669,15198.521,15220.151,15078.601,15218.131,7.462,33.64
2023-10-10,15210.699,15445.779,15208.249,15401.489,15218.111,15447.241,15215.311,15408.801,7.312,32.26
2023-10-11,15400.589,15504.679,15361.779,15494.389,15407.901,15512.151,15363.101,15501.851,7.462,28.7
2023-10-12,15494.377,15575.899,15341.199,15387.899,15500.951,15577.231,15343.701,15395.331,7.432,29.7
2023-10-13,15389.699,15429.197,15127.799,15149.397,15397.021,15432.931,15130.201,15156.743,7.346,36.12
2023-10-16,15180.049,15273.797,15100.201,15245.469,15187.401,15275.251,15101.201,15252.921,7.452,28.41
2023-10-17,15246.359,15304.669,15116.269,15218.299,15252.913,15307.301,15117.601,15225.631,7.332,36.86
2023-10-18,15217.299,15290.089,15031.179,15045.089,15224.601,15293.941,15036.701,15052.521,7.432,49.79
2023-10-19,15045.949,15101.899,14918.549,14934.259,15052.553,15103.101,14925.901,14941.751,7.492,59.99
2023-10-20,14933.379,14979.699,14776.759,14781.767,14940.811,14983.421,14783.701,14789.213,7.446,50.83
2023-10-23,14821.279,14852.659,14625.769,14796.949,14828.741,14855.351,14627.201,14804.431,7.482,46.54
2023-10-24,14796.159,14959.789,14716.559,14896.789,14803.611,14967.211,14720.301,14904.101,7.312,40.71
2023-10-25,14896.399,14936.399,14745.149,14772.899,14903.751,14937.701,14752.601,14780.311,7.412,44.09
2023-10-26,14771.999,14796.759,14647.159,14734.399,14779.421,14798.211,14654.251,14741.601,7.202,58.29
2023-10-27,14733.389,14825.399,14587.649,14618.267,14740.821,14826.751,14590.201,14625.733,7.466,47.36
2023-10-30,14642.379,14800.399,14641.059,14745.299,14649.841,14801.721,14648.503,14752.621,7.322,41.93
2023-10-31,14746.089,14849.149,14690.049,14834.449,14752.643,14853.601,14693.901,14841.911,7.462,43.42
2023-11-01,14833.659,15015.999,14784.769,15015.699,14841.111,15023.321,14786.201,15023.111,7.412,45.45
2023-11-02,15015.659,15221.179,14993.069,15203.699,15022.103,15228.241,14996.801,15211.001,7.302,29.57
2023-11-03,15204.469,15268.299,15149.249,15194.247,15211.023,15269.741,15150.701,15201.753,7.506,30.73
2023-11-06,15190.679,15233.799,15099.169,15113.999,15198.121,15235.251,15101.701,15121.421,7.422,29.2
2023-11-07,15114.859,15195.289,15067.249,15144.149,15121.303,15196.731,15068.711,15151.641,7.492,30.84
2023-11-08,15143.299,15290.789,15075.559,15205.549,15150.701,15291.789,15079.401,15212.901,7.352,34.43
2023-11-09,15204.659,15366.289,15200.759,15261.899,15212.131,15368.311,15205.911,15269.211,7.312,41.01
2023-11-10,15260.879,15332.669,15169.749,15325.899,15268.321,15335.321,15171.101,15331.703,5.804,35.89
2023-11-13,15290.699,15369.299,15225.079,15364.959,15298.001,15376.741,15228.803,15372.411,7.452,25.41
2023-11-14,15364.099,15645.379,15331.699,15634.959,15371.541,15652.851,15335.401,15642.301,7.342,31.3
2023-11-15,15635.449,15762.799,15608.079,15738.699,15642.423,15764.251,15611.913,15746.151,7.452,35.36
2023-11-16,15737.799,15866.779,15710.049,15818.599,15745.251,15868.231,15713.801,15825.901,7.302,31.31
2023-11-17,15818.979,15948.169,15811.669,15942.679,15826.033,15950.831,15814.201,15950.111,7.432,25.33
2023-11-20,15933.869,15954.699,15851.749,15936.849,15940.523,15958.451,15853.221,15944.351,7.502,21.49
2023-11-21,15936.099,15946.559,15884.799,15892.679,15943.441,15948.001,15888.901,15900.101,7.422,24.06
2023-11-22,15891.789,15998.789,15891.749,15944.479,15899.221,16000.211,15899.101,15951.921,7.442,24.11
2023-11-23,15943.799,16003.299,15940.149,15992.399,15951.101,16004.741,15945.901,15999.851,7.452,10.09
2023-11-24,15992.359,16045.199,15972.0,16023.247,15998.923,16047.851,15973.101,16030.603,7.356,12.67
2023-11-27,16015.449,16038.399,15950.259,15971.169,16022.921,16039.751,15957.711,15978.631,7.462,7.49
2023-11-28,15970.299,16000.799,15913.259,15989.369,15977.731,16003.351,15914.711,15996.851,7.482,9.13
2023-11-29,15990.259,16210.799,15987.259,16177.659,15997.711,16212.201,15992.801,16185.101,7.442,11.07
2023-11-30,16176.789,16262.899,16167.289,16236.559,16184.231,16264.251,16168.601,16244.001,7.442,11.9
2023-12-01,16235.669,16439.299,16232.049,16428.269,16243.001,16441.851,16239.521,16435.701,7.432,10.53
2023-12-04,16425.969,16456.799,16380.249,16420.059,16433.431,16458.201,16381.701,16427.401,7.342,8.01
2023-12-05,16420.999,16552.269,16391.149,16546.499,16428.401,16554.601,16393.701,16553.851,7.352,10.75
2023-12-06,16546.357,16729.769,16532.789,16627.699,16552.921,16731.251,16534.201,16635.121,7.422,9.73
2023-12-07,16628.549,16666.789,16591.799,16630.449,16636.031,16669.411,16593.231,16637.921,7.472,9.31
2023-12-08,16631.399,16798.249,16628.389,16787.349,16638.701,16800.901,16629.851,16794.821,7.472,10.6
2023-12-11,16805.899,16826.199,16732.379,16819.579,16813.241,16828.851,16733.841,16827.041,7.462,7.36
2023-12-12,16820.479,16852.199,16753.249,16814.859,16827.941,16855.951,16754.601,16822.321,7.462,8.35
2023-12-13,16814.099,16923.759,16734.149,16921.949,16821.401,16931.231,16736.801,16929.421,7.472,9.61
2023-12-14,16921.099,17003.399,16661.749,16730.799,16928.551,17004.741,16663.211,16738.101,7.302,18.19
2023-12-15,16730.359,16888.899,16711.169,16720.299,16737.701,16890.241,16713.211,16727.501,7.202,14.53
2023-12-18,16743.449,16756.149,16624.259,16669.289,16750.931,16763.651,16625.731,16676.721,7.432,10.09
2023-12-19,16668.379,16780.199,16652.259,16762.349,16675.801,16784.541,16653.731,16769.841,7.492,8.14
2023-12-20,16763.257,16813.079,16591.299,16645.599,16769.821,16816.911,16598.751,16652.901,7.302,11.11
2023-12-21,16644.969,16734.179,16622.559,16721.399,16652.411,16741.501,16624.001,16728.841,7.442,12.82
2023-12-22,16720.489,16736.199,16650.099,16713.469,16727.931,16737.551,16651.501,16716.141,2.672,8.75
2023-12-26,16780.599,16792.599,16778.749,16781.949,16788.831,16800.831,16787.011,16790.101,8.152,0.0
2023-12-27,16781.159,16797.399,16695.049,16756.849,16789.451,16801.251,16696.521,16764.351,7.502,8.8
2023-12-28,16757.369,16809.069,16688.259,16710.759,16764.701,16812.951,16689.711,16718.201,7.442,7.96
2023-12-29,16709.879,16789.699,16698.089,16759.999,16717.331,16791.051,16701.951,16762.611,2.612,7.04
2024-01-01,16768.889,16780.379,16768.889,16778.069,16776.321,16787.851,16776.301,16785.521,7.452,0.0
2024-01-02,16777.149,16961.699,16647.059,16734.389,16784.641,16963.011,16648.511,16741.831,7.442,14.72
2024-01-03,16735.149,16786.569,16476.749,16531.179,16742.611,16787.901,16478.201,16538.611,7.432,16.89
2024-01-04,16530.269,16629.299,16493.269,16582.959,16537.731,16631.331,16500.601,16590.451,7.492,14.13
2024-01-05,16583.399,16648.749,16443.759,16583.799,16590.841,16650.221,16445.241,16591.231,7.432,16.97
2024-01-08,16589.289,16783.679,16514.769,16759.179,16596.751,16787.601,16516.201,16766.651,7.472,11.93
2024-01-09,16758.259,16772.769,16609.279,16677.099,16765.711,16780.251,16610.701,16684.431,7.332,13.96
2024-01-10,16676.159,16756.399,16620.049,16726.669,16683.651,16757.701,16623.801,16734.151,7.482,12.68
2024-01-11,16725.799,16840.269,16533.149,16616.369,16733.221,16841.731,16535.821,16623.851,7.482,21.14
2024-01-12,16618.069,16751.789,16605.799,16712.249,16625.521,16753.251,16607.241,16719.721,7.472,18.06
2024-01-15,16694.049,16789.799,16599.999,16600.899,16701.551,16792.311,16607.423,16608.301,7.402,8.62
2024-01-16,16599.999,16614.777,16469.766,16539.155,16607.423,16622.245,16471.201,16546.501,7.346,18.62
2024-01-17,16538.388,16540.199,16343.255,16417.677,16545.845,16547.545,16344.601,16425.134,7.457,17.35
2024-01-18,16416.877,16623.299,16406.055,16622.355,16424.201,16630.712,16409.801,16629.801,7.446,16.22
2024-01-19,16621.566,16655.655,16511.255,16627.755,16629.034,16658.323,16512.701,16635.101,7.346,15.12
2024-01-22,16636.299,16706.899,16605.277,16666.188,16643.601,16708.945,16606.745,16673.501,7.313,12.43
2024-01-23,16667.099,16759.299,16620.666,16686.355,16674.512,16760.701,16623.201,16693.823,7.468,10.95
2024-01-24,16685.577,16925.399,16669.266,16861.766,16693.045,16926.601,16676.712,16869.212,7.446,14.39
2024-01-25,16861.764,16915.399,16781.788,16865.177,16868.812,16922.034,16783.212,16872.612,7.435,15.93
2024-01-26,16866.099,16967.899,16840.555,16934.255,16873.512,16969.223,16844.301,16941.723,7.468,12.3
2024-01-29,16895.399,17003.666,16857.266,16991.388,16902.734,17006.312,16858.601,16998.823,7.435,9.24
2024-01-30,16990.988,17015.766,16906.577,16920.699,16998.445,17017.201,16914.034,16928.012,7.313,9.5
2024-01-31,16921.377,16992.899,16790.688,16831.966,16928.834,16994.245,16793.201,16839.434,7.468,17.84
2024-02-01,16831.099,16989.777,16783.677,16986.488,16838.412,16997.245,16786.201,16993.945,7.457,15.42
2024-02-02,16984.688,17004.277,16887.166,16933.397,16992.101,17005.734,16889.812,16940.736,7.339,17.3
2024-02-05,16924.977,16973.177,16853.566,16909.499,16932.401,16974.612,16857.412,16916.812,7.313,12.77
2024-02-06,16908.577,17050.688,16868.677,17029.199,16916.001,17052.134,16870.101,17036.501,7.302,13.49
2024-02-07,17029.977,17064.477,16908.755,16936.199,17037.423,17068.312,16910.101,16943.523,7.324,12.49
2024-02-08,16935.299,17028.255,16885.277,16966.977,16942.634,17029.723,16886.712,16974.434,7.457,10.44
2024-02-09,16966.099,16991.899,16873.399,16957.277,16973.534,16993.234,16874.601,16964.723,7.446,9.53
2024-02-12,16954.177,17042.299,16941.299,16995.288,16961.634,17044.845,16948.601,17002.712,7.424,8.61
2024-02-13,16996.088,17008.088,16780.655,16827.777,17003.401,17011.945,16783.201,16835.234,7.457,15.39
2024-02-14,16827.753,17001.399,16821.555,16991.377,16834.434,17008.734,16825.423,16998.834,7.457,11.74
2024-02-15,16990.899,17112.555,16964.577,17101.277,16998.301,17120.045,16968.412,17108.723,7.446,11.73
2024-02-16,17100.377,17197.777,17057.255,17072.777,17107.823,17199.223,17058.601,17080.245,7.468,13.54
2024-02-19,17096.155,17107.588,17043.766,17052.688,17103.645,17111.434,17049.001,17060.145,7.457,4.5
2024-02-20,17053.499,17084.299,17017.655,17064.299,17060.934,17088.701,17019.134,17071.734,7.435,12.6
2024-02-21,17065.199,17196.977,17053.488,17186.899,17072.501,17204.423,17057.301,17194.301,7.402,13.09
2024-02-22,17187.699,17443.099,17165.166,17437.766,17195.001,17450.434,17172.612,17445.223,7.457,13.1
2024-02-23,17437.099,17443.677,17355.699,17411.299,17444.301,17447.034,17357.101,17418.634,7.335,10.6
2024-02-26,17413.755,17461.899,17368.466,17421.877,17421.101,17463.245,17372.201,17429.345,7.468,8.42
2024-02-27,17422.788,17594.866,17381.055,17585.299,17430.201,17602.201,17384.801,17592.734,7.435,9.34
2024-02-28,17586.199,17620.699,17554.399,17585.555,17593.645,17623.345,17555.701,17592.901,7.346,9.68
2024-02-29,17584.766,17755.955,17568.766,17722.499,17592.245,17763.301,17576.201,17729.812,7.313,12.32
2024-03-01,17722.888,17816.255,17687.266,17747.255,17730.323,17817.734,17688.701,17754.734,7.479,12.22
2024-03-04,17743.899,17764.577,17670.899,17671.699,17751.301,17768.423,17678.201,17679.023,7.324,8.4
2024-03-05,17671.697,17747.777,17623.655,17670.699,17678.645,17749.245,17626.201,17678.001,7.302,11.73
2024-03-06,17670.266,17745.599,17664.188,17701.755,17677.723,17746.945,17671.612,17709.234,7.479,15.21
2024-03-07,17702.666,17885.999,17617.477,17870.866,17710.001,17891.145,17618.901,17878.323,7.457,12.64
2024-03-08,17870.599,17905.799,17741.366,17754.975,17877.923,17909.612,17743.901,17762.436,7.461,15.75
2024-03-11,17761.097,17816.277,17659.488,17814.588,17766.834,17823.723,17660.901,17822.023,7.435,11.74
2024-03-12,17813.799,18009.899,17745.099,18001.266,17821.101,18017.345,17746.423,18008.701,7.435,13.6
2024-03-13,18000.488,18015.388,17937.955,17977.366,18007.901,18018.045,17939.401,17984.823,7.457,10.38
2024-03-14,17976.599,18038.899,17862.655,17901.499,17983.945,18040.234,17865.201,17908.923,7.424,15.62
2024-03-15,17901.597,18043.399,17892.077,17983.766,17907.901,18044.723,17895.901,17991.223,7.457,14.02
2024-03-18,17986.299,18014.755,17885.688,17900.077,17993.623,18016.223,17893.112,17907.401,7.324,9.48
2024-03-19,17900.499,18010.055,17877.099,18002.177,17907.945,18017.534,17880.945,18009.623,7.446,10.85
2024-03-20,18001.299,18181.566,17952.855,18176.466,18008.745,18189.034,17954.312,18183.945,7.479,12.41
2024-03-21,18176.488,18207.277,18051.866,18168.299,18183.801,18209.945,18053.334,18175.623,7.324,10.63
2024-03-22,18167.399,18258.177,18131.199,18225.266,18174.601,18260.701,18133.701,18232.601,7.335,9.12
2024-03-25,18244.199,18288.399,18175.899,18270.099,18251.534,18289.745,18177.212,18277.423,7.324,8.0
2024-03-26,18269.088,18412.766,18254.788,18381.088,18276.534,18414.234,18256.212,18388.401,7.313,7.52
2024-03-27,18381.197,18533.899,18377.099,18525.977,18387.601,18541.201,18380.945,18533.434,7.457,7.7
2024-03-28,18525.066,18546.099,18474.255,18510.177,18532.401,18549.945,18475.601,18512.845,2.668,8.26
2024-04-01,18627.955,18628.999,18457.155,18496.477,18636.223,18637.134,18465.401,18504.712,8.235,1.38
2024-04-02,18495.588,18570.299,18255.655,18292.077,18503.812,18571.734,18258.312,18299.545,7.468,7.22
2024-04-03,18291.155,18415.677,18237.055,18389.477,18298.634,18423.145,18240.923,18396.912,7.435,6.9
2024-04-04,18388.977,18428.255,18173.188,18201.566,18396.401,18429.701,18175.812,18209.045,7.479,6.79
2024-04-05,18201.586,18221.655,18083.899,18181.788,18208.001,18224.201,18085.201,18189.212,7.424,8.91
2024-04-08,18204.699,18328.266,18159.077,18293.499,18211.901,18329.734,18162.912,18300.823,7.324,6.08
2024-04-09,18294.277,18300.566,18056.255,18123.499,18301.712,18304.601,18057.601,18130.945,7.446,6.73
2024-04-10,18123.988,18238.899,17973.288,18049.766,18131.401,18240.101,17974.701,18057.212,7.446,9.5
2024-04-11,18050.799,18108.688,17859.755,18040.766,18058.123,18111.334,17861.234,18048.212,7.446,9.63
2024-04-12,18039.866,18161.299,17831.299,17849.755,18047.323,18162.723,17833.801,17857.201,7.446,11.32
2024-04-15,17899.766,18194.777,17863.077,17890.577,17907.201,18196.223,17870.523,17898.034,7.457,11.77
2024-04-16,17891.466,17904.755,17712.266,17812.577,17898.912,17912.201,17713.701,17820.012,7.435,12.96
2024-04-17,17813.066,17908.399,17724.688,17786.688,17820.534,17909.712,17727.301,17794.112,7.424,13.18
2024-04-18,17787.488,17864.988,17707.066,17719.599,17794.801,17866.445,17714.401,17726.923,7.324,11.84
2024-04-19,17719.464,17771.799,17396.799,17715.755,17725.234,17773.245,17400.634,17723.223,7.468,12.7
2024-04-22,17782.699,17980.688,17759.788,17933.388,17790.045,17983.301,17761.201,17940.701,7.313,10.12
2024-04-23,17934.288,18198.499,17928.099,18191.655,17941.701,18205.834,17935.501,18199.101,7.446,7.58
2024-04-24,18191.675,18237.799,17998.199,18012.666,18198.245,18240.323,18005.512,18020.101,7.435,7.57
2024-04-25,18013.555,18082.788,17794.288,18016.099,18021.023,18084.201,17795.601,18023.545,7.446,11.94
2024-04-26,18016.977,18202.266,17958.799,18173.255,18024.423,18203.745,17963.923,18180.712,7.457,8.73
2024-04-29,18216.699,18238.199,18081.655,18116.555,18224.134,18240.812,18084.201,18123.901,7.346,6.77
2024-04-30,18115.799,18147.799,17845.899,17876.166,18123.001,18150.312,17853.901,17884.423,8.257,9.88
2024-05-01,17877.088,18041.466,17795.066,17883.877,17885.312,18049.701,17803.345,17892.145,8.268,0.54
2024-05-02,17883.897,18008.577,17872.788,17970.499,17891.212,18016.012,17874.212,17977.934,7.435,9.51
2024-05-03,17972.266,18107.277,17903.755,18021.277,17979.712,18108.745,17905.234,18028.745,7.468,9.88
2024-05-06,18044.588,18222.766,18016.599,18214.899,18052.034,18230.245,18019.001,18222.312,7.413,5.01
2024-05-07,18215.755,18449.888,18199.077,18443.699,18223.201,18457.323,18202.801,18450.901,7.202,6.83
2024-05-08,18444.488,18546.899,18410.055,18504.788,18451.901,18548.101,18413.901,18512.234,7.446,6.46
2024-05-09,18505.699,18747.199,18470.077,18737.177,18513.145,18754.401,18472.601,18744.501,7.324,6.06
2024-05-10,18736.299,18847.255,18709.577,18769.777,18743.723,18848.701,18713.401,18777.212,7.435,5.7
2024-05-13,18773.355,18800.666,18702.177,18728.399,18780.701,18803.201,18704.812,18735.823,7.424,4.54
2024-05-14,18729.255,18785.699,18621.277,18775.477,18736.723,18793.045,18622.701,18782.901,7.424,5.49
2024-05-15,18776.288,18919.399,18744.766,18914.799,18783.701,18926.745,18746.223,18922.201,7.402,6.31
2024-05-16,18915.799,18924.888,18677.866,18695.177,18922.236,18932.345,18684.201,18702.601,7.424,6.94
2024-05-17,18696.099,18731.466,18624.766,18719.577,18703.434,18734.112,18626.201,18727.034,7.457,5.52
2024-05-20,18754.277,18805.577,18723.199,18737.566,18761.712,18806.901,18725.812,18745.012,7.446,3.73
2024-05-21,18738.088,18750.899,18631.799,18747.066,18745.401,18756.245,18633.245,18754.501,7.435,4.57
2024-05-22,18746.199,18760.099,18589.166,18676.566,18753.612,18763.912,18591.801,18684.012,7.446,6.03
2024-05-23,18677.077,18766.799,18551.177,18590.999,18684.512,18768.223,18553.801,18598.412,7.413,8.01
2024-05-24,18590.088,18708.766,18512.766,18697.299,18597.401,18710.201,18514.201,18704.712,7.413,5.73
2024-05-27,18680.999,18797.688,18664.199,18771.099,18688.301,18800.334,18667.945,18778.401,7.302,2.4
2024-05-28,18770.588,18853.899,18616.799,18644.899,18777.901,18855.234,18619.301,18652.334,7.435,7.87
2024-05-29,18645.755,18674.099,18408.299,18421.488,18653.212,18677.945,18415.745,18428.945,7.457,8.35
2024-05-30,18422.388,18537.199,18379.566,18452.599,18429.801,18539.812,18383.401,18460.034,7.435,7.95
2024-05-31,18453.399,18595.199,18416.788,18587.777,18460.834,18597.834,18424.212,18595.212,7.435,9.44
2024-06-03,18590.355,18700.399,18502.155,18563.799,18597.823,18701.745,18504.701,18571.001,7.202,10.47
2024-06-04,18564.466,18589.755,18360.655,18482.477,18571.912,18597.234,18362.001,18489.801,7.324,10.56
2024-06-05,18483.277,18662.399,18464.566,18653.688,18490.701,18669.845,18468.401,18661.101,7.413,7.38
2024-06-06,18652.866,18785.299,18596.677,18629.399,18660.201,18786.734,18599.301,18636.734,7.335,8.13
2024-06-07,18629.788,18652.199,18421.055,18545.077,18637.234,18654.834,18422.401,18552.534,7.457,10.4
2024-06-10,18486.199,18529.299,18356.066,18501.099,18493.623,18531.823,18357.401,18508.423,7.324,7.84
2024-06-11,18500.077,18550.299,18275.755,18390.366,18507.512,18552.801,18277.101,18397.823,7.457,8.38
2024-06-12,18389.455,18651.766,18387.788,18642.899,18396.901,18653.834,18394.901,18650.201,7.302,9.54
2024-06-13,18642.875,18646.377,18227.655,18284.488,18649.534,18653.801,18230.323,18291.923,7.435,9.8
2024-06-14,18282.766,18345.299,17948.799,18000.277,18290.234,18347.834,17950.223,18007.745,7.468,10.16
2024-06-17,18005.755,18175.399,17968.755,18167.866,18012.814,18182.801,17970.201,18175.334,7.468,7.56
2024-06-18,18166.988,18211.755,18070.155,18165.464,18174.301,18213.234,18071.634,18172.945,7.481,9.25
2024-06-19,18164.675,18170.197,18051.677,18065.977,18172.123,18175.601,18053.123,18073.434,7.457,5.19
2024-06-20,18066.766,18260.799,18065.955,18249.977,18074.223,18263.201,18073.301,18257.434,7.457,9.37
2024-06-21,18249.066,18254.686,18086.777,18181.399,18256.545,18260.345,18088.234,18188.712,7.313,6.94
2024-06-24,18194.577,18355.788,18122.555,18224.655,18202.012,18357.245,18126.301,18232.112,7.457,6.37
2024-06-25,18224.399,18252.555,18074.399,18187.455,18231.601,18256.445,18075.712,18194.934,7.479,6.51
2024-06-26,18186.677,18365.899,18044.266,18114.488,18194.145,18367.234,18045.734,18121.801,7.313,6.91
2024-06-27,18113.577,18264.877,18085.688,18252.888,18121.045,18266.201,18089.401,18260.312,7.424,4.53
2024-06-28,18253.666,18355.277,18188.655,18246.299,18261.101,18356.725,18191.325,18253.736,7.437,3.18
2024-07-01,18278.899,18462.788,18250.077,18310.188,18286.214,18464.225,18257.547,18317.614,7.426,3.24
2024-07-02,18311.066,18316.899,18027.766,18163.199,18318.525,18324.247,18029.101,18170.601,7.402,3.12
2024-07-03,18164.099,18403.166,18163.188,18399.788,18170.614,18408.212,18170.614,18407.234,7.446,2.38
2024-07-04,18410.266,18465.788,18382.566,18446.299,18417.701,18467.101,18386.412,18453.634,7.335,1.43
2024-07-05,18447.866,18665.177,18417.199,18505.753,18453.625,18666.645,18418.612,18513.214,7.461,2.82
2024-07-08,18470.199,18632.766,18410.277,18498.299,18477.523,18634.234,18417.745,18505.645,7.346,2.77
2024-07-09,18498.955,18502.399,18211.799,18251.688,18506.301,18509.745,18213.201,18259.001,7.313,3.06
2024-07-10,18252.499,18459.688,18222.155,18447.888,18259.934,18463.245,18224.801,18455.345,7.457,2.24
2024-07-11,18454.788,18579.399,18412.399,18507.766,18462.245,18580.734,18413.745,18515.201,7.435,3.34
2024-07-12,18507.753,18782.399,18503.588,18709.399,18513.523,18783.701,18511.045,18716.601,7.202,3.07
2024-07-15,18720.988,18747.555,18539.577,18581.855,18728.423,18749.001,18542.245,18589.345,7.49,3.27
2024-07-16,18582.666,18588.655,18449.155,18563.388,18590.112,18596.112,18450.623,18570.845,7.457,3.02
2024-07-17,18564.177,18576.099,18343.899,18473.199,18571.501,18579.934,18345.245,18480.601,7.402,4.04
2024-07-18,18472.399,18535.788,18288.155,18336.166,18479.834,18537.245,18290.701,18343.645,7.479,4.77
2024-07-19,18335.299,18350.555,18147.454,18152.187,18342.712,18354.423,18149.915,18159.326,7.139,8.13
2024-07-22,18226.255,18499.666,18166.566,18471.499,18233.701,18507.112,18170.434,18478.801,7.302,3.81
2024-07-23,18470.799,18649.788,18443.677,18494.066,18478.101,18651.212,18446.323,18501.512,7.446,3.94
2024-07-24,18494.999,18520.699,18320.166,18368.066,18502.423,18524.445,18322.801,18375.501,7.435,4.54
2024-07-25,18366.366,18392.588,18094.788,18297.999,18373.834,18396.423,18096.212,18305.301,7.302,6.12
2024-07-26,18297.099,18476.699,18215.255,18463.266,18304.412,18479.345,18216.734,18470.734,7.468,5.29
2024-07-29,18506.488,18546.255,18297.199,18309.399,18513.912,18547.601,18304.645,18316.812,7.413,4.11
2024-07-30,18308.455,18470.077,18263.988,18453.055,18315.923,18473.645,18267.812,18460.523,7.468,4.81
2024-07-31,18452.155,18576.477,18406.388,18536.755,18459.601,18579.123,18410.212,18544.101,7.346,5.36
2024-08-01,18537.577,18556.799,17966.266,18026.955,18545.034,18564.134,17973.601,18034.412,7.457,6.46
2024-08-02,18024.866,18052.088,17619.755,17716.277,18032.312,18055.801,17621.234,17723.723,7.446,7.76
2024-08-05,17548.099,17649.066,17021.299,17487.777,17555.501,17652.934,17022.734,17495.201,7.424,11.27
2024-08-06,17491.099,17568.188,17228.966,17284.377,17498.501,17570.834,17230.434,17291.801,7.424,8.79
2024-08-07,17281.877,17670.977,17268.055,17339.488,17289.301,17672.412,17275.401,17346.923,7.435,7.17
2024-08-08,17340.299,17759.655,17327.755,17741.088,17347.723,17767.112,17335.212,17748.534,7.446,6.46
2024-08-09,17739.499,17787.799,17614.766,17773.766,17746.701,17789.245,17616.101,17781.245,7.479,5.29
2024-08-12,17761.499,17829.299,17672.777,17714.577,17768.812,17830.745,17674.212,17721.901,7.324,4.39
2024-08-13,17715.455,17865.199,17666.766,17855.955,17722.912,17869.045,17668.101,17863.445,7.49,4.02
2024-08-14,17856.877,17925.177,17824.766,17893.099,17864.323,17932.623,17826.101,17900.445,7.346,4.23
2024-08-15,17893.755,18244.999,17892.988,18230.955,17901.201,18252.312,17900.423,18238.445,7.49,3.49
2024-08-16,18231.788,18354.188,18193.055,18319.777,18239.245,18356.845,18196.923,18327.223,7.446,3.71
2024-08-19,18343.199,18454.777,18279.288,18434.955,18350.601,18456.201,18280.734,18442.445,7.49,2.76
2024-08-20,18435.877,18496.399,18315.299,18342.399,18443.201,18497.723,18317.801,18349.734,7.335,3.03
2024-08-21,18341.466,18482.099,18341.466,18479.788,18348.945,18489.445,18345.801,18487.212,7.424,3.25
2024-08-22,18478.866,18552.266,18424.599,18466.255,18486.312,18553.601,18432.001,18473.734,7.479,3.35
2024-08-23,18467.855,18672.299,18450.566,18624.277,18475.201,18673.745,18454.301,18631.745,7.468,4.39
2024-08-26,18603.599,18643.188,18547.777,18620.899,18611.034,18645.823,18549.223,18628.323,7.424,2.95
2024-08-27,18621.655,18729.266,18615.066,18664.377,18629.123,18730.745,18622.234,18671.701,7.324,3.56
2024-08-28,18665.166,18858.266,18664.355,18712.188,18672.501,18859.745,18671.434,18719.623,7.435,4.04
2024-08-29,18713.999,18971.666,18711.499,18849.877,18721.345,18974.334,18718.701,18857.323,7.446,4.86
2024-08-30,18850.299,18969.899,18830.977,18942.299,18857.745,18971.245,18838.401,18949.701,7.402,3.74
2024-09-02,18933.777,18947.299,18769.255,18905.999,18941.101,18949.845,18770.712,18913.312,7.313,1.95
2024-09-03,18907.299,18992.755,18614.866,18631.788,18914.623,18994.245,18622.201,18639.101,7.313,4.78
2024-09-04,18632.566,18654.288,18470.999,18559.288,18639.901,18659.901,18472.401,18566.701,7.413,5.25
2024-09-05,18556.799,18680.788,18503.266,18591.355,18564.223,18682.223,18504.723,18598.701,7.346,4.98
2024-09-06,18590.599,18609.277,18254.688,18261.288,18598.012,18610.601,18257.312,18268.601,7.313,5.69
2024-09-09,18265.799,18506.477,18263.577,18494.999,18273.112,18513.934,18271.001,18502.301,7.302,4.63
2024-09-10,18495.877,18496.799,18185.666,18315.955,18503.345,18504.123,18188.201,18323.401,7.446,4.86
2024-09-11,18316.766,18492.955,18206.266,18481.099,18324.212,18500.434,18207.723,18488.401,7.302,5.88
2024-09-12,18481.899,18597.288,18378.755,18582.899,18489.245,18602.345,18380.101,18590.201,7.302,5.32
2024-09-13,18583.799,18725.255,18530.655,18683.799,18591.212,18726.734,18533.323,18691.245,7.446,4.23
2024-09-16,18695.097,18725.697,18596.266,18704.799,18702.347,18730.947,18597.712,18712.101,7.302,5.59
2024-09-17,18702.999,18806.899,18616.155,18709.566,18710.301,18808.223,18618.801,18716.901,7.335,4.44
2024-09-18,18711.299,18916.177,18687.699,18848.766,18718.501,18918.845,18691.412,18856.201,7.435,5.0
2024-09-19,18850.366,19047.788,18765.055,18952.555,18857.801,19049.234,18768.801,18960.001,7.446,3.92
2024-09-20,18951.766,18956.699,18703.188,18733.755,18959.245,18963.323,18705.845,18741.234,7.479,4.69
2024-09-23,18754.988,18887.399,18679.766,18870.299,18762.401,18890.412,18681.223,18877.634,7.335,3.86
2024-09-24,18869.288,19029.877,18843.155,18994.399,18876.701,19031.323,18847.023,19001.712,7.313,4.04
2024-09-25,18995.166,18995.988,18841.455,18939.177,19002.601,19003.434,18842.801,18946.501,7.324,3.64
2024-09-26,18940.788,19317.399,18940.788,19297.766,18948.245,19324.823,18948.201,19305.245,7.479,4.17
2024-09-27,19297.099,19494.299,19229.555,19395.755,19304.301,19495.734,19233.434,19403.223,7.468,4.38
2024-09-30,19434.599,19478.699,19305.188,19366.666,19442.023,19482.423,19307.801,19374.112,7.446,4.31
2024-10-01,19365.999,19447.777,19130.799,19174.377,19373.345,19449.212,19133.323,19181.845,7.468,5.73
2024-10-02,19174.799,19271.199,19056.777,19168.299,19182.201,19274.923,19058.101,19175.712,7.413,4.73
2024-10-03,19167.366,19168.299,18960.255,18992.599,19174.845,19175.734,18961.745,19000.034,7.435,4.92
2024-10-04,18991.777,19201.155,18947.899,19196.766,18999.234,19206.201,18949.234,19204.201,7.435,4.63
2024-10-07,19204.555,19230.099,18955.088,19016.599,19212.023,19233.934,18962.512,19024.001,7.402,4.43
2024-10-08,19019.199,19116.655,18906.099,19084.666,19026.512,19119.345,18908.101,19092.101,7.435,3.92
2024-10-09,19085.499,19283.688,19001.788,19272.699,19092.912,19286.345,19003.212,19280.045,7.346,3.52
2024-10-10,19274.299,19306.066,19142.255,19243.399,19281.712,19309.901,19143.723,19250.812,7.413,4.02
2024-10-11,19244.199,19399.188,19175.255,19385.266,19251.645,19401.823,19176.601,19392.601,7.335,3.32
2024-10-14,19347.299,19590.899,19337.566,19582.499,19354.734,19598.345,19341.401,19589.801,7.302,2.26
2024-10-15,19583.277,19637.899,19444.855,19471.066,19590.712,19639.234,19452.001,19478.501,7.435,3.23
2024-10-16,19471.888,19513.266,19401.055,19459.599,19479.323,19514.601,19402.401,19466.901,7.302,2.52
2024-10-17,19458.777,19679.766,19435.566,19575.599,19466.245,19681.201,19439.423,19582.912,7.313,2.8
2024-10-18,19574.655,19669.677,19477.699,19641.688,19582.145,19671.112,19481.434,19649.123,7.435,2.35
2024-10-21,19671.277,19671.666,19448.699,19527.599,19678.723,19679.145,19451.334,19534.934,7.335,3.14
2024-10-22,19526.555,19589.599,19368.599,19436.599,19534.045,19590.934,19369.801,19443.901,7.302,3.52
2024-10-23,19437.366,19475.399,19298.977,19354.466,19444.801,19479.145,19301.501,19361.801,7.335,3.16
2024-10-24,19354.066,19558.088,19327.077,19439.888,19361.523,19559.501,19334.401,19447.334,7.446,2.93
2024-10-25,19440.755,19517.199,19350.999,19411.188,19448.223,19518.623,19354.745,19418.634,7.446,3.76
2024-10-28,19488.155,19581.199,19395.899,19522.966,19495.645,19583.745,19397.201,19530.423,7.457,4.51
2024-10-29,19524.566,19643.799,19459.466,19492.266,19532.023,19645.134,19462.001,19499.701,7.435,4.27
2024-10-30,19491.499,19502.199,19197.766,19211.688,19498.701,19509.645,19199.212,19219.134,7.446,5.06
2024-10-31,19211.166,19225.699,19003.255,19097.255,19218.601,19232.234,19004.723,19104.601,7.346,5.44
2024-11-01,19096.499,19297.277,19041.055,19225.766,19103.945,19298.701,19044.945,19233.212,7.446,4.93
2024-11-04,19200.077,19293.299,19094.299,19123.055,19207.512,19295.823,19096.801,19130.523,7.468,3.8
2024-11-05,19122.299,19314.666,19102.766,19289.899,19129.701,19322.134,19104.245,19297.212,7.313,3.68
2024-11-06,19289.099,19566.299,19002.166,19105.799,19296.423,19567.734,19003.701,19113.134,7.335,5.79
2024-11-07,19106.199,19449.699,19028.577,19435.655,19113.512,19453.512,19032.412,19443.123,7.468,4.24
2024-11-08,19436.088,19448.399,19142.266,19240.766,19443.501,19455.745,19143.701,19248.234,7.468,3.87
2024-11-11,19271.799,19545.799,19246.055,19406.566,19279.223,19547.245,19249.801,19414.034,7.468,3.73
2024-11-12,19404.299,19416.577,18959.655,19054.955,19411.612,19420.423,18962.201,19062.445,7.49,4.36
2024-11-13,19055.755,19124.899,18834.766,19003.299,19063.201,19126.245,18836.212,19010.601,7.302,4.74
2024-11-14,19004.055,19307.399,18930.555,19190.988,19011.545,19308.723,18934.412,19198.412,7.424,4.56
2024-11-15,19190.188,19289.288,19119.777,19233.766,19197.501,19290.701,19121.201,19241.245,7.479,5.09
2024-11-18,19241.499,19293.555,19087.899,19124.155,19248.801,19297.434,19089.245,19131.645,7.49,4.2
2024-11-19,19124.699,19248.566,18809.255,19072.666,19131.901,19252.401,18810.701,19080.101,7.435,5.42
2024-11-20,19073.877,19203.399,18958.299,19096.099,19081.323,19204.723,18959.734,19103.534,7.435,4.48
2024-11-21,19097.266,19197.166,18898.277,19153.266,19104.745,19199.823,18899.601,19160.723,7.457,5.69
2024-11-22,19152.466,19369.399,19029.799,19348.888,19159.934,19371.945,19031.201,19356.201,7.313,5.33
2024-11-25,19421.899,19468.877,19310.266,19333.088,19429.201,19470.301,19317.701,19340.501,7.413,5.06
2024-11-26,19332.255,19384.399,19219.666,19329.077,19339.601,19385.812,19223.501,19336.523,7.446,4.47
2024-11-27,19329.866,19339.288,19141.899,19293.366,19337.301,19341.912,19143.323,19300.845,7.479,4.91
2024-11-28,19293.788,19440.377,19290.188,19435.799,19301.234,19447.823,19293.901,19443.245,7.446,2.91
2024-11-29,19434.955,19680.199,19348.666,19641.166,19442.412,19682.734,19352.545,19648.601,7.435,3.45
2024-12-02,19649.566,19949.099,19559.999,19924.799,19657.045,19951.734,19563.812,19932.201,7.402,4.34
2024-12-03,19925.599,20042.677,19890.088,20040.977,19933.023,20050.134,19892.745,20048.434,7.457,3.68
2024-12-04,20040.566,20261.788,19998.966,20215.699,20048.012,20263.101,20002.823,20223.112,7.413,3.44
2024-12-05,20214.777,20375.255,20192.655,20324.177,20222.234,20376.734,20195.312,20331.612,7.435,3.43
2024-12-06,20324.555,20425.277,20299.555,20373.899,20332.045,20426.745,20303.401,20381.223,7.324,3.2
2024-12-09,20409.466,20473.255,20299.555,20309.977,20416.912,20474.712,20307.045,20317.301,7.324,3.51
2024-12-10,20309.577,20395.666,20257.455,20315.855,20316.901,20397.112,20261.323,20323.312,7.457,3.41
2024-12-11,20315.099,20425.555,20277.955,20399.999,20322.512,20428.234,20281.701,20407.323,7.324,3.07
2024-12-12,20400.177,20408.466,20389.455,20392.955,20407.612,20412.312,20393.201,20396.701,3.746,0.02
2024-12-13,20419.555,20526.299,20363.188,20411.188,20427.045,20527.601,20364.623,20418.501,7.313,3.38
2024-12-16,20448.488,20473.455,20290.977,20307.399,20455.912,20477.334,20298.401,20314.701,7.302,2.9
2024-12-17,20307.855,20356.799,20197.955,20235.088,20315.201,20358.101,20205.301,20242.523,7.435,3.26
2024-12-18,20234.288,20330.199,19915.466,20025.199,20241.723,20331.645,19922.923,20032.623,7.424,4.82
2024-12-19,20025.588,20104.755,19928.966,19938.988,20032.901,20106.245,19936.301,19946.301,7.313,4.73
2024-12-20,19940.699,19951.799,19644.766,19871.266,19948.123,19957.434,19655.469,19878.734,7.468,6.11
2024-12-23,19934.366,19937.388,19798.299,19888.066,19941.834,19944.823,19799.601,19896.323,8.257,4.42
2024-12-24,19888.966,20031.488,19868.166,20021.466,19897.223,20039.723,19876.423,20029.712,8.246,0.2
2024-12-25,19998.766,20000.066,19985.177,19993.199,20007.001,20008.301,19993.301,20001.445,8.246,0.01
2024-12-26,19992.399,20028.699,19897.255,19998.266,20000.523,20036.845,19905.401,20006.545,8.279,0.31
2024-12-27,19997.477,19999.666,19797.155,19952.999,20005.601,20007.145,19798.612,19960.445,7.446,4.43
2024-12-30,19934.655,19999.288,19759.455,19818.377,19942.112,20003.101,19760.801,19826.645,8.268,4.65
2024-12-31,19818.788,19918.777,19774.977,19806.788,19827.034,19927.045,19783.201,19814.901,8.113,0.48
2025-01-01,19849.355,19875.099,19818.466,19840.499,19857.645,19883.101,19826.601,19848.601,8.102,0.02
2025-01-02,19840.888,20038.966,19773.499,19935.355,19849.145,20041.623,19780.801,19942.801,7.446,5.67
2025-01-03,19934.199,20034.099,19864.555,19906.588,19941.401,20035.545,19866.001,19913.901,7.313,3.64
2025-01-06,19903.466,20247.199,19893.799,20136.699,19910.923,20249.834,19901.112,20144.045,7.346,3.8
2025-01-07,20135.688,20391.799,20106.555,20316.866,20143.001,20393.201,20110.423,20324.201,7.335,3.73
2025-01-08,20317.677,20482.299,20238.899,20317.488,20325.145,20483.734,20240.212,20324.934,7.446,4.71
2025-01-09,20319.299,20360.299,20247.299,20307.588,20326.623,20363.445,20248.712,20315.023,7.435,1.96
2025-01-10,20308.466,20402.799,20186.555,20245.566,20315.801,20404.245,20187.901,20253.023,7.457,4.66
2025-01-13,20231.199,20276.199,20022.788,20239.999,20238.534,20283.634,20024.201,20247.301,7.302,3.83
2025-01-14,20240.655,20360.577,20197.366,20272.755,20248.145,20362.001,20201.101,20280.101,7.346,3.55
2025-01-15,20271.977,20639.888,20263.499,20636.388,20279.434,20647.323,20267.101,20643.834,7.446,3.53
2025-01-16,20636.755,20704.555,20574.855,20641.088,20644.223,20706.012,20576.301,20648.545,7.457,3.3
2025-01-17,20640.188,20926.899,20627.355,20890.999,20647.501,20928.323,20634.823,20898.301,7.302,2.86
2025-01-20,20870.288,21054.266,20860.677,21026.999,20877.701,21055.701,20864.545,21034.412,7.413,1.96
2025-01-21,21027.499,21165.177,20863.088,21148.466,21034.834,21172.634,20866.912,21155.945,7.479,3.23
2025-01-22,21148.999,21334.277,21121.688,21232.477,21156.323,21335.723,21124.345,21239.801,7.324,3.07
2025-01-23,21231.588,21497.655,21221.999,21476.577,21239.034,21500.301,21225.801,21484.034,7.457,2.46
2025-01-24,21477.499,21529.088,21348.399,21366.266,21484.934,21532.801,21349.601,21373.712,7.446,2.57
2025-01-27,21302.866,21419.488,21078.766,21396.899,21310.323,21426.945,21080.245,21404.245,7.346,6.47
2025-01-28,21396.366,21513.066,21296.255,21460.299,21403.801,21515.712,21297.712,21467.712,7.413,4.09
2025-01-29,21460.699,21674.166,21455.899,21639.866,21468.101,21675.501,21463.334,21647.323,7.457,3.86
2025-01-30,21640.399,21793.677,21627.988,21750.066,21647.701,21796.312,21631.812,21757.534,7.468,3.17
2025-01-31,21749.699,21801.666,21603.2,21629.3,21757.123,21804.312,21605.6,21636.5,7.2,3.56
2025-02-03,21364.2,21547.299,21090.6,21516.099,21371.4,21554.745,21094.2,21523.423,7.324,7.02
2025-02-04,21515.066,21516.855,21294.488,21431.255,21522.501,21524.334,21298.123,21438.712,7.457,4.47
2025-02-05,21433.066,21648.799,21384.677,21643.255,21440.501,21652.401,21386.145,21650.712,7.457,3.98
2025-02-06,21641.455,21923.799,21637.199,21899.366,21648.801,21925.212,21640.923,21906.845,7.479,4.19
2025-02-07,21898.466,21947.288,21723.655,21736.299,21905.912,21948.723,21726.345,21743.745,7.446,5.08
2025-02-10,21779.599,21946.799,21758.255,21920.477,21786.945,21952.245,21765.701,21927.901,7.424,3.34
2025-02-11,21921.377,22113.699,21881.766,22099.088,21928.701,22116.345,21883.223,22106.501,7.413,3.72
2025-02-12,22098.299,22344.588,22023.066,22339.199,22105.634,22352.045,22024.512,22346.512,7.313,4.51
2025-02-13,22338.188,22623.088,22303.077,22492.788,22345.501,22624.401,22304.534,22500.223,7.435,5.41
2025-02-14,22493.899,22612.255,22465.255,22501.288,22501.234,22613.712,22466.723,22508.723,7.435,3.23
2025-02-17,22505.799,22879.499,22496.088,22824.588,22513.212,22882.123,22499.923,22832.045,7.457,2.55
2025-02-18,22824.077,22884.399,22713.199,22869.788,22831.501,22891.845,22714.512,22877.212,7.424,3.93
2025-02-19,22868.999,22936.599,22369.188,22407.499,22876.312,22937.934,22371.701,22414.701,7.202,3.98
2025-02-20,22405.977,22578.255,22273.788,22324.099,22413.423,22579.601,22275.101,22331.445,7.346,4.32
2025-02-21,22322.188,22395.899,22116.166,22176.899,22329.623,22397.212,22118.701,22184.223,7.324,4.74
2025-02-24,22311.966,22586.055,22230.299,22287.966,22319.412,22589.901,22231.745,22295.445,7.479,6.21
2025-02-25,22288.888,22589.077,22255.777,22558.788,22296.301,22591.745,22257.101,22566.223,7.435,6.79
2025-02-26,22557.888,22835.377,22504.455,22658.566,22565.345,22836.812,22508.312,22665.901,7.335,5.57
2025-02-27,22657.588,22701.377,22371.799,22431.355,22665.023,22708.834,22374.412,22438.812,7.457,7.35
2025-02-28,22430.466,22574.788,22217.666,22544.999,22437.801,22577.445,22221.523,22552.345,7.346,7.49
2025-03-03,22627.355,23310.299,22525.499,23031.266,22634.845,23311.712,22526.845,23038.601,7.335,9.03
2025-03-04,23032.288,23052.199,22313.355,22792.566,23039.734,23057.301,22314.823,22800.034,7.468,12.72
2025-03-05,22792.155,23228.266,22671.655,23166.088,22799.612,23230.912,22675.545,23173.512,7.424,9.85
2025-03-06,23164.199,23478.255,23058.388,23248.199,23171.501,23479.701,23059.801,23255.523,7.324,10.92
2025-03-07,23246.488,23289.099,22855.755,23209.399,23253.934,23292.923,22857.245,23216.701,7.302,10.95
2025-03-10,23051.388,23211.666,22432.455,22502.766,23058.845,23214.312,22439.934,22510.234,7.468,9.51
2025-03-11,22503.777,22837.177,22239.066,22481.588,22511.201,22838.612,22241.712,22489.023,7.435,8.42
2025-03-12,22481.055,22814.155,22432.988,22715.277,22488.523,22815.612,22436.801,22722.701,7.424,6.71
2025-03-13,22716.366,22759.777,22413.899,22557.899,22723.812,22761.245,22415.201,22565.245,7.346,5.79
2025-03-14,22558.377,23084.288,22458.299,23079.788,22565.801,23091.723,22459.712,23087.234,7.446,6.05
2025-03-17,23013.666,23258.299,22927.766,23235.799,23021.112,23264.523,22929.234,23243.212,7.413,5.23
2025-03-18,23234.766,23476.477,23188.099,23361.899,23242.201,23477.901,23191.923,23369.212,7.313,5.92
2025-03-19,23362.755,23430.766,23134.366,23362.566,23370.101,23434.623,23135.812,23370.012,7.446,5.53
2025-03-20,23364.655,23369.799,22811.755,22954.599,23372.112,23377.245,22813.234,22962.034,7.435,6.23
2025-03-21,22953.877,23014.599,22716.188,22888.688,22961.201,23018.201,22717.601,22896.123,7.435,7.01
2025-03-24,22979.399,23135.655,22805.088,22880.477,22986.734,23137.101,22807.723,22887.901,7.424,7.25
2025-03-25,22880.888,23184.799,22790.988,23144.188,22888.345,23186.001,22794.701,23151.634,7.446,6.43
2025-03-26,23143.488,23225.199,22646.966,22674.055,23150.923,23227.734,22654.401,22681.512,7.457,7.48
2025-03-27,22673.055,22741.999,22464.588,22645.555,22680.401,22743.301,22465.901,22653.001,7.446,8.33
2025-03-28,22647.599,22679.255,22373.455,22455.455,22655.001,22683.145,22374.801,22462.901,7.446,8.83
2025-03-31,22419.599,22421.555,21969.455,22244.566,22426.901,22429.023,21970.934,22251.901,7.335,9.12
2025-04-01,22243.877,22577.999,22218.188,22525.355,22251.323,22579.334,22221.901,22532.845,7.49,9.01
2025-04-02,22525.655,22563.288,21561.366,21702.066,22533.134,22570.712,21573.612,21714.323,12.257,8.81
2025-04-03,21700.355,22150.755,21574.855,21620.955,21712.612,22152.223,21582.312,21628.445,7.49,10.67
2025-04-04,21622.355,21702.655,20320.188,20331.666,21629.834,21705.301,20327.601,20339.101,7.435,12.11
2025-04-07,19625.999,20836.066,18809.677,20055.088,19638.101,20838.845,18811.001,20062.523,7.435,5.83
2025-04-08,20054.455,20471.299,19371.277,19457.866,20061.912,20473.401,19381.501,19468.145,10.279,8.4
2025-04-09,19457.399,21535.755,19302.666,21496.288,19467.501,21545.901,19312.912,21506.545,10.257,8.05
2025-04-10,21490.366,21501.299,20144.566,20587.877,21500.634,21511.434,20148.823,20596.145,8.268,7.98
2025-04-11,20585.866,20901.577,20101.199,20693.688,20594.101,20909.845,20105.323,20701.112,7.424,6.94
2025-04-14,20793.299,21048.777,20694.788,20904.177,20801.512,21053.023,20703.034,20911.634,7.457,5.65
2025-04-15,20903.855,21320.277,20858.266,21154.088,20911.334,21323.501,20862.401,21161.523,7.435,6.64
2025-04-16,21153.055,21317.299,20951.855,21117.166,21160.501,21319.823,20955.123,21124.501,7.335,6.64
2025-04-17,21117.888,21437.866,21099.799,21221.066,21125.301,21440.134,21107.123,21229.334,8.268,6.69
2025-04-21,21139.266,21172.699,20670.577,20929.966,21147.534,21180.823,20678.812,20938.223,8.257,0.68
2025-04-22,20930.799,21773.599,20921.855,21727.088,20938.901,21780.934,20930.101,21734.501,7.413,7.93
2025-04-23,21727.755,22050.655,21674.077,21953.755,21735.201,22052.001,21677.801,21961.245,7.49,8.33
2025-04-24,21955.055,22189.188,21725.166,22162.555,21962.545,22196.612,21726.645,22170.012,7.457,8.25
2025-04-25,22162.255,22357.277,22072.699,22351.377,22169.701,22363.345,22074.001,22358.801,7.424,7.95
2025-04-28,22302.699,22444.866,22230.655,22341.066,22310.034,22446.201,22234.523,22348.534,7.468,7.15
2025-04-29,22340.366,22531.755,22290.666,22479.255,22347.801,22534.401,22294.401,22486.601,7.346,7.1
2025-04-30,22479.966,22737.877,22229.688,22710.299,22487.423,22746.001,22231.001,22718.301,8.002,8.95
2025-05-01,22710.855,22826.099,22620.977,22668.099,22719.101,22834.212,22629.223,22676.223,8.124,0.7
2025-05-02,22669.799,23160.088,22649.655,23112.799,22677.901,23162.723,22657.112,23120.001,7.202,7.45
2025-05-05,23019.766,23406.699,23000.455,23322.988,23027.223,23409.345,23004.201,23330.434,7.446,5.06
2025-05-06,23323.255,23427.899,22851.899,23316.488,23330.701,23429.212,22853.201,23323.901,7.413,7.25
2025-05-07,23316.166,23360.577,23031.166,23170.955,23323.601,23364.412,23033.812,23178.445,7.49,7.29
2025-05-08,23171.366,23472.666,23151.088,23373.677,23178.812,23475.301,23154.923,23381.134,7.457,7.23
2025-05-09,23373.288,23546.777,23318.577,23507.777,23380.712,23548.245,23322.423,23515.201,7.424,5.63
2025-05-12,23712.666,23923.788,23352.788,23618.955,23720.134,23925.234,23354.201,23626.445,7.49,7.91
2025-05-13,23617.666,23654.199,23486.055,23606.188,23625.101,23656.834,23489.945,23613.612,7.424,5.48
2025-05-14,23605.477,23694.799,23426.677,23446.677,23612.923,23696.245,23434.001,23454.145,7.468,5.75
2025-05-15,23447.055,23729.599,23330.755,23719.999,23454.534,23737.023,23332.201,23727.434,7.435,5.43
2025-05-16,23721.288,23887.799,23663.255,23808.788,23728.601,23889.245,23664.712,23816.212,7.424,4.63
2025-05-19,23736.399,24080.788,23666.299,24064.599,23743.734,24088.223,23668.845,24072.045,7.446,4.9
2025-05-20,24064.955,24081.799,23897.899,24032.866,24072.434,24083.234,23899.212,24040.323,7.457,4.83
2025-05-21,24032.588,24160.288,23868.755,23930.166,24040.045,24161.701,23870.101,23937.634,7.468,6.62
2025-05-22,23930.999,24086.299,23838.266,24034.677,23938.301,24088.845,23839.601,24042.101,7.424,6.38
2025-05-23,24036.077,24143.899,23267.266,23605.299,24043.534,24145.245,23268.601,23612.701,7.402,8.53
2025-05-26,23812.577,24042.399,23796.799,23958.388,23819.901,24043.745,23804.201,23965.834,7.446,3.14
2025-05-27,23957.366,24301.799,23951.155,24292.599,23964.812,24307.701,23957.934,24300.045,7.446,4.67
2025-05-28,24291.999,24358.555,24022.688,24331.877,24299.301,24366.045,24025.312,24339.201,7.324,5.32
2025-05-29,24332.477,24391.055,23839.699,23893.855,24339.912,24394.945,23842.323,23901.334,7.479,6.77
2025-05-30,23894.288,24184.766,23882.699,24024.777,23901.701,24186.101,23885.334,24032.212,7.435,7.81
2025-06-02,23986.577,24086.899,23734.899,24042.199,23994.012,24094.345,23736.101,24049.623,7.424,7.9
2025-06-03,24042.855,24159.199,23815.755,24149.588,24050.334,24166.512,23817.245,24157.012,7.424,6.1
2025-06-04,24150.099,24345.788,24123.555,24252.066,24157.412,24347.245,24125.201,24259.501,7.435,6.36
2025-06-05,24251.399,24489.788,24179.166,24220.088,24258.701,24491.201,24181.823,24227.534,7.446,7.32
2025-06-06,24221.077,24352.788,24210.399,24302.788,24228.401,24354.101,24211.712,24310.245,7.457,5.64
2025-06-09,24295.099,24313.899,24094.777,24157.877,24302.523,24321.201,24096.101,24165.345,7.468,4.27
2025-06-10,24157.466,24254.588,23951.155,23999.266,24164.912,24258.412,23953.801,24006.601,7.335,5.88
2025-06-11,23998.699,24152.288,23829.188,23841.766,24006.023,24153.723,23831.823,23849.212,7.446,6.65
2025-06-12,23841.366,23887.299,23613.399,23665.077,23848.845,23888.734,23614.723,23672.512,7.435,5.24
2025-06-13,23667.066,23667.066,23284.555,23431.799,23674.501,23674.501,23288.445,23439.212,7.413,7.31
2025-06-16,23460.399,23715.655,23400.555,23427.999,23467.734,23718.312,23404.423,23435.401,7.402,5.58
2025-06-17,23429.255,23558.299,23246.855,23260.955,23436.701,23560.701,23254.301,23268.401,7.446,7.12
2025-06-18,23261.366,23506.266,23257.255,23307.899,23268.812,23507.723,23258.745,23315.201,7.302,6.76
2025-06-19,23308.599,23314.799,23017.655,23118.388,23315.934,23322.212,23020.323,23125.801,7.413,4.26
2025-06-20,23118.977,23487.899,23117.077,23282.277,23126.401,23489.101,23124.501,23289.701,7.424,6.47
2025-06-23,23213.266,23538.455,23075.799,23526.755,23220.745,23545.801,23077.245,23534.212,7.457,6.92
2025-06-24,23526.599,23815.277,23505.555,23703.977,23533.801,23816.745,23509.423,23711.412,7.435,5.4
2025-06-25,23704.677,23754.666,23460.166,23498.055,23712.123,23757.312,23462.812,23505.523,7.468,4.93
2025-06-26,23498.866,23760.255,23488.577,23729.055,23506.323,23767.723,23492.423,23736.545,7.49,4.42
2025-06-27,23729.877,24102.188,23728.499,24075.255,23737.345,24104.823,23735.701,24082.734,7.479,5.17
2025-06-30,24147.899,24173.177,23849.288,23923.399,24155.301,24175.845,23850.601,23930.745,7.346,4.55
2025-07-01,23923.966,23991.699,23631.299,23718.355,23931.423,23995.445,23633.812,23725.823,7.468,5.13
2025-07-02,23719.177,23855.088,23610.799,23816.177,23726.601,23858.912,23612.234,23823.501,7.324,5.18
2025-07-03,23815.599,23950.688,23756.766,23904.088,23822.934,23953.323,23758.101,23911.401,7.313,3.9
2025-07-04,23903.788,23907.577,23700.777,23774.699,23911.201,23911.301,23702.201,23777.323,2.624,3.62
2025-07-07,23829.788,24128.688,23793.566,23987.677,23837.201,24131.323,23797.412,23995.123,7.446,4.35
2025-07-08,23987.266,24277.155,23973.977,24232.077,23994.723,24279.823,23981.434,24239.401,7.324,5.82
2025-07-09,24229.466,24640.988,24196.588,24613.977,24236.945,24648.445,24200.412,24621.412,7.435,5.58
2025-07-10,24613.655,24647.788,24427.677,24474.666,24621.145,24649.234,24430.312,24482.112,7.446,3.85
2025-07-11,24475.499,24475.499,24163.899,24220.266,24482.801,24482.801,24165.201,24227.723,7.457,4.41
2025-07-14,24087.977,24237.799,23966.177,24197.799,24095.401,24240.201,23968.823,24205.245,7.446,3.41
2025-07-15,24198.466,24293.577,23978.166,24011.455,24205.945,24297.445,23985.601,24018.934,7.479,4.04
2025-07-16,24011.999,24209.799,23924.677,24167.999,24019.201,24211.223,23927.334,24175.423,7.424,4.32
2025-07-17,24168.688,24425.588,24156.288,24421.277,24176.145,24433.012,24163.734,24428.601,7.324,3.37
2025-07-18,24420.488,24499.399,24169.155,24197.799,24427.912,24500.712,24171.801,24205.245,7.446,3.58
2025-07-21,24230.499,24331.288,24178.055,24248.066,24237.934,24332.734,24181.901,24255.534,7.468,3.2
2025-07-22,24247.677,24271.755,23915.299,24106.166,24255.001,24279.101,23916.723,24113.601,7.435,4.36
2025-07-23,24106.866,24550.366,24067.255,24515.066,24114.334,24557.845,24074.734,24522.501,7.435,5.0
2025-07-24,24514.399,24566.577,24232.188,24279.188,24521.834,24570.434,24235.945,24286.623,7.435,4.5
2025-07-25,24279.855,24317.399,24061.488,24304.955,24287.345,24320.023,24062.912,24312.434,7.479,3.86
2025-07-28,24388.366,24561.877,23923.888,23986.299,24395.801,24564.512,23926.501,23993.623,7.324,3.97
2025-07-29,23985.488,24311.977,23963.255,24229.377,23992.923,24313.423,23967.134,24236.823,7.446,3.98
2025-07-30,24228.799,24372.666,24132.988,24349.555,24236.123,24380.123,24134.445,24357.023,7.468,4.43
2025-07-31,24348.877,24432.955,23949.899,23976.855,24356.323,24434.445,23957.201,23984.312,7.457,5.05
2025-08-01,23976.099,24027.777,23376.477,23440.988,23983.401,24031.501,23377.923,23448.401,7.413,7.34
2025-08-04,23463.866,23837.388,23460.266,23822.577,23471.312,23844.823,23467.601,23830.045,7.468,3.81
2025-08-05,23821.866,23983.488,23783.966,23845.677,23829.312,23984.901,23785.412,23853.112,7.435,4.25
2025-08-06,23844.977,24038.377,23803.455,23979.855,23852.412,24041.601,23804.912,23987.312,7.457,4.08
2025-08-07,23979.566,24392.988,23903.966,24219.188,23987.023,24394.445,23905.445,24226.601,7.413,5.93
2025-08-08,24219.888,24304.599,24089.766,24220.777,24227.323,24308.445,24091.101,24228.223,7.446,3.58
2025-08-11,24209.066,24283.699,24024.266,24082.188,24216.523,24287.301,24025.701,24089.501,7.313,3.37
2025-08-12,24080.199,24192.577,23941.266,24143.466,24087.401,24196.412,23942.701,24144.0,0.534,3.75
2025-08-13,24142.755,24249.288,24069.666,24211.755,24144.0,24250.701,24072.312,24219.234,7.479,3.3
2025-08-14,24212.488,24436.866,24116.577,24425.155,24219.912,24444.323,24120.401,24432.645,7.49,3.55
2025-08-15,24425.999,24539.255,24325.299,24376.299,24433.412,24540.601,24326.723,24383.712,7.413,3.57
2025-08-18,24408.866,24445.699,24239.799,24364.466,24416.312,24452.212,24241.201,24371.801,7.335,2.84
2025-08-19,24365.188,24443.266,24279.755,24326.388,24372.612,24444.734,24281.212,24333.812,7.424,3.14
2025-08-20,24324.955,24370.899,24208.399,24287.577,24332.445,24372.245,24209.723,24295.012,7.435,3.79
2025-08-21,24287.255,24326.099,24173.777,24303.366,24294.723,24329.901,24175.101,24310.812,7.446,1.48
2025-08-22,24301.899,24449.399,24198.177,24349.899,24309.334,24450.723,24200.801,24357.201,7.302,1.59
2025-08-25,24356.299,24378.799,24213.255,24279.788,24363.601,24379.799,24214.712,24287.245,7.457,2.62
2025-08-26,24279.088,24283.499,24031.799,24218.588,24286.534,24290.834,24033.245,24226.045,7.457,3.63
2025-08-27,24219.266,24250.055,23975.299,24012.755,24226.601,24253.934,23976.734,24020.234,7.479,2.58
2025-08-28,24012.166,24204.788,23970.766,24035.699,24019.645,24206.101,23972.201,24043.112,7.413,3.07
2025-08-29,24034.977,24068.399,23879.299,23932.399,24042.423,24069.745,23880.601,23939.701,7.302,3.5
2025-09-01,23990.799,24049.799,23928.699,24000.099,23998.201,24051.234,23932.434,24007.523,7.424,1.89
2025-09-02,24000.755,24099.588,23475.155,23611.799,24008.223,24103.434,23477.823,23619.101,7.302,5.16
2025-09-03,23610.388,23709.799,23504.255,23592.755,23617.701,23711.234,23505.601,23600.201,7.446,3.74
2025-09-04,23592.355,23839.099,23564.566,23833.899,23599.823,23846.434,23568.423,23841.234,7.335,3.46
2025-09-05,23834.599,23894.699,23547.799,23651.255,23841.945,23898.445,23549.212,23658.701,7.446,5.13
2025-09-08,23685.777,23832.399,23653.266,23808.377,23693.201,23833.745,23654.601,23815.812,7.435,3.47
2025-09-09,23809.699,23860.777,23631.255,23799.899,23817.045,23862.234,23632.745,23807.323,7.424,3.2
2025-09-10,23799.399,23885.299,23583.655,23622.577,23806.601,23886.701,23586.301,23630.012,7.435,3.58
2025-09-11,23621.388,23790.755,23557.399,23754.477,23628.823,23792.234,23558.745,23761.923,7.446,3.84
2025-09-12,23753.877,23794.788,23600.266,23697.288,23761.201,23796.245,23601.712,23704.712,7.424,3.39
2025-09-15,23708.466,23855.777,23655.577,23733.166,23715.945,23857.234,23659.301,23740.601,7.435,3.5
2025-09-16,23732.899,23788.188,23314.299,23399.155,23740.323,23790.834,23315.745,23406.623,7.468,4.22
2025-09-17,23398.688,23473.266,23282.288,23449.388,23406.001,23474.734,23283.723,23456.812,7.424,6.65
2025-09-18,23449.988,23730.855,23395.588,23724.177,23457.423,23738.345,23399.301,23731.623,7.446,5.11
2025-09-19,23724.755,23787.899,23595.766,23648.899,23732.201,23789.245,23597.101,23656.245,7.346,5.25
2025-09-22,23630.799,23687.577,23419.277,23581.499,23638.112,23691.423,23420.601,23588.801,7.302,4.66
2025-09-23,23582.099,23726.755,23497.155,23546.799,23589.423,23728.201,23499.801,23554.123,7.324,4.77
2025-09-24,23546.066,23737.788,23492.766,23707.477,23553.523,23739.212,23494.201,23714.901,7.424,5.26
2025-09-25,23706.877,23732.166,23375.755,23555.966,23714.301,23734.823,23377.101,23563.412,7.446,6.83
2025-09-26,23556.577,23761.288,23528.088,23747.299,23564.012,23764.701,23531.901,23754.745,7.446,5.23
2025-09-29,23772.777,23881.688,23666.977,23754.499,23780.212,23884.345,23668.301,23761.823,7.324,4.73
2025-09-30,23753.799,23952.688,23673.266,23899.099,23761.245,23955.323,23674.745,23906.523,7.424,4.83
2025-10-01,23899.677,24265.677,23739.266,24227.055,23907.112,24268.345,23740.723,24234.523,7.468,5.19
2025-10-02,24227.666,24502.288,24211.266,24474.266,24235.101,24503.723,24218.601,24481.601,7.335,5.28
2025-10-03,24472.988,24539.588,24334.177,24385.288,24480.445,24543.412,24336.834,24392.712,7.424,4.29
2025-10-06,24428.077,24484.766,24259.777,24413.999,24435.534,24486.234,24261.101,24421.345,7.346,4.78
2025-10-07,24413.288,24455.588,24304.766,24357.377,24420.601,24459.423,24306.245,24364.812,7.435,4.08
2025-10-08,24357.988,24647.899,24355.499,24641.877,24365.434,24655.345,24362.701,24649.312,7.435,3.6
2025-10-09,24641.155,24773.299,24548.566,24637.288,24648.501,24774.701,24552.412,24644.745,7.457,4.13
2025-10-10,24637.588,24691.766,24165.155,24171.255,24645.012,24693.223,24167.812,24178.701,7.446,7.58
2025-10-13,24305.766,24449.288,24255.899,24422.299,24313.234,24450.712,24257.212,24429.501,7.202,6.07
2025-10-14,24420.888,24482.055,23981.755,24291.855,24428.334,24485.923,23983.101,24299.323,7.468,8.14
2025-10-15,24292.477,24363.655,24004.666,24145.166,24299.945,24366.334,24007.201,24152.634,7.468,6.09
2025-10-16,24145.477,24287.155,24013.466,24036.877,24152.934,24289.801,24019.301,24044.301,7.424,8.28
2025-10-17,24035.055,24049.266,23675.399,23970.799,24042.501,24056.723,23676.745,23978.201,7.402,9.69
2025-10-20,23969.877,24345.288,23912.077,24335.199,23977.334,24352.723,23915.934,24342.634,7.435,4.64
2025-10-21,24334.866,24383.777,24197.777,24315.688,24342.201,24385.234,24199.234,24323.134,7.446,3.92
2025-10-22,24316.688,24359.299,23949.677,24128.088,24324.001,24361.701,23952.323,24135.401,7.313,6.72
2025-10-23,24127.188,24232.166,24033.777,24218.799,24134.623,24234.823,24035.212,24226.123,7.324,4.94
2025-10-24,24218.988,24304.266,24139.299,24205.788,24226.423,24306.345,24140.601,24213.234,7.446,4.26
2025-10-27,24308.099,24404.566,24186.399,24312.699,24315.523,24408.701,24187.734,24320.001,7.302,3.39
2025-10-28,24313.266,24344.299,24182.255,24247.377,24320.701,24345.712,24183.723,24254.801,7.424,3.56
2025-10-29,24248.099,24321.299,24003.188,24143.099,24255.412,24322.723,24005.823,24150.534,7.435,6.06
2025-10-30,24143.699,24261.055,24028.777,24136.277,24151.001,24264.901,24030.201,24143.745,7.468,7.98
2025-10-31,24136.899,24144.599,23906.677,23963.255,24144.345,24148.445,23909.301,23970.723,7.468,5.74
2025-11-03,24007.999,24250.899,23962.777,24108.255,24015.201,24252.201,23964.201,24115.701,7.446,4.96
2025-11-04,24108.099,24108.099,23670.766,23859.499,24115.423,24115.423,23672.234,23866.834,7.335,6.08
2025-11-05,23858.199,24120.799,23579.077,24112.855,23865.634,24123.345,23582.801,24120.312,7.457,5.52
2025-11-06,24113.499,24113.499,23683.677,23764.399,24120.934,24120.934,23686.345,23771.845,7.446,6.88
2025-11-07,23764.088,23837.766,23451.299,23762.288,23771.512,23839.223,23452.712,23769.734,7.446,7.28
2025-11-10,23830.455,24093.199,23801.055,24091.966,23837.912,24100.634,23808.523,24099.423,7.457,4.63
2025-11-11,24092.299,24194.677,23948.766,24181.855,24099.723,24200.745,23950.212,24189.334,7.479,4.78
2025-11-12,24181.588,24443.788,24180.499,24365.588,24188.901,24445.212,24187.701,24373.034,7.446,5.12
2025-11-13,24365.255,24503.555,23931.188,24062.888,24372.734,24507.412,23933.845,24070.312,7.424,7.72
2025-11-14,24063.155,24118.566,23608.399,23840.255,24070.601,24122.401,23609.745,23847.723,7.468,9.01
2025-11-17,23852.899,23932.755,23352.799,23469.699,23860.334,23934.101,23355.323,23477.001,7.302,7.42
2025-11-18,23470.399,23477.177,23081.777,23206.777,23477.601,23484.601,23083.223,23214.234,7.457,9.89
2025-11-19,23206.177,23380.399,23071.066,23374.999,23213.601,23384.834,23074.934,23382.301,7.302,7.78
2025-11-20,23374.299,23513.766,22897.166,22961.188,23381.601,23515.234,22904.645,22968.645,7.457,9.84
2025-11-21,22960.855,23301.177,22929.577,23220.799,22968.334,23303.801,22933.401,23228.212,7.413,11.39
2025-11-24,23287.599,23394.288,23144.399,23238.188,23295.012,23395.701,23145.723,23245.601,7.413,7.23
2025-11-25,23237.566,23580.177,23135.255,23563.777,23244.901,23583.912,23136.723,23571.223,7.446,7.13
2025-11-26,23563.977,23762.799,23444.288,23741.677,23571.412,23765.301,23445.745,23749.112,7.435,5.28
2025-11-27,23741.355,23836.899,23691.699,23787.566,23748.812,23838.223,23694.323,23795.001,7.435,2.83
2025-11-28,23788.188,23887.299,23715.777,23837.255,23795.645,23888.745,23717.223,23844.734,7.479,2.65
2025-12-01,23844.099,23846.777,23426.766,23554.377,23851.534,23854.223,23428.234,23561.701,7.324,6.19
2025-12-02,23554.655,23795.788,23546.299,23739.855,23562.001,23797.245,23553.745,23747.334,7.479,5.53
2025-12-03,23740.155,23842.255,23640.255,23775.788,23747.645,23843.712,23641.723,23783.223,7.435,4.94
2025-12-04,23775.477,23930.899,23758.599,23876.788,23782.901,23932.245,23762.301,23884.101,7.313,4.86
2025-12-05,23875.566,24131.766,23871.755,24027.899,23882.901,24133.234,23877.801,24035.223,7.324,4.32
2025-12-08,24040.188,24117.899,23987.777,24044.555,24047.623,24119.234,23989.101,24052.012,7.457,4.2
2025-12-09,24044.255,24188.288,24028.788,24119.955,24051.701,24189.601,24034.801,24127.401,7.446,4.35
2025-12-10,24119.666,24226.688,23996.277,24179.277,24127.101,24229.201,23997.734,24186.701,7.424,5.82
2025-12-11,24179.555,24383.188,23971.088,24354.066,24187.045,24385.845,23974.901,24361.545,7.479,6.08
2025-12-12,24353.177,24474.899,24155.655,24231.755,24360.645,24476.245,24158.201,24239.223,7.468,6.1
2025-12-15,24239.966,24332.788,24151.799,24174.699,24247.434,24334.223,24154.345,24182.001,7.302,5.64
2025-12-16,24174.299,24198.199,24000.299,24102.999,24181.701,24201.934,24002.823,24110.345,7.346,6.64
2025-12-17,24102.288,24186.899,23877.655,23888.577,24109.601,24188.212,23880.201,23896.001,7.424,6.58
2025-12-18,23889.199,24225.799,23853.577,24144.566,23896.601,24228.345,23857.301,24152.045,7.479,5.69
2025-12-19,24143.966,24338.177,24096.566,24270.255,24151.412,24340.812,24100.423,24277.712,7.457,4.96
2025-12-22,24323.388,24358.399,24199.299,24293.599,24330.801,24359.745,24200.723,24300.912,7.313,3.97
2025-12-23,24294.088,24363.288,24252.277,24318.388,24301.501,24364.601,24253.701,24326.634,8.246,3.26
2025-12-24,24319.266,24386.399,24312.299,24364.699,24327.545,24394.523,24320.534,24372.823,8.124,0.1
2025-12-25,24371.877,24387.599,24368.277,24375.788,24380.134,24395.701,24376.523,24384.034,8.246,0.02
2025-12-26,24375.499,24400.566,24343.355,24368.399,24383.745,24408.801,24351.601,24376.501,8.102,0.17
2025-12-29,24372.477,24429.199,24248.755,24347.866,24380.723,24431.834,24250.101,24355.201,7.335,4.27
2025-12-30,24348.477,24642.799,24319.766,24562.988,24355.901,24644.245,24321.212,24571.101,8.113,3.18
2025-12-31,24562.577,24606.688,24488.488,24489.066,24570.812,24614.934,24496.701,24497.334,8.268,0.21
2026-01-01,24489.066,24519.699,24489.066,24514.799,24497.334,24527.823,24497.334,24523.023,8.224,0.01
2026-01-02,24514.155,24680.288,24446.755,24555.255,24522.301,24681.712,24448.245,24562.734,7.479,6.79
2026-01-05,24565.166,24881.666,24557.866,24852.399,24572.601,24884.345,24565.334,24859.701,7.302,5.35
2026-01-06,24852.966,24982.799,24831.755,24957.499,24860.445,24985.301,24833.223,24964.801,7.302,4.28
2026-01-07,24958.688,25151.299,24937.555,25108.099,24966.123,25153.823,24941.401,25115.512,7.413,4.76
2026-01-08,25107.899,25221.255,25006.588,25175.299,25115.223,25222.701,25010.401,25182.734,7.435,5.16
2026-01-09,25175.099,25281.299,25103.288,25275.799,25182.401,25285.712,25104.601,25283.245,7.446,4.67
2026-01-12,25262.399,25455.399,25201.677,25419.266,25269.723,25462.734,25204.201,25426.601,7.335,3.38
2026-01-13,25418.699,25511.399,25337.266,25377.655,25426.045,25512.734,25338.601,25385.123,7.468,4.22
2026-01-14,25377.355,25461.288,25218.655,25296.466,25384.812,25462.745,25221.334,25303.934,7.468,4.94
2026-01-15,25296.199,25390.588,25233.788,25267.688,25303.501,25394.434,25235.234,25275.101,7.413,3.65
2026-01-16,25268.266,25349.399,25200.255,25319.899,25275.712,25350.745,25201.712,25327.201,7.302,3.69
2026-01-19,25105.877,25107.199,24906.788,24936.399,25113.323,25114.501,24908.212,24943.712,7.313,4.66
2026-01-20,24936.899,24937.499,24504.266,24582.399,24944.334,24944.912,24505.712,24589.801,7.402,7.74
2026-01-21,24582.799,24904.099,24346.266,24884.066,24590.112,24911.301,24347.723,24891.501,7.435,7.71
2026-01-22,24885.355,24945.066,24769.755,24812.766,24892.701,24948.912,24771.223,24820.101,7.335,4.55
2026-01-23,24812.055,24932.799,24793.766,24883.755,24819.523,24934.223,24795.234,24891.223,7.468,4.36
2026-01-26,24773.577,24986.788,24734.066,24932.388,24781.001,24988.201,24737.912,24939.812,7.424,3.71
2026-01-27,24932.655,25017.199,24843.366,24867.566,24940.001,25019.845,24847.712,24875.045,7.479,3.73
2026-01-28,24868.166,24946.099,24706.266,24834.677,24875.623,24949.923,24707.723,24842.145,7.468,6.59
2026-01-29,24834.099,24919.555,24263.755,24458.888,24841.401,24923.423,24265.212,24466.334,7.446,8.64
2026-01-30,24459.477,24585.799,24308.788,24490.255,24466.901,24587.234,24310.101,24497.601,7.346,6.58
2026-02-02,24461.777,24895.199,24204.588,24878.999,24469.245,24902.645,24208.445,24886.301,7.302,5.66
2026-02-03,24878.266,25099.899,24618.688,24748.188,24885.723,25101.223,24621.301,24755.645,7.457,7.3
2026-02-04,24748.455,24876.299,24516.299,24638.177,24755.934,24877.723,24518.801,24645.645,7.468,7.75
2026-02-05,24638.455,24718.699,24278.255,24355.377,24645.934,24722.445,24279.712,24362.823,7.446,12.46
2026-02-06,24355.199,24781.188,24197.788,24774.399,24362.401,24786.212,24205.212,24781.734,7.335,9.16
2026-02-09,24844.099,25048.299,24710.777,25018.299,24851.401,25055.645,24712.223,25025.745,7.446,5.33
2026-02-10,25017.966,25084.277,24933.766,25030.188,25025.423,25085.734,24935.223,25037.612,7.424,6.26
2026-02-11,25030.466,25045.699,24828.766,24899.466,25037.945,25049.434,24830.223,24906.801,7.335,8.01
2026-02-12,24899.199,25237.788,24809.166,24907.599,24906.501,25239.234,24811.701,24914.901,7.302,8.87
2026-02-13,24906.577,24983.177,24745.277,24905.288,24914.023,24985.701,24746.723,24912.712,7.424,10.79
2026-02-16,24934.788,25018.288,24785.166,24859.377,24942.212,25019.734,24787.701,24866.812,7.435,4.14
2026-02-17,24859.777,25051.666,24675.088,24995.888,24867.101,25054.312,24678.901,25003.312,7.424,7.56
2026-02-18,24996.588,25318.766,24994.488,25229.177,25003.901,25320.245,25001.912,25236.634,7.457,4.5
2026-02-19,25229.888,25270.577,24971.155,25028.855,25237.345,25274.434,24973.823,25036.345,7.49,6.41
2026-02-20,25029.277,25338.399,25000.255,25237.266,25036.601,25339.734,25001.601,25244.601,7.335,7.22
2026-02-23,25181.088,25196.899,24932.666,24988.277,25188.512,25198.245,24935.301,24995.701,7.424,6.35
2026-02-24,24987.888,25091.399,24877.288,25036.199,24995.312,25092.601,24878.701,25043.534,7.335,7.3
2026-02-25,25035.355,25220.888,24988.766,25169.199,25042.834,25228.201,24990.234,25176.623,7.424,5.71
2026-02-26,25168.455,25352.299,25087.266,25264.188,25175.901,25354.845,25088.601,25271.612,7.424,8.6
2026-02-27,25263.299,25406.777,25148.266,25166.288,25270.612,25408.201,25153.812,25173.734,7.446,10.06
2026-03-02,24959.499,25012.599,24560.455,24576.888,24969.701,25016.423,24567.912,24584.312,7.424,13.74
2026-03-03,24577.577,24658.066,23591.266,23977.999,24585.001,24661.912,23592.745,23985.412,7.413,16.06
2026-03-04,23978.288,24300.888,23707.066,24291.255,23985.601,24308.334,23710.945,24298.601,7.346,14.1
2026-03-05,24290.988,24369.799,23674.155,23861.577,24298.445,24371.234,23676.823,23869.001,7.424,14.73
2026-03-06,23862.099,24031.766,23338.799,23641.266,23869.445,24033.101,23340.101,23648.745,7.479,15.71
2026-03-09,23188.288,23948.699,22706.588,23709.299,23195.745,23951.201,22710.301,23716.712,7.413,17.16
2026-03-10,23710.099,24106.188,23517.699,23809.999,23717.434,24108.823,23521.423,23817.445,7.446,10.54
2026-03-11,23812.255,23993.555,23393.055,23447.399,23819.745,23997.401,23400.401,23454.701,7.302,8.97
2026-03-12,23447.677,23705.788,23250.577,23503.899,23455.112,23707.234,23254.423,23511.312,7.413,9.87
2026-03-13,23502.599,23767.266,23287.777,23325.766,23510.034,23768.701,23289.234,23333.223,7.457,9.7
2026-03-16,23414.777,23703.788,23331.399,23620.666,23422.212,23705.201,23332.601,23628.123,7.457,7.86
2026-03-17,23620.999,23823.788,23409.088,23676.277,23628.434,23825.223,23412.945,23683.712,7.435,6.84
2026-03-18,23675.588,23959.766,23116.166,23161.899,23683.045,23961.223,23118.812,23169.201,7.302,8.56
2026-03-19,23163.199,23274.577,22726.799,23012.755,23170.634,23278.445,22729.312,23020.223,7.468,10.12
2026-03-20,23013.066,23176.299,22087.166,22208.399,23020.512,23177.701,22089.801,22215.701,7.302,13.39
2026-03-23,21968.455,23282.766,21859.777,22828.988,21975.801,23284.101,21861.201,22836.423,7.435,17.4
2026-03-24,22827.688,22934.799,22344.766,22867.499,22835.134,22937.301,22346.201,22874.812,7.313,16.23
2026-03-25,22866.799,23083.777,22804.177,22870.488,22874.223,23085.101,22806.812,22877.901,7.413,12.67
2026-03-26,22871.399,22914.555,22505.188,22676.255,22878.801,22918.423,22507.823,22683.745,7.49,9.72
2026-03-27,22676.899,22778.599,22091.788,22099.799,22684.301,22782.445,22099.201,22107.234,7.435,12.29
2026-03-30,21964.999,22625.299,21931.388,22363.999,21972.445,22627.834,21937.623,22371.312,7.313,12.51
2026-03-31,22364.299,23079.577,22290.655,23074.288,22371.734,23087.034,22295.412,23081.734,7.446,15.52
2026-04-01,23072.977,23397.255,23014.188,23293.788,23080.434,23398.712,23018.801,23301.223,7.435,12.38
2026-04-02,23294.299,23349.666,22669.788,23203.099,23301.612,23354.412,22671.245,23211.345,8.246,9.78
2026-04-06,23060.088,23352.977,23057.755,23295.199,23068.312,23361.223,23065.901,23303.434,8.235,0.89
2026-04-07,23291.877,23833.788,22835.299,23776.877,23300.134,23844.034,22836.734,23787.134,10.257,13.11
2026-04-08,23775.199,24246.666,23750.466,23984.466,23785.412,24249.323,23760.701,23991.934,7.468,11.37
2026-04-09,23985.166,24005.799,23669.255,23866.899,23992.501,24007.201,23670.723,23874.101,7.202,9.84
2026-04-10,23867.099,24043.747,23709.177,23786.255,23874.523,24046.084,23711.812,23793.712,7.457,38.53
2026-04-13,23441.455,23992.366,23419.266,23976.277,23448.912,23999.701,23426.734,23983.712,7.435,7.04
2026-04-14,23975.699,24094.299,23863.188,24071.599,23983.045,24095.601,23867.923,24078.901,7.302,6.79
2026-04-15,24070.977,24146.266,23978.166,24112.677,24078.445,24147.734,23982.934,24120.123,7.446,6.98
2026-04-16,24112.988,24258.277,24049.655,24139.055,24120.301,24259.734,24052.345,24146.545,7.49,6.86
2026-04-17,24139.799,24797.399,24097.766,24638.899,24147.134,24798.712,24105.201,24646.223,7.324,8.94
2026-04-20,24392.855,24518.077,24286.766,24501.566,24400.201,24525.523,24288.101,24509.012,7.446,9.3
2026-04-21,24502.166,24609.788,24022.199,24202.199,24509.601,24611.101,24024.701,24209.523,7.324,10.08
2026-04-22,24202.688,24392.755,24130.666,24184.088,24210.123,24394.245,24133.201,24191.523,7.435,15.03
2026-04-23,24184.599,24257.188,23837.677,24196.955,24191.801,24259.845,23840.201,24204.301,7.346,22.04
2026-04-24,24198.288,24335.777,23990.755,24258.766,24205.712,24337.245,23992.212,24266.201,7.435,18.93
2026-04-27,24159.299,24382.399,24045.755,24129.499,24166.745,24383.745,24047.201,24136.912,7.413,15.14
2026-04-28,24130.466,24166.699,23890.255,24017.666,24137.945,24171.301,23891.745,24025.101,7.435,19.9
2026-04-29,24018.055,24121.155,23750.988,23871.955,24025.534,24123.701,23758.412,23879.412,7.457,19.24
2026-04-30,23872.255,24337.899,23611.688,24317.799,23879.601,24346.123,23614.312,24325.801,8.002,21.85
2026-05-01,24319.699,24481.988,24285.788,24308.666,24327.834,24490.201,24294.001,24316.901,8.235,0.43
2026-05-04,24322.988,24402.999,23845.855,23909.855,24331.201,24404.445,23848.545,23917.201,7.346,19.59
2026-05-05,23910.166,24552.499,23876.999,24541.355,23917.645,24559.823,23881.601,24548.812,7.457,18.02
2026-05-06,24541.966,25154.999,24488.855,24924.399,24549.423,25156.434,24493.623,24931.823,7.424,19.15
2026-05-07,24923.799,25016.455,24368.155,24436.299,24931.112,25017.923,24375.501,24443.612,7.313,17.33
2026-05-08,24439.966,24515.499,24274.399,24401.988,24447.401,24516.901,24277.001,24409.423,7.435,13.77
2026-05-11,24322.588,24368.499,24197.977,24291.666,24330.001,24369.923,24199.301,24299.101,7.435,15.1
2026-05-12,24290.366,24290.366,23926.499,24002.077,24297.823,24297.823,23927.901,24009.401,7.324,18.42
2026-05-13,24001.499,24277.999,23992.477,24273.288,24008.945,24285.345,23999.934,24280.701,7.413,17.21
2026-05-14,24272.699,24494.988,24185.888,24321.555,24280.134,24496.412,24190.623,24329.045,7.49,16.2
2026-05-15,24321.877,24347.599,23859.499,23902.499,24329.312,24354.934,23862.023,23909.801,7.302,23.26
2026-05-18,23815.199,24435.966,23630.999,24397.688,23822.401,24440.101,23633.501,24405.001,7.313,25.13
2026-05-19,24398.299,24695.977,24192.388,24361.466,24405.723,24697.445,24197.101,24368.912,7.446,21.86
2026-05-20,24361.099,24889.466,24157.499,24698.588,24368.534,24890.912,24162.101,24705.901,7.313,18.2
2026-05-21,24698.177,24919.366,24529.455,24886.755,24705.501,24922.023,24530.901,24894.101,7.346,21.81
2026-05-22,24887.199,24944.599,24671.966,24798.988,24894.401,24945.923,24673.434,24806.401,7.413,15.37
2026-05-25,25003.277,25443.955,24997.077,25334.355,25010.734,25445.401,25004.401,25341.845,7.49,7.05
2026-05-26,25335.088,25377.366,25163.388,25259.688,25342.512,25380.801,25166.023,25267.123,7.435,12.92
2026-05-27,25259.088,25395.099,25118.488,25175.588,25266.401,25396.445,25119.912,25183.001,7.413,14.77
2026-05-28,25175.866,25245.499,24907.366,25108.599,25183.323,25246.923,24912.112,25116.045,7.446,11.61
2026-05-29,25107.266,25209.477,25027.866,25049.955,25114.712,25210.901,25030.545,25057.301,7.346,10.2
2026-06-01,25086.899,25303.099,24897.099,25007.588,25094.212,25304.434,24898.301,25015.034,7.446,11.96
2026-06-02,25006.999,25363.499,24977.899,25098.499,25014.423,25364.945,24982.623,25105.812,7.313,16.36
2026-06-03,25098.999,25121.999,24650.888,24663.677,25106.401,25126.612,24658.201,24671.145,7.468,17.44
2026-06-04,24659.399,25008.099,24657.566,24838.799,24666.823,25009.445,24665.023,24846.101,7.302,16.84
2026-06-05,24839.366,25029.499,24503.055,24569.199,24846.845,25030.923,24505.723,24576.612,7.413,21.79
2026-06-08,24551.266,24742.166,24331.599,24569.966,24558.734,24743.601,24334.245,24577.434,7.468,24.29
2026-06-09,24569.399,24821.155,24229.699,24465.188,24576.701,24822.601,24232.223,24472.501,7.313,23.4
2026-06-10,24467.077,24539.566,23947.088,23984.877,24474.523,24544.334,23954.545,23992.323,7.446,27.93
2026-06-11,23986.177,24664.499,23965.699,24659.688,23993.601,24671.923,23970.412,24667.112,7.424,25.37
2026-06-12,24658.466,24758.399,24413.255,24668.899,24665.923,24759.723,24414.734,24676.234,7.335,22.78
2026-06-15,24947.088,25089.799,24797.655,24821.999,24952.713,25092.234,24799.924,24829.423,7.424,591.77
2026-06-16,24821.066,25110.899,24744.355,24786.599,24828.545,25112.245,24751.701,24794.001,7.402,272.88
2026-06-17,24787.166,24979.788,24758.777,24937.399,24794.501,24983.592,24760.245,24947.524,10.125,424.43
2026-06-18,24938.699,25094.688,24829.188,25054.355,24947.546,25102.145,24833.934,25063.046,8.691,674.91
2026-06-19,25053.755,25173.288,24890.299,24993.788,25062.224,25174.701,24894.796,24995.32,1.532,261.64
2026-06-22,24861.299,25179.399,24857.377,25052.687,24862.813,25180.745,24859.624,25059.501,6.814,364.98
2026-06-23,25052.698,25099.05,24725.788,24932.998,25059.034,25104.434,24727.201,24940.201,7.203,466.98
2026-06-24,24932.976,24972.399,24589.266,24753.577,24939.812,24979.834,24590.734,24760.901,7.324,309.42
2026-06-25,24755.155,25092.399,24684.199,24941.288,24762.601,25094.234,24688.934,24948.734,7.446,244.83
2026-06-26,24941.699,24986.288,24547.584,24633.555,24949.034,24993.223,24549.712,24637.625,4.07,703.57
2026-06-29,24743.966,24797.799,24559.266,24727.688,24749.202,24800.0,24560.31,24735.123,7.435,615.45
2026-06-30,24727.377,25041.728,24674.166,25005.166,24734.823,25045.025,24678.801,25013.724,8.558,654.05
2026-07-01,25005.599,25094.968,24884.335,25037.387,25012.802,25097.216,24886.672,25044.734,7.347,770.05
2026-07-02,25037.787,25662.657,24964.867,25642.599,25044.745,25664.935,24966.601,25649.945,7.346,566.57
2026-07-03,25642.799,25831.645,25599.155,25807.199,25650.234,25833.201,25603.452,25809.812,2.613,264.59
2026-07-06,25848.298,25903.899,25693.766,25793.499,25856.234,25905.245,25695.855,25798.613,5.114,639.12
2026-07-07,25791.455,25819.299,25404.855,25407.355,25798.502,25823.901,25410.502,25414.024,6.669,567.81
2026-07-08,25406.455,25529.166,24824.788,25016.787,25413.801,25533.912,24826.212,25021.912,5.125,689.43
2026-07-09,25016.754,25141.288,24862.899,25117.827,25022.612,25145.203,24864.015,25124.712,6.885,843.78
2026-07-10,25119.166,25197.352,24933.638,25107.16,25126.623,25198.526,24935.964,25108.723,1.563,551.88
2026-07-13,24995.455,25156.299,24770.655,24959.966,25002.912,25157.701,24772.95,24967.423,7.457,715.4
2026-07-14,24961.288,25221.308,24784.155,25087.999,24968.712,25223.623,24788.801,25092.623,4.624,858.31
2026-07-15,25091.088,25140.677,24831.966,24999.088,25095.701,25143.301,24833.101,25003.745,4.657,15.42
2026-07-16,24998.477,25067.677,24690.799,24822.399,25003.123,25070.001,24691.601,24826.745,4.346,18.11
2026-07-17,24823.066,24880.199,24608.655,24826.666,24827.701,24881.812,24611.334,24831.312,4.646,15.88
2026-07-20,24854.355,24976.466,24662.199,24703.788,24859.012,24977.601,24666.512,24708.401,4.613,14.68
2026-07-21,24702.788,25077.199,24667.655,25059.888,24707.423,25080.334,24672.312,25064.523,4.635,11.98
2026-07-22,25061.166,25269.955,24955.155,25137.566,25065.823,25271.101,24956.801,25142.212,4.646,13.75
