date,bid_open,bid_high,bid_low,bid_close,ask_open,ask_high,ask_low,ask_close,spread_close,volume
2014-01-01,1.37553,1.3772,1.3739,1.37653,1.37637,1.37754,1.37422,1.37667,0.00014,2724.89
2014-01-02,1.37653,1.37746,1.36294,1.36653,1.37667,1.37755,1.36299,1.36656,3e-05,199117.53
2014-01-03,1.36653,1.36719,1.3582,1.35874,1.36656,1.36725,1.35826,1.359,0.00026,193632.84
2014-01-06,1.35957,1.36527,1.35715,1.36296,1.35958,1.36536,1.35717,1.36299,3e-05,189223.73
2014-01-07,1.36297,1.36562,1.35965,1.3617,1.363,1.3657,1.35971,1.36174,4e-05,204173.11
2014-01-08,1.3617,1.3635,1.35529,1.35715,1.36173,1.36353,1.35538,1.35717,2e-05,209302.75
2014-01-09,1.35714,1.3633,1.3548,1.36062,1.35718,1.36337,1.35489,1.36066,4e-05,221843.59
2014-01-10,1.36062,1.36869,1.3571,1.36661,1.36065,1.36876,1.35749,1.3673,0.00069,195201.91
2014-01-13,1.36719,1.36847,1.3637,1.36686,1.36722,1.36851,1.36377,1.36691,5e-05,179419.11
2014-01-14,1.36684,1.36993,1.3649,1.36671,1.3669,1.37,1.36492,1.36673,2e-05,177116.48
2014-01-15,1.3667,1.36731,1.35814,1.35995,1.36673,1.36736,1.35817,1.35998,3e-05,178873.52
2014-01-16,1.35994,1.36493,1.3583,1.36154,1.35996,1.36501,1.35834,1.36161,7e-05,176183.08
2014-01-17,1.36153,1.36209,1.35169,1.35389,1.36158,1.36215,1.35173,1.35422,0.00033,163132.16
2014-01-20,1.35272,1.35679,1.35075,1.35459,1.35274,1.35681,1.35081,1.35463,4e-05,120202.37
2014-01-21,1.35457,1.35687,1.35164,1.35572,1.35462,1.3569,1.35167,1.35577,5e-05,176772.09
2014-01-22,1.35571,1.35835,1.35345,1.35439,1.35576,1.35838,1.35348,1.35442,3e-05,169664.3
2014-01-23,1.35439,1.36983,1.35303,1.36882,1.35443,1.36986,1.35305,1.36884,2e-05,248787.52
2014-01-24,1.36882,1.37394,1.36627,1.36737,1.36883,1.37395,1.36629,1.36803,0.00066,216233.19
2014-01-27,1.36868,1.37166,1.36531,1.36741,1.3687,1.37167,1.36533,1.36745,4e-05,193342.31
2014-01-28,1.36741,1.36885,1.3629,1.3654,1.36744,1.36886,1.36294,1.36543,3e-05,171590.88
2014-01-29,1.36538,1.36846,1.3603,1.36574,1.36543,1.36849,1.36032,1.36579,5e-05,224702.94
2014-01-30,1.36572,1.36624,1.35434,1.35574,1.36576,1.36628,1.35437,1.35578,4e-05,234697.06
2014-01-31,1.35575,1.35728,1.3479,1.34827,1.35578,1.35735,1.34793,1.349,0.00073,240687.66
2014-02-03,1.34873,1.35354,1.34772,1.35226,1.34875,1.35357,1.34774,1.35229,3e-05,230509.77
2014-02-04,1.35226,1.35385,1.34934,1.35159,1.3523,1.35388,1.34936,1.35161,2e-05,201621.27
2014-02-05,1.35156,1.35554,1.3499,1.35337,1.3516,1.35557,1.34991,1.3534,3e-05,213095.45
2014-02-06,1.35338,1.36188,1.3482,1.35917,1.35341,1.3619,1.34833,1.3592,3e-05,223807.78
2014-02-07,1.35916,1.36424,1.35519,1.36342,1.35919,1.36437,1.35521,1.36363,0.00021,193127.05
2014-02-10,1.36185,1.36514,1.36184,1.36451,1.36189,1.36515,1.36188,1.36456,5e-05,143303.62
2014-02-11,1.36451,1.36829,1.36295,1.36366,1.36456,1.36832,1.36297,1.36371,5e-05,182680.5
2014-02-12,1.36366,1.36527,1.35623,1.35877,1.3637,1.36529,1.35624,1.35881,4e-05,197226.83
2014-02-13,1.35876,1.36918,1.35855,1.36759,1.3588,1.36921,1.3586,1.36765,6e-05,202744.2
2014-02-14,1.36759,1.37147,1.36736,1.36914,1.36763,1.37149,1.36738,1.36939,0.00025,168199.92
2014-02-17,1.37041,1.3724,1.36921,1.37038,1.37044,1.37243,1.36922,1.3704,2e-05,114561.54
2014-02-18,1.37036,1.37704,1.36946,1.37603,1.37039,1.37706,1.36948,1.37607,4e-05,181482.62
2014-02-19,1.37603,1.37731,1.37244,1.37293,1.37607,1.37733,1.37248,1.37297,4e-05,155350.69
2014-02-20,1.37293,1.37625,1.36855,1.37205,1.37297,1.37626,1.36858,1.37209,4e-05,147077.02
2014-02-21,1.37205,1.37586,1.3702,1.37375,1.37208,1.37588,1.37022,1.37403,0.00028,116097.39
2014-02-24,1.37376,1.3771,1.37084,1.37345,1.3738,1.37727,1.37085,1.3735,5e-05,120817.1
2014-02-25,1.37345,1.37671,1.37155,1.37458,1.3735,1.37672,1.37157,1.3746,2e-05,136327.23
2014-02-26,1.37457,1.37571,1.36617,1.36809,1.3746,1.37573,1.36619,1.3681,1e-05,151360.94
2014-02-27,1.36808,1.37268,1.36432,1.37061,1.36812,1.37269,1.36433,1.37067,6e-05,147824.34
2014-02-28,1.37064,1.38248,1.36941,1.3799,1.37067,1.3825,1.36943,1.38042,0.00052,176251.66
2014-03-03,1.37741,1.37926,1.37263,1.37355,1.37745,1.37928,1.37264,1.37357,2e-05,130624.76
2014-03-04,1.37355,1.37815,1.37208,1.37419,1.37356,1.3782,1.37211,1.37421,2e-05,124944.41
2014-03-05,1.37415,1.37488,1.37075,1.37314,1.37421,1.37493,1.37077,1.37318,4e-05,118258.12
2014-03-06,1.37314,1.38729,1.37212,1.38633,1.37318,1.38732,1.37216,1.38637,4e-05,163455.83
2014-03-07,1.38633,1.3915,1.38521,1.38753,1.38637,1.39152,1.38523,1.3879,0.00037,141384.98
2014-03-10,1.38772,1.38978,1.38616,1.38759,1.38777,1.3898,1.38618,1.38762,3e-05,105023.1
2014-03-11,1.3876,1.38766,1.38338,1.38563,1.38763,1.38767,1.3834,1.38566,3e-05,123617.06
2014-03-12,1.38563,1.39142,1.38433,1.39023,1.38567,1.39146,1.38435,1.39027,4e-05,144347.8
2014-03-13,1.39023,1.39667,1.38456,1.3865,1.39027,1.3967,1.38458,1.38652,2e-05,210937.89
2014-03-14,1.38649,1.39372,1.38476,1.39059,1.38652,1.39377,1.38479,1.39149,0.0009,152332.94
2014-03-17,1.39091,1.39475,1.38791,1.39253,1.39094,1.39478,1.38793,1.39255,2e-05,119658.67
2014-03-18,1.39251,1.39425,1.38799,1.39292,1.39254,1.39427,1.38801,1.39296,4e-05,139982.45
2014-03-19,1.39293,1.39324,1.38097,1.38181,1.39295,1.39325,1.381,1.38183,2e-05,148508.56
2014-03-20,1.3818,1.38448,1.37494,1.37786,1.38183,1.38449,1.37495,1.37789,3e-05,152361.36
2014-03-21,1.37787,1.38106,1.37657,1.37915,1.37789,1.38108,1.37659,1.3796,0.00045,114199.04
2014-03-24,1.37968,1.38754,1.37604,1.38362,1.37969,1.38761,1.37606,1.38366,4e-05,132822.92
2014-03-25,1.38364,1.38469,1.37491,1.38199,1.38366,1.38472,1.37496,1.38201,2e-05,164939.44
2014-03-26,1.382,1.38233,1.37766,1.37856,1.38201,1.38234,1.37768,1.37858,2e-05,157953.84
2014-03-27,1.37855,1.37968,1.37286,1.37405,1.37858,1.37971,1.3729,1.37408,3e-05,148441.95
2014-03-28,1.37406,1.3773,1.37048,1.37491,1.37409,1.37732,1.37051,1.37521,0.0003,120842.73
2014-03-31,1.3753,1.38067,1.37216,1.37739,1.37533,1.38084,1.37234,1.37742,3e-05,119090.51
2014-04-01,1.37739,1.38155,1.37692,1.37933,1.37742,1.38156,1.37694,1.37937,4e-05,94038.29
2014-04-02,1.37933,1.38202,1.37532,1.37665,1.37937,1.38204,1.37533,1.37669,4e-05,96886.14
2014-04-03,1.37666,1.38064,1.36982,1.37227,1.3767,1.38069,1.36985,1.3723,3e-05,147319.14
2014-04-04,1.37227,1.37308,1.36728,1.37016,1.3723,1.37311,1.3673,1.3705,0.00034,135092.83
2014-04-07,1.37036,1.37486,1.36972,1.3742,1.37039,1.37488,1.36974,1.37422,2e-05,101004.91
2014-04-08,1.3742,1.38115,1.37374,1.37929,1.37421,1.38117,1.37375,1.3793,1e-05,134065.5
2014-04-09,1.3793,1.38619,1.37799,1.38523,1.37931,1.38623,1.37801,1.38526,3e-05,142058.66
2014-04-10,1.38523,1.3899,1.3836,1.38865,1.38525,1.38992,1.38362,1.38868,3e-05,140826.97
2014-04-11,1.38866,1.39056,1.38635,1.38843,1.38868,1.39059,1.38636,1.3886,0.00017,122176.17
2014-04-14,1.38471,1.3863,1.38081,1.38155,1.38474,1.38633,1.38084,1.38156,1e-05,119526.69
2014-04-15,1.38153,1.38331,1.37903,1.3811,1.38155,1.38335,1.37907,1.38112,2e-05,122386.13
2014-04-16,1.38111,1.38508,1.38037,1.38237,1.38113,1.38513,1.3804,1.3824,3e-05,119833.11
2014-04-17,1.38236,1.38645,1.38105,1.38105,1.3824,1.38646,1.38108,1.38109,4e-05,105610.82
2014-04-18,1.38105,1.38223,1.38077,1.38077,1.3811,1.38226,1.38087,1.38165,0.00088,25516.35
2014-04-21,1.38142,1.38304,1.37871,1.37916,1.38145,1.38307,1.37874,1.37918,2e-05,46137.01
2014-04-22,1.37916,1.38248,1.3785,1.38069,1.37917,1.38249,1.37852,1.38072,3e-05,96930.26
2014-04-23,1.3807,1.38546,1.38003,1.3817,1.38073,1.3855,1.38005,1.38173,3e-05,133030.53
2014-04-24,1.3817,1.38429,1.37914,1.38303,1.38173,1.38433,1.37917,1.38307,4e-05,125642.72
2014-04-25,1.38304,1.38482,1.38267,1.38329,1.38307,1.38484,1.38271,1.38351,0.00022,96486.83
2014-04-28,1.38389,1.38794,1.38147,1.38518,1.38391,1.38796,1.38149,1.38522,4e-05,131037.95
2014-04-29,1.38518,1.38791,1.38055,1.3813,1.38522,1.38793,1.38058,1.38131,1e-05,156695.69
2014-04-30,1.38129,1.38765,1.3775,1.38679,1.38131,1.38769,1.37762,1.38682,3e-05,194255.38
2014-05-01,1.3868,1.38892,1.38628,1.38699,1.38683,1.38893,1.3863,1.38701,2e-05,108122.56
2014-05-02,1.38698,1.38813,1.38122,1.38706,1.387,1.38816,1.38125,1.38745,0.00039,165025.58
2014-05-05,1.38716,1.3886,1.38645,1.38746,1.3872,1.38863,1.38648,1.38748,2e-05,121529.76
2014-05-06,1.38746,1.39512,1.38721,1.39291,1.38749,1.39513,1.38724,1.39293,2e-05,151786.7
2014-05-07,1.39291,1.39385,1.39092,1.39105,1.39294,1.3939,1.39093,1.39107,2e-05,162509.06
2014-05-08,1.39105,1.39933,1.38331,1.38425,1.39106,1.39936,1.38335,1.38427,2e-05,223628.5
2014-05-09,1.38427,1.38437,1.37451,1.37553,1.3843,1.38439,1.37453,1.37587,0.00034,191745.95
2014-05-12,1.37603,1.37748,1.37494,1.37554,1.37607,1.3775,1.37495,1.37556,2e-05,132364.41
2014-05-13,1.37555,1.37714,1.36891,1.37078,1.37557,1.37717,1.36893,1.3708,2e-05,193907.39
2014-05-14,1.37077,1.37308,1.36979,1.37176,1.3708,1.3731,1.36981,1.37178,2e-05,169154.03
2014-05-15,1.37175,1.37322,1.36484,1.37169,1.37178,1.37324,1.36486,1.37172,3e-05,201896.48
2014-05-16,1.37169,1.37268,1.36853,1.36922,1.37171,1.3727,1.36855,1.3698,0.00058,135192.56
2014-05-19,1.37029,1.37341,1.36986,1.37124,1.3703,1.37344,1.36989,1.37127,3e-05,144736.7
2014-05-20,1.37124,1.37138,1.3678,1.37033,1.37126,1.3714,1.36783,1.37036,3e-05,158404.62
2014-05-21,1.37033,1.37231,1.36345,1.36817,1.37036,1.37234,1.36352,1.3682,3e-05,164294.95
2014-05-22,1.36819,1.3687,1.36452,1.36533,1.3682,1.36872,1.36455,1.36534,1e-05,159470.33
2014-05-23,1.36532,1.36534,1.36156,1.36274,1.36534,1.36536,1.36158,1.36344,0.0007,154646.66
2014-05-26,1.36275,1.36544,1.36155,1.36518,1.36279,1.36546,1.36157,1.36522,4e-05,88442.29
2014-05-27,1.36519,1.36685,1.36125,1.36336,1.36521,1.36688,1.36127,1.36339,3e-05,148089.8
2014-05-28,1.36337,1.36378,1.35885,1.35919,1.36339,1.3638,1.35888,1.35921,2e-05,159546.27
2014-05-29,1.35919,1.36255,1.35862,1.36026,1.35922,1.36258,1.35865,1.36029,3e-05,155468.23
2014-05-30,1.36027,1.365,1.35984,1.36331,1.36029,1.36505,1.35986,1.36351,0.0002,159149.02
2014-06-02,1.36287,1.36361,1.35881,1.35965,1.36289,1.36363,1.35883,1.35966,1e-05,165085.05
2014-06-03,1.35965,1.36478,1.35875,1.36208,1.35967,1.36479,1.3588,1.36211,3e-05,164899.48
2014-06-04,1.36208,1.36387,1.35965,1.36025,1.3621,1.36392,1.35968,1.36027,2e-05,177202.33
2014-06-05,1.36024,1.36698,1.3503,1.36603,1.36025,1.367,1.35032,1.36605,2e-05,259512.45
2014-06-06,1.36603,1.36765,1.3621,1.36418,1.36605,1.36768,1.36212,1.36445,0.00027,176988.12
2014-06-09,1.36476,1.36687,1.35826,1.35923,1.3648,1.36691,1.35828,1.35925,2e-05,148065.05
2014-06-10,1.35925,1.36018,1.35335,1.35392,1.35926,1.3602,1.35337,1.35395,3e-05,222950.12
2014-06-11,1.35391,1.35571,1.35215,1.35357,1.35395,1.35573,1.35217,1.35359,2e-05,201045.05
2014-06-12,1.35359,1.35719,1.35123,1.35505,1.3536,1.3572,1.35125,1.35508,3e-05,206363.34
2014-06-13,1.35505,1.3579,1.3521,1.35354,1.35507,1.35791,1.35213,1.35444,0.0009,192386.94
2014-06-16,1.35359,1.35794,1.3513,1.35757,1.35361,1.35795,1.35132,1.35759,2e-05,184503.31
2014-06-17,1.35757,1.3587,1.35364,1.35487,1.35759,1.35872,1.35365,1.3549,3e-05,197908.86
2014-06-18,1.35489,1.35993,1.35417,1.35895,1.3549,1.35997,1.35419,1.35898,3e-05,192145.56
2014-06-19,1.35896,1.36434,1.35848,1.36101,1.35898,1.36435,1.3585,1.36104,3e-05,215110.19
2014-06-20,1.361,1.36339,1.35643,1.35992,1.36104,1.3634,1.35645,1.36007,0.00015,214651.12
2014-06-23,1.3591,1.36135,1.35741,1.36,1.35913,1.36137,1.35742,1.36004,4e-05,280379.41
2014-06-24,1.36002,1.36277,1.35834,1.36058,1.36004,1.36279,1.35836,1.3606,2e-05,261625.94
2014-06-25,1.36059,1.36511,1.36005,1.36278,1.3606,1.36514,1.36006,1.36282,4e-05,269446.44
2014-06-26,1.36279,1.36413,1.35762,1.36114,1.36282,1.36415,1.35764,1.36117,3e-05,301313.72
2014-06-27,1.36114,1.36505,1.361,1.36477,1.36116,1.36513,1.36102,1.36503,0.00026,261372.12
2014-06-30,1.36434,1.36977,1.36402,1.36914,1.36437,1.3698,1.36405,1.36916,2e-05,223829.38
2014-07-01,1.36913,1.37004,1.36755,1.36802,1.36915,1.37007,1.36758,1.36804,2e-05,300434.69
2014-07-02,1.36802,1.36812,1.364,1.36531,1.36804,1.36814,1.36428,1.36536,5e-05,287107.41
2014-07-03,1.36531,1.36642,1.3596,1.36088,1.36535,1.36644,1.35963,1.3609,2e-05,358414.16
2014-07-04,1.36086,1.36112,1.35855,1.35944,1.36089,1.36114,1.35857,1.3595,6e-05,209969.5
2014-07-07,1.35881,1.36091,1.35759,1.36058,1.35883,1.36093,1.35761,1.3606,2e-05,299239.91
2014-07-08,1.36058,1.36173,1.35882,1.36167,1.36059,1.36175,1.35884,1.3617,3e-05,377918.47
2014-07-09,1.36166,1.36483,1.36022,1.36432,1.3617,1.36486,1.36025,1.36436,4e-05,309667.19
2014-07-10,1.36433,1.36507,1.35891,1.36042,1.36435,1.36509,1.35893,1.36044,2e-05,369468.31
2014-07-11,1.36041,1.36247,1.35919,1.36035,1.36044,1.36248,1.35921,1.3611,0.00075,119086.75
2014-07-14,1.36023,1.36402,1.35974,1.36217,1.36025,1.36404,1.35977,1.3622,3e-05,112932.26
2014-07-15,1.36217,1.36281,1.3562,1.35706,1.36219,1.36282,1.35622,1.35709,3e-05,155028.98
2014-07-16,1.35705,1.35711,1.3521,1.35281,1.35709,1.35714,1.35211,1.35284,3e-05,119220.34
2014-07-17,1.35281,1.35401,1.35127,1.35186,1.35283,1.35404,1.3513,1.35188,2e-05,137292.52
2014-07-18,1.35186,1.3536,1.3491,1.35227,1.35189,1.35361,1.34912,1.35267,0.0004,129850.35
2014-07-21,1.35304,1.3549,1.3513,1.35221,1.35305,1.35492,1.35132,1.35222,1e-05,100963.3
2014-07-22,1.35222,1.35296,1.3459,1.34667,1.35225,1.35298,1.34592,1.34669,2e-05,132312.56
2014-07-23,1.34668,1.34741,1.34549,1.3461,1.34669,1.34743,1.34552,1.34614,4e-05,102439.15
2014-07-24,1.3461,1.34849,1.34382,1.34652,1.34614,1.3485,1.34385,1.34654,2e-05,115725.52
2014-07-25,1.34652,1.34756,1.34214,1.34285,1.34653,1.34758,1.34216,1.34318,0.00033,107455.03
2014-07-28,1.34288,1.34438,1.34269,1.34373,1.34291,1.34441,1.34271,1.34375,2e-05,87460.53
2014-07-29,1.34374,1.34445,1.34042,1.34098,1.34375,1.34446,1.34045,1.341,2e-05,112802.74
2014-07-30,1.341,1.34154,1.33669,1.33945,1.34101,1.34155,1.3367,1.33946,1e-05,145925.61
2014-07-31,1.33946,1.34006,1.33716,1.33889,1.33947,1.34007,1.33718,1.33892,3e-05,129815.1
2014-08-01,1.33889,1.34447,1.33785,1.34238,1.33891,1.34449,1.33787,1.3432,0.00082,139674.81
2014-08-04,1.34281,1.34311,1.34094,1.34216,1.34282,1.34313,1.34096,1.34218,2e-05,95466.85
2014-08-05,1.34216,1.34248,1.33582,1.33714,1.34219,1.3425,1.33587,1.33717,3e-05,119616.62
2014-08-06,1.33714,1.33878,1.3333,1.33796,1.33716,1.33881,1.33332,1.33799,3e-05,154264.12
2014-08-07,1.33797,1.33936,1.33371,1.33572,1.33799,1.33937,1.33373,1.33574,2e-05,145485.89
2014-08-08,1.33572,1.34324,1.33435,1.34085,1.33575,1.34328,1.33437,1.34098,0.00013,164479.42
2014-08-11,1.34042,1.34084,1.33803,1.33822,1.34046,1.34086,1.33807,1.33824,2e-05,94561.36
2014-08-12,1.33821,1.3383,1.3336,1.33648,1.33823,1.33832,1.33362,1.3365,2e-05,114269.33
2014-08-13,1.33648,1.34151,1.33423,1.33657,1.33652,1.34153,1.33425,1.3366,3e-05,128781.37
2014-08-14,1.33657,1.34077,1.33484,1.33613,1.33661,1.34079,1.33488,1.33615,2e-05,136878.3
2014-08-15,1.33613,1.34117,1.33587,1.33976,1.33615,1.3412,1.3359,1.34,0.00024,131049.36
2014-08-18,1.33895,1.33991,1.33529,1.336,1.33896,1.33993,1.33531,1.33603,3e-05,91114.23
2014-08-19,1.336,1.33605,1.33133,1.33203,1.33603,1.33607,1.33135,1.33205,2e-05,132255.38
2014-08-20,1.33203,1.33217,1.32553,1.3259,1.33206,1.33219,1.32557,1.32593,3e-05,141635.22
2014-08-21,1.32591,1.32884,1.32417,1.32785,1.32593,1.32886,1.32422,1.32787,2e-05,126705.07
2014-08-22,1.32784,1.32966,1.32206,1.32392,1.32787,1.32968,1.32209,1.32446,0.00054,140249.41
2014-08-25,1.31973,1.32103,1.31789,1.3186,1.31974,1.32106,1.31792,1.31863,3e-05,115468.23
2014-08-26,1.31861,1.32147,1.31646,1.31697,1.31863,1.32149,1.31649,1.31698,1e-05,146017.3
2014-08-27,1.31696,1.32098,1.31526,1.31919,1.31697,1.32101,1.31529,1.31922,3e-05,150239.89
2014-08-28,1.31919,1.32208,1.31597,1.31841,1.3192,1.3221,1.31598,1.31844,3e-05,143868.77
2014-08-29,1.3184,1.3196,1.31311,1.31311,1.31844,1.31963,1.3133,1.31331,0.0002,136330.33
2014-09-01,1.31267,1.31454,1.3119,1.31311,1.3127,1.31457,1.31193,1.31313,2e-05,107534.77
2014-09-02,1.3131,1.31367,1.31102,1.31311,1.31313,1.31369,1.31103,1.31313,2e-05,144090.81
2014-09-03,1.31309,1.31599,1.3122,1.3148,1.31312,1.31602,1.31223,1.31483,3e-05,158306.62
2014-09-04,1.3148,1.31539,1.29202,1.29298,1.31484,1.31542,1.29205,1.29302,4e-05,218094.66
2014-09-05,1.293,1.29878,1.29248,1.29505,1.29302,1.2989,1.29251,1.29526,0.00021,166111.0
2014-09-08,1.29518,1.2959,1.28814,1.28912,1.29522,1.29592,1.28819,1.28915,3e-05,183427.66
2014-09-09,1.28912,1.29574,1.28594,1.2941,1.28916,1.29576,1.28596,1.29414,4e-05,205611.66
2014-09-10,1.29409,1.29629,1.28838,1.29167,1.29414,1.29631,1.2884,1.2917,3e-05,199871.33
2014-09-11,1.29166,1.29517,1.2897,1.29224,1.29169,1.2952,1.28973,1.29227,3e-05,200440.73
2014-09-12,1.29224,1.29793,1.29088,1.29616,1.29228,1.29796,1.29091,1.2966,0.00044,180754.66
2014-09-15,1.29595,1.29691,1.29086,1.29384,1.296,1.29694,1.29089,1.29388,4e-05,174640.52
2014-09-16,1.29385,1.2995,1.29223,1.29579,1.29388,1.29952,1.29225,1.29582,3e-05,197708.95
2014-09-17,1.29579,1.29813,1.28344,1.28488,1.29583,1.29816,1.28346,1.28492,4e-05,193535.12
2014-09-18,1.28489,1.29302,1.28485,1.29202,1.28492,1.29305,1.2849,1.29207,5e-05,194257.03
2014-09-19,1.29202,1.29288,1.28275,1.28279,1.29207,1.29292,1.28288,1.28305,0.00026,185911.06
2014-09-22,1.28396,1.28677,1.28162,1.28501,1.284,1.28681,1.28165,1.28505,4e-05,147082.7
2014-09-23,1.28501,1.29012,1.28394,1.28488,1.28506,1.29014,1.28396,1.28492,4e-05,167392.44
2014-09-24,1.28489,1.28636,1.27741,1.27767,1.28492,1.2864,1.27744,1.27771,4e-05,172227.45
2014-09-25,1.27768,1.27832,1.2697,1.2755,1.27771,1.27835,1.26972,1.27555,5e-05,190549.66
2014-09-26,1.27549,1.276,1.26769,1.26809,1.27555,1.27602,1.2677,1.26887,0.00078,156861.27
2014-09-29,1.26755,1.27147,1.26636,1.269,1.26757,1.2715,1.2664,1.26901,1e-05,178858.23
2014-09-30,1.26898,1.27022,1.2571,1.26279,1.26901,1.27026,1.25713,1.26282,3e-05,194596.34
2014-10-01,1.2628,1.26396,1.25836,1.26216,1.26282,1.26399,1.25838,1.26218,2e-05,199788.64
2014-10-02,1.26216,1.26987,1.26138,1.26681,1.26217,1.26991,1.26141,1.26683,2e-05,243421.66
2014-10-03,1.26681,1.2669,1.25005,1.25142,1.26683,1.26692,1.25008,1.25204,0.00062,178240.45
2014-10-06,1.25126,1.26749,1.25121,1.26432,1.25131,1.26752,1.25124,1.26434,2e-05,197765.75
2014-10-07,1.26431,1.26833,1.25837,1.26647,1.26434,1.26835,1.25839,1.26651,4e-05,229270.25
2014-10-08,1.26648,1.27548,1.26226,1.27406,1.26651,1.27551,1.26229,1.27411,5e-05,233426.94
2014-10-09,1.27405,1.27913,1.2664,1.26881,1.27411,1.27917,1.26644,1.26882,1e-05,227332.7
2014-10-10,1.26882,1.2716,1.26054,1.26268,1.26884,1.27162,1.26058,1.26304,0.00036,185574.73
2014-10-13,1.26397,1.27679,1.26336,1.27217,1.264,1.27689,1.26341,1.2722,3e-05,182377.11
2014-10-14,1.27216,1.27314,1.26315,1.26412,1.2722,1.27317,1.26318,1.26416,4e-05,205727.0
2014-10-15,1.26412,1.28865,1.26247,1.28202,1.26418,1.28871,1.26249,1.28208,6e-05,294121.12
2014-10-16,1.28202,1.28449,1.27057,1.28042,1.28206,1.28451,1.2706,1.28045,3e-05,256551.84
2014-10-17,1.28043,1.28369,1.27436,1.27589,1.28045,1.28372,1.27441,1.27615,0.00026,163050.92
2014-10-20,1.27473,1.28168,1.27312,1.27941,1.27475,1.2817,1.27315,1.27946,5e-05,158130.95
2014-10-21,1.27942,1.28401,1.27064,1.27136,1.27946,1.28404,1.27066,1.2714,4e-05,194253.78
2014-10-22,1.27136,1.27396,1.26372,1.26415,1.27139,1.274,1.26376,1.26418,3e-05,186794.83
2014-10-23,1.26415,1.26766,1.26137,1.26492,1.26417,1.26768,1.2614,1.26496,4e-05,175690.38
2014-10-24,1.26492,1.26957,1.26349,1.26688,1.26495,1.26959,1.26351,1.26716,0.00028,156079.27
2014-10-27,1.26759,1.27231,1.26657,1.27022,1.26763,1.27234,1.2666,1.27026,4e-05,169084.94
2014-10-28,1.27022,1.27648,1.26845,1.27369,1.27026,1.2765,1.26848,1.27375,6e-05,176327.81
2014-10-29,1.2737,1.27705,1.26264,1.26316,1.27375,1.27707,1.26274,1.26318,2e-05,189783.11
2014-10-30,1.26318,1.26329,1.25474,1.2609,1.2632,1.26333,1.25479,1.26092,2e-05,223223.59
2014-10-31,1.26088,1.26089,1.2486,1.2522,1.26092,1.26092,1.24862,1.25274,0.00054,217950.22
2014-11-03,1.25019,1.25112,1.24396,1.24921,1.25024,1.25116,1.24406,1.24925,4e-05,209827.8
2014-11-04,1.24921,1.25773,1.24901,1.25516,1.24926,1.25776,1.24905,1.25518,2e-05,204778.83
2014-11-05,1.25516,1.25669,1.24572,1.24775,1.2552,1.25674,1.24577,1.24779,4e-05,222601.03
2014-11-06,1.24774,1.25333,1.23648,1.23803,1.24778,1.25336,1.23651,1.23805,2e-05,239752.34
2014-11-07,1.238,1.24694,1.2358,1.24522,1.23803,1.24698,1.23583,1.24565,0.00043,221870.98
2014-11-10,1.24599,1.25091,1.24181,1.24259,1.24604,1.25096,1.24185,1.24263,4e-05,176970.62
2014-11-11,1.24257,1.24991,1.23943,1.24756,1.24261,1.24995,1.23946,1.2476,4e-05,187057.53
2014-11-12,1.24756,1.24978,1.24194,1.24298,1.24759,1.2498,1.24196,1.243,2e-05,219437.94
2014-11-13,1.24298,1.24915,1.24279,1.24735,1.24301,1.24919,1.24281,1.24739,4e-05,170570.08
2014-11-14,1.24736,1.25463,1.23985,1.25234,1.24739,1.25465,1.23987,1.25294,0.0006,201690.23
2014-11-17,1.25211,1.25774,1.24435,1.245,1.25216,1.25777,1.24439,1.24504,4e-05,186573.39
2014-11-18,1.245,1.2545,1.24491,1.25322,1.24504,1.25454,1.24493,1.25323,1e-05,177316.61
2014-11-19,1.25322,1.25985,1.25123,1.25405,1.25324,1.25995,1.25126,1.25408,3e-05,242193.66
2014-11-20,1.25404,1.25752,1.25042,1.25431,1.25408,1.25756,1.25045,1.25433,2e-05,215089.08
2014-11-21,1.2543,1.25682,1.2375,1.23871,1.25433,1.25684,1.23751,1.23949,0.00078,199164.62
2014-11-24,1.23716,1.24446,1.23716,1.24338,1.23719,1.24448,1.23719,1.24343,5e-05,157714.08
2014-11-25,1.24339,1.24869,1.24018,1.24795,1.24343,1.24873,1.24023,1.24797,2e-05,162135.56
2014-11-26,1.24795,1.25312,1.24437,1.25042,1.24797,1.25318,1.24439,1.25046,4e-05,147442.44
2014-11-27,1.25042,1.25235,1.24558,1.24595,1.25044,1.25237,1.24569,1.24601,6e-05,96670.0
2014-11-28,1.24596,1.24902,1.24263,1.24497,1.24601,1.24905,1.24267,1.24543,0.00046,131480.3
2014-12-01,1.24368,1.25067,1.24194,1.24699,1.2437,1.25068,1.24196,1.24704,5e-05,183811.95
2014-12-02,1.24699,1.24762,1.23769,1.23876,1.24701,1.24764,1.2377,1.23879,3e-05,156432.12
2014-12-03,1.23876,1.23905,1.23012,1.2314,1.23878,1.23908,1.23015,1.23144,4e-05,172428.5
2014-12-04,1.2314,1.24563,1.22795,1.23857,1.23145,1.24565,1.22808,1.23859,2e-05,206547.23
2014-12-05,1.23855,1.23931,1.22709,1.2281,1.23859,1.23932,1.22711,1.22842,0.00032,155977.8
2014-12-08,1.22935,1.23439,1.22472,1.23147,1.22943,1.23443,1.22473,1.23151,4e-05,155386.12
2014-12-09,1.23147,1.24475,1.2292,1.2388,1.2315,1.24477,1.22923,1.23884,4e-05,199364.83
2014-12-10,1.2388,1.24866,1.23622,1.24804,1.23884,1.24872,1.23623,1.24808,4e-05,180699.67
2014-12-11,1.24803,1.24951,1.23702,1.23931,1.24807,1.24955,1.23704,1.23936,5e-05,203079.05
2014-12-12,1.23931,1.24851,1.23843,1.24597,1.23936,1.24854,1.23845,1.24638,0.00041,171665.05
2014-12-15,1.24638,1.24786,1.24146,1.24402,1.24644,1.2479,1.24147,1.24406,4e-05,179326.73
2014-12-16,1.24401,1.25699,1.24355,1.25106,1.24407,1.257,1.24358,1.25113,7e-05,214930.36
2014-12-17,1.25106,1.25159,1.23209,1.23368,1.25112,1.25161,1.23212,1.23373,5e-05,201911.84
2014-12-18,1.23367,1.23524,1.22657,1.22883,1.23373,1.23526,1.2266,1.22886,3e-05,178869.44
2014-12-19,1.22883,1.23022,1.22201,1.22265,1.22887,1.23024,1.22204,1.2231,0.00045,139780.52
2014-12-22,1.22245,1.22725,1.22166,1.2223,1.22251,1.22729,1.22169,1.22235,5e-05,108293.07
2014-12-23,1.22231,1.22456,1.21646,1.21752,1.22235,1.22459,1.2165,1.2176,8e-05,102312.29
2014-12-24,1.21752,1.22201,1.21695,1.21911,1.21759,1.22203,1.21698,1.21922,0.00011,60177.83
2014-12-25,1.21917,1.22283,1.21869,1.22079,1.21922,1.22313,1.21881,1.22088,9e-05,8123.24
2014-12-26,1.22075,1.22218,1.21686,1.21762,1.22088,1.22225,1.21688,1.21819,0.00057,46510.92
2014-12-29,1.21682,1.2221,1.21429,1.21533,1.21688,1.22215,1.21431,1.21537,4e-05,95526.4
2014-12-30,1.21535,1.21873,1.21239,1.21613,1.21537,1.21878,1.21242,1.21617,4e-05,106527.1
2014-12-31,1.21613,1.21697,1.20968,1.20976,1.21616,1.21701,1.20971,1.20997,0.00021,73325.1
2015-01-01,1.21038,1.21073,1.20783,1.20869,1.21066,1.21082,1.20787,1.20879,0.0001,5732.39
2015-01-02,1.20871,1.2089,1.20004,1.20017,1.20879,1.20897,1.2001,1.20036,0.00019,119384.46
2015-01-05,1.19469,1.19762,1.18872,1.19374,1.19474,1.19766,1.18876,1.19378,4e-05,159296.56
2015-01-06,1.19374,1.19687,1.18461,1.18722,1.19379,1.1969,1.18491,1.18724,2e-05,177669.8
2015-01-07,1.18722,1.18966,1.18022,1.18337,1.18726,1.18969,1.18023,1.18338,1e-05,181679.83
2015-01-08,1.18337,1.18475,1.17543,1.1792,1.1834,1.18477,1.17545,1.17922,2e-05,150219.8
2015-01-09,1.1792,1.1846,1.17629,1.18406,1.17924,1.18464,1.1763,1.18425,0.00019,167943.66
2015-01-12,1.18697,1.18708,1.17861,1.18318,1.187,1.18711,1.17865,1.1832,2e-05,163540.09
2015-01-13,1.18319,1.18596,1.17531,1.1777,1.18323,1.18598,1.17533,1.17774,4e-05,190749.39
2015-01-14,1.17771,1.18464,1.17273,1.1784,1.17774,1.18466,1.17276,1.17842,2e-05,214321.42
2015-01-15,1.1784,1.17903,1.15675,1.1636,1.17842,1.17906,1.15681,1.16367,7e-05,286756.34
2015-01-16,1.16361,1.16487,1.146,1.15626,1.16365,1.1649,1.14602,1.1565,0.00024,243185.73
2015-01-19,1.15614,1.16388,1.15514,1.15947,1.15617,1.1639,1.15517,1.15952,5e-05,140976.89
2015-01-20,1.15946,1.1615,1.15405,1.15454,1.15952,1.16153,1.15407,1.15458,4e-05,152910.88
2015-01-21,1.15454,1.16799,1.15412,1.16147,1.15458,1.16803,1.15416,1.1615,3e-05,177131.78
2015-01-22,1.16146,1.16505,1.1316,1.13467,1.1615,1.16523,1.13166,1.13472,5e-05,208738.83
2015-01-23,1.13468,1.1374,1.11146,1.1202,1.13472,1.13742,1.11148,1.1206,0.0004,228253.39
2015-01-26,1.11417,1.12954,1.11381,1.12496,1.11425,1.12957,1.11386,1.125,4e-05,177766.56
2015-01-27,1.12496,1.14225,1.12237,1.13678,1.12499,1.14229,1.12241,1.13684,6e-05,179735.77
2015-01-28,1.13678,1.13821,1.12725,1.1283,1.13683,1.13827,1.12729,1.12835,5e-05,175837.88
2015-01-29,1.12829,1.13678,1.12619,1.13337,1.12835,1.13681,1.12622,1.13342,5e-05,170749.19
2015-01-30,1.13338,1.13635,1.12783,1.1285,1.13344,1.13639,1.12792,1.12898,0.00048,170262.09
2015-02-02,1.1307,1.13621,1.12922,1.13387,1.13075,1.13623,1.12927,1.13389,2e-05,149828.06
2015-02-03,1.13386,1.15338,1.13124,1.14565,1.13389,1.15341,1.13127,1.14568,3e-05,192626.69
2015-02-04,1.14564,1.14848,1.13039,1.13165,1.14568,1.14851,1.13041,1.1317,5e-05,170795.25
2015-02-05,1.13165,1.14988,1.13159,1.14705,1.13168,1.14991,1.13164,1.14708,3e-05,159348.81
2015-02-06,1.14705,1.14735,1.13119,1.13128,1.14708,1.14739,1.13121,1.13168,0.0004,140728.59
2015-02-09,1.13135,1.13595,1.12703,1.13242,1.13139,1.13596,1.12705,1.13245,3e-05,145020.27
2015-02-10,1.13242,1.13454,1.12729,1.13185,1.13244,1.13457,1.12732,1.13189,4e-05,152770.72
2015-02-11,1.13185,1.13516,1.128,1.13108,1.13188,1.1353,1.12801,1.13111,3e-05,148970.89
2015-02-12,1.13109,1.14228,1.13034,1.14037,1.13111,1.14235,1.13043,1.1404,3e-05,172088.11
2015-02-13,1.14037,1.14427,1.138,1.13877,1.14041,1.14431,1.13802,1.13956,0.00079,143354.58
2015-02-16,1.13975,1.1429,1.13193,1.13322,1.13978,1.14293,1.13198,1.13328,6e-05,104142.5
2015-02-17,1.13322,1.14489,1.13218,1.14039,1.13329,1.14492,1.13223,1.14042,3e-05,146336.92
2015-02-18,1.14039,1.14156,1.13339,1.13995,1.14041,1.14161,1.1334,1.14001,6e-05,154129.08
2015-02-19,1.13995,1.145,1.13552,1.13657,1.14001,1.14503,1.13556,1.1366,3e-05,137692.98
2015-02-20,1.13655,1.14297,1.1279,1.13772,1.1366,1.14299,1.12793,1.13843,0.00071,176910.47
2015-02-23,1.13802,1.13932,1.12951,1.13336,1.13808,1.13936,1.12955,1.1334,4e-05,121740.7
2015-02-24,1.13336,1.13581,1.12883,1.13393,1.1334,1.13584,1.12887,1.13396,3e-05,155389.86
2015-02-25,1.13392,1.13886,1.13358,1.13638,1.13396,1.1389,1.1336,1.13643,5e-05,151797.05
2015-02-26,1.13637,1.13796,1.11836,1.12026,1.13643,1.13799,1.11839,1.12029,3e-05,166406.7
2015-02-27,1.12024,1.12451,1.11756,1.11933,1.12029,1.12453,1.1176,1.11991,0.00058,167010.12
2015-03-02,1.11609,1.12405,1.11609,1.11766,1.11611,1.12407,1.11611,1.11767,1e-05,128399.04
2015-03-03,1.11765,1.12175,1.11546,1.11827,1.11767,1.12176,1.11549,1.11828,1e-05,144211.2
2015-03-04,1.11826,1.11856,1.10616,1.1079,1.11828,1.11857,1.10617,1.10792,2e-05,154637.5
2015-03-05,1.10791,1.11142,1.09874,1.10316,1.10793,1.11147,1.09878,1.10317,1e-05,170648.94
2015-03-06,1.10316,1.10325,1.0839,1.0844,1.10318,1.10327,1.08407,1.08458,0.00018,165727.66
2015-03-09,1.08445,1.09065,1.08296,1.08348,1.08447,1.09066,1.08298,1.08349,1e-05,143704.09
2015-03-10,1.08351,1.08368,1.06679,1.07066,1.08352,1.0837,1.06684,1.07067,1e-05,228231.41
2015-03-11,1.07065,1.0717,1.05112,1.05477,1.07067,1.07172,1.05113,1.05479,2e-05,262298.25
2015-03-12,1.05478,1.06837,1.0494,1.06264,1.05479,1.06839,1.04946,1.06266,2e-05,238100.17
2015-03-13,1.06267,1.06347,1.04624,1.04943,1.06269,1.06352,1.04626,1.04982,0.00039,203399.77
2015-03-16,1.04837,1.06193,1.04834,1.05717,1.04841,1.06199,1.04836,1.05718,1e-05,164906.58
2015-03-17,1.05715,1.06507,1.05514,1.0595,1.05718,1.0651,1.05516,1.05951,1e-05,159779.33
2015-03-18,1.05948,1.10351,1.05799,1.08485,1.05949,1.10425,1.05803,1.08489,4e-05,213461.23
2015-03-19,1.08486,1.09193,1.06128,1.06688,1.0849,1.09198,1.06133,1.06692,4e-05,248335.7
2015-03-20,1.0669,1.08816,1.06555,1.0816,1.06693,1.0882,1.06557,1.08235,0.00075,186733.2
2015-03-23,1.08253,1.09713,1.07673,1.09441,1.08255,1.09716,1.07678,1.09447,6e-05,258421.7
2015-03-24,1.09441,1.10292,1.08904,1.09045,1.09447,1.10295,1.08907,1.09049,4e-05,220623.41
2015-03-25,1.09045,1.10144,1.09042,1.09632,1.09049,1.10147,1.09046,1.09634,2e-05,197666.64
2015-03-26,1.09631,1.10522,1.08564,1.08848,1.09634,1.10526,1.08567,1.08852,4e-05,257044.91
2015-03-27,1.0885,1.09485,1.08011,1.08874,1.08852,1.09491,1.08014,1.08928,0.00054,223256.38
2015-03-30,1.08828,1.08842,1.08098,1.08292,1.08829,1.08844,1.08102,1.08295,3e-05,182633.59
2015-03-31,1.08289,1.08455,1.0713,1.07399,1.08294,1.08458,1.07133,1.07401,2e-05,204475.31
2015-04-01,1.07398,1.07999,1.07184,1.07695,1.074,1.08002,1.07188,1.07698,3e-05,194190.05
2015-04-02,1.07694,1.0905,1.07502,1.08697,1.07698,1.09055,1.07505,1.087,3e-05,189762.02
2015-04-03,1.08699,1.1027,1.08638,1.09713,1.08702,1.10274,1.08642,1.09767,0.00054,91984.52
2015-04-06,1.09946,1.10356,1.091,1.09343,1.0995,1.10359,1.09102,1.09347,4e-05,108858.46
2015-04-07,1.09343,1.09547,1.08032,1.0822,1.09346,1.09551,1.08036,1.08223,3e-05,189290.59
2015-04-08,1.0822,1.08873,1.07629,1.07846,1.08224,1.08875,1.07634,1.07849,3e-05,212964.41
2015-04-09,1.07848,1.07886,1.06377,1.06665,1.07849,1.0789,1.06379,1.06669,4e-05,189056.56
2015-04-10,1.06665,1.06837,1.05679,1.06022,1.06668,1.06839,1.05681,1.06053,0.00031,171200.25
2015-04-13,1.06064,1.0619,1.05203,1.05719,1.06067,1.06192,1.05207,1.05723,4e-05,181537.02
2015-04-14,1.05717,1.07074,1.05315,1.06466,1.05723,1.07075,1.05317,1.0647,4e-05,192790.23
2015-04-15,1.06466,1.07017,1.05708,1.06763,1.0647,1.07025,1.0571,1.06766,3e-05,207598.91
2015-04-16,1.06763,1.08175,1.06247,1.0758,1.06766,1.08178,1.06251,1.07584,4e-05,280074.09
2015-04-17,1.07581,1.08487,1.07335,1.08048,1.07586,1.08491,1.07339,1.08095,0.00047,220402.64
2015-04-20,1.08082,1.08185,1.07124,1.07485,1.08084,1.08187,1.07128,1.07487,2e-05,204972.44
2015-04-21,1.07485,1.07811,1.06599,1.07384,1.07488,1.07814,1.066,1.07386,2e-05,198316.83
2015-04-22,1.07383,1.08008,1.07086,1.07245,1.07385,1.0801,1.07088,1.07246,1e-05,222413.98
2015-04-23,1.07247,1.08452,1.06659,1.08138,1.07248,1.08454,1.06665,1.08142,4e-05,243734.06
2015-04-24,1.08138,1.09,1.07848,1.08706,1.08141,1.09002,1.0785,1.08776,0.0007,226494.81
2015-04-27,1.08657,1.09266,1.08192,1.08764,1.08659,1.09268,1.08197,1.08766,2e-05,197673.66
2015-04-28,1.08761,1.0991,1.08598,1.09677,1.08764,1.09912,1.08603,1.0968,3e-05,212064.55
2015-04-29,1.09678,1.11879,1.09595,1.11121,1.0968,1.11881,1.09599,1.11123,2e-05,268375.66
2015-04-30,1.11121,1.12662,1.10712,1.12116,1.11123,1.12663,1.10715,1.12118,2e-05,282180.09
2015-05-01,1.12117,1.129,1.11746,1.11948,1.12118,1.12903,1.1175,1.11981,0.00033,161846.94
2015-05-04,1.11885,1.12245,1.11228,1.11487,1.11888,1.12247,1.11231,1.1149,3e-05,170489.27
2015-05-05,1.11487,1.12231,1.10663,1.11797,1.11489,1.12233,1.10665,1.11798,1e-05,234895.64
2015-05-06,1.11794,1.137,1.1175,1.13391,1.11798,1.13702,1.11751,1.13394,3e-05,240872.41
2015-05-07,1.13391,1.13916,1.12282,1.12444,1.13395,1.13919,1.12285,1.12447,3e-05,253915.25
2015-05-08,1.12445,1.1288,1.1179,1.12,1.12448,1.12914,1.11794,1.12006,6e-05,234932.83
2015-05-11,1.11958,1.12025,1.1131,1.11456,1.11961,1.12028,1.11312,1.11457,1e-05,211304.02
2015-05-12,1.11457,1.12787,1.11343,1.12189,1.11459,1.12791,1.11346,1.1219,1e-05,222360.67
2015-05-13,1.12187,1.13827,1.12023,1.13469,1.12188,1.13829,1.12027,1.13471,2e-05,227775.31
2015-05-14,1.13469,1.14447,1.13406,1.14022,1.13471,1.14449,1.1341,1.14024,2e-05,258116.69
2015-05-15,1.14022,1.14669,1.13239,1.14501,1.14025,1.14672,1.1324,1.14537,0.00036,224588.75
2015-05-18,1.14441,1.14468,1.12987,1.13241,1.14444,1.1447,1.12989,1.13244,3e-05,196965.09
2015-05-19,1.13242,1.13259,1.11184,1.11425,1.13244,1.13261,1.11187,1.11427,2e-05,235738.12
2015-05-20,1.11425,1.11522,1.10621,1.11012,1.11427,1.11524,1.10625,1.11016,4e-05,246556.61
2015-05-21,1.11014,1.11813,1.10797,1.11091,1.11017,1.11815,1.10802,1.11093,2e-05,224327.3
2015-05-22,1.11092,1.12083,1.10023,1.10074,1.11093,1.12085,1.10024,1.10147,0.00073,207519.98
2015-05-25,1.09911,1.10067,1.0959,1.09682,1.09915,1.10081,1.09593,1.09685,3e-05,90453.0
2015-05-26,1.09683,1.09706,1.08633,1.08864,1.09687,1.09709,1.08637,1.08868,4e-05,226972.58
2015-05-27,1.08864,1.0929,1.08192,1.08975,1.08866,1.09294,1.08194,1.0898,5e-05,216670.8
2015-05-28,1.08975,1.09742,1.08671,1.09624,1.08978,1.09746,1.08673,1.0963,6e-05,233974.95
2015-05-29,1.09624,1.10062,1.09258,1.09831,1.0963,1.10064,1.0926,1.09919,0.00088,208334.75
2015-06-01,1.09571,1.0979,1.08873,1.09215,1.09577,1.09792,1.08874,1.09221,6e-05,223345.2
2015-06-02,1.09219,1.11942,1.09159,1.11476,1.09221,1.1195,1.09162,1.11479,3e-05,255799.28
2015-06-03,1.11477,1.1285,1.10794,1.12609,1.11479,1.12851,1.10799,1.12614,5e-05,256029.05
2015-06-04,1.12609,1.13798,1.11798,1.12073,1.12612,1.138,1.11804,1.12075,2e-05,263565.66
2015-06-05,1.12071,1.12801,1.10495,1.11103,1.12072,1.12802,1.10496,1.11174,0.00071,230747.91
2015-06-08,1.11023,1.13068,1.10842,1.128,1.11024,1.13071,1.10845,1.12806,6e-05,220008.55
2015-06-09,1.12802,1.13454,1.1214,1.12926,1.12805,1.13458,1.12142,1.1293,4e-05,224126.88
2015-06-10,1.12926,1.13865,1.126,1.13099,1.12928,1.13867,1.12604,1.13103,4e-05,246728.0
2015-06-11,1.13099,1.13315,1.1182,1.12458,1.13102,1.13319,1.11823,1.12461,3e-05,203174.38
2015-06-12,1.12457,1.12965,1.11512,1.12631,1.12461,1.12969,1.11515,1.12677,0.00046,214308.94
2015-06-15,1.1224,1.12944,1.11891,1.12753,1.12244,1.12947,1.11895,1.12756,3e-05,200393.23
2015-06-16,1.12752,1.13298,1.12048,1.12413,1.12756,1.133,1.12052,1.12417,4e-05,190242.31
2015-06-17,1.12414,1.13702,1.12065,1.13631,1.12417,1.13705,1.12072,1.13633,2e-05,218315.16
2015-06-18,1.13626,1.14364,1.13383,1.13712,1.13629,1.14366,1.13385,1.13718,6e-05,236294.86
2015-06-19,1.13714,1.13872,1.1292,1.13487,1.13718,1.13878,1.12922,1.13557,0.0007,167226.16
2015-06-22,1.13613,1.14102,1.1312,1.13451,1.13618,1.14104,1.13122,1.13454,3e-05,178751.66
2015-06-23,1.1345,1.1346,1.11351,1.11745,1.13454,1.13465,1.11354,1.1175,5e-05,210434.48
2015-06-24,1.11744,1.12347,1.11597,1.12054,1.11746,1.1235,1.11599,1.1206,6e-05,191865.69
2015-06-25,1.12056,1.12276,1.11537,1.12025,1.1206,1.12278,1.1154,1.12031,6e-05,159940.95
2015-06-26,1.12029,1.12197,1.11301,1.11625,1.12031,1.12201,1.11304,1.11746,0.00121,163952.73
2015-06-29,1.09742,1.12783,1.09742,1.12181,1.09753,1.12786,1.09753,1.12187,6e-05,233782.98
2015-06-30,1.12184,1.12435,1.11124,1.11332,1.12188,1.12437,1.11125,1.11341,9e-05,206006.7
2015-07-01,1.11318,1.11713,1.10321,1.10368,1.11328,1.11715,1.10325,1.10371,3e-05,192840.12
2015-07-02,1.10368,1.11214,1.10365,1.10858,1.10372,1.11215,1.10368,1.10861,3e-05,176969.8
2015-07-03,1.10857,1.11177,1.1065,1.11092,1.10861,1.11178,1.10653,1.11155,0.00063,123712.4
2015-07-06,1.09946,1.10954,1.09936,1.10472,1.09951,1.10957,1.09939,1.10477,5e-05,184236.31
2015-07-07,1.10474,1.10517,1.09163,1.10074,1.10477,1.10519,1.09164,1.10079,5e-05,235204.06
2015-07-08,1.10073,1.10927,1.09743,1.10709,1.10079,1.10931,1.09744,1.10714,5e-05,225358.7
2015-07-09,1.10708,1.11249,1.09915,1.10605,1.10711,1.11251,1.09919,1.10608,3e-05,195008.09
2015-07-10,1.10606,1.12157,1.10549,1.11519,1.10608,1.12164,1.10551,1.11584,0.00065,193591.95
2015-07-13,1.11292,1.11968,1.0981,1.09825,1.11298,1.11972,1.09813,1.0983,5e-05,207766.16
2015-07-14,1.09828,1.10832,1.09653,1.10063,1.0983,1.10851,1.0966,1.10068,5e-05,194135.14
2015-07-15,1.10063,1.10355,1.09299,1.09376,1.10067,1.10359,1.09301,1.09382,6e-05,195587.67
2015-07-16,1.09376,1.09482,1.08553,1.08833,1.09381,1.09488,1.08557,1.08838,5e-05,196679.16
2015-07-17,1.08833,1.09069,1.08261,1.08261,1.08837,1.09071,1.08288,1.08321,0.0006,160758.72
2015-07-20,1.08299,1.08702,1.08086,1.08333,1.08301,1.08704,1.0809,1.08338,5e-05,156443.77
2015-07-21,1.08334,1.09685,1.08116,1.09364,1.08338,1.09689,1.0812,1.09368,4e-05,205610.94
2015-07-22,1.09363,1.09666,1.08693,1.0924,1.09368,1.09671,1.08695,1.09245,5e-05,189666.66
2015-07-23,1.0924,1.10179,1.09216,1.09871,1.09244,1.10185,1.0922,1.09873,2e-05,198293.41
2015-07-24,1.0987,1.09957,1.09253,1.09795,1.09873,1.0996,1.09255,1.09885,0.0009,139853.52
2015-07-27,1.09723,1.11292,1.0971,1.10884,1.09726,1.11295,1.09712,1.10889,5e-05,190748.41
2015-07-28,1.10884,1.10996,1.10221,1.1065,1.10888,1.10999,1.10223,1.10653,3e-05,160387.52
2015-07-29,1.10651,1.1084,1.09669,1.09812,1.10653,1.10842,1.09671,1.09814,2e-05,180100.66
2015-07-30,1.09815,1.09847,1.08933,1.09404,1.09818,1.09849,1.08936,1.0941,6e-05,175133.66
2015-07-31,1.09404,1.1114,1.09211,1.0983,1.09409,1.11144,1.09213,1.09861,0.00031,183491.53
2015-08-03,1.09675,1.09957,1.09413,1.09506,1.0968,1.09961,1.09415,1.0951,4e-05,146304.7
2015-08-04,1.09507,1.09875,1.08789,1.0885,1.0951,1.09878,1.08796,1.08854,4e-05,173856.27
2015-08-05,1.08849,1.09342,1.08481,1.09029,1.08854,1.0936,1.08483,1.09034,5e-05,198887.28
2015-08-06,1.09029,1.09439,1.08737,1.09223,1.09031,1.09445,1.0874,1.09226,3e-05,161694.59
2015-08-07,1.09223,1.09783,1.08553,1.09618,1.09227,1.09787,1.08557,1.09708,0.0009,169125.84
2015-08-10,1.09583,1.10414,1.09254,1.10155,1.09587,1.10416,1.09256,1.10157,2e-05,147200.67
2015-08-11,1.10155,1.10882,1.09604,1.10417,1.10158,1.10884,1.09607,1.10421,4e-05,186178.16
2015-08-12,1.10416,1.12133,1.10242,1.11546,1.10421,1.12136,1.10247,1.11551,5e-05,196166.72
2015-08-13,1.11547,1.1189,1.108,1.11581,1.11551,1.11893,1.10801,1.11585,4e-05,174057.56
2015-08-14,1.11581,1.11887,1.10978,1.11062,1.11586,1.11888,1.1098,1.11121,0.00059,138449.64
2015-08-17,1.1094,1.11249,1.10588,1.10755,1.10941,1.1125,1.1059,1.10758,3e-05,132293.12
2015-08-18,1.10756,1.10938,1.10175,1.10298,1.10758,1.1094,1.10176,1.10302,4e-05,127653.87
2015-08-19,1.10298,1.11342,1.10178,1.11181,1.10303,1.11346,1.1018,1.11186,5e-05,156793.42
2015-08-20,1.11181,1.12446,1.11072,1.12349,1.11185,1.12449,1.11074,1.12354,5e-05,170570.38
2015-08-21,1.12349,1.13887,1.123,1.13828,1.12353,1.13898,1.12304,1.13897,0.00069,190285.0
2015-08-24,1.13761,1.17139,1.13692,1.15804,1.13768,1.17146,1.13699,1.1581,6e-05,291241.81
2015-08-25,1.15806,1.15845,1.13968,1.1553,1.1581,1.15852,1.13969,1.15539,9e-05,244246.86
2015-08-26,1.15534,1.15609,1.12914,1.13388,1.15539,1.15615,1.12922,1.13389,1e-05,253189.34
2015-08-27,1.13386,1.13644,1.1203,1.1243,1.13388,1.13646,1.12032,1.12435,5e-05,225573.02
2015-08-28,1.12429,1.13097,1.11559,1.118,1.12435,1.13101,1.11562,1.11856,0.00056,173415.2
2015-08-31,1.12111,1.12624,1.11803,1.1224,1.12113,1.12626,1.11807,1.12244,4e-05,147857.16
2015-09-01,1.1224,1.1332,1.12232,1.12954,1.12245,1.13324,1.12236,1.12957,3e-05,211138.25
2015-09-02,1.12952,1.13005,1.12113,1.12118,1.12957,1.13008,1.12114,1.12123,5e-05,178633.94
2015-09-03,1.12122,1.12434,1.10873,1.1124,1.12126,1.12436,1.10875,1.11242,2e-05,176111.97
2015-09-04,1.11239,1.11895,1.10898,1.11499,1.1124,1.11905,1.10899,1.11582,0.00083,165597.98
2015-09-07,1.11539,1.11778,1.11213,1.11594,1.11546,1.1178,1.11219,1.11599,5e-05,122926.58
2015-09-08,1.11594,1.12296,1.11525,1.12066,1.11599,1.12298,1.11527,1.1207,4e-05,176916.2
2015-09-09,1.12067,1.12246,1.11317,1.1218,1.12071,1.12248,1.1132,1.12186,6e-05,197632.62
2015-09-10,1.12181,1.13018,1.11717,1.12823,1.12185,1.13024,1.11719,1.1283,7e-05,201718.97
2015-09-11,1.12824,1.13495,1.12542,1.13348,1.12831,1.13498,1.12544,1.13383,0.00035,157984.45
2015-09-14,1.1342,1.13732,1.12834,1.1308,1.13423,1.13734,1.12836,1.13083,3e-05,162913.59
2015-09-15,1.1308,1.13287,1.12588,1.12701,1.13083,1.1329,1.1259,1.12705,4e-05,168986.89
2015-09-16,1.12701,1.13204,1.1214,1.12907,1.12705,1.1321,1.12142,1.1291,3e-05,166865.58
2015-09-17,1.12908,1.14413,1.12846,1.14022,1.12912,1.14416,1.12848,1.14027,5e-05,200598.3
2015-09-18,1.14022,1.14599,1.12694,1.12974,1.14028,1.14602,1.12696,1.13029,0.00055,184980.75
2015-09-21,1.12906,1.13299,1.11812,1.1188,1.1291,1.13301,1.11814,1.11884,4e-05,168580.36
2015-09-22,1.11881,1.12075,1.11132,1.11203,1.11883,1.12079,1.11135,1.11205,2e-05,166624.66
2015-09-23,1.11203,1.12129,1.11051,1.11874,1.11206,1.12131,1.11053,1.1188,6e-05,161791.33
2015-09-24,1.11874,1.12958,1.116,1.118,1.1188,1.1296,1.11602,1.11803,3e-05,189413.95
2015-09-25,1.11799,1.12131,1.11161,1.11912,1.11803,1.12133,1.11165,1.12,0.00088,162383.94
2015-09-28,1.11993,1.12477,1.11468,1.12292,1.11996,1.12479,1.11469,1.12297,5e-05,182715.5
2015-09-29,1.12293,1.12813,1.11939,1.1253,1.12297,1.12815,1.1194,1.12535,5e-05,206660.06
2015-09-30,1.12531,1.12614,1.11574,1.11704,1.12534,1.12617,1.11576,1.11707,3e-05,189017.38
2015-10-01,1.11704,1.1209,1.11351,1.11918,1.11709,1.12091,1.11353,1.11922,4e-05,168171.5
2015-10-02,1.11917,1.13183,1.11505,1.12065,1.11921,1.13186,1.11507,1.12151,0.00086,173687.69
2015-10-05,1.1219,1.12892,1.11734,1.11952,1.12195,1.12895,1.11736,1.11954,2e-05,159890.64
2015-10-06,1.11952,1.12796,1.1172,1.12676,1.11954,1.12798,1.11722,1.12678,2e-05,152574.11
2015-10-07,1.12676,1.12841,1.12115,1.12378,1.1268,1.12847,1.12118,1.12382,4e-05,178127.59
2015-10-08,1.12377,1.13273,1.12377,1.12844,1.1238,1.13275,1.1238,1.12846,2e-05,182382.73
2015-10-09,1.12843,1.13871,1.12671,1.13566,1.12846,1.13873,1.12674,1.13593,0.00027,157863.78
2015-10-12,1.13675,1.13968,1.13517,1.13518,1.1368,1.13971,1.13523,1.13523,5e-05,121164.94
2015-10-13,1.13519,1.1411,1.13442,1.13833,1.13523,1.14112,1.13445,1.13838,5e-05,160910.06
2015-10-14,1.13836,1.14891,1.13832,1.14736,1.13838,1.14892,1.13836,1.1474,4e-05,180400.38
2015-10-15,1.14736,1.1495,1.13632,1.13663,1.14739,1.14952,1.13633,1.13666,3e-05,186005.45
2015-10-16,1.13662,1.1395,1.13344,1.13466,1.13666,1.13953,1.13346,1.13512,0.00046,141291.19
2015-10-19,1.13578,1.13789,1.13058,1.13285,1.13581,1.13791,1.1306,1.13287,2e-05,127274.17
2015-10-20,1.13286,1.13871,1.1324,1.13543,1.13287,1.13872,1.13244,1.13548,5e-05,134988.7
2015-10-21,1.13544,1.13775,1.13345,1.13459,1.13548,1.13776,1.13346,1.13463,4e-05,139427.36
2015-10-22,1.13459,1.13509,1.10719,1.10818,1.13462,1.13513,1.10722,1.1082,2e-05,211044.41
2015-10-23,1.1082,1.11398,1.09966,1.10165,1.10821,1.114,1.09968,1.10195,0.0003,195562.66
2015-10-26,1.10186,1.10682,1.10039,1.10589,1.1019,1.10685,1.1004,1.10593,4e-05,147334.97
2015-10-27,1.10589,1.10784,1.10303,1.10325,1.10591,1.10787,1.10304,1.10328,3e-05,148987.84
2015-10-28,1.10327,1.10956,1.08969,1.09236,1.10329,1.10958,1.08972,1.09241,5e-05,176739.72
2015-10-29,1.09236,1.09978,1.09036,1.09886,1.0924,1.09979,1.09038,1.09891,5e-05,193133.81
2015-10-30,1.09886,1.10722,1.09655,1.10033,1.09888,1.10724,1.09659,1.10087,0.00054,171129.38
2015-11-02,1.10227,1.10525,1.10002,1.10146,1.1023,1.10528,1.10003,1.10149,3e-05,144148.61
2015-11-03,1.10145,1.10301,1.09363,1.09617,1.10148,1.10303,1.09365,1.09621,4e-05,162700.78
2015-11-04,1.09617,1.09657,1.08442,1.08636,1.09622,1.09658,1.08446,1.08639,3e-05,174248.48
2015-11-05,1.08635,1.08972,1.08336,1.08835,1.08639,1.08977,1.08339,1.08838,3e-05,171659.95
2015-11-06,1.08834,1.08937,1.07056,1.07369,1.08838,1.08939,1.07062,1.07438,0.00069,181079.17
2015-11-09,1.07291,1.07899,1.07266,1.07599,1.07298,1.07901,1.07269,1.07603,4e-05,190003.17
2015-11-10,1.07601,1.0764,1.06744,1.07366,1.07603,1.07643,1.06746,1.07369,3e-05,162873.12
2015-11-11,1.07365,1.07737,1.07059,1.07633,1.07369,1.07739,1.07061,1.07636,3e-05,162118.62
2015-11-12,1.07633,1.083,1.06912,1.08081,1.07636,1.08302,1.06915,1.08087,6e-05,203739.2
2015-11-13,1.08082,1.08094,1.0714,1.07701,1.08087,1.08099,1.07143,1.07743,0.00042,176144.2
2015-11-16,1.07002,1.0758,1.06745,1.06871,1.07008,1.07583,1.06748,1.06876,5e-05,183745.92
2015-11-17,1.06873,1.06906,1.06308,1.0643,1.06876,1.0691,1.0631,1.06432,2e-05,192813.59
2015-11-18,1.0643,1.06923,1.06168,1.06712,1.06433,1.06925,1.06173,1.06715,3e-05,176787.88
2015-11-19,1.06712,1.07629,1.06671,1.07258,1.06716,1.07631,1.06673,1.07261,3e-05,204101.7
2015-11-20,1.07258,1.07281,1.06398,1.0645,1.07259,1.07285,1.06406,1.0647,0.0002,180843.52
2015-11-23,1.06375,1.06567,1.05926,1.06364,1.06377,1.0657,1.05929,1.06366,2e-05,178194.19
2015-11-24,1.06363,1.06734,1.06196,1.06428,1.06366,1.06735,1.062,1.06431,3e-05,180548.39
2015-11-25,1.06427,1.06892,1.0566,1.06229,1.0643,1.06894,1.05663,1.06232,3e-05,197808.12
2015-11-26,1.06228,1.06272,1.05999,1.06063,1.0623,1.06276,1.06001,1.06066,3e-05,112012.95
2015-11-27,1.06063,1.0638,1.05684,1.05923,1.06066,1.06382,1.05687,1.05968,0.00045,131506.7
2015-11-30,1.05831,1.0595,1.05579,1.05697,1.05835,1.05952,1.05581,1.05699,2e-05,165339.8
2015-12-01,1.05696,1.0637,1.05632,1.06262,1.05698,1.06371,1.05636,1.06265,3e-05,212908.94
2015-12-02,1.06263,1.06324,1.05508,1.06104,1.06265,1.06325,1.0551,1.06107,3e-05,218342.56
2015-12-03,1.06105,1.09812,1.0522,1.09177,1.06107,1.09815,1.0524,1.09182,5e-05,293167.28
2015-12-04,1.09176,1.09562,1.08361,1.08818,1.09182,1.09565,1.08364,1.08868,0.0005,260156.05
2015-12-07,1.0881,1.08811,1.0796,1.08335,1.08814,1.08816,1.07962,1.08339,4e-05,179276.23
2015-12-08,1.08336,1.09023,1.08301,1.08923,1.08339,1.09024,1.08305,1.08927,4e-05,203371.81
2015-12-09,1.08922,1.10426,1.08791,1.10147,1.08927,1.10429,1.08795,1.10152,5e-05,220629.17
2015-12-10,1.10149,1.10214,1.09252,1.09468,1.10152,1.10217,1.09255,1.09469,1e-05,195193.16
2015-12-11,1.09468,1.10307,1.09265,1.09928,1.0947,1.10309,1.09267,1.09947,0.00019,188903.69
2015-12-14,1.09804,1.10485,1.09455,1.09912,1.0981,1.10487,1.09457,1.09917,5e-05,227549.06
2015-12-15,1.09912,1.10596,1.09046,1.09338,1.09916,1.10599,1.09048,1.09342,4e-05,209032.31
2015-12-16,1.09338,1.10116,1.08658,1.08732,1.09343,1.10121,1.08662,1.08738,6e-05,237283.52
2015-12-17,1.08735,1.08875,1.08026,1.08426,1.08738,1.08877,1.08027,1.08431,5e-05,203021.31
2015-12-18,1.08428,1.08745,1.08049,1.08632,1.08431,1.08749,1.08052,1.08716,0.00084,198604.27
2015-12-21,1.08695,1.09389,1.08479,1.09108,1.08699,1.09392,1.08481,1.0911,2e-05,183833.03
2015-12-22,1.0911,1.09842,1.09022,1.09486,1.09111,1.09843,1.09025,1.0949,4e-05,163637.72
2015-12-23,1.09485,1.09528,1.087,1.0908,1.0949,1.09532,1.08701,1.09084,4e-05,134839.17
2015-12-24,1.09081,1.09677,1.0908,1.09665,1.09084,1.09687,1.09084,1.09678,0.00013,78394.35
2015-12-25,1.09667,1.09734,1.09431,1.09646,1.09679,1.09754,1.09444,1.09708,0.00062,4726.39
2015-12-28,1.09642,1.09923,1.09559,1.09745,1.09645,1.09927,1.09563,1.09747,2e-05,118917.7
2015-12-29,1.09746,1.09917,1.08991,1.09256,1.09747,1.0992,1.08992,1.09263,7e-05,130524.59
2015-12-30,1.09256,1.09436,1.0902,1.0935,1.09261,1.0944,1.09023,1.09355,5e-05,125550.19
2015-12-31,1.09349,1.09372,1.08529,1.08564,1.09355,1.09374,1.08532,1.08608,0.00044,103298.84
2016-01-04,1.08515,1.09463,1.07812,1.08237,1.0852,1.09466,1.07813,1.08242,5e-05,193941.52
2016-01-05,1.08239,1.08388,1.07107,1.07502,1.08242,1.08391,1.07108,1.07508,6e-05,203779.47
2016-01-06,1.07503,1.07993,1.07148,1.07766,1.07509,1.07996,1.07158,1.0777,4e-05,225000.44
2016-01-07,1.07766,1.09401,1.0771,1.09255,1.0777,1.09403,1.07714,1.09261,6e-05,248091.81
2016-01-08,1.09255,1.09299,1.08033,1.09235,1.09261,1.09308,1.08036,1.09291,0.00056,225739.59
2016-01-11,1.09371,1.09454,1.08479,1.08563,1.09379,1.09457,1.08481,1.08567,4e-05,205385.16
2016-01-12,1.08562,1.09002,1.08197,1.0843,1.08566,1.09004,1.08199,1.08433,3e-05,238659.47
2016-01-13,1.0843,1.08885,1.08049,1.08853,1.08431,1.08888,1.0805,1.08858,5e-05,260915.41
2016-01-14,1.08854,1.09432,1.08346,1.0857,1.08859,1.09434,1.08347,1.08574,4e-05,283523.56
2016-01-15,1.0857,1.09846,1.08563,1.0915,1.08575,1.09848,1.08567,1.09197,0.00047,302146.44
2016-01-18,1.09183,1.09237,1.08689,1.08925,1.09186,1.0924,1.0869,1.08929,4e-05,190438.88
2016-01-19,1.08925,1.09389,1.08595,1.09105,1.0893,1.09391,1.08597,1.0911,5e-05,275003.38
2016-01-20,1.09106,1.0976,1.08732,1.08746,1.0911,1.09761,1.08737,1.0875,4e-05,322863.22
2016-01-21,1.08745,1.0921,1.0778,1.0858,1.0875,1.09212,1.07781,1.08583,3e-05,363617.84
2016-01-22,1.08581,1.08629,1.07892,1.07947,1.08583,1.0863,1.07896,1.0802,0.00073,335113.91
2016-01-25,1.0797,1.08569,1.07899,1.08524,1.07972,1.08571,1.079,1.08527,3e-05,281230.16
2016-01-26,1.08523,1.08743,1.08187,1.08617,1.08527,1.08745,1.08188,1.08621,4e-05,286050.56
2016-01-27,1.08616,1.09164,1.08507,1.0902,1.08621,1.09165,1.08509,1.09024,4e-05,306419.44
2016-01-28,1.0902,1.09676,1.08697,1.09352,1.09025,1.09678,1.08698,1.09357,5e-05,318400.59
2016-01-29,1.09353,1.09485,1.081,1.083,1.09357,1.0949,1.08103,1.08312,0.00012,340410.47
2016-02-01,1.08253,1.09128,1.08242,1.08958,1.08261,1.0913,1.08247,1.08961,3e-05,288716.59
2016-02-02,1.08957,1.09399,1.08924,1.09184,1.08961,1.09401,1.08925,1.09189,5e-05,289006.97
2016-02-03,1.09187,1.11455,1.09038,1.10929,1.09189,1.11458,1.09039,1.10933,4e-05,357748.47
2016-02-04,1.10928,1.12389,1.10696,1.11994,1.10932,1.12391,1.10697,1.11997,3e-05,377078.56
2016-02-05,1.11994,1.1247,1.11088,1.11561,1.11996,1.12492,1.11092,1.11619,0.00058,322812.91
2016-02-08,1.11434,1.12159,1.10865,1.1189,1.11442,1.12161,1.10867,1.11896,6e-05,356181.47
2016-02-09,1.1189,1.13379,1.11624,1.1288,1.11891,1.13381,1.11625,1.12886,6e-05,400677.78
2016-02-10,1.1288,1.13115,1.11606,1.12838,1.12887,1.13117,1.11607,1.12843,5e-05,417243.34
2016-02-11,1.12839,1.13762,1.12741,1.13159,1.12843,1.13765,1.12742,1.13165,6e-05,412261.44
2016-02-12,1.13161,1.13338,1.12141,1.12532,1.13165,1.1334,1.12142,1.1258,0.00048,340865.28
2016-02-15,1.12232,1.12389,1.1128,1.11762,1.12237,1.12393,1.11282,1.11765,3e-05,258790.31
2016-02-16,1.11762,1.11931,1.11242,1.11429,1.11763,1.11933,1.11245,1.11434,5e-05,327288.69
2016-02-17,1.1143,1.1179,1.1106,1.11204,1.11434,1.11795,1.11062,1.11206,2e-05,338320.0
2016-02-18,1.11205,1.11497,1.1071,1.11075,1.11209,1.11499,1.10712,1.1108,5e-05,344235.19
2016-02-19,1.11075,1.11392,1.10669,1.11284,1.11078,1.11395,1.10671,1.1132,0.00036,319998.41
2016-02-22,1.11221,1.11238,1.10032,1.10251,1.11224,1.1124,1.10033,1.10256,5e-05,319818.31
2016-02-23,1.10251,1.10527,1.09901,1.10234,1.10256,1.1053,1.09903,1.10237,3e-05,326587.06
2016-02-24,1.10232,1.10461,1.09573,1.1014,1.10236,1.10463,1.09575,1.10146,6e-05,363386.03
2016-02-25,1.1014,1.10498,1.09867,1.10231,1.10146,1.10499,1.09869,1.10235,4e-05,340465.62
2016-02-26,1.10231,1.10683,1.09116,1.093,1.10234,1.10686,1.09119,1.09329,0.00029,336133.66
2016-02-29,1.09243,1.09625,1.08593,1.08853,1.09248,1.09627,1.08595,1.08858,5e-05,344151.97
2016-03-01,1.08853,1.08935,1.08342,1.08761,1.08857,1.08938,1.08343,1.08765,4e-05,343274.97
2016-03-02,1.0876,1.08809,1.08255,1.08692,1.08765,1.08814,1.08258,1.08695,3e-05,340963.44
2016-03-03,1.08693,1.09727,1.08536,1.09455,1.08695,1.09729,1.08537,1.0946,5e-05,335634.19
2016-03-04,1.09456,1.10434,1.09034,1.10055,1.0946,1.10436,1.09036,1.10077,0.00022,337381.16
2016-03-07,1.09913,1.10258,1.094,1.10123,1.0992,1.10259,1.09402,1.10127,4e-05,316071.41
2016-03-08,1.10123,1.10578,1.09936,1.10002,1.10128,1.1058,1.09939,1.10007,5e-05,322509.16
2016-03-09,1.10001,1.10349,1.09461,1.09858,1.10006,1.10351,1.09462,1.09862,4e-05,330986.0
2016-03-10,1.09859,1.12179,1.08222,1.11763,1.09862,1.12183,1.08223,1.11768,5e-05,387736.09
2016-03-11,1.11763,1.12096,1.10803,1.11468,1.11766,1.12099,1.10805,1.11495,0.00027,326235.44
2016-03-14,1.11651,1.11666,1.10779,1.10999,1.11654,1.11669,1.10781,1.11003,4e-05,310620.62
2016-03-15,1.11,1.11248,1.10719,1.1107,1.11003,1.11249,1.10724,1.11074,4e-05,373821.22
2016-03-16,1.11071,1.12421,1.10579,1.12161,1.11074,1.12424,1.10581,1.12163,2e-05,348791.16
2016-03-17,1.12161,1.13425,1.12055,1.13152,1.12163,1.13427,1.12058,1.13156,4e-05,390560.78
2016-03-18,1.13151,1.13368,1.12562,1.12696,1.13154,1.13371,1.12563,1.12711,0.00015,324413.25
2016-03-21,1.12744,1.12848,1.1233,1.12349,1.12751,1.1285,1.12332,1.12354,5e-05,288874.81
2016-03-22,1.1235,1.12599,1.11885,1.12211,1.12353,1.12601,1.11888,1.12215,4e-05,309998.47
2016-03-23,1.12211,1.12211,1.11594,1.11779,1.12216,1.12216,1.11596,1.11784,5e-05,294407.47
2016-03-24,1.11778,1.11877,1.11442,1.11644,1.11784,1.11879,1.11449,1.1165,6e-05,270531.88
2016-03-25,1.11644,1.11757,1.11529,1.11624,1.1165,1.11768,1.11542,1.11712,0.00088,54683.24
2016-03-28,1.11572,1.12198,1.1153,1.12007,1.11576,1.12201,1.11531,1.1201,3e-05,166510.95
2016-03-29,1.12007,1.13033,1.1169,1.12892,1.12011,1.13035,1.11692,1.12896,4e-05,309638.12
2016-03-30,1.12893,1.13654,1.12863,1.13327,1.12896,1.13655,1.12865,1.1333,3e-05,340341.53
2016-03-31,1.13326,1.14118,1.13101,1.13785,1.13328,1.14121,1.13103,1.13789,4e-05,293081.12
2016-04-01,1.13785,1.14379,1.13347,1.13899,1.13788,1.14381,1.13348,1.13966,0.00067,263826.34
2016-04-04,1.13952,1.14125,1.13574,1.13865,1.13953,1.14129,1.13576,1.13867,2e-05,252373.05
2016-04-05,1.13857,1.1405,1.13359,1.13805,1.13859,1.14054,1.13361,1.13807,2e-05,245981.0
2016-04-06,1.13805,1.14316,1.13266,1.14001,1.13807,1.14319,1.13269,1.14007,6e-05,255691.45
2016-04-07,1.14002,1.14539,1.13376,1.13668,1.14005,1.1454,1.13378,1.13669,1e-05,284966.0
2016-04-08,1.13667,1.14193,1.13491,1.1395,1.13668,1.14195,1.13493,1.13997,0.00047,235422.7
2016-04-11,1.14047,1.14473,1.13723,1.14102,1.14052,1.14476,1.13725,1.14106,4e-05,237009.94
2016-04-12,1.14101,1.14649,1.13453,1.13831,1.14106,1.1465,1.13458,1.13834,3e-05,259334.84
2016-04-13,1.1383,1.13912,1.12682,1.12779,1.13835,1.13914,1.12685,1.12783,4e-05,265812.62
2016-04-14,1.12779,1.12948,1.12339,1.12651,1.12781,1.1295,1.12341,1.12654,3e-05,243598.56
2016-04-15,1.1265,1.13169,1.12457,1.12823,1.12653,1.13171,1.12459,1.12855,0.00032,193951.92
2016-04-18,1.12978,1.13321,1.12737,1.13077,1.12981,1.13324,1.1274,1.1308,3e-05,205265.12
2016-04-19,1.13078,1.13845,1.13034,1.13583,1.1308,1.13847,1.13037,1.13586,3e-05,223942.47
2016-04-20,1.13583,1.13876,1.12905,1.13022,1.13587,1.13877,1.12907,1.13027,5e-05,246967.14
2016-04-21,1.13024,1.13981,1.12699,1.12902,1.13027,1.13985,1.12701,1.12905,3e-05,262475.5
2016-04-22,1.12902,1.13087,1.12181,1.12227,1.12906,1.13088,1.12184,1.12266,0.00039,234473.62
2016-04-25,1.12312,1.12781,1.12235,1.12664,1.12317,1.12783,1.1224,1.12667,3e-05,234944.91
2016-04-26,1.12663,1.13397,1.12562,1.12959,1.12668,1.13398,1.12566,1.12963,4e-05,256540.16
2016-04-27,1.12959,1.1361,1.12715,1.13264,1.12963,1.13618,1.12718,1.13267,3e-05,273769.62
2016-04-28,1.13264,1.13679,1.12959,1.13571,1.13267,1.13682,1.12963,1.13574,3e-05,293027.16
2016-04-29,1.13569,1.14592,1.13562,1.14503,1.13571,1.14595,1.13565,1.14516,0.00013,272977.41
2016-05-02,1.14608,1.1536,1.14482,1.15234,1.14611,1.15362,1.14484,1.15238,4e-05,211397.36
2016-05-03,1.15232,1.16162,1.14929,1.15008,1.15236,1.16164,1.14934,1.15012,4e-05,273512.78
2016-05-04,1.1501,1.15294,1.14661,1.1491,1.15013,1.15297,1.14666,1.14912,2e-05,273581.88
2016-05-05,1.14908,1.14938,1.13859,1.14004,1.1491,1.14941,1.13861,1.14007,3e-05,223831.44
2016-05-06,1.14004,1.14802,1.13866,1.14023,1.14006,1.14804,1.13868,1.14092,0.00069,232430.12
2016-05-09,1.13857,1.14199,1.13753,1.13832,1.13859,1.14201,1.13755,1.13836,4e-05,216458.78
2016-05-10,1.13831,1.14098,1.13587,1.1373,1.13837,1.14101,1.13589,1.13736,6e-05,204446.95
2016-05-11,1.13732,1.14466,1.13724,1.1424,1.13737,1.14467,1.13727,1.14244,4e-05,185486.88
2016-05-12,1.1424,1.14291,1.13706,1.13742,1.14242,1.14294,1.13709,1.13745,3e-05,195163.62
2016-05-13,1.13741,1.13785,1.1283,1.13097,1.13745,1.13789,1.12831,1.13136,0.00039,238153.56
2016-05-16,1.13173,1.13422,1.13029,1.13151,1.13177,1.13425,1.13033,1.13154,3e-05,175442.8
2016-05-17,1.13151,1.13487,1.1302,1.1314,1.13154,1.1349,1.13022,1.13142,2e-05,190460.73
2016-05-18,1.13141,1.13161,1.12141,1.12195,1.13142,1.13164,1.12144,1.12198,3e-05,234894.34
2016-05-19,1.12196,1.12299,1.11801,1.12019,1.12198,1.12301,1.11802,1.12023,4e-05,233208.64
2016-05-20,1.1202,1.12375,1.11963,1.12222,1.12023,1.12381,1.11966,1.12242,0.0002,164452.0
2016-05-23,1.12204,1.12428,1.11875,1.12129,1.12208,1.12432,1.11878,1.12133,4e-05,182541.2
2016-05-24,1.12131,1.12271,1.11324,1.11352,1.12134,1.12273,1.11327,1.11356,4e-05,215210.09
2016-05-25,1.11352,1.11669,1.11289,1.11549,1.11357,1.11671,1.11291,1.11553,4e-05,212477.7
2016-05-26,1.11549,1.12168,1.11542,1.11915,1.11554,1.12169,1.11545,1.11918,3e-05,210178.09
2016-05-27,1.11915,1.12007,1.11109,1.11116,1.1192,1.12009,1.11112,1.11164,0.00048,179006.22
2016-05-30,1.1108,1.11495,1.10978,1.11475,1.11087,1.11498,1.1098,1.11477,2e-05,118135.0
2016-05-31,1.11476,1.11734,1.11222,1.1134,1.11478,1.11736,1.11224,1.11342,2e-05,217690.09
2016-06-01,1.11339,1.11939,1.11141,1.11875,1.11342,1.11941,1.11144,1.11879,4e-05,221569.55
2016-06-02,1.11874,1.12199,1.11453,1.11515,1.11879,1.122,1.11455,1.11518,3e-05,209480.91
2016-06-03,1.11516,1.13736,1.11367,1.13658,1.11518,1.13739,1.1137,1.13672,0.00014,232506.48
2016-06-06,1.13511,1.13926,1.13263,1.13627,1.13513,1.13929,1.13265,1.13631,4e-05,222855.06
2016-06-07,1.13628,1.13804,1.13386,1.13557,1.13632,1.13805,1.13388,1.13561,4e-05,181028.23
2016-06-08,1.13992,1.13995,1.13981,1.13987,1.13998,1.14001,1.13987,1.13993,6e-05,54.0
2016-06-09,1.14026,1.14155,1.13056,1.13097,1.1403,1.14157,1.13058,1.13102,5e-05,201623.48
2016-06-10,1.13098,1.13214,1.12452,1.12498,1.13102,1.13216,1.12454,1.12518,0.0002,196036.66
2016-06-13,1.12379,1.13028,1.12323,1.12877,1.12386,1.1303,1.12326,1.12881,4e-05,201026.05
2016-06-14,1.12877,1.12985,1.11889,1.12103,1.12882,1.12988,1.11891,1.12108,5e-05,198706.83
2016-06-15,1.12103,1.12975,1.11897,1.12611,1.12108,1.12982,1.11901,1.12616,5e-05,206081.56
2016-06-16,1.1261,1.12949,1.1131,1.12696,1.12615,1.12951,1.11311,1.12698,2e-05,264771.62
2016-06-17,1.12714,1.12962,1.12231,1.12732,1.12716,1.12964,1.12233,1.12793,0.00061,199737.62
2016-06-20,1.13468,1.13824,1.1302,1.13216,1.13474,1.13826,1.13022,1.13218,2e-05,238362.05
2016-06-21,1.13216,1.13495,1.12401,1.12494,1.13219,1.13499,1.12415,1.12498,4e-05,218732.16
2016-06-22,1.12495,1.13475,1.12366,1.13256,1.12499,1.1348,1.1237,1.13261,5e-05,228912.95
2016-06-23,1.13257,1.14278,1.12693,1.13328,1.13261,1.1429,1.12702,1.13343,0.00015,264083.16
2016-06-24,1.13332,1.13372,1.09116,1.10913,1.13343,1.1338,1.09118,1.11141,0.00228,340410.16
2016-06-27,1.10395,1.10837,1.09709,1.10137,1.10404,1.10838,1.0971,1.1014,3e-05,293307.88
2016-06-28,1.10136,1.11116,1.10128,1.10753,1.1014,1.1112,1.10132,1.10759,6e-05,241435.59
2016-06-29,1.10753,1.11303,1.10494,1.1122,1.10758,1.11305,1.10495,1.11225,5e-05,244264.66
2016-06-30,1.11221,1.11545,1.10241,1.1103,1.11226,1.11546,1.10243,1.11031,1e-05,276728.0
2016-07-01,1.11029,1.11693,1.1072,1.11365,1.1103,1.11696,1.10723,1.11418,0.00053,218999.41
2016-07-04,1.11273,1.11595,1.10979,1.11444,1.11279,1.11599,1.1098,1.11448,4e-05,155125.3
2016-07-05,1.11443,1.11863,1.10581,1.10635,1.11448,1.11865,1.10587,1.1064,5e-05,215501.81
2016-07-06,1.10634,1.11116,1.10291,1.10968,1.10639,1.11118,1.10292,1.10972,4e-05,239954.0
2016-07-07,1.10968,1.11072,1.10526,1.10636,1.10972,1.11074,1.10528,1.10639,3e-05,202694.34
2016-07-08,1.10634,1.11201,1.10018,1.10497,1.10636,1.11208,1.10019,1.10523,0.00026,191901.11
2016-07-11,1.10439,1.10746,1.10159,1.10567,1.10444,1.10748,1.1016,1.10571,4e-05,192310.22
2016-07-12,1.10567,1.11259,1.10521,1.106,1.10571,1.11264,1.10524,1.10604,4e-05,221604.83
2016-07-13,1.106,1.11199,1.1042,1.10949,1.10603,1.112,1.10424,1.10952,3e-05,227676.88
2016-07-14,1.10948,1.11648,1.10884,1.11062,1.10952,1.1165,1.10886,1.11067,5e-05,242565.66
2016-07-15,1.11062,1.11488,1.10248,1.10295,1.11066,1.1149,1.10253,1.10374,0.00079,217761.34
2016-07-18,1.10561,1.10842,1.10376,1.10682,1.10565,1.10844,1.10377,1.10684,2e-05,177076.41
2016-07-19,1.10681,1.10804,1.1,1.10135,1.10684,1.10807,1.10001,1.10139,4e-05,204482.0
2016-07-20,1.10135,1.10301,1.09815,1.10163,1.10139,1.10305,1.09816,1.10167,4e-05,676855.5
2016-07-21,1.10163,1.10599,1.09796,1.1032,1.10167,1.10602,1.09798,1.10324,4e-05,1109066.38
2016-07-22,1.1032,1.1041,1.09555,1.09754,1.10324,1.10413,1.09557,1.09777,0.00023,950224.31
2016-07-25,1.0969,1.09987,1.09519,1.09891,1.09691,1.09991,1.09521,1.09896,5e-05,901409.31
2016-07-26,1.09891,1.10298,1.09783,1.09871,1.09895,1.103,1.09785,1.09875,4e-05,853359.25
2016-07-27,1.09871,1.10737,1.09612,1.10671,1.09875,1.10738,1.09619,1.10673,2e-05,922284.12
2016-07-28,1.10671,1.11195,1.10591,1.10825,1.10673,1.11196,1.10593,1.10826,1e-05,1100398.25
2016-07-29,1.10825,1.11974,1.10727,1.11726,1.10828,1.11975,1.10732,1.11765,0.00039,1069913.12
2016-08-01,1.11672,1.11814,1.11552,1.11669,1.11674,1.11816,1.11553,1.11673,4e-05,819024.38
2016-08-02,1.11669,1.12336,1.11622,1.12178,1.11672,1.12339,1.11624,1.12182,4e-05,1022741.12
2016-08-03,1.12178,1.1219,1.11406,1.11501,1.12182,1.12195,1.11408,1.11506,5e-05,897749.5
2016-08-04,1.11501,1.11563,1.1114,1.11347,1.11506,1.11565,1.11142,1.11352,5e-05,957281.69
2016-08-05,1.11347,1.11612,1.10458,1.10854,1.11352,1.11613,1.1046,1.10897,0.00043,846211.12
2016-08-08,1.10868,1.11049,1.10721,1.1085,1.10872,1.11052,1.10723,1.10854,4e-05,785286.44
2016-08-09,1.1085,1.11225,1.10705,1.11176,1.10854,1.11227,1.10708,1.1118,4e-05,828683.06
2016-08-10,1.11176,1.11914,1.1117,1.1185,1.11181,1.11918,1.11173,1.11855,5e-05,897905.12
2016-08-11,1.1185,1.11901,1.1135,1.11382,1.11855,1.11903,1.11357,1.11383,1e-05,776352.12
2016-08-12,1.11382,1.12213,1.11313,1.11621,1.11383,1.12215,1.11316,1.11666,0.00045,736205.69
2016-08-15,1.11642,1.12034,1.11538,1.11818,1.11647,1.12035,1.11541,1.11821,3e-05,755901.25
2016-08-16,1.11819,1.13223,1.11774,1.12759,1.11821,1.13226,1.11776,1.12763,4e-05,880740.62
2016-08-17,1.12759,1.13159,1.12407,1.12989,1.12763,1.1316,1.12415,1.12993,4e-05,803391.06
2016-08-18,1.12989,1.13663,1.12951,1.13475,1.12993,1.13665,1.12954,1.13478,3e-05,839357.0
2016-08-19,1.13471,1.13488,1.13042,1.13216,1.13473,1.13491,1.13043,1.13256,0.0004,736860.06
2016-08-22,1.12978,1.13306,1.1271,1.13172,1.1298,1.13308,1.12714,1.13175,3e-05,1025027.81
2016-08-23,1.13171,1.13553,1.12996,1.13016,1.13175,1.13554,1.12999,1.1302,4e-05,954660.88
2016-08-24,1.13016,1.13115,1.12452,1.12609,1.1302,1.13117,1.12453,1.12613,4e-05,888467.62
2016-08-25,1.12609,1.12974,1.12592,1.12865,1.12613,1.12977,1.12594,1.12869,4e-05,621790.5
2016-08-26,1.12865,1.13408,1.11804,1.11953,1.12869,1.13411,1.11806,1.11998,0.00045,707485.25
2016-08-29,1.11975,1.12077,1.1158,1.11904,1.11977,1.1208,1.11581,1.11906,2e-05,820302.75
2016-08-30,1.11904,1.11907,1.11321,1.11498,1.11906,1.11909,1.11323,1.11503,5e-05,996209.81
2016-08-31,1.11498,1.11654,1.11232,1.11562,1.11503,1.11657,1.11235,1.11564,2e-05,1098957.38
2016-09-01,1.11564,1.12051,1.11276,1.11985,1.11566,1.12053,1.11277,1.11989,4e-05,1136568.12
2016-09-02,1.11985,1.12521,1.11503,1.11539,1.11989,1.12525,1.11505,1.11565,0.00026,1075797.88
2016-09-05,1.1158,1.11824,1.11395,1.11504,1.11583,1.11825,1.11396,1.11506,2e-05,781260.0
2016-09-06,1.11504,1.12631,1.11409,1.12457,1.11506,1.12633,1.11411,1.12459,2e-05,1155938.88
2016-09-07,1.12458,1.12714,1.1229,1.12381,1.1246,1.12716,1.12292,1.12384,3e-05,1046392.94
2016-09-08,1.12381,1.13269,1.12345,1.12684,1.12384,1.13272,1.12346,1.12686,2e-05,1233327.12
2016-09-09,1.12682,1.1285,1.11985,1.12318,1.12684,1.12851,1.11988,1.12345,0.00027,1152026.5
2016-09-12,1.12406,1.12684,1.12103,1.12404,1.12407,1.12686,1.12105,1.12408,4e-05,1181446.62
2016-09-13,1.12404,1.12602,1.12039,1.12191,1.12408,1.12604,1.1204,1.12194,3e-05,1169018.38
2016-09-14,1.12191,1.1274,1.12137,1.1245,1.12194,1.12743,1.12138,1.12457,7e-05,1105472.5
2016-09-15,1.1245,1.12843,1.1219,1.12468,1.12456,1.12844,1.12192,1.12473,5e-05,1063573.38
2016-09-16,1.12469,1.1248,1.11495,1.11509,1.12474,1.12483,1.11497,1.11592,0.00083,1053947.0
2016-09-19,1.11576,1.11978,1.11507,1.11771,1.11579,1.11979,1.1151,1.11773,2e-05,1147771.38
2016-09-20,1.11771,1.12134,1.11495,1.1153,1.11773,1.12136,1.11498,1.11533,3e-05,1133500.62
2016-09-21,1.1153,1.11966,1.1123,1.1189,1.11533,1.11969,1.11233,1.11894,4e-05,1286159.12
2016-09-22,1.1189,1.12573,1.11849,1.12081,1.11894,1.12575,1.1185,1.12083,2e-05,1340682.38
2016-09-23,1.12081,1.12405,1.11938,1.12237,1.12083,1.12407,1.11942,1.1228,0.00043,1157641.38
2016-09-26,1.12373,1.12792,1.12211,1.125,1.12378,1.12794,1.12213,1.12502,2e-05,1170617.75
2016-09-27,1.12501,1.12589,1.1191,1.1217,1.12502,1.12591,1.11912,1.12172,2e-05,1230913.62
2016-09-28,1.1217,1.12369,1.1182,1.12233,1.12172,1.12371,1.11821,1.12235,2e-05,1319076.88
2016-09-29,1.12233,1.12497,1.11968,1.12186,1.12235,1.12499,1.1197,1.12191,5e-05,1377967.25
2016-09-30,1.12187,1.12507,1.11533,1.12392,1.12191,1.12509,1.11535,1.12434,0.00042,1372345.25
2016-10-03,1.12328,1.12416,1.12052,1.12091,1.12333,1.12418,1.12053,1.12095,4e-05,1000987.12
2016-10-04,1.12093,1.12391,1.11379,1.12091,1.12095,1.12392,1.11381,1.12094,3e-05,1230517.0
2016-10-05,1.12091,1.12333,1.11897,1.12059,1.12094,1.12335,1.11898,1.12062,3e-05,1134478.88
2016-10-06,1.12059,1.12103,1.11252,1.11418,1.12062,1.12105,1.11254,1.11423,5e-05,1092857.88
2016-10-07,1.11418,1.12051,1.11043,1.11967,1.11423,1.12052,1.11046,1.12039,0.00072,1223312.5
2016-10-10,1.11945,1.12003,1.11314,1.11405,1.11949,1.12005,1.11315,1.11409,4e-05,980133.0
2016-10-11,1.11405,1.11405,1.10488,1.10573,1.11409,1.11409,1.1049,1.10576,3e-05,1061786.62
2016-10-12,1.10574,1.10611,1.10044,1.10103,1.10577,1.10612,1.10046,1.10106,3e-05,1116438.38
2016-10-13,1.10103,1.10581,1.09855,1.10479,1.10106,1.10591,1.09856,1.10484,5e-05,1030775.38
2016-10-14,1.1048,1.10565,1.09697,1.09697,1.10484,1.10567,1.09708,1.09729,0.00032,1072483.0
2016-10-17,1.09656,1.10141,1.09638,1.10109,1.09659,1.10146,1.0964,1.10112,3e-05,1046412.0
2016-10-18,1.10107,1.10263,1.097,1.09746,1.10112,1.10266,1.09703,1.09749,3e-05,962075.5
2016-10-19,1.09746,1.10048,1.0955,1.09744,1.09748,1.10049,1.09551,1.09748,4e-05,981921.81
2016-10-20,1.09744,1.10392,1.09159,1.09293,1.09748,1.10395,1.0916,1.09295,2e-05,1015002.31
2016-10-21,1.09293,1.09295,1.08592,1.08818,1.09296,1.09298,1.08596,1.0889,0.00072,951558.31
2016-10-24,1.088,1.08996,1.08596,1.08729,1.08804,1.08998,1.08598,1.08732,3e-05,491924.47
2016-10-25,1.0873,1.0905,1.08511,1.08861,1.08733,1.09052,1.08512,1.08865,4e-05,193149.45
2016-10-26,1.0886,1.09464,1.08744,1.09095,1.08864,1.09465,1.08746,1.091,5e-05,190968.16
2016-10-27,1.09095,1.09422,1.08826,1.0897,1.09096,1.09423,1.08827,1.08976,6e-05,181506.34
2016-10-28,1.08971,1.09917,1.0895,1.09824,1.08973,1.09919,1.08955,1.09892,0.00068,189372.8
2016-10-31,1.09821,1.09826,1.09359,1.09707,1.09825,1.09828,1.09361,1.0971,3e-05,178320.5
2016-11-01,1.09708,1.1069,1.09599,1.10553,1.0971,1.10692,1.09602,1.10556,3e-05,221563.66
2016-11-02,1.10555,1.1123,1.10496,1.10939,1.10556,1.11232,1.105,1.10943,4e-05,242436.11
2016-11-03,1.1094,1.11259,1.10596,1.10995,1.10943,1.11261,1.10599,1.10998,3e-05,253564.86
2016-11-04,1.10994,1.11412,1.10798,1.11379,1.10995,1.11429,1.10801,1.11426,0.00047,217006.48
2016-11-07,1.10946,1.11103,1.10274,1.1049,1.1095,1.11106,1.10275,1.10494,4e-05,224674.84
2016-11-08,1.10489,1.10669,1.10047,1.10177,1.10494,1.10671,1.10051,1.10182,5e-05,211768.11
2016-11-09,1.10178,1.12995,1.0907,1.09196,1.10182,1.12998,1.09073,1.09198,2e-05,432628.16
2016-11-10,1.09193,1.09537,1.08649,1.08873,1.09198,1.0954,1.0865,1.08879,6e-05,313218.25
2016-11-11,1.08873,1.09234,1.08303,1.08516,1.08877,1.09236,1.08306,1.08602,0.00086,288313.75
2016-11-14,1.08226,1.08258,1.07091,1.07455,1.0823,1.08261,1.07092,1.07459,4e-05,365607.69
2016-11-15,1.07454,1.08166,1.07141,1.07244,1.07458,1.08167,1.07142,1.07248,4e-05,299602.69
2016-11-16,1.07244,1.07595,1.06661,1.07062,1.07247,1.07596,1.06662,1.07067,5e-05,284785.06
2016-11-17,1.07062,1.07455,1.06199,1.0622,1.07066,1.07457,1.06201,1.06223,3e-05,247087.7
2016-11-18,1.06219,1.06428,1.05692,1.05866,1.06221,1.0643,1.05694,1.05909,0.00043,260855.94
2016-11-21,1.0583,1.06491,1.05829,1.06374,1.05831,1.06493,1.05831,1.06379,5e-05,235786.55
2016-11-22,1.06374,1.06579,1.05836,1.06332,1.06377,1.06581,1.05838,1.06334,2e-05,219792.23
2016-11-23,1.06332,1.06436,1.05263,1.05419,1.06333,1.06438,1.05264,1.05424,5e-05,220686.52
2016-11-24,1.05419,1.05852,1.0518,1.05601,1.05425,1.05854,1.05183,1.05605,4e-05,185310.7
2016-11-25,1.05601,1.06273,1.05384,1.05901,1.05604,1.06275,1.05388,1.05991,0.0009,213347.83
2016-11-28,1.06089,1.06856,1.05636,1.06189,1.0609,1.06858,1.0564,1.06192,3e-05,232504.66
2016-11-29,1.06188,1.06542,1.05649,1.06472,1.06192,1.06548,1.05651,1.06477,5e-05,226346.88
2016-11-30,1.06472,1.06666,1.05527,1.05903,1.06473,1.06667,1.05528,1.05907,4e-05,280866.03
2016-12-01,1.05903,1.06688,1.05846,1.06621,1.05906,1.06689,1.05847,1.06626,5e-05,278621.84
2016-12-02,1.06621,1.06898,1.06253,1.06632,1.06625,1.069,1.06255,1.06698,0.00066,247566.55
2016-12-05,1.05675,1.07963,1.05374,1.07564,1.05678,1.07965,1.05378,1.07569,5e-05,307861.0
2016-12-06,1.07564,1.07853,1.06986,1.07186,1.07567,1.07855,1.06987,1.0719,4e-05,218718.23
2016-12-07,1.07185,1.07684,1.07098,1.07592,1.07187,1.07685,1.07101,1.07595,3e-05,173033.27
2016-12-08,1.07591,1.08734,1.05973,1.06211,1.07594,1.0874,1.05977,1.06216,5e-05,246892.62
2016-12-09,1.0621,1.06297,1.0531,1.05599,1.06212,1.06298,1.05311,1.05633,0.00034,196037.09
2016-12-12,1.0546,1.06517,1.05254,1.06421,1.05466,1.0652,1.05257,1.06425,4e-05,222248.2
2016-12-13,1.06419,1.06671,1.06037,1.06274,1.06423,1.06674,1.06039,1.06279,5e-05,209177.14
2016-12-14,1.06276,1.067,1.04965,1.05121,1.0628,1.06702,1.04967,1.05125,4e-05,229277.53
2016-12-15,1.0512,1.05228,1.03665,1.04167,1.05125,1.05232,1.03667,1.04172,5e-05,283705.09
2016-12-16,1.04167,1.04742,1.04008,1.04483,1.04172,1.04746,1.04009,1.0455,0.00067,210788.2
2016-12-19,1.04466,1.04795,1.03924,1.04027,1.04467,1.04796,1.03927,1.0403,3e-05,185142.44
2016-12-20,1.04027,1.04178,1.03523,1.03906,1.04028,1.04182,1.03524,1.03909,3e-05,187248.84
2016-12-21,1.03907,1.04511,1.03824,1.04263,1.03909,1.04512,1.03828,1.04268,5e-05,175193.98
2016-12-22,1.04263,1.04993,1.04253,1.04378,1.04266,1.04994,1.04257,1.04383,5e-05,168554.38
2016-12-23,1.04378,1.0469,1.04265,1.04532,1.04382,1.04691,1.04269,1.0456,0.00028,113001.87
2016-12-26,1.04521,1.04674,1.04402,1.04538,1.04545,1.04684,1.04421,1.04547,9e-05,106529.3
2016-12-27,1.04538,1.04633,1.04324,1.04614,1.04548,1.04635,1.04327,1.04617,3e-05,103812.54
2016-12-28,1.04613,1.04798,1.03721,1.04143,1.04616,1.04801,1.03723,1.04147,4e-05,154021.95
2016-12-29,1.04144,1.06526,1.04139,1.05658,1.04147,1.06585,1.04144,1.0567,0.00012,179377.05
2016-12-30,1.05657,1.05914,1.05059,1.0515,1.05669,1.05915,1.05061,1.05219,0.00069,199463.33
2017-01-02,1.0523,1.0526,1.04501,1.04575,1.05283,1.05286,1.04505,1.04579,4e-05,87951.0
2017-01-03,1.04575,1.04901,1.03403,1.04174,1.04578,1.04903,1.03405,1.04179,5e-05,218296.05
2017-01-04,1.04174,1.05013,1.039,1.04971,1.04179,1.05015,1.03902,1.04973,2e-05,228092.48
2017-01-05,1.04968,1.06153,1.04826,1.06039,1.04971,1.06154,1.04827,1.06041,2e-05,273330.28
2017-01-06,1.06039,1.06221,1.0525,1.0529,1.0604,1.06234,1.05251,1.05346,0.00056,226026.66
2017-01-09,1.05294,1.0589,1.05109,1.05858,1.053,1.05896,1.05111,1.05863,5e-05,219645.73
2017-01-10,1.05858,1.06272,1.05509,1.05522,1.05862,1.06274,1.05511,1.05524,2e-05,227707.02
2017-01-11,1.05522,1.06229,1.04538,1.05941,1.05523,1.06232,1.04539,1.05945,4e-05,287661.59
2017-01-12,1.05942,1.06847,1.05714,1.06162,1.05946,1.06848,1.05718,1.06163,1e-05,283076.28
2017-01-13,1.06158,1.06734,1.05961,1.0642,1.06159,1.06738,1.05963,1.06481,0.00061,226614.88
2017-01-16,1.06274,1.06344,1.05793,1.06022,1.06278,1.06347,1.05794,1.06027,5e-05,172454.89
2017-01-17,1.06022,1.07191,1.06007,1.06966,1.06026,1.07193,1.06009,1.06967,1e-05,285585.59
2017-01-18,1.06966,1.07123,1.06244,1.0628,1.06968,1.07126,1.06247,1.06285,5e-05,241426.31
2017-01-19,1.06282,1.06766,1.05892,1.06591,1.06285,1.06769,1.05894,1.06596,5e-05,276319.22
2017-01-20,1.06593,1.07094,1.06251,1.0699,1.06597,1.07097,1.06253,1.07044,0.00054,226792.19
2017-01-23,1.07124,1.07729,1.07063,1.07591,1.07128,1.07731,1.07065,1.07595,4e-05,216128.98
2017-01-24,1.07589,1.07749,1.07204,1.07281,1.07594,1.0775,1.07205,1.07286,5e-05,191667.06
2017-01-25,1.07282,1.07698,1.07112,1.07525,1.07287,1.07699,1.07115,1.07529,4e-05,234112.08
2017-01-26,1.07527,1.07655,1.06576,1.06834,1.07529,1.07658,1.06578,1.06837,3e-05,243428.77
2017-01-27,1.06834,1.0725,1.06584,1.06958,1.06835,1.07251,1.06586,1.07,0.00042,210667.56
2017-01-30,1.07169,1.07402,1.06203,1.07075,1.07175,1.07405,1.06204,1.07079,4e-05,213100.98
2017-01-31,1.07075,1.08122,1.06846,1.08008,1.0708,1.08124,1.06848,1.08012,4e-05,282938.38
2017-02-01,1.08008,1.08073,1.0731,1.07653,1.0801,1.08076,1.07317,1.07655,2e-05,244016.95
2017-02-02,1.07654,1.08288,1.0756,1.07617,1.07656,1.0829,1.07561,1.07621,4e-05,243318.56
2017-02-03,1.07618,1.07975,1.07115,1.07818,1.07621,1.07976,1.07134,1.07876,0.00058,228892.2
2017-02-06,1.07824,1.07887,1.07059,1.0743,1.07828,1.07889,1.0706,1.07434,4e-05,221177.59
2017-02-07,1.0743,1.07444,1.06561,1.06788,1.07435,1.07448,1.06563,1.06789,1e-05,233002.34
2017-02-08,1.06788,1.07139,1.06407,1.06913,1.0679,1.07141,1.06409,1.06918,5e-05,239400.0
2017-02-09,1.0691,1.07095,1.06509,1.06572,1.06917,1.07097,1.06511,1.06577,5e-05,232668.27
2017-02-10,1.06571,1.06677,1.06077,1.06397,1.06575,1.0668,1.06079,1.06427,0.0003,238342.02
2017-02-13,1.06186,1.06585,1.0592,1.05987,1.06189,1.06586,1.05922,1.05991,4e-05,198618.67
2017-02-14,1.05986,1.06333,1.05608,1.05782,1.0599,1.06335,1.0561,1.05785,3e-05,220040.64
2017-02-15,1.05783,1.06092,1.05214,1.0603,1.05785,1.06094,1.05216,1.06034,4e-05,239541.84
2017-02-16,1.0603,1.06794,1.05998,1.06712,1.06034,1.06795,1.06001,1.06714,2e-05,245245.11
2017-02-17,1.06709,1.06767,1.06054,1.06114,1.0671,1.06769,1.06056,1.06151,0.00037,205934.25
2017-02-20,1.0625,1.06299,1.06031,1.06088,1.06252,1.06301,1.06034,1.0609,2e-05,141470.81
2017-02-21,1.06088,1.06127,1.05258,1.0541,1.06091,1.06129,1.05259,1.05414,4e-05,228481.84
2017-02-22,1.05411,1.0574,1.04938,1.05505,1.05414,1.05741,1.04939,1.05509,4e-05,271603.66
2017-02-23,1.05505,1.05952,1.05376,1.05839,1.05509,1.05953,1.05378,1.05842,3e-05,236701.47
2017-02-24,1.0584,1.06179,1.05565,1.05595,1.05843,1.06181,1.0557,1.0563,0.00035,235293.33
2017-02-27,1.0552,1.06306,1.05515,1.05838,1.05523,1.06307,1.05519,1.05841,3e-05,220285.8
2017-02-28,1.05838,1.06301,1.05666,1.05692,1.05841,1.06302,1.05669,1.05694,2e-05,256796.22
2017-03-01,1.05691,1.05894,1.05142,1.05359,1.05693,1.05898,1.05143,1.05363,4e-05,287665.84
2017-03-02,1.05358,1.05456,1.04948,1.0507,1.05364,1.05457,1.0495,1.05074,4e-05,240914.41
2017-03-03,1.0507,1.06239,1.05022,1.06203,1.05074,1.06252,1.05025,1.0625,0.00047,243485.58
2017-03-06,1.06207,1.06399,1.05747,1.05789,1.06213,1.06402,1.05748,1.05796,7e-05,198254.41
2017-03-07,1.05789,1.06025,1.05581,1.05692,1.05794,1.06028,1.05585,1.05696,4e-05,191883.28
2017-03-08,1.05692,1.05741,1.05347,1.05447,1.05697,1.05744,1.05351,1.05451,4e-05,203950.16
2017-03-09,1.05447,1.06151,1.05249,1.05794,1.05452,1.06153,1.05253,1.05798,4e-05,232016.69
2017-03-10,1.05794,1.0699,1.0578,1.06728,1.05797,1.06993,1.05784,1.06763,0.00035,211630.19
2017-03-13,1.06894,1.07142,1.06448,1.06507,1.06899,1.07146,1.06451,1.06512,5e-05,209422.78
2017-03-14,1.06508,1.06624,1.06003,1.06119,1.06513,1.06627,1.06004,1.06124,5e-05,179929.81
2017-03-15,1.0612,1.07399,1.06073,1.07375,1.06125,1.07403,1.06075,1.0738,5e-05,213836.53
2017-03-16,1.07376,1.07742,1.07057,1.07718,1.07379,1.07747,1.0706,1.07722,4e-05,234024.44
2017-03-17,1.07717,1.07823,1.07274,1.07382,1.0772,1.07826,1.07277,1.0739,8e-05,186534.62
2017-03-20,1.07421,1.07772,1.0719,1.07368,1.07427,1.07776,1.07194,1.07372,4e-05,172443.56
2017-03-21,1.07368,1.08191,1.07353,1.08125,1.07371,1.08195,1.07357,1.08128,3e-05,223229.91
2017-03-22,1.08124,1.08245,1.07758,1.07891,1.08128,1.0825,1.07761,1.07897,6e-05,220300.12
2017-03-23,1.07891,1.08048,1.0768,1.0783,1.07896,1.08051,1.07684,1.07837,7e-05,206665.73
2017-03-24,1.07831,1.08179,1.07602,1.07969,1.07836,1.08182,1.07605,1.08004,0.00035,189625.2
2017-03-27,1.08453,1.09058,1.08377,1.08608,1.08457,1.0906,1.08381,1.08613,5e-05,183535.5
2017-03-28,1.08609,1.08725,1.07988,1.08162,1.08613,1.08729,1.07991,1.08167,5e-05,170513.8
2017-03-29,1.08162,1.08264,1.07398,1.07583,1.08167,1.08269,1.07403,1.07588,5e-05,175207.52
2017-03-30,1.07582,1.07679,1.06718,1.06877,1.07588,1.07683,1.06724,1.06879,2e-05,162005.55
2017-03-31,1.06875,1.07018,1.06508,1.06528,1.06881,1.0702,1.06522,1.06561,0.00033,184913.19
2017-04-03,1.06692,1.06809,1.06423,1.06695,1.06697,1.06813,1.06426,1.06701,6e-05,171156.73
2017-04-04,1.06695,1.06851,1.06355,1.06779,1.06701,1.06857,1.06359,1.06782,3e-05,166734.86
2017-04-05,1.06779,1.06889,1.06349,1.06717,1.06783,1.06894,1.0636,1.0672,3e-05,196366.44
2017-04-06,1.06715,1.0684,1.06289,1.06437,1.06719,1.06843,1.06294,1.06443,6e-05,175015.69
2017-04-07,1.06437,1.06659,1.05806,1.05889,1.06441,1.06674,1.05809,1.05919,0.0003,200702.33
2017-04-10,1.05806,1.06064,1.05698,1.05971,1.05809,1.06069,1.057,1.05976,5e-05,144021.0
2017-04-11,1.05972,1.06299,1.05785,1.06102,1.05976,1.06303,1.05789,1.06105,3e-05,159921.31
2017-04-12,1.06101,1.06751,1.0589,1.06698,1.06103,1.06753,1.05891,1.06704,6e-05,182291.98
2017-04-13,1.06698,1.06775,1.06094,1.06148,1.06703,1.06778,1.06095,1.06155,7e-05,162037.84
2017-04-14,1.06148,1.06294,1.0606,1.06105,1.06155,1.06301,1.06065,1.06148,0.00043,55741.18
2017-04-17,1.06096,1.06703,1.06085,1.06432,1.061,1.06706,1.06091,1.06437,5e-05,103395.72
2017-04-18,1.06432,1.07359,1.06372,1.07274,1.06437,1.07363,1.06377,1.07279,5e-05,185533.84
2017-04-19,1.07274,1.07367,1.06998,1.07145,1.07278,1.07372,1.07001,1.07149,4e-05,160022.12
2017-04-20,1.07145,1.07775,1.07069,1.07141,1.07148,1.07777,1.07075,1.07146,5e-05,160190.23
2017-04-21,1.0714,1.07379,1.06822,1.07237,1.07144,1.07381,1.06826,1.07298,0.00061,147990.36
2017-04-24,1.08733,1.08774,1.08207,1.08649,1.08737,1.08777,1.08213,1.08654,5e-05,202360.98
2017-04-25,1.08648,1.09499,1.08512,1.09275,1.08654,1.09501,1.08517,1.0928,5e-05,183851.91
2017-04-26,1.09277,1.09507,1.08557,1.09083,1.09282,1.0951,1.0856,1.09087,4e-05,197836.09
2017-04-27,1.09083,1.09327,1.08517,1.0865,1.09088,1.09331,1.0852,1.08655,5e-05,178829.88
2017-04-28,1.08651,1.09474,1.08571,1.08961,1.08656,1.09478,1.08573,1.08964,3e-05,164071.47
2017-05-01,1.09057,1.09239,1.0884,1.09084,1.09062,1.09241,1.08844,1.09089,5e-05,83181.49
2017-05-02,1.09086,1.09359,1.08881,1.09346,1.0909,1.09364,1.08884,1.0935,4e-05,135614.8
2017-05-03,1.09346,1.09367,1.08813,1.0888,1.09351,1.09371,1.08818,1.08885,5e-05,156201.84
2017-05-04,1.0888,1.0987,1.08749,1.09804,1.08885,1.09874,1.08751,1.09808,4e-05,181629.7
2017-05-05,1.09806,1.09995,1.09494,1.0995,1.09809,1.1,1.095,1.0999,0.0004,160752.27
2017-05-08,1.09647,1.09968,1.09164,1.09265,1.09651,1.09971,1.09166,1.09269,4e-05,179271.91
2017-05-09,1.09265,1.09333,1.08633,1.08861,1.0927,1.09337,1.08637,1.08865,4e-05,177103.77
2017-05-10,1.08861,1.0898,1.08532,1.08671,1.08864,1.08984,1.08534,1.08675,4e-05,157513.88
2017-05-11,1.08671,1.08929,1.0839,1.08642,1.08675,1.08932,1.08393,1.08647,5e-05,140819.27
2017-05-12,1.08642,1.09342,1.08556,1.0931,1.08647,1.09344,1.0856,1.09339,0.00029,147972.72
2017-05-15,1.09278,1.09893,1.09225,1.09799,1.09283,1.09897,1.09229,1.09803,4e-05,140243.94
2017-05-16,1.09798,1.10971,1.0979,1.10933,1.09803,1.10975,1.09794,1.10937,4e-05,171232.77
2017-05-17,1.10932,1.11704,1.10816,1.11541,1.10936,1.11713,1.10819,1.11545,4e-05,218651.14
2017-05-18,1.11543,1.11719,1.10757,1.11101,1.11546,1.11722,1.10761,1.11105,4e-05,254772.28
2017-05-19,1.111,1.12117,1.10995,1.12065,1.11105,1.12121,1.10996,1.1208,0.00015,202951.02
2017-05-22,1.12032,1.12634,1.11614,1.12373,1.12035,1.12637,1.11617,1.12377,4e-05,205206.8
2017-05-23,1.12371,1.12682,1.1175,1.11788,1.12375,1.12683,1.11753,1.11792,4e-05,236312.2
2017-05-24,1.11791,1.12332,1.11685,1.12304,1.11792,1.12336,1.11687,1.12308,4e-05,230591.8
2017-05-25,1.12306,1.12503,1.11937,1.121,1.1231,1.12505,1.1194,1.12103,3e-05,190652.11
2017-05-26,1.12099,1.12346,1.11605,1.11799,1.12103,1.12348,1.11609,1.11841,0.00042,187076.53
2017-05-29,1.11758,1.11898,1.11277,1.1129,1.11761,1.11901,1.11279,1.11292,2e-05,116821.16
2017-05-30,1.11291,1.12054,1.11094,1.11728,1.11293,1.12059,1.11097,1.11731,3e-05,185376.27
2017-05-31,1.11728,1.12521,1.11645,1.1239,1.11731,1.12524,1.11646,1.12393,3e-05,189057.5
2017-06-01,1.12389,1.12566,1.12021,1.12128,1.12391,1.12569,1.12024,1.12131,3e-05,164043.48
2017-06-02,1.12127,1.1285,1.12049,1.12825,1.12132,1.12852,1.12052,1.12851,0.00026,156989.45
2017-06-05,1.12775,1.12785,1.12342,1.12573,1.12777,1.12788,1.12345,1.12576,3e-05,120698.97
2017-06-06,1.12572,1.12842,1.12404,1.12702,1.12576,1.12843,1.12405,1.12706,4e-05,166759.73
2017-06-07,1.12701,1.12823,1.12039,1.12554,1.12706,1.12827,1.12044,1.1256,6e-05,189120.03
2017-06-08,1.12554,1.1269,1.118,1.11883,1.12559,1.12692,1.11802,1.1189,7e-05,207401.77
2017-06-09,1.11884,1.12157,1.11663,1.11941,1.11888,1.1216,1.11665,1.11975,0.00034,196106.08
2017-06-12,1.12015,1.12321,1.11918,1.11973,1.12021,1.12324,1.11921,1.11978,5e-05,162194.77
2017-06-13,1.11972,1.12249,1.11852,1.12091,1.11977,1.12251,1.11856,1.12095,4e-05,155648.23
2017-06-14,1.12091,1.12958,1.1193,1.12129,1.12094,1.1296,1.11933,1.12132,3e-05,226322.03
2017-06-15,1.1213,1.12285,1.11321,1.11486,1.12133,1.12289,1.11323,1.11491,5e-05,212904.88
2017-06-16,1.11487,1.12016,1.11384,1.11968,1.11489,1.12018,1.11386,1.11969,1e-05,174222.12
2017-06-19,1.12037,1.12128,1.11409,1.11445,1.12042,1.1213,1.1141,1.11447,2e-05,196995.12
2017-06-20,1.11443,1.11648,1.11188,1.11363,1.11448,1.11652,1.11191,1.11366,3e-05,218941.3
2017-06-21,1.11365,1.1169,1.11272,1.11667,1.11366,1.11696,1.11275,1.11671,4e-05,200566.72
2017-06-22,1.11666,1.11779,1.11392,1.11497,1.1167,1.11781,1.11396,1.11499,2e-05,191424.38
2017-06-23,1.11496,1.12089,1.11452,1.11918,1.115,1.12092,1.11453,1.11954,0.00036,162553.56
2017-06-26,1.11997,1.12198,1.11717,1.11828,1.12001,1.12201,1.11719,1.11832,4e-05,188726.95
2017-06-27,1.11827,1.13494,1.118,1.13369,1.11831,1.13496,1.11803,1.13371,2e-05,258372.05
2017-06-28,1.13369,1.13906,1.12917,1.13782,1.13371,1.13907,1.12919,1.13786,4e-05,251067.31
2017-06-29,1.1378,1.14455,1.13768,1.14394,1.13785,1.14457,1.13769,1.14398,4e-05,245479.31
2017-06-30,1.14393,1.14443,1.13921,1.14251,1.14394,1.14447,1.13924,1.14272,0.00021,203137.52
2017-07-03,1.14234,1.14248,1.1355,1.13723,1.14239,1.14252,1.13552,1.13727,4e-05,173833.44
2017-07-04,1.13723,1.13769,1.13359,1.13595,1.13725,1.13772,1.13364,1.13597,2e-05,156219.64
2017-07-05,1.13596,1.13685,1.13123,1.13464,1.13597,1.13688,1.13127,1.13465,1e-05,206856.91
2017-07-06,1.13465,1.14254,1.13299,1.14212,1.13467,1.14257,1.13301,1.14216,4e-05,203986.94
2017-07-07,1.14212,1.14398,1.13796,1.13996,1.14213,1.144,1.13799,1.14031,0.00035,189153.17
2017-07-10,1.14032,1.1418,1.13817,1.13963,1.14036,1.14182,1.13819,1.13965,2e-05,161246.98
2017-07-11,1.13963,1.14797,1.13828,1.14738,1.13966,1.14799,1.1383,1.14743,5e-05,192940.16
2017-07-12,1.14741,1.14893,1.13916,1.14186,1.14743,1.14896,1.13919,1.14188,2e-05,227687.16
2017-07-13,1.14186,1.14558,1.13705,1.14045,1.14189,1.14562,1.13708,1.14047,2e-05,206374.5
2017-07-14,1.14043,1.14719,1.13914,1.14685,1.14046,1.14722,1.13917,1.14697,0.00012,194309.73
2017-07-17,1.14739,1.1487,1.14348,1.14732,1.1474,1.14872,1.14351,1.14733,1e-05,187573.66
2017-07-18,1.14733,1.15831,1.14714,1.15478,1.14734,1.15832,1.14717,1.1548,2e-05,253599.31
2017-07-19,1.15477,1.15533,1.15099,1.15287,1.15481,1.15535,1.15102,1.15289,2e-05,198068.58
2017-07-20,1.15286,1.1658,1.14792,1.16283,1.15289,1.16585,1.14795,1.16287,4e-05,270658.88
2017-07-21,1.16283,1.16828,1.1619,1.16622,1.16287,1.16831,1.16194,1.16639,0.00017,224099.8
2017-07-24,1.16811,1.16842,1.16259,1.16384,1.16813,1.16845,1.16264,1.16388,4e-05,204671.98
2017-07-25,1.16384,1.17121,1.16308,1.16444,1.16389,1.17123,1.1631,1.16446,2e-05,222419.78
2017-07-26,1.16444,1.17473,1.16125,1.17316,1.16447,1.17482,1.16127,1.17317,1e-05,255288.27
2017-07-27,1.17315,1.17767,1.16501,1.16898,1.17318,1.17771,1.16503,1.16901,3e-05,267153.78
2017-07-28,1.16898,1.17639,1.16711,1.17478,1.16901,1.17642,1.16715,1.17519,0.00041,235715.98
2017-07-31,1.17469,1.18454,1.17231,1.18208,1.17472,1.1846,1.17234,1.1821,2e-05,236964.98
2017-08-01,1.18207,1.18389,1.17852,1.18109,1.18209,1.18391,1.17854,1.18111,2e-05,226683.64
2017-08-02,1.18113,1.191,1.17937,1.18514,1.18114,1.19106,1.1794,1.18517,3e-05,233360.75
2017-08-03,1.18514,1.1893,1.18305,1.18822,1.18516,1.18933,1.18308,1.18826,4e-05,221491.58
2017-08-04,1.18822,1.18891,1.17281,1.1773,1.18827,1.18893,1.17286,1.17736,6e-05,215736.95
2017-08-07,1.17769,1.1814,1.17766,1.17995,1.17774,1.18142,1.17769,1.18,5e-05,182387.69
2017-08-08,1.17995,1.18238,1.17151,1.1754,1.17997,1.18242,1.17155,1.17545,5e-05,209521.66
2017-08-09,1.1754,1.17699,1.16891,1.17631,1.17544,1.17706,1.16893,1.17635,4e-05,272394.62
2017-08-10,1.17631,1.17851,1.17041,1.177,1.17633,1.17858,1.17043,1.17704,4e-05,226661.12
2017-08-11,1.177,1.18472,1.17485,1.18199,1.17704,1.18477,1.17488,1.18224,0.00025,210383.69
2017-08-14,1.18251,1.18382,1.17682,1.17755,1.18252,1.18386,1.17686,1.17759,4e-05,206699.61
2017-08-15,1.17757,1.17928,1.16872,1.17403,1.1776,1.17929,1.16874,1.17406,3e-05,215642.31
2017-08-16,1.17403,1.17793,1.16816,1.17737,1.17404,1.17797,1.16818,1.17741,4e-05,252333.56
2017-08-17,1.17737,1.17899,1.16622,1.17156,1.17739,1.17901,1.16625,1.17161,5e-05,250161.16
2017-08-18,1.17156,1.17743,1.17102,1.17591,1.17161,1.17746,1.17104,1.17622,0.00031,222360.31
2017-08-21,1.17561,1.1828,1.17311,1.18112,1.17564,1.18283,1.17312,1.18116,4e-05,181794.78
2017-08-22,1.18112,1.18241,1.17451,1.17615,1.18115,1.18246,1.17454,1.17618,3e-05,195984.8
2017-08-23,1.17617,1.18232,1.17403,1.18155,1.1762,1.18235,1.17405,1.18161,6e-05,200061.17
2017-08-24,1.18154,1.18169,1.17841,1.17977,1.18158,1.18175,1.17844,1.17979,2e-05,223049.67
2017-08-25,1.17976,1.19414,1.17733,1.19219,1.17977,1.19419,1.17736,1.1924,0.00021,222870.94
2017-08-28,1.19511,1.19857,1.19168,1.19638,1.19514,1.19863,1.19171,1.19642,4e-05,208933.98
2017-08-29,1.1964,1.20701,1.19465,1.19697,1.19643,1.20705,1.19468,1.19701,4e-05,281300.84
2017-08-30,1.19697,1.19843,1.18804,1.18906,1.197,1.19845,1.18809,1.18908,2e-05,247062.77
2017-08-31,1.18906,1.19229,1.18231,1.19092,1.18907,1.19232,1.18234,1.19095,3e-05,253635.22
2017-09-01,1.1909,1.19798,1.18499,1.18597,1.19095,1.198,1.18504,1.18611,0.00014,221325.16
2017-09-04,1.18818,1.19218,1.18776,1.18928,1.18823,1.19222,1.1878,1.18931,3e-05,182153.97
2017-09-05,1.18928,1.19406,1.18682,1.19236,1.18931,1.19409,1.18686,1.19239,3e-05,252912.56
2017-09-06,1.19235,1.19499,1.19028,1.19264,1.19239,1.19503,1.1903,1.19268,4e-05,239993.53
2017-09-07,1.19263,1.20592,1.1914,1.20278,1.19267,1.20594,1.19143,1.20281,3e-05,267627.12
2017-09-08,1.20277,1.20923,1.20146,1.20347,1.20281,1.20926,1.20149,1.20365,0.00018,241975.2
2017-09-11,1.20169,1.20295,1.19476,1.19577,1.20171,1.20298,1.19477,1.19581,4e-05,220636.92
2017-09-12,1.19577,1.1978,1.19262,1.19711,1.19582,1.19783,1.19264,1.19714,3e-05,219421.02
2017-09-13,1.1971,1.19947,1.1873,1.18879,1.19714,1.19951,1.18732,1.18881,2e-05,219132.3
2017-09-14,1.18879,1.19228,1.1838,1.1921,1.18881,1.19233,1.18382,1.19216,6e-05,243548.38
2017-09-15,1.19211,1.19873,1.19011,1.19447,1.19215,1.19878,1.19012,1.19478,0.00031,216911.09
2017-09-18,1.19378,1.19692,1.1915,1.196,1.19381,1.19695,1.19152,1.19601,1e-05,219049.8
2017-09-19,1.19598,1.20064,1.19536,1.19925,1.19603,1.20068,1.19543,1.19928,3e-05,237453.12
2017-09-20,1.19924,1.20342,1.18613,1.18743,1.19927,1.20346,1.18615,1.18746,3e-05,458076.38
2017-09-21,1.18742,1.19535,1.18656,1.19447,1.18744,1.19539,1.1866,1.19451,4e-05,596993.06
2017-09-22,1.19446,1.20044,1.19369,1.19466,1.19447,1.20048,1.19372,1.19476,0.0001,225252.36
2017-09-25,1.19266,1.19365,1.18319,1.18555,1.19269,1.19367,1.18322,1.18559,4e-05,232912.98
2017-09-26,1.18556,1.18615,1.17574,1.17838,1.1856,1.18616,1.17575,1.17842,4e-05,234192.58
2017-09-27,1.17838,1.1795,1.17171,1.17497,1.17842,1.17953,1.17173,1.175,3e-05,252950.98
2017-09-28,1.17498,1.1804,1.17212,1.17812,1.17501,1.18043,1.17214,1.17816,4e-05,250893.23
2017-09-29,1.17813,1.18325,1.17726,1.18137,1.17816,1.18327,1.17727,1.18165,0.00028,196230.2
2017-10-02,1.18079,1.18079,1.17301,1.17315,1.18083,1.18084,1.17303,1.17318,3e-05,218487.8
2017-10-03,1.17319,1.17732,1.16961,1.17477,1.17321,1.17733,1.16963,1.1748,3e-05,202565.55
2017-10-04,1.17476,1.17877,1.17464,1.17566,1.1748,1.17883,1.17467,1.17569,3e-05,210086.44
2017-10-05,1.17565,1.17787,1.1699,1.17138,1.17569,1.17791,1.16993,1.17141,3e-05,190971.33
2017-10-06,1.1714,1.17387,1.16692,1.17299,1.17145,1.1739,1.16697,1.17336,0.00037,213892.2
2017-10-09,1.17422,1.17561,1.17195,1.1741,1.17427,1.17562,1.17198,1.17414,4e-05,147124.0
2017-10-10,1.1741,1.18254,1.17405,1.18134,1.17412,1.18259,1.17408,1.18138,4e-05,213520.09
2017-10-11,1.18134,1.1869,1.17952,1.18641,1.18135,1.18694,1.17955,1.18644,3e-05,216780.88
2017-10-12,1.1864,1.18797,1.18252,1.18309,1.18641,1.18799,1.18254,1.18314,5e-05,202787.53
2017-10-13,1.18309,1.18748,1.18053,1.18191,1.18314,1.1875,1.18055,1.18223,0.00032,199617.88
2017-10-16,1.18147,1.18196,1.17805,1.17945,1.18149,1.18199,1.17808,1.17948,3e-05,191054.19
2017-10-17,1.17945,1.17949,1.17361,1.17711,1.17946,1.17953,1.17362,1.17716,5e-05,198611.12
2017-10-18,1.1771,1.18053,1.17302,1.17942,1.17712,1.18056,1.17304,1.17946,4e-05,199544.78
2017-10-19,1.17943,1.18579,1.17679,1.18484,1.17945,1.18581,1.17682,1.18488,4e-05,222417.53
2017-10-20,1.18485,1.18579,1.17624,1.17817,1.18488,1.18582,1.17627,1.17825,8e-05,208817.7
2017-10-23,1.17552,1.17774,1.1725,1.17548,1.17554,1.17775,1.17252,1.17552,4e-05,182440.86
2017-10-24,1.17548,1.17927,1.17428,1.176,1.17551,1.1793,1.17429,1.17603,3e-05,192348.69
2017-10-25,1.17599,1.18203,1.1753,1.18195,1.176,1.18205,1.17533,1.18198,3e-05,217868.69
2017-10-26,1.18195,1.18367,1.16314,1.16377,1.18199,1.18369,1.16318,1.1638,3e-05,222254.09
2017-10-27,1.16377,1.16437,1.15741,1.16083,1.16379,1.16441,1.15744,1.16108,0.00025,208479.64
2017-10-30,1.16057,1.16579,1.15976,1.16512,1.1606,1.1658,1.15978,1.16515,3e-05,191081.91
2017-10-31,1.16513,1.16613,1.16248,1.16518,1.16514,1.16614,1.16252,1.16522,4e-05,169713.25
2017-11-01,1.16518,1.1657,1.16064,1.16282,1.16522,1.16573,1.16066,1.16285,3e-05,196258.19
2017-11-02,1.16282,1.16873,1.16261,1.16586,1.16285,1.16875,1.16262,1.16589,3e-05,222217.66
2017-11-03,1.16588,1.16904,1.15991,1.1606,1.1659,1.16906,1.15993,1.16103,0.00043,169342.22
2017-11-06,1.16147,1.1624,1.15802,1.16113,1.16151,1.16243,1.15804,1.16116,3e-05,184127.34
2017-11-07,1.16113,1.16154,1.15539,1.16008,1.16116,1.16157,1.15542,1.16011,3e-05,197382.78
2017-11-08,1.16008,1.16111,1.15792,1.1595,1.16012,1.16113,1.15794,1.15954,4e-05,168407.64
2017-11-09,1.1595,1.16548,1.15856,1.16462,1.15955,1.1655,1.15859,1.16466,4e-05,214302.62
2017-11-10,1.16464,1.16778,1.16227,1.16638,1.16466,1.16781,1.16229,1.16667,0.00029,167773.7
2017-11-13,1.16609,1.16751,1.16373,1.16646,1.16611,1.16753,1.16376,1.16649,3e-05,162501.75
2017-11-14,1.16646,1.1805,1.16625,1.17906,1.16649,1.18053,1.16627,1.17909,3e-05,182637.56
2017-11-15,1.17907,1.18604,1.17683,1.17826,1.17909,1.18605,1.17689,1.1783,4e-05,213275.45
2017-11-16,1.17826,1.18008,1.17569,1.17781,1.17831,1.1801,1.17572,1.17784,3e-05,174470.8
2017-11-17,1.17783,1.18217,1.17738,1.17879,1.17787,1.1822,1.1774,1.17926,0.00047,189217.94
2017-11-20,1.17344,1.18085,1.17249,1.17371,1.17348,1.18087,1.17254,1.17372,1e-05,186928.33
2017-11-21,1.17372,1.17577,1.17128,1.17416,1.17375,1.1758,1.1713,1.17419,3e-05,184422.12
2017-11-22,1.17416,1.18269,1.17346,1.18146,1.17419,1.18272,1.17349,1.18147,1e-05,185656.62
2017-11-23,1.18147,1.18559,1.18132,1.18503,1.18149,1.18561,1.18135,1.18506,3e-05,148633.86
2017-11-24,1.18504,1.19443,1.18367,1.19286,1.18507,1.19445,1.1837,1.19346,0.0006,171776.5
2017-11-27,1.19273,1.19611,1.18903,1.19041,1.19277,1.19614,1.18914,1.19044,3e-05,194033.56
2017-11-28,1.1904,1.19198,1.18271,1.18491,1.19042,1.19202,1.18273,1.18494,3e-05,226569.08
2017-11-29,1.18491,1.18827,1.18167,1.1852,1.18494,1.18831,1.18172,1.18524,4e-05,207759.58
2017-11-30,1.18519,1.19315,1.1809,1.18979,1.18523,1.19317,1.18093,1.18983,4e-05,229024.98
2017-12-01,1.1898,1.19403,1.18508,1.18942,1.18984,1.19407,1.18511,1.19005,0.00063,258102.55
2017-12-04,1.18565,1.18785,1.18291,1.18676,1.1857,1.18789,1.18294,1.18681,5e-05,214967.23
2017-12-05,1.18677,1.18766,1.18007,1.18304,1.18681,1.18769,1.1801,1.18308,4e-05,212470.5
2017-12-06,1.18305,1.1848,1.17806,1.18039,1.18308,1.18483,1.17808,1.18043,4e-05,210894.95
2017-12-07,1.1804,1.18146,1.17713,1.17725,1.18044,1.18149,1.17714,1.17728,3e-05,199774.05
2017-12-08,1.17726,1.17744,1.17301,1.1772,1.17728,1.17755,1.17303,1.17755,0.00035,197008.11
2017-12-11,1.17675,1.18117,1.17639,1.17762,1.17677,1.18119,1.17643,1.17765,3e-05,191002.52
2017-12-12,1.17762,1.17926,1.17174,1.17422,1.17763,1.17929,1.17178,1.17425,3e-05,189870.12
2017-12-13,1.17423,1.18404,1.17294,1.18361,1.17427,1.18407,1.17296,1.18365,4e-05,220791.03
2017-12-14,1.18361,1.18625,1.17645,1.17745,1.18365,1.18629,1.17649,1.17747,2e-05,241295.33
2017-12-15,1.17745,1.18123,1.17488,1.17492,1.17746,1.18125,1.17503,1.17519,0.00027,200470.34
2017-12-18,1.17432,1.18342,1.1742,1.17837,1.17434,1.18344,1.17424,1.17842,5e-05,199837.2
2017-12-19,1.17837,1.18487,1.17764,1.18369,1.17841,1.1849,1.17767,1.18373,4e-05,207806.69
2017-12-20,1.18368,1.19017,1.18289,1.18776,1.18374,1.19019,1.18291,1.1878,4e-05,198896.22
2017-12-21,1.18776,1.18895,1.18493,1.18521,1.18779,1.18897,1.18495,1.18523,2e-05,187995.5
2017-12-22,1.18521,1.1864,1.18169,1.18607,1.18526,1.18644,1.18173,1.18644,0.00037,178403.75
2017-12-25,1.18505,1.18766,1.18429,1.1871,1.18579,1.18791,1.18444,1.18717,7e-05,9768.09
2017-12-26,1.18712,1.18787,1.18465,1.18571,1.18717,1.18792,1.18468,1.18575,4e-05,105017.76
2017-12-27,1.1857,1.19102,1.1855,1.19002,1.18573,1.19106,1.18553,1.19006,4e-05,180147.88
2017-12-28,1.19001,1.19589,1.1897,1.19394,1.19006,1.19591,1.18973,1.19397,3e-05,175111.27
2017-12-29,1.19395,1.20254,1.19369,1.19985,1.19398,1.20257,1.19372,1.20075,0.0009,171777.12
2018-01-01,1.20102,1.20166,1.20007,1.20106,1.20143,1.20173,1.20044,1.2011,4e-05,8573.22
2018-01-02,1.20105,1.20811,1.20078,1.20614,1.20109,1.20813,1.20081,1.20618,4e-05,197155.91
2018-01-03,1.20614,1.20638,1.20011,1.20107,1.20619,1.20641,1.20015,1.20112,5e-05,194931.66
2018-01-04,1.20108,1.20889,1.20044,1.20664,1.20112,1.2089,1.20046,1.20669,5e-05,210213.44
2018-01-05,1.20663,1.20829,1.20205,1.20304,1.20666,1.20833,1.20209,1.20314,0.0001,189702.34
2018-01-08,1.20371,1.20521,1.1956,1.19698,1.20373,1.20525,1.19561,1.19703,5e-05,183382.05
2018-01-09,1.19698,1.19755,1.19156,1.19284,1.197,1.19757,1.19158,1.19287,3e-05,205626.34
2018-01-10,1.19282,1.20179,1.19231,1.19558,1.19284,1.20181,1.19234,1.19561,3e-05,253338.2
2018-01-11,1.19557,1.20589,1.19291,1.20427,1.1956,1.20591,1.19294,1.20431,4e-05,246792.66
2018-01-12,1.20427,1.22184,1.20401,1.21993,1.20431,1.22186,1.20402,1.22051,0.00058,276488.12
2018-01-15,1.2192,1.22964,1.21876,1.22665,1.21923,1.22968,1.21879,1.22669,4e-05,231018.86
2018-01-16,1.22666,1.22828,1.21952,1.22707,1.2267,1.22831,1.21954,1.2271,3e-05,262608.38
2018-01-17,1.22707,1.23231,1.2165,1.21802,1.2271,1.23233,1.21656,1.21806,4e-05,289569.59
2018-01-18,1.21804,1.22648,1.21734,1.2234,1.21807,1.2265,1.21737,1.22346,6e-05,254020.75
2018-01-19,1.2234,1.22953,1.22145,1.22145,1.22345,1.22956,1.2215,1.22174,0.00029,252174.53
2018-01-22,1.22559,1.2267,1.22138,1.22562,1.22563,1.22673,1.22142,1.22566,4e-05,233047.95
2018-01-23,1.22564,1.23152,1.2223,1.23086,1.22566,1.23153,1.22231,1.23092,6e-05,257732.12
2018-01-24,1.23087,1.24149,1.2292,1.23923,1.23091,1.24151,1.22925,1.23929,6e-05,296230.28
2018-01-25,1.23921,1.25373,1.23639,1.23914,1.23924,1.25375,1.23643,1.23916,2e-05,367825.88
2018-01-26,1.23914,1.24936,1.23861,1.24283,1.23916,1.24938,1.23865,1.24315,0.00032,317662.38
2018-01-29,1.24311,1.24322,1.23367,1.23809,1.24314,1.24326,1.23369,1.23811,2e-05,283885.0
2018-01-30,1.2381,1.24538,1.2335,1.24084,1.23811,1.24541,1.23352,1.24088,4e-05,300948.09
2018-01-31,1.24084,1.24748,1.23868,1.24168,1.24086,1.2475,1.23874,1.24172,4e-05,321338.94
2018-02-01,1.24168,1.25229,1.23854,1.25105,1.24173,1.25233,1.23856,1.25109,4e-05,298223.16
2018-02-02,1.25107,1.25182,1.24092,1.24559,1.2511,1.25183,1.24094,1.24608,0.00049,299589.69
2018-02-05,1.24462,1.24748,1.23626,1.23666,1.24464,1.24751,1.2363,1.23672,6e-05,319407.34
2018-02-06,1.23667,1.24343,1.23138,1.23803,1.23674,1.24348,1.23141,1.23807,4e-05,414817.16
2018-02-07,1.23803,1.24055,1.22459,1.227,1.23806,1.24059,1.2246,1.22703,3e-05,316532.56
2018-02-08,1.22699,1.22948,1.2212,1.22606,1.22703,1.22951,1.22124,1.22608,2e-05,366027.22
2018-02-09,1.22607,1.22873,1.22054,1.2251,1.22611,1.22875,1.22058,1.22535,0.00025,320626.81
2018-02-12,1.22523,1.23071,1.2235,1.23004,1.22527,1.23076,1.22353,1.23008,4e-05,246655.7
2018-02-13,1.23009,1.2371,1.22844,1.23536,1.2301,1.23713,1.22847,1.2354,4e-05,257680.16
2018-02-14,1.23537,1.24695,1.22758,1.24681,1.2354,1.247,1.22763,1.24686,5e-05,301226.31
2018-02-15,1.24682,1.25103,1.24478,1.25027,1.24686,1.25105,1.24483,1.25032,5e-05,289094.16
2018-02-16,1.25027,1.25553,1.23931,1.24041,1.25031,1.25556,1.23935,1.24123,0.00082,285733.03
2018-02-19,1.24117,1.24349,1.2369,1.24002,1.24122,1.24352,1.23693,1.24006,4e-05,193454.45
2018-02-20,1.24001,1.24106,1.23199,1.23353,1.24004,1.24109,1.23201,1.23358,5e-05,266378.28
2018-02-21,1.23352,1.23598,1.22734,1.22804,1.23357,1.23602,1.22737,1.22807,3e-05,280812.53
2018-02-22,1.22805,1.2352,1.22597,1.23256,1.22809,1.23523,1.22598,1.23259,3e-05,262317.41
2018-02-23,1.23256,1.23316,1.22798,1.22937,1.23257,1.23319,1.228,1.22975,0.00038,219908.94
2018-02-26,1.22883,1.2355,1.22776,1.23149,1.22887,1.23552,1.22777,1.23156,7e-05,224911.3
2018-02-27,1.23149,1.23462,1.22216,1.22259,1.23156,1.23466,1.22217,1.22263,4e-05,249965.88
2018-02-28,1.22258,1.22412,1.21878,1.21915,1.22262,1.22413,1.21881,1.21918,3e-05,254894.88
2018-03-01,1.21915,1.22747,1.21546,1.2271,1.21918,1.22751,1.21548,1.22714,4e-05,281951.81
2018-03-02,1.22709,1.23358,1.22514,1.23186,1.22712,1.23361,1.22517,1.23203,0.00017,264913.09
2018-03-05,1.23176,1.23487,1.22688,1.23365,1.23179,1.23489,1.22691,1.23369,4e-05,247128.58
2018-03-06,1.23365,1.24287,1.23281,1.24155,1.23369,1.24292,1.23283,1.2416,5e-05,250087.62
2018-03-07,1.24154,1.2445,1.23847,1.24122,1.24156,1.24457,1.2385,1.24127,5e-05,269820.53
2018-03-08,1.24122,1.2446,1.22979,1.23067,1.24126,1.24463,1.22983,1.23071,4e-05,270455.47
2018-03-09,1.2307,1.23342,1.2273,1.23041,1.23072,1.23345,1.22733,1.23061,0.0002,264422.69
2018-03-12,1.23083,1.23455,1.22903,1.23384,1.23088,1.23457,1.22905,1.23389,5e-05,205139.67
2018-03-13,1.23383,1.24074,1.23145,1.23928,1.23385,1.24076,1.23148,1.23933,5e-05,249276.17
2018-03-14,1.23928,1.24125,1.23471,1.23747,1.2393,1.24128,1.23474,1.23751,4e-05,220999.62
2018-03-15,1.23746,1.23836,1.23001,1.23062,1.23752,1.23838,1.23004,1.23065,3e-05,225221.7
2018-03-16,1.23061,1.2336,1.22602,1.22889,1.23063,1.23363,1.22603,1.22904,0.00015,196011.38
2018-03-19,1.22807,1.23586,1.22579,1.23365,1.2281,1.23588,1.22582,1.23367,2e-05,229503.28
2018-03-20,1.23365,1.23545,1.22399,1.22482,1.23367,1.23547,1.22401,1.22485,3e-05,237447.98
2018-03-21,1.22483,1.23499,1.22467,1.23463,1.22485,1.23502,1.22469,1.23466,3e-05,260896.95
2018-03-22,1.23464,1.23884,1.22855,1.23239,1.23467,1.23885,1.22857,1.23244,5e-05,287729.22
2018-03-23,1.23239,1.23733,1.23166,1.23522,1.23242,1.23737,1.2317,1.23548,0.00026,250785.89
2018-03-26,1.23541,1.24615,1.23517,1.24572,1.23546,1.24619,1.2352,1.24575,3e-05,266398.97
2018-03-27,1.2457,1.24765,1.23723,1.24087,1.24572,1.24766,1.23725,1.24089,2e-05,311755.94
2018-03-28,1.24086,1.24215,1.23001,1.23125,1.24089,1.24219,1.23003,1.23129,4e-05,268466.78
2018-03-29,1.23124,1.23352,1.22838,1.23018,1.23125,1.23354,1.22841,1.2303,0.00012,243556.14
2018-03-30,1.23018,1.23305,1.22898,1.232,1.2303,1.23313,1.22913,1.23261,0.00061,76608.22
2018-04-02,1.23127,1.23449,1.2282,1.22931,1.2313,1.23452,1.22823,1.22934,3e-05,156721.08
2018-04-03,1.22931,1.23352,1.22537,1.22781,1.22933,1.23353,1.2254,1.22785,4e-05,226872.31
2018-04-04,1.22781,1.23145,1.2257,1.22872,1.22785,1.23148,1.22572,1.22877,5e-05,233257.36
2018-04-05,1.22873,1.22901,1.22182,1.22485,1.22877,1.22902,1.22185,1.22489,4e-05,230162.88
2018-04-06,1.22489,1.22907,1.22151,1.22792,1.22491,1.22909,1.22154,1.22834,0.00042,264556.12
2018-04-09,1.22709,1.23308,1.22602,1.23206,1.22711,1.2331,1.22605,1.23209,3e-05,246667.27
2018-04-10,1.23206,1.23776,1.23027,1.23627,1.23209,1.23778,1.2303,1.2363,3e-05,265899.44
2018-04-11,1.23627,1.23964,1.2347,1.23719,1.2363,1.23972,1.23473,1.2372,1e-05,301237.12
2018-04-12,1.23719,1.23797,1.22993,1.23295,1.23721,1.23799,1.22995,1.23297,2e-05,245799.34
2018-04-13,1.23293,1.23458,1.2307,1.23282,1.23296,1.2346,1.23072,1.23324,0.00042,206969.56
2018-04-16,1.23316,1.23945,1.23242,1.23837,1.23318,1.23948,1.23244,1.23841,4e-05,214910.33
2018-04-17,1.23837,1.24136,1.23362,1.23724,1.23841,1.24138,1.23365,1.23727,3e-05,219237.31
2018-04-18,1.23724,1.23971,1.23418,1.23785,1.23728,1.23974,1.2342,1.2379,5e-05,233803.53
2018-04-19,1.23786,1.24001,1.2329,1.2343,1.2379,1.24002,1.23292,1.23436,6e-05,237982.72
2018-04-20,1.2343,1.23529,1.22499,1.22846,1.23436,1.23531,1.22502,1.22903,0.00057,205993.06
2018-04-23,1.22738,1.22894,1.21977,1.22092,1.22742,1.22897,1.21979,1.22097,5e-05,244260.42
2018-04-24,1.22094,1.22448,1.21817,1.22372,1.22098,1.2245,1.21821,1.22377,5e-05,225410.97
2018-04-25,1.22372,1.22372,1.21599,1.21706,1.22377,1.22377,1.21603,1.21708,2e-05,230369.81
2018-04-26,1.21707,1.22099,1.20962,1.21081,1.21709,1.22103,1.20965,1.21085,4e-05,255335.22
2018-04-27,1.21081,1.21327,1.20556,1.21291,1.21085,1.21334,1.20557,1.21332,0.00041,209457.44
2018-04-30,1.21226,1.21386,1.20643,1.20815,1.2123,1.21389,1.20644,1.20819,4e-05,230675.36
2018-05-01,1.20815,1.20828,1.19814,1.1991,1.20821,1.20833,1.19816,1.19914,4e-05,208487.78
2018-05-02,1.19912,1.20316,1.19378,1.19504,1.19913,1.2032,1.19382,1.1951,6e-05,272080.22
2018-05-03,1.19504,1.20087,1.19479,1.19886,1.19509,1.20091,1.19481,1.19892,6e-05,262257.22
2018-05-04,1.19886,1.19954,1.19107,1.1955,1.19892,1.19957,1.19109,1.1964,0.0009,207802.22
2018-05-07,1.19544,1.19779,1.18975,1.19331,1.19547,1.19782,1.18979,1.19333,2e-05,200538.61
2018-05-08,1.19331,1.19387,1.1838,1.18671,1.19334,1.1939,1.18382,1.18675,4e-05,238088.83
2018-05-09,1.18673,1.18969,1.18227,1.18467,1.18675,1.18972,1.18228,1.18471,4e-05,239571.16
2018-05-10,1.18465,1.19463,1.1844,1.19137,1.18466,1.19467,1.18441,1.1914,3e-05,264411.62
2018-05-11,1.19137,1.19678,1.18911,1.19395,1.19141,1.19681,1.18914,1.19451,0.00056,216401.95
2018-05-14,1.19524,1.19959,1.19231,1.19309,1.1953,1.19962,1.1924,1.19313,4e-05,247308.5
2018-05-15,1.1931,1.19384,1.18168,1.18203,1.19313,1.19386,1.18174,1.18208,5e-05,259227.84
2018-05-16,1.18205,1.18541,1.17635,1.18146,1.18208,1.18543,1.17638,1.18151,5e-05,278499.78
2018-05-17,1.18146,1.18373,1.17765,1.179,1.1815,1.18378,1.17766,1.17905,5e-05,297010.25
2018-05-18,1.179,1.18221,1.17498,1.17689,1.17906,1.18223,1.175,1.17747,0.00058,228028.89
2018-05-21,1.17651,1.17973,1.17165,1.17899,1.17655,1.17976,1.17167,1.17903,4e-05,229934.44
2018-05-22,1.17899,1.18296,1.17567,1.17878,1.17902,1.18299,1.17568,1.17885,7e-05,255255.81
2018-05-23,1.1788,1.17889,1.16758,1.17091,1.17885,1.17895,1.1676,1.17096,5e-05,311289.12
2018-05-24,1.17092,1.17501,1.16906,1.17219,1.17094,1.17505,1.16911,1.17224,5e-05,284713.19
2018-05-25,1.1722,1.17335,1.16455,1.16478,1.17224,1.17337,1.16463,1.16516,0.00038,257274.12
2018-05-28,1.16886,1.17283,1.16073,1.16261,1.16888,1.17287,1.16077,1.16266,5e-05,208792.66
2018-05-29,1.16264,1.16394,1.15099,1.15375,1.16268,1.16397,1.15102,1.15379,4e-05,333584.16
2018-05-30,1.15375,1.16759,1.15186,1.16646,1.15379,1.1676,1.15188,1.16649,3e-05,317803.59
2018-05-31,1.16646,1.17243,1.1641,1.16922,1.16649,1.17244,1.16414,1.16925,3e-05,288710.69
2018-06-01,1.16922,1.17178,1.1617,1.16584,1.16926,1.17182,1.16172,1.16602,0.00018,260814.92
2018-06-04,1.1667,1.17444,1.1667,1.17,1.16675,1.17447,1.16673,1.17005,5e-05,244045.48
2018-06-05,1.17,1.17324,1.16525,1.17261,1.17005,1.17327,1.16528,1.17264,3e-05,255717.2
2018-06-06,1.17263,1.17956,1.17139,1.17813,1.17264,1.1796,1.17141,1.17816,3e-05,245152.48
2018-06-07,1.17812,1.18398,1.1781,1.17931,1.17813,1.18401,1.17813,1.17934,3e-05,247115.45
2018-06-08,1.17931,1.18103,1.17271,1.17666,1.17933,1.18105,1.17274,1.17708,0.00042,236194.88
2018-06-11,1.17845,1.18205,1.17715,1.17725,1.17848,1.18207,1.17716,1.17728,3e-05,207873.41
2018-06-12,1.17726,1.18088,1.17334,1.17475,1.17729,1.18093,1.17338,1.1748,5e-05,236702.72
2018-06-13,1.17475,1.18047,1.17254,1.18032,1.1748,1.1805,1.17258,1.18035,3e-05,240726.73
2018-06-14,1.1803,1.18516,1.15607,1.15633,1.18036,1.18521,1.15611,1.15634,1e-05,288776.28
2018-06-15,1.15629,1.16269,1.15432,1.16059,1.15631,1.16272,1.15436,1.16103,0.00044,249091.2
2018-06-18,1.1593,1.1641,1.15653,1.16298,1.15933,1.16415,1.15657,1.16301,3e-05,215886.42
2018-06-19,1.16297,1.16445,1.15307,1.15881,1.163,1.16448,1.15309,1.15883,2e-05,273936.47
2018-06-20,1.15882,1.15999,1.15365,1.15773,1.15883,1.16,1.15371,1.15779,6e-05,246503.86
2018-06-21,1.15774,1.16334,1.15082,1.16043,1.15778,1.16338,1.15085,1.16045,2e-05,289165.09
2018-06-22,1.16043,1.16749,1.16005,1.16561,1.16045,1.1675,1.16009,1.1659,0.00029,251501.3
2018-06-25,1.16603,1.1713,1.16286,1.17009,1.16607,1.17133,1.1629,1.17013,4e-05,262553.41
2018-06-26,1.17009,1.17203,1.16348,1.16493,1.17012,1.17205,1.16351,1.16498,5e-05,284540.06
2018-06-27,1.16493,1.1672,1.15407,1.15629,1.16498,1.16722,1.1541,1.15632,3e-05,334885.44
2018-06-28,1.15628,1.16005,1.15271,1.15634,1.15632,1.16006,1.15275,1.15638,4e-05,288569.0
2018-06-29,1.15634,1.16902,1.15632,1.16847,1.15637,1.16906,1.15636,1.16858,0.00011,286305.25
2018-07-02,1.16778,1.16789,1.15911,1.16415,1.16782,1.16792,1.15915,1.16419,4e-05,242756.45
2018-07-03,1.16413,1.16731,1.16204,1.16589,1.16415,1.16732,1.16208,1.16593,4e-05,248250.3
2018-07-04,1.16587,1.16817,1.16305,1.16601,1.16591,1.1682,1.16308,1.16607,6e-05,194700.09
2018-07-05,1.16602,1.17201,1.165,1.16918,1.16607,1.17203,1.16501,1.16921,3e-05,265512.72
2018-07-06,1.16919,1.17676,1.168,1.17444,1.16921,1.17679,1.16803,1.17464,0.0002,231725.02
2018-07-09,1.17514,1.17906,1.17326,1.1756,1.17516,1.17908,1.1733,1.17564,4e-05,238514.06
2018-07-10,1.1756,1.17624,1.16901,1.17279,1.17562,1.17628,1.16906,1.17283,4e-05,240910.98
2018-07-11,1.17279,1.1758,1.16653,1.16749,1.17283,1.17583,1.16657,1.16754,5e-05,280838.22
2018-07-12,1.16749,1.16955,1.16497,1.16638,1.16754,1.16957,1.165,1.16644,6e-05,245254.66
2018-07-13,1.16637,1.16868,1.16129,1.16843,1.16644,1.16885,1.16133,1.16885,0.00042,229295.91
2018-07-16,1.16783,1.17253,1.16756,1.1709,1.16787,1.17256,1.16759,1.17094,4e-05,234071.25
2018-07-17,1.1709,1.17446,1.16484,1.1653,1.17094,1.17449,1.16489,1.16534,4e-05,266361.69
2018-07-18,1.16536,1.16648,1.16019,1.16449,1.16537,1.16651,1.16022,1.16453,4e-05,258028.44
2018-07-19,1.16449,1.16785,1.15748,1.16544,1.16451,1.16789,1.15751,1.16548,4e-05,313041.28
2018-07-20,1.16547,1.17387,1.16262,1.17196,1.16549,1.17392,1.16266,1.17205,9e-05,306314.66
2018-07-23,1.17404,1.17497,1.16836,1.16934,1.17407,1.17499,1.16839,1.16939,5e-05,247690.5
2018-07-24,1.16934,1.17168,1.16545,1.16845,1.16938,1.17171,1.16549,1.16848,3e-05,247134.81
2018-07-25,1.16846,1.17387,1.1664,1.17379,1.16848,1.1739,1.16642,1.17384,5e-05,260995.3
2018-07-26,1.17379,1.17436,1.16379,1.16437,1.17383,1.17439,1.16382,1.16441,4e-05,254430.95
2018-07-27,1.16436,1.16642,1.16203,1.16559,1.16438,1.16646,1.16208,1.16585,0.00026,215431.62
2018-07-30,1.16591,1.17186,1.16479,1.17071,1.16595,1.1719,1.16482,1.17076,5e-05,194144.95
2018-07-31,1.17071,1.17458,1.16838,1.1689,1.17077,1.17461,1.16841,1.16894,4e-05,229884.97
2018-08-01,1.1689,1.16994,1.16572,1.16631,1.16894,1.16998,1.16575,1.16635,4e-05,229051.59
2018-08-02,1.16632,1.16675,1.15816,1.1585,1.16635,1.16678,1.1582,1.15853,3e-05,229159.44
2018-08-03,1.15851,1.16105,1.15603,1.1567,1.15854,1.16107,1.15605,1.15691,0.00021,233864.81
2018-08-06,1.15615,1.15702,1.153,1.15579,1.15616,1.15706,1.15302,1.15584,5e-05,205637.12
2018-08-07,1.1558,1.16082,1.15515,1.16029,1.15583,1.16084,1.15518,1.16033,4e-05,208332.02
2018-08-08,1.16029,1.16281,1.15732,1.16092,1.16033,1.16285,1.15734,1.16095,3e-05,205556.91
2018-08-09,1.16092,1.16192,1.15162,1.1524,1.16095,1.16194,1.15166,1.15242,2e-05,227591.14
2018-08-10,1.15239,1.15363,1.13881,1.1409,1.15242,1.15366,1.13883,1.1413,0.0004,287052.19
2018-08-13,1.13948,1.14328,1.13649,1.14004,1.13949,1.1433,1.13652,1.14009,5e-05,266613.34
2018-08-14,1.14004,1.14294,1.13302,1.13466,1.14008,1.14296,1.13304,1.1347,4e-05,256380.91
2018-08-15,1.13466,1.13548,1.13009,1.13416,1.1347,1.13551,1.13012,1.13419,3e-05,246675.19
2018-08-16,1.13416,1.14091,1.13357,1.13718,1.13419,1.14093,1.13361,1.13721,3e-05,244651.73
2018-08-17,1.13719,1.14448,1.13663,1.14379,1.13721,1.1445,1.13667,1.14396,0.00017,205910.88
2018-08-20,1.14379,1.14931,1.13942,1.14918,1.14382,1.14934,1.13947,1.14921,3e-05,221939.25
2018-08-21,1.14918,1.16011,1.14854,1.15759,1.14919,1.16015,1.14859,1.15762,3e-05,262909.38
2018-08-22,1.15761,1.16229,1.15531,1.15857,1.15762,1.16231,1.15534,1.15862,5e-05,228376.81
2018-08-23,1.15857,1.15906,1.15298,1.15419,1.15861,1.15909,1.15301,1.15423,4e-05,228104.28
2018-08-24,1.15419,1.16397,1.15381,1.16205,1.15421,1.164,1.15383,1.16223,0.00018,225871.77
2018-08-27,1.1645,1.16935,1.15943,1.1684,1.16453,1.16938,1.15948,1.16844,4e-05,204865.94
2018-08-28,1.16842,1.17334,1.16625,1.16932,1.16844,1.17337,1.16628,1.16936,4e-05,237164.06
2018-08-29,1.16932,1.17106,1.1652,1.17093,1.16935,1.17107,1.16523,1.17097,4e-05,235416.11
2018-08-30,1.17094,1.17181,1.16417,1.16654,1.17097,1.17185,1.16419,1.16656,2e-05,238798.73
2018-08-31,1.16654,1.16901,1.15845,1.15997,1.16656,1.16904,1.15848,1.16054,0.00057,234403.45
2018-09-03,1.15979,1.16278,1.15889,1.16138,1.15982,1.1628,1.15892,1.16144,6e-05,163896.62
2018-09-04,1.16139,1.16141,1.15301,1.15871,1.16143,1.16144,1.15304,1.15874,3e-05,219100.59
2018-09-05,1.15872,1.164,1.15425,1.16344,1.15874,1.16401,1.1543,1.16347,3e-05,260146.55
2018-09-06,1.16346,1.16592,1.16055,1.16198,1.16347,1.16595,1.16057,1.16201,3e-05,233894.8
2018-09-07,1.162,1.16495,1.15506,1.1552,1.16202,1.16496,1.15509,1.15545,0.00025,231931.56
2018-09-10,1.15605,1.16161,1.1526,1.15935,1.15608,1.16165,1.15262,1.15938,3e-05,195406.75
2018-09-11,1.15935,1.16441,1.15654,1.15955,1.15938,1.16443,1.15657,1.1596,5e-05,211081.38
2018-09-12,1.15954,1.16496,1.15699,1.16253,1.15956,1.16499,1.15704,1.16258,5e-05,231822.67
2018-09-13,1.16253,1.17009,1.16091,1.16911,1.16256,1.17012,1.16093,1.16914,3e-05,222189.73
2018-09-14,1.16912,1.17215,1.16206,1.16227,1.16915,1.17218,1.16209,1.16246,0.00019,205084.94
2018-09-17,1.16234,1.16981,1.1618,1.16685,1.16237,1.16983,1.16182,1.1669,5e-05,187743.17
2018-09-18,1.16686,1.17243,1.16521,1.16775,1.16688,1.17245,1.16524,1.16779,4e-05,225014.81
2018-09-19,1.16777,1.17149,1.165,1.1674,1.1678,1.17151,1.16503,1.16743,3e-05,228799.5
2018-09-20,1.16738,1.17845,1.16719,1.17755,1.16739,1.17847,1.16722,1.17758,3e-05,241614.12
2018-09-21,1.17756,1.18027,1.17327,1.17473,1.17758,1.1803,1.17329,1.17523,0.0005,199892.34
2018-09-24,1.17483,1.18153,1.17241,1.17523,1.17485,1.18154,1.17244,1.17529,6e-05,203649.25
2018-09-25,1.17525,1.17925,1.1731,1.17628,1.17529,1.17928,1.17312,1.17631,3e-05,210535.34
2018-09-26,1.17629,1.17976,1.17259,1.17469,1.17631,1.17981,1.1726,1.17473,4e-05,215615.59
2018-09-27,1.17469,1.17571,1.16331,1.1636,1.17473,1.17573,1.16333,1.16363,3e-05,269085.47
2018-09-28,1.1636,1.16511,1.15698,1.16019,1.16363,1.16514,1.15699,1.16053,0.00034,223588.3
2018-10-01,1.16052,1.16246,1.15635,1.15769,1.16055,1.16249,1.15638,1.15774,5e-05,203564.41
2018-10-02,1.1577,1.15802,1.15052,1.15503,1.15774,1.15803,1.15054,1.15507,4e-05,242329.28
2018-10-03,1.15503,1.15936,1.14645,1.14764,1.15507,1.1594,1.14647,1.14766,2e-05,263688.81
2018-10-04,1.14765,1.15426,1.14633,1.15173,1.14767,1.15428,1.14635,1.15178,5e-05,230818.88
2018-10-05,1.15173,1.15495,1.14838,1.15174,1.15176,1.155,1.14842,1.15243,0.00069,225535.16
2018-10-08,1.15238,1.15296,1.14599,1.14941,1.15241,1.15299,1.14602,1.14944,3e-05,186998.59
2018-10-09,1.14941,1.15087,1.14321,1.15046,1.14943,1.1509,1.14324,1.15051,5e-05,256529.22
2018-10-10,1.15046,1.15452,1.14798,1.1533,1.15049,1.15454,1.14801,1.15335,5e-05,238184.19
2018-10-11,1.1533,1.15994,1.15311,1.159,1.15333,1.15996,1.15314,1.15903,3e-05,290556.97
2018-10-12,1.15899,1.16104,1.15343,1.15571,1.15901,1.16107,1.15345,1.15626,0.00055,228332.94
2018-10-15,1.15505,1.16061,1.1543,1.15828,1.15506,1.16063,1.15433,1.15832,4e-05,213659.91
2018-10-16,1.15828,1.16212,1.1566,1.15762,1.1583,1.16215,1.15662,1.15766,4e-05,216750.81
2018-10-17,1.15763,1.15803,1.14953,1.15011,1.15767,1.15808,1.14958,1.15015,4e-05,242886.66
2018-10-18,1.15012,1.15272,1.14492,1.14539,1.15015,1.15275,1.14494,1.14542,3e-05,249737.81
2018-10-19,1.14539,1.15345,1.14331,1.15142,1.14543,1.15349,1.14332,1.15156,0.00014,240374.91
2018-10-22,1.15106,1.15501,1.14557,1.14646,1.15109,1.15502,1.1456,1.14647,1e-05,223824.75
2018-10-23,1.14646,1.14934,1.14392,1.14706,1.14647,1.14936,1.14395,1.14711,5e-05,261417.05
2018-10-24,1.14706,1.14766,1.13789,1.13988,1.14711,1.14767,1.13792,1.13991,3e-05,259360.06
2018-10-25,1.13987,1.14326,1.13561,1.13753,1.13991,1.14329,1.13563,1.13757,4e-05,246924.38
2018-10-26,1.13753,1.14209,1.13355,1.14021,1.13757,1.14212,1.13359,1.14044,0.00023,257994.2
2018-10-29,1.1398,1.14163,1.13606,1.13755,1.13984,1.14168,1.13609,1.1376,5e-05,244321.55
2018-10-30,1.13756,1.13877,1.13404,1.13453,1.1376,1.1388,1.13406,1.13457,4e-05,216733.78
2018-10-31,1.13452,1.13601,1.1302,1.13145,1.13454,1.13602,1.13024,1.13148,3e-05,238968.73
2018-11-01,1.13146,1.14241,1.13126,1.14027,1.13148,1.14244,1.1313,1.14032,5e-05,256706.61
2018-11-02,1.14028,1.14557,1.13722,1.1386,1.14032,1.14561,1.13725,1.13881,0.00021,231809.25
2018-11-05,1.13975,1.14239,1.1353,1.14083,1.13979,1.14241,1.13534,1.14087,4e-05,214827.94
2018-11-06,1.14083,1.14417,1.13913,1.1441,1.14087,1.14421,1.13917,1.14416,6e-05,227445.92
2018-11-07,1.1441,1.14995,1.13947,1.14325,1.14415,1.14998,1.1395,1.14329,4e-05,299458.56
2018-11-08,1.14325,1.14465,1.13515,1.13679,1.1433,1.14467,1.13519,1.13683,4e-05,253817.38
2018-11-09,1.13678,1.13689,1.13161,1.13342,1.13683,1.13692,1.13164,1.13374,0.00032,240480.62
2018-11-12,1.13239,1.13305,1.12156,1.12235,1.13242,1.13308,1.12158,1.12239,4e-05,236134.62
2018-11-13,1.12235,1.13212,1.12218,1.13109,1.12239,1.13216,1.12221,1.13116,7e-05,343142.91
2018-11-14,1.13111,1.13475,1.12632,1.13121,1.13116,1.13479,1.12634,1.13124,3e-05,291523.06
2018-11-15,1.13121,1.13622,1.12705,1.13243,1.13125,1.13626,1.12709,1.13248,5e-05,291819.59
2018-11-16,1.13244,1.14202,1.13216,1.14185,1.13248,1.14208,1.1322,1.14198,0.00013,245949.23
2018-11-19,1.14135,1.14644,1.13938,1.1454,1.14139,1.14646,1.13942,1.14543,3e-05,204704.44
2018-11-20,1.1454,1.14723,1.13587,1.13721,1.14544,1.14725,1.13589,1.13725,4e-05,239103.98
2018-11-21,1.1372,1.14245,1.13656,1.13884,1.13725,1.14249,1.13658,1.13891,7e-05,234284.06
2018-11-22,1.13885,1.1434,1.13853,1.14026,1.13891,1.14342,1.13857,1.14031,5e-05,170538.89
2018-11-23,1.14027,1.14209,1.13275,1.13355,1.14031,1.14213,1.1328,1.1342,0.00065,336333.59
2018-11-26,1.13374,1.13837,1.1325,1.13331,1.1338,1.13839,1.13251,1.13334,3e-05,228041.95
2018-11-27,1.13331,1.13436,1.12775,1.12969,1.13335,1.1344,1.12776,1.12974,5e-05,245549.27
2018-11-28,1.1297,1.13875,1.12671,1.13674,1.12975,1.13878,1.12674,1.13677,3e-05,266362.72
2018-11-29,1.13674,1.14016,1.13486,1.13924,1.13676,1.14019,1.1349,1.13929,5e-05,264739.72
2018-11-30,1.13924,1.14003,1.13054,1.13164,1.1393,1.14006,1.13057,1.13229,0.00065,252452.73
2018-12-03,1.13422,1.13796,1.13192,1.13541,1.13423,1.13799,1.13196,1.13546,5e-05,243990.2
2018-12-04,1.13541,1.14187,1.13185,1.13424,1.13545,1.14189,1.13189,1.13429,5e-05,284073.94
2018-12-05,1.13425,1.13612,1.13107,1.13487,1.13429,1.13614,1.13113,1.13493,6e-05,197094.84
2018-12-06,1.13487,1.14123,1.13209,1.13758,1.13493,1.14127,1.13212,1.13763,5e-05,280059.16
2018-12-07,1.13758,1.14235,1.13603,1.13758,1.13764,1.14238,1.13606,1.13826,0.00068,242705.19
2018-12-10,1.13996,1.14426,1.13504,1.13558,1.14,1.1443,1.13507,1.13563,5e-05,256937.58
2018-12-11,1.13559,1.14002,1.13062,1.13216,1.13563,1.14003,1.13065,1.13222,6e-05,261593.61
2018-12-12,1.13215,1.13872,1.13148,1.13725,1.13221,1.13875,1.13154,1.13731,6e-05,264787.66
2018-12-13,1.13725,1.13932,1.1331,1.1363,1.13731,1.13935,1.13313,1.13633,3e-05,251050.25
2018-12-14,1.1363,1.13649,1.12699,1.13045,1.13633,1.13653,1.12701,1.13073,0.00028,255950.84
2018-12-17,1.13043,1.13577,1.13027,1.13493,1.13046,1.13579,1.13032,1.13497,4e-05,213611.75
2018-12-18,1.13495,1.14022,1.13366,1.13758,1.13498,1.14025,1.13369,1.13761,3e-05,250202.44
2018-12-19,1.13756,1.14392,1.13643,1.13865,1.13761,1.14395,1.13646,1.13871,6e-05,396079.88
2018-12-20,1.13865,1.14859,1.13771,1.14565,1.13871,1.14861,1.13774,1.14569,4e-05,521394.28
2018-12-21,1.14566,1.14739,1.13559,1.13684,1.14569,1.14743,1.13563,1.13718,0.00034,457889.44
2018-12-24,1.13723,1.14384,1.13705,1.13995,1.13728,1.14389,1.13709,1.14043,0.00048,364501.91
2018-12-25,1.13998,1.14198,1.13892,1.14131,1.14027,1.14213,1.13967,1.14137,6e-05,19137.88
2018-12-26,1.14132,1.14163,1.13428,1.13601,1.14137,1.14168,1.13432,1.13608,7e-05,261304.72
2018-12-27,1.13602,1.1454,1.1358,1.14304,1.13608,1.14544,1.13585,1.14308,4e-05,556935.81
2018-12-28,1.14306,1.14727,1.14299,1.14414,1.14308,1.1473,1.14303,1.1445,0.00036,444843.94
2018-12-31,1.14389,1.14674,1.14213,1.14627,1.14393,1.14711,1.14217,1.14711,0.00084,306212.97
2019-01-01,1.14598,1.14676,1.14566,1.14612,1.14682,1.14691,1.14611,1.14616,4e-05,11818.9
2019-01-02,1.14612,1.14967,1.13092,1.13121,1.14616,1.14971,1.13098,1.13129,8e-05,455444.66
2019-01-03,1.13122,1.1411,1.13099,1.13899,1.13129,1.14113,1.13104,1.13906,7e-05,494514.19
2019-01-04,1.13901,1.14189,1.13456,1.13943,1.13906,1.14192,1.13459,1.13975,0.00032,403754.38
2019-01-07,1.14102,1.14826,1.14046,1.14789,1.14106,1.14828,1.14049,1.14792,3e-05,362818.62
2019-01-08,1.1479,1.14844,1.14222,1.14572,1.14792,1.14849,1.14224,1.14579,7e-05,373028.31
2019-01-09,1.14573,1.15578,1.14389,1.15541,1.1458,1.15582,1.14391,1.15546,5e-05,464484.84
2019-01-10,1.15541,1.15697,1.14844,1.15081,1.15545,1.15701,1.14847,1.15086,5e-05,501643.22
2019-01-11,1.15082,1.15403,1.1458,1.14656,1.15085,1.15405,1.14582,1.14729,0.00073,369059.28
2019-01-14,1.14598,1.1482,1.14506,1.14726,1.14601,1.14821,1.14509,1.1473,4e-05,347342.12
2019-01-15,1.14727,1.14896,1.13819,1.14141,1.1473,1.14899,1.13821,1.14147,6e-05,427916.25
2019-01-16,1.1414,1.14248,1.13777,1.13994,1.14146,1.14251,1.13779,1.14,6e-05,373027.38
2019-01-17,1.13994,1.14059,1.137,1.1392,1.13998,1.14062,1.13703,1.13923,3e-05,380918.0
2019-01-18,1.1392,1.14103,1.13532,1.13614,1.13923,1.14104,1.13535,1.13643,0.00029,383249.31
2019-01-21,1.13651,1.1391,1.13567,1.13688,1.13654,1.13915,1.1357,1.13693,5e-05,237382.05
2019-01-22,1.13687,1.13739,1.13361,1.13633,1.13693,1.13741,1.13363,1.13636,3e-05,365964.56
2019-01-23,1.13634,1.13942,1.13505,1.13861,1.13638,1.13947,1.13508,1.13866,5e-05,378517.62
2019-01-24,1.13861,1.13913,1.12892,1.13126,1.13865,1.13917,1.12897,1.1313,4e-05,436798.06
2019-01-25,1.13127,1.14176,1.13049,1.14032,1.13131,1.14177,1.13052,1.14089,0.00057,421710.47
2019-01-28,1.14127,1.14436,1.139,1.14294,1.14131,1.14439,1.13904,1.14299,5e-05,354877.88
2019-01-29,1.14295,1.14501,1.14111,1.14348,1.14299,1.14504,1.14113,1.14352,4e-05,424913.44
2019-01-30,1.14348,1.15016,1.14062,1.14853,1.14351,1.15019,1.14063,1.14857,4e-05,431876.78
2019-01-31,1.14852,1.15141,1.14356,1.14482,1.14857,1.15144,1.1436,1.14486,4e-05,477127.38
2019-02-01,1.14482,1.14884,1.14343,1.14547,1.14485,1.14887,1.14346,1.14578,0.00031,398191.53
2019-02-04,1.14543,1.14603,1.14244,1.14349,1.14545,1.14605,1.14246,1.14355,6e-05,367141.97
2019-02-05,1.14348,1.14404,1.14011,1.14087,1.14354,1.14407,1.14014,1.14093,6e-05,331771.97
2019-02-06,1.14087,1.14091,1.13608,1.13656,1.14092,1.14095,1.13611,1.13659,3e-05,350166.09
2019-02-07,1.13655,1.13675,1.13244,1.13382,1.1366,1.13679,1.13248,1.13385,3e-05,375756.25
2019-02-08,1.13382,1.13508,1.13207,1.13207,1.13384,1.1351,1.13212,1.13231,0.00024,330732.81
2019-02-11,1.13239,1.13298,1.12672,1.12785,1.13242,1.13302,1.12675,1.12789,4e-05,378811.62
2019-02-12,1.12785,1.13396,1.12577,1.13336,1.12789,1.13398,1.12579,1.13339,3e-05,404102.66
2019-02-13,1.13336,1.13414,1.1249,1.12646,1.13341,1.13417,1.12496,1.12649,3e-05,380532.41
2019-02-14,1.12646,1.13098,1.12498,1.12947,1.12648,1.13101,1.12499,1.1295,3e-05,416725.56
2019-02-15,1.12946,1.13061,1.1234,1.12925,1.12949,1.13064,1.12343,1.12935,0.0001,428528.34
2019-02-18,1.12948,1.13338,1.12937,1.13114,1.12952,1.13341,1.1294,1.13118,4e-05,264432.38
2019-02-19,1.13115,1.13574,1.12755,1.13399,1.13118,1.13576,1.12757,1.13401,2e-05,408625.03
2019-02-20,1.13399,1.13711,1.13249,1.13461,1.13401,1.13714,1.13251,1.13466,5e-05,393154.5
2019-02-21,1.13461,1.13663,1.13202,1.13398,1.13466,1.13666,1.13204,1.13401,3e-05,444394.72
2019-02-22,1.13399,1.13556,1.13161,1.13319,1.13401,1.13558,1.13163,1.13377,0.00058,385471.66
2019-02-25,1.13421,1.13675,1.13367,1.13647,1.13424,1.13677,1.13369,1.1365,3e-05,368447.75
2019-02-26,1.13647,1.14027,1.1345,1.1393,1.1365,1.14029,1.13454,1.13933,3e-05,417596.31
2019-02-27,1.13931,1.14036,1.13622,1.13795,1.13933,1.14037,1.13626,1.13799,4e-05,422988.34
2019-02-28,1.13796,1.14197,1.13595,1.1373,1.13798,1.14198,1.13596,1.13734,4e-05,457608.47
2019-03-01,1.13731,1.14085,1.13533,1.13633,1.13733,1.14089,1.13534,1.13668,0.00035,405553.75
2019-03-04,1.13749,1.1375,1.1309,1.13362,1.13753,1.13753,1.13092,1.13368,6e-05,406415.66
2019-03-05,1.13363,1.13384,1.12895,1.1306,1.13368,1.13387,1.12898,1.13062,2e-05,394725.25
2019-03-06,1.13059,1.13245,1.12855,1.13129,1.13062,1.13247,1.12857,1.13134,5e-05,322848.12
2019-03-07,1.1313,1.13202,1.11764,1.1198,1.13133,1.13205,1.11765,1.11985,5e-05,390830.41
2019-03-08,1.1198,1.12461,1.11852,1.12311,1.11984,1.12463,1.11854,1.12344,0.00033,374351.0
2019-03-11,1.12315,1.12738,1.12217,1.12591,1.12319,1.12743,1.12219,1.12595,4e-05,323944.16
2019-03-12,1.1259,1.13049,1.12492,1.12865,1.12593,1.13051,1.12495,1.12869,4e-05,320871.94
2019-03-13,1.12864,1.13385,1.12773,1.13303,1.12867,1.13388,1.12776,1.13305,2e-05,305061.06
2019-03-14,1.13304,1.13361,1.1294,1.13064,1.13306,1.13363,1.12942,1.13068,4e-05,328504.88
2019-03-15,1.13066,1.13443,1.13,1.1324,1.13069,1.13446,1.13003,1.13265,0.00025,289446.97
2019-03-18,1.13193,1.13589,1.13192,1.1336,1.13196,1.13592,1.13195,1.13364,4e-05,256610.22
2019-03-19,1.1336,1.13615,1.13336,1.13542,1.13363,1.13618,1.13339,1.13546,4e-05,272290.75
2019-03-20,1.13543,1.1448,1.13354,1.14284,1.13546,1.14483,1.13357,1.14287,3e-05,367710.75
2019-03-21,1.14282,1.14373,1.13425,1.13737,1.14285,1.14377,1.13428,1.13741,4e-05,355410.41
2019-03-22,1.13737,1.13905,1.12732,1.13004,1.13742,1.1391,1.12734,1.13022,0.00018,402377.66
2019-03-25,1.12956,1.13314,1.12889,1.13151,1.1296,1.13315,1.12891,1.13155,4e-05,341816.03
2019-03-26,1.13152,1.13259,1.12632,1.12738,1.13154,1.13261,1.12635,1.12743,5e-05,336568.12
2019-03-27,1.12737,1.12855,1.12421,1.12521,1.12743,1.12858,1.12423,1.12524,3e-05,422556.44
2019-03-28,1.12518,1.12612,1.12135,1.12298,1.1252,1.12615,1.12139,1.12302,4e-05,426452.19
2019-03-29,1.12297,1.12466,1.12098,1.12179,1.12301,1.12469,1.121,1.12186,7e-05,424280.38
2019-04-01,1.12231,1.12498,1.11984,1.12049,1.12235,1.12501,1.11993,1.12053,4e-05,414214.38
2019-04-02,1.12049,1.1216,1.11836,1.12032,1.12053,1.12164,1.1184,1.12036,4e-05,437698.16
2019-04-03,1.12032,1.12547,1.12019,1.12446,1.12036,1.12549,1.12022,1.1245,4e-05,464945.66
2019-04-04,1.12447,1.12475,1.12059,1.12222,1.1245,1.12479,1.12063,1.12227,5e-05,382615.91
2019-04-05,1.12222,1.12472,1.12099,1.12142,1.12226,1.12486,1.12102,1.12175,0.00033,331661.34
2019-04-08,1.12181,1.12744,1.12148,1.12555,1.12185,1.12748,1.1215,1.1256,5e-05,386557.53
2019-04-09,1.12557,1.12842,1.12554,1.12655,1.12559,1.12845,1.12557,1.12658,3e-05,384052.25
2019-04-10,1.12654,1.12876,1.12294,1.12758,1.12659,1.12899,1.12297,1.12762,4e-05,433096.78
2019-04-11,1.12759,1.12873,1.12498,1.12601,1.12762,1.12876,1.12501,1.12605,4e-05,382614.59
2019-04-12,1.12602,1.13239,1.12572,1.12976,1.12605,1.13241,1.12575,1.13006,0.0003,401664.28
2019-04-15,1.13029,1.13209,1.12975,1.13043,1.13031,1.13212,1.12978,1.13046,3e-05,376604.97
2019-04-16,1.13044,1.13139,1.12788,1.12845,1.13046,1.13142,1.12792,1.12848,3e-05,478236.75
2019-04-17,1.12845,1.13237,1.12813,1.12965,1.12847,1.13239,1.12816,1.12968,3e-05,394230.75
2019-04-18,1.12964,1.13039,1.12261,1.12349,1.12968,1.13042,1.12264,1.12353,4e-05,411987.19
2019-04-19,1.12349,1.12476,1.12323,1.12408,1.12352,1.1249,1.12327,1.1249,0.00082,106163.8
2019-04-22,1.1244,1.1262,1.12357,1.12584,1.12445,1.12622,1.12359,1.12587,3e-05,184842.33
2019-04-23,1.12585,1.12612,1.11921,1.12237,1.12588,1.12614,1.11925,1.12239,2e-05,366794.09
2019-04-24,1.12239,1.12241,1.11406,1.11533,1.12242,1.12244,1.11407,1.11536,3e-05,396092.94
2019-04-25,1.11534,1.11623,1.11178,1.11353,1.11537,1.11626,1.1118,1.11358,5e-05,346843.25
2019-04-26,1.11353,1.11739,1.11111,1.11429,1.11357,1.11742,1.11116,1.11513,0.00084,341314.09
2019-04-29,1.11494,1.11869,1.1145,1.11848,1.11495,1.11872,1.11453,1.11852,4e-05,285596.44
2019-04-30,1.11847,1.1229,1.11757,1.12157,1.11849,1.12291,1.11759,1.1216,3e-05,320017.56
2019-05-01,1.12157,1.12647,1.1187,1.12024,1.12159,1.1265,1.11873,1.12027,3e-05,243803.09
2019-05-02,1.12023,1.1219,1.11707,1.11729,1.12026,1.12193,1.11709,1.11732,3e-05,302647.88
2019-05-03,1.11728,1.12047,1.1135,1.12007,1.11732,1.12052,1.11352,1.12042,0.00035,332884.16
2019-05-06,1.11846,1.12092,1.1179,1.1201,1.11851,1.12095,1.11792,1.12014,4e-05,307459.69
2019-05-07,1.12011,1.12178,1.11666,1.11895,1.12014,1.1218,1.11668,1.11899,4e-05,342101.75
2019-05-08,1.11893,1.12136,1.11827,1.11977,1.11895,1.1214,1.1183,1.11982,5e-05,370041.22
2019-05-09,1.11977,1.12509,1.11734,1.12184,1.11981,1.12512,1.11737,1.12187,3e-05,410143.59
2019-05-10,1.12185,1.12536,1.12177,1.12329,1.12187,1.12539,1.1218,1.12358,0.00029,366677.16
2019-05-13,1.12358,1.12635,1.12191,1.1232,1.12361,1.12637,1.12201,1.12324,4e-05,330177.5
2019-05-14,1.1232,1.12439,1.12011,1.12032,1.12323,1.12441,1.12015,1.12035,3e-05,312740.97
2019-05-15,1.12031,1.12245,1.11779,1.12068,1.12035,1.12248,1.11781,1.12073,5e-05,344234.03
2019-05-16,1.12069,1.12238,1.11662,1.11731,1.12071,1.12242,1.11664,1.11734,3e-05,330368.44
2019-05-17,1.1173,1.11841,1.11551,1.11563,1.11734,1.11843,1.11554,1.11582,0.00019,348250.19
2019-05-20,1.11646,1.11748,1.11506,1.11673,1.1165,1.1175,1.11509,1.11674,1e-05,305009.75
2019-05-21,1.11673,1.1188,1.11419,1.11643,1.11675,1.11882,1.11422,1.11646,3e-05,333000.62
2019-05-22,1.11643,1.11802,1.11485,1.11552,1.11645,1.11803,1.11488,1.11556,4e-05,286002.5
2019-05-23,1.11553,1.11875,1.1107,1.11841,1.11555,1.11877,1.11072,1.11845,4e-05,368229.41
2019-05-24,1.11841,1.12121,1.11771,1.12043,1.11845,1.12123,1.11774,1.12065,0.00022,308644.0
2019-05-27,1.12067,1.12151,1.11869,1.11934,1.1207,1.12154,1.11871,1.11936,2e-05,192217.22
2019-05-28,1.11933,1.11983,1.11592,1.11681,1.11937,1.11986,1.11596,1.11684,3e-05,306191.0
2019-05-29,1.11682,1.11724,1.11243,1.11366,1.11684,1.11727,1.11245,1.11369,3e-05,354138.31
2019-05-30,1.11365,1.11433,1.1116,1.11295,1.1137,1.11435,1.11162,1.11298,3e-05,300563.12
2019-05-31,1.11295,1.11797,1.11251,1.11678,1.11297,1.118,1.11253,1.11697,0.00019,412709.28
2019-06-03,1.11736,1.12619,1.11601,1.12457,1.11739,1.12621,1.11603,1.1246,3e-05,373774.81
2019-06-04,1.12458,1.12774,1.12267,1.12536,1.1246,1.12776,1.12269,1.12539,3e-05,410688.75
2019-06-05,1.12535,1.13065,1.122,1.12286,1.1254,1.13067,1.12201,1.12289,3e-05,399166.22
2019-06-06,1.12286,1.1309,1.12008,1.12755,1.12288,1.13092,1.12015,1.12759,4e-05,363147.41
2019-06-07,1.12756,1.13477,1.12512,1.13334,1.12759,1.13479,1.12515,1.13341,7e-05,347017.19
2019-06-10,1.1319,1.13243,1.12902,1.13179,1.13195,1.13248,1.12904,1.13182,3e-05,319896.62
2019-06-11,1.13179,1.13374,1.13013,1.13295,1.13183,1.13377,1.13015,1.13298,3e-05,358230.84
2019-06-12,1.13295,1.13434,1.12824,1.12924,1.13298,1.13437,1.12826,1.12928,4e-05,374913.31
2019-06-13,1.12924,1.13037,1.12683,1.12795,1.12927,1.1304,1.12687,1.12797,2e-05,353159.97
2019-06-14,1.12794,1.12891,1.12024,1.1205,1.12796,1.12893,1.12027,1.12126,0.00076,344535.56
2019-06-17,1.12155,1.1247,1.12037,1.12242,1.12158,1.12473,1.12039,1.12244,2e-05,244337.52
2019-06-18,1.12244,1.12428,1.11813,1.11978,1.12246,1.1243,1.11815,1.11981,3e-05,389081.0
2019-06-19,1.11978,1.12542,1.11871,1.12357,1.11982,1.12545,1.11874,1.1236,3e-05,323580.78
2019-06-20,1.12357,1.13173,1.12351,1.12943,1.1236,1.13175,1.12354,1.12946,3e-05,428182.5
2019-06-21,1.12943,1.13777,1.1283,1.13679,1.12946,1.13781,1.12833,1.13695,0.00016,407208.44
2019-06-24,1.1385,1.14039,1.13725,1.13991,1.13854,1.14042,1.13727,1.13997,6e-05,295616.59
2019-06-25,1.13993,1.14119,1.13442,1.13681,1.13997,1.14122,1.13444,1.13684,3e-05,392497.91
2019-06-26,1.1368,1.13913,1.13474,1.13735,1.13684,1.13915,1.13477,1.13739,4e-05,341519.75
2019-06-27,1.13734,1.13814,1.13477,1.13711,1.13738,1.13817,1.1348,1.13714,3e-05,305256.38
2019-06-28,1.13711,1.13933,1.13506,1.13681,1.13715,1.13934,1.13508,1.1376,0.00079,276363.56
2019-07-01,1.13601,1.1364,1.12801,1.12868,1.13603,1.13641,1.12805,1.12871,3e-05,303828.38
2019-07-02,1.12868,1.13215,1.12751,1.12904,1.12872,1.13216,1.12754,1.12907,3e-05,265697.28
2019-07-03,1.12904,1.13123,1.12686,1.12873,1.12909,1.13125,1.12688,1.12875,2e-05,261437.47
2019-07-04,1.12873,1.12951,1.12731,1.12853,1.12875,1.12954,1.12733,1.12856,3e-05,139704.7
2019-07-05,1.12853,1.1286,1.12073,1.12235,1.12856,1.12863,1.12075,1.12274,0.00039,258051.91
2019-07-08,1.12267,1.12344,1.12069,1.12151,1.1227,1.12346,1.12071,1.12154,3e-05,213395.12
2019-07-09,1.1215,1.12187,1.11933,1.12043,1.12153,1.1219,1.11935,1.12047,4e-05,215624.12
2019-07-10,1.12043,1.12643,1.12018,1.12583,1.12045,1.12645,1.12021,1.12585,2e-05,278478.66
2019-07-11,1.12585,1.12857,1.12451,1.12498,1.12588,1.1286,1.12454,1.12499,1e-05,283354.66
2019-07-12,1.12498,1.12748,1.12381,1.12698,1.12501,1.12751,1.12384,1.12708,0.0001,253368.8
2019-07-15,1.12711,1.12838,1.12532,1.12597,1.12714,1.12841,1.12536,1.126,3e-05,213580.34
2019-07-16,1.12598,1.12634,1.12018,1.12116,1.126,1.12637,1.12021,1.1212,4e-05,259555.02
2019-07-17,1.12117,1.12335,1.11997,1.12273,1.1212,1.12338,1.12,1.12275,2e-05,224769.23
2019-07-18,1.12273,1.1282,1.12051,1.1261,1.12276,1.12822,1.12052,1.12613,3e-05,316722.34
2019-07-19,1.12608,1.12683,1.12033,1.12192,1.12611,1.12686,1.12037,1.12226,0.00034,282446.41
2019-07-22,1.12175,1.12253,1.12037,1.12042,1.12179,1.12254,1.1204,1.12046,4e-05,227157.25
2019-07-23,1.12042,1.1208,1.11457,1.11508,1.12046,1.12083,1.1146,1.11511,3e-05,268169.28
2019-07-24,1.11508,1.11558,1.11269,1.11419,1.11511,1.1156,1.11274,1.11422,3e-05,271736.03
2019-07-25,1.1142,1.11877,1.11013,1.11448,1.11422,1.1188,1.11016,1.1145,2e-05,359874.94
2019-07-26,1.11447,1.11509,1.1112,1.11247,1.1145,1.11512,1.11122,1.11308,0.00061,260348.67
2019-07-29,1.11295,1.11509,1.11128,1.11423,1.11297,1.11512,1.1113,1.11425,2e-05,232842.48
2019-07-30,1.11424,1.1161,1.11321,1.11568,1.11425,1.11612,1.11322,1.11571,3e-05,277029.62
2019-07-31,1.11568,1.1162,1.106,1.10715,1.11571,1.11623,1.10604,1.10718,3e-05,355194.81
2019-08-01,1.10715,1.10958,1.10268,1.10788,1.10718,1.1096,1.10271,1.10793,5e-05,467627.94
2019-08-02,1.10789,1.11164,1.10696,1.11057,1.10791,1.11166,1.10701,1.11083,0.00026,464104.97
2019-08-05,1.11079,1.12453,1.11064,1.12418,1.11081,1.12454,1.11068,1.12422,4e-05,476043.97
2019-08-06,1.12418,1.12497,1.11675,1.12054,1.12421,1.12498,1.11677,1.12056,2e-05,417917.69
2019-08-07,1.12053,1.12417,1.11791,1.12039,1.12055,1.12421,1.11795,1.12043,4e-05,451342.66
2019-08-08,1.12038,1.12323,1.11769,1.11861,1.12042,1.12327,1.11773,1.11865,4e-05,340913.94
2019-08-09,1.11861,1.12229,1.11833,1.11969,1.11864,1.12232,1.11835,1.12032,0.00063,284956.78
2019-08-12,1.12074,1.12306,1.11619,1.12162,1.12076,1.12308,1.11622,1.12164,2e-05,319337.12
2019-08-13,1.12162,1.12285,1.11698,1.11764,1.12165,1.12287,1.11703,1.11767,3e-05,377049.53
2019-08-14,1.11764,1.11908,1.11305,1.11428,1.11767,1.1191,1.11308,1.11433,5e-05,345279.31
2019-08-15,1.11428,1.11583,1.10913,1.11103,1.11433,1.11586,1.10916,1.11108,5e-05,416591.31
2019-08-16,1.11105,1.11113,1.10662,1.10899,1.11109,1.11117,1.10665,1.10911,0.00012,239920.67
2019-08-19,1.10918,1.11137,1.1076,1.10814,1.10922,1.11141,1.10763,1.10819,5e-05,198728.52
2019-08-20,1.10816,1.11066,1.10655,1.10972,1.10821,1.11069,1.10658,1.10976,4e-05,202915.3
2019-08-21,1.1097,1.1107,1.10804,1.10901,1.10976,1.11074,1.10809,1.10906,5e-05,170929.52
2019-08-22,1.10903,1.1113,1.10635,1.10836,1.10906,1.11133,1.10638,1.1084,4e-05,215750.56
2019-08-23,1.10835,1.11532,1.10516,1.1136,1.1084,1.11535,1.10519,1.1145,0.0009,234770.31
2019-08-26,1.11433,1.11529,1.10942,1.11013,1.11435,1.11532,1.10944,1.11018,5e-05,276142.38
2019-08-27,1.11012,1.11159,1.10855,1.10893,1.11016,1.11162,1.10859,1.10898,5e-05,211976.97
2019-08-28,1.10894,1.10978,1.10733,1.10855,1.10899,1.10983,1.10734,1.10857,2e-05,211311.0
2019-08-29,1.10856,1.1093,1.10419,1.10589,1.10859,1.10933,1.10422,1.10594,5e-05,208781.84
2019-08-30,1.10589,1.10599,1.09632,1.0988,1.10594,1.10602,1.09635,1.09936,0.00056,165279.3
2019-09-02,1.09903,1.09931,1.0958,1.09641,1.09908,1.09936,1.09581,1.09645,4e-05,46117.5
2019-09-03,1.09641,1.09786,1.0926,1.09725,1.09646,1.0979,1.09262,1.09729,4e-05,134828.67
2019-09-04,1.09725,1.10383,1.09715,1.10347,1.09727,1.10386,1.09718,1.10351,4e-05,161293.59
2019-09-05,1.10346,1.10847,1.10166,1.1034,1.10351,1.1085,1.10169,1.10343,3e-05,173375.17
2019-09-06,1.1034,1.10572,1.10201,1.1025,1.10342,1.10574,1.10205,1.10324,0.00074,155127.72
2019-09-09,1.10202,1.1068,1.10153,1.10469,1.10206,1.10683,1.10157,1.10472,3e-05,134493.75
2019-09-10,1.10469,1.10595,1.10305,1.10501,1.10474,1.10597,1.10307,1.10503,2e-05,131830.02
2019-09-11,1.10501,1.10555,1.09851,1.10135,1.10503,1.10559,1.09855,1.10138,3e-05,127663.97
2019-09-12,1.10134,1.10871,1.09268,1.10561,1.10137,1.10873,1.09269,1.10565,4e-05,201762.58
2019-09-13,1.1056,1.11094,1.1056,1.10707,1.10565,1.11097,1.10565,1.1077,0.00063,159524.47
2019-09-16,1.10831,1.10843,1.09932,1.10031,1.10834,1.10847,1.09936,1.10035,4e-05,142926.33
2019-09-17,1.1003,1.10755,1.09901,1.10736,1.10034,1.10759,1.09904,1.10741,5e-05,170443.14
2019-09-18,1.10737,1.10746,1.10136,1.10291,1.10742,1.1075,1.1014,1.10295,4e-05,157398.94
2019-09-19,1.10291,1.10735,1.10229,1.10446,1.10295,1.10738,1.10231,1.1045,4e-05,198730.75
2019-09-20,1.10444,1.10676,1.09961,1.10169,1.10447,1.10678,1.09965,1.10212,0.00043,173532.12
2019-09-23,1.10185,1.10253,1.09661,1.09939,1.10189,1.10256,1.09664,1.09944,5e-05,178417.36
2019-09-24,1.09938,1.1024,1.09837,1.10135,1.0994,1.10244,1.09839,1.10138,3e-05,183286.27
2019-09-25,1.10134,1.10168,1.09374,1.09511,1.10138,1.10172,1.09376,1.09516,5e-05,196617.38
2019-09-26,1.09511,1.09672,1.09087,1.09222,1.09516,1.09675,1.09089,1.09226,4e-05,191177.03
2019-09-27,1.09223,1.09586,1.09046,1.09367,1.09226,1.0959,1.09049,1.09439,0.00072,176770.06
2019-09-30,1.09421,1.09478,1.08847,1.08993,1.09425,1.09481,1.0885,1.08996,3e-05,175540.03
2019-10-01,1.08992,1.09428,1.0879,1.09339,1.08996,1.0943,1.08793,1.09343,4e-05,214512.27
2019-10-02,1.0934,1.09636,1.0904,1.09605,1.09343,1.09638,1.09044,1.09608,3e-05,200581.12
2019-10-03,1.09604,1.09992,1.09408,1.09744,1.09608,1.09994,1.09411,1.09748,4e-05,219926.41
2019-10-04,1.09745,1.0999,1.0957,1.0976,1.09747,1.09995,1.09572,1.09815,0.00055,184196.86
2019-10-07,1.09832,1.10004,1.09619,1.09715,1.09837,1.10008,1.09622,1.09718,3e-05,167536.2
2019-10-08,1.09716,1.09958,1.09409,1.09597,1.09719,1.09959,1.09413,1.09601,4e-05,217155.53
2019-10-09,1.09597,1.099,1.09548,1.09842,1.09601,1.09902,1.0955,1.09844,2e-05,185453.06
2019-10-10,1.09841,1.10337,1.09797,1.10106,1.09844,1.10341,1.09799,1.1011,4e-05,230081.53
2019-10-11,1.10105,1.10626,1.10007,1.10329,1.10109,1.1063,1.10009,1.104,0.00071,245439.88
2019-10-14,1.10281,1.10426,1.10128,1.10259,1.10284,1.10428,1.10129,1.10262,3e-05,155436.67
2019-10-15,1.10258,1.10459,1.09912,1.10344,1.10262,1.10463,1.09915,1.10346,2e-05,223298.56
2019-10-16,1.10344,1.10855,1.10223,1.10737,1.10345,1.10857,1.10226,1.1074,3e-05,232685.88
2019-10-17,1.10738,1.11398,1.1065,1.11244,1.10741,1.114,1.10653,1.11249,5e-05,223617.12
2019-10-18,1.11245,1.11719,1.11145,1.11703,1.11249,1.11727,1.11149,1.11723,0.0002,140632.06
2019-10-21,1.11559,1.11793,1.11386,1.11515,1.11562,1.11795,1.11388,1.11519,4e-05,124245.37
2019-10-22,1.11517,1.11568,1.11176,1.11289,1.11519,1.1157,1.11178,1.11291,2e-05,125243.19
2019-10-23,1.11288,1.11405,1.11061,1.11322,1.11291,1.11406,1.11062,1.11324,2e-05,112972.56
2019-10-24,1.11322,1.11627,1.1093,1.11034,1.11323,1.1163,1.10932,1.11038,4e-05,149011.56
2019-10-25,1.11035,1.11229,1.10729,1.1079,1.11038,1.11231,1.10731,1.10813,0.00023,100730.71
2019-10-28,1.10839,1.11065,1.1076,1.10982,1.10841,1.11068,1.10763,1.10984,2e-05,106338.38
2019-10-29,1.10982,1.11183,1.10735,1.1112,1.10983,1.11187,1.10737,1.11124,4e-05,122552.6
2019-10-30,1.11119,1.11554,1.10801,1.11521,1.11124,1.11556,1.10802,1.11524,3e-05,137742.22
2019-10-31,1.11521,1.11755,1.11314,1.11561,1.11525,1.11758,1.11315,1.11563,2e-05,149061.72
2019-11-01,1.11559,1.11718,1.11281,1.11641,1.11563,1.1172,1.11284,1.11675,0.00034,126862.16
2019-11-04,1.1166,1.11753,1.11218,1.11279,1.11662,1.11756,1.11221,1.11283,4e-05,109786.41
2019-11-05,1.11279,1.11401,1.10635,1.10738,1.11282,1.11402,1.10637,1.10743,5e-05,152011.23
2019-11-06,1.10739,1.10928,1.10651,1.107,1.10742,1.10929,1.10652,1.10704,4e-05,124123.62
2019-11-07,1.10699,1.10914,1.1036,1.10523,1.10703,1.10918,1.10361,1.10525,2e-05,155079.14
2019-11-08,1.10524,1.10554,1.10167,1.10176,1.10527,1.10556,1.10168,1.10213,0.00037,116906.2
2019-11-11,1.10217,1.1043,1.10163,1.10347,1.1022,1.10431,1.10165,1.1035,3e-05,86681.4
2019-11-12,1.10347,1.10385,1.10025,1.1012,1.10349,1.10387,1.10026,1.10122,2e-05,120036.43
2019-11-13,1.1012,1.10203,1.09953,1.10096,1.10123,1.10205,1.09955,1.10098,2e-05,121193.09
2019-11-14,1.10096,1.10274,1.0989,1.10197,1.10099,1.10277,1.09893,1.102,3e-05,116532.05
2019-11-15,1.10198,1.10569,1.10145,1.10494,1.102,1.10571,1.10147,1.10541,0.00047,109547.43
2019-11-18,1.1054,1.10899,1.10533,1.10722,1.10541,1.109,1.10536,1.10724,2e-05,112908.33
2019-11-19,1.10721,1.10839,1.10626,1.10779,1.10726,1.10841,1.10627,1.10782,3e-05,109962.59
2019-11-20,1.10781,1.10813,1.1053,1.10779,1.10783,1.10815,1.10531,1.10781,2e-05,129488.83
2019-11-21,1.10779,1.10969,1.10522,1.10656,1.10782,1.10971,1.10524,1.10659,3e-05,126596.8
2019-11-22,1.10657,1.10872,1.10143,1.10179,1.10659,1.10877,1.10146,1.10245,0.00066,176378.38
2019-11-25,1.10225,1.10321,1.10035,1.10104,1.10229,1.10322,1.10037,1.10107,3e-05,115068.72
2019-11-26,1.10105,1.10256,1.10071,1.1022,1.10109,1.10258,1.10072,1.10222,2e-05,111062.38
2019-11-27,1.1022,1.10222,1.09922,1.10048,1.10224,1.10224,1.09924,1.10052,4e-05,117354.78
2019-11-28,1.10049,1.10179,1.10003,1.10113,1.10051,1.10181,1.10006,1.10115,2e-05,74289.85
2019-11-29,1.10113,1.10282,1.09811,1.1015,1.10116,1.10285,1.09813,1.10213,0.00063,101410.55
2019-12-02,1.10182,1.10907,1.10029,1.10761,1.10183,1.10909,1.10031,1.10763,2e-05,133215.33
2019-12-03,1.1076,1.10934,1.1066,1.10818,1.10763,1.10937,1.10662,1.1082,2e-05,129714.03
2019-12-04,1.10819,1.11161,1.10666,1.10827,1.1082,1.11162,1.10668,1.10829,2e-05,151487.58
2019-12-05,1.10824,1.1108,1.10793,1.11038,1.10826,1.11082,1.10794,1.11042,4e-05,123792.3
2019-12-06,1.11039,1.11097,1.10398,1.10543,1.11042,1.11099,1.10399,1.1063,0.00087,120864.61
2019-12-09,1.10581,1.10779,1.10533,1.10643,1.10585,1.1078,1.10534,1.10645,2e-05,109027.39
2019-12-10,1.10642,1.10977,1.10628,1.10923,1.10645,1.10979,1.10631,1.10926,3e-05,129542.96
2019-12-11,1.10923,1.11448,1.10701,1.11325,1.10925,1.1145,1.10703,1.11329,4e-05,144933.31
2019-12-12,1.11326,1.11995,1.11029,1.11833,1.11329,1.11999,1.11031,1.11835,2e-05,192578.11
2019-12-13,1.11833,1.1186,1.1112,1.11174,1.11836,1.11862,1.11122,1.11236,0.00062,211781.33
2019-12-16,1.11241,1.11581,1.11229,1.11355,1.11243,1.11597,1.11232,1.11357,2e-05,151090.56
2019-12-17,1.11355,1.11746,1.11293,1.11514,1.11358,1.11747,1.11295,1.11516,2e-05,151614.53
2019-12-18,1.11512,1.11512,1.11105,1.11154,1.11515,1.11515,1.11106,1.11157,3e-05,146608.27
2019-12-19,1.11154,1.11442,1.11072,1.11231,1.11156,1.11444,1.11073,1.11235,4e-05,157736.09
2019-12-20,1.11231,1.11236,1.10662,1.10769,1.11234,1.11239,1.10664,1.10812,0.00043,130731.89
2019-12-23,1.10801,1.10958,1.10699,1.10917,1.10804,1.10961,1.10701,1.1092,3e-05,108289.43
2019-12-24,1.10918,1.10938,1.1069,1.10873,1.10922,1.10941,1.10693,1.10892,0.00019,80970.68
2019-12-25,1.10873,1.10953,1.1073,1.10944,1.10895,1.10956,1.1075,1.10947,3e-05,4887.31
2019-12-26,1.10944,1.11088,1.10821,1.11012,1.10948,1.11092,1.10825,1.11014,2e-05,52487.63
2019-12-27,1.11013,1.11883,1.10987,1.11713,1.11015,1.11885,1.10989,1.11781,0.00068,124575.91
2019-12-30,1.11812,1.12207,1.11806,1.12013,1.11815,1.12209,1.11807,1.12016,3e-05,130773.88
2019-12-31,1.12013,1.12391,1.11987,1.12072,1.12014,1.12393,1.11989,1.12154,0.00082,107777.31
2020-01-01,1.1212,1.12218,1.12106,1.12188,1.12172,1.12228,1.12124,1.12191,3e-05,2621.32
2020-01-02,1.12188,1.12245,1.11635,1.11708,1.12192,1.12247,1.11638,1.11711,3e-05,487219.12
2020-01-03,1.11707,1.11798,1.11249,1.11548,1.11711,1.118,1.11251,1.11626,0.00078,177406.8
2020-01-06,1.11603,1.12055,1.11571,1.11954,1.11605,1.12058,1.11574,1.11956,2e-05,139965.28
2020-01-07,1.11953,1.1197,1.11335,1.1154,1.11956,1.11972,1.11337,1.11543,3e-05,155594.09
2020-01-08,1.11539,1.11682,1.11016,1.11129,1.11541,1.11685,1.11018,1.11132,3e-05,195256.95
2020-01-09,1.1113,1.11204,1.10924,1.11093,1.11132,1.11206,1.10925,1.11095,2e-05,142852.25
2020-01-10,1.11092,1.11291,1.1085,1.11165,1.11095,1.11293,1.10852,1.11256,0.00091,126780.23
2020-01-13,1.11161,1.11469,1.11125,1.11344,1.11163,1.1147,1.11127,1.11346,2e-05,121460.79
2020-01-14,1.11344,1.11444,1.11045,1.11275,1.11347,1.11447,1.11046,1.11278,3e-05,137175.02
2020-01-15,1.11276,1.11634,1.11185,1.11524,1.11278,1.11635,1.11186,1.11526,2e-05,149733.39
2020-01-16,1.11524,1.11727,1.11279,1.11368,1.11527,1.11728,1.11281,1.11373,5e-05,132785.06
2020-01-17,1.11368,1.11425,1.10862,1.1089,1.11372,1.11427,1.10863,1.1092,0.0003,123846.61
2020-01-20,1.10946,1.11023,1.10766,1.10962,1.10947,1.11024,1.10769,1.10965,3e-05,97595.17
2020-01-21,1.10963,1.11179,1.10809,1.10851,1.10965,1.11181,1.10811,1.10853,2e-05,133266.44
2020-01-22,1.10851,1.10984,1.107,1.10957,1.10854,1.10985,1.10702,1.10959,2e-05,134188.81
2020-01-23,1.10956,1.11087,1.10362,1.10554,1.10959,1.11089,1.10365,1.10556,2e-05,170440.22
2020-01-24,1.10554,1.10617,1.10195,1.10224,1.10557,1.10618,1.10197,1.1028,0.00056,123758.22
2020-01-27,1.10245,1.10375,1.10096,1.10193,1.10248,1.10378,1.10098,1.10197,4e-05,126594.61
2020-01-28,1.10193,1.10252,1.09978,1.1022,1.10196,1.10253,1.0998,1.10224,4e-05,122883.06
2020-01-29,1.1022,1.10276,1.09923,1.10138,1.10223,1.10278,1.09924,1.1014,2e-05,122855.78
2020-01-30,1.10138,1.10393,1.10069,1.10285,1.10141,1.10395,1.1007,1.10289,4e-05,143391.97
2020-01-31,1.10285,1.10954,1.10168,1.10944,1.10288,1.10961,1.1017,1.10952,8e-05,141170.56
2020-02-03,1.1089,1.1089,1.10356,1.10623,1.10893,1.10893,1.10361,1.10626,3e-05,134304.05
2020-02-04,1.10623,1.10641,1.10328,1.10446,1.10627,1.10643,1.1033,1.10449,3e-05,113725.58
2020-02-05,1.10449,1.10479,1.09937,1.10003,1.1045,1.10481,1.09939,1.10006,3e-05,122270.98
2020-02-06,1.10003,1.10138,1.09644,1.09806,1.10007,1.10142,1.09646,1.0981,4e-05,102177.73
2020-02-07,1.09809,1.09849,1.09419,1.09438,1.09811,1.09852,1.09422,1.09476,0.00038,130363.42
2020-02-10,1.09491,1.09574,1.09076,1.09101,1.09494,1.09578,1.09079,1.09104,3e-05,103251.95
2020-02-11,1.09103,1.09248,1.08913,1.09189,1.09104,1.09257,1.08914,1.09194,5e-05,96173.74
2020-02-12,1.09187,1.09255,1.08654,1.08756,1.09194,1.09258,1.08655,1.08758,2e-05,252568.27
2020-02-13,1.08755,1.08887,1.0834,1.08413,1.08758,1.0889,1.08342,1.08416,3e-05,336729.94
2020-02-14,1.08415,1.08611,1.08271,1.08299,1.08417,1.08614,1.08275,1.08331,0.00032,118368.19
2020-02-17,1.08411,1.08509,1.08291,1.08366,1.08414,1.08511,1.08293,1.0837,4e-05,74832.87
2020-02-18,1.08365,1.08372,1.07854,1.07949,1.0837,1.08374,1.07856,1.07951,2e-05,131588.64
2020-02-19,1.07949,1.08115,1.07822,1.08096,1.0795,1.08119,1.07824,1.081,4e-05,105152.05
2020-02-20,1.08095,1.08211,1.07778,1.07875,1.081,1.08214,1.07782,1.07879,4e-05,154014.59
2020-02-21,1.07875,1.08635,1.07871,1.08456,1.0788,1.08637,1.07874,1.08482,0.00026,187666.02
2020-02-24,1.08385,1.0872,1.0805,1.08485,1.08389,1.08722,1.08054,1.08488,3e-05,174355.62
2020-02-25,1.08485,1.08902,1.083,1.08797,1.08487,1.08905,1.08302,1.088,3e-05,183218.09
2020-02-26,1.08796,1.09086,1.08549,1.08864,1.08798,1.09091,1.08551,1.08867,3e-05,188216.97
2020-02-27,1.08865,1.10064,1.08848,1.09963,1.08867,1.10066,1.08851,1.09967,4e-05,216943.11
2020-02-28,1.09964,1.1053,1.09509,1.10251,1.09967,1.10532,1.09512,1.10289,0.00038,247670.59
2020-03-02,1.10516,1.11845,1.10362,1.11443,1.1052,1.11848,1.10365,1.11447,4e-05,247052.44
2020-03-03,1.11443,1.12134,1.10953,1.11765,1.11446,1.12141,1.10956,1.11767,2e-05,214838.09
2020-03-04,1.11765,1.11875,1.10955,1.1138,1.11768,1.11877,1.10958,1.11386,6e-05,163854.06
2020-03-05,1.11382,1.12447,1.11195,1.12224,1.11386,1.1245,1.11198,1.12228,4e-05,194619.33
2020-03-06,1.12224,1.13546,1.12112,1.12804,1.12229,1.13549,1.12115,1.12867,0.00063,236551.75
2020-03-09,1.13876,1.14954,1.13559,1.13989,1.1388,1.14961,1.13564,1.13997,8e-05,291479.41
2020-03-10,1.13989,1.14251,1.12749,1.13136,1.13996,1.1426,1.12752,1.13143,7e-05,263070.72
2020-03-11,1.13136,1.13667,1.12501,1.12611,1.13144,1.13669,1.1251,1.12617,6e-05,198250.05
2020-03-12,1.12612,1.13336,1.1055,1.11823,1.12617,1.13338,1.10551,1.11831,8e-05,262646.94
2020-03-13,1.11822,1.12213,1.1055,1.10992,1.11831,1.12218,1.10553,1.11004,0.00012,229638.61
2020-03-16,1.1156,1.12366,1.10849,1.11633,1.11585,1.12368,1.10853,1.11641,8e-05,278539.53
2020-03-17,1.11632,1.11891,1.0955,1.1016,1.1164,1.11896,1.09553,1.1017,0.0001,277084.41
2020-03-18,1.10161,1.10451,1.08016,1.09442,1.10171,1.10452,1.08022,1.09444,2e-05,323485.19
2020-03-19,1.09442,1.0949,1.06542,1.06544,1.09451,1.09501,1.06551,1.06552,8e-05,299824.78
2020-03-20,1.06543,1.08309,1.06375,1.06929,1.06552,1.08314,1.06377,1.07018,0.00089,470351.56
2020-03-23,1.06886,1.08279,1.06577,1.07635,1.06896,1.08284,1.06588,1.07641,6e-05,443008.25
2020-03-24,1.07633,1.08879,1.07457,1.07977,1.07636,1.08883,1.07462,1.07987,0.0001,343182.56
2020-03-25,1.07978,1.08938,1.07599,1.08884,1.07987,1.0894,1.07607,1.08889,5e-05,296546.44
2020-03-26,1.08882,1.10589,1.08742,1.10475,1.08889,1.10591,1.0875,1.10482,7e-05,281315.59
2020-03-27,1.10475,1.11473,1.09533,1.11379,1.10483,1.11479,1.09536,1.11457,0.00078,250774.62
2020-03-30,1.11361,1.11383,1.101,1.1029,1.11369,1.11388,1.10103,1.10297,7e-05,193379.98
2020-03-31,1.10289,1.10427,1.09265,1.10259,1.10297,1.10433,1.09269,1.10265,6e-05,319580.62
2020-04-01,1.1026,1.10361,1.09026,1.09513,1.10266,1.10366,1.09029,1.09517,4e-05,272233.56
2020-04-02,1.09514,1.09644,1.08206,1.0846,1.09517,1.09648,1.08208,1.08464,4e-05,293209.62
2020-04-03,1.08459,1.08553,1.07727,1.07955,1.08464,1.08557,1.07729,1.07996,0.00041,264082.25
2020-04-06,1.08053,1.08354,1.07683,1.07988,1.08058,1.08357,1.07686,1.07993,5e-05,274564.59
2020-04-07,1.07988,1.09263,1.07904,1.08935,1.07994,1.09268,1.07907,1.08937,2e-05,281112.84
2020-04-08,1.08934,1.08969,1.08299,1.08599,1.08937,1.08972,1.08302,1.08602,3e-05,231765.5
2020-04-09,1.08598,1.09516,1.08409,1.09226,1.08602,1.09518,1.08411,1.09232,6e-05,263058.25
2020-04-10,1.09226,1.09524,1.09192,1.09326,1.09232,1.09532,1.09206,1.09419,0.00093,143841.0
2020-04-13,1.09314,1.09678,1.08926,1.09198,1.09319,1.09681,1.08929,1.092,2e-05,164628.55
2020-04-14,1.09197,1.09907,1.09149,1.09834,1.09198,1.0992,1.09151,1.09835,1e-05,226846.33
2020-04-15,1.09832,1.09872,1.08564,1.09037,1.09834,1.09875,1.08567,1.0904,3e-05,241939.97
2020-04-16,1.09036,1.09072,1.08166,1.08584,1.0904,1.09076,1.08169,1.0859,6e-05,281466.75
2020-04-17,1.08588,1.08926,1.08119,1.08711,1.08591,1.08929,1.08123,1.08786,0.00075,249748.08
2020-04-20,1.08635,1.08967,1.08411,1.08637,1.08641,1.08969,1.08414,1.08641,4e-05,209651.7
2020-04-21,1.08636,1.08802,1.08165,1.08563,1.08641,1.08805,1.08168,1.08566,3e-05,265105.97
2020-04-22,1.08563,1.08852,1.08032,1.08062,1.08567,1.08853,1.08034,1.08065,3e-05,216287.72
2020-04-23,1.08062,1.08466,1.0756,1.07743,1.08066,1.0847,1.07562,1.07748,5e-05,279998.59
2020-04-24,1.07743,1.08294,1.07271,1.08196,1.07747,1.08301,1.07273,1.08245,0.00049,228532.41
2020-04-27,1.08208,1.08602,1.08112,1.08245,1.08212,1.08604,1.08116,1.08248,3e-05,208270.58
2020-04-28,1.08244,1.08884,1.08097,1.08324,1.08246,1.08886,1.08099,1.08328,4e-05,211896.22
2020-04-29,1.08324,1.08856,1.08308,1.08772,1.08326,1.08858,1.08311,1.08776,4e-05,215394.31
2020-04-30,1.0877,1.09726,1.0833,1.09448,1.08775,1.09727,1.08332,1.09452,4e-05,291724.5
2020-05-01,1.09447,1.10187,1.09344,1.09777,1.09451,1.1019,1.09348,1.09829,0.00052,184960.02
2020-05-04,1.09608,1.09609,1.08956,1.0903,1.09611,1.09611,1.08959,1.09036,6e-05,214135.94
2020-05-05,1.09031,1.09258,1.08258,1.08384,1.09036,1.09262,1.08262,1.08388,4e-05,236417.55
2020-05-06,1.08385,1.08438,1.07819,1.0798,1.08388,1.08442,1.07821,1.07983,3e-05,241116.2
2020-05-07,1.0798,1.08408,1.07665,1.08361,1.07984,1.08412,1.07667,1.08366,5e-05,233085.56
2020-05-08,1.0836,1.08756,1.08151,1.08371,1.08362,1.08758,1.08153,1.08419,0.00048,163403.41
2020-05-11,1.08377,1.08504,1.08005,1.08093,1.08381,1.08507,1.0801,1.08096,3e-05,212806.22
2020-05-12,1.08093,1.08851,1.07843,1.08454,1.08095,1.08853,1.07846,1.08459,5e-05,207027.48
2020-05-13,1.08455,1.08965,1.08116,1.0821,1.08459,1.08967,1.08118,1.08214,4e-05,228996.5
2020-05-14,1.0821,1.08239,1.07748,1.0806,1.08213,1.08242,1.07751,1.08064,4e-05,213993.2
2020-05-15,1.08061,1.08509,1.07888,1.08183,1.08064,1.0851,1.07892,1.08198,0.00015,198840.12
2020-05-18,1.08186,1.0927,1.07999,1.09139,1.08188,1.09272,1.08001,1.09143,4e-05,204151.86
2020-05-19,1.09138,1.09759,1.09021,1.0926,1.0914,1.09763,1.09024,1.09263,3e-05,247821.06
2020-05-20,1.09262,1.09989,1.09262,1.09796,1.09264,1.09992,1.09264,1.09799,3e-05,211258.44
2020-05-21,1.09794,1.10083,1.09371,1.0949,1.09797,1.10086,1.09374,1.09494,4e-05,175874.3
2020-05-22,1.09491,1.09535,1.08852,1.0898,1.09494,1.09539,1.08855,1.09063,0.00083,156656.81
2020-05-25,1.0908,1.09144,1.08706,1.09016,1.09083,1.09147,1.08707,1.09019,3e-05,98775.98
2020-05-26,1.09015,1.09957,1.08969,1.09784,1.09019,1.0996,1.0897,1.09787,3e-05,207536.28
2020-05-27,1.09785,1.10307,1.0934,1.10166,1.09788,1.10311,1.09342,1.10169,3e-05,319490.56
2020-05-28,1.10165,1.10934,1.09916,1.10779,1.10168,1.10937,1.09919,1.10782,3e-05,231205.2
2020-05-29,1.10778,1.11451,1.10698,1.11036,1.1078,1.11452,1.10702,1.11071,0.00035,373017.44
2020-06-01,1.11155,1.1154,1.11004,1.11251,1.11158,1.11541,1.11007,1.11255,4e-05,240616.06
2020-06-02,1.11252,1.11959,1.11151,1.11851,1.11255,1.11962,1.11153,1.11855,4e-05,276683.47
2020-06-03,1.1185,1.12577,1.11795,1.12349,1.11855,1.1258,1.118,1.12354,5e-05,242084.62
2020-06-04,1.1235,1.13623,1.11947,1.13354,1.12354,1.13625,1.11948,1.13358,4e-05,275772.81
2020-06-05,1.13357,1.13836,1.12784,1.12911,1.13359,1.1384,1.12787,1.1292,9e-05,263541.62
2020-06-08,1.1316,1.13185,1.12682,1.1304,1.13161,1.13189,1.12684,1.13044,4e-05,199303.52
2020-06-09,1.1304,1.13638,1.12409,1.1332,1.13043,1.1364,1.12411,1.13324,4e-05,237762.34
2020-06-10,1.1332,1.14224,1.13219,1.13667,1.13322,1.14227,1.13221,1.13671,4e-05,252826.73
2020-06-11,1.13668,1.14036,1.1287,1.12879,1.13672,1.1404,1.12874,1.12883,4e-05,306096.31
2020-06-12,1.12881,1.13405,1.12125,1.1255,1.12883,1.13407,1.12127,1.12564,0.00014,296425.75
2020-06-15,1.12516,1.1338,1.12267,1.13375,1.12521,1.13383,1.12271,1.13379,4e-05,281658.12
2020-06-16,1.13376,1.13532,1.12278,1.12648,1.13379,1.13536,1.12281,1.12653,5e-05,237631.66
2020-06-17,1.12649,1.12939,1.12068,1.12419,1.12653,1.12942,1.12071,1.12422,3e-05,248307.19
2020-06-18,1.12419,1.12613,1.11854,1.12076,1.12421,1.12616,1.11858,1.12081,5e-05,234913.47
2020-06-19,1.12075,1.12542,1.1168,1.11759,1.12081,1.12547,1.11683,1.11788,0.00029,232203.72
2020-06-22,1.11766,1.12809,1.11737,1.12776,1.1177,1.12813,1.11742,1.12779,3e-05,184243.8
2020-06-23,1.12775,1.13486,1.1233,1.13124,1.12779,1.13487,1.12333,1.13127,3e-05,233937.06
2020-06-24,1.13124,1.13257,1.12481,1.12499,1.13128,1.13261,1.12485,1.12503,4e-05,231619.33
2020-06-25,1.125,1.12597,1.11903,1.12179,1.12503,1.12599,1.11906,1.12182,3e-05,240800.36
2020-06-26,1.12179,1.12393,1.11951,1.1217,1.12183,1.12395,1.11954,1.12204,0.00034,162424.88
2020-06-29,1.12219,1.12879,1.12193,1.12467,1.12223,1.12881,1.12197,1.12469,2e-05,181085.53
2020-06-30,1.12466,1.12619,1.1191,1.12335,1.12469,1.12621,1.11912,1.12338,3e-05,194383.56
2020-07-01,1.12336,1.12751,1.11848,1.12511,1.12338,1.12753,1.1185,1.12515,4e-05,189129.45
2020-07-02,1.12511,1.13026,1.12233,1.12372,1.12514,1.1303,1.12236,1.12376,4e-05,183464.5
2020-07-03,1.12373,1.12518,1.12192,1.12464,1.12377,1.12533,1.12195,1.1251,0.00046,140495.28
2020-07-06,1.12467,1.13454,1.12467,1.13123,1.12471,1.13457,1.12471,1.13128,5e-05,145664.62
2020-07-07,1.13123,1.13325,1.12588,1.12744,1.13127,1.13328,1.12589,1.12747,3e-05,162703.36
2020-07-08,1.12745,1.13518,1.12623,1.13372,1.12747,1.13519,1.12626,1.13376,4e-05,163826.27
2020-07-09,1.13372,1.13706,1.12801,1.12879,1.13375,1.13709,1.12805,1.12883,4e-05,195471.48
2020-07-10,1.12881,1.13247,1.12547,1.1299,1.12883,1.1325,1.1255,1.13003,0.00013,178134.69
2020-07-13,1.13086,1.13748,1.13008,1.13447,1.1309,1.13751,1.13011,1.13452,5e-05,248162.67
2020-07-14,1.13447,1.14123,1.13251,1.14099,1.13451,1.14126,1.13253,1.14105,6e-05,354217.16
2020-07-15,1.141,1.1452,1.1391,1.14168,1.14105,1.14522,1.13912,1.14173,5e-05,303168.69
2020-07-16,1.14168,1.14417,1.13704,1.13878,1.14171,1.14419,1.13707,1.13882,4e-05,293660.72
2020-07-17,1.13877,1.14436,1.13774,1.14269,1.13882,1.14439,1.13778,1.14285,0.00016,168987.2
2020-07-20,1.14421,1.14677,1.14023,1.14557,1.14425,1.1468,1.14027,1.1456,3e-05,284703.88
2020-07-21,1.14559,1.15423,1.14228,1.1535,1.1456,1.15425,1.14232,1.15353,3e-05,385745.03
2020-07-22,1.1535,1.16013,1.15068,1.15646,1.15354,1.16015,1.1507,1.1565,4e-05,468570.81
2020-07-23,1.15647,1.16268,1.15403,1.15952,1.1565,1.1627,1.15405,1.15955,3e-05,357357.41
2020-07-24,1.15953,1.1658,1.15812,1.16546,1.15956,1.16583,1.15815,1.16565,0.00019,407293.22
2020-07-27,1.16496,1.17813,1.16494,1.17682,1.16499,1.17816,1.16498,1.17684,2e-05,338699.44
2020-07-28,1.17681,1.17736,1.16987,1.17185,1.17684,1.17739,1.1699,1.1719,5e-05,336526.19
2020-07-29,1.17185,1.18061,1.17139,1.17806,1.17189,1.18068,1.17144,1.1781,4e-05,341900.19
2020-07-30,1.17809,1.18762,1.17308,1.18719,1.1781,1.18768,1.17311,1.18724,5e-05,354825.06
2020-07-31,1.18718,1.19087,1.17617,1.17753,1.18724,1.19091,1.17618,1.17839,0.00086,553539.38
2020-08-03,1.17809,1.17887,1.16959,1.17603,1.17813,1.17891,1.16961,1.17605,2e-05,312773.72
2020-08-04,1.17603,1.18148,1.17211,1.18136,1.17606,1.18151,1.17215,1.18139,3e-05,449648.84
2020-08-05,1.18135,1.19048,1.17992,1.1872,1.18138,1.19051,1.17996,1.18725,5e-05,1039918.44
2020-08-06,1.18721,1.1916,1.18179,1.18752,1.18724,1.19163,1.18181,1.18757,5e-05,1280256.88
2020-08-07,1.18753,1.18818,1.17551,1.17862,1.18757,1.18821,1.17555,1.17892,0.0003,430356.41
2020-08-10,1.1781,1.18006,1.17357,1.1736,1.17815,1.1801,1.17361,1.17363,3e-05,299071.03
2020-08-11,1.1736,1.1808,1.17219,1.17347,1.17364,1.18081,1.17223,1.17352,5e-05,587871.12
2020-08-12,1.17348,1.1817,1.1711,1.17939,1.17352,1.18171,1.17112,1.17944,5e-05,625327.19
2020-08-13,1.17939,1.18641,1.17934,1.18155,1.17942,1.18643,1.17938,1.18158,3e-05,453052.59
2020-08-14,1.18153,1.18503,1.17817,1.18414,1.18155,1.18506,1.1782,1.18434,0.0002,329642.94
2020-08-17,1.18518,1.18809,1.18286,1.18745,1.1852,1.18813,1.1829,1.1875,5e-05,302891.16
2020-08-18,1.18745,1.19656,1.18742,1.19464,1.18749,1.1966,1.18744,1.19466,2e-05,326668.81
2020-08-19,1.19463,1.19526,1.18302,1.18437,1.19465,1.19531,1.18306,1.18441,4e-05,530337.5
2020-08-20,1.1844,1.18711,1.18019,1.18695,1.18442,1.18714,1.18024,1.18698,3e-05,426169.53
2020-08-21,1.18694,1.18828,1.17541,1.17949,1.18698,1.18831,1.17543,1.17974,0.00025,382701.12
2020-08-24,1.17981,1.18495,1.17841,1.17934,1.17986,1.18498,1.17845,1.1794,6e-05,214786.52
2020-08-25,1.17934,1.18435,1.17841,1.18339,1.1794,1.18439,1.17845,1.18345,6e-05,421864.81
2020-08-26,1.1834,1.18406,1.17721,1.184,1.18345,1.18409,1.17726,1.18403,3e-05,274338.53
2020-08-27,1.18403,1.19018,1.17623,1.18205,1.18405,1.19022,1.17627,1.1821,5e-05,467429.66
2020-08-28,1.18205,1.19197,1.18109,1.19018,1.18209,1.192,1.18112,1.19065,0.00047,567104.0
2020-08-31,1.1917,1.1966,1.1884,1.19367,1.19174,1.19663,1.18842,1.1937,3e-05,995787.62
2020-09-01,1.19368,1.20113,1.19013,1.19226,1.19372,1.20116,1.19016,1.19228,2e-05,376195.28
2020-09-02,1.19224,1.19239,1.18221,1.18457,1.19225,1.19243,1.18222,1.18459,2e-05,739082.44
2020-09-03,1.18458,1.18646,1.17889,1.18412,1.1846,1.18649,1.17892,1.18417,5e-05,892492.06
2020-09-04,1.18413,1.18654,1.17809,1.18371,1.18417,1.18657,1.17811,1.18393,0.00022,952444.75
2020-09-07,1.18342,1.18486,1.18116,1.18188,1.18346,1.1849,1.18123,1.18189,1e-05,471436.88
2020-09-08,1.18187,1.18273,1.1757,1.17667,1.18189,1.18277,1.17573,1.1767,3e-05,908454.12
2020-09-09,1.17667,1.18339,1.17527,1.18037,1.17671,1.18341,1.1753,1.18039,2e-05,842865.56
2020-09-10,1.18035,1.19175,1.18004,1.18234,1.18039,1.19176,1.18009,1.18238,4e-05,1083338.88
2020-09-11,1.18237,1.18741,1.18237,1.18453,1.18238,1.18742,1.18238,1.18476,0.00023,905062.62
2020-09-14,1.18404,1.1888,1.18319,1.18671,1.18408,1.18882,1.18321,1.18676,5e-05,900788.19
2020-09-15,1.1867,1.19005,1.18395,1.18419,1.18674,1.19007,1.18397,1.18424,5e-05,893130.94
2020-09-16,1.1842,1.18825,1.17876,1.18045,1.18422,1.18827,1.17878,1.18047,2e-05,998102.44
2020-09-17,1.18043,1.18561,1.17373,1.18468,1.18048,1.18565,1.17379,1.18473,5e-05,1401776.25
2020-09-18,1.18468,1.18705,1.1826,1.18385,1.18472,1.18706,1.18264,1.1841,0.00025,1078640.75
2020-09-21,1.18455,1.18717,1.17317,1.17626,1.18458,1.18719,1.17318,1.17632,6e-05,1312995.0
2020-09-22,1.17627,1.17715,1.16916,1.17059,1.17628,1.17718,1.1692,1.17064,5e-05,1027230.38
2020-09-23,1.1706,1.17188,1.16513,1.16568,1.17064,1.17192,1.16515,1.16571,3e-05,1089493.38
2020-09-24,1.16567,1.16869,1.16265,1.16735,1.1657,1.16871,1.16267,1.16739,4e-05,1080750.62
2020-09-25,1.16735,1.1685,1.16121,1.16277,1.1674,1.16853,1.16124,1.16351,0.00074,973123.5
2020-09-28,1.16341,1.16799,1.1615,1.16768,1.16344,1.16802,1.16153,1.16774,6e-05,1029113.0
2020-09-29,1.16768,1.17457,1.16652,1.17414,1.1677,1.17458,1.16655,1.1742,6e-05,978153.12
2020-09-30,1.17414,1.17548,1.16847,1.17232,1.17418,1.17552,1.16849,1.17236,4e-05,1342323.5
2020-10-01,1.17234,1.17696,1.17171,1.17439,1.17236,1.17699,1.17175,1.17442,3e-05,1320011.88
2020-10-02,1.17439,1.17445,1.16956,1.17157,1.17441,1.17449,1.1696,1.17173,0.00016,1382583.62
2020-10-05,1.17195,1.17975,1.17176,1.17891,1.172,1.17978,1.17179,1.17893,2e-05,1035147.56
2020-10-06,1.17889,1.18077,1.17302,1.17371,1.17892,1.1808,1.17305,1.17373,2e-05,1216189.75
2020-10-07,1.1737,1.17818,1.17249,1.17657,1.17375,1.17821,1.17252,1.1766,3e-05,1176356.75
2020-10-08,1.17657,1.17816,1.17326,1.17668,1.17659,1.17819,1.17329,1.1767,2e-05,1112885.12
2020-10-09,1.17667,1.1831,1.17576,1.18248,1.17672,1.18328,1.17578,1.18314,0.00066,1032612.12
2020-10-12,1.18156,1.18266,1.17867,1.18129,1.18161,1.18269,1.1787,1.1813,1e-05,950505.88
2020-10-13,1.18127,1.18139,1.17304,1.1742,1.18131,1.18143,1.17307,1.17424,4e-05,1201636.0
2020-10-14,1.17419,1.1771,1.17199,1.17447,1.17424,1.17713,1.17201,1.17448,1e-05,1142140.0
2020-10-15,1.17444,1.17578,1.16884,1.17064,1.17447,1.17581,1.16887,1.17069,5e-05,1050044.25
2020-10-16,1.17065,1.17462,1.16939,1.17132,1.17069,1.17464,1.16942,1.17216,0.00084,929525.0
2020-10-19,1.17154,1.17936,1.17031,1.17683,1.17156,1.17939,1.17033,1.17685,2e-05,689669.06
2020-10-20,1.17683,1.18407,1.17598,1.1829,1.17686,1.18409,1.17601,1.18293,3e-05,811250.25
2020-10-21,1.18289,1.18807,1.1828,1.18516,1.18291,1.18809,1.18283,1.18518,2e-05,948227.5
2020-10-22,1.18516,1.18668,1.18114,1.18146,1.18519,1.18671,1.18116,1.18147,1e-05,932241.12
2020-10-23,1.18143,1.18648,1.17866,1.18572,1.18147,1.18657,1.1787,1.18657,0.00085,878053.38
2020-10-26,1.18479,1.18504,1.18032,1.18091,1.18481,1.18508,1.18034,1.18093,2e-05,845757.06
2020-10-27,1.18092,1.18387,1.17695,1.17815,1.18093,1.1839,1.17698,1.17819,4e-05,813994.69
2020-10-28,1.17818,1.17879,1.17178,1.17482,1.1782,1.17881,1.1718,1.17485,3e-05,1028901.31
2020-10-29,1.17482,1.17587,1.16501,1.16783,1.17486,1.17589,1.16504,1.16785,2e-05,779715.19
2020-10-30,1.16782,1.17042,1.164,1.16431,1.16784,1.17044,1.16402,1.16515,0.00084,900537.75
2020-11-02,1.16415,1.16557,1.16221,1.16404,1.16419,1.1656,1.16223,1.16407,3e-05,827466.12
2020-11-03,1.16405,1.17639,1.16372,1.17616,1.16407,1.17641,1.16375,1.17618,2e-05,660774.12
2020-11-04,1.17617,1.17704,1.16026,1.17321,1.17619,1.17706,1.1603,1.17326,5e-05,1295234.25
2020-11-05,1.17321,1.18596,1.17107,1.18167,1.17325,1.18598,1.17109,1.18172,5e-05,954521.81
2020-11-06,1.18169,1.18908,1.17952,1.187,1.18173,1.18912,1.17956,1.1876,0.0006,499431.88
2020-11-09,1.18924,1.19199,1.17952,1.1824,1.18926,1.19202,1.17956,1.18245,5e-05,695880.06
2020-11-10,1.1824,1.18432,1.17799,1.18184,1.18244,1.18436,1.17801,1.18188,4e-05,627024.06
2020-11-11,1.18183,1.18327,1.17454,1.17792,1.18187,1.18329,1.17457,1.17797,5e-05,422665.59
2020-11-12,1.17792,1.18231,1.17585,1.18038,1.17796,1.18233,1.17588,1.18044,6e-05,454094.16
2020-11-13,1.18039,1.18374,1.17989,1.1831,1.18044,1.18385,1.17992,1.18385,0.00075,378814.06
2020-11-16,1.18447,1.18689,1.18141,1.18592,1.1845,1.18691,1.18144,1.18596,4e-05,388646.56
2020-11-17,1.18593,1.18937,1.18425,1.18636,1.18596,1.18939,1.18427,1.18639,3e-05,335326.41
2020-11-18,1.18637,1.18908,1.18448,1.18451,1.18639,1.18911,1.18451,1.18455,4e-05,358176.16
2020-11-19,1.18452,1.18825,1.18161,1.18653,1.18453,1.18827,1.18164,1.18658,5e-05,416513.06
2020-11-20,1.18655,1.18908,1.18498,1.18544,1.18657,1.1891,1.185,1.18603,0.00059,386941.25
2020-11-23,1.18655,1.1906,1.17997,1.18422,1.18659,1.19062,1.18001,1.18426,4e-05,375071.41
2020-11-24,1.18422,1.18978,1.18384,1.18974,1.18427,1.18981,1.18386,1.18977,3e-05,450084.16
2020-11-25,1.18976,1.19297,1.18818,1.19162,1.18978,1.19299,1.1882,1.19167,5e-05,434675.09
2020-11-26,1.19164,1.19409,1.18852,1.19109,1.19167,1.19411,1.18855,1.19112,3e-05,310782.62
2020-11-27,1.1911,1.19641,1.19094,1.1962,1.19113,1.1965,1.19096,1.1965,0.0003,294690.34
2020-11-30,1.19722,1.20032,1.19236,1.19374,1.19724,1.20034,1.19238,1.19376,2e-05,427702.03
2020-12-01,1.19372,1.20765,1.19353,1.20706,1.19377,1.20768,1.19357,1.2071,4e-05,329924.84
2020-12-02,1.20707,1.21183,1.20399,1.21138,1.2071,1.21187,1.20401,1.21143,5e-05,356276.75
2020-12-03,1.21137,1.21746,1.2101,1.21449,1.21143,1.21748,1.21012,1.21455,6e-05,370341.06
2020-12-04,1.21449,1.21773,1.21101,1.21202,1.21454,1.21776,1.21105,1.21229,0.00027,419231.53
2020-12-07,1.21199,1.21662,1.20784,1.21092,1.21203,1.21664,1.20788,1.21097,5e-05,401999.88
2020-12-08,1.21091,1.21339,1.20953,1.21094,1.21094,1.21343,1.20957,1.21098,4e-05,342799.91
2020-12-09,1.21095,1.21475,1.20587,1.20784,1.21098,1.21476,1.2059,1.20785,1e-05,239315.69
2020-12-10,1.20784,1.21588,1.20784,1.21433,1.20787,1.21592,1.20787,1.21438,5e-05,236013.95
2020-12-11,1.21434,1.21629,1.21053,1.21086,1.21438,1.21631,1.21056,1.21173,0.00087,192928.95
2020-12-14,1.21331,1.21767,1.21155,1.21486,1.21333,1.21768,1.21158,1.2149,4e-05,160627.8
2020-12-15,1.21485,1.21689,1.2121,1.21543,1.21489,1.21691,1.21213,1.21548,5e-05,143307.16
2020-12-16,1.21543,1.22121,1.2125,1.21961,1.21547,1.22123,1.21252,1.21965,4e-05,173026.92
2020-12-17,1.21961,1.22726,1.21898,1.22614,1.21963,1.22729,1.21901,1.22617,3e-05,169625.5
2020-12-18,1.22613,1.22687,1.22255,1.22559,1.22617,1.2269,1.22257,1.22596,0.00037,159228.81
2020-12-21,1.22118,1.22529,1.21296,1.22346,1.2212,1.22531,1.21299,1.22352,6e-05,232228.64
2020-12-22,1.22347,1.2257,1.2152,1.21872,1.22352,1.22573,1.21523,1.21877,5e-05,203050.97
2020-12-23,1.21871,1.2221,1.21538,1.21939,1.21876,1.22214,1.2154,1.21945,6e-05,186474.3
2020-12-24,1.2194,1.22156,1.21773,1.2182,1.21945,1.22161,1.21775,1.21844,0.00024,150064.36
2020-12-25,1.21816,1.22031,1.21709,1.21922,1.21849,1.22054,1.2172,1.22,0.00078,3921.99
2020-12-28,1.22039,1.22502,1.21811,1.22196,1.22043,1.22506,1.21815,1.22199,3e-05,137271.59
2020-12-29,1.22196,1.2275,1.22193,1.22519,1.22199,1.22752,1.22197,1.22527,8e-05,152109.03
2020-12-30,1.2252,1.23101,1.22511,1.22984,1.22527,1.23103,1.22517,1.22989,5e-05,157635.72
2020-12-31,1.22986,1.23092,1.22091,1.22141,1.22989,1.23095,1.22094,1.22174,0.00033,162429.7
2021-01-04,1.22499,1.23096,1.22385,1.22525,1.22503,1.23098,1.2239,1.2253,5e-05,244606.33
2021-01-05,1.22525,1.23056,1.2247,1.22984,1.22531,1.2306,1.22474,1.2299,6e-05,193568.31
2021-01-06,1.22985,1.23494,1.22655,1.23382,1.2299,1.23495,1.22658,1.23385,3e-05,269830.5
2021-01-07,1.23384,1.23443,1.2245,1.22691,1.23387,1.23447,1.22453,1.22693,2e-05,195084.45
2021-01-08,1.2269,1.22845,1.21929,1.22174,1.22694,1.22848,1.21932,1.22234,0.0006,235964.64
2021-01-11,1.21869,1.21998,1.21321,1.21605,1.21871,1.22,1.21324,1.2161,5e-05,185504.91
2021-01-12,1.21605,1.22097,1.21371,1.22085,1.21611,1.22099,1.21373,1.2209,5e-05,157612.44
2021-01-13,1.22087,1.22227,1.21399,1.21619,1.22091,1.2223,1.21401,1.21622,3e-05,172759.12
2021-01-14,1.21618,1.21784,1.2111,1.21506,1.21622,1.21787,1.21112,1.2151,4e-05,194298.38
2021-01-15,1.21505,1.21624,1.20747,1.20748,1.2151,1.21628,1.20753,1.20795,0.00047,164729.69
2021-01-18,1.20661,1.20867,1.20535,1.20776,1.20664,1.2087,1.20536,1.20781,5e-05,119422.25
2021-01-19,1.20775,1.21448,1.20772,1.21391,1.20779,1.21452,1.20776,1.21396,5e-05,178228.69
2021-01-20,1.21392,1.21581,1.20767,1.21144,1.21396,1.21585,1.20768,1.2115,6e-05,168179.91
2021-01-21,1.21145,1.2173,1.21093,1.21654,1.2115,1.21733,1.21096,1.21659,5e-05,164673.66
2021-01-22,1.21654,1.21894,1.21515,1.21667,1.21658,1.21898,1.21518,1.21745,0.00078,139074.27
2021-01-25,1.2167,1.21832,1.21158,1.21426,1.21673,1.21835,1.21161,1.21431,5e-05,162031.38
2021-01-26,1.21427,1.21758,1.21076,1.21632,1.21431,1.21761,1.2108,1.21636,4e-05,146230.41
2021-01-27,1.21632,1.21696,1.20585,1.21027,1.21635,1.217,1.20587,1.21032,5e-05,202691.47
2021-01-28,1.21028,1.21424,1.20807,1.21209,1.2103,1.21427,1.2081,1.21212,3e-05,198588.08
2021-01-29,1.21209,1.2156,1.20944,1.21298,1.21213,1.21562,1.20946,1.21387,0.00089,191330.83
2021-02-01,1.21225,1.21363,1.2056,1.20676,1.21229,1.21368,1.20563,1.20681,5e-05,165569.81
2021-02-02,1.20676,1.20877,1.20115,1.20365,1.2068,1.2088,1.20118,1.20369,4e-05,147916.45
2021-02-03,1.20365,1.205,1.2004,1.20412,1.20371,1.20504,1.20043,1.20417,5e-05,119397.12
2021-02-04,1.20413,1.20427,1.19574,1.19662,1.20417,1.20431,1.19576,1.19665,3e-05,123758.44
2021-02-05,1.19659,1.20498,1.19522,1.20481,1.19663,1.20504,1.19525,1.20501,0.0002,120889.91
2021-02-08,1.20484,1.2066,1.20196,1.20522,1.20488,1.20662,1.20199,1.20526,4e-05,104199.05
2021-02-09,1.20522,1.21218,1.20491,1.21161,1.20527,1.2122,1.20496,1.21164,3e-05,133499.03
2021-02-10,1.21162,1.2144,1.21088,1.2119,1.21164,1.21442,1.2109,1.21191,1e-05,129989.77
2021-02-11,1.21189,1.21494,1.21134,1.21304,1.21191,1.21496,1.21138,1.2131,6e-05,88196.3
2021-02-12,1.21306,1.21332,1.20815,1.21177,1.2131,1.21335,1.20817,1.21224,0.00047,81669.76
2021-02-15,1.21206,1.21451,1.21167,1.2132,1.2121,1.21454,1.2117,1.21324,4e-05,67330.5
2021-02-16,1.21319,1.21693,1.20859,1.2088,1.21324,1.21696,1.20863,1.20883,3e-05,122475.05
2021-02-17,1.20879,1.20982,1.20232,1.20455,1.20883,1.20984,1.20235,1.20456,1e-05,127748.65
2021-02-18,1.20454,1.20958,1.20355,1.20917,1.20458,1.20961,1.20359,1.20922,5e-05,118499.33
2021-02-19,1.20917,1.21444,1.20823,1.21167,1.20921,1.21447,1.20825,1.21213,0.00046,118566.99
2021-02-22,1.21246,1.21693,1.20911,1.21638,1.2125,1.21695,1.20914,1.21642,4e-05,133388.41
2021-02-23,1.21637,1.21801,1.21353,1.21506,1.21642,1.21803,1.21354,1.2151,4e-05,123305.62
2021-02-24,1.21506,1.21745,1.21092,1.21693,1.21509,1.21748,1.21093,1.21698,5e-05,161180.14
2021-02-25,1.21696,1.22433,1.21559,1.21577,1.217,1.22435,1.21563,1.21581,4e-05,235388.75
2021-02-26,1.21579,1.21826,1.20621,1.20704,1.21581,1.21829,1.20624,1.20754,0.0005,305265.81
2021-03-01,1.20905,1.21011,1.20276,1.20484,1.20908,1.21014,1.20278,1.20489,5e-05,153278.16
2021-03-02,1.20485,1.20943,1.19916,1.20848,1.20487,1.20945,1.19918,1.20853,5e-05,162621.89
2021-03-03,1.2085,1.21132,1.20427,1.20464,1.20853,1.21134,1.2043,1.20468,4e-05,182492.7
2021-03-04,1.20463,1.2063,1.19605,1.19672,1.20467,1.20632,1.19609,1.19674,2e-05,215954.64
2021-03-05,1.19671,1.19687,1.18932,1.19128,1.19673,1.1969,1.18935,1.192,0.00072,242281.41
2021-03-08,1.19262,1.19321,1.18442,1.18508,1.19266,1.19325,1.18444,1.18511,3e-05,184844.19
2021-03-09,1.18509,1.19156,1.18355,1.18967,1.18513,1.19159,1.18357,1.18972,5e-05,167708.73
2021-03-10,1.18967,1.19296,1.18688,1.19242,1.1897,1.19299,1.18691,1.19247,5e-05,153883.48
2021-03-11,1.19242,1.19899,1.19156,1.19808,1.19245,1.19901,1.19159,1.19812,4e-05,153547.78
2021-03-12,1.19809,1.19884,1.19099,1.19476,1.19812,1.19887,1.19102,1.19562,0.00086,152735.98
2021-03-15,1.19501,1.19674,1.1911,1.19263,1.19504,1.19677,1.19112,1.19265,2e-05,121796.12
2021-03-16,1.19263,1.19518,1.18819,1.1902,1.19266,1.1952,1.18821,1.19024,4e-05,127974.59
2021-03-17,1.19018,1.19873,1.18861,1.19825,1.19021,1.19877,1.18863,1.19827,2e-05,137365.59
2021-03-18,1.19827,1.19888,1.19061,1.19174,1.19829,1.1989,1.19064,1.19179,5e-05,178340.08
2021-03-19,1.19175,1.19371,1.18738,1.19031,1.19179,1.19374,1.18741,1.19049,0.00018,135306.28
2021-03-22,1.18837,1.19468,1.18744,1.19322,1.18839,1.1947,1.18748,1.19325,3e-05,113512.64
2021-03-23,1.19323,1.19407,1.1836,1.18396,1.19325,1.19409,1.18363,1.184,4e-05,123346.47
2021-03-24,1.18399,1.18508,1.18089,1.18127,1.184,1.18512,1.18092,1.18131,4e-05,126095.37
2021-03-25,1.18128,1.18277,1.17617,1.17756,1.18133,1.18279,1.17619,1.17758,2e-05,137243.34
2021-03-26,1.17756,1.18049,1.17716,1.17918,1.17759,1.18052,1.17719,1.17952,0.00034,94770.24
2021-03-29,1.17874,1.17939,1.17606,1.17685,1.17877,1.17941,1.17609,1.17689,4e-05,107822.28
2021-03-30,1.17684,1.17737,1.17112,1.17231,1.17686,1.17741,1.17114,1.17235,4e-05,101727.79
2021-03-31,1.1723,1.17598,1.1704,1.1727,1.17235,1.176,1.17043,1.17274,4e-05,108988.63
2021-04-01,1.17271,1.17825,1.17125,1.17772,1.17274,1.17829,1.17129,1.17774,2e-05,100309.91
2021-04-02,1.17772,1.17866,1.1749,1.17603,1.17776,1.17869,1.17494,1.17645,0.00042,70427.39
2021-04-05,1.17674,1.18194,1.17379,1.18169,1.17677,1.18198,1.1738,1.1817,1e-05,60541.96
2021-04-06,1.18168,1.18776,1.17951,1.18737,1.1817,1.18779,1.17953,1.18741,4e-05,92598.87
2021-04-07,1.18737,1.19147,1.18608,1.18723,1.1874,1.1915,1.1861,1.18726,3e-05,94196.87
2021-04-08,1.18724,1.19274,1.18609,1.19153,1.18728,1.19275,1.1861,1.19154,1e-05,88307.43
2021-04-09,1.19151,1.19201,1.18669,1.18977,1.19155,1.19204,1.18672,1.19025,0.00048,83829.32
2021-04-12,1.18957,1.1919,1.1871,1.19115,1.1896,1.19192,1.18713,1.19119,4e-05,79048.37
2021-04-13,1.19117,1.19557,1.18776,1.19538,1.19119,1.19561,1.18783,1.1954,2e-05,99118.3
2021-04-14,1.19541,1.19872,1.19509,1.19832,1.19544,1.19875,1.19513,1.19834,2e-05,94040.09
2021-04-15,1.1983,1.19932,1.1956,1.19692,1.19834,1.19935,1.19563,1.19696,4e-05,88820.24
2021-04-16,1.19692,1.19946,1.19503,1.19805,1.19694,1.19949,1.19506,1.19888,0.00083,76098.22
2021-04-19,1.19688,1.2048,1.19424,1.20424,1.19691,1.20483,1.19427,1.20427,3e-05,97833.75
2021-04-20,1.20424,1.20797,1.20224,1.20324,1.20428,1.208,1.20226,1.20328,4e-05,97173.22
2021-04-21,1.20323,1.20436,1.19985,1.20372,1.20327,1.2044,1.19987,1.20375,3e-05,85542.4
2021-04-22,1.20372,1.20694,1.19936,1.20143,1.20374,1.20698,1.19938,1.20147,4e-05,106768.76
2021-04-23,1.20144,1.20999,1.20127,1.20938,1.20147,1.21002,1.20131,1.20996,0.00058,80323.62
2021-04-26,1.20893,1.21167,1.20608,1.20793,1.20897,1.21171,1.20612,1.20798,5e-05,79990.15
2021-04-27,1.20794,1.20927,1.20567,1.20892,1.20795,1.20932,1.2057,1.20895,3e-05,81974.4
2021-04-28,1.2089,1.21353,1.2056,1.21348,1.20894,1.21356,1.20563,1.21351,3e-05,104873.53
2021-04-29,1.2135,1.21498,1.21021,1.21245,1.21353,1.21501,1.21023,1.21249,4e-05,99067.91
2021-04-30,1.21243,1.21265,1.20165,1.20169,1.21248,1.21268,1.20168,1.20224,0.00055,97894.51
2021-05-03,1.20272,1.2076,1.2013,1.20588,1.20274,1.20762,1.20132,1.20593,5e-05,81052.33
2021-05-04,1.2059,1.20598,1.19989,1.20144,1.20593,1.20603,1.19991,1.20148,4e-05,108198.12
2021-05-05,1.20145,1.20265,1.19859,1.20074,1.20148,1.20268,1.19862,1.20077,3e-05,83296.65
2021-05-06,1.20076,1.20716,1.19929,1.20651,1.20078,1.20718,1.19933,1.20655,4e-05,94613.49
2021-05-07,1.20651,1.21713,1.20527,1.21615,1.20654,1.21716,1.2053,1.21696,0.00081,128365.69
2021-05-10,1.21704,1.21782,1.21271,1.21405,1.21707,1.21784,1.21279,1.21407,2e-05,99020.76
2021-05-11,1.21406,1.21815,1.2123,1.2144,1.21408,1.21818,1.21232,1.21444,4e-05,104612.23
2021-05-12,1.21441,1.2152,1.20655,1.20777,1.21444,1.21523,1.20658,1.2078,3e-05,164454.89
2021-05-13,1.20776,1.2106,1.20514,1.20767,1.20778,1.21063,1.20515,1.20769,2e-05,123832.66
2021-05-14,1.20768,1.21477,1.20708,1.2142,1.2077,1.21479,1.2071,1.2146,0.0004,97519.59
2021-05-17,1.21497,1.21687,1.21259,1.21563,1.215,1.21689,1.21264,1.21565,2e-05,81134.37
2021-05-18,1.21561,1.22339,1.21534,1.22223,1.21565,1.22341,1.21538,1.22227,4e-05,95033.83
2021-05-19,1.22225,1.22451,1.21598,1.21704,1.22227,1.22453,1.21601,1.21708,4e-05,122026.23
2021-05-20,1.21704,1.223,1.21689,1.22249,1.21709,1.22303,1.21692,1.22252,3e-05,91295.29
2021-05-21,1.2225,1.22396,1.21607,1.21778,1.22253,1.224,1.21609,1.21832,0.00054,95459.74
2021-05-24,1.21805,1.22298,1.21749,1.2214,1.21808,1.22301,1.21751,1.22145,5e-05,79873.03
2021-05-25,1.2214,1.22664,1.22113,1.22468,1.22144,1.22666,1.22117,1.22472,4e-05,96703.55
2021-05-26,1.22468,1.22629,1.2182,1.2192,1.22473,1.22631,1.21821,1.21923,3e-05,90989.68
2021-05-27,1.2192,1.22149,1.21751,1.21927,1.21922,1.22153,1.21754,1.21931,4e-05,86079.32
2021-05-28,1.21927,1.22048,1.21325,1.21905,1.21932,1.22051,1.21328,1.21942,0.00037,95929.69
2021-05-31,1.21893,1.22343,1.21832,1.22325,1.21897,1.22346,1.21835,1.22327,2e-05,58569.89
2021-06-01,1.22325,1.22542,1.2211,1.22174,1.22326,1.22546,1.2212,1.22177,3e-05,81726.65
2021-06-02,1.22172,1.22265,1.2164,1.22094,1.22177,1.22267,1.21642,1.22097,3e-05,77789.7
2021-06-03,1.22094,1.22141,1.21181,1.213,1.22098,1.22144,1.21185,1.21302,2e-05,97645.15
2021-06-04,1.21299,1.21856,1.21039,1.21644,1.21302,1.21859,1.21042,1.21692,0.00048,91499.62
2021-06-07,1.21665,1.22017,1.21448,1.21905,1.21668,1.2202,1.21451,1.21909,4e-05,56767.0
2021-06-08,1.21905,1.21941,1.21642,1.21724,1.21907,1.21944,1.21645,1.21727,3e-05,76115.23
2021-06-09,1.21725,1.22179,1.21714,1.21784,1.21728,1.22182,1.21717,1.21787,3e-05,53522.57
2021-06-10,1.21782,1.21945,1.21433,1.21725,1.21786,1.21949,1.21436,1.21731,6e-05,114796.27
2021-06-11,1.21726,1.21929,1.20925,1.21072,1.21729,1.21932,1.20928,1.21096,0.00024,76244.2
2021-06-14,1.21096,1.21305,1.20942,1.21218,1.21099,1.21307,1.20944,1.21221,3e-05,56985.05
2021-06-15,1.21218,1.21473,1.21013,1.21245,1.21222,1.21475,1.21014,1.21249,4e-05,69731.52
2021-06-16,1.21246,1.21347,1.19865,1.1995,1.2125,1.2135,1.19867,1.19953,3e-05,120454.28
2021-06-17,1.19949,1.20062,1.18916,1.1913,1.19952,1.20065,1.1892,1.19134,4e-05,137577.72
2021-06-18,1.19129,1.19249,1.18472,1.18592,1.19133,1.19252,1.18474,1.18677,0.00085,137533.88
2021-06-21,1.18703,1.19213,1.18476,1.19119,1.18706,1.19215,1.18479,1.19124,5e-05,111964.72
2021-06-22,1.19119,1.19526,1.18808,1.19364,1.19122,1.19528,1.18811,1.19367,3e-05,90359.8
2021-06-23,1.19364,1.197,1.19113,1.19296,1.19366,1.19702,1.19118,1.193,4e-05,89353.59
2021-06-24,1.19297,1.19562,1.19176,1.19278,1.193,1.19565,1.19178,1.19283,5e-05,81788.18
2021-06-25,1.19278,1.19751,1.19261,1.19347,1.19282,1.19754,1.19264,1.19392,0.00045,73314.33
2021-06-28,1.19415,1.19444,1.19022,1.19286,1.19418,1.19447,1.19025,1.19289,3e-05,82983.48
2021-06-29,1.19287,1.19295,1.18775,1.19002,1.19291,1.19299,1.18779,1.19005,3e-05,87514.9
2021-06-30,1.19003,1.1909,1.1845,1.18558,1.19006,1.19092,1.18452,1.18562,4e-05,98200.88
2021-07-01,1.18559,1.18842,1.18373,1.18457,1.18563,1.18844,1.18375,1.18459,2e-05,97891.4
2021-07-02,1.18455,1.18741,1.1807,1.18622,1.18458,1.18744,1.18076,1.18673,0.00051,93312.29
2021-07-05,1.18556,1.18804,1.18513,1.18624,1.18559,1.18807,1.18515,1.1863,6e-05,59904.29
2021-07-06,1.18623,1.18951,1.18068,1.18221,1.18628,1.18953,1.1807,1.18225,4e-05,98055.2
2021-07-07,1.18222,1.18364,1.17815,1.17929,1.18226,1.18365,1.17817,1.17933,4e-05,98325.66
2021-07-08,1.17928,1.18678,1.17834,1.18463,1.17933,1.1868,1.17837,1.18466,3e-05,137221.47
2021-07-09,1.18463,1.1881,1.18249,1.1871,1.18467,1.18813,1.18252,1.18802,0.00092,95232.41
2021-07-12,1.18722,1.18802,1.1836,1.18627,1.18726,1.18803,1.18363,1.18631,4e-05,75972.6
2021-07-13,1.18627,1.18751,1.17721,1.17748,1.18632,1.18754,1.17723,1.17752,4e-05,92556.3
2021-07-14,1.17747,1.18387,1.17717,1.18329,1.1775,1.18399,1.17721,1.18331,2e-05,80246.91
2021-07-15,1.18329,1.18506,1.17962,1.18112,1.18331,1.18509,1.17965,1.18117,5e-05,79818.1
2021-07-16,1.18114,1.18221,1.17921,1.18047,1.18117,1.18223,1.17924,1.18067,0.0002,71386.31
2021-07-19,1.18125,1.18244,1.17636,1.17917,1.18129,1.18247,1.17638,1.1792,3e-05,103838.74
2021-07-20,1.17917,1.18024,1.17555,1.17813,1.17919,1.18027,1.17559,1.17815,2e-05,104203.95
2021-07-21,1.17811,1.18046,1.17518,1.17922,1.17815,1.18049,1.17521,1.17926,4e-05,78190.69
2021-07-22,1.17925,1.18304,1.17572,1.17722,1.17928,1.18307,1.17575,1.17727,5e-05,115912.61
2021-07-23,1.17722,1.17865,1.17544,1.17683,1.17728,1.17868,1.17548,1.17733,0.0005,66091.65
2021-07-26,1.17729,1.18172,1.17632,1.18047,1.17734,1.18175,1.17636,1.18051,4e-05,74770.2
2021-07-27,1.18046,1.18409,1.17698,1.18203,1.1805,1.18412,1.17701,1.18207,4e-05,70108.3
2021-07-28,1.18205,1.18494,1.17721,1.18454,1.18207,1.18497,1.17726,1.18459,5e-05,95631.15
2021-07-29,1.18453,1.18942,1.18406,1.18903,1.18458,1.18947,1.1841,1.18906,3e-05,65088.63
2021-07-30,1.18902,1.19085,1.18515,1.18667,1.18905,1.19088,1.18518,1.18743,0.00076,78399.05
2021-08-02,1.18662,1.18968,1.18587,1.1874,1.18665,1.18971,1.18592,1.18742,2e-05,65757.15
2021-08-03,1.18738,1.18932,1.18535,1.18694,1.18743,1.18935,1.18538,1.18696,2e-05,60676.25
2021-08-04,1.18693,1.18996,1.18326,1.18371,1.18695,1.18999,1.18329,1.18376,5e-05,59235.2
2021-08-05,1.18373,1.18572,1.1828,1.18332,1.18375,1.18574,1.18282,1.18336,4e-05,52814.69
2021-08-06,1.18332,1.18333,1.17543,1.17596,1.18335,1.18336,1.17546,1.17639,0.00043,55120.83
2021-08-09,1.17477,1.17689,1.17344,1.1736,1.17481,1.17691,1.1735,1.17364,4e-05,48502.48
2021-08-10,1.17359,1.17427,1.17095,1.17195,1.17363,1.1743,1.17098,1.17198,3e-05,75410.48
2021-08-11,1.17195,1.17541,1.17059,1.17417,1.17199,1.17545,1.17062,1.17421,4e-05,61035.42
2021-08-12,1.17415,1.17481,1.17236,1.17356,1.17421,1.17484,1.17238,1.17359,3e-05,45681.19
2021-08-13,1.17357,1.18045,1.17302,1.17933,1.17359,1.18048,1.17305,1.17966,0.00033,42818.65
2021-08-16,1.17939,1.18006,1.17672,1.17776,1.17943,1.1801,1.17674,1.1778,4e-05,43659.31
2021-08-17,1.17776,1.17846,1.17017,1.17091,1.17778,1.17848,1.17022,1.17095,4e-05,59330.87
2021-08-18,1.17092,1.17427,1.16936,1.17026,1.17095,1.17434,1.16938,1.1703,4e-05,59219.22
2021-08-19,1.17027,1.17041,1.16656,1.16763,1.1703,1.17043,1.16659,1.16767,4e-05,63221.79
2021-08-20,1.16762,1.17044,1.16638,1.16951,1.16767,1.17047,1.16641,1.17041,0.0009,50357.18
2021-08-23,1.16969,1.17501,1.1695,1.17441,1.16972,1.17504,1.16953,1.17446,5e-05,55611.0
2021-08-24,1.17439,1.1765,1.17272,1.17526,1.17443,1.17653,1.17274,1.1753,4e-05,47142.5
2021-08-25,1.17527,1.17745,1.1726,1.17717,1.17531,1.1775,1.17263,1.17722,5e-05,59247.81
2021-08-26,1.17716,1.17789,1.17458,1.17533,1.1772,1.17791,1.17461,1.17539,6e-05,64898.5
2021-08-27,1.17534,1.18022,1.17348,1.1791,1.1754,1.18027,1.1735,1.17996,0.00086,90960.79
2021-08-30,1.17982,1.18097,1.17827,1.17965,1.17986,1.18101,1.17828,1.17967,2e-05,54548.62
2021-08-31,1.17961,1.1845,1.17952,1.18098,1.17964,1.18452,1.17956,1.18102,4e-05,66283.83
2021-09-01,1.18098,1.18571,1.17935,1.18407,1.18103,1.18574,1.17938,1.18411,4e-05,63143.89
2021-09-02,1.18407,1.1876,1.18342,1.18736,1.1841,1.18772,1.18344,1.18739,3e-05,49871.0
2021-09-03,1.18736,1.1909,1.18655,1.18773,1.1874,1.19093,1.1866,1.18811,0.00038,71338.23
2021-09-06,1.18854,1.18857,1.18557,1.18731,1.18859,1.18862,1.1856,1.18735,4e-05,41182.88
2021-09-07,1.1873,1.18851,1.18358,1.18429,1.18734,1.18854,1.18376,1.18433,4e-05,68103.21
2021-09-08,1.18428,1.18511,1.18019,1.18188,1.18432,1.18513,1.18022,1.1819,2e-05,77623.41
2021-09-09,1.18186,1.18412,1.18051,1.1823,1.18191,1.18414,1.18053,1.18233,3e-05,81298.66
2021-09-10,1.1823,1.1851,1.18092,1.18101,1.18235,1.18513,1.18099,1.18177,0.00076,64082.67
2021-09-13,1.18114,1.18169,1.177,1.18096,1.18117,1.18172,1.17703,1.18099,3e-05,59781.95
2021-09-14,1.18095,1.18458,1.18,1.18023,1.18099,1.18459,1.18003,1.18026,3e-05,70351.1
2021-09-15,1.18024,1.18318,1.17991,1.1819,1.18027,1.18321,1.17994,1.18193,3e-05,68102.12
2021-09-16,1.18189,1.18204,1.17504,1.17648,1.18192,1.18207,1.17507,1.17651,3e-05,67633.62
2021-09-17,1.17647,1.17888,1.17235,1.17239,1.17652,1.17891,1.17248,1.17264,0.00025,69247.26
2021-09-20,1.17293,1.17364,1.17001,1.17266,1.17296,1.17367,1.17002,1.1727,4e-05,85294.27
2021-09-21,1.17267,1.17486,1.17147,1.17228,1.1727,1.17489,1.17151,1.17231,3e-05,69831.59
2021-09-22,1.17228,1.17555,1.16843,1.1687,1.17232,1.17557,1.16846,1.16873,3e-05,84003.43
2021-09-23,1.16871,1.175,1.16834,1.17398,1.16874,1.17503,1.16837,1.17402,4e-05,79458.48
2021-09-24,1.17397,1.17476,1.17005,1.17181,1.17402,1.17479,1.17008,1.17219,0.00038,56255.98
2021-09-27,1.17224,1.1725,1.16846,1.16956,1.1723,1.17254,1.16848,1.16961,5e-05,110005.98
2021-09-28,1.16956,1.17031,1.16682,1.1686,1.1696,1.17034,1.16685,1.16863,3e-05,115357.91
2021-09-29,1.16858,1.169,1.15894,1.16014,1.16863,1.16903,1.15896,1.16018,4e-05,108726.13
2021-09-30,1.16015,1.16096,1.15624,1.15736,1.16018,1.16099,1.15627,1.1574,4e-05,101703.31
2021-10-01,1.15735,1.16072,1.15628,1.15923,1.15739,1.16075,1.15631,1.16011,0.00088,88879.7
2021-10-04,1.16065,1.164,1.15876,1.1616,1.1607,1.16402,1.15879,1.16165,5e-05,75420.31
2021-10-05,1.16161,1.16198,1.15804,1.15955,1.16165,1.16202,1.15807,1.15958,3e-05,71096.87
2021-10-06,1.15954,1.15977,1.15291,1.15549,1.15958,1.15981,1.15294,1.15552,3e-05,90764.87
2021-10-07,1.15548,1.1572,1.15474,1.15592,1.1555,1.15723,1.15476,1.15595,3e-05,57539.66
2021-10-08,1.15591,1.15861,1.15413,1.15721,1.15594,1.15862,1.15416,1.1577,0.00049,68510.97
2021-10-11,1.15655,1.15867,1.15478,1.15532,1.15657,1.15869,1.1548,1.15536,4e-05,54960.93
2021-10-12,1.15533,1.15703,1.15242,1.15304,1.15536,1.15704,1.15244,1.15306,2e-05,64930.78
2021-10-13,1.15305,1.15994,1.15299,1.15968,1.15307,1.15996,1.15302,1.15972,4e-05,77197.06
2021-10-14,1.15966,1.16242,1.15839,1.15903,1.1597,1.16246,1.15842,1.15907,4e-05,94220.01
2021-10-15,1.15903,1.16185,1.15881,1.15983,1.15905,1.16189,1.15882,1.1604,0.00057,90915.49
2021-10-18,1.15965,1.16223,1.15717,1.16131,1.15966,1.16225,1.1572,1.16136,5e-05,69977.19
2021-10-19,1.16133,1.16693,1.1613,1.16313,1.16137,1.16695,1.16135,1.16314,1e-05,60866.73
2021-10-20,1.16313,1.16586,1.16168,1.16523,1.16317,1.16588,1.1617,1.16526,3e-05,62795.4
2021-10-21,1.16522,1.16674,1.16194,1.16246,1.16525,1.16676,1.16197,1.1625,4e-05,74249.42
2021-10-22,1.16249,1.16556,1.1621,1.16395,1.16251,1.16558,1.16214,1.16474,0.00079,107175.35
2021-10-25,1.16393,1.16649,1.15907,1.16087,1.16395,1.16651,1.15908,1.16091,4e-05,74192.55
2021-10-26,1.16087,1.16257,1.15848,1.15962,1.1609,1.1626,1.15851,1.15966,4e-05,66809.66
2021-10-27,1.15962,1.16259,1.15849,1.15982,1.15965,1.16262,1.15851,1.15986,4e-05,77705.88
2021-10-28,1.15984,1.16921,1.15821,1.16821,1.15986,1.16924,1.15824,1.16825,4e-05,108857.02
2021-10-29,1.16821,1.16899,1.1535,1.15529,1.16824,1.16901,1.15353,1.15621,0.00092,96377.06
2021-11-01,1.15562,1.1609,1.1546,1.15995,1.15566,1.16094,1.15462,1.15997,2e-05,76937.77
2021-11-02,1.15996,1.16133,1.15751,1.1579,1.15998,1.16135,1.15754,1.15792,2e-05,69798.18
2021-11-03,1.1579,1.16164,1.15622,1.16152,1.15793,1.16168,1.15625,1.16158,6e-05,100237.75
2021-11-04,1.16152,1.1616,1.15282,1.15552,1.16157,1.16163,1.15283,1.15557,5e-05,85742.42
2021-11-05,1.15553,1.15731,1.15132,1.15631,1.15557,1.15734,1.15134,1.15695,0.00064,90782.56
2021-11-08,1.15681,1.15949,1.15503,1.15877,1.15687,1.15951,1.15507,1.15881,4e-05,57902.16
2021-11-09,1.15877,1.16087,1.15698,1.1594,1.15882,1.16089,1.157,1.15941,1e-05,68638.98
2021-11-10,1.1594,1.15952,1.14759,1.14856,1.15943,1.15955,1.14765,1.14859,3e-05,101928.19
2021-11-11,1.14856,1.14875,1.14428,1.14474,1.14858,1.14879,1.14432,1.14479,5e-05,68505.25
2021-11-12,1.14477,1.1462,1.14328,1.14413,1.1448,1.14623,1.14331,1.14475,0.00062,68731.9
2021-11-15,1.1441,1.14638,1.13562,1.13668,1.14416,1.14642,1.13565,1.13672,4e-05,77609.38
2021-11-16,1.1367,1.13856,1.13089,1.13179,1.13672,1.13859,1.13092,1.13182,3e-05,90616.2
2021-11-17,1.1318,1.13321,1.12635,1.13178,1.13183,1.13324,1.12638,1.13182,4e-05,84537.77
2021-11-18,1.13178,1.1374,1.13137,1.13676,1.13181,1.13752,1.1314,1.1368,4e-05,79078.55
2021-11-19,1.13677,1.13692,1.12499,1.12794,1.13681,1.13694,1.12502,1.12852,0.00058,115105.51
2021-11-22,1.12752,1.12904,1.12306,1.12417,1.12757,1.12906,1.12309,1.1242,3e-05,96423.74
2021-11-23,1.12415,1.1275,1.12259,1.12445,1.1242,1.12752,1.12262,1.12447,2e-05,95128.68
2021-11-24,1.12444,1.12552,1.11859,1.12025,1.12449,1.12554,1.11863,1.12027,2e-05,100446.48
2021-11-25,1.12025,1.12296,1.12025,1.12091,1.12029,1.12299,1.12029,1.12095,4e-05,52743.08
2021-11-26,1.12091,1.13301,1.12067,1.13071,1.12094,1.13332,1.12071,1.1327,0.00199,135977.98
2021-11-29,1.12925,1.13003,1.12583,1.12925,1.12927,1.13007,1.12586,1.12928,3e-05,97294.98
2021-11-30,1.12925,1.13828,1.12349,1.13299,1.12927,1.13831,1.12353,1.13302,3e-05,162822.83
2021-12-01,1.13298,1.13596,1.13025,1.13187,1.13304,1.13599,1.13027,1.13191,4e-05,116507.99
2021-12-02,1.13189,1.13476,1.12953,1.13057,1.13195,1.13479,1.12956,1.13061,4e-05,86957.28
2021-12-03,1.13057,1.13333,1.12665,1.13117,1.1306,1.13337,1.12668,1.13193,0.00076,120087.5
2021-12-06,1.1304,1.13101,1.12663,1.12834,1.13045,1.13104,1.12666,1.12837,3e-05,74957.94
2021-12-07,1.12833,1.12984,1.12275,1.12723,1.12837,1.12986,1.12278,1.12727,4e-05,69268.93
2021-12-08,1.12725,1.13547,1.12667,1.13441,1.12727,1.1355,1.1267,1.13444,3e-05,86371.81
2021-12-09,1.13441,1.13442,1.12783,1.12936,1.13445,1.13446,1.12786,1.1294,4e-05,60460.82
2021-12-10,1.12935,1.13239,1.12651,1.13146,1.12938,1.13242,1.12653,1.13182,0.00036,72798.04
2021-12-13,1.13106,1.1314,1.126,1.12834,1.13109,1.13142,1.12603,1.12837,3e-05,71885.45
2021-12-14,1.12834,1.13238,1.12535,1.12575,1.12837,1.1324,1.12539,1.12578,3e-05,79117.45
2021-12-15,1.12575,1.12991,1.12215,1.12902,1.12579,1.12996,1.12219,1.12907,5e-05,114363.5
2021-12-16,1.12903,1.13603,1.12811,1.13336,1.12908,1.13606,1.12814,1.1334,4e-05,81915.02
2021-12-17,1.13335,1.13488,1.1235,1.1237,1.13339,1.13491,1.12355,1.12443,0.00073,71973.48
2021-12-20,1.12426,1.13037,1.12363,1.12771,1.12429,1.1304,1.12368,1.12774,3e-05,69729.6
2021-12-21,1.12771,1.13026,1.12607,1.12871,1.12775,1.13029,1.12609,1.12873,2e-05,62656.75
2021-12-22,1.12872,1.13423,1.12644,1.13265,1.12875,1.13425,1.12645,1.13268,3e-05,62054.84
2021-12-23,1.13263,1.13422,1.129,1.13228,1.13265,1.13425,1.12903,1.13234,6e-05,67964.06
2021-12-24,1.13227,1.13433,1.13031,1.13102,1.13234,1.13439,1.13043,1.13256,0.00154,192166.58
2021-12-27,1.13233,1.13344,1.13028,1.13294,1.13235,1.13347,1.13031,1.13299,5e-05,38860.35
2021-12-28,1.13293,1.13331,1.12895,1.1313,1.13297,1.13336,1.12898,1.13134,4e-05,44411.85
2021-12-29,1.13131,1.13688,1.12737,1.13595,1.13132,1.13691,1.12739,1.13599,4e-05,66789.94
2021-12-30,1.13595,1.13597,1.12984,1.13222,1.136,1.13601,1.12986,1.13227,5e-05,55366.06
2021-12-31,1.13219,1.13863,1.13032,1.13667,1.13222,1.13867,1.13035,1.13751,0.00084,48312.07
2022-01-03,1.13726,1.13755,1.12797,1.13017,1.13732,1.13759,1.128,1.13023,6e-05,83782.2
2022-01-04,1.13016,1.13224,1.12721,1.12827,1.13023,1.13226,1.12724,1.12832,5e-05,101693.58
2022-01-05,1.12826,1.13463,1.12769,1.13105,1.1283,1.13466,1.12773,1.13109,4e-05,97800.35
2022-01-06,1.13104,1.13318,1.12845,1.12949,1.1311,1.13321,1.12848,1.12951,2e-05,108688.45
2022-01-07,1.12947,1.13647,1.12899,1.13593,1.12952,1.1365,1.12902,1.13629,0.00036,83255.73
2022-01-10,1.13533,1.1358,1.12847,1.13299,1.13539,1.13584,1.12852,1.13303,4e-05,88736.63
2022-01-11,1.13297,1.13752,1.1313,1.13658,1.13301,1.13756,1.13132,1.13663,5e-05,67545.03
2022-01-12,1.13657,1.14526,1.13547,1.14394,1.13664,1.14529,1.13549,1.14398,4e-05,79072.8
2022-01-13,1.14393,1.14817,1.14357,1.14564,1.14396,1.1482,1.14359,1.14567,3e-05,72076.17
2022-01-14,1.14564,1.14827,1.13984,1.1409,1.14568,1.1483,1.13986,1.14167,0.00077,75134.1
2022-01-17,1.14111,1.14344,1.13917,1.141,1.14116,1.14346,1.13921,1.14102,2e-05,48767.29
2022-01-18,1.14099,1.14214,1.13146,1.13286,1.14105,1.14217,1.13149,1.1329,4e-05,89386.63
2022-01-19,1.13289,1.13571,1.13187,1.13429,1.13292,1.13574,1.13191,1.13433,4e-05,71207.76
2022-01-20,1.13427,1.13688,1.13031,1.13128,1.13434,1.13692,1.13033,1.13132,4e-05,76293.31
2022-01-21,1.13129,1.13596,1.13009,1.13418,1.13132,1.13599,1.13012,1.13455,0.00037,70294.93
2022-01-24,1.1341,1.1341,1.12904,1.13236,1.13413,1.13414,1.12907,1.1324,4e-05,101149.55
2022-01-25,1.13235,1.1324,1.12631,1.13028,1.13241,1.13244,1.12634,1.13033,5e-05,82894.31
2022-01-26,1.13028,1.13107,1.12354,1.12405,1.13032,1.13109,1.12357,1.12411,6e-05,103115.85
2022-01-27,1.12405,1.12432,1.11312,1.11445,1.1241,1.12437,1.11315,1.11448,3e-05,107559.7
2022-01-28,1.11446,1.11735,1.11213,1.1145,1.11448,1.11737,1.11216,1.11531,0.00081,107494.82
2022-01-31,1.11519,1.12478,1.1144,1.12292,1.11523,1.12481,1.11444,1.12296,4e-05,97010.79
2022-02-01,1.12293,1.12786,1.12209,1.1273,1.12296,1.12789,1.12211,1.12734,4e-05,86148.94
2022-02-02,1.12728,1.133,1.12665,1.12992,1.12734,1.13308,1.12669,1.12997,5e-05,69272.66
2022-02-03,1.12992,1.14514,1.12672,1.14355,1.12999,1.14517,1.12676,1.14359,4e-05,130913.47
2022-02-04,1.14352,1.14837,1.14115,1.14477,1.14356,1.1484,1.14118,1.14517,0.0004,104207.63
2022-02-07,1.14545,1.14587,1.14151,1.1441,1.14549,1.1459,1.14154,1.14412,2e-05,89963.87
2022-02-08,1.14411,1.14487,1.13961,1.14205,1.14414,1.14489,1.13963,1.14209,4e-05,76737.46
2022-02-09,1.14208,1.14477,1.14024,1.14211,1.1421,1.1448,1.14027,1.14214,3e-05,67298.49
2022-02-10,1.14211,1.14948,1.13748,1.14112,1.14213,1.14951,1.1375,1.14116,4e-05,119376.69
2022-02-11,1.1411,1.1418,1.13296,1.13463,1.14116,1.14182,1.13299,1.13507,0.00044,131907.95
2022-02-14,1.13642,1.1369,1.12799,1.13056,1.13645,1.13695,1.12804,1.13061,5e-05,119558.13
2022-02-15,1.13057,1.13681,1.13031,1.13551,1.13061,1.13684,1.13036,1.13555,4e-05,93222.83
2022-02-16,1.1355,1.13957,1.13449,1.13728,1.13554,1.13961,1.13452,1.13732,4e-05,86250.15
2022-02-17,1.13726,1.1386,1.1323,1.13637,1.13729,1.13863,1.13236,1.13642,5e-05,120507.16
2022-02-18,1.13636,1.13769,1.1314,1.13203,1.13638,1.13772,1.13143,1.13237,0.00034,84897.65
2022-02-21,1.1317,1.13905,1.12963,1.13092,1.13172,1.13908,1.12967,1.13097,5e-05,78902.17
2022-02-22,1.13092,1.13667,1.1288,1.13287,1.13096,1.1367,1.12883,1.13291,4e-05,110971.43
2022-02-23,1.13286,1.13588,1.13001,1.13053,1.1329,1.13591,1.13004,1.13056,3e-05,70139.27
2022-02-24,1.13055,1.1306,1.11062,1.11905,1.13057,1.13064,1.11065,1.11908,3e-05,224361.48
2022-02-25,1.11906,1.12739,1.11659,1.12719,1.1191,1.12744,1.11661,1.12743,0.00024,142601.25
2022-02-28,1.11801,1.12464,1.11421,1.12141,1.11805,1.12467,1.11424,1.12146,5e-05,172332.2
2022-03-01,1.1214,1.12329,1.10896,1.11322,1.12146,1.12333,1.10899,1.11327,5e-05,142121.03
2022-03-02,1.11321,1.11437,1.10573,1.11123,1.11324,1.11442,1.10577,1.11128,5e-05,167074.16
2022-03-03,1.11119,1.11152,1.10334,1.10656,1.11123,1.11157,1.10338,1.10661,5e-05,108914.71
2022-03-04,1.10656,1.10665,1.08856,1.09311,1.10662,1.10668,1.08859,1.09386,0.00075,160056.41
2022-03-07,1.08734,1.09325,1.08059,1.0866,1.08739,1.09327,1.08063,1.08665,5e-05,240241.05
2022-03-08,1.0866,1.09582,1.08489,1.08978,1.08666,1.09587,1.08493,1.08981,3e-05,204118.2
2022-03-09,1.08984,1.10951,1.08965,1.10733,1.08985,1.10954,1.0897,1.10738,5e-05,137082.81
2022-03-10,1.10732,1.11212,1.0976,1.10133,1.10738,1.11214,1.09764,1.10137,4e-05,176460.08
2022-03-11,1.10132,1.10435,1.09018,1.09099,1.10136,1.10438,1.09022,1.09143,0.00044,170900.28
2022-03-14,1.09317,1.09938,1.09005,1.09426,1.09321,1.09941,1.09008,1.09431,5e-05,193947.22
2022-03-15,1.09426,1.10196,1.0926,1.09667,1.09432,1.10201,1.09262,1.09672,5e-05,230290.78
2022-03-16,1.09668,1.10466,1.095,1.10214,1.09672,1.10468,1.09503,1.10219,5e-05,247695.06
2022-03-17,1.10216,1.11375,1.10201,1.1099,1.1022,1.11378,1.10206,1.10994,4e-05,156209.25
2022-03-18,1.10991,1.11186,1.1003,1.10492,1.10995,1.11189,1.10033,1.10521,0.00029,158708.8
2022-03-21,1.10423,1.10701,1.10102,1.10167,1.10429,1.10703,1.10104,1.10169,2e-05,147074.55
2022-03-22,1.10166,1.10457,1.09608,1.10293,1.10169,1.1046,1.09611,1.10295,2e-05,216645.28
2022-03-23,1.10296,1.10397,1.09639,1.10058,1.103,1.104,1.09642,1.10062,4e-05,154713.34
2022-03-24,1.10058,1.10136,1.09659,1.10083,1.10061,1.10141,1.09663,1.10089,6e-05,169420.3
2022-03-25,1.10086,1.10376,1.09797,1.09805,1.1009,1.10381,1.09811,1.09842,0.00037,200813.52
2022-03-28,1.09814,1.09995,1.09446,1.09911,1.09818,1.09998,1.09448,1.09915,4e-05,206053.02
2022-03-29,1.09911,1.1137,1.0969,1.10909,1.09916,1.11373,1.09691,1.10914,5e-05,271959.38
2022-03-30,1.1091,1.1171,1.10878,1.11613,1.10914,1.11712,1.10881,1.11615,2e-05,275576.16
2022-03-31,1.11611,1.11848,1.10608,1.10726,1.11617,1.11852,1.10611,1.10731,5e-05,186689.66
2022-04-01,1.10727,1.10757,1.10279,1.10427,1.10732,1.10759,1.10281,1.10489,0.00062,185489.52
2022-04-04,1.10458,1.10544,1.09603,1.09749,1.10462,1.10548,1.09605,1.09755,6e-05,91184.05
2022-04-05,1.09748,1.09886,1.09,1.09058,1.09754,1.09887,1.09003,1.09062,4e-05,84877.59
2022-04-06,1.09058,1.09379,1.08745,1.08975,1.09063,1.09382,1.08747,1.08979,4e-05,131970.3
2022-04-07,1.08975,1.09383,1.08602,1.0864,1.0898,1.09386,1.08605,1.08645,5e-05,183585.42
2022-04-08,1.08638,1.08917,1.08364,1.08744,1.08644,1.0892,1.08366,1.08779,0.00035,114940.65
2022-04-11,1.08842,1.09332,1.08727,1.08769,1.08844,1.09334,1.0873,1.08772,3e-05,133205.59
2022-04-12,1.08769,1.09036,1.08211,1.0826,1.08773,1.09038,1.08214,1.08262,2e-05,232661.55
2022-04-13,1.08259,1.08973,1.08088,1.0895,1.08262,1.08975,1.08091,1.08954,4e-05,219749.31
2022-04-14,1.08951,1.09233,1.07575,1.08209,1.08954,1.09235,1.07577,1.08225,0.00016,290588.88
2022-04-15,1.08211,1.08236,1.07964,1.08057,1.08228,1.08241,1.07972,1.08136,0.00079,146622.27
2022-04-18,1.08138,1.08156,1.07698,1.07799,1.08141,1.08162,1.07702,1.07804,5e-05,146901.77
2022-04-19,1.07799,1.08145,1.0761,1.07941,1.07803,1.08148,1.07614,1.07946,5e-05,191619.3
2022-04-20,1.07942,1.0867,1.07838,1.08493,1.07947,1.08673,1.07844,1.08498,5e-05,157752.5
2022-04-21,1.08491,1.09362,1.08234,1.08349,1.08496,1.09366,1.08239,1.08353,4e-05,245183.44
2022-04-22,1.08349,1.08515,1.07707,1.07947,1.08352,1.08519,1.07708,1.08032,0.00085,212066.48
2022-04-25,1.08093,1.08119,1.06966,1.07124,1.08098,1.08125,1.06969,1.07128,4e-05,287526.28
2022-04-26,1.07124,1.07386,1.06348,1.06424,1.07129,1.0739,1.06352,1.06429,5e-05,228762.0
2022-04-27,1.06425,1.06546,1.05145,1.05541,1.06429,1.06549,1.05148,1.05546,5e-05,252843.84
2022-04-28,1.05541,1.05647,1.0471,1.05029,1.05545,1.05652,1.04716,1.05034,5e-05,273854.31
2022-04-29,1.05032,1.05928,1.05019,1.05409,1.05037,1.05933,1.05024,1.0548,0.00071,218584.7
2022-05-02,1.05347,1.05682,1.04901,1.05096,1.05352,1.05687,1.04904,1.05099,3e-05,249807.11
2022-05-03,1.05095,1.05776,1.04921,1.05251,1.05098,1.05778,1.04926,1.05255,4e-05,218568.31
2022-05-04,1.05252,1.06309,1.05059,1.06202,1.05255,1.06313,1.05064,1.06207,5e-05,310246.88
2022-05-05,1.06206,1.06417,1.04925,1.05394,1.06208,1.06421,1.04929,1.05399,5e-05,319134.66
2022-05-06,1.05394,1.05988,1.04826,1.05452,1.05398,1.0599,1.0483,1.05481,0.00029,379182.09
2022-05-09,1.05319,1.05924,1.04951,1.05631,1.05322,1.05926,1.04954,1.05635,4e-05,248349.19
2022-05-10,1.05633,1.05852,1.05253,1.05289,1.05635,1.05856,1.05255,1.05294,5e-05,229402.89
2022-05-11,1.05289,1.05771,1.05017,1.05117,1.05293,1.05775,1.05021,1.05122,5e-05,321295.28
2022-05-12,1.05116,1.05292,1.03539,1.03784,1.05121,1.05296,1.03542,1.03789,5e-05,352489.09
2022-05-13,1.03783,1.04195,1.03496,1.04116,1.03789,1.04199,1.03497,1.04158,0.00042,146726.02
2022-05-16,1.03984,1.0443,1.03889,1.0439,1.03987,1.04433,1.03894,1.04395,5e-05,194208.2
2022-05-17,1.0439,1.05556,1.04318,1.05487,1.04393,1.0556,1.04322,1.05492,5e-05,237872.23
2022-05-18,1.05485,1.05636,1.04597,1.04729,1.05489,1.05642,1.04605,1.04733,4e-05,143223.44
2022-05-19,1.04729,1.0607,1.0465,1.05795,1.04734,1.06073,1.04653,1.05796,1e-05,271508.53
2022-05-20,1.05795,1.0599,1.05328,1.0561,1.05798,1.05993,1.05331,1.05654,0.00044,178569.45
2022-05-23,1.05688,1.06973,1.05679,1.06837,1.05693,1.06976,1.05683,1.06839,2e-05,217196.77
2022-05-24,1.06836,1.07485,1.06608,1.07326,1.06839,1.07486,1.06613,1.0733,4e-05,162452.17
2022-05-25,1.07326,1.07365,1.06421,1.06869,1.07331,1.0737,1.06425,1.06872,3e-05,180347.02
2022-05-26,1.06866,1.07344,1.06624,1.07324,1.06869,1.07348,1.06628,1.07327,3e-05,154686.47
2022-05-27,1.07324,1.0765,1.06968,1.07317,1.07329,1.07653,1.06971,1.07393,0.00076,131310.91
2022-05-30,1.07291,1.07867,1.07267,1.07729,1.07297,1.07873,1.0727,1.07733,4e-05,135166.83
2022-05-31,1.07731,1.07744,1.06789,1.0734,1.07733,1.07749,1.06791,1.07344,4e-05,242933.94
2022-06-01,1.0734,1.07393,1.06271,1.06509,1.07345,1.07396,1.06274,1.06512,3e-05,174077.81
2022-06-02,1.06509,1.0751,1.06447,1.075,1.06514,1.07514,1.06452,1.07506,6e-05,125109.17
2022-06-03,1.075,1.07643,1.0704,1.07169,1.07508,1.07645,1.07042,1.0721,0.00041,105040.33
2022-06-06,1.07254,1.07518,1.06838,1.06896,1.07257,1.07521,1.06842,1.069,4e-05,121397.77
2022-06-07,1.06896,1.07142,1.06519,1.06972,1.06899,1.07145,1.06522,1.06976,4e-05,171174.48
2022-06-08,1.06975,1.07484,1.06713,1.07168,1.06977,1.07487,1.06716,1.07172,4e-05,149952.69
2022-06-09,1.07168,1.07738,1.0611,1.0619,1.07173,1.07743,1.06113,1.06194,4e-05,244857.23
2022-06-10,1.0619,1.06422,1.05057,1.05137,1.06195,1.06426,1.0506,1.05225,0.00088,182108.09
2022-06-13,1.04907,1.04955,1.03997,1.04148,1.04913,1.04959,1.04,1.04153,5e-05,267660.38
2022-06-14,1.04148,1.04846,1.0397,1.04367,1.04152,1.04849,1.03974,1.04373,6e-05,254901.19
2022-06-15,1.04368,1.05077,1.0359,1.04573,1.04373,1.0508,1.03593,1.0458,7e-05,389854.72
2022-06-16,1.04573,1.06014,1.03808,1.05464,1.04581,1.06017,1.03812,1.05469,5e-05,331903.34
2022-06-17,1.05465,1.0552,1.04444,1.04934,1.0547,1.05524,1.04448,1.04978,0.00044,272412.06
2022-06-20,1.04897,1.05458,1.04848,1.05172,1.04903,1.05461,1.04852,1.05178,6e-05,158781.75
2022-06-21,1.05173,1.05824,1.05131,1.05312,1.05176,1.05828,1.05133,1.05315,3e-05,177035.02
2022-06-22,1.05311,1.06057,1.04687,1.05646,1.05317,1.06059,1.04691,1.05649,3e-05,241049.03
2022-06-23,1.05646,1.0581,1.04826,1.05192,1.0565,1.05815,1.04829,1.05198,6e-05,292499.44
2022-06-24,1.05192,1.05712,1.0512,1.05519,1.05197,1.05715,1.05124,1.05587,0.00068,150660.59
2022-06-27,1.05665,1.0615,1.05502,1.05797,1.05668,1.06152,1.05506,1.05802,5e-05,197796.91
2022-06-28,1.05797,1.06061,1.05032,1.0522,1.05801,1.06065,1.05034,1.05225,5e-05,276169.0
2022-06-29,1.05219,1.05354,1.04352,1.04456,1.05223,1.05357,1.04354,1.04461,5e-05,304391.25
2022-06-30,1.04456,1.04887,1.03824,1.04783,1.04462,1.04889,1.03827,1.04788,5e-05,261501.59
2022-07-01,1.04783,1.04783,1.03658,1.04262,1.04787,1.04787,1.0366,1.04306,0.00044,165758.91
2022-07-04,1.04322,1.04627,1.0417,1.04326,1.04328,1.04629,1.04174,1.0433,4e-05,166751.05
2022-07-05,1.04325,1.04485,1.0235,1.02565,1.0433,1.0449,1.02353,1.02569,4e-05,287939.84
2022-07-06,1.02564,1.02765,1.01614,1.01843,1.02567,1.02768,1.01616,1.01847,4e-05,259766.94
2022-07-07,1.01841,1.02209,1.01439,1.01683,1.01848,1.02215,1.01443,1.01687,4e-05,117532.07
2022-07-08,1.01682,1.01912,1.0072,1.01822,1.01687,1.01917,1.00722,1.01904,0.00082,222545.81
2022-07-11,1.01674,1.01675,1.00336,1.00458,1.01676,1.01677,1.0034,1.00462,4e-05,305613.44
2022-07-12,1.00456,1.00738,0.99999,1.003,1.00459,1.0074,1.00002,1.00307,7e-05,340173.66
2022-07-13,1.003,1.01222,0.99979,1.00342,1.00304,1.01225,0.99982,1.00344,2e-05,391916.12
2022-07-14,1.00341,1.00503,0.99521,1.00263,1.00345,1.00506,0.99524,1.00267,4e-05,482193.28
2022-07-15,1.00263,1.00979,1.00068,1.00821,1.00268,1.00982,1.00071,1.009,0.00079,251956.27
2022-07-18,1.00972,1.02011,1.00812,1.01463,1.00978,1.02015,1.00816,1.01469,6e-05,227759.52
2022-07-19,1.01464,1.0269,1.01195,1.02307,1.01469,1.02695,1.01199,1.0231,3e-05,284255.72
2022-07-20,1.02308,1.02729,1.01553,1.01807,1.02311,1.02735,1.01556,1.01812,5e-05,216206.19
2022-07-21,1.01808,1.02781,1.01531,1.022,1.01813,1.02784,1.01537,1.02205,5e-05,297965.44
2022-07-22,1.022,1.02553,1.01297,1.02119,1.02204,1.02556,1.013,1.02163,0.00044,322511.03
2022-07-25,1.01992,1.02578,1.01784,1.02229,1.01998,1.02583,1.01786,1.02236,7e-05,311380.78
2022-07-26,1.02229,1.025,1.01074,1.01285,1.02235,1.02505,1.01077,1.01291,6e-05,262714.41
2022-07-27,1.01285,1.02206,1.00966,1.02052,1.0129,1.0221,1.00969,1.02056,4e-05,253451.16
2022-07-28,1.02052,1.02343,1.01138,1.01918,1.02057,1.02346,1.01141,1.01924,6e-05,307912.47
2022-07-29,1.0192,1.02542,1.0146,1.02248,1.01925,1.02546,1.01463,1.02277,0.00029,420713.91
2022-08-01,1.02102,1.02751,1.02075,1.02627,1.02109,1.02754,1.02081,1.02632,5e-05,531573.31
2022-08-02,1.02629,1.02939,1.01545,1.01563,1.02631,1.02942,1.0155,1.01569,6e-05,646780.81
2022-08-03,1.01562,1.02102,1.01226,1.01565,1.01567,1.02106,1.0123,1.01569,4e-05,615301.25
2022-08-04,1.01563,1.02537,1.01542,1.02472,1.01568,1.02541,1.01544,1.02477,5e-05,464582.03
2022-08-05,1.02472,1.02482,1.01415,1.01825,1.02479,1.02487,1.01417,1.01848,0.00023,376920.31
2022-08-08,1.01718,1.02217,1.0159,1.01978,1.01725,1.02221,1.01596,1.01981,3e-05,229718.11
2022-08-09,1.01976,1.02472,1.01885,1.02079,1.01982,1.02478,1.01891,1.02083,4e-05,248252.98
2022-08-10,1.02077,1.03685,1.0202,1.02986,1.0208,1.03689,1.02023,1.0299,4e-05,430065.34
2022-08-11,1.02986,1.03642,1.02752,1.03203,1.02993,1.03647,1.02757,1.03208,5e-05,481441.44
2022-08-12,1.03202,1.03251,1.0238,1.0259,1.03207,1.03256,1.02385,1.02621,0.00031,399294.09
2022-08-15,1.02533,1.02682,1.01533,1.01613,1.0254,1.02686,1.01538,1.01618,5e-05,402592.06
2022-08-16,1.01614,1.01948,1.01225,1.01694,1.01618,1.01951,1.01229,1.017,6e-05,420079.16
2022-08-17,1.01696,1.02029,1.01453,1.01773,1.01699,1.02032,1.01459,1.01779,6e-05,433024.0
2022-08-18,1.01774,1.01929,1.00795,1.00893,1.01779,1.01935,1.008,1.00895,2e-05,393070.0
2022-08-19,1.00893,1.00954,1.00318,1.00326,1.00896,1.00958,1.00324,1.00409,0.00083,371412.25
2022-08-22,1.00361,1.00466,0.9926,0.9938,1.00367,1.00469,0.99265,0.99387,7e-05,417896.69
2022-08-23,0.99381,1.00181,0.99002,0.99662,0.99387,1.00184,0.99005,0.99668,6e-05,525663.0
2022-08-24,0.99661,0.99993,0.99099,0.99677,0.99667,0.99994,0.99103,0.99681,4e-05,470321.66
2022-08-25,0.99677,1.00334,0.9949,0.99706,0.99682,1.00335,0.99495,0.99711,5e-05,498651.16
2022-08-26,0.99704,1.00898,0.99463,0.99623,0.99707,1.00903,0.99467,0.99662,0.00039,418092.44
2022-08-29,0.99362,1.00291,0.99141,1.00107,0.99367,1.00295,0.99145,1.0011,3e-05,408628.94
2022-08-30,1.00105,1.00547,0.99818,1.00234,1.00111,1.00551,0.99822,1.00239,5e-05,539462.44
2022-08-31,1.00233,1.0079,0.99712,1.0038,1.00239,1.00794,0.99716,1.00386,6e-05,558629.5
2022-09-01,1.0038,1.00485,0.99107,0.99514,1.00383,1.0049,0.99109,0.9952,6e-05,533883.5
2022-09-02,0.99515,1.00335,0.99449,0.99515,0.99518,1.00339,0.99455,0.99559,0.00044,537444.44
2022-09-05,0.99075,0.99518,0.98772,0.995,0.99082,0.99524,0.98782,0.99505,5e-05,392830.56
2022-09-06,0.99501,0.99862,0.98638,0.9897,0.99506,0.99865,0.98642,0.98975,5e-05,611605.5
2022-09-07,0.98971,1.00128,0.98756,0.99976,0.98976,1.00135,0.98757,0.99982,6e-05,527865.88
2022-09-08,0.99981,1.00294,0.99303,1.00097,0.99984,1.00302,0.99311,1.00102,5e-05,512439.25
2022-09-09,1.00096,1.01131,1.00083,1.00425,1.00101,1.01136,1.00088,1.00459,0.00034,346953.0
2022-09-12,1.00703,1.01977,1.00629,1.0129,1.00708,1.01982,1.00634,1.01297,7e-05,387476.28
2022-09-13,1.0129,1.0187,0.99554,0.99778,1.01296,1.01874,0.99561,0.99782,4e-05,549671.31
2022-09-14,0.99779,1.00234,0.99595,0.9982,0.99781,1.00238,0.99597,0.99824,4e-05,635055.56
2022-09-15,0.99819,1.00177,0.99556,0.99874,0.99824,1.00181,0.9956,0.99879,5e-05,491298.75
2022-09-16,0.99876,1.00363,0.99448,1.00146,0.9988,1.00368,0.99451,1.00168,0.00022,493561.88
2022-09-19,1.00219,1.00322,0.99657,1.00297,1.00226,1.00328,0.99662,1.00302,5e-05,382032.56
2022-09-20,1.00297,1.00504,0.9955,0.9971,1.00303,1.00509,0.99553,0.99716,6e-05,427114.38
2022-09-21,0.9971,0.9975,0.98128,0.98313,0.99715,0.99756,0.98135,0.98317,4e-05,652419.31
2022-09-22,0.98316,0.99074,0.9808,0.98383,0.9832,0.99077,0.98081,0.98389,6e-05,784096.19
2022-09-23,0.98384,0.98517,0.9668,0.96885,0.9839,0.98523,0.96683,0.96919,0.00034,704859.69
2022-09-26,0.96854,0.97013,0.95503,0.962,0.96857,0.97018,0.95511,0.96204,4e-05,1023484.5
2022-09-27,0.96201,0.96707,0.95689,0.95953,0.96204,0.96711,0.95695,0.95959,6e-05,687162.75
2022-09-28,0.95953,0.97508,0.95357,0.97054,0.95957,0.97513,0.95363,0.9706,6e-05,964531.19
2022-09-29,0.97055,0.98437,0.96353,0.98291,0.97061,0.98445,0.96361,0.98296,5e-05,712696.0
2022-09-30,0.98292,0.98537,0.97346,0.98013,0.98297,0.98538,0.97349,0.98026,0.00013,555819.62
2022-10-03,0.97931,0.98445,0.97525,0.98334,0.97939,0.98449,0.97531,0.9834,6e-05,702902.12
2022-10-04,0.98335,0.99995,0.9806,0.99836,0.9834,0.99997,0.98064,0.99838,2e-05,585299.0
2022-10-05,0.99839,0.99947,0.98346,0.99116,0.99842,0.99952,0.98351,0.99122,6e-05,551133.75
2022-10-06,0.99115,0.99264,0.97862,0.97888,0.99122,0.99268,0.97869,0.97894,6e-05,715901.0
2022-10-07,0.97888,0.98167,0.97259,0.97388,0.97894,0.98171,0.97265,0.97432,0.00044,638962.31
2022-10-10,0.97343,0.97531,0.96815,0.9711,0.9735,0.97537,0.96819,0.97117,7e-05,487474.81
2022-10-11,0.97112,0.97745,0.96698,0.97004,0.97117,0.97749,0.96703,0.9701,6e-05,779376.81
2022-10-12,0.97004,0.97346,0.96678,0.97046,0.97009,0.97351,0.96682,0.97052,6e-05,759747.56
2022-10-13,0.97046,0.98057,0.96315,0.97671,0.97051,0.98063,0.96317,0.97678,7e-05,792624.06
2022-10-14,0.97669,0.98086,0.9707,0.97182,0.97675,0.9809,0.97078,0.97256,0.00074,788521.12
2022-10-17,0.97395,0.9852,0.97197,0.98435,0.974,0.98525,0.97201,0.98438,3e-05,640690.94
2022-10-18,0.98434,0.98755,0.98124,0.98625,0.9844,0.9876,0.98129,0.98632,7e-05,706946.5
2022-10-19,0.98625,0.98667,0.97571,0.97652,0.98631,0.98673,0.97576,0.97657,5e-05,669104.56
2022-10-20,0.97653,0.98454,0.97544,0.97782,0.97659,0.98458,0.97549,0.97788,6e-05,713252.75
2022-10-21,0.97785,0.98689,0.97048,0.98613,0.97788,0.98696,0.97052,0.98643,0.0003,880018.31
2022-10-24,0.98594,0.98935,0.98067,0.98842,0.98598,0.9894,0.98071,0.98846,4e-05,871401.69
2022-10-25,0.98842,0.99768,0.98484,0.99616,0.98848,0.99771,0.98489,0.99624,8e-05,672168.94
2022-10-26,0.99617,1.00934,0.99434,1.00932,0.99625,1.00938,0.99438,1.00935,3e-05,653239.5
2022-10-27,1.00932,1.00934,0.99575,0.99668,1.00936,1.0094,0.9958,0.99673,5e-05,603275.38
2022-10-28,0.99668,0.9998,0.99265,0.99631,0.99674,0.99984,0.9927,0.99669,0.00038,611405.0
2022-10-31,0.99543,0.99656,0.98717,0.98856,0.9955,0.99661,0.98732,0.98863,7e-05,450843.41
2022-11-01,0.98856,0.99539,0.98527,0.98772,0.98862,0.9954,0.98532,0.98778,6e-05,409025.53
2022-11-02,0.98772,0.99757,0.98098,0.98138,0.98777,0.99763,0.98101,0.98144,6e-05,586630.62
2022-11-03,0.98141,0.98394,0.97299,0.97488,0.98144,0.98401,0.97302,0.97494,6e-05,594813.94
2022-11-04,0.97491,0.99664,0.97472,0.9956,0.97496,0.99669,0.97478,0.99596,0.00036,635651.62
2022-11-07,0.99282,1.0034,0.99175,1.00173,0.99289,1.00343,0.9918,1.00179,6e-05,584552.5
2022-11-08,1.00172,1.00963,0.99715,1.00804,1.00178,1.00967,0.99719,1.00808,4e-05,524208.66
2022-11-09,1.00804,1.0088,0.99927,1.0019,1.00809,1.00885,0.99932,1.00195,5e-05,619189.81
2022-11-10,1.0019,1.02218,0.99354,1.01914,1.00197,1.02222,0.99359,1.01921,7e-05,702955.5
2022-11-11,1.01915,1.0364,1.0163,1.03538,1.01921,1.03645,1.01635,1.03582,0.00044,649651.69
2022-11-14,1.03266,1.03584,1.02713,1.03196,1.03276,1.0359,1.02717,1.03199,3e-05,630287.88
2022-11-15,1.03196,1.04808,1.02799,1.03572,1.03201,1.0481,1.02804,1.03579,7e-05,858243.31
2022-11-16,1.03574,1.04384,1.03307,1.03932,1.03581,1.04389,1.03313,1.03939,7e-05,830625.75
2022-11-17,1.03933,1.04065,1.03051,1.03607,1.03939,1.04068,1.03055,1.03613,6e-05,603557.25
2022-11-18,1.03606,1.03959,1.03134,1.03235,1.03613,1.03964,1.03139,1.03256,0.00021,532628.31
2022-11-21,1.03304,1.03327,1.02227,1.0245,1.03312,1.03334,1.02229,1.02455,5e-05,569675.31
2022-11-22,1.02451,1.03106,1.02417,1.03104,1.02455,1.03111,1.02424,1.03111,7e-05,496679.22
2022-11-23,1.03105,1.04191,1.02963,1.04175,1.03109,1.04198,1.02967,1.04181,6e-05,598475.69
2022-11-24,1.04178,1.04484,1.03816,1.04074,1.04182,1.04489,1.03819,1.04082,8e-05,449358.62
2022-11-25,1.04074,1.04291,1.03546,1.03926,1.04081,1.04298,1.03551,1.04014,0.00088,468115.59
2022-11-28,1.03667,1.04967,1.033,1.03433,1.03673,1.04972,1.03306,1.03438,5e-05,458326.09
2022-11-29,1.03432,1.03942,1.03188,1.03235,1.03438,1.03947,1.03193,1.03242,7e-05,673293.75
2022-11-30,1.03234,1.04299,1.029,1.04229,1.03242,1.04303,1.02905,1.04237,8e-05,746345.25
2022-12-01,1.04228,1.05393,1.03929,1.05278,1.04234,1.05397,1.03936,1.05284,6e-05,774293.62
2022-12-02,1.05278,1.05448,1.0428,1.05325,1.05283,1.05452,1.04286,1.05365,0.0004,680635.56
2022-12-05,1.05437,1.05948,1.048,1.04963,1.05442,1.05951,1.04807,1.04967,4e-05,572656.06
2022-12-06,1.04966,1.05326,1.04591,1.04671,1.04969,1.05331,1.04596,1.0468,9e-05,607321.44
2022-12-07,1.04671,1.05496,1.04431,1.05117,1.04679,1.05502,1.04435,1.05123,6e-05,590705.25
2022-12-08,1.05118,1.05647,1.04895,1.05555,1.05123,1.05651,1.04899,1.05559,4e-05,527450.38
2022-12-09,1.05554,1.05881,1.05027,1.05316,1.05558,1.05886,1.05031,1.0536,0.00044,507626.72
2022-12-12,1.05209,1.058,1.05057,1.05413,1.05214,1.05805,1.05063,1.05415,2e-05,425951.12
2022-12-13,1.05412,1.06731,1.05278,1.06242,1.05418,1.06737,1.05283,1.06247,5e-05,501172.41
2022-12-14,1.06241,1.0695,1.06187,1.06757,1.06247,1.06953,1.06193,1.06764,7e-05,535307.44
2022-12-15,1.06758,1.07361,1.05921,1.06385,1.06762,1.07363,1.05926,1.0639,5e-05,538041.56
2022-12-16,1.06386,1.0663,1.05839,1.05839,1.0639,1.06633,1.05856,1.05896,0.00057,457650.94
2022-12-19,1.05842,1.06578,1.05757,1.06121,1.05848,1.06583,1.0576,1.06127,6e-05,351935.41
2022-12-20,1.0612,1.06584,1.05788,1.0625,1.06125,1.0659,1.05792,1.06256,6e-05,590165.0
2022-12-21,1.0625,1.06455,1.05901,1.06077,1.06257,1.06458,1.05905,1.06084,7e-05,402207.91
2022-12-22,1.06077,1.06593,1.0573,1.0601,1.06083,1.06594,1.05735,1.06019,9e-05,383312.47
2022-12-23,1.0601,1.06328,1.05867,1.06172,1.06018,1.06333,1.05871,1.06209,0.00037,375076.91
2022-12-26,1.06196,1.06459,1.05979,1.06397,1.06238,1.06461,1.05994,1.06403,6e-05,52254.73
2022-12-27,1.06398,1.06694,1.06113,1.06369,1.06403,1.067,1.06117,1.06375,6e-05,281483.94
2022-12-28,1.06369,1.06742,1.06065,1.06288,1.06374,1.06748,1.06069,1.06293,5e-05,349688.47
2022-12-29,1.06287,1.06902,1.06109,1.06601,1.06293,1.06908,1.06115,1.06607,6e-05,316411.34
2022-12-30,1.06602,1.07131,1.06385,1.07026,1.06607,1.07137,1.06387,1.0711,0.00084,393454.31
2023-01-02,1.07007,1.07087,1.06499,1.06765,1.07119,1.07131,1.06503,1.0677,5e-05,132616.06
2023-01-03,1.06764,1.06801,1.05194,1.05455,1.0677,1.06806,1.05198,1.05457,2e-05,524145.78
2023-01-04,1.05453,1.06354,1.0545,1.06061,1.05458,1.06358,1.05456,1.06062,1e-05,429927.25
2023-01-05,1.06058,1.06314,1.05148,1.05208,1.06061,1.06318,1.05153,1.05213,5e-05,455223.66
2023-01-06,1.05209,1.0648,1.04823,1.06413,1.05213,1.06483,1.04835,1.06466,0.00053,432905.03
2023-01-09,1.06628,1.07605,1.06513,1.07326,1.06632,1.07608,1.06519,1.0733,4e-05,409019.09
2023-01-10,1.07324,1.07592,1.07119,1.07382,1.07329,1.07596,1.07123,1.07388,6e-05,404914.78
2023-01-11,1.07383,1.07762,1.07254,1.07652,1.07388,1.07766,1.07257,1.07659,7e-05,402476.81
2023-01-12,1.07652,1.08668,1.07297,1.08595,1.07658,1.08673,1.07312,1.08603,8e-05,640656.88
2023-01-13,1.08595,1.08679,1.07803,1.08302,1.08602,1.08682,1.07807,1.08331,0.00029,480450.84
2023-01-16,1.08224,1.08741,1.08013,1.08294,1.08231,1.08743,1.08018,1.083,6e-05,296384.84
2023-01-17,1.08294,1.08693,1.07744,1.07893,1.08301,1.08696,1.07747,1.07899,6e-05,489717.31
2023-01-18,1.07891,1.08873,1.07661,1.07972,1.07898,1.08877,1.07664,1.07979,7e-05,365147.59
2023-01-19,1.07974,1.08398,1.07821,1.08333,1.07979,1.08403,1.07827,1.08339,6e-05,211439.66
2023-01-20,1.08332,1.08587,1.08022,1.08549,1.08339,1.0859,1.08027,1.08579,0.0003,156504.05
2023-01-23,1.08639,1.09267,1.08461,1.08711,1.08644,1.09272,1.08466,1.08716,5e-05,177250.0
2023-01-24,1.08711,1.08978,1.08349,1.08897,1.08717,1.08982,1.08354,1.08903,6e-05,320408.12
2023-01-25,1.08899,1.09236,1.08571,1.09206,1.08904,1.0924,1.08576,1.09209,3e-05,390895.75
2023-01-26,1.09206,1.09293,1.08505,1.0893,1.0921,1.09298,1.08507,1.08935,5e-05,370194.09
2023-01-27,1.0893,1.09001,1.08377,1.08649,1.08936,1.09006,1.0838,1.08701,0.00052,300754.28
2023-01-30,1.08718,1.09137,1.08389,1.08499,1.08722,1.0914,1.08395,1.08504,5e-05,208046.34
2023-01-31,1.085,1.08747,1.08019,1.08606,1.08504,1.08751,1.08024,1.0861,4e-05,309289.72
2023-02-01,1.08605,1.10327,1.0852,1.10124,1.0861,1.10336,1.08525,1.10132,8e-05,460773.56
2023-02-02,1.10123,1.10266,1.08851,1.09043,1.10131,1.10271,1.08858,1.09049,6e-05,479788.59
2023-02-03,1.09044,1.09399,1.07924,1.07929,1.09049,1.09404,1.0793,1.07964,0.00035,509132.06
2023-02-06,1.0789,1.07987,1.07092,1.07289,1.07895,1.07992,1.07097,1.07294,5e-05,367723.5
2023-02-07,1.07288,1.07664,1.0669,1.07301,1.07294,1.07669,1.06693,1.07307,6e-05,497537.75
2023-02-08,1.07303,1.07607,1.07092,1.07151,1.07306,1.07612,1.07097,1.07158,7e-05,341167.38
2023-02-09,1.07152,1.07907,1.07093,1.0739,1.07158,1.0791,1.07099,1.07395,5e-05,344332.69
2023-02-10,1.07391,1.07525,1.06661,1.06754,1.07395,1.0753,1.06666,1.06794,0.0004,401909.41
2023-02-13,1.06771,1.07322,1.06553,1.07308,1.06777,1.07327,1.06558,1.07313,5e-05,316037.44
2023-02-14,1.07308,1.08044,1.07066,1.0735,1.07312,1.08053,1.07071,1.07355,5e-05,544867.5
2023-02-15,1.07351,1.07443,1.06604,1.06912,1.07355,1.07448,1.06608,1.06918,6e-05,441191.38
2023-02-16,1.06913,1.07222,1.06544,1.06653,1.06918,1.07226,1.06547,1.06659,6e-05,451026.12
2023-02-17,1.06653,1.06982,1.06126,1.06929,1.06657,1.06987,1.06131,1.06961,0.00032,406117.06
2023-02-20,1.0684,1.07044,1.06701,1.06821,1.06844,1.07049,1.06705,1.06826,5e-05,221425.52
2023-02-21,1.06821,1.0698,1.06372,1.06512,1.06827,1.06985,1.06377,1.06517,5e-05,444103.5
2023-02-22,1.06513,1.06638,1.05989,1.06053,1.06515,1.06641,1.05994,1.06059,6e-05,374775.47
2023-02-23,1.06053,1.06275,1.05769,1.05972,1.06058,1.06281,1.05772,1.05979,7e-05,380038.88
2023-02-24,1.05973,1.06141,1.05359,1.0545,1.05979,1.06147,1.05364,1.0552,0.0007,468216.38
2023-02-27,1.05533,1.06198,1.05328,1.06094,1.05539,1.06202,1.05332,1.06098,4e-05,331453.59
2023-02-28,1.06094,1.06451,1.05726,1.05766,1.06099,1.06457,1.05745,1.05772,6e-05,316241.19
2023-03-01,1.05767,1.06913,1.05651,1.06684,1.05772,1.06919,1.05657,1.06691,7e-05,463407.22
2023-03-02,1.06684,1.06726,1.05764,1.05983,1.0669,1.06732,1.05768,1.0599,7e-05,431361.31
2023-03-03,1.05982,1.06384,1.05882,1.06337,1.05989,1.06398,1.05886,1.06369,0.00032,363851.53
2023-03-06,1.06255,1.06942,1.06219,1.06854,1.06261,1.06947,1.06225,1.0686,6e-05,333209.28
2023-03-07,1.06853,1.06943,1.0546,1.05481,1.0686,1.06948,1.05463,1.05488,7e-05,464536.97
2023-03-08,1.05482,1.05738,1.05241,1.05488,1.05486,1.05742,1.05247,1.05494,6e-05,401590.94
2023-03-09,1.05488,1.0591,1.05378,1.05856,1.05493,1.05915,1.05383,1.05859,3e-05,361174.19
2023-03-10,1.05855,1.07004,1.05738,1.06387,1.05861,1.07009,1.05742,1.06416,0.00029,574189.0
2023-03-13,1.06811,1.07484,1.065,1.07228,1.06817,1.07489,1.06505,1.07234,6e-05,757345.06
2023-03-14,1.07228,1.07494,1.06787,1.07267,1.07235,1.07499,1.06792,1.07273,6e-05,579266.38
2023-03-15,1.07267,1.07597,1.05158,1.05814,1.07274,1.07602,1.05166,1.0582,6e-05,683847.12
2023-03-16,1.05814,1.06353,1.0551,1.06135,1.05821,1.06358,1.05513,1.06139,4e-05,609332.75
2023-03-17,1.06136,1.06852,1.06116,1.06647,1.0614,1.06856,1.0612,1.06718,0.00071,329402.59
2023-03-20,1.06806,1.07309,1.06311,1.07185,1.0681,1.07311,1.06314,1.07187,2e-05,483794.44
2023-03-21,1.07185,1.07886,1.07038,1.07727,1.07188,1.07888,1.07042,1.0773,3e-05,397985.69
2023-03-22,1.07725,1.09124,1.0759,1.08688,1.07729,1.09128,1.07592,1.08691,3e-05,459070.97
2023-03-23,1.08689,1.09296,1.0824,1.08345,1.08693,1.093,1.08243,1.08348,3e-05,524225.72
2023-03-24,1.08347,1.0837,1.07131,1.07566,1.08351,1.08374,1.07133,1.07608,0.00042,537575.12
2023-03-27,1.07775,1.08076,1.07449,1.08062,1.07778,1.0808,1.07452,1.08066,4e-05,334577.44
2023-03-28,1.08061,1.08485,1.08033,1.08388,1.08066,1.08487,1.08039,1.08392,4e-05,332271.41
2023-03-29,1.0839,1.08713,1.08177,1.08425,1.08392,1.08714,1.08179,1.08428,3e-05,306759.31
2023-03-30,1.08424,1.09262,1.08235,1.09041,1.08429,1.09266,1.08239,1.09045,4e-05,286139.31
2023-03-31,1.0904,1.09257,1.08368,1.08386,1.09041,1.0926,1.08371,1.08461,0.00075,347826.25
2023-04-03,1.08024,1.09165,1.07882,1.09066,1.08028,1.09168,1.07884,1.0907,4e-05,337520.09
2023-04-04,1.09067,1.09733,1.08828,1.09575,1.0907,1.09734,1.0883,1.09578,3e-05,373178.84
2023-04-05,1.09576,1.09695,1.0891,1.09029,1.09577,1.09698,1.08911,1.09032,3e-05,337709.94
2023-04-06,1.09029,1.09375,1.08845,1.09194,1.09033,1.09377,1.08849,1.09198,4e-05,275627.94
2023-04-07,1.09195,1.0924,1.08762,1.09029,1.09198,1.09243,1.08764,1.09119,0.0009,82552.27
2023-04-10,1.09132,1.09171,1.08313,1.08687,1.09134,1.09175,1.08316,1.08691,4e-05,209433.81
2023-04-11,1.08687,1.09279,1.0867,1.09163,1.0869,1.09281,1.08673,1.09165,2e-05,296045.28
2023-04-12,1.09163,1.10004,1.09147,1.09968,1.09166,1.10005,1.0915,1.09971,3e-05,333075.88
2023-04-13,1.09967,1.10676,1.09767,1.10516,1.09968,1.10679,1.09768,1.1052,4e-05,295949.25
2023-04-14,1.10517,1.10758,1.09722,1.09922,1.1052,1.1076,1.09724,1.09964,0.00042,339943.44
2023-04-17,1.09844,1.09997,1.09091,1.09244,1.09847,1.09999,1.09093,1.09248,4e-05,292665.31
2023-04-18,1.09245,1.09828,1.09222,1.09748,1.09248,1.09831,1.09226,1.09752,4e-05,287247.34
2023-04-19,1.09749,1.0984,1.09172,1.09516,1.09752,1.09842,1.09175,1.09519,3e-05,313160.72
2023-04-20,1.09517,1.09895,1.09334,1.09676,1.0952,1.09899,1.09336,1.0968,4e-05,336195.09
2023-04-21,1.09676,1.09936,1.0938,1.09874,1.09679,1.09939,1.09382,1.09916,0.00042,323575.03
2023-04-24,1.09916,1.1057,1.09658,1.1057,1.09917,1.10574,1.09661,1.10574,4e-05,295865.97
2023-04-25,1.10573,1.1067,1.09641,1.09779,1.10574,1.10674,1.09644,1.09782,3e-05,344205.78
2023-04-26,1.09778,1.10952,1.09683,1.1045,1.09782,1.10957,1.09686,1.10454,4e-05,394510.69
2023-04-27,1.1045,1.10634,1.0992,1.10315,1.10453,1.10637,1.09924,1.10317,2e-05,345804.16
2023-04-28,1.10315,1.10449,1.09624,1.10144,1.10318,1.10452,1.09627,1.10179,0.00035,413651.91
2023-05-01,1.10106,1.10355,1.09643,1.09687,1.1011,1.10358,1.09646,1.0969,3e-05,245771.45
2023-05-02,1.09687,1.10137,1.09422,1.10107,1.09689,1.10141,1.09423,1.10109,2e-05,354493.84
2023-05-03,1.1011,1.10916,1.10048,1.10685,1.10111,1.10919,1.10051,1.10687,2e-05,406548.62
2023-05-04,1.10686,1.10917,1.0986,1.10229,1.10689,1.10919,1.09862,1.10231,2e-05,451732.59
2023-05-05,1.10229,1.10477,1.09667,1.10162,1.10232,1.1048,1.0967,1.10204,0.00042,331816.44
2023-05-08,1.10182,1.10535,1.09953,1.09965,1.10184,1.10539,1.09956,1.09968,3e-05,248384.27
2023-05-09,1.09962,1.10007,1.0941,1.09645,1.09966,1.1001,1.09412,1.09649,4e-05,276978.91
2023-05-10,1.09644,1.10068,1.09414,1.09824,1.09648,1.10071,1.09418,1.09829,5e-05,322000.31
2023-05-11,1.09826,1.09981,1.09,1.09122,1.09829,1.09984,1.09003,1.09126,4e-05,366860.16
2023-05-12,1.09122,1.09354,1.08476,1.08477,1.09125,1.09356,1.0848,1.08519,0.00042,269783.34
2023-05-15,1.08526,1.08908,1.0848,1.08735,1.0853,1.0891,1.08484,1.08739,4e-05,266445.81
2023-05-16,1.08736,1.09046,1.0855,1.08653,1.08739,1.09048,1.08552,1.08657,4e-05,328214.0
2023-05-17,1.08653,1.08736,1.08102,1.08378,1.08656,1.08737,1.08105,1.08381,3e-05,327769.94
2023-05-18,1.08377,1.08479,1.07624,1.07749,1.08379,1.08482,1.07627,1.07752,3e-05,315434.66
2023-05-19,1.07749,1.08287,1.076,1.08019,1.07753,1.0829,1.07602,1.08076,0.00057,358651.88
2023-05-22,1.08219,1.08313,1.07955,1.08104,1.08222,1.08315,1.07957,1.08108,4e-05,337025.5
2023-05-23,1.08105,1.08204,1.07601,1.07691,1.08108,1.08208,1.07604,1.07695,4e-05,330235.06
2023-05-24,1.0769,1.08012,1.07421,1.07555,1.07693,1.08014,1.07424,1.07559,4e-05,385449.88
2023-05-25,1.07556,1.07556,1.07073,1.07234,1.07559,1.0756,1.07075,1.07237,3e-05,357658.47
2023-05-26,1.07233,1.07585,1.07018,1.07227,1.07235,1.07589,1.07019,1.0731,0.00083,330324.47
2023-05-29,1.07214,1.07434,1.07054,1.07067,1.07216,1.07438,1.07056,1.07071,4e-05,140625.72
2023-05-30,1.07067,1.07465,1.06725,1.07316,1.07069,1.07468,1.06727,1.07318,2e-05,333132.28
2023-05-31,1.07316,1.07356,1.06352,1.06933,1.07319,1.07359,1.06353,1.06936,3e-05,330368.62
2023-06-01,1.06934,1.07684,1.06617,1.07604,1.06938,1.07687,1.0662,1.07607,3e-05,336325.03
2023-06-02,1.07603,1.07789,1.0705,1.07063,1.07605,1.07792,1.07053,1.07094,0.00031,292329.09
2023-06-05,1.0697,1.07224,1.06744,1.07113,1.06971,1.07227,1.06747,1.07116,3e-05,254750.28
2023-06-06,1.07112,1.07328,1.06669,1.06984,1.07116,1.07331,1.06672,1.06987,3e-05,241590.16
2023-06-07,1.06985,1.07396,1.06682,1.07069,1.06988,1.07399,1.06684,1.07072,3e-05,250364.95
2023-06-08,1.0707,1.07869,1.07009,1.07818,1.07072,1.07872,1.07012,1.07822,4e-05,255503.28
2023-06-09,1.07819,1.0785,1.07428,1.07456,1.07823,1.07852,1.0743,1.07498,0.00042,223916.56
2023-06-12,1.07499,1.079,1.0733,1.07622,1.07503,1.07903,1.07333,1.07623,1e-05,261315.7
2023-06-13,1.07621,1.08234,1.07591,1.07895,1.07623,1.08238,1.07594,1.07897,2e-05,300967.28
2023-06-14,1.07896,1.0864,1.07739,1.08427,1.07897,1.08642,1.07741,1.08429,2e-05,306830.88
2023-06-15,1.08427,1.09525,1.08036,1.09455,1.0843,1.09527,1.0804,1.09459,4e-05,317371.69
2023-06-16,1.09455,1.09704,1.09178,1.09376,1.09458,1.09707,1.09179,1.09444,0.00068,291957.19
2023-06-19,1.09398,1.09462,1.0907,1.09235,1.094,1.09465,1.09072,1.09238,3e-05,197192.78
2023-06-20,1.09234,1.09461,1.08921,1.09198,1.09238,1.09464,1.08923,1.09201,3e-05,343024.16
2023-06-21,1.09197,1.09923,1.09058,1.09915,1.09199,1.09926,1.09059,1.09917,2e-05,352557.22
2023-06-22,1.09916,1.10122,1.09485,1.09554,1.09917,1.10124,1.09487,1.09557,3e-05,332281.5
2023-06-23,1.09555,1.09585,1.08443,1.08905,1.09558,1.09588,1.08446,1.08972,0.00067,340811.47
2023-06-26,1.09064,1.092,1.08873,1.09099,1.09067,1.09202,1.08875,1.09101,2e-05,265861.97
2023-06-27,1.09097,1.09766,1.09021,1.09575,1.09101,1.09769,1.09022,1.09578,3e-05,333943.97
2023-06-28,1.09574,1.09621,1.08968,1.09151,1.09578,1.09624,1.08969,1.09154,3e-05,345603.69
2023-06-29,1.09151,1.09414,1.08601,1.08673,1.09155,1.09415,1.08604,1.08677,4e-05,345963.06
2023-06-30,1.08673,1.09317,1.08352,1.09095,1.08678,1.09319,1.08355,1.09144,0.00049,361727.72
2023-07-03,1.09075,1.09339,1.08702,1.09128,1.09077,1.09342,1.08704,1.09131,3e-05,282266.22
2023-07-04,1.09127,1.09163,1.08768,1.08824,1.09131,1.09166,1.08772,1.08827,3e-05,164440.12
2023-07-05,1.08827,1.09078,1.08509,1.08551,1.08829,1.09081,1.08512,1.08555,4e-05,288019.59
2023-07-06,1.08554,1.09006,1.08337,1.08896,1.08555,1.09008,1.08339,1.08899,3e-05,399617.5
2023-07-07,1.08895,1.09731,1.08669,1.09646,1.08899,1.09734,1.08672,1.09712,0.00066,357005.66
2023-07-10,1.0967,1.10058,1.09434,1.10052,1.09672,1.10061,1.09436,1.10055,3e-05,306352.91
2023-07-11,1.10053,1.10269,1.09768,1.10136,1.10056,1.10271,1.09771,1.10139,3e-05,304282.19
2023-07-12,1.10137,1.11405,1.10119,1.11405,1.10139,1.1141,1.10122,1.11407,2e-05,368371.03
2023-07-13,1.11406,1.12296,1.11298,1.12234,1.11407,1.12299,1.113,1.12237,3e-05,356645.94
2023-07-14,1.12235,1.12448,1.12041,1.12235,1.12237,1.1245,1.12043,1.12322,0.00087,334041.75
2023-07-17,1.12271,1.12487,1.12033,1.12373,1.12274,1.12489,1.12036,1.12377,4e-05,216791.09
2023-07-18,1.12374,1.12756,1.12089,1.12281,1.12377,1.12758,1.12091,1.12285,4e-05,349562.38
2023-07-19,1.12282,1.124,1.11742,1.12049,1.12285,1.12404,1.11745,1.12053,4e-05,334472.53
2023-07-20,1.12048,1.12291,1.11184,1.11344,1.12052,1.12294,1.11187,1.11346,2e-05,312279.44
2023-07-21,1.11345,1.11449,1.11079,1.11244,1.11346,1.11451,1.11081,1.11278,0.00034,266379.38
2023-07-24,1.11244,1.11469,1.10597,1.1063,1.11245,1.11471,1.106,1.10632,2e-05,328370.88
2023-07-25,1.1063,1.10868,1.10207,1.10499,1.10634,1.10871,1.10211,1.10502,3e-05,305316.97
2023-07-26,1.105,1.11066,1.10377,1.10779,1.10504,1.1107,1.10379,1.10782,3e-05,358697.38
2023-07-27,1.10778,1.11496,1.09658,1.09781,1.10781,1.11499,1.09661,1.09784,3e-05,479071.78
2023-07-28,1.0978,1.10475,1.09435,1.10125,1.09784,1.10477,1.09438,1.10211,0.00086,430192.06
2023-07-31,1.10239,1.10458,1.09931,1.09966,1.10242,1.1046,1.09936,1.09969,3e-05,302688.88
2023-08-01,1.09967,1.10192,1.09523,1.10075,1.0997,1.10205,1.09526,1.10079,4e-05,308942.34
2023-08-02,1.10078,1.1008,1.09178,1.09435,1.10079,1.10081,1.0918,1.09438,3e-05,372278.66
2023-08-03,1.09433,1.09628,1.09122,1.0951,1.09435,1.09631,1.09125,1.09512,2e-05,397523.66
2023-08-04,1.09509,1.10419,1.09349,1.10029,1.09512,1.10421,1.09352,1.10115,0.00086,349194.53
2023-08-07,1.10024,1.10117,1.09654,1.10026,1.10027,1.10121,1.09656,1.10028,2e-05,229154.3
2023-08-08,1.10026,1.10111,1.0929,1.09592,1.10029,1.10114,1.09293,1.09593,1e-05,308568.72
2023-08-09,1.09592,1.09953,1.09552,1.09771,1.09594,1.09956,1.09555,1.09774,3e-05,275670.62
2023-08-10,1.09771,1.1065,1.09673,1.09815,1.09775,1.10653,1.09675,1.09819,4e-05,358179.69
2023-08-11,1.09815,1.10049,1.09429,1.09433,1.09818,1.10051,1.09432,1.09508,0.00075,295037.16
2023-08-14,1.09431,1.096,1.08747,1.09077,1.09434,1.09603,1.08749,1.0908,3e-05,301227.47
2023-08-15,1.09076,1.09524,1.08969,1.09038,1.0908,1.09526,1.08971,1.0904,2e-05,338767.47
2023-08-16,1.09038,1.09345,1.08714,1.08743,1.09041,1.09347,1.08717,1.08748,5e-05,306112.41
2023-08-17,1.08744,1.0918,1.08563,1.08743,1.08748,1.09184,1.08565,1.08746,3e-05,247696.41
2023-08-18,1.08742,1.08938,1.0845,1.08678,1.08745,1.0894,1.08452,1.08766,0.00088,281368.69
2023-08-21,1.08747,1.09136,1.08695,1.08975,1.08749,1.09138,1.08698,1.08978,3e-05,246257.7
2023-08-22,1.08974,1.09303,1.08329,1.08464,1.08979,1.09304,1.08331,1.08466,2e-05,238743.45
2023-08-23,1.08465,1.08713,1.08025,1.08654,1.08467,1.08716,1.08027,1.08657,3e-05,302015.5
2023-08-24,1.08655,1.08764,1.07928,1.0799,1.08658,1.08768,1.07929,1.07994,4e-05,259027.0
2023-08-25,1.07989,1.08417,1.07658,1.07906,1.07991,1.0842,1.0766,1.07974,0.00068,279186.69
2023-08-28,1.07969,1.08298,1.07961,1.08255,1.07971,1.083,1.07963,1.08258,3e-05,187948.64
2023-08-29,1.08255,1.08919,1.07822,1.08691,1.08259,1.0892,1.07825,1.08693,2e-05,276132.66
2023-08-30,1.08691,1.09454,1.08551,1.09294,1.08694,1.09459,1.08553,1.09296,2e-05,306989.62
2023-08-31,1.09292,1.09394,1.08347,1.08424,1.09293,1.09398,1.08353,1.08426,2e-05,277059.0
2023-09-01,1.08422,1.08819,1.07716,1.07717,1.08425,1.08821,1.07723,1.07791,0.00074,290722.59
2023-09-04,1.07758,1.08087,1.07731,1.07913,1.07759,1.0809,1.07734,1.07915,2e-05,125170.52
2023-09-05,1.07912,1.07982,1.07062,1.07244,1.07915,1.07986,1.07063,1.07247,3e-05,284976.09
2023-09-06,1.07246,1.07488,1.07025,1.07238,1.07249,1.07491,1.07028,1.0724,2e-05,272315.19
2023-09-07,1.07238,1.07317,1.06861,1.06973,1.07239,1.07321,1.06862,1.06977,4e-05,220591.55
2023-09-08,1.06975,1.07438,1.06941,1.06974,1.06978,1.0744,1.06944,1.07016,0.00042,249996.45
2023-09-11,1.07165,1.07593,1.07099,1.07476,1.07167,1.07595,1.07103,1.07478,2e-05,222001.23
2023-09-12,1.07476,1.07692,1.07055,1.07531,1.07477,1.07695,1.07057,1.07533,2e-05,224377.73
2023-09-13,1.0753,1.07648,1.0711,1.07327,1.07533,1.0765,1.07112,1.07332,5e-05,303261.84
2023-09-14,1.07327,1.07521,1.06318,1.0635,1.07331,1.07522,1.06321,1.06352,2e-05,319678.19
2023-09-15,1.06349,1.06877,1.06332,1.06576,1.06352,1.0688,1.06334,1.06618,0.00042,253386.89
2023-09-18,1.0668,1.06986,1.06546,1.06919,1.06682,1.06988,1.06548,1.06921,2e-05,192605.83
2023-09-19,1.06918,1.0718,1.06746,1.06813,1.06921,1.07181,1.06753,1.06816,3e-05,193391.09
2023-09-20,1.06814,1.07368,1.06478,1.06498,1.06817,1.07369,1.06479,1.06502,4e-05,281368.56
2023-09-21,1.06498,1.06734,1.06167,1.06603,1.06501,1.06737,1.06171,1.06605,2e-05,312974.19
2023-09-22,1.06603,1.06716,1.0615,1.06419,1.06605,1.06719,1.06151,1.06496,0.00077,262651.22
2023-09-25,1.06482,1.06555,1.05753,1.05912,1.06484,1.06559,1.05754,1.05914,2e-05,224163.2
2023-09-26,1.05912,1.0609,1.0562,1.05691,1.05915,1.06091,1.05621,1.05693,2e-05,237552.06
2023-09-27,1.05691,1.0574,1.0488,1.05052,1.05694,1.05742,1.04883,1.05055,3e-05,299983.88
2023-09-28,1.05053,1.05788,1.0491,1.05621,1.05056,1.0579,1.04911,1.05623,2e-05,344744.69
2023-09-29,1.05622,1.06169,1.05579,1.05694,1.05625,1.06172,1.05582,1.05736,0.00042,313679.66
2023-10-02,1.05641,1.05919,1.04752,1.04798,1.05643,1.0592,1.04755,1.04801,3e-05,288263.78
2023-10-03,1.04798,1.04933,1.04483,1.04686,1.048,1.04937,1.04484,1.04688,2e-05,318485.19
2023-10-04,1.04684,1.05321,1.04514,1.05069,1.04686,1.05323,1.04515,1.05072,3e-05,333178.31
2023-10-05,1.05068,1.05518,1.05,1.05462,1.0507,1.0552,1.05002,1.05466,4e-05,296469.62
2023-10-06,1.05463,1.05999,1.04824,1.05828,1.05466,1.06001,1.04827,1.05905,0.00077,379225.97
2023-10-09,1.05662,1.05796,1.05194,1.05786,1.05664,1.05799,1.05197,1.05788,2e-05,235006.23
2023-10-10,1.05788,1.06198,1.05542,1.06042,1.05789,1.06199,1.05545,1.06045,3e-05,374356.25
2023-10-11,1.06043,1.06346,1.05806,1.06234,1.06045,1.06348,1.05814,1.06237,3e-05,326301.66
2023-10-12,1.06234,1.06397,1.05257,1.05355,1.06236,1.064,1.0526,1.05358,3e-05,290358.84
2023-10-13,1.05358,1.05584,1.04954,1.05073,1.05359,1.05587,1.04957,1.05115,0.00042,301277.41
2023-10-16,1.05221,1.05627,1.05156,1.05543,1.05222,1.05629,1.05157,1.05546,3e-05,220112.38
2023-10-17,1.05543,1.05948,1.05328,1.05727,1.05547,1.0595,1.05331,1.0573,3e-05,281288.72
2023-10-18,1.05726,1.05941,1.05231,1.05379,1.05729,1.05944,1.05233,1.05381,2e-05,288211.5
2023-10-19,1.05381,1.06163,1.05282,1.05863,1.05383,1.06166,1.05283,1.05866,3e-05,362883.16
2023-10-20,1.05862,1.06035,1.05649,1.05927,1.05864,1.06038,1.05652,1.05969,0.00042,263167.94
2023-10-23,1.05893,1.06779,1.05714,1.06698,1.05894,1.06781,1.05717,1.06701,3e-05,268384.31
2023-10-24,1.06699,1.06942,1.0583,1.05949,1.06701,1.06946,1.05833,1.05952,3e-05,270309.12
2023-10-25,1.05952,1.06067,1.05601,1.05661,1.05953,1.06069,1.05605,1.05664,3e-05,247538.91
2023-10-26,1.05661,1.05691,1.05221,1.05638,1.05663,1.05694,1.05224,1.05642,4e-05,287134.78
2023-10-27,1.05637,1.0597,1.05354,1.05605,1.05639,1.05972,1.05355,1.05647,0.00042,215605.23
2023-10-30,1.05618,1.0625,1.05471,1.06138,1.05622,1.06252,1.05474,1.06142,4e-05,228351.22
2023-10-31,1.06139,1.06748,1.05574,1.0578,1.06142,1.0675,1.05576,1.05782,2e-05,318746.88
2023-11-01,1.05778,1.05867,1.05167,1.05866,1.05779,1.0587,1.05171,1.05869,3e-05,374997.16
2023-11-02,1.05866,1.06675,1.05837,1.06155,1.0587,1.06678,1.05839,1.06159,4e-05,285187.16
2023-11-03,1.06158,1.07467,1.06146,1.07295,1.0616,1.07468,1.0615,1.07337,0.00042,277715.47
2023-11-06,1.07316,1.07562,1.07149,1.07182,1.07318,1.07565,1.07165,1.07185,3e-05,206932.19
2023-11-07,1.07184,1.07193,1.0664,1.06956,1.07185,1.07197,1.06643,1.06959,3e-05,244627.91
2023-11-08,1.06956,1.0716,1.06593,1.07112,1.06958,1.07162,1.06595,1.07114,2e-05,228082.44
2023-11-09,1.07113,1.07254,1.06601,1.06669,1.07115,1.07256,1.06603,1.06672,3e-05,278652.38
2023-11-10,1.06671,1.06927,1.0656,1.06848,1.06673,1.06929,1.06563,1.06887,0.00039,223192.05
2023-11-13,1.06902,1.07061,1.0665,1.07012,1.06907,1.07063,1.06652,1.07015,3e-05,184355.69
2023-11-14,1.07013,1.08875,1.06928,1.08777,1.07015,1.08877,1.06931,1.0878,3e-05,298120.41
2023-11-15,1.08776,1.08858,1.08315,1.08541,1.0878,1.0886,1.08317,1.08543,2e-05,276391.78
2023-11-16,1.08542,1.08955,1.083,1.08529,1.08544,1.08957,1.08302,1.08533,4e-05,261803.16
2023-11-17,1.0853,1.09148,1.08247,1.09138,1.08533,1.0918,1.08249,1.0918,0.00042,256575.61
2023-11-20,1.09054,1.09517,1.08974,1.09446,1.09057,1.0952,1.08977,1.0945,4e-05,229176.88
2023-11-21,1.09447,1.09651,1.09001,1.09169,1.0945,1.09653,1.09003,1.09173,4e-05,266621.22
2023-11-22,1.0917,1.09229,1.08522,1.08878,1.09173,1.09231,1.08524,1.08882,4e-05,290509.22
2023-11-23,1.0888,1.09303,1.0887,1.09038,1.08882,1.09311,1.08873,1.09041,3e-05,158985.84
2023-11-24,1.09037,1.09486,1.08949,1.09341,1.09041,1.0949,1.08952,1.09471,0.0013,176773.27
2023-11-27,1.09397,1.09592,1.09251,1.09589,1.094,1.09595,1.09252,1.09594,5e-05,246260.59
2023-11-28,1.09589,1.10088,1.09344,1.10039,1.09593,1.10091,1.09346,1.10042,3e-05,294814.31
2023-11-29,1.10041,1.10171,1.09601,1.09732,1.10043,1.10174,1.09603,1.09735,3e-05,317981.38
2023-11-30,1.09731,1.09838,1.08794,1.08916,1.09734,1.09841,1.08796,1.08919,3e-05,339794.75
2023-12-01,1.08917,1.09127,1.08287,1.08788,1.08919,1.0913,1.0829,1.0886,0.00072,340589.69
2023-12-04,1.08858,1.08865,1.0804,1.08373,1.0886,1.0887,1.08042,1.08375,2e-05,306548.78
2023-12-05,1.08373,1.08474,1.07781,1.07932,1.08376,1.08476,1.07783,1.07935,3e-05,336612.97
2023-12-06,1.07933,1.08047,1.07586,1.07661,1.07935,1.08048,1.07588,1.07664,3e-05,269724.09
2023-12-07,1.07664,1.08175,1.07552,1.07895,1.07665,1.08178,1.07553,1.07899,4e-05,351043.25
2023-12-08,1.07896,1.08005,1.07236,1.07592,1.07899,1.08009,1.0724,1.07678,0.00086,364118.03
2023-12-11,1.07653,1.07789,1.07415,1.07653,1.07655,1.07791,1.07418,1.07656,3e-05,234562.12
2023-12-12,1.07653,1.08279,1.07612,1.07982,1.07655,1.08286,1.07614,1.07985,3e-05,278615.88
2023-12-13,1.07983,1.08965,1.07731,1.08825,1.07985,1.08967,1.07733,1.08827,2e-05,340496.25
2023-12-14,1.08826,1.10092,1.08791,1.09932,1.08828,1.10093,1.08793,1.09936,4e-05,482539.56
2023-12-15,1.09934,1.10036,1.08885,1.08922,1.09936,1.10039,1.08886,1.08961,0.00039,358983.12
2023-12-18,1.08948,1.09311,1.08939,1.09231,1.0895,1.09314,1.08941,1.09235,4e-05,246913.62
2023-12-19,1.09231,1.09873,1.09148,1.09792,1.09236,1.09876,1.0915,1.09795,3e-05,282074.81
2023-12-20,1.09793,1.09793,1.09298,1.09432,1.09796,1.09796,1.09299,1.09434,2e-05,263444.44
2023-12-21,1.09433,1.10125,1.09352,1.10056,1.09435,1.10134,1.09354,1.1006,4e-05,349869.59
2023-12-22,1.10057,1.10401,1.09938,1.10135,1.1006,1.10403,1.09941,1.10146,0.00011,348653.41
2023-12-25,1.10149,1.1023,1.09933,1.10186,1.10204,1.10257,1.09946,1.10191,5e-05,7792.98
2023-12-26,1.10187,1.1045,1.10085,1.10422,1.10191,1.10456,1.10089,1.10426,4e-05,182196.3
2023-12-27,1.10422,1.11226,1.10286,1.11082,1.10425,1.11229,1.10287,1.11083,1e-05,208841.19
2023-12-28,1.11081,1.11394,1.10552,1.10677,1.11083,1.11397,1.10554,1.10681,4e-05,272568.59
2023-12-29,1.10678,1.10842,1.10339,1.10374,1.10681,1.10846,1.10342,1.10393,0.00019,293551.44
2024-01-01,1.10427,1.10447,1.10356,1.10365,1.10481,1.10491,1.1036,1.10369,4e-05,3923.96
2024-01-02,1.10366,1.10432,1.09375,1.09416,1.1037,1.10435,1.09385,1.09419,3e-05,277225.31
2024-01-03,1.09416,1.09654,1.08929,1.09258,1.0942,1.09655,1.08932,1.09263,5e-05,327367.44
2024-01-04,1.09259,1.09721,1.0916,1.09462,1.09263,1.09723,1.09162,1.09465,3e-05,281486.66
2024-01-05,1.09461,1.09984,1.08767,1.09392,1.09463,1.09987,1.08771,1.09452,0.0006,356942.44
2024-01-08,1.09413,1.09788,1.09226,1.09497,1.09414,1.0979,1.09228,1.095,3e-05,252675.2
2024-01-09,1.09497,1.09663,1.09103,1.09317,1.09499,1.09665,1.09105,1.09321,4e-05,275837.0
2024-01-10,1.09316,1.09747,1.09228,1.0974,1.09317,1.09751,1.0923,1.09743,3e-05,257606.66
2024-01-11,1.09742,1.1,1.09302,1.09824,1.09745,1.10002,1.09305,1.09827,3e-05,419645.94
2024-01-12,1.09823,1.09868,1.09359,1.09483,1.09826,1.09872,1.09361,1.09532,0.00049,308572.62
2024-01-15,1.09451,1.09675,1.09335,1.09449,1.09453,1.09677,1.09336,1.09453,4e-05,200078.97
2024-01-16,1.09447,1.09461,1.0862,1.08784,1.0945,1.09464,1.08624,1.08787,3e-05,397047.03
2024-01-17,1.08786,1.0886,1.08445,1.0886,1.08788,1.08863,1.08448,1.08863,3e-05,342285.12
2024-01-18,1.08861,1.09067,1.08466,1.08799,1.08864,1.0907,1.08469,1.08803,4e-05,365222.91
2024-01-19,1.088,1.08983,1.08656,1.0896,1.08803,1.08991,1.08658,1.08982,0.00022,258487.7
2024-01-22,1.0892,1.09094,1.08768,1.08772,1.08924,1.09097,1.08771,1.08774,2e-05,233830.14
2024-01-23,1.08776,1.09162,1.08215,1.08572,1.08777,1.09163,1.08218,1.08575,3e-05,278337.19
2024-01-24,1.08573,1.09323,1.08514,1.0881,1.08575,1.09325,1.08517,1.08813,3e-05,357244.5
2024-01-25,1.08811,1.09018,1.08216,1.08454,1.08813,1.09022,1.08218,1.08457,3e-05,364079.34
2024-01-26,1.08455,1.08854,1.08128,1.08504,1.08458,1.08864,1.0813,1.08565,0.00061,288642.47
2024-01-29,1.08423,1.085,1.07958,1.08336,1.08424,1.08502,1.0796,1.0834,4e-05,221235.8
2024-01-30,1.08336,1.08573,1.08119,1.08428,1.08339,1.08574,1.08121,1.08431,3e-05,289288.94
2024-01-31,1.08429,1.08874,1.07949,1.08039,1.08431,1.08877,1.07951,1.08042,3e-05,444658.94
2024-02-01,1.08039,1.08761,1.07799,1.08742,1.08041,1.08764,1.078,1.08746,4e-05,420186.16
2024-02-02,1.08741,1.08974,1.07804,1.07849,1.08744,1.08978,1.07807,1.07883,0.00034,341685.47
2024-02-05,1.07796,1.07861,1.07231,1.0741,1.07799,1.07862,1.07234,1.07412,2e-05,269536.19
2024-02-06,1.07409,1.07623,1.07225,1.07566,1.07412,1.07626,1.07228,1.0757,4e-05,284149.06
2024-02-07,1.07569,1.07838,1.07556,1.07754,1.0757,1.07841,1.07559,1.07757,3e-05,288848.31
2024-02-08,1.07754,1.07889,1.07416,1.07776,1.07755,1.0789,1.07417,1.0778,4e-05,255929.22
2024-02-09,1.07775,1.07951,1.07621,1.07821,1.0778,1.07953,1.07623,1.07849,0.00028,262254.09
2024-02-12,1.0798,1.08055,1.07559,1.07717,1.07982,1.08058,1.0756,1.07721,4e-05,197293.69
2024-02-13,1.07718,1.07985,1.07005,1.07083,1.07721,1.07998,1.07006,1.07087,4e-05,294618.09
2024-02-14,1.07083,1.07344,1.06949,1.07319,1.07086,1.07346,1.06952,1.07322,3e-05,257117.27
2024-02-15,1.07321,1.07847,1.07246,1.07726,1.07323,1.0785,1.07249,1.07729,3e-05,300766.81
2024-02-16,1.07726,1.07874,1.07319,1.07749,1.0773,1.07876,1.07322,1.07769,0.0002,261144.06
2024-02-19,1.07838,1.07894,1.07621,1.07754,1.07841,1.07896,1.07622,1.07757,3e-05,127185.56
2024-02-20,1.07753,1.08387,1.07615,1.08098,1.07756,1.08391,1.07619,1.08101,3e-05,277768.62
2024-02-21,1.081,1.08243,1.07899,1.08202,1.08102,1.08246,1.07901,1.08205,3e-05,247378.83
2024-02-22,1.08201,1.08882,1.08026,1.08253,1.08205,1.08885,1.0803,1.08257,4e-05,232500.55
2024-02-23,1.08253,1.08395,1.08117,1.08174,1.08256,1.08397,1.08121,1.08246,0.00072,176731.02
2024-02-26,1.08188,1.08597,1.08126,1.08503,1.08191,1.086,1.08128,1.08505,2e-05,158873.8
2024-02-27,1.08504,1.08659,1.0833,1.0841,1.08505,1.08661,1.08331,1.08413,3e-05,132221.69
2024-02-28,1.08411,1.08458,1.07966,1.08383,1.08413,1.0846,1.07967,1.08385,2e-05,184660.41
2024-02-29,1.08384,1.08558,1.07958,1.08055,1.08386,1.0856,1.07959,1.08058,3e-05,257108.77
2024-03-01,1.08055,1.08432,1.07981,1.08368,1.08057,1.08434,1.07982,1.08407,0.00039,205237.5
2024-03-04,1.08417,1.08667,1.08377,1.08541,1.08419,1.08668,1.08379,1.08542,1e-05,149961.52
2024-03-05,1.0854,1.0876,1.08403,1.08555,1.08541,1.08763,1.08405,1.08557,2e-05,160823.34
2024-03-06,1.08554,1.09153,1.08421,1.08995,1.08556,1.09154,1.08423,1.08996,1e-05,194114.36
2024-03-07,1.08994,1.09513,1.08678,1.09509,1.08996,1.09515,1.0868,1.09512,3e-05,201537.94
2024-03-08,1.0951,1.09812,1.09183,1.09348,1.09512,1.09815,1.09184,1.09417,0.00069,222218.98
2024-03-11,1.09427,1.0948,1.09145,1.09304,1.09429,1.09482,1.09147,1.09309,5e-05,177772.81
2024-03-12,1.09306,1.09438,1.09023,1.09267,1.09309,1.0944,1.09024,1.0927,3e-05,267183.19
2024-03-13,1.09268,1.09638,1.09201,1.0953,1.09271,1.0964,1.09202,1.09533,3e-05,227112.7
2024-03-14,1.09529,1.09547,1.08806,1.08827,1.09533,1.0955,1.08808,1.08829,2e-05,250906.98
2024-03-15,1.08828,1.08996,1.0873,1.08869,1.08829,1.08998,1.08732,1.08905,0.00036,182723.53
2024-03-18,1.08836,1.09061,1.08661,1.08732,1.08838,1.09062,1.08662,1.08735,3e-05,147342.77
2024-03-19,1.08732,1.08765,1.08347,1.08616,1.08736,1.08767,1.08348,1.08618,2e-05,186297.06
2024-03-20,1.08617,1.09374,1.08364,1.09373,1.08618,1.09377,1.08366,1.09375,2e-05,221949.91
2024-03-21,1.09373,1.09426,1.08554,1.08618,1.09376,1.09428,1.08556,1.08622,4e-05,187206.02
2024-03-22,1.08622,1.08679,1.08017,1.08065,1.08623,1.08682,1.08019,1.08095,0.0003,182000.17
2024-03-25,1.08071,1.08424,1.08021,1.0837,1.08075,1.08425,1.08023,1.08372,2e-05,140109.72
2024-03-26,1.0837,1.08643,1.08242,1.08325,1.08371,1.08644,1.08244,1.08326,1e-05,149484.77
2024-03-27,1.08326,1.0839,1.08101,1.08123,1.08328,1.08392,1.08105,1.08126,3e-05,149759.91
2024-03-28,1.08123,1.08265,1.07751,1.07911,1.08127,1.08268,1.07752,1.07918,7e-05,196483.27
2024-03-29,1.07912,1.08051,1.07678,1.07898,1.07918,1.08071,1.07686,1.07962,0.00064,166423.83
2024-04-01,1.07932,1.07987,1.07309,1.07372,1.07934,1.07989,1.07311,1.07374,2e-05,128463.32
2024-04-02,1.0737,1.0779,1.07246,1.07679,1.07372,1.07792,1.07248,1.07681,2e-05,188699.12
2024-04-03,1.07678,1.08407,1.0764,1.0838,1.07681,1.08409,1.07642,1.08382,2e-05,198946.44
2024-04-04,1.0838,1.08765,1.08317,1.08364,1.08381,1.08766,1.08319,1.08367,3e-05,204810.67
2024-04-05,1.08363,1.08479,1.07913,1.08352,1.08367,1.08482,1.07914,1.08377,0.00025,229596.03
2024-04-08,1.08297,1.08634,1.08208,1.0862,1.08299,1.08637,1.0821,1.08622,2e-05,173636.53
2024-04-09,1.0862,1.0885,1.08477,1.08588,1.08623,1.08852,1.08478,1.0859,2e-05,165759.52
2024-04-10,1.08587,1.08665,1.07288,1.0741,1.0859,1.08666,1.07289,1.07412,2e-05,264906.03
2024-04-11,1.07411,1.07564,1.06992,1.0726,1.07413,1.07567,1.06994,1.07262,2e-05,235850.95
2024-04-12,1.0726,1.07281,1.06226,1.06385,1.07261,1.07284,1.06228,1.06442,0.00057,200889.19
2024-04-15,1.06461,1.06651,1.06202,1.06247,1.06463,1.06654,1.06205,1.06249,2e-05,229845.08
2024-04-16,1.06246,1.06535,1.0601,1.0621,1.06247,1.06537,1.06013,1.06212,2e-05,280769.69
2024-04-17,1.0621,1.06796,1.0606,1.06689,1.06211,1.06797,1.06061,1.06692,3e-05,187931.81
2024-04-18,1.0669,1.069,1.06402,1.06425,1.06692,1.06901,1.06403,1.06426,1e-05,177804.28
2024-04-19,1.06424,1.06775,1.06104,1.06526,1.06425,1.06777,1.06107,1.06578,0.00052,282983.22
2024-04-22,1.06577,1.06706,1.06239,1.06537,1.06578,1.06708,1.06241,1.06539,2e-05,132695.95
2024-04-23,1.06537,1.07112,1.06385,1.07024,1.0654,1.07114,1.06386,1.07026,2e-05,181946.03
2024-04-24,1.07025,1.07142,1.06779,1.06999,1.07026,1.07145,1.06782,1.07002,3e-05,148341.8
2024-04-25,1.07001,1.07402,1.06783,1.07267,1.07002,1.07406,1.06786,1.07268,1e-05,185174.2
2024-04-26,1.07267,1.07527,1.06738,1.06911,1.07269,1.0753,1.0674,1.06957,0.00046,178917.02
2024-04-29,1.0707,1.07337,1.06902,1.07147,1.07071,1.07339,1.06903,1.0715,3e-05,231955.11
2024-04-30,1.07146,1.07353,1.06635,1.06659,1.0715,1.07354,1.06651,1.06662,3e-05,210579.2
2024-05-01,1.0666,1.07326,1.06494,1.0717,1.06662,1.07329,1.06496,1.07172,2e-05,223286.56
2024-05-02,1.0717,1.07308,1.06742,1.07298,1.07171,1.0731,1.06743,1.073,2e-05,208141.2
2024-05-03,1.073,1.08124,1.07243,1.07594,1.07301,1.08128,1.07246,1.07638,0.00044,233591.53
2024-05-06,1.07582,1.07907,1.07553,1.07672,1.07585,1.07909,1.07554,1.07673,1e-05,124096.37
2024-05-07,1.07671,1.07873,1.07473,1.07498,1.07673,1.07875,1.07475,1.07501,3e-05,143286.14
2024-05-08,1.07498,1.07574,1.0735,1.07468,1.07499,1.07576,1.07352,1.0747,2e-05,129172.89
2024-05-09,1.07468,1.07858,1.07239,1.07817,1.07471,1.0786,1.07241,1.07819,2e-05,150705.38
2024-05-10,1.07817,1.079,1.07603,1.07694,1.0782,1.07902,1.07605,1.07731,0.00037,122836.68
2024-05-13,1.07701,1.08068,1.07658,1.0792,1.07704,1.08069,1.07659,1.07923,3e-05,112697.05
2024-05-14,1.07922,1.08256,1.07669,1.08138,1.07924,1.08257,1.07672,1.0814,2e-05,124593.02
2024-05-15,1.08137,1.08901,1.0813,1.08883,1.08139,1.08902,1.08133,1.08886,3e-05,159634.38
2024-05-16,1.08883,1.08949,1.08544,1.08677,1.08885,1.0895,1.08546,1.08679,2e-05,139361.3
2024-05-17,1.08679,1.08784,1.08356,1.08674,1.0868,1.08786,1.08358,1.08712,0.00038,109193.78
2024-05-20,1.08725,1.08844,1.0854,1.08602,1.08726,1.08846,1.08541,1.08605,3e-05,110132.54
2024-05-21,1.08603,1.08747,1.08425,1.0854,1.08606,1.08749,1.08428,1.08542,2e-05,158805.08
2024-05-22,1.08539,1.08633,1.08174,1.0825,1.08541,1.08637,1.08176,1.08252,2e-05,160683.19
2024-05-23,1.08251,1.0861,1.08048,1.08116,1.08252,1.08611,1.08049,1.08117,1e-05,179595.0
2024-05-24,1.08115,1.08578,1.08054,1.0846,1.08117,1.08579,1.08057,1.08476,0.00016,118493.78
2024-05-27,1.08467,1.08674,1.08405,1.08614,1.08468,1.08675,1.08408,1.08616,2e-05,85149.02
2024-05-28,1.08615,1.0889,1.08511,1.08512,1.08617,1.08891,1.08513,1.08514,2e-05,166378.84
2024-05-29,1.08512,1.08588,1.07996,1.08011,1.08515,1.08589,1.07997,1.08014,3e-05,165289.64
2024-05-30,1.08011,1.08451,1.07883,1.08312,1.08013,1.08452,1.07885,1.08316,4e-05,183096.33
2024-05-31,1.08312,1.08822,1.08112,1.0845,1.08315,1.08826,1.08113,1.08506,0.00056,182075.27
2024-06-03,1.08526,1.09098,1.08278,1.09071,1.08529,1.091,1.0828,1.09074,3e-05,173492.48
2024-06-04,1.09072,1.0916,1.0859,1.08817,1.09075,1.09161,1.08591,1.08818,1e-05,181035.8
2024-06-05,1.08816,1.08915,1.08544,1.08739,1.08818,1.08919,1.08546,1.08742,3e-05,154652.67
2024-06-06,1.08738,1.0902,1.08619,1.08916,1.08742,1.09021,1.08621,1.08919,3e-05,156122.84
2024-06-07,1.08915,1.09018,1.07993,1.08017,1.08917,1.09035,1.07998,1.0804,0.00023,223660.28
2024-06-10,1.07788,1.07814,1.07327,1.07633,1.07789,1.07817,1.07329,1.07636,3e-05,161486.72
2024-06-11,1.07635,1.07734,1.07194,1.07399,1.07636,1.07737,1.07196,1.07401,2e-05,179222.42
2024-06-12,1.07398,1.08521,1.07346,1.08127,1.07401,1.08525,1.07347,1.08128,1e-05,299913.16
2024-06-13,1.08126,1.08163,1.07328,1.07374,1.08128,1.08167,1.0733,1.07376,2e-05,207516.45
2024-06-14,1.07374,1.07449,1.06676,1.07025,1.07377,1.07451,1.06677,1.0708,0.00055,241051.94
2024-06-17,1.07026,1.0741,1.06863,1.07398,1.07029,1.07411,1.06865,1.07401,3e-05,179870.12
2024-06-18,1.074,1.07615,1.07099,1.07386,1.07401,1.07617,1.07101,1.07387,1e-05,162470.88
2024-06-19,1.07385,1.07533,1.07248,1.0747,1.07387,1.07535,1.0725,1.07473,3e-05,98342.42
2024-06-20,1.07469,1.07483,1.07012,1.07059,1.07471,1.07484,1.07014,1.07062,3e-05,172379.91
2024-06-21,1.07059,1.07205,1.0671,1.06918,1.07061,1.07207,1.06711,1.06939,0.00021,190134.39
2024-06-24,1.06878,1.07463,1.06837,1.07322,1.06879,1.07464,1.06839,1.07323,1e-05,134179.03
2024-06-25,1.07322,1.07441,1.06906,1.07091,1.07323,1.07443,1.06907,1.07092,1e-05,143344.69
2024-06-26,1.0709,1.07179,1.0666,1.06797,1.07091,1.07181,1.06662,1.06799,2e-05,178067.91
2024-06-27,1.06798,1.07264,1.0677,1.07076,1.06799,1.07266,1.06771,1.07079,3e-05,191719.81
2024-06-28,1.07078,1.07246,1.06852,1.07119,1.07079,1.07249,1.06855,1.07166,0.00047,223614.48
2024-07-01,1.0735,1.07763,1.07197,1.07365,1.07352,1.07765,1.07198,1.07366,1e-05,216721.66
2024-07-02,1.07364,1.07491,1.071,1.0748,1.07366,1.07494,1.07102,1.07482,2e-05,184071.19
2024-07-03,1.0748,1.08168,1.07363,1.0791,1.07483,1.08169,1.07364,1.07914,4e-05,182634.23
2024-07-04,1.0791,1.0814,1.07836,1.08103,1.07913,1.08152,1.07838,1.08105,2e-05,93775.86
2024-07-05,1.08105,1.08426,1.07993,1.0837,1.08107,1.08428,1.08013,1.08399,0.00029,202201.38
2024-07-08,1.08255,1.0845,1.08146,1.08305,1.08257,1.08452,1.08148,1.08308,3e-05,189898.08
2024-07-09,1.08307,1.08333,1.08054,1.08142,1.08309,1.08335,1.08056,1.08144,2e-05,189245.05
2024-07-10,1.08142,1.08365,1.08108,1.08333,1.08144,1.08367,1.0811,1.08334,1e-05,166144.16
2024-07-11,1.08332,1.08999,1.08322,1.0874,1.08334,1.09001,1.08324,1.08743,3e-05,253734.25
2024-07-12,1.0874,1.09113,1.08617,1.09054,1.08742,1.09115,1.0862,1.09094,0.0004,216838.66
2024-07-15,1.08857,1.09222,1.08833,1.08981,1.08859,1.09225,1.08836,1.08983,2e-05,213064.52
2024-07-16,1.0898,1.09054,1.08715,1.0902,1.08983,1.09056,1.08717,1.09022,2e-05,217542.56
2024-07-17,1.09019,1.0948,1.0895,1.09402,1.09022,1.09482,1.08953,1.09404,2e-05,244733.98
2024-07-18,1.09402,1.09407,1.08935,1.09003,1.09405,1.09409,1.08938,1.09005,2e-05,230650.66
2024-07-19,1.09002,1.09003,1.08756,1.08779,1.09005,1.09005,1.08758,1.0886,0.00081,199438.06
2024-07-22,1.08988,1.08998,1.0873,1.08889,1.0899,1.09,1.08732,1.08891,2e-05,192598.12
2024-07-23,1.08888,1.08967,1.08438,1.08496,1.0889,1.08969,1.08441,1.08498,2e-05,189405.59
2024-07-24,1.08495,1.08664,1.08256,1.08378,1.08498,1.08667,1.08258,1.08382,4e-05,228190.98
2024-07-25,1.08379,1.08699,1.08282,1.08513,1.08382,1.08701,1.08285,1.08515,2e-05,274995.28
2024-07-26,1.08514,1.08681,1.0842,1.08547,1.08516,1.08684,1.08423,1.08572,0.00025,162987.34
2024-07-29,1.08524,1.087,1.08028,1.0819,1.08527,1.08701,1.0803,1.08192,2e-05,164242.98
2024-07-30,1.08191,1.08356,1.07982,1.08157,1.08192,1.08359,1.07983,1.08159,2e-05,197086.59
2024-07-31,1.08156,1.08493,1.08019,1.08238,1.08158,1.08496,1.08022,1.0824,2e-05,310163.47
2024-08-01,1.08235,1.08354,1.07774,1.07864,1.08239,1.08355,1.07775,1.07867,3e-05,315519.75
2024-08-02,1.07864,1.09265,1.07818,1.09098,1.07866,1.09267,1.07821,1.09112,0.00014,360021.56
2024-08-05,1.09104,1.10088,1.08923,1.09505,1.09107,1.10089,1.08928,1.09507,2e-05,641533.0
2024-08-06,1.09506,1.09631,1.09037,1.09259,1.09509,1.09632,1.09039,1.09261,2e-05,392868.22
2024-08-07,1.09259,1.09366,1.09053,1.09273,1.0926,1.09367,1.09056,1.09277,4e-05,222867.66
2024-08-08,1.09275,1.09451,1.08814,1.09149,1.09278,1.09453,1.08815,1.09151,2e-05,232184.8
2024-08-09,1.09147,1.09313,1.0909,1.09167,1.09148,1.09315,1.09092,1.09184,0.00017,138599.95
2024-08-12,1.09125,1.09393,1.09116,1.09361,1.09126,1.09395,1.09119,1.09363,2e-05,150361.75
2024-08-13,1.0936,1.09996,1.09137,1.09959,1.09363,1.09998,1.09139,1.09961,2e-05,181948.95
2024-08-14,1.09958,1.10473,1.09863,1.10116,1.09961,1.10475,1.09865,1.10118,2e-05,228926.84
2024-08-15,1.10117,1.10154,1.09495,1.09723,1.10119,1.10157,1.09498,1.09725,2e-05,180963.47
2024-08-16,1.09723,1.10296,1.09718,1.10211,1.09726,1.10299,1.0972,1.1029,0.00079,142233.52
2024-08-19,1.10246,1.10875,1.10231,1.10854,1.10249,1.10877,1.10234,1.10857,3e-05,203563.34
2024-08-20,1.10855,1.11317,1.10719,1.11275,1.10858,1.1132,1.1072,1.11278,3e-05,284701.72
2024-08-21,1.11274,1.1174,1.10992,1.11548,1.11276,1.11743,1.10993,1.11552,4e-05,178203.16
2024-08-22,1.11549,1.11646,1.1098,1.1116,1.11553,1.11654,1.10983,1.11163,3e-05,132188.7
2024-08-23,1.11159,1.12008,1.11055,1.1191,1.11163,1.1201,1.11056,1.1194,0.0003,135905.62
2024-08-26,1.11892,1.12015,1.115,1.11644,1.11894,1.12018,1.11502,1.11647,3e-05,190717.3
2024-08-27,1.11646,1.11905,1.11501,1.11769,1.11648,1.11907,1.11502,1.11771,2e-05,165115.25
2024-08-28,1.11769,1.118,1.1105,1.11244,1.11772,1.11801,1.11051,1.11246,2e-05,191983.72
2024-08-29,1.11245,1.11399,1.10556,1.108,1.11247,1.11401,1.10557,1.10802,2e-05,239697.25
2024-08-30,1.10802,1.1095,1.10438,1.10456,1.10804,1.10951,1.1044,1.10494,0.00038,267039.84
2024-09-02,1.10445,1.10773,1.10419,1.1067,1.10447,1.10776,1.10422,1.10672,2e-05,133689.73
2024-09-03,1.10671,1.10702,1.10263,1.10485,1.10674,1.10705,1.10265,1.10488,3e-05,254620.53
2024-09-04,1.10485,1.10951,1.104,1.10801,1.10486,1.10952,1.10402,1.10803,2e-05,213760.73
2024-09-05,1.108,1.11197,1.10746,1.1111,1.10802,1.11199,1.10748,1.11113,3e-05,235680.23
2024-09-06,1.11111,1.11556,1.10656,1.10825,1.11113,1.11558,1.10658,1.10852,0.00027,353066.75
2024-09-09,1.10864,1.1091,1.10331,1.10352,1.10865,1.10912,1.10338,1.10355,3e-05,207885.91
2024-09-10,1.10352,1.10496,1.10151,1.102,1.10354,1.10498,1.10153,1.10203,3e-05,188020.67
2024-09-11,1.102,1.10549,1.10019,1.10102,1.10202,1.1055,1.10021,1.10104,2e-05,283663.06
2024-09-12,1.10101,1.10791,1.10055,1.10789,1.10104,1.10793,1.10056,1.10791,2e-05,262998.75
2024-09-13,1.10786,1.11017,1.10721,1.10732,1.10787,1.1102,1.10731,1.10758,0.00026,226141.62
2024-09-16,1.10872,1.11374,1.10867,1.11291,1.10875,1.11376,1.10869,1.11295,4e-05,197616.84
2024-09-17,1.11291,1.11461,1.11109,1.1122,1.11294,1.11464,1.1111,1.11223,3e-05,263987.91
2024-09-18,1.11221,1.11891,1.10966,1.11139,1.11223,1.11892,1.1097,1.11142,3e-05,331023.09
2024-09-19,1.1114,1.11787,1.10683,1.11593,1.11142,1.1179,1.10685,1.11594,1e-05,391011.28
2024-09-20,1.11593,1.11818,1.1136,1.11626,1.11595,1.1182,1.11362,1.11641,0.00015,290373.31
2024-09-23,1.11589,1.11672,1.10831,1.11109,1.11592,1.11674,1.10834,1.11112,3e-05,266436.91
2024-09-24,1.1111,1.1191,1.11033,1.11909,1.11111,1.11911,1.11035,1.11911,2e-05,261990.0
2024-09-25,1.11907,1.1214,1.11215,1.11296,1.1191,1.12142,1.11217,1.113,4e-05,236810.73
2024-09-26,1.11297,1.11893,1.11257,1.11769,1.113,1.11894,1.11259,1.11771,2e-05,239758.45
2024-09-27,1.1177,1.1203,1.11248,1.11619,1.11772,1.12032,1.11249,1.11662,0.00043,334313.28
2024-09-30,1.11688,1.12089,1.11136,1.11365,1.11692,1.12091,1.11138,1.11367,2e-05,290774.62
2024-10-01,1.11365,1.11439,1.10458,1.10644,1.11368,1.11442,1.1046,1.10648,4e-05,285087.75
2024-10-02,1.10645,1.10828,1.10325,1.10458,1.10648,1.1083,1.10328,1.10462,4e-05,259640.67
2024-10-03,1.10459,1.10468,1.10082,1.10351,1.10462,1.10475,1.10085,1.10354,3e-05,326843.31
2024-10-04,1.1035,1.10395,1.09512,1.09739,1.10352,1.10397,1.09514,1.09761,0.00022,274027.81
2024-10-07,1.09705,1.09868,1.09542,1.09742,1.09707,1.09871,1.09544,1.09746,4e-05,267158.88
2024-10-08,1.09742,1.09971,1.09608,1.09753,1.09744,1.09972,1.09611,1.09757,4e-05,227349.53
2024-10-09,1.09754,1.09787,1.09362,1.0941,1.09757,1.09789,1.09364,1.0942,0.0001,175270.3
2024-10-10,1.0941,1.09548,1.09,1.09334,1.09419,1.09553,1.09001,1.09337,3e-05,275171.16
2024-10-11,1.09335,1.09537,1.0926,1.09353,1.09337,1.0954,1.09262,1.09385,0.00032,178691.72
2024-10-14,1.09231,1.09366,1.08881,1.0909,1.09234,1.09367,1.08883,1.09092,2e-05,172299.83
2024-10-15,1.0909,1.09167,1.08819,1.08832,1.09093,1.09168,1.08821,1.08835,3e-05,171935.27
2024-10-16,1.08832,1.09014,1.08532,1.08587,1.08834,1.09016,1.08535,1.08589,2e-05,182070.0
2024-10-17,1.08588,1.08737,1.0811,1.08291,1.08589,1.0874,1.08112,1.08293,2e-05,258621.12
2024-10-18,1.08291,1.08694,1.08274,1.08655,1.08294,1.08697,1.08276,1.08668,0.00013,200346.27
2024-10-21,1.08682,1.08688,1.08111,1.08153,1.08684,1.08691,1.08112,1.08155,2e-05,185331.81
2024-10-22,1.08151,1.0838,1.07926,1.07962,1.08154,1.08382,1.07928,1.07966,4e-05,195235.16
2024-10-23,1.07962,1.08066,1.07612,1.07803,1.07964,1.08068,1.07614,1.07806,3e-05,236714.84
2024-10-24,1.07804,1.08298,1.07706,1.08237,1.07806,1.08299,1.07707,1.08241,4e-05,255087.98
2024-10-25,1.08239,1.08392,1.0793,1.07945,1.08241,1.08395,1.07932,1.07959,0.00014,156041.89
2024-10-28,1.0796,1.08276,1.07819,1.08176,1.07963,1.08279,1.07821,1.08179,3e-05,204877.75
2024-10-29,1.08175,1.08263,1.07688,1.08197,1.08176,1.08265,1.0769,1.082,3e-05,259009.88
2024-10-30,1.08196,1.08713,1.08079,1.08582,1.082,1.08714,1.08081,1.08584,2e-05,295543.72
2024-10-31,1.08581,1.08881,1.08441,1.08839,1.08584,1.08883,1.08444,1.08841,2e-05,280171.09
2024-11-01,1.08838,1.09057,1.08317,1.08327,1.08841,1.09059,1.0832,1.08347,0.0002,277724.84
2024-11-04,1.08728,1.09147,1.08699,1.08735,1.0873,1.09148,1.08701,1.08739,4e-05,265973.12
2024-11-05,1.08736,1.09369,1.08724,1.09339,1.08739,1.09376,1.08727,1.09343,4e-05,201794.86
2024-11-06,1.09338,1.09339,1.06824,1.07315,1.09342,1.09343,1.06827,1.07317,2e-05,827139.75
2024-11-07,1.07316,1.08247,1.07129,1.07954,1.07318,1.08249,1.0713,1.07957,3e-05,392345.78
2024-11-08,1.07954,1.07974,1.06868,1.07182,1.07955,1.07976,1.0687,1.0721,0.00028,361911.41
2024-11-11,1.07131,1.07277,1.06286,1.06631,1.07132,1.0728,1.06287,1.06633,2e-05,217681.44
2024-11-12,1.0663,1.06631,1.05951,1.06166,1.06632,1.06633,1.05953,1.06167,1e-05,300467.62
2024-11-13,1.06166,1.0654,1.05556,1.05657,1.06168,1.06541,1.0556,1.0566,3e-05,300053.44
2024-11-14,1.05656,1.05825,1.0496,1.05295,1.0566,1.05826,1.04965,1.05298,3e-05,378347.69
2024-11-15,1.05295,1.0593,1.05163,1.05394,1.05297,1.05932,1.05166,1.05438,0.00044,365381.31
2024-11-18,1.05362,1.06071,1.05302,1.05945,1.05364,1.06073,1.05305,1.05947,2e-05,241144.55
2024-11-19,1.05945,1.0608,1.05233,1.0607,1.05946,1.06082,1.05236,1.06073,3e-05,375095.19
2024-11-20,1.0607,1.06097,1.05068,1.05456,1.06072,1.06099,1.05069,1.05459,3e-05,283601.28
2024-11-21,1.05457,1.05548,1.04622,1.0469,1.05459,1.0555,1.04623,1.04693,3e-05,346410.47
2024-11-22,1.04689,1.04981,1.03325,1.04193,1.04693,1.04982,1.03327,1.04235,0.00042,385064.12
2024-11-25,1.04792,1.05303,1.04428,1.04437,1.04795,1.05305,1.04429,1.04439,2e-05,410984.56
2024-11-26,1.04437,1.05447,1.0425,1.04918,1.0444,1.05449,1.04252,1.0492,2e-05,449962.47
2024-11-27,1.04918,1.05876,1.04744,1.05619,1.0492,1.05878,1.04745,1.05622,3e-05,372116.97
2024-11-28,1.05619,1.05627,1.05275,1.056,1.05624,1.05631,1.05277,1.05602,2e-05,244857.94
2024-11-29,1.05601,1.05971,1.05414,1.05748,1.05603,1.05972,1.05416,1.058,0.00052,369604.62
2024-12-02,1.05439,1.05463,1.04607,1.05008,1.05442,1.05466,1.04608,1.05011,3e-05,432331.28
2024-12-03,1.05008,1.0535,1.04807,1.05099,1.05009,1.05353,1.04808,1.05102,3e-05,356571.62
2024-12-04,1.05098,1.05439,1.04723,1.05123,1.05102,1.05443,1.04725,1.05125,2e-05,384114.09
2024-12-05,1.05124,1.05896,1.05081,1.05865,1.05126,1.05899,1.05084,1.05866,1e-05,307284.78
2024-12-06,1.05864,1.06298,1.05423,1.05673,1.05865,1.063,1.05424,1.05711,0.00038,328132.75
2024-12-09,1.05657,1.05944,1.0532,1.05541,1.05659,1.05945,1.05322,1.05545,4e-05,266677.5
2024-12-10,1.05542,1.0568,1.04984,1.05311,1.05545,1.05684,1.04986,1.05313,2e-05,254603.41
2024-12-11,1.05312,1.05393,1.04802,1.05061,1.05313,1.05395,1.04804,1.05063,2e-05,331612.72
2024-12-12,1.05057,1.05308,1.04637,1.04736,1.05061,1.05311,1.04638,1.04739,3e-05,244940.03
2024-12-13,1.04736,1.05241,1.04531,1.05017,1.04738,1.05244,1.04534,1.05038,0.00021,177393.69
2024-12-16,1.05095,1.05247,1.04745,1.0517,1.05096,1.05251,1.04748,1.05172,2e-05,205933.36
2024-12-17,1.0517,1.05343,1.0479,1.04944,1.05173,1.05346,1.04793,1.04948,4e-05,148950.12
2024-12-18,1.04943,1.05127,1.03439,1.03506,1.04947,1.0513,1.0344,1.03508,2e-05,195102.52
2024-12-19,1.03506,1.04222,1.03504,1.03643,1.03509,1.04225,1.03508,1.03647,4e-05,271645.0
2024-12-20,1.03644,1.04474,1.03429,1.04254,1.03647,1.04477,1.03433,1.04336,0.00082,275341.5
2024-12-23,1.04335,1.04452,1.03842,1.0404,1.04339,1.04455,1.03845,1.04044,4e-05,210045.55
2024-12-24,1.04041,1.04098,1.03835,1.03952,1.04044,1.04103,1.03838,1.04051,0.00099,145359.39
2024-12-25,1.03952,1.04106,1.03951,1.03991,1.04048,1.04141,1.03973,1.03994,3e-05,5854.9
2024-12-26,1.0399,1.04301,1.03905,1.04216,1.03994,1.04302,1.03907,1.04221,5e-05,143620.62
2024-12-27,1.04216,1.0444,1.04049,1.04225,1.0422,1.04441,1.04053,1.04315,0.0009,223390.02
2024-12-30,1.04297,1.04583,1.03717,1.04056,1.04298,1.04585,1.03719,1.0406,4e-05,219280.55
2024-12-31,1.04057,1.04243,1.0344,1.03526,1.04061,1.04246,1.03441,1.03543,0.00017,169563.66
2025-01-01,1.03503,1.03577,1.03462,1.03507,1.03591,1.03612,1.03468,1.03511,4e-05,5890.59
2025-01-02,1.03508,1.03756,1.02237,1.02678,1.03511,1.03758,1.02244,1.0268,2e-05,209224.98
2025-01-03,1.02679,1.03099,1.02646,1.03066,1.0268,1.03104,1.02649,1.031,0.00034,128869.88
2025-01-06,1.03051,1.04367,1.02955,1.03831,1.03053,1.04369,1.02957,1.03833,2e-05,239269.77
2025-01-07,1.03831,1.04343,1.03388,1.03415,1.03834,1.04345,1.03393,1.03418,3e-05,263560.53
2025-01-08,1.03416,1.03575,1.02731,1.03132,1.03419,1.03577,1.02734,1.03134,2e-05,312194.59
2025-01-09,1.03133,1.03214,1.02836,1.02964,1.03135,1.03217,1.02838,1.02967,3e-05,208235.27
2025-01-10,1.02965,1.03118,1.02127,1.024,1.02968,1.0312,1.02131,1.02485,0.00085,270304.12
2025-01-13,1.0243,1.02774,1.01772,1.02639,1.02432,1.02778,1.01775,1.02642,3e-05,248510.7
2025-01-14,1.02637,1.03086,1.02384,1.03062,1.02641,1.03092,1.02387,1.03064,2e-05,195261.41
2025-01-15,1.03061,1.03544,1.0259,1.0295,1.03064,1.03547,1.02591,1.02953,3e-05,233023.84
2025-01-16,1.0295,1.03149,1.02604,1.03014,1.02952,1.03151,1.02609,1.03017,3e-05,249564.83
2025-01-17,1.03012,1.03306,1.02652,1.0271,1.03015,1.03307,1.02654,1.02715,5e-05,234827.98
2025-01-20,1.02805,1.04342,1.02782,1.04208,1.02807,1.04345,1.02784,1.04211,3e-05,233227.78
2025-01-21,1.04209,1.04353,1.0342,1.04057,1.04211,1.04356,1.03421,1.04061,4e-05,212080.95
2025-01-22,1.04057,1.04573,1.03998,1.04077,1.0406,1.04576,1.04001,1.04081,4e-05,173613.22
2025-01-23,1.04076,1.04378,1.03719,1.04156,1.0408,1.04382,1.0372,1.04161,5e-05,183464.77
2025-01-24,1.04155,1.05213,1.04115,1.04919,1.04159,1.05217,1.04119,1.04954,0.00035,197965.89
2025-01-27,1.04673,1.0533,1.04283,1.04369,1.04679,1.05337,1.04284,1.04375,6e-05,249921.95
2025-01-28,1.04369,1.04564,1.04137,1.04271,1.04376,1.04569,1.04141,1.04276,5e-05,183466.72
2025-01-29,1.04272,1.04434,1.03822,1.04245,1.04276,1.04439,1.03825,1.04248,3e-05,208189.56
2025-01-30,1.04244,1.04677,1.0385,1.03966,1.04248,1.0468,1.03856,1.0397,4e-05,189473.2
2025-01-31,1.03968,1.0434,1.03496,1.03602,1.03972,1.04345,1.03502,1.03646,0.00044,233365.77
2025-02-03,1.02467,1.03503,1.02103,1.03279,1.02472,1.03509,1.0211,1.03285,6e-05,274498.84
2025-02-04,1.03279,1.03874,1.02721,1.03712,1.03284,1.0388,1.02724,1.03719,7e-05,175607.47
2025-02-05,1.03712,1.04424,1.03696,1.03985,1.0372,1.0443,1.037,1.03988,3e-05,161834.17
2025-02-06,1.03985,1.04053,1.03523,1.0385,1.0399,1.04057,1.03529,1.03854,4e-05,137304.73
2025-02-07,1.03849,1.04124,1.03049,1.0326,1.03854,1.04131,1.03057,1.03297,0.00037,188258.91
2025-02-10,1.03096,1.03363,1.02982,1.03005,1.03101,1.03369,1.02987,1.03009,4e-05,124362.03
2025-02-11,1.03006,1.03813,1.02919,1.0363,1.03012,1.03817,1.02924,1.03635,5e-05,133877.19
2025-02-12,1.03638,1.04298,1.03168,1.0392,1.0364,1.04301,1.03175,1.03927,7e-05,192947.41
2025-02-13,1.0392,1.04685,1.03727,1.04614,1.03926,1.04701,1.03736,1.04619,5e-05,199525.22
2025-02-14,1.04614,1.0514,1.0447,1.04913,1.04621,1.05142,1.04476,1.04945,0.00032,107842.09
2025-02-17,1.04886,1.05062,1.04667,1.04848,1.0489,1.05068,1.04673,1.04854,6e-05,53758.8
2025-02-18,1.04847,1.04862,1.0435,1.04479,1.04854,1.04866,1.04354,1.04487,8e-05,75192.39
2025-02-19,1.0448,1.04613,1.04009,1.04206,1.04485,1.04617,1.04012,1.04211,5e-05,111392.36
2025-02-20,1.04205,1.05054,1.04185,1.05001,1.04211,1.0506,1.0419,1.05007,6e-05,155512.31
2025-02-21,1.04999,1.05047,1.04492,1.0457,1.05005,1.05052,1.04495,1.04634,0.00064,152252.17
2025-02-24,1.04738,1.05282,1.04527,1.04611,1.04743,1.05287,1.04531,1.04617,6e-05,162066.66
2025-02-25,1.04611,1.05227,1.0456,1.05204,1.04618,1.05233,1.04566,1.05209,5e-05,162941.31
2025-02-26,1.05205,1.05287,1.04747,1.04876,1.05207,1.05291,1.04752,1.04885,9e-05,191228.59
2025-02-27,1.04877,1.04893,1.03882,1.03936,1.04885,1.04903,1.03889,1.03941,5e-05,188834.97
2025-02-28,1.03936,1.04198,1.03597,1.03747,1.03943,1.04203,1.03602,1.03783,0.00036,188454.83
2025-03-03,1.04119,1.05036,1.03883,1.04851,1.04125,1.05041,1.03888,1.04859,8e-05,192931.55
2025-03-04,1.04851,1.06369,1.04708,1.0623,1.04858,1.06373,1.04715,1.06236,6e-05,246473.34
2025-03-05,1.0623,1.07965,1.06018,1.07941,1.06235,1.07969,1.06022,1.07945,4e-05,286728.56
2025-03-06,1.07942,1.08534,1.07655,1.07871,1.07945,1.08541,1.0766,1.07879,8e-05,273702.34
2025-03-07,1.07872,1.08884,1.0781,1.08292,1.07877,1.08891,1.07815,1.08355,0.00063,227488.81
2025-03-10,1.08602,1.08744,1.08051,1.0839,1.08605,1.0875,1.08054,1.08397,7e-05,218816.25
2025-03-11,1.0839,1.09471,1.08354,1.09136,1.08398,1.09476,1.0836,1.09144,8e-05,199731.03
2025-03-12,1.09137,1.09314,1.08755,1.08852,1.09142,1.09326,1.08759,1.08859,7e-05,201519.44
2025-03-13,1.08852,1.0897,1.08222,1.08548,1.0886,1.08976,1.08229,1.08551,3e-05,180282.73
2025-03-14,1.08543,1.09125,1.08304,1.08765,1.08549,1.0913,1.0831,1.08809,0.00044,164343.72
2025-03-17,1.08794,1.09297,1.08685,1.0918,1.08799,1.093,1.08689,1.09184,4e-05,135363.3
2025-03-18,1.0918,1.09545,1.08924,1.09385,1.09186,1.09549,1.0893,1.0939,5e-05,169611.25
2025-03-19,1.09386,1.09449,1.08603,1.09115,1.0939,1.09453,1.08607,1.09122,7e-05,172859.48
2025-03-20,1.09116,1.09171,1.08145,1.08532,1.0912,1.09177,1.0815,1.08536,4e-05,162759.86
2025-03-21,1.08535,1.08611,1.0797,1.08121,1.0854,1.08614,1.07971,1.08179,0.00058,155310.41
2025-03-24,1.08358,1.08579,1.07813,1.08022,1.08363,1.08585,1.07818,1.08028,6e-05,160341.84
2025-03-25,1.08022,1.083,1.07767,1.07888,1.08026,1.08303,1.07772,1.07894,6e-05,179609.77
2025-03-26,1.07889,1.08025,1.07328,1.07409,1.07894,1.0803,1.07337,1.07415,6e-05,142166.66
2025-03-27,1.07411,1.0821,1.07407,1.08006,1.07415,1.08214,1.07412,1.08012,6e-05,134263.69
2025-03-28,1.08005,1.08447,1.07644,1.08237,1.08012,1.08451,1.07647,1.0829,0.00053,123196.42
2025-03-31,1.08235,1.08492,1.07838,1.08173,1.0824,1.08496,1.07842,1.08179,6e-05,164767.52
2025-04-01,1.08174,1.08299,1.07782,1.0794,1.0818,1.08302,1.07786,1.07947,7e-05,140243.58
2025-04-02,1.07947,1.09242,1.078,1.09041,1.0795,1.09252,1.07804,1.09047,6e-05,173666.41
2025-04-03,1.09038,1.11462,1.08795,1.1045,1.09043,1.11466,1.088,1.10456,6e-05,298193.12
2025-04-04,1.10448,1.11076,1.09242,1.09573,1.10456,1.1108,1.09246,1.09618,0.00045,410175.88
2025-04-07,1.09833,1.10498,1.09007,1.09146,1.0984,1.10503,1.09016,1.09151,5e-05,417091.06
2025-04-08,1.09147,1.09916,1.08886,1.09773,1.09152,1.09924,1.08887,1.09777,4e-05,297855.94
2025-04-09,1.09771,1.10948,1.09132,1.09507,1.09777,1.10953,1.09138,1.09512,5e-05,489370.34
2025-04-10,1.09504,1.12623,1.09499,1.12576,1.09507,1.12632,1.09505,1.12583,7e-05,337371.75
2025-04-11,1.12574,1.14736,1.12466,1.13554,1.12582,1.14742,1.1247,1.13636,0.00082,446818.56
2025-04-14,1.13419,1.14244,1.12956,1.1336,1.13428,1.14251,1.12963,1.13366,6e-05,257720.31
2025-04-15,1.1336,1.13789,1.12639,1.12932,1.13367,1.13795,1.12644,1.12941,9e-05,228887.86
2025-04-16,1.1293,1.14127,1.12925,1.13953,1.12936,1.14133,1.12931,1.1396,7e-05,253419.39
2025-04-17,1.13955,1.13967,1.13349,1.13715,1.13961,1.13974,1.13359,1.13731,0.00016,202026.19
2025-04-18,1.13717,1.13972,1.13578,1.13901,1.13731,1.13982,1.13599,1.13969,0.00068,408531.09
2025-04-21,1.14491,1.15729,1.14488,1.15137,1.14496,1.15737,1.14496,1.15143,6e-05,201095.36
2025-04-22,1.15139,1.1547,1.13077,1.13504,1.15144,1.15478,1.13082,1.13509,5e-05,271037.97
2025-04-23,1.13502,1.14399,1.13102,1.13292,1.1351,1.14401,1.13109,1.13297,5e-05,247678.19
2025-04-24,1.13293,1.13975,1.13212,1.13725,1.13299,1.13983,1.13219,1.1373,5e-05,163090.05
2025-04-25,1.13725,1.13885,1.13155,1.13628,1.13731,1.13892,1.1316,1.13673,0.00045,165168.78
2025-04-28,1.13449,1.14248,1.13292,1.14075,1.13455,1.14263,1.13298,1.14081,6e-05,134135.8
2025-04-29,1.14076,1.14199,1.137,1.13902,1.14082,1.14206,1.13703,1.1391,8e-05,151269.89
2025-04-30,1.13904,1.13994,1.1317,1.13219,1.13909,1.13998,1.13175,1.13227,8e-05,170061.38
2025-05-01,1.13221,1.13409,1.12657,1.12955,1.13228,1.13414,1.12661,1.12961,6e-05,139110.42
2025-05-02,1.12955,1.13808,1.1274,1.12946,1.1296,1.13813,1.12745,1.13013,0.00067,186873.05
2025-05-05,1.13212,1.13646,1.12969,1.1312,1.13215,1.13652,1.12975,1.13126,6e-05,175679.52
2025-05-06,1.13121,1.13808,1.12797,1.13397,1.13126,1.13815,1.12802,1.13405,8e-05,175577.8
2025-05-07,1.13396,1.1378,1.12917,1.13027,1.13405,1.13783,1.1292,1.13033,6e-05,185134.95
2025-05-08,1.13032,1.13361,1.12118,1.12267,1.13033,1.13368,1.12124,1.12277,0.0001,195727.91
2025-05-09,1.12268,1.12928,1.11964,1.1246,1.12277,1.12932,1.11971,1.12522,0.00062,139764.11
2025-05-12,1.12281,1.12426,1.10651,1.10953,1.12288,1.12433,1.10658,1.10963,0.0001,232069.92
2025-05-13,1.10954,1.11971,1.10948,1.11856,1.10963,1.11978,1.10955,1.11864,8e-05,166503.5
2025-05-14,1.11858,1.12655,1.11645,1.11812,1.11864,1.12662,1.11648,1.11817,5e-05,196989.31
2025-05-15,1.11811,1.12279,1.117,1.11918,1.11816,1.12284,1.11706,1.11923,5e-05,150648.91
2025-05-16,1.11915,1.12195,1.11308,1.11612,1.11922,1.12199,1.11313,1.11681,0.00069,135030.27
2025-05-19,1.11885,1.12879,1.11721,1.12321,1.11893,1.12886,1.11729,1.12327,6e-05,153720.59
2025-05-20,1.1232,1.129,1.12178,1.12881,1.12322,1.12904,1.12183,1.12887,6e-05,135167.5
2025-05-21,1.12881,1.13628,1.12866,1.13318,1.12886,1.13631,1.12871,1.13322,4e-05,160878.47
2025-05-22,1.13318,1.13448,1.12558,1.12819,1.13323,1.13451,1.12562,1.12827,8e-05,163379.62
2025-05-23,1.12818,1.13754,1.12787,1.13592,1.12827,1.13759,1.12795,1.13679,0.00087,144725.8
2025-05-26,1.13747,1.14185,1.13688,1.13883,1.13753,1.14191,1.13691,1.1389,7e-05,108211.3
2025-05-27,1.13885,1.14071,1.1323,1.13366,1.1389,1.14075,1.13234,1.13373,7e-05,145465.55
2025-05-28,1.13367,1.13454,1.12103,1.12296,1.13373,1.13456,1.12108,1.12303,7e-05,172442.34
2025-05-29,1.12294,1.13843,1.1223,1.13765,1.12303,1.13848,1.12237,1.13773,8e-05,174301.56
2025-05-30,1.13768,1.13897,1.13123,1.13453,1.13773,1.13902,1.13128,1.13503,0.0005,160631.3
2025-06-02,1.13527,1.14538,1.13524,1.14531,1.13535,1.14542,1.1353,1.14535,4e-05,139498.98
2025-06-03,1.1453,1.14544,1.13639,1.1384,1.14535,1.14551,1.13644,1.13843,3e-05,122583.67
2025-06-04,1.13838,1.14344,1.13568,1.14205,1.13844,1.14348,1.13575,1.14213,8e-05,145279.77
2025-06-05,1.14209,1.14948,1.14045,1.14533,1.14212,1.14952,1.14049,1.14539,6e-05,157418.23
2025-06-06,1.14532,1.14572,1.13715,1.13935,1.14537,1.14576,1.13719,1.13976,0.00041,142921.48
2025-06-09,1.14063,1.14391,1.13864,1.14261,1.14069,1.14396,1.13869,1.14266,5e-05,98861.77
2025-06-10,1.1426,1.14475,1.13729,1.14372,1.14266,1.1448,1.13731,1.14378,6e-05,114634.24
2025-06-11,1.14375,1.15129,1.14052,1.15099,1.14379,1.15134,1.14056,1.15106,7e-05,107117.96
2025-06-12,1.15102,1.16311,1.15017,1.16084,1.15107,1.16319,1.15021,1.16091,7e-05,133388.56
2025-06-13,1.16083,1.16143,1.1489,1.15457,1.1609,1.1615,1.14891,1.15545,0.00088,170771.86
2025-06-16,1.15376,1.16147,1.15238,1.15534,1.15383,1.1615,1.1524,1.15541,7e-05,135969.7
2025-06-17,1.15536,1.15796,1.14743,1.14816,1.15541,1.1581,1.1475,1.14823,7e-05,143958.19
2025-06-18,1.14817,1.153,1.14608,1.14758,1.14823,1.15307,1.14612,1.14763,5e-05,153027.91
2025-06-19,1.14758,1.15125,1.14461,1.15113,1.14762,1.1513,1.14466,1.15121,8e-05,101801.41
2025-06-20,1.15112,1.15439,1.1495,1.15189,1.15117,1.15442,1.14953,1.15235,0.00046,102496.57
2025-06-23,1.14995,1.16082,1.14533,1.15979,1.14999,1.16089,1.14539,1.15984,5e-05,166520.62
2025-06-24,1.15977,1.16417,1.15798,1.16121,1.15983,1.1642,1.15804,1.16127,6e-05,129654.97
2025-06-25,1.1612,1.16845,1.15898,1.16831,1.16124,1.16849,1.15901,1.16839,8e-05,96781.26
2025-06-26,1.16832,1.17449,1.16673,1.1693,1.1684,1.17452,1.16676,1.16933,3e-05,112735.99
2025-06-27,1.16931,1.17539,1.16837,1.17162,1.16936,1.17542,1.16838,1.17218,0.00056,96528.66
2025-06-30,1.17264,1.17907,1.17075,1.17863,1.17271,1.17912,1.17082,1.17865,2e-05,105399.5
2025-07-01,1.17862,1.18298,1.17611,1.1805,1.17864,1.18301,1.17616,1.18055,5e-05,115191.37
2025-07-02,1.18048,1.18098,1.17467,1.17985,1.18053,1.18103,1.17471,1.17989,4e-05,109752.07
2025-07-03,1.17985,1.181,1.17169,1.17688,1.1799,1.18104,1.17179,1.17695,7e-05,108589.11
2025-07-04,1.1769,1.17873,1.17561,1.17719,1.17696,1.17878,1.17563,1.17844,0.00125,84127.09
2025-07-07,1.17805,1.17901,1.16868,1.17363,1.17807,1.17904,1.1687,1.17369,6e-05,106860.29
2025-07-08,1.17365,1.1765,1.16825,1.17233,1.17368,1.17656,1.16828,1.17235,2e-05,108965.23
2025-07-09,1.17233,1.17396,1.16895,1.17378,1.17236,1.17403,1.16898,1.17384,6e-05,86976.75
2025-07-10,1.17375,1.17494,1.16623,1.17018,1.17381,1.175,1.16627,1.1702,2e-05,107761.33
2025-07-11,1.17016,1.17138,1.16645,1.16852,1.17021,1.17143,1.1665,1.1693,0.00078,85612.36
2025-07-14,1.16822,1.16978,1.16541,1.1665,1.1683,1.16979,1.16545,1.16656,6e-05,83778.52
2025-07-15,1.1665,1.16925,1.15927,1.1607,1.16657,1.16931,1.15932,1.16076,6e-05,119141.08
2025-07-16,1.16073,1.17212,1.15623,1.16353,1.16076,1.17222,1.15626,1.1636,7e-05,149202.3
2025-07-17,1.16353,1.16361,1.15566,1.1615,1.16359,1.16368,1.1557,1.16153,3e-05,107200.68
2025-07-18,1.16151,1.16716,1.16119,1.16207,1.16154,1.16722,1.16121,1.1629,0.00083,75653.48
2025-07-21,1.16296,1.17166,1.16145,1.16945,1.16302,1.17168,1.16148,1.16953,8e-05,84599.07
2025-07-22,1.1695,1.17607,1.16788,1.17378,1.16953,1.1761,1.1679,1.17383,5e-05,77177.18
2025-07-23,1.17377,1.17789,1.17109,1.17733,1.17382,1.17793,1.17112,1.17736,3e-05,96130.8
2025-07-24,1.17732,1.17887,1.17303,1.17545,1.17735,1.17891,1.17309,1.1755,5e-05,89743.31
2025-07-25,1.17548,1.17609,1.17028,1.17396,1.17552,1.17613,1.17034,1.17434,0.00038,84426.67
2025-07-28,1.17554,1.177,1.1585,1.15963,1.1756,1.1771,1.15856,1.15965,2e-05,94411.61
2025-07-29,1.1596,1.15989,1.15188,1.15506,1.15961,1.15996,1.15192,1.15511,5e-05,106375.16
2025-07-30,1.15506,1.15725,1.14008,1.14278,1.1551,1.15728,1.14013,1.14285,7e-05,154109.88
2025-07-31,1.14278,1.14606,1.14058,1.14217,1.14286,1.1461,1.1406,1.14222,5e-05,96436.67
2025-08-01,1.14217,1.15969,1.13915,1.1583,1.1422,1.15976,1.13918,1.15883,0.00053,147618.94
2025-08-04,1.15876,1.15887,1.15497,1.15838,1.1588,1.15891,1.15499,1.15841,3e-05,101186.45
2025-08-05,1.1584,1.15876,1.15277,1.15784,1.15842,1.15881,1.15281,1.15787,3e-05,96402.79
2025-08-06,1.15781,1.16683,1.15642,1.1663,1.15787,1.16688,1.15646,1.16633,3e-05,86827.43
2025-08-07,1.16628,1.16986,1.16108,1.16768,1.16631,1.16992,1.16112,1.16771,3e-05,131304.2
2025-08-08,1.16768,1.16792,1.16287,1.16368,1.16773,1.16793,1.1629,1.16445,0.00077,78995.3
2025-08-11,1.16474,1.16754,1.159,1.1616,1.16479,1.16759,1.15903,1.16167,7e-05,119138.81
2025-08-12,1.16162,1.16971,1.15986,1.16775,1.16169,1.16974,1.15989,1.16777,2e-05,120879.49
2025-08-13,1.16774,1.17301,1.16703,1.1712,1.16777,1.17305,1.1671,1.17129,9e-05,84748.68
2025-08-14,1.1712,1.1715,1.16309,1.16504,1.17128,1.17153,1.16312,1.16508,4e-05,130446.88
2025-08-15,1.16506,1.17151,1.16467,1.17026,1.16508,1.17156,1.1647,1.17085,0.00059,75602.35
2025-08-18,1.17061,1.17106,1.16561,1.16679,1.17068,1.17109,1.16562,1.16683,4e-05,67121.98
2025-08-19,1.16678,1.16928,1.1639,1.16415,1.16683,1.16932,1.16394,1.16416,1e-05,67288.04
2025-08-20,1.16413,1.16736,1.16221,1.16507,1.16415,1.1674,1.16224,1.16513,6e-05,72280.64
2025-08-21,1.16507,1.16626,1.1601,1.16122,1.16512,1.16629,1.16014,1.16127,5e-05,89681.7
2025-08-22,1.16122,1.17425,1.15828,1.17148,1.16124,1.17428,1.1583,1.17182,0.00034,100779.3
2025-08-25,1.17077,1.17204,1.16028,1.16144,1.17081,1.17209,1.16031,1.16147,3e-05,71376.24
2025-08-26,1.16145,1.16652,1.16021,1.16368,1.16147,1.16655,1.16025,1.16375,7e-05,117009.36
2025-08-27,1.1637,1.16477,1.1574,1.16473,1.16375,1.1648,1.15742,1.16476,3e-05,94225.76
2025-08-28,1.16474,1.16972,1.16289,1.16785,1.16476,1.16975,1.16293,1.1679,5e-05,86969.62
2025-08-29,1.16786,1.17089,1.16507,1.16826,1.16791,1.17091,1.16512,1.16879,0.00053,88950.41
2025-09-01,1.16899,1.17362,1.16879,1.17147,1.16904,1.17366,1.16881,1.1715,3e-05,54396.3
2025-09-02,1.17148,1.17156,1.16127,1.16327,1.17151,1.1716,1.16132,1.1633,3e-05,162221.7
2025-09-03,1.16327,1.1682,1.16081,1.16608,1.16332,1.16825,1.16084,1.16613,5e-05,120767.88
2025-09-04,1.16611,1.16694,1.16298,1.16567,1.16613,1.16696,1.16302,1.1657,3e-05,86473.82
2025-09-05,1.16566,1.17593,1.16522,1.17141,1.16569,1.17597,1.16526,1.17193,0.00052,105280.75
2025-09-08,1.17122,1.17728,1.17046,1.17684,1.17127,1.17731,1.17051,1.17688,4e-05,73964.66
2025-09-09,1.17685,1.17799,1.16972,1.1702,1.17689,1.17803,1.16975,1.17025,5e-05,122659.92
2025-09-10,1.1702,1.17306,1.16824,1.17024,1.17025,1.17309,1.16828,1.17028,4e-05,94291.01
2025-09-11,1.17023,1.1746,1.16589,1.17329,1.17026,1.17464,1.16615,1.17334,5e-05,103376.42
2025-09-12,1.17329,1.17475,1.17013,1.17301,1.17333,1.17481,1.17014,1.17375,0.00074,88650.04
2025-09-15,1.17256,1.17744,1.1716,1.17628,1.1726,1.17749,1.17164,1.17632,4e-05,77233.66
2025-09-16,1.17627,1.18783,1.17572,1.18709,1.17631,1.18786,1.17576,1.18714,5e-05,113796.27
2025-09-17,1.18711,1.19186,1.18077,1.18251,1.18714,1.19188,1.18083,1.18253,2e-05,131279.95
2025-09-18,1.18253,1.18482,1.175,1.17889,1.18255,1.18485,1.17503,1.17891,2e-05,149058.81
2025-09-19,1.1789,1.17925,1.17286,1.17405,1.17893,1.17931,1.1729,1.17495,0.0009,92024.7
2025-09-22,1.17363,1.18037,1.17262,1.18004,1.17367,1.18051,1.17264,1.18008,4e-05,81193.93
2025-09-23,1.18002,1.18199,1.17787,1.18153,1.18005,1.18203,1.17796,1.18155,2e-05,98759.36
2025-09-24,1.18153,1.18163,1.1728,1.17423,1.18158,1.18169,1.17285,1.17425,2e-05,107342.91
2025-09-25,1.17422,1.17538,1.16454,1.16616,1.17424,1.17543,1.16458,1.16621,5e-05,109668.79
2025-09-26,1.16615,1.17072,1.16579,1.17005,1.1662,1.17075,1.16582,1.17053,0.00048,90258.09
2025-09-29,1.17047,1.17544,1.17044,1.17305,1.17052,1.17549,1.17047,1.17308,3e-05,87619.07
2025-09-30,1.17307,1.17615,1.17119,1.17344,1.17308,1.17617,1.17124,1.17347,3e-05,98058.74
2025-10-01,1.17342,1.17785,1.17154,1.17327,1.17347,1.17789,1.17157,1.17332,5e-05,140358.23
2025-10-02,1.17325,1.17583,1.16829,1.17244,1.17331,1.17586,1.16835,1.1725,6e-05,88827.57
2025-10-03,1.17245,1.17591,1.17146,1.17382,1.17248,1.17593,1.17154,1.17458,0.00076,78892.16
2025-10-06,1.17121,1.17307,1.16516,1.17092,1.17123,1.17311,1.16519,1.17095,3e-05,124403.88
2025-10-07,1.17093,1.1711,1.16474,1.16526,1.17095,1.17113,1.16479,1.1653,4e-05,82813.43
2025-10-08,1.16527,1.1653,1.15983,1.1629,1.16531,1.16533,1.15986,1.16295,5e-05,94311.58
2025-10-09,1.16289,1.1648,1.1542,1.15652,1.16294,1.16486,1.15423,1.15657,5e-05,109981.12
2025-10-10,1.1565,1.16305,1.1559,1.16149,1.15653,1.16312,1.15593,1.162,0.00051,105434.01
2025-10-13,1.16012,1.16297,1.15574,1.15658,1.16016,1.16303,1.15576,1.1566,2e-05,78546.03
2025-10-14,1.15657,1.16148,1.15423,1.16032,1.1566,1.16152,1.15425,1.16034,2e-05,107588.87
2025-10-15,1.1603,1.16519,1.16017,1.16456,1.16035,1.16523,1.1602,1.16462,6e-05,91914.41
2025-10-16,1.16455,1.16994,1.16425,1.16988,1.16462,1.17,1.16432,1.16995,7e-05,111266.96
2025-10-17,1.16989,1.17283,1.16496,1.16509,1.16995,1.17286,1.16506,1.16561,0.00052,136514.92
2025-10-20,1.16579,1.16753,1.16382,1.16439,1.16582,1.16757,1.16385,1.16444,5e-05,76422.19
2025-10-21,1.16438,1.1655,1.15975,1.15993,1.16444,1.16555,1.1598,1.15996,3e-05,115211.79
2025-10-22,1.15996,1.16224,1.15767,1.16071,1.15998,1.16227,1.15772,1.16074,3e-05,83209.85
2025-10-23,1.16071,1.16213,1.15853,1.16171,1.16073,1.16217,1.15856,1.16173,2e-05,69111.31
2025-10-24,1.1617,1.1649,1.16008,1.16266,1.16172,1.16499,1.1601,1.16304,0.00038,84431.29
2025-10-27,1.16308,1.16547,1.16176,1.16508,1.16312,1.16551,1.16178,1.16513,5e-05,61097.4
2025-10-28,1.16508,1.16686,1.16255,1.16568,1.16514,1.1669,1.16257,1.16574,6e-05,82156.93
2025-10-29,1.16568,1.1666,1.15773,1.16028,1.16571,1.16662,1.1578,1.16033,5e-05,125334.84
2025-10-30,1.16027,1.16374,1.1547,1.15714,1.16031,1.16375,1.15472,1.1572,6e-05,108589.24
2025-10-31,1.15714,1.15775,1.15214,1.1537,1.15721,1.15777,1.15216,1.15385,0.00015,73402.52
2025-11-03,1.15273,1.15413,1.1505,1.15184,1.15276,1.15416,1.15054,1.15187,3e-05,75066.72
2025-11-04,1.15183,1.15334,1.14729,1.1485,1.15186,1.15338,1.14732,1.14855,5e-05,83162.21
2025-11-05,1.14849,1.14978,1.14687,1.14957,1.14852,1.14985,1.14689,1.1496,3e-05,83753.5
2025-11-06,1.14956,1.15522,1.1493,1.15485,1.14959,1.15525,1.14935,1.15488,3e-05,95498.54
2025-11-07,1.15485,1.1591,1.15294,1.15656,1.15489,1.15914,1.15298,1.15685,0.00029,81200.49
2025-11-10,1.15434,1.15829,1.15409,1.15565,1.15436,1.15833,1.15415,1.15571,6e-05,68009.0
2025-11-11,1.15566,1.16057,1.15468,1.15867,1.15571,1.16061,1.15473,1.15871,4e-05,68685.4
2025-11-12,1.15865,1.15977,1.15627,1.15915,1.15867,1.15982,1.15631,1.15919,4e-05,70570.97
2025-11-13,1.15915,1.16559,1.15789,1.163,1.1592,1.16563,1.15793,1.16304,4e-05,97423.88
2025-11-14,1.163,1.16536,1.1606,1.16172,1.16302,1.1654,1.16063,1.16243,0.00071,102283.8
2025-11-17,1.16147,1.16149,1.15818,1.15899,1.16149,1.16152,1.1582,1.15904,5e-05,72479.61
2025-11-18,1.15898,1.16076,1.15713,1.158,1.15903,1.16079,1.15716,1.15805,5e-05,93337.26
2025-11-19,1.158,1.15971,1.15178,1.15392,1.15806,1.15976,1.15179,1.15397,5e-05,99209.93
2025-11-20,1.15392,1.15499,1.15013,1.15334,1.15396,1.15502,1.15029,1.15339,5e-05,101736.31
2025-11-21,1.15338,1.15524,1.14909,1.15155,1.15339,1.15529,1.14913,1.15161,6e-05,115651.22
2025-11-24,1.15074,1.15503,1.15018,1.152,1.15076,1.15506,1.15022,1.15207,7e-05,71212.85
2025-11-25,1.15201,1.15859,1.15114,1.15648,1.15205,1.15862,1.15118,1.1565,2e-05,108585.88
2025-11-26,1.15648,1.16021,1.1547,1.16017,1.15651,1.16025,1.15473,1.16021,4e-05,108027.31
2025-11-27,1.16018,1.16132,1.15763,1.15996,1.16021,1.16135,1.15768,1.16,4e-05,51613.66
2025-11-28,1.15995,1.16075,1.1555,1.15973,1.15998,1.16078,1.15556,1.15997,0.00024,177674.44
2025-12-01,1.16011,1.16522,1.15893,1.16066,1.16013,1.16525,1.15897,1.16069,3e-05,93031.96
2025-12-02,1.16069,1.1629,1.1591,1.1628,1.1607,1.16294,1.15915,1.16285,5e-05,74084.42
2025-12-03,1.1628,1.16775,1.16277,1.16661,1.16286,1.16779,1.16281,1.16666,5e-05,95673.2
2025-12-04,1.16662,1.16819,1.16409,1.16431,1.16666,1.16823,1.16412,1.16436,5e-05,79510.51
2025-12-05,1.16433,1.16717,1.16279,1.16388,1.16436,1.1672,1.16283,1.16445,0.00057,75198.78
2025-12-08,1.16406,1.16718,1.16163,1.16407,1.1641,1.16723,1.16165,1.1641,3e-05,76027.47
2025-12-09,1.16405,1.16571,1.16149,1.16278,1.1641,1.16574,1.16152,1.16283,5e-05,78858.33
2025-12-10,1.1628,1.17027,1.16214,1.17013,1.16283,1.17031,1.16218,1.17018,5e-05,111512.73
2025-12-11,1.17013,1.17627,1.16821,1.17407,1.17019,1.17631,1.16826,1.17412,5e-05,101996.75
2025-12-12,1.17407,1.17497,1.17195,1.17396,1.17411,1.175,1.17197,1.17408,0.00012,90937.78
2025-12-15,1.1737,1.17688,1.17264,1.17533,1.17373,1.17691,1.17266,1.17538,5e-05,93566.7
2025-12-16,1.17535,1.1804,1.1735,1.17492,1.17539,1.18043,1.17354,1.17495,3e-05,114095.99
2025-12-17,1.1749,1.1758,1.1703,1.17414,1.17495,1.17585,1.17033,1.17418,4e-05,109582.46
2025-12-18,1.17415,1.17627,1.17123,1.17246,1.1742,1.1763,1.17126,1.17251,5e-05,107383.54
2025-12-19,1.17247,1.17377,1.17021,1.17103,1.17251,1.17379,1.17026,1.17123,0.0002,84265.09
2025-12-22,1.17098,1.17693,1.17093,1.17634,1.17103,1.17695,1.17097,1.17639,5e-05,76073.2
2025-12-23,1.17635,1.18021,1.17628,1.17946,1.1764,1.18022,1.17633,1.17951,5e-05,94474.17
2025-12-24,1.17946,1.18079,1.17695,1.17714,1.17952,1.18081,1.17729,1.17864,0.0015,84866.82
2025-12-25,1.17708,1.17843,1.17663,1.17833,1.17881,1.17955,1.17722,1.17845,0.00012,9746.23
2025-12-26,1.17839,1.17966,1.17615,1.1768,1.17844,1.17969,1.17617,1.17764,0.00084,83292.5
2025-12-29,1.17723,1.1789,1.17493,1.17722,1.17732,1.17892,1.17498,1.17727,5e-05,96547.12
2025-12-30,1.17721,1.17797,1.17431,1.17456,1.17727,1.17802,1.17435,1.17459,3e-05,67185.16
2025-12-31,1.17455,1.17592,1.17199,1.17455,1.17459,1.17595,1.17202,1.17465,0.0001,86578.16
2026-01-01,1.17455,1.17507,1.17387,1.17506,1.17465,1.17533,1.17463,1.17512,6e-05,3652.99
2026-01-02,1.17509,1.17649,1.17132,1.17199,1.17511,1.17653,1.17135,1.17225,0.00026,88828.62
2026-01-05,1.1705,1.17286,1.16588,1.17144,1.17053,1.17291,1.16592,1.17146,2e-05,108176.92
2026-01-06,1.17144,1.17428,1.16837,1.16868,1.17147,1.17431,1.1684,1.16876,8e-05,101256.44
2026-01-07,1.1687,1.17025,1.16727,1.16767,1.16876,1.1703,1.16732,1.1677,3e-05,90868.38
2026-01-08,1.16768,1.16828,1.16425,1.16578,1.16772,1.16832,1.16427,1.16585,7e-05,65478.22
2026-01-09,1.16579,1.16604,1.16179,1.16298,1.16583,1.16608,1.16184,1.16387,0.00089,83148.84
2026-01-12,1.16237,1.16984,1.16216,1.16673,1.16241,1.16987,1.16218,1.16678,5e-05,86687.37
2026-01-13,1.16673,1.16776,1.1634,1.1642,1.16676,1.1678,1.16343,1.16422,2e-05,84617.54
2026-01-14,1.16421,1.16615,1.16354,1.16449,1.16424,1.16618,1.16356,1.16451,2e-05,84836.96
2026-01-15,1.1645,1.16455,1.1593,1.16088,1.16452,1.16459,1.15932,1.16092,4e-05,83253.1
2026-01-16,1.16087,1.16273,1.15843,1.1595,1.16092,1.16276,1.15846,1.16008,0.00058,97524.0
2026-01-19,1.1624,1.16487,1.16043,1.16393,1.16248,1.16496,1.16051,1.16397,4e-05,85755.55
2026-01-20,1.16395,1.17688,1.16324,1.1727,1.16397,1.17692,1.16328,1.17274,4e-05,164079.84
2026-01-21,1.1727,1.1743,1.16697,1.16728,1.17271,1.17434,1.167,1.1673,2e-05,129703.53
2026-01-22,1.16727,1.17591,1.16727,1.17538,1.16729,1.17593,1.16729,1.1754,2e-05,90835.91
2026-01-23,1.17537,1.18336,1.17283,1.1828,1.1754,1.18339,1.17285,1.18327,0.00047,113910.46
2026-01-26,1.18601,1.19069,1.18347,1.18738,1.18605,1.19072,1.18352,1.1874,2e-05,149513.18
2026-01-27,1.18736,1.20822,1.18502,1.20227,1.18737,1.2083,1.18505,1.20231,4e-05,195945.88
2026-01-28,1.20227,1.20257,1.18957,1.19808,1.20228,1.2026,1.1896,1.1981,2e-05,189148.98
2026-01-29,1.19807,1.19964,1.19059,1.19674,1.1981,1.19965,1.19063,1.19676,2e-05,183837.32
2026-01-30,1.19673,1.19729,1.18489,1.1849,1.19675,1.19732,1.18501,1.18519,0.00029,227228.13
2026-02-02,1.18464,1.18747,1.17758,1.17987,1.18465,1.18752,1.17762,1.17991,4e-05,189092.41
2026-02-03,1.17986,1.18288,1.178,1.18155,1.1799,1.18292,1.17802,1.18158,3e-05,123469.35
2026-02-04,1.18155,1.18379,1.17903,1.18015,1.18156,1.18382,1.17908,1.18018,3e-05,123473.55
2026-02-05,1.18014,1.18218,1.17749,1.17764,1.18018,1.1822,1.17752,1.17768,4e-05,133280.71
2026-02-06,1.17763,1.1826,1.17654,1.18115,1.17767,1.18263,1.1766,1.18177,0.00062,93957.37
2026-02-09,1.18267,1.19266,1.18159,1.19036,1.18269,1.19269,1.18163,1.19038,2e-05,129340.22
2026-02-10,1.19035,1.19285,1.18866,1.18876,1.19038,1.1929,1.18869,1.1888,4e-05,109657.05
2026-02-11,1.18877,1.19272,1.18331,1.18746,1.18878,1.19274,1.18334,1.1875,4e-05,144243.61
2026-02-12,1.18747,1.18899,1.18522,1.18691,1.18752,1.18902,1.18527,1.18693,2e-05,127501.08
2026-02-13,1.18689,1.18846,1.18469,1.18655,1.18694,1.1885,1.18473,1.18719,0.00064,101364.9
2026-02-16,1.18667,1.18703,1.18462,1.18503,1.18672,1.18708,1.18464,1.18508,5e-05,48307.77
2026-02-17,1.18505,1.18573,1.18049,1.18507,1.18508,1.18578,1.18051,1.1851,3e-05,89569.53
2026-02-18,1.18507,1.18535,1.17818,1.17885,1.18509,1.1854,1.17823,1.17886,1e-05,84270.7
2026-02-19,1.17884,1.18075,1.17418,1.17682,1.17886,1.18077,1.17421,1.17686,4e-05,97918.45
2026-02-20,1.17683,1.18074,1.17432,1.17814,1.17687,1.18077,1.17436,1.1788,0.00066,125606.52
2026-02-23,1.18333,1.18344,1.17744,1.17929,1.18336,1.18347,1.17746,1.17932,3e-05,105382.12
2026-02-24,1.17928,1.17963,1.1766,1.17738,1.17932,1.17965,1.17661,1.17741,3e-05,85586.62
2026-02-25,1.17738,1.18163,1.17709,1.1815,1.17743,1.18166,1.17712,1.18152,2e-05,80558.98
2026-02-26,1.18149,1.18288,1.17737,1.18031,1.18152,1.18291,1.17741,1.18035,4e-05,88900.55
2026-02-27,1.1803,1.18268,1.17887,1.18122,1.18034,1.1827,1.17891,1.18161,0.00039,98371.81
2026-03-02,1.1759,1.17958,1.16717,1.16944,1.17593,1.17962,1.16719,1.1695,6e-05,169778.73
2026-03-03,1.16945,1.17067,1.153,1.16104,1.1695,1.17073,1.15305,1.1611,6e-05,227813.09
2026-03-04,1.16106,1.16546,1.15745,1.16346,1.16111,1.16549,1.1575,1.16351,5e-05,161962.02
2026-03-05,1.16346,1.16473,1.15587,1.16064,1.1635,1.16476,1.1559,1.16068,4e-05,194134.68
2026-03-06,1.16064,1.16213,1.15457,1.1617,1.16069,1.16217,1.15461,1.16196,0.00026,184612.6
2026-03-09,1.15241,1.16454,1.15069,1.16163,1.15245,1.16459,1.15074,1.16167,4e-05,251668.13
2026-03-10,1.16163,1.16672,1.16027,1.16111,1.16166,1.16675,1.16032,1.16117,6e-05,192265.08
2026-03-11,1.16115,1.16453,1.15396,1.15425,1.16117,1.16456,1.15399,1.15431,6e-05,165919.01
2026-03-12,1.15424,1.15662,1.15096,1.15207,1.15428,1.15665,1.15102,1.15213,6e-05,144946.83
2026-03-13,1.15208,1.15296,1.14108,1.14161,1.15213,1.15299,1.14111,1.14173,0.00012,144394.56
2026-03-16,1.14354,1.15248,1.14139,1.14983,1.14356,1.15252,1.14145,1.14986,3e-05,126293.59
2026-03-17,1.14984,1.15471,1.14658,1.15387,1.14987,1.15475,1.14663,1.15392,5e-05,120127.61
2026-03-18,1.15389,1.15551,1.14496,1.14632,1.15395,1.15556,1.14499,1.14637,5e-05,139412.81
2026-03-19,1.14631,1.16161,1.14429,1.15763,1.14632,1.16163,1.14432,1.15767,4e-05,223466.25
2026-03-20,1.1576,1.15805,1.15245,1.15694,1.15766,1.1581,1.15249,1.1575,0.00056,156373.59
2026-03-23,1.1562,1.16397,1.14843,1.1608,1.15624,1.16399,1.14846,1.16083,3e-05,286692.07
2026-03-24,1.16079,1.16282,1.15569,1.16136,1.16085,1.16286,1.15572,1.16141,5e-05,217431.69
2026-03-25,1.16137,1.16305,1.15552,1.15614,1.16141,1.16307,1.15554,1.15616,2e-05,156860.47
2026-03-26,1.15613,1.15722,1.15196,1.15343,1.15615,1.15724,1.15197,1.15346,3e-05,138747.4
2026-03-27,1.15341,1.15476,1.15018,1.15059,1.15346,1.1548,1.1502,1.1509,0.00031,127400.41
2026-03-30,1.14917,1.15211,1.1443,1.14564,1.1492,1.15214,1.14434,1.14568,4e-05,120377.71
2026-03-31,1.14565,1.15744,1.14471,1.15736,1.14569,1.15747,1.14473,1.15741,5e-05,185958.7
2026-04-01,1.15737,1.16271,1.15547,1.15896,1.15738,1.16272,1.15551,1.15899,3e-05,176442.1
2026-04-02,1.15895,1.16055,1.1509,1.15414,1.15898,1.1606,1.15094,1.15417,3e-05,173889.48
2026-04-03,1.15414,1.15489,1.15105,1.15105,1.15418,1.15496,1.15143,1.15263,0.00158,42869.88
2026-04-06,1.15096,1.15713,1.15062,1.15407,1.15098,1.15716,1.15066,1.15411,4e-05,110398.4
2026-04-07,1.15407,1.16902,1.15239,1.16862,1.1541,1.16906,1.15244,1.16866,4e-05,178495.6
2026-04-08,1.16865,1.17217,1.16433,1.16589,1.16869,1.17219,1.16436,1.16595,6e-05,210244.34
2026-04-09,1.16591,1.17234,1.16503,1.16913,1.16593,1.17235,1.16506,1.16917,4e-05,120346.36
2026-04-10,1.16913,1.17392,1.16773,1.17216,1.16919,1.17395,1.16776,1.17275,0.00059,99971.38
2026-04-13,1.1675,1.17666,1.16709,1.17665,1.16751,1.17671,1.16713,1.1767,5e-05,120793.94
2026-04-14,1.17666,1.18111,1.17561,1.17982,1.1767,1.18113,1.17565,1.17986,4e-05,112725.72
2026-04-15,1.17981,1.18079,1.17718,1.18065,1.17984,1.18082,1.17722,1.1807,5e-05,116006.79
2026-04-16,1.18067,1.18238,1.17668,1.17809,1.18071,1.18241,1.17672,1.17813,4e-05,111705.56
2026-04-17,1.17809,1.18491,1.17601,1.17616,1.1781,1.18493,1.17606,1.17667,0.00051,139756.52
2026-04-20,1.17389,1.17908,1.17369,1.1784,1.17392,1.17913,1.17373,1.17844,4e-05,129743.06
2026-04-21,1.17841,1.17861,1.17191,1.17439,1.17844,1.17864,1.17192,1.17441,2e-05,146995.5
2026-04-22,1.17436,1.17626,1.17029,1.17056,1.17438,1.17629,1.17033,1.17058,2e-05,109280.5
2026-04-23,1.17054,1.17164,1.16691,1.16834,1.17059,1.17166,1.16693,1.16839,5e-05,171102.26
2026-04-24,1.16836,1.17229,1.16727,1.17192,1.16838,1.17239,1.16731,1.17237,0.00045,120060.86
2026-04-27,1.17056,1.17548,1.17056,1.17229,1.17058,1.17551,1.17058,1.17233,4e-05,100363.58
2026-04-28,1.17231,1.17269,1.16774,1.17176,1.17232,1.17272,1.16775,1.17179,3e-05,131781.11
2026-04-29,1.17175,1.17204,1.16611,1.16845,1.17179,1.17209,1.16614,1.16847,2e-05,150506.7
2026-04-30,1.16846,1.17416,1.16551,1.17287,1.16848,1.17419,1.16553,1.17289,2e-05,213021.39
2026-05-01,1.17287,1.17851,1.17153,1.17169,1.17291,1.17854,1.17158,1.17241,0.00072,136179.32
2026-05-04,1.17256,1.17389,1.16809,1.16915,1.1726,1.17393,1.16811,1.1692,5e-05,179611.91
2026-05-05,1.16915,1.17253,1.16764,1.17144,1.16919,1.17256,1.16767,1.1715,6e-05,121491.42
2026-05-06,1.17149,1.17966,1.17111,1.17478,1.17151,1.17969,1.17113,1.17481,3e-05,173747.29
2026-05-07,1.17478,1.17783,1.17224,1.17305,1.1748,1.17786,1.17231,1.17308,3e-05,170173.48
2026-05-08,1.17305,1.1788,1.17244,1.17838,1.17309,1.17889,1.17247,1.17882,0.00044,102440.15
2026-05-11,1.17671,1.17878,1.17485,1.17784,1.17676,1.17881,1.17489,1.17787,3e-05,78615.25
2026-05-12,1.17783,1.17783,1.17216,1.17349,1.17787,1.17787,1.17219,1.17354,5e-05,106685.95
2026-05-13,1.17348,1.17417,1.16954,1.17157,1.17353,1.17421,1.16955,1.17161,4e-05,77517.23
2026-05-14,1.17155,1.17214,1.16613,1.16615,1.17157,1.17218,1.16616,1.16621,6e-05,91820.11
2026-05-15,1.16616,1.16634,1.16168,1.16234,1.16621,1.16638,1.16171,1.16278,0.00044,102366.2
2026-05-18,1.16137,1.16616,1.16082,1.16547,1.16138,1.16623,1.16086,1.1655,3e-05,111754.31
2026-05-19,1.16547,1.16558,1.15919,1.16067,1.16549,1.16562,1.15923,1.1607,3e-05,104569.52
2026-05-20,1.16067,1.1645,1.15826,1.16245,1.16068,1.16452,1.15829,1.16251,6e-05,117371.84
2026-05-21,1.16247,1.16353,1.15763,1.16177,1.16252,1.16358,1.15765,1.16182,5e-05,127862.27
2026-05-22,1.16178,1.1619,1.15881,1.15989,1.16182,1.16193,1.15885,1.16064,0.00075,75357.64
2026-05-25,1.16415,1.16527,1.16296,1.16356,1.16419,1.16532,1.16298,1.16361,5e-05,53313.18
2026-05-26,1.16358,1.16451,1.16163,1.16362,1.16363,1.16454,1.16164,1.16367,5e-05,75285.03
2026-05-27,1.16363,1.16614,1.16158,1.16174,1.16365,1.16615,1.16163,1.16177,3e-05,95467.88
2026-05-28,1.16175,1.1661,1.15861,1.16523,1.16176,1.16611,1.15865,1.16528,5e-05,100868.08
2026-05-29,1.16523,1.16857,1.16248,1.16546,1.16524,1.16861,1.1625,1.1663,0.00084,83904.93
2026-06-01,1.16486,1.16648,1.16067,1.16352,1.16487,1.1665,1.1607,1.16356,4e-05,90905.26
2026-06-02,1.16352,1.16555,1.16134,1.16211,1.16357,1.16559,1.16137,1.16214,3e-05,65701.07
2026-06-03,1.16209,1.16335,1.15945,1.16088,1.16214,1.16338,1.15947,1.16093,5e-05,88162.77
2026-06-04,1.1609,1.16451,1.15984,1.16122,1.16093,1.16453,1.15986,1.16126,4e-05,75142.31
2026-06-05,1.16121,1.16442,1.15179,1.15193,1.16125,1.16445,1.15182,1.1525,0.00057,105837.28
2026-06-08,1.15218,1.15545,1.14999,1.15279,1.15221,1.15549,1.15,1.15284,5e-05,110666.36
2026-06-09,1.15279,1.1578,1.15269,1.1535,1.1528,1.15783,1.15272,1.15352,2e-05,107640.89
2026-06-10,1.15348,1.15731,1.15255,1.15352,1.15353,1.15734,1.15259,1.15355,3e-05,129226.62
2026-06-11,1.15352,1.15896,1.15028,1.15754,1.15356,1.15898,1.1503,1.15756,2e-05,144558.4
2026-06-12,1.15754,1.15894,1.15569,1.15641,1.15757,1.15898,1.15573,1.15711,0.0007,118965.24
2026-06-15,1.16027,1.16221,1.15835,1.15911,1.16032,1.16222,1.15838,1.15914,3e-05,86111.62
2026-06-16,1.15912,1.16196,1.15748,1.16096,1.15916,1.16199,1.1575,1.161,4e-05,82371.87
2026-06-17,1.16094,1.16166,1.14778,1.15068,1.161,1.16168,1.14781,1.15072,4e-05,116124.41
2026-06-18,1.15067,1.15282,1.14512,1.14582,1.15072,1.15286,1.14515,1.14584,2e-05,133950.43
2026-06-19,1.14582,1.14806,1.14178,1.14683,1.14585,1.14809,1.1418,1.14746,0.00063,73686.09
2026-06-22,1.14624,1.14735,1.14189,1.14266,1.14627,1.1474,1.14192,1.14271,5e-05,101596.44
2026-06-23,1.14266,1.1439,1.13755,1.13789,1.1427,1.14392,1.1376,1.13791,2e-05,94359.21
2026-06-24,1.13789,1.1382,1.13245,1.13539,1.13792,1.13824,1.13247,1.13541,2e-05,107952.39
2026-06-25,1.1354,1.13879,1.13333,1.13612,1.13543,1.13883,1.13336,1.13618,6e-05,105498.36
2026-06-26,1.13613,1.14338,1.1354,1.13827,1.13618,1.14343,1.13544,1.13853,0.00026,105176.12
2026-06-29,1.13851,1.14306,1.13808,1.14189,1.13855,1.14307,1.13812,1.14195,6e-05,120059.83
2026-06-30,1.14189,1.14366,1.13825,1.14129,1.14194,1.14368,1.13829,1.14131,2e-05,127450.25
2026-07-01,1.14128,1.14139,1.13617,1.13774,1.14133,1.14143,1.1362,1.13777,3e-05,126671.23
2026-07-02,1.13773,1.14727,1.13749,1.14224,1.13777,1.14729,1.13753,1.14226,2e-05,160787.02
2026-07-03,1.14224,1.14623,1.14204,1.14337,1.14225,1.14626,1.14207,1.1442,0.00083,112840.17
2026-07-06,1.14366,1.14479,1.14083,1.14414,1.14368,1.14484,1.14085,1.14418,4e-05,94431.99
2026-07-07,1.14413,1.14473,1.13999,1.14013,1.14418,1.14476,1.14002,1.14017,4e-05,109418.9
2026-07-08,1.14015,1.14315,1.1391,1.14212,1.14018,1.14319,1.13914,1.14215,3e-05,143519.7
2026-07-09,1.14214,1.14491,1.14198,1.1433,1.14216,1.14495,1.14202,1.14333,3e-05,100378.22
2026-07-10,1.14331,1.14606,1.14114,1.14122,1.14333,1.1461,1.14117,1.14198,0.00076,116860.58
2026-07-13,1.14042,1.14457,1.13752,1.13832,1.14046,1.14461,1.13777,1.13836,4e-05,140693.79
2026-07-14,1.13834,1.14623,1.1378,1.14242,1.13835,1.1463,1.13784,1.14247,5e-05,151499.83
2026-07-15,1.14244,1.14825,1.14059,1.14698,1.14247,1.14827,1.14062,1.14701,3e-05,132193.36
2026-07-16,1.14699,1.14762,1.1431,1.14449,1.14701,1.14765,1.14314,1.14454,5e-05,113795.73
2026-07-17,1.14451,1.14521,1.14243,1.14382,1.14454,1.14523,1.14246,1.14408,0.00026,98552.8
2026-07-20,1.14276,1.14495,1.14023,1.14157,1.14278,1.14497,1.14026,1.14161,4e-05,101988.54
2026-07-21,1.14156,1.14286,1.13942,1.14022,1.14161,1.14289,1.13976,1.14024,2e-05,84442.72
2026-07-22,1.1402,1.14215,1.13986,1.14113,1.14024,1.14219,1.13989,1.14117,4e-05,94983.16
