date,bid_open,bid_high,bid_low,bid_close,ask_open,ask_high,ask_low,ask_close,spread_close,volume
2014-01-01,174.329,174.834,174.289,174.587,174.406,174.861,174.391,174.642,0.055,2645.21
2014-01-02,174.587,174.834,171.834,172.454,174.641,174.855,171.851,172.471,0.017,148454.7
2014-01-03,172.454,172.509,171.045,172.106,172.467,172.52,171.07,172.171,0.065,131059.76
2014-01-06,172.169,172.226,170.409,171.057,172.185,172.233,170.425,171.075,0.018,141214.39
2014-01-07,171.059,171.74,170.83,171.724,171.075,171.753,170.837,171.738,0.014,126429.23
2014-01-08,171.719,172.839,171.5,172.405,171.735,172.849,171.518,172.42,0.015,141332.45
2014-01-09,172.405,173.129,172.191,172.73,172.42,173.139,172.203,172.75,0.02,122427.1
2014-01-10,172.73,173.03,171.247,171.652,172.748,173.039,171.263,171.766,0.114,130185.76
2014-01-13,171.437,171.519,168.342,168.984,171.451,171.536,168.358,169.001,0.017,136648.16
2014-01-14,168.984,171.439,168.827,171.214,169.001,171.456,168.842,171.227,0.013,146889.27
2014-01-15,171.214,171.584,170.437,171.119,171.224,171.6,170.447,171.137,0.018,129137.66
2014-01-16,171.119,171.787,170.194,170.483,171.137,171.799,170.209,170.499,0.016,128134.11
2014-01-17,170.479,171.873,170.17,171.232,170.495,171.887,170.186,171.408,0.176,114867.71
2014-01-20,171.146,171.482,170.302,171.233,171.164,171.496,170.319,171.248,0.015,86121.05
2014-01-21,171.234,172.369,171.206,171.694,171.248,172.379,171.221,171.71,0.016,125777.01
2014-01-22,171.699,173.371,171.319,173.315,171.715,173.391,171.341,173.336,0.021,139583.77
2014-01-23,173.314,173.643,171.212,171.953,173.336,173.666,171.225,171.966,0.013,190318.7
2014-01-24,171.95,172.317,168.546,168.546,171.962,172.326,168.588,168.673,0.127,204013.23
2014-01-27,168.389,170.536,168.331,170.15,168.413,170.546,168.356,170.171,0.021,200120.62
2014-01-28,170.149,171.369,169.939,171.04,170.171,171.401,169.951,171.063,0.023,162121.31
2014-01-29,171.045,171.459,168.695,169.354,171.066,171.473,168.709,169.371,0.017,199926.44
2014-01-30,169.349,169.779,168.169,169.465,169.371,169.791,168.181,169.485,0.02,183796.62
2014-01-31,169.47,169.741,167.574,167.644,169.488,169.761,167.584,167.756,0.112,183199.84
2014-02-03,168.048,168.214,164.29,165.014,168.067,168.233,164.306,165.033,0.019,191025.48
2014-02-04,165.014,166.154,163.876,166.056,165.029,166.166,163.888,166.079,0.023,175163.61
2014-02-05,166.056,166.062,163.949,165.63,166.076,166.086,163.96,165.646,0.016,172793.45
2014-02-06,165.633,166.826,165.049,166.531,165.646,166.838,165.061,166.551,0.02,155658.23
2014-02-07,166.534,168.044,166.162,167.959,166.551,168.081,166.167,168.076,0.117,145494.48
2014-02-10,168.186,168.234,167.2,167.554,168.211,168.251,167.211,167.571,0.017,113250.98
2014-02-11,167.551,169.086,167.504,168.632,167.566,169.098,167.521,168.649,0.017,132391.34
2014-02-12,168.632,170.426,168.317,170.189,168.645,170.454,168.331,170.196,0.007,141371.16
2014-02-13,170.184,170.38,169.236,170.184,170.196,170.392,169.246,170.194,0.01,145829.23
2014-02-14,170.184,170.606,169.115,170.47,170.197,170.623,169.134,170.536,0.066,133610.98
2014-02-17,170.202,171.069,169.899,170.664,170.225,171.082,169.915,170.679,0.015,105588.73
2014-02-18,170.659,171.884,170.217,170.679,170.678,171.9,170.238,170.696,0.017,156214.28
2014-02-19,170.679,171.161,169.602,170.614,170.697,171.173,169.614,170.627,0.013,143630.8
2014-02-20,170.614,170.79,169.225,170.479,170.627,170.798,169.236,170.492,0.013,174463.81
2014-02-21,170.479,171.739,170.103,170.244,170.498,171.745,170.145,170.367,0.123,146918.16
2014-02-24,170.53,170.855,169.856,170.725,170.548,170.867,169.866,170.743,0.018,135875.7
2014-02-25,170.725,171.089,170.061,170.344,170.743,171.098,170.074,170.361,0.017,151000.56
2014-02-26,170.344,170.944,169.954,170.499,170.357,170.954,169.962,170.512,0.013,153481.69
2014-02-27,170.499,170.824,169.052,170.444,170.514,170.839,169.06,170.456,0.012,174566.67
2014-02-28,170.444,171.204,169.38,170.353,170.459,171.214,169.396,170.462,0.109,178013.52
2014-03-03,169.578,169.982,168.826,169.004,169.599,169.99,168.838,169.019,0.015,143802.58
2014-03-04,169.004,170.517,169.004,170.332,169.021,170.525,169.019,170.351,0.019,142242.45
2014-03-05,170.329,171.392,170.147,171.076,170.353,171.403,170.161,171.099,0.023,134834.41
2014-03-06,171.077,172.832,171.074,172.529,171.1,172.847,171.093,172.551,0.022,154648.7
2014-03-07,172.529,173.584,172.041,172.589,172.551,173.591,172.056,172.706,0.117,124947.58
2014-03-10,172.617,172.864,171.535,171.797,172.632,172.881,171.541,171.812,0.015,118170.72
2014-03-11,171.795,172.121,170.755,170.94,171.808,172.132,170.766,170.954,0.014,119708.16
2014-03-12,170.939,171.446,170.164,170.864,170.954,171.454,170.176,170.877,0.013,126431.27
2014-03-13,170.864,171.629,168.711,169.174,170.877,171.644,168.724,169.181,0.007,160364.61
2014-03-14,169.168,169.275,167.938,168.684,169.18,169.281,167.947,168.786,0.102,150512.44
2014-03-17,168.667,169.602,168.504,169.547,168.684,169.615,168.52,169.563,0.016,115132.66
2014-03-18,169.547,169.599,167.775,168.393,169.563,169.61,167.785,168.411,0.018,132418.56
2014-03-19,168.392,169.684,168.073,169.349,168.411,169.704,168.088,169.361,0.012,155387.66
2014-03-20,169.345,169.716,168.711,169.041,169.361,169.731,168.723,169.048,0.007,143976.59
2014-03-21,169.039,169.107,168.1,168.546,169.048,169.121,168.111,168.651,0.105,101136.9
2014-03-24,168.666,169.438,168.322,168.669,168.684,169.45,168.335,168.68,0.011,125801.89
2014-03-25,168.669,169.276,168.379,169.122,168.676,169.295,168.39,169.138,0.016,139510.39
2014-03-26,169.119,169.684,168.787,168.954,169.137,169.695,168.801,168.97,0.016,139362.95
2014-03-27,168.95,170.325,168.635,169.659,168.97,170.346,168.645,169.676,0.017,150798.8
2014-03-28,169.659,171.314,169.558,171.054,169.676,171.326,169.569,171.136,0.082,128989.03
2014-03-31,171.286,172.116,170.989,171.995,171.304,172.131,170.996,172.014,0.019,143531.91
2014-04-01,171.997,172.52,171.75,172.353,172.014,172.526,171.759,172.368,0.015,129646.93
2014-04-02,172.351,173.0,172.316,172.698,172.366,173.01,172.329,172.712,0.014,106709.88
2014-04-03,172.695,173.14,172.158,172.44,172.708,173.151,172.167,172.453,0.013,111336.79
2014-04-04,172.439,172.473,170.994,171.159,172.453,172.522,171.025,171.264,0.105,107140.67
2014-04-07,171.29,171.599,170.674,171.179,171.305,171.614,170.692,171.194,0.015,112727.16
2014-04-08,171.179,171.557,170.009,170.741,171.194,171.57,170.025,170.756,0.015,164134.03
2014-04-09,170.741,171.576,170.482,171.563,170.756,171.591,170.492,171.581,0.018,131027.32
2014-04-10,171.561,171.626,170.016,170.101,171.579,171.644,170.036,170.118,0.017,156546.16
2014-04-11,170.101,170.911,169.494,170.011,170.121,170.924,169.51,170.086,0.075,155306.84
2014-04-14,169.706,170.507,169.584,170.465,169.723,170.52,169.593,170.48,0.015,120474.02
2014-04-15,170.465,170.68,169.487,170.376,170.478,170.691,169.541,170.387,0.011,135487.27
2014-04-16,170.376,172.1,170.363,171.745,170.387,172.112,170.378,171.756,0.011,124656.41
2014-04-17,171.742,172.111,171.452,171.933,171.752,172.119,171.469,171.955,0.022,111421.63
2014-04-18,171.932,172.189,171.764,171.764,171.956,172.211,171.832,172.128,0.364,38415.31
2014-04-21,172.138,172.494,172.115,172.402,172.158,172.511,172.126,172.421,0.019,66342.57
2014-04-22,172.4,172.745,172.015,172.638,172.42,172.755,172.031,172.648,0.01,110759.38
2014-04-23,172.638,172.789,171.36,172.015,172.649,172.801,171.371,172.022,0.007,121643.39
2014-04-24,172.009,172.19,171.478,171.96,172.022,172.209,171.485,171.97,0.01,118318.2
2014-04-25,171.957,172.263,171.382,171.637,171.966,172.277,171.397,171.765,0.128,105012.53
2014-04-28,171.577,172.573,171.259,172.326,171.594,172.587,171.276,172.339,0.013,110822.63
2014-04-29,172.325,172.909,172.266,172.562,172.339,172.92,172.278,172.574,0.012,104960.5
2014-04-30,172.562,172.679,171.938,172.5,172.573,172.747,171.952,172.514,0.014,136055.23
2014-05-01,172.502,172.931,172.389,172.794,172.517,172.941,172.401,172.806,0.012,86334.58
2014-05-02,172.792,173.459,172.364,172.376,172.806,173.501,172.394,172.506,0.13,117988.15
2014-05-05,172.511,172.537,171.777,172.287,172.529,172.548,171.79,172.302,0.015,76027.13
2014-05-06,172.287,172.94,172.2,172.683,172.302,172.954,172.212,172.695,0.012,115359.2
2014-05-07,172.683,172.981,172.147,172.713,172.695,172.991,172.157,172.726,0.013,125034.02
2014-05-08,172.713,172.849,171.865,172.03,172.726,172.864,171.881,172.039,0.009,143938.55
2014-05-09,172.03,172.305,171.219,171.55,172.042,172.311,171.232,171.671,0.121,110895.3
2014-05-12,171.762,172.506,171.692,172.411,171.782,172.517,171.707,172.426,0.015,92095.05
2014-05-13,172.411,172.738,171.914,172.071,172.426,172.75,171.923,172.086,0.015,113742.68
2014-05-14,172.071,172.357,170.603,170.664,172.086,172.365,170.613,170.677,0.013,133665.12
2014-05-15,170.662,171.024,170.162,170.425,170.677,171.038,170.174,170.44,0.015,156980.11
2014-05-16,170.425,171.008,170.226,170.642,170.44,171.032,170.239,170.746,0.104,115887.21
2014-05-19,170.824,170.964,170.02,170.61,170.846,170.979,170.029,170.623,0.013,136485.98
2014-05-20,170.61,170.954,170.379,170.508,170.621,170.996,170.391,170.521,0.013,130234.81
2014-05-21,170.508,171.486,169.809,171.388,170.522,171.499,169.819,171.403,0.015,152830.5
2014-05-22,171.385,171.86,171.219,171.658,171.406,171.871,171.229,171.67,0.012,133755.3
2014-05-23,171.657,171.794,171.269,171.604,171.67,171.806,171.281,171.686,0.082,106703.65
2014-05-26,171.654,171.799,171.476,171.659,171.661,171.813,171.486,171.671,0.012,72511.44
2014-05-27,171.659,171.973,171.284,171.44,171.671,171.984,171.295,171.451,0.011,129102.41
2014-05-28,171.434,171.484,169.894,170.005,171.451,171.5,169.901,170.017,0.012,139172.95
2014-05-29,170.005,170.197,169.54,170.114,170.02,170.208,169.551,170.127,0.013,130407.16
2014-05-30,170.114,170.709,169.789,170.473,170.125,170.716,169.799,170.597,0.124,121140.58
2014-06-02,170.715,171.619,170.583,171.512,170.729,171.631,170.603,171.527,0.015,126746.7
2014-06-03,171.514,171.819,171.274,171.685,171.527,171.826,171.283,171.702,0.017,125652.34
2014-06-04,171.685,172.073,171.353,171.868,171.702,172.083,171.363,171.877,0.009,130625.48
2014-06-05,171.868,172.31,171.603,172.143,171.879,172.322,171.618,172.157,0.014,153710.59
2014-06-06,172.143,172.507,171.827,172.127,172.157,172.539,171.839,172.238,0.111,124552.69
2014-06-09,172.488,172.523,171.998,172.202,172.501,172.536,172.007,172.217,0.015,102120.09
2014-06-10,172.203,172.236,171.34,171.343,172.217,172.248,171.357,171.357,0.014,136548.2
2014-06-11,171.343,171.803,170.96,171.258,171.357,171.812,170.972,171.271,0.013,131765.56
2014-06-12,171.263,172.494,171.033,172.457,171.271,172.511,171.046,172.472,0.015,148952.45
2014-06-13,172.458,173.367,172.392,173.068,172.472,173.377,172.407,173.15,0.082,146664.14
2014-06-16,173.118,173.148,172.727,172.968,173.127,173.162,172.74,172.983,0.015,114148.31
2014-06-17,172.968,173.443,172.826,173.294,172.983,173.457,172.85,173.312,0.018,119480.2
2014-06-18,173.295,173.782,172.802,173.223,173.312,173.803,172.913,173.237,0.014,131734.67
2014-06-19,173.223,173.784,173.005,173.653,173.237,173.795,173.024,173.665,0.012,130538.78
2014-06-20,173.647,174.089,173.542,173.628,173.665,174.106,173.557,173.687,0.059,94794.39
2014-06-23,173.758,173.823,173.174,173.442,173.775,173.837,173.186,173.457,0.015,100422.54
2014-06-24,173.442,173.713,172.938,173.062,173.457,173.725,172.949,173.08,0.018,107786.5
2014-06-25,173.062,173.107,172.727,172.908,173.079,173.123,172.74,172.92,0.012,118375.21
2014-06-26,172.906,173.441,172.61,173.02,172.922,173.453,172.621,173.037,0.017,125947.27
2014-06-27,173.02,173.078,172.46,172.66,173.037,173.093,172.468,172.768,0.108,107487.25
2014-06-30,172.793,173.411,172.371,173.315,172.808,173.427,172.389,173.333,0.018,118893.0
2014-07-01,173.316,174.283,173.288,174.124,173.333,174.298,173.305,174.141,0.017,117823.67
2014-07-02,174.124,174.799,174.002,174.752,174.141,174.813,174.015,174.763,0.011,105353.88
2014-07-03,174.753,175.363,174.5,175.293,174.763,175.377,174.515,175.308,0.015,118665.45
2014-07-04,175.293,175.338,174.837,175.192,175.31,175.351,174.847,175.252,0.06,72180.54
2014-07-07,175.162,175.18,174.273,174.441,175.178,175.197,174.286,174.458,0.017,87748.18
2014-07-08,174.435,174.548,173.723,173.885,174.458,174.559,173.733,173.901,0.016,95652.57
2014-07-09,173.885,174.415,173.805,174.192,173.903,174.44,173.819,174.206,0.014,101347.14
2014-07-10,174.193,174.306,172.959,173.518,174.206,174.322,172.973,173.535,0.017,114840.3
2014-07-11,173.514,173.802,173.083,173.199,173.536,173.814,173.148,173.311,0.112,93413.29
2014-07-14,173.549,174.006,173.348,173.494,173.571,174.018,173.359,173.511,0.017,90787.29
2014-07-15,173.494,174.549,173.281,174.293,173.511,174.56,173.291,174.299,0.006,118352.24
2014-07-16,174.288,174.431,173.991,174.195,174.302,174.445,174.027,174.21,0.015,90760.2
2014-07-17,174.192,174.218,172.747,173.015,174.21,174.232,172.771,173.032,0.017,115631.05
2014-07-18,173.015,173.579,172.675,173.102,173.027,173.593,172.687,173.207,0.105,102728.98
2014-07-21,173.198,173.198,172.803,173.122,173.217,173.217,172.812,173.139,0.017,86120.16
2014-07-22,173.123,173.473,172.974,173.163,173.139,173.485,172.984,173.178,0.015,105404.18
2014-07-23,173.163,173.327,172.604,172.983,173.179,173.339,172.617,173.0,0.017,103583.1
2014-07-24,172.983,173.058,172.631,172.898,173.0,173.069,172.644,172.915,0.017,117071.61
2014-07-25,172.898,173.169,172.643,172.828,172.912,173.182,172.662,172.918,0.09,104708.02
2014-07-28,172.784,173.09,172.753,172.933,172.796,173.101,172.77,172.947,0.014,97671.21
2014-07-29,172.928,173.205,172.722,172.973,172.947,173.22,172.735,172.991,0.018,119766.88
2014-07-30,172.978,174.205,172.91,173.896,172.991,174.222,172.927,173.912,0.016,136451.91
2014-07-31,173.896,173.994,173.4,173.593,173.912,174.008,173.408,173.608,0.015,127856.88
2014-08-01,173.593,173.845,172.382,172.548,173.608,173.859,172.394,172.637,0.089,142634.95
2014-08-04,172.573,172.995,172.457,172.954,172.592,173.013,172.467,172.968,0.014,84889.89
2014-08-05,172.964,173.503,172.771,173.143,172.968,173.512,172.787,173.162,0.019,110599.6
2014-08-06,173.147,173.173,171.562,172.139,173.162,173.192,171.583,172.158,0.019,128006.33
2014-08-07,172.138,172.612,171.705,171.857,172.156,172.628,171.714,171.874,0.017,141248.73
2014-08-08,171.858,171.865,170.702,171.112,171.874,171.885,170.716,171.227,0.115,152732.31
2014-08-11,171.374,171.663,171.232,171.538,171.392,171.683,171.246,171.557,0.019,98789.09
2014-08-12,171.538,171.963,171.382,171.888,171.553,171.981,171.395,171.905,0.017,108419.75
2014-08-13,171.888,172.589,170.857,170.91,171.903,172.646,170.868,170.925,0.015,125143.1
2014-08-14,170.91,171.224,170.657,171.04,170.927,171.242,170.669,171.052,0.012,113459.17
2014-08-15,171.038,171.453,170.425,170.803,171.053,171.462,170.437,170.927,0.124,122802.91
2014-08-18,171.211,171.678,171.028,171.614,171.233,171.69,171.046,171.629,0.015,90964.95
2014-08-19,171.614,171.633,170.701,171.084,171.63,171.649,170.714,171.099,0.015,107234.02
2014-08-20,171.085,172.305,171.014,172.141,171.1,172.322,171.027,172.154,0.013,125040.24
2014-08-21,172.145,172.393,171.884,172.172,172.154,172.417,171.894,172.185,0.013,92159.3
2014-08-22,172.173,172.623,171.618,172.164,172.186,172.638,171.631,172.293,0.129,109902.52
2014-08-25,172.438,172.685,172.302,172.432,172.455,172.701,172.314,172.449,0.017,93230.89
2014-08-26,172.432,172.588,172.102,172.234,172.448,172.598,172.117,172.249,0.015,115675.64
2014-08-27,172.234,172.533,172.066,172.172,172.244,172.542,172.077,172.189,0.017,117911.95
2014-08-28,172.17,172.29,171.673,172.049,172.188,172.318,171.685,172.066,0.017,128077.06
2014-08-29,172.049,172.815,171.948,172.728,172.066,172.893,171.964,172.847,0.119,112759.91
2014-09-01,172.815,173.412,172.761,173.369,172.83,173.425,172.78,173.382,0.013,93465.41
2014-09-02,173.368,173.951,173.009,173.305,173.382,173.964,173.023,173.322,0.017,135294.75
2014-09-03,173.305,173.316,172.378,172.637,173.323,173.356,172.386,172.652,0.015,131749.22
2014-09-04,172.638,172.77,171.657,172.027,172.653,172.788,171.683,172.043,0.016,147021.0
2014-09-05,172.026,172.109,170.93,171.542,172.043,172.128,170.973,171.618,0.076,136764.55
2014-09-08,170.533,171.101,169.342,170.779,170.552,171.112,169.355,170.796,0.017,164350.3
2014-09-09,170.778,171.524,170.619,171.09,170.794,171.54,170.635,171.107,0.017,178288.09
2014-09-10,171.09,173.312,171.078,173.055,171.107,173.338,171.097,173.069,0.014,197629.84
2014-09-11,173.055,174.237,172.775,174.052,173.069,174.272,172.79,174.065,0.013,168720.91
2014-09-12,174.053,174.649,173.693,174.547,174.065,174.708,173.707,174.676,0.129,137658.97
2014-09-15,174.494,174.525,173.782,173.844,174.513,174.538,173.802,173.864,0.02,140468.38
2014-09-16,173.844,174.473,172.985,174.27,173.864,174.492,172.996,174.287,0.017,168054.0
2014-09-17,174.273,176.708,174.242,176.561,174.289,176.73,174.256,176.578,0.017,187781.16
2014-09-18,176.564,178.978,176.213,178.703,176.582,179.02,176.233,178.736,0.033,191426.03
2014-09-19,178.708,180.708,177.462,177.543,178.738,180.733,177.48,177.667,0.124,211481.06
2014-09-22,177.683,178.35,177.635,177.997,177.701,178.363,177.653,178.012,0.015,141669.53
2014-09-23,177.999,178.739,176.639,177.959,178.012,178.75,176.653,177.976,0.017,172474.94
2014-09-24,177.959,178.491,177.637,178.472,177.973,178.515,177.647,178.493,0.021,152913.77
2014-09-25,178.48,178.489,177.136,177.389,178.493,178.502,177.149,177.408,0.019,186410.02
2014-09-26,177.391,178.103,177.146,177.481,177.408,178.116,177.161,177.597,0.116,140504.02
2014-09-29,177.648,178.179,177.36,177.682,177.665,178.193,177.377,177.699,0.017,198982.81
2014-09-30,177.682,178.109,177.361,177.806,177.699,178.12,177.374,177.823,0.017,171057.67
2014-10-01,177.805,178.125,176.172,176.468,177.823,178.138,176.192,176.482,0.014,189755.23
2014-10-02,176.462,176.626,174.313,175.322,176.48,176.644,174.329,175.336,0.014,219505.41
2014-10-03,175.32,175.905,174.977,175.195,175.336,175.922,174.992,175.307,0.112,158867.27
2014-10-06,175.276,175.322,174.464,174.995,175.29,175.337,174.477,175.005,0.01,140417.05
2014-10-07,174.995,175.139,173.542,173.834,175.009,175.156,173.563,173.852,0.018,212569.09
2014-10-08,173.835,174.96,173.436,174.793,173.853,174.974,173.451,174.811,0.018,198218.45
2014-10-09,174.791,175.001,173.576,173.826,174.811,175.021,173.589,173.842,0.016,208000.66
2014-10-10,173.826,173.994,172.734,173.008,173.842,174.015,172.746,173.128,0.12,160862.06
2014-10-13,172.727,173.015,171.721,171.976,172.744,173.029,171.754,171.99,0.014,158187.25
2014-10-14,171.976,172.476,169.922,170.517,171.99,172.494,169.935,170.535,0.018,193640.19
2014-10-15,170.519,171.145,168.013,169.476,170.536,171.157,168.032,169.497,0.021,292721.28
2014-10-16,169.475,171.534,168.458,171.312,169.497,171.562,168.473,171.33,0.018,286501.28
2014-10-17,171.314,172.053,170.195,171.943,171.332,172.088,170.207,172.072,0.129,165823.11
2014-10-20,172.418,172.999,172.271,172.691,172.437,173.017,172.287,172.71,0.019,166168.45
2014-10-21,172.692,172.74,171.793,172.42,172.71,172.761,171.803,172.437,0.017,184613.09
2014-10-22,172.42,172.603,171.065,171.904,172.433,172.617,171.081,171.924,0.02,171762.25
2014-10-23,171.908,173.658,171.703,173.334,171.923,173.671,171.714,173.358,0.024,185593.23
2014-10-24,173.334,174.011,172.97,173.98,173.353,174.089,172.985,174.088,0.108,162844.83
2014-10-27,174.058,174.06,173.387,173.877,174.073,174.079,173.401,173.896,0.019,151076.52
2014-10-28,173.877,174.74,173.687,174.518,173.895,174.759,173.705,174.535,0.017,153118.89
2014-10-29,174.518,174.687,173.935,174.17,174.535,174.703,174.022,174.184,0.014,144151.59
2014-10-30,174.17,175.161,173.986,174.74,174.186,175.178,174.005,174.759,0.019,186659.52
2014-10-31,174.738,179.817,174.673,179.612,174.758,179.83,174.693,179.741,0.129,234810.22
2014-11-03,180.211,182.522,179.65,181.643,180.231,182.535,179.68,181.663,0.02,188333.19
2014-11-04,181.643,182.016,181.116,181.672,181.663,182.033,181.136,181.698,0.026,198190.58
2014-11-05,181.673,183.427,181.634,183.036,181.697,183.445,181.651,183.049,0.013,235777.73
2014-11-06,183.036,184.319,181.865,182.451,183.052,184.341,181.882,182.472,0.021,266440.78
2014-11-07,182.447,182.822,181.217,181.88,182.464,182.986,181.239,181.935,0.055,222034.3
2014-11-10,181.884,182.252,181.077,181.957,181.901,182.267,181.089,181.977,0.02,185479.34
2014-11-11,181.957,184.66,181.763,184.319,181.978,184.69,181.782,184.342,0.023,212157.89
2014-11-12,184.319,184.35,181.962,182.273,184.342,184.371,181.982,182.298,0.025,249325.83
2014-11-13,182.278,182.783,181.541,181.809,182.298,182.801,181.557,181.835,0.026,187239.91
2014-11-14,181.809,182.663,181.596,182.149,181.832,182.673,181.617,182.194,0.045,199934.91
2014-11-17,183.075,183.083,181.091,182.388,183.106,183.106,181.11,182.412,0.024,219760.7
2014-11-18,182.388,183.333,182.237,182.647,182.412,183.353,182.258,182.666,0.019,193114.91
2014-11-19,182.647,185.448,182.52,185.135,182.666,185.492,182.544,185.157,0.022,201893.39
2014-11-20,185.135,186.125,184.948,185.552,185.155,186.147,184.967,185.567,0.015,226574.06
2014-11-21,185.552,185.573,183.973,184.49,185.566,185.582,183.988,184.603,0.113,220345.3
2014-11-24,184.269,186.071,184.052,185.945,184.291,186.095,184.077,185.976,0.031,158214.78
2014-11-25,185.948,185.948,184.518,185.183,185.976,185.976,184.542,185.2,0.017,179459.16
2014-11-26,185.186,186.107,184.77,185.705,185.2,186.126,184.789,185.717,0.012,152821.23
2014-11-27,185.705,185.829,185.016,185.364,185.721,185.848,185.027,185.397,0.033,115646.72
2014-11-28,185.364,185.917,185.227,185.685,185.391,185.934,185.247,185.796,0.111,129935.52
2014-12-01,185.549,186.333,185.039,186.158,185.574,186.349,185.053,186.175,0.017,204954.44
2014-12-02,186.16,186.925,186.028,186.489,186.177,186.94,186.045,186.509,0.02,170567.86
2014-12-03,186.489,188.188,186.275,188.078,186.507,188.208,186.288,188.095,0.017,173488.78
2014-12-04,188.078,188.233,187.588,187.825,188.092,188.249,187.617,187.845,0.02,194030.41
2014-12-05,187.821,189.71,187.288,189.292,187.843,189.726,187.313,189.414,0.122,182827.78
2014-12-08,189.286,189.449,188.425,188.812,189.318,189.479,188.444,188.828,0.016,177032.88
2014-12-09,188.807,189.206,185.188,187.189,188.828,189.228,185.207,187.214,0.025,276291.97
2014-12-10,187.191,187.823,184.961,185.209,187.217,187.848,184.984,185.24,0.031,257920.86
2014-12-11,185.211,187.758,184.963,187.043,185.243,187.766,184.99,187.063,0.02,254198.11
2014-12-12,187.046,187.358,185.593,186.642,187.066,187.382,185.617,186.762,0.12,210765.56
2014-12-15,185.79,187.042,183.841,184.208,185.816,187.071,183.857,184.226,0.018,232184.91
2014-12-16,184.207,185.089,181.603,183.599,184.225,185.119,181.641,183.619,0.02,304824.97
2014-12-17,183.599,185.312,182.997,184.944,183.617,185.346,183.233,184.975,0.031,249232.34
2014-12-18,184.944,186.725,184.42,186.351,184.975,186.744,184.444,186.373,0.022,206361.12
2014-12-19,186.351,187.239,186.037,186.708,186.373,187.261,186.066,186.833,0.125,158319.98
2014-12-22,186.777,187.543,186.498,187.166,186.804,187.571,186.527,187.183,0.017,87193.1
2014-12-23,187.167,187.483,186.48,187.278,187.186,187.507,186.503,187.299,0.021,86613.45
2014-12-24,187.278,187.45,186.616,187.218,187.299,187.549,186.649,187.379,0.161,81731.08
2014-12-25,187.223,187.36,186.467,187.295,187.379,187.556,186.698,187.334,0.039,15163.6
2014-12-26,187.297,187.446,186.927,187.202,187.339,187.472,186.954,187.4,0.198,54995.4
2014-12-29,187.274,187.787,187.05,187.146,187.296,187.822,187.07,187.165,0.019,87400.76
2014-12-30,187.151,187.232,184.95,185.959,187.17,187.255,184.975,185.986,0.027,129155.83
2014-12-31,185.955,186.997,185.7,186.633,185.985,187.019,185.725,186.703,0.07,98574.38
2015-01-01,186.56,186.841,186.496,186.768,186.687,186.877,186.592,186.787,0.019,6515.13
2015-01-02,186.764,187.314,184.299,184.618,186.781,187.331,184.312,184.741,0.123,176762.06
2015-01-05,184.008,184.426,181.707,182.206,184.041,184.448,181.728,182.223,0.017,206171.89
2015-01-06,182.206,182.333,179.091,179.586,182.222,182.35,179.218,179.606,0.02,253185.84
2015-01-07,179.582,180.722,179.557,180.171,179.602,180.848,179.579,180.193,0.022,228633.86
2015-01-08,180.173,180.933,179.984,180.712,180.193,180.953,179.996,180.727,0.015,177089.05
2015-01-09,180.712,180.919,179.477,179.612,180.732,180.935,179.481,179.735,0.123,199427.45
2015-01-12,179.588,180.544,179.019,179.521,179.601,180.561,179.039,179.55,0.029,214878.81
2015-01-13,179.521,180.088,178.098,178.686,179.55,180.107,178.119,178.708,0.022,260704.56
2015-01-14,178.693,178.928,176.862,178.892,178.713,178.949,176.88,178.918,0.026,312669.28
2015-01-15,178.888,179.577,175.793,176.305,178.911,179.591,175.909,176.324,0.019,340745.25
2015-01-16,176.308,178.33,175.879,178.011,176.327,178.356,175.904,178.29,0.279,220958.91
2015-01-19,178.047,178.362,176.982,177.654,178.067,178.382,177.012,177.682,0.028,148234.06
2015-01-20,177.654,180.273,177.585,179.703,177.682,180.289,177.613,179.721,0.018,245291.55
2015-01-21,179.705,179.813,177.058,178.459,179.721,179.84,177.078,178.482,0.023,273211.31
2015-01-22,178.462,179.222,177.21,178.139,178.486,179.242,177.229,178.167,0.028,279746.91
2015-01-23,178.138,178.168,176.148,176.522,178.167,178.178,176.174,176.648,0.126,263189.88
2015-01-26,176.045,178.971,176.002,178.789,176.076,178.994,176.029,178.81,0.021,233300.55
2015-01-27,178.789,179.415,177.843,178.892,178.81,179.437,177.863,178.913,0.021,288474.59
2015-01-28,178.886,179.368,177.64,178.017,178.906,179.387,177.683,178.039,0.022,256186.06
2015-01-29,178.018,178.936,177.699,178.317,178.039,178.956,177.72,178.353,0.036,323593.22
2015-01-30,178.317,178.331,176.124,177.229,178.357,178.361,176.149,177.356,0.127,266102.16
2015-02-02,176.774,177.726,176.111,176.696,176.782,177.749,176.135,176.714,0.018,258153.98
2015-02-03,176.695,178.39,175.496,178.142,176.713,178.415,175.522,178.162,0.02,272899.47
2015-02-04,178.138,179.285,177.591,178.037,178.16,179.303,177.618,178.057,0.02,280626.53
2015-02-05,178.042,180.398,177.732,180.041,178.057,180.418,177.757,180.068,0.027,243105.66
2015-02-06,180.045,181.797,179.545,181.541,180.068,181.815,179.601,181.62,0.079,254767.81
2015-02-09,181.28,181.618,180.157,180.42,181.299,181.641,180.174,180.443,0.023,278893.75
2015-02-10,180.42,182.274,180.256,182.12,180.443,182.313,180.278,182.146,0.026,290708.97
2015-02-11,182.12,183.96,181.993,183.214,182.145,183.981,182.022,183.243,0.029,272338.78
2015-02-12,183.213,184.17,181.082,183.026,183.243,184.202,181.101,183.052,0.026,365216.78
2015-02-13,183.026,183.351,182.482,182.786,183.053,183.376,182.505,183.062,0.276,270133.53
2015-02-16,182.702,183.21,181.517,181.903,182.732,183.229,181.551,181.924,0.021,143085.64
2015-02-17,181.902,183.388,181.576,183.012,181.924,183.409,181.597,183.026,0.014,197214.31
2015-02-18,183.013,184.202,182.593,183.229,183.026,184.217,182.617,183.246,0.017,233002.06
2015-02-19,183.229,184.03,183.014,183.453,183.248,184.047,183.053,183.482,0.029,220793.88
2015-02-20,183.453,183.663,181.661,183.219,183.482,183.682,181.678,183.31,0.091,268536.84
2015-02-23,183.229,184.012,182.605,183.728,183.246,184.035,182.62,183.746,0.018,206957.31
2015-02-24,183.728,184.843,183.535,183.719,183.746,184.9,183.559,183.745,0.026,233806.66
2015-02-25,183.718,184.669,183.531,184.505,183.745,184.683,183.548,184.515,0.01,197058.97
2015-02-26,184.495,185.025,183.593,184.017,184.511,185.042,183.609,184.036,0.019,206151.59
2015-02-27,184.017,185.007,183.545,184.563,184.036,185.023,183.556,184.672,0.109,193969.31
2015-03-02,184.597,184.921,184.165,184.62,184.614,184.933,184.181,184.634,0.014,153473.5
2015-03-03,184.621,184.621,183.653,183.837,184.633,184.633,183.672,183.848,0.011,169290.42
2015-03-04,183.837,183.989,182.526,182.596,183.847,184.009,182.548,182.626,0.03,159399.72
2015-03-05,182.596,183.71,182.389,183.047,182.622,183.729,182.411,183.064,0.017,164233.44
2015-03-06,183.047,183.127,181.465,181.664,183.062,183.146,181.503,181.753,0.089,167107.62
2015-03-09,181.809,183.597,181.646,183.431,181.826,183.605,181.667,183.456,0.025,159527.06
2015-03-10,183.431,183.912,182.203,182.511,183.456,183.937,182.219,182.523,0.012,233799.64
2015-03-11,182.511,183.141,180.779,181.308,182.528,183.161,180.802,181.321,0.013,249981.81
2015-03-12,181.307,181.789,180.199,180.662,181.327,181.807,180.213,180.68,0.018,231662.94
2015-03-13,180.662,180.751,178.227,178.923,180.677,180.77,178.247,179.05,0.127,176717.75
2015-03-16,178.983,180.193,178.908,179.928,179.008,180.21,178.921,179.946,0.018,149377.19
2015-03-17,179.931,180.134,178.543,178.915,179.95,180.153,178.553,178.932,0.017,148799.75
2015-03-18,178.908,181.01,177.152,179.625,178.936,181.089,177.17,179.655,0.03,192937.78
2015-03-19,179.624,179.91,177.719,178.219,179.655,179.929,177.74,178.236,0.017,240467.92
2015-03-20,178.217,180.089,177.937,179.502,178.234,180.109,177.959,179.606,0.104,173082.47
2015-03-23,179.329,179.371,178.15,179.036,179.346,179.394,178.168,179.055,0.019,199965.47
2015-03-24,179.035,179.213,177.508,177.683,179.055,179.236,177.527,177.702,0.019,206570.69
2015-03-25,177.684,178.376,177.543,177.795,177.702,178.436,177.559,177.814,0.019,170415.38
2015-03-26,177.795,177.866,176.48,177.067,177.811,177.884,176.498,177.086,0.019,227627.48
2015-03-27,177.069,177.93,176.702,177.165,177.089,177.942,176.718,177.25,0.085,198511.81
2015-03-30,177.472,178.2,176.677,177.725,177.49,178.218,176.7,177.747,0.022,220809.72
2015-03-31,177.728,178.316,177.106,177.918,177.747,178.328,177.126,177.941,0.023,196899.69
2015-04-01,177.909,178.431,176.783,177.389,177.93,178.446,176.803,177.4,0.011,207544.34
2015-04-02,177.388,177.953,176.772,177.474,177.401,177.97,176.791,177.496,0.022,184382.06
2015-04-03,177.472,177.874,177.106,177.309,177.496,177.919,177.128,177.738,0.429,90467.74
2015-04-06,177.334,178.285,177.247,177.9,177.357,178.303,177.27,177.914,0.014,103564.72
2015-04-07,177.9,179.184,177.802,178.27,177.916,179.203,177.817,178.284,0.014,174858.38
2015-04-08,178.27,179.291,177.632,178.659,178.287,179.306,177.648,178.677,0.018,184138.41
2015-04-09,178.659,179.087,177.107,177.401,178.679,179.099,177.123,177.418,0.017,169443.55
2015-04-10,177.407,177.53,175.676,175.833,177.418,177.547,175.693,175.956,0.123,148972.98
2015-04-13,175.925,176.529,175.305,176.082,175.942,176.549,175.331,176.099,0.017,166025.69
2015-04-14,176.086,176.615,174.875,176.448,176.111,176.638,174.888,176.467,0.019,175053.34
2015-04-15,176.448,176.955,175.695,176.672,176.467,176.975,175.718,176.689,0.017,170875.77
2015-04-16,176.674,178.034,176.602,177.704,176.69,178.052,176.621,177.723,0.019,178309.06
2015-04-17,177.707,178.745,177.44,177.922,177.724,178.766,177.465,178.047,0.125,182777.16
2015-04-20,177.836,178.205,177.184,177.743,177.851,178.224,177.197,177.759,0.016,163781.69
2015-04-21,177.745,178.897,177.483,178.649,177.76,178.915,177.499,178.664,0.015,165727.55
2015-04-22,178.649,180.46,178.461,180.36,178.666,180.477,178.478,180.378,0.018,189448.03
2015-04-23,180.36,180.447,179.309,179.956,180.379,180.463,179.33,179.975,0.019,199207.03
2015-04-24,179.958,181.015,179.656,180.677,179.975,181.024,179.674,180.768,0.091,196199.44
2015-04-27,180.444,181.582,180.301,181.35,180.461,181.593,180.32,181.367,0.017,175499.33
2015-04-28,181.349,182.395,180.692,182.181,181.372,182.43,180.724,182.198,0.017,184854.86
2015-04-29,182.177,184.116,182.116,183.533,182.199,184.125,182.133,183.552,0.019,240269.34
2015-04-30,183.533,184.149,182.583,183.437,183.545,184.17,182.6,183.456,0.019,241413.64
2015-05-01,183.436,184.47,181.778,181.909,183.454,184.488,181.799,182.057,0.148,152492.22
2015-05-04,182.037,182.129,181.402,181.62,182.06,182.144,181.425,181.636,0.016,130045.88
2015-05-05,181.614,182.787,181.451,181.932,181.636,182.808,181.47,181.946,0.014,193166.86
2015-05-06,181.932,182.531,181.442,181.963,181.943,182.577,181.464,181.976,0.013,224956.11
2015-05-07,181.963,184.883,180.951,184.304,181.977,184.928,180.969,184.334,0.03,250612.09
2015-05-08,184.304,186.035,184.139,185.011,184.334,186.062,184.157,185.106,0.095,256612.27
2015-05-11,184.942,187.394,184.573,187.114,184.964,187.406,184.586,187.134,0.02,206426.27
2015-05-12,187.117,188.37,186.728,187.785,187.137,188.393,186.744,187.804,0.019,218959.56
2015-05-13,187.789,188.6,187.023,187.552,187.804,188.615,187.04,187.567,0.015,238112.05
2015-05-14,187.552,188.526,187.358,188.013,187.567,188.54,187.378,188.032,0.019,259501.41
2015-05-15,188.015,188.613,187.542,187.666,188.035,188.633,187.643,187.722,0.056,244244.31
2015-05-18,187.838,188.271,187.301,187.812,187.859,188.288,187.322,187.828,0.016,217700.2
2015-05-19,187.812,187.966,185.959,187.143,187.831,187.985,185.984,187.163,0.02,257469.56
2015-05-20,187.143,188.613,187.121,188.372,187.163,188.624,187.14,188.392,0.02,262342.12
2015-05-21,188.373,190.011,187.949,189.533,188.393,190.031,187.966,189.557,0.024,199687.2
2015-05-22,189.536,189.657,187.938,188.083,189.557,189.679,187.957,188.423,0.34,165523.45
2015-05-25,188.083,188.601,187.798,188.189,188.095,188.624,187.821,188.212,0.023,90176.58
2015-05-26,188.189,189.665,187.884,189.329,188.212,189.683,187.905,189.348,0.019,173133.23
2015-05-27,189.327,190.346,189.238,189.907,189.348,190.359,189.259,189.926,0.019,176751.34
2015-05-28,189.907,190.705,189.278,189.675,189.926,190.729,189.297,189.693,0.018,176499.45
2015-05-29,189.672,190.002,188.696,189.798,189.693,190.022,188.709,189.907,0.109,175394.89
2015-06-01,189.92,189.989,188.541,189.745,189.942,190.009,188.556,189.77,0.025,203076.27
2015-06-02,189.751,190.531,189.124,190.243,189.77,190.553,189.143,190.263,0.02,218546.53
2015-06-03,190.243,190.802,189.555,190.512,190.263,190.822,189.559,190.533,0.021,196890.56
2015-06-04,190.514,191.688,189.828,191.048,190.535,191.706,189.85,191.071,0.023,193520.14
2015-06-05,191.053,191.955,190.426,191.728,191.072,191.979,190.778,191.852,0.124,163464.27
2015-06-08,191.728,191.771,190.683,191.126,191.747,191.787,190.698,191.143,0.017,175319.41
2015-06-09,191.123,191.415,189.53,191.335,191.131,191.436,189.543,191.359,0.024,177969.83
2015-06-10,191.335,191.613,188.971,190.481,191.359,191.631,188.996,190.493,0.012,240629.38
2015-06-11,190.484,191.944,190.38,191.761,190.497,191.963,190.401,191.777,0.016,188221.06
2015-06-12,191.764,192.208,191.237,191.952,191.777,192.231,191.263,192.159,0.207,167142.8
2015-06-15,191.912,192.632,191.412,192.507,191.931,192.68,191.427,192.53,0.023,164509.47
2015-06-16,192.507,193.152,192.067,193.065,192.531,193.169,192.085,193.088,0.023,159181.52
2015-06-17,193.065,195.843,192.956,195.828,193.086,195.853,192.976,195.846,0.018,181342.53
2015-06-18,195.827,195.827,194.347,195.302,195.846,195.846,194.365,195.327,0.025,200368.42
2015-06-19,195.302,195.498,194.604,194.711,195.327,195.517,194.62,194.868,0.157,146644.45
2015-06-22,194.866,195.572,194.617,195.323,194.888,195.591,194.632,195.341,0.018,150166.72
2015-06-23,195.323,195.497,194.586,194.945,195.341,195.51,194.597,194.965,0.02,160541.05
2015-06-24,194.941,195.883,194.252,194.514,194.965,195.898,194.272,194.532,0.018,151241.16
2015-06-25,194.512,194.769,193.478,194.602,194.532,194.847,193.495,194.617,0.015,151635.77
2015-06-26,194.602,195.256,193.933,195.027,194.622,195.274,193.954,195.177,0.15,132719.97
2015-06-29,192.328,193.525,192.128,192.913,192.361,193.553,192.159,192.94,0.027,187052.06
2015-06-30,192.913,193.015,191.706,191.998,192.937,193.039,191.738,192.052,0.054,191222.98
2015-07-01,191.967,192.962,191.929,192.431,192.033,193.013,191.97,192.453,0.022,177444.88
2015-07-02,192.431,192.937,191.925,192.088,192.455,192.948,191.944,192.105,0.017,156554.44
2015-07-03,192.085,192.498,190.816,191.1,192.105,192.592,190.918,191.472,0.372,122424.56
2015-07-06,190.361,191.652,190.09,191.334,190.388,191.676,190.112,191.359,0.025,180754.16
2015-07-07,191.334,191.551,188.237,189.449,191.359,191.582,188.249,189.472,0.023,193664.19
2015-07-08,189.452,189.46,184.993,185.754,189.472,189.482,185.011,185.778,0.024,219532.05
2015-07-09,185.755,187.363,185.245,187.068,185.778,187.398,185.267,187.088,0.02,187166.12
2015-07-10,187.062,190.768,186.748,190.327,187.083,190.848,186.771,190.793,0.466,169321.8
2015-07-13,190.028,192.326,189.77,191.32,190.053,192.343,189.796,191.341,0.021,181575.92
2015-07-14,191.326,192.946,190.563,192.826,191.341,193.023,190.589,192.847,0.021,165081.31
2015-07-15,192.826,193.852,192.669,193.621,192.85,193.881,192.69,193.645,0.024,171586.38
2015-07-16,193.623,193.94,193.04,193.835,193.645,193.955,193.054,193.862,0.027,170641.06
2015-07-17,193.835,194.373,192.894,193.584,193.86,194.392,192.911,193.711,0.127,119233.68
2015-07-20,193.701,193.943,193.045,193.519,193.724,193.962,193.063,193.544,0.025,122925.52
2015-07-21,193.519,193.865,192.521,192.665,193.542,193.881,192.537,192.693,0.028,147352.98
2015-07-22,192.664,193.976,192.303,193.702,192.689,193.995,192.322,193.726,0.024,153708.19
2015-07-23,193.702,193.919,191.937,192.24,193.724,193.934,191.947,192.261,0.021,143966.02
2015-07-24,192.239,192.461,191.649,191.939,192.261,192.485,191.665,192.137,0.198,113255.44
2015-07-27,192.098,192.193,191.013,191.838,192.125,192.208,191.029,191.863,0.025,164130.64
2015-07-28,191.838,193.228,191.448,192.868,191.863,193.245,191.472,192.893,0.025,166357.14
2015-07-29,192.868,194.167,192.565,193.332,192.892,194.182,192.584,193.355,0.023,150554.23
2015-07-30,193.332,194.585,193.317,193.596,193.355,194.641,193.34,193.62,0.024,151625.53
2015-07-31,193.597,193.998,193.165,193.465,193.62,194.013,193.176,193.588,0.123,146583.89
2015-08-03,193.773,194.238,193.044,193.219,193.79,194.257,193.058,193.242,0.023,129325.51
2015-08-04,193.218,193.824,193.047,193.462,193.241,193.842,193.065,193.483,0.021,162172.06
2015-08-05,193.462,195.219,193.2,194.691,193.485,195.234,193.215,194.711,0.02,173840.31
2015-08-06,194.691,195.255,193.126,193.512,194.71,195.263,193.143,193.532,0.02,148130.98
2015-08-07,193.513,193.777,191.98,192.406,193.532,193.822,191.993,192.533,0.127,138501.06
2015-08-10,192.548,194.455,192.498,194.226,192.572,194.473,192.517,194.253,0.027,133307.44
2015-08-11,194.228,194.989,193.982,194.927,194.253,195.002,194.001,194.952,0.025,159349.16
2015-08-12,194.93,195.022,193.452,194.025,194.953,195.039,193.482,194.048,0.023,174908.7
2015-08-13,194.02,194.73,193.671,194.216,194.045,194.747,193.69,194.237,0.021,172178.2
2015-08-14,194.214,194.561,193.85,194.395,194.237,194.636,193.863,194.525,0.13,146379.66
2015-08-17,194.597,195.161,193.775,193.889,194.62,195.179,193.789,193.91,0.021,142368.48
2015-08-18,193.891,195.271,193.534,194.82,193.912,195.291,193.553,194.844,0.024,145094.23
2015-08-19,194.819,195.035,194.021,194.344,194.844,195.051,194.043,194.367,0.023,167159.2
2015-08-20,194.343,194.542,193.29,193.665,194.365,194.561,193.31,193.685,0.02,169946.16
2015-08-21,193.666,193.747,191.329,191.473,193.689,193.783,191.35,191.594,0.121,187706.31
2015-08-24,190.803,191.083,183.262,187.356,190.826,191.111,183.347,187.384,0.028,270046.81
2015-08-25,187.354,189.992,185.907,186.096,187.384,190.01,185.933,186.134,0.038,259644.12
2015-08-26,186.096,188.088,184.157,185.824,186.134,188.111,184.182,185.848,0.024,283905.56
2015-08-27,185.822,186.832,185.444,186.486,185.846,186.9,185.463,186.514,0.028,246865.3
2015-08-28,186.488,187.365,185.375,187.295,186.518,187.464,185.391,187.401,0.106,195196.91
2015-08-31,186.972,187.158,185.85,186.041,186.994,187.178,185.877,186.066,0.025,163489.84
2015-09-01,186.041,186.211,182.487,183.185,186.067,186.235,182.517,183.212,0.027,210025.11
2015-09-02,183.185,184.682,182.802,184.608,183.214,184.703,182.821,184.632,0.024,213939.8
2015-09-03,184.606,184.712,182.68,183.268,184.63,184.73,182.703,183.296,0.028,175027.45
2015-09-04,183.272,183.278,180.456,180.456,183.294,183.307,180.51,180.585,0.129,180007.77
2015-09-07,181.048,182.52,180.422,182.417,181.076,182.542,180.447,182.438,0.021,179204.73
2015-09-08,182.416,184.959,181.81,184.901,182.441,184.977,181.836,184.923,0.022,210821.58
2015-09-09,184.9,186.425,184.554,184.655,184.923,186.447,184.583,184.675,0.02,230268.94
2015-09-10,184.658,187.325,184.241,186.299,184.678,187.342,184.247,186.323,0.024,245019.47
2015-09-11,186.299,186.868,185.697,186.003,186.323,186.893,185.715,186.112,0.109,162513.3
2015-09-14,186.578,186.626,184.608,185.666,186.603,186.647,184.625,185.692,0.026,185556.22
2015-09-15,185.666,186.096,184.215,184.76,185.69,186.118,184.233,184.78,0.02,195687.78
2015-09-16,184.757,187.191,184.235,186.98,184.779,187.213,184.254,187.001,0.021,179387.91
2015-09-17,186.981,188.267,186.704,186.927,187.002,188.393,186.716,186.954,0.027,202955.81
2015-09-18,186.936,187.373,185.937,186.213,186.96,187.392,185.954,186.404,0.191,212009.12
2015-09-21,186.338,187.328,186.013,186.853,186.361,187.347,186.034,186.878,0.025,171581.45
2015-09-22,186.855,186.934,184.1,184.35,186.881,186.96,184.12,184.376,0.026,181612.45
2015-09-23,184.351,184.656,182.918,183.318,184.377,184.68,182.934,183.342,0.024,196183.3
2015-09-24,183.319,183.554,181.614,183.161,183.342,183.575,181.634,183.179,0.018,223536.8
2015-09-25,183.161,184.423,182.654,182.98,183.187,184.442,182.674,183.108,0.128,200915.88
2015-09-28,183.011,183.303,181.637,181.667,183.042,183.324,181.656,181.693,0.026,198141.41
2015-09-29,181.671,182.519,180.951,181.661,181.692,182.54,180.972,181.683,0.022,229171.34
2015-09-30,181.663,183.042,180.847,181.258,181.685,183.062,180.867,181.282,0.024,198862.05
2015-10-01,181.259,182.028,181.082,181.383,181.282,182.05,181.104,181.406,0.023,196175.38
2015-10-02,181.382,182.578,180.658,181.973,181.407,182.692,180.678,182.103,0.13,196549.39
2015-10-05,182.276,183.198,182.197,182.549,182.3,183.218,182.22,182.571,0.022,177314.47
2015-10-06,182.549,183.272,181.975,183.092,182.568,183.29,181.992,183.117,0.025,156919.83
2015-10-07,183.091,184.048,182.498,183.672,183.117,184.068,182.527,183.697,0.025,210214.52
2015-10-08,183.67,184.272,183.009,184.091,183.693,184.292,183.023,184.116,0.025,195486.11
2015-10-09,184.091,184.849,183.933,184.15,184.116,184.867,183.997,184.279,0.129,169113.48
2015-10-12,184.131,184.688,183.94,184.096,184.151,184.709,183.956,184.115,0.019,118574.06
2015-10-13,184.096,184.35,181.835,182.655,184.114,184.366,181.852,182.675,0.02,166732.48
2015-10-14,182.652,184.333,182.337,183.941,182.675,184.347,182.345,183.964,0.023,193495.19
2015-10-15,183.939,184.363,182.748,184.207,183.964,184.38,182.778,184.228,0.021,202032.06
2015-10-16,184.212,184.726,183.636,184.419,184.233,184.743,183.652,184.532,0.113,145444.23
2015-10-19,184.125,185.096,183.837,184.876,184.149,185.109,183.852,184.901,0.025,142545.11
2015-10-20,184.877,185.589,184.715,185.023,184.901,185.604,184.731,185.046,0.023,140883.62
2015-10-21,185.027,185.567,184.729,184.825,185.046,185.582,184.742,184.844,0.019,151206.55
2015-10-22,184.824,186.043,184.495,185.966,184.844,186.063,184.51,185.985,0.019,179027.81
2015-10-23,185.969,186.271,185.248,185.942,185.985,186.311,185.27,186.072,0.13,160162.94
2015-10-26,185.779,186.011,185.171,185.715,185.806,186.028,185.195,185.738,0.023,141109.8
2015-10-27,185.714,185.744,183.933,184.463,185.74,185.767,183.944,184.483,0.02,141783.94
2015-10-28,184.467,185.035,183.896,184.567,184.484,185.058,183.911,184.59,0.023,149921.2
2015-10-29,184.563,185.547,184.088,185.428,184.586,185.567,184.105,185.45,0.022,178339.06
2015-10-30,185.432,186.725,184.313,186.048,185.449,186.741,184.358,186.152,0.104,202678.02
2015-11-02,186.04,186.969,185.557,186.286,186.061,186.989,185.57,186.3,0.014,140911.41
2015-11-03,186.296,186.887,185.874,186.688,186.32,186.903,185.892,186.709,0.021,135977.48
2015-11-04,186.688,187.315,186.478,186.987,186.708,187.331,186.489,187.01,0.023,164536.27
2015-11-05,186.987,187.682,184.962,185.076,187.01,187.751,184.977,185.097,0.021,169338.95
2015-11-06,185.079,185.817,184.191,185.387,185.098,185.832,184.317,185.506,0.119,175702.58
2015-11-09,185.434,186.605,185.375,186.039,185.456,186.622,185.393,186.052,0.013,154966.73
2015-11-10,186.039,186.512,185.888,186.299,186.054,186.52,185.907,186.323,0.024,157156.7
2015-11-11,186.299,187.045,185.948,186.848,186.319,187.064,185.971,186.874,0.026,155531.05
2015-11-12,186.848,187.508,186.548,186.717,186.876,187.523,186.556,186.738,0.021,168941.11
2015-11-13,186.715,187.031,186.407,186.775,186.739,187.05,186.429,186.988,0.213,150532.16
2015-11-16,186.113,187.48,186.107,187.363,186.14,187.503,186.137,187.385,0.022,166337.7
2015-11-17,187.358,187.985,186.857,187.826,187.382,188.0,186.872,187.842,0.016,162673.75
2015-11-18,187.826,188.379,187.283,188.214,187.844,188.423,187.298,188.238,0.024,140807.69
2015-11-19,188.215,188.802,187.634,187.867,188.24,188.823,187.708,187.885,0.018,165442.72
2015-11-20,187.867,188.086,186.463,186.508,187.885,188.102,186.498,186.565,0.057,142472.11
2015-11-23,186.704,186.973,185.648,185.958,186.726,186.987,185.666,185.979,0.021,144018.8
2015-11-24,185.958,186.002,184.33,184.744,185.979,186.021,184.343,184.762,0.018,149518.22
2015-11-25,184.742,185.797,184.501,185.523,184.758,185.81,184.515,185.544,0.021,145780.94
2015-11-26,185.522,185.58,184.657,185.191,185.543,185.607,184.673,185.219,0.028,127342.49
2015-11-27,185.193,185.318,184.245,184.441,185.219,185.337,184.261,184.787,0.346,138876.42
2015-11-30,184.701,185.661,184.35,185.512,184.727,185.67,184.366,185.532,0.02,141675.11
2015-12-01,185.507,186.021,184.948,185.299,185.523,186.038,184.957,185.316,0.017,160642.11
2015-12-02,185.298,185.635,183.972,184.199,185.316,185.65,183.981,184.219,0.02,170237.73
2015-12-03,184.198,185.893,184.008,185.601,184.219,185.917,184.026,185.621,0.02,225610.72
2015-12-04,185.601,186.246,185.123,185.922,185.624,186.368,185.138,186.144,0.222,214189.47
2015-12-07,186.134,186.341,185.467,185.531,186.158,186.361,185.486,185.554,0.023,171119.08
2015-12-08,185.532,185.59,183.762,184.495,185.553,185.611,183.775,184.518,0.023,191962.7
2015-12-09,184.498,185.392,183.692,184.717,184.52,185.405,183.716,184.737,0.02,223055.03
2015-12-10,184.714,184.973,183.373,184.495,184.737,184.986,183.384,184.519,0.024,184561.22
2015-12-11,184.495,185.057,183.563,184.107,184.519,185.072,183.581,184.153,0.046,181785.34
2015-12-14,183.691,184.39,182.119,183.584,183.713,184.407,182.136,183.596,0.012,221443.98
2015-12-15,183.59,184.22,182.582,183.04,183.596,184.236,182.601,183.067,0.027,202462.67
2015-12-16,183.04,183.727,182.429,183.413,183.062,183.821,182.546,183.437,0.024,218744.59
2015-12-17,183.413,183.66,182.369,182.804,183.443,183.711,182.386,182.828,0.024,201174.0
2015-12-18,182.804,183.94,180.36,180.377,182.827,183.952,180.436,180.468,0.091,212660.45
2015-12-21,180.814,181.22,179.952,180.498,180.841,181.239,179.969,180.526,0.028,174784.06
2015-12-22,180.499,180.614,179.033,179.36,180.528,180.636,179.044,179.384,0.024,137352.45
2015-12-23,179.365,180.154,179.309,179.883,179.393,180.174,179.335,179.911,0.028,122290.89
2015-12-24,179.883,179.972,178.964,179.227,179.912,179.988,178.981,179.382,0.155,106770.37
2015-12-25,179.236,179.783,179.042,179.473,179.381,179.907,179.279,179.837,0.364,8723.16
2015-12-28,179.434,180.046,178.969,179.244,179.477,180.062,178.99,179.282,0.038,117072.03
2015-12-29,179.248,179.546,178.122,178.623,179.282,179.562,178.139,178.643,0.02,112037.25
2015-12-30,178.624,179.037,178.247,178.493,178.643,179.055,178.265,178.518,0.025,121713.07
2015-12-31,178.489,178.712,176.958,177.077,178.514,178.729,176.985,177.351,0.274,110114.49
2016-01-04,177.291,177.366,174.969,175.752,177.311,177.386,174.979,175.777,0.025,188024.31
2016-01-05,175.758,176.162,174.085,174.779,175.777,176.175,174.099,174.798,0.019,196210.34
2016-01-06,174.776,174.823,173.104,173.518,174.798,174.845,173.118,173.534,0.016,224105.44
2016-01-07,173.518,173.756,170.757,171.842,173.539,173.777,170.766,171.867,0.025,259410.88
2016-01-08,171.848,173.367,170.158,170.185,171.876,173.388,170.204,170.305,0.12,227737.88
2016-01-11,170.019,172.278,169.773,171.136,170.049,172.285,169.806,171.161,0.025,229853.91
2016-01-12,171.136,171.69,169.165,170.093,171.161,171.715,169.177,170.114,0.021,243467.67
2016-01-13,170.09,171.288,169.062,169.187,170.114,171.304,169.093,169.217,0.03,236003.23
2016-01-14,169.186,170.565,168.833,170.513,169.213,170.59,168.849,170.539,0.026,254965.81
2016-01-15,170.513,170.558,166.242,166.738,170.538,170.583,166.261,166.868,0.13,264780.88
2016-01-18,166.976,168.153,166.756,167.307,167.008,168.162,166.776,167.328,0.021,204771.39
2016-01-19,167.307,169.097,166.337,166.693,167.329,169.116,166.349,166.713,0.02,249196.33
2016-01-20,166.693,166.693,163.978,166.399,166.71,166.71,163.993,166.412,0.013,307203.38
2016-01-21,166.399,167.767,164.454,167.754,166.417,167.787,164.469,167.776,0.022,336789.84
2016-01-22,167.756,170.361,167.074,169.398,167.775,170.373,167.095,169.491,0.093,251682.05
2016-01-25,168.974,170.007,168.308,168.373,169.004,170.023,168.322,168.391,0.018,237799.06
2016-01-26,168.372,170.27,166.975,169.782,168.391,170.283,166.989,169.804,0.022,250461.95
2016-01-27,169.782,170.025,168.56,168.751,169.805,170.038,168.578,168.776,0.025,260742.25
2016-01-28,168.755,171.147,168.673,170.758,168.779,171.157,168.698,170.773,0.015,250715.38
2016-01-29,170.755,174.17,170.088,172.482,170.78,174.186,170.105,172.559,0.077,279895.28
2016-02-01,172.841,175.015,172.416,174.323,172.871,175.027,172.439,174.341,0.018,239930.38
2016-02-02,174.323,174.562,172.448,172.657,174.34,174.579,172.485,172.676,0.019,253003.69
2016-02-03,172.652,173.748,171.038,172.342,172.676,173.773,171.066,172.363,0.021,312617.91
2016-02-04,172.341,172.469,170.025,170.35,172.36,172.489,170.05,170.372,0.022,309124.22
2016-02-05,170.35,170.532,168.98,169.387,170.373,170.551,168.993,169.503,0.116,254899.72
2016-02-08,169.672,170.628,165.968,166.946,169.699,170.646,165.982,166.974,0.028,286643.31
2016-02-09,166.945,167.141,164.548,166.563,166.973,167.155,164.565,166.597,0.034,372092.53
2016-02-10,166.561,167.637,164.362,164.443,166.594,167.648,164.379,164.467,0.024,364260.38
2016-02-11,164.444,164.886,159.804,162.862,164.467,164.911,159.834,162.898,0.036,380234.84
2016-02-12,162.857,164.767,161.674,164.168,162.893,164.793,161.703,164.335,0.167,308712.88
2016-02-15,165.041,165.754,164.368,165.274,165.068,165.77,164.39,165.3,0.026,244944.11
2016-02-16,165.273,166.082,162.434,163.234,165.3,166.098,162.456,163.254,0.02,263064.0
2016-02-17,163.233,163.878,161.563,163.204,163.254,163.897,161.584,163.248,0.044,289520.62
2016-02-18,163.199,163.965,162.041,162.277,163.256,163.98,162.062,162.296,0.019,251122.88
2016-02-19,162.28,162.338,160.728,162.116,162.296,162.361,160.745,162.242,0.126,251115.91
2016-02-22,160.487,161.559,159.135,159.806,160.507,161.574,159.147,159.834,0.028,238198.2
2016-02-23,159.804,159.876,156.705,156.73,159.834,159.898,156.724,156.747,0.017,247816.8
2016-02-24,156.733,157.308,154.717,156.089,156.748,157.328,154.732,156.115,0.026,268981.09
2016-02-25,156.089,158.02,155.779,158.016,156.114,158.048,155.796,158.048,0.032,255024.95
2016-02-26,158.011,158.555,157.203,158.046,158.042,158.574,157.221,158.169,0.123,231765.34
2016-02-29,157.622,157.705,156.153,156.548,157.649,157.727,156.215,156.573,0.025,255716.55
2016-03-01,156.552,159.521,156.216,159.015,156.58,159.535,156.241,159.036,0.021,248617.41
2016-03-02,159.017,160.569,158.738,159.778,159.036,160.584,158.756,159.79,0.012,249599.06
2016-03-03,159.782,161.293,159.653,161.109,159.791,161.309,159.676,161.133,0.024,250285.06
2016-03-04,161.111,162.437,160.426,161.787,161.133,162.456,160.445,161.913,0.126,251706.75
2016-03-07,161.745,162.227,160.377,161.828,161.771,162.245,160.389,161.852,0.024,194416.62
2016-03-08,161.827,161.862,159.592,160.072,161.85,161.888,159.614,160.104,0.032,236781.61
2016-03-09,160.071,161.355,159.478,160.851,160.103,161.37,159.494,160.881,0.03,206102.36
2016-03-10,160.856,162.877,160.723,161.186,160.878,162.899,160.742,161.218,0.032,279543.34
2016-03-11,161.188,164.096,161.055,163.659,161.219,164.116,161.078,163.785,0.126,217059.31
2016-03-14,163.583,163.98,162.382,162.535,163.612,163.999,162.408,162.558,0.023,202724.56
2016-03-15,162.538,162.938,159.542,160.1,162.558,162.993,159.558,160.126,0.026,251052.39
2016-03-16,160.098,160.919,159.634,160.733,160.122,160.929,159.665,160.757,0.024,257302.45
2016-03-17,160.732,161.574,159.001,161.184,160.755,161.601,159.027,161.208,0.024,258667.94
2016-03-18,161.188,161.778,160.348,161.403,161.208,161.798,160.374,161.525,0.122,205349.98
2016-03-21,161.154,161.234,160.132,161.101,161.175,161.262,160.155,161.124,0.023,185100.22
2016-03-22,161.1,161.491,158.439,159.627,161.122,161.511,158.461,159.656,0.029,232865.48
2016-03-23,159.634,160.009,158.497,158.66,159.656,160.027,158.542,158.682,0.022,205122.95
2016-03-24,158.659,159.858,158.447,159.445,158.682,159.869,158.469,159.497,0.052,191164.56
2016-03-25,159.454,160.144,159.402,159.637,159.497,160.197,159.428,159.983,0.346,64210.18
2016-03-28,160.307,161.853,160.172,161.653,160.333,161.901,160.202,161.676,0.023,109389.89
2016-03-29,161.653,162.502,161.336,162.07,161.672,162.519,161.355,162.097,0.027,216010.56
2016-03-30,162.071,162.571,161.338,161.508,162.096,162.592,161.361,161.528,0.02,217576.59
2016-03-31,161.506,162.021,160.886,161.622,161.528,162.041,160.907,161.646,0.024,204964.12
2016-04-01,161.628,161.646,158.709,158.733,161.653,161.668,158.727,158.897,0.164,226807.78
2016-04-04,158.874,159.583,158.163,158.63,158.895,159.599,158.185,158.651,0.021,196385.06
2016-04-05,158.629,158.685,155.721,156.238,158.651,158.705,155.742,156.26,0.022,236831.8
2016-04-06,156.234,156.652,154.527,155.045,156.26,156.672,154.55,155.071,0.026,243714.69
2016-04-07,155.047,155.331,151.651,152.427,155.069,155.361,151.672,152.451,0.024,275296.28
2016-04-08,152.431,154.228,152.387,152.578,152.452,154.252,152.406,152.689,0.111,219138.16
2016-04-11,153.009,154.458,151.956,153.628,153.04,154.476,151.986,153.652,0.024,241968.73
2016-04-12,153.634,155.516,153.546,155.062,153.653,155.537,153.569,155.08,0.018,217163.75
2016-04-13,155.062,155.754,154.742,155.264,155.081,155.768,154.757,155.278,0.014,203329.88
2016-04-14,155.263,155.311,153.89,154.595,155.278,155.326,153.907,154.615,0.02,183732.88
2016-04-15,154.594,155.312,154.083,154.394,154.618,155.329,154.093,154.553,0.159,151795.91
2016-04-18,153.224,155.975,152.516,155.817,153.246,155.998,152.535,155.837,0.02,193804.89
2016-04-19,155.818,157.711,155.636,157.112,155.837,157.729,155.658,157.136,0.024,188420.41
2016-04-20,157.109,157.874,156.191,157.495,157.136,157.895,156.208,157.517,0.022,195031.55
2016-04-21,157.496,158.371,156.611,156.777,157.518,158.396,156.623,156.797,0.02,209704.67
2016-04-22,156.773,161.252,156.519,160.983,156.797,161.332,156.541,161.113,0.13,216969.88
2016-04-25,160.976,161.335,160.015,160.968,161.002,161.35,160.034,160.992,0.024,222211.84
2016-04-26,160.968,162.698,160.455,162.066,160.996,162.714,160.472,162.085,0.019,208280.8
2016-04-27,162.071,162.81,161.636,162.138,162.093,162.824,161.657,162.16,0.022,209827.62
2016-04-28,162.137,162.573,157.07,157.94,162.16,162.593,157.091,157.959,0.019,253682.94
2016-04-29,157.942,157.981,155.255,155.322,157.96,158.002,155.306,155.442,0.12,225867.61
2016-05-02,155.424,156.653,155.119,156.008,155.455,156.68,155.153,156.034,0.026,179185.8
2016-05-03,156.008,156.153,154.422,155.168,156.031,156.223,154.439,155.189,0.021,222697.7
2016-05-04,155.163,155.954,154.409,155.106,155.189,155.968,154.427,155.128,0.022,203668.2
2016-05-05,155.104,155.857,154.865,155.553,155.129,155.873,154.881,155.574,0.021,176829.94
2016-05-06,155.556,155.618,153.635,154.47,155.575,155.642,153.656,154.596,0.126,189663.52
2016-05-09,154.868,156.429,154.431,156.152,154.884,156.448,154.447,156.175,0.023,185868.39
2016-05-10,156.153,157.991,156.114,157.811,156.175,158.02,156.135,157.831,0.02,180093.19
2016-05-11,157.812,157.858,156.405,156.493,157.833,157.876,156.422,156.512,0.019,177284.31
2016-05-12,156.493,158.483,156.254,157.572,156.515,158.495,156.272,157.587,0.015,196270.73
2016-05-13,157.57,157.63,155.932,155.958,157.584,157.649,155.976,156.084,0.126,215659.52
2016-05-16,155.934,157.832,155.867,157.552,155.953,157.852,155.888,157.575,0.023,146831.7
2016-05-17,157.548,158.976,157.272,157.593,157.576,158.993,157.288,157.608,0.015,187018.34
2016-05-18,157.588,160.943,157.017,160.784,157.608,160.963,157.036,160.804,0.02,221767.34
2016-05-19,160.787,161.631,160.131,160.454,160.806,161.642,160.15,160.474,0.02,228652.23
2016-05-20,160.448,161.057,159.521,159.607,160.471,161.071,159.541,159.731,0.124,154270.88
2016-05-23,159.42,159.611,158.039,158.351,159.443,159.631,158.057,158.373,0.022,169094.23
2016-05-24,158.351,161.049,158.114,160.974,158.376,161.064,158.132,160.997,0.023,179544.72
2016-05-25,160.972,162.524,160.437,161.842,160.996,162.541,160.457,161.861,0.019,178765.23
2016-05-26,161.842,162.173,160.718,160.879,161.86,162.19,160.737,160.901,0.022,179261.2
2016-05-27,160.879,161.425,160.157,161.149,160.903,161.443,160.175,161.24,0.091,157662.81
2016-05-30,161.974,162.885,161.744,162.192,161.997,162.908,161.765,162.214,0.022,113674.68
2016-05-31,162.192,163.888,159.848,160.224,162.214,163.908,159.864,160.247,0.023,188236.52
2016-06-01,160.228,160.654,157.22,157.835,160.248,160.681,157.235,157.856,0.021,211069.05
2016-06-02,157.835,157.837,156.575,156.813,157.858,157.859,156.593,156.837,0.024,192369.45
2016-06-03,156.813,157.275,154.573,154.609,156.837,157.289,154.607,154.737,0.128,199178.92
2016-06-06,153.472,155.644,153.288,155.34,153.499,155.662,153.312,155.364,0.024,206603.81
2016-06-07,155.34,157.94,154.992,156.03,155.367,157.981,155.011,156.048,0.018,169912.98
2016-06-08,156.026,156.255,154.946,154.954,156.043,156.263,154.961,154.975,0.021,174092.34
2016-06-09,154.958,155.274,153.65,154.914,154.976,155.291,153.662,154.937,0.023,182918.62
2016-06-10,154.915,155.035,151.503,152.408,154.933,155.052,151.525,152.524,0.116,176708.2
2016-06-13,151.074,152.396,149.466,150.826,151.106,152.405,149.48,150.852,0.026,209701.19
2016-06-14,150.822,151.255,149.189,149.756,150.852,151.29,149.209,149.782,0.026,192241.19
2016-06-15,149.756,151.173,149.489,150.283,149.78,151.191,149.543,150.316,0.033,185057.41
2016-06-16,150.282,150.294,145.39,149.724,150.322,150.327,145.409,149.77,0.046,219824.12
2016-06-17,149.73,149.914,148.253,149.512,149.772,149.94,148.273,149.618,0.106,194132.92
2016-06-20,152.539,153.639,151.674,152.316,152.591,153.659,151.705,152.357,0.041,193300.55
2016-06-21,152.318,154.389,151.905,153.526,152.357,154.404,151.938,153.56,0.034,216405.12
2016-06-22,153.528,155.695,152.847,154.748,153.562,155.766,152.87,154.801,0.053,217242.48
2016-06-23,154.748,160.103,147.152,152.746,154.8,160.244,147.608,152.843,0.097,277365.91
2016-06-24,152.746,154.191,133.26,139.597,152.842,154.266,133.333,140.084,0.487,300548.78
2016-06-27,137.348,137.736,133.342,134.641,137.414,137.794,133.37,134.667,0.026,238074.28
2016-06-28,134.636,137.448,134.281,137.125,134.665,137.461,134.306,137.164,0.039,197500.3
2016-06-29,137.13,139.014,135.862,138.259,137.164,139.035,135.89,138.296,0.037,209489.75
2016-06-30,138.264,138.843,135.901,137.407,138.298,138.859,135.914,137.452,0.045,228304.19
2016-07-01,137.412,137.619,135.758,136.078,137.454,137.643,135.772,136.182,0.104,170204.48
2016-07-04,136.122,136.805,135.852,136.135,136.162,136.833,135.871,136.171,0.036,148948.22
2016-07-05,136.135,136.15,130.953,131.105,136.167,136.186,130.985,131.144,0.039,195059.56
2016-07-06,131.102,131.553,128.788,130.646,131.141,131.576,128.819,130.668,0.022,235618.59
2016-07-07,130.644,131.945,129.574,130.071,130.668,131.964,129.59,130.099,0.028,187705.05
2016-07-08,130.068,130.89,129.769,130.225,130.101,130.983,129.806,130.355,0.13,171260.34
2016-07-11,130.319,133.753,130.198,133.085,130.351,133.772,130.215,133.113,0.028,209254.41
2016-07-12,133.081,139.472,133.034,138.96,133.111,139.489,133.062,138.989,0.029,236254.66
2016-07-13,138.958,139.511,136.387,136.5,138.989,139.529,136.415,136.518,0.018,300995.56
2016-07-14,136.501,142.207,136.45,140.382,136.518,142.282,136.46,140.414,0.032,261484.05
2016-07-15,140.381,143.226,137.807,138.122,140.409,143.259,137.879,138.444,0.322,253539.06
2016-07-18,139.46,141.293,139.16,140.822,139.488,141.321,139.18,140.85,0.028,174561.64
2016-07-19,140.834,140.928,138.482,139.065,140.862,140.952,138.497,139.094,0.029,198834.36
2016-07-20,139.065,142.393,138.338,141.95,139.094,142.421,138.36,141.978,0.028,354921.84
2016-07-21,141.945,142.268,139.08,140.007,141.978,142.286,139.098,140.044,0.037,583973.44
2016-07-22,140.007,141.105,138.437,139.006,140.041,141.118,138.447,139.232,0.226,456598.25
2016-07-25,139.471,140.13,138.274,138.364,139.5,140.156,138.304,138.393,0.029,412974.62
2016-07-26,138.363,138.384,135.979,137.845,138.392,138.412,135.995,137.869,0.024,535926.44
2016-07-27,137.849,139.917,137.746,138.773,137.877,139.944,137.768,138.806,0.033,602483.75
2016-07-28,138.771,139.19,135.959,137.968,138.806,139.219,136.1,138.008,0.04,458096.09
2016-07-29,137.968,139.28,134.879,134.977,138.008,139.425,134.95,135.075,0.098,542582.81
2016-08-01,135.251,136.261,134.502,134.884,135.264,136.282,134.513,134.908,0.024,429250.06
2016-08-02,134.884,135.567,133.9,134.796,134.914,135.588,133.922,134.82,0.024,506448.38
2016-08-03,134.794,135.438,134.174,135.048,134.82,135.457,134.193,135.075,0.027,454398.88
2016-08-04,135.048,135.247,132.55,132.846,135.075,135.265,132.567,132.867,0.021,392917.62
2016-08-05,132.843,133.243,132.235,133.021,132.867,133.369,132.25,133.147,0.126,308201.47
2016-08-08,133.414,134.018,133.202,133.293,133.442,134.033,133.217,133.309,0.016,250852.98
2016-08-09,133.298,133.388,132.093,132.635,133.312,133.407,132.105,132.656,0.021,258967.58
2016-08-10,132.635,132.824,131.453,131.678,132.656,132.843,131.523,131.696,0.018,286613.62
2016-08-11,131.676,132.25,131.01,131.903,131.696,132.265,131.022,131.921,0.018,263776.75
2016-08-12,131.903,132.528,130.366,130.818,131.921,132.55,130.379,130.938,0.12,268169.62
2016-08-15,130.714,131.212,129.979,130.426,130.731,131.226,129.99,130.444,0.018,284720.81
2016-08-16,130.426,131.131,129.211,130.51,130.444,131.15,129.258,130.529,0.019,320084.28
2016-08-17,130.509,131.81,130.018,130.306,130.533,131.828,130.043,130.327,0.021,323417.41
2016-08-18,130.304,132.247,130.077,131.795,130.324,132.275,130.092,131.82,0.025,317675.34
2016-08-19,131.8,132.015,130.345,130.969,131.824,132.037,130.357,131.099,0.13,299157.16
2016-08-22,131.35,132.153,131.157,131.677,131.371,132.169,131.176,131.698,0.021,352108.19
2016-08-23,131.677,132.411,131.444,132.362,131.698,132.433,131.462,132.382,0.02,391131.5
2016-08-24,132.362,133.297,131.971,133.11,132.382,133.31,131.985,133.13,0.02,327070.12
2016-08-25,133.115,133.286,132.378,132.664,133.133,133.301,132.391,132.682,0.018,270660.44
2016-08-26,132.661,133.872,132.377,133.706,132.679,133.886,132.393,133.832,0.126,330382.78
2016-08-29,133.771,134.391,133.397,133.452,133.793,134.409,133.418,133.476,0.024,310436.0
2016-08-30,133.453,134.875,133.337,134.678,133.476,134.89,133.357,134.7,0.022,352612.31
2016-08-31,134.678,135.92,134.628,135.678,134.697,135.953,134.648,135.697,0.019,398959.53
2016-09-01,135.678,138.035,135.402,137.067,135.697,138.046,135.419,137.087,0.02,436722.34
2016-09-02,137.067,138.83,136.905,138.103,137.086,138.842,136.921,138.18,0.077,450793.84
2016-09-05,138.165,138.365,137.327,137.767,138.186,138.383,137.339,137.782,0.015,321998.94
2016-09-06,137.769,138.322,135.855,136.27,137.782,138.327,135.888,136.294,0.024,421357.59
2016-09-07,136.27,136.405,135.399,135.83,136.294,136.427,135.405,135.848,0.018,394180.34
2016-09-08,135.836,136.427,135.012,136.134,135.848,136.45,135.027,136.153,0.019,413898.31
2016-09-09,136.139,137.134,135.735,136.183,136.153,137.151,135.747,136.296,0.113,419690.66
2016-09-12,135.995,136.232,135.081,135.667,136.013,136.247,135.094,135.691,0.024,439285.53
2016-09-13,135.667,136.075,134.473,135.215,135.69,136.092,134.488,135.227,0.012,467028.12
2016-09-14,135.215,136.623,134.91,135.998,135.229,136.639,134.928,136.027,0.029,473555.5
2016-09-15,136.001,136.12,134.642,135.088,136.027,136.141,134.667,135.115,0.027,458401.31
2016-09-16,135.091,135.164,132.908,132.933,135.116,135.182,132.954,133.062,0.129,337303.81
2016-09-19,133.136,133.48,132.438,132.875,133.158,133.488,132.451,132.897,0.022,336905.84
2016-09-20,132.875,133.102,131.648,131.918,132.898,133.118,131.657,131.942,0.024,303747.5
2016-09-21,131.918,133.264,130.408,130.83,131.942,133.285,130.422,130.849,0.019,565492.56
2016-09-22,130.831,132.265,130.546,131.911,130.849,132.279,130.562,131.932,0.021,397326.53
2016-09-23,131.911,132.291,130.454,130.891,131.932,132.295,130.462,131.021,0.13,571754.5
2016-09-26,130.963,131.233,129.693,130.159,130.982,131.247,129.706,130.178,0.019,388491.78
2016-09-27,130.163,131.214,129.637,130.722,130.178,131.229,129.645,130.743,0.021,501592.09
2016-09-28,130.722,131.778,130.566,131.592,130.745,131.798,130.575,131.611,0.019,444523.34
2016-09-29,131.589,132.436,130.678,131.203,131.607,132.447,130.693,131.224,0.021,451273.28
2016-09-30,131.202,131.953,130.426,131.458,131.227,131.977,130.437,131.58,0.122,474412.66
2016-10-03,131.276,131.49,130.077,130.949,131.298,131.497,130.082,130.965,0.016,382308.03
2016-10-04,130.95,131.353,130.301,130.947,130.965,131.367,130.311,130.959,0.012,496920.66
2016-10-05,130.947,132.226,130.499,131.923,130.96,132.244,130.508,131.941,0.018,540573.69
2016-10-06,131.923,132.069,122.383,128.532,131.938,132.086,122.742,128.561,0.029,410686.75
2016-10-07,128.535,129.613,126.811,127.889,128.563,129.632,126.832,127.997,0.108,571459.44
2016-10-10,128.119,128.61,127.483,128.035,128.141,128.623,127.498,128.052,0.017,279940.66
2016-10-11,128.035,128.369,124.828,126.844,128.052,128.387,124.852,126.862,0.018,395016.91
2016-10-12,126.842,127.704,126.466,127.104,126.862,127.714,126.483,127.129,0.025,397376.84
2016-10-13,127.104,127.469,125.918,126.812,127.129,127.492,125.934,126.837,0.025,374852.25
2016-10-14,126.827,127.925,126.671,126.895,126.841,127.943,126.69,127.002,0.107,383470.56
2016-10-17,126.681,127.026,126.265,126.895,126.707,127.048,126.278,126.921,0.026,341171.34
2016-10-18,126.895,128.165,126.732,127.755,126.923,128.18,126.754,127.783,0.028,346556.34
2016-10-19,127.755,127.893,126.601,127.107,127.783,127.907,126.613,127.128,0.021,295074.53
2016-10-20,127.107,127.679,126.594,127.594,127.129,127.697,126.608,127.618,0.024,313790.78
2016-10-21,127.594,127.641,126.122,126.924,127.618,127.666,126.132,127.051,0.127,297015.94
2016-10-24,126.962,127.573,126.617,127.519,126.979,127.59,126.632,127.537,0.018,212514.3
2016-10-25,127.515,127.944,126.598,126.827,127.538,127.956,126.607,126.852,0.025,156870.66
2016-10-26,126.827,128.139,126.633,127.927,126.852,128.163,126.65,127.954,0.027,155286.92
2016-10-27,127.929,128.422,127.418,128.047,127.954,128.433,127.437,128.072,0.025,159089.8
2016-10-28,128.05,128.286,127.442,127.585,128.074,128.294,127.448,127.715,0.13,176736.95
2016-10-31,127.633,128.494,127.51,128.254,127.655,128.51,127.53,128.275,0.021,155749.8
2016-11-01,128.254,129.034,127.127,127.358,128.275,129.042,127.142,127.379,0.021,208728.73
2016-11-02,127.368,127.498,126.723,127.191,127.38,127.518,126.743,127.21,0.019,222233.23
2016-11-03,127.193,128.913,126.49,128.467,127.21,128.93,126.506,128.487,0.02,238912.67
2016-11-04,128.465,129.448,128.307,129.037,128.484,129.455,128.324,129.118,0.081,198114.08
2016-11-07,130.061,130.152,129.327,129.497,130.08,130.173,129.34,129.52,0.023,186145.73
2016-11-08,129.507,130.352,129.267,130.009,129.52,130.374,129.283,130.044,0.035,188468.19
2016-11-09,130.02,131.717,126.701,131.395,130.05,131.733,126.742,131.414,0.019,419418.47
2016-11-10,131.395,134.326,130.287,134.052,131.416,134.338,130.305,134.067,0.015,311899.84
2016-11-11,134.053,134.916,133.428,134.299,134.07,134.932,133.449,134.494,0.195,257749.38
2016-11-14,134.415,135.618,134.203,135.433,134.442,135.651,134.227,135.454,0.021,269427.12
2016-11-15,135.434,136.564,134.18,135.699,135.454,136.581,134.199,135.723,0.024,254224.12
2016-11-16,135.701,136.763,135.202,135.296,135.725,136.778,135.24,135.321,0.025,225722.16
2016-11-17,135.298,137.028,134.992,136.798,135.323,137.056,135.002,136.823,0.025,233696.05
2016-11-18,136.802,137.581,135.406,136.833,136.825,137.598,135.423,137.11,0.277,243044.36
2016-11-21,136.712,138.863,136.283,138.222,136.75,138.885,136.293,138.258,0.036,258945.92
2016-11-22,138.222,138.837,137.628,137.864,138.256,138.858,137.643,137.887,0.023,218322.91
2016-11-23,137.865,140.343,137.27,139.865,137.887,140.36,137.284,139.896,0.031,219134.33
2016-11-24,139.865,141.294,139.766,141.021,139.892,141.318,139.792,141.048,0.027,185491.84
2016-11-25,141.021,141.738,139.962,141.19,141.049,141.759,139.98,141.285,0.095,216526.09
2016-11-28,140.577,140.711,138.51,138.552,140.597,140.737,138.531,138.572,0.02,245316.05
2016-11-29,138.558,141.37,138.558,140.466,138.576,141.38,138.576,140.485,0.019,231255.27
2016-11-30,140.472,143.698,139.974,143.507,140.49,143.725,139.988,143.529,0.022,267442.19
2016-12-01,143.513,145.192,142.64,143.38,143.529,145.204,142.655,143.401,0.021,248654.17
2016-12-02,143.384,144.657,142.916,144.497,143.402,144.678,142.933,144.623,0.126,205210.84
2016-12-05,143.82,146.038,143.626,144.896,143.841,146.049,143.649,144.92,0.024,247281.25
2016-12-06,144.9,145.621,144.161,144.501,144.92,145.637,144.179,144.519,0.018,196885.45
2016-12-07,144.505,144.795,142.993,143.61,144.519,144.811,143.009,143.63,0.02,186974.56
2016-12-08,143.61,144.467,143.093,143.529,143.632,144.488,143.107,143.551,0.022,228067.77
2016-12-09,143.53,145.12,143.459,144.978,143.551,145.135,143.477,145.088,0.11,183311.58
2016-12-12,145.344,146.374,144.907,145.74,145.369,146.388,144.922,145.773,0.033,205225.02
2016-12-13,145.739,146.708,145.525,145.873,145.772,146.722,145.543,145.892,0.019,202772.08
2016-12-14,145.873,147.295,145.2,146.921,145.887,147.31,145.213,146.94,0.019,228312.59
2016-12-15,146.934,148.456,146.342,146.88,146.949,148.468,146.361,146.897,0.017,290098.94
2016-12-16,146.88,147.324,146.261,147.241,146.903,147.349,146.284,147.309,0.068,228747.41
2016-12-19,147.122,147.184,144.525,144.953,147.14,147.202,144.539,144.975,0.022,204264.66
2016-12-20,144.952,146.352,144.921,145.698,144.973,146.368,144.942,145.724,0.026,198714.06
2016-12-21,145.691,145.845,144.887,145.281,145.719,145.866,144.904,145.301,0.02,170379.45
2016-12-22,145.281,145.586,144.298,144.343,145.298,145.606,144.331,144.367,0.024,152806.41
2016-12-23,144.348,144.391,143.493,144.102,144.37,144.414,143.501,144.216,0.114,123269.72
2016-12-26,144.14,144.185,143.373,143.849,144.223,144.261,143.64,143.876,0.027,93086.89
2016-12-27,143.849,144.259,143.592,144.2,143.877,144.278,143.606,144.216,0.016,109154.05
2016-12-28,144.204,144.699,142.819,143.072,144.222,144.717,142.898,143.094,0.022,146491.0
2016-12-29,143.075,143.153,142.167,142.884,143.102,143.176,142.187,142.893,0.009,184860.61
2016-12-30,142.884,144.616,142.8,144.366,142.909,144.624,142.825,144.459,0.093,215491.19
2017-01-02,144.151,144.976,143.97,144.244,144.288,145.062,144.007,144.268,0.024,85261.91
2017-01-03,144.244,145.397,143.523,144.022,144.272,145.407,143.538,144.045,0.023,191195.84
2017-01-04,144.026,144.953,143.691,144.36,144.045,144.965,143.704,144.383,0.023,214685.52
2017-01-05,144.36,144.36,142.498,143.271,144.383,144.383,142.512,143.293,0.022,275823.66
2017-01-06,143.268,144.049,143.173,143.657,143.294,144.063,143.194,143.785,0.128,215746.7
2017-01-09,143.595,143.855,140.59,141.155,143.619,143.874,140.744,141.181,0.026,229532.48
2017-01-10,141.159,141.445,140.179,141.063,141.184,141.461,140.194,141.067,0.004,238940.7
2017-01-11,141.063,141.475,139.94,140.519,141.069,141.483,139.963,140.536,0.017,284935.72
2017-01-12,140.522,140.657,138.919,139.49,140.536,140.674,138.936,139.511,0.021,284005.81
2017-01-13,139.498,140.579,139.115,139.423,139.521,140.591,139.18,139.547,0.124,239267.98
2017-01-16,137.494,138.149,136.455,137.441,137.513,138.165,136.475,137.462,0.021,180394.06
2017-01-17,137.445,140.136,137.065,139.845,137.462,140.154,137.075,139.866,0.021,315556.19
2017-01-18,139.853,140.766,139.133,140.635,139.864,140.771,139.149,140.658,0.023,283294.41
2017-01-19,140.635,142.17,140.512,141.804,140.653,142.189,140.53,141.823,0.019,295422.84
2017-01-20,141.801,142.07,141.166,141.782,141.822,142.084,141.184,141.878,0.096,282419.31
2017-01-23,140.944,142.083,140.757,141.146,140.97,142.099,140.774,141.171,0.025,266673.69
2017-01-24,141.158,142.786,140.775,142.693,141.183,142.805,140.789,142.712,0.019,249425.67
2017-01-25,142.689,143.712,141.823,143.107,142.71,143.725,141.84,143.131,0.024,272842.5
2017-01-26,143.107,144.53,142.885,144.119,143.131,144.541,142.9,144.141,0.022,263507.5
2017-01-27,144.118,144.781,143.996,144.347,144.141,144.798,144.012,144.408,0.061,230486.69
2017-01-30,144.403,144.523,141.671,142.102,144.426,144.543,141.683,142.13,0.028,216154.81
2017-01-31,142.102,142.461,140.442,141.941,142.128,142.478,140.458,141.964,0.023,276295.59
2017-02-01,141.944,144.127,141.885,143.427,141.964,144.143,141.908,143.45,0.023,255722.44
2017-02-02,143.422,143.426,140.759,141.224,143.446,143.446,140.771,141.246,0.022,240881.69
2017-02-03,141.223,141.975,140.377,140.509,141.246,141.99,140.385,140.636,0.127,228506.19
2017-02-06,140.614,140.759,139.214,139.425,140.635,140.776,139.231,139.447,0.022,222388.92
2017-02-07,139.425,140.625,138.537,140.425,139.444,140.66,138.548,140.444,0.019,223430.48
2017-02-08,140.427,140.68,139.804,140.218,140.444,140.696,139.816,140.243,0.025,225392.38
2017-02-09,140.216,141.807,140.123,141.733,140.24,141.823,140.144,141.749,0.016,211090.86
2017-02-10,141.731,142.372,141.014,141.286,141.746,142.391,141.033,141.433,0.147,212035.62
2017-02-13,142.196,142.616,141.974,142.355,142.223,142.637,141.992,142.38,0.025,188772.14
2017-02-14,142.355,142.716,141.021,142.507,142.377,142.73,141.046,142.524,0.017,212265.45
2017-02-15,142.507,142.812,141.837,142.284,142.524,142.821,141.851,142.299,0.015,221123.31
2017-02-16,142.285,142.354,141.249,141.485,142.301,142.368,141.264,141.504,0.019,225894.56
2017-02-17,141.487,141.944,139.63,140.007,141.506,141.957,139.643,140.092,0.085,203444.95
2017-02-20,140.342,141.312,140.111,141.262,140.362,141.334,140.129,141.285,0.023,152202.7
2017-02-21,141.263,141.995,140.858,141.935,141.285,142.005,140.869,141.952,0.017,198392.38
2017-02-22,141.937,142.035,140.476,141.217,141.952,142.052,140.489,141.232,0.015,223548.19
2017-02-23,141.218,141.605,140.683,141.482,141.239,141.613,140.696,141.499,0.017,190169.95
2017-02-24,141.48,141.767,139.414,139.677,141.498,141.782,139.425,139.9,0.223,178033.69
2017-02-27,139.105,140.374,139.016,140.226,139.124,140.384,139.032,140.24,0.014,188779.89
2017-02-28,140.226,140.32,138.835,139.991,140.242,140.337,138.839,139.996,0.005,201265.61
2017-03-01,139.992,140.734,139.571,140.028,139.996,140.748,139.582,140.046,0.018,244014.38
2017-03-02,140.026,140.75,139.876,140.356,140.042,140.757,139.893,140.367,0.011,194330.3
2017-03-03,140.356,140.503,139.604,140.121,140.369,140.51,139.614,140.241,0.12,194458.75
2017-03-06,139.993,140.018,139.276,139.407,140.008,140.033,139.291,139.424,0.017,170568.56
2017-03-07,139.407,139.632,138.728,139.018,139.422,139.649,138.739,139.036,0.018,166105.69
2017-03-08,139.018,139.658,138.44,139.277,139.038,139.67,138.452,139.297,0.02,182582.58
2017-03-09,139.279,140.03,139.078,139.962,139.297,140.047,139.089,139.98,0.018,213518.33
2017-03-10,139.961,140.535,139.517,139.659,139.98,140.549,139.545,139.789,0.13,196642.64
2017-03-13,139.657,140.495,139.622,140.266,139.672,140.503,139.632,140.279,0.013,188696.88
2017-03-14,140.263,140.343,139.157,139.384,140.281,140.359,139.17,139.399,0.015,186879.94
2017-03-15,139.384,140.614,139.15,139.27,139.401,140.619,139.164,139.279,0.009,218056.19
2017-03-16,139.27,140.189,138.559,139.986,139.281,140.199,138.574,140.004,0.018,235101.45
2017-03-17,139.99,140.463,139.156,139.652,140.003,140.477,139.172,139.738,0.086,186959.34
2017-03-20,139.535,140.145,138.895,139.198,139.547,140.156,138.91,139.213,0.015,163191.62
2017-03-21,139.202,140.411,138.926,139.213,139.215,140.42,138.933,139.231,0.018,234960.59
2017-03-22,139.211,139.483,137.769,138.887,139.229,139.5,137.777,138.905,0.018,236926.89
2017-03-23,138.893,139.326,138.296,138.922,138.908,139.341,138.311,138.939,0.017,250738.02
2017-03-24,138.923,139.159,138.311,138.803,138.939,139.175,138.319,138.897,0.094,198778.89
2017-03-27,138.336,139.18,138.046,139.091,138.35,139.191,138.064,139.102,0.011,209475.81
2017-03-28,139.088,139.396,138.043,138.103,139.101,139.404,138.056,138.121,0.018,194838.89
2017-03-29,138.101,138.35,137.52,138.269,138.12,138.358,137.532,138.282,0.013,207304.12
2017-03-30,138.268,139.6,137.745,139.411,138.279,139.618,137.757,139.424,0.013,187319.3
2017-03-31,139.411,140.09,138.977,139.793,139.422,140.105,138.986,139.867,0.074,197838.25
2017-04-03,139.534,139.9,138.235,138.248,139.55,139.916,138.252,138.263,0.015,183399.12
2017-04-04,138.245,138.37,137.086,137.883,138.264,138.38,137.101,137.894,0.011,191882.44
2017-04-05,137.885,139.042,137.454,137.848,137.894,139.046,137.466,137.862,0.014,208542.11
2017-04-06,137.848,138.713,137.718,138.258,137.862,138.723,137.729,138.272,0.014,201041.7
2017-04-07,138.255,138.338,136.978,137.351,138.271,138.354,137.023,137.477,0.126,237207.88
2017-04-10,137.626,138.263,137.452,137.51,137.641,138.273,137.468,137.528,0.018,168620.5
2017-04-11,137.508,137.732,136.803,136.813,137.527,137.745,136.823,136.823,0.01,205132.81
2017-04-12,136.811,137.336,136.526,136.632,136.822,137.356,136.532,136.647,0.015,212211.28
2017-04-13,136.633,137.116,136.334,136.426,136.649,137.127,136.357,136.446,0.02,202130.52
2017-04-14,136.431,136.626,135.935,135.949,136.446,136.645,136.002,136.182,0.233,93996.75
2017-04-17,135.773,137.069,135.597,137.026,135.785,137.137,135.614,137.041,0.015,140969.25
2017-04-18,137.024,140.02,136.146,139.406,137.041,140.042,136.16,139.421,0.015,235856.34
2017-04-19,139.406,140.185,138.931,139.099,139.419,140.201,138.937,139.113,0.014,225719.61
2017-04-20,139.1,140.342,139.065,140.012,139.113,140.353,139.075,140.023,0.011,197689.16
2017-04-21,140.01,140.155,139.198,139.665,140.026,140.165,139.202,139.899,0.234,182897.33
2017-04-24,141.081,141.409,140.053,140.075,141.094,141.421,140.069,140.091,0.016,202911.94
2017-04-25,140.074,142.649,140.074,142.535,140.089,142.729,140.089,142.558,0.023,207741.61
2017-04-26,142.531,143.503,142.332,142.837,142.556,143.516,142.342,142.845,0.008,224948.44
2017-04-27,142.838,143.888,142.807,143.375,142.848,143.903,142.824,143.393,0.018,201999.91
2017-04-28,143.37,144.493,143.299,144.342,143.39,144.51,143.317,144.47,0.128,190786.81
2017-05-01,143.957,144.626,143.903,144.228,143.974,144.639,143.922,144.241,0.013,134937.89
2017-05-02,144.23,145.116,144.223,144.915,144.246,145.125,144.242,144.934,0.019,170040.34
2017-05-03,144.913,145.36,144.513,145.208,144.933,145.371,144.528,145.219,0.011,170320.84
2017-05-04,145.208,145.726,144.66,145.466,145.218,145.738,144.672,145.483,0.017,181551.97
2017-05-05,145.465,146.438,144.807,146.25,145.481,146.47,144.823,146.378,0.128,181476.38
2017-05-08,146.098,146.641,145.657,146.515,146.114,146.652,145.67,146.529,0.014,186908.05
2017-05-09,146.516,147.876,146.446,147.217,146.531,147.887,146.46,147.233,0.016,198142.23
2017-05-10,147.214,148.107,147.123,147.828,147.23,148.119,147.136,147.838,0.01,187968.69
2017-05-11,147.827,147.871,146.145,146.692,147.838,147.887,146.152,146.706,0.014,188531.17
2017-05-12,146.692,146.797,145.801,146.103,146.711,146.811,145.814,146.129,0.026,175139.92
2017-05-15,145.926,147.0,145.896,146.618,145.944,147.014,145.911,146.633,0.015,163180.52
2017-05-16,146.619,147.11,145.453,145.549,146.633,147.131,145.461,145.57,0.021,201185.73
2017-05-17,145.551,145.919,143.405,144.053,145.569,145.926,143.433,144.068,0.015,246962.17
2017-05-18,144.055,144.83,143.352,144.351,144.066,144.841,143.371,144.367,0.016,278384.28
2017-05-19,144.349,145.386,143.824,144.974,144.363,145.394,143.841,145.082,0.108,201386.81
2017-05-22,144.775,145.084,144.041,144.079,144.788,145.1,144.055,144.099,0.02,190898.8
2017-05-23,144.082,145.145,143.762,145.053,144.1,145.151,143.778,145.072,0.019,211891.36
2017-05-24,145.052,145.41,144.501,144.755,145.07,145.422,144.519,144.77,0.015,201339.17
2017-05-25,144.757,145.445,144.435,144.472,144.77,145.453,144.453,144.49,0.018,202674.06
2017-05-26,144.479,144.483,142.133,142.534,144.498,144.5,142.141,142.638,0.104,170873.19
2017-05-29,142.554,143.079,142.445,142.481,142.57,143.091,142.457,142.495,0.014,112936.97
2017-05-30,142.484,143.095,141.759,141.964,142.495,143.101,141.826,141.982,0.018,175417.94
2017-05-31,141.968,142.906,141.491,142.66,141.983,142.917,141.501,142.675,0.015,198294.19
2017-06-01,142.656,143.704,142.526,143.602,142.675,143.716,142.536,143.619,0.017,168801.27
2017-06-02,143.604,143.95,142.023,142.327,143.622,143.964,142.032,142.445,0.118,158584.22
2017-06-05,142.14,143.097,141.961,142.461,142.152,143.108,141.979,142.479,0.018,133559.55
2017-06-06,142.462,142.571,140.714,141.319,142.48,142.582,140.728,141.332,0.013,176313.95
2017-06-07,141.318,142.486,140.745,142.483,141.33,142.502,140.757,142.499,0.016,173452.11
2017-06-08,142.485,142.769,139.575,139.796,142.499,142.777,139.652,139.813,0.017,209144.66
2017-06-09,139.794,141.117,139.533,140.504,139.811,141.134,139.54,140.617,0.113,224110.86
2017-06-12,140.566,140.8,138.669,139.273,140.584,140.815,138.681,139.285,0.012,211396.17
2017-06-13,139.274,140.406,139.055,140.308,139.292,140.434,139.071,140.328,0.02,155601.31
2017-06-14,140.314,140.905,139.105,139.576,140.329,140.913,139.117,139.594,0.018,215016.56
2017-06-15,139.576,141.63,139.194,141.627,139.594,141.646,139.206,141.646,0.019,193266.56
2017-06-16,141.625,142.331,141.453,141.65,141.643,142.352,141.47,141.704,0.054,166405.28
2017-06-19,141.756,142.335,141.599,142.189,141.772,142.348,141.613,142.205,0.016,156641.48
2017-06-20,142.188,142.544,140.572,140.64,142.211,142.553,140.581,140.653,0.013,164963.12
2017-06-21,140.64,141.762,139.848,141.099,140.651,141.77,139.86,141.112,0.013,170091.09
2017-06-22,141.101,141.228,140.469,141.095,141.112,141.257,140.48,141.114,0.019,158749.73
2017-06-23,141.098,141.887,141.015,141.483,141.116,141.899,141.027,141.567,0.084,123312.11
2017-06-26,141.765,142.365,141.691,142.338,141.782,142.402,141.706,142.351,0.013,140907.69
2017-06-27,142.336,144.221,141.962,143.753,142.352,144.232,141.976,143.771,0.018,179654.66
2017-06-28,143.752,145.52,143.264,145.378,143.771,145.537,143.279,145.393,0.015,194444.05
2017-06-29,145.376,146.53,145.249,145.679,145.396,146.541,145.267,145.692,0.013,199321.91
2017-06-30,145.681,146.543,145.138,146.352,145.697,146.56,145.147,146.441,0.089,180958.45
2017-07-03,146.092,146.929,145.896,146.805,146.106,146.939,145.912,146.819,0.014,173352.12
2017-07-04,146.806,146.808,145.986,146.127,146.822,146.829,146.002,146.139,0.012,161570.69
2017-07-05,146.127,146.798,146.007,146.37,146.143,146.81,146.023,146.382,0.012,183410.16
2017-07-06,146.373,147.274,146.051,146.733,146.385,147.286,146.063,146.747,0.014,181155.38
2017-07-07,146.733,147.611,146.418,146.797,146.746,147.626,146.47,146.843,0.046,186526.95
2017-07-10,146.909,147.447,146.709,146.917,146.928,147.459,146.716,146.928,0.011,156238.55
2017-07-11,146.913,147.776,146.17,146.265,146.928,147.786,146.182,146.281,0.016,187886.8
2017-07-12,146.266,146.361,145.268,146.103,146.281,146.376,145.281,146.12,0.017,211354.0
2017-07-13,146.101,146.914,145.554,146.851,146.121,146.929,145.565,146.861,0.01,194775.84
2017-07-14,146.852,147.565,146.009,147.378,146.863,147.589,146.02,147.437,0.059,169319.97
2017-07-17,147.367,147.61,146.759,146.958,147.384,147.621,146.77,146.973,0.015,182691.81
2017-07-18,146.957,147.325,145.398,145.988,146.973,147.335,145.407,146.003,0.015,220455.27
2017-07-19,145.982,146.325,145.262,145.788,146.003,146.336,145.271,145.799,0.011,172618.23
2017-07-20,145.785,146.275,144.694,145.058,145.797,146.294,144.709,145.076,0.018,232198.48
2017-07-21,145.058,145.329,144.056,144.388,145.076,145.34,144.067,144.495,0.107,179826.8
2017-07-24,144.265,145.012,144.026,144.896,144.282,145.028,144.041,144.911,0.015,192534.16
2017-07-25,144.899,145.954,144.462,145.915,144.915,145.97,144.476,145.927,0.012,202094.31
2017-07-26,145.92,146.413,145.493,145.777,145.928,146.464,145.51,145.792,0.015,245507.14
2017-07-27,145.776,146.557,145.126,145.26,145.79,146.569,145.142,145.274,0.014,247877.16
2017-07-28,145.259,145.779,145.01,145.309,145.271,145.786,145.025,145.433,0.124,212934.81
2017-07-31,145.238,145.838,144.816,145.633,145.254,145.85,144.83,145.647,0.014,212482.36
2017-08-01,145.638,146.163,145.402,145.863,145.65,146.173,145.42,145.874,0.011,200333.11
2017-08-02,145.857,146.76,145.833,146.497,145.874,146.768,145.848,146.512,0.015,208412.77
2017-08-03,146.498,146.797,144.374,144.43,146.517,146.806,144.389,144.451,0.021,202531.91
2017-08-04,144.429,145.301,144.228,144.266,144.446,145.35,144.24,144.351,0.085,173803.33
2017-08-07,144.558,144.716,144.183,144.378,144.573,144.729,144.197,144.397,0.019,152229.52
2017-08-08,144.377,144.464,142.97,142.987,144.393,144.477,142.983,143.001,0.014,168319.2
2017-08-09,142.988,143.346,142.273,143.176,142.999,143.357,142.285,143.192,0.016,192983.69
2017-08-10,143.172,143.336,141.539,141.577,143.193,143.351,141.556,141.593,0.016,192943.36
2017-08-11,141.57,142.074,141.254,142.013,141.587,142.124,141.258,142.124,0.111,212451.12
2017-08-14,142.088,142.737,141.925,142.529,142.105,142.749,141.937,142.542,0.013,247524.33
2017-08-15,142.535,143.191,141.974,142.303,142.544,143.206,141.982,142.319,0.016,272415.09
2017-08-16,142.302,143.096,141.722,141.783,142.317,143.109,141.737,141.799,0.016,217535.02
2017-08-17,141.783,142.035,140.621,140.65,141.799,142.058,140.641,140.662,0.012,244069.83
2017-08-18,140.649,141.094,139.788,140.55,140.665,141.107,139.801,140.653,0.103,225727.22
2017-08-21,140.716,140.809,140.105,140.578,140.731,140.825,140.116,140.593,0.015,191257.88
2017-08-22,140.58,141.035,140.06,140.7,140.594,141.052,140.071,140.713,0.013,172845.69
2017-08-23,140.694,140.791,139.312,139.422,140.714,140.806,139.32,139.441,0.019,213564.86
2017-08-24,139.423,140.443,139.403,140.171,139.437,140.448,139.419,140.19,0.019,204654.12
2017-08-25,140.176,140.859,140.142,140.819,140.191,140.916,140.16,140.916,0.097,185151.0
2017-08-28,141.076,141.414,140.003,140.541,141.094,141.43,140.028,140.56,0.019,208816.98
2017-08-29,140.543,141.998,140.407,141.843,140.561,142.008,140.421,141.86,0.017,254415.97
2017-08-30,141.848,142.773,141.805,142.72,141.863,142.787,141.814,142.734,0.014,221446.83
2017-08-31,142.716,142.901,141.547,142.497,142.732,142.917,141.567,142.511,0.014,219683.41
2017-09-01,142.497,142.99,142.102,142.772,142.511,143.029,142.115,142.873,0.101,195094.69
2017-09-04,142.349,142.497,141.58,141.896,142.366,142.514,141.597,141.915,0.019,176332.56
2017-09-05,141.895,141.902,141.194,141.619,141.914,141.914,141.21,141.638,0.019,246494.41
2017-09-06,141.619,142.68,141.368,142.402,141.636,142.696,141.379,142.419,0.017,224474.44
2017-09-07,142.402,142.677,141.484,141.897,142.419,142.687,141.497,141.913,0.016,251026.41
2017-09-08,141.894,142.545,141.34,142.252,141.91,142.558,141.354,142.359,0.107,257020.75
2017-09-11,142.845,144.169,142.692,144.068,142.862,144.19,142.708,144.081,0.013,220149.16
2017-09-12,144.071,146.573,143.979,146.481,144.084,146.584,143.993,146.494,0.013,225622.19
2017-09-13,146.481,146.66,145.668,145.929,146.494,146.675,145.677,145.949,0.02,202288.45
2017-09-14,145.931,148.342,145.178,147.291,145.946,148.355,145.222,147.307,0.016,222294.16
2017-09-15,147.293,151.545,147.242,150.648,147.306,151.557,147.26,150.678,0.03,211426.34
2017-09-18,150.945,151.512,150.141,150.668,150.954,151.523,150.154,150.676,0.008,202091.38
2017-09-19,150.668,151.588,150.13,150.799,150.684,151.6,150.144,150.815,0.016,215337.3
2017-09-20,150.808,152.17,150.467,151.827,150.824,152.211,150.477,151.843,0.016,293572.66
2017-09-21,151.826,152.856,151.453,152.708,151.842,152.87,151.466,152.724,0.016,236053.8
2017-09-22,152.702,152.75,150.665,151.106,152.724,152.76,150.706,151.181,0.075,250936.81
2017-09-25,151.85,152.269,149.749,150.583,151.872,152.279,149.754,150.596,0.013,231713.31
2017-09-26,150.582,151.145,149.984,151.048,150.596,151.154,149.994,151.065,0.017,208412.81
2017-09-27,151.05,151.601,150.518,151.247,151.069,151.611,150.554,151.258,0.011,223215.8
2017-09-28,151.246,151.574,150.469,151.052,151.26,151.583,150.479,151.07,0.018,210083.81
2017-09-29,151.052,151.281,150.196,150.67,151.066,151.288,150.206,150.701,0.031,175506.25
2017-10-02,150.883,150.949,149.275,149.68,150.899,150.961,149.286,149.697,0.017,184729.16
2017-10-03,149.68,150.237,149.293,149.439,149.697,150.249,149.301,149.453,0.014,165995.56
2017-10-04,149.438,149.905,149.037,149.29,149.453,149.914,149.047,149.306,0.016,161610.91
2017-10-05,149.29,149.453,147.679,147.901,149.306,149.467,147.694,147.919,0.018,152274.8
2017-10-06,147.901,147.979,147.044,147.157,147.918,147.996,147.051,147.275,0.118,244612.48
2017-10-09,147.231,148.55,147.218,148.072,147.251,148.558,147.232,148.083,0.011,147450.31
2017-10-10,148.077,148.52,147.737,148.406,148.09,148.534,147.748,148.421,0.015,161053.81
2017-10-11,148.407,148.883,147.846,148.855,148.421,148.902,147.852,148.866,0.011,153668.23
2017-10-12,148.852,149.155,147.297,148.871,148.863,149.174,147.303,148.885,0.014,172475.41
2017-10-13,148.871,149.263,148.457,148.547,148.883,149.275,148.465,148.652,0.105,162770.36
2017-10-16,148.665,148.965,148.158,148.675,148.679,148.978,148.179,148.691,0.016,145469.92
2017-10-17,148.673,149.061,147.777,148.023,148.69,149.07,147.788,148.038,0.015,174014.92
2017-10-18,148.02,149.401,147.949,149.299,148.034,149.418,147.961,149.31,0.011,170073.14
2017-10-19,149.306,149.433,147.898,148.187,149.314,149.447,147.924,148.196,0.009,186911.92
2017-10-20,148.187,149.824,148.104,149.651,148.199,149.838,148.116,149.739,0.088,178463.64
2017-10-23,150.451,150.451,149.478,149.63,150.464,150.467,149.49,149.646,0.016,175382.66
2017-10-24,149.628,150.088,149.132,149.606,149.643,150.1,149.143,149.621,0.015,174691.5
2017-10-25,149.606,151.394,149.279,150.741,149.619,151.403,149.289,150.753,0.012,208757.17
2017-10-26,150.74,150.895,149.713,149.828,150.754,150.909,149.729,149.836,0.008,188485.22
2017-10-27,149.84,149.991,148.897,149.194,149.847,150.003,148.926,149.294,0.1,172708.59
2017-10-30,149.361,150.01,149.173,149.33,149.374,150.019,149.182,149.34,0.01,156846.38
2017-10-31,149.33,151.113,149.191,151.056,149.342,151.127,149.205,151.066,0.01,170976.44
2017-11-01,151.056,151.933,150.992,151.342,151.067,151.944,151.012,151.354,0.012,165677.02
2017-11-02,151.349,151.541,148.662,148.826,151.36,151.564,148.67,148.835,0.009,186487.27
2017-11-03,148.824,149.531,148.706,149.111,148.833,149.542,148.716,149.205,0.094,146384.52
2017-11-06,149.328,149.915,149.302,149.876,149.343,149.932,149.317,149.892,0.016,165573.94
2017-11-07,149.873,150.325,149.654,149.815,149.887,150.335,149.664,149.825,0.01,165484.8
2017-11-08,149.819,149.922,148.542,149.382,149.83,149.934,148.551,149.396,0.014,149934.95
2017-11-09,149.382,149.695,148.45,148.986,149.392,149.71,148.462,148.998,0.012,202684.09
2017-11-10,148.984,149.997,148.836,149.71,148.998,150.005,148.85,149.8,0.09,160933.42
2017-11-13,149.168,149.254,148.055,149.053,149.186,149.267,148.06,149.066,0.013,155535.06
2017-11-14,149.05,149.575,148.616,149.221,149.066,149.582,148.624,149.236,0.015,172620.42
2017-11-15,149.224,149.316,148.116,148.541,149.236,149.329,148.122,148.556,0.015,208144.77
2017-11-16,148.539,149.454,148.536,149.215,148.555,149.466,148.55,149.229,0.014,172562.33
2017-11-17,149.212,149.314,147.932,148.14,149.229,149.327,147.941,148.222,0.082,178756.92
2017-11-20,147.856,149.233,147.63,149.043,147.867,149.246,147.644,149.052,0.009,184341.09
2017-11-21,149.041,149.372,148.616,148.823,149.052,149.381,148.624,148.841,0.018,152805.41
2017-11-22,148.821,148.878,148.014,148.169,148.838,148.896,148.025,148.182,0.013,154325.2
2017-11-23,148.17,148.478,147.809,148.035,148.185,148.493,147.823,148.047,0.012,107280.06
2017-11-24,148.039,148.982,147.965,148.694,148.049,149.007,147.974,148.889,0.195,137046.69
2017-11-27,148.775,148.775,147.835,148.043,148.789,148.789,147.849,148.059,0.016,154558.88
2017-11-28,148.042,149.286,146.975,149.184,148.055,149.297,146.988,149.199,0.015,201039.81
2017-11-29,149.182,150.433,148.884,150.277,149.199,150.446,148.897,150.287,0.01,193812.12
2017-11-30,150.275,152.411,150.17,152.321,150.286,152.43,150.186,152.34,0.019,223665.06
2017-12-01,152.319,152.479,150.582,151.291,152.337,152.491,150.591,151.373,0.082,241098.12
2017-12-04,152.289,152.949,151.243,151.561,152.305,152.96,151.273,151.578,0.017,237437.8
2017-12-05,151.563,151.809,150.521,150.863,151.579,151.824,150.535,150.876,0.013,209276.2
2017-12-06,150.863,151.086,149.757,150.39,150.876,151.102,149.77,150.406,0.016,207494.7
2017-12-07,150.392,152.647,150.164,152.62,150.406,152.662,150.176,152.635,0.015,203450.03
2017-12-08,152.622,153.408,151.629,151.787,152.633,153.421,151.643,151.875,0.088,182134.53
2017-12-11,152.062,152.343,151.232,151.548,152.082,152.35,151.248,151.565,0.017,166673.5
2017-12-12,151.548,151.757,151.02,151.217,151.565,151.772,151.042,151.231,0.014,172830.66
2017-12-13,151.217,151.509,150.472,151.207,151.231,151.523,150.486,151.224,0.017,205377.66
2017-12-14,151.207,151.88,150.625,150.964,151.223,151.906,150.641,150.982,0.018,215949.8
2017-12-15,150.964,151.02,149.41,150.07,150.982,151.032,149.426,150.117,0.047,204878.88
2017-12-18,150.102,151.031,150.048,150.609,150.118,151.038,150.063,150.628,0.019,173699.09
2017-12-19,150.61,151.268,150.371,151.258,150.626,151.279,150.383,151.278,0.02,191374.8
2017-12-20,151.257,152.011,151.181,151.397,151.277,152.022,151.195,151.42,0.023,183955.31
2017-12-21,151.403,151.914,151.262,151.577,151.426,151.927,151.282,151.591,0.014,136301.3
2017-12-22,151.574,151.855,151.191,151.241,151.591,151.879,151.21,151.461,0.22,162844.41
2017-12-25,151.25,151.622,151.19,151.526,151.639,151.859,151.373,151.551,0.025,7925.57
2017-12-26,151.53,151.581,151.186,151.408,151.554,151.603,151.203,151.424,0.016,191636.92
2017-12-27,151.408,152.087,151.37,151.749,151.423,152.1,151.387,151.769,0.02,168992.88
2017-12-28,151.744,151.98,151.491,151.721,151.779,152.001,151.507,151.728,0.007,129407.7
2017-12-29,151.725,152.511,151.528,152.004,151.732,152.526,151.548,152.471,0.467,112956.56
2018-01-01,151.972,152.437,151.888,152.355,152.469,152.524,152.164,152.37,0.015,18787.35
2018-01-02,152.356,152.74,151.862,152.597,152.372,152.767,151.88,152.617,0.02,126908.88
2018-01-03,152.595,152.82,151.755,152.14,152.616,152.836,151.766,152.157,0.017,163672.27
2018-01-04,152.142,152.979,152.142,152.863,152.159,152.988,152.159,152.881,0.018,133792.81
2018-01-05,152.863,153.64,152.815,153.323,152.879,153.692,152.828,153.444,0.121,134521.62
2018-01-08,153.624,153.668,152.872,153.537,153.636,153.685,152.885,153.553,0.016,150951.55
2018-01-09,153.537,153.57,151.941,152.581,153.551,153.587,151.95,152.599,0.018,182486.77
2018-01-10,152.58,152.592,150.357,150.596,152.598,152.608,150.374,150.613,0.017,231543.77
2018-01-11,150.593,151.001,150.193,150.689,150.608,151.014,150.202,150.704,0.015,209645.72
2018-01-12,150.691,152.672,150.602,152.415,150.704,152.687,150.612,152.516,0.101,232180.92
2018-01-15,152.612,152.807,151.93,152.581,152.625,152.816,151.943,152.597,0.016,202877.66
2018-01-16,152.581,153.096,152.047,152.309,152.599,153.113,152.059,152.326,0.017,222373.31
2018-01-17,152.313,154.281,152.198,153.94,152.326,154.3,152.215,153.958,0.018,252494.41
2018-01-18,153.94,154.579,153.616,154.261,153.957,154.591,153.628,154.277,0.016,234528.94
2018-01-19,154.258,154.355,153.11,153.483,154.271,154.369,153.117,153.609,0.126,232126.33
2018-01-22,153.748,155.255,153.496,155.189,153.765,155.264,153.512,155.206,0.017,202941.02
2018-01-23,155.187,155.396,153.73,154.303,155.206,155.414,153.738,154.32,0.017,240684.38
2018-01-24,154.305,155.704,154.125,155.451,154.324,155.737,154.14,155.466,0.015,283127.94
2018-01-25,155.45,156.083,154.423,155.174,155.465,156.102,154.442,155.192,0.018,346801.09
2018-01-26,155.176,155.85,153.424,153.766,155.195,155.868,153.44,153.892,0.126,299406.09
2018-01-29,153.68,154.02,152.82,153.307,153.701,154.035,152.835,153.328,0.021,269121.41
2018-01-30,153.308,154.086,151.97,153.92,153.328,154.1,151.982,153.94,0.02,288502.22
2018-01-31,153.924,155.345,153.558,155.042,153.944,155.356,153.57,155.057,0.015,297842.81
2018-02-01,155.042,156.44,154.947,156.062,155.057,156.452,154.966,156.082,0.02,284226.41
2018-02-02,156.064,156.607,155.413,155.523,156.084,156.622,155.428,155.627,0.104,306180.41
2018-02-05,155.256,155.402,152.018,152.06,155.273,155.425,152.036,152.076,0.016,338196.62
2018-02-06,152.056,153.118,151.203,153.009,152.076,153.155,151.22,153.027,0.018,425437.91
2018-02-07,153.018,153.052,151.323,151.494,153.027,153.066,151.335,151.513,0.019,325877.72
2018-02-08,151.494,154.043,150.822,151.283,151.515,154.059,150.84,151.3,0.017,395868.94
2018-02-09,151.283,152.75,148.918,150.381,151.304,152.767,148.931,150.486,0.105,406693.75
2018-02-12,150.402,150.826,149.662,150.561,150.418,150.834,149.675,150.576,0.015,318105.84
2018-02-13,150.56,150.56,148.974,149.618,150.576,150.576,148.99,149.632,0.014,319521.19
2018-02-14,149.618,150.024,147.961,149.323,149.629,150.033,147.976,149.346,0.023,364494.22
2018-02-15,149.324,150.184,148.936,149.649,149.342,150.199,148.944,149.666,0.017,352870.25
2018-02-16,149.65,149.961,148.775,149.111,149.664,149.976,148.791,149.209,0.098,305404.62
2018-02-19,149.101,149.47,148.877,149.317,149.123,149.482,148.889,149.333,0.016,253812.7
2018-02-20,149.313,150.38,149.073,150.338,149.331,150.394,149.088,150.357,0.019,283072.62
2018-02-21,150.331,150.931,149.416,149.642,150.35,150.941,149.431,149.661,0.019,323578.56
2018-02-22,149.642,149.785,148.538,149.048,149.661,149.799,148.55,149.065,0.017,299242.47
2018-02-23,149.05,149.513,148.641,149.271,149.066,149.528,148.655,149.349,0.078,255619.38
2018-02-26,149.565,150.01,149.002,149.506,149.582,150.023,149.008,149.521,0.015,280988.84
2018-02-27,149.506,149.812,148.836,149.367,149.521,149.825,148.849,149.382,0.015,296928.88
2018-02-28,149.369,149.514,146.578,146.671,149.385,149.53,146.596,146.688,0.017,315043.28
2018-03-01,146.67,147.485,146.007,146.248,146.687,147.495,146.019,146.265,0.017,368194.56
2018-03-02,146.249,146.442,144.985,145.885,146.267,146.457,144.999,146.0,0.115,343418.91
2018-03-05,145.619,147.204,145.079,147.146,145.631,147.217,145.089,147.159,0.013,316394.84
2018-03-06,147.149,148.011,146.532,146.74,147.163,148.023,146.552,146.76,0.02,325189.66
2018-03-07,146.743,147.658,146.228,147.635,146.762,147.676,146.244,147.649,0.014,330017.88
2018-03-08,147.632,147.647,146.363,146.893,147.645,147.662,146.379,146.912,0.019,313676.72
2018-03-09,146.895,148.543,146.79,147.882,146.91,148.556,146.805,147.999,0.117,296468.56
2018-03-12,148.112,148.211,147.411,147.781,148.129,148.222,147.43,147.795,0.014,287010.5
2018-03-13,147.794,149.376,147.762,148.839,147.81,149.391,147.779,148.851,0.012,311454.06
2018-03-14,148.838,149.162,147.752,148.299,148.852,149.177,147.761,148.317,0.018,282399.69
2018-03-15,148.297,148.423,147.445,148.162,148.314,148.437,147.458,148.17,0.008,315752.0
2018-03-16,148.161,148.193,147.246,147.746,148.17,148.2,147.258,147.826,0.08,260672.84
2018-03-19,147.747,149.682,147.045,148.685,147.758,149.698,147.059,148.701,0.016,291107.19
2018-03-20,148.683,149.79,148.649,149.107,148.699,149.802,148.661,149.12,0.013,268363.53
2018-03-21,149.107,150.303,148.95,149.827,149.12,150.321,148.964,149.843,0.016,261526.69
2018-03-22,149.827,150.17,147.665,148.116,149.844,150.211,147.686,148.135,0.019,337311.0
2018-03-23,148.118,148.971,147.717,147.983,148.135,148.983,147.727,148.113,0.13,284377.31
2018-03-26,148.316,150.268,148.244,150.268,148.335,150.282,148.259,150.279,0.011,239024.06
2018-03-27,150.269,150.496,148.93,149.476,150.285,150.505,148.948,149.498,0.022,257480.38
2018-03-28,149.476,150.589,149.126,150.388,149.497,150.607,149.141,150.405,0.017,298173.5
2018-03-29,150.39,150.425,149.021,149.333,150.406,150.44,149.036,149.386,0.053,277659.19
2018-03-30,149.331,149.358,148.823,148.886,149.386,149.407,148.848,148.959,0.073,171096.38
2018-04-02,149.225,149.671,148.384,148.606,149.245,149.685,148.399,148.62,0.014,173898.28
2018-04-03,148.605,149.956,148.49,149.754,148.617,149.985,148.504,149.768,0.014,237378.59
2018-04-04,149.755,150.455,148.797,150.431,149.768,150.47,148.81,150.444,0.013,253366.02
2018-04-05,150.435,150.687,149.883,150.01,150.449,150.699,149.9,150.027,0.017,280832.19
2018-04-06,150.009,151.224,149.914,150.599,150.025,151.235,149.928,150.725,0.126,241865.95
2018-04-09,150.703,151.489,150.588,150.878,150.723,151.503,150.605,150.892,0.014,217584.92
2018-04-10,150.878,152.136,150.707,151.923,150.891,152.148,150.72,151.938,0.015,241122.34
2018-04-11,151.923,152.242,151.276,151.556,151.937,152.255,151.292,151.572,0.016,224268.77
2018-04-12,151.554,152.875,151.167,152.717,151.569,152.891,151.182,152.732,0.015,209053.78
2018-04-13,152.724,153.852,152.675,152.809,152.736,153.861,152.691,152.862,0.053,168281.3
2018-04-16,153.168,153.758,152.651,153.514,153.186,153.769,152.665,153.526,0.012,165858.48
2018-04-17,153.516,153.752,152.778,153.006,153.527,153.764,152.794,153.018,0.012,180478.59
2018-04-18,153.002,153.627,152.056,152.467,153.019,153.641,152.072,152.481,0.014,183488.84
2018-04-19,152.464,152.956,151.089,151.322,152.483,152.969,151.107,151.335,0.013,204913.27
2018-04-20,151.321,151.701,150.664,150.664,151.334,151.71,150.7,150.777,0.113,177005.98
2018-04-23,151.047,151.64,150.874,151.595,151.062,151.654,150.891,151.61,0.015,169987.73
2018-04-24,151.594,152.599,151.405,152.256,151.61,152.611,151.419,152.268,0.012,198485.61
2018-04-25,152.256,152.566,152.079,152.423,152.268,152.581,152.09,152.436,0.013,190213.25
2018-04-26,152.431,152.725,151.973,152.125,152.44,152.741,151.986,152.142,0.017,208006.09
2018-04-27,152.125,152.274,150.24,150.261,152.139,152.29,150.262,150.345,0.084,192334.7
2018-04-30,150.207,150.839,149.835,150.568,150.225,150.856,149.846,150.582,0.014,174053.81
2018-05-01,150.565,150.631,149.145,149.545,150.581,150.644,149.155,149.558,0.013,205005.92
2018-05-02,149.545,150.121,148.984,149.073,149.558,150.136,149.02,149.089,0.016,227387.81
2018-05-03,149.073,149.462,147.6,148.065,149.087,149.477,147.611,148.072,0.007,223425.56
2018-05-04,148.063,148.292,147.058,147.52,148.072,148.3,147.074,147.65,0.13,171493.28
2018-05-07,147.68,148.261,147.342,147.818,147.696,148.274,147.354,147.832,0.014,158934.02
2018-05-08,147.821,148.074,147.049,147.775,147.832,148.09,147.064,147.786,0.011,210406.61
2018-05-09,147.771,149.192,147.742,148.758,147.782,149.206,147.757,148.772,0.014,214265.75
2018-05-10,148.759,149.304,147.48,147.999,148.772,149.318,147.491,148.014,0.015,276193.0
2018-05-11,148.004,148.483,147.579,148.098,148.016,148.5,147.594,148.199,0.101,203714.08
2018-05-14,148.124,149.067,148.066,148.803,148.139,149.079,148.077,148.815,0.012,170550.56
2018-05-15,148.804,149.2,148.379,148.889,148.818,149.206,148.389,148.903,0.014,226630.91
2018-05-16,148.887,149.526,148.18,149.514,148.901,149.542,148.195,149.527,0.013,228965.73
2018-05-17,149.51,149.844,149.054,149.755,149.524,149.857,149.067,149.769,0.014,222836.03
2018-05-18,149.755,150.009,149.088,149.155,149.769,150.02,149.098,149.277,0.122,186031.47
2018-05-21,149.439,149.653,148.811,149.08,149.454,149.664,148.821,149.094,0.014,208007.25
2018-05-22,149.079,149.723,148.765,148.838,149.095,149.736,148.776,148.85,0.012,220688.5
2018-05-23,148.837,148.939,145.943,146.902,148.852,148.953,145.957,146.919,0.017,288780.94
2018-05-24,146.902,147.264,145.687,146.283,146.919,147.282,145.698,146.297,0.014,271092.03
2018-05-25,146.285,146.72,145.278,145.409,146.296,146.736,145.291,145.525,0.116,225529.02
2018-05-28,145.871,146.172,145.318,145.633,145.88,146.186,145.328,145.646,0.013,195077.3
2018-05-29,145.632,145.632,143.195,143.678,145.646,145.647,143.205,143.692,0.014,331640.31
2018-05-30,143.68,145.053,143.606,144.434,143.696,145.067,143.623,144.445,0.011,286904.91
2018-05-31,144.434,145.309,144.122,144.563,144.447,145.325,144.138,144.575,0.012,281271.06
2018-06-01,144.568,146.3,144.491,146.146,144.579,146.316,144.502,146.246,0.1,238319.0
2018-06-04,146.357,146.895,145.838,146.428,146.371,146.909,145.85,146.441,0.013,214347.34
2018-06-05,146.429,147.396,146.037,147.317,146.442,147.413,146.05,147.331,0.014,237484.33
2018-06-06,147.316,148.004,147.212,147.797,147.33,148.019,147.225,147.811,0.014,209543.95
2018-06-07,147.795,148.117,146.904,147.186,147.811,148.127,146.918,147.199,0.013,248252.72
2018-06-08,147.213,147.44,146.089,146.887,147.226,147.449,146.105,146.944,0.057,211240.56
2018-06-11,146.816,147.844,146.704,147.605,146.83,147.855,146.718,147.619,0.014,202498.09
2018-06-12,147.608,147.986,147.117,147.711,147.62,147.996,147.134,147.728,0.017,225675.62
2018-06-13,147.709,147.895,147.21,147.513,147.723,147.917,147.223,147.526,0.013,197533.59
2018-06-14,147.511,147.846,146.619,146.64,147.526,147.871,146.642,146.655,0.015,231321.02
2018-06-15,146.645,147.062,146.294,146.947,146.659,147.078,146.305,147.069,0.122,201734.81
2018-06-18,146.877,146.877,145.99,146.01,146.893,146.893,146.005,146.024,0.014,190917.91
2018-06-19,146.016,146.18,144.383,145.017,146.026,146.194,144.397,145.033,0.016,262111.3
2018-06-20,145.017,145.621,144.582,145.391,145.034,145.634,144.6,145.4,0.009,223242.56
2018-06-21,145.39,146.217,144.589,145.631,145.4,146.23,144.604,145.647,0.016,291559.56
2018-06-22,145.634,146.648,145.577,145.839,145.649,146.66,145.589,145.934,0.095,220769.12
2018-06-25,145.796,146.185,144.694,145.569,145.813,146.197,144.702,145.584,0.015,250974.81
2018-06-26,145.573,145.751,144.971,145.587,145.587,145.777,144.984,145.597,0.01,265137.0
2018-06-27,145.586,145.659,144.468,144.602,145.598,145.673,144.519,144.616,0.014,314821.16
2018-06-28,144.602,144.649,143.771,144.462,144.616,144.661,143.775,144.474,0.012,269206.53
2018-06-29,144.464,146.33,144.342,146.136,144.476,146.34,144.354,146.257,0.121,272603.06
2018-07-02,146.251,146.486,145.183,145.718,146.267,146.504,145.197,145.733,0.015,241995.66
2018-07-03,145.718,146.381,145.282,145.677,145.728,146.394,145.295,145.691,0.014,249620.53
2018-07-04,145.68,146.36,145.565,146.167,145.692,146.383,145.577,146.182,0.015,234846.41
2018-07-05,146.163,146.87,145.836,146.181,146.176,146.882,145.848,146.198,0.017,243090.75
2018-07-06,146.18,146.783,146.118,146.726,146.198,146.843,146.131,146.843,0.117,196352.73
2018-07-09,146.823,147.611,146.104,147.05,146.84,147.622,146.111,147.064,0.014,235981.66
2018-07-10,147.061,147.791,146.89,146.969,147.074,147.803,146.907,146.982,0.013,239614.47
2018-07-11,146.968,148.132,146.801,147.881,146.98,148.141,146.815,147.895,0.014,264690.78
2018-07-12,147.885,148.893,147.865,148.481,147.898,148.904,147.879,148.496,0.015,229141.44
2018-07-13,148.487,148.725,147.639,148.631,148.504,148.772,147.653,148.749,0.118,247061.55
2018-07-16,148.668,149.31,148.516,148.752,148.682,149.324,148.531,148.765,0.013,216122.28
2018-07-17,148.752,149.087,147.576,148.109,148.765,149.103,147.592,148.125,0.016,244412.84
2018-07-18,148.108,148.229,146.863,147.513,148.121,148.241,146.877,147.528,0.015,244529.77
2018-07-19,147.511,147.544,146.158,146.326,147.528,147.557,146.175,146.34,0.014,253856.66
2018-07-20,146.325,146.659,145.972,146.264,146.338,146.671,145.989,146.345,0.081,241626.95
2018-07-23,145.997,146.172,145.674,146.051,146.007,146.185,145.685,146.062,0.011,207424.7
2018-07-24,146.053,146.331,145.454,146.32,146.062,146.346,145.468,146.334,0.014,201202.06
2018-07-25,146.317,146.519,145.768,146.319,146.335,146.609,145.781,146.332,0.013,206812.28
2018-07-26,146.319,146.403,145.67,145.706,146.333,146.416,145.682,145.718,0.012,189114.88
2018-07-27,145.706,145.718,145.267,145.375,145.719,145.732,145.281,145.489,0.114,158046.56
2018-07-30,145.446,145.925,145.411,145.804,145.46,145.97,145.424,145.817,0.013,155797.91
2018-07-31,145.804,147.007,145.367,146.706,145.818,147.022,145.383,146.721,0.015,220044.56
2018-08-01,146.706,147.146,146.311,146.519,146.719,147.158,146.322,146.532,0.013,176454.42
2018-08-02,146.517,146.593,145.002,145.391,146.532,146.605,145.015,145.407,0.016,198459.34
2018-08-03,145.395,145.543,144.511,144.654,145.409,145.56,144.521,144.721,0.067,154820.97
2018-08-06,144.622,144.735,144.041,144.105,144.636,144.748,144.055,144.119,0.014,147357.78
2018-08-07,144.104,144.438,143.808,144.144,144.118,144.449,143.819,144.157,0.013,133461.41
2018-08-08,144.145,144.277,142.728,142.821,144.155,144.288,142.739,142.834,0.013,171047.34
2018-08-09,142.819,143.49,142.346,142.497,142.832,143.502,142.364,142.51,0.013,164645.02
2018-08-10,142.5,142.52,140.934,141.615,142.513,142.536,140.95,141.713,0.098,189262.7
2018-08-13,141.16,141.836,140.239,141.148,141.172,141.846,140.251,141.162,0.014,195787.34
2018-08-14,141.148,142.479,141.002,141.488,141.162,142.488,141.015,141.501,0.013,170595.03
2018-08-15,141.491,141.767,139.896,140.347,141.504,141.779,139.906,140.362,0.015,180250.7
2018-08-16,140.348,141.326,140.206,141.12,140.363,141.338,140.219,141.133,0.013,172768.56
2018-08-17,141.124,141.167,140.224,140.84,141.136,141.178,140.24,140.901,0.061,140826.11
2018-08-20,140.82,141.216,140.672,140.779,140.834,141.229,140.688,140.793,0.014,135073.66
2018-08-21,140.78,142.68,140.663,142.107,140.794,142.692,140.675,142.119,0.012,153844.19
2018-08-22,142.108,142.83,142.0,142.709,142.118,142.841,142.011,142.722,0.013,142078.11
2018-08-23,142.708,143.008,142.423,142.646,142.716,143.023,142.437,142.656,0.01,152606.58
2018-08-24,142.643,143.238,142.52,142.868,142.654,143.252,142.53,142.957,0.089,130425.1
2018-08-27,143.098,143.349,142.526,143.332,143.11,143.36,142.539,143.343,0.011,152137.09
2018-08-28,143.331,143.666,142.99,143.038,143.342,143.679,143.007,143.05,0.012,164849.12
2018-08-29,143.036,145.621,142.822,145.585,143.048,145.637,142.833,145.598,0.013,157546.05
2018-08-30,145.583,145.684,144.285,144.433,145.595,145.696,144.395,144.446,0.013,156461.48
2018-08-31,144.434,144.691,143.492,143.88,144.447,144.707,143.505,143.97,0.09,151805.97
2018-09-03,143.612,143.632,142.835,142.945,143.625,143.644,142.85,142.958,0.013,138484.14
2018-09-04,142.946,143.378,142.594,143.315,142.959,143.393,142.604,143.328,0.013,157851.52
2018-09-05,143.318,144.964,142.649,143.924,143.328,144.974,142.665,143.94,0.016,167901.95
2018-09-06,143.925,144.244,142.796,142.8,143.941,144.283,142.809,142.816,0.016,152080.19
2018-09-07,142.801,144.435,142.608,143.405,142.817,144.448,142.619,143.47,0.065,173887.94
2018-09-10,143.404,145.032,143.07,144.783,143.416,145.041,143.083,144.797,0.014,127974.92
2018-09-11,144.784,145.918,144.351,145.298,144.798,145.929,144.364,145.313,0.015,140852.3
2018-09-12,145.298,145.658,144.672,145.074,145.313,145.671,144.688,145.089,0.015,145858.78
2018-09-13,145.072,146.898,145.014,146.871,145.086,146.914,145.028,146.884,0.013,153171.59
2018-09-14,146.874,147.014,146.256,146.427,146.886,147.031,146.27,146.524,0.097,132144.3
2018-09-17,146.347,147.46,146.313,146.817,146.358,147.475,146.325,146.832,0.015,135757.64
2018-09-18,146.816,148.012,146.781,147.834,146.83,148.027,146.792,147.848,0.014,161509.98
2018-09-19,147.834,148.534,147.192,147.611,147.848,148.547,147.212,147.628,0.017,170754.81
2018-09-20,147.611,149.316,147.342,149.283,147.627,149.352,147.356,149.294,0.011,165680.55
2018-09-21,149.284,149.712,146.997,147.222,149.294,149.726,147.006,147.321,0.099,148748.58
2018-09-24,147.18,148.299,146.946,147.921,147.195,148.31,146.958,147.934,0.013,144549.95
2018-09-25,147.919,149.016,147.809,148.903,147.932,149.029,147.82,148.918,0.015,135753.19
2018-09-26,148.902,149.093,148.279,148.435,148.919,149.104,148.293,148.451,0.016,150691.86
2018-09-27,148.439,148.728,147.595,148.268,148.457,148.743,147.607,148.284,0.016,153671.77
2018-09-28,148.267,148.64,147.538,148.099,148.281,148.652,147.551,148.165,0.066,133847.22
2018-10-01,148.364,149.412,148.266,148.63,148.382,149.438,148.276,148.636,0.006,171533.55
2018-10-02,148.628,148.692,147.194,147.394,148.636,148.705,147.205,147.411,0.017,167101.52
2018-10-03,147.396,148.582,147.264,148.167,147.412,148.595,147.279,148.182,0.015,191580.48
2018-10-04,148.171,148.633,147.702,148.321,148.186,148.647,147.713,148.334,0.013,199790.5
2018-10-05,148.323,149.268,148.077,149.123,148.339,149.284,148.092,149.227,0.104,184128.12
2018-10-08,149.254,149.509,147.494,148.099,149.275,149.522,147.509,148.115,0.016,200044.45
2018-10-09,148.097,148.752,147.347,148.693,148.114,148.76,147.36,148.706,0.013,212360.31
2018-10-10,148.693,149.301,147.82,148.001,148.707,149.314,147.925,148.016,0.015,238828.84
2018-10-11,147.999,148.779,147.816,148.331,148.014,148.789,147.824,148.344,0.013,309256.28
2018-10-12,148.319,149.005,147.161,147.558,148.333,149.016,147.173,147.639,0.081,218712.62
2018-10-15,147.026,147.424,146.506,147.111,147.038,147.435,146.519,147.122,0.011,218688.53
2018-10-16,147.115,148.402,147.091,148.153,147.123,148.415,147.1,148.166,0.013,213375.2
2018-10-17,148.153,148.249,147.056,147.549,148.166,148.262,147.064,147.562,0.013,217377.67
2018-10-18,147.548,147.744,145.809,146.06,147.561,147.755,145.823,146.073,0.013,220648.38
2018-10-19,146.059,147.331,146.058,146.998,146.072,147.35,146.068,147.107,0.109,207513.91
2018-10-22,146.943,147.579,146.043,146.188,146.956,147.591,146.053,146.201,0.013,213739.27
2018-10-23,146.188,146.405,145.287,145.955,146.202,146.416,145.299,145.966,0.011,236420.12
2018-10-24,145.956,146.303,144.277,144.297,145.968,146.313,144.289,144.309,0.012,262340.41
2018-10-25,144.297,145.033,143.958,144.039,144.309,145.045,144.01,144.049,0.01,223840.84
2018-10-26,144.052,144.136,142.768,143.481,144.063,144.144,142.782,143.608,0.127,271500.28
2018-10-29,143.598,144.405,143.341,143.796,143.611,144.416,143.35,143.807,0.011,241464.02
2018-10-30,143.793,144.388,143.211,143.674,143.808,144.4,143.228,143.69,0.016,241650.36
2018-10-31,143.675,145.132,143.623,144.084,143.69,145.145,143.64,144.101,0.017,208527.77
2018-11-01,144.084,146.89,144.023,146.579,144.098,146.901,144.038,146.595,0.016,224968.92
2018-11-02,146.58,147.254,146.336,146.695,146.597,147.268,146.35,146.819,0.124,229371.75
2018-11-05,147.141,147.944,146.851,147.888,147.155,147.954,146.863,147.9,0.012,182466.34
2018-11-06,147.886,148.705,147.299,148.623,147.9,148.72,147.313,148.644,0.021,186733.02
2018-11-07,148.619,149.229,148.331,149.071,148.64,149.24,148.345,149.092,0.021,263578.97
2018-11-08,149.071,149.485,148.603,148.891,149.09,149.499,148.619,148.907,0.016,195454.8
2018-11-09,148.899,148.973,147.495,147.604,148.917,148.988,147.51,147.727,0.123,202486.2
2018-11-12,147.288,147.575,146.069,146.139,147.306,147.592,146.082,146.16,0.021,216860.88
2018-11-13,146.139,148.726,145.989,148.094,146.156,148.742,146.005,148.111,0.017,236857.73
2018-11-14,148.095,148.422,146.316,147.445,148.112,148.44,146.34,147.461,0.016,264891.25
2018-11-15,147.444,147.923,144.246,144.969,147.462,147.939,144.271,144.984,0.015,270567.59
2018-11-16,144.966,145.443,144.592,144.773,144.983,145.459,144.617,144.802,0.029,212646.92
2018-11-19,144.669,145.314,144.293,144.586,144.685,145.33,144.308,144.607,0.021,180804.48
2018-11-20,144.586,144.911,144.007,144.136,144.606,144.929,144.03,144.151,0.015,224268.41
2018-11-21,144.138,144.887,144.066,144.416,144.153,144.902,144.081,144.434,0.018,152624.02
2018-11-22,144.414,145.946,144.258,145.479,144.434,145.967,144.269,145.501,0.022,132160.16
2018-11-23,145.474,145.521,144.347,144.569,145.5,145.544,144.363,144.915,0.346,131044.72
2018-11-26,144.679,145.738,144.656,145.428,144.705,145.752,144.675,145.446,0.018,148876.8
2018-11-27,145.428,145.507,144.595,144.995,145.444,145.523,144.608,145.016,0.021,171551.06
2018-11-28,144.994,145.833,144.858,145.609,145.014,145.857,144.875,145.627,0.018,156377.36
2018-11-29,145.611,145.683,144.51,144.994,145.63,145.701,144.526,145.015,0.021,152666.16
2018-11-30,144.991,145.289,144.617,144.622,145.009,145.299,144.635,144.75,0.128,142557.16
2018-12-03,145.073,145.512,144.176,144.534,145.09,145.525,144.191,144.552,0.018,135120.09
2018-12-04,144.533,144.759,142.841,143.321,144.552,144.772,142.857,143.341,0.02,183593.02
2018-12-05,143.326,144.537,143.271,143.84,143.343,144.553,143.289,143.86,0.02,135385.06
2018-12-06,143.84,144.167,143.248,144.053,143.857,144.193,143.259,144.074,0.021,207878.25
2018-12-07,144.055,144.219,143.232,143.429,144.079,144.234,143.246,143.559,0.13,163139.55
2018-12-10,143.111,143.699,141.174,142.17,143.126,143.719,141.189,142.184,0.014,203608.72
2018-12-11,142.168,142.929,141.49,141.628,142.184,142.952,141.526,141.647,0.019,188679.78
2018-12-12,141.627,143.443,141.54,143.01,141.645,143.458,141.557,143.025,0.015,195276.06
2018-12-13,143.01,143.933,142.999,143.699,143.027,144.007,143.013,143.72,0.021,157910.89
2018-12-14,143.701,143.72,142.38,142.632,143.72,143.741,142.395,142.743,0.111,143270.38
2018-12-17,142.704,143.235,142.154,142.334,142.728,143.248,142.171,142.353,0.019,164990.84
2018-12-18,142.339,142.653,141.931,142.38,142.354,142.667,141.945,142.398,0.018,174973.66
2018-12-19,142.376,142.532,141.579,141.923,142.392,142.546,141.596,141.941,0.018,253091.73
2018-12-20,141.924,142.107,140.577,140.826,141.942,142.123,140.596,140.857,0.031,327441.62
2018-12-21,140.827,141.163,140.237,140.397,140.854,141.178,140.251,140.523,0.126,306168.44
2018-12-24,140.481,140.849,139.857,139.948,140.504,140.862,140.135,140.297,0.349,288323.62
2018-12-25,139.948,140.159,139.374,140.099,140.294,140.306,139.534,140.127,0.028,21189.62
2018-12-26,140.1,140.9,139.741,140.709,140.123,141.064,139.761,140.73,0.021,257671.62
2018-12-27,140.713,140.78,139.72,140.184,140.736,140.802,139.741,140.21,0.026,400192.66
2018-12-28,140.187,140.365,139.492,139.993,140.209,140.386,139.51,140.123,0.13,249692.33
2018-12-31,140.019,140.873,139.522,139.846,140.043,140.892,139.541,139.951,0.105,202024.36
2019-01-01,139.702,139.905,139.493,139.883,139.956,140.012,139.78,139.896,0.013,19684.88
2019-01-02,139.883,139.883,132.425,134.446,139.895,139.899,132.826,134.474,0.028,308853.16
2019-01-03,134.447,136.784,133.875,136.179,134.477,136.802,133.897,136.202,0.023,333415.72
2019-01-04,136.179,138.3,135.801,138.026,136.201,138.317,135.824,138.148,0.122,297023.28
2019-01-07,138.202,138.978,137.607,138.877,138.221,139.035,137.622,138.897,0.02,227183.11
2019-01-08,138.877,139.438,137.972,138.529,138.897,139.455,137.986,138.548,0.019,265388.5
2019-01-09,138.529,139.105,137.759,138.465,138.552,139.117,137.77,138.483,0.018,310741.56
2019-01-10,138.465,138.512,137.446,138.097,138.482,138.532,137.456,138.114,0.017,267314.5
2019-01-11,138.096,139.481,137.635,139.309,138.114,139.499,137.65,139.422,0.113,232384.73
2019-01-14,139.341,140.055,138.599,139.344,139.356,140.069,138.613,139.367,0.023,204087.08
2019-01-15,139.348,140.427,137.359,139.844,139.369,140.445,137.387,139.863,0.019,265790.41
2019-01-16,139.845,140.7,138.984,140.521,139.864,140.716,138.998,140.546,0.025,229657.81
2019-01-17,140.52,142.215,139.51,141.696,140.545,142.226,139.527,141.709,0.013,224487.66
2019-01-18,141.698,142.079,141.085,141.291,141.71,142.096,141.104,141.404,0.113,196753.64
2019-01-21,140.952,141.53,140.683,141.372,140.973,141.542,140.697,141.389,0.017,195365.69
2019-01-22,141.371,141.929,140.622,141.677,141.388,141.94,140.635,141.691,0.014,198948.98
2019-01-23,141.673,143.557,141.673,143.24,141.689,143.57,141.686,143.257,0.017,215399.44
2019-01-24,143.243,143.846,142.711,143.78,143.258,143.868,142.726,143.799,0.019,222367.3
2019-01-25,143.78,144.837,143.397,144.526,143.799,144.853,143.411,144.651,0.125,216546.77
2019-01-28,144.507,144.529,143.599,143.783,144.524,144.546,143.61,143.796,0.013,190734.45
2019-01-29,143.781,144.485,142.732,143.123,143.796,144.498,142.751,143.141,0.018,235594.27
2019-01-30,143.122,143.597,142.731,142.929,143.138,143.609,142.743,142.95,0.021,226578.78
2019-01-31,142.93,143.213,142.242,142.678,142.951,143.221,142.25,142.696,0.018,213083.06
2019-02-01,142.677,143.492,142.074,143.181,142.696,143.508,142.089,143.311,0.13,185100.81
2019-02-04,143.114,144.169,143.11,143.262,143.13,144.186,143.127,143.278,0.016,175646.22
2019-02-05,143.264,143.554,142.032,142.444,143.279,143.58,142.045,142.465,0.021,160031.61
2019-02-06,142.446,142.513,141.752,142.251,142.467,142.529,141.765,142.268,0.017,175098.77
2019-02-07,142.251,142.625,141.126,142.119,142.269,142.639,141.137,142.13,0.011,196138.41
2019-02-08,142.12,142.518,141.845,142.044,142.13,142.531,141.857,142.119,0.075,142044.84
2019-02-11,142.06,142.556,141.84,142.001,142.077,142.569,141.872,142.02,0.019,196266.67
2019-02-12,142.003,142.633,141.867,142.455,142.02,142.647,141.881,142.472,0.017,176216.58
2019-02-13,142.457,143.33,142.429,142.591,142.473,143.343,142.445,142.609,0.018,163606.64
2019-02-14,142.594,143.03,141.289,141.465,142.608,143.047,141.305,141.484,0.019,199966.44
2019-02-15,141.464,142.4,141.006,142.337,141.48,142.428,141.018,142.428,0.091,169983.67
2019-02-18,142.681,143.022,142.536,142.918,142.698,143.046,142.544,142.935,0.017,242639.41
2019-02-19,142.92,144.699,142.474,144.408,142.935,144.713,142.489,144.426,0.018,169081.41
2019-02-20,144.407,145.042,144.12,144.462,144.425,145.058,144.136,144.471,0.009,192164.75
2019-02-21,144.462,144.924,144.08,144.359,144.469,144.943,144.094,144.376,0.017,214778.39
2019-02-22,144.362,144.745,143.779,144.442,144.38,144.759,143.794,144.551,0.109,171203.94
2019-02-25,144.718,145.969,144.453,145.756,144.736,146.013,144.471,145.77,0.014,196058.33
2019-02-26,145.757,147.058,145.401,146.574,145.771,147.072,145.412,146.592,0.018,282100.97
2019-02-27,146.578,148.044,146.161,147.64,146.593,148.053,146.177,147.655,0.015,226821.09
2019-02-28,147.639,148.265,146.981,147.709,147.655,148.276,146.992,147.728,0.019,203418.77
2019-03-01,147.705,148.566,147.514,147.771,147.722,148.581,147.529,147.887,0.116,202416.84
2019-03-04,148.167,148.308,147.103,147.302,148.184,148.319,147.117,147.318,0.016,207226.16
2019-03-05,147.303,147.786,146.605,147.166,147.318,147.798,146.615,147.182,0.016,201348.38
2019-03-06,147.167,147.302,146.689,147.119,147.182,147.319,146.704,147.138,0.019,178085.38
2019-03-07,147.119,147.278,145.784,146.138,147.138,147.292,145.801,146.156,0.018,199461.56
2019-03-08,146.138,146.145,144.314,144.641,146.155,146.161,144.326,144.734,0.093,189750.56
2019-03-11,144.231,147.806,143.721,147.461,144.245,147.834,143.735,147.476,0.015,271690.88
2019-03-12,147.461,147.461,144.575,145.417,147.475,147.479,144.594,145.435,0.018,238827.0
2019-03-13,145.418,148.719,145.395,147.763,145.435,148.741,145.411,147.78,0.017,213023.69
2019-03-14,147.762,148.873,147.382,148.151,147.78,148.886,147.4,148.166,0.015,219184.7
2019-03-15,148.151,148.372,147.422,148.161,148.166,148.387,147.437,148.258,0.097,171368.8
2019-03-18,148.316,148.385,147.015,147.747,148.332,148.398,147.03,147.763,0.016,194031.39
2019-03-19,147.743,148.051,147.54,147.862,147.76,148.066,147.55,147.879,0.017,182432.44
2019-03-20,147.862,148.083,145.878,146.121,147.879,148.098,145.899,146.138,0.017,252715.56
2019-03-21,146.123,146.393,144.13,145.491,146.139,146.409,144.145,145.508,0.017,253148.55
2019-03-22,145.491,145.749,144.53,145.19,145.508,145.76,144.547,145.263,0.073,271471.91
2019-03-25,145.382,145.803,144.633,145.407,145.398,145.812,144.649,145.424,0.017,270929.16
2019-03-26,145.406,146.467,145.011,146.054,145.423,146.474,145.028,146.072,0.018,233373.02
2019-03-27,146.054,146.495,145.119,145.322,146.071,146.511,145.137,145.34,0.018,293032.41
2019-03-28,145.32,145.56,144.204,144.408,145.34,145.58,144.257,144.426,0.018,249609.7
2019-03-29,144.41,145.486,143.819,144.445,144.427,145.497,143.84,144.529,0.084,247997.94
2019-04-01,144.515,146.341,144.421,145.631,144.533,146.359,144.439,145.647,0.016,228593.05
2019-04-02,145.629,146.437,144.93,146.106,145.645,146.456,144.946,146.123,0.017,216696.64
2019-04-03,146.107,147.189,146.021,146.77,146.124,147.205,146.038,146.789,0.019,235158.12
2019-04-04,146.769,146.955,145.675,145.963,146.789,146.971,145.691,145.98,0.017,200356.52
2019-04-05,145.963,146.544,145.103,145.581,145.981,146.571,145.121,145.659,0.078,171507.12
2019-04-08,145.648,145.774,145.103,145.559,145.668,145.79,145.115,145.575,0.016,185498.42
2019-04-09,145.559,146.052,144.778,145.021,145.576,146.067,144.798,145.041,0.02,169359.09
2019-04-10,145.024,145.706,144.955,145.36,145.045,145.733,144.969,145.374,0.014,172852.98
2019-04-11,145.36,145.95,145.134,145.741,145.376,145.963,145.139,145.758,0.017,157384.56
2019-04-12,145.746,147.01,145.712,146.367,145.761,147.024,145.725,146.429,0.062,151066.89
2019-04-15,146.574,146.994,146.346,146.647,146.591,147.008,146.36,146.659,0.012,142474.41
2019-04-16,146.644,146.751,145.962,146.036,146.655,146.765,145.979,146.054,0.018,150851.23
2019-04-17,146.038,146.3,145.835,146.044,146.057,146.307,145.849,146.056,0.012,145468.44
2019-04-18,146.045,146.061,145.284,145.479,146.057,146.079,145.302,145.51,0.031,180268.73
2019-04-19,145.479,145.569,145.256,145.343,145.51,145.587,145.364,145.455,0.112,375793.75
2019-04-22,145.398,145.51,145.212,145.295,145.414,145.523,145.229,145.311,0.016,71365.76
2019-04-23,145.294,145.626,144.582,144.739,145.314,145.633,144.596,144.754,0.015,150157.72
2019-04-24,144.74,145.019,144.395,144.725,144.756,145.032,144.409,144.746,0.021,146426.81
2019-04-25,144.725,144.875,143.783,143.883,144.746,144.893,143.789,143.899,0.016,146680.48
2019-04-26,143.883,144.457,143.767,144.114,143.901,144.465,143.782,144.171,0.057,136932.19
2019-04-29,144.225,144.716,144.183,144.467,144.247,144.73,144.204,144.484,0.017,119601.79
2019-04-30,144.465,145.377,144.045,145.295,144.481,145.392,144.059,145.31,0.015,148554.16
2019-05-01,145.295,145.698,145.221,145.477,145.311,145.71,145.302,145.495,0.018,128227.24
2019-05-02,145.475,145.87,145.084,145.294,145.493,145.912,145.101,145.31,0.016,145527.0
2019-05-03,145.297,146.504,144.805,146.331,145.313,146.514,144.816,146.42,0.089,117609.3
2019-05-06,145.486,145.544,144.822,145.115,145.506,145.562,144.847,145.13,0.015,129670.18
2019-05-07,145.119,145.364,143.861,144.084,145.133,145.372,143.876,144.099,0.015,145212.91
2019-05-08,144.08,144.082,143.036,143.118,144.097,144.099,143.048,143.134,0.016,149013.88
2019-05-09,143.124,143.21,142.23,142.865,143.136,143.224,142.242,142.878,0.013,158252.66
2019-05-10,142.864,143.237,142.508,142.935,142.878,143.251,142.524,143.045,0.11,161709.06
2019-05-13,142.622,142.866,141.201,141.502,142.638,142.88,141.217,141.521,0.019,138745.02
2019-05-14,141.502,142.173,141.394,141.548,141.518,142.187,141.407,141.563,0.015,120094.84
2019-05-15,141.549,141.641,140.199,140.628,141.564,141.656,140.214,140.646,0.018,127223.48
2019-05-16,140.627,140.787,140.199,140.605,140.646,140.802,140.214,140.622,0.017,102281.63
2019-05-17,140.606,140.679,139.545,139.937,140.624,140.693,139.556,140.02,0.083,137556.34
2019-05-20,140.251,140.528,139.699,140.111,140.267,140.542,139.708,140.12,0.009,119974.35
2019-05-21,140.111,141.737,139.647,140.489,140.122,141.752,139.66,140.505,0.016,122238.13
2019-05-22,140.487,140.701,139.312,139.57,140.504,140.713,139.326,139.586,0.016,118378.42
2019-05-23,139.57,139.595,138.526,138.714,139.588,139.61,138.544,138.733,0.019,140902.38
2019-05-24,138.717,139.487,138.504,138.918,138.733,139.5,138.52,138.98,0.062,113875.59
2019-05-27,139.179,139.641,138.672,138.865,139.194,139.655,138.691,138.883,0.018,116509.46
2019-05-28,138.866,139.009,138.285,138.425,138.884,139.022,138.3,138.441,0.016,138325.2
2019-05-29,138.427,138.581,137.867,138.362,138.443,138.595,137.881,138.378,0.016,155036.12
2019-05-30,138.361,138.735,137.819,137.828,138.377,138.746,137.835,137.844,0.016,129769.44
2019-05-31,137.828,137.956,136.628,136.737,137.845,137.972,136.641,136.771,0.034,172373.16
2019-06-03,136.78,137.12,136.615,136.809,136.792,137.132,136.629,136.824,0.015,170655.05
2019-06-04,136.808,137.52,136.556,137.52,136.825,137.534,136.569,137.534,0.014,144606.45
2019-06-05,137.519,137.78,137.197,137.431,137.533,137.797,137.211,137.446,0.015,153795.06
2019-06-06,137.433,137.808,136.987,137.673,137.449,137.815,137.002,137.691,0.018,158762.23
2019-06-07,137.678,138.161,137.478,137.774,137.695,138.177,137.492,137.855,0.081,133524.86
2019-06-10,137.962,138.252,137.476,137.506,137.979,138.267,137.49,137.525,0.019,123496.36
2019-06-11,137.508,138.321,137.504,138.023,137.527,138.337,137.521,138.041,0.018,155752.66
2019-06-12,138.026,138.24,137.555,137.699,138.044,138.255,137.567,137.717,0.018,130772.75
2019-06-13,137.7,137.776,137.096,137.337,137.718,137.793,137.112,137.352,0.015,131315.42
2019-06-14,137.337,137.407,136.508,136.651,137.352,137.421,136.522,136.726,0.075,131880.45
2019-06-17,136.73,136.93,135.997,136.124,136.744,136.944,136.016,136.139,0.015,101542.09
2019-06-18,136.122,136.486,135.373,136.441,136.136,136.502,135.387,136.458,0.017,151988.72
2019-06-19,136.44,136.998,135.78,136.791,136.457,137.038,135.795,136.808,0.017,136759.8
2019-06-20,136.787,137.172,136.194,136.343,136.804,137.198,136.209,136.362,0.019,182957.38
2019-06-21,136.344,136.833,135.942,136.694,136.362,136.862,135.955,136.822,0.128,157086.34
2019-06-24,136.825,137.125,136.486,136.727,136.838,137.14,136.499,136.742,0.015,127803.05
2019-06-25,136.729,136.841,135.803,136.001,136.743,136.854,135.819,136.019,0.018,163694.48
2019-06-26,136.0,136.889,136.0,136.775,136.018,136.906,136.016,136.794,0.019,145828.12
2019-06-27,136.778,137.329,136.415,136.555,136.795,137.344,136.433,136.572,0.017,142427.34
2019-06-28,136.56,137.198,136.268,136.961,136.577,137.211,136.284,137.081,0.12,124734.43
2019-07-01,137.563,137.567,136.736,137.033,137.573,137.58,136.751,137.046,0.013,140735.31
2019-07-02,137.029,137.135,135.797,135.841,137.044,137.146,135.814,135.853,0.012,126235.81
2019-07-03,135.841,135.846,135.168,135.594,135.856,135.863,135.181,135.61,0.016,126646.7
2019-07-04,135.594,135.712,135.437,135.667,135.609,135.732,135.451,135.681,0.014,97357.65
2019-07-05,135.668,136.04,135.484,135.858,135.681,136.056,135.494,135.933,0.075,118904.6
2019-07-08,135.87,136.141,135.537,136.065,135.886,136.157,135.553,136.083,0.018,96974.18
2019-07-09,136.064,136.277,135.39,135.7,136.086,136.293,135.4,135.716,0.016,97718.85
2019-07-10,135.701,136.049,135.472,135.486,135.717,136.064,135.49,135.504,0.018,121499.9
2019-07-11,135.486,136.049,135.078,135.964,135.504,136.062,135.093,135.979,0.015,125044.94
2019-07-12,135.967,136.015,135.499,135.686,135.982,136.034,135.517,135.775,0.089,96916.77
2019-07-15,135.547,135.839,134.952,135.054,135.566,135.856,134.961,135.069,0.015,90100.36
2019-07-16,135.055,135.26,133.96,134.264,135.071,135.273,133.976,134.281,0.017,129442.56
2019-07-17,134.264,134.619,133.968,134.199,134.282,134.629,133.981,134.215,0.016,117859.87
2019-07-18,134.197,134.83,133.848,134.708,134.213,134.841,133.862,134.725,0.017,147589.55
2019-07-19,134.709,135.004,134.556,134.665,134.727,135.018,134.569,134.783,0.118,119949.22
2019-07-22,134.898,135.082,134.405,134.576,134.912,135.098,134.421,134.593,0.017,92375.31
2019-07-23,134.578,134.982,134.309,134.61,134.594,134.995,134.322,134.626,0.016,102802.05
2019-07-24,134.61,135.272,134.241,135.073,134.626,135.288,134.259,135.092,0.019,109309.22
2019-07-25,135.077,135.663,134.707,135.323,135.093,135.68,134.722,135.342,0.019,112957.32
2019-07-26,135.325,135.387,134.531,134.553,135.344,135.405,134.562,134.619,0.066,81922.03
2019-07-29,134.438,134.451,132.846,132.976,134.457,134.467,132.859,132.997,0.021,92635.6
2019-07-30,132.978,133.065,131.601,131.981,132.995,133.083,131.627,132.002,0.021,126903.77
2019-07-31,131.981,132.988,131.842,132.242,132.0,133.005,131.86,132.261,0.019,166594.66
2019-08-01,132.241,132.55,129.927,130.254,132.263,132.566,129.997,130.27,0.016,205692.91
2019-08-02,130.253,130.416,129.071,129.598,130.271,130.433,129.088,129.71,0.112,229947.42
2019-08-05,129.477,129.572,128.104,128.371,129.497,129.587,128.125,128.395,0.024,231734.91
2019-08-06,128.37,130.06,128.357,129.392,128.395,130.084,128.377,129.415,0.023,211999.16
2019-08-07,129.39,129.524,128.218,128.813,129.414,129.539,128.235,128.838,0.025,226599.12
2019-08-08,128.815,129.327,128.257,128.57,128.838,129.348,128.293,128.593,0.023,170803.03
2019-08-09,128.569,128.747,126.963,127.079,128.593,128.766,126.982,127.171,0.092,154710.59
2019-08-12,126.668,127.513,126.648,127.268,126.693,127.531,126.672,127.285,0.017,189428.92
2019-08-13,127.274,129.219,126.797,128.589,127.286,129.239,126.813,128.608,0.019,244077.98
2019-08-14,128.59,128.65,127.461,127.726,128.608,128.665,127.505,127.74,0.014,187726.59
2019-08-15,127.726,128.976,127.563,128.267,127.742,129.008,127.578,128.289,0.022,213371.69
2019-08-16,128.266,129.568,128.145,129.134,128.291,129.588,128.167,129.218,0.084,129933.12
2019-08-19,129.401,129.531,128.965,129.236,129.419,129.549,128.98,129.254,0.018,109739.99
2019-08-20,129.236,129.636,128.26,129.241,129.257,129.646,128.272,129.26,0.019,125498.6
2019-08-21,129.243,129.666,128.88,129.31,129.263,129.688,128.895,129.329,0.019,116526.5
2019-08-22,129.309,130.695,128.755,130.435,129.328,130.711,128.769,130.45,0.015,150626.7
2019-08-23,130.433,130.561,128.988,129.498,130.454,130.575,129.006,129.56,0.062,192674.66
2019-08-26,128.541,130.142,128.54,129.503,128.569,130.162,128.569,129.524,0.021,245866.98
2019-08-27,129.502,130.383,129.002,129.858,129.527,130.397,129.019,129.876,0.018,178786.31
2019-08-28,129.861,130.063,128.47,129.602,129.879,130.082,128.488,129.621,0.019,179801.45
2019-08-29,129.597,130.028,128.966,129.696,129.62,130.043,128.984,129.715,0.019,155619.09
2019-08-30,129.699,129.808,129.078,129.225,129.717,129.827,129.096,129.303,0.078,145629.59
2019-09-02,129.036,129.312,127.865,128.11,129.057,129.329,127.891,128.131,0.021,117256.93
2019-09-03,128.11,128.246,126.669,127.975,128.135,128.325,126.684,127.998,0.023,164085.23
2019-09-04,127.976,130.437,127.931,130.218,127.999,130.494,127.953,130.242,0.024,152211.81
2019-09-05,130.214,132.158,129.912,131.957,130.24,132.188,129.928,131.98,0.023,164343.41
2019-09-06,131.954,132.122,131.261,131.333,131.978,132.144,131.281,131.391,0.058,140400.45
2019-09-09,131.366,132.554,130.804,132.513,131.386,132.573,130.82,132.536,0.023,132805.27
2019-09-10,132.514,132.986,132.01,132.963,132.538,133.02,132.031,132.98,0.017,140134.98
2019-09-11,132.96,133.359,132.667,133.228,132.981,133.377,132.685,133.252,0.024,144055.05
2019-09-12,133.23,133.639,132.167,133.376,133.254,133.655,132.184,133.401,0.025,187376.56
2019-09-13,133.389,135.189,133.308,135.089,133.411,135.239,133.329,135.219,0.13,145918.36
2019-09-16,134.649,134.678,133.874,134.372,134.674,134.699,133.89,134.395,0.023,139733.77
2019-09-17,134.368,135.423,133.985,135.126,134.391,135.434,134.0,135.148,0.022,137771.91
2019-09-18,135.129,135.657,134.59,135.21,135.152,135.675,134.605,135.231,0.021,134381.19
2019-09-19,135.209,135.514,134.264,135.331,135.232,135.533,134.282,135.353,0.022,174584.88
2019-09-20,135.333,135.746,134.066,134.13,135.355,135.758,134.1,134.227,0.097,137837.7
2019-09-23,134.232,134.542,133.347,133.769,134.257,134.561,133.364,133.788,0.019,127452.17
2019-09-24,133.768,134.61,133.543,133.792,133.79,134.636,133.561,133.812,0.02,147615.73
2019-09-25,133.787,134.004,132.836,133.099,133.811,134.017,132.852,133.118,0.019,163297.45
2019-09-26,133.098,133.285,132.378,132.835,133.12,133.303,132.395,132.853,0.018,147791.05
2019-09-27,132.83,133.275,132.314,132.609,132.851,133.288,132.328,132.688,0.079,150601.19
2019-09-30,132.681,133.337,132.472,132.789,132.707,133.351,132.487,132.811,0.022,140446.89
2019-10-01,132.79,133.352,131.777,132.431,132.81,133.369,131.792,132.45,0.019,183691.47
2019-10-02,132.427,132.548,131.573,131.852,132.451,132.568,131.589,131.871,0.019,193391.8
2019-10-03,131.851,132.543,131.477,131.838,131.873,132.562,131.495,131.859,0.021,188247.42
2019-10-04,131.838,131.986,131.275,131.836,131.856,132.002,131.29,131.948,0.112,150378.52
2019-10-07,131.68,132.236,131.304,131.781,131.701,132.257,131.321,131.799,0.018,137285.88
2019-10-08,131.779,132.111,130.425,130.676,131.796,132.129,130.441,130.693,0.017,191928.03
2019-10-09,130.675,131.818,130.648,130.938,130.693,131.84,130.666,130.962,0.024,158921.83
2019-10-10,130.944,134.552,130.844,134.081,130.961,134.574,130.864,134.101,0.02,210541.41
2019-10-11,134.081,137.895,133.975,137.065,134.101,137.913,134.002,137.195,0.13,202225.23
2019-10-14,136.853,137.032,135.494,136.669,136.873,137.041,135.513,136.694,0.025,153866.42
2019-10-15,136.664,139.307,136.446,138.819,136.691,139.329,136.466,138.843,0.024,195702.91
2019-10-16,138.815,140.09,137.508,139.315,138.841,140.114,137.544,139.337,0.022,195768.94
2019-10-17,139.314,141.5,138.622,139.694,139.34,141.523,138.641,139.718,0.024,204006.92
2019-10-18,139.694,140.772,139.342,140.702,139.719,140.854,139.365,140.831,0.129,150070.61
2019-10-21,139.875,141.355,139.779,140.871,139.912,141.375,139.8,140.894,0.023,172469.5
2019-10-22,140.868,141.11,139.506,139.764,140.895,141.135,139.53,139.788,0.024,204125.92
2019-10-23,139.76,140.424,139.082,140.361,139.791,140.442,139.098,140.382,0.021,177386.88
2019-10-24,140.362,140.734,138.865,139.44,140.381,140.752,138.887,139.46,0.02,186007.16
2019-10-25,139.437,139.8,139.022,139.372,139.458,139.811,139.035,139.485,0.113,125224.51
2019-10-28,139.48,140.256,139.338,140.096,139.5,140.266,139.36,140.114,0.018,135040.56
2019-10-29,140.09,140.534,139.463,140.066,140.114,140.547,139.478,140.084,0.018,156962.03
2019-10-30,140.063,140.5,139.955,140.363,140.081,140.577,139.974,140.381,0.018,160016.31
2019-10-31,140.367,140.683,139.6,139.737,140.382,140.694,139.615,139.756,0.019,185546.56
2019-11-01,139.737,140.18,139.684,139.956,139.759,140.202,139.706,140.028,0.072,141563.55
2019-11-04,139.992,140.233,139.816,140.102,140.014,140.247,139.853,140.12,0.018,110830.97
2019-11-05,140.103,140.75,139.992,140.575,140.123,140.764,140.009,140.596,0.021,145738.67
2019-11-06,140.575,140.588,139.869,140.014,140.598,140.6,139.882,140.03,0.016,128336.72
2019-11-07,140.015,140.528,139.486,140.083,140.03,140.543,139.499,140.104,0.021,181124.59
2019-11-08,140.083,140.203,139.414,139.516,140.102,140.222,139.428,139.628,0.112,128415.95
2019-11-11,139.72,140.491,139.363,140.158,139.733,140.496,139.381,140.176,0.018,120849.56
2019-11-12,140.157,140.583,139.927,140.062,140.176,140.601,139.952,140.081,0.019,140179.59
2019-11-13,140.063,140.254,139.437,139.837,140.084,140.271,139.449,139.853,0.016,142029.38
2019-11-14,139.837,139.85,139.396,139.756,139.858,139.867,139.413,139.776,0.02,140753.53
2019-11-15,139.756,140.461,139.672,140.318,139.777,140.473,139.684,140.408,0.09,117746.76
2019-11-18,140.428,141.575,140.399,140.707,140.451,141.585,140.414,140.732,0.025,136467.7
2019-11-19,140.707,140.933,140.102,140.235,140.731,140.945,140.118,140.253,0.018,130761.02
2019-11-20,140.234,140.483,139.675,140.201,140.253,140.499,139.692,140.221,0.02,149412.19
2019-11-21,140.201,140.923,139.971,140.266,140.223,140.933,139.987,140.285,0.019,161190.61
2019-11-22,140.267,140.51,139.318,139.413,140.286,140.53,139.329,139.487,0.074,130538.91
2019-11-25,139.716,140.624,139.639,140.562,139.734,140.663,139.646,140.586,0.024,118837.08
2019-11-26,140.56,140.899,139.982,140.296,140.583,140.919,139.992,140.315,0.019,125114.6
2019-11-27,140.292,141.84,140.044,141.406,140.312,141.882,140.056,141.424,0.018,133542.86
2019-11-28,141.409,141.762,141.246,141.403,141.429,141.776,141.259,141.424,0.021,119851.25
2019-11-29,141.403,141.683,141.11,141.393,141.424,141.819,141.123,141.748,0.355,123333.97
2019-12-02,141.421,141.818,140.94,141.065,141.438,141.828,140.953,141.085,0.02,127887.37
2019-12-03,141.068,141.708,140.917,141.224,141.087,141.722,140.929,141.242,0.018,152791.27
2019-12-04,141.224,142.786,140.829,142.663,141.241,142.801,140.843,142.682,0.019,167397.42
2019-12-05,142.663,143.248,142.608,143.054,142.684,143.262,142.623,143.076,0.022,138928.94
2019-12-06,143.054,143.142,142.364,142.576,143.075,143.159,142.378,142.688,0.112,131536.16
2019-12-09,142.729,143.102,142.557,142.739,142.748,143.123,142.57,142.758,0.019,124161.34
2019-12-10,142.739,143.662,142.543,142.797,142.758,143.679,142.585,142.816,0.019,157733.81
2019-12-11,142.802,143.375,142.554,143.284,142.819,143.39,142.567,143.301,0.017,139314.72
2019-12-12,143.284,147.913,142.475,147.405,143.3,147.941,142.492,147.423,0.018,225699.12
2019-12-13,147.401,147.955,145.451,145.728,147.418,147.97,145.465,145.785,0.057,247838.02
2019-12-16,146.059,146.805,145.077,145.381,146.077,146.824,145.098,145.403,0.022,169697.02
2019-12-17,145.387,145.722,143.473,143.715,145.402,145.739,143.489,143.734,0.019,187240.89
2019-12-18,143.717,143.719,143.066,143.332,143.735,143.738,143.087,143.353,0.021,190750.67
2019-12-19,143.335,143.862,141.974,142.386,143.353,143.876,141.987,142.407,0.021,187018.44
2019-12-20,142.387,143.049,142.086,142.232,142.405,143.065,142.104,142.328,0.096,133641.23
2019-12-23,142.394,142.509,141.16,141.555,142.416,142.524,141.174,141.569,0.014,133981.83
2019-12-24,141.555,141.854,141.147,141.407,141.569,141.878,141.296,141.488,0.081,150658.14
2019-12-25,141.4,141.895,141.346,141.846,141.483,141.945,141.457,141.873,0.027,7278.73
2019-12-26,141.846,142.722,141.827,142.491,141.871,142.743,141.853,142.517,0.026,93559.77
2019-12-27,142.491,143.635,142.035,143.204,142.519,143.655,142.06,143.325,0.121,122254.68
2019-12-30,143.264,143.426,142.588,142.75,143.293,143.443,142.608,142.779,0.029,164712.06
2019-12-31,142.751,144.356,142.425,144.092,142.779,144.378,142.441,144.184,0.092,143107.2
2020-01-01,144.044,144.086,143.732,144.053,144.146,144.226,143.986,144.077,0.024,7823.15
2020-01-02,144.053,144.186,142.263,142.699,144.077,144.207,142.279,142.716,0.017,196388.16
2020-01-03,142.697,142.749,140.996,141.337,142.716,142.767,141.014,141.456,0.119,210263.22
2020-01-06,141.191,142.831,141.114,142.789,141.209,142.85,141.132,142.809,0.02,194133.09
2020-01-07,142.788,143.291,141.322,141.618,142.808,143.304,141.342,141.639,0.021,214770.97
2020-01-08,141.618,143.103,141.119,142.895,141.642,143.119,141.132,142.914,0.019,303339.0
2020-01-09,142.894,143.453,142.42,143.104,142.916,143.471,142.438,143.12,0.016,198008.19
2020-01-10,143.104,143.495,142.885,142.948,143.123,143.501,142.899,143.064,0.116,241692.2
2020-01-13,142.892,142.963,142.359,142.856,142.91,142.981,142.376,142.875,0.019,142467.23
2020-01-14,142.858,143.432,142.448,143.038,142.877,143.442,142.46,143.053,0.015,179861.45
2020-01-15,143.038,143.447,142.663,143.276,143.055,143.508,142.674,143.298,0.022,164458.08
2020-01-16,143.276,144.165,143.237,144.07,143.301,144.185,143.251,144.091,0.021,149325.36
2020-01-17,144.07,144.525,143.231,143.236,144.091,144.541,143.288,143.336,0.1,150682.38
2020-01-20,143.296,143.357,142.798,143.261,143.32,143.435,142.813,143.283,0.022,110158.6
2020-01-21,143.263,143.973,142.856,143.379,143.284,143.986,142.875,143.401,0.022,171575.12
2020-01-22,143.377,144.606,143.327,144.231,143.401,144.619,143.347,144.25,0.019,183268.42
2020-01-23,144.233,144.304,143.203,143.733,144.253,144.321,143.219,143.75,0.017,177752.98
2020-01-24,143.734,144.413,142.713,142.814,143.753,144.454,142.729,142.883,0.069,172513.2
2020-01-27,142.1,142.743,142.086,142.251,142.118,142.756,142.097,142.27,0.019,181526.91
2020-01-28,142.25,142.45,141.476,142.126,142.272,142.469,141.492,142.142,0.016,168248.86
2020-01-29,142.125,142.232,141.705,141.909,142.146,142.244,141.719,141.928,0.019,155812.72
2020-01-30,141.909,142.705,141.255,142.479,141.93,142.721,141.269,142.497,0.018,225232.36
2020-01-31,142.479,143.284,142.479,143.026,142.5,143.296,142.497,143.14,0.114,203531.08
2020-02-03,142.861,143.101,141.065,141.164,142.881,143.119,141.078,141.179,0.015,205076.03
2020-02-04,141.164,142.84,140.92,142.606,141.186,142.85,140.935,142.625,0.019,194197.61
2020-02-05,142.605,143.373,142.22,142.705,142.625,143.385,142.235,142.725,0.02,200136.84
2020-02-06,142.704,142.819,142.085,142.184,142.726,142.831,142.096,142.201,0.017,165893.27
2020-02-07,142.184,142.371,141.384,141.384,142.202,142.385,141.416,141.448,0.064,177724.92
2020-02-10,141.296,142.089,141.277,141.768,141.314,142.1,141.293,141.785,0.017,171875.73
2020-02-11,141.767,142.459,141.691,142.31,141.785,142.468,141.709,142.327,0.017,145629.53
2020-02-12,142.305,142.884,142.218,142.359,142.327,142.897,142.239,142.378,0.019,120740.33
2020-02-13,142.361,143.475,142.139,143.191,142.379,143.487,142.158,143.208,0.017,163022.94
2020-02-14,143.197,143.403,142.762,143.193,143.213,143.417,142.776,143.259,0.066,134342.02
2020-02-17,143.293,143.346,142.762,142.844,143.31,143.362,142.802,142.862,0.018,124690.52
2020-02-18,142.844,143.229,142.314,142.884,142.863,143.241,142.327,142.901,0.017,175510.94
2020-02-19,142.88,144.162,142.818,143.731,142.901,144.177,142.835,143.75,0.019,157845.56
2020-02-20,143.731,144.603,143.594,144.226,143.75,144.615,143.613,144.24,0.014,166503.8
2020-02-21,144.228,144.957,143.718,144.516,144.239,144.971,143.734,144.576,0.06,196395.73
2020-02-24,144.467,144.619,142.629,143.263,144.487,144.637,142.637,143.282,0.019,229756.7
2020-02-25,143.264,143.642,142.959,143.4,143.285,143.657,142.973,143.418,0.018,293194.22
2020-02-26,143.403,143.717,142.232,142.452,143.419,143.735,142.244,142.472,0.02,330720.97
2020-02-27,142.453,142.545,140.799,141.272,142.474,142.564,140.898,141.287,0.015,382127.0
2020-02-28,141.267,141.349,137.532,138.46,141.287,141.364,137.536,138.572,0.112,418918.62
2020-03-02,137.863,139.183,137.149,138.543,137.884,139.195,137.163,138.564,0.021,389858.09
2020-03-03,138.539,138.541,136.935,137.253,138.559,138.561,136.95,137.271,0.018,388931.84
2020-03-04,137.249,138.676,137.199,138.633,137.267,138.693,137.215,138.657,0.024,292146.72
2020-03-05,138.637,138.637,137.309,137.6,138.659,138.66,137.386,137.617,0.017,284511.41
2020-03-06,137.6,137.73,136.432,137.439,137.613,137.751,136.451,137.536,0.097,389073.91
2020-03-09,136.11,136.325,132.577,134.752,136.133,136.349,132.593,134.776,0.024,579239.06
2020-03-10,134.752,137.208,134.046,135.547,134.785,137.221,134.068,135.578,0.031,477175.12
2020-03-11,135.547,136.544,133.641,133.977,135.583,136.586,133.81,134.003,0.026,388960.25
2020-03-12,133.975,134.236,131.291,131.572,134.006,134.269,131.355,131.627,0.055,472039.56
2020-03-13,131.562,134.308,131.219,132.524,131.61,134.334,131.247,132.829,0.305,486052.12
2020-03-16,132.028,132.567,128.893,130.268,132.073,132.609,128.917,130.31,0.042,557140.31
2020-03-17,130.271,131.216,128.583,130.122,130.314,131.256,128.613,130.158,0.036,713588.25
2020-03-18,130.123,130.314,124.062,125.768,130.158,130.354,124.121,125.829,0.061,623169.56
2020-03-19,125.777,129.561,124.741,127.884,125.832,129.596,124.794,127.94,0.056,614578.25
2020-03-20,127.884,132.04,127.456,129.018,127.935,132.067,127.506,129.129,0.111,473244.62
2020-03-23,128.237,129.112,127.338,128.478,128.334,129.144,127.381,128.529,0.051,508129.84
2020-03-24,128.473,131.424,128.003,130.991,128.525,131.454,128.042,131.029,0.038,492812.88
2020-03-25,130.991,133.39,129.85,131.297,131.027,133.415,129.874,131.351,0.054,482145.38
2020-03-26,131.305,133.814,130.611,133.047,131.35,134.034,130.641,133.095,0.048,471004.16
2020-03-27,133.047,134.729,132.107,134.437,133.095,134.822,132.147,134.559,0.122,402243.25
2020-03-30,133.782,134.407,132.745,133.656,133.828,134.429,132.777,133.704,0.048,312318.25
2020-03-31,133.66,134.617,133.04,133.367,133.71,134.636,133.094,133.413,0.046,349428.12
2020-04-01,133.367,133.583,132.347,132.828,133.411,133.621,132.506,132.861,0.033,276713.28
2020-04-02,132.829,134.082,132.538,133.856,132.86,134.12,132.558,133.883,0.027,294914.75
2020-04-03,133.846,133.925,132.541,133.064,133.875,133.957,132.56,133.193,0.129,272783.66
2020-04-06,132.805,134.523,132.759,133.458,132.851,134.53,132.804,133.501,0.043,292196.12
2020-04-07,133.461,134.972,133.1,134.048,133.504,134.994,133.14,134.084,0.036,298485.12
2020-04-08,134.049,135.017,133.689,134.967,134.081,135.081,133.723,134.989,0.022,247772.61
2020-04-09,134.966,135.744,134.634,135.162,134.99,135.76,134.658,135.251,0.089,261923.42
2020-04-10,135.162,135.401,134.718,134.718,135.247,135.434,135.029,135.203,0.485,123214.96
2020-04-13,134.981,135.139,134.504,134.743,135.009,135.161,134.532,134.771,0.028,150392.95
2020-04-14,134.743,135.495,134.568,135.217,134.769,135.513,134.586,135.242,0.025,201589.28
2020-04-15,135.22,135.272,133.633,134.711,135.246,135.294,133.648,134.741,0.03,229300.72
2020-04-16,134.713,134.96,133.71,134.77,134.741,135.012,133.724,134.805,0.035,261307.64
2020-04-17,134.768,134.839,133.894,134.43,134.802,134.869,133.911,134.484,0.054,219640.62
2020-04-20,134.453,134.719,133.712,133.942,134.478,134.737,133.808,133.966,0.024,201499.69
2020-04-21,133.942,134.031,131.903,132.499,133.966,134.057,131.918,132.52,0.021,253900.27
2020-04-22,132.502,133.293,132.041,132.861,132.522,133.309,132.056,132.886,0.025,199838.25
2020-04-23,132.858,133.679,132.392,132.966,132.888,133.693,132.406,132.99,0.024,229812.95
2020-04-24,132.97,133.151,132.388,132.898,132.995,133.163,132.404,133.015,0.117,188557.48
2020-04-27,132.952,133.571,132.891,133.268,132.968,133.586,132.914,133.29,0.022,178978.56
2020-04-28,133.27,133.553,132.687,132.743,133.291,133.567,132.704,132.762,0.019,188406.8
2020-04-29,132.745,133.057,131.937,132.939,132.765,133.127,131.945,132.959,0.02,178765.59
2020-04-30,132.936,135.449,132.662,134.961,132.954,135.466,132.677,134.984,0.023,242765.69
2020-05-01,134.96,135.071,133.36,133.537,134.984,135.093,133.378,133.628,0.091,198629.28
2020-05-04,132.928,133.237,132.513,132.771,132.948,133.254,132.528,132.791,0.02,190363.09
2020-05-05,132.771,133.176,132.336,132.452,132.792,133.192,132.415,132.475,0.023,188223.02
2020-05-06,132.452,132.462,130.655,130.895,132.475,132.483,130.671,130.914,0.019,196344.69
2020-05-07,130.894,132.019,130.771,131.611,130.913,132.032,130.789,131.628,0.017,201691.23
2020-05-08,131.616,132.68,131.553,132.292,131.633,132.694,131.566,132.368,0.076,140888.94
2020-05-11,132.761,133.187,131.876,132.675,132.777,133.2,131.89,132.689,0.014,190073.72
2020-05-12,132.674,132.855,131.255,131.295,132.688,132.869,131.272,131.311,0.016,199103.88
2020-05-13,131.297,131.933,130.645,130.864,131.312,131.946,130.661,130.886,0.022,221177.64
2020-05-14,130.865,131.344,130.136,131.327,130.886,131.36,130.156,131.342,0.015,208415.8
2020-05-15,131.326,131.416,129.523,129.61,131.341,131.429,129.605,129.675,0.065,191228.55
2020-05-18,129.56,131.275,129.541,130.998,129.582,131.292,129.555,131.016,0.018,184521.34
2020-05-19,131.003,132.504,130.775,132.137,131.018,132.518,130.793,132.154,0.017,192803.67
2020-05-20,132.137,132.419,131.434,131.651,132.154,132.435,131.447,131.669,0.018,171191.41
2020-05-21,131.653,131.949,131.217,131.558,131.67,131.962,131.229,131.576,0.018,165134.19
2020-05-22,131.557,131.772,130.671,130.92,131.575,131.791,130.682,131.024,0.104,138781.16
2020-05-25,131.295,131.404,130.988,131.396,131.31,131.442,131.003,131.41,0.014,116603.35
2020-05-26,131.394,133.036,131.374,132.556,131.408,133.05,131.388,132.573,0.017,175509.92
2020-05-27,132.556,132.999,131.627,132.2,132.573,133.017,131.641,132.219,0.019,229537.28
2020-05-28,132.203,132.879,131.822,132.593,132.222,132.892,131.835,132.613,0.02,201053.44
2020-05-29,132.592,133.459,131.773,133.084,132.613,133.47,131.784,133.203,0.119,253613.97
2020-06-01,132.964,134.531,132.923,134.298,132.982,134.646,132.94,134.318,0.02,189308.53
2020-06-02,134.294,136.939,134.259,136.911,134.312,136.953,134.275,136.927,0.016,204663.66
2020-06-03,136.91,137.386,136.249,137.051,136.927,137.401,136.264,137.067,0.016,220886.88
2020-06-04,137.051,137.806,135.949,137.582,137.067,137.823,135.968,137.6,0.018,234695.19
2020-06-05,137.581,139.733,137.268,138.791,137.597,139.749,137.282,138.852,0.061,225954.88
2020-06-08,139.42,139.424,137.417,138.062,139.44,139.443,137.433,138.08,0.018,181421.84
2020-06-09,138.06,138.173,136.231,136.999,138.077,138.189,136.243,137.018,0.019,202915.81
2020-06-10,136.999,137.414,135.94,136.006,137.016,137.426,135.959,136.027,0.021,264234.59
2020-06-11,136.01,136.419,134.114,134.279,136.03,136.437,134.136,134.299,0.02,296879.59
2020-06-12,134.28,136.04,133.79,134.646,134.299,136.056,133.809,134.71,0.064,291714.47
2020-06-15,134.244,135.831,133.498,135.827,134.261,135.848,133.507,135.844,0.017,278466.88
2020-06-16,135.829,136.347,134.722,135.124,135.844,136.357,134.737,135.143,0.019,273137.16
2020-06-17,135.121,135.135,134.057,134.124,135.143,135.151,134.074,134.141,0.017,207923.36
2020-06-18,134.127,134.345,132.389,132.942,134.145,134.361,132.405,132.957,0.015,222352.23
2020-06-19,132.944,133.246,131.919,131.945,132.958,133.262,131.951,132.001,0.056,175546.09
2020-06-22,131.896,133.711,131.762,133.618,131.917,133.722,131.778,133.639,0.021,166612.22
2020-06-23,133.618,133.984,132.597,133.287,133.64,134.005,132.61,133.305,0.018,214304.25
2020-06-24,133.288,133.609,132.676,132.839,133.306,133.629,132.689,132.857,0.018,210111.73
2020-06-25,132.843,133.609,132.786,133.134,132.857,133.621,132.802,133.153,0.019,198527.73
2020-06-26,133.136,133.26,132.037,132.235,133.155,133.269,132.048,132.324,0.089,154154.75
2020-06-29,132.322,132.686,131.95,132.44,132.34,132.696,131.964,132.457,0.017,157859.59
2020-06-30,132.441,133.889,132.015,133.775,132.458,133.907,132.032,133.793,0.018,165026.77
2020-07-01,133.774,134.218,132.943,133.828,133.788,134.249,132.956,133.848,0.02,154966.8
2020-07-02,133.825,134.7,133.788,134.003,133.842,134.716,133.801,134.02,0.017,149069.05
2020-07-03,134.003,134.21,133.696,134.172,134.02,134.414,133.709,134.258,0.086,116350.03
2020-07-06,134.2,134.67,134.0,134.14,134.216,134.684,134.033,134.156,0.016,134590.25
2020-07-07,134.14,135.41,134.104,134.903,134.154,135.422,134.12,134.92,0.017,151799.08
2020-07-08,134.905,135.422,134.575,135.31,134.921,135.439,134.589,135.327,0.017,142492.72
2020-07-09,135.309,135.92,135.047,135.17,135.326,135.933,135.06,135.184,0.014,165193.36
2020-07-10,135.173,135.196,134.279,134.94,135.184,135.207,134.294,134.985,0.045,131782.61
2020-07-13,134.99,135.482,134.586,134.653,135.009,135.492,134.599,134.665,0.012,140351.16
2020-07-14,134.653,134.867,133.977,134.791,134.665,134.887,133.992,134.807,0.016,189351.45
2020-07-15,134.792,135.083,134.464,134.589,134.807,135.094,134.479,134.606,0.017,165168.38
2020-07-16,134.587,135.17,134.058,134.728,134.604,135.181,134.063,134.746,0.018,176617.75
2020-07-17,134.733,134.903,134.122,134.482,134.747,134.913,134.134,134.534,0.052,111812.08
2020-07-20,134.63,135.906,134.34,135.713,134.648,135.919,134.355,135.731,0.018,155600.34
2020-07-21,135.712,136.438,135.705,136.011,135.73,136.451,135.722,136.026,0.015,171249.28
2020-07-22,136.011,136.623,135.276,136.399,136.024,136.632,135.291,136.409,0.01,196781.98
2020-07-23,136.399,136.62,135.837,136.007,136.411,136.636,135.852,136.023,0.016,168245.91
2020-07-24,136.008,136.043,134.994,135.766,136.023,136.056,135.005,135.803,0.037,174462.75
2020-07-27,135.605,135.974,135.14,135.677,135.617,136.021,135.156,135.692,0.015,200873.06
2020-07-28,135.679,136.126,135.318,135.842,135.695,136.141,135.331,135.858,0.016,178180.55
2020-07-29,135.842,136.466,135.673,136.332,135.858,136.58,135.687,136.351,0.019,181208.52
2020-07-30,136.332,137.385,136.071,137.302,136.351,137.395,136.076,137.315,0.013,202656.56
2020-07-31,137.301,139.197,136.785,138.481,137.317,139.21,136.801,138.609,0.128,235221.02
2020-08-03,138.671,139.021,137.745,138.665,138.693,139.047,137.757,138.682,0.017,235990.73
2020-08-04,138.665,138.879,137.802,138.208,138.682,138.894,137.814,138.227,0.019,174354.78
2020-08-05,138.207,138.999,138.036,138.546,138.226,139.013,138.05,138.564,0.018,174576.88
2020-08-06,138.548,139.234,138.434,138.701,138.566,139.247,138.447,138.717,0.016,206807.53
2020-08-07,138.702,138.745,137.842,138.233,138.719,138.761,137.855,138.279,0.046,186968.38
2020-08-10,138.139,138.644,138.097,138.598,138.159,138.657,138.11,138.613,0.015,140706.56
2020-08-11,138.598,139.494,138.573,138.979,138.617,139.51,138.588,139.0,0.021,188419.2
2020-08-12,138.979,139.616,138.873,139.382,139.0,139.632,138.887,139.398,0.016,243044.91
2020-08-13,139.385,140.205,139.271,139.814,139.399,140.218,139.289,139.833,0.019,167856.09
2020-08-14,139.817,140.009,139.338,139.482,139.834,140.021,139.351,139.539,0.057,139787.94
2020-08-17,139.645,139.683,138.731,138.926,139.665,139.7,138.745,138.945,0.019,153096.52
2020-08-18,138.924,139.663,138.593,139.457,138.944,139.748,138.609,139.475,0.018,177638.7
2020-08-19,139.46,139.953,138.79,139.068,139.479,139.963,138.808,139.087,0.019,215186.92
2020-08-20,139.068,139.875,138.563,139.686,139.087,139.894,138.579,139.7,0.014,223312.27
2020-08-21,139.686,139.942,138.247,138.465,139.701,139.955,138.263,138.52,0.055,207724.89
2020-08-24,138.612,139.0,138.286,138.542,138.63,139.014,138.297,138.557,0.015,146039.3
2020-08-25,138.543,140.027,138.439,139.905,138.56,140.04,138.456,139.922,0.017,162835.31
2020-08-26,139.907,140.297,139.629,139.948,139.922,140.313,139.643,139.965,0.017,144524.05
2020-08-27,139.945,140.854,139.692,140.777,139.959,140.869,139.706,140.791,0.014,365197.34
2020-08-28,140.778,141.612,140.01,140.619,140.791,141.628,140.022,140.691,0.072,218582.3
2020-08-31,140.937,142.036,140.495,141.643,140.956,142.051,140.512,141.66,0.017,213636.77
2020-09-01,141.646,142.712,141.328,141.899,141.664,142.725,141.344,141.915,0.016,197482.69
2020-09-02,141.899,141.968,141.015,141.759,141.912,141.983,141.027,141.777,0.018,162578.97
2020-09-03,141.761,141.776,140.473,140.708,141.777,141.794,140.488,140.726,0.018,191482.45
2020-09-04,140.709,141.432,140.112,141.06,140.726,141.446,140.123,141.114,0.054,181869.22
2020-09-07,140.825,140.994,139.592,139.898,140.844,141.006,139.606,139.915,0.017,116444.99
2020-09-08,139.898,139.914,137.053,137.38,139.913,139.93,137.075,137.394,0.014,178223.27
2020-09-09,137.377,138.356,136.734,138.084,137.393,138.37,136.743,138.098,0.014,175587.48
2020-09-10,138.084,138.353,135.567,135.936,138.1,138.366,135.582,135.955,0.019,204419.66
2020-09-11,135.939,136.591,135.569,135.798,135.957,136.607,135.583,135.89,0.092,155741.78
2020-09-14,135.939,136.584,135.738,135.839,135.957,136.596,135.785,135.861,0.022,127023.59
2020-09-15,135.842,136.432,135.411,135.786,135.86,136.447,135.427,135.803,0.017,151417.27
2020-09-16,135.782,136.464,135.553,136.161,135.801,136.476,135.572,136.18,0.019,179582.52
2020-09-17,136.163,136.165,134.565,135.836,136.178,136.181,134.581,135.855,0.019,201711.7
2020-09-18,135.836,136.156,134.948,135.03,135.855,136.177,134.962,135.125,0.095,144809.58
2020-09-21,135.185,135.326,133.536,134.187,135.204,135.345,133.55,134.205,0.018,176395.75
2020-09-22,134.188,134.382,133.035,133.866,134.205,134.399,133.053,133.879,0.013,168013.02
2020-09-23,133.866,134.615,133.137,133.882,133.88,134.629,133.149,133.901,0.019,181620.17
2020-09-24,133.885,134.665,133.603,134.492,133.903,134.678,133.617,134.507,0.015,177937.33
2020-09-25,134.489,134.821,133.825,134.517,134.505,134.835,133.838,134.596,0.079,150011.81
2020-09-28,134.758,136.228,134.358,135.736,134.777,136.238,134.375,135.758,0.022,144951.09
2020-09-29,135.734,136.252,135.448,135.945,135.756,136.267,135.463,135.965,0.02,148031.02
2020-09-30,135.946,136.541,135.174,136.195,135.965,136.556,135.188,136.214,0.019,186432.66
2020-10-01,136.198,137.005,135.357,136.004,136.217,137.022,135.372,136.023,0.019,179279.16
2020-10-02,136.005,136.386,135.047,136.131,136.022,136.404,135.067,136.223,0.092,199894.77
2020-10-05,136.413,137.416,136.224,137.34,136.436,137.435,136.234,137.358,0.018,127851.32
2020-10-06,137.342,137.443,135.891,136.101,137.361,137.456,135.951,136.119,0.018,164365.58
2020-10-07,136.101,136.991,135.953,136.865,136.116,137.074,135.97,136.882,0.017,151419.17
2020-10-08,136.865,137.402,136.676,137.187,136.884,137.418,136.691,137.207,0.02,128418.7
2020-10-09,137.187,137.824,136.782,137.734,137.206,137.862,136.801,137.846,0.112,136409.58
2020-10-12,137.626,137.716,137.217,137.615,137.645,137.776,137.23,137.633,0.018,127381.48
2020-10-13,137.617,137.771,136.36,136.413,137.634,137.785,136.386,136.43,0.017,157870.11
2020-10-14,136.414,137.329,135.66,136.802,136.428,137.341,135.674,136.823,0.021,157811.81
2020-10-15,136.804,137.167,135.765,135.941,136.824,137.185,135.775,135.958,0.017,172156.27
2020-10-16,135.944,136.413,135.374,136.096,135.959,136.428,135.413,136.222,0.126,158341.62
2020-10-19,136.273,137.245,136.231,136.537,136.293,137.26,136.249,136.554,0.017,153198.8
2020-10-20,136.537,137.029,136.327,136.652,136.554,137.042,136.339,136.671,0.019,143492.22
2020-10-21,136.654,137.663,136.551,137.432,136.671,137.678,136.567,137.449,0.017,176675.56
2020-10-22,137.433,137.585,136.963,137.187,137.447,137.599,136.978,137.205,0.018,162826.75
2020-10-23,137.191,137.325,136.361,136.527,137.209,137.338,136.372,136.656,0.129,145962.02
2020-10-26,136.652,137.064,136.295,136.438,136.673,137.077,136.308,136.455,0.017,147983.59
2020-10-27,136.438,136.585,136.122,136.222,136.455,136.601,136.133,136.239,0.017,128707.06
2020-10-28,136.227,136.234,134.881,135.494,136.24,136.248,134.894,135.509,0.015,181078.45
2020-10-29,135.491,135.944,134.643,135.202,135.509,135.957,134.658,135.217,0.015,191444.48
2020-10-30,135.201,135.799,134.399,135.461,135.216,135.812,134.416,135.544,0.083,190768.77
2020-11-02,135.173,135.429,134.869,135.319,135.194,135.447,134.876,135.331,0.012,147021.48
2020-11-03,135.316,137.378,135.155,137.15,135.33,137.397,135.168,137.178,0.028,176482.11
2020-11-04,137.149,137.321,135.091,135.409,137.18,137.347,135.125,135.428,0.019,311595.78
2020-11-05,135.411,136.299,135.075,136.119,135.428,136.321,135.093,136.137,0.018,245653.27
2020-11-06,136.116,136.189,135.462,135.871,136.135,136.21,135.477,135.989,0.118,223819.08
2020-11-09,136.08,138.908,136.026,138.449,136.1,138.923,136.041,138.466,0.017,278336.19
2020-11-10,138.448,139.769,138.16,139.583,138.464,139.8,138.179,139.597,0.014,261691.95
2020-11-11,139.58,140.282,139.199,139.387,139.595,140.338,139.216,139.406,0.019,191055.77
2020-11-12,139.388,139.408,137.744,137.894,139.408,139.426,137.757,137.913,0.019,191726.88
2020-11-13,137.898,138.51,137.538,138.046,137.915,138.522,137.553,138.119,0.073,151646.31
2020-11-16,138.37,138.863,137.663,138.202,138.389,138.881,137.677,138.216,0.014,178237.62
2020-11-17,138.2,138.355,137.812,138.094,138.216,138.367,137.824,138.113,0.019,168947.98
2020-11-18,138.093,138.176,137.6,137.673,138.114,138.187,137.663,137.691,0.018,160971.38
2020-11-19,137.675,138.0,137.19,137.514,137.692,138.011,137.203,137.532,0.018,185484.77
2020-11-20,137.514,138.054,137.485,137.939,137.533,138.08,137.501,138.042,0.103,150498.17
2020-11-23,138.108,139.336,138.077,139.29,138.125,139.352,138.095,139.311,0.021,174347.02
2020-11-24,139.293,139.837,139.114,139.635,139.312,139.85,139.129,139.653,0.018,188733.25
2020-11-25,139.634,139.854,138.996,139.719,139.652,139.869,139.01,139.738,0.019,185834.58
2020-11-26,139.718,139.783,138.922,139.213,139.737,139.799,138.936,139.23,0.017,116454.27
2020-11-27,139.215,139.222,138.274,138.447,139.231,139.239,138.288,138.715,0.268,141956.02
2020-11-30,138.767,139.466,138.416,139.089,138.786,139.477,138.428,139.106,0.017,191218.23
2020-12-01,139.088,140.309,138.956,139.979,139.106,140.318,138.97,139.999,0.02,173663.48
2020-12-02,139.98,140.444,138.886,139.622,139.996,140.459,138.899,139.64,0.018,191517.8
2020-12-03,139.62,140.286,139.518,139.67,139.639,140.296,139.535,139.687,0.017,176304.88
2020-12-04,139.67,140.703,139.44,139.937,139.685,140.717,139.461,140.024,0.087,193047.88
2020-12-07,139.795,139.82,137.9,138.898,139.807,139.837,137.913,138.914,0.016,194612.84
2020-12-08,138.9,139.368,138.402,139.175,138.914,139.387,138.42,139.193,0.018,185202.88
2020-12-09,139.174,140.329,138.856,139.378,139.193,140.342,138.894,139.396,0.018,164604.45
2020-12-10,139.379,139.659,138.381,138.57,139.396,139.674,138.398,138.594,0.024,182632.39
2020-12-11,138.57,138.624,136.785,137.506,138.593,138.641,136.799,137.604,0.098,167017.56
2020-12-14,138.435,139.43,138.262,138.591,138.454,139.445,138.279,138.608,0.017,157364.52
2020-12-15,138.593,139.599,138.277,139.371,138.611,139.641,138.291,139.391,0.02,174397.5
2020-12-16,139.37,140.063,139.146,139.708,139.389,140.073,139.161,139.723,0.015,188756.98
2020-12-17,139.705,140.445,139.574,139.954,139.724,140.455,139.588,139.968,0.014,179840.44
2020-12-18,139.955,140.321,139.311,139.728,139.972,140.333,139.326,139.778,0.05,162166.62
2020-12-21,138.666,139.527,136.962,138.953,138.687,139.539,136.982,138.977,0.024,270155.41
2020-12-22,138.954,139.125,137.995,138.713,138.977,139.139,138.006,138.738,0.025,215950.55
2020-12-23,138.713,140.313,138.528,139.888,138.741,140.327,138.552,139.917,0.029,217230.88
2020-12-24,139.883,141.211,139.847,140.391,139.909,141.23,139.872,140.592,0.201,155314.97
2020-12-25,140.391,140.764,140.069,140.101,140.572,140.846,140.427,140.584,0.483,3588.79
2020-12-28,140.48,140.569,139.474,139.648,140.503,140.589,139.489,139.672,0.024,172972.64
2020-12-29,139.651,140.165,139.609,139.765,139.675,140.187,139.632,139.787,0.022,233004.2
2020-12-30,139.767,140.662,139.707,140.547,139.789,140.679,139.728,140.566,0.019,185448.77
2020-12-31,140.549,141.248,140.357,141.168,140.565,141.263,140.374,141.246,0.078,175724.31
2021-01-04,141.247,141.275,139.687,139.958,141.263,141.294,139.696,139.975,0.017,235561.33
2021-01-05,139.956,140.149,139.508,139.924,139.974,140.162,139.521,139.938,0.014,220940.02
2021-01-06,139.924,140.57,139.752,140.352,139.935,140.586,139.775,140.37,0.018,294138.12
2021-01-07,140.349,140.99,140.103,140.839,140.369,141.005,140.119,140.859,0.02,242264.41
2021-01-08,140.839,141.376,140.733,140.928,140.859,141.384,140.751,141.048,0.12,251793.27
2021-01-11,140.7,140.932,140.334,140.824,140.717,141.023,140.348,140.845,0.021,212168.12
2021-01-12,140.821,142.028,140.745,141.785,140.84,142.035,140.761,141.804,0.019,202737.44
2021-01-13,141.783,142.257,141.522,141.692,141.8,142.267,141.536,141.709,0.017,191372.8
2021-01-14,141.692,142.235,141.625,142.076,141.709,142.255,141.64,142.093,0.017,202902.78
2021-01-15,142.074,142.111,140.954,141.041,142.092,142.124,140.962,141.162,0.121,181508.77
2021-01-18,141.014,141.087,140.354,140.851,141.033,141.098,140.369,140.871,0.02,171540.44
2021-01-19,140.853,141.774,140.829,141.756,140.872,141.791,140.848,141.775,0.019,154875.91
2021-01-20,141.756,142.336,141.082,141.524,141.776,142.345,141.087,141.538,0.014,166031.27
2021-01-21,141.524,142.215,141.423,142.098,141.538,142.228,141.438,142.118,0.02,163074.86
2021-01-22,142.095,142.2,141.508,141.928,142.111,142.216,141.521,142.04,0.112,138814.66
2021-01-25,142.035,142.322,141.65,141.904,142.053,142.334,141.661,141.924,0.02,166035.53
2021-01-26,141.906,142.452,141.277,142.354,141.924,142.496,141.292,142.367,0.013,158769.09
2021-01-27,142.354,142.856,142.195,142.362,142.363,142.879,142.209,142.383,0.021,186528.44
2021-01-28,142.362,143.262,142.186,143.148,142.383,143.277,142.199,143.167,0.019,195274.91
2021-01-29,143.146,143.953,142.991,143.423,143.163,143.964,143.004,143.508,0.085,206851.75
2021-02-01,143.434,144.096,143.319,143.429,143.45,144.109,143.329,143.447,0.018,151848.59
2021-02-02,143.428,143.772,143.127,143.457,143.448,143.785,143.139,143.473,0.016,147618.83
2021-02-03,143.454,143.683,143.108,143.312,143.472,143.697,143.123,143.331,0.019,130020.44
2021-02-04,143.313,144.388,142.834,144.34,143.329,144.457,142.846,144.359,0.019,147492.38
2021-02-05,144.341,144.887,144.25,144.66,144.359,144.901,144.265,144.784,0.124,131909.02
2021-02-08,144.789,144.93,144.406,144.616,144.805,144.943,144.418,144.634,0.018,120139.12
2021-02-09,144.615,144.667,144.032,144.483,144.632,144.682,144.044,144.5,0.017,131646.69
2021-02-10,144.485,145.063,144.365,144.689,144.501,145.076,144.382,144.704,0.015,137862.45
2021-02-11,144.688,144.902,144.571,144.669,144.701,144.914,144.583,144.686,0.017,106901.22
2021-02-12,144.668,145.473,144.494,145.335,144.685,145.487,144.5,145.421,0.086,108318.43
2021-02-15,145.714,146.644,145.643,146.61,145.729,146.657,145.66,146.623,0.013,98649.18
2021-02-16,146.609,147.565,146.517,147.339,146.623,147.581,146.524,147.356,0.017,156702.95
2021-02-17,147.333,147.362,146.415,146.771,147.348,147.376,146.426,146.788,0.017,148007.38
2021-02-18,146.771,147.785,146.547,147.566,146.788,147.797,146.558,147.58,0.014,128663.88
2021-02-19,147.566,148.154,147.281,147.616,147.579,148.166,147.292,147.723,0.107,108975.72
2021-02-22,148.034,148.292,147.541,147.717,148.047,148.302,147.551,147.731,0.014,124650.18
2021-02-23,147.717,148.669,147.659,148.666,147.729,148.682,147.67,148.68,0.014,121472.58
2021-02-24,148.667,150.104,148.64,149.884,148.677,150.16,148.652,149.898,0.014,158272.81
2021-02-25,149.883,150.439,148.476,148.983,149.894,150.449,148.489,148.994,0.011,202655.73
2021-02-26,148.982,149.075,147.399,148.284,148.992,149.088,147.41,148.392,0.108,230914.62
2021-03-01,148.791,149.297,148.335,148.818,148.805,149.306,148.346,148.833,0.015,150262.83
2021-03-02,148.818,149.191,148.111,148.967,148.831,149.203,148.123,148.981,0.014,154106.98
2021-03-03,148.967,149.695,148.882,149.049,148.981,149.707,148.895,149.06,0.011,169206.62
2021-03-04,149.049,150.728,149.041,149.976,149.06,150.743,149.055,149.992,0.016,228359.31
2021-03-05,149.972,150.366,149.353,149.908,149.988,150.379,149.366,150.002,0.094,230929.81
2021-03-08,150.147,150.695,149.679,150.55,150.158,150.708,149.693,150.566,0.016,203380.98
2021-03-09,150.557,151.278,150.489,150.776,150.569,151.288,150.502,150.795,0.019,212854.31
2021-03-10,150.775,151.188,150.64,151.069,150.792,151.196,150.653,151.084,0.015,183703.23
2021-03-11,151.069,151.879,150.968,151.866,151.08,151.889,150.983,151.88,0.014,176722.62
2021-03-12,151.865,152.234,151.226,151.706,151.881,152.245,151.239,151.778,0.072,175190.98
2021-03-15,151.991,152.111,151.198,151.665,152.008,152.123,151.21,151.678,0.013,162498.38
2021-03-16,151.664,151.748,150.785,151.573,151.678,151.762,150.797,151.587,0.014,155962.14
2021-03-17,151.573,152.196,151.338,152.184,151.585,152.206,151.349,152.2,0.016,176703.73
2021-03-18,152.185,152.548,151.455,151.663,152.201,152.561,151.465,151.677,0.014,206034.11
2021-03-19,151.66,151.797,150.562,150.929,151.674,151.809,150.576,151.036,0.107,166895.81
2021-03-22,150.609,150.93,150.328,150.752,150.622,150.963,150.34,150.768,0.016,128936.31
2021-03-23,150.753,150.777,148.911,149.013,150.767,150.788,148.926,149.025,0.012,164599.7
2021-03-24,149.007,149.442,148.523,148.913,149.022,149.455,148.534,148.927,0.014,151157.41
2021-03-25,148.914,150.132,148.907,150.077,148.926,150.145,148.917,150.091,0.014,152114.19
2021-03-26,150.077,151.542,150.034,151.227,150.091,151.553,150.046,151.339,0.112,129435.85
2021-03-29,151.4,151.806,150.578,151.288,151.413,151.818,150.59,151.299,0.011,137836.91
2021-03-30,151.286,151.94,151.149,151.615,151.301,151.951,151.158,151.629,0.014,137774.08
2021-03-31,151.611,152.781,151.552,152.679,151.628,152.791,151.565,152.694,0.015,155421.47
2021-04-01,152.679,153.068,152.288,153.01,152.693,153.077,152.299,153.03,0.02,151866.98
2021-04-02,153.011,153.198,152.698,152.963,153.03,153.216,152.716,153.164,0.201,168877.36
2021-04-05,153.067,153.363,152.881,153.301,153.084,153.381,152.892,153.316,0.015,93982.84
2021-04-06,153.3,153.412,151.599,151.845,153.312,153.424,151.694,151.859,0.014,148889.31
2021-04-07,151.844,152.071,150.655,150.954,151.858,152.081,150.666,150.97,0.016,155801.69
2021-04-08,150.954,151.088,149.88,150.143,150.97,151.1,149.892,150.157,0.014,136959.95
2021-04-09,150.146,150.933,149.586,150.263,150.159,150.944,149.597,150.392,0.129,121456.18
2021-04-12,150.4,150.586,149.752,150.434,150.409,150.595,149.766,150.448,0.014,112099.71
2021-04-13,150.433,150.825,149.665,149.863,150.446,150.839,149.678,149.878,0.015,134594.38
2021-04-14,149.862,150.453,149.582,150.028,149.876,150.467,149.595,150.04,0.012,123494.83
2021-04-15,150.026,150.199,149.682,149.807,150.039,150.211,149.693,149.821,0.014,124362.2
2021-04-16,149.807,150.628,149.381,150.544,149.821,150.67,149.392,150.581,0.037,127189.11
2021-04-19,150.226,151.316,149.887,151.254,150.242,151.383,149.897,151.268,0.014,166268.73
2021-04-20,151.254,151.978,150.554,150.71,151.268,151.985,150.571,150.727,0.017,151280.38
2021-04-21,150.71,150.968,150.041,150.512,150.724,150.98,150.052,150.525,0.013,133027.14
2021-04-22,150.508,150.649,149.305,149.438,150.521,150.657,149.369,149.45,0.012,143529.31
2021-04-23,149.437,149.95,149.056,149.677,149.45,149.961,149.067,149.785,0.108,126039.71
2021-04-26,149.571,150.379,149.533,150.336,149.584,150.396,149.546,150.352,0.016,133965.92
2021-04-27,150.336,151.261,150.145,151.192,150.352,151.315,150.155,151.206,0.014,127921.91
2021-04-28,151.193,151.565,151.008,151.41,151.205,151.583,151.02,151.424,0.014,150487.36
2021-04-29,151.411,152.406,151.329,151.921,151.424,152.42,151.341,151.938,0.017,133921.31
2021-04-30,151.922,152.111,150.869,150.988,151.937,152.126,150.88,151.126,0.138,137534.16
2021-05-03,151.023,151.927,151.02,151.662,151.034,151.942,151.031,151.676,0.014,112058.2
2021-05-04,151.661,152.055,150.995,151.828,151.675,152.064,151.009,151.842,0.014,152609.97
2021-05-05,151.828,152.23,151.714,151.907,151.839,152.241,151.77,151.921,0.014,116936.53
2021-05-06,151.904,152.119,151.245,151.529,151.917,152.133,151.26,151.543,0.014,154283.17
2021-05-07,151.529,152.112,151.261,151.845,151.544,152.128,151.27,151.977,0.132,168007.14
2021-05-10,152.44,154.023,152.39,153.805,152.452,154.038,152.403,153.815,0.01,175649.42
2021-05-11,153.804,153.958,153.144,153.672,153.817,153.97,153.153,153.684,0.012,165166.48
2021-05-12,153.67,154.429,153.52,154.205,153.684,154.441,153.531,154.218,0.013,190236.52
2021-05-13,154.207,154.335,153.462,153.825,154.221,154.349,153.476,153.837,0.012,166505.47
2021-05-14,153.824,154.285,153.608,154.145,153.838,154.295,153.622,154.224,0.079,121478.31
2021-05-17,154.286,154.55,153.73,154.546,154.298,154.561,153.743,154.559,0.013,133719.3
2021-05-18,154.549,154.828,154.411,154.448,154.56,154.84,154.431,154.461,0.013,138191.17
2021-05-19,154.451,154.808,153.536,154.134,154.462,154.821,153.547,154.146,0.012,195638.48
2021-05-20,154.133,154.443,153.617,154.41,154.147,154.464,153.625,154.424,0.014,143576.44
2021-05-21,154.411,154.674,154.008,154.15,154.425,154.686,154.019,154.216,0.066,137356.81
2021-05-24,154.003,154.156,153.767,154.076,154.015,154.167,153.776,154.09,0.014,121736.4
2021-05-25,154.071,154.446,153.772,153.858,154.085,154.458,153.783,153.87,0.012,146701.59
2021-05-26,153.857,154.344,153.77,154.09,153.871,154.354,153.782,154.104,0.014,127281.84
2021-05-27,154.086,156.073,153.838,155.959,154.1,156.116,153.852,155.97,0.011,161337.86
2021-05-28,155.958,156.055,155.583,155.829,155.972,156.069,155.596,155.968,0.139,147620.25
2021-05-31,155.838,155.864,155.297,155.769,155.854,155.879,155.31,155.783,0.014,99210.93
2021-06-01,155.763,155.93,154.758,154.99,155.776,155.942,154.865,155.004,0.014,140222.64
2021-06-02,154.988,155.5,154.961,155.302,155.003,155.513,154.974,155.318,0.016,121469.51
2021-06-03,155.3,155.814,155.292,155.592,155.316,155.824,155.306,155.603,0.011,128747.94
2021-06-04,155.592,155.749,155.028,155.04,155.604,155.764,155.039,155.138,0.098,120818.69
2021-06-07,155.262,155.278,154.546,154.897,155.276,155.29,154.558,154.911,0.014,113110.64
2021-06-08,154.896,155.089,154.552,154.886,154.91,155.101,154.567,154.9,0.014,109809.74
2021-06-09,154.885,155.312,154.478,154.672,154.898,155.324,154.491,154.686,0.014,102227.94
2021-06-10,154.674,155.21,154.127,155.01,154.69,155.222,154.142,155.027,0.017,163381.12
2021-06-11,155.011,155.205,154.638,154.736,155.027,155.219,154.651,154.808,0.072,117643.98
2021-06-14,154.892,155.343,154.317,155.258,154.908,155.491,154.328,155.276,0.018,110531.22
2021-06-15,155.258,155.482,154.53,154.997,155.275,155.496,154.544,155.017,0.02,115366.44
2021-06-16,154.997,155.375,154.67,154.95,155.016,155.387,154.684,154.968,0.018,167853.16
2021-06-17,154.952,155.009,153.141,153.763,154.97,155.024,153.151,153.781,0.018,185481.97
2021-06-18,153.763,153.764,151.984,152.094,153.78,153.78,152.008,152.223,0.129,175164.28
2021-06-21,152.255,153.769,151.309,153.686,152.272,153.792,151.326,153.703,0.017,179310.25
2021-06-22,153.685,154.464,153.093,154.351,153.703,154.48,153.104,154.363,0.012,134174.41
2021-06-23,154.348,155.153,154.233,155.044,154.36,155.166,154.248,155.056,0.012,133013.09
2021-06-24,155.043,155.14,153.823,154.353,155.057,155.157,153.835,154.372,0.019,134922.7
2021-06-25,154.356,154.53,153.594,153.757,154.375,154.546,153.609,153.894,0.137,99990.8
2021-06-28,153.977,154.222,153.384,153.498,153.993,154.237,153.396,153.513,0.015,108749.27
2021-06-29,153.5,153.518,152.608,152.975,153.515,153.531,152.62,152.993,0.018,111433.78
2021-06-30,152.973,153.751,152.662,153.669,152.993,153.77,152.674,153.685,0.016,137543.91
2021-07-01,153.674,153.968,153.349,153.505,153.684,153.981,153.364,153.521,0.016,129135.61
2021-07-02,153.503,153.73,153.079,153.485,153.521,153.745,153.087,153.591,0.106,132876.61
2021-07-05,153.716,153.725,153.457,153.649,153.733,153.766,153.471,153.665,0.016,108783.02
2021-07-06,153.65,154.068,152.351,152.671,153.663,154.08,152.363,152.685,0.014,149522.3
2021-07-07,152.67,153.17,152.285,152.666,152.685,153.182,152.298,152.684,0.018,157956.05
2021-07-08,152.666,152.687,150.661,151.409,152.685,152.704,150.676,151.424,0.015,195090.81
2021-07-09,151.411,153.148,151.169,153.026,151.426,153.188,151.181,153.162,0.136,189512.88
2021-07-12,153.18,153.343,152.407,153.199,153.194,153.384,152.42,153.216,0.017,149668.11
2021-07-13,153.2,153.482,152.413,152.678,153.217,153.496,152.426,152.694,0.016,163461.91
2021-07-14,152.678,153.296,152.292,152.409,152.695,153.305,152.349,152.425,0.016,168409.78
2021-07-15,152.408,152.801,151.603,151.8,152.424,152.813,151.617,151.815,0.015,173542.05
2021-07-16,151.8,152.607,151.423,151.478,151.816,152.622,151.441,151.561,0.083,129180.64
2021-07-19,151.226,151.306,149.326,149.712,151.24,151.318,149.339,149.728,0.016,183203.67
2021-07-20,149.713,149.972,148.457,149.866,149.728,149.986,148.467,149.882,0.016,172412.88
2021-07-21,149.865,151.338,149.284,151.166,149.882,151.353,149.3,151.183,0.017,140364.8
2021-07-22,151.165,151.91,150.734,151.691,151.183,151.921,150.753,151.71,0.019,141159.48
2021-07-23,151.689,152.157,151.534,151.952,151.708,152.172,151.546,151.983,0.031,119167.21
2021-07-26,152.071,152.604,151.4,152.506,152.088,152.692,151.414,152.524,0.018,130634.38
2021-07-27,152.507,152.537,151.57,152.427,152.524,152.553,151.584,152.444,0.017,133864.03
2021-07-28,152.429,152.988,152.174,152.807,152.444,153.006,152.192,152.824,0.017,145855.83
2021-07-29,152.806,153.441,152.509,152.773,152.824,153.455,152.526,152.791,0.018,118283.94
2021-07-30,152.771,153.21,152.435,152.45,152.789,153.226,152.449,152.585,0.135,118645.78
2021-08-02,152.448,152.858,151.533,151.782,152.468,152.866,151.547,151.799,0.017,112753.8
2021-08-03,151.783,152.197,151.162,151.677,151.799,152.209,151.18,151.693,0.016,115755.55
2021-08-04,151.676,152.511,151.51,152.133,151.693,152.524,151.526,152.149,0.016,119108.27
2021-08-05,152.136,153.029,152.113,152.854,152.149,153.038,152.129,152.867,0.013,109145.66
2021-08-06,152.853,153.245,152.653,152.895,152.87,153.256,152.667,152.98,0.085,96887.56
2021-08-09,152.893,153.065,152.574,152.758,152.911,153.078,152.587,152.77,0.012,97531.76
2021-08-10,152.757,153.313,152.616,153.015,152.771,153.324,152.629,153.029,0.014,93079.31
2021-08-11,153.013,153.293,152.862,153.048,153.028,153.303,152.876,153.062,0.014,91506.08
2021-08-12,153.048,153.196,152.314,152.472,153.06,153.212,152.337,152.485,0.013,83053.97
2021-08-13,152.472,152.552,151.915,151.915,152.486,152.564,151.939,152.042,0.127,70931.58
2021-08-16,151.979,151.98,150.919,151.272,151.995,151.999,150.933,151.286,0.014,102299.91
2021-08-17,151.273,151.295,150.172,150.502,151.288,151.309,150.364,150.519,0.017,105501.86
2021-08-18,150.5,151.402,150.434,150.95,150.519,151.418,150.449,150.962,0.012,96106.68
2021-08-19,150.948,151.212,149.541,149.612,150.961,151.227,149.575,149.627,0.015,124441.24
2021-08-20,149.611,149.881,149.181,149.513,149.627,149.896,149.196,149.643,0.13,94632.23
2021-08-23,149.648,150.756,149.641,150.506,149.667,150.767,149.661,150.526,0.02,103369.22
2021-08-24,150.507,151.006,150.053,150.595,150.525,151.02,150.068,150.614,0.019,90862.04
2021-08-25,150.591,151.453,150.442,151.37,150.611,151.481,150.456,151.388,0.018,96981.64
2021-08-26,151.37,151.592,150.609,150.76,151.387,151.606,150.624,150.78,0.02,102949.88
2021-08-27,150.762,151.516,150.459,151.147,150.78,151.531,150.47,151.268,0.121,107755.91
2021-08-30,151.196,151.313,150.943,151.27,151.217,151.417,150.96,151.284,0.014,63041.24
2021-08-31,151.27,151.591,151.06,151.344,151.285,151.602,151.075,151.361,0.017,125937.38
2021-09-01,151.344,151.944,151.324,151.607,151.362,151.957,151.34,151.625,0.018,112464.94
2021-09-02,151.608,152.192,151.346,152.119,151.625,152.206,151.362,152.135,0.016,97272.97
2021-09-03,152.119,152.292,151.77,152.019,152.133,152.306,151.801,152.096,0.077,104541.09
2021-09-06,152.121,152.253,151.793,151.976,152.142,152.268,151.808,151.993,0.017,84975.26
2021-09-07,151.973,152.22,151.495,151.974,151.994,152.232,151.509,151.988,0.014,118257.62
2021-09-08,151.971,152.087,151.459,151.732,151.988,152.102,151.473,151.75,0.018,107855.86
2021-09-09,151.734,152.168,151.417,151.902,151.75,152.18,151.435,151.919,0.017,116574.16
2021-09-10,151.901,152.638,151.778,152.001,151.917,152.647,151.792,152.107,0.106,103825.4
2021-09-13,152.105,152.324,151.907,152.203,152.126,152.338,151.918,152.215,0.012,101891.38
2021-09-14,152.201,152.848,151.324,151.495,152.215,152.86,151.334,151.504,0.009,117821.42
2021-09-15,151.494,151.553,150.825,151.47,151.506,151.569,150.838,151.488,0.018,118867.43
2021-09-16,151.47,151.567,150.87,151.353,151.488,151.584,150.883,151.369,0.016,108379.1
2021-09-17,151.352,151.925,150.945,150.973,151.368,151.94,150.964,151.072,0.099,106875.37
2021-09-20,150.977,151.045,149.16,149.506,151.0,151.059,149.193,149.521,0.015,135227.36
2021-09-21,149.503,150.13,148.952,149.069,149.521,150.146,148.962,149.086,0.017,130328.22
2021-09-22,149.068,149.958,149.01,149.537,149.086,149.971,149.027,149.545,0.008,152066.34
2021-09-23,149.536,151.478,149.524,151.372,149.545,151.489,149.535,151.389,0.017,126148.61
2021-09-24,151.372,151.731,150.997,151.319,151.395,151.746,151.011,151.45,0.131,122092.53
2021-09-27,151.393,152.196,151.115,152.02,151.415,152.208,151.135,152.04,0.02,124209.61
2021-09-28,152.018,152.568,150.537,151.02,152.039,152.582,150.55,151.038,0.018,172302.19
2021-09-29,151.021,151.188,149.907,150.292,151.039,151.202,149.918,150.31,0.018,163204.77
2021-09-30,150.292,150.945,149.801,150.122,150.311,150.959,149.816,150.138,0.016,158358.88
2021-10-01,150.121,150.74,149.226,150.415,150.137,150.753,149.236,150.486,0.071,171444.42
2021-10-04,150.55,151.52,150.211,150.99,150.568,151.534,150.225,151.006,0.016,160837.88
2021-10-05,150.991,152.047,150.744,151.906,151.007,152.066,150.758,151.925,0.019,156727.27
2021-10-06,151.904,152.157,150.809,151.421,151.921,152.17,150.822,151.435,0.014,180059.38
2021-10-07,151.42,152.089,151.028,152.071,151.434,152.101,151.044,152.087,0.016,128468.03
2021-10-08,152.071,152.935,152.002,152.793,152.088,152.946,152.017,152.88,0.087,147849.61
2021-10-11,152.867,154.504,152.854,154.102,152.883,154.521,152.87,154.121,0.019,134887.81
2021-10-12,154.102,154.822,153.681,154.141,154.119,154.835,153.695,154.157,0.016,155604.81
2021-10-13,154.142,154.952,154.11,154.87,154.158,154.966,154.124,154.886,0.016,161183.73
2021-10-14,154.871,155.74,154.826,155.582,154.882,155.752,154.84,155.602,0.02,124996.97
2021-10-15,155.582,157.414,155.569,156.968,155.598,157.427,155.587,157.1,0.132,140390.52
2021-10-18,157.325,157.331,156.606,156.978,157.342,157.345,156.624,156.994,0.016,160648.66
2021-10-19,156.979,158.053,156.872,157.981,156.993,158.07,156.892,157.997,0.016,144436.47
2021-10-20,157.984,158.215,157.015,158.102,158.0,158.229,157.025,158.117,0.015,129916.28
2021-10-21,158.103,158.165,156.774,157.006,158.117,158.18,156.787,157.024,0.018,148447.05
2021-10-22,157.011,157.656,155.924,156.116,157.025,157.677,155.936,156.177,0.061,159634.77
2021-10-25,156.424,156.815,156.153,156.572,156.442,156.83,156.17,156.591,0.019,155271.77
2021-10-26,156.574,157.77,156.506,157.175,156.589,157.786,156.522,157.189,0.014,141381.95
2021-10-27,157.175,157.265,155.703,156.225,157.188,157.28,155.713,156.242,0.017,181665.44
2021-10-28,156.227,156.773,155.913,156.77,156.244,156.79,155.926,156.782,0.012,195328.59
2021-10-29,156.771,157.097,155.785,155.964,156.783,157.11,155.792,156.06,0.096,179450.91
2021-11-01,156.303,156.489,155.604,155.781,156.32,156.505,155.618,155.799,0.018,151288.02
2021-11-02,155.783,155.832,154.661,155.171,155.801,155.85,154.672,155.191,0.02,156677.36
2021-11-03,155.171,156.245,154.959,156.202,155.19,156.258,154.973,156.218,0.016,162233.5
2021-11-04,156.2,156.213,153.115,153.758,156.219,156.233,153.131,153.778,0.02,167385.52
2021-11-05,153.761,153.761,152.808,153.015,153.779,153.779,152.82,153.12,0.105,160988.84
2021-11-08,153.078,153.653,152.703,153.611,153.1,153.692,152.715,153.629,0.018,134803.62
2021-11-09,153.61,153.628,152.737,153.102,153.629,153.644,152.746,153.118,0.016,162275.09
2021-11-10,153.105,153.738,152.576,152.766,153.119,153.749,152.59,152.78,0.014,205362.67
2021-11-11,152.763,153.009,152.374,152.418,152.783,153.023,152.396,152.436,0.018,135633.84
2021-11-12,152.416,152.932,152.405,152.727,152.436,152.943,152.428,152.854,0.127,138487.84
2021-11-15,152.918,153.278,152.625,153.049,152.935,153.3,152.64,153.066,0.017,128382.7
2021-11-16,153.044,154.312,153.036,154.257,153.065,154.328,153.055,154.276,0.019,155160.61
2021-11-17,154.251,154.731,153.648,154.02,154.275,154.759,153.749,154.038,0.018,165982.52
2021-11-18,154.021,154.305,153.704,154.265,154.039,154.376,153.72,154.285,0.02,133338.86
2021-11-19,154.266,154.447,152.514,153.244,154.285,154.46,152.535,153.38,0.136,198800.27
2021-11-22,153.323,154.053,153.121,153.786,153.338,154.068,153.137,153.802,0.016,162411.62
2021-11-23,153.784,154.212,153.278,153.998,153.803,154.227,153.292,154.015,0.017,170852.7
2021-11-24,153.996,154.145,153.362,153.829,154.016,154.163,153.38,153.85,0.021,160836.8
2021-11-25,153.829,154.058,153.133,153.194,153.849,154.075,153.15,153.21,0.016,133628.98
2021-11-26,153.189,153.242,150.696,150.781,153.21,153.255,150.742,151.26,0.479,301580.12
2021-11-29,151.703,151.866,150.684,151.518,151.723,151.885,150.704,151.535,0.017,203779.3
2021-11-30,151.515,151.624,149.722,150.632,151.535,151.642,149.74,150.649,0.017,305926.84
2021-12-01,150.632,151.432,149.52,149.874,150.65,151.45,149.633,149.891,0.017,225183.81
2021-12-02,149.872,150.792,149.784,150.307,149.889,150.804,149.797,150.327,0.02,212572.05
2021-12-03,150.307,150.752,148.975,149.229,150.326,150.769,148.987,149.344,0.115,193221.91
2021-12-06,149.609,150.602,149.349,150.479,149.623,150.629,149.368,150.497,0.018,171238.28
2021-12-07,150.479,151.125,150.12,150.365,150.497,151.141,150.134,150.382,0.017,134445.7
2021-12-08,150.362,150.695,149.357,150.159,150.382,150.71,149.369,150.179,0.02,174457.98
2021-12-09,150.158,150.315,149.485,150.009,150.179,150.33,149.501,150.027,0.018,123403.98
2021-12-10,150.011,150.509,149.667,150.445,150.029,150.542,149.682,150.542,0.097,152407.77
2021-12-13,150.477,150.752,149.869,150.063,150.497,150.768,149.883,150.078,0.015,122413.88
2021-12-14,150.064,150.577,149.762,150.466,150.082,150.594,149.779,150.481,0.015,132666.77
2021-12-15,150.465,151.474,150.273,151.37,150.48,151.493,150.29,151.394,0.024,172871.19
2021-12-16,151.365,152.631,151.089,151.427,151.394,152.647,151.106,151.451,0.024,184496.62
2021-12-17,151.43,151.71,150.424,150.474,151.452,151.727,150.44,150.588,0.114,166104.19
2021-12-20,150.165,150.4,149.521,150.135,150.182,150.417,149.539,150.157,0.022,189926.73
2021-12-21,150.137,151.408,149.886,151.244,150.158,151.496,149.903,151.262,0.018,124512.03
2021-12-22,151.242,152.577,151.099,152.356,151.261,152.589,151.116,152.379,0.023,128401.33
2021-12-23,152.357,153.705,152.298,153.414,152.379,153.721,152.316,153.478,0.064,116229.11
2021-12-24,153.415,153.552,152.963,153.182,153.475,153.758,153.149,153.677,0.495,239580.05
2021-12-27,153.242,154.457,153.16,154.288,153.264,154.505,153.183,154.303,0.015,65783.38
2021-12-28,154.286,154.58,153.998,154.19,154.303,154.596,154.014,154.199,0.009,83648.84
2021-12-29,154.19,155.143,154.053,155.14,154.204,155.216,154.061,155.158,0.018,183305.14
2021-12-30,155.143,155.663,154.912,155.302,155.158,155.678,154.925,155.324,0.022,105861.27
2021-12-31,155.302,156.009,154.993,155.543,155.321,156.027,155.008,155.664,0.121,96853.46
2022-01-03,155.684,155.916,154.883,155.485,155.704,155.935,154.897,155.506,0.021,120315.81
2022-01-04,155.482,157.426,155.372,157.18,155.507,157.437,155.388,157.198,0.018,154031.69
2022-01-05,157.181,157.766,156.572,157.399,157.197,157.78,156.588,157.423,0.024,156780.77
2022-01-06,157.396,157.466,156.082,156.792,157.419,157.479,156.099,156.81,0.018,151512.11
2022-01-07,156.79,157.179,156.737,157.004,156.812,157.2,156.755,157.138,0.134,121008.15
2022-01-10,157.137,157.372,155.943,156.534,157.156,157.389,155.958,156.557,0.023,125596.55
2022-01-11,156.537,157.31,156.413,157.225,156.561,157.323,156.429,157.241,0.016,140213.34
2022-01-12,157.224,157.705,156.752,157.162,157.241,157.72,156.768,157.184,0.022,134682.81
2022-01-13,157.166,157.458,156.305,156.484,157.184,157.471,156.323,156.504,0.02,143962.55
2022-01-14,156.484,156.523,155.453,156.116,156.504,156.54,155.469,156.247,0.131,168893.3
2022-01-17,156.288,156.714,156.194,156.358,156.306,156.73,156.213,156.376,0.018,102302.69
2022-01-18,156.356,156.899,155.472,155.785,156.376,156.916,155.487,155.805,0.02,179890.31
2022-01-19,155.786,156.229,155.396,155.608,155.805,156.241,155.417,155.627,0.019,166000.25
2022-01-20,155.609,156.06,154.846,154.988,155.628,156.078,154.866,155.005,0.017,158582.02
2022-01-21,154.988,155.016,153.905,154.036,155.006,155.034,153.917,154.132,0.096,173956.86
2022-01-24,154.236,154.484,152.899,153.784,154.249,154.5,152.913,153.801,0.017,224727.52
2022-01-25,153.786,154.011,153.114,153.86,153.8,154.023,153.129,153.879,0.019,233623.38
2022-01-26,153.861,154.733,153.668,154.491,153.88,154.757,153.686,154.501,0.01,204446.25
2022-01-27,154.489,154.716,153.817,154.42,154.503,154.731,153.834,154.439,0.019,251373.97
2022-01-28,154.422,154.953,154.086,154.351,154.438,154.971,154.106,154.479,0.128,217912.88
2022-01-31,154.472,155.327,154.388,154.768,154.493,155.342,154.406,154.785,0.017,197627.69
2022-02-01,154.767,155.202,154.483,155.168,154.79,155.219,154.499,155.188,0.02,173060.0
2022-02-02,155.164,155.434,154.805,155.145,155.187,155.485,154.821,155.157,0.012,163828.25
2022-02-03,155.144,156.498,155.041,156.313,155.162,156.515,155.057,156.329,0.016,213985.56
2022-02-04,156.31,156.501,155.557,155.82,156.333,156.515,155.573,155.898,0.078,205977.88
2022-02-07,155.929,156.162,155.13,155.754,155.947,156.176,155.144,155.776,0.022,175789.11
2022-02-08,155.754,156.719,155.751,156.504,155.776,156.745,155.773,156.523,0.019,187319.69
2022-02-09,156.503,156.854,156.192,156.43,156.523,156.867,156.207,156.449,0.019,145725.27
2022-02-10,156.431,158.062,156.243,157.237,156.451,158.078,156.258,157.251,0.014,236784.2
2022-02-11,157.233,157.705,155.857,156.496,157.254,157.735,155.877,156.624,0.128,253515.33
2022-02-14,156.83,156.844,155.302,156.341,156.849,156.865,155.317,156.363,0.022,260190.88
2022-02-15,156.343,156.824,155.962,156.577,156.36,156.84,155.98,156.592,0.015,198706.84
2022-02-16,156.58,157.111,156.346,156.72,156.595,157.127,156.361,156.735,0.015,179278.22
2022-02-17,156.715,156.992,156.044,156.374,156.732,157.011,156.068,156.394,0.02,245083.31
2022-02-18,156.372,157.287,156.211,156.216,156.391,157.3,156.227,156.332,0.116,195898.84
2022-02-21,156.242,156.746,155.51,155.8,156.26,156.759,155.527,155.824,0.024,165608.77
2022-02-22,155.802,156.507,155.568,156.394,155.825,156.52,155.583,156.417,0.023,234103.09
2022-02-23,156.396,156.77,155.597,155.628,156.416,156.787,155.615,155.641,0.013,167816.72
2022-02-24,155.624,155.884,153.362,154.498,155.637,155.901,153.376,154.518,0.02,387052.53
2022-02-25,154.501,155.177,154.151,154.832,154.523,155.192,154.168,154.948,0.116,254904.66
2022-02-28,154.556,154.99,153.949,154.462,154.566,155.007,153.963,154.482,0.02,244744.58
2022-03-01,154.463,154.686,152.656,153.137,154.479,154.704,152.67,153.155,0.018,214934.78
2022-03-02,153.131,154.919,152.811,154.747,153.15,154.934,152.826,154.76,0.013,253324.53
2022-03-03,154.744,155.224,153.861,154.167,154.76,155.24,153.876,154.186,0.019,205356.42
2022-03-04,154.169,154.216,151.462,151.932,154.19,154.236,151.48,152.062,0.13,239434.55
2022-03-07,151.866,152.228,151.031,151.276,151.885,152.244,151.049,151.299,0.023,292273.94
2022-03-08,151.278,152.007,150.975,151.576,151.301,152.024,150.993,151.597,0.021,274635.31
2022-03-09,151.575,152.849,151.575,152.817,151.597,152.87,151.597,152.84,0.023,208897.52
2022-03-10,152.817,152.991,151.877,152.22,152.84,153.009,151.892,152.24,0.02,211585.39
2022-03-11,152.221,153.397,152.01,152.887,152.241,153.415,152.02,153.007,0.12,215539.84
2022-03-14,153.369,154.187,153.179,153.795,153.389,154.203,153.196,153.815,0.02,193978.09
2022-03-15,153.794,154.686,153.225,154.32,153.815,154.699,153.238,154.341,0.021,214587.2
2022-03-16,154.321,156.283,154.246,156.186,154.34,156.313,154.261,156.212,0.026,235177.97
2022-03-17,156.185,156.702,155.449,155.904,156.208,156.724,155.469,155.925,0.021,213230.05
2022-03-18,155.904,157.222,155.884,156.962,155.926,157.237,155.904,157.033,0.071,173728.25
2022-03-21,156.937,157.511,156.37,157.487,156.96,157.531,156.388,157.506,0.019,150890.3
2022-03-22,157.488,161.019,157.461,160.963,157.501,161.049,157.48,160.977,0.014,235723.7
2022-03-23,160.963,161.093,159.032,159.94,160.976,161.109,159.049,159.959,0.019,196433.28
2022-03-24,159.939,161.491,159.58,161.426,159.96,161.503,159.6,161.448,0.022,214710.95
2022-03-25,161.424,161.432,159.847,160.832,161.446,161.453,159.864,160.956,0.124,231065.45
2022-03-28,161.063,164.627,160.761,161.903,161.078,164.661,160.779,161.928,0.025,340548.53
2022-03-29,161.901,162.615,160.252,161.202,161.928,162.633,160.265,161.218,0.016,322997.59
2022-03-30,161.202,161.202,159.035,160.295,161.219,161.222,159.064,160.318,0.023,320528.44
2022-03-31,160.294,160.873,159.433,160.032,160.321,160.9,159.453,160.055,0.023,325775.38
2022-04-01,160.03,161.181,160.007,160.608,160.055,161.202,160.028,160.738,0.13,252415.84
2022-04-04,160.699,161.3,160.272,161.016,160.719,161.318,160.295,161.034,0.018,189545.73
2022-04-05,161.014,161.966,160.5,161.704,161.034,161.985,160.523,161.719,0.015,235034.44
2022-04-06,161.703,162.271,161.52,161.694,161.719,162.287,161.622,161.715,0.021,263086.28
2022-04-07,161.695,162.351,161.394,162.173,161.716,162.373,161.413,162.196,0.023,234436.97
2022-04-08,162.167,162.237,161.64,161.978,162.198,162.257,161.657,162.1,0.122,216803.33
2022-04-11,162.081,163.84,161.926,163.413,162.103,163.859,161.945,163.431,0.018,267996.09
2022-04-12,163.412,163.623,162.784,163.067,163.431,163.643,162.804,163.086,0.019,273640.5
2022-04-13,163.067,164.848,162.988,164.449,163.087,164.929,163.006,164.471,0.022,296718.69
2022-04-14,164.449,164.922,164.028,164.83,164.471,164.992,164.043,164.897,0.067,290019.47
2022-04-15,164.83,165.406,164.651,164.948,164.895,165.493,164.732,165.368,0.42,430997.72
2022-04-18,165.312,165.418,164.633,165.378,165.336,165.438,164.653,165.4,0.022,185032.2
2022-04-19,165.381,168.332,165.276,168.305,165.401,168.354,165.288,168.326,0.021,294026.97
2022-04-20,168.303,168.423,166.424,167.253,168.325,168.44,166.44,167.264,0.011,327496.47
2022-04-21,167.251,167.904,166.971,167.279,167.264,167.923,166.988,167.298,0.019,291459.91
2022-04-22,167.282,167.58,164.797,164.996,167.298,167.604,164.814,165.122,0.126,310748.62
2022-04-25,164.97,165.168,162.049,162.748,164.995,165.195,162.069,162.768,0.02,372319.44
2022-04-26,162.749,163.593,159.621,160.098,162.769,163.615,159.64,160.118,0.02,366583.75
2022-04-27,160.098,161.382,160.077,161.054,160.121,161.401,160.096,161.075,0.021,368104.0
2022-04-28,161.062,164.246,160.883,163.012,161.078,164.272,160.904,163.038,0.026,406281.97
2022-04-29,163.013,163.983,162.382,163.188,163.036,164.002,162.4,163.316,0.128,340810.03
2022-05-02,163.404,163.823,162.28,162.613,163.426,163.849,162.297,162.636,0.023,281072.53
2022-05-03,162.612,163.406,162.347,162.63,162.636,163.427,162.364,162.654,0.024,262267.91
2022-05-04,162.626,163.567,161.775,163.04,162.651,163.597,161.804,163.066,0.026,276861.69
2022-05-05,163.044,163.171,160.436,161.101,163.07,163.232,160.483,161.127,0.026,373278.34
2022-05-06,161.101,161.6,160.31,160.994,161.127,161.621,160.331,161.124,0.13,380601.75
2022-05-09,161.132,162.179,160.155,160.829,161.156,162.2,160.173,160.854,0.025,358202.53
2022-05-10,160.827,161.513,160.034,160.439,160.85,161.535,160.053,160.463,0.024,396215.06
2022-05-11,160.437,161.304,158.797,158.84,160.464,161.325,158.819,158.865,0.025,387849.56
2022-05-12,158.838,159.045,155.594,156.948,158.863,159.067,155.614,156.971,0.023,464849.38
2022-05-13,156.949,158.488,156.663,158.394,156.971,158.547,156.688,158.505,0.111,320755.03
2022-05-16,158.618,159.271,157.426,158.936,158.641,159.292,157.447,158.956,0.02,274731.91
2022-05-17,158.936,161.846,158.858,161.612,158.956,161.865,158.877,161.627,0.015,288867.12
2022-05-18,161.609,161.737,157.883,157.909,161.622,161.754,157.915,157.934,0.025,287108.53
2022-05-19,157.913,159.915,157.871,159.332,157.934,159.932,157.898,159.355,0.023,399161.25
2022-05-20,159.336,160.195,158.725,159.685,159.359,160.209,158.751,159.811,0.126,344160.88
2022-05-23,159.899,161.003,159.401,160.625,159.921,161.095,159.428,160.647,0.022,284406.44
2022-05-24,160.621,160.843,157.986,158.938,160.643,160.867,158.009,158.961,0.023,297477.72
2022-05-25,158.937,160.297,158.383,160.028,158.961,160.319,158.403,160.052,0.024,304013.25
2022-05-26,160.029,160.826,159.011,160.359,160.052,160.845,159.031,160.383,0.024,272527.75
2022-05-27,160.352,160.648,159.815,160.505,160.38,160.67,159.835,160.63,0.125,226445.34
2022-05-30,160.666,161.665,160.326,161.567,160.694,161.684,160.354,161.59,0.023,207596.42
2022-05-31,161.567,162.351,160.936,162.304,161.589,162.373,160.958,162.325,0.021,322933.09
2022-06-01,162.303,163.318,161.965,162.432,162.326,163.338,161.986,162.454,0.022,288935.25
2022-06-02,162.434,163.458,162.107,163.434,162.456,163.483,162.129,163.455,0.021,239385.38
2022-06-03,163.433,164.089,163.054,163.369,163.454,164.112,163.07,163.468,0.099,202357.16
2022-06-06,163.265,165.658,162.906,165.518,163.293,165.689,162.921,165.548,0.03,235979.7
2022-06-07,165.518,167.255,165.278,167.182,165.55,167.273,165.303,167.205,0.023,304658.66
2022-06-08,167.176,168.693,166.972,168.608,167.204,168.721,166.992,168.626,0.018,316653.0
2022-06-09,168.605,168.72,166.695,167.883,168.626,168.737,166.707,167.908,0.025,343642.16
2022-06-10,167.885,167.885,165.165,165.439,167.909,167.91,165.184,165.554,0.115,319798.81
2022-06-13,165.465,166.119,162.244,162.988,165.49,166.15,162.267,163.013,0.025,421975.69
2022-06-14,162.987,164.308,161.332,162.469,163.013,164.33,161.353,162.495,0.026,458591.09
2022-06-15,162.47,163.311,161.722,163.196,162.496,163.348,161.751,163.221,0.025,492802.81
2022-06-16,163.19,163.843,159.983,163.536,163.224,163.873,160.021,163.555,0.019,527040.38
2022-06-17,163.536,166.217,162.966,164.898,163.554,166.246,163.052,165.004,0.106,479471.81
2022-06-20,165.432,165.652,164.465,165.463,165.458,165.674,164.494,165.488,0.025,335462.12
2022-06-21,165.466,167.835,165.337,167.167,165.485,167.906,165.363,167.196,0.029,348485.03
2022-06-22,167.169,167.442,165.759,166.612,167.195,167.465,165.785,166.635,0.023,393546.91
2022-06-23,166.612,166.888,164.652,165.281,166.636,166.913,164.672,165.305,0.024,408199.75
2022-06-24,165.277,166.305,164.8,165.904,165.301,166.322,164.82,166.02,0.116,331229.53
2022-06-27,165.877,166.523,165.122,166.126,165.902,166.544,165.145,166.149,0.023,356158.53
2022-06-28,166.122,166.928,165.703,165.801,166.146,166.944,165.727,165.825,0.024,390413.16
2022-06-29,165.799,166.337,165.402,165.7,165.825,166.357,165.416,165.718,0.018,412329.81
2022-06-30,165.699,165.816,164.801,165.126,165.718,165.841,164.824,165.148,0.022,379174.72
2022-07-01,165.126,165.309,161.566,163.526,165.149,165.332,161.587,163.646,0.12,394921.97
2022-07-04,163.344,164.742,162.996,164.572,163.366,164.762,163.021,164.599,0.027,275982.28
2022-07-05,164.564,165.273,161.58,161.981,164.596,165.295,161.598,162.005,0.024,385708.28
2022-07-06,161.979,162.577,160.387,162.074,162.003,162.597,160.406,162.1,0.026,449237.38
2022-07-07,162.074,163.649,161.575,163.489,162.101,163.678,161.604,163.51,0.021,350052.12
2022-07-08,163.489,163.927,161.815,163.682,163.511,163.953,161.837,163.858,0.176,371528.06
2022-07-11,163.781,164.463,163.035,163.505,163.807,164.485,163.044,163.528,0.023,344082.94
2022-07-12,163.499,163.545,161.824,162.401,163.521,163.568,161.848,162.426,0.025,381350.12
2022-07-13,162.396,164.114,162.394,163.276,162.416,164.137,162.416,163.302,0.026,408857.81
2022-07-14,163.277,165.185,163.149,164.553,163.299,165.207,163.17,164.58,0.027,452893.84
2022-07-15,164.551,164.694,163.644,164.284,164.578,164.723,163.663,164.414,0.13,339567.06
2022-07-18,164.426,166.089,164.16,165.192,164.449,166.104,164.187,165.218,0.026,337071.38
2022-07-19,165.193,165.976,164.712,165.848,165.218,165.997,164.738,165.875,0.027,355846.25
2022-07-20,165.848,166.239,165.126,165.65,165.877,166.272,165.149,165.672,0.022,327390.56
2022-07-21,165.651,165.977,164.406,164.421,165.674,166.012,164.426,164.449,0.028,419969.59
2022-07-22,164.423,165.141,162.994,163.308,164.449,165.162,163.017,163.384,0.076,391566.03
2022-07-25,163.404,165.085,162.986,164.416,163.428,165.102,163.015,164.443,0.027,336837.19
2022-07-26,164.424,164.96,163.466,164.837,164.449,164.981,163.486,164.861,0.024,328483.38
2022-07-27,164.838,166.33,164.733,165.537,164.861,166.349,164.754,165.563,0.026,360801.66
2022-07-28,165.537,165.695,162.856,163.598,165.562,165.722,162.877,163.622,0.024,420565.72
2022-07-29,163.599,163.891,161.526,162.226,163.623,163.919,161.548,162.276,0.05,418009.69
2022-08-01,162.276,162.314,161.015,161.055,162.308,162.343,161.032,161.072,0.017,415683.81
2022-08-02,161.054,162.332,159.432,161.913,161.073,162.362,159.462,161.947,0.034,515752.12
2022-08-03,161.912,163.055,161.201,162.554,161.944,163.078,161.228,162.585,0.031,460919.22
2022-08-04,162.551,163.927,161.105,161.233,162.581,163.961,161.134,161.262,0.029,416155.75
2022-08-05,161.235,163.362,161.172,162.925,161.263,163.383,161.204,163.032,0.107,362410.66
2022-08-08,162.887,163.836,162.557,162.945,162.918,163.861,162.579,162.979,0.034,358833.91
2022-08-09,162.946,163.663,162.613,163.198,162.977,163.687,162.64,163.224,0.026,278436.72
2022-08-10,163.204,163.58,161.671,162.159,163.226,163.675,161.698,162.189,0.03,385403.28
2022-08-11,162.157,162.442,161.254,162.194,162.181,162.472,161.285,162.225,0.031,407045.69
2022-08-12,162.198,162.784,161.797,161.898,162.225,162.811,161.818,162.028,0.13,321673.75
2022-08-15,161.666,161.808,160.337,160.503,161.694,161.836,160.367,160.53,0.027,323370.0
2022-08-16,160.501,162.737,160.077,162.398,160.525,162.756,160.102,162.427,0.029,323487.0
2022-08-17,162.398,163.561,162.165,162.545,162.427,163.581,162.195,162.576,0.031,330489.69
2022-08-18,162.548,163.236,161.678,162.014,162.579,163.259,161.697,162.044,0.03,371065.19
2022-08-19,162.014,162.835,161.626,161.911,162.045,162.853,161.65,162.012,0.101,334375.16
2022-08-22,161.94,162.524,161.152,161.855,161.97,162.548,161.177,161.884,0.029,337862.12
2022-08-23,161.854,162.304,160.795,161.754,161.884,162.327,160.819,161.785,0.031,379253.53
2022-08-24,161.754,161.885,160.827,161.625,161.786,161.925,160.854,161.652,0.027,344061.38
2022-08-25,161.624,161.984,161.312,161.438,161.654,162.007,161.336,161.467,0.029,328500.22
2022-08-26,161.441,162.678,161.224,161.638,161.467,162.703,161.234,161.686,0.048,345092.16
2022-08-29,161.481,162.637,161.447,162.504,161.516,162.664,161.477,162.53,0.026,359412.28
2022-08-30,162.501,162.58,161.491,161.766,162.53,162.604,161.513,161.793,0.027,422295.34
2022-08-31,161.767,161.894,160.889,161.572,161.793,161.923,160.913,161.605,0.033,417242.78
2022-09-01,161.573,161.857,160.964,161.747,161.604,161.949,160.988,161.779,0.032,392701.5
2022-09-02,161.753,162.485,161.143,161.384,161.781,162.506,161.169,161.49,0.106,319527.59
2022-09-05,161.228,162.519,160.655,162.395,161.257,162.551,160.68,162.425,0.03,291381.38
2022-09-06,162.398,165.251,162.242,164.771,162.425,165.289,162.273,164.806,0.035,402934.16
2022-09-07,164.772,166.304,164.177,166.014,164.806,166.341,164.211,166.046,0.032,451529.44
2022-09-08,166.017,166.253,164.877,165.738,166.044,166.276,164.907,165.765,0.027,440228.38
2022-09-09,165.74,166.232,164.296,165.197,165.766,166.26,164.325,165.321,0.124,471796.97
2022-09-12,165.647,167.033,165.375,166.652,165.68,167.052,165.405,166.686,0.034,413595.16
2022-09-13,166.654,167.617,165.985,166.165,166.685,167.783,166.005,166.179,0.014,463857.5
2022-09-14,166.165,166.423,164.747,164.985,166.178,166.458,164.772,165.015,0.03,497209.28
2022-09-15,164.984,165.724,164.101,164.139,165.015,165.747,164.131,164.166,0.027,391621.5
2022-09-16,164.14,164.492,162.731,163.183,164.165,164.508,162.758,163.252,0.069,358429.19
2022-09-19,163.217,163.936,162.933,163.857,163.252,163.977,162.956,163.887,0.03,270491.88
2022-09-20,163.857,164.433,163.131,163.408,163.887,164.442,163.153,163.434,0.026,362658.28
2022-09-21,163.407,163.936,162.061,162.366,163.437,163.966,162.256,162.403,0.037,438233.19
2022-09-22,162.365,164.425,159.106,160.224,162.403,164.453,159.135,160.256,0.032,589831.0
2022-09-23,160.223,160.376,155.366,155.366,160.256,160.403,155.464,155.464,0.098,506296.69
2022-09-26,154.889,157.205,148.819,155.519,154.933,157.239,148.958,155.573,0.054,721223.94
2022-09-27,155.537,156.354,154.34,155.2,155.572,156.392,154.368,155.247,0.047,581290.12
2022-09-28,155.198,157.079,152.536,156.398,155.247,157.111,152.579,156.44,0.042,685537.5
2022-09-29,156.401,161.727,155.598,161.321,156.439,161.766,155.632,161.375,0.054,629328.12
2022-09-30,161.321,162.164,159.421,161.586,161.376,162.198,159.451,161.65,0.064,553842.0
2022-10-03,161.234,163.882,160.557,163.852,161.278,163.911,160.608,163.89,0.038,533202.25
2022-10-04,163.852,165.569,163.411,164.707,163.889,165.668,163.451,164.749,0.042,520519.47
2022-10-05,164.705,165.708,162.595,164.012,164.745,165.735,162.621,164.047,0.035,530175.94
2022-10-06,164.009,164.437,161.07,161.877,164.047,164.467,161.107,161.914,0.037,548423.81
2022-10-07,161.871,162.594,160.762,161.112,161.914,162.615,160.794,161.164,0.052,465794.94
2022-10-10,161.051,161.548,160.456,161.373,161.09,161.586,160.479,161.408,0.035,429043.97
2022-10-11,161.379,162.657,159.72,159.937,161.411,162.684,159.749,159.977,0.04,520357.22
2022-10-12,159.942,163.311,159.804,162.92,159.976,163.341,159.831,162.952,0.032,562974.12
2022-10-13,162.919,167.271,162.308,166.471,162.952,167.308,162.334,166.503,0.032,549100.12
2022-10-14,166.469,167.206,165.027,166.261,166.502,167.246,165.047,166.341,0.08,540269.69
2022-10-17,167.078,170.085,166.616,169.096,167.117,170.113,166.654,169.132,0.036,508440.38
2022-10-18,168.601,168.977,168.345,168.521,168.63,169.012,168.384,168.557,0.036,109392.87
2022-10-19,169.228,169.295,167.615,167.892,169.266,169.331,167.656,167.934,0.042,455458.03
2022-10-20,167.89,169.72,167.408,168.505,167.931,169.751,167.443,168.539,0.034,568600.19
2022-10-21,168.51,169.563,164.939,166.696,168.546,169.6,165.014,167.0,0.304,605696.56
2022-10-24,167.324,169.492,167.241,168.318,167.395,169.537,167.323,168.356,0.038,493049.12
2022-10-25,168.317,169.939,167.835,169.543,168.355,170.024,167.858,169.599,0.056,505933.78
2022-10-26,169.54,170.59,169.31,170.017,169.591,170.626,169.351,170.054,0.037,599691.81
2022-10-27,170.016,170.055,168.718,169.151,170.053,170.093,168.752,169.199,0.048,572627.06
2022-10-28,169.151,171.357,168.867,171.254,169.197,171.398,168.9,171.35,0.096,510057.69
2022-10-31,171.368,172.113,170.332,170.556,171.417,172.151,170.353,170.593,0.037,413788.31
2022-11-01,170.557,170.944,169.469,169.935,170.593,170.977,169.506,169.974,0.039,483617.69
2022-11-02,169.933,170.069,168.131,168.339,169.971,170.103,168.27,168.379,0.04,491470.09
2022-11-03,168.338,168.338,165.09,165.743,168.377,168.377,165.109,165.779,0.036,481603.59
2022-11-04,165.743,166.967,165.08,166.814,165.781,166.999,165.165,166.899,0.085,507768.38
2022-11-07,166.369,169.082,166.347,168.796,166.415,169.113,166.39,168.834,0.038,447359.38
2022-11-08,168.795,169.062,167.295,167.824,168.833,169.106,167.325,167.868,0.044,451281.03
2022-11-09,167.826,168.31,165.951,166.181,167.867,168.34,165.979,166.232,0.051,510155.53
2022-11-10,166.177,167.444,164.355,165.736,166.232,167.548,164.407,165.778,0.042,553995.75
2022-11-11,165.731,166.083,163.022,164.176,165.779,166.125,163.084,164.303,0.127,612445.88
2022-11-14,164.671,165.698,163.676,164.622,164.731,165.736,163.714,164.66,0.038,519099.78
2022-11-15,164.619,166.19,164.409,165.065,164.655,166.228,164.448,165.1,0.035,650330.25
2022-11-16,165.064,166.378,164.97,165.982,165.1,166.435,165.005,166.019,0.037,503818.25
2022-11-17,165.978,166.536,165.165,166.511,166.016,166.575,165.226,166.557,0.046,449021.28
2022-11-18,166.512,167.308,166.112,166.778,166.556,167.338,166.154,166.824,0.046,372232.88
2022-11-21,166.694,168.097,166.09,168.03,166.746,168.19,166.126,168.069,0.039,377545.34
2022-11-22,168.027,168.283,167.332,167.876,168.069,168.32,167.369,167.913,0.037,335092.0
2022-11-23,167.875,168.993,167.741,168.149,167.912,169.075,167.782,168.191,0.042,371140.31
2022-11-24,168.147,168.273,167.147,167.863,168.186,168.313,167.182,167.9,0.037,315531.69
2022-11-25,167.861,168.782,167.626,168.067,167.899,168.815,167.656,168.521,0.454,318953.03
2022-11-28,167.985,168.045,165.828,165.89,168.028,168.1,165.864,165.929,0.039,419585.78
2022-11-29,165.89,166.664,165.513,165.738,165.927,166.691,165.54,165.78,0.042,394135.84
2022-11-30,165.737,167.39,165.442,165.841,165.78,167.433,165.482,165.892,0.051,471567.28
2022-12-01,165.849,167.216,164.501,165.66,165.887,167.246,164.539,165.701,0.041,516404.78
2022-12-02,165.658,165.975,164.024,165.05,165.699,166.002,164.064,165.142,0.092,452648.03
2022-12-05,165.337,166.822,165.273,166.51,165.377,166.891,165.311,166.554,0.044,402835.88
2022-12-06,166.51,167.48,165.966,166.066,166.554,167.518,166.007,166.11,0.044,429940.78
2022-12-07,166.065,167.413,165.947,166.503,166.11,167.443,165.982,166.542,0.039,433890.12
2022-12-08,166.502,167.331,166.273,167.148,166.54,167.422,166.304,167.192,0.044,369435.69
2022-12-09,167.145,168.048,166.141,167.508,167.183,168.08,166.454,167.612,0.104,398167.5
2022-12-12,167.269,169.016,167.063,168.709,167.317,169.233,167.143,168.737,0.028,317182.78
2022-12-13,168.708,169.267,167.088,167.486,168.738,169.295,167.11,167.519,0.033,403155.84
2022-12-14,167.484,168.372,166.714,168.091,167.511,168.534,166.744,168.119,0.028,412960.91
2022-12-15,168.092,168.833,167.617,167.917,168.118,168.856,167.639,167.942,0.025,380405.84
2022-12-16,167.918,167.998,165.91,165.91,167.943,168.016,165.971,165.977,0.067,311463.41
2022-12-19,166.051,166.895,165.462,166.473,166.084,166.917,165.495,166.511,0.038,301757.94
2022-12-20,166.472,167.009,158.583,160.742,166.506,167.054,158.609,160.773,0.031,477958.12
2022-12-21,160.739,161.026,159.461,159.855,160.77,161.055,159.493,159.888,0.033,289204.59
2022-12-22,159.849,160.242,158.785,159.29,159.885,160.258,158.814,159.352,0.062,274384.94
2022-12-23,159.289,160.518,159.15,159.969,159.348,160.542,159.185,160.054,0.085,243947.64
2022-12-26,159.961,160.757,159.466,160.406,160.429,161.088,159.735,160.434,0.028,99635.13
2022-12-27,160.403,160.94,160.166,160.522,160.432,160.969,160.207,160.559,0.037,195847.69
2022-12-28,160.52,162.333,160.509,161.21,160.555,162.359,160.542,161.239,0.029,238705.08
2022-12-29,161.209,161.469,160.045,160.232,161.243,161.495,160.075,160.266,0.034,236845.91
2022-12-30,160.231,160.282,157.819,158.582,160.266,160.314,157.855,158.645,0.063,291240.59
2023-01-02,158.187,158.449,157.265,157.766,158.654,158.764,157.424,157.8,0.034,106906.95
2023-01-03,157.766,157.898,155.342,157.102,157.8,157.932,155.371,157.142,0.04,379987.88
2023-01-04,157.103,160.17,156.495,159.442,157.141,160.193,156.52,159.472,0.03,415274.19
2023-01-05,159.442,160.023,158.497,158.755,159.471,160.07,158.525,158.806,0.051,379375.81
2023-01-06,158.755,160.013,158.743,159.75,158.808,160.056,158.788,159.8,0.05,364061.53
2023-01-09,159.74,161.225,159.298,160.482,159.772,161.252,159.325,160.523,0.041,391887.62
2023-01-10,160.485,160.928,160.035,160.54,160.524,160.96,160.062,160.572,0.032,347697.94
2023-01-11,160.54,161.202,160.22,160.36,160.569,161.234,160.257,160.397,0.037,248601.66
2023-01-12,160.362,160.502,157.628,157.797,160.396,160.531,157.675,157.831,0.034,372942.91
2023-01-13,157.797,157.923,155.635,156.34,157.831,157.957,155.661,156.439,0.099,321691.03
2023-01-16,156.507,157.071,156.176,156.664,156.552,157.1,156.205,156.699,0.035,218610.03
2023-01-17,156.676,158.017,156.579,157.568,156.699,158.045,156.604,157.599,0.031,308274.75
2023-01-18,157.571,161.52,157.476,158.705,157.599,161.55,157.506,158.738,0.033,424031.28
2023-01-19,158.702,159.233,157.561,159.069,158.732,159.284,157.592,159.101,0.032,278658.75
2023-01-20,159.069,161.28,159.035,160.508,159.1,161.309,159.06,160.589,0.081,247043.02
2023-01-23,160.512,161.801,160.355,161.652,160.546,162.002,160.38,161.678,0.026,244301.86
2023-01-24,161.652,161.764,159.983,160.564,161.677,161.788,160.005,160.588,0.024,226254.03
2023-01-25,160.565,160.921,159.5,160.4,160.59,160.946,159.521,160.432,0.032,233041.34
2023-01-26,160.399,161.73,160.0,161.133,160.432,161.751,160.029,161.166,0.033,265881.5
2023-01-27,161.132,161.266,160.402,160.937,161.166,161.3,160.423,161.015,0.078,192397.56
2023-01-30,160.993,161.412,160.197,161.136,161.021,161.436,160.219,161.163,0.027,234644.97
2023-01-31,161.137,161.168,159.757,160.14,161.164,161.195,159.781,160.16,0.02,220501.88
2023-02-01,160.137,160.664,158.903,159.297,160.156,160.684,158.921,159.326,0.029,272018.0
2023-02-02,159.299,159.608,157.153,157.354,159.326,159.625,157.196,157.378,0.024,294160.97
2023-02-03,157.357,158.741,156.721,158.106,157.381,158.765,156.748,158.163,0.057,252045.27
2023-02-06,159.037,159.942,158.71,159.485,159.066,159.968,158.737,159.518,0.033,235492.69
2023-02-07,159.485,159.565,157.419,157.966,159.518,159.587,157.447,157.994,0.028,299813.66
2023-02-08,157.967,158.83,157.6,158.582,157.993,158.879,157.625,158.616,0.034,232692.52
2023-02-09,158.583,159.502,158.11,159.331,158.616,159.718,158.216,159.36,0.029,247487.7
2023-02-10,159.335,159.624,157.521,158.39,159.361,159.654,157.543,158.411,0.021,264411.34
2023-02-13,158.529,161.189,158.409,160.788,158.552,161.209,158.435,160.81,0.022,199555.92
2023-02-14,160.787,162.172,160.096,161.893,160.809,162.288,160.125,161.918,0.025,322537.88
2023-02-15,161.899,161.972,160.75,161.172,161.923,161.994,160.799,161.2,0.028,256251.38
2023-02-16,161.172,161.506,160.461,160.534,161.197,161.529,160.483,160.562,0.028,256902.94
2023-02-17,160.535,161.639,160.487,161.536,160.561,161.661,160.511,161.575,0.039,214972.19
2023-02-20,161.546,161.717,161.16,161.708,161.58,161.805,161.179,161.741,0.033,120455.67
2023-02-21,161.708,163.751,161.427,163.464,161.741,163.775,161.45,163.492,0.028,244511.06
2023-02-22,163.466,163.557,162.262,162.544,163.492,163.574,162.407,162.568,0.024,230885.45
2023-02-23,162.547,162.843,161.427,161.767,162.57,162.871,161.467,161.799,0.032,210627.88
2023-02-24,161.768,163.114,161.192,162.95,161.796,163.135,161.228,163.002,0.052,250478.2
2023-02-27,163.017,164.451,162.601,164.425,163.048,164.474,162.621,164.45,0.025,210278.62
2023-02-28,164.428,166.004,163.44,164.057,164.45,166.027,163.616,164.084,0.027,232355.88
2023-03-01,164.06,164.501,162.856,163.782,164.083,164.529,162.881,163.808,0.026,253907.67
2023-03-02,163.78,163.927,163.061,163.363,163.807,163.949,163.084,163.395,0.032,249280.42
2023-03-03,163.36,163.639,163.086,163.589,163.392,163.672,163.12,163.672,0.083,201627.77
2023-03-06,163.586,163.783,162.972,163.527,163.624,163.802,162.993,163.557,0.03,196905.11
2023-03-07,163.525,163.852,162.01,162.477,163.559,163.875,162.063,162.505,0.028,258154.39
2023-03-08,162.477,162.976,161.698,162.588,162.505,163.0,161.726,162.622,0.034,218149.16
2023-03-09,162.589,162.628,161.605,162.584,162.621,162.655,161.626,162.61,0.026,202926.09
2023-03-10,162.582,164.229,161.939,162.396,162.61,164.28,161.969,162.517,0.121,369841.47
2023-03-13,162.976,163.043,160.033,161.915,163.018,163.067,160.059,161.95,0.035,485833.16
2023-03-14,161.916,164.075,161.853,163.34,161.948,164.1,161.883,163.37,0.03,400014.25
2023-03-15,163.335,164.133,159.198,160.369,163.366,164.16,159.225,160.402,0.033,472426.47
2023-03-16,160.37,162.102,158.546,161.493,160.402,162.133,158.579,161.528,0.035,375324.88
2023-03-17,161.491,162.178,160.105,160.481,161.528,162.206,160.131,160.606,0.125,281609.38
2023-03-20,161.195,161.719,158.951,161.261,161.234,161.753,158.978,161.293,0.032,338575.69
2023-03-21,161.263,162.254,160.75,161.848,161.292,162.278,160.772,161.876,0.028,237965.44
2023-03-22,161.847,163.333,160.779,161.049,161.874,163.354,160.807,161.084,0.035,302563.28
2023-03-23,161.051,161.846,159.925,160.704,161.085,161.887,159.954,160.729,0.025,339527.78
2023-03-24,160.707,160.735,158.254,159.847,160.729,160.756,158.28,159.968,0.121,332158.97
2023-03-27,160.215,161.841,159.758,161.372,160.241,161.862,159.78,161.396,0.024,245703.78
2023-03-28,161.369,161.772,160.724,161.577,161.396,161.793,160.746,161.601,0.024,235925.31
2023-03-29,161.58,163.678,161.534,163.167,161.603,163.695,161.555,163.191,0.024,243294.23
2023-03-30,163.165,165.056,162.966,164.976,163.184,165.085,162.991,165.007,0.031,235374.62
2023-03-31,164.976,165.461,163.619,163.705,165.006,165.49,163.638,163.801,0.096,244354.34
2023-04-03,163.831,164.897,163.419,164.339,163.855,164.916,163.442,164.362,0.023,245613.52
2023-04-04,164.342,166.399,164.175,164.176,164.363,166.425,164.198,164.208,0.032,246725.41
2023-04-05,164.175,164.671,162.766,163.127,164.208,164.692,162.79,163.154,0.027,253900.69
2023-04-06,163.124,164.105,162.889,163.745,163.151,164.124,162.911,163.772,0.027,199272.44
2023-04-07,163.741,164.311,163.452,163.949,163.77,164.469,163.607,164.253,0.304,126196.25
2023-04-10,164.203,165.51,163.981,165.382,164.228,165.535,164.003,165.404,0.022,172931.02
2023-04-11,165.381,166.189,165.184,166.048,165.402,166.284,165.206,166.075,0.027,201387.66
2023-04-12,166.047,166.589,165.377,166.245,166.073,166.623,165.403,166.266,0.021,220181.62
2023-04-13,166.243,166.838,165.395,165.926,166.267,166.862,165.417,165.948,0.022,207285.91
2023-04-14,165.928,166.221,165.404,166.058,165.95,166.243,165.424,166.177,0.119,213552.19
2023-04-17,166.154,166.624,165.683,166.36,166.176,166.653,165.705,166.379,0.019,196014.84
2023-04-18,166.353,167.007,166.159,166.537,166.377,167.025,166.183,166.561,0.024,198817.45
2023-04-19,166.533,167.964,166.48,167.417,166.557,167.986,166.501,167.438,0.021,205998.55
2023-04-20,167.416,167.699,166.639,166.69,167.437,167.722,166.665,166.713,0.023,195215.19
2023-04-21,166.687,167.003,165.506,166.836,166.71,167.022,165.53,166.948,0.112,179982.41
2023-04-24,166.75,167.714,166.535,167.588,166.771,167.734,166.552,167.606,0.018,169396.67
2023-04-25,167.586,167.952,165.418,165.981,167.605,167.975,165.438,166.0,0.019,203523.06
2023-04-26,165.982,167.006,165.641,166.407,166.001,167.026,165.667,166.429,0.022,247129.36
2023-04-27,166.401,167.497,166.308,167.056,166.42,167.522,166.326,167.082,0.026,222880.45
2023-04-28,167.059,171.163,166.437,171.102,167.084,171.203,166.512,171.202,0.1,301010.44
2023-05-01,171.277,172.09,170.984,171.708,171.294,172.113,171.004,171.731,0.023,168228.34
2023-05-02,171.702,172.324,169.943,170.279,171.722,172.344,169.964,170.303,0.024,238883.7
2023-05-03,170.279,170.372,168.903,169.11,170.302,170.402,168.933,169.132,0.022,254950.97
2023-05-04,169.111,169.531,168.052,168.783,169.132,169.551,168.068,168.803,0.02,275313.84
2023-05-05,168.782,170.612,168.665,170.284,168.805,170.632,168.687,170.363,0.079,180441.03
2023-05-08,170.739,171.063,170.175,170.371,170.759,171.081,170.193,170.39,0.019,158282.16
2023-05-09,170.369,170.848,169.849,170.788,170.388,170.868,169.869,170.81,0.022,175993.73
2023-05-10,170.783,171.174,169.098,169.305,170.804,171.192,169.118,169.326,0.021,189133.09
2023-05-11,169.302,169.731,167.834,168.212,169.326,169.793,167.851,168.231,0.019,221603.38
2023-05-12,168.205,169.127,168.184,168.927,168.224,169.148,168.206,169.025,0.098,151109.55
2023-05-15,169.108,170.615,169.034,170.368,169.126,170.634,169.055,170.392,0.024,158616.94
2023-05-16,170.368,170.828,169.393,170.31,170.393,170.85,169.414,170.328,0.018,164658.98
2023-05-17,170.31,172.004,170.103,171.755,170.33,172.214,170.12,171.776,0.021,165920.84
2023-05-18,171.755,172.156,171.185,172.049,171.775,172.383,171.203,172.071,0.022,173646.62
2023-05-19,172.047,172.499,171.24,171.609,172.069,172.516,171.258,171.709,0.1,191128.62
2023-05-22,171.575,172.573,171.196,172.407,171.595,172.592,171.207,172.427,0.02,177111.19
2023-05-23,172.406,172.622,171.278,172.102,172.425,172.642,171.302,172.12,0.018,190969.28
2023-05-24,172.102,172.786,171.223,172.299,172.119,172.808,171.24,172.324,0.025,211393.89
2023-05-25,172.299,172.769,171.981,172.428,172.324,172.835,172.002,172.448,0.02,197404.47
2023-05-26,172.43,173.734,172.2,173.587,172.449,173.75,172.225,173.713,0.126,163442.27
2023-05-29,173.919,173.929,172.943,173.438,173.939,173.95,172.961,173.462,0.024,66936.71
2023-05-30,173.44,174.273,172.984,173.51,173.463,174.293,173.006,173.528,0.018,186858.98
2023-05-31,173.507,173.64,172.519,173.151,173.527,173.671,172.537,173.174,0.023,206552.7
2023-06-01,173.152,174.156,173.013,173.787,173.173,174.263,173.029,173.812,0.025,177496.02
2023-06-02,173.783,174.672,173.746,174.2,173.806,174.693,173.767,174.308,0.108,163666.73
2023-06-05,174.285,174.336,172.844,173.318,174.31,174.353,172.868,173.34,0.022,152593.19
2023-06-06,173.315,173.769,172.67,173.41,173.336,173.818,172.687,173.434,0.024,138996.28
2023-06-07,173.41,174.428,172.66,174.109,173.434,174.452,172.681,174.135,0.026,158748.66
2023-06-08,174.109,174.512,173.9,174.405,174.135,174.591,173.919,174.424,0.019,154464.16
2023-06-09,174.405,175.538,174.388,175.269,174.425,175.557,174.407,175.395,0.126,138580.77
2023-06-12,175.315,175.764,174.345,174.521,175.342,175.781,174.367,174.544,0.023,140290.7
2023-06-13,174.522,176.869,174.452,176.672,174.544,176.975,174.474,176.695,0.023,183654.77
2023-06-14,176.664,177.415,176.436,177.343,176.688,177.554,176.456,177.364,0.021,186350.58
2023-06-15,177.343,179.393,177.326,179.318,177.365,179.531,177.347,179.341,0.023,201201.73
2023-06-16,179.32,182.038,178.819,181.874,179.34,182.059,178.839,181.961,0.087,203651.98
2023-06-19,182.019,182.091,181.187,181.529,182.043,182.112,181.235,181.546,0.017,107354.26
2023-06-20,181.535,182.083,179.917,180.423,181.557,182.108,179.935,180.442,0.019,184335.05
2023-06-21,180.423,181.596,179.917,180.935,180.44,181.642,179.938,180.954,0.019,216749.73
2023-06-22,180.93,182.555,180.705,182.31,180.951,182.644,180.727,182.332,0.022,203560.77
2023-06-23,182.309,182.94,181.241,182.751,182.33,182.958,181.285,182.847,0.096,198242.05
2023-06-26,182.703,182.988,181.68,182.345,182.723,183.01,181.701,182.368,0.023,173966.39
2023-06-27,182.345,183.759,182.231,183.371,182.368,183.817,182.253,183.397,0.026,183547.31
2023-06-28,183.371,183.593,182.138,182.53,183.397,183.615,182.154,182.548,0.018,192369.45
2023-06-29,182.527,182.876,182.205,182.625,182.548,182.896,182.231,182.648,0.023,191203.06
2023-06-30,182.626,183.871,182.194,183.184,182.647,183.888,182.215,183.272,0.088,193349.72
2023-07-03,183.281,183.751,183.091,183.519,183.308,183.774,183.113,183.538,0.019,166373.44
2023-07-04,183.518,183.906,183.226,183.637,183.54,183.933,183.244,183.661,0.024,94045.87
2023-07-05,183.64,184.008,183.149,183.563,183.664,184.029,183.168,183.586,0.023,155179.0
2023-07-06,183.57,184.0,182.495,183.443,183.592,184.02,182.512,183.467,0.024,230348.7
2023-07-07,183.441,183.547,182.012,182.397,183.464,183.567,182.032,182.461,0.064,189877.16
2023-07-10,182.562,183.214,181.091,181.766,182.581,183.238,181.11,181.791,0.025,166511.56
2023-07-11,181.767,181.986,180.795,181.225,181.791,182.009,180.811,181.243,0.018,179180.47
2023-07-12,181.22,181.269,179.462,179.758,181.237,181.288,179.483,179.784,0.026,221921.44
2023-07-13,179.758,181.458,179.486,181.251,179.783,181.481,179.51,181.275,0.024,201162.91
2023-07-14,181.247,182.28,180.194,181.656,181.27,182.32,180.221,181.748,0.092,203385.66
2023-07-17,181.526,182.142,180.566,181.326,181.545,182.159,180.588,181.348,0.022,154551.28
2023-07-18,181.323,181.84,180.357,181.189,181.346,181.861,180.378,181.212,0.023,198195.45
2023-07-19,181.189,181.621,179.814,180.607,181.209,181.693,179.833,180.63,0.023,190451.31
2023-07-20,180.608,180.706,179.696,180.017,180.628,180.733,179.753,180.035,0.018,180008.19
2023-07-21,180.014,182.519,179.903,182.256,180.033,182.541,179.928,182.324,0.068,179488.7
2023-07-24,182.175,182.336,180.743,181.338,182.195,182.36,180.781,181.359,0.021,177234.33
2023-07-25,181.336,182.003,181.147,181.676,181.357,182.217,181.163,181.699,0.023,168727.52
2023-07-26,181.672,181.937,180.904,181.45,181.695,181.956,180.923,181.471,0.021,193890.97
2023-07-27,181.45,181.919,177.405,177.654,181.469,181.943,177.43,177.679,0.025,259430.52
2023-07-28,177.652,181.488,176.303,181.297,177.676,181.505,176.335,181.426,0.129,282725.78
2023-07-31,180.915,183.183,180.868,182.619,180.938,183.203,180.888,182.642,0.023,193702.34
2023-08-01,182.618,183.246,182.292,182.909,182.642,183.358,182.599,182.932,0.023,188039.91
2023-08-02,182.907,183.123,181.746,182.328,182.932,183.147,181.767,182.347,0.019,189796.86
2023-08-03,182.323,182.758,180.416,181.325,182.346,182.778,180.478,181.345,0.02,239475.31
2023-08-04,181.317,181.737,180.643,180.694,181.336,181.76,180.678,180.791,0.097,189009.78
2023-08-07,180.859,182.205,180.573,182.172,180.879,182.251,180.596,182.195,0.023,133502.97
2023-08-08,182.172,182.952,181.373,182.56,182.195,182.971,181.398,182.581,0.021,173978.2
2023-08-09,182.557,183.016,182.362,182.798,182.574,183.034,182.381,182.82,0.022,142090.34
2023-08-10,182.8,184.237,182.702,183.521,182.821,184.258,182.714,183.543,0.022,186871.8
2023-08-11,183.522,184.237,183.441,183.996,183.541,184.255,183.461,184.106,0.11,138953.56
2023-08-14,183.875,184.777,183.458,184.49,183.897,185.017,183.476,184.508,0.018,155137.8
2023-08-15,184.484,185.32,184.335,184.938,184.504,185.341,184.356,184.961,0.023,191476.2
2023-08-16,184.938,186.323,184.69,186.242,184.961,186.523,184.713,186.269,0.027,167863.41
2023-08-17,186.242,186.465,185.557,185.735,186.268,186.484,185.581,185.759,0.024,172995.16
2023-08-18,185.735,185.883,184.549,185.108,185.759,185.9,184.571,185.166,0.058,157763.66
2023-08-21,185.153,186.654,184.88,186.599,185.18,186.684,184.898,186.621,0.022,137771.78
2023-08-22,186.602,186.761,185.487,185.583,186.624,186.782,185.535,185.609,0.026,135085.23
2023-08-23,185.585,185.937,183.363,183.999,185.606,185.957,183.387,184.022,0.023,181818.83
2023-08-24,184.0,184.763,183.563,183.88,184.02,184.779,183.618,183.9,0.02,149063.33
2023-08-25,183.883,184.403,183.349,184.173,183.904,184.419,183.371,184.232,0.059,155985.02
2023-08-28,184.479,184.724,184.173,184.697,184.507,184.779,184.193,184.716,0.019,103594.36
2023-08-29,184.696,185.259,184.062,184.455,184.713,185.277,184.085,184.471,0.016,162296.34
2023-08-30,184.451,186.054,184.39,185.686,184.47,186.159,184.41,185.709,0.023,175462.61
2023-08-31,185.683,185.807,184.074,184.339,185.705,185.83,184.095,184.362,0.023,173448.34
2023-09-01,184.339,184.555,183.532,184.021,184.363,184.573,183.55,184.184,0.163,165147.28
2023-09-04,183.909,185.078,183.87,184.962,183.93,185.099,183.89,184.987,0.025,71649.74
2023-09-05,184.959,185.78,184.064,185.344,184.986,185.848,184.082,185.367,0.023,155288.95
2023-09-06,185.343,185.601,184.242,184.61,185.365,185.618,184.266,184.634,0.024,154324.77
2023-09-07,184.611,184.766,183.367,183.795,184.631,184.786,183.386,183.817,0.022,147755.58
2023-09-08,183.793,184.459,183.056,184.23,183.816,184.48,183.08,184.304,0.074,155643.39
2023-09-11,183.735,183.902,182.672,183.444,183.755,183.924,182.696,183.47,0.026,189894.53
2023-09-12,183.444,183.919,182.936,183.812,183.47,183.972,182.957,183.836,0.024,137969.66
2023-09-13,183.81,184.383,183.184,184.004,183.832,184.401,183.205,184.027,0.023,166755.34
2023-09-14,184.002,184.067,182.508,182.859,184.026,184.082,182.53,182.879,0.02,169090.34
2023-09-15,182.856,183.906,182.766,183.021,182.877,183.927,182.789,183.123,0.102,135886.61
2023-09-18,183.305,183.339,182.673,182.786,183.32,183.356,182.733,182.809,0.023,100880.84
2023-09-19,182.781,183.487,182.712,183.113,182.803,183.502,182.729,183.136,0.023,114086.96
2023-09-20,183.113,183.342,182.436,182.828,183.136,183.361,182.477,182.851,0.023,165675.02
2023-09-21,182.826,182.94,180.724,181.496,182.849,182.961,180.891,181.516,0.02,169906.88
2023-09-22,181.496,182.301,181.199,181.579,181.516,182.32,181.222,181.645,0.066,162620.73
2023-09-25,181.691,181.951,181.401,181.746,181.711,181.967,181.417,181.766,0.02,120662.21
2023-09-26,181.745,181.806,180.964,181.034,181.763,181.827,180.984,181.055,0.021,133976.3
2023-09-27,181.042,181.672,180.878,181.407,181.063,181.764,180.896,181.429,0.022,155954.23
2023-09-28,181.41,182.419,181.054,182.244,181.43,182.438,181.067,182.263,0.019,159546.45
2023-09-29,182.244,183.016,181.88,182.162,182.263,183.033,181.9,182.281,0.119,179475.98
2023-10-02,182.31,182.813,180.952,181.179,182.332,182.834,181.103,181.2,0.021,141284.44
2023-10-03,181.176,181.37,178.028,180.165,181.196,181.388,178.085,180.187,0.022,187347.3
2023-10-04,180.166,181.25,179.557,180.811,180.189,181.272,179.575,180.831,0.02,182957.02
2023-10-05,180.815,181.066,180.276,180.938,180.834,181.217,180.304,180.959,0.021,172824.55
2023-10-06,180.942,182.972,180.838,182.652,180.962,182.992,180.856,182.724,0.072,185679.73
2023-10-09,182.244,182.31,181.249,181.692,182.264,182.329,181.267,181.713,0.021,125273.2
2023-10-10,181.695,182.781,181.536,182.647,181.716,182.802,181.557,182.669,0.022,179398.16
2023-10-11,182.647,183.742,182.479,183.531,182.665,183.76,182.499,183.553,0.022,175662.06
2023-10-12,183.532,183.811,182.276,182.471,183.551,183.83,182.344,182.493,0.022,156876.66
2023-10-13,182.475,182.938,181.267,181.523,182.496,182.958,181.283,181.653,0.13,150907.61
2023-10-16,181.783,182.733,181.52,182.657,181.801,182.825,181.54,182.676,0.019,133889.55
2023-10-17,182.657,182.799,180.984,182.377,182.677,182.817,181.075,182.398,0.021,157016.62
2023-10-18,182.374,182.807,181.786,181.832,182.394,182.823,181.824,181.853,0.021,156542.55
2023-10-19,181.832,182.512,181.166,181.788,181.853,182.541,181.185,181.811,0.023,168726.59
2023-10-20,181.788,182.366,181.282,182.21,181.809,182.383,181.309,182.339,0.129,137858.27
2023-10-23,182.308,183.467,182.079,183.455,182.326,183.486,182.099,183.476,0.021,122515.07
2023-10-24,183.454,183.752,182.048,182.25,183.472,183.768,182.062,182.274,0.024,139254.05
2023-10-25,182.25,182.444,181.584,181.64,182.274,182.466,181.604,181.661,0.021,127004.3
2023-10-26,181.644,182.577,181.107,182.478,181.664,182.595,181.173,182.501,0.023,158907.56
2023-10-27,182.477,182.496,181.037,181.342,182.498,182.519,181.058,181.521,0.179,134697.83
2023-10-30,181.363,181.873,180.76,181.352,181.385,181.894,180.779,181.373,0.021,127921.93
2023-10-31,181.352,184.353,181.322,183.852,181.373,184.462,181.341,183.88,0.028,183454.77
2023-11-01,183.851,183.993,182.935,183.415,183.874,184.017,182.957,183.437,0.022,188188.55
2023-11-02,183.412,183.719,182.723,183.437,183.432,183.858,182.755,183.455,0.018,159701.95
2023-11-03,183.439,185.015,183.219,184.912,183.456,185.029,183.243,184.978,0.066,150886.81
2023-11-06,184.898,185.957,184.863,185.132,184.917,185.974,184.88,185.151,0.019,118262.06
2023-11-07,185.125,185.455,184.638,184.845,185.144,185.477,184.662,184.87,0.025,123413.18
2023-11-08,184.846,185.666,184.541,185.32,184.87,185.684,184.56,185.343,0.023,133243.52
2023-11-09,185.317,185.89,184.811,184.878,185.34,185.907,184.856,184.902,0.024,155839.59
2023-11-10,184.878,185.336,184.63,185.221,184.902,185.353,184.65,185.325,0.104,114830.66
2023-11-13,185.225,186.307,185.205,186.215,185.247,186.376,185.231,186.237,0.022,104965.27
2023-11-14,186.211,188.282,186.084,187.993,186.235,188.301,186.102,188.022,0.029,154045.66
2023-11-15,187.992,188.231,187.171,187.82,188.019,188.304,187.221,187.841,0.021,158948.56
2023-11-16,187.82,187.909,186.823,187.081,187.841,187.93,186.839,187.102,0.021,145910.56
2023-11-17,187.081,187.137,185.309,186.416,187.1,187.157,185.329,186.497,0.081,160044.09
2023-11-20,186.74,186.781,184.624,185.593,186.762,186.806,184.643,185.617,0.024,166248.73
2023-11-21,185.595,186.09,184.454,185.821,185.614,186.159,184.475,185.849,0.028,175228.52
2023-11-22,185.819,187.015,185.739,186.656,185.845,187.037,185.761,186.684,0.028,192401.41
2023-11-23,186.654,187.585,186.276,187.534,186.675,187.829,186.294,187.558,0.024,87610.91
2023-11-24,187.529,188.656,187.096,188.192,187.555,188.676,187.118,188.483,0.291,108312.77
2023-11-27,188.456,188.521,187.403,187.51,188.474,188.542,187.431,187.535,0.025,148985.89
2023-11-28,187.511,187.868,186.816,186.952,187.534,187.889,186.845,186.971,0.019,184741.94
2023-11-29,186.95,187.528,186.429,186.684,186.971,187.549,186.455,186.706,0.022,207454.53
2023-11-30,186.683,187.557,186.223,186.934,186.703,187.579,186.243,186.955,0.021,220263.08
2023-12-01,186.931,187.514,186.187,186.568,186.949,187.532,186.204,186.624,0.056,198377.86
2023-12-04,186.031,186.331,185.065,186.085,186.056,186.35,185.084,186.111,0.026,208623.42
2023-12-05,186.085,186.184,185.056,185.357,186.108,186.207,185.077,185.381,0.024,196982.41
2023-12-06,185.358,185.805,184.77,184.82,185.38,185.822,184.803,184.84,0.02,162934.64
2023-12-07,184.818,184.821,178.527,181.553,184.837,184.84,178.617,181.576,0.023,268520.31
2023-12-08,181.55,182.034,179.538,181.881,181.574,182.056,179.573,181.929,0.048,329798.56
2023-12-11,182.013,184.32,181.923,183.336,182.035,184.341,181.942,183.359,0.023,179087.47
2023-12-12,183.336,183.439,182.264,182.616,183.359,183.463,182.286,182.638,0.022,186547.41
2023-12-13,182.614,183.14,179.267,180.21,182.635,183.193,179.379,180.235,0.025,235331.48
2023-12-14,180.204,181.726,178.329,181.697,180.225,181.753,178.366,181.723,0.026,336322.94
2023-12-15,181.694,181.723,179.814,180.181,181.718,181.75,179.834,180.271,0.09,233726.19
2023-12-18,180.342,181.174,180.171,180.537,180.36,181.192,180.194,180.56,0.023,168621.39
2023-12-19,180.526,184.17,180.034,183.206,180.547,184.192,180.059,183.225,0.019,222671.69
2023-12-20,183.206,183.331,180.985,181.383,183.228,183.355,181.215,181.413,0.03,251157.39
2023-12-21,181.383,181.401,179.774,180.122,181.408,181.43,179.797,180.151,0.029,236381.94
2023-12-22,180.12,181.323,179.933,180.793,180.147,181.355,179.964,180.859,0.066,239285.3
2023-12-25,180.586,180.828,180.185,180.694,181.021,181.152,180.337,180.717,0.023,6180.76
2023-12-26,180.697,181.326,180.501,181.324,180.723,181.431,180.525,181.347,0.023,75504.67
2023-12-27,181.322,182.183,180.962,181.038,181.346,182.202,180.99,181.068,0.03,127420.86
2023-12-28,181.039,181.378,178.99,180.108,181.065,181.444,179.017,180.136,0.028,158059.12
2023-12-29,180.109,180.525,179.3,179.489,180.135,180.549,179.324,179.618,0.129,146419.02
2024-01-01,179.168,179.622,179.143,179.6,179.435,179.648,179.297,179.625,0.025,4496.25
2024-01-02,179.601,180.646,178.731,179.451,179.626,180.664,178.751,179.478,0.027,170733.17
2024-01-03,179.45,181.747,179.166,181.213,179.477,181.767,179.193,181.238,0.025,201149.48
2024-01-04,181.211,183.774,181.005,183.583,181.236,183.797,181.027,183.607,0.024,188831.02
2024-01-05,183.583,184.298,183.389,183.95,183.605,184.357,183.413,184.001,0.051,227405.81
2024-01-08,184.038,184.136,183.015,183.756,184.062,184.158,183.03,183.777,0.021,160660.06
2024-01-09,183.754,183.825,182.748,183.577,183.777,183.847,182.767,183.6,0.023,175234.16
2024-01-10,183.573,185.821,183.566,185.715,183.598,185.843,183.587,185.741,0.026,157543.84
2024-01-11,185.713,186.159,185.081,185.41,185.74,186.178,185.109,185.435,0.025,242144.12
2024-01-12,185.41,185.653,184.468,184.761,185.434,185.675,184.488,184.812,0.051,197991.7
2024-01-15,184.849,185.749,184.693,185.378,184.871,185.766,184.72,185.401,0.023,111051.34
2024-01-16,185.377,186.178,184.946,186.08,185.397,186.201,185.009,186.108,0.028,215175.34
2024-01-17,186.08,188.118,185.865,187.786,186.107,188.136,185.889,187.809,0.023,220732.98
2024-01-18,187.786,188.29,187.308,188.279,187.81,188.381,187.332,188.3,0.021,192187.48
2024-01-19,188.276,188.928,187.404,188.182,188.301,188.948,187.426,188.246,0.064,169316.48
2024-01-22,188.103,188.384,187.753,188.23,188.122,188.48,187.776,188.254,0.024,151305.23
2024-01-23,188.23,188.907,187.329,188.137,188.253,188.945,187.37,188.16,0.023,197141.75
2024-01-24,188.134,188.468,187.115,187.694,188.157,188.491,187.133,187.72,0.026,193030.17
2024-01-25,187.69,188.186,187.148,187.691,187.714,188.207,187.168,187.713,0.022,185955.48
2024-01-26,187.693,188.556,187.329,188.162,187.713,188.577,187.347,188.287,0.125,153617.77
2024-01-29,188.126,188.285,187.106,187.478,188.151,188.312,187.127,187.501,0.023,133805.45
2024-01-30,187.476,187.508,186.508,187.032,187.498,187.557,186.527,187.054,0.022,150202.83
2024-01-31,187.034,187.593,185.949,186.394,187.055,187.659,185.978,186.416,0.022,262393.81
2024-02-01,186.391,186.728,185.221,186.669,186.414,186.761,185.24,186.697,0.028,228270.7
2024-02-02,186.674,187.729,186.428,187.434,186.697,187.749,186.452,187.492,0.058,185456.84
2024-02-05,187.437,187.592,186.165,186.324,187.46,187.618,186.187,186.348,0.024,168536.23
2024-02-06,186.324,186.775,186.168,186.296,186.349,186.798,186.196,186.32,0.024,182868.36
2024-02-07,186.296,187.259,186.252,186.975,186.32,187.276,186.278,186.998,0.023,171301.31
2024-02-08,186.979,188.479,186.863,188.368,187.001,188.5,186.886,188.393,0.025,173685.8
2024-02-09,188.372,188.859,188.22,188.485,188.396,188.879,188.252,188.583,0.098,146238.53
2024-02-12,188.508,188.715,187.846,188.643,188.534,188.827,187.869,188.663,0.02,123456.68
2024-02-13,188.643,190.068,188.434,189.758,188.664,190.087,188.454,189.78,0.022,181268.72
2024-02-14,189.756,189.823,188.746,189.206,189.78,189.845,188.77,189.228,0.022,170287.52
2024-02-15,189.207,189.207,187.943,188.919,189.225,189.225,188.045,188.936,0.017,168796.66
2024-02-16,188.916,189.509,188.852,189.23,188.937,189.53,188.877,189.351,0.121,159747.77
2024-02-19,189.34,189.383,188.9,189.149,189.362,189.402,188.919,189.173,0.024,90778.53
2024-02-20,189.147,189.72,189.064,189.325,189.171,189.738,189.09,189.349,0.024,157806.09
2024-02-21,189.327,190.043,189.149,189.997,189.348,190.062,189.165,190.023,0.026,145282.38
2024-02-22,189.994,190.832,189.848,190.515,190.02,190.87,189.862,190.543,0.028,164373.91
2024-02-23,190.516,191.137,190.393,190.64,190.54,191.157,190.417,190.766,0.126,120174.78
2024-02-26,190.683,191.311,190.328,190.976,190.696,191.353,190.351,190.999,0.023,114318.85
2024-02-27,190.974,190.984,190.36,190.846,190.997,191.078,190.381,190.869,0.023,119071.6
2024-02-28,190.847,190.928,190.258,190.748,190.869,190.947,190.279,190.769,0.021,128731.48
2024-02-29,190.744,190.749,189.043,189.484,190.761,190.769,189.055,189.496,0.012,175892.55
2024-03-01,189.485,190.391,189.471,189.941,189.497,190.409,189.489,189.994,0.053,142319.31
2024-03-04,190.06,191.188,189.773,190.908,190.073,191.221,189.794,190.933,0.025,101271.72
2024-03-05,190.919,191.032,190.306,190.621,190.944,191.047,190.321,190.644,0.023,129363.24
2024-03-06,190.631,190.686,189.852,190.093,190.641,190.698,189.866,190.112,0.019,124136.95
2024-03-07,190.092,190.092,188.226,189.458,190.112,190.112,188.243,189.473,0.015,163689.73
2024-03-08,189.457,189.713,188.38,189.05,189.471,189.727,188.398,189.131,0.081,169804.34
2024-03-11,188.712,188.988,187.953,188.081,188.729,189.001,187.97,188.1,0.019,134545.25
2024-03-12,188.084,189.194,187.972,188.873,188.101,189.213,187.992,188.895,0.022,168796.06
2024-03-13,188.874,189.541,188.407,188.927,188.892,189.558,188.426,188.945,0.018,144556.64
2024-03-14,188.923,189.514,188.581,189.014,188.944,189.531,188.612,189.029,0.015,164306.23
2024-03-15,189.014,190.024,188.583,189.788,189.03,190.036,188.601,189.854,0.066,138079.64
2024-03-18,189.633,190.149,189.529,189.81,189.651,190.172,189.549,189.837,0.027,106849.41
2024-03-19,189.81,192.163,189.581,192.062,189.832,192.18,189.692,192.083,0.021,170495.27
2024-03-20,192.056,193.526,192.034,192.909,192.075,193.553,192.055,192.934,0.025,166343.03
2024-03-21,192.909,193.501,191.8,191.967,192.932,193.519,191.835,191.987,0.02,188205.0
2024-03-22,191.964,192.232,190.379,190.762,191.984,192.252,190.4,190.84,0.078,144525.77
2024-03-25,190.607,191.562,190.43,191.281,190.627,191.574,190.456,191.302,0.021,105906.92
2024-03-26,191.277,191.67,191.095,191.206,191.298,191.688,191.112,191.227,0.021,98174.11
2024-03-27,191.207,191.524,190.499,190.821,191.228,191.545,190.519,190.843,0.022,134766.66
2024-03-28,190.82,191.312,190.561,191.11,190.84,191.427,190.575,191.146,0.036,129661.85
2024-03-29,191.11,191.198,190.741,190.835,191.144,191.333,190.789,191.233,0.398,75008.83
2024-04-01,191.327,191.338,190.169,190.189,191.348,191.356,190.181,190.207,0.018,76395.67
2024-04-02,190.184,190.713,190.032,190.575,190.209,190.728,190.055,190.598,0.023,164825.95
2024-04-03,190.572,191.928,190.414,191.767,190.594,191.969,190.437,191.785,0.018,141537.95
2024-04-04,191.763,192.239,191.008,191.217,191.782,192.26,191.029,191.238,0.021,129097.01
2024-04-05,191.216,191.628,190.668,191.574,191.236,191.678,190.692,191.678,0.104,165250.89
2024-04-08,191.47,192.216,191.365,192.176,191.484,192.369,191.386,192.197,0.021,131348.2
2024-04-09,192.182,192.848,192.082,192.403,192.201,192.864,192.102,192.425,0.022,126043.4
2024-04-10,192.403,192.938,191.466,191.741,192.423,193.095,191.483,191.761,0.02,198569.23
2024-04-11,191.743,192.575,191.557,192.323,191.766,192.594,191.576,192.34,0.017,163464.77
2024-04-12,192.325,192.397,189.988,190.812,192.341,192.412,190.0,190.86,0.048,162567.38
2024-04-15,191.007,192.713,190.885,191.932,191.026,192.726,190.904,191.955,0.023,177985.56
2024-04-16,191.939,192.809,191.639,192.296,191.956,192.825,191.657,192.309,0.013,190150.69
2024-04-17,192.291,192.837,191.671,192.188,192.312,192.853,191.695,192.211,0.023,162282.81
2024-04-18,192.189,192.779,191.891,192.251,192.211,192.792,191.918,192.271,0.02,142384.77
2024-04-19,192.251,192.722,190.296,191.239,192.271,192.737,190.316,191.319,0.08,196641.09
2024-04-22,191.36,191.695,190.31,191.181,191.383,191.713,190.33,191.204,0.023,112514.82
2024-04-23,191.181,192.844,190.825,192.719,191.201,192.918,190.839,192.738,0.019,133303.98
2024-04-24,192.719,193.631,192.41,193.449,192.74,193.666,192.423,193.463,0.014,125101.23
2024-04-25,193.449,194.942,193.449,194.634,193.466,194.954,193.465,194.651,0.017,164603.94
2024-04-26,194.636,197.925,193.949,197.751,194.652,197.95,193.982,197.874,0.123,200196.2
2024-04-29,197.9,200.52,193.593,196.338,197.914,200.632,193.63,196.364,0.026,295782.12
2024-04-30,196.339,197.37,196.094,197.002,196.356,197.387,196.117,197.026,0.024,200415.73
2024-05-01,197.001,197.419,191.739,195.22,197.024,197.436,191.813,195.246,0.026,195570.92
2024-05-02,195.219,195.744,191.708,192.017,195.246,195.769,191.733,192.04,0.023,310765.09
2024-05-03,192.014,192.554,191.35,191.927,192.039,192.707,191.378,192.009,0.082,246099.66
2024-05-06,192.691,193.762,192.438,193.708,192.713,193.786,192.457,193.732,0.024,128233.93
2024-05-07,193.711,194.126,192.985,193.482,193.732,194.147,193.004,193.507,0.025,148278.55
2024-05-08,193.484,194.504,193.353,194.106,193.501,194.524,193.37,194.127,0.021,135646.72
2024-05-09,194.102,194.858,193.83,194.624,194.123,194.91,193.852,194.639,0.015,171311.67
2024-05-10,194.625,195.335,194.593,195.054,194.641,195.353,194.614,195.175,0.121,133147.09
2024-05-13,195.122,196.276,194.718,196.213,195.144,196.45,194.76,196.236,0.023,133777.11
2024-05-14,196.214,197.054,195.718,196.961,196.236,197.084,195.733,196.987,0.026,152944.88
2024-05-15,196.96,197.088,195.661,195.781,196.981,197.103,195.69,195.802,0.021,194832.12
2024-05-16,195.778,196.95,195.038,196.903,195.799,197.107,195.061,196.926,0.023,180465.92
2024-05-17,196.905,197.852,196.786,197.646,196.928,197.873,196.809,197.776,0.13,124851.39
2024-05-20,197.905,198.776,197.382,198.776,197.927,198.798,197.402,198.794,0.018,114937.45
2024-05-21,198.774,198.902,198.221,198.613,198.795,198.923,198.28,198.632,0.019,146310.78
2024-05-22,198.614,199.536,198.523,199.365,198.633,199.553,198.547,199.384,0.019,125526.49
2024-05-23,199.363,199.888,198.979,199.235,199.382,199.909,199.032,199.258,0.023,166406.98
2024-05-24,199.235,200.061,199.02,199.891,199.258,200.076,199.073,200.021,0.13,122424.59
2024-05-27,199.746,200.422,199.605,200.307,199.766,200.464,199.625,200.327,0.02,74590.55
2024-05-28,200.307,200.674,200.149,200.642,200.328,200.732,200.164,200.66,0.018,129565.55
2024-05-29,200.639,200.734,200.039,200.142,200.661,200.756,200.059,200.166,0.024,143370.17
2024-05-30,200.141,200.142,198.749,199.828,200.166,200.166,198.763,199.844,0.016,186516.34
2024-05-31,199.823,200.51,199.23,200.406,199.84,200.53,199.249,200.457,0.051,185601.19
2024-06-03,200.312,200.642,199.217,199.94,200.329,200.659,199.235,199.963,0.023,196078.38
2024-06-04,199.939,200.414,197.196,198.114,199.963,200.43,197.217,198.135,0.021,228980.55
2024-06-05,198.112,199.743,198.09,199.467,198.135,199.76,198.112,199.481,0.014,198226.8
2024-06-06,199.463,199.933,198.824,199.145,199.481,199.951,198.844,199.165,0.02,188333.08
2024-06-07,199.144,199.806,198.39,199.351,199.165,199.824,198.406,199.425,0.074,205384.41
2024-06-10,199.601,200.042,198.933,199.848,199.622,200.06,198.949,199.863,0.015,135485.56
2024-06-11,199.844,200.391,199.675,200.148,199.867,200.416,199.693,200.174,0.026,150283.73
2024-06-12,200.148,200.93,199.923,200.641,200.174,201.036,199.953,200.657,0.016,195137.62
2024-06-13,200.641,201.314,199.684,200.382,200.655,201.327,199.706,200.407,0.025,170131.92
2024-06-14,200.377,201.609,198.915,199.599,200.399,201.628,198.932,199.754,0.155,246154.55
2024-06-17,199.827,200.499,199.054,200.483,199.846,200.517,199.074,200.504,0.021,152288.73
2024-06-18,200.483,200.841,199.937,200.591,200.503,200.857,200.033,200.609,0.018,159835.84
2024-06-19,200.601,201.116,200.401,200.919,200.619,201.262,200.432,200.935,0.016,88059.42
2024-06-20,200.911,201.382,200.756,201.204,200.935,201.416,200.849,201.223,0.019,136926.7
2024-06-21,201.2,202.04,200.437,201.961,201.225,202.139,200.522,202.104,0.143,155826.91
2024-06-24,202.074,202.699,201.088,202.524,202.096,202.713,201.173,202.544,0.02,150266.84
2024-06-25,202.524,202.719,201.954,202.557,202.542,202.778,201.978,202.581,0.024,130804.3
2024-06-26,202.557,203.143,202.409,202.724,202.58,203.175,202.439,202.742,0.018,156596.36
2024-06-27,202.726,203.379,202.493,203.19,202.744,203.464,202.514,203.213,0.023,147547.69
2024-06-28,203.187,203.585,202.559,203.366,203.205,203.609,202.58,203.484,0.118,188558.33
2024-07-01,203.537,204.732,203.368,204.23,203.561,204.824,203.391,204.246,0.016,167758.62
2024-07-02,204.231,204.946,203.872,204.886,204.248,204.963,203.892,204.901,0.015,147090.73
2024-07-03,204.887,206.161,204.846,205.975,204.902,206.247,204.863,206.0,0.025,138601.69
2024-07-04,205.97,206.004,205.286,205.801,205.993,206.029,205.302,205.831,0.03,78058.73
2024-07-05,205.805,206.437,204.975,205.991,205.829,206.459,204.998,206.116,0.125,139880.2
2024-07-08,205.711,206.659,205.286,206.139,205.727,206.678,205.303,206.16,0.021,114383.86
2024-07-09,206.139,206.581,205.855,206.305,206.159,206.597,205.877,206.321,0.016,112590.74
2024-07-10,206.307,207.813,206.286,207.706,206.321,207.838,206.302,207.722,0.016,86619.12
2024-07-11,207.703,208.106,203.805,204.537,207.715,208.231,203.858,204.618,0.081,198965.91
2024-07-12,204.522,206.333,204.135,204.974,204.598,206.353,204.179,205.076,0.102,241600.89
2024-07-15,205.248,205.301,204.124,205.098,205.266,205.324,204.176,205.125,0.027,133021.41
2024-07-16,205.097,205.78,205.011,205.504,205.123,205.801,205.038,205.527,0.023,135413.47
2024-07-17,205.504,205.684,202.089,202.497,205.528,205.707,202.124,202.52,0.023,208877.09
2024-07-18,202.488,203.861,202.226,203.524,202.508,204.072,202.245,203.54,0.016,191677.2
2024-07-19,203.523,204.221,202.944,203.368,203.544,204.239,202.964,203.489,0.121,151176.92
2024-07-22,203.584,203.603,201.881,202.885,203.607,203.624,201.905,202.908,0.023,152717.11
2024-07-23,202.882,202.918,200.659,200.938,202.905,202.937,200.759,200.965,0.027,165302.06
2024-07-24,200.952,201.174,197.764,198.513,200.972,201.199,197.782,198.539,0.026,224926.56
2024-07-25,198.511,198.797,195.854,197.575,198.539,198.819,195.88,197.603,0.028,316359.66
2024-07-26,197.575,199.135,196.856,197.782,197.603,199.157,196.929,197.938,0.156,212198.06
2024-07-29,198.332,198.602,196.777,197.818,198.353,198.628,196.8,197.84,0.022,213182.19
2024-07-30,197.814,199.459,195.631,195.968,197.84,199.489,195.68,195.996,0.028,223600.81
2024-07-31,195.963,197.58,192.154,192.509,195.993,197.641,192.19,192.535,0.026,427171.38
2024-08-01,192.513,193.251,189.566,189.9,192.535,193.271,189.598,189.928,0.028,381251.0
2024-08-02,189.89,190.499,187.37,187.578,189.914,190.532,187.393,187.668,0.09,384099.12
2024-08-05,186.164,186.529,180.081,186.431,186.189,186.564,180.12,186.474,0.043,515871.06
2024-08-06,186.433,187.089,182.8,183.581,186.475,187.133,182.824,183.606,0.025,441669.12
2024-08-07,183.581,188.068,183.383,185.515,183.607,188.106,183.411,185.541,0.026,384068.28
2024-08-08,185.523,188.412,184.465,188.24,185.547,188.448,184.497,188.268,0.028,397599.91
2024-08-09,188.237,188.295,186.47,187.071,188.267,188.325,186.485,187.162,0.091,283636.66
2024-08-12,187.49,189.324,187.142,187.753,187.524,189.345,187.17,187.774,0.021,198994.66
2024-08-13,187.756,189.508,187.648,189.043,187.775,189.529,187.676,189.067,0.024,228011.66
2024-08-14,189.042,189.427,187.857,188.864,189.068,189.485,187.884,188.883,0.019,235003.12
2024-08-15,188.868,192.007,188.746,191.884,188.882,192.179,188.767,191.907,0.023,187266.16
2024-08-16,191.886,192.005,190.361,191.022,191.907,192.023,190.389,191.11,0.088,180060.94
2024-08-19,191.551,191.621,188.227,190.559,191.571,191.641,188.256,190.578,0.019,225434.08
2024-08-20,190.556,191.263,188.924,189.403,190.582,191.286,188.956,189.43,0.027,233618.41
2024-08-21,189.405,191.453,188.954,189.969,189.431,191.511,188.989,189.994,0.025,244942.27
2024-08-22,189.967,191.918,189.682,191.451,189.992,192.003,189.706,191.475,0.024,211782.66
2024-08-23,191.454,192.027,190.266,190.761,191.479,192.049,190.282,190.821,0.06,220386.0
2024-08-26,190.17,190.783,189.493,190.621,190.198,190.836,189.52,190.643,0.022,204823.62
2024-08-27,190.62,191.916,190.514,190.823,190.64,191.933,190.54,190.841,0.018,178889.55
2024-08-28,190.824,191.445,190.234,190.547,190.842,191.458,190.275,190.568,0.021,189927.72
2024-08-29,190.546,191.536,190.304,190.741,190.569,191.56,190.333,190.766,0.025,203627.33
2024-08-30,190.748,192.016,190.49,191.854,190.77,192.029,190.502,191.921,0.067,160319.89
2024-09-02,192.216,193.471,191.327,192.826,192.237,193.5,191.344,192.845,0.019,107506.07
2024-09-03,192.827,193.355,190.257,190.607,192.847,193.372,190.28,190.631,0.024,213096.84
2024-09-04,190.603,190.843,188.223,188.392,190.629,190.865,188.246,188.418,0.026,238554.06
2024-09-05,188.392,189.781,188.062,188.924,188.408,189.798,188.082,188.94,0.016,236526.38
2024-09-06,188.924,189.455,186.501,186.813,188.934,189.778,186.525,186.891,0.078,290904.66
2024-09-09,187.1,188.119,186.545,187.142,187.128,188.138,186.564,187.162,0.02,219601.95
2024-09-10,187.141,188.093,185.719,186.031,187.158,188.111,185.737,186.054,0.023,202070.78
2024-09-11,186.031,186.196,183.712,185.966,186.056,186.224,183.732,185.991,0.025,291516.88
2024-09-12,185.966,186.726,185.223,185.835,185.992,186.747,185.299,185.849,0.014,279904.84
2024-09-13,185.834,185.934,184.359,184.835,185.852,185.956,184.376,184.902,0.067,237041.59
2024-09-16,185.0,186.506,183.755,185.984,185.021,186.533,183.779,186.011,0.027,208069.39
2024-09-17,185.984,187.442,185.281,186.975,186.011,187.626,185.303,186.996,0.021,236325.44
2024-09-18,186.973,188.481,185.822,188.399,186.993,188.502,185.836,188.43,0.031,291792.0
2024-09-19,188.402,190.387,188.162,189.733,188.432,190.406,188.189,189.753,0.02,318718.59
2024-09-20,189.731,191.987,188.675,191.631,189.753,192.003,188.717,191.704,0.073,289995.38
2024-09-23,191.805,192.432,190.126,191.728,191.822,192.453,190.147,191.748,0.02,241364.27
2024-09-24,191.726,193.316,191.331,191.927,191.748,193.339,191.353,191.95,0.023,236740.88
2024-09-25,191.927,193.261,191.875,192.665,191.95,193.28,191.898,192.688,0.023,246776.3
2024-09-26,192.655,194.583,192.501,194.56,192.671,194.608,192.524,194.581,0.021,260980.86
2024-09-27,194.554,195.962,189.996,190.104,194.576,195.99,190.017,190.178,0.074,342685.19
2024-09-30,191.091,192.31,189.55,192.246,191.115,192.329,189.577,192.271,0.025,282562.44
2024-10-01,192.243,193.353,189.843,190.776,192.267,193.374,189.866,190.8,0.024,320667.5
2024-10-02,190.774,194.879,190.406,194.391,190.8,194.917,190.431,194.415,0.024,268185.12
2024-10-03,194.389,195.169,192.123,192.778,194.414,195.189,192.141,192.799,0.021,281004.97
2024-10-04,192.774,195.522,191.724,195.143,192.79,195.538,191.749,195.182,0.039,276185.31
2024-10-07,195.251,195.251,193.09,193.805,195.279,195.279,193.158,193.844,0.039,262073.94
2024-10-08,193.814,194.366,192.881,193.95,193.848,194.387,192.899,193.979,0.029,242170.39
2024-10-09,193.954,195.244,193.582,194.89,193.98,195.263,193.603,194.92,0.03,187488.66
2024-10-10,194.875,195.494,193.566,194.225,194.912,195.515,193.585,194.248,0.023,261012.27
2024-10-11,194.226,195.226,193.854,194.843,194.257,195.251,193.88,194.897,0.054,148249.59
2024-10-14,194.813,195.72,194.623,195.633,194.835,195.88,194.645,195.649,0.016,129632.96
2024-10-15,195.633,195.661,194.638,194.771,195.651,195.679,194.663,194.793,0.022,205868.0
2024-10-16,194.773,195.274,193.7,194.288,194.795,195.343,193.717,194.312,0.024,188490.94
2024-10-17,194.291,195.596,193.827,195.359,194.313,195.614,193.843,195.373,0.014,212508.75
2024-10-18,195.359,196.043,194.749,195.119,195.374,196.062,194.771,195.16,0.041,184871.94
2024-10-21,195.266,195.883,194.562,195.537,195.281,196.061,194.581,195.559,0.022,217565.56
2024-10-22,195.537,196.515,195.098,196.206,195.56,196.538,195.113,196.228,0.022,194589.48
2024-10-23,196.204,198.43,196.166,197.301,196.226,198.448,196.196,197.329,0.028,254668.7
2024-10-24,197.299,197.625,196.423,196.889,197.329,197.664,196.445,196.911,0.022,257138.64
2024-10-25,196.892,197.78,196.382,197.425,196.914,197.795,196.406,197.446,0.021,239231.05
2024-10-28,198.184,199.348,197.796,198.682,198.207,199.375,197.812,198.71,0.028,222152.81
2024-10-29,198.691,199.705,198.033,199.408,198.711,199.792,198.05,199.429,0.021,254417.19
2024-10-30,199.409,199.8,198.197,198.558,199.43,199.821,198.217,198.587,0.029,279901.06
2024-10-31,198.556,198.899,195.366,196.002,198.58,198.92,195.387,196.032,0.03,337284.0
2024-11-01,196.002,198.368,195.868,197.603,196.032,198.394,195.894,197.636,0.033,264724.06
2024-11-04,197.245,197.724,196.491,197.254,197.268,197.744,196.505,197.276,0.022,248408.27
2024-11-05,197.252,197.865,196.996,197.502,197.276,197.902,197.019,197.544,0.042,228474.77
2024-11-06,197.502,199.517,197.329,198.781,197.545,199.538,197.358,198.808,0.027,607117.56
2024-11-07,198.777,199.551,198.294,198.858,198.807,199.578,198.34,198.885,0.027,349579.94
2024-11-08,198.858,198.915,196.731,197.174,198.885,198.943,196.757,197.212,0.038,279943.59
2024-11-11,197.487,198.455,197.427,197.63,197.505,198.479,197.454,197.655,0.025,203344.27
2024-11-12,197.629,198.051,196.845,196.972,197.655,198.075,196.885,196.999,0.027,299300.25
2024-11-13,196.976,197.803,196.648,197.482,197.002,197.854,196.671,197.514,0.032,310273.66
2024-11-14,197.482,198.241,197.069,198.201,197.515,198.258,197.086,198.235,0.034,345760.53
2024-11-15,198.201,198.442,194.29,194.764,198.235,198.465,194.307,194.83,0.066,406150.97
2024-11-18,195.136,196.142,194.352,196.02,195.169,196.232,194.38,196.046,0.026,321982.25
2024-11-19,196.026,196.407,193.557,196.395,196.046,196.432,193.583,196.423,0.028,346859.06
2024-11-20,196.397,197.78,196.114,196.499,196.423,197.797,196.136,196.526,0.027,272499.88
2024-11-21,196.499,196.542,193.968,193.994,196.526,196.572,193.995,194.022,0.028,348979.94
2024-11-22,193.994,194.802,192.844,193.948,194.022,194.823,192.862,193.984,0.036,361529.78
2024-11-25,194.116,194.619,193.252,193.464,194.144,194.64,193.283,193.505,0.041,351029.94
2024-11-26,193.465,193.721,192.03,192.283,193.506,193.741,192.051,192.305,0.022,389003.59
2024-11-27,192.282,192.4,190.684,191.847,192.305,192.423,190.705,191.876,0.029,356782.66
2024-11-28,191.847,192.468,191.593,191.928,191.877,192.485,191.616,191.958,0.03,209456.02
2024-11-29,191.927,191.953,190.145,190.424,191.959,191.99,190.164,190.904,0.48,363831.44
2024-12-02,190.346,191.285,188.469,189.255,190.376,191.304,188.488,189.28,0.025,316986.47
2024-12-03,189.253,190.372,188.077,189.612,189.278,190.393,188.097,189.637,0.025,254438.42
2024-12-04,189.614,191.524,189.349,191.201,189.639,191.549,189.375,191.221,0.02,289308.72
2024-12-05,191.198,192.21,190.335,191.549,191.22,192.228,190.36,191.574,0.025,248561.78
2024-12-06,191.549,192.366,190.714,191.164,191.575,192.433,190.737,191.248,0.084,228977.86
2024-12-09,191.082,193.405,190.591,192.99,191.1,193.426,190.617,193.018,0.028,198850.66
2024-12-10,192.99,194.105,192.446,194.038,193.019,194.194,192.472,194.059,0.021,220997.94
2024-12-11,194.035,194.786,192.514,194.351,194.058,194.853,192.541,194.378,0.027,258070.12
2024-12-12,194.191,194.986,192.921,193.431,194.22,195.011,192.945,193.455,0.024,249429.27
2024-12-13,193.442,194.455,192.849,193.931,193.458,194.473,192.869,194.005,0.074,220936.09
2024-12-16,193.751,195.88,193.641,195.537,193.777,195.902,193.675,195.558,0.021,196636.2
2024-12-17,195.534,195.889,194.65,195.183,195.562,195.916,194.668,195.206,0.023,212605.81
2024-12-18,195.185,195.767,194.053,194.365,195.206,195.809,194.08,194.391,0.026,249395.11
2024-12-19,194.364,198.948,194.316,197.006,194.391,198.965,194.341,197.035,0.029,363029.75
2024-12-20,197.007,197.288,195.742,196.518,197.035,197.323,195.765,196.63,0.112,303693.72
2024-12-23,196.771,197.066,196.439,196.885,196.804,197.145,196.457,196.922,0.037,194315.09
2024-12-24,196.885,197.622,196.472,196.635,196.922,197.642,196.626,197.106,0.471,152803.41
2024-12-25,196.579,197.367,196.504,197.067,197.128,197.88,196.917,197.112,0.045,9413.04
2024-12-26,197.067,198.0,197.01,197.63,197.112,198.028,197.04,197.656,0.026,136346.62
2024-12-27,197.632,198.708,197.202,198.448,197.658,198.732,197.232,198.588,0.14,223190.3
2024-12-30,198.582,198.947,196.315,197.0,198.618,198.979,196.34,197.024,0.024,236377.98
2024-12-31,196.999,197.186,195.734,196.659,197.025,197.207,195.758,196.748,0.089,229740.61
2025-01-01,196.575,197.516,196.575,197.422,197.061,197.553,196.763,197.457,0.035,12736.75
2025-01-02,197.425,197.47,194.188,194.795,197.46,197.503,194.206,194.82,0.025,271340.16
2025-01-03,194.799,195.529,194.637,195.4,194.825,195.555,194.656,195.485,0.085,186696.98
2025-01-06,195.684,197.441,195.674,197.321,195.716,197.51,195.705,197.344,0.023,252264.52
2025-01-07,197.325,198.249,196.869,197.397,197.347,198.27,196.887,197.423,0.026,263990.34
2025-01-08,197.391,197.541,195.111,195.488,197.417,197.561,195.139,195.514,0.026,256583.73
2025-01-09,195.493,195.604,193.474,194.361,195.519,195.626,193.495,194.387,0.026,218668.3
2025-01-10,194.361,194.764,192.197,192.503,194.385,194.79,192.217,192.617,0.114,318056.0
2025-01-13,192.692,192.749,190.067,192.404,192.72,192.852,190.091,192.439,0.035,293614.31
2025-01-14,192.401,192.986,191.474,192.977,192.438,193.229,191.507,193.011,0.034,302115.16
2025-01-15,192.981,192.985,191.083,191.24,193.01,193.019,191.109,191.27,0.03,277980.12
2025-01-16,191.241,191.537,189.685,190.071,191.27,191.561,189.792,190.1,0.029,304157.81
2025-01-17,190.071,190.6,189.325,190.14,190.099,190.621,189.347,190.276,0.136,246128.34
2025-01-20,190.295,192.006,189.877,191.467,190.325,192.126,189.903,191.505,0.038,281239.78
2025-01-21,191.467,192.28,190.469,192.148,191.507,192.313,190.497,192.181,0.033,350313.06
2025-01-22,192.149,193.008,191.691,192.614,192.186,193.024,191.714,192.641,0.027,236471.73
2025-01-23,192.627,192.996,192.262,192.883,192.643,193.088,192.305,192.91,0.027,263717.97
2025-01-24,192.882,194.745,192.063,194.668,192.91,194.836,192.092,194.776,0.108,304846.19
2025-01-27,193.99,194.64,192.15,192.879,194.02,194.664,192.169,192.912,0.033,359984.69
2025-01-28,192.879,194.019,192.765,193.519,192.909,194.041,192.785,193.546,0.027,264802.19
2025-01-29,193.522,193.754,192.479,193.26,193.546,193.775,192.497,193.305,0.045,286641.69
2025-01-30,193.259,193.281,191.315,191.398,193.305,193.322,191.405,191.429,0.031,268928.28
2025-01-31,191.4,193.026,191.181,192.26,191.429,193.048,191.21,192.404,0.144,302930.06
2025-02-03,190.926,193.155,190.017,193.037,190.968,193.188,190.039,193.07,0.033,469797.91
2025-02-04,193.037,193.165,191.759,192.276,193.07,193.185,191.794,192.306,0.03,294394.38
2025-02-05,192.281,192.559,190.285,190.827,192.311,192.589,190.303,190.853,0.026,289811.38
2025-02-06,190.825,190.895,187.941,187.962,190.846,190.925,187.966,187.989,0.027,270147.66
2025-02-07,187.962,189.575,187.042,187.717,187.988,189.595,187.066,187.819,0.102,309685.12
2025-02-10,188.156,189.139,187.528,187.599,188.184,189.155,187.556,187.624,0.025,224137.86
2025-02-11,187.59,190.209,187.243,190.209,187.617,190.236,187.265,190.236,0.027,194642.84
2025-02-12,190.209,192.673,190.139,192.018,190.234,192.696,190.167,192.048,0.03,266466.66
2025-02-13,192.017,193.049,191.167,192.21,192.045,193.073,191.187,192.238,0.028,284239.12
2025-02-14,192.211,192.495,191.471,191.618,192.237,192.52,191.494,191.744,0.126,205977.11
2025-02-17,191.274,191.395,190.624,191.119,191.311,191.466,190.649,191.144,0.025,155724.94
2025-02-18,191.118,192.156,190.922,191.783,191.143,192.245,190.94,191.808,0.025,192564.3
2025-02-19,191.78,192.106,190.091,190.273,191.808,192.134,190.12,190.299,0.026,213113.8
2025-02-20,190.273,190.318,188.676,189.371,190.3,190.345,188.701,189.398,0.027,252267.91
2025-02-21,189.371,190.933,188.139,188.532,189.397,190.955,188.16,188.652,0.12,241296.09
2025-02-24,188.956,189.577,188.219,189.136,188.981,189.605,188.236,189.161,0.025,252138.77
2025-02-25,189.137,189.737,188.152,188.87,189.161,189.756,188.175,188.893,0.023,260019.3
2025-02-26,188.871,189.853,188.386,188.773,188.896,189.871,188.414,188.801,0.028,256070.44
2025-02-27,188.779,190.101,188.462,189.053,188.803,190.119,188.494,189.078,0.025,320764.47
2025-02-28,189.054,190.31,187.673,189.404,189.078,190.33,187.698,189.5,0.096,315656.59
2025-03-03,190.043,191.972,188.811,189.635,190.069,191.992,188.827,189.662,0.027,324840.34
2025-03-04,189.642,191.891,188.24,191.708,189.674,191.925,188.259,191.739,0.031,410586.84
2025-03-05,191.697,192.321,190.869,191.901,191.725,192.341,190.89,191.922,0.021,402124.91
2025-03-06,191.9,192.546,189.872,190.855,191.92,192.566,189.9,190.882,0.027,396146.66
2025-03-07,190.85,191.423,189.652,191.26,190.88,191.442,189.673,191.349,0.089,355235.88
2025-03-10,190.852,190.946,188.994,189.361,190.88,190.973,189.014,189.383,0.022,341349.56
2025-03-11,189.36,191.689,188.786,191.63,189.383,191.708,188.808,191.647,0.017,386456.69
2025-03-12,191.633,193.1,191.246,192.245,191.648,193.123,191.258,192.262,0.017,266670.69
2025-03-13,192.253,192.337,190.733,191.675,192.27,192.358,190.749,191.698,0.023,255067.45
2025-03-14,191.677,192.744,191.449,192.212,191.698,192.769,191.474,192.308,0.096,213299.09
2025-03-17,192.094,194.018,191.975,193.965,192.121,194.058,191.996,193.989,0.024,200911.12
2025-03-18,193.963,194.898,193.801,194.267,193.987,194.916,193.822,194.294,0.027,200326.59
2025-03-19,194.267,194.703,193.025,193.137,194.294,194.721,193.166,193.166,0.029,232786.05
2025-03-20,193.142,193.221,192.053,192.685,193.17,193.232,192.069,192.705,0.02,201290.55
2025-03-21,192.688,193.583,192.008,192.829,192.706,193.607,192.031,192.923,0.094,209534.31
2025-03-24,193.441,194.914,193.255,194.843,193.461,194.945,193.273,194.872,0.029,196025.58
2025-03-25,194.843,194.994,193.621,194.093,194.87,195.018,193.641,194.117,0.024,175002.31
2025-03-26,194.097,194.784,193.463,193.759,194.117,194.802,193.483,193.783,0.024,212776.61
2025-03-27,193.755,195.969,193.544,195.365,193.776,195.99,193.567,195.389,0.024,217944.12
2025-03-28,195.362,195.711,193.724,193.871,195.389,195.733,193.744,193.969,0.098,211807.09
2025-03-31,193.56,193.995,192.728,193.709,193.583,194.011,192.748,193.732,0.023,289396.06
2025-04-01,193.711,193.904,192.205,193.496,193.736,193.927,192.221,193.515,0.019,269842.69
2025-04-02,193.493,195.766,192.286,192.903,193.513,195.795,192.332,192.935,0.032,303627.59
2025-04-03,192.9,193.661,190.669,191.427,192.934,193.682,190.706,191.457,0.03,536339.5
2025-04-04,191.427,191.753,187.525,189.526,191.457,191.774,187.546,189.668,0.142,610873.5
2025-04-07,187.739,190.075,187.116,188.175,187.773,190.129,187.141,188.199,0.024,705182.56
2025-04-08,188.173,188.94,186.121,186.481,188.197,188.964,186.153,186.514,0.033,543456.44
2025-04-09,186.481,189.822,184.365,189.034,186.511,189.844,184.388,189.061,0.027,677132.69
2025-04-10,189.032,189.417,186.346,186.745,189.059,189.437,186.37,186.782,0.037,574411.75
2025-04-11,186.748,188.191,186.011,187.729,186.784,188.22,186.041,187.856,0.127,587231.38
2025-04-14,188.001,189.197,186.571,188.639,188.027,189.219,186.599,188.67,0.031,435959.69
2025-04-15,188.642,189.567,188.54,189.317,188.672,189.709,188.565,189.345,0.028,322839.5
2025-04-16,189.31,189.637,187.456,187.757,189.337,189.7,187.482,187.786,0.029,321456.22
2025-04-17,187.755,189.364,187.662,188.822,187.785,189.381,187.694,188.962,0.14,315225.12
2025-04-18,188.815,189.144,188.688,188.854,188.961,189.188,188.768,189.15,0.296,769718.44
2025-04-21,188.512,188.835,187.991,188.478,188.542,188.856,188.013,188.501,0.023,254791.41
2025-04-22,188.478,189.947,187.459,189.387,188.502,190.044,187.479,189.417,0.03,316588.69
2025-04-23,189.387,190.308,188.22,189.94,189.42,190.325,188.294,189.962,0.022,360654.34
2025-04-24,189.938,190.504,189.294,190.378,189.96,190.543,189.311,190.402,0.024,229580.38
2025-04-25,190.381,191.717,190.049,191.202,190.403,191.735,190.068,191.295,0.093,219983.12
2025-04-28,191.169,191.544,190.653,191.013,191.193,191.571,190.683,191.037,0.024,214319.42
2025-04-29,191.014,191.34,190.392,190.789,191.037,191.361,190.406,190.815,0.026,205982.52
2025-04-30,190.786,191.255,189.979,190.511,190.812,191.274,190.0,190.535,0.024,231267.89
2025-05-01,190.505,193.455,190.33,193.176,190.53,193.468,190.358,193.199,0.023,250622.06
2025-05-02,193.177,193.744,191.468,192.315,193.199,193.77,191.493,192.397,0.082,300248.09
2025-05-05,191.941,192.044,190.808,190.983,191.963,192.065,190.87,191.011,0.028,213112.7
2025-05-06,190.981,191.346,190.23,191.045,191.01,191.366,190.336,191.069,0.024,227971.97
2025-05-07,191.049,191.661,190.656,191.194,191.069,191.68,190.677,191.213,0.019,227280.84
2025-05-08,191.192,193.496,190.985,193.221,191.21,193.626,191.006,193.245,0.024,259068.47
2025-05-09,193.219,193.466,192.346,193.333,193.243,193.482,192.363,193.463,0.13,153240.53
2025-05-12,193.739,195.792,193.623,195.362,193.763,195.814,193.647,195.385,0.023,273236.75
2025-05-13,195.357,196.381,194.774,196.254,195.381,196.509,194.796,196.276,0.022,209952.84
2025-05-14,196.255,196.402,194.232,194.484,196.279,196.424,194.247,194.508,0.024,284088.5
2025-05-15,194.491,194.597,193.426,193.653,194.512,194.62,193.452,193.677,0.024,194495.17
2025-05-16,193.65,193.798,193.028,193.401,193.675,193.819,193.053,193.529,0.128,165144.45
2025-05-19,193.23,194.067,192.761,193.663,193.259,194.086,192.786,193.691,0.028,209601.5
2025-05-20,193.665,194.207,192.911,193.337,193.691,194.228,192.935,193.36,0.023,195168.45
2025-05-21,193.339,193.572,192.565,192.84,193.361,193.612,192.588,192.86,0.02,243906.95
2025-05-22,192.84,193.584,191.888,193.026,192.853,193.6,191.907,193.05,0.024,248844.3
2025-05-23,193.026,193.554,192.061,192.951,193.05,193.573,192.088,193.056,0.105,236336.7
2025-05-26,193.345,194.034,193.254,193.474,193.37,194.055,193.275,193.496,0.022,122807.32
2025-05-27,193.475,195.621,193.055,194.776,193.494,195.637,193.071,194.807,0.031,187146.61
2025-05-28,194.774,195.914,194.374,195.669,194.801,195.949,194.397,195.694,0.025,210925.27
2025-05-29,195.672,196.311,194.046,194.052,195.699,196.335,194.067,194.069,0.017,226792.39
2025-05-30,194.053,194.657,193.383,193.757,194.069,194.678,193.412,193.887,0.13,230914.27
2025-06-02,193.654,193.895,192.981,193.082,193.686,193.912,193.003,193.103,0.021,187799.66
2025-06-03,193.082,194.777,192.726,194.587,193.106,194.94,192.74,194.613,0.026,157002.12
2025-06-04,194.589,195.231,193.257,193.398,194.611,195.246,193.281,193.421,0.023,177223.98
2025-06-05,193.399,195.501,193.322,194.924,193.421,195.51,193.345,194.947,0.023,200374.8
2025-06-06,194.926,196.185,194.805,195.892,194.947,196.199,194.821,196.012,0.12,177925.73
2025-06-09,195.861,196.142,195.438,195.943,195.885,196.22,195.455,195.958,0.015,127291.26
2025-06-10,195.945,196.439,194.771,195.634,195.958,196.458,194.788,195.661,0.027,158065.28
2025-06-11,195.633,196.242,195.287,195.613,195.656,196.261,195.304,195.638,0.025,172662.58
2025-06-12,195.612,195.773,194.711,195.009,195.635,195.792,194.724,195.032,0.023,196729.62
2025-06-13,195.008,195.972,193.753,195.573,195.028,195.986,193.78,195.678,0.105,250688.52
2025-06-16,195.866,196.684,195.397,196.304,195.896,196.7,195.418,196.328,0.024,170555.42
2025-06-17,196.304,196.844,194.776,195.233,196.329,196.863,194.924,195.258,0.025,192878.14
2025-06-18,195.23,195.341,194.328,194.433,195.256,195.365,194.348,194.46,0.027,202729.8
2025-06-19,194.439,196.022,194.008,195.716,194.461,196.084,194.039,195.734,0.018,149829.56
2025-06-20,195.711,196.702,195.677,196.424,195.734,196.72,195.697,196.554,0.13,142547.06
2025-06-23,196.425,198.196,196.299,197.648,196.45,198.218,196.333,197.671,0.023,235343.98
2025-06-24,197.645,197.648,196.938,197.318,197.671,197.695,196.958,197.346,0.028,194627.81
2025-06-25,197.318,198.574,197.039,198.375,197.346,198.604,197.057,198.406,0.031,146420.2
2025-06-26,198.375,198.616,197.706,198.562,198.402,198.641,197.718,198.577,0.015,192885.34
2025-06-27,198.552,198.801,198.002,198.416,198.571,198.818,198.024,198.544,0.128,174955.28
2025-06-30,198.232,198.455,197.207,197.451,198.249,198.473,197.224,197.472,0.021,164906.92
2025-07-01,197.453,197.753,196.274,197.07,197.473,197.764,196.293,197.094,0.024,181434.53
2025-07-02,197.068,197.545,195.357,195.886,197.094,197.566,195.368,195.905,0.019,177014.97
2025-07-03,195.885,198.102,195.747,197.747,195.903,198.116,195.77,197.77,0.023,160283.91
2025-07-04,197.747,197.86,196.897,197.004,197.772,197.886,196.914,197.429,0.425,204337.3
2025-07-07,197.238,199.001,196.777,198.737,197.256,199.045,196.799,198.758,0.021,156939.38
2025-07-08,198.735,199.532,198.669,199.509,198.758,199.559,198.683,199.528,0.019,174957.34
2025-07-09,199.509,199.823,198.545,198.666,199.531,199.844,198.558,198.687,0.021,151631.2
2025-07-10,198.663,199.251,198.294,198.64,198.687,199.262,198.39,198.662,0.022,153769.3
2025-07-11,198.639,199.441,198.229,198.812,198.654,199.458,198.247,198.92,0.108,168199.34
2025-07-14,198.776,198.813,198.097,198.438,198.791,198.833,198.114,198.457,0.019,152636.92
2025-07-15,198.434,199.521,198.201,199.256,198.453,199.57,198.22,199.271,0.015,157257.8
2025-07-16,199.262,199.733,197.934,198.459,199.274,199.781,197.977,198.474,0.015,219034.66
2025-07-17,198.461,199.546,198.451,199.375,198.476,199.587,198.466,199.39,0.015,155366.84
2025-07-18,199.373,199.97,199.244,199.49,199.388,199.986,199.26,199.611,0.121,117597.29
2025-07-21,199.146,199.236,198.402,198.826,199.161,199.253,198.529,198.845,0.019,121820.62
2025-07-22,198.827,199.289,197.427,198.436,198.845,199.302,197.441,198.451,0.015,137264.48
2025-07-23,198.431,199.083,197.744,198.716,198.458,199.179,197.761,198.736,0.02,179358.12
2025-07-24,198.713,198.854,198.128,198.58,198.733,198.896,198.142,198.599,0.019,177894.67
2025-07-25,198.58,199.077,198.125,198.357,198.598,199.096,198.137,198.487,0.13,159555.52
2025-07-28,198.583,199.209,198.175,198.328,198.601,199.226,198.328,198.343,0.015,162185.41
2025-07-29,198.331,198.458,197.726,198.191,198.346,198.507,197.742,198.211,0.02,165114.06
2025-07-30,198.193,198.421,197.441,197.807,198.211,198.436,197.456,197.822,0.015,207020.22
2025-07-31,197.805,199.514,196.96,199.182,197.82,199.528,196.975,199.204,0.022,202465.31
2025-08-01,199.176,199.3,195.329,195.686,199.198,199.314,195.344,195.816,0.13,258312.91
2025-08-04,195.835,196.528,195.023,195.195,195.85,196.541,195.034,195.217,0.022,174237.19
2025-08-05,195.195,196.457,195.027,196.18,195.218,196.566,195.049,196.198,0.018,156465.47
2025-08-06,196.178,197.074,196.092,196.616,196.198,197.113,196.108,196.635,0.019,140721.38
2025-08-07,196.606,198.017,196.234,197.461,196.621,198.032,196.251,197.481,0.02,178924.88
2025-08-08,197.456,198.826,197.373,198.641,197.471,198.838,197.394,198.769,0.128,137343.83
2025-08-11,198.49,199.11,198.176,199.016,198.511,199.225,198.192,199.029,0.013,106444.61
2025-08-12,199.017,200.081,198.989,199.554,199.032,200.092,199.007,199.569,0.015,169522.03
2025-08-13,199.552,200.276,199.423,199.861,199.569,200.297,199.44,199.876,0.015,126029.86
2025-08-14,199.862,200.158,198.589,199.802,199.877,200.348,198.608,199.826,0.024,170228.7
2025-08-15,199.805,199.85,198.908,199.436,199.827,199.866,198.924,199.564,0.128,111184.81
2025-08-18,199.581,200.267,199.362,199.803,199.6,200.279,199.385,199.821,0.018,108777.43
2025-08-19,199.804,199.861,198.805,199.221,199.821,199.874,198.829,199.234,0.013,118837.75
2025-08-20,199.223,199.446,197.855,198.329,199.234,199.458,197.871,198.352,0.023,129085.44
2025-08-21,198.329,199.223,198.12,199.075,198.351,199.238,198.139,199.095,0.02,130360.18
2025-08-22,199.073,199.524,198.317,198.664,199.093,199.545,198.328,198.793,0.129,154498.44
2025-08-25,198.922,199.289,198.453,198.873,198.947,199.308,198.7,198.888,0.015,127992.25
2025-08-26,198.866,199.054,198.27,198.744,198.888,199.068,198.285,198.759,0.015,177294.81
2025-08-27,198.757,199.185,198.641,198.956,198.772,199.198,198.661,198.971,0.015,138004.09
2025-08-28,198.957,199.132,198.166,198.339,198.972,199.156,198.338,198.354,0.015,151124.34
2025-08-29,198.339,198.66,197.942,198.496,198.352,198.674,197.958,198.624,0.128,150040.02
2025-09-01,198.664,199.558,198.613,199.254,198.675,199.671,198.628,199.267,0.013,107741.34
2025-09-02,199.256,200.265,198.315,198.825,199.269,200.281,198.328,198.838,0.013,203283.31
2025-09-03,198.821,199.723,198.481,198.885,198.834,199.735,198.494,198.903,0.018,167419.36
2025-09-04,198.881,199.819,198.765,199.53,198.893,199.834,198.783,199.545,0.015,148391.62
2025-09-05,199.529,199.787,198.667,199.051,199.544,199.804,198.68,199.172,0.121,186396.23
2025-09-08,200.11,200.343,199.36,199.727,200.129,200.362,199.37,199.742,0.015,156314.05
2025-09-09,199.733,199.87,198.786,199.277,199.746,199.888,198.8,199.299,0.022,161394.45
2025-09-10,199.276,199.803,199.212,199.41,199.291,199.832,199.257,199.423,0.013,150191.17
2025-09-11,199.411,200.058,199.328,199.848,199.426,200.131,199.341,199.863,0.015,173154.28
2025-09-12,199.841,200.479,199.655,200.149,199.856,200.496,199.686,200.23,0.081,133158.62
2025-09-15,200.134,200.746,199.921,200.478,200.149,200.755,199.936,200.493,0.015,101773.08
2025-09-16,200.477,200.717,199.614,199.886,200.495,200.732,199.78,199.902,0.016,158192.67
2025-09-17,199.884,200.353,199.473,200.185,199.9,200.492,199.489,200.206,0.021,178939.14
2025-09-18,200.186,201.261,200.132,200.559,200.208,201.28,200.146,200.573,0.014,189222.84
2025-09-19,200.561,200.593,199.209,199.282,200.577,200.614,199.221,199.411,0.129,172289.47
2025-09-22,199.392,199.792,199.352,199.64,199.403,199.853,199.382,199.653,0.013,128267.06
2025-09-23,199.641,199.965,199.143,199.616,199.654,199.98,199.16,199.631,0.015,148625.05
2025-09-24,199.615,200.243,199.459,200.094,199.63,200.415,199.471,200.117,0.023,131644.52
2025-09-25,200.093,200.345,199.582,199.854,200.113,200.356,199.633,199.874,0.02,162989.94
2025-09-26,199.851,200.513,199.694,200.316,199.87,200.527,199.705,200.325,0.009,139246.53
2025-09-29,200.323,200.328,199.34,199.663,200.338,200.347,199.349,199.679,0.016,129546.82
2025-09-30,199.667,199.768,198.553,198.98,199.681,199.786,198.589,198.994,0.014,168945.22
2025-10-01,198.976,199.216,197.914,198.274,198.992,199.232,197.932,198.29,0.016,195165.61
2025-10-02,198.271,198.612,197.486,197.866,198.287,198.623,197.496,197.882,0.016,150295.75
2025-10-03,197.865,198.862,197.862,198.739,197.881,198.879,197.878,198.841,0.102,127605.3
2025-10-06,200.911,202.817,200.773,202.748,200.932,202.868,200.789,202.761,0.013,187822.48
2025-10-07,202.751,204.148,202.107,204.058,202.766,204.175,202.127,204.078,0.02,146406.2
2025-10-08,204.061,205.32,203.906,204.628,204.081,205.337,203.914,204.641,0.013,164851.81
2025-10-09,204.631,204.874,203.307,203.566,204.646,204.893,203.319,203.581,0.015,186461.45
2025-10-10,203.563,203.709,201.803,201.83,203.578,203.721,201.869,201.951,0.121,222732.73
2025-10-13,202.785,203.256,202.62,203.253,202.805,203.351,202.635,203.269,0.016,150022.72
2025-10-14,203.249,203.515,201.327,202.091,203.263,203.526,201.343,202.105,0.014,203791.45
2025-10-15,202.092,202.715,201.587,202.367,202.108,202.829,201.605,202.383,0.016,164348.62
2025-10-16,202.371,203.429,201.708,201.852,202.384,203.447,201.722,201.868,0.016,206165.77
2025-10-17,201.854,202.243,200.675,202.172,201.87,202.318,200.692,202.281,0.109,216559.88
2025-10-20,202.605,203.108,201.828,202.156,202.621,203.124,201.839,202.174,0.018,141447.94
2025-10-21,202.159,203.526,201.81,202.982,202.177,203.537,201.83,202.998,0.016,184521.88
2025-10-22,202.983,203.262,201.92,202.906,202.999,203.306,201.931,202.922,0.016,174163.47
2025-10-23,202.909,203.79,202.872,203.372,202.925,203.81,202.888,203.388,0.016,133617.36
2025-10-24,203.375,203.987,203.081,203.449,203.391,203.998,203.093,203.548,0.099,142560.62
2025-10-27,203.918,204.237,203.537,203.698,203.932,204.26,203.548,203.714,0.016,131132.98
2025-10-28,203.699,203.708,201.462,201.479,203.715,203.722,201.48,201.499,0.02,163993.02
2025-10-29,201.479,201.954,200.562,201.51,201.5,201.967,200.575,201.526,0.016,199243.33
2025-10-30,201.511,203.259,200.981,202.522,201.527,203.278,201.009,202.53,0.008,201050.56
2025-10-31,202.521,202.919,201.842,202.497,202.53,202.938,201.861,202.593,0.096,140653.7
2025-11-03,202.52,202.802,201.911,202.539,202.534,202.884,201.972,202.563,0.024,115439.17
2025-11-04,202.539,202.672,199.874,199.934,202.564,202.692,199.885,199.953,0.019,188678.92
2025-11-05,199.934,201.239,199.064,201.113,199.955,201.253,199.079,201.127,0.014,166842.7
2025-11-06,201.112,201.379,200.295,200.971,201.128,201.389,200.314,200.994,0.023,166069.45
2025-11-07,200.977,202.092,200.649,201.941,200.997,202.107,200.661,202.035,0.094,192288.12
2025-11-10,202.144,203.236,201.787,203.043,202.16,203.251,201.809,203.061,0.018,162770.92
2025-11-11,203.04,203.281,202.324,202.643,203.058,203.289,202.339,202.663,0.02,149301.39
2025-11-12,202.644,203.563,202.599,203.092,202.665,203.582,202.615,203.107,0.015,149455.84
2025-11-13,203.095,204.067,202.963,203.376,203.109,204.183,202.977,203.398,0.022,202782.03
2025-11-14,203.38,203.952,202.34,203.481,203.399,203.977,202.354,203.611,0.13,218819.61
2025-11-17,203.421,204.525,203.131,204.272,203.443,204.624,203.145,204.288,0.016,156229.33
2025-11-18,204.275,204.739,203.693,204.474,204.291,204.758,203.712,204.49,0.016,218263.58
2025-11-19,204.475,205.364,203.976,205.033,204.49,205.471,203.985,205.049,0.016,207629.95
2025-11-20,205.034,206.858,204.8,205.91,205.049,206.869,204.816,205.926,0.016,234226.12
2025-11-21,205.906,206.051,204.288,204.759,205.922,206.064,204.3,204.888,0.129,243594.02
2025-11-24,205.19,205.906,205.037,205.633,205.206,205.916,205.055,205.656,0.023,182596.72
2025-11-25,205.63,205.99,204.997,205.522,205.653,206.003,205.013,205.538,0.016,192275.3
2025-11-26,205.521,207.189,205.332,206.904,205.537,207.28,205.351,206.923,0.019,222124.53
2025-11-27,206.902,207.192,206.425,206.929,206.921,207.204,206.442,206.94,0.011,105915.08
2025-11-28,206.93,207.206,206.142,206.462,206.943,207.214,206.18,206.838,0.376,530756.62
2025-12-01,206.404,206.42,205.191,205.476,206.424,206.439,205.209,205.49,0.014,232446.66
2025-12-02,205.474,206.252,205.384,205.913,205.49,206.266,205.399,205.929,0.016,153854.19
2025-12-03,205.915,207.341,205.779,207.035,205.931,207.43,205.796,207.049,0.014,161588.23
2025-12-04,207.036,207.354,206.341,206.666,207.05,207.372,206.356,206.682,0.016,184055.55
2025-12-05,206.666,207.294,206.186,207.06,206.68,207.31,206.198,207.185,0.125,155743.06
2025-12-08,206.964,207.807,206.588,207.689,206.98,207.939,206.6,207.705,0.016,157003.05
2025-12-09,207.692,208.945,207.589,208.593,207.708,208.955,207.605,208.607,0.014,161487.06
2025-12-10,208.597,208.895,208.227,208.524,208.608,208.967,208.246,208.54,0.016,176201.47
2025-12-11,208.527,208.653,207.902,208.267,208.541,208.664,207.91,208.283,0.016,183933.17
2025-12-12,208.262,208.745,207.876,208.307,208.278,208.757,207.89,208.426,0.119,156463.66
2025-12-15,208.352,208.444,207.087,207.413,208.368,208.455,207.103,207.433,0.02,147001.94
2025-12-16,207.414,207.996,206.765,207.784,207.433,208.013,206.783,207.8,0.016,213796.23
2025-12-17,207.782,208.404,207.054,207.944,207.798,208.442,207.066,207.956,0.012,172183.23
2025-12-18,207.943,209.009,207.836,208.208,207.956,209.022,207.877,208.224,0.016,178980.17
2025-12-19,208.214,211.057,208.196,210.975,208.23,211.086,208.222,211.023,0.048,199737.36
2025-12-22,210.873,211.589,210.62,211.279,210.912,211.617,210.641,211.295,0.016,170737.12
2025-12-23,211.276,211.303,210.285,210.954,211.292,211.319,210.296,210.974,0.02,170787.38
2025-12-24,210.955,211.03,209.816,210.272,210.977,211.047,210.055,210.832,0.56,143123.23
2025-12-25,210.259,210.893,210.11,210.86,210.85,211.247,210.35,210.887,0.027,17920.51
2025-12-26,210.86,211.506,210.621,211.276,210.891,211.522,210.635,211.474,0.198,118810.65
2025-12-29,211.204,211.344,210.432,210.719,211.226,211.368,210.448,210.741,0.022,177423.84
2025-12-30,210.721,211.093,210.312,210.61,210.74,211.107,210.436,210.626,0.016,139472.89
2025-12-31,210.6,211.215,210.255,211.056,210.616,211.241,210.27,211.135,0.079,133663.09
2026-01-01,211.056,211.347,210.574,211.161,211.135,211.626,211.135,211.177,0.016,5992.75
2026-01-02,211.162,211.438,210.747,211.019,211.177,211.454,210.758,211.147,0.128,122068.37
2026-01-05,210.965,211.989,210.51,211.93,210.981,212.007,210.52,211.949,0.019,179927.56
2026-01-06,211.928,212.145,211.263,211.488,211.949,212.168,211.323,211.504,0.016,165547.48
2026-01-07,211.487,211.753,210.816,210.882,211.503,211.764,210.84,210.908,0.026,158490.51
2026-01-08,210.881,211.156,210.304,210.764,210.908,211.173,210.321,210.777,0.013,151608.75
2026-01-09,210.761,212.057,210.758,211.567,210.774,212.074,210.774,211.689,0.122,183437.51
2026-01-12,211.8,213.01,211.642,212.722,211.816,213.157,211.656,212.744,0.022,158816.58
2026-01-13,212.725,214.291,212.715,213.73,212.745,214.307,212.736,213.743,0.013,168301.27
2026-01-14,213.73,214.11,212.548,212.915,213.744,214.122,212.563,212.93,0.015,194865.93
2026-01-15,212.914,213.306,211.939,212.205,212.93,213.322,212.013,212.221,0.016,168680.38
2026-01-16,212.204,212.257,211.378,211.412,212.218,212.272,211.391,211.521,0.109,156074.56
2026-01-19,211.15,212.39,210.888,212.238,211.17,212.473,210.909,212.254,0.016,152965.94
2026-01-20,212.238,213.492,211.841,212.559,212.253,213.504,211.864,212.575,0.016,243500.22
2026-01-21,212.56,212.76,211.583,212.617,212.576,212.812,211.601,212.633,0.016,210470.93
2026-01-22,212.618,214.008,212.377,213.944,212.634,214.018,212.392,213.96,0.016,174976.48
2026-01-23,213.946,214.852,212.083,212.354,213.96,214.863,212.101,212.443,0.089,262646.89
2026-01-26,211.999,212.075,209.609,211.12,212.024,212.095,209.616,211.138,0.018,268797.62
2026-01-27,211.118,211.753,209.785,210.845,211.139,211.772,209.808,210.867,0.022,296420.68
2026-01-28,210.837,212.03,210.063,211.66,210.858,212.066,210.074,211.682,0.022,315081.3
2026-01-29,211.662,212.164,210.042,211.449,211.682,212.175,210.059,211.473,0.024,282974.95
2026-01-30,211.452,212.467,211.296,211.743,211.476,212.481,211.314,211.859,0.116,341417.79
2026-02-02,212.269,212.679,211.283,212.569,212.281,212.83,211.299,212.589,0.02,283696.88
2026-02-03,212.568,213.473,212.54,213.401,212.589,213.574,212.557,213.417,0.016,227759.34
2026-02-04,213.405,215.003,213.356,214.106,213.418,215.011,213.38,214.122,0.016,228023.82
2026-02-05,214.108,214.234,211.778,212.01,214.122,214.248,211.793,212.031,0.021,258695.37
2026-02-06,212.007,214.053,211.602,213.929,212.031,214.141,211.618,214.135,0.206,167721.07
2026-02-09,214.016,214.032,212.121,213.612,214.033,214.059,212.135,213.638,0.026,269304.26
2026-02-10,213.615,213.724,210.449,210.622,213.638,213.736,210.506,210.638,0.016,191194.0
2026-02-11,210.621,210.643,208.175,208.789,210.635,210.66,208.19,208.808,0.019,238341.64
2026-02-12,208.789,209.554,207.558,208.069,208.809,209.566,207.571,208.088,0.019,248489.76
2026-02-13,208.062,209.329,207.992,208.478,208.081,209.344,208.007,208.6,0.122,204221.49
2026-02-16,208.522,209.678,208.49,209.247,208.538,209.694,208.503,209.267,0.02,94313.11
2026-02-17,209.245,209.293,207.229,207.684,209.266,209.315,207.246,207.698,0.014,180802.22
2026-02-18,207.683,209.213,207.617,208.742,207.7,209.233,207.633,208.757,0.015,143917.49
2026-02-19,208.745,209.534,208.079,208.886,208.761,209.551,208.093,208.905,0.019,170688.33
2026-02-20,208.887,209.677,208.383,208.99,208.906,209.699,208.397,209.073,0.083,206845.06
2026-02-23,208.86,209.222,208.139,208.719,208.88,209.235,208.15,208.741,0.022,168988.17
2026-02-24,208.72,210.84,208.691,210.401,208.741,210.852,208.713,210.421,0.02,150664.25
2026-02-25,210.401,212.116,209.999,211.724,210.422,212.19,210.022,211.743,0.019,165656.96
2026-02-26,211.722,211.781,210.214,210.264,211.743,211.801,210.238,210.291,0.027,172667.44
2026-02-27,210.265,210.826,209.792,210.372,210.291,210.842,209.81,210.492,0.12,177065.35
2026-03-02,209.961,211.376,209.345,210.859,209.984,211.394,209.364,210.884,0.025,309612.03
2026-03-03,210.86,211.355,209.213,210.625,210.884,211.378,209.235,210.655,0.03,376367.09
2026-03-04,210.627,210.668,209.482,209.858,210.661,210.695,209.497,209.887,0.029,303218.8
2026-03-05,209.858,210.62,209.176,210.435,209.886,210.635,209.201,210.461,0.026,322580.18
2026-03-06,210.435,211.633,210.256,211.612,210.458,211.75,210.276,211.737,0.125,323813.18
2026-03-09,210.743,212.176,210.651,211.923,210.775,212.198,210.671,211.947,0.024,410829.61
2026-03-10,211.923,212.408,211.583,212.163,211.945,212.428,211.608,212.189,0.026,328077.13
2026-03-11,212.165,213.298,212.121,212.887,212.191,213.318,212.146,212.909,0.022,256088.36
2026-03-12,212.887,213.024,212.32,212.606,212.908,213.046,212.419,212.629,0.023,249321.94
2026-03-13,212.605,212.872,211.063,211.149,212.628,212.893,211.083,211.259,0.11,242644.55
2026-03-16,211.358,212.113,210.8,211.842,211.377,212.129,210.82,211.866,0.024,195573.33
2026-03-17,211.84,212.476,211.626,212.257,211.866,212.594,211.647,212.295,0.038,186437.39
2026-03-18,212.256,212.724,211.691,211.973,212.294,212.742,211.816,211.998,0.025,246202.83
2026-03-19,211.978,212.348,210.792,212.004,212.0,212.363,210.813,212.026,0.022,359094.18
2026-03-20,212.006,212.768,211.75,212.384,212.025,212.785,211.762,212.468,0.084,230318.88
2026-03-23,212.209,213.301,211.574,212.769,212.237,213.321,211.594,212.794,0.025,438202.24
2026-03-24,212.768,212.981,212.253,212.898,212.794,213.008,212.274,212.924,0.026,322045.27
2026-03-25,212.899,213.209,212.629,212.99,212.924,213.244,212.649,213.012,0.022,220733.92
2026-03-26,212.993,213.301,212.697,212.981,213.013,213.319,212.714,213.001,0.02,201637.7
2026-03-27,212.978,213.095,212.224,212.501,212.996,213.108,212.24,212.631,0.13,201735.97
2026-03-30,212.113,212.133,210.197,210.542,212.131,212.157,210.211,210.56,0.018,202800.04
2026-03-31,210.538,211.213,209.614,209.943,210.558,211.234,209.643,209.969,0.026,272523.11
2026-04-01,209.943,211.437,209.866,211.08,209.966,211.502,209.882,211.103,0.023,275455.66
2026-04-02,211.078,211.276,210.339,210.978,211.104,211.295,210.356,211.002,0.024,250805.63
2026-04-03,210.981,211.296,210.27,210.477,211.007,211.317,210.546,210.95,0.473,68949.86
2026-04-06,210.679,211.536,210.596,211.326,210.703,211.69,210.619,211.349,0.023,137878.25
2026-04-07,211.319,212.785,211.229,212.691,211.342,212.809,211.246,212.717,0.026,259514.96
2026-04-08,212.691,213.149,212.142,212.469,212.715,213.164,212.155,212.491,0.022,277299.69
2026-04-09,212.468,213.845,212.42,213.642,212.494,213.863,212.443,213.665,0.023,183109.67
2026-04-10,213.643,214.58,213.542,214.376,213.666,214.596,213.56,214.489,0.113,138289.67
2026-04-13,213.868,215.361,213.805,215.184,213.89,215.471,213.824,215.209,0.025,154873.27
2026-04-14,215.186,215.782,214.903,215.563,215.209,215.797,214.925,215.58,0.017,157802.75
2026-04-15,215.562,215.901,215.183,215.552,215.58,215.917,215.204,215.573,0.021,155763.79
2026-04-16,215.549,215.715,215.056,215.326,215.57,215.76,215.132,215.349,0.023,156781.77
2026-04-17,215.327,215.687,213.996,214.367,215.347,215.704,214.015,214.486,0.119,186215.34
2026-04-20,214.571,215.093,214.318,214.929,214.595,215.153,214.334,214.955,0.026,176746.9
2026-04-21,214.934,215.414,214.597,215.299,214.958,215.464,214.613,215.323,0.024,185690.64
2026-04-22,215.3,215.656,214.917,215.297,215.326,215.672,214.933,215.319,0.022,149477.6
2026-04-23,215.306,215.73,214.771,215.119,215.324,215.749,214.959,215.138,0.019,207349.96
2026-04-24,215.116,215.767,214.938,215.654,215.14,215.788,214.959,215.784,0.13,153209.17
2026-04-27,215.644,216.047,215.517,215.737,215.666,216.066,215.532,215.754,0.017,135636.59
2026-04-28,215.737,215.822,214.942,215.777,215.755,215.92,214.961,215.799,0.022,174412.45
2026-04-29,215.774,216.275,215.482,216.076,215.792,216.396,215.499,216.097,0.021,175506.39
2026-04-30,216.079,216.592,210.435,213.531,216.1,216.61,210.465,213.555,0.024,347209.23
2026-05-01,213.529,214.043,211.796,213.169,213.55,214.055,211.819,213.267,0.098,241361.56
2026-05-04,213.081,213.613,211.756,212.72,213.105,213.632,211.81,212.742,0.022,216203.7
2026-05-05,212.72,214.07,212.549,213.925,212.744,214.079,212.569,213.951,0.026,167371.41
2026-05-06,213.923,214.224,210.747,212.723,213.951,214.242,210.782,212.746,0.023,296726.6
2026-05-07,212.724,213.117,212.281,212.608,212.744,213.131,212.304,212.632,0.024,205211.98
2026-05-08,212.621,213.706,212.536,213.528,212.632,213.737,212.552,213.658,0.13,143102.37
2026-05-11,213.242,214.417,213.226,213.905,213.259,214.433,213.246,213.927,0.022,135555.54
2026-05-12,213.906,214.197,212.743,213.403,213.923,214.21,212.756,213.424,0.021,188766.02
2026-05-13,213.407,213.691,212.878,213.522,213.431,213.71,212.897,213.544,0.022,143852.36
2026-05-14,213.52,213.701,211.877,212.079,213.541,213.719,211.888,212.098,0.019,160875.06
2026-05-15,212.081,212.093,211.285,211.496,212.102,212.113,211.3,211.615,0.119,197890.32
2026-05-18,211.42,213.547,211.375,213.379,211.438,213.562,211.391,213.4,0.021,206268.74
2026-05-19,213.38,213.505,212.64,213.042,213.4,213.52,212.66,213.065,0.023,184895.89
2026-05-20,213.037,213.61,212.622,213.444,213.056,213.692,212.654,213.463,0.019,201399.57
2026-05-21,213.444,213.817,213.171,213.583,213.465,213.838,213.297,213.605,0.022,203772.45
2026-05-22,213.583,214.039,213.448,213.772,213.604,214.059,213.455,213.883,0.111,136651.21
2026-05-25,214.279,214.675,214.042,214.515,214.301,214.809,214.063,214.535,0.02,70833.02
2026-05-26,214.516,214.672,214.07,214.258,214.535,214.687,214.08,214.282,0.024,127038.48
2026-05-27,214.258,214.475,213.895,214.069,214.28,214.492,214.018,214.093,0.024,142550.07
2026-05-28,214.067,214.126,213.32,214.12,214.091,214.198,213.34,214.137,0.017,156538.98
2026-05-29,214.12,214.629,213.582,214.251,214.136,214.645,213.597,214.365,0.114,145300.4
2026-06-01,214.354,215.001,214.164,214.869,214.367,215.141,214.18,214.893,0.024,175369.56
2026-06-02,214.873,215.524,214.785,215.213,214.896,215.536,214.801,215.233,0.02,129769.91
2026-06-03,215.213,215.376,214.42,214.75,215.233,215.393,214.44,214.766,0.016,158333.62
2026-06-04,214.751,215.153,214.36,214.749,214.766,215.171,214.366,214.769,0.02,141034.09
2026-06-05,214.748,215.606,213.521,213.84,214.769,215.622,213.537,213.93,0.09,184920.18
2026-06-08,213.799,214.038,212.929,213.573,213.82,214.059,212.943,213.593,0.02,202514.39
2026-06-09,213.572,214.79,213.492,214.458,213.589,214.804,213.512,214.481,0.023,187815.56
2026-06-10,214.46,215.23,214.329,214.49,214.481,215.245,214.342,214.509,0.019,211533.13
2026-06-11,214.489,214.942,213.867,214.8,214.511,214.952,213.88,214.824,0.024,205763.98
2026-06-12,214.8,215.018,214.562,214.763,214.823,215.032,214.575,214.847,0.084,191144.67
2026-06-15,215.135,215.369,214.84,214.97,215.149,215.384,214.899,214.988,0.018,144220.47
2026-06-16,214.97,215.558,214.52,215.365,214.983,215.624,214.541,215.389,0.024,139492.96
2026-06-17,215.367,215.434,213.157,213.609,215.389,215.478,213.229,213.631,0.022,182331.77
2026-06-18,213.609,214.055,212.415,212.928,213.63,214.069,212.42,212.949,0.021,215002.25
2026-06-19,212.931,213.556,212.457,213.357,212.954,213.711,212.476,213.651,0.294,162469.91
2026-06-22,213.211,214.672,213.2,214.029,213.234,214.689,213.221,214.05,0.021,196488.87
2026-06-23,214.032,214.208,212.974,213.301,214.05,214.224,212.991,213.324,0.023,163310.77
2026-06-24,213.298,213.496,212.538,212.95,213.32,213.515,212.552,212.972,0.022,170506.47
2026-06-25,212.95,213.723,212.805,213.369,212.971,213.822,212.823,213.391,0.022,174274.65
2026-06-26,213.371,213.811,213.207,213.396,213.39,213.832,213.227,213.49,0.094,161602.86
2026-06-29,213.504,214.768,213.398,214.595,213.521,214.79,213.414,214.617,0.022,134994.84
2026-06-30,214.593,215.771,214.187,215.485,214.611,215.787,214.211,215.498,0.013,175233.86
2026-07-01,215.484,215.935,215.106,215.831,215.5,216.031,215.124,215.853,0.022,150081.95
2026-07-02,215.83,216.066,214.625,215.348,215.846,216.084,214.642,215.365,0.017,244067.18
2026-07-03,215.346,215.522,214.691,215.328,215.366,215.537,214.714,215.534,0.206,135416.49
2026-07-06,215.578,217.157,215.572,217.103,215.599,217.316,215.589,217.127,0.024,123907.83
2026-07-07,217.103,217.207,216.262,216.686,217.125,217.228,216.39,216.71,0.024,139542.49
2026-07-08,216.689,217.828,216.524,217.696,216.709,217.919,216.542,217.716,0.02,209155.9
2026-07-09,217.696,218.007,217.353,217.782,217.715,218.023,217.365,217.803,0.021,130418.66
2026-07-10,217.781,217.797,216.456,216.669,217.804,217.817,216.467,216.713,0.044,197634.59
2026-07-13,216.697,217.307,216.647,216.818,216.718,217.323,216.677,216.843,0.025,201753.32
2026-07-14,216.824,217.387,216.677,217.277,216.843,217.461,216.692,217.298,0.021,217444.16
2026-07-15,217.278,219.604,217.099,219.419,217.299,219.733,217.122,219.442,0.023,170511.81
2026-07-16,219.419,219.534,218.67,218.847,219.442,219.548,218.686,218.87,0.023,154719.73
2026-07-17,218.848,218.938,217.991,218.491,218.867,218.956,218.006,218.551,0.06,158144.68
2026-07-20,218.511,218.833,218.035,218.235,218.522,218.848,218.05,218.252,0.017,149954.5
2026-07-21,218.233,218.724,217.517,218.316,218.252,218.737,217.531,218.335,0.019,156158.98
2026-07-22,218.321,218.41,217.83,218.121,218.338,218.429,217.845,218.139,0.018,182248.3
