date,bid_open,bid_high,bid_low,bid_close,ask_open,ask_high,ask_low,ask_close,spread_close,volume
2014-01-01,1.65616,1.65921,1.65529,1.65756,1.65694,1.65928,1.65618,1.65793,0.00037,1780.18
2014-01-02,1.65753,1.66031,1.64111,1.64484,1.65791,1.66045,1.6412,1.64496,0.00012,107562.96
2014-01-03,1.64485,1.64737,1.6395,1.64171,1.64497,1.64745,1.63957,1.64202,0.00031,104319.73
2014-01-06,1.64108,1.64337,1.6337,1.64128,1.64126,1.64342,1.6338,1.64142,0.00014,96490.41
2014-01-07,1.64128,1.6438,1.6374,1.63992,1.64142,1.6439,1.63745,1.64002,0.0001,80974.44
2014-01-08,1.63992,1.64719,1.63763,1.64444,1.64002,1.64723,1.63774,1.64458,0.00014,88658.23
2014-01-09,1.64444,1.64972,1.6441,1.64765,1.64458,1.64978,1.64417,1.64779,0.00014,85856.03
2014-01-10,1.64769,1.6517,1.63805,1.64785,1.6478,1.65173,1.63842,1.64858,0.00073,91504.33
2014-01-13,1.6494,1.65076,1.63469,1.63886,1.64951,1.65087,1.63472,1.63896,0.0001,84309.47
2014-01-14,1.63885,1.64642,1.63673,1.64325,1.63897,1.64651,1.63681,1.64335,0.0001,85025.12
2014-01-15,1.64324,1.64375,1.63215,1.63606,1.64335,1.64385,1.63229,1.6362,0.00014,89454.83
2014-01-16,1.63613,1.63831,1.63141,1.63463,1.6362,1.63836,1.63155,1.63478,0.00015,84083.11
2014-01-17,1.63455,1.6458,1.6309,1.64206,1.63471,1.64591,1.631,1.64277,0.00071,81537.4
2014-01-20,1.64172,1.64519,1.63949,1.64257,1.64187,1.64526,1.63963,1.64267,0.0001,52639.78
2014-01-21,1.64258,1.64854,1.63993,1.64736,1.64267,1.64859,1.63998,1.6475,0.00014,78446.17
2014-01-22,1.64736,1.65872,1.64505,1.65616,1.64743,1.65876,1.64509,1.65626,0.0001,87439.84
2014-01-23,1.65615,1.66428,1.65566,1.66316,1.65626,1.66437,1.65574,1.66324,8e-05,106759.25
2014-01-24,1.66316,1.66679,1.64772,1.64772,1.66323,1.66686,1.64797,1.64846,0.00074,107024.77
2014-01-27,1.64921,1.65883,1.64788,1.65731,1.64933,1.65892,1.648,1.65743,0.00012,87188.62
2014-01-28,1.65734,1.66253,1.65357,1.65671,1.65745,1.6626,1.65364,1.65684,0.00013,82437.08
2014-01-29,1.65671,1.66065,1.65253,1.65573,1.65683,1.66071,1.65259,1.65586,0.00013,94724.86
2014-01-30,1.65573,1.6564,1.64448,1.64962,1.65585,1.65645,1.64452,1.64974,0.00012,97883.29
2014-01-31,1.6496,1.64976,1.64272,1.64352,1.64969,1.64986,1.64275,1.64444,0.00092,102335.63
2014-02-03,1.64367,1.64374,1.62902,1.63081,1.64373,1.64382,1.62907,1.63097,0.00016,102865.29
2014-02-04,1.6308,1.63444,1.62566,1.63291,1.63096,1.63448,1.62573,1.63305,0.00014,92727.4
2014-02-05,1.6329,1.63408,1.62522,1.63231,1.63299,1.63415,1.62528,1.63244,0.00013,92993.4
2014-02-06,1.63234,1.63485,1.62724,1.63201,1.63245,1.63488,1.62732,1.63213,0.00012,87128.5
2014-02-07,1.632,1.6418,1.62997,1.64077,1.63213,1.64184,1.63031,1.64138,0.00061,85946.95
2014-02-10,1.64077,1.64272,1.63827,1.64045,1.64088,1.6428,1.63831,1.64057,0.00012,65093.21
2014-02-11,1.64045,1.64872,1.63922,1.64469,1.64056,1.64878,1.63927,1.64484,0.00015,83514.51
2014-02-12,1.64465,1.66182,1.64255,1.66086,1.64479,1.66188,1.6426,1.66096,0.0001,108461.95
2014-02-13,1.66086,1.66732,1.65999,1.66553,1.66092,1.66739,1.66003,1.66565,0.00012,103174.22
2014-02-14,1.66553,1.67554,1.66441,1.67476,1.66566,1.67559,1.66452,1.67501,0.00025,83613.43
2014-02-17,1.67629,1.68223,1.66956,1.67185,1.67639,1.68234,1.6696,1.67197,0.00012,79962.73
2014-02-18,1.67183,1.67413,1.66551,1.66819,1.67196,1.67423,1.66554,1.66833,0.00014,95110.75
2014-02-19,1.66818,1.67339,1.66367,1.66761,1.66831,1.67342,1.66373,1.66774,0.00013,88051.94
2014-02-20,1.6676,1.66999,1.6625,1.66611,1.66769,1.67011,1.66258,1.66622,0.00011,85476.07
2014-02-21,1.66609,1.67249,1.66112,1.6615,1.66622,1.67253,1.66132,1.66174,0.00024,82350.06
2014-02-24,1.6631,1.66786,1.65834,1.66548,1.66324,1.66792,1.6584,1.6656,0.00012,72921.58
2014-02-25,1.66548,1.6727,1.66421,1.66749,1.6656,1.67278,1.66426,1.66761,0.00012,88005.41
2014-02-26,1.66749,1.67015,1.66216,1.66659,1.6676,1.6703,1.6622,1.6667,0.00011,83868.37
2014-02-27,1.66657,1.66987,1.66163,1.66904,1.6667,1.66995,1.66166,1.66919,0.00015,86830.26
2014-02-28,1.66903,1.6769,1.6676,1.67403,1.66919,1.67696,1.66769,1.67481,0.00078,96072.98
2014-03-03,1.67339,1.67511,1.6653,1.66647,1.67352,1.67517,1.66538,1.66654,7e-05,86185.44
2014-03-04,1.66647,1.67163,1.6641,1.66645,1.66654,1.67171,1.66411,1.66657,0.00012,76778.28
2014-03-05,1.66645,1.67416,1.66564,1.67132,1.66659,1.67424,1.66569,1.67143,0.00011,77473.27
2014-03-06,1.67131,1.67774,1.66853,1.67409,1.67143,1.67782,1.6686,1.6742,0.00011,89225.17
2014-03-07,1.67409,1.67857,1.67066,1.67135,1.6742,1.67861,1.6707,1.67185,0.0005,75900.36
2014-03-10,1.67297,1.67413,1.6622,1.66374,1.67308,1.6742,1.66225,1.66384,0.0001,67221.08
2014-03-11,1.66374,1.6653,1.65962,1.66198,1.66384,1.66539,1.6597,1.66202,4e-05,68933.89
2014-03-12,1.66192,1.66356,1.65685,1.66174,1.66202,1.66362,1.6569,1.66184,0.0001,77359.46
2014-03-13,1.66174,1.67175,1.66066,1.66213,1.66184,1.67186,1.66072,1.66222,9e-05,92809.47
2014-03-14,1.66212,1.66502,1.65872,1.66442,1.66222,1.66543,1.65876,1.66504,0.00062,79808.87
2014-03-17,1.66405,1.66657,1.66046,1.66388,1.66415,1.6666,1.66052,1.66397,9e-05,57735.51
2014-03-18,1.66388,1.66476,1.65457,1.65952,1.66397,1.66482,1.65462,1.65964,0.00012,79737.83
2014-03-19,1.65951,1.66542,1.65079,1.65319,1.65963,1.66547,1.65086,1.65332,0.00013,95489.42
2014-03-20,1.65322,1.65681,1.648,1.6507,1.65334,1.65688,1.64804,1.6508,0.0001,80122.28
2014-03-21,1.65065,1.65201,1.64754,1.64839,1.65077,1.6521,1.64757,1.6488,0.00041,60289.1
2014-03-24,1.6493,1.65359,1.64655,1.64966,1.64938,1.65363,1.64662,1.64979,0.00013,67788.43
2014-03-25,1.64967,1.65493,1.64811,1.65321,1.64979,1.65497,1.64817,1.65332,0.00011,83257.51
2014-03-26,1.65322,1.65968,1.65093,1.65775,1.65334,1.6597,1.65098,1.65783,8e-05,85587.58
2014-03-27,1.65775,1.66467,1.65551,1.66069,1.65783,1.66473,1.65558,1.66081,0.00012,97692.58
2014-03-28,1.66072,1.66511,1.65988,1.66363,1.66081,1.66516,1.65992,1.66395,0.00032,76908.4
2014-03-31,1.66461,1.66837,1.66114,1.6664,1.66474,1.66846,1.66123,1.66653,0.00013,79814.34
2014-04-01,1.6664,1.66744,1.66183,1.66296,1.66653,1.66753,1.66187,1.66306,0.0001,65403.37
2014-04-02,1.66296,1.66638,1.66204,1.66259,1.66306,1.66643,1.66206,1.66268,9e-05,58088.63
2014-04-03,1.66259,1.66605,1.65701,1.6597,1.66271,1.66614,1.65707,1.65984,0.00014,80919.09
2014-04-04,1.65972,1.66055,1.65539,1.65671,1.65984,1.66065,1.65565,1.65789,0.00118,61686.8
2014-04-07,1.65787,1.66237,1.65653,1.66078,1.65797,1.66245,1.65661,1.66088,0.0001,55042.1
2014-04-08,1.6608,1.67541,1.66064,1.67472,1.66088,1.6755,1.66072,1.67484,0.00012,79259.56
2014-04-09,1.6747,1.68013,1.67241,1.67991,1.67482,1.68023,1.67248,1.68001,0.0001,70382.23
2014-04-10,1.6799,1.682,1.67543,1.67764,1.68001,1.6821,1.67547,1.67776,0.00012,75704.14
2014-04-11,1.67765,1.6787,1.67171,1.67295,1.67776,1.67878,1.67178,1.67349,0.00054,71541.36
2014-04-14,1.67283,1.67436,1.66964,1.67261,1.67294,1.67445,1.66971,1.67274,0.00013,65608.92
2014-04-15,1.67261,1.67488,1.66583,1.67237,1.67274,1.67495,1.66611,1.67248,0.00011,75260.55
2014-04-16,1.67236,1.68177,1.67198,1.68026,1.67248,1.68184,1.67208,1.68033,7e-05,76562.44
2014-04-17,1.68022,1.68418,1.67749,1.67821,1.68029,1.68428,1.67754,1.67829,8e-05,71151.31
2014-04-18,1.67821,1.68035,1.67741,1.67905,1.67832,1.68058,1.6775,1.67994,0.00089,30910.17
2014-04-21,1.67838,1.68185,1.67837,1.67898,1.67853,1.68195,1.67849,1.67906,8e-05,31427.47
2014-04-22,1.67899,1.68392,1.67857,1.68217,1.67907,1.68393,1.67867,1.68227,0.0001,60101.84
2014-04-23,1.68217,1.68355,1.67626,1.67828,1.68228,1.68363,1.67632,1.67835,7e-05,72388.62
2014-04-24,1.67824,1.68119,1.67652,1.68076,1.67835,1.68129,1.67659,1.68087,0.00011,65999.82
2014-04-25,1.68076,1.68316,1.67897,1.67959,1.68087,1.68343,1.67906,1.68067,0.00108,56000.37
2014-04-28,1.68041,1.68576,1.67773,1.68085,1.68053,1.68585,1.67782,1.68096,0.00011,72438.15
2014-04-29,1.68084,1.68466,1.67924,1.68241,1.68096,1.68474,1.67932,1.68246,5e-05,64990.22
2014-04-30,1.6824,1.69008,1.6806,1.68743,1.68246,1.69014,1.68078,1.68757,0.00014,77709.68
2014-05-01,1.68746,1.69196,1.68714,1.6894,1.68757,1.69224,1.68721,1.6895,0.0001,53784.25
2014-05-02,1.68945,1.68949,1.68221,1.68688,1.6895,1.68963,1.68236,1.68806,0.00118,73159.11
2014-05-05,1.68782,1.6883,1.68531,1.68671,1.68796,1.68835,1.68541,1.68683,0.00012,47305.68
2014-05-06,1.68672,1.69961,1.6866,1.69749,1.68683,1.69968,1.68672,1.69761,0.00012,71202.67
2014-05-07,1.69748,1.69859,1.69509,1.69538,1.69762,1.69866,1.69515,1.69548,0.0001,65179.27
2014-05-08,1.69538,1.69743,1.69237,1.69335,1.69547,1.69753,1.69244,1.69343,8e-05,92078.41
2014-05-09,1.69335,1.69382,1.68321,1.68455,1.69348,1.69387,1.68328,1.68547,0.00092,69524.32
2014-05-12,1.68587,1.69029,1.68473,1.6872,1.68602,1.69037,1.68481,1.68728,8e-05,56847.17
2014-05-13,1.68718,1.68829,1.68187,1.68308,1.68728,1.68838,1.68193,1.68319,0.00011,82496.98
2014-05-14,1.68308,1.68741,1.67534,1.67678,1.68318,1.68749,1.6754,1.67687,9e-05,92641.2
2014-05-15,1.6768,1.68058,1.6732,1.67929,1.67687,1.68063,1.67322,1.67938,9e-05,95331.24
2014-05-16,1.67927,1.68403,1.67831,1.68072,1.67938,1.68427,1.67841,1.68165,0.00093,63927.54
2014-05-19,1.68232,1.68447,1.68052,1.68141,1.68242,1.68456,1.68059,1.6815,9e-05,77679.55
2014-05-20,1.68141,1.68639,1.68021,1.68368,1.6815,1.6865,1.68023,1.68379,0.00011,76766.88
2014-05-21,1.68371,1.69207,1.68316,1.68965,1.68383,1.69219,1.68322,1.68975,0.0001,98500.93
2014-05-22,1.68965,1.69173,1.68514,1.68665,1.68975,1.69182,1.6852,1.6867,5e-05,82056.0
2014-05-23,1.68661,1.6875,1.68128,1.68299,1.6867,1.68759,1.68133,1.68333,0.00034,72694.97
2014-05-26,1.68326,1.68528,1.68262,1.68435,1.68333,1.68535,1.68273,1.68444,9e-05,46732.22
2014-05-27,1.68435,1.6882,1.67825,1.68098,1.68444,1.68827,1.67831,1.68107,9e-05,89132.53
2014-05-28,1.68099,1.68154,1.66976,1.67128,1.68108,1.68161,1.66983,1.6714,0.00012,90602.06
2014-05-29,1.67128,1.67406,1.66928,1.67222,1.67138,1.6741,1.66936,1.67233,0.00011,83049.84
2014-05-30,1.67223,1.67773,1.67165,1.67526,1.67233,1.67779,1.67172,1.67596,0.0007,80261.95
2014-06-02,1.6755,1.67612,1.67241,1.67426,1.67556,1.67619,1.67255,1.67433,7e-05,84196.89
2014-06-03,1.67425,1.6782,1.67305,1.67395,1.67434,1.67825,1.67311,1.67403,8e-05,86771.67
2014-06-04,1.67395,1.67686,1.66986,1.67387,1.67402,1.67688,1.66994,1.67397,0.0001,92538.46
2014-06-05,1.67387,1.68248,1.67225,1.68066,1.67397,1.68255,1.6723,1.68079,0.00013,124260.81
2014-06-06,1.68066,1.68451,1.67807,1.67987,1.68076,1.68458,1.67816,1.68068,0.00081,94911.85
2014-06-09,1.68063,1.6832,1.67837,1.6802,1.68078,1.68328,1.67843,1.68035,0.00015,81336.17
2014-06-10,1.6802,1.68172,1.67425,1.67473,1.68034,1.68181,1.67436,1.67484,0.00011,97976.42
2014-06-11,1.67473,1.68108,1.67379,1.67898,1.67484,1.68113,1.67386,1.67909,0.00011,99731.45
2014-06-12,1.67898,1.69582,1.67898,1.69549,1.67911,1.69594,1.67909,1.69558,9e-05,122341.86
2014-06-13,1.69549,1.69919,1.69392,1.69626,1.69559,1.69924,1.69401,1.69727,0.00101,121480.58
2014-06-16,1.69766,1.70105,1.69592,1.69767,1.6978,1.70114,1.69598,1.69779,0.00012,95334.0
2014-06-17,1.69767,1.69891,1.69375,1.69602,1.69782,1.69899,1.69388,1.69616,0.00014,98598.99
2014-06-18,1.69602,1.70018,1.69204,1.69972,1.69617,1.70036,1.69242,1.69982,0.0001,110580.84
2014-06-19,1.69972,1.70625,1.69843,1.70382,1.69982,1.70634,1.69854,1.70394,0.00012,101499.78
2014-06-20,1.70382,1.70603,1.70029,1.70113,1.70392,1.70611,1.70035,1.70147,0.00034,79466.59
2014-06-23,1.70202,1.70493,1.70018,1.70237,1.70216,1.70499,1.70023,1.70248,0.00011,88704.88
2014-06-24,1.70237,1.70317,1.69655,1.69799,1.70248,1.70325,1.69663,1.69811,0.00012,84177.64
2014-06-25,1.69801,1.70043,1.69522,1.69812,1.69812,1.7005,1.69529,1.6982,8e-05,89769.9
2014-06-26,1.69812,1.70397,1.6971,1.7022,1.69818,1.70404,1.69718,1.70229,9e-05,90360.78
2014-06-27,1.7022,1.70509,1.70067,1.70332,1.70229,1.70519,1.70073,1.70422,0.0009,67142.96
2014-06-30,1.70351,1.71149,1.70084,1.71078,1.7036,1.71157,1.70088,1.71085,7e-05,91486.67
2014-07-01,1.71079,1.71657,1.70959,1.71462,1.71085,1.71666,1.70964,1.71473,0.00011,94133.21
2014-07-02,1.71462,1.71769,1.71401,1.71605,1.71473,1.71797,1.71408,1.71615,0.0001,91804.33
2014-07-03,1.71605,1.71637,1.70989,1.7151,1.71614,1.71643,1.71056,1.71523,0.00013,98718.02
2014-07-04,1.71512,1.71791,1.71311,1.71577,1.71523,1.718,1.71318,1.71595,0.00018,63532.0
2014-07-07,1.71529,1.71561,1.71081,1.71321,1.71539,1.71566,1.71089,1.71337,0.00016,78572.91
2014-07-08,1.71321,1.71475,1.70851,1.71368,1.71337,1.71482,1.7086,1.71381,0.00013,83055.71
2014-07-09,1.71368,1.71609,1.70942,1.71566,1.7138,1.7162,1.70946,1.71579,0.00013,98240.89
2014-07-10,1.71566,1.71675,1.71047,1.71291,1.71579,1.71685,1.71053,1.71302,0.00011,94748.03
2014-07-11,1.71291,1.71505,1.70936,1.70996,1.71302,1.71513,1.70981,1.71102,0.00106,80157.66
2014-07-14,1.71211,1.71437,1.70697,1.70871,1.71223,1.71445,1.70705,1.70882,0.00011,83352.03
2014-07-15,1.7087,1.7191,1.70592,1.71428,1.70882,1.71925,1.70598,1.71438,0.0001,108979.55
2014-07-16,1.71425,1.71508,1.71124,1.71379,1.71435,1.71513,1.71155,1.71388,9e-05,85967.78
2014-07-17,1.71381,1.71437,1.70838,1.70915,1.71388,1.71442,1.70855,1.7093,0.00015,98872.36
2014-07-18,1.70915,1.71173,1.70361,1.7084,1.7093,1.71181,1.70368,1.709,0.0006,91634.5
2014-07-21,1.70883,1.70992,1.70556,1.70679,1.70895,1.71001,1.70562,1.70692,0.00013,96689.73
2014-07-22,1.7068,1.70829,1.70413,1.7063,1.70692,1.70836,1.70418,1.70641,0.00011,103875.32
2014-07-23,1.70631,1.70952,1.7024,1.70388,1.70641,1.70958,1.70246,1.704,0.00012,108504.05
2014-07-24,1.70388,1.70533,1.69662,1.69895,1.704,1.70539,1.69667,1.69907,0.00012,109996.1
2014-07-25,1.69895,1.6998,1.6961,1.69738,1.69905,1.69984,1.69618,1.69763,0.00025,98491.77
2014-07-28,1.69808,1.70006,1.69724,1.69823,1.6982,1.70015,1.6973,1.69837,0.00014,101230.69
2014-07-29,1.69823,1.69946,1.69333,1.6946,1.69837,1.69963,1.69339,1.69475,0.00015,117410.51
2014-07-30,1.6946,1.69548,1.68893,1.69083,1.69474,1.69557,1.68899,1.69091,8e-05,127883.2
2014-07-31,1.69083,1.69263,1.68569,1.68908,1.69094,1.69273,1.68576,1.68916,8e-05,136526.3
2014-08-01,1.68908,1.68911,1.6814,1.68225,1.68916,1.68919,1.68143,1.68232,7e-05,150366.14
2014-08-04,1.68248,1.68665,1.68136,1.68658,1.68261,1.68674,1.68141,1.68667,9e-05,88932.46
2014-08-05,1.68657,1.68882,1.68449,1.68766,1.68668,1.68888,1.68454,1.6878,0.00014,97177.95
2014-08-06,1.68766,1.6883,1.68213,1.6853,1.68779,1.6884,1.68221,1.6854,0.0001,105336.62
2014-08-07,1.6853,1.68637,1.68231,1.68265,1.68542,1.68647,1.68239,1.68279,0.00014,119663.51
2014-08-08,1.68269,1.68312,1.67664,1.6773,1.68281,1.68323,1.67673,1.67786,0.00056,122839.96
2014-08-11,1.6776,1.67958,1.67702,1.67809,1.67771,1.67962,1.67711,1.67821,0.00012,80070.33
2014-08-12,1.67809,1.68154,1.67569,1.68047,1.67818,1.68163,1.67577,1.68057,0.0001,96920.71
2014-08-13,1.68046,1.68434,1.66851,1.66875,1.68057,1.68469,1.66857,1.66886,0.00011,126041.71
2014-08-14,1.66875,1.66968,1.66572,1.66851,1.66886,1.66974,1.66582,1.6686,9e-05,90325.38
2014-08-15,1.6685,1.67015,1.66764,1.66888,1.6686,1.67021,1.66772,1.66976,0.00088,92028.43
2014-08-18,1.67178,1.67373,1.67122,1.6722,1.6719,1.6738,1.67131,1.67231,0.00011,73246.15
2014-08-19,1.67218,1.67255,1.66109,1.66196,1.67231,1.67263,1.66119,1.66202,6e-05,99200.0
2014-08-20,1.66195,1.66786,1.65896,1.6599,1.66202,1.66798,1.65909,1.66001,0.00011,99605.32
2014-08-21,1.6599,1.66011,1.65638,1.65782,1.66001,1.66019,1.65643,1.65794,0.00012,78471.99
2014-08-22,1.65779,1.65972,1.65611,1.65669,1.65794,1.65982,1.65618,1.65746,0.00077,82955.87
2014-08-25,1.6548,1.65981,1.6546,1.65686,1.65492,1.6599,1.65475,1.657,0.00014,81538.8
2014-08-26,1.65686,1.6595,1.65385,1.6546,1.65699,1.65961,1.65402,1.6547,0.0001,86375.04
2014-08-27,1.6546,1.66052,1.65363,1.65747,1.6547,1.66061,1.65377,1.65762,0.00015,109461.95
2014-08-28,1.65747,1.66132,1.65669,1.65879,1.65763,1.66143,1.6568,1.65893,0.00014,122620.48
2014-08-29,1.65878,1.66133,1.65626,1.65958,1.65893,1.6614,1.65637,1.65999,0.00041,124736.55
2014-09-01,1.65905,1.66435,1.65893,1.66135,1.65912,1.66446,1.65902,1.66148,0.00013,88707.77
2014-09-02,1.66135,1.66136,1.64646,1.64673,1.6615,1.6615,1.64661,1.64687,0.00014,123404.34
2014-09-03,1.64673,1.64972,1.64395,1.6459,1.64687,1.6498,1.64406,1.64605,0.00015,122346.84
2014-09-04,1.64589,1.64652,1.62865,1.6292,1.64604,1.64662,1.62878,1.62931,0.00011,148311.88
2014-09-05,1.6292,1.63401,1.62806,1.63241,1.62931,1.6341,1.62824,1.63283,0.00042,131977.38
2014-09-08,1.62131,1.62323,1.60913,1.6092,1.62144,1.62334,1.60925,1.60933,0.00013,200724.81
2014-09-09,1.6092,1.61565,1.60591,1.6122,1.60933,1.61572,1.60601,1.61234,0.00014,187401.39
2014-09-10,1.6122,1.623,1.60518,1.61976,1.61233,1.62312,1.60526,1.61992,0.00016,218024.66
2014-09-11,1.61976,1.62765,1.61854,1.62478,1.61992,1.62785,1.61867,1.62494,0.00016,184861.12
2014-09-12,1.62477,1.62714,1.62044,1.62633,1.62494,1.62723,1.62054,1.62704,0.00071,177789.59
2014-09-15,1.6258,1.62678,1.62203,1.62247,1.62595,1.62688,1.62214,1.62262,0.00015,177869.98
2014-09-16,1.62248,1.63111,1.61618,1.6264,1.62264,1.63125,1.61626,1.62655,0.00015,187332.28
2014-09-17,1.62642,1.63578,1.62461,1.62658,1.62656,1.63588,1.62476,1.62674,0.00016,207015.77
2014-09-18,1.62658,1.64591,1.62507,1.64246,1.62673,1.64619,1.62522,1.64269,0.00023,231630.45
2014-09-19,1.64247,1.65239,1.62829,1.62855,1.64271,1.65257,1.62854,1.629,0.00045,281115.0
2014-09-22,1.63085,1.63708,1.6308,1.63682,1.63103,1.63724,1.63096,1.63695,0.00013,154467.89
2014-09-23,1.63682,1.64152,1.63025,1.63939,1.63695,1.64163,1.63034,1.63949,0.0001,175381.02
2014-09-24,1.63935,1.64129,1.63148,1.6325,1.63949,1.6414,1.63159,1.63264,0.00014,148627.53
2014-09-25,1.63248,1.63413,1.62758,1.633,1.63265,1.63423,1.62764,1.63317,0.00017,194541.7
2014-09-26,1.633,1.63321,1.62375,1.62381,1.63317,1.63337,1.62385,1.62515,0.00134,114088.28
2014-09-29,1.62386,1.6274,1.62138,1.62406,1.62399,1.62748,1.62151,1.62423,0.00017,184887.77
2014-09-30,1.62406,1.62866,1.61664,1.62138,1.62421,1.62881,1.61671,1.62154,0.00016,184474.2
2014-10-01,1.62139,1.62514,1.61613,1.61876,1.62155,1.62526,1.61624,1.61891,0.00015,187088.8
2014-10-02,1.61875,1.62496,1.61122,1.61564,1.61891,1.62511,1.61131,1.61575,0.00011,222930.12
2014-10-03,1.61562,1.61562,1.59516,1.5967,1.61572,1.61572,1.59525,1.5973,0.0006,166723.98
2014-10-06,1.59618,1.60986,1.59594,1.60726,1.59629,1.61,1.59605,1.6074,0.00014,131657.7
2014-10-07,1.60726,1.61284,1.60255,1.60856,1.60741,1.61296,1.60272,1.60873,0.00017,189606.27
2014-10-08,1.60856,1.6181,1.60316,1.61612,1.60874,1.61821,1.60326,1.6163,0.00018,195232.11
2014-10-09,1.61611,1.62264,1.6104,1.61205,1.6163,1.62273,1.61053,1.61218,0.00013,180901.56
2014-10-10,1.61206,1.61349,1.60083,1.60722,1.61218,1.61365,1.60092,1.60793,0.00071,139841.98
2014-10-13,1.60908,1.6126,1.60505,1.60636,1.60925,1.61275,1.60515,1.60646,0.0001,147206.03
2014-10-14,1.60636,1.60794,1.58825,1.58889,1.60648,1.60807,1.58842,1.58906,0.00017,169374.45
2014-10-15,1.5889,1.6069,1.58747,1.59876,1.58907,1.60699,1.58755,1.59889,0.00013,281933.62
2014-10-16,1.59876,1.61094,1.5941,1.6095,1.59892,1.6111,1.5942,1.60966,0.00016,261164.06
2014-10-17,1.60951,1.61255,1.6029,1.60912,1.60966,1.61264,1.60301,1.60952,0.0004,175570.38
2014-10-20,1.60895,1.6179,1.60797,1.61546,1.6091,1.61801,1.60807,1.61559,0.00013,155686.45
2014-10-21,1.61545,1.61842,1.6106,1.61119,1.61559,1.61849,1.61076,1.61134,0.00015,168098.55
2014-10-22,1.61117,1.61305,1.6011,1.60428,1.61134,1.61316,1.60122,1.60445,0.00017,178203.64
2014-10-23,1.60428,1.60598,1.59944,1.60249,1.60448,1.60608,1.59954,1.60267,0.00018,183820.3
2014-10-24,1.6025,1.60983,1.60163,1.60855,1.60267,1.60993,1.60175,1.60935,0.0008,166604.97
2014-10-27,1.60896,1.61467,1.60857,1.61231,1.6091,1.61477,1.60873,1.61248,0.00017,157724.42
2014-10-28,1.61231,1.6182,1.60878,1.61398,1.61248,1.61832,1.60888,1.61417,0.00019,175737.78
2014-10-29,1.61398,1.61613,1.6002,1.60021,1.61416,1.6162,1.60035,1.60038,0.00017,157722.58
2014-10-30,1.60021,1.60382,1.59513,1.59978,1.60038,1.60391,1.59522,1.59995,0.00017,209516.62
2014-10-31,1.59979,1.60109,1.59415,1.59904,1.59994,1.6012,1.59429,1.59997,0.00093,228931.11
2014-11-03,1.59705,1.60217,1.59262,1.59745,1.59719,1.6027,1.59281,1.5976,0.00015,192690.19
2014-11-04,1.59745,1.60157,1.59649,1.60039,1.5976,1.6017,1.59659,1.60055,0.00016,182093.92
2014-11-05,1.60039,1.60212,1.58683,1.59627,1.60054,1.60227,1.58693,1.59642,0.00015,228705.58
2014-11-06,1.59631,1.60014,1.58238,1.584,1.59643,1.60029,1.58249,1.58409,9e-05,276686.66
2014-11-07,1.58396,1.5886,1.579,1.5866,1.58409,1.58878,1.57911,1.58774,0.00114,212186.97
2014-11-10,1.58807,1.5917,1.58395,1.58492,1.58828,1.59182,1.58415,1.5851,0.00018,171090.38
2014-11-11,1.58493,1.59441,1.58348,1.59248,1.58511,1.59453,1.58357,1.59266,0.00018,171649.05
2014-11-12,1.59247,1.59402,1.5759,1.57688,1.59264,1.59414,1.57614,1.57701,0.00013,231810.95
2014-11-13,1.57688,1.57808,1.56935,1.57003,1.57703,1.57817,1.5695,1.57019,0.00016,165799.84
2014-11-14,1.57003,1.57069,1.55923,1.56649,1.57019,1.57085,1.55937,1.56758,0.00109,208135.31
2014-11-17,1.56642,1.57352,1.56194,1.56377,1.56657,1.57368,1.56209,1.56392,0.00015,176825.42
2014-11-18,1.56377,1.56784,1.56196,1.56268,1.56393,1.56796,1.56207,1.56284,0.00016,183777.02
2014-11-19,1.56268,1.572,1.55897,1.56721,1.56284,1.57215,1.55905,1.56737,0.00016,201072.88
2014-11-20,1.56721,1.57368,1.56316,1.5692,1.56735,1.57377,1.56327,1.56933,0.00013,216957.95
2014-11-21,1.5692,1.57132,1.56258,1.56457,1.56935,1.5715,1.56267,1.56583,0.00126,215155.56
2014-11-24,1.56443,1.57145,1.56281,1.56975,1.56457,1.57152,1.56288,1.56989,0.00014,176511.06
2014-11-25,1.56975,1.57355,1.56482,1.57195,1.56992,1.57362,1.56495,1.57209,0.00014,195911.95
2014-11-26,1.57194,1.58056,1.56788,1.57874,1.57209,1.58066,1.56797,1.57886,0.00012,192861.73
2014-11-27,1.57875,1.58252,1.57164,1.57252,1.57887,1.58265,1.57172,1.57272,0.0002,160115.58
2014-11-28,1.57252,1.5728,1.56139,1.564,1.57273,1.57295,1.56145,1.5649,0.0009,169006.12
2014-12-01,1.56111,1.57636,1.55848,1.5734,1.56126,1.57643,1.55862,1.5735,0.0001,236103.8
2014-12-02,1.57338,1.57423,1.56315,1.5646,1.5735,1.57438,1.56323,1.56472,0.00012,217214.31
2014-12-03,1.56459,1.57192,1.56191,1.56909,1.56472,1.572,1.56197,1.56924,0.00015,236498.8
2014-12-04,1.56909,1.57254,1.56428,1.56779,1.56925,1.57259,1.56436,1.56794,0.00015,288355.72
2014-12-05,1.56779,1.56949,1.55683,1.55768,1.56793,1.56958,1.55689,1.55902,0.00134,249381.25
2014-12-08,1.55654,1.56791,1.55412,1.56501,1.55668,1.56797,1.5542,1.56515,0.00014,215747.7
2014-12-09,1.56504,1.57165,1.56256,1.56834,1.56515,1.57177,1.56267,1.5685,0.00016,296521.94
2014-12-10,1.56834,1.57518,1.5647,1.57478,1.5685,1.57525,1.56477,1.5751,0.00032,233367.2
2014-12-11,1.57479,1.57565,1.56519,1.57178,1.57511,1.57581,1.56528,1.57196,0.00018,303411.84
2014-12-12,1.57178,1.57462,1.56945,1.57142,1.57195,1.5747,1.56953,1.57263,0.00121,258366.95
2014-12-15,1.57226,1.57468,1.5601,1.56419,1.57245,1.57475,1.56018,1.56434,0.00015,228431.94
2014-12-16,1.56418,1.57853,1.56105,1.5742,1.56433,1.57871,1.56123,1.57441,0.00021,287498.16
2014-12-17,1.57419,1.57426,1.55417,1.5572,1.57438,1.57439,1.55418,1.55736,0.00016,275153.72
2014-12-18,1.5572,1.56773,1.55487,1.56665,1.55736,1.56778,1.55496,1.56687,0.00022,269671.69
2014-12-19,1.56665,1.56821,1.56051,1.5617,1.56685,1.56827,1.56062,1.56319,0.00149,216196.41
2014-12-22,1.56273,1.5665,1.55727,1.55773,1.56284,1.56659,1.55737,1.55792,0.00019,162273.34
2014-12-23,1.55772,1.5608,1.54858,1.55199,1.55792,1.56091,1.54869,1.55221,0.00022,154330.94
2014-12-24,1.55199,1.55678,1.55036,1.55528,1.5522,1.55707,1.55049,1.55562,0.00034,99859.35
2014-12-25,1.55528,1.55683,1.55296,1.55568,1.55564,1.55725,1.55398,1.55609,0.00041,14181.06
2014-12-26,1.55568,1.55667,1.5537,1.55512,1.55609,1.55684,1.55384,1.5565,0.00138,89612.94
2014-12-29,1.55518,1.55855,1.55046,1.55135,1.55529,1.55868,1.55077,1.55147,0.00012,136933.11
2014-12-30,1.55135,1.55735,1.55007,1.55647,1.5515,1.55743,1.55015,1.55664,0.00017,147745.38
2014-12-31,1.55647,1.56203,1.55491,1.55711,1.55658,1.56208,1.55501,1.55809,0.00098,140450.84
2015-01-01,1.55783,1.55871,1.55682,1.55786,1.55871,1.55892,1.5569,1.55804,0.00018,9086.78
2015-01-02,1.55786,1.55821,1.5324,1.5324,1.55804,1.55837,1.53283,1.53307,0.00067,205692.12
2015-01-05,1.52833,1.53193,1.5203,1.52569,1.52856,1.53209,1.52037,1.52579,0.0001,202940.72
2015-01-06,1.52569,1.52739,1.51082,1.51341,1.52579,1.52745,1.51147,1.51355,0.00014,218407.17
2015-01-07,1.51341,1.5155,1.5055,1.51049,1.51356,1.51558,1.50553,1.51057,8e-05,234489.47
2015-01-08,1.51045,1.51176,1.50342,1.50851,1.51064,1.51183,1.5035,1.5086,9e-05,189310.75
2015-01-09,1.50851,1.51755,1.50833,1.51554,1.50868,1.51763,1.50844,1.51613,0.00059,199911.94
2015-01-12,1.51883,1.51892,1.50985,1.51699,1.51899,1.519,1.50993,1.51711,0.00012,206960.97
2015-01-13,1.51698,1.51916,1.50773,1.51672,1.51711,1.51923,1.5078,1.51688,0.00016,207165.78
2015-01-14,1.51672,1.52689,1.51449,1.52335,1.51688,1.52701,1.51458,1.52348,0.00013,256133.31
2015-01-15,1.52335,1.52666,1.51499,1.51793,1.52349,1.5268,1.51509,1.51816,0.00023,302246.19
2015-01-16,1.51793,1.52344,1.50752,1.5137,1.51818,1.52352,1.50761,1.51448,0.00078,190665.44
2015-01-19,1.51409,1.5179,1.50829,1.50887,1.51423,1.51796,1.50842,1.50898,0.00011,134304.27
2015-01-20,1.50889,1.51995,1.50572,1.51445,1.50898,1.52,1.50582,1.51455,0.0001,184339.3
2015-01-21,1.51446,1.5179,1.50761,1.51428,1.5146,1.51806,1.50769,1.51443,0.00015,261227.25
2015-01-22,1.51428,1.52122,1.4972,1.5006,1.51442,1.52132,1.49731,1.50073,0.00013,291354.53
2015-01-23,1.50061,1.50356,1.49511,1.49855,1.50073,1.50367,1.49515,1.49973,0.00118,294071.59
2015-01-26,1.4992,1.5103,1.4992,1.50851,1.49943,1.51042,1.4993,1.50861,0.0001,212949.48
2015-01-27,1.50851,1.52235,1.50593,1.51883,1.50863,1.52239,1.506,1.51899,0.00016,254745.28
2015-01-28,1.51883,1.52185,1.51306,1.51393,1.51898,1.52192,1.51317,1.51407,0.00014,225318.47
2015-01-29,1.51394,1.51622,1.50181,1.5077,1.51407,1.51632,1.50193,1.50784,0.00014,241424.09
2015-01-30,1.50769,1.50959,1.49887,1.50594,1.50782,1.50965,1.49891,1.5067,0.00076,219738.62
2015-02-02,1.50836,1.50878,1.50054,1.5026,1.50851,1.50883,1.5006,1.50275,0.00015,217972.75
2015-02-03,1.5026,1.51975,1.49883,1.51406,1.5027,1.51988,1.49886,1.51419,0.00013,240718.48
2015-02-04,1.51406,1.52506,1.51391,1.5178,1.51418,1.52513,1.51399,1.51791,0.00011,237799.33
2015-02-05,1.5178,1.53431,1.51678,1.53186,1.51792,1.53439,1.51693,1.53201,0.00015,231334.92
2015-02-06,1.53187,1.53521,1.52113,1.52363,1.53202,1.53527,1.52117,1.52481,0.00118,219702.88
2015-02-09,1.52389,1.52671,1.52004,1.52139,1.52406,1.52677,1.5201,1.52148,9e-05,257125.14
2015-02-10,1.52139,1.52758,1.51961,1.52581,1.52148,1.52764,1.51969,1.52595,0.00014,232467.09
2015-02-11,1.52579,1.52994,1.52188,1.52426,1.52595,1.53001,1.52192,1.52437,0.00011,206708.25
2015-02-12,1.52426,1.54146,1.52088,1.53895,1.52437,1.54155,1.52099,1.5391,0.00015,305363.09
2015-02-13,1.53895,1.5422,1.53708,1.53837,1.5391,1.54227,1.53718,1.54072,0.00235,220837.12
2015-02-16,1.54013,1.54405,1.53391,1.5353,1.54029,1.54408,1.53404,1.53545,0.00015,193991.34
2015-02-17,1.5353,1.54021,1.5316,1.53521,1.53545,1.54028,1.53167,1.53531,0.0001,194467.42
2015-02-18,1.5352,1.54794,1.53415,1.54344,1.53531,1.548,1.53419,1.54356,0.00012,254238.83
2015-02-19,1.54341,1.54653,1.54038,1.5418,1.54356,1.54658,1.54047,1.54197,0.00017,213427.95
2015-02-20,1.54183,1.54338,1.53434,1.53917,1.54197,1.54343,1.53439,1.54039,0.00122,265212.97
2015-02-23,1.53863,1.54744,1.53323,1.54513,1.53878,1.54752,1.5333,1.54521,8e-05,208332.27
2015-02-24,1.54513,1.54738,1.54016,1.54558,1.5452,1.54745,1.54025,1.54572,0.00014,202665.78
2015-02-25,1.5456,1.55384,1.54526,1.55263,1.54573,1.55394,1.54536,1.55275,0.00012,206175.88
2015-02-26,1.55264,1.55519,1.53938,1.54135,1.55277,1.55527,1.53948,1.5415,0.00015,257259.69
2015-02-27,1.54137,1.54587,1.53841,1.54319,1.54153,1.54592,1.53847,1.54468,0.00149,228667.38
2015-03-02,1.54046,1.54207,1.53513,1.53577,1.54054,1.54215,1.53521,1.53584,7e-05,185720.34
2015-03-03,1.53577,1.53975,1.53443,1.53662,1.53585,1.53982,1.5345,1.53675,0.00013,185813.31
2015-03-04,1.53662,1.53715,1.52517,1.5262,1.53676,1.53727,1.52525,1.52632,0.00012,205854.41
2015-03-05,1.52619,1.52692,1.5215,1.52462,1.52632,1.52704,1.52159,1.52476,0.00014,220914.31
2015-03-06,1.52462,1.52518,1.50317,1.50332,1.52476,1.52528,1.50325,1.50454,0.00122,236196.17
2015-03-09,1.50573,1.51368,1.50507,1.51066,1.50586,1.51378,1.50518,1.51076,0.0001,217601.77
2015-03-10,1.51066,1.51096,1.50283,1.50767,1.51078,1.51109,1.50295,1.50775,8e-05,313019.81
2015-03-11,1.50765,1.50962,1.48926,1.49331,1.50774,1.5097,1.48942,1.49344,0.00013,355233.28
2015-03-12,1.49332,1.50265,1.48497,1.48904,1.49344,1.50276,1.48508,1.48917,0.00013,281581.38
2015-03-13,1.48905,1.48935,1.47,1.47412,1.48918,1.48947,1.47002,1.47485,0.00073,254867.09
2015-03-16,1.47536,1.48529,1.47479,1.48238,1.4755,1.48539,1.47485,1.4825,0.00012,197316.53
2015-03-17,1.48241,1.4845,1.47238,1.47499,1.4825,1.4846,1.47242,1.47508,9e-05,210678.72
2015-03-18,1.47496,1.51611,1.46347,1.496,1.47508,1.51687,1.46352,1.49614,0.00014,249202.73
2015-03-19,1.49605,1.50094,1.46878,1.47592,1.49614,1.50103,1.46891,1.47607,0.00015,326988.0
2015-03-20,1.47591,1.49888,1.47218,1.49594,1.47607,1.49897,1.47226,1.49679,0.00085,254978.66
2015-03-23,1.49413,1.49732,1.48383,1.49491,1.49426,1.49749,1.48393,1.49507,0.00016,292878.25
2015-03-24,1.49491,1.49837,1.48306,1.48334,1.49507,1.4985,1.48317,1.48348,0.00014,290381.34
2015-03-25,1.48335,1.49543,1.48332,1.48764,1.48348,1.49553,1.48343,1.4878,0.00016,260937.56
2015-03-26,1.48764,1.49941,1.48065,1.48548,1.48779,1.49946,1.48074,1.48562,0.00014,304747.09
2015-03-27,1.48548,1.49217,1.47963,1.48751,1.48562,1.49225,1.4797,1.48778,0.00027,291439.06
2015-03-30,1.48826,1.48831,1.47522,1.48074,1.48839,1.48843,1.47537,1.48086,0.00012,297486.97
2015-03-31,1.48072,1.48712,1.4755,1.48299,1.48084,1.48722,1.4756,1.48312,0.00013,307041.31
2015-04-01,1.48299,1.48711,1.47394,1.48332,1.48311,1.48722,1.47398,1.48345,0.00013,284530.78
2015-04-02,1.48332,1.48683,1.47755,1.48274,1.48346,1.48693,1.47767,1.4829,0.00016,262963.34
2015-04-03,1.48275,1.49442,1.481,1.49089,1.4829,1.49454,1.48113,1.49311,0.00222,128915.25
2015-04-06,1.49193,1.4981,1.48699,1.48886,1.49206,1.49819,1.4871,1.48899,0.00013,125988.42
2015-04-07,1.48886,1.49203,1.48027,1.48205,1.48899,1.49212,1.48032,1.48218,0.00013,255457.05
2015-04-08,1.48204,1.4972,1.48188,1.48755,1.48218,1.4973,1.48199,1.48766,0.00011,262006.95
2015-04-09,1.48753,1.48858,1.4684,1.47153,1.48764,1.48869,1.4685,1.47162,9e-05,252218.59
2015-04-10,1.47153,1.47245,1.45869,1.46318,1.4716,1.47256,1.45879,1.4634,0.00022,221788.06
2015-04-13,1.46364,1.46811,1.45656,1.46673,1.46371,1.46821,1.45667,1.46688,0.00015,243028.39
2015-04-14,1.46673,1.48014,1.46031,1.47714,1.46687,1.48023,1.46039,1.47727,0.00013,275581.59
2015-04-15,1.47714,1.48531,1.47003,1.48282,1.47726,1.48542,1.47015,1.48294,0.00012,245688.25
2015-04-16,1.48284,1.49698,1.48119,1.49259,1.48296,1.49705,1.48128,1.4927,0.00011,279494.25
2015-04-17,1.49259,1.50535,1.49159,1.49584,1.4927,1.50542,1.4917,1.49691,0.00107,292563.28
2015-04-20,1.49635,1.49834,1.48876,1.49092,1.49646,1.49845,1.48885,1.49105,0.00013,255111.05
2015-04-21,1.49095,1.49726,1.48562,1.49294,1.49106,1.49734,1.48568,1.49305,0.00011,229522.98
2015-04-22,1.49294,1.50794,1.49134,1.50363,1.49302,1.50802,1.4914,1.50378,0.00015,294763.09
2015-04-23,1.50366,1.50699,1.49595,1.50507,1.50377,1.50705,1.49606,1.50519,0.00012,282891.25
2015-04-24,1.50508,1.51876,1.50271,1.51865,1.50516,1.51897,1.5028,1.51897,0.00032,260542.41
2015-04-27,1.51732,1.52611,1.51067,1.52224,1.51745,1.52621,1.51074,1.52235,0.00011,234030.91
2015-04-28,1.52222,1.53426,1.51746,1.53308,1.52235,1.5344,1.51767,1.53313,5e-05,249804.03
2015-04-29,1.53308,1.54978,1.53276,1.54254,1.53317,1.54988,1.53286,1.54265,0.00011,330316.47
2015-04-30,1.54249,1.54919,1.53035,1.53536,1.54261,1.54929,1.53044,1.53547,0.00011,356620.47
2015-05-01,1.53536,1.5397,1.5114,1.51344,1.53548,1.53981,1.51152,1.51361,0.00017,227808.7
2015-05-04,1.51523,1.51744,1.50899,1.51205,1.51535,1.51759,1.50908,1.51217,0.00012,152573.91
2015-05-05,1.51204,1.52182,1.50889,1.51682,1.51217,1.52185,1.50896,1.51691,9e-05,299530.03
2015-05-06,1.5168,1.52911,1.51497,1.52394,1.51691,1.5292,1.51507,1.52405,0.00011,302453.62
2015-05-07,1.52396,1.54476,1.51632,1.53949,1.52405,1.54492,1.51645,1.53963,0.00014,346080.88
2015-05-08,1.53947,1.5522,1.53545,1.54435,1.53962,1.55228,1.53555,1.545,0.00065,370865.81
2015-05-11,1.5437,1.56127,1.53928,1.55769,1.54377,1.56132,1.53935,1.5578,0.00011,297668.12
2015-05-12,1.55769,1.57102,1.55571,1.56687,1.55783,1.57111,1.55579,1.56696,9e-05,279270.34
2015-05-13,1.56684,1.57687,1.56331,1.57356,1.56695,1.57696,1.56338,1.57366,0.0001,311522.56
2015-05-14,1.57355,1.58144,1.5728,1.5771,1.57365,1.58153,1.57292,1.57722,0.00012,295323.88
2015-05-15,1.57712,1.58082,1.57011,1.57253,1.57723,1.58093,1.57016,1.57283,0.0003,284810.03
2015-05-18,1.57381,1.57382,1.56379,1.56618,1.57395,1.57396,1.56385,1.56631,0.00013,216449.77
2015-05-19,1.5662,1.56695,1.54463,1.55117,1.5663,1.56702,1.54471,1.55128,0.00011,295618.56
2015-05-20,1.55117,1.55875,1.54721,1.55411,1.55129,1.55884,1.54728,1.55422,0.00011,257446.66
2015-05-21,1.55411,1.56996,1.55249,1.5657,1.55422,1.57002,1.55256,1.56579,9e-05,153868.31
2015-05-22,1.56574,1.56896,1.54599,1.54789,1.56582,1.56906,1.54609,1.54988,0.00199,145993.23
2015-05-25,1.54717,1.55073,1.54561,1.54699,1.54733,1.55084,1.54577,1.54707,8e-05,88894.46
2015-05-26,1.54699,1.54701,1.53537,1.53938,1.54708,1.54711,1.53546,1.53945,7e-05,147685.95
2015-05-27,1.53936,1.54371,1.5301,1.53483,1.53945,1.54379,1.53016,1.53491,8e-05,145173.0
2015-05-28,1.53483,1.53855,1.526,1.53199,1.53491,1.53861,1.52611,1.5321,0.00011,140395.67
2015-05-29,1.53199,1.5342,1.52361,1.52899,1.53206,1.5343,1.52368,1.53011,0.00112,148836.55
2015-06-01,1.5286,1.53044,1.51699,1.5196,1.52872,1.53052,1.51708,1.51972,0.00012,158766.77
2015-06-02,1.51964,1.53669,1.51795,1.53355,1.51974,1.53676,1.51805,1.53364,9e-05,168349.27
2015-06-03,1.53354,1.53748,1.52507,1.53262,1.53364,1.5376,1.52517,1.53272,0.0001,166456.7
2015-06-04,1.53262,1.54415,1.53038,1.53587,1.53272,1.54421,1.53047,1.53597,0.0001,163757.22
2015-06-05,1.53586,1.53698,1.51899,1.52634,1.53596,1.53705,1.51914,1.52774,0.0014,148270.38
2015-06-08,1.52621,1.53639,1.52211,1.53415,1.52629,1.53651,1.52219,1.53425,0.0001,150678.89
2015-06-09,1.53413,1.53947,1.52571,1.53867,1.53423,1.53955,1.52582,1.53879,0.00012,161036.67
2015-06-10,1.53867,1.55534,1.53687,1.55011,1.53872,1.55545,1.53695,1.5502,9e-05,181215.8
2015-06-11,1.55008,1.55338,1.54212,1.55151,1.55019,1.55347,1.54222,1.55159,8e-05,144010.06
2015-06-12,1.5515,1.55979,1.54662,1.55561,1.55157,1.55984,1.54675,1.55666,0.00105,153466.94
2015-06-15,1.5565,1.56136,1.54872,1.55976,1.55665,1.56147,1.54881,1.55986,0.0001,141021.48
2015-06-16,1.55975,1.56538,1.55416,1.56386,1.55985,1.56548,1.55431,1.56398,0.00012,144451.2
2015-06-17,1.56385,1.58481,1.56251,1.58476,1.56395,1.58489,1.56261,1.58482,6e-05,163602.28
2015-06-18,1.58476,1.59294,1.58056,1.58783,1.58482,1.5931,1.58067,1.58794,0.00011,158349.48
2015-06-19,1.58783,1.58967,1.58351,1.58821,1.58794,1.58972,1.5836,1.58873,0.00052,110890.38
2015-06-22,1.58719,1.59096,1.5805,1.58262,1.5873,1.59105,1.58059,1.58271,9e-05,116705.48
2015-06-23,1.58262,1.58266,1.57085,1.57376,1.58272,1.58276,1.57091,1.57386,0.0001,135114.55
2015-06-24,1.57374,1.58026,1.56666,1.57041,1.57384,1.58033,1.5668,1.57053,0.00012,126197.97
2015-06-25,1.5704,1.57703,1.56765,1.57447,1.57052,1.57711,1.56775,1.57459,0.00012,120680.87
2015-06-26,1.57448,1.57668,1.57083,1.57398,1.5746,1.57676,1.57088,1.57548,0.0015,101780.04
2015-06-29,1.56882,1.57889,1.5683,1.57267,1.56904,1.57901,1.56836,1.57283,0.00016,151650.11
2015-06-30,1.57267,1.57754,1.56748,1.5683,1.57281,1.5776,1.5676,1.56872,0.00042,150000.02
2015-07-01,1.56826,1.57334,1.55878,1.56028,1.5686,1.57363,1.5589,1.56039,0.00011,145163.3
2015-07-02,1.56031,1.56396,1.55618,1.56088,1.56039,1.56402,1.55649,1.561,0.00012,130764.86
2015-07-03,1.56088,1.56439,1.55545,1.55665,1.56098,1.56472,1.55613,1.55756,0.00091,115221.09
2015-07-06,1.55498,1.56282,1.55318,1.5598,1.55509,1.56292,1.55329,1.55992,0.00012,136242.0
2015-07-07,1.55981,1.56081,1.54135,1.54613,1.55992,1.56096,1.5414,1.54619,6e-05,164796.95
2015-07-08,1.54613,1.54666,1.53298,1.53662,1.54615,1.54676,1.53307,1.53672,0.0001,158103.98
2015-07-09,1.53662,1.54203,1.53432,1.53698,1.53671,1.54209,1.53445,1.53714,0.00016,156088.77
2015-07-10,1.53696,1.55509,1.53637,1.55061,1.53708,1.55517,1.53649,1.55062,1e-05,170969.88
2015-07-13,1.55125,1.55888,1.54769,1.54776,1.55139,1.55894,1.54782,1.5479,0.00014,178718.92
2015-07-14,1.54783,1.56393,1.54504,1.56344,1.5479,1.56404,1.54512,1.56355,0.00011,173195.38
2015-07-15,1.56344,1.56753,1.55765,1.56256,1.56354,1.56754,1.55771,1.56273,0.00017,187077.12
2015-07-16,1.56256,1.56503,1.55601,1.56108,1.56275,1.56509,1.55609,1.5612,0.00012,183904.62
2015-07-17,1.56107,1.56725,1.55531,1.56015,1.56116,1.56732,1.55548,1.56122,0.00107,130530.36
2015-07-20,1.56033,1.56273,1.55378,1.55686,1.56043,1.56279,1.55385,1.55691,5e-05,133164.48
2015-07-21,1.55684,1.55904,1.55289,1.55541,1.5569,1.5591,1.55295,1.55554,0.00013,156899.06
2015-07-22,1.55539,1.56465,1.55504,1.56129,1.55554,1.56482,1.55518,1.56142,0.00013,158201.48
2015-07-23,1.56128,1.56706,1.55008,1.55176,1.56142,1.56714,1.55018,1.55188,0.00012,138271.55
2015-07-24,1.55178,1.55259,1.54667,1.55027,1.5519,1.55266,1.54675,1.55177,0.0015,97216.47
2015-07-27,1.55213,1.55949,1.54905,1.5562,1.55224,1.55956,1.54909,1.5563,0.0001,131994.16
2015-07-28,1.5562,1.5628,1.55279,1.56077,1.55629,1.56285,1.55286,1.5609,0.00013,115454.02
2015-07-29,1.56075,1.56898,1.55877,1.55983,1.56088,1.56902,1.55884,1.55993,0.0001,115511.57
2015-07-30,1.55985,1.56412,1.55625,1.56029,1.55993,1.56453,1.55629,1.56043,0.00014,114817.73
2015-07-31,1.56029,1.56778,1.55491,1.56146,1.56043,1.56785,1.55497,1.56246,0.001,119376.34
2015-08-03,1.56211,1.56447,1.55651,1.55888,1.56226,1.56454,1.55658,1.55901,0.00013,97503.71
2015-08-04,1.55888,1.56335,1.55576,1.55655,1.559,1.56346,1.55588,1.55667,0.00012,120257.43
2015-08-05,1.55655,1.5651,1.55258,1.56029,1.55667,1.56532,1.55271,1.56035,6e-05,144466.33
2015-08-06,1.56029,1.56367,1.54666,1.55124,1.56039,1.56375,1.54676,1.55132,8e-05,122238.26
2015-08-07,1.55119,1.55451,1.54245,1.54894,1.55132,1.55474,1.54251,1.54992,0.00098,123901.82
2015-08-10,1.54862,1.56055,1.54581,1.55841,1.54877,1.56071,1.54586,1.55853,0.00012,111092.53
2015-08-11,1.55841,1.5616,1.55549,1.55827,1.55855,1.56165,1.55557,1.55839,0.00012,112819.43
2015-08-12,1.55825,1.56601,1.55339,1.56096,1.55837,1.56606,1.55354,1.5611,0.00014,128040.47
2015-08-13,1.56102,1.56366,1.55735,1.56133,1.5611,1.56374,1.55747,1.56145,0.00012,144764.3
2015-08-14,1.56132,1.56597,1.55886,1.56385,1.56145,1.56604,1.55894,1.56514,0.00129,146384.02
2015-08-17,1.56478,1.5688,1.55788,1.55809,1.56487,1.56885,1.55796,1.55817,8e-05,146816.25
2015-08-18,1.5581,1.57167,1.55621,1.56624,1.5582,1.57179,1.55632,1.56637,0.00013,147833.98
2015-08-19,1.56629,1.57001,1.56349,1.56825,1.56637,1.57019,1.56359,1.56831,6e-05,177318.75
2015-08-20,1.56818,1.57015,1.5606,1.56881,1.5683,1.57025,1.56067,1.56889,8e-05,160550.77
2015-08-21,1.5688,1.57233,1.56577,1.56888,1.56892,1.57238,1.56581,1.57002,0.00114,159669.73
2015-08-24,1.56742,1.58024,1.56302,1.57592,1.56754,1.58046,1.56308,1.57605,0.00013,219124.88
2015-08-25,1.57596,1.58181,1.568,1.56965,1.57607,1.58194,1.56821,1.56978,0.00013,163961.95
2015-08-26,1.56962,1.57196,1.54523,1.54787,1.56979,1.57206,1.54533,1.54797,0.0001,200785.33
2015-08-27,1.54789,1.55083,1.53698,1.541,1.54797,1.55095,1.53702,1.54111,0.00011,194362.67
2015-08-28,1.541,1.54429,1.5335,1.53831,1.54112,1.54438,1.53359,1.53979,0.00148,145822.45
2015-08-31,1.54145,1.54368,1.53392,1.53617,1.54157,1.54378,1.53399,1.53625,8e-05,106590.26
2015-09-01,1.53617,1.54074,1.52996,1.53015,1.53626,1.5409,1.53007,1.53022,7e-05,146057.03
2015-09-02,1.53013,1.53254,1.52639,1.53047,1.53026,1.53264,1.52649,1.53058,0.00011,140664.55
2015-09-03,1.53048,1.53129,1.52189,1.52577,1.53058,1.5314,1.52196,1.52588,0.00011,122766.17
2015-09-04,1.52575,1.52737,1.51639,1.5165,1.52589,1.52795,1.51648,1.51742,0.00092,108299.51
2015-09-07,1.51948,1.52882,1.51712,1.52742,1.51963,1.52892,1.51722,1.52756,0.00014,130314.95
2015-09-08,1.52743,1.54121,1.52721,1.53951,1.52756,1.54132,1.52733,1.53966,0.00015,126396.07
2015-09-09,1.53951,1.54043,1.53496,1.53565,1.53966,1.54053,1.53501,1.53574,9e-05,127683.56
2015-09-10,1.53562,1.54754,1.53386,1.54398,1.53574,1.54763,1.53396,1.5441,0.00012,152976.61
2015-09-11,1.54398,1.54615,1.53998,1.54263,1.54411,1.54625,1.54007,1.54325,0.00062,109186.84
2015-09-14,1.54451,1.54708,1.53728,1.54257,1.54461,1.54716,1.53732,1.54268,0.00011,108724.7
2015-09-15,1.54257,1.54568,1.53295,1.53424,1.54269,1.54583,1.533,1.53439,0.00015,110204.83
2015-09-16,1.53425,1.55282,1.53299,1.55117,1.5344,1.5529,1.53307,1.55129,0.00012,130712.07
2015-09-17,1.55116,1.56276,1.54859,1.55658,1.55129,1.56292,1.54866,1.55672,0.00014,142662.16
2015-09-18,1.55662,1.56585,1.55138,1.55223,1.5567,1.56589,1.55152,1.55356,0.00133,145085.34
2015-09-21,1.55268,1.55677,1.54805,1.55061,1.55273,1.55682,1.54815,1.55072,0.00011,121094.22
2015-09-22,1.55064,1.55288,1.53404,1.53515,1.55072,1.55299,1.53411,1.53526,0.00011,128781.88
2015-09-23,1.53516,1.53638,1.52206,1.52479,1.53529,1.53649,1.52214,1.52494,0.00015,141320.44
2015-09-24,1.5248,1.52888,1.52004,1.52297,1.52493,1.52897,1.52012,1.52308,0.00011,146263.16
2015-09-25,1.52297,1.52602,1.51352,1.51748,1.52304,1.52612,1.51363,1.51848,0.001,125296.51
2015-09-28,1.52013,1.52409,1.51573,1.51614,1.52028,1.5242,1.51582,1.51627,0.00013,119352.41
2015-09-29,1.51614,1.52049,1.51286,1.51538,1.51627,1.52057,1.51293,1.5155,0.00012,146668.62
2015-09-30,1.5154,1.52136,1.51072,1.5121,1.5155,1.52143,1.51083,1.5122,0.0001,140886.44
2015-10-01,1.51209,1.51798,1.51069,1.51372,1.51219,1.5181,1.51078,1.51384,0.00012,117335.1
2015-10-02,1.51369,1.52372,1.51351,1.51809,1.51385,1.5238,1.51362,1.51909,0.001,129056.96
2015-10-05,1.51846,1.52441,1.51367,1.51524,1.51863,1.52449,1.51378,1.51535,0.00011,133704.98
2015-10-06,1.51524,1.52427,1.51397,1.52254,1.51538,1.52439,1.51405,1.52267,0.00013,109378.18
2015-10-07,1.52258,1.53393,1.52241,1.53146,1.5227,1.53401,1.52252,1.53157,0.00011,145018.38
2015-10-08,1.53146,1.53719,1.52614,1.5349,1.53157,1.53728,1.52619,1.53503,0.00013,143416.17
2015-10-09,1.53493,1.53831,1.52998,1.53041,1.53505,1.5384,1.53005,1.53159,0.00118,134887.3
2015-10-12,1.53196,1.53728,1.53153,1.5335,1.5321,1.53738,1.53163,1.53362,0.00012,109551.74
2015-10-13,1.53351,1.53872,1.52003,1.52542,1.53363,1.53881,1.52011,1.52554,0.00012,152644.55
2015-10-14,1.52542,1.54942,1.52536,1.54763,1.52554,1.54953,1.52547,1.54776,0.00013,164633.39
2015-10-15,1.54764,1.55084,1.54151,1.54693,1.54777,1.55093,1.54153,1.54708,0.00015,170062.34
2015-10-16,1.54693,1.54861,1.54301,1.5432,1.54708,1.54871,1.54311,1.54432,0.00112,122415.16
2015-10-19,1.54337,1.54964,1.54273,1.54695,1.54355,1.54971,1.54285,1.5471,0.00015,113518.2
2015-10-20,1.54695,1.55059,1.54351,1.54451,1.54711,1.55066,1.54361,1.54466,0.00015,113435.51
2015-10-21,1.54452,1.5477,1.54114,1.542,1.54463,1.54779,1.54128,1.5421,0.0001,118992.35
2015-10-22,1.542,1.55082,1.53689,1.53835,1.54209,1.55109,1.53697,1.53846,0.00011,159005.86
2015-10-23,1.53839,1.54188,1.53058,1.53105,1.53848,1.54196,1.53071,1.53177,0.00072,126796.57
2015-10-26,1.53132,1.53815,1.53092,1.53527,1.53149,1.53819,1.53106,1.53539,0.00012,114704.01
2015-10-27,1.53525,1.53583,1.52826,1.53104,1.53539,1.53596,1.52832,1.53115,0.00011,113230.27
2015-10-28,1.53105,1.5347,1.52484,1.52688,1.53117,1.53477,1.52491,1.52702,0.00014,120221.14
2015-10-29,1.52685,1.53241,1.52421,1.53202,1.527,1.53253,1.52431,1.53213,0.00011,129361.71
2015-10-30,1.53202,1.54676,1.53087,1.54259,1.53212,1.54685,1.53099,1.54307,0.00048,146812.77
2015-11-02,1.54386,1.54968,1.54039,1.54213,1.54401,1.54979,1.54051,1.54226,0.00013,114211.72
2015-11-03,1.54216,1.54451,1.53594,1.54178,1.54225,1.5446,1.53603,1.54192,0.00014,112202.03
2015-11-04,1.54178,1.54449,1.53606,1.53868,1.54192,1.54455,1.53614,1.53881,0.00013,127096.81
2015-11-05,1.53866,1.54014,1.52048,1.52087,1.5388,1.54022,1.52059,1.521,0.00013,125915.41
2015-11-06,1.52089,1.52192,1.50268,1.50412,1.52101,1.522,1.50275,1.50552,0.0014,138651.05
2015-11-09,1.50514,1.51282,1.50482,1.51184,1.50537,1.51289,1.50501,1.51195,0.00011,107182.32
2015-11-10,1.51184,1.51454,1.50912,1.51355,1.51197,1.5146,1.50922,1.51366,0.00011,104201.72
2015-11-11,1.51355,1.52281,1.51294,1.52218,1.51364,1.523,1.51306,1.52231,0.00013,109872.27
2015-11-12,1.52214,1.52464,1.51739,1.52311,1.52231,1.52474,1.51744,1.52324,0.00013,129680.78
2015-11-13,1.52311,1.52633,1.51874,1.52348,1.52326,1.52649,1.51881,1.52444,0.00096,106996.07
2015-11-16,1.52171,1.52273,1.51813,1.51999,1.52194,1.52283,1.51821,1.5201,0.00011,110780.11
2015-11-17,1.51997,1.52384,1.51542,1.52155,1.52014,1.52391,1.5155,1.52168,0.00013,110328.27
2015-11-18,1.52157,1.52486,1.51878,1.52382,1.52168,1.52494,1.51885,1.52396,0.00014,115203.2
2015-11-19,1.52382,1.53355,1.52355,1.52852,1.52397,1.5336,1.52397,1.52866,0.00014,136810.3
2015-11-20,1.52852,1.53095,1.5182,1.51855,1.52866,1.53102,1.51839,1.51939,0.00084,113272.38
2015-11-23,1.51877,1.51899,1.51088,1.51252,1.51893,1.51914,1.51094,1.51265,0.00013,127539.84
2015-11-24,1.51253,1.51554,1.50533,1.50786,1.51263,1.51564,1.50542,1.508,0.00014,118073.69
2015-11-25,1.50789,1.5136,1.50558,1.51223,1.508,1.51367,1.50563,1.51238,0.00015,122884.8
2015-11-26,1.51224,1.51303,1.5066,1.5101,1.51236,1.51311,1.50667,1.51022,0.00012,104578.7
2015-11-27,1.51007,1.51092,1.50297,1.50297,1.51023,1.51105,1.50308,1.50378,0.00081,109189.46
2015-11-30,1.50367,1.50682,1.49936,1.50562,1.50379,1.50689,1.4994,1.50573,0.00011,108160.54
2015-12-01,1.50562,1.51255,1.50503,1.50758,1.50568,1.51261,1.50512,1.5077,0.00012,132337.91
2015-12-02,1.50759,1.50806,1.48946,1.49463,1.50772,1.50812,1.48961,1.49478,0.00015,141468.59
2015-12-03,1.49463,1.5159,1.49044,1.51326,1.49478,1.516,1.49047,1.51339,0.00013,199232.09
2015-12-04,1.51324,1.51559,1.50778,1.51032,1.51339,1.51596,1.50785,1.51179,0.00147,189346.98
2015-12-07,1.51088,1.51145,1.50441,1.50471,1.51105,1.51152,1.50448,1.50491,0.0002,149125.5
2015-12-08,1.50472,1.5061,1.49567,1.50084,1.50491,1.50619,1.49571,1.50095,0.00011,164064.16
2015-12-09,1.50086,1.51912,1.5004,1.51786,1.50096,1.51923,1.50052,1.51805,0.00019,172609.77
2015-12-10,1.51788,1.52017,1.51108,1.51596,1.51805,1.52025,1.51116,1.5161,0.00014,137923.88
2015-12-11,1.51596,1.52398,1.51251,1.52174,1.5161,1.52405,1.51259,1.52213,0.00039,128714.06
2015-12-14,1.5195,1.52048,1.51074,1.51574,1.51968,1.52061,1.51081,1.51581,7e-05,155958.27
2015-12-15,1.51576,1.51841,1.50292,1.50438,1.51581,1.51849,1.503,1.50455,0.00017,161092.41
2015-12-16,1.50436,1.50985,1.49589,1.49745,1.50453,1.50997,1.49607,1.49761,0.00016,171528.31
2015-12-17,1.49746,1.50065,1.48648,1.49284,1.4976,1.50094,1.48655,1.49296,0.00012,156827.47
2015-12-18,1.49284,1.49496,1.48847,1.48905,1.49295,1.49505,1.48863,1.48947,0.00042,136233.33
2015-12-21,1.49064,1.4929,1.48771,1.4891,1.49086,1.493,1.48778,1.48941,0.00031,124733.51
2015-12-22,1.48914,1.49076,1.48052,1.48197,1.48939,1.49086,1.48063,1.48217,0.0002,111368.61
2015-12-23,1.48202,1.49002,1.48199,1.48729,1.48222,1.4901,1.48221,1.48754,0.00025,110630.51
2015-12-24,1.48729,1.49449,1.48692,1.49089,1.48753,1.49454,1.487,1.4935,0.00261,78981.74
2015-12-25,1.49089,1.49429,1.48952,1.49266,1.49343,1.49461,1.49222,1.49454,0.00188,2655.45
2015-12-28,1.49226,1.49313,1.48738,1.48908,1.49257,1.49321,1.48748,1.48922,0.00014,90799.18
2015-12-29,1.48908,1.49133,1.47852,1.48199,1.48922,1.49143,1.47862,1.48222,0.00023,100655.58
2015-12-30,1.48199,1.48484,1.47927,1.48171,1.48222,1.48493,1.47936,1.48191,0.0002,112660.25
2015-12-31,1.48171,1.48447,1.47266,1.47293,1.48191,1.48453,1.47269,1.47441,0.00148,93467.61
2016-01-04,1.47352,1.4816,1.4663,1.47115,1.47366,1.48165,1.46638,1.47127,0.00012,140702.47
2016-01-05,1.47121,1.47254,1.46381,1.46733,1.47127,1.47264,1.46387,1.46746,0.00013,142324.31
2016-01-06,1.4673,1.46797,1.4602,1.46275,1.46745,1.4681,1.46025,1.46289,0.00014,159362.88
2016-01-07,1.46276,1.46403,1.45329,1.46215,1.4629,1.46415,1.45337,1.46232,0.00017,172316.73
2016-01-08,1.46214,1.46445,1.4506,1.45175,1.46232,1.46458,1.45068,1.45237,0.00062,153483.83
2016-01-11,1.45241,1.46042,1.45104,1.45422,1.45257,1.46044,1.45121,1.4544,0.00018,148462.42
2016-01-12,1.45422,1.456,1.43518,1.44346,1.4544,1.45611,1.43527,1.44361,0.00015,159364.95
2016-01-13,1.44346,1.44757,1.43799,1.4409,1.44363,1.44769,1.43806,1.4411,0.0002,164566.27
2016-01-14,1.44095,1.44452,1.43599,1.44228,1.44114,1.44455,1.43607,1.44245,0.00017,167702.05
2016-01-15,1.44229,1.44277,1.42485,1.42485,1.44246,1.44283,1.42523,1.42635,0.0015,158461.95
2016-01-18,1.42713,1.43231,1.42368,1.42504,1.42737,1.43239,1.4238,1.42526,0.00022,136022.05
2016-01-19,1.42505,1.43396,1.41291,1.4179,1.42526,1.43409,1.41298,1.418,0.0001,169104.61
2016-01-20,1.4179,1.4219,1.41251,1.41977,1.41797,1.42196,1.4126,1.41989,0.00012,180391.05
2016-01-21,1.41976,1.42487,1.40793,1.42251,1.41989,1.42497,1.40806,1.42266,0.00015,183786.38
2016-01-22,1.42251,1.43627,1.42045,1.42619,1.42266,1.43634,1.42055,1.42702,0.00083,158815.88
2016-01-25,1.42529,1.43092,1.42233,1.42401,1.42546,1.43107,1.42241,1.4241,9e-05,145014.61
2016-01-26,1.42399,1.43668,1.41729,1.43417,1.42408,1.43678,1.41741,1.43427,0.0001,160825.23
2016-01-27,1.43417,1.43549,1.42297,1.42432,1.43426,1.43554,1.42304,1.42448,0.00016,169706.92
2016-01-28,1.42431,1.44073,1.42385,1.4358,1.42449,1.44081,1.42398,1.43595,0.00015,171202.47
2016-01-29,1.43579,1.4413,1.41491,1.42409,1.43595,1.4414,1.41501,1.42455,0.00046,172182.36
2016-02-01,1.42437,1.44447,1.42346,1.44236,1.42452,1.44453,1.42364,1.44252,0.00016,166571.45
2016-02-02,1.44236,1.44456,1.43259,1.44059,1.44254,1.44464,1.43271,1.44073,0.00014,166081.05
2016-02-03,1.4406,1.46488,1.43835,1.45847,1.44075,1.46499,1.43844,1.45858,0.00011,195234.88
2016-02-04,1.45845,1.4668,1.45293,1.45779,1.45858,1.46686,1.45303,1.45796,0.00017,196365.48
2016-02-05,1.45781,1.45901,1.44519,1.44999,1.45796,1.45953,1.44529,1.45037,0.00038,165979.27
2016-02-08,1.45075,1.45467,1.43519,1.44331,1.45098,1.45474,1.43521,1.44347,0.00016,194639.22
2016-02-09,1.44331,1.45152,1.4378,1.44606,1.44346,1.45157,1.43788,1.4462,0.00014,216857.11
2016-02-10,1.44604,1.45783,1.44399,1.45213,1.4462,1.4579,1.44464,1.45232,0.00019,201282.56
2016-02-11,1.45214,1.45633,1.43831,1.4478,1.45231,1.4565,1.43837,1.44798,0.00018,213816.55
2016-02-12,1.4478,1.45695,1.44428,1.44996,1.44801,1.4571,1.44438,1.45145,0.00149,173456.45
2016-02-15,1.45182,1.4535,1.44129,1.44531,1.45204,1.45364,1.44139,1.44548,0.00017,143554.06
2016-02-16,1.44531,1.45158,1.42759,1.43019,1.44548,1.45167,1.42769,1.43035,0.00016,166913.75
2016-02-17,1.43019,1.43387,1.42351,1.42803,1.43035,1.43398,1.42359,1.42827,0.00024,178270.19
2016-02-18,1.42804,1.43944,1.42561,1.43284,1.42827,1.43951,1.4258,1.43301,0.00017,171121.69
2016-02-19,1.43284,1.4408,1.42464,1.44014,1.43301,1.44104,1.42478,1.44032,0.00018,166177.44
2016-02-22,1.42618,1.42972,1.4057,1.41479,1.4264,1.42988,1.40581,1.41498,0.00019,184174.97
2016-02-23,1.41479,1.41556,1.40049,1.40049,1.41498,1.41575,1.40063,1.40063,0.00014,169582.39
2016-02-24,1.40049,1.40169,1.38782,1.39286,1.40064,1.40178,1.38792,1.393,0.00014,189457.67
2016-02-25,1.39286,1.39961,1.38997,1.39659,1.393,1.3997,1.39009,1.39684,0.00025,167563.44
2016-02-26,1.39658,1.40424,1.38535,1.3869,1.39682,1.40433,1.38545,1.38738,0.00048,166450.52
2016-02-29,1.38606,1.39461,1.38358,1.39264,1.38627,1.3947,1.38365,1.39282,0.00018,182566.61
2016-03-01,1.39264,1.40183,1.39039,1.39589,1.39282,1.40195,1.39049,1.39607,0.00018,195912.0
2016-03-02,1.39591,1.40931,1.39142,1.40781,1.39607,1.4094,1.39151,1.40792,0.00011,193198.7
2016-03-03,1.40783,1.41938,1.40326,1.41709,1.40793,1.4195,1.40335,1.41724,0.00015,189146.66
2016-03-04,1.41709,1.42484,1.41073,1.4229,1.41724,1.4249,1.41087,1.42315,0.00025,185259.36
2016-03-07,1.42096,1.42832,1.41337,1.42589,1.42111,1.4284,1.41344,1.42608,0.00019,165222.09
2016-03-08,1.42589,1.42751,1.41734,1.42043,1.4261,1.42761,1.41741,1.42065,0.00022,163302.81
2016-03-09,1.42043,1.42407,1.4177,1.42057,1.42064,1.42416,1.41781,1.42074,0.00017,154034.19
2016-03-10,1.42056,1.43167,1.41178,1.4283,1.42073,1.43177,1.41189,1.42855,0.00025,206958.19
2016-03-11,1.42829,1.44361,1.42543,1.43821,1.42855,1.44372,1.42549,1.43883,0.00062,168448.78
2016-03-14,1.43778,1.4389,1.42718,1.42794,1.43798,1.43904,1.42734,1.42805,0.00011,141724.34
2016-03-15,1.42794,1.42836,1.41389,1.41551,1.42805,1.42848,1.41393,1.41566,0.00015,163944.19
2016-03-16,1.41552,1.42732,1.40526,1.425,1.41566,1.42747,1.40536,1.42514,0.00014,187320.41
2016-03-17,1.42499,1.4503,1.42213,1.4474,1.42513,1.45037,1.42222,1.44748,8e-05,182567.62
2016-03-18,1.4474,1.45141,1.44101,1.4475,1.44746,1.45148,1.44108,1.44795,0.00045,139981.81
2016-03-21,1.44608,1.44662,1.43647,1.43653,1.44627,1.44674,1.43659,1.43666,0.00013,137252.59
2016-03-22,1.43653,1.43972,1.41903,1.42219,1.43666,1.43984,1.41913,1.42238,0.00019,161958.12
2016-03-23,1.42221,1.4227,1.40816,1.41132,1.42238,1.4228,1.40826,1.41149,0.00017,140569.52
2016-03-24,1.41132,1.41824,1.40568,1.41315,1.41148,1.41836,1.40578,1.41367,0.00052,135541.12
2016-03-25,1.41315,1.41568,1.41083,1.41211,1.41367,1.41596,1.41112,1.41447,0.00236,45816.4
2016-03-28,1.4129,1.42826,1.41199,1.42592,1.413,1.42843,1.41213,1.42603,0.00011,77651.3
2016-03-29,1.4259,1.44036,1.41945,1.43837,1.42603,1.44049,1.41957,1.43855,0.00018,160750.09
2016-03-30,1.43839,1.44588,1.43605,1.43713,1.43855,1.44597,1.43615,1.43728,0.00015,174557.83
2016-03-31,1.43712,1.44259,1.43256,1.43646,1.43728,1.44267,1.43268,1.43659,0.00013,158182.48
2016-04-01,1.43648,1.43709,1.41705,1.42211,1.43659,1.43722,1.41715,1.42328,0.00117,166421.59
2016-04-04,1.42244,1.43215,1.41906,1.42619,1.42256,1.43223,1.41914,1.42633,0.00014,139130.98
2016-04-05,1.42618,1.42783,1.41216,1.41552,1.42631,1.42794,1.41224,1.41566,0.00014,145138.95
2016-04-06,1.41552,1.41711,1.40048,1.41311,1.41566,1.41723,1.40058,1.41325,0.00014,167343.34
2016-04-07,1.4131,1.41567,1.40469,1.40517,1.41324,1.4158,1.40483,1.40531,0.00014,170832.34
2016-04-08,1.40517,1.41408,1.40403,1.41231,1.40532,1.41418,1.40416,1.41249,0.00018,132754.45
2016-04-11,1.41299,1.42865,1.4107,1.42318,1.41309,1.42874,1.41078,1.42328,0.0001,151753.61
2016-04-12,1.42316,1.43476,1.41962,1.42653,1.42325,1.43488,1.41969,1.42667,0.00014,164743.44
2016-04-13,1.42651,1.4279,1.41868,1.41882,1.42665,1.42799,1.41877,1.41896,0.00014,149232.16
2016-04-14,1.4188,1.41896,1.40903,1.41398,1.41899,1.41908,1.40912,1.41413,0.00015,138735.75
2016-04-15,1.41398,1.42417,1.41325,1.41982,1.41413,1.42423,1.41337,1.42061,0.00079,111974.47
2016-04-18,1.41788,1.42923,1.4131,1.42836,1.41799,1.42932,1.41322,1.42847,0.00011,126288.18
2016-04-19,1.42836,1.44187,1.42832,1.43855,1.42849,1.44193,1.42842,1.43872,0.00017,143399.16
2016-04-20,1.43855,1.44101,1.43296,1.43356,1.43872,1.4411,1.43309,1.4337,0.00014,156383.56
2016-04-21,1.43356,1.44402,1.42992,1.43224,1.4337,1.44403,1.43003,1.43236,0.00012,160507.91
2016-04-22,1.4322,1.44514,1.43185,1.43983,1.43238,1.44527,1.43192,1.4407,0.00087,151489.95
2016-04-25,1.44436,1.45191,1.44025,1.44859,1.44448,1.45201,1.44037,1.44873,0.00014,163869.56
2016-04-26,1.44858,1.46385,1.44846,1.45729,1.44868,1.46396,1.44856,1.45739,0.0001,172017.08
2016-04-27,1.45729,1.46217,1.44728,1.45382,1.45739,1.46227,1.44748,1.45396,0.00014,179099.23
2016-04-28,1.45383,1.46221,1.45225,1.46096,1.45396,1.46237,1.45246,1.46114,0.00018,185731.98
2016-04-29,1.461,1.467,1.45764,1.46085,1.46115,1.46713,1.45771,1.46146,0.00061,190961.23
2016-05-02,1.46028,1.4696,1.45998,1.46612,1.46042,1.4697,1.4601,1.46628,0.00016,126227.3
2016-05-03,1.46612,1.47698,1.45289,1.45474,1.46625,1.47702,1.45299,1.45486,0.00012,192069.77
2016-05-04,1.45475,1.45714,1.44613,1.45044,1.4549,1.45721,1.44622,1.45056,0.00012,164000.86
2016-05-05,1.45043,1.45289,1.44436,1.44904,1.45057,1.45299,1.44445,1.44914,0.0001,146666.06
2016-05-06,1.44906,1.45438,1.44147,1.44203,1.44914,1.45461,1.44157,1.44295,0.00092,147342.5
2016-05-09,1.44249,1.44793,1.43747,1.44102,1.44262,1.44802,1.43753,1.44116,0.00014,138067.56
2016-05-10,1.44102,1.44777,1.43885,1.44494,1.44119,1.44784,1.43896,1.44507,0.00013,141899.91
2016-05-11,1.44495,1.44879,1.43945,1.44343,1.44507,1.44888,1.43955,1.44355,0.00012,131662.8
2016-05-12,1.44342,1.45303,1.44061,1.44438,1.44355,1.45307,1.44069,1.44445,7e-05,133712.94
2016-05-13,1.44438,1.44469,1.43403,1.43546,1.44445,1.44482,1.43408,1.43653,0.00107,156803.7
2016-05-16,1.43502,1.44683,1.43323,1.44426,1.43515,1.44709,1.43331,1.4444,0.00014,102408.54
2016-05-17,1.44427,1.4524,1.4431,1.44554,1.4444,1.45249,1.44319,1.44565,0.00011,133015.95
2016-05-18,1.44554,1.4634,1.44032,1.45934,1.44571,1.46354,1.44036,1.45947,0.00013,165717.22
2016-05-19,1.45935,1.46629,1.45615,1.45974,1.45947,1.46631,1.45622,1.45989,0.00015,182104.95
2016-05-20,1.45981,1.46128,1.44856,1.44988,1.4599,1.46136,1.44864,1.45054,0.00066,116675.34
2016-05-23,1.44883,1.45489,1.44422,1.4478,1.44901,1.45495,1.4443,1.44795,0.00015,126724.88
2016-05-24,1.4478,1.46419,1.44769,1.46126,1.44795,1.46429,1.44782,1.46139,0.00013,154384.09
2016-05-25,1.46122,1.47288,1.46008,1.46952,1.46139,1.47299,1.46016,1.46963,0.00011,150578.31
2016-05-26,1.46952,1.47394,1.464,1.46646,1.46963,1.47402,1.46407,1.46659,0.00013,154526.62
2016-05-27,1.46644,1.46884,1.46045,1.46152,1.46661,1.46892,1.46054,1.46253,0.00101,129474.05
2016-05-30,1.46221,1.46411,1.45871,1.46325,1.46237,1.46435,1.45882,1.4634,0.00015,74285.52
2016-05-31,1.46326,1.47253,1.44646,1.44825,1.4634,1.47262,1.44657,1.44839,0.00014,170374.62
2016-06-01,1.44827,1.45071,1.43857,1.44188,1.44844,1.45078,1.43867,1.44201,0.00013,161256.05
2016-06-02,1.44189,1.44727,1.44018,1.4405,1.442,1.44735,1.44033,1.44063,0.00013,141459.28
2016-06-03,1.44052,1.45814,1.43986,1.45075,1.44065,1.45826,1.43996,1.45223,0.00148,136727.86
2016-06-06,1.4387,1.44734,1.43547,1.44562,1.43885,1.44744,1.4356,1.44579,0.00017,166399.67
2016-06-07,1.44565,1.46607,1.44518,1.45412,1.44579,1.46617,1.44532,1.45429,0.00017,140466.23
2016-06-08,1.45412,1.46,1.45,1.45127,1.45431,1.46007,1.45011,1.45145,0.00018,137541.23
2016-06-09,1.45127,1.45269,1.44452,1.4463,1.45145,1.45278,1.44474,1.44645,0.00015,127385.46
2016-06-10,1.4463,1.44723,1.41794,1.42485,1.44644,1.44736,1.41817,1.42618,0.00133,130425.87
2016-06-13,1.41874,1.43279,1.41149,1.42039,1.41895,1.43297,1.41159,1.42058,0.00019,172886.88
2016-06-14,1.42039,1.42177,1.40888,1.4117,1.42058,1.42197,1.40914,1.41185,0.00015,128995.24
2016-06-15,1.41167,1.42173,1.4106,1.41928,1.41185,1.42191,1.41075,1.4195,0.00022,131051.59
2016-06-16,1.41931,1.42932,1.40123,1.42932,1.41953,1.42945,1.4013,1.42944,0.00012,139998.88
2016-06-17,1.42922,1.43873,1.42213,1.43535,1.42943,1.43889,1.42229,1.43661,0.00126,146330.52
2016-06-20,1.45801,1.47184,1.45297,1.46709,1.45824,1.47216,1.45328,1.46736,0.00027,175837.0
2016-06-21,1.46709,1.47835,1.46156,1.46626,1.46723,1.47842,1.46174,1.46647,0.00021,187939.16
2016-06-22,1.46626,1.4844,1.46409,1.47863,1.46646,1.48474,1.46427,1.47898,0.00035,184042.88
2016-06-23,1.47865,1.50177,1.42848,1.45589,1.479,1.50201,1.42942,1.45604,0.00015,251806.5
2016-06-24,1.45583,1.46504,1.32271,1.36595,1.45604,1.46533,1.32306,1.36934,0.00339,327661.59
2016-06-27,1.34398,1.34741,1.31208,1.32246,1.34438,1.34754,1.31215,1.32271,0.00025,230360.09
2016-06-28,1.32245,1.34191,1.32184,1.33525,1.3227,1.34198,1.32205,1.33551,0.00026,173324.09
2016-06-29,1.33524,1.35328,1.32865,1.34513,1.33551,1.35344,1.32888,1.34535,0.00022,203107.77
2016-06-30,1.34508,1.34963,1.32052,1.33292,1.34535,1.34972,1.32075,1.33322,0.0003,226458.67
2016-07-01,1.33292,1.33492,1.32438,1.32718,1.33325,1.33503,1.32454,1.32812,0.00094,154662.73
2016-07-04,1.32824,1.33403,1.32406,1.32785,1.32853,1.33414,1.32415,1.32804,0.00019,113140.62
2016-07-05,1.32786,1.32808,1.29496,1.29599,1.32804,1.32829,1.29512,1.29624,0.00025,198755.23
2016-07-06,1.29597,1.30154,1.27971,1.29177,1.29624,1.30164,1.27983,1.29191,0.00014,240396.41
2016-07-07,1.29179,1.30468,1.28782,1.29096,1.29193,1.30483,1.28796,1.29116,0.0002,186199.52
2016-07-08,1.29093,1.3018,1.29059,1.29529,1.29111,1.30197,1.29079,1.29593,0.00064,171249.69
2016-07-11,1.29414,1.30175,1.28502,1.29826,1.29437,1.30194,1.28513,1.29849,0.00023,182593.58
2016-07-12,1.29821,1.32946,1.29754,1.32695,1.29841,1.3296,1.29773,1.3271,0.00015,218555.95
2016-07-13,1.32694,1.33369,1.31048,1.31187,1.32712,1.33385,1.3106,1.31202,0.00015,230336.89
2016-07-14,1.31187,1.34784,1.31067,1.33508,1.31205,1.34798,1.31079,1.33527,0.00019,223085.16
2016-07-15,1.33511,1.34802,1.31316,1.31838,1.3353,1.34816,1.31329,1.31924,0.00086,175351.17
2016-07-18,1.32318,1.33144,1.32114,1.32639,1.32339,1.33156,1.32136,1.32659,0.0002,155809.42
2016-07-19,1.32639,1.32712,1.30737,1.31046,1.32662,1.32733,1.30746,1.31066,0.0002,152467.19
2016-07-20,1.31046,1.32745,1.30644,1.32441,1.31067,1.3276,1.30652,1.32459,0.00018,470035.47
2016-07-21,1.3244,1.32686,1.3156,1.32349,1.32459,1.32697,1.31569,1.32367,0.00018,526873.19
2016-07-22,1.32349,1.32911,1.30786,1.3109,1.32365,1.32918,1.30793,1.31091,1e-05,581484.88
2016-07-25,1.31222,1.31645,1.30917,1.31039,1.3124,1.31655,1.30921,1.31056,0.00017,407761.66
2016-07-26,1.31038,1.31754,1.30571,1.31472,1.31056,1.31764,1.30581,1.31484,0.00012,580893.62
2016-07-27,1.31473,1.32396,1.30723,1.32273,1.31486,1.32403,1.30728,1.32289,0.00016,550250.0
2016-07-28,1.32271,1.32481,1.31169,1.31614,1.32288,1.32495,1.31182,1.31631,0.00017,556776.62
2016-07-29,1.31614,1.3301,1.31517,1.32224,1.31633,1.3302,1.31529,1.32329,0.00105,483711.25
2016-08-01,1.32159,1.32719,1.31624,1.31841,1.32175,1.32733,1.31627,1.31856,0.00015,486861.78
2016-08-02,1.31841,1.33653,1.31716,1.3336,1.31855,1.33657,1.31722,1.33375,0.00015,497229.44
2016-08-03,1.33359,1.33714,1.32801,1.33262,1.33375,1.33723,1.32819,1.33277,0.00015,425774.56
2016-08-04,1.33262,1.33455,1.31024,1.31268,1.33275,1.33464,1.31032,1.31285,0.00017,533521.25
2016-08-05,1.31268,1.31748,1.30209,1.30677,1.31284,1.31755,1.30221,1.30731,0.00054,376032.78
2016-08-08,1.30741,1.30965,1.30274,1.30317,1.30752,1.30974,1.30283,1.30329,0.00012,303178.66
2016-08-09,1.30318,1.30318,1.29558,1.30123,1.30329,1.30329,1.29562,1.30131,8e-05,307327.97
2016-08-10,1.30123,1.30939,1.29908,1.30195,1.30131,1.30947,1.29913,1.30208,0.00013,376642.56
2016-08-11,1.30195,1.30276,1.29354,1.29537,1.30208,1.30286,1.29363,1.29547,0.0001,291598.16
2016-08-12,1.29537,1.30346,1.29029,1.29148,1.29548,1.30352,1.29045,1.29239,0.00091,273731.59
2016-08-15,1.29084,1.29448,1.28658,1.288,1.29096,1.29456,1.28665,1.28812,0.00012,241651.42
2016-08-16,1.28798,1.30707,1.28789,1.30293,1.2881,1.30723,1.28798,1.30306,0.00013,326639.69
2016-08-17,1.30294,1.30855,1.29794,1.3044,1.30305,1.30865,1.29798,1.30453,0.00013,323130.69
2016-08-18,1.30442,1.31854,1.3041,1.31625,1.30453,1.31866,1.30421,1.31636,0.00011,374091.41
2016-08-19,1.31623,1.31627,1.30226,1.30736,1.31631,1.31636,1.3024,1.30803,0.00067,337923.91
2016-08-22,1.30614,1.31572,1.3034,1.31326,1.30628,1.31576,1.3035,1.31338,0.00012,350758.66
2016-08-23,1.31325,1.32104,1.31282,1.31969,1.31337,1.32114,1.31293,1.31981,0.00012,389423.69
2016-08-24,1.31969,1.3273,1.31611,1.32364,1.31981,1.32735,1.3162,1.32375,0.00011,347920.19
2016-08-25,1.32362,1.32636,1.31687,1.31921,1.32375,1.32649,1.31694,1.31929,8e-05,308860.38
2016-08-26,1.31921,1.32789,1.31216,1.31327,1.31927,1.32793,1.31223,1.31433,0.00106,397862.72
2016-08-29,1.31253,1.31326,1.30593,1.31053,1.31267,1.31335,1.30603,1.31065,0.00012,297081.69
2016-08-30,1.31053,1.31199,1.30592,1.30901,1.31065,1.31203,1.30599,1.30911,0.0001,361889.34
2016-08-31,1.30901,1.31579,1.30658,1.31327,1.30911,1.31586,1.30667,1.31337,0.0001,399748.25
2016-09-01,1.31327,1.33177,1.31282,1.32746,1.31337,1.33183,1.31293,1.32758,0.00012,409129.69
2016-09-02,1.32746,1.33522,1.32524,1.32906,1.32756,1.33529,1.32531,1.32983,0.00077,403319.53
2016-09-05,1.32938,1.33755,1.32879,1.33104,1.3295,1.33762,1.3289,1.3311,6e-05,389822.34
2016-09-06,1.33105,1.34448,1.33021,1.3414,1.33111,1.3446,1.33029,1.34153,0.00013,396684.34
2016-09-07,1.3414,1.34246,1.3319,1.33381,1.34154,1.34253,1.33197,1.33387,6e-05,407751.03
2016-09-08,1.33382,1.33753,1.32831,1.33071,1.33387,1.33759,1.32842,1.33082,0.00011,413901.12
2016-09-09,1.33072,1.33357,1.32391,1.32606,1.33082,1.33365,1.32401,1.32704,0.00098,395136.12
2016-09-12,1.32717,1.33469,1.32349,1.33352,1.32729,1.33483,1.32356,1.33366,0.00014,445544.03
2016-09-13,1.33352,1.33383,1.31673,1.31924,1.33365,1.33391,1.31682,1.31933,9e-05,529760.31
2016-09-14,1.31925,1.32784,1.31382,1.32613,1.31933,1.32798,1.31389,1.32632,0.00019,550441.94
2016-09-15,1.32611,1.32692,1.31796,1.32457,1.3263,1.32699,1.31799,1.3247,0.00013,480287.34
2016-09-16,1.32458,1.32475,1.29953,1.29959,1.3247,1.32484,1.29978,1.30105,0.00146,387825.34
2016-09-19,1.30122,1.30909,1.30107,1.30395,1.30132,1.30918,1.30121,1.30408,0.00013,475067.47
2016-09-20,1.30394,1.30648,1.29468,1.29826,1.30406,1.30654,1.29473,1.29837,0.00011,441963.47
2016-09-21,1.29826,1.30463,1.29445,1.3032,1.29837,1.30473,1.29464,1.3033,0.0001,546963.56
2016-09-22,1.3032,1.31207,1.30313,1.3082,1.3033,1.31214,1.30325,1.30833,0.00013,607595.38
2016-09-23,1.3082,1.30867,1.29145,1.29604,1.30833,1.30876,1.29155,1.29676,0.00072,538612.81
2016-09-26,1.29773,1.29867,1.29161,1.29672,1.29784,1.29876,1.29168,1.29682,0.0001,432247.62
2016-09-27,1.29672,1.30264,1.29367,1.30089,1.29681,1.30271,1.29374,1.30099,0.0001,516847.34
2016-09-28,1.30089,1.3058,1.29799,1.3037,1.30098,1.30588,1.29803,1.30374,4e-05,559046.62
2016-09-29,1.30363,1.30542,1.2954,1.29651,1.30374,1.30552,1.29549,1.29663,0.00012,484185.06
2016-09-30,1.29652,1.30226,1.29368,1.29737,1.29663,1.3023,1.29373,1.29853,0.00116,534507.56
2016-10-03,1.29289,1.2946,1.28171,1.28586,1.29301,1.2947,1.28178,1.28599,0.00013,443235.22
2016-10-04,1.28586,1.28601,1.27194,1.27293,1.28599,1.28614,1.272,1.27303,0.0001,549292.88
2016-10-05,1.2729,1.27711,1.26854,1.27521,1.27301,1.2772,1.26861,1.27533,0.00012,537360.88
2016-10-06,1.27521,1.27543,1.19198,1.23878,1.27533,1.27554,1.19496,1.23903,0.00025,533590.75
2016-10-07,1.23881,1.24818,1.22272,1.24306,1.23906,1.24836,1.22278,1.24429,0.00123,529690.88
2016-10-10,1.24345,1.24441,1.23378,1.23456,1.24359,1.24449,1.23389,1.23468,0.00012,387731.78
2016-10-11,1.23456,1.23514,1.20893,1.2272,1.23467,1.23523,1.20901,1.22732,0.00012,526510.19
2016-10-12,1.22717,1.23249,1.21656,1.21861,1.22732,1.2326,1.21669,1.21875,0.00014,576985.88
2016-10-13,1.21861,1.22718,1.21327,1.22256,1.21876,1.22732,1.21335,1.22269,0.00013,487752.94
2016-10-14,1.22256,1.22613,1.21678,1.2181,1.22269,1.22626,1.21684,1.21899,0.00089,406728.19
2016-10-17,1.21757,1.22292,1.21356,1.22186,1.21775,1.22305,1.21365,1.22199,0.00013,413300.97
2016-10-18,1.22185,1.23249,1.22169,1.23005,1.22199,1.23257,1.2218,1.23018,0.00013,437624.22
2016-10-19,1.23007,1.23311,1.22536,1.22937,1.23018,1.23312,1.22548,1.22948,0.00011,378294.41
2016-10-20,1.22937,1.22979,1.22098,1.22554,1.22948,1.22987,1.22109,1.22567,0.00013,365147.59
2016-10-21,1.22554,1.2259,1.21711,1.22232,1.22566,1.22599,1.2172,1.22363,0.00131,322958.41
2016-10-24,1.22175,1.2249,1.21853,1.22231,1.2219,1.22496,1.21865,1.22244,0.00013,217994.23
2016-10-25,1.22233,1.22432,1.20825,1.21756,1.22246,1.22437,1.20832,1.21771,0.00015,138154.23
2016-10-26,1.21754,1.22491,1.21566,1.22347,1.21772,1.22503,1.21574,1.22365,0.00018,128457.33
2016-10-27,1.22346,1.22711,1.2149,1.21691,1.22365,1.22723,1.21495,1.21707,0.00016,140069.75
2016-10-28,1.21692,1.22121,1.21138,1.21833,1.21709,1.22131,1.21146,1.21944,0.00111,147263.44
2016-10-31,1.22056,1.22489,1.21436,1.2235,1.22069,1.22499,1.21442,1.22363,0.00013,123739.09
2016-11-01,1.22349,1.22804,1.22057,1.22357,1.22362,1.22809,1.22065,1.22372,0.00015,154885.91
2016-11-02,1.22358,1.23537,1.22203,1.23029,1.22374,1.23541,1.22214,1.23039,0.0001,171256.72
2016-11-03,1.2303,1.2494,1.22989,1.2465,1.23039,1.2495,1.23,1.24659,9e-05,195836.41
2016-11-04,1.2465,1.25571,1.24489,1.25158,1.24658,1.25577,1.24497,1.25198,0.0004,160286.05
2016-11-07,1.24863,1.24972,1.23792,1.23975,1.2488,1.24984,1.23799,1.23988,0.00013,148657.98
2016-11-08,1.23975,1.24395,1.23596,1.23841,1.23988,1.24403,1.23604,1.23863,0.00022,138857.3
2016-11-09,1.2384,1.2547,1.23528,1.24185,1.23862,1.25485,1.23544,1.24203,0.00018,278438.25
2016-11-10,1.24185,1.25845,1.23772,1.25504,1.24199,1.25852,1.23783,1.25514,0.0001,217906.27
2016-11-11,1.25504,1.26733,1.25252,1.25954,1.25512,1.26739,1.25261,1.26058,0.00104,201568.22
2016-11-14,1.25757,1.25796,1.2444,1.25155,1.25775,1.25822,1.24447,1.25173,0.00018,200396.06
2016-11-15,1.25154,1.25288,1.23802,1.24512,1.25171,1.25299,1.23804,1.24525,0.00013,204708.56
2016-11-16,1.24514,1.25021,1.2409,1.24384,1.24526,1.25034,1.24102,1.24396,0.00012,199540.48
2016-11-17,1.24383,1.25048,1.2407,1.24087,1.24396,1.2506,1.2408,1.24105,0.00018,179807.05
2016-11-18,1.24085,1.2436,1.2302,1.23374,1.24105,1.2437,1.23027,1.23516,0.00142,191216.64
2016-11-21,1.23223,1.25114,1.23123,1.24908,1.23254,1.25124,1.23131,1.2493,0.00022,190718.59
2016-11-22,1.24909,1.25124,1.23844,1.24223,1.24932,1.25137,1.23848,1.24236,0.00013,146147.0
2016-11-23,1.24223,1.24687,1.23601,1.2426,1.24235,1.24696,1.23609,1.24284,0.00024,162580.31
2016-11-24,1.24256,1.24945,1.24015,1.24515,1.24276,1.24953,1.24025,1.24524,9e-05,153270.3
2016-11-25,1.24514,1.24853,1.24155,1.24843,1.24524,1.2495,1.24163,1.24949,0.00106,164104.52
2016-11-28,1.24787,1.25311,1.23854,1.24077,1.24813,1.25323,1.23859,1.24094,0.00017,167354.8
2016-11-29,1.24077,1.25256,1.23878,1.24898,1.24094,1.25263,1.2389,1.24912,0.00014,150728.73
2016-11-30,1.24898,1.2523,1.2419,1.25137,1.24912,1.25235,1.24199,1.25149,0.00012,186976.47
2016-12-01,1.25134,1.26956,1.25068,1.25879,1.25139,1.26965,1.25078,1.25894,0.00015,181139.59
2016-12-02,1.25879,1.27367,1.25699,1.27265,1.25895,1.27403,1.25708,1.27403,0.00138,154823.48
2016-12-05,1.26675,1.27449,1.26554,1.27263,1.26701,1.27453,1.26571,1.27278,0.00015,196205.62
2016-12-06,1.27258,1.27744,1.26562,1.26709,1.27276,1.27754,1.26572,1.26719,0.0001,155079.94
2016-12-07,1.26707,1.26726,1.25698,1.26272,1.26717,1.26737,1.25708,1.26284,0.00012,133663.23
2016-12-08,1.26273,1.27044,1.25492,1.25834,1.26288,1.27053,1.25495,1.25851,0.00017,164031.48
2016-12-09,1.25836,1.26204,1.25522,1.25646,1.2585,1.26212,1.25531,1.25786,0.0014,127119.2
2016-12-12,1.25934,1.26992,1.25668,1.26757,1.25947,1.27003,1.25674,1.26774,0.00017,149500.66
2016-12-13,1.26756,1.27277,1.26532,1.26602,1.26775,1.27286,1.26541,1.26619,0.00017,162162.64
2016-12-14,1.26601,1.27228,1.25139,1.2535,1.26619,1.27303,1.25158,1.25365,0.00015,192952.12
2016-12-15,1.2535,1.25676,1.2376,1.2421,1.25366,1.25685,1.23767,1.24225,0.00015,222846.81
2016-12-16,1.2421,1.25098,1.23826,1.24856,1.24225,1.251,1.23837,1.24916,0.0006,166747.31
2016-12-19,1.2489,1.25022,1.23551,1.23868,1.24898,1.25031,1.23555,1.23885,0.00017,143342.55
2016-12-20,1.23868,1.24084,1.23126,1.23637,1.23884,1.24095,1.23133,1.23653,0.00016,155953.45
2016-12-21,1.23637,1.23905,1.23237,1.23521,1.23654,1.2391,1.23245,1.23537,0.00016,139347.02
2016-12-22,1.23522,1.23779,1.22765,1.22837,1.23537,1.23791,1.22777,1.22848,0.00011,134127.58
2016-12-23,1.22835,1.22986,1.22284,1.22871,1.22848,1.22997,1.22294,1.2296,0.00089,100552.41
2016-12-26,1.2287,1.23032,1.22575,1.22742,1.2293,1.23196,1.22619,1.22763,0.00021,48105.2
2016-12-27,1.22742,1.22868,1.22406,1.2274,1.22761,1.22889,1.22415,1.22749,9e-05,86782.43
2016-12-28,1.2274,1.2297,1.22006,1.22194,1.2275,1.22974,1.22012,1.22205,0.00011,113212.3
2016-12-29,1.22195,1.23088,1.22195,1.22834,1.22211,1.23101,1.22208,1.22841,7e-05,127268.29
2016-12-30,1.22834,1.23877,1.22696,1.23399,1.22843,1.23883,1.22703,1.23543,0.00144,153255.19
2017-01-02,1.23427,1.23547,1.22717,1.22804,1.23523,1.23563,1.22748,1.22819,0.00015,61793.06
2017-01-03,1.22803,1.23067,1.21994,1.22436,1.22819,1.23076,1.21997,1.22449,0.00013,144005.19
2017-01-04,1.22435,1.23524,1.2221,1.23242,1.22451,1.23538,1.2222,1.2326,0.00018,156590.42
2017-01-05,1.23241,1.2432,1.22699,1.24208,1.23263,1.24327,1.2271,1.24227,0.00019,199446.45
2017-01-06,1.24209,1.24234,1.2261,1.22798,1.24227,1.24249,1.22617,1.22929,0.00131,156042.45
2017-01-09,1.22575,1.22707,1.21239,1.21699,1.2259,1.22719,1.21244,1.21715,0.00016,169242.55
2017-01-10,1.217,1.21898,1.21069,1.21739,1.21715,1.21903,1.21078,1.21746,7e-05,174229.05
2017-01-11,1.21739,1.2272,1.2038,1.22087,1.21748,1.22739,1.20388,1.22103,0.00016,218649.05
2017-01-12,1.22087,1.23168,1.21522,1.21646,1.22103,1.23174,1.2153,1.21666,0.0002,202020.0
2017-01-13,1.21652,1.22327,1.21211,1.2175,1.21666,1.22338,1.21221,1.21883,0.00133,175387.47
2017-01-16,1.20374,1.20851,1.1987,1.20393,1.20379,1.2086,1.19878,1.20409,0.00016,164952.31
2017-01-17,1.20393,1.2415,1.20384,1.23875,1.2041,1.2417,1.20399,1.23885,0.0001,241107.2
2017-01-18,1.23873,1.24015,1.22524,1.22596,1.23886,1.24027,1.22548,1.22612,0.00016,206345.55
2017-01-19,1.22598,1.23426,1.22526,1.23372,1.22612,1.23435,1.22538,1.23383,0.00011,218022.0
2017-01-20,1.23372,1.23802,1.22605,1.23741,1.23384,1.23811,1.22612,1.23757,0.00016,208470.72
2017-01-23,1.23847,1.25443,1.23809,1.2515,1.23864,1.25462,1.23823,1.25167,0.00017,186501.2
2017-01-24,1.25149,1.25436,1.24185,1.25317,1.25166,1.25446,1.24193,1.25325,8e-05,194912.66
2017-01-25,1.25317,1.26383,1.24908,1.26337,1.25326,1.26394,1.24918,1.26352,0.00015,192423.06
2017-01-26,1.26338,1.26731,1.25564,1.25952,1.26352,1.26738,1.25568,1.25964,0.00012,203749.62
2017-01-27,1.25947,1.26052,1.25173,1.25447,1.25963,1.26064,1.25176,1.25502,0.00055,180597.31
2017-01-30,1.25946,1.26002,1.24658,1.24997,1.25962,1.26019,1.24661,1.25013,0.00016,156003.95
2017-01-31,1.24996,1.25963,1.24122,1.25866,1.25015,1.25969,1.24133,1.2588,0.00014,195330.12
2017-02-01,1.25864,1.26796,1.25429,1.26595,1.25881,1.26804,1.25431,1.26606,0.00011,184709.42
2017-02-02,1.2659,1.2706,1.25176,1.25187,1.26604,1.27066,1.25187,1.252,0.00013,177069.91
2017-02-03,1.25187,1.25377,1.24592,1.24765,1.25199,1.25383,1.24601,1.24911,0.00146,164037.59
2017-02-06,1.24824,1.24985,1.24273,1.24676,1.2484,1.24995,1.24277,1.24691,0.00015,157769.19
2017-02-07,1.24677,1.25462,1.23467,1.24956,1.24691,1.25469,1.23474,1.24969,0.00013,169781.3
2017-02-08,1.24955,1.25496,1.24746,1.2523,1.2497,1.25503,1.24754,1.25243,0.00013,168321.61
2017-02-09,1.25231,1.25821,1.24893,1.24949,1.25243,1.25824,1.24911,1.24962,0.00013,157000.52
2017-02-10,1.24949,1.2521,1.24396,1.24835,1.24962,1.25221,1.24406,1.24927,0.00092,161477.56
2017-02-13,1.24811,1.2539,1.24804,1.25219,1.24827,1.25401,1.24814,1.25233,0.00014,145731.66
2017-02-14,1.2522,1.25483,1.24434,1.24692,1.25233,1.25487,1.24437,1.24704,0.00012,162743.42
2017-02-15,1.24692,1.24808,1.23828,1.24671,1.24704,1.24811,1.23837,1.24684,0.00013,167081.72
2017-02-16,1.24667,1.25234,1.24539,1.24857,1.2468,1.25241,1.24548,1.24868,0.00011,157614.88
2017-02-17,1.24855,1.25107,1.23878,1.24069,1.24868,1.25116,1.23887,1.24151,0.00082,152766.62
2017-02-20,1.24284,1.24825,1.24079,1.24712,1.24297,1.24831,1.2409,1.24732,0.0002,123038.18
2017-02-21,1.24714,1.24894,1.24015,1.24862,1.24735,1.249,1.24017,1.24877,0.00015,143498.36
2017-02-22,1.24865,1.25077,1.24195,1.24521,1.24877,1.25084,1.2421,1.24531,0.0001,158328.69
2017-02-23,1.2452,1.25612,1.24273,1.2554,1.24533,1.25616,1.24283,1.25553,0.00013,144477.64
2017-02-24,1.2554,1.25698,1.24478,1.24561,1.25553,1.25706,1.24485,1.24647,0.00086,131574.91
2017-02-27,1.23996,1.24785,1.23838,1.24373,1.24011,1.24793,1.23846,1.24382,9e-05,134111.61
2017-02-28,1.24373,1.24703,1.23717,1.23781,1.24383,1.2471,1.23733,1.23791,0.0001,147012.98
2017-03-01,1.23781,1.24043,1.227,1.22701,1.23789,1.24055,1.22704,1.22712,0.00011,164866.22
2017-03-02,1.227,1.23076,1.22425,1.22735,1.22712,1.2308,1.22435,1.22745,0.0001,139819.61
2017-03-03,1.22735,1.22998,1.22142,1.22915,1.22746,1.23008,1.22149,1.23008,0.00093,141172.95
2017-03-06,1.22998,1.22998,1.22241,1.22388,1.23008,1.23008,1.22246,1.22399,0.00011,121851.27
2017-03-07,1.2239,1.22522,1.21691,1.22031,1.22401,1.2253,1.217,1.22042,0.00011,134498.34
2017-03-08,1.22031,1.22137,1.21391,1.21735,1.22042,1.22147,1.21393,1.21744,9e-05,135587.06
2017-03-09,1.21735,1.21951,1.21344,1.21555,1.21745,1.21957,1.21347,1.21566,0.00011,153844.7
2017-03-10,1.21562,1.21883,1.21395,1.21636,1.21567,1.21891,1.21402,1.21672,0.00036,133747.33
2017-03-13,1.21698,1.22508,1.21563,1.22058,1.21711,1.22515,1.2157,1.22068,0.0001,151744.8
2017-03-14,1.22057,1.22141,1.21092,1.21565,1.22068,1.22149,1.21097,1.21576,0.00011,130513.21
2017-03-15,1.21564,1.23091,1.21543,1.22822,1.21576,1.231,1.21552,1.22826,4e-05,172844.55
2017-03-16,1.22822,1.23769,1.22413,1.23498,1.22828,1.23771,1.22419,1.2351,0.00012,169158.27
2017-03-17,1.23499,1.24047,1.23237,1.23945,1.23508,1.24054,1.23246,1.23973,0.00028,131701.72
2017-03-20,1.23833,1.24354,1.2335,1.23667,1.23838,1.24364,1.23356,1.23676,9e-05,120061.66
2017-03-21,1.23665,1.24944,1.23404,1.24818,1.23676,1.24948,1.23413,1.24828,0.0001,148816.44
2017-03-22,1.24818,1.2506,1.24239,1.24708,1.24826,1.25071,1.24245,1.24719,0.00011,137989.88
2017-03-23,1.24709,1.25307,1.2463,1.25161,1.24721,1.25317,1.24635,1.25172,0.00011,140294.02
2017-03-24,1.25161,1.25174,1.2469,1.2471,1.25173,1.25179,1.24698,1.24734,0.00024,112204.07
2017-03-27,1.25131,1.26151,1.25083,1.25572,1.25141,1.26157,1.25093,1.25583,0.00011,131785.88
2017-03-28,1.25574,1.25962,1.24155,1.2416,1.25583,1.25969,1.24165,1.24173,0.00013,133441.77
2017-03-29,1.24163,1.2476,1.23767,1.244,1.24173,1.24766,1.23776,1.2441,0.0001,154348.67
2017-03-30,1.244,1.25241,1.24028,1.24766,1.24409,1.25248,1.24032,1.24774,8e-05,128896.26
2017-03-31,1.24766,1.25581,1.24333,1.25512,1.24776,1.2561,1.24337,1.25546,0.00034,139160.08
2017-04-03,1.254,1.25538,1.24655,1.24902,1.25407,1.25545,1.24662,1.24912,0.0001,119467.21
2017-04-04,1.24902,1.24952,1.24189,1.24391,1.24913,1.24963,1.24194,1.24399,8e-05,124437.69
2017-04-05,1.24392,1.24979,1.24228,1.24867,1.24399,1.24987,1.24233,1.24875,8e-05,137439.47
2017-04-06,1.24867,1.25057,1.24506,1.24683,1.24873,1.25062,1.24509,1.24691,8e-05,125760.68
2017-04-07,1.2468,1.24775,1.23652,1.23678,1.24691,1.24785,1.23668,1.23785,0.00107,151265.66
2017-04-10,1.2374,1.24286,1.23679,1.2423,1.23751,1.24294,1.23687,1.2424,0.0001,115096.65
2017-04-11,1.24229,1.24944,1.24035,1.24893,1.2424,1.24949,1.24041,1.24896,3e-05,141034.56
2017-04-12,1.24891,1.25496,1.24801,1.25486,1.24902,1.25504,1.24805,1.25495,9e-05,153480.03
2017-04-13,1.25484,1.25742,1.2497,1.2504,1.25494,1.25749,1.25009,1.25049,9e-05,145216.19
2017-04-14,1.2504,1.25346,1.25004,1.25172,1.25048,1.25355,1.25011,1.25299,0.00127,90994.44
2017-04-17,1.25349,1.25959,1.25302,1.25565,1.25359,1.25966,1.25306,1.25573,8e-05,100534.87
2017-04-18,1.25565,1.29053,1.25151,1.28435,1.25573,1.29055,1.25157,1.28446,0.00011,199769.89
2017-04-19,1.28434,1.28591,1.27701,1.27814,1.28445,1.28595,1.27708,1.27822,8e-05,166095.22
2017-04-20,1.27814,1.28471,1.27724,1.28001,1.27822,1.28473,1.27733,1.2801,9e-05,147628.69
2017-04-21,1.27999,1.28345,1.27567,1.28022,1.2801,1.28351,1.27574,1.28165,0.00143,125579.65
2017-04-24,1.28228,1.28332,1.27721,1.27772,1.28242,1.28337,1.27727,1.27783,0.00011,150755.16
2017-04-25,1.27773,1.28456,1.2775,1.28319,1.27783,1.28462,1.27759,1.28331,0.00012,151244.77
2017-04-26,1.28321,1.28633,1.28048,1.28481,1.28332,1.28634,1.28055,1.28489,8e-05,160939.69
2017-04-27,1.28478,1.29171,1.28419,1.28919,1.28489,1.29174,1.28428,1.2893,0.00011,155015.34
2017-04-28,1.28916,1.29648,1.28899,1.29476,1.2893,1.29658,1.2891,1.29539,0.00063,157065.73
2017-05-01,1.29316,1.29363,1.28801,1.28969,1.29324,1.29372,1.28828,1.28975,6e-05,86527.59
2017-05-02,1.28969,1.29408,1.28641,1.29407,1.28977,1.29416,1.28649,1.29415,8e-05,114519.94
2017-05-03,1.29407,1.29474,1.28614,1.28723,1.29416,1.29483,1.28627,1.28732,9e-05,134704.58
2017-05-04,1.28723,1.29319,1.28308,1.29248,1.28731,1.29327,1.28316,1.2926,0.00012,136304.8
2017-05-05,1.2925,1.29837,1.29001,1.29753,1.2926,1.29863,1.29009,1.29851,0.00098,130430.42
2017-05-08,1.29676,1.29862,1.29298,1.29409,1.29688,1.29866,1.29303,1.29417,8e-05,137267.36
2017-05-09,1.29409,1.29608,1.29026,1.29482,1.29417,1.29612,1.29029,1.29491,9e-05,156938.45
2017-05-10,1.2948,1.29879,1.29273,1.29294,1.29492,1.29884,1.29279,1.293,6e-05,144904.73
2017-05-11,1.29294,1.29484,1.28491,1.28884,1.29299,1.2949,1.28494,1.28893,9e-05,163011.34
2017-05-12,1.28882,1.28995,1.28447,1.28848,1.28893,1.29003,1.28452,1.28878,0.0003,150487.45
2017-05-15,1.28836,1.29405,1.28815,1.29017,1.28845,1.29409,1.28819,1.29026,9e-05,138322.08
2017-05-16,1.29016,1.29571,1.28654,1.2916,1.29027,1.29584,1.2866,1.29173,0.00013,158911.83
2017-05-17,1.29162,1.29906,1.29058,1.29703,1.29173,1.29911,1.29062,1.29715,0.00012,170600.8
2017-05-18,1.29704,1.30476,1.28892,1.29544,1.29714,1.30481,1.28897,1.29551,7e-05,186870.42
2017-05-19,1.29541,1.30398,1.29415,1.30349,1.2955,1.30416,1.29421,1.30416,0.00067,141580.91
2017-05-22,1.30092,1.30429,1.29654,1.29918,1.30101,1.30433,1.29657,1.29925,7e-05,157293.12
2017-05-23,1.29915,1.30335,1.29529,1.29558,1.29923,1.30342,1.29536,1.2957,0.00012,157441.98
2017-05-24,1.29557,1.29988,1.2927,1.29776,1.2957,1.29993,1.29274,1.29784,8e-05,142790.12
2017-05-25,1.29776,1.30149,1.29271,1.29297,1.29785,1.30157,1.2928,1.29309,0.00012,120470.0
2017-05-26,1.29298,1.29301,1.27754,1.28032,1.29308,1.2931,1.27759,1.28117,0.00085,134461.77
2017-05-29,1.28134,1.28499,1.28082,1.28141,1.28148,1.28508,1.2809,1.28152,0.00011,88763.71
2017-05-30,1.28142,1.28882,1.27906,1.28082,1.28152,1.28888,1.27926,1.2809,8e-05,126345.05
2017-05-31,1.28081,1.29208,1.27692,1.28756,1.28091,1.29214,1.27697,1.28767,0.00011,148044.56
2017-06-01,1.28753,1.29157,1.28297,1.28861,1.28765,1.29164,1.28303,1.28868,7e-05,126119.02
2017-06-02,1.28861,1.29034,1.28457,1.28894,1.2887,1.29041,1.28464,1.28998,0.00104,107816.7
2017-06-05,1.28671,1.29407,1.28595,1.29057,1.28685,1.29412,1.28601,1.29064,7e-05,94555.01
2017-06-06,1.29055,1.29493,1.28718,1.2906,1.29064,1.29503,1.28725,1.29068,8e-05,110007.67
2017-06-07,1.29056,1.29687,1.28873,1.29631,1.29068,1.29696,1.28878,1.29639,8e-05,124244.62
2017-06-08,1.29631,1.29774,1.27035,1.27234,1.29641,1.29782,1.2709,1.27245,0.00011,152617.19
2017-06-09,1.27249,1.28023,1.26352,1.27365,1.27252,1.28036,1.26362,1.27493,0.00128,183228.3
2017-06-12,1.27424,1.27693,1.26385,1.26693,1.27442,1.27703,1.26392,1.267,7e-05,136990.08
2017-06-13,1.26693,1.27565,1.26418,1.2748,1.26699,1.27575,1.26424,1.27491,0.00011,125478.76
2017-06-14,1.2748,1.28177,1.27233,1.27534,1.27493,1.28188,1.2724,1.27545,0.00011,161550.64
2017-06-15,1.27533,1.27953,1.26902,1.27599,1.27546,1.27958,1.2691,1.27608,9e-05,146000.62
2017-06-16,1.27598,1.28052,1.27578,1.27726,1.27609,1.28055,1.27587,1.27797,0.00071,119595.59
2017-06-19,1.27743,1.28144,1.27233,1.27304,1.2775,1.28147,1.27238,1.27311,7e-05,128796.01
2017-06-20,1.27303,1.27577,1.26029,1.26317,1.27312,1.27583,1.26037,1.26326,9e-05,171989.19
2017-06-21,1.26317,1.27098,1.2589,1.26743,1.26326,1.27104,1.25895,1.26751,8e-05,135480.28
2017-06-22,1.26742,1.26911,1.26541,1.26777,1.26753,1.26916,1.26543,1.26786,9e-05,135599.7
2017-06-23,1.26777,1.27444,1.26756,1.27159,1.26787,1.27447,1.26762,1.27197,0.00038,110156.44
2017-06-26,1.27446,1.27594,1.27061,1.27234,1.27452,1.27601,1.27067,1.27243,9e-05,118813.05
2017-06-27,1.27231,1.28608,1.2716,1.28127,1.27242,1.28619,1.27168,1.28136,9e-05,147922.12
2017-06-28,1.28127,1.2972,1.27936,1.29394,1.28138,1.29725,1.27944,1.29401,7e-05,175031.56
2017-06-29,1.29394,1.30152,1.29378,1.30081,1.29404,1.30158,1.29386,1.30089,8e-05,154606.84
2017-06-30,1.30079,1.30298,1.29459,1.30183,1.3009,1.30306,1.29462,1.30295,0.00112,134663.86
2017-07-03,1.30151,1.30223,1.29317,1.29483,1.30159,1.3023,1.29324,1.29488,5e-05,132505.11
2017-07-04,1.29482,1.29587,1.29117,1.29351,1.29488,1.29593,1.29131,1.29359,8e-05,153636.98
2017-07-05,1.29352,1.29476,1.2893,1.29305,1.29364,1.29485,1.28938,1.29313,8e-05,133812.94
2017-07-06,1.29302,1.29834,1.29195,1.29682,1.2931,1.29844,1.29201,1.29686,4e-05,127744.79
2017-07-07,1.29682,1.29745,1.28666,1.28864,1.29685,1.29753,1.2867,1.28874,0.0001,115222.11
2017-07-10,1.289,1.29079,1.28546,1.28802,1.2891,1.29086,1.28551,1.28808,6e-05,95492.26
2017-07-11,1.28799,1.29271,1.28308,1.28587,1.28808,1.29277,1.28314,1.28594,7e-05,117569.11
2017-07-12,1.28587,1.29073,1.28116,1.2892,1.28596,1.29077,1.28122,1.28927,7e-05,146020.12
2017-07-13,1.28917,1.29549,1.28901,1.29468,1.28926,1.29554,1.28904,1.29472,4e-05,131318.78
2017-07-14,1.29467,1.31135,1.29352,1.30973,1.29473,1.3114,1.29361,1.30996,0.00023,128146.24
2017-07-17,1.31093,1.31106,1.30465,1.30511,1.31106,1.31112,1.30472,1.30521,0.0001,121296.06
2017-07-18,1.30511,1.31253,1.30049,1.30359,1.30521,1.31261,1.30053,1.30367,8e-05,153927.0
2017-07-19,1.30359,1.30527,1.30106,1.30301,1.30366,1.3053,1.30111,1.3031,9e-05,126922.64
2017-07-20,1.30302,1.30323,1.29329,1.29646,1.30311,1.30331,1.29336,1.29656,0.0001,158446.34
2017-07-21,1.29648,1.30195,1.29531,1.29931,1.29657,1.30202,1.29541,1.29971,0.0004,116783.11
2017-07-24,1.30047,1.30577,1.29894,1.30257,1.30055,1.30581,1.29897,1.30268,0.00011,114475.85
2017-07-25,1.30258,1.30837,1.30074,1.30267,1.30269,1.30843,1.30082,1.30275,8e-05,128400.92
2017-07-26,1.30265,1.31256,1.29996,1.31143,1.30275,1.3129,1.30003,1.31148,5e-05,149850.14
2017-07-27,1.31143,1.31585,1.30506,1.30758,1.31147,1.31589,1.3052,1.30766,8e-05,153194.28
2017-07-28,1.30757,1.31517,1.30686,1.31335,1.30765,1.31526,1.30692,1.31365,0.0003,128134.46
2017-07-31,1.3143,1.32236,1.3097,1.31967,1.31441,1.32248,1.30974,1.31973,6e-05,130090.45
2017-08-01,1.31968,1.32442,1.31957,1.32076,1.31977,1.3245,1.31964,1.32082,6e-05,125009.61
2017-08-02,1.32073,1.32504,1.31908,1.32273,1.32082,1.32508,1.31917,1.32277,4e-05,112265.27
2017-08-03,1.32273,1.32679,1.31123,1.31437,1.32281,1.32681,1.31128,1.31441,4e-05,128021.18
2017-08-04,1.31438,1.3164,1.30238,1.30366,1.31441,1.31648,1.30241,1.30398,0.00032,109993.08
2017-08-07,1.30457,1.30589,1.30138,1.30347,1.30467,1.30595,1.30141,1.30353,6e-05,90580.66
2017-08-08,1.30346,1.30535,1.29523,1.29858,1.30352,1.30542,1.29527,1.29867,9e-05,99971.85
2017-08-09,1.29858,1.30282,1.2968,1.3011,1.29866,1.30287,1.29687,1.3012,0.0001,120524.3
2017-08-10,1.30108,1.30152,1.29513,1.29767,1.30119,1.30159,1.29519,1.29776,9e-05,115907.77
2017-08-11,1.29764,1.30313,1.29393,1.30078,1.29776,1.30321,1.29399,1.30195,0.00117,111027.76
2017-08-14,1.30048,1.30217,1.29534,1.29652,1.30058,1.30226,1.29542,1.29658,6e-05,110712.93
2017-08-15,1.29652,1.297,1.2846,1.28672,1.29658,1.29707,1.28467,1.28677,5e-05,129886.61
2017-08-16,1.28667,1.2903,1.28413,1.289,1.28674,1.29036,1.28421,1.28907,7e-05,128921.15
2017-08-17,1.28898,1.29088,1.28525,1.28639,1.28907,1.29091,1.28529,1.28649,0.0001,138058.66
2017-08-18,1.28639,1.29162,1.28313,1.28723,1.2865,1.29173,1.28322,1.28777,0.00054,119981.64
2017-08-21,1.28712,1.29163,1.28501,1.28974,1.28721,1.29168,1.28508,1.2898,6e-05,100894.24
2017-08-22,1.28973,1.29085,1.28107,1.2822,1.2898,1.29095,1.28114,1.28228,8e-05,105035.6
2017-08-23,1.2822,1.28334,1.27795,1.28038,1.28228,1.28338,1.27799,1.28042,4e-05,121824.48
2017-08-24,1.28037,1.28367,1.27738,1.27994,1.28042,1.28372,1.27743,1.28005,0.00011,132048.48
2017-08-25,1.27996,1.28887,1.27941,1.28761,1.28008,1.28897,1.27949,1.28841,0.0008,125018.43
2017-08-28,1.29032,1.29427,1.28734,1.2926,1.29039,1.29431,1.28742,1.29268,8e-05,115724.96
2017-08-29,1.29266,1.29783,1.29146,1.29222,1.29268,1.29792,1.29156,1.2923,8e-05,141191.58
2017-08-30,1.29223,1.29379,1.28785,1.29192,1.2923,1.29384,1.28788,1.29201,9e-05,132709.95
2017-08-31,1.29193,1.29444,1.28526,1.2939,1.29199,1.29457,1.2853,1.29397,7e-05,139793.98
2017-09-01,1.2939,1.29951,1.29051,1.29507,1.29397,1.2996,1.29057,1.29533,0.00026,128957.54
2017-09-04,1.29634,1.29662,1.29125,1.29231,1.29645,1.2967,1.29133,1.29236,5e-05,112422.8
2017-09-05,1.29231,1.30441,1.29088,1.30399,1.29238,1.30448,1.29095,1.3041,0.00011,150420.83
2017-09-06,1.30399,1.30819,1.30183,1.30456,1.30407,1.30826,1.30191,1.30463,7e-05,131666.3
2017-09-07,1.30455,1.31155,1.30325,1.31043,1.30463,1.31163,1.30332,1.31052,9e-05,156811.97
2017-09-08,1.31044,1.3224,1.30981,1.31915,1.31052,1.32246,1.30991,1.3196,0.00045,149756.08
2017-09-11,1.31968,1.32222,1.31587,1.31688,1.31979,1.32228,1.31614,1.31693,5e-05,134426.69
2017-09-12,1.31687,1.32981,1.31605,1.32883,1.31693,1.32987,1.31613,1.32893,0.0001,145084.36
2017-09-13,1.32882,1.33289,1.31836,1.32064,1.32894,1.33296,1.3185,1.32074,0.0001,137599.98
2017-09-14,1.32065,1.34053,1.31488,1.33971,1.32074,1.34063,1.3155,1.3398,9e-05,171716.09
2017-09-15,1.33971,1.36165,1.3382,1.35937,1.3398,1.3617,1.33823,1.35962,0.00025,167138.95
2017-09-18,1.35768,1.36183,1.34647,1.35146,1.35771,1.36192,1.34653,1.35152,6e-05,166116.39
2017-09-19,1.35145,1.35514,1.34683,1.35138,1.35156,1.35522,1.34689,1.35146,8e-05,152819.31
2017-09-20,1.35136,1.36574,1.34516,1.34899,1.35146,1.36594,1.34527,1.34909,0.0001,253078.75
2017-09-21,1.34899,1.35863,1.34707,1.35789,1.34906,1.35869,1.34714,1.35801,0.00012,211354.12
2017-09-22,1.35784,1.35959,1.34496,1.34934,1.35799,1.35963,1.34511,1.34977,0.00043,230630.14
2017-09-25,1.35044,1.35706,1.3431,1.34764,1.35059,1.35711,1.34314,1.34778,0.00014,165584.44
2017-09-26,1.34764,1.3514,1.34094,1.34407,1.34776,1.35145,1.341,1.34414,7e-05,154772.5
2017-09-27,1.34407,1.34487,1.33635,1.33979,1.34414,1.34492,1.33642,1.33989,0.0001,167508.3
2017-09-28,1.33979,1.34553,1.33429,1.34292,1.33989,1.34558,1.33433,1.34303,0.00011,163251.48
2017-09-29,1.34293,1.34294,1.33496,1.33953,1.34302,1.34302,1.33503,1.3401,0.00057,140295.05
2017-10-02,1.3393,1.33954,1.32563,1.32726,1.3394,1.33962,1.32571,1.32736,0.0001,152691.05
2017-10-03,1.32727,1.32876,1.32219,1.32418,1.32736,1.32883,1.32227,1.32425,7e-05,143107.55
2017-10-04,1.32419,1.32915,1.32313,1.32328,1.32425,1.32919,1.3232,1.32334,6e-05,149909.84
2017-10-05,1.32328,1.32498,1.31076,1.31125,1.32336,1.32505,1.31082,1.31138,0.00013,146324.45
2017-10-06,1.31125,1.31126,1.3027,1.30645,1.31138,1.31138,1.30277,1.30707,0.00062,140256.11
2017-10-09,1.30823,1.31836,1.30751,1.31412,1.30834,1.31843,1.30757,1.31421,9e-05,114786.14
2017-10-10,1.31413,1.32253,1.31396,1.32091,1.31421,1.32261,1.31406,1.32099,8e-05,130736.37
2017-10-11,1.32091,1.32407,1.31752,1.32381,1.321,1.32416,1.3176,1.32388,7e-05,123823.15
2017-10-12,1.32381,1.32902,1.31213,1.32635,1.32388,1.32912,1.3122,1.32645,0.0001,160125.14
2017-10-13,1.32634,1.33375,1.32467,1.32823,1.32646,1.3338,1.32476,1.32881,0.00058,142146.77
2017-10-16,1.3288,1.33115,1.32252,1.32529,1.32886,1.33121,1.32258,1.3254,0.00011,119366.19
2017-10-17,1.32529,1.32869,1.31545,1.31913,1.3254,1.32876,1.31552,1.31921,8e-05,140437.84
2017-10-18,1.3191,1.32159,1.31399,1.32112,1.31921,1.32168,1.31407,1.32122,0.0001,130942.15
2017-10-19,1.32112,1.32281,1.31288,1.3151,1.3212,1.32292,1.31333,1.3152,0.0001,159048.52
2017-10-20,1.3151,1.32003,1.30876,1.31871,1.3152,1.32008,1.30884,1.31896,0.00025,140234.34
2017-10-23,1.31907,1.32267,1.31576,1.32026,1.31919,1.32274,1.31582,1.32035,9e-05,123354.98
2017-10-24,1.32026,1.32274,1.31132,1.313,1.32034,1.32279,1.31137,1.31307,7e-05,128280.47
2017-10-25,1.313,1.32746,1.31099,1.32717,1.31307,1.32754,1.31104,1.32724,7e-05,149431.34
2017-10-26,1.32715,1.3279,1.3122,1.31295,1.32724,1.32797,1.31223,1.313,5e-05,138773.55
2017-10-27,1.31293,1.31394,1.30697,1.31247,1.313,1.31399,1.30704,1.31307,0.0006,121653.24
2017-10-30,1.3134,1.32148,1.31269,1.32131,1.31348,1.32155,1.31278,1.32139,8e-05,115473.44
2017-10-31,1.32128,1.32933,1.31914,1.329,1.32139,1.3294,1.31925,1.32907,7e-05,120500.9
2017-11-01,1.329,1.33206,1.32403,1.32555,1.32906,1.33215,1.32409,1.32562,7e-05,135959.33
2017-11-02,1.32555,1.32988,1.30425,1.30531,1.32564,1.32991,1.30434,1.3054,9e-05,177874.12
2017-11-03,1.30531,1.31322,1.3039,1.30738,1.3054,1.31345,1.30397,1.30782,0.00044,126601.38
2017-11-06,1.30793,1.31748,1.30583,1.31733,1.30797,1.31757,1.30589,1.31739,6e-05,138475.67
2017-11-07,1.31731,1.31775,1.31088,1.3171,1.31738,1.31782,1.31097,1.31719,9e-05,154796.8
2017-11-08,1.3171,1.31754,1.30861,1.3113,1.31719,1.31762,1.30868,1.3114,0.0001,129028.32
2017-11-09,1.31129,1.31654,1.3085,1.31423,1.3114,1.3166,1.30858,1.31434,0.00011,155293.59
2017-11-10,1.31423,1.32292,1.31121,1.31881,1.31434,1.32299,1.31129,1.31919,0.00038,143947.34
2017-11-13,1.31197,1.31348,1.30619,1.312,1.31206,1.31354,1.30625,1.31211,0.00011,136954.67
2017-11-14,1.31201,1.31869,1.30747,1.3157,1.31209,1.31874,1.30756,1.31577,7e-05,139879.16
2017-11-15,1.3157,1.32137,1.31301,1.31723,1.31577,1.32148,1.3131,1.31736,0.00013,168808.47
2017-11-16,1.31725,1.32074,1.31351,1.31992,1.31734,1.32088,1.31355,1.32,8e-05,147206.06
2017-11-17,1.31992,1.32601,1.31694,1.32156,1.32,1.32609,1.31703,1.3221,0.00054,160066.53
2017-11-20,1.31986,1.32793,1.31854,1.32415,1.31995,1.328,1.31862,1.32422,7e-05,150683.61
2017-11-21,1.32415,1.32673,1.32086,1.32468,1.32423,1.32678,1.32098,1.32481,0.00013,140651.67
2017-11-22,1.32468,1.33291,1.32133,1.33146,1.3248,1.333,1.32139,1.33155,9e-05,134859.72
2017-11-23,1.33153,1.33367,1.32841,1.33054,1.33156,1.33371,1.32849,1.33063,9e-05,111897.52
2017-11-24,1.33054,1.336,1.32783,1.33346,1.33063,1.33604,1.32791,1.33417,0.00071,127211.62
2017-11-27,1.33235,1.3383,1.33094,1.33208,1.33243,1.33836,1.33104,1.3322,0.00012,137836.91
2017-11-28,1.33208,1.33871,1.32208,1.33639,1.3322,1.33875,1.32215,1.33649,0.0001,185121.83
2017-11-29,1.33639,1.34479,1.33524,1.34164,1.33649,1.34484,1.33528,1.34173,9e-05,174584.98
2017-11-30,1.34164,1.35486,1.34091,1.35292,1.34173,1.3549,1.34101,1.35302,0.0001,194391.95
2017-12-01,1.35292,1.35491,1.34445,1.34746,1.35302,1.355,1.34456,1.34764,0.00018,199307.62
2017-12-04,1.34897,1.35383,1.34136,1.34728,1.34906,1.3539,1.34148,1.34739,0.00011,186753.67
2017-12-05,1.34728,1.34772,1.33704,1.34138,1.34733,1.3478,1.33709,1.34148,0.0001,169736.66
2017-12-06,1.34138,1.34361,1.33576,1.3391,1.34148,1.34367,1.33581,1.3392,0.0001,168413.69
2017-12-07,1.3391,1.34851,1.33198,1.3482,1.33919,1.3486,1.33205,1.3483,0.0001,167314.44
2017-12-08,1.34818,1.35202,1.33556,1.33789,1.3483,1.35208,1.33561,1.33849,0.0006,167828.88
2017-12-11,1.339,1.34313,1.33306,1.33468,1.33915,1.34321,1.33314,1.33481,0.00013,152621.23
2017-12-12,1.33468,1.33799,1.33034,1.33192,1.33481,1.33806,1.33042,1.332,8e-05,158748.69
2017-12-13,1.33192,1.34299,1.33114,1.34089,1.332,1.34304,1.33121,1.341,0.00011,181745.02
2017-12-14,1.34089,1.34658,1.33921,1.34321,1.341,1.34667,1.3393,1.34331,0.0001,202517.12
2017-12-15,1.34321,1.34474,1.33013,1.33269,1.34329,1.3448,1.33018,1.33287,0.00018,185550.73
2017-12-18,1.33155,1.34182,1.33101,1.33784,1.33168,1.34189,1.33107,1.33797,0.00013,163200.55
2017-12-19,1.33785,1.34021,1.33309,1.33853,1.33797,1.34027,1.33318,1.33865,0.00012,187483.64
2017-12-20,1.33853,1.34199,1.33679,1.33697,1.33865,1.34206,1.33696,1.33707,0.0001,166890.31
2017-12-21,1.33697,1.33872,1.33311,1.33776,1.33707,1.33883,1.33319,1.33789,0.00013,157390.48
2017-12-22,1.3377,1.33971,1.3346,1.33541,1.33785,1.33977,1.33474,1.33637,0.00096,152847.86
2017-12-25,1.33478,1.3394,1.33478,1.33733,1.33852,1.33995,1.33632,1.33749,0.00016,6076.9
2017-12-26,1.33734,1.3389,1.33473,1.33738,1.33749,1.33897,1.33481,1.3375,0.00012,133342.52
2017-12-27,1.33737,1.34295,1.33672,1.34023,1.33749,1.34299,1.33683,1.34041,0.00018,150762.05
2017-12-28,1.34023,1.34563,1.33974,1.34393,1.34041,1.34571,1.33987,1.34403,0.0001,141580.7
2017-12-29,1.34402,1.3544,1.34382,1.34944,1.34405,1.35446,1.34389,1.35242,0.00298,152944.62
2018-01-01,1.35065,1.3521,1.34945,1.35096,1.35104,1.35306,1.35072,1.35108,0.00012,6558.7
2018-01-02,1.35095,1.36001,1.35075,1.35939,1.35109,1.36008,1.35083,1.35949,0.0001,165399.7
2018-01-03,1.35938,1.36124,1.34948,1.35107,1.3595,1.36133,1.34952,1.35115,8e-05,166337.78
2018-01-04,1.35106,1.35595,1.35052,1.35513,1.35116,1.35603,1.3506,1.35523,0.0001,158131.17
2018-01-05,1.35513,1.35823,1.35231,1.3564,1.3552,1.3583,1.35239,1.35712,0.00072,153131.59
2018-01-08,1.35755,1.35853,1.35229,1.35696,1.35768,1.35861,1.35235,1.35702,6e-05,126241.17
2018-01-09,1.35697,1.35822,1.35063,1.35299,1.35702,1.35829,1.35068,1.35308,9e-05,144613.12
2018-01-10,1.35298,1.35618,1.34816,1.35115,1.35307,1.35625,1.34822,1.35124,9e-05,174886.97
2018-01-11,1.35115,1.35546,1.34579,1.35407,1.35124,1.35552,1.34586,1.35418,0.00011,179138.3
2018-01-12,1.35408,1.3744,1.35376,1.37277,1.35419,1.37449,1.35382,1.37328,0.00051,193268.44
2018-01-15,1.37317,1.38193,1.37294,1.37935,1.3732,1.38199,1.37301,1.37948,0.00013,171252.39
2018-01-16,1.37936,1.38052,1.37417,1.37969,1.37947,1.38063,1.37422,1.37979,0.0001,189726.2
2018-01-17,1.37969,1.3942,1.37566,1.38246,1.37979,1.39431,1.37575,1.38256,0.0001,214329.77
2018-01-18,1.38246,1.3913,1.38044,1.38923,1.38256,1.39138,1.38051,1.38932,9e-05,213342.33
2018-01-19,1.38924,1.39449,1.38383,1.38479,1.38931,1.39453,1.38387,1.38569,0.0009,201860.34
2018-01-22,1.38903,1.39905,1.38569,1.39835,1.38913,1.39915,1.38577,1.39842,7e-05,190165.31
2018-01-23,1.39835,1.40273,1.39158,1.40115,1.39841,1.40283,1.39163,1.40127,0.00012,206759.41
2018-01-24,1.40117,1.42627,1.40005,1.42197,1.40128,1.42645,1.40014,1.42207,0.0001,253510.81
2018-01-25,1.42197,1.43451,1.40827,1.4149,1.42207,1.43457,1.40838,1.41503,0.00013,321620.09
2018-01-26,1.4149,1.42854,1.41364,1.41562,1.41503,1.42874,1.41371,1.41677,0.00115,277607.53
2018-01-29,1.41501,1.41579,1.4025,1.40722,1.41516,1.41589,1.4026,1.40731,9e-05,250285.47
2018-01-30,1.40722,1.41665,1.39798,1.41548,1.40732,1.41673,1.39802,1.41559,0.00011,262073.78
2018-01-31,1.41548,1.42325,1.41216,1.41986,1.41559,1.42329,1.41223,1.41996,0.0001,272886.25
2018-02-01,1.41987,1.42781,1.41594,1.42656,1.41996,1.42789,1.41603,1.42667,0.00011,255618.83
2018-02-02,1.42656,1.42777,1.41013,1.41213,1.42665,1.42787,1.4102,1.41243,0.0003,257639.7
2018-02-05,1.41101,1.41501,1.39421,1.39435,1.41109,1.41509,1.39428,1.39447,0.00012,269036.91
2018-02-06,1.39437,1.39992,1.38363,1.39572,1.39449,1.4,1.38368,1.39584,0.00012,319674.44
2018-02-07,1.39572,1.39937,1.38482,1.38787,1.39584,1.3994,1.38491,1.38797,0.0001,252421.7
2018-02-08,1.38787,1.40671,1.38454,1.39354,1.38798,1.40676,1.38463,1.39367,0.00013,331143.66
2018-02-09,1.39356,1.39871,1.37642,1.38239,1.39368,1.39877,1.37651,1.38284,0.00045,291692.5
2018-02-12,1.38234,1.38758,1.37958,1.38484,1.38244,1.38764,1.37965,1.385,0.00016,216866.39
2018-02-13,1.38484,1.39239,1.38323,1.38836,1.385,1.39248,1.3833,1.38847,0.00011,225951.62
2018-02-14,1.38836,1.40164,1.37996,1.40144,1.38847,1.40179,1.38009,1.40161,0.00017,263237.91
2018-02-15,1.40146,1.41088,1.39989,1.41042,1.40161,1.41098,1.39994,1.41054,0.00012,253329.56
2018-02-16,1.41042,1.41444,1.39964,1.40298,1.41054,1.41454,1.39974,1.40408,0.0011,227707.78
2018-02-19,1.40313,1.40488,1.39584,1.39919,1.40325,1.40499,1.39594,1.39933,0.00014,182015.27
2018-02-20,1.39918,1.40242,1.39311,1.39989,1.39932,1.40249,1.39315,1.40003,0.00014,218246.05
2018-02-21,1.39986,1.40082,1.39039,1.39101,1.39998,1.40095,1.39048,1.3911,9e-05,250655.56
2018-02-22,1.391,1.39885,1.38565,1.39506,1.3911,1.39895,1.38575,1.39517,0.00011,234913.38
2018-02-23,1.39507,1.40049,1.39044,1.39656,1.39518,1.40057,1.39057,1.39737,0.00081,183442.22
2018-02-26,1.3968,1.40696,1.3928,1.39637,1.39692,1.40701,1.39287,1.39646,9e-05,145875.61
2018-02-27,1.39637,1.39962,1.38574,1.39042,1.39645,1.39971,1.38585,1.39052,0.0001,175693.73
2018-02-28,1.39042,1.39158,1.37488,1.37543,1.39054,1.3917,1.37497,1.37553,0.0001,185035.48
2018-03-01,1.37543,1.37846,1.37115,1.37749,1.3755,1.37856,1.37124,1.37761,0.00012,209582.36
2018-03-02,1.37749,1.38166,1.37554,1.3798,1.37761,1.38175,1.37563,1.38064,0.00084,188238.27
2018-03-05,1.37948,1.38769,1.37664,1.38487,1.3796,1.38778,1.3767,1.38496,9e-05,178159.38
2018-03-06,1.38489,1.39291,1.38163,1.38987,1.38497,1.39301,1.3817,1.39001,0.00014,182885.7
2018-03-07,1.38985,1.39118,1.38459,1.39042,1.38998,1.39128,1.38467,1.39047,5e-05,174116.3
2018-03-08,1.39041,1.39098,1.37807,1.38031,1.39049,1.39104,1.37823,1.38044,0.00013,179293.45
2018-03-09,1.38031,1.38886,1.37878,1.38447,1.38044,1.38898,1.37887,1.38555,0.00108,162797.94
2018-03-12,1.38552,1.39174,1.3841,1.39045,1.38556,1.39179,1.38418,1.39057,0.00012,127094.83
2018-03-13,1.39047,1.39938,1.38745,1.39709,1.39055,1.39946,1.38751,1.3972,0.00011,153504.73
2018-03-14,1.3971,1.39955,1.39255,1.39691,1.3972,1.39963,1.39262,1.397,9e-05,146893.66
2018-03-15,1.39689,1.39884,1.39213,1.39368,1.397,1.39894,1.39221,1.39374,6e-05,183823.72
2018-03-16,1.39364,1.39807,1.38891,1.39432,1.39372,1.3981,1.38896,1.39484,0.00052,128694.2
2018-03-19,1.39427,1.40881,1.39128,1.40242,1.39437,1.4089,1.39138,1.40252,0.0001,170551.16
2018-03-20,1.40241,1.40664,1.39826,1.40036,1.40252,1.40669,1.39834,1.40047,0.00011,142184.98
2018-03-21,1.40035,1.41504,1.40014,1.41425,1.40046,1.41514,1.4002,1.41436,0.00011,176216.09
2018-03-22,1.41425,1.42175,1.40756,1.4112,1.41436,1.42204,1.40767,1.41131,0.00011,189968.77
2018-03-23,1.41121,1.41717,1.40849,1.41305,1.41131,1.41724,1.40858,1.41364,0.00059,150250.95
2018-03-26,1.41476,1.42442,1.41448,1.42374,1.41486,1.4245,1.41459,1.42384,0.0001,125227.64
2018-03-27,1.42372,1.4244,1.40659,1.41761,1.42384,1.42449,1.40666,1.41773,0.00012,148547.52
2018-03-28,1.41761,1.42001,1.40703,1.40824,1.41773,1.42007,1.40713,1.40835,0.00011,147577.34
2018-03-29,1.40824,1.40959,1.40106,1.40237,1.40835,1.40968,1.40113,1.40278,0.00041,149066.17
2018-03-30,1.40233,1.40594,1.40088,1.40088,1.4028,1.4061,1.40129,1.40214,0.00126,93558.14
2018-04-02,1.40355,1.40775,1.40259,1.40464,1.40371,1.40784,1.40266,1.40474,0.0001,97569.44
2018-04-03,1.40464,1.40883,1.40208,1.40688,1.40472,1.40891,1.40216,1.407,0.00012,132532.83
2018-04-04,1.40688,1.40962,1.40146,1.40874,1.407,1.40972,1.40158,1.40883,9e-05,142400.45
2018-04-05,1.40874,1.40968,1.39652,1.4006,1.40883,1.40977,1.39664,1.40069,9e-05,150709.56
2018-04-06,1.4006,1.41055,1.39827,1.40814,1.40069,1.41064,1.39832,1.40953,0.00139,138042.31
2018-04-09,1.409,1.41644,1.40782,1.4133,1.40912,1.4165,1.40793,1.41342,0.00012,122655.48
2018-04-10,1.41327,1.41878,1.41199,1.41812,1.41342,1.41886,1.41209,1.41818,6e-05,129141.43
2018-04-11,1.41811,1.4223,1.41608,1.41872,1.41818,1.42239,1.41614,1.41879,7e-05,120138.02
2018-04-12,1.41871,1.42464,1.41451,1.42389,1.41879,1.42472,1.41459,1.424,0.00011,128358.64
2018-04-13,1.42389,1.42961,1.42205,1.42372,1.42398,1.4297,1.42216,1.42416,0.00044,100913.44
2018-04-16,1.42453,1.43438,1.42366,1.434,1.4246,1.43446,1.42371,1.43412,0.00012,98592.04
2018-04-17,1.434,1.43763,1.42826,1.42964,1.43412,1.4377,1.42831,1.42971,7e-05,122643.99
2018-04-18,1.42963,1.43142,1.41728,1.42018,1.42971,1.43152,1.41738,1.42032,0.00014,122988.84
2018-04-19,1.42017,1.42454,1.40684,1.40838,1.42032,1.42465,1.40696,1.40846,8e-05,140169.8
2018-04-20,1.40838,1.40873,1.39965,1.40002,1.40846,1.4088,1.39992,1.40063,0.00061,126669.47
2018-04-23,1.40017,1.40307,1.39261,1.39371,1.40026,1.40318,1.39266,1.39379,8e-05,112125.81
2018-04-24,1.39372,1.39965,1.39177,1.39937,1.39379,1.39975,1.39187,1.39942,5e-05,110150.24
2018-04-25,1.39937,1.39937,1.3921,1.39354,1.39946,1.39946,1.39239,1.39364,0.0001,102771.18
2018-04-26,1.39357,1.3998,1.38947,1.39175,1.39368,1.39986,1.38954,1.39184,9e-05,136163.17
2018-04-27,1.39175,1.39342,1.3747,1.37785,1.39184,1.39351,1.3748,1.37859,0.00074,124970.1
2018-04-30,1.37688,1.37922,1.37125,1.37718,1.37698,1.37931,1.3713,1.37728,0.0001,112795.74
2018-05-01,1.37719,1.37725,1.3588,1.36082,1.37728,1.37735,1.35889,1.36096,0.00014,122411.05
2018-05-02,1.36082,1.36656,1.35546,1.35717,1.36097,1.36666,1.35559,1.35727,0.0001,169206.08
2018-05-03,1.35717,1.36293,1.35377,1.35713,1.35726,1.36301,1.35385,1.35723,0.0001,165904.48
2018-05-04,1.35713,1.35856,1.34861,1.35253,1.35723,1.35865,1.34871,1.35351,0.00098,127306.63
2018-05-07,1.35312,1.35751,1.35151,1.35679,1.35318,1.35759,1.3516,1.35687,8e-05,110330.58
2018-05-08,1.35678,1.35926,1.34843,1.35527,1.35687,1.35935,1.3485,1.35537,0.0001,153186.73
2018-05-09,1.35527,1.36068,1.3499,1.35429,1.35537,1.36075,1.34997,1.35437,8e-05,141810.55
2018-05-10,1.35427,1.36174,1.34598,1.35213,1.35436,1.36181,1.34605,1.35221,8e-05,179691.27
2018-05-11,1.35212,1.35957,1.35017,1.35407,1.35223,1.35962,1.35026,1.35451,0.00044,121975.54
2018-05-14,1.35496,1.36079,1.35425,1.35606,1.35505,1.36086,1.35435,1.35619,0.00013,105603.21
2018-05-15,1.35609,1.35718,1.34511,1.34994,1.35621,1.35727,1.34518,1.35002,8e-05,157470.84
2018-05-16,1.34993,1.35515,1.34554,1.35468,1.35002,1.35524,1.34563,1.3548,0.00012,158885.19
2018-05-17,1.35468,1.35688,1.34741,1.35102,1.3548,1.35697,1.34749,1.35111,9e-05,694636.0
2018-05-18,1.35103,1.3528,1.34548,1.34679,1.35112,1.35284,1.34558,1.34771,0.00092,118727.76
2018-05-21,1.34758,1.34758,1.33907,1.34309,1.3477,1.3477,1.33911,1.34319,0.0001,125639.86
2018-05-22,1.34306,1.34911,1.34123,1.34405,1.34315,1.34921,1.34132,1.34416,0.00011,136387.55
2018-05-23,1.34407,1.34422,1.3305,1.33695,1.34417,1.34431,1.33059,1.33707,0.00012,187717.16
2018-05-24,1.33695,1.34216,1.33497,1.33823,1.33707,1.34222,1.33505,1.33834,0.00011,174540.78
2018-05-25,1.33823,1.33837,1.32928,1.32946,1.33834,1.33846,1.32949,1.32997,0.00051,155391.55
2018-05-28,1.33077,1.33408,1.32961,1.33118,1.33085,1.33415,1.32968,1.33126,8e-05,124379.07
2018-05-29,1.3312,1.3325,1.32044,1.32535,1.33128,1.33257,1.32052,1.32548,0.00013,192503.59
2018-05-30,1.32535,1.33069,1.32418,1.32838,1.32548,1.33078,1.32427,1.32848,0.0001,171445.98
2018-05-31,1.32838,1.33478,1.32771,1.32887,1.32848,1.33487,1.32779,1.32896,9e-05,182246.7
2018-06-01,1.32888,1.33617,1.32538,1.33449,1.32898,1.33624,1.32544,1.33498,0.00049,149183.78
2018-06-04,1.33528,1.33985,1.32947,1.33155,1.33538,1.3399,1.32951,1.33165,0.0001,111764.51
2018-06-05,1.33155,1.34155,1.33019,1.34061,1.33166,1.34171,1.33027,1.34071,0.0001,149985.98
2018-06-06,1.34062,1.34429,1.33968,1.34195,1.34073,1.34437,1.33975,1.34205,0.0001,133692.19
2018-06-07,1.34195,1.34722,1.33714,1.34154,1.34204,1.34727,1.33732,1.34165,0.00011,156029.77
2018-06-08,1.3416,1.3439,1.33544,1.34081,1.34168,1.34398,1.33548,1.34103,0.00022,131742.41
2018-06-11,1.3413,1.34413,1.33444,1.33711,1.34141,1.34419,1.33451,1.33718,7e-05,109694.7
2018-06-12,1.33711,1.34243,1.33418,1.33734,1.33721,1.34252,1.33426,1.33745,0.00011,141883.81
2018-06-13,1.33734,1.3389,1.33079,1.33811,1.33743,1.33901,1.33088,1.3382,9e-05,139879.36
2018-06-14,1.33811,1.34463,1.32532,1.32543,1.3382,1.34471,1.3254,1.32554,0.00011,174698.91
2018-06-15,1.32541,1.32978,1.3211,1.32763,1.32554,1.32988,1.32119,1.32879,0.00116,145645.58
2018-06-18,1.32756,1.32757,1.32257,1.32577,1.32764,1.32764,1.32264,1.32587,0.0001,121927.29
2018-06-19,1.32579,1.32726,1.31507,1.31728,1.32586,1.32735,1.31512,1.31737,9e-05,163610.75
2018-06-20,1.31728,1.3217,1.31458,1.31718,1.31737,1.32175,1.31467,1.31727,9e-05,152588.41
2018-06-21,1.31718,1.32698,1.31018,1.32446,1.31729,1.32701,1.31026,1.32454,8e-05,210052.66
2018-06-22,1.32445,1.33146,1.32444,1.32593,1.32456,1.33153,1.32456,1.32712,0.00119,157787.17
2018-06-25,1.32615,1.32904,1.32212,1.32771,1.32622,1.32913,1.32219,1.32784,0.00013,153818.73
2018-06-26,1.32774,1.32918,1.31922,1.32201,1.32785,1.32925,1.31928,1.32212,0.00011,183295.27
2018-06-27,1.322,1.32336,1.31063,1.31193,1.32211,1.32343,1.31071,1.31202,9e-05,233685.62
2018-06-28,1.31191,1.31199,1.30495,1.30745,1.31203,1.31209,1.30502,1.30757,0.00012,198514.53
2018-06-29,1.30743,1.32136,1.30686,1.3204,1.30752,1.32172,1.30694,1.32172,0.00132,196898.45
2018-07-02,1.32073,1.32073,1.3095,1.31419,1.32083,1.32083,1.30957,1.31429,0.0001,161921.64
2018-07-03,1.31417,1.32064,1.31145,1.31938,1.31421,1.32072,1.31154,1.31947,9e-05,176418.55
2018-07-04,1.31937,1.32495,1.31705,1.32275,1.31947,1.32507,1.31715,1.32285,0.0001,153950.27
2018-07-05,1.32275,1.32748,1.32036,1.32217,1.32284,1.32752,1.32048,1.32223,6e-05,165260.95
2018-07-06,1.32215,1.32898,1.32031,1.32844,1.32224,1.3291,1.3204,1.32883,0.00039,143007.45
2018-07-09,1.32947,1.33625,1.31889,1.32536,1.32957,1.33634,1.31908,1.32545,9e-05,183501.61
2018-07-10,1.32535,1.33008,1.3223,1.3258,1.32545,1.33021,1.3224,1.32586,6e-05,163876.08
2018-07-11,1.3258,1.32852,1.31994,1.32059,1.32585,1.3286,1.32003,1.32068,9e-05,187964.05
2018-07-12,1.32059,1.32448,1.31695,1.31783,1.32068,1.32454,1.31705,1.31792,9e-05,159570.83
2018-07-13,1.31785,1.32383,1.31025,1.32323,1.31793,1.32405,1.31033,1.32379,0.00056,149155.27
2018-07-16,1.32266,1.32928,1.32167,1.32362,1.32277,1.32932,1.32175,1.32366,4e-05,145642.55
2018-07-17,1.3236,1.32687,1.30689,1.31047,1.32366,1.32693,1.30699,1.31057,0.0001,173363.34
2018-07-18,1.31049,1.31169,1.301,1.30772,1.3106,1.31176,1.30104,1.30781,9e-05,172144.38
2018-07-19,1.30772,1.30831,1.29574,1.30227,1.30781,1.30837,1.29579,1.30236,9e-05,184002.56
2018-07-20,1.30225,1.31401,1.29948,1.31287,1.30234,1.31406,1.29958,1.31352,0.00065,171394.45
2018-07-23,1.31453,1.3158,1.30821,1.31031,1.31463,1.31589,1.30831,1.31034,3e-05,139630.84
2018-07-24,1.31029,1.31591,1.30714,1.3149,1.31034,1.316,1.3072,1.31497,7e-05,152806.12
2018-07-25,1.31488,1.32013,1.31328,1.31988,1.31499,1.3202,1.31335,1.31996,8e-05,160555.2
2018-07-26,1.31989,1.32132,1.31017,1.31083,1.31999,1.32138,1.31035,1.31091,8e-05,153704.55
2018-07-27,1.31083,1.3131,1.30822,1.30967,1.31091,1.31315,1.3083,1.31053,0.00086,120314.33
2018-07-30,1.31098,1.31521,1.3097,1.31355,1.31107,1.31525,1.30978,1.31365,0.0001,106438.44
2018-07-31,1.31355,1.31726,1.30894,1.31185,1.31361,1.31733,1.30902,1.31195,0.0001,149707.16
2018-08-01,1.31182,1.3144,1.30951,1.31242,1.31193,1.31448,1.30955,1.31253,0.00011,126813.57
2018-08-02,1.31242,1.3126,1.30112,1.30158,1.31252,1.31277,1.30144,1.3017,0.00012,142839.91
2018-08-03,1.30161,1.30429,1.29753,1.30011,1.30171,1.30438,1.2976,1.30048,0.00037,129929.83
2018-08-06,1.30017,1.30049,1.29198,1.29433,1.30025,1.30057,1.29204,1.29442,9e-05,99420.36
2018-08-07,1.29431,1.29736,1.29237,1.29452,1.29435,1.29742,1.29245,1.2946,8e-05,108585.7
2018-08-08,1.29452,1.29597,1.28535,1.28771,1.2946,1.29605,1.28543,1.2878,9e-05,126195.67
2018-08-09,1.28772,1.29117,1.28182,1.28283,1.2878,1.29123,1.2819,1.28289,6e-05,138670.56
2018-08-10,1.28283,1.28366,1.27228,1.27663,1.2829,1.28374,1.27237,1.27766,0.00103,202537.88
2018-08-13,1.27596,1.27913,1.27299,1.27588,1.27606,1.27919,1.27307,1.27598,0.0001,154217.81
2018-08-14,1.27586,1.28271,1.27046,1.27175,1.27596,1.28283,1.27051,1.27185,0.0001,151690.81
2018-08-15,1.27175,1.27352,1.26617,1.26923,1.27185,1.27358,1.26623,1.26933,0.0001,144941.16
2018-08-16,1.26924,1.27539,1.26858,1.2712,1.26935,1.27545,1.26863,1.27127,7e-05,145504.52
2018-08-17,1.27122,1.27524,1.26978,1.27466,1.27127,1.27543,1.26984,1.27526,0.0006,128152.23
2018-08-20,1.2746,1.28044,1.27293,1.28039,1.2747,1.28051,1.27301,1.28047,8e-05,107962.58
2018-08-21,1.28039,1.29242,1.27986,1.29049,1.28047,1.29252,1.27994,1.29059,0.0001,150705.77
2018-08-22,1.29051,1.29362,1.28685,1.29052,1.29059,1.29367,1.28691,1.2906,8e-05,132707.55
2018-08-23,1.29052,1.29093,1.28026,1.28091,1.29053,1.29101,1.28034,1.281,9e-05,124306.66
2018-08-24,1.2809,1.2881,1.27992,1.28452,1.28096,1.28815,1.27999,1.28527,0.00075,123464.87
2018-08-27,1.28578,1.29009,1.28287,1.2897,1.28587,1.29016,1.28295,1.2898,0.0001,115940.46
2018-08-28,1.2897,1.29317,1.28615,1.2869,1.28982,1.29322,1.2862,1.28698,8e-05,123402.67
2018-08-29,1.2869,1.30361,1.28451,1.30352,1.28697,1.30368,1.28459,1.3036,8e-05,162718.62
2018-08-30,1.30354,1.30433,1.29849,1.30109,1.3036,1.30438,1.29856,1.30116,7e-05,142498.16
2018-08-31,1.30109,1.30287,1.29449,1.29528,1.30117,1.30293,1.29457,1.29652,0.00124,135387.84
2018-09-03,1.29212,1.29336,1.28547,1.28679,1.29221,1.29343,1.28554,1.2869,0.00011,126180.13
2018-09-04,1.28679,1.28708,1.281,1.28574,1.2869,1.28717,1.28109,1.28584,0.0001,148392.62
2018-09-05,1.28577,1.29822,1.27851,1.2914,1.28586,1.29833,1.27862,1.2915,0.0001,158888.84
2018-09-06,1.29139,1.29622,1.2896,1.29244,1.29149,1.29628,1.28968,1.29253,9e-05,141857.62
2018-09-07,1.29244,1.30278,1.29081,1.29137,1.29254,1.30286,1.29087,1.29256,0.00119,147057.44
2018-09-10,1.29287,1.30514,1.28967,1.30267,1.29295,1.30523,1.28974,1.30277,0.0001,128581.09
2018-09-11,1.30267,1.30869,1.29641,1.30157,1.30277,1.30881,1.29655,1.30166,9e-05,141110.31
2018-09-12,1.30154,1.30821,1.29791,1.30439,1.30163,1.30835,1.29798,1.3045,0.00011,146576.38
2018-09-13,1.30439,1.31233,1.30261,1.31103,1.3045,1.3124,1.30267,1.31109,6e-05,142441.83
2018-09-14,1.311,1.31435,1.30565,1.30664,1.31109,1.31441,1.30572,1.30726,0.00062,130221.04
2018-09-17,1.30707,1.31646,1.30698,1.31451,1.30716,1.31654,1.30707,1.31461,0.0001,144895.12
2018-09-18,1.31451,1.31753,1.31185,1.31662,1.31461,1.31757,1.3119,1.3167,8e-05,146884.38
2018-09-19,1.31662,1.32146,1.30974,1.314,1.31672,1.32156,1.30992,1.31412,0.00012,167940.47
2018-09-20,1.314,1.3298,1.31388,1.32698,1.31412,1.32988,1.31393,1.32702,4e-05,157849.33
2018-09-21,1.32698,1.32765,1.30558,1.30764,1.32701,1.32771,1.30567,1.30774,0.0001,167835.66
2018-09-24,1.30791,1.31667,1.30628,1.31157,1.30801,1.31672,1.30632,1.31166,9e-05,133613.11
2018-09-25,1.31157,1.31933,1.30947,1.31793,1.31166,1.31942,1.30953,1.31804,0.00011,138055.45
2018-09-26,1.31793,1.32171,1.31381,1.31698,1.31804,1.32183,1.31388,1.3171,0.00012,149876.44
2018-09-27,1.31698,1.31779,1.3072,1.30758,1.31709,1.31787,1.30735,1.30768,0.0001,142980.34
2018-09-28,1.30758,1.30899,1.30002,1.30278,1.30769,1.30907,1.30009,1.30313,0.00035,123487.5
2018-10-01,1.30377,1.31153,1.30119,1.30428,1.30387,1.31167,1.30125,1.30438,0.0001,141191.19
2018-10-02,1.30428,1.30482,1.29409,1.29788,1.30439,1.30491,1.29415,1.29798,0.0001,154000.36
2018-10-03,1.29788,1.30226,1.29237,1.294,1.29799,1.30233,1.29248,1.29409,9e-05,178916.59
2018-10-04,1.29398,1.30411,1.2922,1.30221,1.29408,1.30419,1.29224,1.3023,9e-05,168094.64
2018-10-05,1.30221,1.31226,1.30032,1.31136,1.30232,1.31237,1.3004,1.31199,0.00063,151380.81
2018-10-08,1.31257,1.31326,1.30279,1.3092,1.31272,1.31333,1.30287,1.30933,0.00013,142205.41
2018-10-09,1.30921,1.31578,1.30328,1.31565,1.30933,1.31587,1.30335,1.31574,9e-05,171164.77
2018-10-10,1.31564,1.32158,1.31361,1.32043,1.31571,1.32163,1.31368,1.32052,9e-05,166756.47
2018-10-11,1.32043,1.32468,1.31816,1.32331,1.32052,1.32485,1.31825,1.32342,0.00011,216593.44
2018-10-12,1.32331,1.32575,1.31458,1.31516,1.3234,1.32583,1.31471,1.31551,0.00035,176988.44
2018-10-15,1.31026,1.31815,1.31013,1.31538,1.31033,1.31822,1.31021,1.31548,0.0001,163669.5
2018-10-16,1.31538,1.32362,1.31407,1.31873,1.31548,1.32368,1.31413,1.31882,9e-05,153233.19
2018-10-17,1.31873,1.31923,1.30911,1.31013,1.31882,1.31931,1.30926,1.31017,4e-05,148735.73
2018-10-18,1.31013,1.31311,1.30137,1.30178,1.31016,1.31318,1.30167,1.3019,0.00012,147940.72
2018-10-19,1.3018,1.31037,1.30109,1.30666,1.3019,1.31048,1.30117,1.30689,0.00023,137175.84
2018-10-22,1.30661,1.30899,1.29532,1.29648,1.30671,1.30904,1.29568,1.29658,0.0001,146823.83
2018-10-23,1.29649,1.30439,1.29368,1.29794,1.29658,1.30448,1.29376,1.29802,8e-05,163360.61
2018-10-24,1.29793,1.29904,1.28668,1.28836,1.29802,1.2991,1.28676,1.28846,0.0001,174961.77
2018-10-25,1.28838,1.29192,1.27968,1.28203,1.28847,1.29196,1.27981,1.28212,9e-05,163395.25
2018-10-26,1.28203,1.28411,1.27772,1.2826,1.28214,1.2842,1.27776,1.28346,0.00086,183541.05
2018-10-29,1.28304,1.28528,1.27908,1.28015,1.28313,1.28533,1.27927,1.28025,0.0001,147510.12
2018-10-30,1.28016,1.28123,1.26905,1.27069,1.28026,1.28132,1.26964,1.27082,0.00013,138466.05
2018-10-31,1.27069,1.28303,1.27005,1.2767,1.27081,1.28312,1.27014,1.27682,0.00012,146333.0
2018-11-01,1.27669,1.30349,1.27642,1.30026,1.27681,1.30361,1.27656,1.30034,8e-05,172009.28
2018-11-02,1.30024,1.30406,1.29513,1.29617,1.30034,1.30415,1.2952,1.29676,0.00059,150686.2
2018-11-05,1.30053,1.30675,1.29641,1.30572,1.30065,1.30705,1.29651,1.3058,8e-05,135928.66
2018-11-06,1.30573,1.31139,1.30208,1.31133,1.30582,1.31149,1.30215,1.31143,0.0001,143830.8
2018-11-07,1.31129,1.31744,1.30731,1.31266,1.31143,1.31752,1.30746,1.31275,9e-05,190030.08
2018-11-08,1.31264,1.31496,1.30447,1.30655,1.31276,1.31504,1.30457,1.30666,0.00011,157835.75
2018-11-09,1.30653,1.30681,1.2958,1.29729,1.30665,1.30691,1.29588,1.29779,0.0005,146777.09
2018-11-12,1.29378,1.29465,1.28271,1.28541,1.2939,1.29475,1.28279,1.28553,0.00012,170151.45
2018-11-13,1.28542,1.30469,1.28515,1.3014,1.28554,1.30482,1.28523,1.30154,0.00014,200996.3
2018-11-14,1.30141,1.30718,1.28798,1.29836,1.30154,1.30735,1.28829,1.29849,0.00013,215815.28
2018-11-15,1.29836,1.30298,1.27232,1.27652,1.29849,1.30309,1.2725,1.27664,0.00012,238889.81
2018-11-16,1.27653,1.28773,1.27643,1.28261,1.27663,1.28781,1.27654,1.28393,0.00132,183990.16
2018-11-19,1.28332,1.28835,1.27939,1.28557,1.28349,1.28847,1.27953,1.28567,0.0001,158400.94
2018-11-20,1.28557,1.28826,1.27741,1.27869,1.2857,1.28836,1.27772,1.27881,0.00012,164309.14
2018-11-21,1.27871,1.28193,1.27638,1.2776,1.27882,1.28203,1.27648,1.27776,0.00016,145250.23
2018-11-22,1.27758,1.2927,1.27716,1.28759,1.27776,1.29282,1.27724,1.28775,0.00016,125357.27
2018-11-23,1.28757,1.28821,1.27981,1.28006,1.28775,1.28833,1.27994,1.28254,0.00248,129969.01
2018-11-26,1.28122,1.28637,1.27955,1.28125,1.28143,1.28646,1.27964,1.28136,0.00011,141163.84
2018-11-27,1.28126,1.28194,1.27249,1.27422,1.28136,1.28202,1.27257,1.27428,6e-05,192232.91
2018-11-28,1.27423,1.28467,1.2732,1.28219,1.27428,1.28479,1.2733,1.2823,0.00011,171906.77
2018-11-29,1.28219,1.28494,1.27551,1.27847,1.2823,1.28502,1.27556,1.27862,0.00015,164826.5
2018-11-30,1.27844,1.28092,1.2735,1.27509,1.27858,1.28102,1.27357,1.27576,0.00067,159532.66
2018-12-03,1.27515,1.28242,1.26985,1.27246,1.27526,1.28251,1.26995,1.27258,0.00012,148990.77
2018-12-04,1.27246,1.28394,1.26582,1.27187,1.27258,1.28404,1.26594,1.27198,0.00011,185457.42
2018-12-05,1.27185,1.2798,1.26717,1.27244,1.27192,1.27988,1.26727,1.27256,0.00012,155839.5
2018-12-06,1.27243,1.28118,1.26992,1.27795,1.27255,1.28126,1.26998,1.2781,0.00015,188417.02
2018-12-07,1.27792,1.279,1.271,1.27296,1.27807,1.27908,1.27105,1.27382,0.00086,145333.59
2018-12-10,1.27186,1.27598,1.25065,1.25595,1.27198,1.2761,1.25077,1.25607,0.00012,182754.59
2018-12-11,1.25595,1.26382,1.24796,1.24918,1.25606,1.26398,1.24803,1.2493,0.00012,184319.22
2018-12-12,1.24918,1.26712,1.24766,1.26241,1.2493,1.26726,1.24777,1.26248,7e-05,199335.27
2018-12-13,1.26241,1.26861,1.26097,1.26531,1.26249,1.26873,1.26109,1.26544,0.00013,149513.25
2018-12-14,1.26531,1.26535,1.2529,1.25813,1.26544,1.26546,1.253,1.25887,0.00074,154666.03
2018-12-17,1.25837,1.2647,1.25734,1.26139,1.25854,1.26477,1.2575,1.26155,0.00016,166059.09
2018-12-18,1.26146,1.27053,1.26099,1.2654,1.26155,1.27063,1.2611,1.26551,0.00011,171716.44
2018-12-19,1.2654,1.26787,1.26064,1.26257,1.26552,1.26798,1.26075,1.26267,0.0001,257259.81
2018-12-20,1.26256,1.27073,1.26129,1.26677,1.26267,1.27077,1.2614,1.26705,0.00028,301694.28
2018-12-21,1.26676,1.26977,1.26173,1.26247,1.26705,1.26983,1.26185,1.26394,0.00147,297348.59
2018-12-24,1.26491,1.27382,1.26344,1.26862,1.26509,1.27457,1.26354,1.2719,0.00328,220566.25
2018-12-25,1.26861,1.27077,1.26465,1.26865,1.27191,1.27193,1.26671,1.26883,0.00018,14237.34
2018-12-26,1.26865,1.27186,1.26287,1.26473,1.26882,1.27199,1.26305,1.26482,9e-05,139015.5
2018-12-27,1.26473,1.26745,1.26157,1.26445,1.26489,1.26757,1.26165,1.26454,9e-05,319871.72
2018-12-28,1.26445,1.2708,1.26348,1.26943,1.26455,1.27085,1.26359,1.27034,0.00091,187850.3
2018-12-31,1.26892,1.28145,1.26799,1.27526,1.26908,1.28155,1.26812,1.27652,0.00126,162940.44
2019-01-01,1.27459,1.27544,1.27227,1.27528,1.27591,1.27616,1.27414,1.27543,0.00015,4665.13
2019-01-02,1.27528,1.27729,1.2425,1.25149,1.27541,1.27739,1.2443,1.25171,0.00022,243215.2
2019-01-03,1.25151,1.26472,1.25143,1.26268,1.25175,1.26483,1.25157,1.26282,0.00014,269562.88
2019-01-04,1.26268,1.27443,1.26157,1.2717,1.26282,1.27453,1.26167,1.27306,0.00136,248205.95
2019-01-07,1.27319,1.2789,1.27202,1.27849,1.2733,1.27904,1.27211,1.2786,0.00011,188019.67
2019-01-08,1.27849,1.2797,1.27066,1.27383,1.27859,1.27983,1.27075,1.27398,0.00015,208100.33
2019-01-09,1.27383,1.28033,1.27157,1.27982,1.27395,1.28042,1.27163,1.27997,0.00015,275204.03
2019-01-10,1.27984,1.28008,1.27278,1.27526,1.27998,1.28021,1.27285,1.2754,0.00014,237027.2
2019-01-11,1.27526,1.28655,1.27096,1.28347,1.2754,1.28665,1.27104,1.28437,0.0009,239359.64
2019-01-14,1.28476,1.29304,1.28187,1.28742,1.28487,1.29313,1.28191,1.28759,0.00017,232673.56
2019-01-15,1.28742,1.29156,1.26688,1.28707,1.28757,1.29163,1.26707,1.28721,0.00014,276486.03
2019-01-16,1.28708,1.28971,1.28247,1.28868,1.28721,1.28981,1.28255,1.28888,0.0002,224243.41
2019-01-17,1.28868,1.30006,1.28319,1.29827,1.28885,1.30016,1.28329,1.29835,8e-05,219320.0
2019-01-18,1.29828,1.2993,1.28567,1.28696,1.29835,1.29939,1.28577,1.2879,0.00094,198648.03
2019-01-21,1.28511,1.29105,1.28301,1.28901,1.28527,1.29115,1.2831,1.28911,0.0001,166378.16
2019-01-22,1.28901,1.29751,1.28549,1.29553,1.28913,1.29759,1.28555,1.29567,0.00014,212460.52
2019-01-23,1.29553,1.30817,1.2942,1.30816,1.29567,1.30825,1.29429,1.30824,8e-05,234408.72
2019-01-24,1.30815,1.31281,1.3012,1.31194,1.30824,1.31292,1.30128,1.31208,0.00014,234674.89
2019-01-25,1.31194,1.32172,1.30616,1.31984,1.31208,1.32183,1.30626,1.32044,0.0006,255695.83
2019-01-28,1.32074,1.32088,1.31367,1.31598,1.32083,1.32099,1.31376,1.31606,8e-05,205897.12
2019-01-29,1.31598,1.31995,1.30559,1.30794,1.31609,1.32003,1.30571,1.30802,8e-05,276646.06
2019-01-30,1.30794,1.31451,1.30539,1.31156,1.30801,1.31462,1.30548,1.31169,0.00013,250098.22
2019-01-31,1.31156,1.31599,1.30972,1.31082,1.3117,1.31604,1.30981,1.31094,0.00012,234971.39
2019-02-01,1.31081,1.31147,1.3043,1.30739,1.31091,1.31155,1.30436,1.30839,0.001,204781.19
2019-02-04,1.30763,1.31034,1.30262,1.30265,1.30776,1.31041,1.30269,1.30275,0.0001,212458.09
2019-02-05,1.30265,1.30516,1.29245,1.29566,1.30277,1.30536,1.29252,1.29576,0.0001,195888.44
2019-02-06,1.29568,1.29791,1.2925,1.29333,1.29579,1.29797,1.29255,1.29343,0.0001,199566.66
2019-02-07,1.29333,1.29961,1.2854,1.29483,1.29341,1.2997,1.28547,1.29494,0.00011,209442.69
2019-02-08,1.29483,1.29759,1.29211,1.29441,1.29494,1.29765,1.29221,1.29449,8e-05,169066.56
2019-02-11,1.2936,1.29386,1.28447,1.28631,1.29372,1.29395,1.28455,1.28644,0.00013,217291.86
2019-02-12,1.28632,1.29092,1.28325,1.28905,1.28644,1.291,1.28332,1.28911,6e-05,198802.16
2019-02-13,1.28902,1.29584,1.28426,1.28542,1.28911,1.29592,1.28447,1.28552,0.0001,221003.89
2019-02-14,1.28542,1.28774,1.27727,1.27974,1.28552,1.28786,1.27734,1.27988,0.00014,221482.16
2019-02-15,1.27973,1.28977,1.27844,1.28865,1.27988,1.28988,1.27851,1.28902,0.00037,204577.14
2019-02-18,1.29037,1.29385,1.28913,1.29226,1.29048,1.29391,1.28922,1.29232,6e-05,219997.59
2019-02-19,1.29224,1.30728,1.28959,1.30589,1.29232,1.30735,1.28964,1.30602,0.00013,215572.14
2019-02-20,1.30591,1.31088,1.30117,1.30439,1.30604,1.31101,1.30126,1.30446,7e-05,233663.14
2019-02-21,1.30437,1.3095,1.30246,1.30401,1.30446,1.30957,1.30267,1.30411,0.0001,246223.02
2019-02-22,1.304,1.30799,1.2968,1.30494,1.30411,1.30806,1.29684,1.30587,0.00093,205530.77
2019-02-25,1.3064,1.31485,1.30507,1.31268,1.30655,1.31505,1.30515,1.31271,3e-05,229016.05
2019-02-26,1.31266,1.32878,1.31221,1.32581,1.31271,1.32887,1.31228,1.32596,0.00015,303777.84
2019-02-27,1.32586,1.33499,1.3233,1.33172,1.32597,1.33505,1.32336,1.33183,0.00011,287323.38
2019-02-28,1.33173,1.33192,1.32531,1.32639,1.33183,1.332,1.32541,1.32648,9e-05,252279.31
2019-03-01,1.32639,1.32864,1.31716,1.31983,1.32647,1.32869,1.31724,1.32102,0.00119,233845.19
2019-03-04,1.32375,1.32541,1.31663,1.31779,1.3238,1.32549,1.31668,1.31787,8e-05,218977.36
2019-03-05,1.31776,1.31985,1.30975,1.31553,1.31787,1.31992,1.30983,1.31563,0.0001,223749.41
2019-03-06,1.31551,1.31833,1.31237,1.31802,1.31563,1.31842,1.31249,1.31809,7e-05,197105.7
2019-03-07,1.31802,1.31847,1.30679,1.309,1.3181,1.31855,1.30689,1.30911,0.00011,237033.66
2019-03-08,1.30899,1.31083,1.29896,1.30111,1.3091,1.3109,1.29903,1.30194,0.00083,220631.7
2019-03-11,1.29843,1.32889,1.29604,1.32453,1.29856,1.32911,1.2961,1.32461,8e-05,276467.78
2019-03-12,1.32453,1.32458,1.30046,1.30638,1.32462,1.32468,1.30059,1.30647,9e-05,261180.48
2019-03-13,1.30636,1.33808,1.30627,1.32863,1.30647,1.33834,1.30637,1.32877,0.00014,262538.59
2019-03-14,1.32862,1.3331,1.32071,1.3257,1.32877,1.33318,1.32083,1.32577,7e-05,281495.47
2019-03-15,1.3257,1.33,1.32023,1.32884,1.32576,1.33006,1.32035,1.3298,0.00096,231066.41
2019-03-18,1.32956,1.32998,1.31841,1.32642,1.32966,1.33004,1.31852,1.32652,0.0001,210228.69
2019-03-19,1.32642,1.33105,1.32406,1.32688,1.32653,1.33118,1.32416,1.32702,0.00014,204083.73
2019-03-20,1.32688,1.32689,1.31459,1.32042,1.32702,1.32703,1.3147,1.32052,0.0001,279546.12
2019-03-21,1.32041,1.32269,1.30039,1.31293,1.32052,1.32277,1.30048,1.31304,0.00011,261149.48
2019-03-22,1.31293,1.32236,1.30806,1.32058,1.31304,1.3224,1.30818,1.32134,0.00076,242237.3
2019-03-25,1.32053,1.32456,1.31596,1.32119,1.32065,1.3247,1.31603,1.3213,0.00011,235211.5
2019-03-26,1.32119,1.32613,1.3157,1.32091,1.32129,1.32621,1.31582,1.32105,0.00014,220006.45
2019-03-27,1.32091,1.32687,1.3142,1.31514,1.32107,1.32698,1.31432,1.31527,0.00013,284563.03
2019-03-28,1.31513,1.31982,1.3034,1.30535,1.31526,1.31993,1.30353,1.30543,8e-05,265698.41
2019-03-29,1.30533,1.31353,1.29776,1.30294,1.30543,1.31369,1.29784,1.30381,0.00087,228208.31
2019-04-01,1.30206,1.31496,1.30093,1.30669,1.30218,1.31501,1.30102,1.30684,0.00015,235276.95
2019-04-02,1.3067,1.31492,1.30131,1.31262,1.30684,1.31503,1.30141,1.31275,0.00013,262667.16
2019-04-03,1.31262,1.31956,1.31207,1.31755,1.31275,1.31968,1.31216,1.3177,0.00015,225090.2
2019-04-04,1.31755,1.31907,1.30596,1.30728,1.3177,1.31918,1.30607,1.30741,0.00013,227560.67
2019-04-05,1.30728,1.31216,1.29866,1.30338,1.30741,1.31234,1.29878,1.30394,0.00056,184279.7
2019-04-08,1.30376,1.30739,1.3033,1.30603,1.30392,1.3075,1.30344,1.30619,0.00016,194884.98
2019-04-09,1.30605,1.3121,1.30302,1.30543,1.30618,1.31223,1.30314,1.3056,0.00017,199958.47
2019-04-10,1.30544,1.31198,1.30474,1.30971,1.3056,1.31206,1.30487,1.30983,0.00012,196511.23
2019-04-11,1.30971,1.3109,1.30501,1.30544,1.30984,1.31096,1.30509,1.30558,0.00014,170855.36
2019-04-12,1.30543,1.31325,1.30502,1.30634,1.30557,1.31333,1.30513,1.30758,0.00124,143887.22
2019-04-15,1.30829,1.31188,1.30786,1.3099,1.30837,1.31196,1.30796,1.30999,9e-05,138062.55
2019-04-16,1.3099,1.31003,1.30389,1.30435,1.30999,1.31016,1.30401,1.30448,0.00013,148770.16
2019-04-17,1.30436,1.30669,1.30283,1.30377,1.30448,1.30679,1.30295,1.30386,9e-05,142128.44
2019-04-18,1.30377,1.30522,1.29784,1.29909,1.30387,1.30531,1.29798,1.29936,0.00027,195793.11
2019-04-19,1.29913,1.30092,1.29783,1.29815,1.29934,1.3012,1.29852,1.30016,0.00201,293768.59
2019-04-22,1.29918,1.29976,1.2975,1.29803,1.2993,1.29985,1.29758,1.2982,0.00017,68967.92
2019-04-23,1.29805,1.30188,1.29277,1.29369,1.2982,1.30198,1.29286,1.2938,0.00011,151665.59
2019-04-24,1.29369,1.29635,1.28875,1.29024,1.29383,1.29643,1.28884,1.29041,0.00017,168347.55
2019-04-25,1.29023,1.29163,1.28654,1.28938,1.29041,1.29172,1.28662,1.28948,0.0001,162853.09
2019-04-26,1.28938,1.29433,1.28744,1.29106,1.28949,1.29442,1.28766,1.2922,0.00114,139616.94
2019-04-29,1.29184,1.29467,1.29046,1.29313,1.29196,1.29476,1.29056,1.29327,0.00014,129537.24
2019-04-30,1.29313,1.30485,1.2926,1.30393,1.29327,1.30494,1.29271,1.30405,0.00012,155193.86
2019-05-01,1.3039,1.3102,1.30336,1.30527,1.304,1.31032,1.30341,1.30538,0.00011,142505.44
2019-05-02,1.30527,1.30801,1.30178,1.30312,1.30537,1.30824,1.30183,1.30325,0.00013,192465.56
2019-05-03,1.30314,1.31762,1.2988,1.31694,1.30325,1.31806,1.29902,1.31806,0.00112,150605.27
2019-05-06,1.31499,1.31503,1.3081,1.30968,1.31514,1.31519,1.30819,1.3098,0.00012,138479.39
2019-05-07,1.3097,1.3131,1.30392,1.30671,1.3098,1.31327,1.304,1.30682,0.00011,139926.2
2019-05-08,1.30669,1.308,1.29868,1.30076,1.30679,1.30809,1.29875,1.30083,7e-05,159823.23
2019-05-09,1.30076,1.30355,1.29673,1.30084,1.30083,1.30367,1.29678,1.30094,0.0001,149615.11
2019-05-10,1.30087,1.30471,1.29908,1.29997,1.30097,1.3048,1.29919,1.30018,0.00021,146965.48
2019-05-13,1.30076,1.30407,1.29409,1.2963,1.30085,1.30413,1.29417,1.29642,0.00012,129250.3
2019-05-14,1.29629,1.29703,1.2903,1.29059,1.29641,1.29713,1.29043,1.2907,0.00011,122851.29
2019-05-15,1.2906,1.29229,1.2826,1.2846,1.2907,1.29235,1.2827,1.28475,0.00015,128008.87
2019-05-16,1.28459,1.28515,1.27878,1.27961,1.28475,1.28524,1.27879,1.27972,0.00011,107236.09
2019-05-17,1.27961,1.27967,1.27118,1.2715,1.27973,1.27978,1.27152,1.27199,0.00049,126561.83
2019-05-20,1.273,1.27571,1.27144,1.27273,1.27309,1.27578,1.27149,1.27282,9e-05,103395.64
2019-05-21,1.27273,1.28137,1.26849,1.27066,1.27282,1.28144,1.26856,1.27075,9e-05,142177.31
2019-05-22,1.27066,1.27193,1.26239,1.26631,1.27077,1.272,1.26246,1.2664,9e-05,138930.92
2019-05-23,1.26629,1.26836,1.26049,1.26626,1.2664,1.26844,1.26056,1.26635,9e-05,156893.86
2019-05-24,1.26626,1.27323,1.26471,1.27111,1.26635,1.27332,1.26478,1.27148,0.00037,132909.7
2019-05-27,1.27224,1.27476,1.2667,1.26804,1.27231,1.27485,1.26677,1.26815,0.00011,131919.52
2019-05-28,1.26803,1.2702,1.265,1.26583,1.2681,1.27025,1.26514,1.26593,0.0001,138659.86
2019-05-29,1.26582,1.2671,1.26115,1.26285,1.26592,1.2672,1.26119,1.26296,0.00011,140831.77
2019-05-30,1.26287,1.26401,1.25803,1.26059,1.26296,1.26409,1.25811,1.26071,0.00012,115084.48
2019-05-31,1.2606,1.26443,1.2559,1.26291,1.26071,1.26451,1.25595,1.26344,0.00053,143541.17
2019-06-03,1.26382,1.26738,1.26102,1.26632,1.26396,1.26747,1.26108,1.26642,0.0001,149582.05
2019-06-04,1.26631,1.27142,1.26418,1.27029,1.2664,1.27148,1.26427,1.27038,9e-05,154937.78
2019-06-05,1.27029,1.27436,1.26755,1.26873,1.27039,1.27443,1.26812,1.26883,0.0001,157224.75
2019-06-06,1.26872,1.27419,1.26685,1.26942,1.26886,1.27426,1.26694,1.26953,0.00011,163533.5
2019-06-07,1.26942,1.27627,1.26882,1.27354,1.26953,1.27634,1.26892,1.274,0.00046,145576.7
2019-06-10,1.27215,1.2727,1.26527,1.26901,1.2723,1.2728,1.26535,1.26913,0.00012,132854.25
2019-06-11,1.269,1.27319,1.26699,1.27237,1.26914,1.27328,1.26705,1.2725,0.00013,174088.11
2019-06-12,1.27238,1.27583,1.26811,1.26921,1.2725,1.27592,1.26821,1.26933,0.00012,171839.39
2019-06-13,1.2692,1.27077,1.26618,1.26788,1.26934,1.27086,1.26628,1.26799,0.00011,155054.8
2019-06-14,1.26786,1.26818,1.25796,1.25891,1.26795,1.26828,1.25803,1.25915,0.00024,174541.45
2019-06-17,1.25932,1.26054,1.25304,1.25408,1.25945,1.2606,1.25312,1.25419,0.00011,121844.95
2019-06-18,1.2541,1.25686,1.25058,1.25655,1.25418,1.25697,1.25067,1.25666,0.00011,191902.34
2019-06-19,1.25655,1.26733,1.25423,1.26526,1.25668,1.26747,1.25432,1.26538,0.00012,169607.28
2019-06-20,1.26526,1.27264,1.26515,1.27071,1.26538,1.27281,1.26529,1.2708,9e-05,208201.23
2019-06-21,1.27072,1.27462,1.26421,1.27403,1.2708,1.27495,1.26428,1.27494,0.00091,204255.45
2019-06-24,1.27514,1.27665,1.27077,1.27383,1.27522,1.27673,1.27086,1.27393,0.0001,138580.28
2019-06-25,1.27384,1.27836,1.26715,1.269,1.27394,1.27842,1.26724,1.2691,0.0001,164510.84
2019-06-26,1.26897,1.27071,1.26622,1.26947,1.26907,1.27079,1.26631,1.26957,0.0001,208256.97
2019-06-27,1.26947,1.27247,1.26596,1.26732,1.26957,1.27252,1.26623,1.26742,0.0001,181835.09
2019-06-28,1.26732,1.27345,1.2665,1.26916,1.26743,1.27353,1.26657,1.27022,0.00106,159629.42
2019-07-01,1.2693,1.27053,1.26316,1.2644,1.26938,1.27061,1.26325,1.2645,0.0001,152507.72
2019-07-02,1.26443,1.26455,1.25837,1.25972,1.26451,1.26466,1.25847,1.25983,0.00011,140315.81
2019-07-03,1.25972,1.26,1.2557,1.25824,1.25983,1.2601,1.25576,1.25833,9e-05,135350.67
2019-07-04,1.25824,1.25911,1.25683,1.25825,1.25834,1.25916,1.2569,1.25834,9e-05,100790.01
2019-07-05,1.25824,1.25873,1.24808,1.25209,1.25834,1.25882,1.24818,1.25338,0.00129,144615.97
2019-07-08,1.25238,1.25396,1.24996,1.25151,1.25251,1.25404,1.25003,1.25162,0.00011,108743.59
2019-07-09,1.25144,1.25181,1.24393,1.24573,1.25158,1.25189,1.24399,1.24583,0.0001,127554.96
2019-07-10,1.24572,1.25206,1.24435,1.25056,1.24583,1.25215,1.24443,1.2507,0.00014,158489.17
2019-07-11,1.25056,1.25713,1.25049,1.25202,1.25069,1.25719,1.25061,1.25215,0.00013,167126.86
2019-07-12,1.25206,1.25786,1.25199,1.25705,1.25217,1.25806,1.25208,1.25805,0.001,146144.69
2019-07-15,1.25705,1.25759,1.25099,1.25158,1.25718,1.25768,1.25106,1.25169,0.00011,99624.07
2019-07-16,1.2516,1.25192,1.23959,1.24093,1.25169,1.25202,1.23968,1.24104,0.00011,160024.36
2019-07-17,1.24093,1.24562,1.23816,1.24335,1.24106,1.24571,1.23824,1.24346,0.00011,137391.73
2019-07-18,1.24335,1.25581,1.24276,1.25422,1.24346,1.25591,1.24287,1.25436,0.00014,156143.48
2019-07-19,1.25423,1.25545,1.24757,1.24972,1.25435,1.25555,1.24766,1.25117,0.00145,106362.11
2019-07-22,1.2511,1.2513,1.24551,1.24717,1.25121,1.25142,1.24562,1.24731,0.00014,99274.2
2019-07-23,1.2472,1.24815,1.24174,1.2437,1.24732,1.24824,1.24183,1.2438,0.0001,123621.81
2019-07-24,1.24368,1.2522,1.24263,1.24848,1.24379,1.2523,1.24272,1.24862,0.00014,122047.86
2019-07-25,1.24847,1.25174,1.24365,1.24525,1.2486,1.25188,1.24377,1.24536,0.00011,168374.22
2019-07-26,1.24524,1.24591,1.23757,1.23805,1.24535,1.24605,1.23767,1.23844,0.00039,119711.99
2019-07-29,1.23749,1.23809,1.2212,1.22161,1.23761,1.23818,1.22129,1.22175,0.00014,143069.48
2019-07-30,1.22161,1.22212,1.21185,1.21569,1.22176,1.22226,1.21199,1.21584,0.00015,176525.45
2019-07-31,1.21571,1.22491,1.21334,1.21526,1.21584,1.22502,1.21344,1.2154,0.00014,223538.09
2019-08-01,1.21527,1.21713,1.20791,1.21231,1.21541,1.2172,1.20798,1.21245,0.00014,249554.03
2019-08-02,1.21231,1.21692,1.20898,1.21572,1.21244,1.21702,1.20911,1.21696,0.00124,239676.27
2019-08-05,1.21493,1.21882,1.21013,1.2156,1.21508,1.21889,1.21024,1.21576,0.00016,222761.72
2019-08-06,1.21557,1.22093,1.21365,1.21698,1.21572,1.22102,1.21378,1.21712,0.00014,212982.23
2019-08-07,1.21699,1.21906,1.21207,1.21394,1.21713,1.21916,1.21218,1.21409,0.00015,213521.53
2019-08-08,1.21394,1.21825,1.20949,1.2142,1.21409,1.21831,1.20956,1.21435,0.00015,180466.84
2019-08-09,1.2142,1.21475,1.20214,1.20214,1.21434,1.21487,1.2025,1.20356,0.00142,149142.95
2019-08-12,1.20191,1.21063,1.20167,1.20767,1.20207,1.21069,1.20181,1.20784,0.00017,206818.2
2019-08-13,1.20768,1.20975,1.20416,1.20622,1.20784,1.20984,1.20424,1.20637,0.00015,224522.78
2019-08-14,1.20623,1.21006,1.20444,1.20594,1.20637,1.21012,1.20457,1.20605,0.00011,209199.94
2019-08-15,1.20593,1.21503,1.20502,1.20902,1.20604,1.21515,1.20516,1.20918,0.00016,235426.47
2019-08-16,1.20904,1.21753,1.2081,1.21425,1.20919,1.2176,1.20824,1.21499,0.00074,170557.33
2019-08-19,1.21583,1.21725,1.21044,1.21275,1.21593,1.21735,1.21053,1.2129,0.00015,149965.08
2019-08-20,1.21276,1.21796,1.20639,1.21613,1.2129,1.21811,1.20651,1.21626,0.00013,168020.72
2019-08-21,1.21614,1.21748,1.2112,1.21314,1.21626,1.21758,1.21126,1.21325,0.00011,150596.59
2019-08-22,1.21312,1.2273,1.21081,1.22509,1.21324,1.22737,1.2109,1.22518,9e-05,189130.02
2019-08-23,1.22504,1.22935,1.21941,1.22824,1.22517,1.22992,1.21948,1.22968,0.00144,199871.11
2019-08-26,1.22605,1.22846,1.22075,1.22214,1.22616,1.22858,1.22081,1.22225,0.00011,223565.8
2019-08-27,1.22213,1.23097,1.22085,1.22802,1.22229,1.23103,1.22095,1.22812,0.0001,181304.66
2019-08-28,1.22803,1.22874,1.21556,1.22174,1.22811,1.22881,1.21564,1.22186,0.00012,210587.36
2019-08-29,1.22173,1.22321,1.21719,1.21831,1.22186,1.22331,1.2173,1.21843,0.00012,179817.34
2019-08-30,1.21834,1.22255,1.21389,1.21573,1.21844,1.22265,1.214,1.21679,0.00106,175193.28
2019-09-02,1.21579,1.21743,1.20355,1.20642,1.21593,1.21753,1.20366,1.20653,0.00011,165760.02
2019-09-03,1.20642,1.21052,1.19581,1.20901,1.20656,1.21123,1.1959,1.20917,0.00016,219895.98
2019-09-04,1.20901,1.22592,1.20842,1.22454,1.20918,1.22615,1.20858,1.22471,0.00017,199573.05
2019-09-05,1.22454,1.23537,1.22097,1.23241,1.22471,1.23545,1.2211,1.23257,0.00016,202763.67
2019-09-06,1.23242,1.23431,1.22791,1.228,1.23257,1.23443,1.22801,1.22927,0.00127,174584.19
2019-09-09,1.22836,1.23853,1.2233,1.23451,1.22848,1.23861,1.22338,1.23467,0.00016,167261.19
2019-09-10,1.23449,1.23792,1.23066,1.23571,1.23469,1.23804,1.23075,1.23582,0.00011,149476.67
2019-09-11,1.23569,1.23706,1.23121,1.2334,1.23583,1.23715,1.23131,1.23353,0.00013,148164.95
2019-09-12,1.23337,1.23663,1.2283,1.23282,1.23354,1.23675,1.22842,1.23298,0.00016,193397.09
2019-09-13,1.23288,1.25056,1.23267,1.24974,1.23301,1.25078,1.2328,1.25059,0.00085,166339.8
2019-09-16,1.24954,1.24973,1.23988,1.24249,1.24967,1.24987,1.24,1.24264,0.00015,141273.98
2019-09-17,1.24248,1.25271,1.23921,1.2501,1.24264,1.2528,1.2393,1.25021,0.00011,147811.09
2019-09-18,1.25009,1.2512,1.24388,1.24686,1.2502,1.25129,1.24398,1.247,0.00014,152168.41
2019-09-19,1.24688,1.256,1.24379,1.25225,1.24702,1.2561,1.24387,1.25237,0.00012,171258.69
2019-09-20,1.25225,1.25821,1.24592,1.24751,1.25237,1.25828,1.246,1.24857,0.00106,203842.95
2019-09-23,1.24695,1.24903,1.24126,1.24327,1.24706,1.24912,1.24132,1.24336,9e-05,170796.2
2019-09-24,1.24326,1.25028,1.24139,1.24848,1.24333,1.25035,1.24149,1.24859,0.00011,168402.97
2019-09-25,1.24848,1.2487,1.23438,1.23581,1.24858,1.24879,1.2348,1.23592,0.00011,183322.78
2019-09-26,1.23582,1.23801,1.23023,1.2328,1.23592,1.23811,1.23032,1.23292,0.00012,166601.09
2019-09-27,1.2328,1.23362,1.22707,1.22851,1.23293,1.23372,1.22714,1.22939,0.00088,150295.55
2019-09-30,1.22917,1.23458,1.22754,1.22888,1.22927,1.23466,1.22758,1.229,0.00012,152161.28
2019-10-01,1.22889,1.23389,1.22044,1.2291,1.229,1.234,1.22062,1.2292,0.0001,191735.91
2019-10-02,1.22912,1.23241,1.22266,1.2304,1.22922,1.23251,1.22274,1.23052,0.00012,199652.25
2019-10-03,1.23039,1.24127,1.22653,1.23408,1.2305,1.24139,1.22662,1.23424,0.00016,188552.34
2019-10-04,1.23406,1.23567,1.22758,1.23291,1.23419,1.23578,1.22768,1.2342,0.00129,142631.66
2019-10-07,1.23342,1.23364,1.22835,1.22868,1.23353,1.23373,1.22863,1.2288,0.00012,139709.45
2019-10-08,1.22872,1.23021,1.21949,1.22194,1.22884,1.23032,1.21958,1.22206,0.00012,186934.55
2019-10-09,1.22193,1.22913,1.21975,1.22113,1.22205,1.22924,1.21981,1.22126,0.00013,161859.3
2019-10-10,1.22113,1.24687,1.22082,1.24298,1.2212,1.24703,1.22093,1.2431,0.00012,209787.73
2019-10-11,1.24298,1.2707,1.24069,1.26408,1.24308,1.27082,1.2409,1.26554,0.00146,231096.31
2019-10-14,1.26166,1.26496,1.25156,1.26082,1.26176,1.26503,1.25166,1.26098,0.00016,177964.94
2019-10-15,1.26079,1.2799,1.26024,1.27592,1.26098,1.28004,1.26036,1.27608,0.00016,221700.38
2019-10-16,1.27592,1.28772,1.26556,1.28187,1.27606,1.2878,1.26574,1.28204,0.00017,224513.92
2019-10-17,1.28188,1.29892,1.2749,1.28641,1.28203,1.29907,1.27503,1.28653,0.00012,220494.17
2019-10-18,1.28642,1.29849,1.28391,1.29802,1.28653,1.2991,1.28404,1.29889,0.00087,170599.64
2019-10-21,1.29022,1.3012,1.28876,1.29709,1.29052,1.30133,1.28889,1.29725,0.00016,180421.45
2019-10-22,1.29709,1.29999,1.28616,1.28829,1.29725,1.30014,1.28629,1.28846,0.00017,226853.36
2019-10-23,1.28829,1.29214,1.28407,1.29203,1.28848,1.29223,1.2842,1.29217,0.00014,184618.58
2019-10-24,1.29201,1.295,1.2788,1.28382,1.29217,1.29504,1.27895,1.28396,0.00014,183850.19
2019-10-25,1.28382,1.28627,1.2804,1.28234,1.28394,1.28633,1.28049,1.28362,0.00128,124544.47
2019-10-28,1.28272,1.28761,1.28106,1.28557,1.28287,1.28771,1.28122,1.28568,0.00011,133166.47
2019-10-29,1.28555,1.29047,1.28062,1.28644,1.2857,1.29054,1.28074,1.2866,0.00016,164457.17
2019-10-30,1.28644,1.29073,1.28448,1.2901,1.28659,1.29124,1.2846,1.29021,0.00011,157073.41
2019-10-31,1.2901,1.29756,1.29009,1.29383,1.29024,1.29763,1.29023,1.29396,0.00013,179090.47
2019-11-01,1.29383,1.29723,1.29269,1.29368,1.29395,1.29731,1.29274,1.29434,0.00066,140402.8
2019-11-04,1.29364,1.29424,1.28758,1.28886,1.29377,1.29435,1.28765,1.28896,0.0001,119991.71
2019-11-05,1.28883,1.29172,1.28587,1.28798,1.28898,1.2918,1.28595,1.28812,0.00014,144447.16
2019-11-06,1.28797,1.2897,1.28437,1.28551,1.28811,1.28976,1.28445,1.2856,9e-05,112937.79
2019-11-07,1.28551,1.28777,1.27938,1.28194,1.28562,1.28784,1.27949,1.28207,0.00013,155078.39
2019-11-08,1.28193,1.28226,1.27684,1.27714,1.28209,1.28233,1.27693,1.27813,0.00099,113416.06
2019-11-11,1.27943,1.28981,1.27853,1.28533,1.27955,1.28988,1.27863,1.28547,0.00014,115943.05
2019-11-12,1.28533,1.28735,1.28151,1.28502,1.28548,1.28743,1.28158,1.28515,0.00013,121004.64
2019-11-13,1.28501,1.28588,1.28216,1.2853,1.28518,1.28598,1.28223,1.28541,0.00011,122550.36
2019-11-14,1.2853,1.28882,1.28245,1.28815,1.28544,1.28889,1.28254,1.28828,0.00013,113673.94
2019-11-15,1.28813,1.29189,1.28671,1.28998,1.2883,1.29197,1.28677,1.29077,0.00079,99155.56
2019-11-18,1.2919,1.29854,1.29156,1.29488,1.29202,1.29859,1.29167,1.29505,0.00017,113283.08
2019-11-19,1.29484,1.29697,1.29101,1.2928,1.29502,1.29703,1.29107,1.29292,0.00012,110544.9
2019-11-20,1.29279,1.29287,1.28872,1.29252,1.29293,1.29307,1.2888,1.29266,0.00014,110635.51
2019-11-21,1.29252,1.29699,1.28929,1.29188,1.29266,1.29706,1.28934,1.29197,9e-05,129977.32
2019-11-22,1.29187,1.29284,1.28232,1.28283,1.29197,1.29294,1.28236,1.28393,0.0011,123963.15
2019-11-25,1.28506,1.29115,1.28406,1.28959,1.28519,1.29123,1.28414,1.28975,0.00016,103797.42
2019-11-26,1.28957,1.29031,1.28348,1.286,1.28973,1.29042,1.28354,1.28612,0.00012,107754.63
2019-11-27,1.286,1.29501,1.28271,1.2929,1.28611,1.29518,1.28277,1.29302,0.00012,119416.35
2019-11-28,1.29295,1.29506,1.28991,1.29114,1.29305,1.29514,1.28995,1.29126,0.00012,111842.01
2019-11-29,1.29111,1.29419,1.28787,1.29132,1.29126,1.29465,1.28796,1.294,0.00268,104760.19
2019-12-02,1.29115,1.29487,1.28959,1.29393,1.29127,1.29493,1.28966,1.29405,0.00012,108629.81
2019-12-03,1.29392,1.30115,1.29302,1.29965,1.29405,1.30119,1.29311,1.29976,0.00011,124000.2
2019-12-04,1.29966,1.31204,1.29822,1.31086,1.29978,1.3121,1.29831,1.31101,0.00015,140271.55
2019-12-05,1.31088,1.31662,1.3105,1.31574,1.31101,1.31668,1.31059,1.31587,0.00013,121407.3
2019-12-06,1.31576,1.3165,1.31003,1.31319,1.31584,1.31661,1.31009,1.31415,0.00096,113013.88
2019-12-09,1.31378,1.31804,1.3133,1.31453,1.31391,1.31818,1.31363,1.31468,0.00015,109505.86
2019-12-10,1.31452,1.32151,1.31067,1.31287,1.31468,1.3216,1.31082,1.31299,0.00012,135329.06
2019-12-11,1.31287,1.32136,1.31114,1.31992,1.31299,1.32142,1.31122,1.32004,0.00012,132610.59
2019-12-12,1.31992,1.35149,1.30503,1.34728,1.32004,1.35159,1.30516,1.34741,0.00013,207775.06
2019-12-13,1.34728,1.35075,1.33053,1.33266,1.34739,1.35085,1.33064,1.33409,0.00143,229302.75
2019-12-16,1.33532,1.34218,1.32351,1.3267,1.33544,1.3423,1.32364,1.32684,0.00014,159392.73
2019-12-17,1.32672,1.33006,1.3099,1.31217,1.32684,1.33017,1.31,1.31234,0.00017,197632.97
2019-12-18,1.31218,1.31289,1.30594,1.30842,1.31236,1.31302,1.30601,1.30853,0.00011,204307.61
2019-12-19,1.30842,1.3133,1.29897,1.30167,1.30853,1.3134,1.29907,1.30182,0.00015,193399.62
2019-12-20,1.30166,1.30791,1.29783,1.29952,1.30182,1.308,1.29793,1.30077,0.00125,130652.23
2019-12-23,1.30053,1.30317,1.29045,1.29432,1.30065,1.30327,1.29054,1.29442,0.0001,139765.83
2019-12-24,1.29432,1.29702,1.29085,1.29301,1.29441,1.29719,1.29138,1.29376,0.00075,121942.97
2019-12-25,1.293,1.29733,1.29275,1.29694,1.29377,1.29756,1.29314,1.29713,0.00019,4200.96
2019-12-26,1.29694,1.30156,1.29596,1.30008,1.29711,1.30167,1.29608,1.30017,9e-05,84146.94
2019-12-27,1.30008,1.31169,1.2968,1.30758,1.30019,1.31177,1.29692,1.30902,0.00144,130556.76
2019-12-30,1.30894,1.315,1.30854,1.31109,1.30911,1.31506,1.3086,1.31121,0.00012,132584.95
2019-12-31,1.31107,1.3284,1.31054,1.32559,1.31121,1.32851,1.31064,1.32656,0.00097,144708.48
2020-01-01,1.32463,1.32608,1.32457,1.32497,1.32517,1.32625,1.32483,1.32505,8e-05,13073.34
2020-01-02,1.32497,1.32661,1.31152,1.31467,1.32507,1.3267,1.3116,1.31477,0.0001,236678.38
2020-01-03,1.31466,1.316,1.30531,1.30787,1.31478,1.3161,1.30542,1.30845,0.00058,172345.2
2020-01-06,1.30767,1.31785,1.30638,1.31711,1.30783,1.31804,1.30648,1.31721,0.0001,146555.98
2020-01-07,1.31708,1.3212,1.30948,1.31134,1.31724,1.3213,1.30955,1.3115,0.00016,173973.69
2020-01-08,1.31135,1.31694,1.30799,1.31051,1.3115,1.31703,1.30806,1.31064,0.00013,200770.06
2020-01-09,1.31047,1.31233,1.30126,1.30691,1.31064,1.31246,1.30134,1.30703,0.00012,188174.47
2020-01-10,1.30691,1.30968,1.30422,1.30569,1.30702,1.30977,1.30432,1.30703,0.00134,144374.59
2020-01-13,1.30432,1.3045,1.29608,1.29859,1.30445,1.30456,1.29616,1.29871,0.00012,148131.34
2020-01-14,1.29858,1.30329,1.29542,1.30211,1.29873,1.30337,1.29549,1.3022,9e-05,148027.41
2020-01-15,1.30211,1.30582,1.2985,1.30392,1.30219,1.30589,1.29858,1.30407,0.00015,138950.23
2020-01-16,1.30395,1.30828,1.30252,1.3076,1.30409,1.30836,1.30259,1.30772,0.00012,138673.69
2020-01-17,1.30758,1.31184,1.3005,1.30058,1.30771,1.31192,1.3007,1.30137,0.00079,146575.42
2020-01-20,1.30052,1.30132,1.29617,1.30035,1.30067,1.30175,1.29627,1.30047,0.00012,95076.26
2020-01-21,1.30037,1.30831,1.29952,1.30451,1.30048,1.30841,1.29956,1.30462,0.00011,137617.11
2020-01-22,1.30451,1.31525,1.30343,1.31435,1.30463,1.31533,1.30353,1.31448,0.00013,165245.95
2020-01-23,1.31435,1.31508,1.30966,1.31186,1.31448,1.31519,1.30974,1.31197,0.00011,134576.41
2020-01-24,1.31185,1.31739,1.30565,1.30701,1.31197,1.31756,1.30575,1.30776,0.00075,147573.7
2020-01-27,1.30606,1.3105,1.30395,1.30588,1.30621,1.31058,1.30401,1.30601,0.00013,117846.49
2020-01-28,1.30588,1.30649,1.29752,1.30231,1.306,1.30658,1.29756,1.30241,0.0001,115524.78
2020-01-29,1.3023,1.30273,1.29892,1.30207,1.30241,1.30284,1.29898,1.30221,0.00014,97490.38
2020-01-30,1.30207,1.31099,1.29773,1.30846,1.30221,1.31107,1.29782,1.30859,0.00013,149640.06
2020-01-31,1.30846,1.3209,1.30835,1.32014,1.30859,1.32107,1.30846,1.32096,0.00082,144593.86
2020-02-03,1.31806,1.3182,1.29827,1.29963,1.31818,1.31831,1.2983,1.29975,0.00012,159820.53
2020-02-04,1.29963,1.30464,1.2941,1.30302,1.29978,1.30472,1.29418,1.30313,0.00011,165907.27
2020-02-05,1.30302,1.30697,1.2956,1.29949,1.30314,1.30703,1.29568,1.2996,0.00011,166000.52
2020-02-06,1.29949,1.29986,1.29211,1.29299,1.29961,1.29991,1.29214,1.29312,0.00013,129987.04
2020-02-07,1.29296,1.29589,1.28813,1.28818,1.29303,1.29595,1.28826,1.28892,0.00074,150635.34
2020-02-10,1.28894,1.29459,1.28716,1.29154,1.28905,1.29467,1.28724,1.29165,0.00011,131171.08
2020-02-11,1.29154,1.29679,1.28941,1.29557,1.29166,1.29687,1.28946,1.29571,0.00014,129965.52
2020-02-12,1.29554,1.29914,1.29511,1.29573,1.29571,1.29918,1.29523,1.29584,0.00011,816804.12
2020-02-13,1.29574,1.30693,1.29439,1.30447,1.29583,1.30698,1.29447,1.30461,0.00014,901462.69
2020-02-14,1.30445,1.30634,1.30009,1.30455,1.30461,1.30639,1.30017,1.30479,0.00024,618435.19
2020-02-17,1.30509,1.3051,1.29977,1.30055,1.30523,1.30523,1.29993,1.30065,0.0001,101692.52
2020-02-18,1.30055,1.30486,1.29705,1.29987,1.30066,1.30493,1.29713,1.3,0.00013,155992.88
2020-02-19,1.29987,1.30229,1.29072,1.29255,1.30001,1.30239,1.29079,1.29266,0.00011,147418.86
2020-02-20,1.29255,1.29281,1.28488,1.28803,1.29268,1.29293,1.28495,1.28817,0.00014,121766.14
2020-02-21,1.28803,1.29806,1.28785,1.29529,1.28817,1.29813,1.28798,1.29646,0.00117,155388.33
2020-02-24,1.29513,1.2954,1.28864,1.29239,1.29525,1.29549,1.28872,1.29253,0.00014,171197.47
2020-02-25,1.29238,1.30179,1.2914,1.3002,1.29252,1.30185,1.29149,1.30033,0.00013,184183.91
2020-02-26,1.3002,1.30077,1.28927,1.29054,1.30033,1.30086,1.28962,1.29071,0.00017,192236.55
2020-02-27,1.29055,1.29462,1.28599,1.2887,1.29069,1.29469,1.28605,1.28885,0.00015,214339.55
2020-02-28,1.2887,1.29195,1.27255,1.28125,1.28884,1.29204,1.27264,1.28215,0.0009,246793.53
2020-03-02,1.28039,1.28503,1.27387,1.2766,1.28051,1.28515,1.27402,1.27675,0.00015,260818.59
2020-03-03,1.2766,1.28438,1.27581,1.28194,1.27675,1.28443,1.27589,1.28206,0.00012,268493.69
2020-03-04,1.28195,1.28725,1.27698,1.28707,1.28205,1.28739,1.27707,1.2872,0.00013,190665.95
2020-03-05,1.28707,1.29683,1.28603,1.29487,1.28722,1.29691,1.28617,1.29501,0.00014,168991.95
2020-03-06,1.29489,1.30517,1.29488,1.30459,1.29502,1.30532,1.29497,1.30524,0.00065,261299.75
2020-03-09,1.30958,1.32003,1.30342,1.30726,1.30971,1.32008,1.30356,1.30738,0.00012,353341.09
2020-03-10,1.30727,1.30884,1.28654,1.29048,1.3074,1.309,1.287,1.29061,0.00013,319238.31
2020-03-11,1.29048,1.29765,1.28035,1.28168,1.29062,1.29773,1.28048,1.28186,0.00018,236868.7
2020-03-12,1.28166,1.28487,1.24899,1.25708,1.28186,1.28501,1.24913,1.25746,0.00038,330143.09
2020-03-13,1.25706,1.2624,1.22597,1.22673,1.25746,1.26254,1.22617,1.22816,0.00143,345659.53
2020-03-16,1.23964,1.23991,1.22015,1.22655,1.23996,1.24008,1.22027,1.2268,0.00025,394021.91
2020-03-17,1.22655,1.22695,1.20009,1.21152,1.2268,1.22708,1.20025,1.21174,0.00022,428146.88
2020-03-18,1.21155,1.21294,1.14497,1.1608,1.21175,1.21307,1.14522,1.16109,0.00029,395433.22
2020-03-19,1.16084,1.1793,1.14095,1.14901,1.16109,1.17957,1.1414,1.14934,0.00033,434045.34
2020-03-20,1.149,1.19334,1.14755,1.16301,1.14934,1.19362,1.14784,1.16696,0.00395,381377.59
2020-03-23,1.16178,1.17133,1.14462,1.15948,1.16235,1.17161,1.14476,1.15965,0.00017,419719.62
2020-03-24,1.15945,1.17989,1.15792,1.17884,1.15966,1.18007,1.1581,1.17906,0.00022,412168.53
2020-03-25,1.17884,1.1973,1.16383,1.18466,1.17908,1.19745,1.164,1.18496,0.0003,391413.62
2020-03-26,1.18466,1.22292,1.18182,1.21914,1.18497,1.22304,1.18206,1.21946,0.00032,395433.53
2020-03-27,1.21924,1.24851,1.21436,1.24448,1.21947,1.24869,1.21457,1.24484,0.00036,390271.47
2020-03-30,1.24496,1.24656,1.23166,1.23673,1.24531,1.24677,1.23183,1.23711,0.00038,266488.03
2020-03-31,1.23673,1.24725,1.22419,1.24047,1.23711,1.24738,1.22438,1.24084,0.00037,647622.38
2020-04-01,1.24047,1.2438,1.23297,1.23797,1.24084,1.24397,1.2331,1.23824,0.00027,569216.62
2020-04-02,1.23797,1.24751,1.23482,1.23904,1.23824,1.24758,1.23489,1.23925,0.00021,544035.75
2020-04-03,1.23904,1.23949,1.22051,1.2264,1.23925,1.23959,1.22056,1.22732,0.00092,452838.31
2020-04-06,1.22164,1.23269,1.21645,1.22303,1.22195,1.23278,1.21667,1.22328,0.00025,420476.53
2020-04-07,1.22303,1.23839,1.22177,1.2336,1.22329,1.23853,1.22205,1.23383,0.00023,440425.19
2020-04-08,1.23359,1.24192,1.22876,1.23902,1.23379,1.24207,1.22888,1.23918,0.00016,295191.25
2020-04-09,1.23902,1.24829,1.23602,1.24524,1.23919,1.24843,1.23618,1.24576,0.00052,371797.97
2020-04-10,1.24524,1.24862,1.24419,1.24449,1.24573,1.24879,1.24479,1.24601,0.00152,287717.72
2020-04-13,1.24583,1.25364,1.24527,1.25195,1.24609,1.25376,1.24549,1.2522,0.00025,231375.12
2020-04-14,1.25193,1.2647,1.25088,1.26241,1.25219,1.26483,1.25104,1.26256,0.00015,236174.16
2020-04-15,1.26242,1.26242,1.24365,1.25178,1.26256,1.26261,1.24376,1.25198,0.0002,231271.5
2020-04-16,1.25177,1.25243,1.24075,1.24867,1.25199,1.2526,1.24089,1.24892,0.00025,278376.41
2020-04-17,1.24864,1.25219,1.24065,1.24939,1.24891,1.25234,1.24077,1.25085,0.00146,273488.28
2020-04-20,1.24844,1.24918,1.24162,1.24396,1.24861,1.24927,1.24171,1.24414,0.00018,204279.69
2020-04-21,1.24395,1.24415,1.22469,1.23006,1.24414,1.2443,1.22479,1.23026,0.0002,245054.73
2020-04-22,1.23004,1.23856,1.22742,1.23216,1.23023,1.23867,1.22754,1.23235,0.00019,188038.25
2020-04-23,1.23216,1.24146,1.23076,1.23513,1.23234,1.24156,1.23088,1.23528,0.00015,225367.83
2020-04-24,1.2351,1.23769,1.22978,1.23654,1.23528,1.23779,1.22988,1.23656,2e-05,196431.44
2020-04-27,1.23667,1.24543,1.23593,1.24207,1.23679,1.24552,1.23604,1.24224,0.00017,156230.81
2020-04-28,1.24204,1.2518,1.24034,1.24341,1.24221,1.25189,1.24045,1.24356,0.00015,158084.31
2020-04-29,1.24342,1.24851,1.23886,1.24696,1.24356,1.24863,1.23897,1.24708,0.00012,162539.58
2020-04-30,1.24696,1.26429,1.24284,1.25805,1.24707,1.26433,1.24295,1.25819,0.00014,219867.34
2020-05-01,1.25805,1.25812,1.24828,1.24869,1.25821,1.25825,1.24835,1.25015,0.00146,165516.44
2020-05-04,1.24548,1.24756,1.2405,1.24445,1.24561,1.24766,1.24058,1.24456,0.00011,160600.09
2020-05-05,1.24446,1.24835,1.242,1.24432,1.24457,1.24844,1.2421,1.24447,0.00015,174679.33
2020-05-06,1.24435,1.24498,1.2322,1.23236,1.2445,1.24509,1.2323,1.23248,0.00012,228259.05
2020-05-07,1.23237,1.24181,1.22657,1.23732,1.23251,1.24183,1.22666,1.23741,9e-05,193510.2
2020-05-08,1.23732,1.24667,1.23559,1.24033,1.23743,1.24675,1.23568,1.24092,0.00059,122287.01
2020-05-11,1.24163,1.24372,1.22828,1.23311,1.24175,1.24382,1.22833,1.2332,9e-05,194057.53
2020-05-12,1.23309,1.23778,1.22508,1.2251,1.2332,1.23783,1.22517,1.22522,0.00012,201269.36
2020-05-13,1.22512,1.23396,1.22096,1.22379,1.22523,1.23401,1.22106,1.22396,0.00017,225952.59
2020-05-14,1.22379,1.22408,1.21653,1.22331,1.22396,1.22417,1.21662,1.22341,0.0001,213031.94
2020-05-15,1.2233,1.22385,1.20998,1.21003,1.22342,1.22393,1.21028,1.21127,0.00124,202170.64
2020-05-18,1.20844,1.22271,1.20838,1.21994,1.2086,1.22282,1.20853,1.22006,0.00012,191398.75
2020-05-19,1.21994,1.22961,1.21834,1.22551,1.22005,1.22969,1.21844,1.22561,0.0001,195965.22
2020-05-20,1.22554,1.22874,1.2221,1.22359,1.22563,1.22884,1.22219,1.22373,0.00014,173041.06
2020-05-21,1.22363,1.22494,1.21853,1.22217,1.22375,1.22503,1.21863,1.2223,0.00013,169931.92
2020-05-22,1.22218,1.22334,1.21613,1.21665,1.22231,1.22344,1.21622,1.21682,0.00017,152917.98
2020-05-25,1.21853,1.22032,1.21635,1.22015,1.21867,1.22042,1.21644,1.22024,9e-05,168720.66
2020-05-26,1.22015,1.23628,1.21968,1.23313,1.22023,1.23635,1.21979,1.23324,0.00011,199878.34
2020-05-27,1.23314,1.23538,1.22043,1.22625,1.23324,1.23547,1.22049,1.22639,0.00014,266208.25
2020-05-28,1.22627,1.23443,1.22335,1.23182,1.22638,1.23449,1.22343,1.23195,0.00013,227021.7
2020-05-29,1.23178,1.23939,1.22903,1.23454,1.23195,1.23946,1.22907,1.23589,0.00135,287395.38
2020-06-01,1.23455,1.25065,1.2343,1.24856,1.23458,1.25071,1.23441,1.24871,0.00015,208216.89
2020-06-02,1.24856,1.25831,1.24782,1.25801,1.24871,1.25839,1.24791,1.25813,0.00012,232904.84
2020-06-03,1.25801,1.26149,1.25532,1.25734,1.25814,1.26157,1.25541,1.25745,0.00011,323327.0
2020-06-04,1.25735,1.2633,1.25004,1.26054,1.25745,1.26336,1.25012,1.26065,0.00011,364160.56
2020-06-05,1.26054,1.27309,1.25825,1.26656,1.2606,1.2732,1.25837,1.26662,6e-05,343231.47
2020-06-08,1.27183,1.27403,1.26276,1.2734,1.27199,1.27412,1.26285,1.27351,0.00011,238257.45
2020-06-09,1.2734,1.27554,1.2618,1.2709,1.2735,1.27563,1.26188,1.27101,0.00011,302911.5
2020-06-10,1.27089,1.28127,1.27059,1.2711,1.27101,1.28139,1.2707,1.27123,0.00013,416405.22
2020-06-11,1.27113,1.27502,1.25696,1.25724,1.27126,1.27512,1.25712,1.25736,0.00012,470204.09
2020-06-12,1.25723,1.2653,1.24734,1.25396,1.25736,1.2654,1.24744,1.25415,0.00019,452951.12
2020-06-15,1.25083,1.26379,1.2454,1.26373,1.25093,1.26391,1.24548,1.26383,0.0001,423827.91
2020-06-16,1.26376,1.26871,1.25523,1.25816,1.26383,1.2688,1.25532,1.2583,0.00014,467066.78
2020-06-17,1.25817,1.25885,1.25105,1.25495,1.25829,1.25893,1.25116,1.25511,0.00016,364152.41
2020-06-18,1.25496,1.25625,1.24013,1.2424,1.2551,1.25636,1.24024,1.24254,0.00014,352563.03
2020-06-19,1.24241,1.24556,1.23424,1.23476,1.24256,1.24566,1.23446,1.23506,0.0003,277790.88
2020-06-22,1.23452,1.25071,1.2335,1.24999,1.23465,1.25075,1.23362,1.25012,0.00013,273284.41
2020-06-23,1.24999,1.25317,1.24317,1.25241,1.25009,1.25325,1.24325,1.25255,0.00014,312195.81
2020-06-24,1.25244,1.25425,1.24108,1.24118,1.25253,1.25436,1.24118,1.24127,9e-05,344137.44
2020-06-25,1.2412,1.24639,1.23886,1.24239,1.24129,1.24647,1.23895,1.24253,0.00014,283574.31
2020-06-26,1.24242,1.24365,1.23142,1.23343,1.24253,1.24378,1.23149,1.23384,0.00041,205736.88
2020-06-29,1.23401,1.23892,1.22514,1.23104,1.23412,1.23902,1.22521,1.23113,9e-05,207793.06
2020-06-30,1.23105,1.24015,1.22573,1.23874,1.23114,1.24027,1.22581,1.23886,0.00012,241891.34
2020-07-01,1.23874,1.24902,1.23592,1.24637,1.23884,1.24911,1.236,1.2465,0.00013,233311.67
2020-07-02,1.24636,1.25298,1.2456,1.24656,1.24649,1.25304,1.24564,1.24669,0.00013,215568.19
2020-07-03,1.24655,1.24879,1.24377,1.24798,1.24669,1.24913,1.24383,1.24854,0.00056,193446.27
2020-07-06,1.24736,1.25201,1.24732,1.24944,1.24747,1.25203,1.24741,1.24954,0.0001,188210.2
2020-07-07,1.24943,1.25921,1.24622,1.25404,1.24953,1.25925,1.24629,1.25414,0.0001,216955.58
2020-07-08,1.25406,1.2623,1.25084,1.26125,1.25416,1.26238,1.25092,1.26135,0.0001,214308.55
2020-07-09,1.26124,1.26691,1.2598,1.26049,1.26135,1.267,1.25988,1.26059,0.0001,227330.2
2020-07-10,1.26049,1.26638,1.25666,1.26202,1.26059,1.26645,1.25675,1.2624,0.00038,202420.88
2020-07-13,1.26257,1.2666,1.255,1.25514,1.26267,1.26668,1.25506,1.25524,0.0001,193297.3
2020-07-14,1.25513,1.25743,1.24797,1.25684,1.25523,1.25755,1.24805,1.25695,0.00011,369047.5
2020-07-15,1.25686,1.26493,1.25633,1.25903,1.25695,1.26499,1.25643,1.25913,0.0001,230683.02
2020-07-16,1.25902,1.26248,1.25196,1.2558,1.25909,1.26252,1.25203,1.25593,0.00013,271123.03
2020-07-17,1.25583,1.25742,1.25115,1.25654,1.25594,1.25749,1.25122,1.25689,0.00035,135836.69
2020-07-20,1.257,1.26652,1.25178,1.26607,1.25712,1.26658,1.25184,1.26615,8e-05,179863.88
2020-07-21,1.26607,1.27679,1.26499,1.27317,1.26615,1.27683,1.26508,1.27328,0.00011,205432.55
2020-07-22,1.27322,1.27435,1.26436,1.27266,1.2733,1.27442,1.26445,1.27276,0.0001,255728.05
2020-07-23,1.27268,1.27598,1.26726,1.27294,1.27277,1.27607,1.26735,1.27303,9e-05,247484.31
2020-07-24,1.27294,1.28033,1.27168,1.27926,1.27304,1.28041,1.27174,1.27952,0.00026,222178.16
2020-07-27,1.27938,1.29028,1.27933,1.28878,1.27952,1.29031,1.27946,1.2889,0.00012,255259.88
2020-07-28,1.28878,1.29525,1.28379,1.29238,1.28888,1.29533,1.28387,1.29248,0.0001,233608.16
2020-07-29,1.29238,1.30133,1.29116,1.29786,1.29247,1.30138,1.29124,1.29796,0.0001,248649.39
2020-07-30,1.29786,1.31199,1.29441,1.3115,1.29796,1.31208,1.2945,1.31162,0.00012,285907.97
2020-07-31,1.3115,1.31699,1.30701,1.30836,1.31162,1.31706,1.30713,1.30869,0.00033,322362.38
2020-08-03,1.30987,1.31124,1.30044,1.30776,1.30999,1.31132,1.30053,1.30789,0.00013,297722.47
2020-08-04,1.30774,1.31078,1.29809,1.30843,1.30787,1.31083,1.29817,1.30853,0.0001,215529.59
2020-08-05,1.30845,1.31612,1.30575,1.31247,1.30855,1.31622,1.30583,1.31257,0.0001,238851.77
2020-08-06,1.31248,1.31855,1.31183,1.31368,1.31259,1.31862,1.31191,1.31381,0.00013,325909.12
2020-08-07,1.31369,1.31472,1.30092,1.30509,1.31381,1.31482,1.30099,1.30543,0.00034,266968.69
2020-08-10,1.30501,1.31031,1.30187,1.3076,1.30514,1.3104,1.30194,1.3077,0.0001,253194.77
2020-08-11,1.3076,1.31316,1.30412,1.30507,1.30771,1.31327,1.3042,1.30521,0.00014,271114.44
2020-08-12,1.30508,1.30674,1.3005,1.30456,1.30521,1.30681,1.30058,1.30466,0.0001,272034.19
2020-08-13,1.30458,1.31246,1.30429,1.30695,1.3047,1.31253,1.30442,1.30707,0.00012,229621.69
2020-08-14,1.30695,1.31423,1.30479,1.30829,1.30701,1.31432,1.30488,1.30876,0.00047,197648.52
2020-08-17,1.31046,1.31216,1.30738,1.31058,1.3106,1.31223,1.30745,1.3107,0.00012,182352.98
2020-08-18,1.31058,1.32542,1.31054,1.32524,1.31069,1.32552,1.31061,1.32532,8e-05,259260.73
2020-08-19,1.32522,1.32671,1.3091,1.31092,1.32532,1.32675,1.30947,1.31104,0.00012,276034.69
2020-08-20,1.31091,1.32245,1.30641,1.3218,1.31104,1.32249,1.30649,1.32192,0.00012,286838.44
2020-08-21,1.32181,1.32549,1.30588,1.30881,1.32192,1.32556,1.30594,1.30918,0.00037,346046.28
2020-08-24,1.30922,1.31489,1.30532,1.30702,1.30935,1.31494,1.30539,1.30714,0.00012,221116.98
2020-08-25,1.30703,1.31703,1.30585,1.31496,1.30712,1.3171,1.30593,1.31507,0.00011,236194.44
2020-08-26,1.31495,1.32195,1.31168,1.32187,1.31506,1.32204,1.31177,1.32197,0.0001,218427.16
2020-08-27,1.32188,1.32844,1.31606,1.31998,1.32197,1.32853,1.31617,1.32005,7e-05,379544.5
2020-08-28,1.31997,1.33562,1.31858,1.33488,1.32004,1.33572,1.31867,1.3353,0.00042,315141.5
2020-08-31,1.33547,1.33952,1.33008,1.33629,1.3356,1.33961,1.33014,1.33641,0.00012,710547.5
2020-09-01,1.33631,1.34821,1.3356,1.33996,1.3364,1.34828,1.33569,1.34005,9e-05,396541.22
2020-09-02,1.33994,1.34004,1.32829,1.33474,1.34006,1.34014,1.32839,1.33485,0.00011,327199.81
2020-09-03,1.33475,1.33477,1.32421,1.32632,1.33485,1.33486,1.32431,1.32643,0.00011,329329.62
2020-09-04,1.32634,1.33187,1.31756,1.32782,1.32644,1.33196,1.31764,1.32821,0.00039,341147.94
2020-09-07,1.32463,1.32573,1.31401,1.31603,1.32473,1.32583,1.31409,1.31612,9e-05,205557.73
2020-09-08,1.31603,1.31654,1.29496,1.29641,1.31613,1.31665,1.29502,1.2965,9e-05,337382.28
2020-09-09,1.29646,1.30231,1.28845,1.29981,1.29652,1.30238,1.28853,1.2999,9e-05,324341.38
2020-09-10,1.2998,1.30347,1.27731,1.28066,1.29989,1.30359,1.27735,1.28076,0.0001,438459.81
2020-09-11,1.28068,1.28654,1.27621,1.27942,1.28078,1.28662,1.2763,1.27975,0.00033,274453.19
2020-09-14,1.28062,1.29191,1.27905,1.2848,1.28077,1.29199,1.27915,1.28494,0.00014,208170.95
2020-09-15,1.28481,1.2926,1.28143,1.28829,1.28492,1.29266,1.28153,1.2884,0.00011,230403.14
2020-09-16,1.28826,1.3007,1.28748,1.296,1.28839,1.30077,1.28758,1.29608,8e-05,276512.19
2020-09-17,1.29601,1.29986,1.28645,1.29747,1.29613,1.29998,1.28652,1.29759,0.00012,378443.31
2020-09-18,1.29746,1.29996,1.29139,1.29143,1.29759,1.30002,1.29153,1.29187,0.00044,250996.84
2020-09-21,1.2932,1.29663,1.2775,1.28174,1.29333,1.29673,1.27759,1.28185,0.00011,317234.47
2020-09-22,1.28174,1.28669,1.27105,1.27423,1.28185,1.28681,1.27112,1.27432,9e-05,326173.0
2020-09-23,1.27423,1.27768,1.26748,1.27134,1.27433,1.27775,1.26758,1.27143,9e-05,316722.12
2020-09-24,1.27133,1.2781,1.26903,1.27555,1.27146,1.27817,1.2691,1.27565,0.0001,335422.47
2020-09-25,1.27554,1.28054,1.26871,1.27395,1.27564,1.2806,1.2688,1.27545,0.0015,230613.05
2020-09-28,1.2764,1.29298,1.27508,1.28729,1.27649,1.29306,1.27522,1.28743,0.00014,254124.38
2020-09-29,1.28731,1.29026,1.28222,1.28644,1.28743,1.29036,1.2823,1.28654,0.0001,267958.16
2020-09-30,1.28643,1.29424,1.28052,1.29157,1.28654,1.2943,1.28062,1.29172,0.00015,330165.94
2020-10-01,1.29159,1.29782,1.28191,1.28852,1.29171,1.29792,1.282,1.28868,0.00016,324701.84
2020-10-02,1.28853,1.29537,1.28365,1.29274,1.28867,1.29551,1.28377,1.29393,0.00119,361666.06
2020-10-05,1.29287,1.29934,1.28994,1.29924,1.29297,1.29948,1.29002,1.29935,0.00011,219244.44
2020-10-06,1.29924,1.3007,1.28662,1.28832,1.29938,1.30076,1.2868,1.28844,0.00012,308503.06
2020-10-07,1.28832,1.29293,1.2845,1.29157,1.28844,1.29301,1.2846,1.29169,0.00012,275557.56
2020-10-08,1.29157,1.297,1.28908,1.2939,1.2917,1.2971,1.28915,1.29402,0.00012,224685.45
2020-10-09,1.29388,1.30486,1.29208,1.30433,1.294,1.30506,1.2922,1.30494,0.00061,214083.97
2020-10-12,1.30298,1.30825,1.30051,1.30641,1.30311,1.30833,1.30057,1.30655,0.00014,183696.72
2020-10-13,1.30641,1.30676,1.29215,1.29342,1.30651,1.30686,1.29222,1.29351,9e-05,244168.28
2020-10-14,1.29342,1.30641,1.28623,1.30113,1.29352,1.3065,1.28635,1.30125,0.00012,266925.25
2020-10-15,1.30116,1.30297,1.28901,1.29031,1.30125,1.30306,1.28909,1.2904,9e-05,256018.23
2020-10-16,1.29031,1.29619,1.28618,1.29082,1.29039,1.29632,1.2863,1.29221,0.00139,324666.0
2020-10-19,1.29255,1.3024,1.29219,1.29471,1.29266,1.30249,1.2923,1.29482,0.00011,288699.09
2020-10-20,1.29472,1.29796,1.2911,1.29556,1.29482,1.29799,1.29114,1.29571,0.00015,227495.45
2020-10-21,1.29558,1.31766,1.29536,1.31288,1.29569,1.31776,1.29549,1.31298,0.0001,418784.53
2020-10-22,1.31287,1.31497,1.30702,1.30774,1.31299,1.31501,1.30708,1.30786,0.00012,707706.5
2020-10-23,1.30776,1.31223,1.30187,1.30391,1.30785,1.31233,1.30195,1.30513,0.00122,533649.94
2020-10-26,1.30527,1.30745,1.29925,1.30151,1.30537,1.30752,1.29933,1.30161,0.0001,824045.5
2020-10-27,1.30151,1.30794,1.30008,1.30302,1.3016,1.30801,1.30013,1.3031,8e-05,528734.88
2020-10-28,1.30301,1.30632,1.29162,1.29887,1.30312,1.30643,1.2917,1.29899,0.00012,490682.09
2020-10-29,1.29886,1.30254,1.28804,1.29307,1.29899,1.30261,1.28815,1.29317,0.0001,504590.56
2020-10-30,1.29307,1.29879,1.28987,1.29472,1.29316,1.29887,1.28993,1.2953,0.00058,495602.28
2020-11-02,1.29253,1.29424,1.28538,1.29215,1.29266,1.29433,1.28545,1.29223,8e-05,412143.44
2020-11-03,1.29213,1.31307,1.29146,1.31189,1.29223,1.31322,1.29155,1.31207,0.00018,307252.09
2020-11-04,1.31186,1.31397,1.2914,1.29653,1.31199,1.31407,1.29152,1.29668,0.00015,901789.69
2020-11-05,1.29656,1.31567,1.29389,1.31378,1.29668,1.31596,1.29414,1.31394,0.00016,678935.56
2020-11-06,1.31377,1.31769,1.30922,1.31477,1.31395,1.31776,1.3093,1.3155,0.00073,661898.5
2020-11-09,1.31794,1.32078,1.31179,1.31684,1.31805,1.32088,1.31189,1.31695,0.00011,881923.38
2020-11-10,1.31683,1.32778,1.31568,1.32607,1.31694,1.32792,1.31578,1.32614,7e-05,595749.25
2020-11-11,1.32605,1.33132,1.31908,1.32232,1.32614,1.33142,1.31916,1.32241,9e-05,289362.41
2020-11-12,1.32229,1.32281,1.31061,1.31204,1.32241,1.3229,1.31067,1.31219,0.00015,255889.95
2020-11-13,1.31205,1.31996,1.31088,1.31983,1.31219,1.32039,1.31096,1.32039,0.00056,193083.31
2020-11-16,1.32189,1.3242,1.31652,1.3221,1.32201,1.3243,1.3166,1.32222,0.00012,206560.28
2020-11-17,1.32211,1.32725,1.31928,1.3256,1.3222,1.32731,1.31938,1.32575,0.00015,167152.86
2020-11-18,1.3256,1.33121,1.32435,1.32512,1.32575,1.33127,1.32443,1.32524,0.00012,145728.36
2020-11-19,1.32509,1.32787,1.31957,1.32468,1.32517,1.32798,1.31965,1.3248,0.00012,206421.45
2020-11-20,1.3247,1.32975,1.3247,1.32817,1.32481,1.32983,1.3248,1.32869,0.00052,160505.91
2020-11-23,1.33028,1.33975,1.32633,1.33257,1.33042,1.33982,1.32644,1.33271,0.00014,174456.95
2020-11-24,1.33256,1.33801,1.32927,1.33612,1.33271,1.33809,1.32934,1.33623,0.00011,189387.67
2020-11-25,1.33612,1.33931,1.33038,1.33827,1.33625,1.33939,1.33045,1.33841,0.00014,183348.31
2020-11-26,1.33829,1.33975,1.33217,1.33528,1.33842,1.33985,1.33225,1.33544,0.00016,132935.56
2020-11-27,1.3353,1.33814,1.32875,1.33068,1.33544,1.33822,1.32882,1.33208,0.0014,188968.66
2020-11-30,1.33317,1.33846,1.33048,1.33348,1.33328,1.33855,1.33055,1.33361,0.00013,212638.06
2020-12-01,1.33351,1.3442,1.33153,1.3421,1.33361,1.34427,1.33161,1.34224,0.00014,203744.3
2020-12-02,1.3422,1.34409,1.32872,1.33678,1.34228,1.34417,1.32883,1.33692,0.00014,214542.41
2020-12-03,1.33681,1.34997,1.33528,1.34515,1.33693,1.35004,1.33541,1.34527,0.00012,231095.34
2020-12-04,1.34515,1.35391,1.34098,1.34332,1.34526,1.35399,1.34103,1.3447,0.00138,270251.47
2020-12-07,1.34143,1.34373,1.32243,1.33548,1.34157,1.34383,1.3225,1.33559,0.00011,250870.22
2020-12-08,1.3355,1.33932,1.32896,1.33643,1.3356,1.33942,1.32902,1.33656,0.00013,251844.27
2020-12-09,1.33642,1.34778,1.33235,1.3365,1.33653,1.34785,1.33245,1.33663,0.00013,209274.31
2020-12-10,1.33652,1.33894,1.3245,1.33015,1.33663,1.33905,1.32461,1.33032,0.00017,234506.88
2020-12-11,1.33016,1.33239,1.31339,1.32203,1.33029,1.33254,1.3135,1.32352,0.00149,227040.31
2020-12-14,1.33156,1.34451,1.32897,1.33249,1.33171,1.34463,1.32908,1.33264,0.00015,188449.33
2020-12-15,1.33248,1.34688,1.32798,1.34465,1.33262,1.34699,1.32808,1.34481,0.00016,210231.59
2020-12-16,1.34466,1.35545,1.34339,1.35019,1.34478,1.35553,1.34354,1.35026,7e-05,153767.12
2020-12-17,1.35018,1.36244,1.34948,1.35681,1.35025,1.36255,1.3496,1.35694,0.00013,113764.94
2020-12-18,1.35691,1.3573,1.34712,1.35142,1.35698,1.35733,1.34717,1.35256,0.00114,141717.23
2020-12-21,1.34016,1.34995,1.31875,1.34466,1.34024,1.34998,1.31882,1.34481,0.00015,210471.19
2020-12-22,1.34465,1.34569,1.33036,1.3401,1.3448,1.34583,1.33046,1.34028,0.00018,182231.11
2020-12-23,1.34009,1.35704,1.33704,1.35122,1.34028,1.35716,1.33719,1.35141,0.00019,213420.59
2020-12-24,1.35123,1.36188,1.35021,1.35357,1.35139,1.36202,1.3504,1.35691,0.00334,235480.58
2020-12-25,1.35357,1.3587,1.35308,1.35408,1.35693,1.35922,1.35585,1.35752,0.00344,550.49
2020-12-28,1.35702,1.35753,1.3429,1.3464,1.35712,1.35769,1.34301,1.34652,0.00012,136779.0
2020-12-29,1.34639,1.35224,1.34591,1.34967,1.34654,1.35234,1.346,1.34983,0.00016,170929.25
2020-12-30,1.34967,1.363,1.34927,1.36286,1.34982,1.3631,1.34944,1.36299,0.00013,186902.78
2020-12-31,1.36286,1.36859,1.36037,1.3663,1.363,1.36869,1.36049,1.36749,0.00119,209155.5
2021-01-04,1.36809,1.37039,1.35412,1.35705,1.36815,1.37045,1.35423,1.35717,0.00012,184628.86
2021-01-05,1.35708,1.36417,1.3554,1.36268,1.35717,1.36424,1.35547,1.36274,6e-05,153539.62
2021-01-06,1.36269,1.36707,1.35384,1.36234,1.36274,1.36715,1.35389,1.36247,0.00013,197215.3
2021-01-07,1.36234,1.3633,1.35325,1.35684,1.36248,1.36341,1.35331,1.35696,0.00012,145134.78
2021-01-08,1.35683,1.36356,1.35378,1.35621,1.35696,1.36362,1.35389,1.35767,0.00146,151513.58
2021-01-11,1.35181,1.35347,1.34503,1.35225,1.3519,1.35355,1.34511,1.35242,0.00017,121165.96
2021-01-12,1.35225,1.367,1.3504,1.36664,1.35238,1.36713,1.35048,1.36678,0.00014,111160.91
2021-01-13,1.36665,1.37009,1.36113,1.36471,1.36678,1.37014,1.36122,1.36482,0.00011,119561.27
2021-01-14,1.36471,1.37107,1.3616,1.36822,1.36479,1.37112,1.3617,1.36833,0.00011,115252.28
2021-01-15,1.3682,1.36977,1.35721,1.35769,1.36834,1.36989,1.35727,1.35905,0.00136,104933.47
2021-01-18,1.35702,1.35894,1.35193,1.3582,1.35714,1.35903,1.35201,1.35833,0.00013,84944.49
2021-01-19,1.35822,1.36471,1.35809,1.36437,1.35833,1.36482,1.35822,1.36448,0.00011,87480.01
2021-01-20,1.36436,1.37186,1.3623,1.36662,1.36448,1.37189,1.36239,1.36671,9e-05,91201.83
2021-01-21,1.36663,1.37456,1.36583,1.37283,1.36672,1.37465,1.36595,1.37294,0.00011,92710.91
2021-01-22,1.37284,1.37359,1.36355,1.36784,1.37289,1.37364,1.36361,1.36899,0.00115,81581.22
2021-01-25,1.36853,1.37232,1.36484,1.36765,1.36862,1.37237,1.36492,1.36773,8e-05,85915.76
2021-01-26,1.36768,1.37442,1.36092,1.3741,1.36773,1.37449,1.36098,1.37414,4e-05,83007.55
2021-01-27,1.37408,1.37585,1.36588,1.36705,1.37415,1.37592,1.36597,1.36714,9e-05,130155.43
2021-01-28,1.36702,1.37457,1.36298,1.37244,1.36714,1.37463,1.36306,1.37253,9e-05,116671.46
2021-01-29,1.37244,1.37512,1.3657,1.37023,1.37254,1.3752,1.36577,1.37134,0.00111,134619.62
2021-02-01,1.3697,1.37574,1.3656,1.36751,1.36983,1.37583,1.36568,1.36768,0.00017,102433.54
2021-02-02,1.36752,1.37101,1.36108,1.3659,1.36766,1.37108,1.36118,1.36597,7e-05,89768.09
2021-02-03,1.3659,1.36832,1.36189,1.36493,1.36597,1.3684,1.36197,1.36503,0.0001,78772.59
2021-02-04,1.36494,1.36978,1.35655,1.36719,1.36503,1.36983,1.35675,1.36731,0.00012,107867.38
2021-02-05,1.3672,1.37397,1.36657,1.37291,1.36731,1.37404,1.36664,1.37391,0.001,73448.89
2021-02-08,1.37371,1.37491,1.368,1.3745,1.37389,1.37498,1.36804,1.37461,0.00011,61561.22
2021-02-09,1.3745,1.38203,1.37419,1.3815,1.37462,1.38207,1.37429,1.38162,0.00012,74776.82
2021-02-10,1.38153,1.38658,1.38023,1.38302,1.38161,1.38665,1.3803,1.38313,0.00011,80493.09
2021-02-11,1.38302,1.38593,1.38001,1.38109,1.38307,1.38598,1.38008,1.38118,9e-05,59725.18
2021-02-12,1.38107,1.38623,1.37754,1.38497,1.38118,1.38629,1.37762,1.38586,0.00089,57293.18
2021-02-15,1.38685,1.39188,1.38653,1.39138,1.38697,1.39194,1.38661,1.39146,8e-05,60393.71
2021-02-16,1.39135,1.39515,1.3869,1.3885,1.39145,1.39521,1.38696,1.38859,9e-05,86157.3
2021-02-17,1.3885,1.39037,1.38294,1.38658,1.38853,1.39043,1.383,1.38662,4e-05,95753.54
2021-02-18,1.38657,1.39859,1.38395,1.3967,1.38662,1.39866,1.38402,1.39678,8e-05,88944.46
2021-02-19,1.3967,1.40359,1.39511,1.40059,1.39677,1.40366,1.39518,1.40166,0.00107,76386.9
2021-02-22,1.40273,1.40861,1.39803,1.40673,1.4028,1.40865,1.39809,1.40684,0.00011,80633.3
2021-02-23,1.40673,1.41203,1.40541,1.4119,1.40681,1.41211,1.40545,1.41199,9e-05,79082.41
2021-02-24,1.4119,1.42415,1.40819,1.41461,1.41196,1.4243,1.40825,1.41469,8e-05,94423.89
2021-02-25,1.41459,1.4182,1.4,1.40033,1.41466,1.41823,1.40004,1.4004,7e-05,144933.25
2021-02-26,1.40035,1.40214,1.38876,1.39244,1.4004,1.40219,1.38884,1.39386,0.00142,168617.3
2021-03-01,1.39735,1.3999,1.39035,1.39285,1.39743,1.39997,1.39043,1.39294,9e-05,101784.31
2021-03-02,1.39285,1.39768,1.38587,1.39536,1.39291,1.39774,1.38595,1.39544,8e-05,101734.61
2021-03-03,1.39542,1.40061,1.39207,1.39208,1.39549,1.40069,1.39211,1.39215,7e-05,125829.41
2021-03-04,1.39208,1.40171,1.38801,1.38933,1.39213,1.40177,1.38805,1.38941,8e-05,150113.59
2021-03-05,1.3893,1.39062,1.37784,1.38357,1.38935,1.39072,1.37791,1.38455,0.00098,152501.55
2021-03-08,1.38505,1.3859,1.37999,1.38212,1.38516,1.38595,1.38007,1.38223,0.00011,118581.0
2021-03-09,1.38213,1.39253,1.38016,1.3887,1.38223,1.3926,1.38024,1.38878,8e-05,107522.48
2021-03-10,1.3887,1.39378,1.38453,1.393,1.38877,1.39388,1.38461,1.39308,8e-05,111763.65
2021-03-11,1.393,1.39956,1.39186,1.39874,1.39304,1.39961,1.39193,1.39884,0.0001,91013.62
2021-03-12,1.39872,1.40045,1.38632,1.39129,1.39877,1.40055,1.38639,1.39214,0.00085,97616.38
2021-03-15,1.39298,1.39495,1.3853,1.38981,1.39305,1.39502,1.38534,1.38989,8e-05,87446.73
2021-03-16,1.38981,1.39059,1.38089,1.3902,1.38987,1.39065,1.38094,1.39027,7e-05,81500.44
2021-03-17,1.3902,1.39759,1.38506,1.39749,1.39024,1.39767,1.38514,1.39758,9e-05,99030.44
2021-03-18,1.3975,1.40012,1.38971,1.39227,1.3976,1.40019,1.38977,1.39237,0.0001,117972.06
2021-03-19,1.39228,1.39591,1.38301,1.38662,1.39237,1.39596,1.38308,1.38721,0.00059,94703.93
2021-03-22,1.38334,1.38767,1.38174,1.38587,1.38341,1.38772,1.38182,1.38597,0.0001,62495.49
2021-03-23,1.38593,1.38619,1.37234,1.37311,1.386,1.38631,1.37243,1.37321,0.0001,87929.83
2021-03-24,1.37312,1.37424,1.36738,1.36883,1.37321,1.37433,1.36744,1.36889,6e-05,82849.28
2021-03-25,1.36885,1.37482,1.367,1.37461,1.36891,1.37489,1.36707,1.37471,0.0001,84052.88
2021-03-26,1.37469,1.38123,1.37418,1.37855,1.37475,1.38129,1.37425,1.37964,0.00109,65359.94
2021-03-29,1.379,1.38469,1.37551,1.37739,1.37907,1.38473,1.37554,1.37746,7e-05,75273.6
2021-03-30,1.37739,1.37831,1.37058,1.37457,1.37747,1.3784,1.37064,1.37466,9e-05,78948.46
2021-03-31,1.37456,1.38116,1.3716,1.37854,1.37466,1.38122,1.37168,1.37861,7e-05,74884.78
2021-04-01,1.37855,1.38373,1.37457,1.38332,1.37862,1.38383,1.37463,1.38341,9e-05,76272.27
2021-04-02,1.38333,1.38521,1.38095,1.38272,1.38341,1.38531,1.38132,1.38346,0.00074,127818.74
2021-04-05,1.38295,1.39148,1.38126,1.39121,1.38307,1.39159,1.38133,1.39129,8e-05,46745.96
2021-04-06,1.39121,1.39186,1.38017,1.38297,1.39127,1.3919,1.38023,1.38306,9e-05,79045.02
2021-04-07,1.38299,1.38397,1.37241,1.37412,1.38305,1.38404,1.37248,1.37422,0.0001,87371.77
2021-04-08,1.37413,1.37822,1.37185,1.3733,1.3742,1.3783,1.37189,1.37339,9e-05,71249.12
2021-04-09,1.37333,1.37503,1.36696,1.37054,1.37341,1.3751,1.36702,1.37074,0.0002,68298.79
2021-04-12,1.37076,1.37766,1.36689,1.37532,1.37082,1.37773,1.36695,1.37542,0.0001,66523.88
2021-04-13,1.37532,1.37688,1.36941,1.37586,1.37539,1.37693,1.36947,1.37597,0.00011,70864.21
2021-04-14,1.37587,1.38085,1.37493,1.37775,1.37595,1.3809,1.37502,1.37783,8e-05,65974.99
2021-04-15,1.37774,1.38088,1.37612,1.37831,1.37778,1.38093,1.37619,1.37839,8e-05,68475.2
2021-04-16,1.37831,1.38437,1.37159,1.38261,1.37838,1.38506,1.37163,1.38388,0.00127,71552.82
2021-04-19,1.38175,1.39926,1.38094,1.39911,1.38183,1.39932,1.38098,1.39919,8e-05,91561.89
2021-04-20,1.3991,1.40089,1.3926,1.39375,1.39919,1.40096,1.39265,1.39386,0.00011,67853.18
2021-04-21,1.39377,1.39494,1.38853,1.39308,1.39385,1.39503,1.38858,1.39316,8e-05,62855.79
2021-04-22,1.39305,1.39495,1.38234,1.38386,1.39315,1.39501,1.38241,1.38394,8e-05,77937.65
2021-04-23,1.38387,1.38952,1.38352,1.38736,1.38395,1.38958,1.38361,1.38866,0.0013,67547.6
2021-04-26,1.38645,1.39292,1.38645,1.38943,1.38655,1.39296,1.38655,1.38951,8e-05,69611.85
2021-04-27,1.38943,1.39239,1.38582,1.39027,1.38949,1.39244,1.38588,1.39034,7e-05,67216.99
2021-04-28,1.39028,1.39564,1.38607,1.39539,1.39035,1.39571,1.38613,1.39549,0.0001,76003.71
2021-04-29,1.39542,1.39764,1.39317,1.395,1.39549,1.3977,1.39323,1.39507,7e-05,80940.93
2021-04-30,1.39501,1.39581,1.38023,1.38077,1.39507,1.39588,1.3803,1.38217,0.0014,79265.31
2021-05-03,1.38192,1.39315,1.38008,1.39028,1.38199,1.39323,1.38012,1.39038,0.0001,66548.79
2021-05-04,1.39028,1.3905,1.38382,1.38869,1.39036,1.39059,1.38388,1.38878,9e-05,96958.54
2021-05-05,1.38869,1.3926,1.38759,1.39083,1.38876,1.39268,1.38765,1.39093,0.0001,62748.71
2021-05-06,1.39082,1.39405,1.38569,1.38953,1.39092,1.39411,1.38576,1.3896,7e-05,87897.01
2021-05-07,1.38953,1.40056,1.38896,1.39811,1.38961,1.40062,1.38904,1.39905,0.00094,94196.24
2021-05-10,1.404,1.41582,1.40148,1.41306,1.40407,1.41587,1.40153,1.41309,3e-05,86578.52
2021-05-11,1.41307,1.41665,1.41036,1.41352,1.4131,1.41669,1.41042,1.4136,8e-05,89495.62
2021-05-12,1.41351,1.41527,1.40499,1.40619,1.41359,1.41534,1.40505,1.40626,7e-05,109916.57
2021-05-13,1.4062,1.40778,1.40053,1.40457,1.4063,1.40786,1.40061,1.40466,9e-05,100851.52
2021-05-14,1.40457,1.41108,1.40359,1.40945,1.40465,1.41115,1.40366,1.41046,0.00101,68903.5
2021-05-17,1.41004,1.41477,1.40769,1.41475,1.41013,1.41484,1.40775,1.41483,8e-05,73535.8
2021-05-18,1.41475,1.422,1.41451,1.41869,1.41484,1.42205,1.41459,1.41877,8e-05,71244.56
2021-05-19,1.41869,1.42004,1.40995,1.41069,1.41878,1.42014,1.41001,1.41076,7e-05,99147.61
2021-05-20,1.41068,1.41938,1.41009,1.41846,1.41076,1.4195,1.41017,1.4185,4e-05,91711.52
2021-05-21,1.41848,1.42336,1.41401,1.41409,1.41851,1.42343,1.41411,1.41555,0.00146,76232.94
2021-05-24,1.41397,1.41714,1.4111,1.41548,1.41404,1.41721,1.41118,1.41558,0.0001,67262.35
2021-05-25,1.41549,1.42107,1.41153,1.41424,1.41556,1.42113,1.41158,1.41432,8e-05,87218.0
2021-05-26,1.41424,1.41758,1.41119,1.41149,1.41431,1.41765,1.41125,1.41155,6e-05,74154.3
2021-05-27,1.41146,1.42188,1.40913,1.42028,1.41151,1.42196,1.40922,1.42035,7e-05,97522.91
2021-05-28,1.42029,1.42053,1.4136,1.41834,1.42035,1.42058,1.41368,1.41956,0.00122,93966.55
2021-05-31,1.41791,1.42284,1.41636,1.42266,1.41797,1.4229,1.41642,1.42274,8e-05,61188.98
2021-06-01,1.42265,1.42491,1.41452,1.41553,1.42274,1.42496,1.41461,1.41559,6e-05,96331.86
2021-06-02,1.41552,1.4183,1.41115,1.41707,1.41558,1.41837,1.4112,1.41714,7e-05,85712.66
2021-06-03,1.41709,1.42026,1.40861,1.41076,1.41717,1.42034,1.40867,1.41084,8e-05,121994.62
2021-06-04,1.41077,1.42002,1.40827,1.41553,1.41084,1.42008,1.40832,1.41633,0.0008,94464.43
2021-06-07,1.41639,1.41906,1.4111,1.41753,1.41646,1.4191,1.41117,1.41761,8e-05,82061.61
2021-06-08,1.41755,1.41843,1.41207,1.41487,1.41762,1.41852,1.41211,1.41497,0.0001,78023.23
2021-06-09,1.41485,1.4189,1.41094,1.41107,1.41495,1.41893,1.41103,1.41116,9e-05,67611.62
2021-06-10,1.41108,1.4178,1.4073,1.417,1.41116,1.41799,1.40736,1.41707,7e-05,111338.61
2021-06-11,1.417,1.41851,1.40953,1.41056,1.41709,1.41858,1.40961,1.41146,0.0009,82762.95
2021-06-14,1.41172,1.41237,1.40699,1.4109,1.41182,1.41242,1.40706,1.41101,0.00011,75981.17
2021-06-15,1.4109,1.41286,1.40341,1.40804,1.41102,1.41294,1.40347,1.40813,9e-05,79038.43
2021-06-16,1.40803,1.41324,1.39802,1.39886,1.40813,1.41331,1.39831,1.39898,0.00012,116997.96
2021-06-17,1.39887,1.40085,1.38955,1.39374,1.39895,1.40093,1.38962,1.39386,0.00012,116278.63
2021-06-18,1.39375,1.3944,1.37914,1.38003,1.39387,1.39451,1.37929,1.38092,0.00089,127385.56
2021-06-21,1.38159,1.39369,1.37859,1.39238,1.3817,1.39381,1.37869,1.39249,0.00011,117383.3
2021-06-22,1.39237,1.39633,1.386,1.39488,1.39249,1.3964,1.38608,1.39499,0.00011,87325.56
2021-06-23,1.39486,1.40011,1.39237,1.39663,1.39496,1.40017,1.39243,1.39676,0.00013,86710.51
2021-06-24,1.39664,1.39863,1.38892,1.39157,1.39674,1.39871,1.38899,1.39168,0.00011,98924.44
2021-06-25,1.39158,1.39351,1.38711,1.38779,1.39169,1.39362,1.38718,1.38876,0.00097,72175.59
2021-06-28,1.38958,1.39393,1.38705,1.38782,1.3896,1.394,1.38713,1.38789,7e-05,71019.32
2021-06-29,1.38782,1.38802,1.38137,1.38398,1.3879,1.38812,1.38142,1.38407,9e-05,80221.88
2021-06-30,1.38397,1.38726,1.37982,1.38279,1.38409,1.38735,1.37989,1.3829,0.00011,85312.25
2021-07-01,1.3828,1.38342,1.37515,1.37585,1.3829,1.38347,1.37523,1.37596,0.00011,99220.83
2021-07-02,1.37584,1.38444,1.37313,1.38244,1.37596,1.38451,1.37325,1.3837,0.00126,99099.88
2021-07-05,1.38309,1.38617,1.38167,1.38529,1.3832,1.38623,1.38174,1.38538,9e-05,81255.6
2021-07-06,1.38529,1.38981,1.37727,1.38037,1.38536,1.38985,1.37734,1.38046,9e-05,100766.09
2021-07-07,1.38038,1.38414,1.37537,1.37992,1.38046,1.38422,1.37543,1.38004,0.00012,106233.83
2021-07-08,1.37996,1.38015,1.37414,1.37893,1.38005,1.38026,1.37422,1.37904,0.00011,146099.39
2021-07-09,1.37899,1.39088,1.37552,1.38924,1.37907,1.39099,1.37558,1.3906,0.00136,149844.92
2021-07-12,1.38982,1.39097,1.38387,1.38858,1.38989,1.39107,1.38393,1.38869,0.00011,118281.67
2021-07-13,1.38859,1.39051,1.37998,1.38052,1.38869,1.39057,1.38005,1.3806,8e-05,111801.38
2021-07-14,1.38052,1.38917,1.38011,1.38558,1.38061,1.38926,1.38019,1.38568,0.0001,108695.64
2021-07-15,1.38559,1.38988,1.38046,1.38277,1.38568,1.38996,1.38054,1.38286,9e-05,99987.59
2021-07-16,1.38278,1.38617,1.37565,1.37565,1.38286,1.38624,1.37612,1.37702,0.00137,80998.26
2021-07-19,1.37631,1.37636,1.36545,1.36684,1.37639,1.37642,1.36551,1.36694,0.0001,126419.6
2021-07-20,1.36685,1.36892,1.35717,1.3634,1.36695,1.36901,1.35723,1.36349,9e-05,104152.77
2021-07-21,1.36339,1.37227,1.35908,1.37115,1.36349,1.37234,1.35917,1.37126,0.00011,77052.81
2021-07-22,1.37114,1.37869,1.36904,1.37722,1.37126,1.37875,1.3691,1.37735,0.00013,83756.95
2021-07-23,1.37722,1.37796,1.37196,1.37449,1.37733,1.37806,1.37204,1.37513,0.00064,67872.15
2021-07-26,1.37567,1.38333,1.37366,1.38257,1.37576,1.38339,1.37375,1.38269,0.00012,70111.78
2021-07-27,1.38256,1.38941,1.37664,1.38817,1.38269,1.38945,1.3767,1.38826,9e-05,88385.76
2021-07-28,1.38816,1.39109,1.3843,1.39055,1.38826,1.39117,1.38439,1.39064,9e-05,72214.34
2021-07-29,1.39055,1.39816,1.38977,1.39632,1.39066,1.39825,1.38987,1.39644,0.00012,53546.77
2021-07-30,1.39632,1.39832,1.38877,1.38959,1.39643,1.39839,1.38884,1.39084,0.00125,59197.2
2021-08-02,1.38952,1.39323,1.38753,1.38906,1.38962,1.3933,1.38761,1.38915,9e-05,57140.82
2021-08-03,1.38905,1.39385,1.38823,1.39167,1.38915,1.39392,1.38832,1.39174,7e-05,57672.35
2021-08-04,1.39166,1.39574,1.38849,1.38893,1.39174,1.39582,1.3886,1.38902,9e-05,58890.77
2021-08-05,1.38892,1.39488,1.38719,1.3927,1.38902,1.39495,1.38726,1.39278,8e-05,66086.84
2021-08-06,1.3927,1.39327,1.38608,1.38693,1.39279,1.39334,1.38617,1.38753,0.0006,49586.5
2021-08-09,1.38662,1.38942,1.38406,1.38465,1.38675,1.3895,1.38414,1.38472,7e-05,48582.93
2021-08-10,1.38465,1.38721,1.38272,1.3835,1.38471,1.38728,1.3828,1.3836,0.0001,44152.6
2021-08-11,1.3835,1.38875,1.38023,1.38661,1.38361,1.38884,1.38033,1.38666,5e-05,51312.96
2021-08-12,1.38659,1.38782,1.37945,1.38106,1.38667,1.38791,1.3795,1.38113,7e-05,41991.44
2021-08-13,1.38106,1.38749,1.37904,1.38576,1.38114,1.38755,1.37912,1.38729,0.00153,33612.34
2021-08-16,1.38631,1.38783,1.38277,1.38403,1.38638,1.3879,1.38282,1.38412,9e-05,46770.81
2021-08-17,1.38404,1.38406,1.37231,1.37396,1.38412,1.38416,1.37265,1.37405,9e-05,49121.73
2021-08-18,1.37395,1.37859,1.37309,1.37424,1.37407,1.37869,1.37317,1.37433,9e-05,43584.48
2021-08-19,1.37431,1.37496,1.36275,1.36297,1.37436,1.37503,1.36284,1.36307,0.0001,59130.28
2021-08-20,1.36298,1.3641,1.36019,1.36144,1.36308,1.36416,1.36026,1.36296,0.00152,43484.21
2021-08-23,1.36241,1.37319,1.3624,1.37228,1.36251,1.37326,1.36251,1.37241,0.00013,45278.64
2021-08-24,1.37225,1.37474,1.36936,1.37243,1.37238,1.37482,1.36942,1.37254,0.00011,44923.59
2021-08-25,1.37244,1.37664,1.36962,1.37639,1.37254,1.37674,1.36972,1.37649,0.0001,42653.06
2021-08-26,1.37638,1.37675,1.36891,1.36998,1.37649,1.37685,1.369,1.37007,9e-05,50984.61
2021-08-27,1.36997,1.37807,1.36796,1.37544,1.3701,1.37816,1.36802,1.37656,0.00112,64037.3
2021-08-30,1.3762,1.37749,1.37337,1.37584,1.37634,1.37759,1.37344,1.37593,9e-05,33467.31
2021-08-31,1.37583,1.38077,1.37426,1.37518,1.37595,1.38083,1.37434,1.37527,9e-05,64054.3
2021-09-01,1.3752,1.3798,1.37309,1.37708,1.37526,1.37987,1.37316,1.37718,0.0001,53666.16
2021-09-02,1.37708,1.38398,1.37668,1.38359,1.37719,1.38408,1.37679,1.38367,8e-05,41166.48
2021-09-03,1.38359,1.38915,1.38177,1.386,1.38368,1.38924,1.38185,1.38744,0.00144,59701.76
2021-09-06,1.38575,1.38592,1.38181,1.38382,1.38582,1.38603,1.3819,1.38393,0.00011,54917.96
2021-09-07,1.38381,1.38564,1.37674,1.37786,1.38391,1.38572,1.37682,1.37795,9e-05,63392.87
2021-09-08,1.37785,1.37903,1.37261,1.37665,1.37793,1.37912,1.3727,1.37674,9e-05,59066.5
2021-09-09,1.37664,1.38625,1.3753,1.3838,1.37674,1.3863,1.3754,1.38389,9e-05,65535.02
2021-09-10,1.38384,1.38883,1.38258,1.38299,1.3839,1.38891,1.38273,1.3839,0.00091,57046.48
2021-09-13,1.38391,1.38508,1.37968,1.3837,1.38396,1.38517,1.37976,1.38381,0.00011,50479.69
2021-09-14,1.38368,1.3913,1.38033,1.38076,1.3838,1.39136,1.3804,1.38085,9e-05,60922.58
2021-09-15,1.38073,1.38536,1.37922,1.38478,1.38087,1.38542,1.37932,1.3849,0.00012,50989.17
2021-09-16,1.38476,1.38493,1.37642,1.37974,1.38489,1.38501,1.37646,1.37984,0.0001,50100.27
2021-09-17,1.37973,1.38125,1.37256,1.37283,1.37983,1.38133,1.37272,1.37434,0.00151,51731.76
2021-09-20,1.3728,1.37297,1.36405,1.36617,1.37294,1.37306,1.36409,1.36623,6e-05,65775.87
2021-09-21,1.36616,1.36927,1.3641,1.36569,1.36627,1.36934,1.36416,1.36584,0.00015,59003.07
2021-09-22,1.3657,1.36893,1.3609,1.36157,1.36582,1.369,1.36099,1.36166,9e-05,76977.18
2021-09-23,1.36157,1.37505,1.36119,1.37203,1.36167,1.37512,1.36126,1.37215,0.00012,68104.32
2021-09-24,1.37204,1.37364,1.36576,1.3673,1.37215,1.37369,1.36581,1.36853,0.00123,48827.79
2021-09-27,1.36682,1.37287,1.36577,1.37002,1.36693,1.37293,1.36586,1.37013,0.00011,60633.41
2021-09-28,1.37003,1.3717,1.35203,1.35411,1.37014,1.3718,1.35211,1.35421,0.0001,88783.11
2021-09-29,1.35409,1.35544,1.34116,1.34267,1.35421,1.35552,1.34121,1.34278,0.00011,74216.45
2021-09-30,1.34268,1.3517,1.34153,1.34683,1.34278,1.35179,1.34161,1.34692,9e-05,78006.7
2021-10-01,1.34683,1.35753,1.34333,1.35423,1.34691,1.35761,1.3434,1.3548,0.00057,82961.65
2021-10-04,1.35698,1.36401,1.35314,1.36063,1.35706,1.36407,1.35324,1.36073,0.0001,74356.8
2021-10-05,1.36067,1.36477,1.35841,1.36256,1.36074,1.36483,1.35848,1.36266,0.0001,65944.17
2021-10-06,1.36255,1.36309,1.35436,1.35918,1.36266,1.36319,1.35445,1.35927,9e-05,81535.57
2021-10-07,1.35917,1.36383,1.35702,1.36189,1.35927,1.36389,1.35711,1.36195,6e-05,60258.55
2021-10-08,1.36192,1.36577,1.35832,1.36087,1.36195,1.36596,1.3584,1.36209,0.00122,64762.22
2021-10-11,1.36156,1.36735,1.35841,1.35907,1.36166,1.36744,1.35845,1.35918,0.00011,53384.75
2021-10-12,1.35907,1.36371,1.35681,1.35763,1.35917,1.36378,1.35692,1.35772,9e-05,60478.35
2021-10-13,1.35766,1.36686,1.35756,1.3668,1.35773,1.36699,1.35764,1.36691,0.00011,68637.19
2021-10-14,1.36678,1.37341,1.36579,1.36679,1.36692,1.37348,1.36589,1.36687,8e-05,46792.79
2021-10-15,1.36678,1.37731,1.36675,1.37439,1.36687,1.37737,1.36685,1.37556,0.00117,55916.63
2021-10-18,1.37604,1.37632,1.37088,1.37352,1.37614,1.37644,1.37094,1.37364,0.00012,48187.53
2021-10-19,1.37355,1.38334,1.37353,1.3792,1.37363,1.38342,1.37363,1.3793,0.0001,49403.1
2021-10-20,1.37922,1.38343,1.3742,1.38216,1.37932,1.38349,1.37428,1.38225,9e-05,51238.59
2021-10-21,1.38214,1.38328,1.37759,1.37911,1.38225,1.38337,1.37766,1.37918,7e-05,57401.93
2021-10-22,1.37912,1.38149,1.37354,1.37514,1.3792,1.38156,1.37363,1.37666,0.00152,77869.38
2021-10-25,1.37617,1.37918,1.37413,1.3763,1.37626,1.37925,1.37423,1.37642,0.00012,62857.5
2021-10-26,1.37632,1.38293,1.37565,1.37651,1.37644,1.383,1.37572,1.3766,9e-05,68360.23
2021-10-27,1.37652,1.37808,1.37092,1.37314,1.3766,1.37814,1.37099,1.37323,9e-05,76659.3
2021-10-28,1.37316,1.38149,1.37219,1.37983,1.37324,1.38155,1.37223,1.37992,9e-05,83383.22
2021-10-29,1.37982,1.38035,1.36678,1.36762,1.37994,1.38045,1.36684,1.36886,0.00124,79854.25
2021-11-01,1.36821,1.3693,1.36416,1.3654,1.36831,1.36937,1.36423,1.36554,0.00014,69062.91
2021-11-02,1.3654,1.36676,1.36053,1.36156,1.36553,1.36681,1.3606,1.3617,0.00014,64134.77
2021-11-03,1.36158,1.36984,1.36072,1.36937,1.3617,1.36991,1.36078,1.36943,6e-05,71896.26
2021-11-04,1.36935,1.36941,1.34707,1.35074,1.36941,1.36947,1.34715,1.35087,0.00013,85029.77
2021-11-05,1.35076,1.35086,1.3424,1.34928,1.35086,1.35093,1.34247,1.35042,0.00114,71201.77
2021-11-08,1.349,1.35795,1.34498,1.35632,1.34914,1.35802,1.34505,1.35645,0.00013,61490.07
2021-11-09,1.35632,1.36071,1.35238,1.35594,1.35644,1.36079,1.35246,1.35604,0.0001,63829.61
2021-11-10,1.35593,1.35645,1.34004,1.34118,1.35608,1.35656,1.34019,1.34126,8e-05,90392.48
2021-11-11,1.34114,1.34327,1.33581,1.33646,1.34126,1.34336,1.33591,1.33657,0.00011,71905.9
2021-11-12,1.33645,1.3426,1.33528,1.3414,1.33657,1.34268,1.33537,1.34246,0.00106,58397.95
2021-11-15,1.3416,1.34493,1.34027,1.34098,1.34167,1.345,1.34036,1.34109,0.00011,63069.45
2021-11-16,1.34097,1.34725,1.34097,1.34246,1.34109,1.34734,1.34109,1.34256,0.0001,72514.81
2021-11-17,1.34246,1.3496,1.3396,1.34881,1.34257,1.3497,1.33967,1.34892,0.00011,77111.3
2021-11-18,1.34882,1.35133,1.34636,1.34984,1.34892,1.3514,1.34642,1.34996,0.00012,67977.64
2021-11-19,1.34984,1.35094,1.34072,1.34486,1.34995,1.35103,1.34079,1.34569,0.00083,89854.13
2021-11-22,1.34324,1.34494,1.3384,1.3397,1.34337,1.34504,1.33846,1.33981,0.00011,88002.03
2021-11-23,1.33971,1.34091,1.33419,1.33745,1.33982,1.34099,1.33426,1.33757,0.00012,82673.65
2021-11-24,1.33746,1.33896,1.33156,1.33292,1.33757,1.33906,1.3316,1.33305,0.00013,84819.87
2021-11-25,1.33295,1.33533,1.33048,1.33124,1.33307,1.33541,1.33058,1.33131,7e-05,77011.53
2021-11-26,1.33121,1.3365,1.3278,1.33283,1.33131,1.33699,1.32788,1.33489,0.00206,190844.19
2021-11-29,1.33402,1.33628,1.32872,1.33138,1.33413,1.33636,1.3288,1.33149,0.00011,86100.22
2021-11-30,1.33138,1.33702,1.31943,1.32952,1.3315,1.3371,1.31952,1.32959,7e-05,157689.72
2021-12-01,1.32954,1.33516,1.32613,1.32771,1.32962,1.33523,1.3262,1.32777,6e-05,103739.83
2021-12-02,1.32772,1.33335,1.32711,1.32993,1.32782,1.3334,1.32722,1.33002,9e-05,95684.57
2021-12-03,1.32994,1.33098,1.32084,1.32264,1.33,1.33111,1.3209,1.32405,0.00141,106951.09
2021-12-06,1.32347,1.32861,1.3222,1.32619,1.32359,1.32866,1.3223,1.32629,0.0001,74185.84
2021-12-07,1.3262,1.32892,1.32088,1.32449,1.32629,1.32898,1.32095,1.3246,0.00011,70224.47
2021-12-08,1.32449,1.3261,1.31612,1.32085,1.32458,1.32621,1.31618,1.32097,0.00012,99254.12
2021-12-09,1.32086,1.32243,1.31704,1.32237,1.32098,1.32252,1.3171,1.32249,0.00012,64230.39
2021-12-10,1.32236,1.32751,1.31872,1.32683,1.32249,1.32776,1.31877,1.32776,0.00093,68275.55
2021-12-13,1.32567,1.32685,1.32069,1.32126,1.32573,1.32692,1.32079,1.32134,8e-05,63630.59
2021-12-14,1.32127,1.32563,1.31907,1.32291,1.32134,1.3257,1.31917,1.32306,0.00015,57726.45
2021-12-15,1.32293,1.32824,1.31715,1.32616,1.32304,1.32832,1.31725,1.32629,0.00013,81715.79
2021-12-16,1.32615,1.33741,1.32411,1.3322,1.32629,1.33751,1.3242,1.33237,0.00017,88983.89
2021-12-17,1.33225,1.33391,1.32303,1.3234,1.33236,1.33399,1.3232,1.3247,0.0013,73527.03
2021-12-20,1.32285,1.32441,1.3173,1.32088,1.32297,1.3245,1.3174,1.32099,0.00011,67392.83
2021-12-21,1.32087,1.32706,1.31974,1.32678,1.32101,1.32723,1.31981,1.32687,9e-05,55703.73
2021-12-22,1.32678,1.33631,1.32398,1.33501,1.32688,1.33641,1.32407,1.33513,0.00012,52655.36
2021-12-23,1.33501,1.34377,1.33423,1.34029,1.33514,1.34386,1.33432,1.34087,0.00058,51107.95
2021-12-24,1.34032,1.3419,1.33772,1.33821,1.34088,1.34265,1.33866,1.33964,0.00143,303696.88
2021-12-27,1.34022,1.34452,1.33912,1.34406,1.34035,1.34461,1.33924,1.34421,0.00015,37495.79
2021-12-28,1.34408,1.34614,1.34148,1.34329,1.34417,1.3462,1.34156,1.34342,0.00013,36119.93
2021-12-29,1.34329,1.34993,1.34082,1.34964,1.34341,1.34999,1.3409,1.34977,0.00013,42330.02
2021-12-30,1.34962,1.35215,1.34538,1.34968,1.34976,1.35224,1.34545,1.34981,0.00013,41152.73
2021-12-31,1.34969,1.355,1.34651,1.35177,1.34981,1.35508,1.34661,1.35234,0.00057,47651.11
2022-01-03,1.35209,1.35291,1.34304,1.3482,1.35224,1.35303,1.34315,1.34832,0.00012,58637.67
2022-01-04,1.3482,1.3557,1.34592,1.35297,1.34833,1.35579,1.34601,1.35308,0.00011,70428.44
2022-01-05,1.35296,1.35982,1.35221,1.35543,1.35311,1.3599,1.35228,1.35555,0.00012,86190.26
2022-01-06,1.35543,1.35585,1.349,1.35323,1.35555,1.35597,1.34908,1.35337,0.00014,82668.37
2022-01-07,1.35323,1.35969,1.3527,1.35827,1.35337,1.35984,1.3528,1.35953,0.00126,67994.46
2022-01-10,1.3591,1.36032,1.35317,1.35791,1.3592,1.36042,1.35326,1.35803,0.00012,78147.48
2022-01-11,1.35791,1.36362,1.35612,1.36323,1.35804,1.36384,1.35618,1.36334,0.00011,59044.92
2022-01-12,1.36321,1.37143,1.36205,1.37055,1.36333,1.3715,1.36213,1.37067,0.00012,52374.36
2022-01-13,1.37054,1.37487,1.37004,1.37128,1.37069,1.37492,1.37015,1.3714,0.00012,56466.14
2022-01-14,1.37128,1.37424,1.3653,1.36695,1.37138,1.37433,1.36538,1.3683,0.00135,70311.04
2022-01-17,1.36725,1.36895,1.36371,1.3647,1.36736,1.36904,1.3638,1.36481,0.00011,51898.31
2022-01-18,1.36469,1.36611,1.35725,1.35993,1.36481,1.3662,1.35733,1.36002,9e-05,76927.54
2022-01-19,1.35994,1.36486,1.35876,1.36082,1.36003,1.36493,1.35883,1.36095,0.00013,66321.91
2022-01-20,1.36089,1.36616,1.35865,1.35964,1.361,1.36622,1.35872,1.35975,0.00011,69707.12
2022-01-21,1.35964,1.36019,1.35452,1.35504,1.35974,1.36026,1.35461,1.35565,0.00061,75504.62
2022-01-24,1.35549,1.3565,1.344,1.34882,1.35554,1.35659,1.34406,1.34887,5e-05,98801.15
2022-01-25,1.34879,1.35184,1.34358,1.35092,1.34887,1.3519,1.34367,1.35102,0.0001,93419.88
2022-01-26,1.35092,1.35245,1.34442,1.34667,1.35103,1.35254,1.3445,1.34678,0.00011,104815.78
2022-01-27,1.34666,1.34668,1.33577,1.33872,1.34677,1.34679,1.33585,1.33882,0.0001,109837.2
2022-01-28,1.33872,1.34327,1.33649,1.33901,1.33881,1.34334,1.33655,1.34052,0.00151,105354.76
2022-01-31,1.34022,1.346,1.33927,1.34441,1.34031,1.34608,1.33935,1.3445,9e-05,89078.33
2022-02-01,1.3444,1.35278,1.3434,1.35243,1.34457,1.35285,1.34347,1.35253,0.0001,74624.63
2022-02-02,1.35239,1.35874,1.35164,1.35641,1.35254,1.35879,1.35172,1.35646,5e-05,72087.44
2022-02-03,1.35641,1.36275,1.35377,1.35974,1.35649,1.36283,1.35385,1.35983,9e-05,116676.78
2022-02-04,1.35972,1.36144,1.35046,1.35211,1.35984,1.36155,1.35052,1.3535,0.00139,109009.17
2022-02-07,1.35325,1.35504,1.349,1.35366,1.35336,1.35514,1.34908,1.35375,9e-05,91262.34
2022-02-08,1.35368,1.35636,1.35073,1.35464,1.35376,1.35647,1.35081,1.35477,0.00013,80456.4
2022-02-09,1.35467,1.35891,1.35266,1.35322,1.35476,1.35898,1.35272,1.35334,0.00012,55520.69
2022-02-10,1.35323,1.36432,1.3523,1.3549,1.35334,1.36443,1.35236,1.35499,9e-05,109006.82
2022-02-11,1.35489,1.36094,1.35136,1.35557,1.35498,1.361,1.35145,1.35694,0.00137,128082.05
2022-02-14,1.35684,1.35715,1.34948,1.35319,1.35696,1.35725,1.34955,1.35327,8e-05,124342.54
2022-02-15,1.35318,1.35666,1.34862,1.35401,1.35326,1.35674,1.34869,1.35412,0.00011,102876.77
2022-02-16,1.354,1.36009,1.35383,1.35815,1.35411,1.36015,1.35392,1.35823,8e-05,84812.16
2022-02-17,1.35811,1.36378,1.35549,1.36141,1.35821,1.36385,1.3556,1.36155,0.00014,112620.49
2022-02-18,1.36139,1.36425,1.35727,1.35839,1.36154,1.36434,1.35736,1.35938,0.00099,96183.22
2022-02-21,1.35909,1.36381,1.35814,1.35945,1.35918,1.36392,1.35824,1.35956,0.00011,91332.44
2022-02-22,1.35945,1.36047,1.35381,1.35878,1.35958,1.36053,1.35389,1.3589,0.00012,105403.68
2022-02-23,1.35878,1.36203,1.35355,1.35445,1.35891,1.36212,1.3536,1.35456,0.00011,87506.81
2022-02-24,1.35444,1.35463,1.32726,1.33711,1.35456,1.35474,1.32732,1.3372,9e-05,203219.27
2022-02-25,1.33712,1.34386,1.33665,1.34054,1.3372,1.34391,1.33671,1.34196,0.00142,136501.53
2022-02-28,1.33712,1.34314,1.33412,1.34216,1.33726,1.34321,1.3342,1.34227,0.00011,151699.17
2022-03-01,1.34214,1.3437,1.33019,1.33348,1.34227,1.34381,1.33028,1.33363,0.00015,121419.3
2022-03-02,1.33346,1.34073,1.32711,1.33963,1.33357,1.34083,1.3272,1.33971,8e-05,145153.06
2022-03-03,1.33957,1.34176,1.33173,1.335,1.33969,1.34185,1.33178,1.33512,0.00012,111797.97
2022-03-04,1.33497,1.33519,1.32019,1.32249,1.33507,1.33528,1.32028,1.32398,0.00149,131893.55
2022-03-07,1.32112,1.32281,1.31015,1.31127,1.32123,1.3229,1.31022,1.31142,0.00015,194620.55
2022-03-08,1.31129,1.31444,1.30817,1.30981,1.31141,1.3145,1.30826,1.30993,0.00012,182502.66
2022-03-09,1.3098,1.31896,1.30977,1.31843,1.30993,1.31905,1.3099,1.31856,0.00013,120385.96
2022-03-10,1.31843,1.31945,1.3081,1.31018,1.31854,1.31952,1.30822,1.31034,0.00016,149366.33
2022-03-11,1.31019,1.31246,1.30271,1.30343,1.31034,1.31255,1.30279,1.30415,0.00072,132504.02
2022-03-14,1.30491,1.3079,1.30005,1.30095,1.30503,1.30797,1.30015,1.30106,0.00011,106123.08
2022-03-15,1.30094,1.30883,1.3,1.30437,1.30106,1.30891,1.30008,1.30447,0.0001,123656.51
2022-03-16,1.30436,1.31564,1.30356,1.31397,1.30447,1.3157,1.30363,1.31408,0.00011,140246.23
2022-03-17,1.31399,1.32106,1.30874,1.31582,1.31407,1.32117,1.30881,1.31596,0.00014,113585.91
2022-03-18,1.31587,1.31967,1.31105,1.31758,1.31596,1.31973,1.31112,1.31808,0.0005,93757.38
2022-03-21,1.31589,1.321,1.31265,1.31687,1.316,1.32105,1.31276,1.31696,9e-05,95318.37
2022-03-22,1.31685,1.32735,1.31198,1.32656,1.31697,1.32742,1.31208,1.32662,6e-05,123587.33
2022-03-23,1.32658,1.32984,1.31749,1.32049,1.32662,1.32992,1.31755,1.3206,0.00011,96366.76
2022-03-24,1.3205,1.32139,1.31567,1.31936,1.32061,1.32148,1.31575,1.31944,8e-05,109123.52
2022-03-25,1.31937,1.32246,1.3159,1.31787,1.31944,1.32254,1.31598,1.31842,0.00055,114664.96
2022-03-28,1.31726,1.31764,1.30665,1.30986,1.31735,1.31772,1.30668,1.30999,0.00013,117208.9
2022-03-29,1.30985,1.31592,1.30506,1.30924,1.30997,1.31602,1.30514,1.3093,6e-05,172025.38
2022-03-30,1.30925,1.31823,1.30881,1.31369,1.30933,1.31829,1.30891,1.31381,0.00012,137495.39
2022-03-31,1.31369,1.31754,1.3106,1.31451,1.3138,1.31759,1.31065,1.31461,0.0001,157205.78
2022-04-01,1.3145,1.31467,1.30862,1.31112,1.31462,1.31476,1.30869,1.31167,0.00055,100943.49
2022-04-04,1.31042,1.31367,1.30927,1.31123,1.31048,1.31375,1.30936,1.31133,0.0001,99946.64
2022-04-05,1.31122,1.31666,1.30665,1.30763,1.31133,1.31673,1.30674,1.30775,0.00012,116411.06
2022-04-06,1.30764,1.31078,1.30452,1.30688,1.30776,1.31089,1.3046,1.30698,0.0001,120302.63
2022-04-07,1.30689,1.31063,1.30516,1.30684,1.30699,1.31069,1.30524,1.30695,0.00011,103664.53
2022-04-08,1.30684,1.30769,1.29816,1.30305,1.30696,1.30779,1.29824,1.30427,0.00122,82323.93
2022-04-11,1.30294,1.30566,1.29885,1.30223,1.30306,1.30574,1.29895,1.30234,0.00011,106040.22
2022-04-12,1.30224,1.30535,1.29937,1.30014,1.30235,1.30544,1.29943,1.30024,0.0001,114767.17
2022-04-13,1.30015,1.31229,1.29728,1.31182,1.30024,1.31242,1.29735,1.31194,0.00012,95882.77
2022-04-14,1.31184,1.31471,1.30332,1.30639,1.31193,1.31478,1.30339,1.30685,0.00046,134983.34
2022-04-15,1.30638,1.3074,1.30435,1.30538,1.30684,1.30775,1.30494,1.30676,0.00138,213553.27
2022-04-18,1.30566,1.30576,1.30007,1.30073,1.30572,1.30584,1.30017,1.30081,8e-05,73730.5
2022-04-19,1.30077,1.30405,1.29804,1.30135,1.30083,1.30413,1.2981,1.30146,0.00011,97615.3
2022-04-20,1.30135,1.30734,1.29961,1.30678,1.30147,1.30748,1.2997,1.30689,0.00011,111229.5
2022-04-21,1.30676,1.30899,1.30221,1.30241,1.30687,1.30909,1.30227,1.30253,0.00012,103950.96
2022-04-22,1.30242,1.30327,1.28225,1.28343,1.30251,1.30337,1.28232,1.28487,0.00144,104156.74
2022-04-25,1.28277,1.28295,1.26971,1.27371,1.28286,1.28306,1.26977,1.27384,0.00013,175514.41
2022-04-26,1.2737,1.27722,1.25597,1.25811,1.27381,1.27731,1.25609,1.25822,0.00011,122481.03
2022-04-27,1.2581,1.26015,1.25024,1.25393,1.25822,1.26022,1.25029,1.25402,9e-05,132346.75
2022-04-28,1.25392,1.25695,1.24108,1.24644,1.25401,1.25705,1.24115,1.24655,0.00011,143059.64
2022-04-29,1.24644,1.26143,1.24644,1.25671,1.24657,1.26151,1.24657,1.25797,0.00126,126490.06
2022-05-02,1.257,1.2597,1.24725,1.24991,1.2571,1.2598,1.24732,1.24998,7e-05,112703.61
2022-05-03,1.24991,1.25669,1.24702,1.24981,1.24997,1.25679,1.24711,1.24993,0.00012,124007.8
2022-05-04,1.24979,1.26378,1.24512,1.26161,1.24993,1.26385,1.24521,1.26171,0.0001,151030.56
2022-05-05,1.26161,1.26327,1.23247,1.2362,1.26173,1.26333,1.23255,1.2363,0.0001,175435.39
2022-05-06,1.2362,1.238,1.22757,1.23386,1.23633,1.23806,1.22768,1.23505,0.00119,208332.84
2022-05-09,1.2325,1.24056,1.22608,1.23355,1.2326,1.24066,1.22612,1.23363,8e-05,159978.36
2022-05-10,1.23355,1.23755,1.22914,1.23068,1.23365,1.23765,1.22918,1.23079,0.00011,163878.02
2022-05-11,1.23065,1.24001,1.22316,1.22332,1.23079,1.24007,1.22326,1.22341,9e-05,183333.98
2022-05-12,1.22331,1.22481,1.2165,1.22042,1.22341,1.22493,1.21655,1.22051,9e-05,199730.36
2022-05-13,1.22043,1.22613,1.2155,1.22585,1.22049,1.22663,1.21557,1.22662,0.00077,121915.11
2022-05-16,1.22567,1.2329,1.22167,1.23254,1.22575,1.23297,1.22176,1.23264,0.0001,126956.37
2022-05-17,1.23248,1.24988,1.23203,1.24867,1.23258,1.24999,1.23213,1.24876,9e-05,152132.88
2022-05-18,1.24865,1.25008,1.23292,1.23437,1.24875,1.25014,1.23305,1.23448,0.00011,120411.12
2022-05-19,1.23437,1.25244,1.23377,1.24624,1.2345,1.25252,1.23384,1.24637,0.00013,153064.44
2022-05-20,1.24628,1.25,1.24373,1.24792,1.24638,1.25006,1.24377,1.24929,0.00137,123606.49
2022-05-23,1.25032,1.26007,1.24995,1.25669,1.2504,1.26015,1.25005,1.25677,8e-05,115619.71
2022-05-24,1.25666,1.25981,1.24713,1.25409,1.25678,1.25993,1.24717,1.25421,0.00012,131744.72
2022-05-25,1.25409,1.25942,1.24807,1.25856,1.25422,1.25952,1.24816,1.25867,0.00011,131072.88
2022-05-26,1.25852,1.26206,1.25515,1.26166,1.25861,1.26215,1.25524,1.26175,9e-05,129252.91
2022-05-27,1.26165,1.26663,1.25858,1.26275,1.26176,1.26673,1.25864,1.26372,0.00097,97387.92
2022-05-30,1.26239,1.26596,1.26159,1.26452,1.26254,1.26604,1.2617,1.26463,0.00011,108114.65
2022-05-31,1.26452,1.26485,1.25601,1.26092,1.26464,1.26493,1.25606,1.26102,0.0001,122065.65
2022-06-01,1.26092,1.26162,1.24584,1.24833,1.26103,1.26173,1.24592,1.24842,9e-05,115661.08
2022-06-02,1.24833,1.25861,1.24691,1.2578,1.24844,1.25871,1.24701,1.25791,0.00011,92186.85
2022-06-03,1.25779,1.25895,1.24845,1.24859,1.2579,1.25904,1.24866,1.24924,0.00065,95447.79
2022-06-06,1.249,1.25773,1.24763,1.25229,1.24909,1.2578,1.24774,1.2524,0.00011,102126.21
2022-06-07,1.25229,1.25992,1.24299,1.25869,1.25239,1.25999,1.2431,1.25884,0.00015,143318.62
2022-06-08,1.2587,1.25889,1.25129,1.25399,1.25884,1.259,1.25137,1.25411,0.00012,110872.7
2022-06-09,1.25398,1.25584,1.2486,1.24922,1.25411,1.2559,1.24871,1.24932,0.0001,128129.77
2022-06-10,1.24921,1.25174,1.23008,1.23077,1.24932,1.25184,1.23017,1.23223,0.00146,138700.16
2022-06-13,1.22763,1.23002,1.21067,1.21417,1.22775,1.23011,1.2108,1.2143,0.00013,185833.11
2022-06-14,1.21419,1.22077,1.19332,1.20106,1.2143,1.22086,1.19342,1.20117,0.00011,207813.97
2022-06-15,1.20106,1.22045,1.1989,1.21744,1.20116,1.22056,1.199,1.21757,0.00013,248461.8
2022-06-16,1.21741,1.2406,1.20403,1.23497,1.21757,1.24073,1.20416,1.23512,0.00015,227027.48
2022-06-17,1.23497,1.23525,1.21723,1.22186,1.2351,1.23539,1.2173,1.22322,0.00136,175075.38
2022-06-20,1.22275,1.228,1.21989,1.22477,1.22288,1.2281,1.22,1.22489,0.00012,128033.38
2022-06-21,1.22475,1.23242,1.22446,1.22635,1.22486,1.2325,1.22454,1.22645,0.0001,126777.65
2022-06-22,1.22634,1.23143,1.21606,1.22517,1.22647,1.23152,1.21618,1.2253,0.00013,166084.91
2022-06-23,1.22513,1.22942,1.21695,1.22593,1.22524,1.22949,1.21707,1.22606,0.00013,166399.83
2022-06-24,1.22594,1.23202,1.22403,1.22622,1.22604,1.23211,1.22416,1.22727,0.00105,124849.22
2022-06-27,1.2282,1.23321,1.22378,1.22659,1.22831,1.23328,1.22382,1.22669,0.0001,144268.98
2022-06-28,1.22658,1.22912,1.21746,1.21872,1.22668,1.2292,1.21755,1.21886,0.00014,154092.16
2022-06-29,1.21871,1.22127,1.21056,1.21285,1.21886,1.22139,1.21061,1.21298,0.00013,174238.06
2022-06-30,1.21284,1.2188,1.20916,1.21597,1.21296,1.21889,1.20924,1.2161,0.00013,164568.25
2022-07-01,1.21597,1.2161,1.19757,1.20913,1.21608,1.2162,1.19761,1.21044,0.00131,152115.12
2022-07-04,1.20996,1.21648,1.20842,1.2113,1.21006,1.21658,1.20856,1.21141,0.00011,112939.06
2022-07-05,1.21128,1.21251,1.18985,1.19506,1.21142,1.21262,1.18992,1.1952,0.00014,167610.92
2022-07-06,1.19505,1.19891,1.18756,1.19214,1.19516,1.199,1.18762,1.19229,0.00015,198218.73
2022-07-07,1.19217,1.20333,1.19083,1.20286,1.19229,1.20349,1.19096,1.20295,9e-05,161143.69
2022-07-08,1.20288,1.20554,1.19191,1.2029,1.20294,1.20567,1.192,1.20423,0.00133,163711.81
2022-07-11,1.20175,1.20193,1.1866,1.18986,1.20181,1.20207,1.18667,1.19,0.00014,174630.64
2022-07-12,1.18987,1.19156,1.18072,1.18774,1.18997,1.19165,1.18075,1.18786,0.00012,187343.34
2022-07-13,1.18774,1.19668,1.18271,1.18635,1.18781,1.19681,1.18278,1.18645,0.0001,227844.88
2022-07-14,1.18634,1.18838,1.17599,1.18403,1.18645,1.18852,1.17606,1.18414,0.00011,259267.62
2022-07-15,1.18401,1.18743,1.18042,1.18613,1.18414,1.18753,1.18051,1.18721,0.00108,183102.02
2022-07-18,1.18896,1.20334,1.18739,1.19484,1.18906,1.20339,1.18751,1.19496,0.00012,159279.06
2022-07-19,1.19482,1.20452,1.19246,1.20018,1.19496,1.20461,1.19257,1.20029,0.00011,176549.62
2022-07-20,1.20017,1.2037,1.19532,1.19674,1.20031,1.20384,1.1954,1.19685,0.00011,185002.73
2022-07-21,1.19673,1.20036,1.18896,1.19949,1.19684,1.20087,1.18902,1.19958,9e-05,209052.44
2022-07-22,1.19948,1.20639,1.19161,1.19972,1.19958,1.20646,1.19168,1.20105,0.00133,206153.44
2022-07-25,1.19849,1.20864,1.196,1.20531,1.19864,1.2087,1.19611,1.20542,0.00011,157327.77
2022-07-26,1.20535,1.20898,1.19635,1.2035,1.20545,1.20908,1.19643,1.20361,0.00011,153083.81
2022-07-27,1.20352,1.21858,1.20203,1.21616,1.20361,1.21868,1.20212,1.21629,0.00013,184455.2
2022-07-28,1.21616,1.21913,1.21029,1.21723,1.2163,1.2192,1.21037,1.21735,0.00012,195109.11
2022-07-29,1.21724,1.22454,1.20627,1.21745,1.21736,1.22462,1.20637,1.21835,0.0009,186121.03
2022-08-01,1.21675,1.22931,1.21622,1.22566,1.21687,1.22939,1.21638,1.22579,0.00013,148501.95
2022-08-02,1.22566,1.2279,1.21401,1.21428,1.2258,1.22799,1.21413,1.21443,0.00015,201221.03
2022-08-03,1.21426,1.22075,1.20997,1.21375,1.21441,1.22083,1.21005,1.21386,0.00011,156977.2
2022-08-04,1.21375,1.22147,1.20655,1.21578,1.21385,1.22188,1.20664,1.21593,0.00015,145834.56
2022-08-05,1.21579,1.21687,1.2003,1.2067,1.21591,1.21698,1.2004,1.20812,0.00142,140747.98
2022-08-08,1.20604,1.21373,1.2047,1.20848,1.20618,1.21384,1.2048,1.20859,0.00011,128465.53
2022-08-09,1.20847,1.21299,1.20627,1.2071,1.20861,1.2131,1.20636,1.20722,0.00012,105138.22
2022-08-10,1.20708,1.22766,1.20645,1.22106,1.20722,1.22776,1.20657,1.22111,5e-05,130134.38
2022-08-11,1.22106,1.22491,1.21818,1.21941,1.22108,1.22501,1.2183,1.21953,0.00012,136605.77
2022-08-12,1.21942,1.22162,1.20993,1.21314,1.21954,1.22176,1.21,1.21356,0.00042,119786.28
2022-08-15,1.21268,1.2148,1.20497,1.20558,1.21278,1.21489,1.20509,1.20572,0.00014,110753.52
2022-08-16,1.20557,1.21175,1.20073,1.2094,1.20572,1.21183,1.20084,1.20956,0.00016,103627.35
2022-08-17,1.20939,1.2143,1.20277,1.20447,1.20955,1.21444,1.20286,1.20459,0.00012,119413.61
2022-08-18,1.20451,1.20793,1.19223,1.19298,1.20458,1.20806,1.19232,1.19307,9e-05,114785.66
2022-08-19,1.19298,1.19327,1.17916,1.18224,1.19308,1.19343,1.17927,1.18309,0.00085,124883.04
2022-08-22,1.18183,1.18363,1.17416,1.17648,1.18199,1.18374,1.17426,1.17665,0.00017,109572.67
2022-08-23,1.1765,1.18774,1.1717,1.18294,1.17664,1.18785,1.17181,1.18307,0.00013,131608.06
2022-08-24,1.18294,1.18351,1.17552,1.17899,1.18305,1.18362,1.17564,1.17912,0.00013,126866.45
2022-08-25,1.17898,1.18641,1.17832,1.18222,1.17914,1.18648,1.17846,1.18237,0.00015,122790.57
2022-08-26,1.18224,1.19007,1.17317,1.17373,1.18236,1.19014,1.1734,1.17498,0.00125,153807.91
2022-08-29,1.16882,1.17438,1.16477,1.17211,1.16898,1.17449,1.16489,1.17225,0.00014,136720.78
2022-08-30,1.17209,1.176,1.16212,1.16577,1.17221,1.17611,1.16217,1.16593,0.00016,154928.84
2022-08-31,1.16578,1.16933,1.15935,1.15967,1.16591,1.16945,1.15944,1.15976,9e-05,171736.31
2022-09-01,1.15967,1.16162,1.14984,1.15463,1.15974,1.16173,1.1499,1.15478,0.00015,134678.67
2022-09-02,1.15464,1.15884,1.14955,1.15005,1.15476,1.15894,1.14966,1.15147,0.00142,145762.83
2022-09-05,1.14721,1.15666,1.14432,1.15639,1.14737,1.15677,1.14443,1.15651,0.00012,115465.19
2022-09-06,1.15643,1.16089,1.14933,1.15103,1.15651,1.161,1.14945,1.15112,9e-05,168612.8
2022-09-07,1.15104,1.15409,1.14047,1.15215,1.15112,1.15417,1.14057,1.15231,0.00016,171835.55
2022-09-08,1.15216,1.15605,1.14599,1.15198,1.15231,1.15614,1.1461,1.1521,0.00012,234741.02
2022-09-09,1.15198,1.16477,1.15151,1.15876,1.15209,1.16489,1.15163,1.15914,0.00038,191782.59
2022-09-12,1.16194,1.17102,1.16001,1.16884,1.16207,1.17111,1.16013,1.169,0.00016,168041.7
2022-09-13,1.16886,1.17379,1.14814,1.15018,1.16899,1.17388,1.14825,1.15027,9e-05,192207.34
2022-09-14,1.15018,1.15893,1.14797,1.15439,1.15028,1.15904,1.14807,1.15454,0.00015,196633.22
2022-09-15,1.15439,1.15473,1.14505,1.14513,1.15455,1.15485,1.14519,1.14527,0.00014,145669.36
2022-09-16,1.14513,1.14799,1.135,1.14187,1.14525,1.14809,1.13512,1.14235,0.00048,145149.41
2022-09-19,1.14336,1.14451,1.13549,1.14442,1.14352,1.14464,1.13559,1.14456,0.00014,90120.24
2022-09-20,1.14443,1.14605,1.1357,1.13801,1.14456,1.14616,1.1358,1.13814,0.00013,151421.77
2022-09-21,1.13802,1.13842,1.1235,1.12565,1.13815,1.13856,1.12372,1.12579,0.00014,194062.58
2022-09-22,1.12566,1.13638,1.12113,1.12621,1.12579,1.13654,1.12124,1.12634,0.00013,225713.95
2022-09-23,1.12619,1.12739,1.08387,1.08474,1.12633,1.12745,1.08401,1.08506,0.00032,214771.22
2022-09-26,1.07923,1.09298,1.03261,1.07658,1.07944,1.09324,1.03536,1.07679,0.00021,382982.81
2022-09-27,1.07655,1.08374,1.06583,1.07251,1.0768,1.08392,1.06598,1.07276,0.00025,216782.3
2022-09-28,1.0725,1.09156,1.05389,1.08303,1.07276,1.09166,1.05407,1.08316,0.00013,341094.97
2022-09-29,1.08303,1.12038,1.07615,1.11707,1.0832,1.12055,1.07634,1.11726,0.00019,285608.81
2022-09-30,1.11706,1.12335,1.10246,1.11538,1.11726,1.12355,1.10261,1.11559,0.00021,253468.25
2022-10-03,1.11345,1.13412,1.10851,1.13374,1.11371,1.13423,1.10868,1.13385,0.00011,255367.06
2022-10-04,1.13373,1.14894,1.128,1.14497,1.13384,1.149,1.12812,1.14515,0.00018,252400.0
2022-10-05,1.14498,1.14951,1.12264,1.13554,1.14515,1.14963,1.12278,1.1357,0.00016,315720.41
2022-10-06,1.13556,1.13833,1.11124,1.11605,1.13572,1.13841,1.11137,1.11623,0.00018,349783.31
2022-10-07,1.11603,1.12249,1.1055,1.10934,1.11623,1.12257,1.10564,1.10962,0.00028,278079.84
2022-10-10,1.10721,1.11106,1.10191,1.10783,1.10739,1.11124,1.102,1.1079,7e-05,299064.25
2022-10-11,1.10788,1.11794,1.0952,1.09632,1.108,1.11807,1.09537,1.09648,0.00016,286439.75
2022-10-12,1.09637,1.11336,1.09227,1.11001,1.09653,1.11346,1.09244,1.11019,0.00018,235494.42
2022-10-13,1.11,1.138,1.10565,1.13009,1.11018,1.13814,1.10582,1.13023,0.00014,260288.48
2022-10-14,1.13007,1.13661,1.11511,1.1178,1.13023,1.1367,1.1153,1.11821,0.00041,404516.06
2022-10-17,1.12408,1.14392,1.12151,1.1351,1.12427,1.14403,1.1217,1.13528,0.00018,327747.56
2022-10-18,1.13049,1.13461,1.12872,1.12891,1.13064,1.1347,1.12885,1.12907,0.00016,66913.57
2022-10-19,1.13417,1.13504,1.11846,1.12062,1.13431,1.13521,1.11857,1.12081,0.00019,335947.88
2022-10-20,1.1206,1.1336,1.11709,1.1221,1.12081,1.13371,1.11721,1.12223,0.00013,394958.22
2022-10-21,1.12218,1.13144,1.10601,1.12956,1.12229,1.13162,1.10615,1.12998,0.00042,469709.38
2022-10-24,1.13358,1.13818,1.12574,1.13051,1.13377,1.13836,1.12589,1.13068,0.00017,438399.06
2022-10-25,1.13053,1.14988,1.12704,1.14578,1.13068,1.15002,1.12718,1.146,0.00022,247523.75
2022-10-26,1.1458,1.164,1.14299,1.16385,1.146,1.16416,1.14316,1.164,0.00015,461532.03
2022-10-27,1.16383,1.16449,1.15483,1.15638,1.16398,1.16459,1.15498,1.15655,0.00017,272177.88
2022-10-28,1.15638,1.16235,1.15035,1.16127,1.15657,1.16245,1.15046,1.16179,0.00052,191617.61
2022-10-31,1.1594,1.1613,1.14578,1.14669,1.15959,1.16143,1.1461,1.14679,0.0001,322035.16
2022-11-01,1.14667,1.15659,1.14365,1.14882,1.14679,1.15669,1.14379,1.14894,0.00012,548474.19
2022-11-02,1.14889,1.15644,1.13744,1.1383,1.14898,1.15658,1.13759,1.13844,0.00014,697355.62
2022-11-03,1.13831,1.14216,1.11487,1.11695,1.13844,1.14232,1.11508,1.1171,0.00015,393444.16
2022-11-04,1.11697,1.13818,1.1145,1.13764,1.1171,1.13832,1.11486,1.13802,0.00038,241849.98
2022-11-07,1.13307,1.15413,1.12899,1.15129,1.13321,1.15423,1.12914,1.15139,0.0001,317295.25
2022-11-08,1.15129,1.15988,1.14297,1.15507,1.15138,1.16,1.14304,1.15522,0.00015,235041.47
2022-11-09,1.15508,1.15664,1.13334,1.13676,1.15522,1.15678,1.13344,1.13691,0.00015,319167.03
2022-11-10,1.13673,1.17311,1.13626,1.16938,1.13693,1.17324,1.1364,1.16954,0.00016,309304.16
2022-11-11,1.16937,1.18543,1.16466,1.18295,1.1695,1.18555,1.16481,1.18406,0.00111,248898.62
2022-11-14,1.17958,1.18283,1.17098,1.17507,1.17978,1.18297,1.17108,1.17525,0.00018,392887.78
2022-11-15,1.17511,1.20285,1.17404,1.18785,1.17527,1.20295,1.17417,1.18799,0.00014,299340.72
2022-11-16,1.18787,1.19417,1.18309,1.19135,1.18798,1.1943,1.18321,1.19149,0.00014,234794.94
2022-11-17,1.19136,1.19576,1.17622,1.18584,1.19151,1.19588,1.17631,1.18595,0.00011,279609.0
2022-11-18,1.18582,1.19503,1.1858,1.18883,1.18596,1.19516,1.18592,1.1891,0.00027,214234.3
2022-11-21,1.18837,1.18856,1.17779,1.18258,1.18866,1.18878,1.17791,1.18274,0.00016,228327.73
2022-11-22,1.18257,1.19022,1.1822,1.1893,1.18273,1.19035,1.18231,1.18948,0.00018,238178.17
2022-11-23,1.1893,1.20804,1.1872,1.20757,1.18947,1.20815,1.18734,1.2078,0.00023,269450.25
2022-11-24,1.20756,1.2153,1.20577,1.21115,1.20782,1.21544,1.20597,1.21136,0.00021,189117.95
2022-11-25,1.21116,1.21269,1.20577,1.20867,1.21134,1.21284,1.20589,1.21023,0.00156,366367.38
2022-11-28,1.20527,1.21175,1.19398,1.19588,1.2055,1.21191,1.19411,1.19605,0.00017,287325.97
2022-11-29,1.1959,1.20639,1.19414,1.19455,1.19605,1.20652,1.19427,1.19472,0.00017,273721.88
2022-11-30,1.19457,1.20879,1.18999,1.20744,1.19473,1.20894,1.19012,1.20763,0.00019,417441.03
2022-12-01,1.20743,1.23098,1.20693,1.22578,1.20761,1.23119,1.20703,1.22593,0.00015,281624.84
2022-12-02,1.22578,1.22997,1.21338,1.22772,1.22595,1.23006,1.21354,1.22815,0.00043,285431.25
2022-12-05,1.22948,1.23441,1.2161,1.21915,1.22969,1.23455,1.21624,1.21935,0.0002,313187.53
2022-12-06,1.21916,1.22689,1.21264,1.21321,1.21935,1.22702,1.21274,1.21338,0.00017,354929.59
2022-12-07,1.2132,1.22343,1.21058,1.22089,1.21338,1.22355,1.21074,1.22107,0.00018,217626.11
2022-12-08,1.22089,1.22467,1.21542,1.22334,1.22108,1.22482,1.21554,1.22347,0.00013,154315.97
2022-12-09,1.22334,1.23221,1.22017,1.22654,1.22346,1.23235,1.22042,1.22685,0.00031,204699.31
2022-12-12,1.22349,1.22983,1.22054,1.22686,1.22368,1.22995,1.22079,1.227,0.00014,167017.45
2022-12-13,1.22686,1.24432,1.22477,1.2354,1.22699,1.24448,1.2249,1.23556,0.00016,273723.91
2022-12-14,1.2354,1.24464,1.23414,1.24179,1.23555,1.24475,1.23427,1.2419,0.00011,217565.7
2022-12-15,1.24179,1.24256,1.21558,1.21902,1.24191,1.24268,1.21571,1.21914,0.00012,254700.73
2022-12-16,1.21902,1.22225,1.21193,1.21345,1.21913,1.2224,1.21206,1.21415,0.0007,227390.25
2022-12-19,1.2159,1.22416,1.212,1.21536,1.21602,1.22429,1.21213,1.21556,0.0002,178491.31
2022-12-20,1.21536,1.22234,1.20847,1.21875,1.21553,1.22249,1.20861,1.21894,0.00019,287642.59
2022-12-21,1.21878,1.21896,1.20548,1.20759,1.21893,1.21907,1.2056,1.20775,0.00016,231185.66
2022-12-22,1.20759,1.21473,1.19919,1.20366,1.20776,1.21483,1.1993,1.20389,0.00023,367055.06
2022-12-23,1.20372,1.20899,1.2018,1.20335,1.20392,1.2091,1.20196,1.20459,0.00124,333520.31
2022-12-26,1.20601,1.20916,1.20475,1.20819,1.20741,1.20935,1.20549,1.20835,0.00016,63925.82
2022-12-27,1.20818,1.2112,1.20021,1.20256,1.20835,1.2113,1.20031,1.20276,0.0002,194542.53
2022-12-28,1.20261,1.21254,1.20018,1.20277,1.20275,1.21264,1.20031,1.20287,0.0001,213778.47
2022-12-29,1.2028,1.20783,1.20141,1.20547,1.20291,1.20795,1.20153,1.20567,0.0002,150869.44
2022-12-30,1.2055,1.21071,1.20093,1.20934,1.20566,1.21086,1.20104,1.20969,0.00035,229672.91
2023-01-02,1.20921,1.21004,1.20325,1.20625,1.21091,1.2112,1.20355,1.20642,0.00017,188909.59
2023-01-03,1.20624,1.20847,1.18999,1.19657,1.20641,1.2086,1.19012,1.19679,0.00022,202102.56
2023-01-04,1.19658,1.20875,1.19651,1.20556,1.19679,1.20882,1.19669,1.2057,0.00014,189431.31
2023-01-05,1.20556,1.20779,1.18729,1.19078,1.20569,1.20788,1.18737,1.19105,0.00027,222530.23
2023-01-06,1.19075,1.20989,1.18408,1.20874,1.19105,1.21005,1.1842,1.21005,0.00131,264998.91
2023-01-09,1.21196,1.22096,1.2093,1.21832,1.21207,1.22107,1.20944,1.21848,0.00016,169367.84
2023-01-10,1.21833,1.21978,1.21096,1.21527,1.21848,1.2199,1.21107,1.21544,0.00017,155110.2
2023-01-11,1.21528,1.2178,1.20999,1.21578,1.21542,1.21791,1.21009,1.21596,0.00018,162085.3
2023-01-12,1.2158,1.22465,1.20879,1.22159,1.21596,1.22475,1.20889,1.22175,0.00016,284520.16
2023-01-13,1.22158,1.22483,1.21498,1.2223,1.22177,1.22493,1.21511,1.22271,0.00041,205521.27
2023-01-16,1.22221,1.22887,1.21711,1.22075,1.22243,1.229,1.21721,1.22091,0.00016,175275.27
2023-01-17,1.2208,1.23001,1.21688,1.22826,1.2209,1.23009,1.21701,1.22848,0.00022,187908.62
2023-01-18,1.22827,1.24355,1.22536,1.23458,1.22845,1.24367,1.22548,1.23473,0.00015,238529.84
2023-01-19,1.23464,1.23977,1.23126,1.23916,1.23473,1.23992,1.23135,1.2393,0.00014,167326.14
2023-01-20,1.23913,1.2404,1.2335,1.23942,1.23929,1.24051,1.23358,1.23981,0.00039,147118.58
2023-01-23,1.24058,1.24476,1.23231,1.23779,1.24075,1.24488,1.23241,1.23797,0.00018,133133.88
2023-01-24,1.23781,1.24134,1.22628,1.23309,1.23797,1.24145,1.2264,1.23325,0.00016,139644.44
2023-01-25,1.23311,1.24179,1.22828,1.24097,1.23324,1.24197,1.22839,1.24109,0.00012,132063.44
2023-01-26,1.24097,1.24302,1.23441,1.24134,1.2411,1.2431,1.23451,1.24154,0.0002,138926.2
2023-01-27,1.24135,1.24184,1.2345,1.2396,1.24154,1.24195,1.23461,1.23984,0.00024,111248.02
2023-01-30,1.23997,1.24173,1.23365,1.23493,1.24012,1.24181,1.23375,1.23506,0.00013,129384.11
2023-01-31,1.23495,1.23708,1.22838,1.23078,1.23507,1.23719,1.22847,1.23089,0.00011,139442.98
2023-02-01,1.23077,1.2401,1.22719,1.23866,1.23089,1.24031,1.22732,1.23884,0.00018,210495.19
2023-02-02,1.23865,1.24,1.22188,1.22205,1.23883,1.24011,1.22205,1.22217,0.00012,204303.8
2023-02-03,1.22205,1.22651,1.20471,1.20531,1.22216,1.2266,1.20488,1.20639,0.00108,189028.92
2023-02-06,1.20428,1.20771,1.20051,1.20254,1.20442,1.20779,1.20061,1.2027,0.00016,155017.73
2023-02-07,1.20254,1.20948,1.19608,1.20534,1.20271,1.20961,1.19617,1.20549,0.00015,263041.0
2023-02-08,1.20534,1.21092,1.20379,1.20697,1.20547,1.21102,1.2039,1.20717,0.0002,131989.0
2023-02-09,1.20698,1.21936,1.20562,1.2115,1.20715,1.21944,1.20577,1.21166,0.00016,160907.7
2023-02-10,1.21151,1.2139,1.20468,1.20575,1.21166,1.21399,1.20477,1.20603,0.00028,140501.69
2023-02-13,1.20505,1.21519,1.20305,1.21498,1.20518,1.21528,1.20313,1.21512,0.00014,129846.95
2023-02-14,1.21498,1.22696,1.2117,1.21734,1.21511,1.22711,1.21179,1.21746,0.00012,196026.89
2023-02-15,1.21735,1.21812,1.19894,1.20364,1.21747,1.21826,1.19902,1.20379,0.00015,159065.06
2023-02-16,1.20364,1.20737,1.19651,1.19735,1.20382,1.20748,1.19661,1.19754,0.00019,169982.16
2023-02-17,1.19737,1.20491,1.19145,1.20297,1.19753,1.205,1.19155,1.20439,0.00142,134912.47
2023-02-20,1.20284,1.20564,1.20143,1.20378,1.20298,1.20574,1.20154,1.20386,8e-05,149674.66
2023-02-21,1.20378,1.21473,1.19854,1.21086,1.20389,1.21481,1.19867,1.21101,0.00015,212499.38
2023-02-22,1.21087,1.2135,1.20345,1.20463,1.21099,1.21361,1.20352,1.20478,0.00015,209687.05
2023-02-23,1.20465,1.20744,1.19918,1.20163,1.20478,1.20756,1.19926,1.20178,0.00015,204784.42
2023-02-24,1.20162,1.20414,1.19279,1.19363,1.20178,1.20424,1.19288,1.19513,0.0015,211978.56
2023-02-27,1.19492,1.20672,1.1922,1.20616,1.1951,1.20686,1.19232,1.2063,0.00014,205180.06
2023-02-28,1.20618,1.21428,1.20105,1.20326,1.2063,1.21436,1.20129,1.20338,0.00012,263893.88
2023-03-01,1.20324,1.20884,1.19647,1.20259,1.20339,1.20898,1.19657,1.20274,0.00015,229517.55
2023-03-02,1.20259,1.20362,1.19247,1.19486,1.20273,1.20374,1.19255,1.19506,0.0002,220919.8
2023-03-03,1.19487,1.20482,1.19475,1.20437,1.19504,1.20493,1.19488,1.20463,0.00026,163066.3
2023-03-06,1.20268,1.20487,1.19925,1.20244,1.20288,1.20495,1.19935,1.20259,0.00015,159090.55
2023-03-07,1.20242,1.20649,1.18207,1.18264,1.20258,1.20659,1.18221,1.18277,0.00013,244272.58
2023-03-08,1.18265,1.18586,1.18024,1.18486,1.18277,1.186,1.1804,1.18501,0.00015,208792.47
2023-03-09,1.18488,1.19385,1.18316,1.19223,1.185,1.19397,1.18326,1.19236,0.00013,182352.45
2023-03-10,1.19223,1.21131,1.19072,1.20244,1.19235,1.21142,1.19084,1.2037,0.00126,360337.34
2023-03-13,1.20749,1.21992,1.20459,1.21662,1.20774,1.22005,1.20472,1.21682,0.0002,478704.97
2023-03-14,1.21664,1.22034,1.21352,1.21501,1.21681,1.22051,1.21363,1.21519,0.00018,414161.94
2023-03-15,1.21502,1.21815,1.20097,1.20669,1.21517,1.21828,1.20108,1.20681,0.00012,429566.66
2023-03-16,1.20669,1.21275,1.20265,1.21089,1.20679,1.21287,1.20278,1.21106,0.00017,374950.44
2023-03-17,1.21088,1.22003,1.21015,1.21726,1.21108,1.22014,1.21027,1.21817,0.00091,209321.62
2023-03-20,1.21863,1.22846,1.21666,1.22731,1.21883,1.22869,1.21679,1.22747,0.00016,313595.56
2023-03-21,1.22731,1.2282,1.21784,1.22242,1.22748,1.22831,1.21794,1.22258,0.00016,166767.2
2023-03-22,1.22241,1.23346,1.22079,1.22768,1.22257,1.2336,1.22091,1.22786,0.00018,274530.97
2023-03-23,1.22767,1.23432,1.22612,1.22801,1.22785,1.23443,1.22619,1.22816,0.00015,239680.0
2023-03-24,1.22802,1.22884,1.21898,1.22278,1.22814,1.22893,1.21909,1.22375,0.00097,193312.39
2023-03-27,1.22443,1.22975,1.22186,1.22959,1.22457,1.2299,1.22194,1.22974,0.00015,181194.39
2023-03-28,1.2296,1.23491,1.22807,1.23298,1.22974,1.23498,1.22818,1.23308,0.0001,109560.8
2023-03-29,1.23299,1.23614,1.23023,1.23097,1.23308,1.23623,1.23033,1.23112,0.00015,141039.7
2023-03-30,1.23097,1.23927,1.2293,1.23865,1.23113,1.23936,1.22944,1.23873,8e-05,151117.61
2023-03-31,1.23862,1.24227,1.2324,1.23287,1.23873,1.24239,1.23246,1.2341,0.00123,165768.2
2023-04-03,1.22856,1.2425,1.2274,1.24196,1.22869,1.24262,1.2275,1.24209,0.00013,159313.95
2023-04-04,1.24198,1.2525,1.23947,1.24983,1.24209,1.25259,1.23959,1.24995,0.00012,159473.09
2023-04-05,1.24984,1.25141,1.24323,1.24621,1.24995,1.25149,1.24332,1.24633,0.00012,164335.28
2023-04-06,1.24617,1.24867,1.24123,1.24375,1.2463,1.24875,1.24132,1.24388,0.00013,126181.63
2023-04-07,1.24376,1.24557,1.23888,1.24113,1.24391,1.24568,1.23898,1.24262,0.00149,130275.92
2023-04-10,1.24303,1.24423,1.2344,1.23909,1.24316,1.24433,1.23452,1.23921,0.00012,129761.25
2023-04-11,1.23907,1.24559,1.23863,1.2429,1.23921,1.24571,1.23871,1.24303,0.00013,129973.11
2023-04-12,1.24288,1.24953,1.2398,1.24914,1.24303,1.24963,1.23989,1.24926,0.00012,146241.42
2023-04-13,1.24915,1.25373,1.24774,1.2524,1.24926,1.2538,1.2479,1.25254,0.00014,138859.09
2023-04-14,1.25238,1.25459,1.23988,1.24107,1.25247,1.2547,1.23998,1.24184,0.00077,145705.2
2023-04-17,1.24008,1.24378,1.23528,1.23729,1.24019,1.24388,1.23537,1.23739,0.0001,119253.29
2023-04-18,1.2373,1.24497,1.23672,1.24243,1.23739,1.24507,1.23683,1.24254,0.00011,112423.73
2023-04-19,1.24242,1.2474,1.23922,1.24276,1.24254,1.24749,1.2393,1.24288,0.00012,123075.35
2023-04-20,1.24278,1.24675,1.24044,1.24396,1.24289,1.24681,1.24052,1.24411,0.00015,133628.7
2023-04-21,1.24396,1.24479,1.23666,1.24351,1.24409,1.24492,1.23675,1.24492,0.00141,135685.3
2023-04-24,1.2447,1.24994,1.24102,1.24986,1.24478,1.25003,1.24113,1.24997,0.00011,109819.35
2023-04-25,1.24985,1.25066,1.23863,1.24135,1.24995,1.25077,1.23873,1.24148,0.00013,137409.73
2023-04-26,1.24139,1.2515,1.24022,1.24704,1.2415,1.2516,1.24033,1.24715,0.00011,145874.73
2023-04-27,1.24704,1.24994,1.24359,1.24965,1.24717,1.25013,1.24368,1.24975,0.0001,166358.5
2023-04-28,1.24965,1.25837,1.24462,1.25608,1.24976,1.25845,1.24471,1.25723,0.00115,165295.98
2023-05-01,1.25574,1.25689,1.24802,1.24843,1.25584,1.25699,1.24812,1.24853,0.0001,141290.97
2023-05-02,1.2484,1.2512,1.24352,1.24761,1.24852,1.25131,1.24363,1.24772,0.00011,152744.8
2023-05-03,1.24762,1.25895,1.24676,1.25684,1.24774,1.25909,1.24687,1.25693,9e-05,201942.09
2023-05-04,1.25685,1.25984,1.25478,1.25824,1.25696,1.25994,1.25486,1.25836,0.00012,196914.27
2023-05-05,1.25826,1.26522,1.25581,1.2624,1.25837,1.2653,1.25608,1.26383,0.00143,124250.6
2023-05-08,1.26294,1.26685,1.26103,1.26119,1.26306,1.26695,1.26114,1.26129,0.0001,94765.18
2023-05-09,1.26121,1.26398,1.25777,1.26238,1.26132,1.26404,1.25785,1.26249,0.00011,111048.62
2023-05-10,1.26238,1.26794,1.26022,1.26252,1.26244,1.26801,1.2603,1.26262,0.0001,123378.0
2023-05-11,1.26251,1.26403,1.24962,1.25071,1.26261,1.26414,1.24971,1.25083,0.00012,164220.98
2023-05-12,1.25072,1.25406,1.24437,1.24437,1.25084,1.25414,1.24455,1.24524,0.00087,92308.99
2023-05-15,1.24506,1.25342,1.24449,1.25243,1.24519,1.25352,1.24458,1.25253,0.0001,95298.75
2023-05-16,1.25243,1.25461,1.24651,1.24836,1.25254,1.25471,1.24656,1.24846,0.0001,121523.87
2023-05-17,1.24837,1.25099,1.24212,1.2482,1.24846,1.2511,1.24222,1.2483,0.0001,124849.56
2023-05-18,1.2482,1.24926,1.23911,1.24109,1.24829,1.24934,1.2392,1.24121,0.00012,125248.58
2023-05-19,1.24109,1.24835,1.23916,1.24411,1.24122,1.24846,1.23926,1.2451,0.00099,138790.12
2023-05-22,1.24605,1.24719,1.24135,1.24335,1.24617,1.2473,1.24144,1.24345,0.0001,128241.73
2023-05-23,1.24336,1.24464,1.23723,1.24161,1.24347,1.24473,1.23733,1.24168,7e-05,136145.88
2023-05-24,1.2416,1.24691,1.23575,1.23693,1.24168,1.24703,1.23583,1.23707,0.00014,161460.38
2023-05-25,1.23697,1.23867,1.23076,1.23162,1.23708,1.23875,1.23087,1.23174,0.00012,145979.28
2023-05-26,1.23163,1.23952,1.23105,1.23437,1.23174,1.2396,1.23118,1.23541,0.00104,120945.6
2023-05-29,1.23448,1.23714,1.23348,1.2347,1.2346,1.23724,1.23358,1.23483,0.00013,79651.2
2023-05-30,1.23471,1.24461,1.23267,1.24118,1.23476,1.24468,1.23276,1.24128,0.0001,120566.15
2023-05-31,1.24119,1.24492,1.23476,1.24447,1.24129,1.24503,1.23486,1.24456,9e-05,166841.48
2023-06-01,1.24445,1.25394,1.24006,1.25262,1.24457,1.25404,1.24014,1.25271,9e-05,132333.09
2023-06-02,1.25261,1.25443,1.24412,1.24434,1.25271,1.25455,1.24422,1.24562,0.00128,119584.13
2023-06-05,1.24301,1.24433,1.23681,1.24319,1.2431,1.24442,1.23691,1.24329,0.0001,110293.06
2023-06-06,1.24318,1.24584,1.23915,1.24288,1.24329,1.24593,1.23923,1.24299,0.00011,106786.17
2023-06-07,1.24287,1.24997,1.23946,1.24443,1.24299,1.25005,1.23955,1.24452,9e-05,110473.99
2023-06-08,1.24441,1.25631,1.24411,1.25577,1.24452,1.25648,1.24419,1.25587,0.0001,116827.0
2023-06-09,1.25577,1.259,1.25338,1.25754,1.25589,1.25908,1.25344,1.25824,0.0007,107982.49
2023-06-12,1.25799,1.25992,1.24865,1.25143,1.25804,1.25999,1.24874,1.25156,0.00013,102812.87
2023-06-13,1.25143,1.26244,1.25131,1.26061,1.25155,1.26253,1.25142,1.26071,0.0001,137329.44
2023-06-14,1.26059,1.26987,1.26005,1.26704,1.26072,1.26995,1.26015,1.26715,0.00011,145735.8
2023-06-15,1.26706,1.27901,1.26292,1.27844,1.26716,1.27915,1.26302,1.27853,9e-05,148211.45
2023-06-16,1.27843,1.28481,1.27678,1.28173,1.27853,1.2849,1.27689,1.28297,0.00124,136750.62
2023-06-19,1.28309,1.28368,1.27702,1.27926,1.28317,1.28379,1.27712,1.27938,0.00012,98272.61
2023-06-20,1.27926,1.28058,1.27132,1.27651,1.27937,1.28068,1.27138,1.2766,9e-05,146475.62
2023-06-21,1.27651,1.28017,1.26908,1.27701,1.27659,1.28035,1.26917,1.27712,0.00011,168035.22
2023-06-22,1.27702,1.28397,1.27252,1.27463,1.27712,1.28462,1.27261,1.27473,0.0001,178624.48
2023-06-23,1.27462,1.27486,1.26851,1.27125,1.27473,1.27495,1.26866,1.27214,0.00089,144231.64
2023-06-26,1.27285,1.27484,1.26877,1.27104,1.27295,1.27491,1.26887,1.27115,0.00011,145479.83
2023-06-27,1.27105,1.27592,1.2703,1.2745,1.27115,1.276,1.27041,1.27464,0.00014,141644.73
2023-06-28,1.27452,1.27516,1.26064,1.26413,1.27463,1.27527,1.2607,1.26423,0.0001,128981.55
2023-06-29,1.26415,1.26666,1.25908,1.26129,1.26424,1.26673,1.25917,1.26138,9e-05,133161.95
2023-06-30,1.26129,1.27273,1.2599,1.26902,1.26139,1.27282,1.25999,1.27036,0.00134,117396.31
2023-07-03,1.26931,1.27229,1.26582,1.26918,1.26943,1.2724,1.26592,1.26928,0.0001,114177.01
2023-07-04,1.26917,1.27392,1.26831,1.2717,1.2693,1.27398,1.26843,1.2718,0.0001,72616.2
2023-07-05,1.27169,1.27353,1.26879,1.27037,1.27182,1.27359,1.26885,1.27048,0.00011,100768.9
2023-07-06,1.27041,1.27805,1.26732,1.27413,1.27049,1.27814,1.26738,1.27424,0.00011,136491.59
2023-07-07,1.27412,1.28491,1.27255,1.28343,1.27424,1.28502,1.27263,1.28429,0.00086,112149.68
2023-07-10,1.28375,1.28681,1.27502,1.28635,1.28383,1.28689,1.27509,1.28642,7e-05,122457.53
2023-07-11,1.28634,1.29392,1.28575,1.29333,1.28646,1.29403,1.28584,1.29342,9e-05,105595.67
2023-07-12,1.29334,1.30001,1.29038,1.29955,1.29343,1.30008,1.29047,1.29966,0.00011,118584.17
2023-07-13,1.29956,1.31406,1.29828,1.31278,1.29967,1.31414,1.29857,1.31287,9e-05,123376.39
2023-07-14,1.31278,1.31421,1.30859,1.30859,1.31288,1.3143,1.30904,1.30983,0.00124,117638.09
2023-07-17,1.30892,1.31089,1.30506,1.30712,1.30899,1.31095,1.30514,1.30723,0.00011,100324.33
2023-07-18,1.30712,1.31255,1.30278,1.30332,1.30721,1.31264,1.30286,1.30342,0.0001,122179.65
2023-07-19,1.30331,1.30385,1.28674,1.2937,1.30342,1.30396,1.28679,1.2938,0.0001,151983.2
2023-07-20,1.2937,1.29643,1.28395,1.28722,1.29379,1.29651,1.28403,1.28731,9e-05,119257.82
2023-07-21,1.28724,1.29038,1.28156,1.28515,1.28731,1.2905,1.28165,1.28565,0.0005,109865.17
2023-07-24,1.28519,1.28834,1.27976,1.28118,1.2853,1.28843,1.27984,1.28127,9e-05,130445.85
2023-07-25,1.28116,1.29044,1.28091,1.28929,1.28128,1.29069,1.28101,1.2894,0.00011,122963.74
2023-07-26,1.28927,1.296,1.2875,1.29267,1.2894,1.29612,1.28761,1.29276,9e-05,165534.06
2023-07-27,1.29268,1.29953,1.27814,1.27928,1.29276,1.29964,1.27824,1.27938,0.0001,171711.48
2023-07-28,1.27928,1.28875,1.27626,1.28455,1.27939,1.28883,1.27634,1.28575,0.0012,170304.95
2023-07-31,1.28531,1.28724,1.2828,1.28312,1.28541,1.28731,1.28287,1.28322,0.0001,109213.22
2023-08-01,1.28312,1.28385,1.27407,1.27941,1.28321,1.28392,1.27416,1.27951,0.0001,144105.94
2023-08-02,1.27944,1.27986,1.26802,1.27185,1.27955,1.27992,1.26808,1.27193,8e-05,132046.27
2023-08-03,1.27183,1.27278,1.26202,1.27151,1.27193,1.27289,1.26211,1.27163,0.00012,147571.91
2023-08-04,1.27153,1.27918,1.26857,1.27426,1.27162,1.27928,1.26878,1.2756,0.00134,139868.2
2023-08-07,1.27484,1.27888,1.27127,1.27809,1.27493,1.27897,1.27133,1.27819,0.0001,100176.2
2023-08-08,1.2781,1.27853,1.26838,1.27429,1.27819,1.27862,1.26848,1.2744,0.00011,124164.68
2023-08-09,1.27429,1.27819,1.27116,1.27192,1.27441,1.27828,1.27125,1.27202,0.0001,103353.24
2023-08-10,1.2719,1.28185,1.26689,1.26697,1.27202,1.28195,1.267,1.26706,9e-05,143090.56
2023-08-11,1.26694,1.27382,1.26655,1.269,1.26705,1.27389,1.26664,1.27021,0.00121,109493.83
2023-08-14,1.26937,1.27146,1.26163,1.26855,1.26945,1.27155,1.2617,1.26862,7e-05,137317.78
2023-08-15,1.26853,1.27521,1.26748,1.27001,1.26862,1.27531,1.26757,1.27008,7e-05,167756.02
2023-08-16,1.27001,1.27661,1.26866,1.27272,1.2701,1.2767,1.26875,1.27282,0.0001,125229.8
2023-08-17,1.27271,1.27871,1.27023,1.27468,1.27282,1.27881,1.27029,1.27478,0.0001,134560.81
2023-08-18,1.27468,1.27655,1.26889,1.27278,1.2748,1.27666,1.26898,1.27394,0.00116,116844.21
2023-08-21,1.27406,1.27665,1.271,1.27593,1.27418,1.27673,1.27108,1.27604,0.00011,108538.69
2023-08-22,1.27593,1.28001,1.27182,1.27309,1.27601,1.28009,1.27189,1.27317,8e-05,105241.82
2023-08-23,1.27309,1.27644,1.26143,1.27196,1.27318,1.27653,1.26152,1.27208,0.00012,151317.81
2023-08-24,1.27195,1.27283,1.25855,1.25921,1.27208,1.27293,1.25868,1.25931,0.0001,124897.09
2023-08-25,1.2592,1.26539,1.25476,1.25723,1.2593,1.26549,1.25484,1.25871,0.00148,117726.56
2023-08-28,1.25888,1.26151,1.25653,1.26105,1.25898,1.26161,1.25661,1.26113,8e-05,114513.01
2023-08-29,1.26104,1.26547,1.25624,1.26354,1.26115,1.26556,1.25631,1.26361,7e-05,136256.22
2023-08-30,1.26353,1.2746,1.26184,1.27107,1.2636,1.27468,1.26195,1.27116,9e-05,147432.59
2023-08-31,1.27107,1.2734,1.26522,1.26706,1.27119,1.27351,1.2653,1.26716,0.0001,132527.45
2023-09-01,1.26705,1.27127,1.2577,1.25831,1.26716,1.27137,1.25779,1.25922,0.00091,116312.52
2023-09-04,1.25905,1.26423,1.25873,1.26218,1.25918,1.26431,1.25884,1.2623,0.00012,63161.3
2023-09-05,1.26219,1.26316,1.25276,1.25691,1.2623,1.26327,1.25285,1.25704,0.00013,124395.77
2023-09-06,1.25692,1.25876,1.24815,1.24979,1.25705,1.25886,1.24825,1.2499,0.00011,120729.21
2023-09-07,1.24978,1.25079,1.24455,1.24748,1.24988,1.2509,1.24462,1.24759,0.00011,104843.46
2023-09-08,1.24749,1.2514,1.24508,1.24652,1.2476,1.25147,1.24516,1.24728,0.00076,111845.39
2023-09-11,1.24884,1.25477,1.24817,1.25073,1.24891,1.25484,1.24825,1.25084,0.00011,121454.56
2023-09-12,1.25075,1.25298,1.24592,1.24905,1.25083,1.25312,1.24601,1.24916,0.00011,102511.9
2023-09-13,1.24905,1.25114,1.24339,1.24891,1.24917,1.25124,1.24355,1.24898,7e-05,133672.94
2023-09-14,1.24891,1.25058,1.2396,1.24004,1.249,1.25069,1.23971,1.24016,0.00012,155643.31
2023-09-15,1.24005,1.24455,1.23765,1.23765,1.24016,1.24463,1.23791,1.23899,0.00134,122881.12
2023-09-18,1.23968,1.24102,1.237,1.23827,1.23977,1.24109,1.23708,1.23837,0.0001,91342.18
2023-09-19,1.23827,1.24247,1.23697,1.23926,1.23836,1.24251,1.23706,1.23935,9e-05,91697.28
2023-09-20,1.23926,1.24211,1.23234,1.23267,1.23936,1.24218,1.23244,1.23278,0.00011,155021.02
2023-09-21,1.23267,1.23311,1.2233,1.22924,1.23277,1.2332,1.22355,1.22933,9e-05,120322.12
2023-09-22,1.22925,1.22932,1.22303,1.22371,1.22933,1.22943,1.22313,1.22471,0.001,109723.6
2023-09-25,1.22406,1.22499,1.21932,1.22123,1.22417,1.22508,1.21941,1.22131,8e-05,97295.94
2023-09-26,1.22124,1.22146,1.21434,1.21456,1.22132,1.22155,1.21443,1.21465,9e-05,100906.72
2023-09-27,1.21456,1.21642,1.21101,1.21349,1.21466,1.21651,1.21109,1.21357,8e-05,124833.54
2023-09-28,1.21351,1.22244,1.21198,1.2204,1.21357,1.22251,1.21204,1.22047,7e-05,118062.73
2023-09-29,1.22038,1.22715,1.21799,1.21942,1.22048,1.22723,1.21808,1.22061,0.00119,141745.44
2023-10-02,1.21927,1.22195,1.20838,1.20897,1.21936,1.22204,1.20848,1.20905,8e-05,115182.39
2023-10-03,1.20897,1.21015,1.2052,1.20771,1.20908,1.21022,1.20527,1.20781,0.0001,137880.41
2023-10-04,1.20772,1.21765,1.20369,1.21365,1.20778,1.21775,1.20377,1.21375,0.0001,126896.08
2023-10-05,1.21365,1.21956,1.21074,1.21868,1.21374,1.21971,1.21082,1.21876,8e-05,121684.49
2023-10-06,1.21868,1.2261,1.21053,1.22323,1.21877,1.22618,1.21062,1.2245,0.00127,148115.94
2023-10-09,1.22191,1.22516,1.21628,1.22491,1.22201,1.22525,1.21636,1.22501,0.0001,101745.99
2023-10-10,1.22489,1.22943,1.22114,1.22889,1.22501,1.22953,1.22123,1.22899,0.0001,131723.91
2023-10-11,1.22889,1.23371,1.2268,1.23148,1.229,1.2338,1.22696,1.23157,9e-05,124525.23
2023-10-12,1.23146,1.23315,1.21702,1.21823,1.23158,1.2332,1.21721,1.21832,9e-05,118079.09
2023-10-13,1.21823,1.2225,1.21223,1.21358,1.21833,1.2226,1.21231,1.21503,0.00145,113527.61
2023-10-16,1.21545,1.22193,1.21423,1.22112,1.21555,1.22199,1.21431,1.22122,0.0001,104912.33
2023-10-17,1.22112,1.22155,1.21326,1.21778,1.22121,1.22165,1.21337,1.21787,9e-05,126730.63
2023-10-18,1.21776,1.22108,1.21368,1.21411,1.21787,1.22115,1.21378,1.21416,5e-05,113000.63
2023-10-19,1.21411,1.21914,1.20897,1.21351,1.21417,1.21923,1.20905,1.21363,0.00012,148027.95
2023-10-20,1.21351,1.217,1.20929,1.21559,1.21362,1.21708,1.20936,1.21683,0.00124,106406.49
2023-10-23,1.2163,1.22582,1.2143,1.22487,1.21639,1.2259,1.21438,1.22495,8e-05,105935.82
2023-10-24,1.22488,1.22885,1.21529,1.21618,1.22496,1.22894,1.21539,1.21629,0.00011,115306.21
2023-10-25,1.21618,1.21756,1.20944,1.21017,1.2163,1.21766,1.20955,1.21027,0.0001,103905.34
2023-10-26,1.2102,1.21393,1.20691,1.21358,1.21028,1.21402,1.20698,1.21367,9e-05,115076.68
2023-10-27,1.21354,1.21622,1.21052,1.21178,1.21365,1.21629,1.2106,1.21237,0.00059,91442.99
2023-10-30,1.21123,1.21743,1.20899,1.21633,1.21133,1.21752,1.20907,1.21642,9e-05,87307.94
2023-10-31,1.21633,1.22003,1.21191,1.21502,1.21641,1.2201,1.21198,1.21511,9e-05,108340.84
2023-11-01,1.21501,1.21812,1.20955,1.21812,1.21511,1.21821,1.20961,1.21821,9e-05,135887.66
2023-11-02,1.21814,1.22253,1.21549,1.21889,1.21822,1.22261,1.21556,1.21897,8e-05,118916.12
2023-11-03,1.2189,1.23892,1.21842,1.23772,1.21898,1.23902,1.21851,1.2389,0.00118,116756.02
2023-11-06,1.23718,1.24282,1.23378,1.23432,1.23729,1.24289,1.23386,1.23442,0.0001,89408.0
2023-11-07,1.23432,1.23467,1.22621,1.22908,1.23441,1.23477,1.22629,1.22917,9e-05,92148.49
2023-11-08,1.22905,1.23011,1.22414,1.22848,1.22914,1.2302,1.22421,1.22859,0.00011,114174.79
2023-11-09,1.22852,1.23083,1.22124,1.22157,1.22862,1.2309,1.22132,1.22166,9e-05,126112.89
2023-11-10,1.22156,1.22376,1.21868,1.22237,1.22168,1.22383,1.21875,1.22295,0.00058,102268.87
2023-11-13,1.22292,1.22804,1.22229,1.22794,1.22301,1.22817,1.22238,1.22803,9e-05,81160.84
2023-11-14,1.22795,1.25058,1.2265,1.24928,1.22803,1.25067,1.22661,1.24938,0.0001,107204.56
2023-11-15,1.2493,1.24973,1.24034,1.24213,1.24937,1.24981,1.24041,1.24223,0.0001,115447.76
2023-11-16,1.24213,1.24557,1.23761,1.24139,1.24222,1.24563,1.23768,1.24149,0.0001,98107.8
2023-11-17,1.24141,1.24645,1.23736,1.24564,1.24149,1.24656,1.23744,1.24649,0.00085,102316.01
2023-11-20,1.2453,1.25172,1.24455,1.25078,1.24539,1.2518,1.24463,1.2509,0.00012,97494.85
2023-11-21,1.25079,1.2559,1.25042,1.25426,1.25088,1.25598,1.25051,1.25438,0.00012,113032.4
2023-11-22,1.25426,1.25493,1.24488,1.24887,1.25439,1.25503,1.24496,1.24898,0.00011,128203.58
2023-11-23,1.24887,1.25683,1.24885,1.25324,1.24897,1.25711,1.24895,1.25332,8e-05,76677.47
2023-11-24,1.25324,1.2615,1.2524,1.26016,1.25331,1.2617,1.2525,1.26141,0.00125,101277.63
2023-11-27,1.25993,1.2644,1.25906,1.26342,1.26003,1.26447,1.25915,1.26352,0.0001,92696.96
2023-11-28,1.26342,1.27147,1.26063,1.27121,1.26351,1.27154,1.26072,1.27133,0.00012,123507.28
2023-11-29,1.27122,1.27329,1.26644,1.26947,1.27131,1.27341,1.26648,1.2696,0.00013,137245.75
2023-11-30,1.26946,1.27104,1.2603,1.26307,1.26958,1.27111,1.26039,1.26316,9e-05,153817.91
2023-12-01,1.26305,1.27157,1.26137,1.27036,1.26316,1.27177,1.26143,1.27174,0.00138,154294.16
2023-12-04,1.27105,1.27118,1.26034,1.26328,1.27117,1.27129,1.2604,1.26338,0.0001,135211.75
2023-12-05,1.2633,1.26516,1.25769,1.25938,1.26338,1.26524,1.25778,1.25949,0.00011,141464.77
2023-12-06,1.25939,1.26133,1.25512,1.25573,1.25949,1.26141,1.25522,1.25583,0.0001,116067.27
2023-12-07,1.25574,1.26123,1.2544,1.25866,1.25583,1.2613,1.2545,1.25879,0.00013,149608.5
2023-12-08,1.25867,1.2601,1.2502,1.25445,1.25879,1.2602,1.25029,1.25538,0.00093,168746.84
2023-12-11,1.25538,1.25907,1.25344,1.25528,1.25547,1.25913,1.25354,1.25541,0.00013,111145.16
2023-12-12,1.25529,1.26152,1.25137,1.25684,1.25539,1.26163,1.25148,1.25694,0.0001,119174.18
2023-12-13,1.25685,1.26344,1.24999,1.26206,1.25694,1.26355,1.25007,1.26217,0.00011,150012.05
2023-12-14,1.26206,1.27937,1.26118,1.27705,1.26214,1.27948,1.26125,1.27713,8e-05,205280.5
2023-12-15,1.27704,1.27901,1.26681,1.26738,1.27712,1.2791,1.26689,1.26872,0.00134,144600.2
2023-12-18,1.2671,1.27036,1.26284,1.26523,1.26719,1.27044,1.26293,1.26535,0.00012,105606.75
2023-12-19,1.26525,1.27615,1.26491,1.27297,1.26538,1.27622,1.26502,1.27306,9e-05,113555.34
2023-12-20,1.27297,1.27299,1.26245,1.26398,1.27305,1.2731,1.26255,1.26405,7e-05,119355.71
2023-12-21,1.26397,1.26958,1.26119,1.26826,1.26404,1.26964,1.26127,1.26836,0.0001,181710.66
2023-12-22,1.26825,1.27438,1.26785,1.26945,1.26836,1.27451,1.26794,1.27014,0.00069,267219.69
2023-12-25,1.27061,1.27132,1.26733,1.27034,1.27457,1.27462,1.26871,1.27044,0.0001,6876.0
2023-12-26,1.27035,1.27298,1.26841,1.27258,1.27044,1.2731,1.26851,1.27268,0.0001,177299.44
2023-12-27,1.27255,1.28026,1.26983,1.27996,1.27268,1.28046,1.2699,1.28008,0.00012,101934.0
2023-12-28,1.27995,1.28272,1.27121,1.27339,1.28006,1.28282,1.27131,1.27351,0.00012,118656.62
2023-12-29,1.2734,1.27723,1.27,1.27292,1.27351,1.27733,1.27011,1.27339,0.00047,153991.34
2024-01-01,1.27184,1.27347,1.27155,1.27274,1.27331,1.27361,1.27212,1.27286,0.00012,3278.48
2024-01-02,1.27275,1.27596,1.26105,1.2622,1.27286,1.27605,1.26113,1.26233,0.00013,133476.09
2024-01-03,1.26221,1.26761,1.26156,1.26727,1.26233,1.26771,1.26161,1.26739,0.00012,149834.31
2024-01-04,1.26727,1.27296,1.26565,1.26807,1.26737,1.27302,1.26576,1.26819,0.00012,126701.08
2024-01-05,1.26807,1.27707,1.26106,1.27173,1.2682,1.27715,1.26118,1.27219,0.00046,158997.23
2024-01-08,1.27169,1.27668,1.26729,1.27411,1.2718,1.27676,1.26739,1.27422,0.00011,95953.14
2024-01-09,1.27411,1.27647,1.2689,1.27102,1.27421,1.27655,1.26899,1.27114,0.00012,97271.7
2024-01-10,1.27104,1.27448,1.26859,1.27442,1.27113,1.27459,1.26866,1.27454,0.00012,92893.97
2024-01-11,1.27441,1.27849,1.26898,1.27782,1.27454,1.2792,1.26905,1.27792,0.0001,172938.39
2024-01-12,1.27783,1.27854,1.27192,1.27473,1.27792,1.27861,1.27198,1.27566,0.00093,136934.16
2024-01-15,1.27352,1.27649,1.27127,1.27151,1.27364,1.2766,1.27134,1.2716,9e-05,106659.19
2024-01-16,1.27152,1.27164,1.2619,1.26376,1.2716,1.27173,1.262,1.26387,0.00011,155860.91
2024-01-17,1.26376,1.26958,1.25963,1.2677,1.26385,1.26967,1.25971,1.26777,7e-05,152485.12
2024-01-18,1.26769,1.27118,1.26478,1.27109,1.26777,1.27128,1.26487,1.27118,9e-05,127305.86
2024-01-19,1.27109,1.27143,1.26608,1.2702,1.2712,1.27152,1.26618,1.27056,0.00036,107651.49
2024-01-22,1.26991,1.27325,1.26865,1.27057,1.26999,1.27336,1.26873,1.27067,0.0001,100626.09
2024-01-23,1.27055,1.27467,1.26488,1.26907,1.27063,1.27477,1.26497,1.2692,0.00013,121462.46
2024-01-24,1.26908,1.27745,1.26852,1.27173,1.26918,1.27752,1.26862,1.27183,0.0001,120422.61
2024-01-25,1.27175,1.27424,1.26813,1.27057,1.27183,1.27431,1.26822,1.27066,9e-05,122845.18
2024-01-26,1.27058,1.27582,1.26751,1.27025,1.27066,1.2759,1.26759,1.2706,0.00035,100759.69
2024-01-29,1.26962,1.27184,1.26617,1.27118,1.26972,1.27193,1.26626,1.27127,9e-05,89965.28
2024-01-30,1.27119,1.27207,1.26399,1.26943,1.27127,1.27216,1.26406,1.26951,8e-05,112902.93
2024-01-31,1.26943,1.27505,1.26576,1.26794,1.2695,1.27514,1.26585,1.26801,7e-05,170493.08
2024-02-01,1.26792,1.27554,1.26249,1.27457,1.26801,1.27563,1.26256,1.27466,9e-05,152467.7
2024-02-02,1.27456,1.27721,1.26136,1.26284,1.27466,1.27728,1.26144,1.26366,0.00082,124319.43
2024-02-05,1.26208,1.26292,1.25181,1.25333,1.26217,1.26299,1.25187,1.25341,8e-05,107051.27
2024-02-06,1.25334,1.26054,1.2533,1.26033,1.25341,1.26064,1.25341,1.26041,8e-05,103843.71
2024-02-07,1.26034,1.26416,1.25963,1.26261,1.26041,1.26423,1.25975,1.26269,8e-05,103272.73
2024-02-08,1.26258,1.26383,1.25714,1.26201,1.2627,1.26392,1.2572,1.2621,9e-05,93567.35
2024-02-09,1.262,1.26429,1.25987,1.26247,1.2621,1.26435,1.25995,1.26307,0.0006,79997.13
2024-02-12,1.26363,1.26544,1.26058,1.26262,1.26373,1.26553,1.26067,1.26272,0.0001,76322.76
2024-02-13,1.26262,1.26875,1.25727,1.25898,1.26271,1.26971,1.25736,1.25905,7e-05,105806.01
2024-02-14,1.25897,1.26109,1.25352,1.25671,1.25905,1.26116,1.25359,1.2568,9e-05,111876.25
2024-02-15,1.2567,1.26049,1.2541,1.25977,1.25682,1.26057,1.25422,1.25988,0.00011,96477.45
2024-02-16,1.25979,1.26241,1.25504,1.25978,1.25987,1.26249,1.25512,1.26039,0.00061,98400.47
2024-02-19,1.26106,1.26295,1.2583,1.25874,1.26112,1.26302,1.25837,1.25884,0.0001,67764.47
2024-02-20,1.25873,1.26682,1.2579,1.26244,1.25884,1.26691,1.25798,1.26253,9e-05,95230.51
2024-02-21,1.26244,1.26416,1.26023,1.26377,1.26255,1.26425,1.26031,1.26388,0.00011,94715.26
2024-02-22,1.26379,1.27093,1.26112,1.26615,1.2639,1.27101,1.26119,1.26622,7e-05,99601.27
2024-02-23,1.26616,1.2701,1.26479,1.26683,1.26621,1.27016,1.2649,1.26745,0.00062,70723.62
2024-02-26,1.26696,1.26993,1.26563,1.26834,1.26704,1.27,1.26571,1.26844,0.0001,56513.68
2024-02-27,1.26838,1.26965,1.26601,1.26796,1.26846,1.26971,1.26606,1.26805,9e-05,69025.34
2024-02-28,1.26798,1.26838,1.26211,1.26611,1.26805,1.26846,1.26219,1.26618,7e-05,73096.57
2024-02-29,1.26611,1.26813,1.26119,1.26266,1.26619,1.26822,1.26129,1.2627,4e-05,84039.31
2024-03-01,1.26266,1.26636,1.25995,1.2653,1.26271,1.26643,1.26003,1.2656,0.0003,80507.83
2024-03-04,1.26601,1.27062,1.26555,1.2689,1.26608,1.2707,1.26563,1.26898,8e-05,58444.51
2024-03-05,1.26894,1.27347,1.26711,1.27039,1.26902,1.27353,1.26718,1.27045,6e-05,68359.17
2024-03-06,1.27042,1.27613,1.26899,1.27357,1.27046,1.27618,1.26906,1.27362,5e-05,69491.32
2024-03-07,1.27357,1.28132,1.27228,1.2813,1.27361,1.28142,1.27235,1.28137,7e-05,75077.4
2024-03-08,1.2813,1.28934,1.28008,1.28548,1.28138,1.28941,1.28015,1.28622,0.00074,84772.97
2024-03-11,1.28552,1.28618,1.27949,1.28177,1.28559,1.28627,1.27955,1.28185,8e-05,67741.0
2024-03-12,1.28177,1.28231,1.27459,1.27947,1.28186,1.28241,1.27464,1.27955,8e-05,99274.91
2024-03-13,1.27946,1.28111,1.27741,1.28008,1.27955,1.28118,1.2775,1.28018,0.0001,74340.5
2024-03-14,1.28009,1.28227,1.27303,1.27448,1.28019,1.28234,1.27311,1.27457,9e-05,88855.12
2024-03-15,1.27447,1.27585,1.27248,1.27313,1.27456,1.27591,1.27257,1.27399,0.00086,72961.6
2024-03-18,1.27307,1.27465,1.27176,1.2726,1.27314,1.27471,1.27183,1.27267,7e-05,61153.41
2024-03-19,1.27261,1.27326,1.26674,1.27174,1.27267,1.27335,1.2668,1.27182,8e-05,88987.97
2024-03-20,1.27173,1.27981,1.26841,1.27977,1.27182,1.27986,1.26849,1.27982,5e-05,122823.07
2024-03-21,1.27975,1.2803,1.26503,1.26602,1.27982,1.28038,1.26508,1.26608,6e-05,133668.56
2024-03-22,1.26601,1.26751,1.25748,1.25984,1.26608,1.26758,1.25758,1.26036,0.00052,88619.61
2024-03-25,1.25972,1.2652,1.25914,1.26358,1.25979,1.26527,1.25922,1.26366,8e-05,61001.46
2024-03-26,1.26359,1.26676,1.26217,1.26274,1.26366,1.26685,1.26224,1.26281,7e-05,70008.15
2024-03-27,1.26273,1.26408,1.26052,1.26165,1.26283,1.26424,1.26058,1.26174,9e-05,76067.93
2024-03-28,1.26167,1.26544,1.25855,1.26211,1.26175,1.26552,1.25863,1.26227,0.00016,90537.1
2024-03-29,1.26211,1.26448,1.26092,1.26158,1.26226,1.26457,1.26103,1.26342,0.00184,44550.88
2024-04-01,1.26372,1.26416,1.25393,1.25458,1.26381,1.26426,1.254,1.25466,8e-05,67313.5
2024-04-02,1.25457,1.25806,1.25391,1.25757,1.25464,1.2582,1.25399,1.25764,7e-05,80918.99
2024-04-03,1.25754,1.26559,1.25621,1.26509,1.2576,1.26566,1.25629,1.26517,8e-05,94500.51
2024-04-04,1.26509,1.26833,1.26349,1.26387,1.26518,1.2684,1.26356,1.26395,8e-05,82564.17
2024-04-05,1.26387,1.26483,1.25741,1.26361,1.26397,1.26492,1.25746,1.26392,0.00031,104314.7
2024-04-08,1.26233,1.26636,1.2613,1.26572,1.26243,1.26644,1.26139,1.26578,6e-05,90957.22
2024-04-09,1.2657,1.2709,1.26485,1.26767,1.26579,1.27099,1.26492,1.26776,9e-05,76691.5
2024-04-10,1.26767,1.27078,1.252,1.25362,1.26777,1.27096,1.25207,1.25369,7e-05,123786.0
2024-04-11,1.25363,1.25784,1.25105,1.25544,1.2537,1.25788,1.25111,1.25549,5e-05,88046.32
2024-04-12,1.25541,1.25585,1.24263,1.24482,1.2555,1.2559,1.24272,1.24508,0.00026,84897.31
2024-04-15,1.24594,1.24983,1.24355,1.24458,1.24602,1.24991,1.24361,1.24467,9e-05,101014.73
2024-04-16,1.24459,1.24718,1.24055,1.24302,1.24465,1.24726,1.24059,1.24309,7e-05,113751.45
2024-04-17,1.24301,1.24815,1.24168,1.24525,1.24308,1.24823,1.24175,1.24534,9e-05,98699.5
2024-04-18,1.24529,1.24843,1.24318,1.24345,1.24538,1.2485,1.24323,1.24351,6e-05,79133.27
2024-04-19,1.24344,1.24682,1.23666,1.23695,1.24351,1.24687,1.23672,1.23767,0.00072,123925.12
2024-04-22,1.23756,1.23919,1.22991,1.23494,1.23763,1.23928,1.22999,1.235,6e-05,66231.38
2024-04-23,1.23494,1.24582,1.23315,1.24541,1.23501,1.24589,1.23321,1.24548,7e-05,86095.53
2024-04-24,1.24541,1.24697,1.24223,1.24589,1.24549,1.24702,1.24227,1.24595,6e-05,67300.46
2024-04-25,1.24588,1.2527,1.2454,1.2507,1.24596,1.25287,1.24547,1.25077,7e-05,106176.69
2024-04-26,1.25068,1.25409,1.24489,1.24908,1.25078,1.25416,1.24495,1.24934,0.00026,86076.8
2024-04-29,1.25093,1.25693,1.25072,1.25593,1.25098,1.25701,1.25078,1.25597,4e-05,93411.9
2024-04-30,1.25592,1.25609,1.24876,1.24884,1.25597,1.25616,1.24884,1.24893,9e-05,99746.55
2024-05-01,1.24888,1.25499,1.24659,1.25359,1.24897,1.25507,1.24667,1.25368,9e-05,111501.06
2024-05-02,1.25359,1.25444,1.24717,1.25392,1.25369,1.25449,1.24721,1.25397,5e-05,115334.96
2024-05-03,1.25395,1.2634,1.25292,1.25446,1.254,1.26353,1.25297,1.25473,0.00027,120883.93
2024-05-06,1.25404,1.25941,1.25381,1.2559,1.25408,1.25946,1.25388,1.25597,7e-05,86663.84
2024-05-07,1.2559,1.25704,1.24983,1.25015,1.25596,1.25713,1.24989,1.25021,6e-05,82336.31
2024-05-08,1.25011,1.25045,1.24675,1.24928,1.25018,1.25051,1.24682,1.24936,8e-05,74588.42
2024-05-09,1.24929,1.25296,1.24457,1.25246,1.24935,1.25303,1.24464,1.25252,6e-05,89960.35
2024-05-10,1.25245,1.2541,1.25023,1.25239,1.25251,1.25417,1.25029,1.25264,0.00025,67656.18
2024-05-13,1.25218,1.25683,1.25172,1.25598,1.25223,1.25691,1.25178,1.25603,5e-05,65272.25
2024-05-14,1.25597,1.25927,1.25092,1.25836,1.25604,1.25943,1.25098,1.25845,9e-05,86095.33
2024-05-15,1.25835,1.2694,1.25831,1.26884,1.25843,1.26944,1.25838,1.26892,8e-05,92606.33
2024-05-16,1.26883,1.27005,1.26432,1.26711,1.26891,1.2701,1.26438,1.26715,4e-05,71247.1
2024-05-17,1.26711,1.27114,1.26447,1.26999,1.26716,1.27121,1.26453,1.27031,0.00032,53856.56
2024-05-20,1.27055,1.27252,1.26889,1.27095,1.27066,1.27261,1.26897,1.271,5e-05,57867.3
2024-05-21,1.27096,1.27266,1.26863,1.27097,1.27101,1.27273,1.26868,1.27102,5e-05,45820.63
2024-05-22,1.27098,1.2761,1.26998,1.27202,1.27103,1.2762,1.27006,1.27208,6e-05,79158.94
2024-05-23,1.27201,1.27463,1.26852,1.26929,1.27208,1.2747,1.26858,1.26934,5e-05,87184.3
2024-05-24,1.26927,1.27507,1.26753,1.27358,1.26933,1.27512,1.26763,1.27392,0.00034,62628.52
2024-05-27,1.27336,1.27774,1.27336,1.27718,1.27342,1.27779,1.27342,1.27724,6e-05,49192.94
2024-05-28,1.27718,1.28005,1.27537,1.27576,1.27725,1.28009,1.27545,1.27585,9e-05,69840.96
2024-05-29,1.27575,1.27715,1.26957,1.26972,1.27584,1.27722,1.26964,1.26984,0.00012,74738.08
2024-05-30,1.26973,1.27469,1.26806,1.27285,1.26981,1.27477,1.26813,1.27293,8e-05,70396.06
2024-05-31,1.27286,1.2766,1.26999,1.27404,1.27293,1.27668,1.27007,1.27437,0.00033,79331.74
2024-06-03,1.27439,1.28119,1.26941,1.28095,1.27448,1.28131,1.26946,1.281,5e-05,80611.56
2024-06-04,1.28096,1.28171,1.27425,1.27719,1.28101,1.2818,1.27432,1.2773,0.00011,82775.9
2024-06-05,1.27722,1.27951,1.2755,1.27932,1.27729,1.27971,1.27558,1.27939,7e-05,73501.53
2024-06-06,1.27932,1.28088,1.27622,1.27923,1.2794,1.28094,1.27628,1.27929,6e-05,74464.22
2024-06-07,1.27922,1.28159,1.27142,1.27198,1.27929,1.28202,1.27165,1.2724,0.00042,86026.81
2024-06-10,1.27278,1.2737,1.26876,1.27256,1.27285,1.27376,1.26884,1.27262,6e-05,60800.23
2024-06-11,1.27256,1.27513,1.27057,1.27393,1.27261,1.27521,1.27063,1.27401,8e-05,68546.66
2024-06-12,1.27391,1.28604,1.27325,1.27958,1.27402,1.28609,1.27334,1.27966,8e-05,119989.15
2024-06-13,1.27959,1.28073,1.2738,1.27534,1.27966,1.28081,1.27385,1.2754,6e-05,79820.99
2024-06-14,1.27533,1.27636,1.26568,1.26828,1.2754,1.27639,1.26573,1.26876,0.00048,88549.68
2024-06-17,1.26831,1.27139,1.26588,1.27134,1.26839,1.27148,1.26594,1.27142,8e-05,66683.53
2024-06-18,1.27133,1.27207,1.26687,1.27066,1.27142,1.27213,1.26693,1.27073,7e-05,84301.02
2024-06-19,1.27065,1.27397,1.26998,1.27198,1.27072,1.27404,1.27005,1.27206,8e-05,52589.32
2024-06-20,1.27198,1.27202,1.26531,1.26596,1.27205,1.27207,1.26552,1.26601,5e-05,79244.71
2024-06-21,1.26594,1.26742,1.26218,1.26424,1.26602,1.26764,1.26225,1.2649,0.00066,80137.03
2024-06-24,1.26377,1.26977,1.26323,1.26817,1.26384,1.26986,1.26331,1.26827,0.0001,61199.27
2024-06-25,1.26817,1.27022,1.267,1.26835,1.26826,1.27028,1.26705,1.26843,8e-05,59052.03
2024-06-26,1.26837,1.26932,1.26153,1.26206,1.26844,1.2694,1.26159,1.26213,7e-05,70629.53
2024-06-27,1.26207,1.26705,1.26125,1.26437,1.26213,1.26713,1.26133,1.26446,9e-05,71506.14
2024-06-28,1.2644,1.26632,1.26194,1.26427,1.26448,1.26672,1.262,1.26468,0.00041,83964.48
2024-07-01,1.26482,1.27101,1.26328,1.26449,1.26491,1.27152,1.26335,1.26455,6e-05,91471.43
2024-07-02,1.2645,1.26913,1.26152,1.26873,1.26455,1.26923,1.26159,1.26876,3e-05,74694.56
2024-07-03,1.26877,1.27769,1.26781,1.27471,1.26883,1.27776,1.26786,1.27479,8e-05,83108.78
2024-07-04,1.27471,1.27673,1.27408,1.2755,1.27478,1.27683,1.27415,1.27553,3e-05,41473.85
2024-07-05,1.2755,1.28169,1.27549,1.28114,1.27554,1.28176,1.27554,1.28169,0.00055,97307.1
2024-07-08,1.28057,1.28454,1.27996,1.2815,1.28061,1.28462,1.28002,1.2816,0.0001,78318.93
2024-07-09,1.2815,1.28248,1.27773,1.27879,1.28159,1.28256,1.27781,1.27887,8e-05,81050.07
2024-07-10,1.2788,1.28542,1.27839,1.28537,1.27885,1.28547,1.27848,1.28542,5e-05,73089.43
2024-07-11,1.28537,1.29491,1.2849,1.29234,1.28544,1.29496,1.28496,1.29242,8e-05,111546.58
2024-07-12,1.29231,1.29905,1.29019,1.29845,1.29239,1.29955,1.29026,1.29955,0.0011,110866.36
2024-07-15,1.2967,1.29947,1.29616,1.29692,1.29676,1.29954,1.29625,1.29695,3e-05,97636.22
2024-07-16,1.29688,1.29795,1.2938,1.29773,1.29696,1.29804,1.29387,1.29778,5e-05,97233.49
2024-07-17,1.29774,1.30443,1.29658,1.30082,1.29779,1.3045,1.29666,1.30085,3e-05,105836.3
2024-07-18,1.30083,1.30127,1.29401,1.29488,1.30085,1.30135,1.29407,1.29493,5e-05,94436.23
2024-07-19,1.29488,1.29488,1.29006,1.291,1.29492,1.29496,1.29016,1.29179,0.00079,81685.76
2024-07-22,1.29323,1.29419,1.29052,1.29306,1.29329,1.29428,1.29055,1.29313,7e-05,84173.53
2024-07-23,1.29307,1.29345,1.28875,1.29008,1.29313,1.29351,1.28881,1.29015,7e-05,82427.33
2024-07-24,1.29007,1.29372,1.28771,1.28975,1.29015,1.29384,1.28777,1.28982,7e-05,99826.68
2024-07-25,1.28976,1.29132,1.28478,1.28548,1.28982,1.2914,1.28504,1.28555,7e-05,119688.65
2024-07-26,1.28551,1.28777,1.28495,1.28642,1.28555,1.28784,1.28503,1.28717,0.00075,83252.92
2024-07-29,1.28663,1.28878,1.28064,1.28594,1.2867,1.28887,1.2807,1.28601,7e-05,94560.09
2024-07-30,1.28593,1.28642,1.28196,1.28375,1.28601,1.28651,1.28204,1.2838,5e-05,88057.71
2024-07-31,1.28375,1.28641,1.28207,1.28524,1.28381,1.28647,1.28215,1.28532,8e-05,140356.98
2024-08-01,1.28525,1.28604,1.27266,1.27276,1.28533,1.28612,1.27272,1.2728,4e-05,132281.41
2024-08-02,1.27273,1.284,1.27071,1.28033,1.27281,1.28408,1.27079,1.2805,0.00017,138183.38
2024-08-05,1.27873,1.28165,1.27098,1.27873,1.27879,1.28173,1.27108,1.27883,0.0001,265189.66
2024-08-06,1.27874,1.28027,1.26724,1.26841,1.27885,1.28036,1.26733,1.26846,5e-05,159671.95
2024-08-07,1.26836,1.27355,1.26779,1.26824,1.26843,1.27363,1.26785,1.26831,7e-05,113276.8
2024-08-08,1.26827,1.27522,1.26648,1.27452,1.26832,1.27528,1.26655,1.27462,0.0001,108211.72
2024-08-09,1.27452,1.27737,1.27258,1.27578,1.27459,1.27743,1.27266,1.27634,0.00056,68315.26
2024-08-12,1.27487,1.27936,1.27469,1.27703,1.27492,1.27944,1.27474,1.27711,8e-05,70024.43
2024-08-13,1.27704,1.28728,1.27632,1.28652,1.27713,1.28736,1.27641,1.28658,6e-05,76240.88
2024-08-14,1.28653,1.28681,1.28168,1.28239,1.28658,1.28689,1.28185,1.2825,0.00011,81374.82
2024-08-15,1.28242,1.28714,1.27984,1.28585,1.28249,1.28723,1.27991,1.28594,9e-05,71502.5
2024-08-16,1.28586,1.29456,1.28571,1.29417,1.28596,1.29478,1.28581,1.29478,0.00061,51164.59
2024-08-19,1.29462,1.2997,1.29396,1.2989,1.29469,1.29978,1.29404,1.29897,7e-05,66296.46
2024-08-20,1.2989,1.3052,1.29738,1.30336,1.29899,1.3053,1.29747,1.30342,6e-05,92254.83
2024-08-21,1.30331,1.31193,1.30104,1.30921,1.30339,1.312,1.30111,1.30933,0.00012,104921.22
2024-08-22,1.30921,1.31299,1.30763,1.30962,1.30932,1.31306,1.3077,1.30975,0.00013,103989.67
2024-08-23,1.30961,1.32299,1.30916,1.32086,1.30967,1.32307,1.30923,1.32229,0.00143,110062.5
2024-08-26,1.3214,1.32219,1.31794,1.31912,1.32145,1.32229,1.31804,1.31921,9e-05,105022.97
2024-08-27,1.31913,1.32657,1.31796,1.32549,1.31922,1.32667,1.31805,1.32555,6e-05,83759.55
2024-08-28,1.3255,1.32605,1.31673,1.31927,1.32556,1.32612,1.3168,1.31933,6e-05,97657.33
2024-08-29,1.31927,1.32267,1.3145,1.31647,1.31935,1.32277,1.31458,1.31656,9e-05,110829.72
2024-08-30,1.31652,1.31996,1.31091,1.31231,1.31657,1.32002,1.31101,1.31299,0.00068,115063.18
2024-09-02,1.31294,1.31549,1.31198,1.314,1.313,1.31557,1.31204,1.31407,7e-05,49454.43
2024-09-03,1.31403,1.3147,1.30873,1.31126,1.31406,1.31477,1.30881,1.31134,8e-05,125497.79
2024-09-04,1.31127,1.3175,1.31007,1.31435,1.31131,1.31758,1.31014,1.31446,0.00011,98215.17
2024-09-05,1.31435,1.31852,1.31369,1.31756,1.31448,1.31859,1.31377,1.31761,5e-05,113461.85
2024-09-06,1.31757,1.32383,1.31097,1.3126,1.31764,1.32393,1.31106,1.31345,0.00085,157907.16
2024-09-09,1.31312,1.31428,1.30673,1.30705,1.3132,1.31438,1.30682,1.30713,8e-05,89000.79
2024-09-10,1.30704,1.31074,1.30492,1.30795,1.30713,1.31081,1.30498,1.308,5e-05,91042.49
2024-09-11,1.30794,1.31111,1.30016,1.30378,1.30802,1.3112,1.30024,1.30386,8e-05,119320.37
2024-09-12,1.30378,1.31325,1.30317,1.31323,1.30387,1.31334,1.30324,1.31333,0.0001,106382.69
2024-09-13,1.31321,1.31576,1.31144,1.31191,1.31326,1.31583,1.31151,1.31279,0.00088,93420.66
2024-09-16,1.31349,1.3218,1.31349,1.32101,1.31356,1.32212,1.31356,1.32106,5e-05,92450.44
2024-09-17,1.32101,1.32295,1.31459,1.31669,1.32107,1.32304,1.31465,1.31675,6e-05,108446.08
2024-09-18,1.31669,1.32978,1.31561,1.32027,1.31676,1.32985,1.31569,1.32035,8e-05,213920.7
2024-09-19,1.32029,1.3314,1.3153,1.32809,1.32035,1.3315,1.31541,1.32817,8e-05,163530.12
2024-09-20,1.32811,1.33402,1.32678,1.33165,1.32817,1.33409,1.32685,1.33278,0.00113,145906.84
2024-09-23,1.33117,1.33591,1.32481,1.33484,1.33127,1.336,1.32489,1.33493,9e-05,141390.8
2024-09-24,1.33486,1.34272,1.33316,1.34267,1.33492,1.34279,1.33322,1.34273,6e-05,137778.27
2024-09-25,1.3427,1.34296,1.33121,1.33132,1.34275,1.34304,1.3313,1.33145,0.00013,132649.23
2024-09-26,1.33133,1.34341,1.33121,1.34105,1.33143,1.34345,1.3313,1.34112,7e-05,129994.54
2024-09-27,1.34103,1.34272,1.33595,1.33714,1.34112,1.34278,1.33605,1.33776,0.00062,139283.62
2024-09-30,1.33823,1.34227,1.33499,1.33771,1.33831,1.34236,1.33505,1.3378,9e-05,133810.55
2024-10-01,1.33771,1.33894,1.32369,1.3274,1.33781,1.33901,1.32378,1.3275,0.0001,203698.84
2024-10-02,1.32742,1.33051,1.32455,1.32626,1.3275,1.33059,1.32463,1.32632,6e-05,121923.93
2024-10-03,1.32625,1.32648,1.30918,1.31283,1.32631,1.32654,1.30928,1.3129,7e-05,171312.41
2024-10-04,1.31281,1.31747,1.30694,1.3111,1.31291,1.31753,1.30703,1.31212,0.00102,151592.81
2024-10-07,1.31225,1.3134,1.30589,1.30839,1.31235,1.3135,1.30597,1.30848,9e-05,128293.74
2024-10-08,1.3084,1.3113,1.30639,1.30929,1.30845,1.31139,1.30647,1.30935,6e-05,125084.04
2024-10-09,1.30928,1.31028,1.30551,1.30661,1.30934,1.31036,1.3056,1.30669,8e-05,112261.52
2024-10-10,1.30661,1.30937,1.302,1.3061,1.30669,1.30944,1.30224,1.3062,0.0001,134175.33
2024-10-11,1.30611,1.30828,1.30414,1.30682,1.30621,1.30837,1.30423,1.30742,0.0006,76816.6
2024-10-14,1.30479,1.30717,1.30299,1.30668,1.30489,1.30723,1.30306,1.30676,8e-05,89168.57
2024-10-15,1.30669,1.31024,1.30351,1.30644,1.30676,1.31032,1.30357,1.30651,7e-05,108809.4
2024-10-16,1.30642,1.3077,1.29766,1.29908,1.30652,1.3078,1.29774,1.29915,7e-05,104918.94
2024-10-17,1.29907,1.30228,1.29736,1.30143,1.29915,1.30239,1.29741,1.30151,8e-05,125580.96
2024-10-18,1.30141,1.30706,1.30106,1.30467,1.30147,1.30717,1.30114,1.30577,0.0011,102317.9
2024-10-21,1.30516,1.30529,1.29768,1.29822,1.30526,1.30537,1.29774,1.2983,8e-05,98907.95
2024-10-22,1.29822,1.30149,1.29443,1.29804,1.29831,1.30153,1.29449,1.29813,9e-05,104024.3
2024-10-23,1.29803,1.29945,1.2907,1.29153,1.29813,1.29954,1.29076,1.29161,8e-05,128559.01
2024-10-24,1.29154,1.29876,1.29112,1.29716,1.29162,1.29882,1.29121,1.2972,4e-05,124314.73
2024-10-25,1.29717,1.29981,1.29554,1.29585,1.29724,1.29989,1.29564,1.29658,0.00073,110991.24
2024-10-28,1.2957,1.30011,1.29392,1.29741,1.2958,1.30019,1.29401,1.29751,0.0001,101394.31
2024-10-29,1.29741,1.30165,1.29577,1.30108,1.29752,1.30179,1.29585,1.30116,8e-05,113542.03
2024-10-30,1.30109,1.30432,1.29366,1.29577,1.30114,1.30439,1.29374,1.29585,8e-05,150026.62
2024-10-31,1.29578,1.29996,1.28434,1.28969,1.29586,1.30001,1.28439,1.28976,7e-05,148895.38
2024-11-01,1.28968,1.29801,1.28841,1.29178,1.28975,1.29808,1.28851,1.29324,0.00146,125604.11
2024-11-04,1.29521,1.29985,1.29339,1.29538,1.29531,1.29994,1.29348,1.29546,8e-05,147861.05
2024-11-05,1.2954,1.30475,1.29476,1.30419,1.29546,1.30485,1.29485,1.30437,0.00018,144426.39
2024-11-06,1.3042,1.30432,1.28337,1.28823,1.30434,1.30447,1.28349,1.2883,7e-05,516997.44
2024-11-07,1.28822,1.30089,1.28754,1.29827,1.2883,1.30096,1.28764,1.29836,9e-05,218433.56
2024-11-08,1.29829,1.29839,1.28831,1.29147,1.29835,1.29848,1.28841,1.29256,0.00109,156065.91
2024-11-11,1.29149,1.29256,1.28557,1.28733,1.2916,1.29263,1.28564,1.28741,8e-05,130223.51
2024-11-12,1.28733,1.28734,1.27188,1.27361,1.2874,1.2874,1.27196,1.27372,0.00011,182165.56
2024-11-13,1.27362,1.27691,1.26862,1.27068,1.27372,1.27705,1.2687,1.27076,8e-05,188904.86
2024-11-14,1.27068,1.272,1.26293,1.26669,1.27075,1.27206,1.26302,1.26676,7e-05,189381.77
2024-11-15,1.26669,1.26969,1.25967,1.26133,1.26677,1.26974,1.25977,1.26257,0.00124,191322.88
2024-11-18,1.2619,1.26862,1.26129,1.26783,1.26197,1.26871,1.26136,1.26792,9e-05,144272.03
2024-11-19,1.26783,1.26941,1.26128,1.2694,1.26793,1.26948,1.26138,1.26946,6e-05,148948.45
2024-11-20,1.26939,1.27142,1.26305,1.26551,1.26948,1.27154,1.26312,1.26561,0.0001,143975.3
2024-11-21,1.26551,1.26598,1.25758,1.25845,1.26562,1.26605,1.25767,1.25853,8e-05,161726.95
2024-11-22,1.25846,1.25941,1.24869,1.25215,1.25853,1.25946,1.24877,1.25348,0.00133,211070.19
2024-11-25,1.25927,1.26131,1.25293,1.25319,1.25937,1.26138,1.25304,1.25326,7e-05,179781.59
2024-11-26,1.25317,1.26161,1.25065,1.25732,1.25327,1.26171,1.25075,1.25739,7e-05,209057.16
2024-11-27,1.25736,1.26942,1.25664,1.26768,1.25744,1.2695,1.25673,1.26777,9e-05,168531.88
2024-11-28,1.26772,1.26956,1.26447,1.26952,1.26777,1.26967,1.26455,1.26962,0.0001,123769.06
2024-11-29,1.2695,1.27495,1.26715,1.27257,1.26963,1.27502,1.26724,1.27462,0.00205,183701.98
2024-12-02,1.2701,1.27223,1.26167,1.26581,1.27021,1.27233,1.26173,1.26593,0.00012,185656.77
2024-12-03,1.26581,1.26993,1.26362,1.26737,1.26592,1.27003,1.26371,1.26746,9e-05,191918.41
2024-12-04,1.26737,1.27212,1.26295,1.27004,1.26745,1.2722,1.26308,1.27013,9e-05,169388.0
2024-12-05,1.27004,1.27707,1.26923,1.27598,1.27012,1.27712,1.26934,1.27606,8e-05,150513.45
2024-12-06,1.276,1.2811,1.27206,1.27369,1.27605,1.28116,1.27218,1.27481,0.00112,144692.72
2024-12-09,1.27476,1.27986,1.27167,1.27481,1.27487,1.27993,1.27174,1.2749,9e-05,139267.86
2024-12-10,1.27482,1.27792,1.27237,1.27791,1.27491,1.27802,1.27245,1.27801,0.0001,136798.34
2024-12-11,1.27791,1.27813,1.27128,1.27649,1.278,1.27823,1.27138,1.27658,9e-05,160378.19
2024-12-12,1.27666,1.27876,1.26662,1.26764,1.27674,1.27884,1.2667,1.26776,0.00012,178499.3
2024-12-13,1.26762,1.2679,1.26079,1.26143,1.26775,1.26798,1.26086,1.26252,0.00109,120469.83
2024-12-16,1.26259,1.26986,1.26259,1.26897,1.26267,1.26992,1.26267,1.26902,5e-05,101928.03
2024-12-17,1.26896,1.27284,1.26657,1.27098,1.26902,1.27293,1.26663,1.27106,8e-05,107188.63
2024-12-18,1.27099,1.27258,1.25618,1.25667,1.27104,1.27286,1.25625,1.25677,0.0001,172981.86
2024-12-19,1.25668,1.26666,1.24947,1.24967,1.25677,1.26674,1.24957,1.24977,0.0001,188470.39
2024-12-20,1.24966,1.2614,1.24748,1.25636,1.24975,1.26146,1.24755,1.25757,0.00121,153364.81
2024-12-23,1.25701,1.25877,1.25094,1.25321,1.25708,1.25887,1.25104,1.25332,0.00011,112379.63
2024-12-24,1.25322,1.25745,1.25145,1.25184,1.25332,1.25752,1.25194,1.2553,0.00346,90210.68
2024-12-25,1.25185,1.25559,1.25184,1.25428,1.2553,1.25693,1.25408,1.25442,0.00014,6679.14
2024-12-26,1.25426,1.2548,1.25005,1.25273,1.25442,1.25491,1.25017,1.25286,0.00013,112339.04
2024-12-27,1.25273,1.25922,1.25046,1.25714,1.25287,1.25929,1.25057,1.25792,0.00078,156724.88
2024-12-30,1.25775,1.26071,1.25057,1.25477,1.25786,1.26079,1.25069,1.25489,0.00012,112885.74
2024-12-31,1.25478,1.2569,1.25052,1.25107,1.25489,1.25697,1.2506,1.25165,0.00058,107712.78
2025-01-01,1.25134,1.25194,1.25059,1.25193,1.2524,1.2524,1.2509,1.25204,0.00011,9414.28
2025-01-02,1.2519,1.25402,1.23521,1.23793,1.25204,1.25411,1.23533,1.23803,0.0001,145120.55
2025-01-03,1.23792,1.24338,1.23779,1.24168,1.23803,1.24348,1.23786,1.24297,0.00129,96631.49
2025-01-06,1.24242,1.25507,1.24172,1.25095,1.2425,1.25514,1.24182,1.25105,0.0001,167726.77
2025-01-07,1.25098,1.25756,1.24723,1.24754,1.25107,1.25762,1.24734,1.24766,0.00012,198219.39
2025-01-08,1.24756,1.24939,1.23205,1.23582,1.24765,1.24947,1.23214,1.2359,8e-05,162561.41
2025-01-09,1.23582,1.23649,1.22379,1.2298,1.23591,1.23657,1.22391,1.22993,0.00013,148077.73
2025-01-10,1.2298,1.23214,1.21912,1.22044,1.22992,1.23223,1.21923,1.22126,0.00082,182063.8
2025-01-13,1.22034,1.22498,1.20992,1.22315,1.22042,1.2251,1.21001,1.2232,5e-05,161392.27
2025-01-14,1.22315,1.22457,1.21381,1.22104,1.22318,1.22466,1.21402,1.22115,0.00011,156712.38
2025-01-15,1.22103,1.23059,1.21592,1.22419,1.2211,1.23065,1.21637,1.22431,0.00012,150123.59
2025-01-16,1.22418,1.22599,1.21743,1.22337,1.22431,1.22609,1.21754,1.22351,0.00014,156320.8
2025-01-17,1.22337,1.2244,1.21583,1.21583,1.2235,1.2245,1.21609,1.21725,0.00142,127357.74
2025-01-20,1.21748,1.23442,1.21651,1.23312,1.21754,1.23452,1.2166,1.23326,0.00014,144399.8
2025-01-21,1.23319,1.23598,1.22288,1.23377,1.23329,1.2361,1.22298,1.23392,0.00015,183678.2
2025-01-22,1.23376,1.23756,1.23065,1.23134,1.23394,1.23765,1.23077,1.23141,7e-05,141344.39
2025-01-23,1.23134,1.23751,1.2293,1.23538,1.23143,1.23761,1.22938,1.23546,8e-05,203289.05
2025-01-24,1.23537,1.25016,1.2348,1.24757,1.23546,1.25023,1.23493,1.24899,0.00142,195446.42
2025-01-27,1.24574,1.25229,1.24255,1.24506,1.24587,1.25237,1.24266,1.24515,9e-05,223796.53
2025-01-28,1.24506,1.2465,1.24141,1.24406,1.24516,1.24658,1.2415,1.24414,8e-05,177087.33
2025-01-29,1.24406,1.24631,1.23929,1.24542,1.24415,1.24639,1.23937,1.24557,0.00015,195186.7
2025-01-30,1.24541,1.24765,1.24074,1.24216,1.24556,1.24773,1.24083,1.24228,0.00012,177082.86
2025-01-31,1.24218,1.24715,1.23856,1.23919,1.24227,1.24721,1.23866,1.23983,0.00064,206363.91
2025-02-03,1.22896,1.24547,1.22488,1.24333,1.22906,1.24559,1.22499,1.2434,7e-05,278294.69
2025-02-04,1.24331,1.24929,1.23785,1.24748,1.24339,1.24937,1.23799,1.2476,0.00012,172352.88
2025-02-05,1.2475,1.25496,1.2463,1.25008,1.24761,1.25504,1.24639,1.25018,0.0001,151750.48
2025-02-06,1.25007,1.2509,1.23598,1.24339,1.25018,1.25103,1.23615,1.24346,7e-05,143774.62
2025-02-07,1.24338,1.24932,1.23758,1.23965,1.24346,1.24951,1.23769,1.24062,0.00097,163458.3
2025-02-10,1.2389,1.24219,1.23539,1.23595,1.239,1.24229,1.2355,1.23605,0.0001,127849.0
2025-02-11,1.23596,1.24544,1.23321,1.2451,1.23603,1.24553,1.2333,1.24519,9e-05,111617.76
2025-02-12,1.2451,1.24831,1.23734,1.24502,1.24521,1.24841,1.23783,1.24511,9e-05,145043.66
2025-02-13,1.24507,1.25692,1.2442,1.25644,1.24513,1.25729,1.2443,1.25653,9e-05,177455.7
2025-02-14,1.25648,1.26299,1.25493,1.25832,1.25653,1.26307,1.25503,1.2591,0.00078,101796.9
2025-02-17,1.25839,1.26346,1.25789,1.26204,1.25846,1.26354,1.25796,1.26214,0.0001,33973.65
2025-02-18,1.26207,1.26398,1.25817,1.26243,1.26215,1.26424,1.25828,1.26249,6e-05,52138.18
2025-02-19,1.26242,1.26359,1.25631,1.2583,1.26249,1.26412,1.25638,1.25836,6e-05,90447.59
2025-02-20,1.25829,1.26738,1.258,1.26687,1.25836,1.26747,1.25808,1.26699,0.00012,121259.74
2025-02-21,1.26691,1.26784,1.26246,1.26274,1.26697,1.26794,1.26255,1.26409,0.00135,120667.24
2025-02-24,1.26483,1.26902,1.26117,1.26165,1.26492,1.26911,1.26124,1.26177,0.00012,137977.69
2025-02-25,1.26166,1.26776,1.26054,1.26714,1.26177,1.26783,1.26065,1.26722,8e-05,132105.22
2025-02-26,1.26712,1.27153,1.2635,1.26803,1.26723,1.27164,1.26356,1.26811,8e-05,147963.09
2025-02-27,1.26801,1.26885,1.25955,1.25959,1.26808,1.26908,1.25965,1.2597,0.00011,161005.52
2025-02-28,1.25961,1.26214,1.25589,1.25744,1.25972,1.26222,1.25598,1.25836,0.00092,122800.35
2025-03-03,1.26021,1.27235,1.25819,1.27011,1.2603,1.27249,1.25828,1.27024,0.00013,151970.06
2025-03-04,1.27012,1.27993,1.26783,1.2795,1.27024,1.28003,1.26792,1.2796,0.0001,173973.98
2025-03-05,1.2795,1.29004,1.27671,1.28895,1.27961,1.29014,1.27682,1.289,5e-05,195523.3
2025-03-06,1.28893,1.29234,1.28655,1.28828,1.28901,1.29245,1.28665,1.28838,0.0001,161481.45
2025-03-07,1.28825,1.29443,1.28757,1.29167,1.28837,1.29453,1.28767,1.29296,0.00129,125889.92
2025-03-10,1.29317,1.29462,1.28612,1.2875,1.29322,1.29472,1.28617,1.28755,5e-05,124083.54
2025-03-11,1.28749,1.29657,1.2873,1.29433,1.28757,1.29663,1.28739,1.29444,0.00011,164262.58
2025-03-12,1.29435,1.29887,1.29132,1.2964,1.29443,1.2997,1.29139,1.29646,6e-05,137424.66
2025-03-13,1.29639,1.29732,1.29205,1.29562,1.29646,1.29739,1.29213,1.29575,0.00013,96635.65
2025-03-14,1.29564,1.29586,1.29106,1.29274,1.29574,1.29598,1.29113,1.29416,0.00142,125446.79
2025-03-17,1.29267,1.29984,1.29267,1.29832,1.29274,1.29994,1.29273,1.29843,0.00011,73807.82
2025-03-18,1.29832,1.30096,1.29512,1.3,1.29842,1.30105,1.2952,1.30008,8e-05,134848.2
2025-03-19,1.3,1.30113,1.29548,1.301,1.30004,1.30127,1.29556,1.30107,7e-05,94331.06
2025-03-20,1.30099,1.30144,1.29357,1.29648,1.30107,1.30151,1.29365,1.29653,5e-05,90430.98
2025-03-21,1.29648,1.29701,1.28873,1.29117,1.29655,1.2971,1.28881,1.29227,0.0011,76696.91
2025-03-24,1.29248,1.2974,1.28953,1.29224,1.29257,1.29744,1.28961,1.29238,0.00014,91414.55
2025-03-25,1.29225,1.29666,1.29017,1.29448,1.29236,1.29672,1.29025,1.29455,7e-05,71126.39
2025-03-26,1.29445,1.29459,1.28704,1.28768,1.29454,1.29466,1.28719,1.28778,0.0001,92421.47
2025-03-27,1.28766,1.29919,1.28761,1.29508,1.28774,1.29927,1.28769,1.29518,0.0001,93608.49
2025-03-28,1.29508,1.2968,1.29213,1.29378,1.29515,1.29689,1.29228,1.29469,0.00091,76610.88
2025-03-31,1.2937,1.29725,1.2886,1.2919,1.2938,1.29732,1.28868,1.29197,7e-05,119022.63
2025-04-01,1.29192,1.29404,1.2879,1.29212,1.29198,1.29412,1.28797,1.2922,8e-05,115701.09
2025-04-02,1.29213,1.3052,1.29002,1.30453,1.29223,1.30531,1.29008,1.30463,0.0001,131923.47
2025-04-03,1.30453,1.32073,1.30255,1.30889,1.30461,1.32085,1.30265,1.30897,8e-05,201564.0
2025-04-04,1.30888,1.31132,1.28527,1.28915,1.30896,1.31144,1.28536,1.28985,0.0007,270746.69
2025-04-07,1.29083,1.29337,1.27079,1.27326,1.291,1.29346,1.27091,1.27334,8e-05,286101.62
2025-04-08,1.27327,1.28143,1.27241,1.27862,1.27337,1.28151,1.27249,1.27874,0.00012,204356.3
2025-04-09,1.27863,1.28638,1.27427,1.28248,1.27872,1.28647,1.27441,1.28254,6e-05,301144.09
2025-04-10,1.28247,1.29975,1.28217,1.29913,1.28251,1.29982,1.28227,1.29927,0.00014,233887.86
2025-04-11,1.29911,1.31448,1.29847,1.3085,1.29927,1.31456,1.29855,1.30909,0.00059,307061.19
2025-04-14,1.30836,1.32008,1.30833,1.31719,1.3085,1.32015,1.30844,1.31729,0.0001,172982.11
2025-04-15,1.3172,1.32518,1.31638,1.32302,1.3173,1.32524,1.31649,1.32316,0.00014,111968.06
2025-04-16,1.32304,1.32917,1.32117,1.32323,1.32315,1.32927,1.32125,1.32333,0.0001,143513.45
2025-04-17,1.32325,1.3273,1.32021,1.32675,1.32333,1.32752,1.32034,1.32697,0.00022,107279.86
2025-04-18,1.32674,1.32983,1.32567,1.32892,1.327,1.33024,1.32601,1.33024,0.00132,526018.69
2025-04-21,1.33141,1.34216,1.33141,1.33793,1.33154,1.34228,1.33152,1.33801,8e-05,105282.51
2025-04-22,1.33795,1.34235,1.32331,1.32719,1.33803,1.34244,1.32346,1.32734,0.00015,151560.12
2025-04-23,1.32716,1.33387,1.3244,1.32646,1.32732,1.33397,1.32505,1.32654,8e-05,144022.41
2025-04-24,1.32646,1.33486,1.32585,1.33271,1.32653,1.33496,1.32592,1.3328,9e-05,88954.64
2025-04-25,1.33269,1.33321,1.32735,1.33065,1.33281,1.33328,1.32748,1.33156,0.00091,80496.64
2025-04-28,1.32897,1.34438,1.32797,1.34346,1.32904,1.34466,1.32809,1.34354,8e-05,78784.61
2025-04-29,1.34346,1.34421,1.33801,1.34118,1.34356,1.3443,1.33807,1.34125,7e-05,83576.56
2025-04-30,1.34119,1.34141,1.33089,1.33207,1.34127,1.34152,1.33095,1.33214,7e-05,97653.61
2025-05-01,1.33206,1.33452,1.32601,1.32855,1.33213,1.33459,1.32607,1.32862,7e-05,81687.04
2025-05-02,1.32857,1.33305,1.32596,1.32596,1.32862,1.33315,1.32641,1.32727,0.00131,103693.71
2025-05-05,1.32693,1.33362,1.32612,1.32903,1.32705,1.3337,1.32623,1.32914,0.00011,84321.16
2025-05-06,1.32903,1.34024,1.32599,1.33514,1.32913,1.34033,1.32609,1.33528,0.00014,98325.5
2025-05-07,1.33516,1.3377,1.32797,1.32899,1.33527,1.33776,1.32804,1.32906,7e-05,111227.9
2025-05-08,1.32903,1.33559,1.32327,1.32389,1.32905,1.3357,1.32336,1.32399,0.0001,110123.01
2025-05-09,1.3239,1.33223,1.32117,1.32964,1.32399,1.33231,1.32125,1.33096,0.00132,74207.07
2025-05-12,1.32845,1.3299,1.31394,1.31774,1.32858,1.32998,1.31403,1.31782,8e-05,119770.62
2025-05-13,1.31774,1.33159,1.31729,1.33033,1.31784,1.33168,1.3174,1.33044,0.00011,93117.36
2025-05-14,1.33033,1.336,1.3253,1.32631,1.33042,1.33609,1.32537,1.32641,0.0001,100680.34
2025-05-15,1.32631,1.33194,1.3259,1.33028,1.3264,1.33199,1.326,1.33037,9e-05,96585.92
2025-05-16,1.33027,1.33323,1.32503,1.32756,1.33032,1.3333,1.32512,1.32894,0.00138,86535.55
2025-05-19,1.33049,1.34035,1.32898,1.33585,1.33059,1.34044,1.32911,1.33595,0.0001,88947.68
2025-05-20,1.33586,1.33977,1.33345,1.33967,1.33595,1.33984,1.33353,1.33975,8e-05,87335.39
2025-05-21,1.3397,1.34687,1.33883,1.34201,1.33976,1.34692,1.33891,1.34211,0.0001,105225.34
2025-05-22,1.34204,1.34405,1.33905,1.34192,1.34211,1.34413,1.33912,1.34202,0.0001,108869.94
2025-05-23,1.34193,1.35419,1.34181,1.35344,1.34203,1.35457,1.34191,1.3544,0.00096,98973.0
2025-05-26,1.35374,1.35929,1.35357,1.35649,1.35389,1.35937,1.35368,1.35658,9e-05,72344.12
2025-05-27,1.35648,1.35865,1.34999,1.35134,1.3566,1.35873,1.35008,1.35145,0.00011,94804.38
2025-05-28,1.35137,1.35218,1.34148,1.34282,1.35147,1.35228,1.34158,1.34292,0.0001,96215.51
2025-05-29,1.34281,1.35071,1.34184,1.34987,1.3429,1.35077,1.34194,1.34999,0.00012,112280.88
2025-05-30,1.34984,1.35104,1.34478,1.34532,1.34998,1.35112,1.34486,1.34653,0.00121,110090.13
2025-06-02,1.34678,1.35595,1.34672,1.35567,1.34692,1.35601,1.34684,1.35576,9e-05,95929.24
2025-06-03,1.35564,1.35571,1.34914,1.353,1.35577,1.35583,1.34922,1.35313,0.00013,86744.09
2025-06-04,1.35299,1.35797,1.35008,1.35502,1.35313,1.35805,1.35016,1.35515,0.00013,85084.45
2025-06-05,1.35502,1.36161,1.35404,1.35786,1.35513,1.3617,1.35411,1.35797,0.00011,100375.92
2025-06-06,1.35786,1.35844,1.35072,1.35194,1.35796,1.35854,1.35079,1.3531,0.00116,91193.92
2025-06-09,1.35369,1.3581,1.35242,1.35542,1.35376,1.35819,1.35249,1.35548,6e-05,80141.51
2025-06-10,1.35541,1.35639,1.3456,1.35071,1.35547,1.35644,1.34565,1.35079,8e-05,73691.41
2025-06-11,1.35073,1.35724,1.34639,1.35673,1.35081,1.35736,1.34647,1.35683,0.0001,75747.83
2025-06-12,1.35672,1.36302,1.35226,1.36282,1.3568,1.36312,1.35231,1.36289,7e-05,92217.19
2025-06-13,1.3628,1.3632,1.35163,1.35671,1.36288,1.36331,1.35167,1.35746,0.00075,112538.22
2025-06-16,1.35487,1.3622,1.35342,1.35681,1.35494,1.36225,1.35352,1.35691,0.0001,83959.18
2025-06-17,1.35682,1.35792,1.34094,1.34284,1.35691,1.35799,1.34157,1.34297,0.00013,93463.3
2025-06-18,1.34285,1.34763,1.34004,1.34138,1.34297,1.34772,1.34007,1.34144,6e-05,106529.66
2025-06-19,1.34137,1.34797,1.33824,1.3476,1.34144,1.34804,1.3383,1.3477,0.0001,73660.38
2025-06-20,1.34761,1.3511,1.34405,1.3442,1.3477,1.35116,1.34417,1.34546,0.00126,72402.23
2025-06-23,1.34349,1.35546,1.33701,1.35451,1.34356,1.35559,1.33709,1.3546,9e-05,108886.78
2025-06-24,1.35451,1.3648,1.3535,1.36147,1.35461,1.3649,1.35362,1.36155,8e-05,85500.71
2025-06-25,1.36146,1.36915,1.35903,1.36891,1.36154,1.36923,1.35911,1.36902,0.00011,63959.26
2025-06-26,1.36895,1.37703,1.36766,1.3725,1.36903,1.3771,1.36775,1.37257,7e-05,101534.6
2025-06-27,1.37254,1.37522,1.36827,1.37136,1.37259,1.37528,1.36835,1.37227,0.00091,100867.75
2025-06-30,1.37182,1.37405,1.3674,1.37303,1.37193,1.3741,1.36746,1.37316,0.00013,101674.76
2025-07-01,1.37305,1.37885,1.3703,1.37454,1.37315,1.37892,1.37041,1.37463,9e-05,85554.24
2025-07-02,1.37453,1.37523,1.35622,1.3649,1.37462,1.37532,1.35631,1.36497,7e-05,80485.22
2025-07-03,1.36488,1.36757,1.35853,1.36654,1.36495,1.36764,1.35861,1.36663,9e-05,82937.26
2025-07-04,1.36654,1.36811,1.36345,1.36382,1.36662,1.36817,1.36355,1.36563,0.00181,101696.57
2025-07-07,1.36508,1.36574,1.35749,1.36235,1.36516,1.36584,1.35758,1.36244,9e-05,93946.98
2025-07-08,1.36234,1.36462,1.35256,1.35843,1.36246,1.36469,1.3526,1.35855,0.00012,124567.79
2025-07-09,1.35844,1.36193,1.35639,1.35978,1.35855,1.36201,1.35647,1.35987,9e-05,74197.87
2025-07-10,1.35977,1.36192,1.35329,1.35799,1.35989,1.362,1.35335,1.35806,7e-05,72149.6
2025-07-11,1.35799,1.35815,1.34807,1.34848,1.35807,1.3582,1.34816,1.34952,0.00104,86944.24
2025-07-14,1.34952,1.35041,1.34208,1.34278,1.34958,1.35048,1.3422,1.34283,5e-05,74563.49
2025-07-15,1.34273,1.34672,1.3377,1.33929,1.34286,1.34681,1.33792,1.33934,5e-05,90979.02
2025-07-16,1.3393,1.34856,1.33646,1.34099,1.33935,1.3487,1.33656,1.34106,7e-05,110953.55
2025-07-17,1.34098,1.34344,1.33739,1.3431,1.34105,1.3435,1.33747,1.34316,6e-05,73330.73
2025-07-18,1.34312,1.34751,1.34056,1.34061,1.34318,1.34756,1.34063,1.34136,0.00075,61181.14
2025-07-21,1.34148,1.35105,1.34019,1.34889,1.34156,1.35111,1.34028,1.34901,0.00012,68202.87
2025-07-22,1.34892,1.35345,1.34615,1.35211,1.349,1.35407,1.34622,1.35216,5e-05,64485.12
2025-07-23,1.35209,1.35869,1.35151,1.35786,1.35216,1.35877,1.35156,1.35792,6e-05,75916.02
2025-07-24,1.35786,1.35883,1.35023,1.35083,1.35791,1.35893,1.35034,1.35088,5e-05,109331.99
2025-07-25,1.35082,1.35119,1.34158,1.34337,1.35088,1.35131,1.34166,1.34406,0.00069,81134.55
2025-07-28,1.34376,1.34522,1.33505,1.33592,1.34383,1.34535,1.33515,1.33599,7e-05,94790.83
2025-07-29,1.33592,1.33637,1.33073,1.3353,1.33601,1.33662,1.33081,1.33542,0.00012,82504.12
2025-07-30,1.33536,1.33854,1.32257,1.32556,1.33543,1.33861,1.32283,1.32562,6e-05,119010.94
2025-07-31,1.32556,1.32819,1.31853,1.32076,1.32561,1.32823,1.31861,1.32082,6e-05,91813.23
2025-08-01,1.32076,1.33103,1.3141,1.32784,1.32081,1.33111,1.31418,1.32809,0.00025,129011.02
2025-08-04,1.32908,1.33307,1.32533,1.32972,1.32913,1.33313,1.32545,1.32983,0.00011,86001.39
2025-08-05,1.32972,1.33157,1.32593,1.3298,1.32984,1.33163,1.326,1.32986,6e-05,92649.3
2025-08-06,1.32979,1.3368,1.32814,1.33571,1.32985,1.33688,1.32818,1.3358,9e-05,70102.04
2025-08-07,1.33571,1.34522,1.33456,1.34509,1.33579,1.3453,1.33461,1.34515,6e-05,82021.0
2025-08-08,1.34514,1.34587,1.34177,1.34447,1.34518,1.34592,1.34183,1.34563,0.00116,57680.44
2025-08-11,1.3443,1.34764,1.3399,1.34334,1.34436,1.34773,1.33993,1.3434,6e-05,58392.24
2025-08-12,1.34332,1.35236,1.342,1.3504,1.3434,1.35241,1.34208,1.35048,8e-05,90182.49
2025-08-13,1.3504,1.35851,1.34923,1.35849,1.35046,1.35858,1.34933,1.35856,7e-05,56708.76
2025-08-14,1.35848,1.35945,1.35205,1.35296,1.35859,1.35954,1.35212,1.35306,0.0001,79140.15
2025-08-15,1.35295,1.35747,1.35266,1.3553,1.35305,1.35755,1.35275,1.35557,0.00027,55878.13
2025-08-18,1.35557,1.35646,1.34982,1.35076,1.35566,1.35658,1.3502,1.35081,5e-05,57847.32
2025-08-19,1.35077,1.3531,1.34772,1.34847,1.35081,1.35318,1.34782,1.34853,6e-05,62686.28
2025-08-20,1.34846,1.35093,1.34474,1.34659,1.34852,1.35097,1.34479,1.34665,6e-05,77195.8
2025-08-21,1.34658,1.34824,1.34055,1.34176,1.3466,1.34829,1.34059,1.34184,8e-05,69227.97
2025-08-22,1.34176,1.3544,1.33905,1.35201,1.3418,1.35446,1.33909,1.35335,0.00134,85410.72
2025-08-25,1.3508,1.3527,1.3446,1.34542,1.3509,1.3528,1.34465,1.34549,7e-05,66762.47
2025-08-26,1.34541,1.3493,1.34345,1.34766,1.34552,1.34952,1.3435,1.34772,6e-05,100813.66
2025-08-27,1.34767,1.35057,1.34165,1.35035,1.34773,1.35066,1.34171,1.35043,8e-05,83151.7
2025-08-28,1.35036,1.35305,1.34829,1.3508,1.3504,1.3531,1.34833,1.35086,6e-05,82260.46
2025-08-29,1.3508,1.3517,1.34461,1.34977,1.35088,1.35174,1.34467,1.35118,0.00141,90064.97
2025-09-01,1.35032,1.35496,1.35021,1.35461,1.35038,1.35514,1.35028,1.35469,8e-05,55906.92
2025-09-02,1.3546,1.35479,1.334,1.33818,1.35468,1.35486,1.33404,1.33819,1e-05,108282.3
2025-09-03,1.33814,1.34581,1.33331,1.34405,1.33819,1.3459,1.33337,1.34411,6e-05,86631.7
2025-09-04,1.34407,1.3459,1.34162,1.34435,1.34413,1.34598,1.34169,1.34443,8e-05,77227.28
2025-09-05,1.34437,1.35543,1.34415,1.35038,1.34442,1.35551,1.34424,1.35144,0.00106,94418.94
2025-09-08,1.34922,1.35577,1.34831,1.35525,1.34932,1.35582,1.3484,1.35531,6e-05,83051.69
2025-09-09,1.35526,1.35902,1.35151,1.35202,1.35532,1.35908,1.35185,1.35214,0.00012,79410.45
2025-09-10,1.35203,1.35638,1.35126,1.35328,1.35214,1.35664,1.35136,1.35336,8e-05,81794.12
2025-09-11,1.35327,1.35827,1.34919,1.35737,1.35335,1.35832,1.34936,1.35746,9e-05,89789.95
2025-09-12,1.35736,1.35754,1.35237,1.35567,1.35743,1.35761,1.35244,1.35598,0.00031,78945.3
2025-09-15,1.35529,1.36196,1.35485,1.36008,1.35533,1.36204,1.35492,1.36014,6e-05,59442.25
2025-09-16,1.36007,1.36717,1.35977,1.36524,1.36017,1.36721,1.35985,1.3653,6e-05,80213.54
2025-09-17,1.36527,1.37261,1.36155,1.3629,1.36534,1.37268,1.36199,1.36297,7e-05,88769.2
2025-09-18,1.36293,1.36605,1.35336,1.35546,1.36301,1.36618,1.35343,1.35553,7e-05,145965.02
2025-09-19,1.35546,1.35594,1.34626,1.34666,1.35555,1.35601,1.34636,1.34756,0.0009,112330.48
2025-09-22,1.34623,1.35203,1.34528,1.35138,1.34632,1.35207,1.34535,1.35144,6e-05,79437.16
2025-09-23,1.35138,1.35362,1.34868,1.35239,1.35145,1.35369,1.34876,1.35246,7e-05,93270.31
2025-09-24,1.3524,1.35257,1.34263,1.34491,1.35249,1.35266,1.34268,1.34499,8e-05,90082.3
2025-09-25,1.34493,1.34669,1.33235,1.3335,1.34498,1.34674,1.3324,1.33356,6e-05,96568.53
2025-09-26,1.33349,1.34127,1.33293,1.3399,1.33356,1.34132,1.33302,1.34114,0.00124,72955.39
2025-09-29,1.34068,1.34565,1.34062,1.34347,1.3408,1.34571,1.34071,1.34353,6e-05,65676.66
2025-09-30,1.34346,1.34669,1.34131,1.34424,1.34352,1.34675,1.34139,1.34429,5e-05,82257.05
2025-10-01,1.34423,1.35273,1.34346,1.34782,1.34428,1.35277,1.34352,1.34787,5e-05,100036.61
2025-10-02,1.3478,1.35101,1.34007,1.34461,1.34787,1.35108,1.34012,1.34468,7e-05,80067.25
2025-10-03,1.3446,1.3487,1.34288,1.34744,1.34468,1.34876,1.34292,1.34872,0.00128,61173.24
2025-10-06,1.34319,1.34898,1.34162,1.34838,1.34325,1.34906,1.34168,1.34845,7e-05,111910.21
2025-10-07,1.34842,1.34842,1.33921,1.34199,1.34849,1.3485,1.33924,1.34207,8e-05,90212.8
2025-10-08,1.34203,1.34383,1.33707,1.34,1.34208,1.34389,1.33714,1.34005,5e-05,78532.26
2025-10-09,1.33999,1.34186,1.32795,1.33027,1.34004,1.34198,1.32801,1.33032,5e-05,91313.16
2025-10-10,1.33024,1.33708,1.32612,1.33533,1.33029,1.33712,1.32617,1.33667,0.00134,109387.62
2025-10-13,1.33353,1.33661,1.33148,1.33318,1.33357,1.33666,1.33154,1.33326,8e-05,74180.32
2025-10-14,1.33317,1.3352,1.32484,1.33217,1.33328,1.33531,1.3249,1.33222,5e-05,117878.7
2025-10-15,1.33215,1.34077,1.33199,1.34028,1.33221,1.34087,1.33204,1.34038,0.0001,100282.88
2025-10-16,1.34028,1.34544,1.33995,1.34436,1.34037,1.34548,1.34002,1.34441,5e-05,112912.04
2025-10-17,1.34439,1.34714,1.33907,1.34189,1.34444,1.34718,1.33911,1.34331,0.00142,123000.81
2025-10-20,1.34247,1.34427,1.33997,1.34038,1.34255,1.34436,1.34003,1.34049,0.00011,87720.37
2025-10-21,1.34038,1.34159,1.33607,1.33648,1.34048,1.34165,1.33614,1.33656,8e-05,119164.11
2025-10-22,1.3365,1.33866,1.33054,1.33503,1.33658,1.33877,1.3306,1.3351,7e-05,100946.42
2025-10-23,1.33502,1.33569,1.33075,1.33265,1.33508,1.33576,1.33084,1.33271,6e-05,81828.44
2025-10-24,1.33266,1.33716,1.3287,1.33043,1.33271,1.33717,1.32876,1.33171,0.00128,102847.84
2025-10-27,1.33213,1.33528,1.33103,1.33401,1.33218,1.33535,1.33107,1.33409,8e-05,89674.23
2025-10-28,1.33403,1.33694,1.32472,1.32781,1.33408,1.337,1.32477,1.32791,0.0001,95004.29
2025-10-29,1.3278,1.32804,1.31398,1.31945,1.32789,1.32809,1.31407,1.3195,5e-05,136217.02
2025-10-30,1.31944,1.32185,1.31161,1.31583,1.31949,1.32189,1.3117,1.3159,7e-05,107170.82
2025-10-31,1.31585,1.31646,1.30965,1.31474,1.3159,1.31651,1.30975,1.31559,0.00085,85630.62
2025-11-03,1.31333,1.31621,1.3108,1.31342,1.31344,1.31625,1.31084,1.31349,7e-05,86686.71
2025-11-04,1.31342,1.3139,1.30098,1.3021,1.3135,1.31397,1.30104,1.30216,6e-05,114440.73
2025-11-05,1.30209,1.30539,1.301,1.30518,1.30215,1.3055,1.30106,1.30523,5e-05,80756.89
2025-11-06,1.30516,1.31423,1.30503,1.31394,1.30524,1.3143,1.30509,1.31405,0.00011,89501.17
2025-11-07,1.31399,1.31748,1.30945,1.31571,1.31405,1.31752,1.30951,1.31652,0.00081,89068.08
2025-11-10,1.31409,1.31909,1.31364,1.31718,1.31416,1.31915,1.31369,1.31723,5e-05,78601.94
2025-11-11,1.31716,1.31843,1.3116,1.31519,1.31724,1.31849,1.31168,1.31528,9e-05,67338.65
2025-11-12,1.31519,1.31551,1.30843,1.31274,1.31527,1.31556,1.30847,1.31284,0.0001,72014.91
2025-11-13,1.31275,1.32157,1.31003,1.31525,1.31281,1.32166,1.31012,1.31532,7e-05,91582.11
2025-11-14,1.31525,1.32005,1.31078,1.31673,1.31533,1.32011,1.31085,1.31753,0.0008,89168.22
2025-11-17,1.31585,1.31929,1.31358,1.31551,1.31595,1.31934,1.31362,1.31557,6e-05,70904.15
2025-11-18,1.31549,1.31767,1.31337,1.31468,1.31555,1.31773,1.31342,1.31476,8e-05,85207.47
2025-11-19,1.31468,1.31549,1.30432,1.30596,1.31475,1.31558,1.30437,1.30604,8e-05,79427.5
2025-11-20,1.30597,1.31235,1.30377,1.30828,1.30604,1.31239,1.30382,1.30835,7e-05,89431.25
2025-11-21,1.30827,1.31093,1.30385,1.30931,1.30837,1.31098,1.30391,1.31054,0.00123,110759.64
2025-11-24,1.30958,1.31179,1.30802,1.31054,1.30963,1.31182,1.30808,1.31062,8e-05,81516.99
2025-11-25,1.31054,1.3214,1.30954,1.31578,1.31061,1.32143,1.30959,1.31584,6e-05,97744.0
2025-11-26,1.31578,1.32487,1.31239,1.32443,1.31585,1.32491,1.31248,1.32454,0.00011,111885.87
2025-11-27,1.32443,1.32684,1.32099,1.32401,1.32453,1.32692,1.32104,1.32406,5e-05,58149.81
2025-11-28,1.32399,1.32545,1.32007,1.32279,1.32406,1.32551,1.3201,1.32366,0.00087,244663.22
2025-12-01,1.32393,1.32757,1.32054,1.32087,1.32398,1.32759,1.32059,1.32093,6e-05,105537.94
2025-12-02,1.32088,1.32215,1.31794,1.32196,1.32094,1.3222,1.318,1.32202,6e-05,83744.97
2025-12-03,1.32197,1.33538,1.32172,1.33474,1.32203,1.33548,1.32179,1.3348,6e-05,79818.76
2025-12-04,1.33473,1.33852,1.33202,1.33218,1.3348,1.33858,1.33209,1.33224,6e-05,74564.01
2025-12-05,1.33219,1.33623,1.33158,1.33225,1.33225,1.33629,1.33165,1.33363,0.00138,63254.43
2025-12-08,1.33259,1.3346,1.33054,1.33267,1.33263,1.33472,1.33059,1.33273,6e-05,66871.72
2025-12-09,1.33266,1.33559,1.3287,1.33026,1.33273,1.33566,1.32878,1.33032,6e-05,74938.27
2025-12-10,1.33026,1.33911,1.32959,1.33881,1.33033,1.33921,1.32964,1.33889,8e-05,97348.35
2025-12-11,1.33883,1.3438,1.33544,1.33931,1.33891,1.34384,1.33551,1.33936,5e-05,86366.45
2025-12-12,1.33929,1.33995,1.33421,1.33648,1.33941,1.34004,1.33425,1.33762,0.00114,84344.35
2025-12-15,1.33673,1.34015,1.33546,1.33786,1.3368,1.34018,1.33552,1.33793,7e-05,71652.81
2025-12-16,1.33787,1.3456,1.33554,1.34252,1.33793,1.34562,1.33559,1.34258,6e-05,123718.6
2025-12-17,1.34251,1.34267,1.33114,1.33733,1.34258,1.34275,1.3312,1.3374,7e-05,96653.13
2025-12-18,1.33734,1.34463,1.33408,1.3383,1.3374,1.34468,1.33412,1.33837,7e-05,104240.64
2025-12-19,1.33832,1.33938,1.33568,1.33748,1.33836,1.33946,1.33575,1.33806,0.00058,81468.84
2025-12-22,1.33781,1.34772,1.33774,1.34676,1.338,1.34778,1.33796,1.34684,8e-05,85179.81
2025-12-23,1.3468,1.35234,1.34678,1.35127,1.34685,1.35248,1.34684,1.35135,8e-05,75588.69
2025-12-24,1.35127,1.3534,1.34868,1.34913,1.35136,1.35344,1.34914,1.35188,0.00275,83605.76
2025-12-25,1.34904,1.35273,1.34896,1.35076,1.35254,1.3533,1.34962,1.35085,9e-05,8504.84
2025-12-26,1.35074,1.3527,1.34771,1.34896,1.35084,1.35275,1.34775,1.35026,0.0013,85504.15
2025-12-29,1.34969,1.35155,1.3469,1.35085,1.34975,1.35186,1.34695,1.35091,6e-05,94054.68
2025-12-30,1.35083,1.35306,1.34495,1.34661,1.35091,1.35311,1.34501,1.34667,6e-05,60803.1
2025-12-31,1.34663,1.34833,1.34016,1.34724,1.34667,1.34842,1.3402,1.34751,0.00027,72359.65
2026-01-01,1.34724,1.34762,1.34609,1.34735,1.34751,1.34802,1.34667,1.34743,8e-05,2340.88
2026-01-02,1.34737,1.35019,1.34339,1.34497,1.34743,1.35022,1.34345,1.34646,0.00149,73605.14
2026-01-05,1.34375,1.35479,1.34139,1.35321,1.34381,1.35487,1.34143,1.35326,5e-05,91198.56
2026-01-06,1.35324,1.35674,1.34914,1.34993,1.35328,1.3568,1.34922,1.34999,6e-05,68202.7
2026-01-07,1.34995,1.35165,1.34551,1.34581,1.35001,1.35175,1.34569,1.34592,0.00011,86716.4
2026-01-08,1.34581,1.34651,1.34155,1.34355,1.34591,1.34658,1.34162,1.34362,7e-05,60073.17
2026-01-09,1.34355,1.34506,1.33922,1.34003,1.3436,1.34514,1.33929,1.34057,0.00054,81248.73
2026-01-12,1.33936,1.34858,1.33906,1.34656,1.33941,1.34862,1.33912,1.34665,9e-05,73704.0
2026-01-13,1.34655,1.34943,1.34178,1.34254,1.34665,1.34948,1.34218,1.3426,6e-05,66626.6
2026-01-14,1.34255,1.34637,1.34192,1.34397,1.34261,1.34644,1.34203,1.34403,6e-05,73472.63
2026-01-15,1.34394,1.34448,1.33624,1.33807,1.34407,1.34456,1.33632,1.33813,6e-05,75794.53
2026-01-16,1.33815,1.34128,1.3366,1.3376,1.33818,1.34135,1.33664,1.33811,0.00051,76648.9
2026-01-19,1.34017,1.34347,1.33811,1.34188,1.34023,1.34355,1.33816,1.34194,6e-05,75814.62
2026-01-20,1.3419,1.34911,1.34101,1.34401,1.34195,1.34917,1.34106,1.34409,8e-05,127136.48
2026-01-21,1.34401,1.3459,1.34011,1.34178,1.34407,1.34596,1.34017,1.34184,6e-05,114636.01
2026-01-22,1.34178,1.35083,1.34011,1.34992,1.34183,1.35089,1.34018,1.34999,7e-05,89057.95
2026-01-23,1.34992,1.36451,1.34822,1.36348,1.34998,1.36494,1.34827,1.36354,6e-05,107495.57
2026-01-26,1.36645,1.37131,1.36428,1.36746,1.3665,1.37137,1.36434,1.36753,7e-05,112060.18
2026-01-27,1.36746,1.3869,1.36637,1.38265,1.36754,1.38695,1.3664,1.38271,6e-05,138078.56
2026-01-28,1.38265,1.3831,1.37496,1.38267,1.3827,1.38317,1.37501,1.38275,8e-05,159918.57
2026-01-29,1.38266,1.38477,1.3742,1.38078,1.38269,1.38485,1.37427,1.38087,9e-05,151570.23
2026-01-30,1.38077,1.38141,1.36789,1.36797,1.38089,1.38149,1.36797,1.36897,0.001,192003.09
2026-02-02,1.36759,1.3715,1.36228,1.36725,1.36768,1.37158,1.36234,1.36735,0.0001,163080.42
2026-02-03,1.36726,1.37071,1.36503,1.36968,1.36733,1.37078,1.36509,1.36974,6e-05,106866.78
2026-02-04,1.36964,1.3733,1.36423,1.36454,1.36974,1.37338,1.36427,1.36464,0.0001,106492.66
2026-02-05,1.36455,1.36537,1.35172,1.35204,1.36464,1.36545,1.35181,1.35215,0.00011,139275.45
2026-02-06,1.35207,1.36232,1.35083,1.36047,1.35216,1.36239,1.35088,1.36153,0.00106,83557.4
2026-02-09,1.36095,1.36999,1.35859,1.36821,1.36101,1.37108,1.3587,1.3683,9e-05,117034.95
2026-02-10,1.36819,1.36964,1.36313,1.36324,1.36829,1.3697,1.36321,1.36331,7e-05,86034.99
2026-02-11,1.36324,1.37121,1.3609,1.36225,1.36332,1.37128,1.36099,1.36233,8e-05,118102.59
2026-02-12,1.36227,1.36712,1.36038,1.36181,1.36232,1.3672,1.3605,1.36187,6e-05,110666.57
2026-02-13,1.36179,1.3659,1.35902,1.36507,1.36185,1.36607,1.35909,1.36602,0.00095,88849.16
2026-02-16,1.3647,1.36618,1.36189,1.36269,1.36476,1.36624,1.36233,1.36275,6e-05,45496.24
2026-02-17,1.36272,1.36289,1.34956,1.35624,1.36281,1.36296,1.34961,1.35633,9e-05,81850.77
2026-02-18,1.35625,1.35819,1.34888,1.34948,1.35635,1.35825,1.34925,1.34954,6e-05,67932.25
2026-02-19,1.34949,1.35166,1.34337,1.34595,1.34955,1.35173,1.34342,1.34603,8e-05,85158.15
2026-02-20,1.34598,1.35147,1.34348,1.34723,1.34604,1.35152,1.34354,1.34837,0.00114,109392.65
2026-02-23,1.35324,1.35347,1.34755,1.34954,1.3533,1.35354,1.34762,1.34962,8e-05,87378.84
2026-02-24,1.34953,1.35363,1.34699,1.34954,1.34955,1.35368,1.34703,1.3496,6e-05,74886.55
2026-02-25,1.34956,1.35657,1.34908,1.35572,1.34962,1.35664,1.34913,1.3558,8e-05,74912.56
2026-02-26,1.35574,1.35749,1.3445,1.3491,1.3558,1.35755,1.34456,1.34918,8e-05,89356.74
2026-02-27,1.34911,1.35078,1.34394,1.34777,1.34919,1.35085,1.34401,1.34873,0.00096,100728.94
2026-03-02,1.34048,1.34556,1.33137,1.34078,1.34053,1.34565,1.33147,1.34086,8e-05,170768.49
2026-03-03,1.34079,1.34249,1.32528,1.3351,1.34087,1.34257,1.32536,1.3352,0.0001,216966.52
2026-03-04,1.3351,1.3403,1.33029,1.33688,1.33521,1.34034,1.33039,1.33697,9e-05,169707.77
2026-03-05,1.33687,1.33866,1.32973,1.33553,1.33697,1.33875,1.32979,1.33564,0.00011,181488.27
2026-03-06,1.33555,1.34153,1.3311,1.34139,1.33563,1.34207,1.33118,1.34206,0.00067,176520.86
2026-03-09,1.33045,1.34482,1.32828,1.34236,1.33056,1.34507,1.32835,1.34245,9e-05,220269.0
2026-03-10,1.34236,1.34831,1.34099,1.34192,1.34243,1.34838,1.34109,1.342,8e-05,171055.87
2026-03-11,1.34193,1.34573,1.3376,1.33819,1.34201,1.3458,1.33766,1.3383,0.00011,146171.57
2026-03-12,1.33818,1.34095,1.33345,1.33512,1.33829,1.34103,1.33378,1.33522,0.0001,144062.4
2026-03-13,1.33514,1.33692,1.32181,1.32202,1.33523,1.337,1.32192,1.32253,0.00051,137157.7
2026-03-16,1.32462,1.33395,1.32299,1.33123,1.32465,1.33401,1.32307,1.33132,9e-05,111317.8
2026-03-17,1.33123,1.33643,1.32732,1.3357,1.33133,1.33649,1.32739,1.33589,0.00019,113619.01
2026-03-18,1.33571,1.33743,1.32509,1.32639,1.33588,1.3375,1.32516,1.3265,0.00011,133641.91
2026-03-19,1.32639,1.3467,1.32457,1.34239,1.32648,1.34676,1.32463,1.34248,9e-05,217519.38
2026-03-20,1.3424,1.34364,1.32985,1.33386,1.34248,1.34372,1.32991,1.33435,0.00049,151613.83
2026-03-23,1.33345,1.3479,1.32566,1.34253,1.3335,1.34798,1.32574,1.34262,9e-05,274807.06
2026-03-24,1.34256,1.34453,1.33519,1.34148,1.34264,1.3446,1.33525,1.34157,9e-05,202867.19
2026-03-25,1.3415,1.34358,1.33579,1.33629,1.34158,1.34366,1.33588,1.33639,0.0001,140515.2
2026-03-26,1.33629,1.33781,1.331,1.33345,1.33638,1.33784,1.33106,1.33353,8e-05,124570.22
2026-03-27,1.33345,1.3347,1.32552,1.32553,1.33352,1.3348,1.32604,1.32624,0.00071,127281.03
2026-03-30,1.32376,1.32822,1.31688,1.31717,1.32383,1.32832,1.31697,1.31727,0.0001,131235.14
2026-03-31,1.31722,1.3264,1.31589,1.32432,1.31727,1.32647,1.31599,1.32438,6e-05,188013.93
2026-04-01,1.32431,1.33461,1.32193,1.33017,1.32438,1.33468,1.32203,1.33027,0.0001,161162.23
2026-04-02,1.33021,1.332,1.31815,1.32294,1.33024,1.33208,1.31821,1.32302,8e-05,168090.02
2026-04-03,1.32296,1.32423,1.31859,1.31859,1.32302,1.32432,1.31882,1.32206,0.00347,40831.51
2026-04-06,1.31851,1.32681,1.31851,1.32333,1.31865,1.3269,1.31862,1.32343,0.0001,98045.3
2026-04-07,1.32334,1.34088,1.32112,1.34008,1.32341,1.34095,1.32121,1.34016,8e-05,166637.5
2026-04-08,1.3401,1.34841,1.33791,1.33921,1.34019,1.34848,1.33799,1.33933,0.00012,184453.51
2026-04-09,1.33922,1.34583,1.33807,1.3429,1.33931,1.34588,1.33811,1.34297,7e-05,132387.72
2026-04-10,1.34291,1.34789,1.34104,1.34542,1.34297,1.34796,1.34111,1.34677,0.00135,90192.33
2026-04-13,1.33937,1.35158,1.33857,1.35152,1.33947,1.35166,1.33864,1.3516,8e-05,115650.37
2026-04-14,1.35152,1.35893,1.35033,1.35743,1.35161,1.35907,1.35041,1.35748,5e-05,103325.77
2026-04-15,1.35742,1.35787,1.35432,1.35725,1.35748,1.35817,1.35438,1.35732,7e-05,109330.26
2026-04-16,1.35726,1.35946,1.35162,1.35254,1.35734,1.35951,1.35169,1.3526,6e-05,108450.51
2026-04-17,1.3525,1.3599,1.35042,1.35132,1.3526,1.35998,1.35047,1.35201,0.00069,127974.12
2026-04-20,1.34826,1.35442,1.34782,1.35305,1.3483,1.35455,1.34788,1.35312,7e-05,112423.24
2026-04-21,1.35306,1.35396,1.34743,1.35088,1.35312,1.35403,1.34752,1.35094,6e-05,124143.4
2026-04-22,1.35087,1.35352,1.34917,1.34996,1.35094,1.35358,1.34923,1.35001,5e-05,109366.4
2026-04-23,1.34998,1.35179,1.34474,1.34655,1.35001,1.35185,1.34483,1.34664,9e-05,132384.07
2026-04-24,1.34655,1.35375,1.34531,1.35283,1.34665,1.35385,1.34539,1.35377,0.00094,111831.77
2026-04-27,1.3513,1.35758,1.35117,1.35373,1.35139,1.35765,1.35124,1.35381,8e-05,79141.59
2026-04-28,1.35373,1.35409,1.34628,1.35235,1.3538,1.35417,1.34632,1.35243,8e-05,114021.91
2026-04-29,1.35236,1.35277,1.34574,1.3488,1.35245,1.35285,1.34579,1.3489,0.0001,118604.16
2026-04-30,1.34882,1.36119,1.34539,1.36017,1.34891,1.3614,1.34546,1.36027,0.0001,179934.28
2026-05-01,1.36021,1.36576,1.35682,1.35689,1.36028,1.36584,1.3569,1.35796,0.00107,109597.25
2026-05-04,1.35809,1.3601,1.35121,1.35309,1.35815,1.3602,1.35128,1.35317,8e-05,120277.79
2026-05-05,1.35306,1.35795,1.35135,1.35674,1.35311,1.35805,1.35142,1.35685,0.00011,91099.39
2026-05-06,1.35677,1.36432,1.35629,1.35909,1.35685,1.36439,1.35638,1.35917,8e-05,131229.47
2026-05-07,1.35907,1.36322,1.3545,1.35553,1.35915,1.36328,1.35478,1.35559,6e-05,115783.76
2026-05-08,1.35555,1.36366,1.35487,1.36245,1.3556,1.36377,1.35492,1.36377,0.00132,90181.65
2026-05-11,1.35938,1.36531,1.35789,1.36037,1.35945,1.36536,1.35797,1.36045,8e-05,82582.31
2026-05-12,1.36038,1.36044,1.35001,1.35348,1.36043,1.36053,1.35005,1.35357,9e-05,117487.63
2026-05-13,1.35348,1.35511,1.34841,1.35263,1.35356,1.35518,1.34852,1.35272,9e-05,96077.96
2026-05-14,1.35261,1.35325,1.33846,1.33904,1.35271,1.35333,1.33854,1.33913,9e-05,90936.8
2026-05-15,1.33902,1.33931,1.33148,1.33219,1.33912,1.33938,1.33154,1.33296,0.00077,135092.89
2026-05-18,1.33091,1.34494,1.3302,1.34311,1.33098,1.345,1.33028,1.34321,0.0001,135728.46
2026-05-19,1.3431,1.34341,1.3378,1.33955,1.34321,1.34351,1.33787,1.33962,7e-05,135708.34
2026-05-20,1.33952,1.3463,1.33748,1.34335,1.33955,1.34637,1.33755,1.34346,0.00011,127833.29
2026-05-21,1.34337,1.34546,1.33915,1.34316,1.34347,1.34554,1.33925,1.34326,0.0001,134402.67
2026-05-22,1.34318,1.34627,1.3413,1.34288,1.34323,1.34634,1.34136,1.34357,0.00069,92264.47
2026-05-25,1.34807,1.35089,1.34705,1.34954,1.34815,1.35104,1.34711,1.34961,7e-05,44600.99
2026-05-26,1.34956,1.34965,1.34343,1.34543,1.34962,1.34973,1.34349,1.34554,0.00011,88332.34
2026-05-27,1.34542,1.34583,1.34139,1.34155,1.34554,1.34591,1.3415,1.34164,9e-05,98778.52
2026-05-28,1.34155,1.34508,1.33672,1.34438,1.34161,1.34519,1.33679,1.34444,6e-05,108001.66
2026-05-29,1.34435,1.34852,1.3408,1.34451,1.34443,1.34859,1.34087,1.34563,0.00112,103112.23
2026-06-01,1.34505,1.34759,1.34065,1.34594,1.34513,1.34783,1.34072,1.34602,8e-05,110226.44
2026-06-02,1.34595,1.34814,1.34501,1.34524,1.34602,1.3482,1.34509,1.34532,8e-05,76936.92
2026-06-03,1.34524,1.34719,1.34113,1.34263,1.34531,1.34725,1.34121,1.34271,8e-05,93996.74
2026-06-04,1.34263,1.34624,1.34112,1.34223,1.34267,1.34628,1.34118,1.34231,8e-05,93019.97
2026-06-05,1.34222,1.34831,1.33298,1.33364,1.34226,1.34835,1.33305,1.33483,0.00119,119985.2
2026-06-08,1.33346,1.33695,1.33058,1.33332,1.33353,1.33701,1.33064,1.33342,0.0001,129312.39
2026-06-09,1.33332,1.34107,1.33305,1.33711,1.3334,1.34113,1.33315,1.33721,0.0001,127240.35
2026-06-10,1.33714,1.34231,1.33495,1.33612,1.33721,1.34238,1.33502,1.33622,0.0001,134863.03
2026-06-11,1.33613,1.34333,1.33243,1.34139,1.33622,1.3434,1.33249,1.34146,7e-05,136330.76
2026-06-12,1.34138,1.34255,1.33832,1.34024,1.34148,1.34261,1.33839,1.34087,0.00063,130590.04
2026-06-15,1.34494,1.34607,1.34041,1.34152,1.345,1.34614,1.34065,1.34159,7e-05,88820.48
2026-06-16,1.34148,1.34429,1.33903,1.34249,1.34151,1.34439,1.3391,1.34257,8e-05,72904.74
2026-06-17,1.3425,1.34361,1.32619,1.33005,1.34257,1.34387,1.32625,1.33011,6e-05,120024.35
2026-06-18,1.33005,1.33246,1.31926,1.3201,1.33012,1.33253,1.31932,1.3202,0.0001,135278.91
2026-06-19,1.32011,1.32404,1.31627,1.32349,1.32021,1.32438,1.31635,1.32409,0.0006,82814.44
2026-06-22,1.32073,1.32729,1.31833,1.32464,1.32081,1.32755,1.31839,1.32472,8e-05,122666.72
2026-06-23,1.32466,1.32496,1.3182,1.31991,1.32473,1.32502,1.31825,1.32001,0.0001,94120.4
2026-06-24,1.31994,1.32087,1.31398,1.31639,1.32001,1.32095,1.31405,1.31647,8e-05,108695.9
2026-06-25,1.31642,1.32189,1.31509,1.3187,1.31647,1.32196,1.31515,1.31879,9e-05,113007.16
2026-06-26,1.31872,1.32317,1.318,1.31894,1.31879,1.32324,1.31807,1.32036,0.00142,152740.07
2026-06-29,1.31962,1.32622,1.31935,1.32529,1.31967,1.32639,1.31942,1.32539,0.0001,177032.18
2026-06-30,1.3253,1.32764,1.32122,1.32496,1.32534,1.32772,1.32126,1.32505,9e-05,215213.69
2026-07-01,1.32498,1.32918,1.32189,1.3278,1.32506,1.32925,1.32194,1.3279,0.0001,223356.05
2026-07-02,1.3278,1.33844,1.32743,1.33378,1.32789,1.33853,1.32751,1.33385,7e-05,302032.79
2026-07-03,1.33378,1.33808,1.33343,1.3348,1.33383,1.33817,1.3335,1.33532,0.00052,166760.93
2026-07-06,1.3352,1.3401,1.33284,1.33937,1.33528,1.34018,1.3329,1.33947,0.0001,165251.05
2026-07-07,1.33937,1.34014,1.33448,1.33461,1.33945,1.34022,1.33455,1.33469,8e-05,170119.48
2026-07-08,1.33461,1.34101,1.33219,1.33934,1.3347,1.3411,1.33226,1.33942,8e-05,255768.88
2026-07-09,1.33939,1.34306,1.33805,1.34132,1.33944,1.34313,1.33812,1.3414,8e-05,160323.46
2026-07-10,1.34131,1.34514,1.33918,1.33998,1.3414,1.34522,1.33926,1.34035,0.00037,190173.3
2026-07-13,1.33862,1.34114,1.33417,1.33493,1.33867,1.34122,1.3343,1.33501,8e-05,221165.42
2026-07-14,1.33498,1.3443,1.3342,1.33963,1.33503,1.34441,1.33428,1.33971,8e-05,230750.07
2026-07-15,1.33962,1.35579,1.33804,1.35383,1.33968,1.35583,1.3381,1.35392,9e-05,195145.89
2026-07-16,1.35383,1.35438,1.34594,1.34775,1.35391,1.35447,1.346,1.34785,0.0001,181593.55
2026-07-17,1.34774,1.34805,1.34259,1.34485,1.34785,1.34812,1.34265,1.34577,0.00092,166866.16
2026-07-20,1.3445,1.34809,1.34123,1.34309,1.34457,1.34815,1.34129,1.34317,8e-05,189070.13
2026-07-21,1.34307,1.34554,1.33596,1.33783,1.34317,1.3456,1.33599,1.33792,9e-05,161373.57
2026-07-22,1.33784,1.3395,1.33543,1.33745,1.33793,1.33956,1.33551,1.33752,7e-05,175919.89
