date,bid_open,bid_high,bid_low,bid_close,ask_open,ask_high,ask_low,ask_close,spread_close,volume
2014-01-01,6749.074,6749.078,6749.063,6749.073,6749.104,6749.117,6749.102,6749.115,0.042,0.2
2014-01-02,6749.073,6757.954,6703.797,6728.297,6749.111,6758.103,6704.802,6733.303,5.006,14.79
2014-01-03,6728.298,6750.797,6695.797,6730.657,6733.302,6751.803,6698.803,6730.683,0.026,15.98
2014-01-06,6740.697,6752.798,6713.497,6725.597,6745.703,6753.802,6714.503,6730.603,5.006,15.14
2014-01-07,6725.998,6768.846,6717.798,6751.497,6731.002,6769.503,6718.373,6756.503,5.006,18.19
2014-01-08,6751.498,6761.998,6711.798,6719.698,6756.502,6764.003,6712.802,6724.702,5.004,15.04
2014-01-09,6719.697,6746.298,6676.797,6705.198,6724.703,6747.302,6677.803,6710.202,5.004,17.17
2014-01-10,6704.797,6769.797,6691.314,6759.397,6709.803,6770.803,6691.354,6764.403,5.006,15.62
2014-01-13,6759.398,6765.347,6701.297,6715.797,6764.402,6766.003,6703.302,6720.803,5.006,13.85
2014-01-14,6715.798,6787.697,6691.797,6779.598,6720.802,6792.703,6692.803,6784.602,5.004,14.79
2014-01-15,6779.597,6829.798,6766.833,6821.897,6784.603,6831.102,6776.003,6826.903,5.006,17.86
2014-01-16,6821.898,6836.797,6808.297,6821.197,6826.902,6839.402,6809.302,6826.203,5.006,6.2
2014-01-17,6821.198,6843.297,6804.998,6829.281,6826.202,6844.303,6808.302,6829.321,0.04,17.4
2014-01-20,6823.397,6841.298,6810.297,6836.698,6828.403,6842.303,6810.924,6841.702,5.004,18.17
2014-01-21,6836.698,6867.798,6819.798,6838.797,6841.702,6868.803,6820.802,6843.803,5.006,17.37
2014-01-22,6838.798,6864.805,6820.997,6847.797,6843.802,6865.803,6821.821,6852.803,5.006,18.17
2014-01-23,6847.798,6848.998,6759.298,6777.998,6852.802,6854.003,6760.302,6783.002,5.004,18.05
2014-01-24,6777.597,6794.498,6599.698,6600.898,6782.603,6799.503,6604.702,6605.902,5.004,13.21
2014-01-27,6663.726,6665.26,6539.381,6557.297,6663.765,6665.298,6539.417,6557.328,0.031,28.73
2014-01-28,6555.798,6614.298,6550.637,6594.098,6557.802,6619.302,6556.802,6599.102,5.004,146.18
2014-01-29,6594.097,6643.93,6480.797,6528.498,6599.103,6644.803,6481.802,6533.502,5.004,102.25
2014-01-30,6528.497,6568.798,6503.297,6545.197,6533.503,6569.802,6508.302,6550.203,5.006,147.21
2014-01-31,6544.797,6548.798,6418.997,6493.297,6549.803,6552.203,6420.002,6498.303,5.006,146.34
2014-02-03,6510.419,6538.066,6460.286,6465.64,6510.453,6538.105,6460.325,6465.683,0.043,269.84
2014-02-04,6465.647,6478.046,6416.7,6449.251,6465.675,6478.09,6416.741,6449.283,0.032,277.52
2014-02-05,6449.252,6483.607,6423.816,6457.868,6449.293,6483.648,6423.854,6457.907,0.039,275.84
2014-02-06,6457.866,6492.606,6457.863,6489.237,6457.916,6492.643,6457.904,6489.271,0.034,55.66
2014-02-07,6568.797,6604.498,6538.497,6603.698,6569.803,6609.502,6539.503,6608.702,5.004,0.21
2014-02-10,6594.298,6600.998,6563.797,6597.598,6599.302,6606.003,6564.803,6602.602,5.004,0.67
2014-02-11,6597.797,6703.798,6593.797,6676.497,6602.803,6704.803,6598.803,6681.503,5.006,0.51
2014-02-12,6676.498,6709.298,6664.297,6681.498,6681.502,6710.303,6665.302,6686.502,5.004,0.4
2014-02-13,6681.497,6684.298,6606.297,6668.498,6686.503,6689.303,6607.302,6673.502,5.004,0.56
2014-02-14,6668.497,6678.797,6640.297,6675.098,6673.503,6680.903,6645.302,6680.102,5.004,0.45
2014-02-17,6672.298,6745.798,6655.998,6732.498,6677.302,6746.802,6661.002,6737.502,5.004,0.64
2014-02-18,6732.897,6808.998,6714.497,6774.297,6737.903,6810.403,6715.502,6779.303,5.006,0.49
2014-02-19,6774.698,6810.497,6750.797,6764.198,6779.702,6811.503,6751.803,6769.202,5.004,0.54
2014-02-20,6764.597,6829.997,6729.997,6817.298,6769.603,6831.003,6731.003,6822.302,5.004,0.5
2014-02-21,6817.497,6861.797,6802.797,6805.697,6822.503,6862.803,6803.803,6810.703,5.006,0.39
2014-02-24,6808.497,6885.298,6794.797,6857.197,6813.503,6886.303,6795.802,6862.203,5.006,0.56
2014-02-25,6857.198,6860.798,6790.297,6813.798,6862.202,6865.603,6791.303,6818.802,5.004,0.71
2014-02-26,6813.998,6835.197,6770.498,6784.298,6819.002,6837.703,6771.502,6789.302,5.004,127.92
2014-02-27,6784.297,6828.998,6731.997,6818.897,6789.303,6834.003,6733.003,6823.903,5.006,465.82
2014-02-28,6818.898,6834.298,6769.998,6804.497,6823.902,6835.303,6771.002,6809.503,5.006,518.37
2014-03-03,6758.897,6762.897,6669.797,6713.598,6763.903,6767.903,6670.803,6718.602,5.004,491.43
2014-03-04,6713.597,6830.698,6708.326,6810.597,6718.603,6835.703,6713.628,6815.603,5.006,401.04
2014-03-05,6810.598,6823.826,6763.998,6775.497,6815.602,6823.873,6765.002,6780.503,5.006,158.02
2014-03-06,6775.298,6808.298,6769.297,6780.798,6780.302,6809.303,6770.302,6785.802,5.004,54.92
2014-03-07,6780.797,6800.798,6703.798,6740.397,6785.803,6801.802,6704.802,6745.403,5.006,375.2
2014-03-10,6718.397,6757.498,6668.997,6691.197,6723.403,6758.502,6670.003,6696.203,5.006,309.92
2014-03-11,6691.598,6718.297,6633.197,6637.998,6696.602,6719.303,6638.202,6643.002,5.004,421.36
2014-03-12,6637.997,6652.797,6597.498,6630.997,6643.003,6653.803,6598.502,6636.003,5.006,482.06
2014-03-13,6630.998,6639.298,6506.497,6534.797,6636.002,6644.302,6507.502,6539.803,5.006,409.69
2014-03-14,6534.798,6553.767,6498.798,6523.297,6539.802,6553.806,6499.802,6524.303,1.006,426.99
2014-03-17,6514.698,6592.798,6511.897,6565.097,6519.702,6593.803,6516.902,6570.103,5.006,271.83
2014-03-18,6564.698,6680.798,6533.497,6611.597,6569.702,6681.802,6534.502,6616.603,5.006,311.7
2014-03-19,6611.398,6612.197,6521.297,6558.597,6616.402,6617.203,6522.302,6563.603,5.006,248.86
2014-03-20,6558.598,6558.598,6491.298,6531.098,6563.602,6563.603,6492.376,6536.102,5.004,406.56
2014-03-21,6530.898,6572.497,6510.798,6523.797,6535.902,6573.503,6511.802,6524.803,1.006,466.44
2014-03-24,6516.197,6568.94,6504.797,6530.198,6521.203,6569.503,6505.803,6535.202,5.004,312.68
2014-03-25,6530.197,6627.797,6524.297,6613.598,6535.203,6628.803,6529.302,6618.602,5.004,318.96
2014-03-26,6613.397,6643.555,6554.997,6563.898,6618.403,6644.503,6556.003,6568.902,5.004,506.48
2014-03-27,6564.097,6594.797,6557.797,6587.698,6569.103,6595.803,6560.303,6592.702,5.004,49.42
2014-03-28,6587.697,6632.798,6584.697,6602.297,6592.703,6633.802,6585.764,6603.303,1.006,266.9
2014-03-31,6619.298,6658.798,6580.797,6614.198,6624.302,6659.803,6581.802,6619.202,5.004,0.53
2014-04-01,6614.197,6660.25,6599.439,6647.197,6619.203,6661.002,6607.503,6652.203,5.006,379.37
2014-04-02,6647.198,6675.298,6639.297,6667.997,6652.202,6678.603,6639.663,6673.003,5.006,124.74
2014-04-03,6667.998,6681.498,6635.997,6660.198,6673.002,6682.502,6637.003,6665.202,5.004,0.56
2014-04-04,6660.197,6706.498,6645.497,6657.598,6665.203,6707.503,6646.502,6662.602,5.004,82.08
2014-04-07,6654.998,6674.078,6585.297,6598.297,6660.002,6674.112,6586.302,6603.303,5.006,171.94
2014-04-08,6595.798,6622.974,6547.997,6586.497,6600.802,6623.803,6549.003,6591.503,5.006,502.32
2014-04-09,6585.298,6665.897,6583.497,6664.498,6590.302,6670.903,6588.503,6669.502,5.004,343.03
2014-04-10,6664.497,6688.263,6565.497,6579.298,6669.503,6688.803,6566.503,6584.302,5.004,376.0
2014-04-11,6579.297,6600.005,6525.497,6535.898,6584.303,6600.802,6529.803,6540.902,5.004,129.58
2014-04-14,6517.798,6584.798,6506.497,6572.897,6522.802,6585.803,6507.27,6577.903,5.006,364.04
2014-04-15,6572.698,6594.798,6505.498,6561.597,6577.702,6595.802,6506.502,6566.603,5.006,0.85
2014-04-16,6561.297,6605.697,6550.498,6584.697,6566.303,6610.703,6551.502,6589.703,5.006,0.56
2014-04-17,6586.297,6656.298,6557.297,6652.998,6591.303,6657.303,6558.303,6654.002,1.004,0.39
2014-04-21,6661.997,6670.298,6642.597,6662.598,6663.003,6676.302,6648.603,6667.602,5.004,0.56
2014-04-22,6662.597,6706.998,6625.223,6676.498,6667.603,6708.002,6625.263,6681.502,5.004,139.82
2014-04-23,6677.498,6697.197,6660.797,6685.497,6682.502,6702.203,6661.433,6690.503,5.006,463.24
2014-04-24,6685.098,6723.798,6664.998,6685.498,6690.102,6724.802,6666.002,6690.502,5.004,0.86
2014-04-25,6685.497,6695.597,6654.797,6694.197,6690.503,6700.603,6655.802,6699.203,5.006,0.64
2014-04-28,6684.497,6720.998,6665.797,6707.797,6689.503,6722.002,6666.802,6712.803,5.006,0.76
2014-04-29,6709.497,6775.298,6703.798,6751.797,6714.503,6776.303,6708.802,6756.803,5.006,0.72
2014-04-30,6747.998,6804.298,6743.997,6796.797,6753.002,6806.202,6746.002,6801.803,5.006,0.53
2014-05-01,6796.598,6816.997,6781.297,6809.897,6801.602,6818.303,6786.302,6814.903,5.006,0.35
2014-05-02,6810.098,6839.298,6798.797,6817.997,6815.102,6840.303,6799.802,6823.003,5.006,0.41
2014-05-05,6817.398,6829.597,6774.197,6820.098,6822.402,6834.603,6779.203,6825.102,5.004,1.33
2014-05-06,6820.097,6832.998,6783.797,6791.297,6825.103,6835.302,6784.802,6796.303,5.006,331.37
2014-05-07,6791.298,6806.998,6764.798,6796.597,6796.302,6812.003,6765.802,6801.603,5.006,333.94
2014-05-08,6796.398,6841.836,6793.497,6813.598,6801.402,6842.813,6798.503,6818.602,5.004,474.26
2014-05-09,6813.798,6835.298,6804.997,6819.697,6818.802,6838.502,6805.408,6824.703,5.006,452.42
2014-05-12,6828.698,6871.598,6817.327,6870.797,6833.702,6876.603,6819.212,6875.803,5.006,60.26
2014-05-13,6865.797,6883.798,6846.297,6860.098,6870.803,6886.203,6847.302,6865.102,5.004,0.53
2014-05-14,6860.097,6886.998,6853.297,6867.398,6865.103,6888.003,6854.303,6872.402,5.004,379.83
2014-05-15,6867.598,6896.298,6819.297,6854.398,6872.602,6897.302,6820.302,6859.402,5.004,419.63
2014-05-16,6842.798,6867.797,6811.797,6865.897,6847.802,6872.503,6812.802,6870.903,5.006,296.06
2014-05-19,6862.098,6866.798,6801.797,6843.598,6867.102,6871.803,6802.802,6848.602,5.004,369.32
2014-05-20,6843.397,6850.798,6777.497,6782.198,6848.403,6855.803,6778.502,6787.202,5.004,421.29
2014-05-21,6780.797,6826.998,6778.797,6819.498,6785.803,6828.002,6782.302,6824.502,5.004,371.39
2014-05-22,6819.497,6846.298,6808.797,6818.897,6824.503,6847.502,6809.802,6823.903,5.006,17.53
2014-05-23,6815.797,6823.498,6793.298,6808.198,6820.803,6827.803,6794.302,6813.202,5.004,0.35
2014-05-26,6812.597,6839.397,6808.397,6824.498,6817.603,6844.403,6813.402,6829.502,5.004,0.67
2014-05-27,6825.098,6857.798,6824.697,6837.098,6830.102,6858.803,6829.503,6842.102,5.004,0.43
2014-05-28,6838.797,6855.498,6831.697,6839.697,6843.803,6856.503,6832.702,6844.703,5.006,0.38
2014-05-29,6839.698,6882.298,6839.097,6872.197,6844.702,6884.802,6843.502,6877.203,5.006,213.27
2014-05-30,6871.997,6875.998,6828.998,6848.198,6877.003,6881.003,6830.002,6853.202,5.004,157.34
2014-06-02,6849.597,6874.297,6847.498,6855.697,6854.603,6875.303,6848.502,6860.703,5.006,0.26
2014-06-03,6855.298,6857.498,6815.797,6832.898,6860.302,6861.003,6816.802,6837.902,5.004,56.61
2014-06-04,6836.297,6840.797,6797.797,6815.297,6841.303,6842.303,6798.802,6820.303,5.006,0.28
2014-06-05,6812.798,6847.798,6793.297,6820.497,6817.802,6848.803,6794.303,6825.503,5.006,22.06
2014-06-06,6820.098,6878.497,6816.297,6876.297,6825.102,6882.503,6817.503,6881.303,5.006,251.88
2014-06-09,6870.898,6878.497,6858.846,6861.197,6875.902,6880.303,6858.885,6866.203,5.006,15.36
2014-06-10,6861.198,6879.797,6833.297,6859.697,6866.202,6882.703,6834.303,6864.703,5.006,14.26
2014-06-11,6859.698,6868.098,6822.997,6836.597,6864.702,6873.102,6824.003,6841.603,5.006,0.44
2014-06-12,6836.397,6852.798,6812.097,6816.097,6841.403,6853.802,6813.302,6821.103,5.006,0.49
2014-06-13,6816.497,6826.798,6756.497,6778.097,6821.503,6828.803,6757.502,6783.103,5.006,0.35
2014-06-16,6767.998,6779.298,6746.297,6762.897,6773.002,6780.302,6747.302,6767.903,5.006,0.45
2014-06-17,6762.798,6785.298,6734.297,6775.997,6767.802,6786.303,6735.302,6781.003,5.006,22.74
2014-06-18,6775.998,6808.997,6771.697,6805.198,6781.002,6811.203,6774.502,6810.202,5.004,130.85
2014-06-19,6809.698,6838.097,6801.097,6803.297,6814.702,6839.103,6806.102,6808.303,5.006,278.88
2014-06-20,6807.798,6841.298,6794.897,6820.897,6812.802,6842.303,6796.32,6825.903,5.006,88.7
2014-06-23,6824.498,6836.798,6783.997,6808.197,6829.502,6838.803,6785.003,6813.203,5.006,65.19
2014-06-24,6805.498,6823.498,6756.197,6760.398,6810.502,6824.503,6757.302,6765.402,5.004,0.35
2014-06-25,6760.397,6764.498,6713.997,6741.097,6765.403,6767.203,6715.003,6746.103,5.006,0.66
2014-06-26,6741.098,6756.797,6699.798,6743.598,6746.102,6761.803,6700.802,6748.602,5.004,72.91
2014-06-27,6738.797,6773.798,6731.498,6764.798,6743.803,6777.803,6736.502,6769.802,5.004,423.61
2014-06-30,6768.398,6777.498,6728.297,6747.297,6773.402,6778.503,6729.302,6752.303,5.006,8.8
2014-07-01,6747.298,6810.298,6746.097,6794.197,6752.302,6811.303,6751.102,6799.203,5.006,0.81
2014-07-02,6794.198,6828.197,6789.697,6815.898,6799.202,6830.103,6791.702,6820.902,5.004,25.01
2014-07-03,6815.897,6868.798,6814.498,6858.697,6820.903,6869.802,6815.502,6863.703,5.006,344.34
2014-07-04,6858.698,6875.297,6855.797,6869.797,6863.702,6876.002,6856.365,6870.803,1.006,356.74
2014-07-07,6870.197,6870.198,6816.297,6826.998,6875.203,6875.203,6817.303,6832.002,5.004,10.01
2014-07-08,6826.997,6832.298,6711.798,6732.797,6832.003,6834.303,6712.802,6737.803,5.006,56.25
2014-07-09,6732.998,6739.798,6690.998,6726.397,6738.002,6742.803,6692.002,6731.403,5.006,284.14
2014-07-10,6726.197,6726.397,6643.297,6683.497,6731.203,6731.403,6644.302,6688.503,5.006,115.89
2014-07-11,6683.298,6695.995,6662.297,6692.398,6688.302,6698.203,6663.303,6697.402,5.004,439.44
2014-07-14,6692.097,6760.798,6692.097,6738.598,6697.103,6761.803,6697.102,6743.602,5.004,80.08
2014-07-15,6739.797,6762.797,6695.797,6717.097,6744.803,6763.803,6696.803,6722.103,5.006,15.68
2014-07-16,6721.597,6792.898,6710.54,6771.997,6726.603,6793.903,6711.045,6777.003,5.006,8.85
2014-07-17,6771.998,6775.929,6683.198,6699.997,6777.002,6777.903,6688.202,6705.003,5.006,209.36
2014-07-18,6696.898,6768.298,6688.998,6757.697,6701.902,6769.303,6690.002,6762.703,5.006,83.81
2014-07-21,6752.897,6756.998,6714.797,6741.097,6757.903,6762.003,6715.802,6746.103,5.006,10.71
2014-07-22,6738.297,6801.798,6736.998,6774.597,6743.303,6802.802,6742.002,6779.603,5.006,49.32
2014-07-23,6774.598,6822.798,6767.998,6793.497,6779.602,6823.802,6773.002,6798.503,5.006,8.79
2014-07-24,6789.498,6824.997,6764.998,6803.698,6794.502,6826.003,6766.002,6808.702,5.004,33.82
2014-07-25,6801.798,6831.298,6779.798,6798.598,6806.802,6832.302,6780.802,6803.602,5.004,15.84
2014-07-28,6786.598,6814.298,6759.297,6792.997,6791.602,6816.303,6760.303,6798.003,5.006,42.5
2014-07-29,6792.998,6835.298,6782.797,6799.098,6798.002,6836.302,6783.802,6804.102,5.004,0.55
2014-07-30,6795.998,6816.798,6756.797,6784.097,6801.002,6817.802,6757.803,6789.103,5.006,257.73
2014-07-31,6781.998,6796.998,6741.997,6749.797,6787.002,6798.002,6743.002,6750.803,1.006,43.83
2014-08-01,6665.997,6703.797,6652.797,6666.698,6667.003,6704.803,6653.802,6671.702,5.004,0.21
2014-08-04,6672.797,6716.298,6666.797,6691.198,6677.803,6717.303,6667.802,6696.202,5.004,0.38
2014-08-05,6691.197,6713.498,6631.497,6640.798,6696.203,6714.503,6636.503,6645.802,5.004,0.42
2014-08-06,6642.798,6651.498,6586.297,6629.097,6647.802,6652.502,6587.303,6634.103,5.006,0.4
2014-08-07,6629.098,6648.798,6569.297,6582.997,6634.102,6649.803,6570.303,6588.003,5.006,0.43
2014-08-08,6582.998,6609.297,6526.797,6597.797,6588.002,6610.303,6527.802,6602.803,5.006,0.45
2014-08-11,6606.997,6646.998,6592.798,6621.798,6609.003,6648.003,6593.802,6626.802,5.004,0.32
2014-08-12,6623.797,6644.297,6610.797,6617.098,6628.803,6647.403,6611.803,6622.102,5.004,0.37
2014-08-13,6617.098,6664.597,6616.297,6656.598,6622.102,6669.203,6621.302,6661.602,5.004,0.31
2014-08-14,6656.398,6700.898,6639.597,6696.097,6661.402,6705.903,6641.603,6701.103,5.006,0.34
2014-08-15,6693.097,6743.798,6663.997,6701.098,6698.103,6744.802,6665.002,6706.102,5.004,0.29
2014-08-18,6719.797,6760.0,6718.3,6755.8,6721.803,6765.0,6719.3,6760.8,5.0,0.23
2014-08-19,6756.0,6790.3,6753.5,6774.8,6761.0,6793.1,6756.8,6779.8,5.0,0.23
2014-08-20,6776.3,6776.3,6738.5,6766.5,6781.3,6781.3,6739.5,6771.5,5.0,0.25
2014-08-21,6766.1,6780.0,6751.3,6774.1,6771.1,6781.0,6752.3,6779.1,5.0,0.23
2014-08-22,6774.3,6785.3,6744.3,6767.8,6779.3,6785.51,6745.3,6772.8,5.0,1.21
2014-08-25,6790.1,6856.13,6786.7,6842.5,6792.1,6857.13,6791.7,6843.5,1.0,0.39
2014-08-26,6805.7,6827.06,6778.43,6809.8,6806.7,6828.06,6779.43,6814.8,5.0,1.31
2014-08-27,6812.3,6829.8,6809.8,6820.0,6817.3,6830.3,6811.65,6825.0,5.0,1.14
2014-08-28,6820.4,6826.8,6794.95,6807.8,6825.4,6831.8,6795.95,6812.8,5.0,3.03
2014-08-29,6807.6,6827.8,6779.07,6809.1,6812.6,6828.8,6780.8,6814.1,5.0,11.96
2014-09-01,6818.8,6826.3,6796.5,6818.9,6820.8,6827.3,6797.0,6823.9,5.0,8.15
2014-09-02,6820.5,6850.0,6809.2,6824.9,6825.5,6850.8,6810.0,6829.9,5.0,12.49
2014-09-03,6823.9,6898.8,6821.7,6867.3,6828.9,6899.0,6826.7,6872.3,5.0,16.86
2014-09-04,6866.8,6905.028,6855.987,6882.25,6871.8,6905.993,6856.986,6887.413,5.163,20.15
2014-09-05,6876.342,6881.81,6826.792,6870.619,6881.193,6883.843,6827.007,6875.55,4.931,19.68
2014-09-08,6848.973,6852.997,6770.969,6824.493,6850.985,6864.823,6772.295,6829.577,5.084,27.7
2014-09-09,6824.42,6846.648,6810.934,6818.6,6829.389,6847.639,6811.975,6823.6,5.0,19.49
2014-09-10,6817.3,6858.8,6799.1,6849.0,6822.3,6859.8,6800.1,6854.0,5.0,9.84
2014-09-11,6852.0,6857.3,6762.8,6806.7,6857.0,6860.0,6763.8,6811.7,5.0,10.35
2014-09-12,6806.3,6819.3,6786.8,6801.9,6811.3,6820.3,6787.8,6806.9,5.0,9.64
2014-09-15,6786.8,6817.5,6773.8,6808.0,6788.8,6818.5,6774.8,6813.0,5.0,8.69
2014-09-16,6811.5,6823.194,6744.753,6812.859,6816.5,6828.241,6745.844,6817.942,5.083,9.26
2014-09-17,6812.773,6817.283,6770.283,6788.395,6817.808,6820.347,6771.016,6793.446,5.051,12.32
2014-09-18,6788.579,6842.878,6767.963,6836.485,6793.63,6847.931,6768.805,6841.527,5.042,11.59
2014-09-19,6836.898,6896.962,6829.491,6839.181,6841.908,6902.041,6832.304,6844.241,5.06,22.26
2014-09-22,6838.778,6841.457,6757.375,6762.976,6843.836,6846.523,6758.818,6768.001,5.025,17.07
2014-09-23,6765.766,6781.976,6632.672,6651.1,6770.838,6784.017,6637.709,6656.14,5.04,32.67
2014-09-24,6653.275,6719.98,6649.47,6719.98,6658.332,6722.046,6650.809,6722.046,2.066,10.98
2014-09-25,6698.962,6726.966,6617.982,6637.099,6701.013,6728.036,6619.045,6642.126,5.027,27.99
2014-09-26,6637.766,6685.978,6614.99,6669.389,6642.807,6686.828,6615.8,6674.421,5.032,26.26
2014-09-29,6653.8,6668.0,6607.5,6639.7,6658.8,6673.0,6608.5,6644.7,5.0,30.63
2014-09-30,6639.3,6661.5,6589.0,6594.3,6644.3,6666.5,6589.8,6599.3,5.0,33.79
2014-10-01,6593.0,6616.0,6528.3,6542.6,6598.0,6618.0,6529.3,6547.6,5.0,25.25
2014-10-02,6542.4,6558.0,6423.8,6469.8,6547.4,6559.0,6424.8,6474.8,5.0,27.78
2014-10-03,6467.8,6543.8,6467.5,6528.3,6472.8,6544.3,6472.5,6533.3,5.0,13.09
2014-10-06,6537.3,6588.3,6531.5,6558.4,6542.3,6589.0,6532.5,6563.4,5.0,2.38
2014-10-07,6558.6,6565.8,6445.5,6448.9,6563.6,6570.8,6450.5,6453.9,5.0,0.91
2014-10-08,6450.5,6553.0,6450.5,6537.4,6455.5,6554.2,6453.0,6542.4,5.0,0.86
2014-10-09,6538.7,6555.2,6355.0,6365.4,6543.7,6560.2,6360.0,6370.4,5.0,0.92
2014-10-10,6365.5,6409.8,6301.8,6301.8,6370.5,6411.0,6306.8,6306.8,5.0,0.92
2014-10-13,6274.3,6388.6,6265.8,6319.8,6279.3,6390.0,6267.8,6324.8,5.0,0.92
2014-10-14,6317.4,6411.65,6302.3,6388.7,6322.4,6415.2,6303.3,6393.7,5.0,1.0
2014-10-15,6389.8,6400.3,6152.28,6225.8,6394.8,6405.3,6153.0,6230.8,5.0,1.71
2014-10-16,6217.0,6282.5,6070.1,6182.9,6222.0,6283.5,6071.0,6187.9,5.0,1.65
2014-10-17,6185.9,6318.4,6170.4,6304.3,6190.9,6319.0,6175.4,6309.3,5.0,2.25
2014-10-20,6322.4,6340.6,6236.38,6280.6,6327.4,6343.1,6237.0,6285.6,5.0,5.89
2014-10-21,6280.7,6408.9,6228.0,6400.2,6285.7,6413.9,6228.3,6405.2,5.0,4.82
2014-10-22,6401.5,6410.8,6340.0,6352.6,6406.5,6415.8,6341.0,6357.6,5.0,3.44
2014-10-23,6355.5,6431.0,6314.0,6400.8,6360.5,6431.5,6315.0,6405.8,5.0,10.44
2014-10-24,6405.8,6414.6,6364.3,6414.1,6410.8,6419.6,6369.3,6419.1,5.0,4.04
2014-10-27,6423.0,6451.0,6335.22,6380.9,6428.0,6453.8,6336.0,6385.9,5.0,0.83
2014-10-28,6380.8,6436.8,6376.8,6419.6,6385.8,6439.0,6377.8,6424.6,5.0,0.51
2014-10-29,6419.4,6475.8,6417.5,6443.4,6424.4,6476.0,6419.0,6444.4,1.0,0.63
2014-10-30,6443.1,6492.8,6377.0,6482.0,6444.1,6495.0,6378.0,6487.0,5.0,0.79
2014-10-31,6482.2,6560.3,6473.8,6543.0,6487.2,6562.0,6478.8,6544.0,1.0,0.65
2014-11-03,6545.4,6557.5,6473.8,6474.8,6550.4,6559.0,6475.0,6479.8,5.0,4.93
2014-11-04,6474.6,6509.8,6442.5,6472.4,6479.6,6510.0,6443.0,6477.4,5.0,3.25
2014-11-05,6472.9,6544.8,6471.7,6520.1,6477.9,6546.0,6474.5,6525.1,5.0,5.2
2014-11-06,6520.6,6579.5,6502.3,6560.8,6525.6,6580.3,6503.0,6565.8,5.0,1.04
2014-11-07,6561.1,6607.8,6551.08,6568.6,6566.1,6608.8,6551.68,6573.6,5.0,0.82
2014-11-10,6566.6,6618.7,6559.6,6610.2,6571.6,6623.7,6561.6,6615.2,5.0,1.59
2014-11-11,6610.0,6632.8,6604.0,6626.9,6615.0,6633.5,6605.0,6631.9,5.0,1.11
2014-11-12,6627.0,6630.0,6588.0,6605.6,6632.0,6632.6,6589.0,6610.6,5.0,6.53
2014-11-13,6605.7,6646.7,6595.0,6639.9,6610.7,6648.8,6596.5,6644.9,5.0,5.56
2014-11-14,6639.8,6656.2,6608.41,6647.4,6644.8,6657.5,6609.7,6652.4,5.0,1.76
2014-11-17,6637.1,6687.8,6610.5,6679.8,6642.1,6690.0,6615.5,6684.8,5.0,4.12
2014-11-18,6679.6,6728.65,6673.3,6714.1,6684.6,6731.0,6674.0,6719.1,5.0,4.56
2014-11-19,6714.4,6717.4,6677.3,6699.5,6719.4,6722.4,6679.0,6704.5,5.0,5.42
2014-11-20,6699.6,6701.1,6639.57,6676.9,6704.6,6706.1,6640.15,6681.9,5.0,1.31
2014-11-21,6676.7,6773.15,6674.9,6742.9,6681.7,6773.59,6679.9,6747.9,5.0,0.97
2014-11-24,6747.9,6762.8,6716.0,6741.2,6752.9,6766.1,6717.0,6746.2,5.0,1.05
2014-11-25,6741.1,6751.0,6704.8,6736.5,6746.1,6752.0,6705.8,6741.5,5.0,4.63
2014-11-26,6736.6,6765.5,6716.8,6736.6,6741.6,6767.0,6717.8,6741.6,5.0,5.73
2014-11-27,6736.8,6749.5,6706.1,6707.9,6741.8,6751.0,6711.1,6712.9,5.0,1.02
2014-11-28,6708.1,6738.0,6665.8,6704.3,6713.1,6739.0,6666.9,6705.3,1.0,5.51
2014-12-01,6694.6,6706.7,6636.3,6652.9,6699.6,6711.7,6637.0,6657.9,5.0,4.93
2014-12-02,6653.2,6755.0,6652.4,6747.7,6658.2,6757.0,6657.4,6752.7,5.0,8.4
2014-12-03,6747.6,6757.2,6712.0,6722.7,6752.6,6762.2,6713.0,6727.7,5.0,6.52
2014-12-04,6722.8,6733.7,6668.8,6691.8,6727.8,6738.7,6670.0,6696.8,5.0,4.22
2014-12-05,6691.6,6753.2,6689.7,6747.4,6696.6,6755.0,6694.7,6752.4,5.0,4.52
2014-12-08,6749.0,6752.3,6635.3,6663.8,6754.0,6757.3,6636.0,6668.8,5.0,2.54
2014-12-09,6664.0,6665.9,6515.0,6552.5,6669.0,6670.9,6516.0,6557.5,5.0,0.95
2014-12-10,6552.6,6563.8,6461.8,6465.5,6557.6,6564.8,6464.0,6470.5,5.0,0.99
2014-12-11,6466.3,6520.0,6378.8,6400.8,6471.3,6521.0,6383.8,6405.8,5.0,1.01
2014-12-12,6400.3,6436.3,6210.9,6214.0,6405.3,6437.0,6215.9,6219.0,5.0,2.44
2014-12-15,6220.7,6355.8,6122.0,6188.2,6225.7,6356.5,6124.0,6193.2,5.0,1.36
2014-12-16,6188.3,6351.3,6142.3,6261.5,6193.3,6352.3,6143.3,6266.5,5.0,4.07
2014-12-17,6261.9,6398.0,6235.0,6390.2,6266.9,6400.6,6236.0,6395.2,5.0,3.54
2014-12-18,6390.3,6518.1,6357.0,6509.2,6395.3,6523.1,6358.0,6514.2,5.0,6.7
2014-12-19,6508.9,6592.0,6475.0,6572.2,6513.9,6593.0,6476.0,6577.2,5.0,1.6
2014-12-22,6575.3,6627.0,6564.3,6610.2,6580.3,6628.0,6566.04,6615.2,5.0,2.67
2014-12-23,6610.0,6624.0,6583.0,6593.2,6615.0,6625.0,6584.0,6598.2,5.0,0.87
2014-12-24,6593.1,6632.0,6592.0,6616.0,6598.1,6633.0,6597.0,6617.0,1.0,0.44
2014-12-31,6558.4,6582.3,6549.0,6550.8,6563.4,6584.3,6550.0,6551.8,1.0,0.47
2015-01-01,6576.0,6576.5,6509.1,6521.2,6577.0,6577.5,6515.1,6527.2,6.0,0.01
2015-01-02,6521.5,6610.3,6507.0,6529.2,6527.5,6611.3,6509.0,6534.2,5.0,3.25
2015-01-05,6509.2,6574.5,6382.0,6420.8,6514.2,6575.5,6384.0,6425.8,5.0,3.59
2015-01-06,6420.7,6451.5,6324.0,6368.7,6425.7,6452.5,6325.0,6373.7,5.0,7.33
2015-01-07,6368.8,6460.0,6365.0,6456.6,6373.8,6464.9,6366.0,6461.6,5.0,11.47
2015-01-08,6456.9,6581.0,6454.6,6566.7,6461.9,6582.0,6459.6,6571.7,5.0,9.05
2015-01-09,6567.0,6570.0,6470.0,6491.0,6572.0,6572.3,6471.0,6496.0,5.0,9.34
2015-01-12,6487.0,6544.0,6446.0,6478.8,6492.0,6545.0,6447.0,6483.8,5.0,6.95
2015-01-13,6478.7,6560.0,6453.0,6495.6,6483.7,6561.0,6455.0,6500.6,5.0,11.97
2015-01-14,6496.3,6503.3,6351.0,6423.7,6501.3,6508.3,6352.0,6428.7,5.0,8.73
2015-01-15,6424.2,6506.8,6294.0,6449.0,6429.2,6507.8,6296.0,6454.0,5.0,3.89
2015-01-16,6448.7,6589.0,6426.0,6579.5,6453.7,6590.0,6431.0,6584.5,5.0,1.72
2015-01-19,6571.1,6607.5,6545.8,6596.8,6576.1,6612.5,6547.8,6601.8,5.0,0.5
2015-01-20,6596.7,6649.3,6594.0,6637.0,6601.7,6650.3,6595.0,6642.0,5.0,0.92
2015-01-21,6636.9,6732.3,6626.3,6720.6,6641.9,6733.3,6631.3,6725.6,5.0,0.67
2015-01-22,6721.1,6843.1,6718.1,6824.3,6726.1,6843.8,6723.1,6829.3,5.0,1.84
2015-01-23,6824.4,6846.0,6795.0,6800.9,6829.4,6848.3,6796.3,6805.9,5.0,1.98
2015-01-26,6740.4,6889.0,6738.9,6868.2,6745.4,6890.3,6743.9,6873.2,5.0,1.5
2015-01-27,6868.1,6874.86,6773.22,6848.5,6873.1,6879.1,6773.8,6853.5,5.0,0.82
2015-01-28,6848.8,6879.3,6741.0,6762.6,6853.8,6884.3,6746.0,6767.6,5.0,2.67
2015-01-29,6762.7,6859.8,6738.2,6837.2,6767.7,6864.8,6743.2,6842.2,5.0,2.69
2015-01-30,6837.8,6843.5,6720.9,6739.8,6842.8,6844.0,6726.9,6744.8,5.0,1.06
2015-02-02,6722.4,6837.7,6722.4,6794.6,6727.4,6842.7,6727.4,6799.6,5.0,2.4
2015-02-03,6794.8,6905.0,6771.0,6885.5,6799.8,6906.0,6776.0,6890.5,5.0,3.12
2015-02-04,6885.3,6896.9,6792.2,6801.9,6890.3,6901.9,6797.2,6806.9,5.0,0.87
2015-02-05,6801.3,6870.0,6796.7,6848.1,6806.3,6871.51,6801.7,6853.1,5.0,6.72
2015-02-06,6847.9,6888.0,6816.3,6838.0,6852.9,6888.59,6817.3,6843.0,5.0,5.7
2015-02-09,6816.9,6847.8,6775.08,6830.1,6821.9,6848.77,6775.63,6835.1,5.0,3.38
2015-02-10,6830.5,6849.3,6787.39,6835.1,6835.5,6850.56,6788.39,6840.1,5.0,7.02
2015-02-11,6834.3,6862.7,6785.0,6819.4,6839.3,6867.7,6785.63,6824.4,5.0,0.73
2015-02-12,6820.44,6855.26,6811.26,6854.74,6821.44,6857.0,6812.26,6855.74,1.0,2.47
2015-02-13,6855.57,6889.77,6850.58,6889.77,6856.57,6890.77,6851.58,6890.77,1.0,2.81
2015-02-16,6880.7,6880.73,6822.0,6837.97,6881.7,6881.73,6823.0,6840.0,2.03,1.23
2015-02-17,6839.2,6914.0,6816.0,6900.41,6840.2,6916.0,6817.0,6901.41,1.0,1.82
2015-02-18,6906.81,6921.31,6876.0,6897.0,6907.81,6922.06,6877.0,6900.54,3.54,2.52
2015-02-19,6888.18,6912.0,6863.0,6894.0,6889.18,6913.0,6864.0,6896.0,2.0,0.24
2015-02-20,6880.99,6960.0,6878.24,6946.64,6881.99,6960.89,6879.24,6947.64,1.0,1.72
2015-02-23,6941.02,6957.0,6885.26,6907.65,6942.02,6958.0,6887.0,6908.65,1.0,2.26
2015-02-24,6915.45,6960.0,6898.39,6944.0,6916.45,6961.0,6900.0,6945.0,1.0,2.47
2015-02-25,6944.46,6955.65,6904.43,6925.89,6945.46,6957.0,6906.0,6926.89,1.0,3.87
2015-02-26,6930.22,6958.66,6918.96,6946.14,6931.22,6960.0,6921.0,6947.14,1.0,4.82
2015-02-27,6947.14,6970.0,6923.14,6924.89,6948.14,6971.0,6924.39,6925.89,1.0,5.82
2015-03-02,6946.0,6976.0,6923.76,6953.2,6948.0,6977.0,6925.01,6954.2,1.0,4.54
2015-03-03,6940.75,6965.0,6874.75,6905.25,6941.75,6966.0,6876.0,6906.25,1.0,3.35
2015-03-04,6900.45,6934.11,6860.0,6919.06,6901.45,6935.11,6861.0,6920.06,1.0,5.87
2015-03-05,6906.0,6969.56,6901.0,6957.23,6908.0,6970.56,6902.0,6958.23,1.0,6.25
2015-03-06,6960.12,6962.37,6877.0,6884.85,6961.12,6963.37,6878.0,6885.85,1.0,3.1
2015-03-09,6880.51,6896.01,6858.01,6870.0,6881.51,6897.01,6859.01,6872.0,2.0,3.55
2015-03-10,6858.88,6868.0,6689.86,6710.86,6859.88,6868.5,6690.86,6711.86,1.0,5.07
2015-03-11,6718.0,6737.28,6692.0,6729.33,6720.0,6738.28,6693.0,6730.33,1.0,3.48
2015-03-12,6744.48,6802.0,6744.48,6764.0,6745.48,6802.18,6745.48,6766.0,2.0,4.18
2015-03-13,6771.67,6778.17,6711.22,6762.75,6772.67,6779.17,6712.22,6763.75,1.0,2.89
2015-03-16,6771.12,6819.05,6758.1,6797.55,6772.12,6822.0,6759.1,6798.55,1.0,2.02
2015-03-17,6797.93,6861.58,6796.88,6843.57,6798.93,6862.58,6797.88,6844.57,1.0,5.75
2015-03-18,6845.8,6995.3,6830.55,6958.7,6846.8,6996.3,6831.55,6963.7,5.0,4.53
2015-03-19,6959.1,6983.8,6928.8,6963.2,6964.1,6984.24,6929.68,6968.2,5.0,3.95
2015-03-20,6963.0,7032.19,6956.3,7019.3,6968.0,7032.8,6957.0,7019.5,0.2,5.56
2015-03-23,7032.4,7045.0,6989.79,7022.5,7037.4,7047.0,6990.6,7027.5,5.0,6.02
2015-03-24,7022.9,7065.55,7003.68,7008.9,7027.9,7066.1,7005.18,7013.9,5.0,4.6
2015-03-25,7009.1,7036.38,6959.6,6973.2,7014.1,7036.88,6964.6,6978.2,5.0,6.78
2015-03-26,6973.4,6977.3,6874.85,6900.8,6978.4,6979.2,6875.85,6905.8,5.0,5.67
2015-03-27,6900.4,6930.6,6836.36,6867.93,6905.4,6935.6,6837.0,6868.93,1.0,6.53
2015-03-30,6858.4,6914.88,6850.0,6897.9,6863.4,6915.88,6855.0,6902.9,5.0,4.92
2015-03-31,6898.1,6907.35,6752.9,6763.1,6903.1,6908.35,6757.9,6768.1,5.0,5.47
2015-04-01,6763.5,6855.8,6670.7,6811.5,6768.5,6857.3,6675.7,6816.5,5.0,3.47
2015-04-02,6805.07,6849.98,6789.85,6842.73,6806.07,6851.23,6790.85,6843.73,1.0,3.68
2015-04-07,6851.0,6968.0,6850.0,6926.32,6853.0,6970.0,6852.0,6927.32,1.0,3.13
2015-04-08,6931.73,7012.17,6929.3,6963.68,6932.73,7013.17,6930.8,6970.0,6.32,3.56
2015-04-09,6956.66,7049.0,6953.94,7035.87,6957.66,7051.0,6954.94,7036.87,1.0,2.07
2015-04-10,7034.77,7097.36,7026.9,7086.64,7035.77,7100.0,7027.9,7087.64,1.0,2.01
2015-04-13,7081.6,7089.0,7040.5,7047.25,7082.6,7091.0,7041.5,7048.25,1.0,1.57
2015-04-14,7055.3,7086.12,7047.76,7077.72,7056.3,7087.12,7048.76,7078.72,1.0,1.81
2015-04-15,7074.13,7113.0,7056.37,7101.0,7075.13,7114.0,7057.37,7103.0,2.0,3.83
2015-04-16,7104.48,7127.52,7048.94,7078.0,7105.48,7128.0,7052.0,7080.0,2.0,4.69
2015-04-17,7075.43,7102.22,6974.0,6999.48,7076.43,7105.0,6977.0,7000.48,1.0,7.97
2015-04-20,7016.7,7068.65,7009.71,7037.58,7017.7,7070.0,7012.0,7039.0,1.42,5.48
2015-04-21,7049.91,7104.74,7028.31,7062.94,7051.02,7106.0,7029.0,7065.0,2.06,6.25
2015-04-22,7064.91,7090.27,6994.55,7045.08,7066.0,7091.0,6995.0,7046.08,1.0,6.21
2015-04-23,7031.02,7084.81,6994.0,7071.85,7032.02,7085.0,6994.62,7075.3,3.45,1.62
2015-04-24,7062.1,7102.67,7049.51,7059.04,7067.1,7103.3,7050.51,7060.04,1.0,2.9
2015-04-27,7073.0,7123.42,7021.0,7072.8,7078.0,7124.42,7022.5,7077.8,5.0,7.41
2015-04-28,7075.5,7088.005,6981.99,7049.71,7080.5,7089.51,6982.99,7050.71,1.0,3.82
2015-04-29,7038.5,7060.88,6928.06,6981.83,7040.5,7061.88,6928.6,6982.83,1.0,5.22
2015-04-30,6963.1,6987.94,6903.5,6927.68,6965.1,6988.3,6903.8,6928.68,1.0,7.33
2015-05-01,6946.68,7036.3,6914.0,7033.8,6948.06,7037.3,6914.8,7034.8,1.0,2.79
2015-05-04,7024.6,7068.33,6983.51,7043.93,7029.6,7069.33,6984.51,7044.93,1.0,3.28
2015-05-05,7042.1,7053.0,6920.82,6937.99,7043.1,7053.9,6921.82,6938.99,1.0,9.54
2015-05-06,6949.26,6975.12,6897.0,6923.9,6950.26,6976.12,6897.5,6924.56,0.66,3.32
2015-05-07,6916.8,6922.8,6807.0,6891.73,6918.8,6923.22,6808.5,6892.23,0.5,13.35
2015-05-08,6903.13,7061.167,6901.77,7044.0,6904.13,7064.0,6902.77,7045.0,1.0,5.93
2015-05-11,7047.3,7086.0,7005.0,7017.8,7052.3,7087.0,7005.56,7019.5,1.7,4.74
2015-05-12,7023.07,7038.0,6884.0,6931.0,7024.07,7038.3,6885.0,6932.0,1.0,5.55
2015-05-13,6942.3,6992.3,6920.0,6937.0,6947.3,6993.5,6920.5,6937.66,0.66,2.79
2015-05-14,6928.0,6985.44,6882.57,6977.72,6930.0,6986.3,6883.5,6978.5,0.78,3.95
2015-05-15,6975.8,7011.16,6935.5,6976.59,6978.3,7012.0,6935.83,6976.795,0.205,6.93
2015-05-18,6961.5,7020.46,6929.0,6978.77,6966.5,7021.46,6929.3,6979.77,1.0,3.85
2015-05-19,6985.47,7014.48,6971.0,6990.455,6986.47,7015.48,6971.32,6991.6,1.145,6.88
2015-05-20,6997.8,7023.0,6958.0,7013.5,7002.8,7024.0,6958.8,7014.5,1.0,2.8
2015-05-21,6993.1,7028.5,6990.0,7017.6,6998.1,7029.5,6990.6,7018.6,1.0,0.92
2015-05-22,7011.5,7064.0,7009.5,7032.3,7019.52,7064.27,7014.5,7033.53,1.23,0.77
2015-05-25,7036.07,7049.9,7016.67,7036.7,7037.07,7054.9,7017.67,7041.7,5.0,0.72
2015-05-26,7035.7,7052.5,6929.0,6958.3,7040.7,7053.68,6929.45,6958.93,0.63,6.23
2015-05-27,6961.8,7056.0,6947.0,7035.5,6962.8,7056.52,6947.8,7035.6,0.1,7.83
2015-05-28,7026.55,7050.0,7005.0,7044.12,7027.55,7050.1,7005.6,7044.97,0.85,6.86
2015-05-29,7047.25,7071.0,6960.0,6991.79,7048.25,7071.6,6961.1,6992.79,1.0,9.71
2015-06-01,7016.1,7039.995,6937.0,6969.0,7021.1,7041.0,6939.3,6970.0,1.0,8.73
2015-06-02,6963.41,6973.0,6868.0,6924.5,6964.41,6974.3,6870.0,6925.0,0.5,5.17
2015-06-03,6929.33,6988.0,6900.0,6937.5,6930.76,6989.0,6901.49,6938.5,1.0,8.96
2015-06-04,6921.3,6931.0,6808.0,6841.5,6926.3,6932.0,6808.74,6841.98,0.48,9.86
2015-06-05,6841.11,6849.0,6784.0,6818.5,6842.12,6851.0,6784.61,6819.5,1.0,11.47
2015-06-08,6815.3,6826.0,6762.0,6779.0,6820.3,6827.0,6762.94,6779.75,0.75,11.36
2015-06-09,6783.34,6804.0,6726.0,6735.0,6784.42,6804.5,6726.83,6735.83,0.83,11.61
2015-06-10,6738.0,6844.0,6731.0,6827.9,6743.0,6845.3,6731.91,6828.4,0.5,10.2
2015-06-11,6816.6,6870.42,6805.0,6837.0,6821.6,6871.3,6805.5,6839.0,2.0,2.58
2015-06-12,6829.0,6834.0,6758.0,6783.5,6830.0,6835.0,6759.0,6784.5,1.0,0.98
2015-06-15,6753.4,6773.8,6702.3,6723.9,6758.4,6775.0,6704.0,6724.9,1.0,0.6
2015-06-16,6715.8,6724.3,6655.0,6722.7,6720.8,6725.3,6656.0,6723.7,1.0,0.59
2015-06-17,6713.5,6730.0,6654.0,6670.8,6718.5,6731.0,6656.0,6672.0,1.2,0.61
2015-06-18,6658.1,6742.8,6623.5,6708.5,6663.1,6744.0,6624.0,6710.0,1.5,0.69
2015-06-19,6682.7,6760.3,6682.3,6693.3,6687.7,6762.0,6687.3,6696.5,3.2,0.53
2015-06-22,6726.9,6826.3,6724.9,6797.0,6731.9,6827.0,6729.9,6798.0,1.0,0.59
2015-06-23,6820.5,6856.5,6819.5,6835.4,6825.5,6857.0,6822.5,6837.0,1.6,0.4
2015-06-24,6850.9,6874.5,6823.8,6823.8,6855.9,6875.0,6824.8,6826.0,2.2,0.58
2015-06-25,6831.8,6869.0,6788.0,6795.5,6836.8,6869.3,6789.0,6796.0,0.5,0.53
2015-06-26,6785.3,6793.3,6728.0,6746.8,6787.3,6795.0,6729.0,6749.0,2.2,0.47
2015-06-29,6586.5,6693.0,6515.8,6566.0,6596.5,6693.1,6525.8,6568.0,2.0,4.87
2015-06-30,6579.4,6604.89,6495.8,6539.0,6584.4,6605.59,6496.5,6539.3,0.3,7.1
2015-07-01,6544.1,6639.9,6544.1,6581.25,6549.1,6640.5,6549.1,6581.5,0.25,0.95
2015-07-02,6581.5,6647.91,6581.5,6624.96,6586.5,6648.1,6582.57,6625.5,0.54,1.37
2015-07-03,6631.5,6633.5,6571.0,6586.0,6636.5,6636.5,6571.86,6602.0,16.0,0.54
2015-07-06,6511.3,6572.0,6501.0,6519.03,6521.3,6572.5,6501.57,6520.5,1.47,1.02
2015-07-07,6544.8,6551.98,6428.17,6526.0,6549.8,6552.127,6429.0,6527.95,1.95,1.15
2015-07-08,6460.8,6516.28,6434.62,6461.75,6465.8,6517.0,6435.0,6462.0,0.25,0.5
2015-07-09,6500.4,6597.0,6498.3,6550.23,6502.9,6597.22,6500.0,6550.4,0.17,0.95
2015-07-10,6614.88,6695.0,6614.88,6684.31,6615.88,6695.3,6615.88,6685.337,1.027,0.61
2015-07-13,6661.67,6774.08,6630.0,6730.5,6662.67,6775.08,6630.9,6730.65,0.15,1.67
2015-07-14,6734.72,6758.12,6708.97,6750.47,6735.72,6758.5,6710.33,6751.47,1.0,1.65
2015-07-15,6746.5,6775.0,6718.84,6733.49,6751.5,6775.8,6720.113,6734.3,0.81,0.93
2015-07-16,6770.19,6804.45,6751.13,6788.2,6771.19,6805.0,6752.0,6789.0,0.8,0.61
2015-07-17,6784.92,6803.0,6763.5,6776.495,6785.92,6803.6,6763.94,6777.9,1.405,0.47
2015-07-20,6778.9,6813.0,6768.12,6796.0,6783.9,6813.55,6769.0,6796.785,0.785,0.59
2015-07-21,6802.37,6802.37,6749.0,6762.74,6803.435,6803.435,6749.25,6763.74,1.0,0.64
2015-07-22,6736.0,6742.94,6651.0,6689.06,6741.0,6743.94,6651.24,6690.06,1.0,0.81
2015-07-23,6701.96,6714.393,6623.0,6631.0,6702.96,6717.0,6623.77,6631.63,0.63,1.06
2015-07-24,6639.31,6686.0,6539.35,6543.0,6640.31,6686.4,6540.3,6543.667,0.667,0.64
2015-07-27,6557.88,6588.9,6488.56,6495.52,6558.88,6589.13,6489.35,6496.52,1.0,0.54
2015-07-28,6518.4,6591.0,6518.2,6582.75,6523.4,6591.46,6521.0,6584.25,1.5,0.7
2015-07-29,6577.165,6646.41,6574.0,6639.94,6578.5,6647.0,6574.69,6640.94,1.0,0.71
2015-07-30,6637.98,6699.0,6630.62,6673.73,6638.98,6699.66,6631.0,6675.23,1.5,0.55
2015-07-31,6674.15,6710.0,6646.0,6689.0,6675.15,6710.1,6646.8,6690.07,1.07,0.6
2015-08-03,6676.975,6712.0,6635.15,6670.3,6678.3,6712.28,6635.8,6670.8,0.5,0.72
2015-08-04,6669.2,6717.89,6642.9,6692.14,6671.7,6719.0,6643.3,6693.64,1.5,0.53
2015-08-05,6687.8,6766.637,6687.8,6732.27,6688.3,6767.35,6688.26,6733.385,1.115,3.61
2015-08-06,6709.1,6763.0,6703.8,6742.0,6714.1,6765.0,6704.68,6742.915,0.915,27.96
2015-08-07,6745.99,6755.3,6715.3,6734.32,6746.99,6756.3,6717.8,6737.2,2.88,24.38
2015-08-10,6741.2,6763.71,6650.22,6743.3,6746.2,6766.0,6652.0,6744.3,1.0,11.57
2015-08-11,6722.9,6722.9,6651.05,6672.97,6727.9,6727.9,6651.3,6675.4,2.43,12.28
2015-08-12,6626.28,6632.4,6534.46,6622.52,6627.4,6633.4,6535.0,6623.52,1.0,11.85
2015-08-13,6605.38,6636.72,6551.0,6565.61,6606.38,6638.0,6552.0,6566.61,1.0,7.96
2015-08-14,6564.76,6588.29,6540.4,6583.44,6565.76,6589.29,6541.4,6584.44,1.0,3.88
2015-08-17,6588.38,6594.39,6506.94,6567.0,6589.38,6595.39,6507.5,6567.24,0.24,4.87
2015-08-18,6565.04,6568.02,6503.0,6522.0,6566.04,6569.8,6503.87,6523.29,1.29,12.73
2015-08-19,6505.7,6511.0,6388.0,6408.62,6510.7,6513.3,6389.11,6409.62,1.0,12.62
2015-08-20,6394.6,6409.0,6310.0,6310.0,6399.6,6409.7,6310.4,6310.4,0.4,22.76
2015-08-21,6276.2,6344.0,6123.0,6132.98,6281.2,6344.72,6123.443,6133.98,1.0,21.28
2015-08-24,6016.0,6068.0,5768.0,5859.3,6021.0,6068.8,5769.0,5860.3,1.0,25.62
2015-08-25,5930.86,6117.0,5928.0,5928.0,5931.86,6118.0,5929.315,5933.3,5.3,21.84
2015-08-26,6039.0,6096.0,5941.0,6080.2,6044.0,6096.8,5941.143,6081.215,1.015,30.87
2015-08-27,6087.0,6232.0,6069.0,6207.0,6089.0,6233.0,6070.113,6207.79,0.79,24.17
2015-08-28,6190.5,6259.0,6150.0,6238.39,6195.5,6260.3,6150.22,6239.39,1.0,26.97
2015-08-31,6191.3,6241.7,6162.3,6211.9,6196.3,6246.7,6167.3,6216.9,5.0,0.82
2015-09-01,6139.5,6244.0,5984.0,6004.66,6144.5,6250.0,5984.71,6004.8,0.14,30.78
2015-09-02,6062.0,6163.0,6018.0,6126.0,6067.0,6164.17,6019.5,6130.0,4.0,42.32
2015-09-03,6125.12,6216.0,6116.26,6152.6,6126.12,6216.99,6117.57,6157.6,5.0,23.08
2015-09-04,6111.3,6141.0,6011.0,6033.11,6111.93,6141.8,6011.53,6033.9,0.79,21.39
2015-09-07,6084.46,6126.0,6057.0,6074.93,6084.96,6126.5,6057.48,6075.49,0.56,11.88
2015-09-08,6084.0,6198.0,6070.0,6173.26,6085.0,6198.147,6070.6,6174.72,1.46,17.13
2015-09-09,6230.5,6284.0,6147.95,6154.0,6231.5,6284.79,6148.37,6155.65,1.65,21.03
2015-09-10,6167.3,6217.7,6125.05,6172.37,6172.3,6218.5,6125.8,6173.37,1.0,40.06
2015-09-11,6173.08,6178.0,6111.86,6158.43,6174.08,6179.0,6112.87,6159.677,1.247,34.88
2015-09-14,6166.38,6193.13,6063.64,6093.25,6167.38,6194.13,6064.0,6094.25,1.0,23.56
2015-09-15,6095.21,6177.25,6017.57,6172.76,6096.21,6178.25,6018.5,6173.76,1.0,18.35
2015-09-16,6162.75,6255.73,6162.36,6255.14,6164.525,6256.73,6163.36,6256.14,1.0,20.29
2015-09-17,6257.98,6261.98,6145.49,6170.95,6258.98,6262.98,6147.497,6172.4,1.45,19.84
2015-09-18,6179.5,6186.8,6063.637,6091.47,6181.5,6187.8,6063.8,6092.47,1.0,15.66
2015-09-21,6086.165,6170.08,6070.003,6109.34,6087.33,6170.8,6070.5,6110.34,1.0,12.46
2015-09-22,6114.67,6125.81,5927.66,5959.8,6115.985,6126.03,5928.637,5960.8,1.0,10.8
2015-09-23,5916.54,6068.99,5901.27,6023.3,5918.02,6069.96,5902.0,6024.3,1.0,8.39
2015-09-24,6014.08,6056.05,5946.777,6017.01,6015.08,6056.675,5947.0,6018.01,1.0,11.22
2015-09-25,6041.42,6132.01,6035.52,6079.03,6042.42,6133.17,6036.52,6080.03,1.0,33.82
2015-09-28,6069.0,6100.31,5910.5,5927.38,6072.0,6101.31,5911.01,5928.38,1.0,24.44
2015-09-29,5905.21,5954.36,5874.51,5929.14,5905.8,5955.0,5875.3,5930.14,1.0,20.84
2015-09-30,5976.845,6080.9,5973.06,6075.25,5977.89,6082.0,5974.06,6078.683,3.433,15.93
2015-10-01,6138.5,6173.47,6033.6,6090.05,6140.5,6174.47,6034.6,6091.325,1.275,29.71
2015-10-02,6098.29,6235.44,6050.367,6234.65,6099.29,6236.0,6051.0,6235.65,1.0,13.04
2015-10-05,6249.0,6343.96,6211.54,6343.96,6254.0,6344.96,6212.0,6344.59,0.63,13.85
2015-10-06,6310.5,6343.68,6253.51,6306.86,6315.5,6344.51,6254.3,6307.86,1.0,20.16
2015-10-07,6327.5,6397.04,6318.22,6375.6,6332.5,6397.58,6318.5,6376.1,0.5,16.12
2015-10-08,6326.275,6431.49,6302.07,6429.53,6326.6,6432.49,6302.5,6430.76,1.23,11.14
2015-10-09,6434.11,6453.34,6385.95,6409.08,6435.11,6454.0,6386.665,6410.08,1.0,8.59
2015-10-12,6407.0,6413.34,6350.77,6374.94,6408.0,6414.0,6351.77,6375.94,1.0,14.98
2015-10-13,6366.82,6381.62,6291.17,6298.9,6367.82,6382.62,6292.0,6299.8,0.9,22.61
2015-10-14,6289.32,6316.44,6256.59,6265.77,6290.32,6317.41,6257.0,6266.77,1.0,8.15
2015-10-15,6297.0,6395.62,6297.0,6385.47,6299.0,6396.62,6298.0,6386.47,1.0,18.85
2015-10-16,6381.0,6398.39,6355.4,6390.43,6383.0,6399.0,6356.0,6391.43,1.0,13.23
2015-10-19,6378.12,6407.7,6330.63,6356.94,6379.12,6408.28,6331.0,6357.98,1.04,8.31
2015-10-20,6347.21,6367.58,6318.11,6351.7,6348.255,6368.58,6319.0,6352.7,1.0,22.73
2015-10-21,6373.0,6387.97,6314.79,6321.27,6376.0,6388.8,6315.5,6322.27,1.0,14.46
2015-10-22,6334.0,6406.82,6317.48,6389.54,6336.0,6408.0,6318.48,6390.77,1.23,8.93
2015-10-23,6409.9,6487.09,6399.65,6450.883,6410.75,6488.0,6400.0,6451.0,0.117,9.85
2015-10-26,6422.0,6452.22,6402.14,6411.04,6424.0,6453.407,6403.39,6412.113,1.073,29.75
2015-10-27,6402.0,6414.0,6357.59,6366.82,6403.0,6415.32,6357.82,6367.06,0.24,9.92
2015-10-28,6363.0,6456.88,6356.053,6456.74,6366.0,6457.0,6356.5,6457.0,0.26,8.03
2015-10-29,6433.0,6436.65,6356.14,6391.08,6434.8,6438.0,6356.5,6391.5,0.42,7.86
2015-10-30,6408.0,6414.49,6336.0,6342.83,6410.0,6415.07,6336.835,6343.83,1.0,9.02
2015-11-02,6323.0,6395.03,6311.8,6394.54,6328.0,6396.0,6312.15,6395.0,0.46,5.04
2015-11-03,6390.0,6412.42,6343.05,6406.26,6391.15,6413.42,6344.05,6407.26,1.0,23.7
2015-11-04,6397.0,6460.0,6390.02,6409.72,6398.0,6462.0,6391.0,6410.5,0.78,21.41
2015-11-05,6408.0,6422.91,6356.38,6369.75,6410.0,6423.07,6357.3,6370.75,1.0,10.53
2015-11-06,6379.15,6396.66,6331.09,6377.62,6380.0,6397.0,6331.8,6378.5,0.88,11.36
2015-11-09,6362.0,6382.29,6277.34,6306.0,6363.0,6382.8,6278.0,6308.35,2.35,13.22
2015-11-10,6321.33,6329.78,6248.31,6286.0,6322.0,6330.78,6248.8,6288.0,2.0,10.7
2015-11-11,6297.367,6327.903,6270.36,6281.0,6298.8,6328.01,6271.0,6284.0,3.0,6.32
2015-11-12,6293.0,6301.0,6139.0,6139.0,6296.0,6303.02,6142.66,6145.0,6.0,19.33
2015-11-13,6144.0,6164.0,6087.49,6100.0,6149.0,6165.96,6087.84,6100.6,0.6,14.61
2015-11-16,6055.0,6232.0,6050.0,6228.0,6065.0,6233.0,6052.0,6232.6,4.6,17.4
2015-11-17,6237.6,6279.0,6208.0,6243.0,6238.1,6281.12,6209.39,6249.0,6.0,18.72
2015-11-18,6247.0,6316.0,6226.0,6304.0,6249.0,6317.0,6227.44,6307.2,3.2,22.81
2015-11-19,6312.0,6368.0,6307.0,6331.0,6319.99,6368.8,6310.0,6332.5,1.5,16.39
2015-11-20,6337.0,6362.0,6305.5,6308.0,6337.42,6362.68,6306.59,6309.5,1.5,18.86
2015-11-23,6304.0,6327.0,6264.5,6288.0,6305.8,6328.58,6266.42,6291.3,3.3,16.3
2015-11-24,6291.0,6313.0,6220.0,6304.0,6293.0,6315.0,6220.8,6310.0,6.0,13.69
2015-11-25,6302.0,6348.0,6286.87,6333.0,6304.0,6349.0,6287.87,6339.0,6.0,9.6
2015-11-26,6343.5,6400.0,6331.0,6383.09,6344.0,6401.0,6332.79,6384.09,1.0,8.9
2015-11-27,6354.0,6392.13,6344.0,6372.0,6357.0,6393.13,6345.0,6376.5,4.5,11.9
2015-11-30,6369.0,6388.0,6328.0,6352.0,6372.0,6389.07,6329.5,6353.92,1.92,9.45
2015-12-01,6384.0,6424.0,6365.0,6418.0,6385.77,6425.0,6366.34,6423.0,5.0,9.39
2015-12-02,6424.0,6448.28,6371.0,6381.0,6426.0,6449.28,6373.0,6385.0,4.0,15.16
2015-12-03,6396.0,6445.18,6196.0,6209.0,6398.0,6446.22,6198.81,6215.0,6.0,17.84
2015-12-04,6238.49,6294.21,6216.21,6287.0,6239.49,6295.0,6217.17,6290.0,3.0,14.71
2015-12-07,6282.0,6288.0,6207.0,6235.0,6283.0,6289.0,6207.6,6241.0,6.0,7.68
2015-12-08,6220.0,6229.0,6118.91,6133.0,6220.39,6230.0,6119.01,6139.0,6.0,13.38
2015-12-09,6151.0,6175.0,6048.0,6082.0,6153.0,6176.0,6048.68,6085.0,3.0,16.11
2015-12-10,6089.0,6126.0,6066.22,6072.0,6093.0,6127.0,6066.72,6073.0,1.0,13.04
2015-12-11,6077.0,6081.0,5917.0,5923.0,6077.5,6083.0,5919.0,5928.0,5.0,17.09
2015-12-14,5953.0,6010.0,5862.72,5944.0,5955.0,6011.4,5863.31,5944.83,0.83,17.94
2015-12-15,5933.0,6038.0,5914.26,6014.0,5934.89,6038.41,5915.26,6018.0,4.0,13.86
2015-12-16,6041.0,6151.0,6024.0,6133.0,6041.59,6151.21,6024.8,6134.34,1.34,16.54
2015-12-17,6124.0,6168.0,6091.0,6096.0,6125.905,6168.75,6093.03,6099.0,3.0,15.75
2015-12-18,6085.0,6106.0,6000.0,6000.0,6086.26,6107.11,6002.47,6003.0,3.0,19.27
2015-12-21,6014.93,6115.43,6014.93,6052.0,6015.93,6116.43,6015.93,6056.0,4.0,8.65
2015-12-22,6076.0,6132.0,6029.0,6123.63,6077.38,6133.0,6029.43,6124.63,1.0,12.77
2015-12-23,6127.0,6269.0,6127.0,6263.0,6129.98,6270.81,6128.17,6268.0,5.0,13.64
2015-12-24,6236.46,6264.0,6235.0,6244.0,6237.46,6265.75,6236.69,6245.71,1.71,3.0
2015-12-29,6250.0,6323.52,6248.5,6304.0,6253.0,6324.52,6249.95,6309.0,5.0,9.34
2015-12-30,6303.5,6308.38,6251.0,6257.0,6304.5,6309.38,6253.14,6260.0,3.0,12.44
2015-12-31,6258.5,6267.0,6236.0,6246.0,6260.77,6268.0,6236.15,6246.56,0.56,1.81
2016-01-04,6171.0,6185.0,6065.0,6135.0,6173.92,6187.0,6067.39,6140.0,5.0,16.69
2016-01-05,6148.0,6168.42,6076.0,6151.0,6151.0,6169.42,6077.96,6154.0,3.0,17.71
2016-01-06,6103.0,6123.4,6012.0,6048.0,6104.59,6124.4,6013.95,6053.0,5.0,20.24
2016-01-07,5966.0,5976.0,5876.0,5883.0,5968.0,5977.01,5878.69,5887.0,4.0,22.97
2016-01-08,5957.0,6013.34,5879.0,5887.0,5960.08,6014.47,5879.385,5889.0,2.0,18.02
2016-01-11,5878.0,5944.0,5843.0,5903.0,5879.0,5945.0,5843.335,5908.0,5.0,9.66
2016-01-12,5870.0,5989.0,5860.0,5947.0,5871.0,5990.0,5861.55,5949.0,2.0,8.84
2016-01-13,5972.0,6012.0,5836.0,5847.0,5974.04,6013.0,5836.18,5851.0,4.0,14.68
2016-01-14,5888.0,6003.0,5826.98,5973.0,5891.0,6005.0,5827.08,5976.0,3.0,10.38
2016-01-15,5913.0,5937.0,5737.0,5789.0,5914.29,5939.0,5738.0,5790.0,1.0,18.03
2016-01-18,5816.0,5853.0,5765.0,5774.0,5818.04,5854.63,5766.0,5776.07,2.07,19.68
2016-01-19,5842.0,5916.0,5799.0,5845.0,5844.0,5917.54,5800.0,5849.0,4.0,45.49
2016-01-20,5751.0,5774.0,5600.0,5718.0,5754.0,5776.74,5601.0,5722.0,4.0,34.97
2016-01-21,5690.0,5823.0,5658.0,5773.0,5693.02,5825.0,5658.14,5777.0,4.0,27.75
2016-01-22,5836.0,5943.42,5829.0,5932.0,5836.755,5945.0,5831.0,5936.0,4.0,23.62
2016-01-25,5943.0,5943.0,5833.0,5835.0,5945.0,5945.0,5834.93,5838.0,3.0,40.0
2016-01-26,5800.0,5942.0,5770.0,5934.0,5802.58,5942.97,5770.85,5938.0,4.0,39.91
2016-01-27,5922.0,6026.0,5870.0,5930.0,5923.37,6028.45,5870.66,5933.0,3.0,37.81
2016-01-28,5939.0,6021.0,5887.0,5945.0,5939.73,6022.51,5888.0,5951.0,6.0,45.39
2016-01-29,6005.0,6129.0,5975.75,6121.0,6007.94,6129.86,5976.55,6126.0,5.0,41.21
2016-02-01,6118.0,6121.0,5991.0,6059.0,6119.0,6122.84,5992.21,6062.0,3.0,41.44
2016-02-02,6040.0,6042.0,5867.0,5880.0,6043.62,6045.41,5868.19,5882.78,2.78,42.68
2016-02-03,5874.0,5922.0,5789.0,5897.9,5875.88,5923.21,5789.12,5898.0,0.1,38.12
2016-02-04,5933.0,5946.0,5830.0,5909.0,5937.0,5947.74,5831.17,5911.0,2.0,51.22
2016-02-05,5898.0,5945.0,5821.0,5844.0,5901.23,5946.43,5821.81,5845.63,1.63,39.19
2016-02-08,5879.0,5886.0,5657.22,5714.0,5881.0,5887.45,5658.22,5716.0,2.0,30.28
2016-02-09,5677.0,5740.0,5593.86,5652.0,5677.89,5741.0,5594.86,5653.0,1.0,25.33
2016-02-10,5643.01,5713.0,5614.0,5627.0,5644.01,5713.88,5615.14,5633.0,6.0,24.02
2016-02-11,5621.0,5627.0,5494.0,5565.0,5625.0,5629.07,5495.0,5571.0,6.0,23.49
2016-02-12,5569.0,5732.0,5560.57,5731.0,5571.0,5733.0,5561.285,5733.0,2.0,26.12
2016-02-15,5789.48,5845.58,5789.0,5809.95,5790.48,5846.58,5790.0,5810.95,1.0,8.44
2016-02-16,5848.95,5901.0,5810.0,5896.0,5849.95,5902.0,5812.19,5899.0,3.0,24.63
2016-02-17,5877.88,6054.84,5864.27,6034.0,5878.88,6055.84,5865.27,6037.0,3.0,18.7
2016-02-18,6034.0,6035.0,5948.02,5963.0,6038.0,6039.0,5949.02,5967.0,4.0,16.46
2016-02-19,5971.0,6002.0,5915.0,5948.94,5971.93,6003.0,5915.93,5949.94,1.0,20.14
2016-02-22,5973.71,6066.0,5973.0,6035.0,5974.71,6067.0,5974.13,6035.1,0.1,17.57
2016-02-23,5998.595,6024.95,5950.0,5950.0,5999.69,6025.95,5952.55,5955.58,5.58,13.94
2016-02-24,5943.37,5963.0,5843.0,5948.0,5944.37,5963.94,5845.15,5952.0,4.0,18.7
2016-02-25,5930.0,6051.46,5913.0,6049.59,5935.0,6052.86,5913.94,6050.59,1.0,19.4
2016-02-26,6053.04,6116.95,6052.0,6078.0,6054.04,6117.95,6053.0,6082.0,4.0,21.75
2016-02-29,6049.0,6106.0,6031.8,6045.0,6051.0,6106.6,6032.8,6049.0,4.0,54.46
2016-03-01,6054.0,6183.3,6053.77,6178.0,6055.135,6183.69,6054.77,6181.0,3.0,68.06
2016-03-02,6204.36,6205.95,6094.62,6152.52,6205.36,6206.95,6095.62,6153.52,1.0,93.18
2016-03-03,6147.28,6172.5,6105.1,6153.77,6148.28,6173.5,6106.1,6154.77,1.0,66.62
2016-03-04,6155.45,6219.76,6149.75,6183.55,6156.45,6220.76,6150.75,6184.55,1.0,21.04
2016-03-07,6175.56,6214.66,6124.43,6177.94,6176.56,6215.66,6125.43,6178.94,1.0,15.93
2016-03-08,6140.83,6175.8,6099.86,6117.47,6141.83,6175.9,6100.86,6118.47,1.0,69.45
2016-03-09,6133.5,6176.09,6116.89,6147.2,6133.69,6177.09,6117.89,6150.3,3.1,28.35
2016-03-10,6146.8,6204.31,6006.54,6064.7,6147.8,6205.31,6007.54,6067.8,3.1,31.92
2016-03-11,6114.97,6165.17,6112.31,6163.37,6115.97,6166.17,6113.31,6164.37,1.0,23.47
2016-03-14,6145.0,6198.57,6140.8,6169.81,6146.0,6199.57,6141.9,6170.81,1.0,18.4
2016-03-15,6148.0,6159.4,6113.5,6157.7,6149.0,6160.8,6114.3,6160.8,3.1,26.71
2016-03-16,6159.0,6192.8,6133.86,6184.0,6160.0,6193.78,6134.86,6188.0,4.0,23.49
2016-03-17,6193.75,6228.1,6121.8,6199.8,6194.75,6229.28,6124.95,6201.72,1.92,13.42
2016-03-18,6193.27,6237.0,6169.93,6180.42,6194.27,6238.3,6170.93,6181.42,1.0,21.18
2016-03-21,6167.35,6215.23,6149.8,6190.5,6168.35,6216.72,6150.8,6195.4,4.9,13.0
2016-03-22,6184.0,6200.11,6106.8,6184.7,6186.63,6201.11,6108.0,6187.8,3.1,18.66
2016-03-23,6176.8,6217.41,6162.8,6170.2,6179.25,6218.76,6164.15,6174.32,4.12,19.72
2016-03-24,6155.4,6158.5,6088.3,6145.2,6157.0,6159.46,6089.51,6148.3,3.1,61.38
2016-03-29,6142.42,6159.28,6066.75,6144.04,6143.42,6160.3,6069.25,6145.47,1.43,13.08
2016-03-30,6144.8,6221.36,6143.3,6198.0,6145.8,6222.36,6145.8,6200.0,2.0,11.79
2016-03-31,6186.0,6194.5,6147.3,6152.0,6189.18,6195.8,6148.81,6155.0,3.0,14.07
2016-04-01,6131.57,6163.3,6074.3,6152.0,6132.57,6164.31,6075.0,6155.5,3.5,22.45
2016-04-04,6152.19,6203.96,6127.3,6162.0,6153.19,6204.96,6128.3,6165.0,3.0,19.25
2016-04-05,6136.05,6136.3,6060.3,6075.0,6137.05,6137.3,6061.07,6078.0,3.0,22.44
2016-04-06,6108.2,6188.0,6093.8,6185.2,6109.2,6189.0,6094.68,6188.0,2.8,21.86
2016-04-07,6174.45,6203.3,6106.0,6120.5,6176.0,6204.3,6107.96,6123.5,3.0,19.78
2016-04-08,6151.985,6216.5,6149.5,6197.2,6153.47,6217.36,6151.0,6200.3,3.1,17.23
2016-04-11,6196.65,6230.3,6162.8,6174.5,6197.7,6231.8,6164.61,6178.0,3.5,13.27
2016-04-12,6193.96,6262.8,6175.0,6254.0,6194.96,6263.36,6175.96,6257.0,3.0,51.93
2016-04-13,6278.57,6374.793,6278.3,6365.2,6279.57,6375.81,6278.93,6368.3,3.1,30.36
2016-04-14,6366.035,6377.66,6336.04,6359.7,6367.27,6379.28,6337.04,6362.8,3.1,14.34
2016-04-15,6363.06,6373.3,6326.37,6331.2,6364.63,6373.73,6327.89,6337.2,6.0,27.64
2016-04-18,6278.91,6357.05,6259.16,6350.7,6279.91,6358.05,6260.26,6353.8,3.1,22.4
2016-04-19,6352.08,6417.02,6352.08,6408.2,6353.08,6418.02,6353.08,6411.3,3.1,58.23
2016-04-20,6378.18,6432.0,6365.5,6412.3,6379.18,6432.15,6366.39,6413.3,1.0,16.66
2016-04-21,6428.8,6433.06,6346.94,6357.5,6429.8,6434.06,6347.99,6360.5,3.0,18.21
2016-04-22,6360.395,6369.977,6287.38,6322.96,6361.59,6371.49,6288.38,6324.18,1.22,18.1
2016-04-25,6306.4,6324.28,6248.0,6275.42,6307.4,6325.1,6248.33,6276.64,1.22,22.11
2016-04-26,6273.54,6298.0,6265.8,6289.7,6274.54,6298.8,6266.1,6292.8,3.1,23.0
2016-04-27,6274.96,6344.3,6253.5,6324.8,6276.28,6345.1,6253.86,6327.5,2.7,17.78
2016-04-28,6288.55,6323.8,6221.86,6265.7,6289.55,6324.47,6222.03,6268.8,3.1,24.08
2016-04-29,6267.84,6293.8,6231.41,6255.0,6268.84,6294.6,6232.36,6259.0,4.0,21.74
2016-05-02,6257.94,6293.29,6236.5,6281.3,6258.94,6294.78,6242.5,6287.3,6.0,5.29
2016-05-03,6270.58,6283.803,6158.0,6189.0,6271.58,6285.04,6158.39,6193.0,4.0,24.87
2016-05-04,6188.25,6196.69,6098.13,6117.0,6189.375,6197.69,6099.13,6120.0,3.0,19.77
2016-05-05,6137.3,6154.0,6099.67,6115.0,6138.8,6154.58,6100.67,6120.5,5.5,21.22
2016-05-06,6106.8,6158.95,6052.3,6156.5,6107.78,6160.73,6054.6,6159.5,3.0,22.4
2016-05-09,6163.8,6179.3,6106.24,6121.0,6165.3,6180.0,6107.49,6122.5,1.5,22.99
2016-05-10,6140.48,6182.3,6113.6,6167.0,6141.48,6183.3,6114.44,6168.0,1.0,24.14
2016-05-11,6149.88,6173.88,6130.5,6140.0,6150.88,6174.88,6131.5,6141.0,1.0,16.27
2016-05-12,6144.51,6195.87,6088.2,6119.8,6145.51,6197.29,6090.86,6120.8,1.0,34.41
2016-05-13,6092.065,6143.975,6059.0,6099.0,6093.13,6144.8,6059.42,6099.5,0.5,49.72
2016-05-16,6121.0,6178.675,6089.4,6173.7,6121.1,6179.0,6089.85,6176.8,3.1,16.88
2016-05-17,6173.8,6217.05,6129.3,6136.5,6174.8,6218.05,6129.7,6137.5,1.0,27.22
2016-05-18,6145.5,6172.8,6111.8,6140.5,6145.84,6173.5,6112.25,6143.5,3.0,25.46
2016-05-19,6109.8,6121.8,6048.5,6084.3,6109.9,6122.8,6049.12,6085.3,1.0,33.82
2016-05-20,6115.3,6159.175,6106.2,6149.2,6115.85,6160.3,6107.03,6154.8,5.6,48.18
2016-05-23,6157.0,6173.9,6120.02,6134.5,6158.0,6174.9,6121.02,6139.0,4.5,22.74
2016-05-24,6124.35,6242.54,6107.8,6237.3,6125.35,6243.54,6108.47,6238.3,1.0,19.58
2016-05-25,6265.5,6278.0,6243.68,6269.5,6266.5,6278.9,6245.327,6273.5,4.0,53.94
2016-05-26,6258.98,6282.05,6243.5,6255.8,6259.193,6283.05,6244.35,6259.3,3.5,27.98
2016-05-27,6274.3,6277.3,6249.27,6263.21,6275.3,6277.61,6249.71,6264.21,1.0,25.91
2016-05-31,6274.877,6291.3,6206.7,6223.25,6276.0,6291.66,6207.32,6224.5,1.25,41.7
2016-06-01,6221.277,6228.0,6149.59,6205.3,6221.73,6228.92,6150.59,6208.3,3.0,12.81
2016-06-02,6182.0,6221.43,6172.0,6219.8,6183.0,6222.43,6172.98,6220.8,1.0,18.79
2016-06-03,6219.65,6252.8,6167.3,6234.3,6220.8,6253.74,6168.27,6235.5,1.2,18.23
2016-06-06,6236.723,6303.1,6227.8,6271.7,6237.4,6304.1,6228.66,6274.8,3.1,15.18
2016-06-07,6279.437,6323.3,6262.8,6267.5,6279.81,6324.2,6263.39,6270.5,3.0,15.85
2016-06-08,6266.61,6307.833,6260.4,6298.7,6267.61,6309.0,6261.27,6301.8,3.1,32.33
2016-06-09,6281.8,6284.8,6217.02,6228.0,6282.8,6285.8,6218.02,6232.5,4.5,33.9
2016-06-10,6221.0,6226.0,6076.88,6090.51,6222.0,6227.0,6077.875,6091.51,1.0,40.71
2016-06-13,6066.3,6103.0,6015.5,6035.5,6067.2,6103.38,6015.86,6036.5,1.0,27.36
2016-06-14,6041.5,6042.8,5905.8,5935.5,6042.5,6043.3,5906.507,5942.52,7.02,24.1
2016-06-15,5938.8,6008.31,5932.95,5951.0,5939.8,6009.31,5933.95,5952.0,1.0,15.47
2016-06-16,5916.43,5995.0,5893.59,5987.3,5916.89,5995.7,5894.59,5988.3,1.0,25.17
2016-06-17,6004.5,6057.2,5969.4,6052.3,6005.01,6058.2,5970.35,6053.3,1.0,19.31
2016-06-20,6177.4,6238.72,6127.59,6155.8,6178.5,6239.04,6128.59,6156.9,1.1,53.9
2016-06-21,6188.95,6282.3,6152.55,6244.98,6190.0,6283.3,6153.55,6246.49,1.51,53.65
2016-06-22,6260.65,6318.3,6219.34,6254.8,6261.8,6318.75,6221.78,6258.8,4.0,40.41
2016-06-23,6317.3,6383.01,6271.01,6362.05,6318.3,6384.01,6272.01,6363.525,1.475,26.68
2016-06-24,5791.93,6231.0,5725.68,6055.085,5794.115,6231.56,5726.68,6056.87,1.785,17.23
2016-06-27,6007.96,6127.8,5956.8,6008.24,6009.13,6128.26,5957.75,6009.24,1.0,15.93
2016-06-28,6040.51,6203.82,6039.8,6202.1,6041.51,6204.82,6040.8,6203.45,1.35,12.19
2016-06-29,6205.8,6377.99,6201.33,6345.61,6207.445,6378.99,6202.33,6346.61,1.0,13.88
2016-06-30,6355.6,6583.5,6308.02,6560.5,6356.7,6584.3,6309.02,6563.8,3.3,26.15
2016-07-01,6542.8,6615.3,6498.68,6584.75,6543.8,6615.74,6500.03,6586.2,1.45,39.41
2016-07-04,6603.67,6627.53,6512.88,6549.0,6604.67,6628.53,6513.77,6550.0,1.0,15.69
2016-07-05,6521.38,6563.3,6471.3,6548.72,6522.38,6563.58,6472.07,6549.72,1.0,42.11
2016-07-06,6545.83,6579.8,6429.45,6543.0,6546.83,6580.21,6430.42,6547.0,4.0,57.18
2016-07-07,6532.02,6579.3,6503.05,6532.3,6533.02,6579.91,6503.973,6533.3,1.0,27.49
2016-07-08,6523.05,6606.23,6512.46,6594.5,6524.05,6607.23,6514.07,6595.5,1.0,15.39
2016-07-11,6626.16,6695.5,6600.0,6666.8,6627.16,6696.49,6600.68,6667.8,1.0,19.04
2016-07-12,6668.76,6703.31,6663.8,6666.5,6669.76,6704.31,6664.45,6667.5,1.0,21.21
2016-07-13,6651.36,6717.5,6649.5,6681.5,6652.36,6718.9,6649.87,6686.5,5.0,40.21
2016-07-14,6691.0,6743.3,6645.5,6661.05,6696.71,6746.15,6647.56,6662.3,1.25,39.15
2016-07-15,6636.0,6677.73,6609.0,6666.0,6636.74,6678.44,6610.27,6667.0,1.0,17.96
2016-07-18,6687.63,6715.06,6676.8,6694.5,6688.63,6715.92,6678.68,6695.5,1.0,16.03
2016-07-19,6681.3,6710.3,6658.3,6703.3,6684.8,6711.3,6659.9,6706.3,3.0,26.41
2016-07-20,6714.0,6736.8,6691.0,6699.3,6717.8,6737.31,6693.3,6702.3,3.0,23.16
2016-07-21,6707.3,6732.0,6675.81,6683.5,6711.8,6733.0,6676.81,6686.8,3.3,24.64
2016-07-22,6679.95,6738.0,6662.297,6732.03,6680.35,6738.8,6662.5,6733.03,1.0,12.59
2016-07-25,6730.74,6756.3,6690.5,6709.5,6735.0,6756.5,6691.5,6710.5,1.0,14.95
2016-07-26,6727.49,6745.5,6706.8,6733.3,6731.0,6746.5,6707.8,6737.6,4.3,5.9
2016-07-27,6740.8,6779.3,6728.97,6734.8,6745.0,6780.52,6730.3,6738.5,3.7,3.88
2016-07-28,6747.32,6762.3,6709.59,6733.3,6749.3,6762.8,6711.3,6735.8,2.5,25.56
2016-07-29,6736.825,6742.0,6689.3,6728.75,6738.8,6743.23,6690.3,6731.0,2.25,40.71
2016-08-01,6755.13,6769.5,6663.8,6671.9,6759.3,6770.7,6665.25,6673.0,1.1,22.92
2016-08-02,6673.8,6688.5,6629.0,6657.25,6677.2,6688.65,6630.0,6658.5,1.25,32.59
2016-08-03,6646.0,6675.5,6617.3,6643.8,6651.35,6677.29,6618.3,6644.8,1.0,31.8
2016-08-04,6644.8,6760.775,6613.3,6758.5,6647.75,6761.7,6613.5,6759.5,1.0,43.07
2016-08-05,6764.38,6803.3,6735.8,6792.8,6765.38,6803.7,6736.8,6793.8,1.0,18.1
2016-08-08,6796.71,6830.21,6779.5,6813.5,6797.71,6830.81,6780.6,6815.5,2.0,73.76
2016-08-09,6814.3,6863.75,6807.75,6836.5,6818.09,6864.75,6808.25,6837.5,1.0,71.39
2016-08-10,6836.0,6865.69,6816.0,6846.3,6839.87,6866.83,6816.8,6852.3,6.0,60.21
2016-08-11,6824.0,6917.8,6813.3,6903.3,6827.74,6918.7,6813.65,6904.3,1.0,65.33
2016-08-12,6910.71,6931.68,6895.8,6908.8,6911.71,6932.3,6896.3,6909.8,1.0,5.85
2016-08-15,6924.29,6956.0,6909.75,6938.0,6925.29,6957.0,6910.3,6939.0,1.0,8.75
2016-08-16,6921.0,6940.8,6888.3,6893.5,6924.13,6941.3,6890.08,6895.21,1.71,8.67
2016-08-17,6900.8,6919.8,6848.0,6895.5,6904.01,6920.45,6848.5,6897.51,2.01,3.39
2016-08-18,6889.8,6895.0,6848.8,6875.5,6893.87,6897.62,6850.0,6876.5,1.0,2.85
2016-08-19,6862.0,6873.3,6839.8,6860.0,6866.46,6874.71,6841.49,6861.0,1.0,4.82
2016-08-22,6841.3,6885.3,6810.8,6841.5,6845.07,6886.29,6811.8,6842.5,1.0,5.87
2016-08-23,6841.5,6884.3,6841.3,6855.8,6845.19,6885.13,6842.33,6856.8,1.0,2.65
2016-08-24,6845.0,6865.8,6810.83,6820.0,6847.88,6867.0,6810.99,6821.0,1.0,314.79
2016-08-25,6821.3,6826.8,6777.5,6807.47,6826.51,6829.01,6779.88,6808.53,1.06,3.11
2016-08-26,6808.77,6857.46,6768.769,6797.47,6812.73,6858.331,6769.71,6798.53,1.06,9.61
2016-08-29,6794.86,6829.67,6782.759,6815.66,6796.93,6831.741,6788.83,6821.73,6.07,30.46
2016-08-30,6823.459,6851.47,6806.27,6825.469,6825.958,6852.53,6806.507,6826.531,1.062,24.79
2016-08-31,6812.969,6831.27,6761.27,6784.469,6816.091,6832.09,6762.86,6785.531,1.062,253.76
2016-09-01,6801.27,6826.77,6720.759,6768.469,6804.661,6826.961,6722.241,6772.031,3.562,328.55
2016-09-02,6758.459,6929.47,6752.769,6900.77,6762.98,6930.12,6754.23,6901.83,1.06,401.84
2016-09-05,6918.769,6922.858,6865.959,6883.77,6922.991,6923.401,6866.84,6884.83,1.06,169.79
2016-09-06,6892.479,6896.469,6816.769,6835.77,6893.658,6897.23,6817.33,6836.83,1.06,36.41
2016-09-07,6845.69,6855.27,6812.699,6838.269,6846.77,6856.44,6813.341,6839.331,1.062,11.66
2016-09-08,6840.269,6888.47,6818.269,6860.77,6847.21,6891.49,6819.331,6861.83,1.06,5.65
2016-09-09,6848.26,6859.769,6731.269,6731.469,6854.691,6861.38,6733.88,6735.83,4.361,22.46
2016-09-12,6682.469,6765.47,6654.469,6764.15,6688.25,6766.76,6655.63,6765.33,1.18,73.99
2016-09-13,6734.27,6738.969,6646.47,6665.269,6738.34,6740.67,6647.551,6666.331,1.062,72.03
2016-09-14,6682.469,6720.47,6653.769,6664.969,6685.99,6721.551,6655.091,6666.031,1.062,70.47
2016-09-15,6655.769,6750.77,6651.66,6740.47,6659.77,6751.661,6652.621,6741.53,1.06,79.51
2016-09-16,6725.459,6748.27,6691.27,6740.969,6728.171,6749.331,6692.37,6742.031,1.062,371.94
2016-09-19,6758.269,6817.77,6757.96,6788.97,6760.762,6818.34,6760.36,6792.541,3.571,755.38
2016-09-20,6798.46,6869.769,6794.69,6822.27,6801.58,6871.29,6796.272,6825.831,3.561,99.46
2016-09-21,6848.27,6880.269,6817.47,6865.77,6849.73,6880.53,6818.631,6869.541,3.771,57.79
2016-09-22,6870.76,6938.969,6861.47,6908.769,6873.222,6939.411,6862.401,6912.331,3.562,188.18
2016-09-23,6902.46,6921.769,6882.26,6892.269,6905.54,6922.231,6883.6,6898.341,6.072,267.64
2016-09-26,6880.247,6882.97,6803.27,6818.97,6882.03,6884.53,6805.781,6822.84,3.87,58.53
2016-09-27,6862.469,6868.77,6766.469,6822.269,6863.531,6870.72,6768.031,6823.331,1.062,36.31
2016-09-28,6813.969,6903.769,6805.47,6898.469,6815.031,6905.31,6807.111,6899.531,1.062,44.92
2016-09-29,6910.469,6941.27,6850.47,6865.569,6912.141,6942.08,6851.721,6871.531,5.962,48.25
2016-09-30,6852.769,6921.769,6808.469,6900.259,6853.831,6922.391,6809.36,6903.531,3.272,74.97
2016-10-03,6906.27,6996.27,6895.76,6965.26,6907.33,6996.531,6896.311,6968.031,2.771,250.42
2016-10-04,6977.269,7128.9,6973.969,7048.969,6978.331,7129.55,6975.03,7054.33,5.361,33.68
2016-10-05,7061.969,7081.47,7023.27,7038.469,7063.05,7082.53,7024.33,7042.531,4.062,17.7
2016-10-06,7040.97,7058.269,6997.919,7029.759,7042.03,7058.83,6998.861,7033.53,3.771,112.39
2016-10-07,7050.769,7078.969,7011.45,7054.97,7051.831,7079.831,7012.7,7057.83,2.86,132.62
2016-10-10,7065.149,7104.269,7022.399,7093.769,7066.211,7104.831,7023.501,7098.531,4.762,59.36
2016-10-11,7078.019,7129.469,7052.959,7077.47,7079.101,7129.84,7054.01,7080.83,3.36,58.8
2016-10-12,7065.47,7078.77,7013.39,7042.469,7066.53,7079.83,7014.46,7043.531,1.062,192.22
2016-10-13,6995.9,7011.65,6928.449,6996.97,6997.33,7012.53,6929.331,6998.03,1.06,23.68
2016-10-14,7007.27,7055.27,6989.93,7012.969,7008.33,7056.031,6990.541,7014.031,1.062,8.55
2016-10-17,6993.98,7001.47,6933.48,6946.93,6995.05,7001.65,6934.56,6947.99,1.06,47.59
2016-10-18,6970.47,7033.869,6969.26,7004.619,6971.53,7034.941,6969.831,7005.691,1.072,2.24
2016-10-19,7008.149,7034.099,6975.207,7022.33,7009.221,7035.161,6975.73,7023.39,1.06,0.85
2016-10-20,7025.97,7048.55,6997.28,7028.599,7027.03,7049.61,6997.531,7029.661,1.062,0.71
2016-10-21,7015.27,7058.609,7009.469,7037.469,7016.33,7059.681,7010.531,7038.531,1.062,9.76
2016-10-24,7037.969,7068.27,6980.269,6995.469,7039.031,7069.33,6980.97,6996.531,1.062,5.85
2016-10-25,7007.469,7067.269,6999.97,7009.27,7009.031,7067.951,7001.03,7010.33,1.06,13.34
2016-10-26,7000.769,7003.269,6914.27,6940.329,7001.831,7005.041,6915.23,6941.401,1.072,33.28
2016-10-27,6922.289,7010.47,6918.799,6976.669,6923.361,7010.711,6919.871,6980.031,3.362,45.75
2016-10-28,6970.52,7007.11,6922.61,6956.97,6971.59,7008.03,6923.67,6958.53,1.56,5.37
2016-10-31,6979.41,6980.27,6929.46,6941.16,6980.49,6980.791,6930.382,6942.24,1.08,2.89
2016-11-01,6963.99,6992.269,6879.469,6899.06,6965.03,6992.941,6879.882,6900.13,1.07,6.51
2016-11-02,6873.599,6901.701,6825.85,6842.27,6874.671,6902.231,6827.043,6846.03,3.76,78.47
2016-11-03,6835.12,6872.469,6748.22,6759.399,6836.19,6872.881,6749.71,6760.471,1.072,225.15
2016-11-04,6769.41,6773.47,6653.57,6660.7,6770.718,6774.53,6654.953,6661.78,1.08,544.59
2016-11-07,6771.269,6814.47,6758.859,6813.969,6772.331,6815.531,6759.83,6815.031,1.062,0.97
2016-11-08,6806.469,6876.21,6788.77,6863.77,6807.531,6876.861,6789.571,6864.83,1.06,13.49
2016-11-09,6613.86,6953.3,6610.77,6927.969,6615.845,6954.031,6611.83,6929.031,1.062,47.5
2016-11-10,6938.47,6998.47,6798.17,6830.969,6939.53,6999.331,6798.37,6832.031,1.062,3.66
2016-11-11,6828.729,6852.431,6707.469,6738.969,6829.791,6853.03,6708.13,6740.031,1.062,4.38
2016-11-14,6781.969,6815.499,6731.86,6769.269,6783.051,6816.231,6732.331,6770.331,1.062,6.38
2016-11-15,6774.649,6822.609,6764.64,6820.85,6775.731,6823.681,6765.33,6821.93,1.08,3.7
2016-11-16,6820.217,6823.552,6733.733,6754.469,6821.371,6824.741,6734.03,6759.341,4.872,3.74
2016-11-17,6766.585,6808.38,6744.153,6805.769,6767.701,6811.031,6744.83,6811.031,5.262,2.81
2016-11-18,6804.51,6812.299,6739.559,6771.47,6804.83,6813.33,6739.731,6776.94,5.47,2.24
2016-11-21,6790.109,6822.27,6752.7,6793.469,6791.171,6823.33,6753.43,6794.531,1.062,1.49
2016-11-22,6821.95,6852.77,6809.969,6847.269,6823.01,6853.041,6810.84,6848.331,1.062,2.82
2016-11-23,6849.49,6881.27,6776.969,6828.769,6850.665,6881.661,6777.98,6832.83,4.061,59.89
2016-11-24,6817.959,6836.26,6787.789,6820.47,6824.041,6838.53,6790.33,6824.531,4.061,226.59
2016-11-25,6827.56,6851.77,6815.879,6837.869,6830.33,6852.531,6817.331,6838.931,1.062,36.45
2016-11-28,6834.689,6834.77,6766.72,6779.93,6835.751,6835.82,6767.72,6780.03,0.1,39.76
2016-11-29,6788.609,6799.85,6728.389,6769.27,6789.691,6800.53,6728.689,6773.03,3.76,11.35
2016-11-30,6770.509,6846.77,6764.939,6764.969,6771.571,6847.461,6765.33,6769.03,4.061,39.33
2016-12-01,6768.78,6785.259,6686.26,6722.759,6769.85,6786.03,6687.111,6727.03,4.271,51.23
2016-12-02,6709.939,6744.969,6676.92,6707.959,6711.011,6745.631,6677.831,6712.53,4.571,38.0
2016-12-05,6685.809,6799.769,6681.619,6753.769,6686.881,6800.669,6682.691,6756.531,2.762,243.95
2016-12-06,6750.56,6814.269,6719.949,6803.259,6752.53,6816.03,6722.331,6808.53,5.271,515.15
2016-12-07,6817.259,6939.759,6809.95,6928.259,6818.903,6941.53,6812.53,6932.331,4.072,645.4
2016-12-08,6913.96,6949.469,6889.829,6929.46,6916.331,6951.231,6892.231,6933.03,3.57,324.11
2016-12-09,6930.679,6976.969,6926.919,6971.959,6932.103,6978.83,6929.33,6976.03,4.071,310.67
2016-12-12,6975.289,6975.289,6868.319,6882.96,6976.361,6976.361,6869.83,6886.83,3.87,48.44
2016-12-13,6881.959,6979.769,6875.109,6967.769,6885.731,6981.831,6876.83,6972.031,4.262,79.11
2016-12-14,6963.17,6985.97,6926.83,6935.769,6965.331,6988.031,6928.737,6938.83,3.061,336.26
2016-12-15,6944.259,7011.269,6926.27,6995.769,6948.83,7013.231,6927.6,7002.031,6.262,111.53
2016-12-16,7000.96,7037.77,6980.55,7001.77,7006.031,7039.231,6981.73,7002.83,1.06,27.13
2016-12-19,7023.77,7026.27,6985.819,6999.47,7027.03,7027.341,6987.03,7003.531,4.061,7.17
2016-12-20,7008.579,7046.269,6992.76,7031.259,7009.789,7047.341,6992.981,7036.031,4.772,4.4
2016-12-21,7029.76,7055.77,7023.729,7030.26,7034.03,7056.451,7024.801,7033.53,3.27,22.24
2016-12-22,7023.269,7063.769,7018.25,7042.259,7023.631,7065.34,7018.631,7045.73,3.471,82.12
2016-12-23,7053.43,7072.469,7052.849,7064.27,7053.748,7073.341,7053.53,7068.03,3.76,25.71
2016-12-28,7071.759,7110.77,7069.269,7074.83,7074.831,7111.36,7070.331,7078.83,4.0,72.97
2016-12-29,7076.96,7122.74,7073.119,7090.46,7082.53,7123.8,7074.191,7095.33,4.87,12.03
2016-12-30,7108.459,7137.889,7078.969,7102.959,7114.531,7138.971,7081.041,7109.031,6.072,41.13
2017-01-03,7164.187,7205.379,7158.995,7183.889,7165.621,7206.34,7159.341,7186.031,2.142,45.77
2017-01-04,7190.85,7199.759,7165.14,7194.969,7191.943,7202.04,7166.22,7200.531,5.562,402.48
2017-01-05,7178.47,7210.47,7170.759,7193.47,7180.5,7210.841,7171.741,7198.03,4.56,122.52
2017-01-06,7190.97,7227.27,7178.96,7215.77,7196.03,7227.831,7179.901,7219.03,3.26,168.2
2017-01-09,7236.1,7243.76,7205.12,7239.349,7237.463,7244.84,7206.419,7240.421,1.072,227.16
2017-01-10,7239.829,7285.415,7239.139,7264.469,7240.901,7286.05,7240.03,7265.531,1.062,147.91
2017-01-11,7269.219,7328.253,7255.97,7302.469,7270.45,7328.541,7257.03,7304.031,1.562,150.15
2017-01-12,7278.56,7330.269,7262.859,7325.38,7279.62,7330.737,7263.83,7326.46,1.08,186.2
2017-01-13,7325.14,7339.77,7306.731,7332.239,7326.2,7341.541,7306.874,7333.321,1.082,24.31
2017-01-16,7340.639,7357.27,7317.929,7325.469,7341.835,7357.894,7319.241,7329.031,3.562,5.44
2017-01-17,7304.759,7318.77,7216.24,7222.969,7309.83,7319.331,7218.98,7224.031,1.062,131.51
2017-01-18,7240.419,7257.129,7215.919,7252.269,7243.031,7260.38,7219.03,7259.63,7.361,71.29
2017-01-19,7253.969,7257.27,7189.47,7199.759,7257.531,7259.031,7191.331,7204.23,4.471,55.0
2017-01-20,7213.099,7222.77,7176.53,7192.469,7216.231,7223.831,7178.53,7198.331,5.862,60.41
2017-01-23,7161.069,7176.27,7128.65,7171.26,7162.151,7177.831,7130.33,7175.181,3.921,37.19
2017-01-24,7172.97,7184.459,7142.029,7170.759,7176.681,7185.831,7143.44,7173.031,2.272,10.63
2017-01-25,7169.76,7205.259,7150.88,7169.46,7172.33,7206.341,7151.83,7171.881,2.421,41.9
2017-01-26,7182.769,7189.299,7149.179,7159.26,7184.881,7191.281,7151.23,7163.031,3.771,8.25
2017-01-27,7162.46,7185.459,7148.529,7170.289,7166.031,7187.43,7151.23,7171.371,1.082,6.29
2017-01-30,7149.77,7153.09,7103.45,7135.469,7150.79,7154.1,7104.46,7140.331,4.862,8.67
2017-01-31,7118.16,7162.47,7094.549,7123.97,7119.331,7163.83,7096.73,7127.83,3.86,227.18
2017-02-01,7146.069,7169.27,7097.0,7118.47,7148.581,7170.831,7098.83,7119.53,1.06,245.97
2017-02-02,7095.18,7163.97,7089.349,7156.27,7097.43,7165.53,7091.03,7161.88,5.61,145.6
2017-02-03,7140.26,7202.449,7131.759,7190.27,7147.13,7203.731,7132.831,7196.981,6.711,14.94
2017-02-06,7185.14,7208.76,7161.969,7179.419,7186.585,7209.83,7163.83,7183.131,3.712,288.64
2017-02-07,7171.97,7228.029,7157.16,7177.269,7175.63,7229.131,7158.23,7183.131,5.862,219.41
2017-02-08,7182.84,7196.519,7145.259,7189.22,7190.38,7198.98,7146.33,7192.88,3.66,48.14
2017-02-09,7195.599,7242.96,7181.769,7236.37,7197.081,7243.431,7182.131,7237.43,1.06,65.18
2017-02-10,7254.629,7274.769,7242.02,7265.259,7255.711,7277.43,7242.931,7266.93,1.671,57.9
2017-02-13,7263.89,7298.969,7256.369,7280.879,7265.465,7299.841,7256.931,7281.951,1.072,74.18
2017-02-14,7273.499,7293.641,7249.719,7289.349,7274.571,7294.341,7250.87,7292.08,2.731,212.26
2017-02-15,7294.789,7322.77,7284.189,7317.899,7296.58,7323.331,7285.03,7321.431,3.532,137.1
2017-02-16,7287.75,7298.759,7258.27,7282.609,7291.131,7298.859,7259.531,7283.03,0.421,22.94
2017-02-17,7274.23,7315.099,7252.3,7310.94,7275.29,7316.731,7253.83,7312.48,1.54,34.26
2017-02-20,7316.959,7320.339,7281.26,7295.12,7318.031,7321.531,7282.331,7300.38,5.26,53.61
2017-02-21,7290.15,7298.47,7265.77,7287.96,7291.745,7299.781,7268.53,7293.681,5.721,253.08
2017-02-22,7284.23,7315.759,7272.399,7305.259,7286.181,7316.831,7273.33,7309.33,4.071,202.26
2017-02-23,7284.847,7309.967,7261.119,7272.27,7285.93,7311.331,7261.531,7276.63,4.36,201.44
2017-02-24,7264.459,7272.03,7191.959,7262.27,7265.531,7274.031,7192.83,7266.43,4.16,29.71
2017-02-27,7278.51,7283.769,7238.719,7274.27,7280.831,7285.831,7239.541,7276.83,2.56,12.31
2017-02-28,7268.975,7285.309,7245.6,7268.47,7271.331,7287.43,7246.991,7272.53,4.06,55.66
2017-03-01,7285.73,7398.279,7280.72,7385.069,7287.131,7400.03,7281.83,7388.031,2.962,23.12
2017-03-02,7383.769,7393.269,7370.41,7380.969,7385.231,7394.331,7371.83,7382.031,1.062,474.01
2017-03-03,7364.17,7385.09,7351.27,7366.169,7367.13,7386.53,7352.23,7368.531,2.362,244.82
2017-03-06,7361.77,7367.089,7338.239,7364.17,7362.83,7368.531,7339.73,7366.03,1.86,117.65
2017-03-07,7369.17,7369.17,7330.669,7332.789,7370.53,7370.531,7332.531,7335.03,2.241,93.57
2017-03-08,7328.569,7354.74,7314.23,7321.269,7331.031,7356.831,7315.83,7322.331,1.062,177.2
2017-03-09,7314.099,7322.809,7261.55,7320.62,7314.931,7326.031,7264.53,7325.281,4.661,237.69
2017-03-10,7336.489,7371.26,7330.46,7349.519,7338.53,7372.831,7331.53,7352.381,2.862,540.98
2017-03-13,7356.609,7377.27,7339.469,7373.97,7357.381,7378.28,7340.53,7377.53,3.56,323.7
2017-03-14,7379.63,7390.72,7339.269,7361.07,7380.733,7391.78,7340.28,7366.23,5.16,217.3
2017-03-15,7365.4,7398.57,7358.269,7393.759,7366.53,7400.831,7359.331,7397.531,3.772,7.64
2017-03-16,7405.97,7444.77,7399.569,7421.77,7407.03,7446.43,7400.831,7422.83,1.06,24.15
2017-03-17,7406.769,7448.27,7402.959,7425.679,7408.831,7449.83,7404.581,7426.741,1.062,45.43
2017-03-20,7425.4,7434.969,7400.759,7417.919,7426.531,7436.031,7401.691,7421.481,3.562,87.07
2017-03-21,7428.97,7440.769,7342.26,7347.27,7430.98,7441.681,7342.592,7350.93,3.66,459.08
2017-03-22,7334.269,7344.27,7301.259,7324.67,7336.431,7345.731,7301.531,7330.33,5.66,103.78
2017-03-23,7329.269,7345.82,7305.679,7328.469,7330.331,7346.531,7306.33,7329.531,1.062,9.99
2017-03-24,7343.97,7349.77,7307.969,7334.159,7345.03,7350.831,7308.641,7335.221,1.062,45.58
2017-03-27,7287.97,7309.97,7251.77,7303.77,7291.03,7311.841,7254.83,7306.73,2.96,333.06
2017-03-28,7314.97,7363.469,7282.47,7354.669,7317.83,7365.0,7284.18,7361.431,6.762,344.76
2017-03-29,7364.969,7380.77,7309.97,7376.67,7366.9,7381.831,7311.03,7378.83,2.16,362.37
2017-03-30,7366.969,7382.27,7336.769,7359.27,7368.178,7383.331,7338.231,7360.93,1.66,224.93
2017-03-31,7336.77,7350.969,7320.259,7328.759,7339.931,7351.531,7320.83,7331.831,3.072,292.19
2017-04-03,7330.259,7352.269,7259.769,7309.959,7332.831,7352.83,7261.33,7313.731,3.772,308.82
2017-04-04,7299.969,7342.26,7292.959,7340.269,7303.53,7344.331,7294.33,7344.331,4.062,251.7
2017-04-05,7334.26,7363.259,7292.26,7294.76,7337.831,7364.83,7295.03,7299.831,5.071,432.88
2017-04-06,7269.269,7321.769,7252.759,7301.259,7270.331,7322.881,7254.33,7304.331,3.072,368.76
2017-04-07,7282.959,7357.769,7281.759,7352.96,7286.331,7359.53,7282.83,7357.031,4.071,475.6
2017-04-10,7353.769,7358.76,7335.26,7345.269,7358.03,7360.53,7336.331,7349.43,4.161,249.97
2017-04-11,7341.76,7407.77,7330.26,7382.759,7343.83,7408.931,7331.43,7386.33,3.571,395.87
2017-04-12,7373.47,7402.27,7335.759,7336.47,7378.831,7403.33,7337.83,7339.33,2.86,358.1
2017-04-13,7342.77,7343.77,7296.269,7303.269,7345.53,7345.53,7297.33,7305.831,2.562,323.31
2017-04-18,7313.459,7322.76,7111.96,7130.47,7316.331,7323.53,7113.031,7132.403,1.933,372.88
2017-04-19,7125.26,7151.27,7091.969,7102.27,7127.425,7152.341,7092.831,7104.83,2.56,356.72
2017-04-20,7101.26,7127.76,7096.259,7112.959,7106.831,7128.53,7097.33,7115.73,2.771,316.71
2017-04-21,7126.26,7134.76,7103.26,7119.26,7128.5,7135.831,7104.33,7121.831,2.571,314.18
2017-04-24,7188.27,7280.27,7187.959,7263.97,7194.34,7282.341,7191.331,7269.33,5.36,442.98
2017-04-25,7275.759,7289.77,7261.77,7269.97,7280.531,7291.83,7262.831,7274.33,4.36,210.11
2017-04-26,7278.47,7303.259,7260.26,7260.77,7283.031,7304.28,7261.34,7264.031,3.261,311.02
2017-04-27,7259.959,7268.769,7224.412,7245.27,7263.23,7269.731,7225.53,7248.831,3.561,197.95
2017-04-28,7236.759,7247.77,7194.26,7195.27,7240.331,7249.03,7196.33,7198.931,3.661,257.51
2017-05-01,7202.17,7224.97,7192.76,7208.669,7204.23,7231.041,7198.83,7214.741,6.072,28.25
2017-05-02,7217.46,7263.76,7211.67,7254.459,7223.53,7265.33,7212.73,7257.43,2.971,211.05
2017-05-03,7239.969,7252.769,7218.759,7246.27,7243.43,7254.48,7219.83,7250.431,4.161,205.96
2017-05-04,7249.769,7280.77,7224.46,7256.459,7253.88,7281.73,7225.73,7260.381,3.922,257.19
2017-05-05,7233.76,7311.97,7224.76,7307.97,7237.38,7314.281,7225.831,7314.281,6.311,256.51
2017-05-08,7327.269,7327.76,7281.759,7305.76,7331.331,7331.53,7283.83,7308.15,2.39,288.5
2017-05-09,7300.459,7361.26,7299.959,7346.259,7306.531,7362.33,7302.33,7348.831,2.572,226.87
2017-05-10,7337.959,7397.77,7331.069,7387.969,7340.398,7400.031,7332.13,7392.03,4.061,247.28
2017-05-11,7373.96,7398.76,7367.759,7394.469,7377.48,7402.431,7368.73,7400.031,5.562,217.75
2017-05-12,7383.469,7438.77,7381.46,7435.96,7388.831,7440.031,7384.83,7439.53,3.57,214.62
2017-05-15,7442.759,7465.27,7435.259,7464.169,7446.03,7466.431,7436.33,7465.431,1.262,166.95
2017-05-16,7454.17,7533.27,7448.97,7522.97,7455.43,7535.731,7450.531,7524.03,1.06,234.3
2017-05-17,7494.969,7533.47,7447.97,7451.469,7499.781,7534.53,7452.531,7452.531,1.062,238.64
2017-05-18,7449.959,7483.769,7387.26,7464.959,7454.831,7487.83,7390.23,7469.931,4.972,571.18
2017-05-19,7464.26,7489.27,7453.759,7487.47,7468.93,7490.33,7455.331,7488.53,1.06,191.25
2017-05-22,7493.02,7518.77,7486.969,7508.969,7494.33,7519.84,7487.831,7510.031,1.062,209.29
2017-05-23,7497.469,7521.269,7478.77,7503.769,7498.531,7523.331,7479.83,7506.153,2.384,215.2
2017-05-24,7490.259,7522.259,7473.76,7516.26,7494.531,7524.331,7475.83,7519.331,3.071,241.3
2017-05-25,7531.269,7539.47,7494.769,7522.77,7533.528,7540.84,7495.831,7523.83,1.06,298.85
2017-05-26,7518.769,7554.77,7512.77,7543.969,7519.831,7555.841,7513.83,7545.153,1.184,291.41
2017-05-30,7532.72,7535.27,7495.22,7526.97,7534.83,7536.331,7496.03,7528.03,1.06,325.18
2017-05-31,7533.769,7586.26,7513.759,7526.97,7534.831,7587.341,7514.33,7528.03,1.06,401.19
2017-06-01,7539.47,7573.27,7531.77,7571.77,7541.0,7575.341,7532.83,7573.553,1.783,396.54
2017-06-02,7589.22,7597.26,7536.97,7568.219,7591.01,7598.34,7538.531,7573.731,5.512,553.87
2017-06-05,7555.769,7561.27,7517.769,7544.269,7556.831,7562.331,7518.83,7545.331,1.062,84.71
2017-06-06,7524.969,7532.769,7500.469,7523.769,7526.031,7534.841,7501.531,7524.831,1.062,27.15
2017-06-07,7524.77,7554.76,7471.269,7489.97,7525.83,7555.831,7473.831,7494.831,4.861,33.65
2017-06-08,7474.069,7488.759,7442.769,7463.67,7480.54,7490.841,7444.83,7469.341,5.671,48.06
2017-06-09,7468.67,7542.47,7468.67,7515.969,7474.541,7545.541,7473.03,7523.54,7.571,58.6
2017-06-12,7487.719,7540.77,7476.769,7527.769,7495.541,7541.84,7477.831,7530.341,2.572,31.0
2017-06-13,7540.552,7547.769,7489.96,7508.4,7542.841,7548.53,7490.53,7510.83,2.43,5.21
2017-06-14,7500.27,7545.77,7461.269,7487.47,7502.831,7546.831,7462.331,7492.03,4.56,22.24
2017-06-15,7471.959,7474.77,7376.769,7427.47,7476.03,7476.531,7377.831,7428.9,1.43,36.17
2017-06-16,7434.72,7497.969,7432.27,7492.82,7435.73,7500.34,7433.15,7498.531,5.711,39.03
2017-06-19,7505.82,7539.27,7491.419,7528.42,7510.331,7541.831,7493.331,7529.53,1.11,14.29
2017-06-20,7531.42,7560.27,7445.969,7471.319,7536.84,7561.341,7447.031,7476.831,5.512,12.34
2017-06-21,7457.47,7471.269,7413.469,7447.77,7463.83,7472.83,7415.531,7453.031,5.261,8.41
2017-06-22,7450.369,7459.27,7396.269,7426.77,7456.03,7461.331,7397.33,7430.53,3.76,16.13
2017-06-23,7426.662,7441.969,7394.769,7428.169,7429.03,7444.03,7396.231,7433.031,4.862,35.31
2017-06-26,7437.169,7481.27,7437.169,7454.67,7441.831,7482.331,7439.831,7459.33,4.66,16.58
2017-06-27,7447.72,7450.77,7403.32,7405.269,7452.53,7453.031,7404.33,7406.331,1.062,38.32
2017-06-28,7414.319,7446.231,7378.27,7407.27,7415.931,7446.53,7379.33,7408.33,1.06,36.52
2017-06-29,7424.72,7453.27,7304.969,7334.22,7426.28,7453.531,7306.03,7335.28,1.06,37.46
2017-06-30,7340.719,7377.77,7292.27,7319.469,7341.781,7378.83,7293.33,7323.53,4.061,36.73
2017-07-03,7331.22,7385.77,7313.769,7355.769,7332.28,7386.83,7314.83,7357.4,1.631,14.79
2017-07-04,7346.769,7381.77,7332.769,7349.469,7348.675,7382.831,7334.031,7351.5,2.031,5.44
2017-07-05,7357.319,7385.27,7344.77,7379.72,7360.881,7387.03,7345.83,7382.28,2.56,18.38
2017-07-06,7371.37,7371.37,7299.969,7319.47,7373.488,7374.53,7301.33,7320.75,1.28,11.93
2017-07-07,7320.219,7368.27,7311.269,7364.97,7321.938,7371.53,7312.33,7366.03,1.06,7.35
2017-07-10,7376.719,7387.769,7340.82,7366.219,7380.331,7388.831,7341.83,7368.331,2.112,5.12
2017-07-11,7375.77,7385.47,7301.319,7355.22,7377.3,7387.03,7302.33,7356.83,1.61,3.11
2017-07-12,7351.72,7439.27,7346.969,7416.469,7352.83,7440.231,7348.03,7417.531,1.062,3.05
2017-07-13,7421.47,7428.969,7402.269,7419.819,7422.53,7430.031,7403.331,7421.931,2.112,2.19
2017-07-14,7420.32,7422.77,7360.769,7388.27,7422.43,7423.93,7361.83,7389.33,1.06,2.23
2017-07-17,7390.269,7426.969,7383.77,7394.27,7391.331,7428.031,7384.83,7395.88,1.61,2.09
2017-07-18,7386.97,7416.27,7352.769,7399.969,7388.03,7417.33,7353.831,7401.031,1.062,2.34
2017-07-19,7409.77,7440.97,7373.769,7433.47,7410.73,7442.03,7374.83,7434.53,1.06,2.12
2017-07-20,7438.769,7500.77,7430.769,7492.47,7439.881,7501.83,7431.831,7493.53,1.06,3.11
2017-07-21,7488.469,7511.969,7428.269,7453.47,7489.531,7513.031,7429.33,7454.53,1.06,2.73
2017-07-24,7444.77,7446.269,7351.269,7394.469,7445.73,7447.331,7352.33,7395.531,1.062,2.77
2017-07-25,7389.77,7450.27,7383.969,7436.769,7390.83,7451.23,7385.03,7437.831,1.062,2.64
2017-07-26,7431.969,7482.97,7429.769,7440.97,7433.031,7484.031,7430.83,7442.03,1.06,3.04
2017-07-27,7441.169,7456.27,7396.77,7425.97,7446.881,7457.331,7397.83,7428.03,2.06,3.39
2017-07-28,7400.969,7414.47,7331.97,7367.97,7402.031,7415.53,7333.03,7369.03,1.06,2.98
2017-07-31,7366.769,7419.77,7362.269,7377.169,7367.831,7420.831,7363.331,7380.331,3.162,2.38
2017-08-01,7402.77,7435.969,7391.469,7422.969,7403.73,7437.031,7392.531,7424.031,1.062,2.11
2017-08-02,7428.319,7436.47,7384.269,7419.969,7433.981,7437.531,7385.33,7421.031,1.062,2.33
2017-08-03,7400.32,7481.97,7378.97,7462.47,7406.18,7484.381,7380.03,7463.53,1.06,2.56
2017-08-04,7468.269,7517.82,7456.47,7517.419,7469.231,7522.181,7457.53,7520.881,3.462,2.09
2017-08-07,7523.969,7534.77,7512.469,7532.47,7525.031,7535.83,7513.53,7533.53,1.06,1.57
2017-08-08,7516.769,7550.27,7502.969,7510.469,7517.831,7551.33,7504.031,7511.531,1.062,2.22
2017-08-09,7505.469,7513.47,7470.97,7512.47,7506.531,7514.78,7472.03,7513.53,1.06,3.05
2017-08-10,7457.469,7458.469,7346.769,7347.969,7458.531,7459.531,7347.831,7349.031,1.062,3.61
2017-08-11,7347.469,7349.769,7287.419,7289.77,7348.531,7350.831,7289.03,7290.83,1.06,3.45
2017-08-14,7324.769,7373.27,7305.97,7352.469,7325.831,7374.331,7307.03,7355.031,2.562,2.52
2017-08-15,7362.97,7414.77,7349.77,7388.27,7364.03,7415.83,7350.83,7389.33,1.06,2.86
2017-08-16,7396.27,7445.27,7395.769,7424.27,7397.33,7446.58,7396.831,7425.73,1.46,4.63
2017-08-17,7416.769,7430.47,7335.92,7335.92,7417.731,7431.531,7338.83,7340.93,5.01,3.65
2017-08-18,7351.469,7355.77,7296.77,7309.77,7352.531,7356.831,7297.83,7310.83,1.06,3.65
2017-08-21,7295.269,7332.27,7291.269,7319.77,7296.331,7333.33,7292.33,7325.83,6.06,14.72
2017-08-22,7336.47,7389.27,7336.469,7385.77,7337.53,7391.33,7337.53,7386.83,1.06,6.03
2017-08-23,7370.469,7394.77,7352.27,7391.02,7371.531,7395.831,7353.33,7393.48,2.46,2.76
2017-08-24,7385.769,7435.469,7384.47,7396.97,7386.831,7436.531,7385.535,7398.03,1.06,2.52
2017-08-25,7415.469,7437.47,7392.47,7392.47,7416.531,7438.53,7393.83,7396.53,4.06,2.7
2017-08-29,7350.469,7361.269,7283.769,7358.469,7351.531,7362.331,7284.831,7360.531,2.062,3.11
2017-08-30,7363.52,7378.27,7345.269,7372.77,7364.53,7379.381,7346.33,7373.83,1.06,1.83
2017-08-31,7381.47,7442.27,7376.019,7425.47,7382.53,7443.331,7378.33,7430.03,4.56,2.34
2017-09-01,7435.269,7459.27,7432.12,7446.469,7436.331,7460.331,7433.33,7447.531,1.062,1.99
2017-09-04,7414.769,7433.47,7397.269,7423.269,7415.731,7434.53,7398.331,7424.331,1.062,1.58
2017-09-05,7415.969,7435.269,7330.27,7343.269,7417.031,7436.331,7331.33,7344.331,1.062,3.05
2017-09-06,7349.969,7376.77,7315.469,7363.22,7351.031,7377.831,7316.53,7365.63,2.41,3.27
2017-09-07,7352.77,7409.969,7343.769,7392.57,7353.73,7411.58,7344.831,7394.83,2.26,3.42
2017-09-08,7378.27,7385.769,7353.269,7355.669,7379.23,7386.831,7354.331,7357.881,2.212,2.46
2017-09-11,7408.27,7431.97,7382.77,7424.97,7409.23,7433.031,7383.83,7426.03,1.06,2.1
2017-09-12,7424.269,7432.97,7382.769,7396.969,7425.331,7434.031,7383.83,7398.031,1.062,2.22
2017-09-13,7386.969,7399.77,7331.769,7386.77,7388.031,7400.83,7332.83,7387.83,1.06,2.66
2017-09-14,7379.969,7395.269,7282.769,7304.269,7381.031,7396.53,7283.831,7305.331,1.062,2.79
2017-09-15,7283.769,7286.269,7192.769,7212.97,7284.831,7288.48,7193.73,7214.03,1.06,2.68
2017-09-18,7243.269,7260.769,7225.969,7257.969,7244.331,7261.831,7227.031,7259.031,1.062,1.97
2017-09-19,7248.27,7283.769,7239.269,7274.47,7249.33,7284.831,7240.231,7275.53,1.06,2.46
2017-09-20,7275.269,7294.07,7245.77,7288.269,7276.331,7295.531,7246.83,7289.331,1.062,2.51
2017-09-21,7272.469,7287.269,7250.019,7251.47,7273.531,7288.331,7251.33,7252.53,1.06,2.01
2017-09-22,7233.769,7319.27,7233.769,7307.97,7234.831,7320.33,7234.831,7309.03,1.06,2.7
2017-09-25,7294.27,7308.77,7267.77,7295.97,7295.33,7309.83,7268.83,7297.03,1.06,2.45
2017-09-26,7295.27,7309.469,7269.269,7280.969,7296.33,7310.531,7270.33,7282.031,1.062,2.39
2017-09-27,7291.769,7326.77,7283.469,7320.269,7292.831,7327.831,7284.531,7321.331,1.062,2.39
2017-09-28,7320.769,7327.27,7286.269,7322.97,7321.831,7328.331,7287.331,7324.03,1.06,2.01
2017-09-29,7328.27,7381.269,7326.469,7374.969,7329.23,7382.331,7327.53,7376.031,1.062,2.04
2017-10-02,7383.969,7439.469,7373.969,7425.77,7385.031,7440.531,7375.031,7426.83,1.06,1.95
2017-10-03,7439.77,7468.769,7423.769,7464.269,7440.83,7469.831,7424.83,7465.331,1.062,1.57
2017-10-04,7453.77,7475.77,7452.769,7465.97,7454.83,7476.73,7453.83,7467.03,1.06,2.06
2017-10-05,7466.77,7509.97,7462.469,7508.769,7467.83,7511.031,7463.531,7509.831,1.062,2.0
2017-10-06,7511.97,7525.969,7508.769,7524.47,7513.03,7527.031,7509.83,7525.53,1.06,2.2
2017-10-09,7511.269,7521.27,7482.769,7488.269,7512.331,7522.331,7483.831,7489.331,1.062,1.7
2017-10-10,7501.769,7549.269,7497.769,7549.269,7502.831,7550.331,7498.831,7550.331,1.062,2.4
2017-10-11,7548.969,7549.27,7517.469,7536.969,7550.031,7550.33,7518.53,7538.031,1.062,1.96
2017-10-12,7528.269,7563.269,7523.769,7531.769,7529.331,7564.331,7524.831,7532.831,1.062,2.2
2017-10-13,7542.269,7553.77,7519.019,7541.27,7543.331,7554.831,7520.031,7542.33,1.06,2.37
2017-10-16,7552.769,7555.92,7518.27,7539.97,7553.731,7557.03,7519.33,7541.03,1.06,1.89
2017-10-17,7533.769,7550.77,7504.32,7535.769,7534.831,7551.831,7506.031,7536.831,1.062,1.92
2017-10-18,7536.469,7555.27,7523.269,7537.969,7537.531,7556.331,7524.331,7544.031,6.062,41.2
2017-10-19,7533.27,7534.27,7483.969,7527.469,7535.33,7536.331,7485.031,7533.531,6.062,73.88
2017-10-20,7542.27,7558.77,7515.27,7522.969,7544.33,7559.831,7516.33,7529.031,6.062,64.36
2017-10-23,7518.77,7541.77,7498.269,7504.47,7520.83,7542.83,7500.33,7510.53,6.06,54.65
2017-10-24,7513.47,7536.27,7507.769,7519.469,7515.53,7537.33,7509.83,7525.531,6.062,55.49
2017-10-25,7510.269,7527.27,7428.269,7458.77,7512.331,7528.331,7430.331,7464.83,6.06,80.55
2017-10-26,7458.769,7495.269,7443.77,7480.469,7460.831,7497.331,7444.83,7486.531,6.062,80.34
2017-10-27,7489.47,7519.97,7482.769,7497.469,7491.53,7521.03,7483.83,7503.531,6.062,106.65
2017-10-30,7489.27,7501.77,7473.469,7474.47,7491.33,7502.831,7475.531,7480.53,6.06,109.78
2017-10-31,7488.27,7516.27,7483.27,7493.77,7490.33,7517.33,7484.33,7499.83,6.06,95.5
2017-11-01,7520.27,7532.77,7465.77,7468.269,7522.33,7534.33,7467.83,7474.331,6.062,136.91
2017-11-02,7463.27,7569.47,7462.77,7561.769,7465.33,7571.53,7464.83,7567.831,6.062,159.77
2017-11-03,7571.269,7579.77,7541.269,7552.969,7573.331,7580.831,7542.331,7559.031,6.062,110.21
2017-11-06,7548.97,7572.77,7542.77,7561.27,7551.03,7573.831,7543.83,7567.33,6.06,90.87
2017-11-07,7585.47,7585.77,7494.27,7506.969,7587.53,7587.83,7496.33,7513.031,6.062,117.18
2017-11-08,7512.769,7537.27,7503.47,7525.47,7514.831,7539.33,7504.53,7531.53,6.06,106.95
2017-11-09,7511.97,7532.769,7457.269,7488.97,7514.03,7533.831,7459.331,7495.03,6.06,185.59
2017-11-10,7482.969,7501.27,7420.269,7440.27,7485.031,7502.33,7421.331,7446.33,6.06,151.7
2017-11-13,7461.47,7473.77,7401.269,7424.47,7463.53,7475.831,7402.331,7430.53,6.06,139.4
2017-11-14,7416.469,7437.269,7394.269,7410.469,7418.531,7438.331,7396.33,7416.531,6.062,152.62
2017-11-15,7392.47,7398.77,7355.769,7374.969,7394.53,7399.831,7356.831,7381.031,6.062,170.13
2017-11-16,7382.47,7398.969,7366.27,7386.969,7384.53,7401.031,7367.33,7393.031,6.062,147.61
2017-11-17,7368.77,7406.27,7354.269,7382.97,7370.83,7407.331,7355.331,7389.03,6.06,150.06
2017-11-20,7361.27,7399.27,7349.969,7388.469,7363.33,7401.33,7351.03,7394.531,6.062,137.98
2017-11-21,7393.47,7422.27,7365.27,7407.469,7395.53,7423.331,7366.33,7413.531,6.062,143.0
2017-11-22,7410.77,7461.27,7405.469,7415.469,7412.83,7462.331,7407.531,7421.531,6.062,152.39
2017-11-23,7401.769,7424.269,7371.769,7405.769,7403.831,7425.331,7372.831,7411.831,6.062,118.06
2017-11-24,7419.269,7424.269,7387.27,7412.469,7421.331,7425.331,7388.33,7418.531,6.062,137.99
2017-11-27,7404.27,7437.77,7380.97,7381.969,7406.33,7438.831,7383.03,7388.031,6.062,147.06
2017-11-28,7386.47,7472.269,7384.77,7436.97,7388.53,7474.331,7385.83,7443.03,6.06,175.36
2017-11-29,7437.77,7441.77,7352.269,7384.27,7439.83,7443.83,7354.33,7390.33,6.06,199.7
2017-11-30,7375.47,7418.269,7309.469,7319.269,7377.53,7419.331,7311.531,7325.331,6.062,206.32
2017-12-01,7321.47,7354.77,7277.969,7331.469,7323.53,7355.83,7280.031,7337.531,6.062,245.66
2017-12-04,7358.97,7368.77,7311.769,7311.769,7361.03,7370.03,7317.831,7317.831,6.062,211.76
2017-12-05,7343.47,7373.769,7306.469,7307.469,7345.53,7374.831,7309.83,7313.531,6.062,193.89
2017-12-06,7297.47,7370.27,7288.27,7335.769,7299.53,7371.331,7289.33,7341.831,6.062,150.53
2017-12-07,7353.269,7371.77,7302.269,7307.769,7355.331,7372.831,7304.33,7313.831,6.062,171.92
2017-12-08,7328.769,7413.77,7312.77,7404.769,7330.831,7414.83,7313.83,7410.831,6.062,155.42
2017-12-11,7418.969,7462.27,7411.47,7456.77,7421.031,7464.331,7412.53,7462.83,6.06,127.07
2017-12-12,7464.769,7503.469,7447.269,7485.969,7466.831,7504.531,7448.33,7492.031,6.062,150.04
2017-12-13,7498.769,7510.77,7476.269,7479.269,7500.831,7511.831,7479.83,7485.331,6.062,144.74
2017-12-14,7483.97,7494.27,7447.969,7450.77,7486.03,7495.331,7450.031,7456.83,6.06,151.98
2017-12-15,7450.769,7502.27,7433.769,7493.269,7452.831,7504.331,7434.83,7499.331,6.062,160.13
2017-12-18,7506.269,7546.269,7503.269,7537.769,7508.331,7548.331,7505.33,7543.831,6.062,144.08
2017-12-19,7541.469,7563.77,7525.269,7526.27,7543.531,7564.831,7531.33,7532.33,6.06,139.73
2017-12-20,7535.269,7550.27,7510.469,7528.27,7537.331,7551.331,7511.531,7534.33,6.06,137.09
2017-12-21,7525.269,7610.27,7516.77,7581.27,7527.331,7611.33,7517.83,7587.33,6.06,109.84
2017-12-22,7581.77,7615.77,7577.269,7593.97,7583.83,7616.83,7581.83,7600.03,6.06,68.56
2017-12-26,7588.87,7600.57,7580.97,7598.969,7590.93,7606.63,7587.03,7605.031,6.062,13.9
2017-12-27,7600.27,7633.27,7592.469,7621.469,7602.33,7634.331,7593.531,7627.531,6.062,125.24
2017-12-28,7623.769,7635.97,7610.269,7623.769,7625.831,7637.03,7611.331,7629.831,6.062,96.49
2017-12-29,7626.27,7703.769,7617.269,7655.969,7628.33,7704.831,7618.33,7662.031,6.062,64.74
2018-01-02,7684.269,7690.969,7621.269,7649.269,7686.331,7692.031,7622.33,7655.331,6.062,143.74
2018-01-03,7648.77,7691.47,7639.269,7689.97,7650.83,7696.03,7640.331,7696.03,6.06,135.58
2018-01-04,7691.969,7700.77,7668.27,7692.269,7694.031,7701.831,7669.33,7698.331,6.062,123.83
2018-01-05,7692.269,7727.27,7687.47,7713.469,7694.331,7728.33,7689.53,7719.531,6.062,121.25
2018-01-08,7725.77,7729.269,7688.769,7711.27,7727.83,7730.331,7690.831,7717.33,6.06,105.85
2018-01-09,7710.77,7733.77,7710.269,7730.47,7712.83,7737.031,7712.33,7736.53,6.06,127.73
2018-01-10,7723.77,7756.27,7715.269,7733.47,7725.83,7757.331,7716.33,7739.53,6.06,135.73
2018-01-11,7752.969,7772.269,7733.469,7770.269,7755.031,7776.331,7734.531,7776.331,6.062,152.55
2018-01-12,7769.469,7792.77,7750.769,7775.269,7771.531,7793.83,7751.83,7781.331,6.062,132.12
2018-01-15,7780.97,7782.97,7762.269,7769.47,7783.03,7785.03,7763.33,7775.53,6.06,101.64
2018-01-16,7779.97,7792.269,7713.769,7722.269,7782.03,7793.331,7715.831,7728.331,6.062,166.76
2018-01-17,7732.969,7749.27,7710.769,7726.769,7735.031,7750.33,7711.83,7732.831,6.062,138.25
2018-01-18,7726.27,7740.27,7683.27,7708.769,7728.33,7741.33,7684.33,7713.181,4.412,251.63
2018-01-19,7699.77,7738.25,7693.769,7738.0,7701.83,7740.11,7694.83,7739.86,1.86,155.2
2018-01-22,7721.57,7738.4,7701.83,7733.659,7723.331,7739.4,7702.925,7735.521,1.862,22.39
2018-01-23,7737.831,7746.945,7709.769,7737.84,7738.831,7748.57,7710.831,7739.7,1.86,17.29
2018-01-24,7725.739,7731.99,7620.739,7650.729,7727.601,7732.99,7622.601,7652.591,1.862,6.7
2018-01-25,7635.869,7661.829,7607.749,7636.509,7637.731,7662.829,7608.749,7638.371,1.862,7.28
2018-01-26,7626.56,7695.469,7622.069,7695.469,7628.42,7697.331,7623.069,7697.331,1.862,5.64
2018-01-29,7675.53,7689.259,7650.039,7657.029,7677.39,7690.259,7651.901,7658.891,1.862,5.63
2018-01-30,7625.85,7661.319,7575.03,7579.049,7627.71,7662.319,7576.89,7580.911,1.862,7.29
2018-01-31,7585.339,7603.08,7519.879,7529.75,7587.201,7604.941,7520.879,7531.61,1.86,6.36
2018-02-01,7560.519,7560.519,7474.539,7495.04,7562.381,7562.381,7476.4,7496.9,1.86,7.42
2018-02-02,7492.559,7493.06,7393.99,7395.989,7494.421,7494.92,7395.85,7397.851,1.862,8.71
2018-02-05,7386.009,7391.51,7112.08,7124.819,7387.871,7393.37,7113.94,7126.681,1.862,10.63
2018-02-06,7116.1,7306.94,7071.119,7276.94,7117.96,7308.801,7072.119,7278.8,1.86,15.02
2018-02-07,7195.72,7311.4,7164.05,7241.04,7197.58,7312.4,7165.05,7242.9,1.86,11.58
2018-02-08,7229.879,7260.51,7092.899,7094.89,7231.741,7261.51,7094.761,7096.75,1.86,12.95
2018-02-09,7129.919,7168.309,6979.09,7128.13,7131.781,7169.309,6980.95,7129.99,1.86,15.88
2018-02-12,7160.5,7214.83,7137.009,7210.83,7162.36,7216.691,7138.009,7212.69,1.86,11.62
2018-02-13,7178.35,7206.46,7161.949,7199.71,7180.21,7208.32,7163.81,7201.57,1.86,9.45
2018-02-14,7210.01,7257.64,7144.649,7256.89,7211.87,7259.501,7145.649,7258.75,1.86,10.71
2018-02-15,7246.569,7268.059,7206.439,7251.849,7248.431,7269.059,7207.439,7253.711,1.862,8.43
2018-02-16,7258.35,7307.44,7258.099,7291.589,7260.21,7308.86,7259.961,7293.451,1.862,8.44
2018-02-19,7303.54,7310.54,7239.149,7251.4,7305.4,7312.4,7240.449,7253.26,1.86,4.81
2018-02-20,7254.9,7258.649,7201.559,7223.609,7256.76,7260.011,7202.559,7225.471,1.862,7.67
2018-02-21,7235.88,7297.56,7219.66,7236.06,7237.74,7299.42,7220.66,7237.92,1.86,14.51
2018-02-22,7212.01,7264.05,7186.669,7224.549,7213.87,7265.05,7187.669,7226.411,1.862,9.31
2018-02-23,7255.789,7277.349,7220.109,7273.1,7257.651,7279.211,7221.109,7274.96,1.86,6.71
2018-02-26,7282.349,7323.69,7259.11,7322.439,7284.211,7325.55,7260.11,7324.301,1.862,5.04
2018-02-27,7315.679,7335.679,7240.049,7240.049,7317.541,7336.679,7241.911,7241.911,1.862,7.44
2018-02-28,7244.789,7293.519,7205.859,7208.359,7246.651,7294.519,7207.72,7210.221,1.862,9.08
2018-03-01,7200.399,7227.639,7096.89,7127.61,7202.261,7228.639,7098.75,7129.47,1.86,12.63
2018-03-02,7134.61,7163.259,7062.739,7131.9,7136.47,7164.259,7063.739,7133.76,1.86,11.73
2018-03-05,7086.05,7153.26,7061.249,7152.009,7087.91,7155.12,7062.249,7153.871,1.862,9.72
2018-03-06,7163.47,7198.38,7142.159,7165.15,7165.33,7199.38,7144.021,7167.01,1.86,8.64
2018-03-07,7104.07,7180.85,7101.839,7159.039,7105.93,7181.85,7103.701,7160.901,1.862,9.8
2018-03-08,7158.66,7214.019,7145.41,7208.02,7160.52,7215.881,7146.41,7209.88,1.86,7.59
2018-03-09,7204.999,7240.67,7188.379,7237.919,7206.861,7242.53,7189.379,7239.781,1.862,6.8
2018-03-12,7250.149,7253.64,7186.92,7198.16,7252.011,7254.64,7188.78,7200.02,1.86,6.61
2018-03-13,7207.61,7224.179,7104.459,7119.95,7209.47,7225.179,7106.32,7121.81,1.86,8.61
2018-03-14,7124.329,7176.77,7115.259,7128.5,7126.191,7177.77,7117.121,7130.36,1.86,9.68
2018-03-15,7136.71,7162.819,7123.03,7140.999,7138.57,7163.819,7124.89,7142.861,1.862,6.77
2018-03-16,7135.419,7187.21,7129.18,7154.389,7137.281,7188.21,7130.929,7156.251,1.862,6.84
2018-03-19,7146.68,7150.679,7025.229,7067.96,7148.54,7151.679,7027.091,7069.82,1.86,8.39
2018-03-20,7078.639,7082.0,7042.969,7069.559,7080.501,7083.0,7043.969,7071.421,1.862,7.24
2018-03-21,7068.709,7070.71,6997.899,7024.14,7070.571,7072.571,6999.761,7026.0,1.86,7.11
2018-03-22,7012.27,7031.069,6887.78,6902.52,7014.13,7032.069,6889.64,6904.38,1.86,10.6
2018-03-23,6894.039,6952.65,6851.609,6872.6,6895.901,6953.65,6853.471,6874.46,1.86,11.44
2018-03-26,6921.4,6958.7,6866.079,6948.869,6923.26,6959.7,6867.079,6950.731,1.862,9.16
2018-03-27,6969.379,7043.03,6912.52,6935.759,6971.241,7044.03,6914.38,6937.621,1.862,10.18
2018-03-28,6943.27,7062.419,6922.97,7023.359,6945.13,7064.281,6923.97,7025.221,1.862,14.44
2018-03-29,7021.769,7109.62,7021.769,7074.239,7023.631,7110.62,7023.631,7076.101,1.862,8.58
2018-04-03,7004.77,7065.539,6990.269,7046.639,7006.63,7066.539,6991.269,7048.501,1.862,9.45
2018-04-04,7024.789,7106.909,6971.52,7106.159,7026.651,7108.771,6972.52,7108.021,1.862,10.95
2018-04-05,7111.599,7220.78,7109.549,7205.039,7113.461,7222.641,7110.549,7206.901,1.862,8.05
2018-04-06,7171.319,7214.27,7118.419,7141.419,7173.181,7215.27,7120.281,7143.281,1.862,10.16
2018-04-09,7197.49,7218.48,7144.53,7172.05,7199.35,7220.34,7145.53,7173.91,1.86,7.33
2018-04-10,7228.73,7271.149,7211.39,7253.17,7230.59,7273.011,7212.39,7255.03,1.86,9.04
2018-04-11,7241.37,7274.17,7232.709,7236.209,7243.23,7276.03,7234.571,7238.071,1.862,8.03
2018-04-12,7241.159,7271.08,7236.159,7258.069,7243.021,7272.94,7238.02,7261.931,3.862,7.27
2018-04-13,7252.4,7275.05,7240.0,7260.239,7256.26,7276.05,7241.86,7262.101,1.862,8.28
2018-04-16,7283.64,7294.339,7188.209,7199.199,7287.5,7298.201,7191.321,7203.061,3.862,7.59
2018-04-17,7199.529,7247.39,7188.88,7240.33,7203.391,7249.251,7189.88,7244.19,3.86,6.61
2018-04-18,7240.18,7330.49,7232.519,7327.12,7244.04,7333.381,7236.381,7330.98,3.86,6.39
2018-04-19,7322.269,7354.85,7294.45,7342.38,7326.131,7356.71,7296.31,7346.24,3.86,8.13
2018-04-20,7342.539,7373.85,7339.58,7364.139,7346.401,7375.711,7340.77,7366.001,1.862,32.42
2018-04-23,7380.43,7421.869,7358.369,7416.4,7384.29,7425.731,7359.369,7420.26,3.86,6.68
2018-04-24,7414.889,7436.459,7349.98,7382.569,7418.751,7437.459,7351.84,7386.431,3.862,8.25
2018-04-25,7381.87,7407.06,7333.769,7389.989,7385.73,7410.921,7334.769,7393.851,3.862,9.04
2018-04-26,7389.28,7464.78,7355.809,7448.259,7393.14,7468.64,7356.809,7452.121,3.862,7.22
2018-04-27,7449.43,7517.32,7421.75,7510.069,7453.29,7519.181,7422.819,7511.931,1.862,6.91
2018-04-30,7519.769,7545.819,7480.789,7500.499,7525.831,7546.819,7484.651,7504.361,3.862,239.7
2018-05-01,7499.79,7551.069,7493.919,7543.569,7503.65,7557.131,7497.781,7549.631,6.062,195.59
2018-05-02,7540.88,7572.079,7503.349,7514.589,7544.74,7573.079,7509.341,7519.531,4.942,71.25
2018-05-03,7515.729,7559.359,7490.83,7539.469,7519.531,7564.331,7491.83,7545.531,6.062,164.96
2018-05-04,7546.929,7589.469,7517.77,7588.769,7552.031,7595.531,7518.83,7594.831,6.062,284.03
2018-05-07,7598.97,7630.27,7572.969,7593.269,7605.03,7636.331,7579.031,7599.331,6.062,100.63
2018-05-08,7598.01,7598.01,7542.269,7573.549,7599.331,7599.331,7544.331,7578.33,4.781,222.34
2018-05-09,7572.85,7707.309,7562.91,7680.469,7578.33,7710.471,7568.031,7681.83,1.361,166.68
2018-05-10,7680.469,7713.27,7629.33,7707.469,7682.531,7714.85,7630.33,7713.531,6.062,146.84
2018-05-11,7706.97,7729.27,7690.769,7712.269,7713.03,7730.27,7691.769,7718.331,6.062,233.59
2018-05-14,7719.769,7728.769,7687.331,7707.27,7723.011,7732.42,7688.331,7711.83,4.56,139.49
2018-05-15,7707.97,7751.89,7684.369,7708.369,7714.03,7752.89,7686.331,7712.231,3.862,122.45
2018-05-16,7710.17,7759.639,7710.17,7752.769,7714.03,7761.501,7713.33,7758.831,6.062,75.16
2018-05-17,7752.769,7798.27,7713.19,7777.939,7754.181,7799.911,7714.19,7781.801,3.862,171.04
2018-05-18,7780.97,7790.999,7750.83,7773.47,7787.03,7791.999,7751.83,7779.53,6.06,56.08
2018-05-21,7797.769,7872.739,7797.47,7859.269,7803.831,7873.83,7803.53,7865.331,6.062,38.34
2018-05-22,7856.97,7902.831,7843.27,7858.47,7863.03,7903.831,7849.141,7864.53,6.06,85.9
2018-05-23,7862.25,7872.62,7763.269,7788.27,7864.53,7876.531,7764.331,7794.33,6.06,125.8
2018-05-24,7792.95,7811.269,7709.36,7750.199,7794.33,7812.269,7711.22,7754.061,3.862,62.06
2018-05-25,7750.91,7768.109,7701.769,7705.769,7754.77,7771.861,7702.83,7711.831,6.062,102.68
2018-05-28,7733.469,7758.27,7683.27,7695.77,7739.531,7764.33,7689.33,7701.83,6.06,63.54
2018-05-29,7706.529,7709.18,7590.97,7620.831,7711.33,7714.031,7593.03,7621.831,1.0,172.28
2018-05-30,7620.935,7721.109,7609.47,7702.769,7622.139,7725.831,7614.53,7708.831,6.062,168.64
2018-05-31,7701.629,7728.269,7648.331,7694.88,7707.03,7730.33,7649.331,7698.031,3.151,124.42
2018-06-01,7694.88,7746.77,7682.25,7704.97,7698.74,7747.831,7686.33,7711.03,6.06,303.87
2018-06-04,7705.77,7772.27,7701.459,7721.769,7711.83,7773.331,7706.33,7727.831,6.062,268.73
2018-06-05,7730.47,7743.27,7667.36,7676.269,7736.53,7744.331,7671.33,7682.331,6.062,280.27
2018-06-06,7677.97,7742.769,7670.231,7722.47,7684.03,7743.83,7671.231,7728.53,6.06,277.11
2018-06-07,7722.47,7770.95,7664.469,7681.459,7728.53,7772.331,7666.531,7686.331,4.872,300.04
2018-06-08,7681.769,7716.27,7637.379,7694.469,7687.831,7717.331,7638.379,7700.531,6.062,176.57
2018-06-11,7689.469,7772.759,7681.77,7758.97,7691.95,7774.53,7683.53,7762.78,3.81,192.06
2018-06-12,7758.92,7768.83,7687.769,7695.269,7762.78,7770.331,7692.95,7701.331,6.062,40.24
2018-06-13,7696.769,7745.831,7676.83,7687.74,7702.831,7746.831,7677.83,7691.6,3.86,89.57
2018-06-14,7687.77,7793.89,7650.031,7769.31,7691.6,7794.83,7651.031,7772.331,3.021,227.97
2018-06-15,7769.659,7780.909,7628.089,7667.069,7772.331,7783.621,7629.83,7673.131,6.062,137.41
2018-06-18,7667.449,7667.449,7600.33,7613.97,7671.311,7671.311,7601.33,7620.03,6.06,47.4
2018-06-19,7631.309,7638.44,7542.079,7638.44,7635.171,7642.3,7543.531,7642.3,3.86,34.9
2018-06-20,7637.479,7705.38,7616.559,7648.47,7641.341,7706.33,7620.421,7650.74,2.27,89.89
2018-06-21,7648.47,7682.27,7540.669,7550.27,7650.06,7687.831,7545.331,7552.231,1.961,164.86
2018-06-22,7550.949,7695.769,7548.999,7671.669,7552.231,7697.011,7552.231,7677.731,6.062,195.73
2018-06-25,7662.509,7671.79,7480.169,7498.769,7666.371,7675.65,7487.46,7507.4,8.631,342.52
2018-06-26,7498.769,7581.47,7494.47,7576.07,7508.081,7583.53,7499.71,7578.431,2.361,394.08
2018-06-27,7576.07,7638.94,7512.769,7588.17,7579.111,7640.801,7513.83,7594.23,6.06,325.67
2018-06-28,7585.68,7656.769,7572.859,7652.77,7589.54,7658.83,7575.789,7658.83,6.06,246.81
2018-06-29,7653.57,7706.97,7614.169,7625.57,7659.63,7707.97,7616.03,7631.63,6.06,352.91
2018-07-02,7627.17,7632.119,7536.289,7571.77,7633.23,7637.53,7537.83,7577.83,6.06,147.16
2018-07-03,7572.569,7632.331,7544.33,7574.069,7578.631,7633.331,7545.33,7575.069,1.0,154.55
2018-07-04,7576.67,7587.76,7558.531,7571.57,7582.73,7590.331,7559.531,7577.63,6.06,80.7
2018-07-05,7571.769,7624.831,7560.64,7602.969,7577.831,7626.28,7564.5,7609.031,6.062,186.34
2018-07-06,7613.379,7648.97,7568.53,7622.07,7617.241,7650.71,7569.53,7628.13,6.06,175.49
2018-07-09,7625.76,7712.47,7621.689,7707.969,7629.62,7717.73,7624.831,7714.031,6.062,152.57
2018-07-10,7706.469,7715.27,7646.369,7663.669,7712.531,7717.351,7650.131,7669.731,6.062,166.46
2018-07-11,7666.27,7666.27,7566.71,7594.87,7672.33,7672.33,7568.331,7600.93,6.06,57.7
2018-07-12,7596.37,7683.31,7583.969,7677.77,7602.43,7686.631,7589.531,7683.83,6.06,437.23
2018-07-13,7678.87,7717.269,7656.78,7668.769,7684.93,7718.331,7658.64,7674.831,6.062,138.14
2018-07-16,7683.72,7684.53,7563.269,7614.469,7687.58,7688.39,7564.82,7616.36,1.891,293.41
2018-07-17,7614.469,7681.359,7578.769,7662.57,7616.7,7683.221,7580.671,7668.63,6.06,421.21
2018-07-18,7662.869,7686.15,7648.02,7670.47,7668.931,7688.011,7649.02,7676.53,6.06,93.37
2018-07-19,7671.27,7702.87,7658.269,7679.87,7677.33,7703.87,7660.109,7685.93,6.06,111.48
2018-07-20,7684.59,7705.27,7630.53,7658.07,7688.45,7706.27,7631.53,7664.13,6.06,223.44
2018-07-23,7658.47,7681.269,7619.269,7677.569,7664.53,7685.36,7620.53,7683.011,5.442,4.72
2018-07-24,7678.63,7740.269,7646.839,7699.769,7682.49,7741.551,7647.839,7705.831,6.062,15.98
2018-07-25,7702.27,7712.47,7640.269,7659.369,7708.33,7717.941,7641.269,7667.631,8.262,26.96
2018-07-26,7659.369,7685.47,7639.969,7676.27,7670.151,7686.96,7641.121,7683.01,6.74,33.32
2018-07-27,7679.15,7717.969,7664.969,7665.67,7683.01,7718.969,7668.08,7671.73,6.06,22.83
2018-07-30,7672.269,7719.27,7650.729,7692.88,7675.741,7720.33,7654.331,7696.131,3.251,11.83
2018-07-31,7692.88,7783.27,7680.52,7748.78,7696.53,7784.331,7684.331,7751.131,2.351,18.29
2018-08-01,7749.459,7757.27,7632.03,7648.069,7751.131,7758.27,7633.03,7654.131,6.062,14.37
2018-08-02,7639.36,7652.44,7535.779,7627.97,7642.031,7656.3,7536.779,7634.03,6.06,18.47
2018-08-03,7629.969,7679.829,7589.769,7671.669,7636.031,7681.691,7590.831,7677.731,6.062,22.49
2018-08-06,7672.479,7693.039,7635.23,7655.47,7676.341,7696.901,7636.23,7661.53,6.06,11.06
2018-08-07,7663.03,7752.469,7658.769,7715.27,7666.89,7753.469,7663.79,7721.33,6.06,14.47
2018-08-08,7715.27,7791.269,7706.53,7721.969,7719.09,7792.331,7707.53,7728.031,6.062,16.69
2018-08-09,7731.97,7772.469,7712.269,7743.43,7738.03,7775.821,7713.331,7747.29,3.86,11.44
2018-08-10,7745.439,7753.919,7654.27,7671.369,7749.301,7757.531,7655.88,7677.431,6.062,22.25
2018-08-13,7653.47,7663.129,7612.77,7653.869,7662.911,7667.131,7614.3,7657.921,4.052,28.5
2018-08-14,7653.069,7673.27,7598.269,7641.469,7658.151,7674.83,7599.479,7647.531,6.062,17.71
2018-08-15,7641.469,7646.479,7474.77,7495.439,7642.581,7650.341,7476.771,7499.301,3.862,16.85
2018-08-16,7493.67,7572.77,7489.369,7543.72,7497.221,7574.461,7493.231,7547.58,3.86,15.3
2018-08-17,7543.699,7580.769,7512.769,7563.07,7547.561,7582.551,7514.679,7569.13,6.06,14.16
2018-08-20,7566.169,7616.769,7546.469,7588.069,7572.231,7617.769,7550.92,7591.15,3.081,11.2
2018-08-21,7588.069,7602.399,7516.069,7524.87,7591.811,7603.399,7519.8,7526.971,2.101,14.43
2018-08-22,7524.44,7608.77,7516.269,7563.95,7528.3,7609.83,7522.331,7567.81,3.86,27.94
2018-08-23,7566.269,7602.06,7539.559,7541.74,7572.331,7603.831,7541.531,7549.43,7.69,19.08
2018-08-24,7541.41,7587.34,7534.499,7573.87,7549.43,7588.34,7539.33,7579.93,6.06,13.11
2018-08-27,7627.87,7638.469,7627.269,7627.27,7633.93,7644.531,7633.33,7633.33,6.06,0.06
2018-08-28,7621.269,7637.83,7593.331,7618.669,7627.331,7638.83,7594.331,7622.761,4.092,9.83
2018-08-29,7619.47,7641.77,7543.32,7564.87,7622.101,7647.03,7544.32,7568.73,3.86,22.81
2018-08-30,7565.97,7566.97,7481.699,7485.59,7572.03,7573.03,7485.56,7489.45,3.86,13.54
2018-08-31,7481.87,7509.27,7417.77,7458.17,7487.93,7510.57,7420.82,7464.23,6.06,27.43
2018-09-03,7460.57,7516.27,7425.969,7489.52,7466.63,7517.27,7432.12,7493.771,4.251,14.7
2018-09-04,7489.909,7533.89,7435.97,7451.639,7493.771,7534.89,7437.789,7455.501,3.862,15.31
2018-09-05,7451.0,7457.099,7355.769,7384.17,7454.86,7460.961,7356.83,7390.71,6.54,24.28
2018-09-06,7384.17,7397.77,7306.969,7328.569,7390.381,7398.77,7308.831,7334.631,6.062,32.84
2018-09-07,7327.77,7335.47,7226.47,7287.369,7333.83,7337.391,7227.47,7293.431,6.062,25.92
2018-09-10,7288.919,7308.269,7254.77,7278.97,7292.781,7309.27,7255.83,7282.571,3.601,26.71
2018-09-11,7278.97,7291.809,7219.77,7280.169,7282.42,7296.031,7220.77,7286.231,6.062,28.44
2018-09-12,7280.169,7324.27,7249.269,7286.569,7283.371,7325.731,7250.781,7293.43,6.861,41.57
2018-09-13,7285.77,7318.27,7273.269,7287.969,7293.43,7320.38,7275.17,7292.321,4.352,38.4
2018-09-14,7287.969,7323.769,7280.77,7309.269,7293.581,7324.769,7281.871,7315.331,6.062,23.3
2018-09-17,7303.571,7319.27,7226.569,7238.97,7304.97,7320.27,7233.6,7242.621,3.651,21.45
2018-09-18,7238.759,7320.77,7231.769,7308.94,7242.621,7321.831,7236.291,7312.8,3.86,18.97
2018-09-19,7307.689,7348.92,7278.549,7347.67,7311.551,7353.33,7279.531,7351.53,3.86,24.45
2018-09-20,7346.96,7387.339,7323.1,7383.099,7350.82,7392.031,7324.1,7386.961,3.862,17.87
2018-09-21,7381.88,7502.269,7375.009,7475.869,7385.74,7503.301,7378.871,7481.931,6.062,24.67
2018-09-24,7460.269,7486.83,7447.969,7449.87,7466.331,7487.83,7450.83,7455.93,6.06,10.92
2018-09-25,7449.87,7516.77,7443.789,7484.57,7453.52,7517.83,7447.651,7488.15,3.58,11.96
2018-09-26,7484.289,7522.769,7475.269,7489.57,7488.151,7523.769,7481.12,7495.63,6.06,10.61
2018-09-27,7489.57,7558.27,7486.2,7544.24,7495.63,7560.33,7489.831,7549.331,5.091,14.71
2018-09-28,7543.92,7554.8,7473.469,7499.87,7549.631,7560.03,7474.531,7505.93,6.06,16.29
2018-10-01,7519.87,7526.27,7460.77,7494.419,7525.93,7527.331,7461.83,7496.63,2.211,12.66
2018-10-02,7494.769,7496.3,7443.969,7481.149,7500.831,7502.03,7444.969,7483.83,2.681,18.03
2018-10-03,7481.18,7533.77,7475.32,7500.4,7483.83,7535.61,7477.331,7501.63,1.23,10.94
2018-10-04,7501.04,7511.299,7392.769,7425.87,7504.9,7515.161,7394.691,7431.93,6.06,40.12
2018-10-05,7425.87,7441.769,7295.269,7326.27,7431.451,7447.181,7296.86,7332.33,6.06,10.79
2018-10-08,7316.39,7321.65,7221.699,7254.27,7320.25,7323.71,7223.33,7260.33,6.06,22.78
2018-10-09,7257.56,7257.56,7183.03,7236.519,7261.42,7261.42,7184.03,7240.381,3.862,45.44
2018-10-10,7236.209,7242.769,7031.639,7052.639,7240.071,7243.769,7035.501,7056.501,3.862,44.68
2018-10-11,7052.01,7085.269,6918.969,7012.969,7055.87,7088.06,6923.03,7019.031,6.062,91.96
2018-10-12,6982.469,7073.77,6952.769,7010.27,6986.471,7074.83,6954.83,7016.33,6.06,76.77
2018-10-15,7007.769,7042.769,6959.769,7024.27,7013.831,7044.831,6960.831,7030.33,6.06,71.74
2018-10-16,7024.87,7095.57,6996.77,7084.369,7030.93,7100.261,6998.03,7089.65,5.281,45.46
2018-10-17,7084.369,7093.769,7018.2,7045.87,7088.78,7095.831,7019.2,7050.85,4.98,39.65
2018-10-18,7047.369,7078.77,6980.469,7011.77,7051.231,7079.77,6982.17,7013.16,1.39,44.92
2018-10-19,7011.77,7070.27,7006.859,7026.569,7012.88,7071.31,7010.501,7032.631,6.062,65.75
2018-10-22,7002.769,7114.27,7002.769,7027.87,7008.831,7115.33,7008.831,7035.53,7.66,50.83
2018-10-23,7027.87,7035.169,6927.969,7010.97,7035.68,7041.171,6928.969,7017.69,6.72,63.31
2018-10-24,7008.97,7049.77,6890.97,6913.77,7015.03,7050.97,6893.43,6919.83,6.06,81.79
2018-10-25,6904.499,7028.619,6886.2,6947.769,6908.361,7030.481,6887.2,6953.831,6.062,47.79
2018-10-26,6945.77,6980.069,6849.83,6970.069,6951.83,6981.53,6850.83,6976.131,6.062,30.67
2018-10-29,6974.469,7085.77,6915.469,6976.939,6980.531,7086.831,6917.531,6980.801,3.862,28.06
2018-10-30,6976.939,7088.269,6966.929,7075.799,6980.801,7092.131,6970.791,7079.661,3.862,43.76
2018-10-31,7075.799,7161.339,7062.05,7126.4,7079.661,7162.331,7065.91,7130.26,3.86,31.74
2018-11-01,7125.74,7165.27,7073.979,7121.24,7129.6,7166.331,7075.831,7125.1,3.86,25.0
2018-11-02,7121.569,7196.03,7071.31,7112.03,7125.431,7197.03,7073.17,7113.89,1.86,41.47
2018-11-05,7087.27,7141.049,7077.291,7106.259,7091.13,7142.049,7078.291,7110.121,3.862,35.8
2018-11-06,7105.61,7123.349,7026.22,7050.99,7109.47,7125.831,7027.22,7054.85,3.86,40.12
2018-11-07,7050.349,7162.499,7031.07,7144.28,7054.211,7166.361,7034.93,7148.14,3.86,27.54
2018-11-08,7144.28,7171.849,7113.469,7127.239,7148.13,7172.83,7114.53,7131.101,3.862,17.2
2018-11-09,7127.239,7137.729,7069.47,7110.569,7131.101,7140.53,7070.53,7116.631,6.062,27.57
2018-11-12,7118.8,7174.64,7042.499,7050.71,7122.43,7175.64,7043.83,7053.43,2.72,15.11
2018-11-13,7050.709,7102.67,7014.53,7060.629,7053.43,7103.67,7015.53,7063.331,2.702,16.66
2018-11-14,7060.629,7113.47,6977.531,6999.27,7062.93,7114.47,6978.531,7003.03,3.76,29.58
2018-11-15,6999.27,7102.67,6978.031,7074.069,7002.38,7106.531,6979.031,7077.591,3.522,10.85
2018-11-16,7073.47,7093.27,6967.531,7042.57,7077.271,7094.27,6968.531,7048.63,6.06,22.88
2018-11-19,7028.969,7071.47,6969.969,6990.47,7031.55,7072.53,6972.031,6996.53,6.06,57.7
2018-11-20,6989.869,7009.97,6899.97,6912.06,6995.931,7010.97,6902.79,6915.92,3.86,35.84
2018-11-21,6912.709,7065.77,6911.4,7040.46,6916.571,7067.39,6915.26,7044.231,3.771,2.42
2018-11-22,7040.46,7052.67,6941.269,6978.57,7043.93,7056.53,6942.331,6984.63,6.06,8.54
2018-11-23,6979.17,6987.77,6911.269,6943.47,6985.23,6990.831,6912.33,6949.53,6.06,12.17
2018-11-26,6962.07,7052.109,6950.769,7025.439,6968.13,7055.971,6956.831,7029.301,3.862,10.89
2018-11-27,7029.07,7083.349,6982.589,7041.439,7030.07,7084.531,6983.589,7044.431,2.992,7.56
2018-11-28,7041.109,7074.749,6986.33,7059.27,7044.431,7078.251,6987.33,7063.13,3.86,1.33
2018-11-29,7059.6,7078.48,7015.331,7050.069,7063.46,7079.531,7016.331,7052.35,2.281,2.96
2018-11-30,7050.069,7053.27,6959.269,7024.47,7051.71,7055.571,6960.331,7030.53,6.06,18.72
2018-12-03,7068.569,7145.77,7042.969,7074.37,7074.631,7146.83,7044.49,7080.43,6.06,13.38
2018-12-04,7074.969,7097.27,6922.97,6956.37,7081.031,7098.33,6924.441,6958.961,2.591,31.72
2018-12-05,6956.37,6976.47,6774.099,6850.17,6958.64,6978.03,6777.96,6853.251,3.081,28.7
2018-12-06,6850.17,6887.97,6669.469,6780.97,6853.891,6894.03,6671.401,6782.551,1.581,84.1
2018-12-07,6780.97,6867.97,6731.47,6757.369,6783.18,6868.97,6733.53,6763.431,6.062,56.47
2018-12-10,6719.469,6817.27,6710.27,6762.77,6725.531,6818.27,6712.24,6766.44,3.67,23.48
2018-12-11,6763.219,6857.97,6740.831,6825.27,6767.081,6858.97,6741.831,6828.64,3.37,1.98
2018-12-12,6825.27,6902.4,6813.969,6872.03,6828.0,6904.26,6817.001,6875.89,3.86,2.07
2018-12-13,6871.38,6910.03,6835.699,6846.87,6875.24,6911.03,6838.931,6849.63,2.76,1.64
2018-12-14,6846.87,6866.97,6787.77,6799.97,6850.27,6867.97,6788.77,6806.03,6.06,1.57
2018-12-17,6812.39,6853.66,6691.579,6751.569,6816.25,6854.66,6693.441,6752.961,1.392,2.12
2018-12-18,6751.869,6763.47,6658.72,6687.269,6752.965,6764.47,6662.58,6690.65,3.381,1.09
2018-12-19,6687.87,6791.52,6660.349,6692.73,6690.65,6793.38,6664.211,6696.59,3.86,1.91
2018-12-20,6693.389,6764.47,6628.999,6698.51,6697.251,6765.47,6631.83,6702.37,3.86,12.04
2018-12-21,6698.17,6747.969,6608.369,6617.17,6702.03,6749.351,6614.431,6623.23,6.06,29.65
2018-12-24,6634.669,6696.969,6619.27,6676.969,6640.731,6698.031,6625.33,6678.031,1.062,11.63
2018-12-26,6754.269,6755.67,6728.37,6732.569,6760.331,6761.73,6734.43,6738.631,6.062,0.54
2018-12-27,6733.869,6752.88,6535.47,6642.07,6739.931,6753.88,6536.53,6644.9,2.83,43.95
2018-12-28,6642.07,6752.27,6625.589,6725.969,6645.56,6754.031,6626.589,6732.031,6.062,37.43
2018-12-31,6745.869,6759.17,6715.269,6720.03,6751.931,6761.831,6716.33,6721.03,1.0,12.14
2019-01-01,6734.37,6753.169,6734.069,6742.87,6740.43,6759.231,6740.131,6748.93,6.06,0.28
2019-01-02,6743.57,6760.77,6598.199,6682.369,6749.63,6762.83,6599.199,6687.07,4.701,52.47
2019-01-03,6682.369,6754.27,6674.77,6691.87,6687.73,6755.33,6676.331,6700.09,8.22,58.72
2019-01-04,6691.87,6862.269,6667.969,6829.869,6699.76,6863.851,6675.85,6835.931,6.062,43.96
2019-01-07,6846.47,6878.57,6776.161,6810.669,6852.021,6887.561,6777.161,6815.201,4.532,37.25
2019-01-08,6810.669,6902.27,6801.97,6895.669,6816.521,6903.331,6803.38,6899.461,3.792,31.78
2019-01-09,6894.969,6952.14,6882.57,6883.969,6899.461,6956.0,6885.071,6887.881,3.912,32.57
2019-01-10,6883.97,6970.269,6860.49,6948.069,6887.55,6972.741,6861.49,6951.89,3.821,25.87
2019-01-11,6948.069,7002.77,6899.769,6909.269,6952.55,7003.77,6902.2,6915.331,6.062,32.05
2019-01-14,6881.569,6908.269,6841.151,6864.17,6886.291,6912.571,6842.151,6869.42,5.25,31.1
2019-01-15,6864.17,6941.769,6848.769,6887.269,6868.761,6943.51,6849.89,6889.97,2.701,39.41
2019-01-16,6887.269,6913.77,6842.27,6842.27,6890.621,6914.77,6847.0,6848.46,6.19,28.24
2019-01-17,6842.27,6860.269,6797.77,6845.969,6849.11,6863.38,6798.77,6850.37,4.401,27.17
2019-01-18,6845.269,7000.77,6843.269,6992.87,6849.73,7002.181,6848.44,6998.93,6.06,26.73
2019-01-21,6984.269,6995.77,6954.269,6974.87,6987.64,6999.07,6955.381,6978.49,3.62,16.32
2019-01-22,6975.57,6983.17,6846.269,6857.27,6978.49,6986.261,6849.981,6859.011,1.741,34.33
2019-01-23,6856.569,6896.77,6809.91,6827.369,6859.011,6900.921,6810.91,6831.411,4.042,38.73
2019-01-24,6827.369,6855.27,6800.069,6817.469,6830.771,6856.33,6802.269,6819.62,2.151,33.25
2019-01-25,6817.469,6858.629,6786.869,6791.769,6818.99,6859.629,6792.93,6797.831,6.062,23.4
2019-01-28,6782.069,6812.77,6731.579,6749.47,6785.261,6813.77,6732.83,6754.691,5.221,1.82
2019-01-29,6749.47,6883.719,6734.369,6867.049,6754.061,6887.581,6740.43,6870.911,3.862,13.3
2019-01-30,6866.409,6967.34,6851.469,6958.369,6870.271,6968.83,6855.051,6961.85,3.481,12.58
2019-01-31,6958.369,6994.089,6935.59,6973.329,6961.21,6995.089,6937.03,6977.13,3.801,3.67
2019-02-01,6973.96,7032.1,6962.68,7019.37,6977.13,7034.031,6966.54,7025.43,6.06,76.95
2019-02-04,7015.34,7065.709,7000.83,7057.409,7018.631,7068.831,7001.83,7061.33,3.921,11.66
2019-02-05,7056.77,7185.5,7048.369,7166.87,7061.33,7186.83,7052.031,7172.93,6.06,4.61
2019-02-06,7166.87,7183.849,7143.97,7156.769,7172.93,7184.849,7145.03,7159.721,2.952,7.59
2019-02-07,7157.369,7187.859,7089.269,7096.569,7160.37,7188.859,7090.331,7098.991,2.422,7.16
2019-02-08,7096.569,7115.76,7063.269,7107.37,7098.661,7121.751,7064.67,7113.43,6.06,25.27
2019-02-11,7105.77,7148.77,7084.97,7111.269,7111.83,7149.861,7088.03,7116.83,5.561,27.49
2019-02-12,7112.57,7168.9,7111.269,7154.849,7117.481,7169.83,7115.53,7158.711,3.862,15.57
2019-02-13,7154.52,7204.831,7143.769,7165.87,7158.38,7205.831,7144.831,7168.391,2.521,8.77
2019-02-14,7165.87,7232.8,7151.599,7200.81,7169.04,7233.8,7155.461,7204.67,3.86,15.68
2019-02-15,7201.46,7261.97,7178.27,7244.37,7205.32,7262.97,7180.041,7250.43,6.06,13.52
2019-02-18,7248.529,7248.529,7207.269,7212.009,7252.391,7252.391,7208.331,7215.871,3.862,3.24
2019-02-19,7212.33,7232.99,7160.83,7179.869,7216.19,7236.03,7161.83,7185.931,6.062,7.72
2019-02-20,7179.17,7243.839,7165.269,7211.57,7185.23,7245.03,7168.33,7213.981,2.411,6.23
2019-02-21,7211.57,7237.96,7140.811,7164.85,7214.62,7240.831,7141.811,7168.71,3.86,11.92
2019-02-22,7164.369,7220.77,7158.419,7177.069,7168.07,7221.77,7162.281,7183.131,6.062,11.85
2019-02-25,7199.949,7212.829,7148.769,7154.729,7203.811,7213.829,7152.131,7158.591,3.862,9.19
2019-02-26,7154.27,7169.769,7089.769,7131.069,7160.33,7170.769,7090.831,7132.541,1.472,11.91
2019-02-27,7131.77,7152.47,7080.769,7094.87,7137.83,7155.32,7081.83,7100.93,6.06,8.32
2019-02-28,7094.87,7098.269,7039.269,7078.37,7098.361,7101.331,7040.331,7080.69,2.32,4.92
2019-03-01,7078.37,7130.57,7077.67,7129.169,7080.05,7136.631,7080.05,7135.231,6.062,7.49
2019-03-04,7147.429,7166.459,7095.03,7114.65,7156.63,7168.33,7096.03,7123.23,8.58,8.72
2019-03-05,7115.92,7191.35,7107.649,7156.999,7123.23,7193.831,7115.63,7166.031,9.032,14.44
2019-03-06,7156.999,7212.269,7140.569,7144.85,7165.73,7213.269,7144.831,7148.71,3.86,11.73
2019-03-07,7144.769,7192.77,7125.769,7142.869,7148.06,7193.77,7126.83,7144.001,1.132,16.67
2019-03-08,7142.671,7145.369,7076.769,7142.37,7143.82,7151.431,7077.83,7148.43,6.06,18.42
2019-03-11,7137.489,7182.27,7109.47,7149.57,7142.131,7183.331,7110.53,7155.63,6.06,10.13
2019-03-12,7149.57,7166.97,7079.969,7154.67,7155.63,7167.97,7081.83,7157.741,3.071,26.98
2019-03-13,7154.67,7183.97,7122.969,7145.869,7158.381,7185.03,7124.031,7149.59,3.721,12.72
2019-03-14,7145.869,7215.469,7130.969,7183.769,7150.21,7216.531,7133.331,7188.29,4.521,27.47
2019-03-15,7183.769,7243.949,7183.769,7231.469,7189.831,7244.949,7186.83,7239.99,8.521,13.23
2019-03-18,7225.43,7304.17,7222.279,7295.869,7229.29,7306.031,7226.141,7299.381,3.512,4.73
2019-03-19,7295.869,7350.27,7283.5,7291.77,7298.751,7351.27,7287.36,7294.941,3.171,14.48
2019-03-20,7291.77,7341.36,7273.27,7311.499,7294.3,7342.36,7276.33,7315.361,3.862,3.61
2019-03-21,7312.139,7370.12,7292.32,7354.63,7316.001,7371.12,7294.18,7358.49,3.86,1.55
2019-03-22,7355.269,7361.61,7185.3,7188.539,7359.131,7365.47,7187.16,7190.401,1.862,4.85
2019-03-25,7199.77,7207.559,7145.349,7180.479,7203.63,7208.559,7146.349,7184.341,3.862,2.9
2019-03-26,7179.849,7221.329,7169.189,7207.76,7183.711,7222.329,7170.189,7211.62,3.86,2.36
2019-03-27,7208.389,7226.31,7159.199,7202.399,7212.251,7228.171,7160.199,7206.261,3.862,3.04
2019-03-28,7201.77,7279.429,7178.699,7274.99,7205.63,7283.291,7182.56,7278.85,3.86,2.33
2019-03-29,7275.62,7292.15,7234.37,7290.169,7279.48,7294.01,7235.37,7292.031,1.862,2.5
2019-04-01,7308.639,7351.639,7294.269,7333.23,7312.501,7352.639,7296.13,7337.09,3.86,1.75
2019-04-02,7331.379,7403.78,7327.04,7373.269,7335.241,7404.78,7329.91,7377.131,3.862,1.41
2019-04-03,7372.19,7426.54,7365.99,7398.259,7376.05,7428.4,7369.85,7402.121,3.862,1.51
2019-04-04,7398.579,7417.339,7366.47,7407.829,7402.441,7419.201,7367.47,7411.691,3.862,1.28
2019-04-05,7407.19,7460.88,7397.8,7456.6,7411.05,7461.88,7400.81,7458.46,1.86,1.34
2019-04-08,7463.68,7463.68,7419.19,7452.07,7467.54,7467.54,7420.19,7455.93,3.86,1.06
2019-04-09,7454.369,7477.29,7410.509,7418.1,7458.231,7478.29,7413.099,7421.96,3.86,1.27
2019-04-10,7416.61,7441.34,7405.749,7420.739,7420.47,7442.34,7409.369,7424.601,3.862,1.12
2019-04-11,7418.63,7441.76,7382.279,7425.14,7422.49,7442.76,7383.279,7429.0,3.86,1.2
2019-04-12,7428.399,7454.58,7414.0,7449.2,7432.261,7455.58,7415.0,7450.0,0.8,1.25
2019-04-15,7447.299,7449.34,7420.039,7439.199,7451.161,7451.18,7421.039,7443.061,3.862,0.87
2019-04-16,7440.14,7486.0,7437.159,7456.92,7444.0,7487.0,7438.159,7460.78,3.86,0.98
2019-04-17,7453.999,7478.92,7445.539,7470.359,7457.861,7479.92,7446.539,7474.221,3.862,1.24
2019-04-18,7467.76,7490.509,7436.209,7486.85,7471.62,7492.371,7437.209,7490.71,3.86,1.5
2019-04-22,7489.87,7496.07,7463.569,7487.469,7492.93,7500.0,7466.631,7493.531,6.062,2.61
2019-04-23,7487.77,7528.27,7465.77,7518.97,7490.83,7529.361,7467.0,7523.811,4.841,16.49
2019-04-24,7518.97,7521.47,7456.769,7470.57,7523.97,7525.49,7457.769,7472.8,2.23,15.35
2019-04-25,7468.47,7480.97,7405.769,7440.57,7471.53,7484.291,7406.769,7446.63,6.06,15.26
2019-04-26,7440.969,7446.97,7398.469,7437.97,7444.031,7448.331,7399.469,7444.03,6.06,23.22
2019-04-29,7438.469,7459.77,7403.769,7442.27,7442.66,7461.911,7406.061,7448.33,6.06,15.09
2019-04-30,7450.47,7456.269,7393.579,7442.799,7454.07,7457.269,7394.579,7446.661,3.862,2.48
2019-05-01,7443.419,7458.86,7321.029,7336.12,7447.281,7460.721,7324.891,7339.98,3.86,0.76
2019-05-02,7335.66,7394.039,7330.0,7340.59,7339.52,7395.039,7330.76,7344.45,3.86,1.57
2019-05-03,7343.22,7417.299,7337.91,7384.069,7347.08,7418.299,7341.77,7385.931,1.862,1.18
2019-05-06,7297.069,7349.57,7268.769,7313.27,7300.131,7350.0,7274.83,7319.33,6.06,5.64
2019-05-07,7313.87,7373.439,7215.189,7233.269,7319.93,7374.439,7216.33,7239.331,6.062,6.47
2019-05-08,7233.47,7287.33,7220.831,7256.67,7236.53,7291.19,7221.831,7262.73,6.06,3.55
2019-05-09,7258.409,7266.63,7190.831,7246.469,7262.271,7269.03,7191.831,7252.531,6.062,2.39
2019-05-10,7247.069,7281.37,7188.03,7280.169,7253.131,7287.43,7189.03,7286.231,6.062,1.18
2019-05-13,7229.339,7229.339,7128.37,7136.87,7231.831,7231.831,7130.941,7142.93,6.06,1.32
2019-05-14,7136.17,7259.77,7133.269,7255.77,7142.23,7261.881,7136.331,7261.83,6.06,0.55
2019-05-15,7255.069,7311.75,7221.599,7271.169,7261.131,7313.61,7222.599,7277.231,6.062,14.6
2019-05-16,7273.469,7360.7,7245.089,7349.669,7279.531,7362.531,7248.531,7355.731,6.062,5.78
2019-05-17,7340.269,7354.331,7306.33,7338.67,7343.331,7355.331,7307.33,7344.73,6.06,6.78
2019-05-20,7361.27,7370.52,7267.33,7317.27,7364.33,7373.331,7268.33,7323.33,6.06,14.28
2019-05-21,7317.869,7369.889,7306.969,7355.969,7323.931,7370.889,7310.031,7362.031,6.062,6.82
2019-05-22,7355.519,7373.769,7306.469,7311.669,7359.381,7374.769,7310.37,7317.731,6.062,16.86
2019-05-23,7319.769,7319.969,7208.769,7233.169,7323.671,7323.94,7209.83,7239.231,6.062,21.88
2019-05-24,7233.87,7303.27,7224.59,7283.969,7239.93,7304.27,7226.03,7290.031,6.062,14.87
2019-05-27,7292.37,7304.77,7290.669,7304.469,7298.43,7310.831,7296.73,7310.531,6.062,0.2
2019-05-28,7304.769,7314.77,7234.869,7241.269,7310.831,7315.83,7238.171,7247.331,6.062,31.11
2019-05-29,7243.469,7247.469,7149.269,7188.27,7249.531,7250.531,7150.33,7194.33,6.06,30.59
2019-05-30,7187.97,7236.47,7173.639,7182.77,7194.03,7237.551,7177.501,7188.83,6.06,24.17
2019-05-31,7187.769,7197.27,7130.0,7147.47,7190.831,7200.9,7130.65,7153.53,6.06,36.38
2019-06-03,7120.97,7192.689,7077.47,7173.269,7124.03,7194.331,7079.3,7179.331,6.062,29.89
2019-06-04,7168.97,7244.14,7136.769,7238.97,7172.03,7246.931,7137.83,7245.03,6.06,17.65
2019-06-05,7238.37,7259.769,7190.0,7209.869,7244.43,7260.831,7192.63,7215.931,6.062,20.56
2019-06-06,7209.569,7285.46,7209.569,7266.87,7215.631,7286.531,7213.1,7272.93,6.06,10.58
2019-06-07,7267.469,7347.56,7262.999,7341.07,7273.531,7350.931,7265.531,7347.13,6.06,4.86
2019-06-10,7360.07,7383.27,7346.92,7363.97,7366.13,7384.29,7350.78,7370.03,6.06,10.52
2019-06-11,7364.47,7421.269,7358.469,7383.77,7367.53,7422.269,7361.41,7389.83,6.06,10.06
2019-06-12,7381.899,7392.28,7328.269,7363.469,7385.761,7396.14,7329.74,7369.531,6.062,21.86
2019-06-13,7360.469,7398.61,7336.77,7364.569,7363.531,7399.61,7340.601,7370.631,6.062,5.74
2019-06-14,7365.269,7382.77,7315.199,7366.569,7371.331,7386.391,7316.199,7372.631,6.062,16.01
2019-06-17,7366.369,7373.07,7323.769,7361.769,7370.01,7377.63,7325.161,7367.831,6.062,25.55
2019-06-18,7362.469,7469.28,7343.769,7457.87,7368.531,7470.28,7345.43,7463.93,6.06,16.52
2019-06-19,7458.869,7458.869,7390.619,7424.47,7464.931,7464.931,7392.03,7430.53,6.06,9.83
2019-06-20,7426.97,7460.77,7412.269,7423.87,7430.03,7461.77,7413.69,7429.93,6.06,12.18
2019-06-21,7423.27,7457.769,7366.07,7367.97,7429.33,7458.769,7372.13,7374.03,6.06,16.84
2019-06-24,7377.97,7437.27,7375.27,7405.57,7380.931,7438.331,7378.051,7411.63,6.06,18.05
2019-06-25,7407.97,7430.27,7370.799,7392.869,7411.03,7431.331,7372.33,7398.931,6.062,20.66
2019-06-26,7392.169,7436.77,7392.169,7406.089,7398.231,7437.831,7396.83,7407.631,1.542,15.6
2019-06-27,7404.77,7440.269,7373.531,7413.669,7407.83,7441.331,7374.531,7419.731,6.062,6.69
2019-06-28,7414.27,7457.27,7392.839,7456.269,7420.33,7463.331,7395.531,7462.331,6.062,10.8
2019-07-01,7474.85,7530.77,7463.649,7495.17,7477.031,7531.831,7465.83,7501.23,6.06,9.76
2019-07-02,7499.349,7570.109,7498.39,7564.869,7502.331,7573.971,7501.33,7570.931,6.062,4.09
2019-07-03,7563.86,7622.04,7558.109,7611.469,7566.83,7625.031,7561.03,7617.531,6.062,3.18
2019-07-04,7610.77,7621.831,7597.27,7600.069,7616.83,7622.831,7599.03,7606.131,6.062,2.19
2019-07-05,7600.769,7606.769,7540.531,7556.369,7606.831,7609.831,7541.531,7562.431,6.062,3.68
2019-07-08,7557.47,7572.09,7531.37,7538.069,7560.53,7573.09,7533.53,7544.131,6.062,3.98
2019-07-09,7548.969,7553.27,7516.229,7538.17,7552.031,7555.871,7517.229,7544.23,6.06,6.06
2019-07-10,7538.87,7559.269,7514.27,7537.87,7544.93,7560.269,7515.33,7543.93,6.06,4.81
2019-07-11,7545.269,7559.49,7500.83,7531.97,7548.331,7561.031,7501.83,7538.03,6.06,7.43
2019-07-12,7532.569,7542.47,7490.269,7490.97,7538.631,7545.531,7493.331,7497.03,6.06,5.35
2019-07-15,7488.77,7548.15,7483.149,7535.569,7491.83,7549.15,7485.53,7541.631,6.062,3.01
2019-07-16,7535.57,7590.219,7525.77,7557.569,7541.63,7591.219,7528.09,7559.64,2.071,3.17
2019-07-17,7553.27,7576.97,7510.799,7516.57,7556.33,7577.97,7514.66,7522.63,6.06,3.46
2019-07-18,7518.269,7521.54,7481.269,7495.369,7521.331,7525.4,7482.61,7501.431,6.062,4.91
2019-07-19,7493.3,7546.56,7473.469,7498.97,7497.16,7547.56,7474.531,7505.03,6.06,4.91
2019-07-22,7510.35,7549.77,7488.77,7520.269,7514.21,7550.77,7490.93,7526.331,6.062,5.81
2019-07-23,7520.869,7599.27,7515.769,7560.569,7526.931,7600.331,7519.3,7566.631,6.062,8.16
2019-07-24,7566.269,7567.97,7476.769,7513.87,7569.331,7571.471,7478.33,7519.93,6.06,10.8
2019-07-25,7513.27,7542.47,7460.769,7479.27,7519.33,7543.531,7461.83,7482.34,3.07,31.23
2019-07-26,7479.27,7563.619,7475.62,7546.37,7482.461,7565.331,7478.531,7552.43,6.06,9.46
2019-07-29,7557.019,7711.679,7547.179,7693.469,7559.531,7712.679,7549.83,7699.531,6.062,5.32
2019-07-30,7690.769,7729.45,7629.67,7649.269,7693.831,7732.561,7631.53,7655.331,6.062,6.27
2019-07-31,7646.77,7662.179,7524.47,7564.269,7649.83,7666.041,7526.33,7570.331,6.062,12.49
2019-08-01,7564.869,7610.33,7476.869,7494.87,7570.931,7611.33,7480.49,7500.93,6.06,20.12
2019-08-02,7495.27,7508.47,7381.119,7394.77,7501.33,7510.311,7382.98,7400.83,6.06,13.11
2019-08-05,7365.77,7379.809,7049.74,7072.469,7368.83,7383.671,7053.6,7078.531,6.062,48.96
2019-08-06,7073.069,7242.97,7072.47,7187.27,7079.131,7243.97,7078.53,7193.33,6.06,31.16
2019-08-07,7187.87,7255.27,7153.389,7193.97,7193.93,7258.211,7154.389,7200.03,6.06,28.48
2019-08-08,7194.569,7295.969,7179.279,7284.77,7200.631,7298.311,7180.83,7290.83,6.06,22.8
2019-08-09,7285.369,7304.27,7235.77,7285.369,7291.431,7306.581,7237.14,7291.431,6.062,41.08
2019-08-12,7269.069,7304.47,7200.47,7220.869,7275.131,7306.421,7202.061,7223.551,2.682,41.08
2019-08-13,7220.869,7290.369,7165.22,7285.969,7224.17,7296.771,7166.22,7292.031,6.062,44.71
2019-08-14,7286.569,7286.569,7064.769,7093.97,7292.631,7292.631,7068.891,7100.03,6.06,57.62
2019-08-15,7094.57,7144.81,7017.769,7087.369,7100.63,7145.81,7019.5,7089.37,2.001,65.82
2019-08-16,7086.77,7130.27,7072.769,7130.269,7092.83,7136.331,7077.281,7136.331,6.062,43.71
2019-08-19,7153.569,7215.27,7130.969,7172.869,7159.631,7216.33,7134.71,7178.931,6.062,25.37
2019-08-20,7173.269,7231.27,7087.169,7103.27,7176.331,7233.05,7091.14,7109.33,6.06,31.79
2019-08-21,7103.87,7215.77,7093.77,7199.769,7109.93,7220.811,7097.191,7205.831,6.062,21.67
2019-08-22,7200.37,7203.27,7103.269,7133.769,7206.43,7209.391,7105.01,7139.831,6.062,33.59
2019-08-23,7132.469,7188.97,7024.87,7042.469,7138.531,7189.97,7028.89,7048.531,6.062,47.59
2019-08-26,7009.769,7119.57,6999.069,7093.469,7015.831,7125.63,7005.13,7099.531,6.062,13.55
2019-08-27,7093.469,7111.27,7043.269,7078.57,7102.641,7112.27,7044.561,7084.041,5.471,36.54
2019-08-28,7078.57,7132.27,7047.77,7107.77,7083.581,7133.27,7049.48,7113.83,6.06,30.46
2019-08-29,7107.27,7199.77,7084.469,7182.269,7110.451,7200.77,7087.81,7188.331,6.062,29.12
2019-08-30,7182.869,7239.77,7178.969,7224.069,7188.931,7240.941,7181.42,7230.131,6.062,33.86
2019-09-02,7199.769,7315.77,7199.769,7281.169,7205.831,7316.831,7205.831,7287.231,6.062,25.96
2019-09-03,7281.769,7315.77,7237.269,7265.37,7287.831,7318.321,7238.271,7271.43,6.06,45.76
2019-09-04,7268.77,7333.77,7261.269,7289.27,7272.971,7334.961,7265.531,7295.33,6.06,26.32
2019-09-05,7296.269,7349.969,7241.73,7257.37,7299.331,7353.031,7245.59,7263.43,6.06,36.04
2019-09-06,7258.969,7295.77,7242.269,7292.369,7262.031,7299.031,7244.55,7298.431,6.062,23.21
2019-09-09,7293.77,7325.77,7205.18,7243.769,7296.83,7326.77,7206.18,7248.701,4.932,22.62
2019-09-10,7243.769,7283.77,7198.87,7275.569,7248.351,7287.23,7199.87,7281.77,6.201,27.57
2019-09-11,7275.569,7389.47,7272.769,7381.169,7281.95,7398.591,7276.551,7387.231,6.062,24.48
2019-09-12,7377.769,7379.969,7301.64,7361.67,7380.63,7384.121,7302.64,7366.581,4.911,38.71
2019-09-13,7361.67,7379.769,7315.769,7331.27,7367.19,7381.19,7317.641,7337.33,6.06,25.97
2019-09-16,7309.169,7366.769,7306.969,7327.57,7314.671,7367.769,7311.57,7333.63,6.06,35.38
2019-09-17,7332.769,7349.769,7291.16,7308.77,7335.82,7350.769,7292.16,7314.83,6.06,28.09
2019-09-18,7309.37,7350.969,7297.27,7305.069,7315.43,7351.969,7299.021,7311.131,6.062,20.63
2019-09-19,7308.769,7372.269,7286.269,7326.47,7312.28,7373.42,7287.671,7332.53,6.06,25.44
2019-09-20,7325.87,7376.769,7309.269,7316.969,7331.93,7377.769,7311.29,7323.031,6.062,30.5
2019-09-23,7342.77,7376.18,7281.769,7357.86,7345.83,7380.041,7283.03,7361.72,3.86,9.85
2019-09-24,7358.149,7361.71,7245.039,7264.939,7362.011,7365.57,7246.9,7268.801,3.862,2.68
2019-09-25,7265.419,7313.04,7212.009,7298.35,7269.281,7314.901,7213.009,7302.21,3.86,2.46
2019-09-26,7304.83,7387.22,7273.849,7370.43,7308.69,7388.22,7274.849,7374.29,3.86,2.25
2019-09-27,7368.3,7441.04,7355.149,7400.049,7372.16,7442.04,7359.011,7401.911,1.862,2.54
2019-09-30,7411.059,7440.21,7401.38,7418.36,7414.921,7441.21,7402.38,7422.22,3.86,1.89
2019-10-01,7413.86,7433.4,7306.079,7326.49,7417.72,7436.021,7309.94,7330.35,3.86,2.61
2019-10-02,7328.389,7333.41,7090.42,7109.429,7332.251,7335.001,7093.8,7113.291,3.862,3.06
2019-10-03,7104.099,7122.57,7003.45,7108.24,7107.961,7126.431,7004.45,7112.1,3.86,3.51
2019-10-04,7114.469,7171.699,7077.689,7169.7,7118.331,7173.561,7078.689,7171.56,1.86,3.09
2019-10-07,7161.109,7215.94,7132.019,7185.379,7164.971,7217.8,7134.23,7189.241,3.862,2.52
2019-10-08,7187.46,7226.79,7131.509,7140.719,7191.32,7228.65,7135.371,7144.581,3.862,3.39
2019-10-09,7139.85,7196.789,7108.419,7134.21,7143.71,7198.521,7112.28,7138.07,3.86,2.89
2019-10-10,7150.67,7213.339,7110.749,7159.039,7154.53,7214.339,7112.611,7162.901,3.862,3.66
2019-10-11,7158.499,7251.22,7143.2,7224.789,7162.361,7253.08,7144.2,7226.651,1.862,3.87
2019-10-14,7242.49,7257.519,7193.099,7229.639,7246.35,7259.42,7194.099,7233.501,3.862,2.69
2019-10-15,7230.349,7244.56,7176.099,7197.92,7234.211,7245.56,7177.099,7201.78,3.86,3.27
2019-10-16,7203.96,7217.63,7148.819,7158.06,7207.82,7218.63,7149.819,7161.92,3.86,3.36
2019-10-17,7161.409,7238.7,7156.789,7177.819,7165.271,7239.7,7160.651,7181.681,3.862,3.28
2019-10-18,7182.76,7197.659,7131.51,7138.78,7186.62,7198.659,7133.37,7140.64,1.86,2.78
2019-10-21,7154.959,7197.66,7142.86,7162.259,7155.27,7198.66,7143.86,7166.121,3.862,2.18
2019-10-22,7166.79,7230.03,7145.489,7195.72,7170.65,7231.03,7146.489,7199.58,3.86,2.29
2019-10-23,7199.78,7266.399,7184.519,7259.61,7203.64,7270.261,7188.381,7263.47,3.86,2.15
2019-10-24,7256.849,7339.169,7248.309,7314.849,7260.711,7340.169,7252.171,7318.711,3.862,2.3
2019-10-25,7313.639,7335.87,7278.619,7325.169,7317.501,7338.23,7279.619,7327.031,1.862,1.86
2019-10-28,7333.089,7346.989,7290.42,7338.599,7336.951,7347.989,7291.42,7342.461,3.862,1.9
2019-10-29,7337.399,7342.219,7263.53,7308.52,7341.261,7346.081,7264.53,7312.38,3.86,2.0
2019-10-30,7309.12,7341.93,7282.509,7331.149,7312.98,7343.791,7283.509,7335.011,3.862,2.03
2019-10-31,7330.55,7337.5,7239.499,7258.63,7334.41,7339.361,7241.36,7262.49,3.86,2.61
2019-11-01,7259.22,7313.37,7258.629,7309.62,7263.08,7315.231,7262.239,7311.48,1.86,1.94
2019-11-04,7317.86,7393.87,7312.59,7383.0,7321.72,7397.73,7316.45,7386.86,3.86,1.72
2019-11-05,7382.409,7405.859,7360.239,7373.459,7386.271,7409.721,7364.101,7377.321,3.862,1.98
2019-11-06,7372.86,7399.47,7361.829,7382.15,7376.72,7401.33,7362.829,7386.01,3.86,1.77
2019-11-07,7382.75,7432.559,7380.959,7403.67,7386.61,7433.559,7384.82,7407.53,3.86,2.15
2019-11-08,7404.269,7412.039,7347.9,7381.289,7408.131,7415.901,7348.9,7383.151,1.862,1.85
2019-11-11,7371.81,7373.589,7257.489,7332.81,7375.67,7377.451,7258.489,7336.67,3.86,1.62
2019-11-12,7333.4,7390.21,7321.04,7349.329,7337.26,7391.21,7324.9,7353.191,3.862,2.02
2019-11-13,7349.919,7363.83,7301.089,7336.109,7353.781,7365.691,7302.089,7339.971,3.862,1.83
2019-11-14,7335.519,7352.669,7282.219,7303.979,7339.381,7356.531,7284.08,7307.841,3.862,1.98
2019-11-15,7304.569,7336.74,7241.539,7312.21,7308.431,7340.6,7242.539,7314.07,1.86,1.77
2019-11-18,7302.019,7335.199,7292.46,7302.769,7305.881,7336.199,7293.46,7306.631,3.862,1.83
2019-11-19,7303.359,7404.34,7294.869,7306.869,7307.221,7405.34,7298.731,7310.731,3.862,1.77
2019-11-20,7307.449,7321.589,7213.0,7237.559,7311.311,7325.451,7216.86,7241.421,3.862,1.74
2019-11-21,7235.219,7252.95,7196.649,7242.489,7239.081,7254.81,7197.649,7246.351,3.862,1.95
2019-11-22,7243.069,7343.03,7240.739,7338.82,7246.931,7344.03,7244.601,7340.68,1.86,1.43
2019-11-25,7354.369,7401.49,7342.439,7397.65,7358.231,7402.961,7346.301,7401.51,3.86,1.17
2019-11-26,7397.06,7427.41,7383.069,7403.319,7400.92,7431.271,7384.069,7407.181,3.862,1.35
2019-11-27,7403.019,7446.319,7398.309,7403.94,7406.881,7447.319,7402.171,7407.8,3.86,1.11
2019-11-28,7403.349,7418.449,7383.8,7413.49,7407.211,7419.449,7384.8,7417.35,3.86,0.87
2019-11-29,7412.899,7421.92,7335.779,7341.529,7416.761,7422.92,7337.641,7343.391,1.862,1.64
2019-12-02,7348.46,7400.789,7273.779,7287.88,7352.32,7401.789,7275.64,7291.74,3.86,2.59
2019-12-03,7287.289,7305.42,7133.519,7188.11,7291.151,7309.28,7134.519,7191.97,3.86,3.11
2019-12-04,7188.69,7201.009,7132.53,7185.819,7192.55,7202.871,7133.53,7189.681,3.862,2.72
2019-12-05,7186.39,7201.029,7128.759,7135.179,7190.25,7202.891,7130.621,7139.041,3.862,2.44
2019-12-06,7135.749,7244.65,7135.179,7228.149,7139.611,7246.511,7139.041,7230.011,1.862,2.05
2019-12-09,7228.95,7255.77,7207.97,7228.069,7232.81,7256.77,7211.83,7231.931,3.862,1.67
2019-12-10,7227.49,7242.289,7136.77,7203.809,7231.35,7246.151,7137.77,7207.671,3.862,2.57
2019-12-11,7203.24,7252.099,7193.88,7223.629,7207.1,7253.099,7194.88,7227.491,3.862,2.28
2019-12-12,7223.909,7354.209,7216.1,7349.109,7227.771,7358.071,7219.96,7352.971,3.862,3.37
2019-12-13,7348.54,7429.5,7247.439,7375.509,7352.4,7430.5,7251.301,7377.371,1.862,3.76
2019-12-16,7390.929,7552.51,7372.929,7516.509,7394.791,7553.51,7374.79,7520.371,3.862,2.19
2019-12-17,7516.81,7542.13,7496.189,7515.67,7520.67,7543.99,7497.189,7519.53,3.86,2.3
2019-12-18,7516.259,7557.45,7496.169,7550.85,7520.121,7559.201,7498.031,7554.71,3.86,1.61
2019-12-19,7550.26,7582.46,7524.67,7574.05,7554.12,7584.321,7525.67,7577.91,3.86,1.53
2019-12-20,7573.47,7605.419,7556.069,7569.519,7577.33,7606.419,7557.93,7571.381,1.862,2.14
2019-12-23,7577.65,7631.5,7557.409,7620.349,7581.51,7633.361,7558.409,7624.211,3.862,1.57
2019-12-24,7619.759,7635.57,7607.419,7634.319,7623.621,7636.57,7608.419,7635.319,1.0,0.51
2019-12-26,7651.469,7665.269,7646.67,7656.069,7657.531,7671.331,7652.73,7662.131,6.062,0.55
2019-12-27,7655.469,7677.77,7622.101,7632.771,7661.531,7678.77,7623.101,7634.69,1.919,1.39
2019-12-30,7633.781,7641.413,7567.855,7574.686,7634.781,7643.433,7569.613,7578.715,4.029,1.81
2019-12-31,7575.254,7577.1,7522.481,7538.411,7579.295,7579.695,7528.6,7540.583,2.172,4.09
2020-01-01,7555.487,7567.414,7554.478,7555.484,7561.713,7573.586,7560.689,7561.725,6.241,0.18
2020-01-02,7555.987,7628.377,7546.681,7622.872,7562.192,7632.382,7547.889,7626.77,3.898,2.21
2020-01-03,7622.588,7632.97,7549.574,7596.446,7626.569,7636.902,7550.576,7598.439,1.993,2.78
2020-01-06,7589.415,7599.348,7526.048,7581.905,7593.34,7600.365,7527.053,7585.83,3.925,2.31
2020-01-07,7581.361,7620.052,7496.527,7514.337,7585.336,7622.284,7500.532,7518.309,3.972,2.37
2020-01-08,7514.904,7608.335,7466.717,7593.808,7518.894,7610.673,7470.63,7597.843,4.035,3.14
2020-01-09,7594.384,7628.113,7579.421,7622.535,7598.422,7629.13,7583.36,7626.546,4.011,2.02
2020-01-10,7623.117,7633.267,7562.941,7571.946,7627.095,7635.062,7564.86,7573.972,2.026,1.91
2020-01-13,7572.651,7636.107,7572.096,7630.362,7576.659,7637.107,7576.086,7634.385,4.023,1.82
2020-01-14,7630.057,7651.287,7587.748,7610.761,7634.089,7652.287,7588.748,7614.793,4.032,2.12
2020-01-15,7611.359,7644.037,7608.373,7631.798,7615.349,7646.042,7609.382,7635.836,4.038,1.93
2020-01-16,7632.374,7653.919,7594.558,7624.18,7636.382,7654.927,7595.572,7628.197,4.017,1.84
2020-01-17,7623.598,7689.421,7618.443,7684.891,7627.645,7690.432,7621.37,7686.872,1.981,1.45
2020-01-20,7684.683,7689.295,7638.728,7646.131,7688.712,7693.315,7639.736,7650.124,3.993,1.1
2020-01-21,7646.387,7654.32,7549.467,7589.774,7650.413,7658.319,7550.492,7593.791,4.017,2.25
2020-01-22,7590.361,7637.896,7548.759,7550.878,7594.351,7638.922,7552.773,7554.916,4.038,2.38
2020-01-23,7551.477,7572.748,7501.848,7556.93,7555.482,7576.759,7502.865,7560.926,3.996,2.68
2020-01-24,7557.61,7642.07,7536.855,7553.369,7561.505,7643.07,7538.878,7555.362,1.993,2.71
2020-01-27,7511.921,7529.61,7391.088,7415.387,7515.905,7533.532,7392.088,7419.392,4.005,3.86
2020-01-28,7414.827,7491.59,7402.097,7475.17,7418.823,7493.95,7406.072,7478.97,3.8,3.17
2020-01-29,7474.5,7514.495,7461.024,7473.474,7478.52,7515.495,7462.044,7477.479,4.005,2.59
2020-01-30,7474.011,7475.82,7356.261,7427.046,7478.04,7479.742,7357.27,7431.045,3.999,4.15
2020-01-31,7426.766,7440.72,7231.899,7259.609,7430.777,7444.735,7233.904,7261.599,1.99,4.28
2020-02-03,7270.088,7360.747,7265.625,7318.08,7274.111,7361.747,7269.636,7322.005,3.925,3.7
2020-02-04,7317.425,7441.827,7316.315,7415.678,7321.424,7442.832,7320.296,7419.686,4.008,2.91
2020-02-05,7415.24,7512.31,7396.795,7493.735,7419.135,7513.339,7397.821,7497.749,4.014,3.67
2020-02-06,7493.202,7536.49,7484.355,7519.594,7497.222,7540.507,7485.375,7523.611,4.017,2.66
2020-02-07,7520.169,7521.297,7439.928,7452.472,7524.195,7525.305,7440.975,7454.462,1.99,3.1
2020-02-10,7416.418,7467.173,7415.871,7463.879,7420.45,7471.169,7419.873,7467.89,4.011,2.47
2020-02-11,7464.441,7530.107,7459.448,7504.076,7468.416,7531.107,7463.474,7508.081,4.005,2.29
2020-02-12,7503.513,7556.152,7490.58,7516.834,7507.42,7558.172,7494.499,7520.812,3.978,2.16
2020-02-13,7517.372,7527.661,7404.84,7442.214,7521.383,7531.699,7405.866,7446.249,4.035,3.0
2020-02-14,7442.779,7473.381,7388.305,7410.29,7446.799,7474.41,7390.337,7412.322,2.032,2.41
2020-02-17,7419.767,7450.999,7398.35,7408.528,7423.748,7451.999,7402.15,7412.545,4.017,1.27
2020-02-18,7409.12,7422.855,7351.156,7415.216,7413.027,7423.878,7352.156,7419.215,3.999,2.84
2020-02-19,7415.756,7472.061,7401.037,7459.301,7419.66,7474.063,7405.0,7463.339,4.038,2.25
2020-02-20,7459.853,7481.07,7417.715,7427.187,7463.76,7482.07,7421.726,7431.216,4.029,3.36
2020-02-21,7427.445,7450.35,7368.321,7405.071,7431.471,7454.251,7369.326,7407.061,1.99,3.79
2020-02-24,7322.271,7337.34,7104.989,7145.414,7326.306,7341.26,7108.982,7149.395,3.981,5.64
2020-02-25,7145.925,7202.154,6910.207,6977.661,7149.942,7204.184,6912.203,6981.681,4.02,6.63
2020-02-26,6977.421,7048.332,6870.031,6906.628,6981.402,7050.355,6871.042,6910.55,3.922,8.21
2020-02-27,6906.37,6948.751,6610.327,6674.109,6910.28,6949.751,6614.317,6678.111,4.002,8.75
2020-02-28,6674.657,6686.437,6455.852,6641.404,6678.665,6690.427,6456.852,6643.382,1.978,11.0
2020-03-02,6505.431,6774.432,6493.955,6738.358,6509.472,6775.432,6494.984,6742.372,4.014,9.55
2020-03-03,6739.715,6847.804,6595.498,6630.368,6743.735,6848.833,6599.509,6634.397,4.029,8.01
2020-03-04,6630.097,6890.407,6627.058,6821.479,6634.108,6892.403,6631.075,6825.469,3.99,6.49
2020-03-05,6821.755,6843.666,6599.671,6630.865,6825.742,6847.662,6601.59,6634.873,4.008,6.78
2020-03-06,6631.423,6655.905,6403.113,6468.605,6635.33,6659.925,6405.115,6470.622,2.017,8.59
2020-03-09,6084.314,6238.681,5815.881,5951.114,6090.4,6241.892,5818.113,5957.295,6.181,37.81
2020-03-10,5950.778,6230.393,5877.0,6023.496,5957.01,6231.607,5883.101,6029.713,6.217,44.73
2020-03-11,6024.011,6107.402,5772.878,5798.914,6030.189,6108.622,5774.886,5802.937,4.023,22.14
2020-03-12,5799.45,5824.624,5200.725,5261.033,5803.36,5828.632,5202.733,5265.053,4.02,14.33
2020-03-13,5260.763,5696.987,5207.375,5682.005,5264.789,5698.013,5211.31,5684.022,2.017,14.38
2020-03-16,5247.475,5253.755,4843.24,5119.617,5253.486,5258.757,4844.24,5123.613,3.996,6.69
2020-03-17,5119.363,5375.511,4982.999,5137.882,5123.353,5376.511,4986.007,5141.89,4.008,10.3
2020-03-18,5138.149,5233.412,4940.502,5167.68,5142.133,5237.402,4944.51,5172.578,4.898,8.95
2020-03-19,5167.842,5285.481,4832.035,5192.382,5172.838,5288.486,4837.034,5199.405,7.023,7.22
2020-03-20,5186.38,5420.499,5030.514,5038.85,5193.412,5423.519,5033.513,5041.736,2.886,10.45
2020-03-23,4871.716,5199.099,4780.252,5073.868,4879.742,5201.91,4788.272,5078.849,4.981,12.13
2020-03-24,5072.745,5483.104,5045.278,5410.403,5077.765,5489.103,5050.313,5416.396,5.993,10.22
2020-03-25,5409.846,5750.884,5361.895,5610.478,5415.86,5752.119,5367.903,5616.716,6.238,44.54
2020-03-26,5609.411,5825.3,5465.411,5818.684,5615.601,5829.086,5467.601,5824.919,6.235,47.19
2020-03-27,5818.375,5825.29,5404.89,5461.675,5824.616,5831.513,5406.101,5463.904,2.229,39.95
2020-03-30,5407.0,5597.387,5357.411,5589.29,5410.119,5599.619,5358.586,5595.522,6.232,42.41
2020-03-31,5590.381,5706.887,5514.914,5533.896,5596.595,5708.089,5518.098,5540.098,6.202,45.46
2020-04-01,5541.39,5571.684,5354.696,5387.481,5544.595,5574.8,5358.586,5393.698,6.217,38.13
2020-04-02,5386.408,5561.19,5374.717,5466.017,5392.592,5562.413,5377.925,5472.219,6.202,43.42
2020-04-03,5468.193,5485.181,5350.899,5381.878,5471.404,5488.41,5353.104,5388.101,6.223,35.21
2020-04-06,5437.396,5660.896,5434.89,5659.793,5440.598,5665.9,5438.092,5665.9,6.107,30.23
2020-04-07,5658.39,5782.408,5571.414,5630.1,5664.616,5783.583,5574.598,5636.186,6.086,48.29
2020-04-08,5629.187,5729.693,5570.884,5722.614,5635.3,5732.625,5573.101,5728.786,6.172,38.12
2020-04-09,5723.075,5890.899,5682.875,5864.887,5729.307,5893.089,5684.104,5871.119,6.232,41.9
2020-04-13,5827.614,5900.711,5792.278,5845.817,5830.804,5906.889,5798.498,5851.986,6.169,31.08
2020-04-14,5846.411,5945.0,5775.405,5780.69,5852.613,5951.11,5777.095,5786.919,6.229,28.73
2020-04-15,5781.211,5790.3,5525.493,5531.617,5787.383,5796.419,5531.71,5537.795,6.178,36.69
2020-04-16,5550.178,5789.2,5535.911,5756.781,5556.392,5795.325,5542.119,5763.016,6.235,39.58
2020-04-17,5755.3,5836.211,5733.208,5819.878,5761.398,5838.41,5739.3,5826.092,6.214,35.42
2020-04-20,5794.981,5847.496,5704.511,5739.114,5799.083,5851.592,5705.992,5747.0,7.886,32.84
2020-04-21,5739.381,5767.717,5625.605,5660.387,5747.425,5771.807,5628.407,5668.422,8.035,40.28
2020-04-22,5660.178,5787.084,5628.49,5756.311,5668.216,5789.916,5632.625,5764.31,7.999,29.26
2020-04-23,5756.487,5843.011,5721.808,5730.8,5764.525,5844.51,5729.798,5738.689,7.889,31.71
2020-04-24,5730.908,5811.017,5715.214,5795.511,5738.886,5812.504,5719.307,5803.522,8.011,24.57
2020-04-27,5779.675,5876.114,5774.711,5855.717,5783.807,5878.922,5778.789,5863.686,7.969,21.68
2020-04-28,5856.002,5977.1,5827.978,5945.79,5864.007,5978.522,5832.098,5951.989,6.199,27.07
2020-04-29,5945.493,6155.414,5928.714,6133.681,5951.701,6161.625,5934.913,6139.922,6.241,27.51
2020-04-30,6133.414,6207.5,5798.881,5849.108,6139.589,6210.622,5805.083,5855.319,6.211,35.33
2020-05-01,5839.208,5854.0,5738.184,5748.417,5842.383,5857.086,5739.404,5754.586,6.169,8.9
2020-05-04,5683.193,5815.699,5663.178,5803.402,5686.398,5821.11,5666.395,5809.622,6.22,20.56
2020-05-05,5801.908,5870.714,5789.89,5830.878,5805.101,5871.886,5791.0,5837.122,6.244,20.01
2020-05-06,5831.393,5898.878,5786.899,5801.599,5837.592,5900.101,5790.098,5807.81,6.211,19.11
2020-05-07,5802.105,5951.393,5802.105,5933.184,5808.31,5953.583,5808.31,5939.407,6.223,17.41
2020-05-08,5933.775,5983.593,5929.896,5974.084,5940.022,5985.922,5936.0,5980.301,6.217,11.19
2020-05-11,6007.411,6007.411,5896.187,5945.896,6010.619,6010.625,5897.386,5952.095,6.199,16.98
2020-05-12,5946.493,6012.914,5872.411,5875.2,5952.722,6014.089,5878.613,5881.319,6.119,19.29
2020-05-13,5873.408,5953.69,5831.696,5862.99,5876.616,5954.901,5833.901,5869.225,6.235,24.27
2020-05-14,5863.184,5863.184,5658.69,5796.081,5869.389,5869.389,5659.898,5802.283,6.202,26.62
2020-05-15,5796.881,5849.175,5756.396,5827.696,5800.11,5850.413,5758.401,5833.883,6.187,24.52
2020-05-18,5851.478,6081.717,5851.478,6068.417,5857.704,6083.919,5855.625,6074.604,6.187,18.0
2020-05-19,6068.087,6118.378,5918.787,5946.284,6074.307,6120.425,5925.001,5952.51,6.226,24.03
2020-05-20,5946.596,6076.899,5942.911,6051.699,5952.786,6079.089,5946.101,6057.919,6.22,18.49
2020-05-21,6053.414,6095.417,6000.481,6031.611,6059.613,6096.601,6003.886,6037.798,6.187,18.93
2020-05-22,6032.184,6044.19,5889.687,6009.175,6038.425,6047.425,5890.8,6015.407,6.232,21.94
2020-05-25,6038.781,6092.09,6011.799,6076.081,6045.013,6097.601,6018.016,6082.292,6.211,10.52
2020-05-26,6076.311,6162.717,6040.887,6056.714,6082.522,6164.889,6042.095,6062.913,6.199,21.82
2020-05-27,6057.184,6185.002,6045.678,6184.284,6063.407,6191.195,6048.886,6190.495,6.211,27.9
2020-05-28,6184.011,6239.896,6151.914,6164.005,6190.189,6242.0,6153.125,6170.183,6.178,28.81
2020-05-29,6164.508,6190.414,6044.393,6101.684,6170.698,6192.622,6046.586,6107.895,6.211,29.43
2020-06-01,6074.014,6201.202,6071.393,6168.511,6080.201,6207.425,6074.592,6174.722,6.211,23.66
2020-06-02,6169.002,6269.605,6156.705,6254.099,6175.186,6275.801,6159.91,6260.313,6.214,22.89
2020-06-03,6254.596,6408.817,6249.908,6394.087,6260.804,6415.01,6253.092,6400.298,6.211,23.49
2020-06-04,6394.593,6403.402,6311.0,6333.081,6400.792,6405.122,6312.122,6339.298,6.217,28.15
2020-06-05,6334.708,6500.3,6327.417,6456.199,6340.8,6502.425,6330.604,6462.41,6.211,25.99
2020-06-08,6494.414,6514.202,6422.411,6495.105,6500.607,6515.398,6423.601,6501.31,6.205,24.02
2020-06-09,6494.814,6513.896,6313.184,6351.584,6501.001,6517.083,6315.3,6357.822,6.238,28.15
2020-06-10,6350.196,6388.678,6240.978,6254.5,6356.419,6389.886,6247.183,6260.589,6.089,32.29
2020-06-11,6254.917,6290.887,5963.884,6022.384,6261.116,6294.125,5966.083,6028.616,6.232,45.99
2020-06-12,6023.396,6185.705,5978.175,6130.681,6029.5,6186.916,5981.383,6136.889,6.208,47.6
2020-06-15,6042.217,6185.414,5929.902,6182.087,6048.395,6191.619,5932.116,6188.286,6.199,43.96
2020-06-16,6181.914,6300.705,6161.5,6261.108,6188.101,6301.922,6164.622,6267.322,6.214,43.17
2020-06-17,6260.887,6308.914,6199.281,6200.996,6267.122,6310.119,6205.486,6207.207,6.211,30.2
2020-06-18,6201.796,6286.0,6144.09,6237.408,6207.995,6287.125,6147.283,6243.592,6.184,27.72
2020-06-19,6237.105,6320.89,6206.378,6230.8,6243.292,6322.11,6209.5,6236.883,6.083,27.94
2020-06-22,6199.217,6311.205,6193.381,6296.8,6202.401,6312.389,6196.586,6302.916,6.116,25.5
2020-06-23,6296.214,6341.902,6188.699,6265.896,6302.3,6343.122,6191.883,6272.095,6.199,25.23
2020-06-24,6266.411,6305.8,6095.696,6103.19,6272.595,6308.91,6097.922,6109.3,6.11,31.58
2020-06-25,6108.687,6222.705,6025.708,6209.202,6111.919,6228.925,6026.904,6215.407,6.205,35.94
2020-06-26,6202.905,6262.714,6133.0,6138.381,6206.0,6263.925,6135.116,6144.61,6.229,28.24
2020-06-29,6138.893,6261.3,6106.708,6251.287,6145.086,6267.401,6108.895,6257.489,6.202,27.64
2020-06-30,6250.99,6261.184,6145.208,6170.384,6257.213,6264.41,6146.413,6176.616,6.232,23.15
2020-07-01,6169.917,6203.208,6079.881,6169.381,6176.098,6204.398,6081.095,6175.613,6.232,23.19
2020-07-02,6168.917,6258.717,6151.408,6239.108,6175.122,6259.889,6154.625,6245.304,6.196,22.98
2020-07-03,6239.599,6262.914,6133.175,6172.3,6245.792,6265.113,6134.3,6178.398,6.098,13.6
2020-07-06,6184.881,6305.5,6184.881,6295.99,6188.11,6311.625,6188.11,6302.204,6.214,22.19
2020-07-07,6295.481,6318.693,6148.875,6160.493,6301.704,6321.892,6152.883,6166.725,6.232,19.32
2020-07-08,6159.978,6209.714,6121.681,6191.511,6166.216,6210.925,6123.883,6197.701,6.19,20.68
2020-07-09,6191.178,6207.217,6027.705,6075.517,6194.383,6210.3,6029.892,6081.683,6.166,24.42
2020-07-10,6075.711,6133.705,5992.893,6129.699,6081.913,6137.386,5995.083,6135.901,6.202,22.6
2020-07-13,6140.11,6193.269,6084.253,6112.843,6144.138,6195.297,6086.245,6116.877,4.034,7.33
2020-07-14,6115.114,6244.181,6087.417,6233.976,6119.127,6248.2,6091.427,6237.891,3.915,10.64
2020-07-15,6232.046,6323.759,6206.657,6293.322,6236.017,6324.759,6207.676,6297.317,3.995,8.52
2020-07-16,6300.433,6300.649,6225.432,6264.19,6304.437,6304.572,6226.432,6268.221,4.031,7.13
2020-07-17,6266.002,6300.504,6228.359,6296.526,6269.994,6302.526,6229.359,6298.524,1.998,5.5
2020-07-20,6303.034,6306.989,6219.91,6262.253,6307.041,6310.895,6220.923,6266.23,3.977,7.27
2020-07-21,6261.9,6316.041,6236.063,6255.946,6265.925,6317.073,6238.052,6259.935,3.989,6.93
2020-07-22,6255.015,6274.53,6195.031,6200.377,6259.043,6278.537,6197.047,6204.378,4.001,6.94
2020-07-23,6197.817,6274.127,6150.037,6174.149,6201.711,6275.134,6151.961,6178.171,4.022,7.45
2020-07-24,6172.809,6182.259,6097.008,6112.186,6176.813,6186.226,6098.009,6114.16,1.974,6.57
2020-07-27,6109.992,6142.736,6084.514,6133.605,6113.993,6146.743,6085.53,6137.618,4.013,4.07
2020-07-28,6139.871,6162.879,6080.678,6115.146,6143.771,6166.885,6081.697,6119.147,4.001,4.36
2020-07-29,6109.303,6160.863,6101.337,6146.503,6113.301,6162.751,6105.353,6150.477,3.974,3.57
2020-07-30,6148.154,6158.436,5923.44,6048.794,6152.2,6160.446,5924.444,6052.774,3.98,8.13
2020-07-31,6044.25,6053.199,5851.057,5903.747,6048.296,6057.163,5853.034,5905.796,2.049,8.77
2020-08-03,5895.456,6038.929,5854.881,6017.972,5899.463,6040.262,5855.894,6021.967,3.995,6.34
2020-08-04,6016.36,6062.676,5984.666,6040.46,6020.382,6063.676,5985.666,6044.44,3.98,6.73
2020-08-05,6042.153,6111.557,6023.18,6071.466,6046.163,6112.597,6027.203,6075.476,4.01,5.55
2020-08-06,6070.514,6096.769,5978.663,6041.697,6074.53,6100.681,5979.663,6045.731,4.034,6.82
2020-08-07,6044.796,6055.876,5993.803,6053.382,6048.773,6057.877,5994.803,6055.395,2.013,6.29
2020-08-10,6047.04,6101.037,6025.69,6072.022,6051.032,6102.047,6026.69,6075.931,3.909,6.44
2020-08-11,6078.058,6205.776,6070.853,6140.412,6082.05,6206.777,6074.864,6144.425,4.013,7.32
2020-08-12,6147.537,6297.127,6127.234,6245.903,6151.544,6298.127,6131.253,6249.919,4.016,4.49
2020-08-13,6246.45,6248.758,6159.53,6192.514,6250.371,6252.78,6161.573,6196.411,3.897,4.27
2020-08-14,6179.117,6201.6,6034.216,6072.2,6183.133,6203.586,6035.217,6078.325,6.125,5.68
2020-08-17,6084.638,6139.913,6058.33,6127.054,6088.654,6140.913,6059.352,6131.088,4.034,4.9
2020-08-18,6117.35,6162.979,6058.514,6071.4,6121.396,6163.979,6059.527,6075.395,3.995,5.24
2020-08-19,6070.917,6118.883,6043.742,6059.733,6074.927,6120.884,6044.749,6063.728,3.995,4.9
2020-08-20,6058.526,6077.306,6006.317,6025.794,6062.524,6078.34,6009.266,6029.783,3.989,5.42
2020-08-21,6023.4,6045.533,5947.576,6015.372,6027.434,6049.543,5948.586,6017.391,2.019,6.96
2020-08-24,6016.816,6126.173,6003.577,6120.75,6020.787,6130.177,6007.615,6124.775,4.025,4.94
2020-08-25,6131.479,6174.626,6014.1,6055.494,6135.504,6175.626,6016.122,6059.543,4.049,5.24
2020-08-26,6043.06,6061.429,5990.357,6052.237,6047.106,6065.341,5991.394,6056.226,3.989,4.92
2020-08-27,6053.71,6063.211,5986.606,6017.714,6057.72,6064.223,5988.521,6021.766,4.052,6.09
2020-08-28,6006.538,6043.104,5952.654,5979.9,6010.545,6047.117,5954.691,5986.01,6.11,6.32
2020-09-01,5916.271,5972.604,5822.83,5883.611,5920.269,5973.604,5823.837,5887.606,3.995,7.94
2020-09-02,5890.117,5975.979,5880.09,5967.138,5894.118,5976.979,5884.011,5971.148,4.01,7.57
2020-09-03,5964.866,5998.163,5765.88,5774.82,5968.9,5999.191,5769.893,5778.741,3.921,11.19
2020-09-04,5796.204,5904.262,5776.635,5835.013,5800.226,5905.278,5777.635,5837.05,2.037,13.89
2020-09-07,5812.199,5954.439,5807.442,5947.827,5816.111,5958.366,5811.45,5951.669,3.842,7.31
2020-09-08,5941.083,5986.376,5846.455,5889.102,5945.126,5987.416,5850.48,5893.112,4.01,12.98
2020-09-09,5873.98,6035.906,5870.444,6025.044,5877.987,6037.901,5874.46,6029.087,4.043,10.24
2020-09-10,6020.043,6028.91,5947.881,5974.599,6024.02,6029.926,5950.304,5978.487,3.888,10.76
2020-09-11,5962.07,6058.009,5962.054,6014.214,5966.044,6059.034,5966.044,6020.422,6.208,11.15
2020-09-14,6056.023,6080.959,6010.369,6023.524,6060.039,6081.99,6011.369,6027.504,3.98,6.31
2020-09-15,6030.393,6125.804,6010.538,6080.594,6034.281,6127.817,6014.533,6084.58,3.986,5.72
2020-09-16,6082.749,6119.609,6056.416,6075.623,6086.646,6120.609,6057.416,6079.597,3.974,3.25
2020-09-17,6077.192,6081.336,5996.863,6044.119,6081.226,6085.324,5997.864,6048.147,4.028,4.81
2020-09-18,6042.068,6068.872,5976.756,6009.884,6046.081,6069.876,5978.787,6016.101,6.217,5.38
2020-09-21,5995.369,6007.774,5778.265,5846.296,5999.269,6011.784,5779.265,5850.312,4.016,6.86
2020-09-22,5837.229,5891.163,5793.264,5881.814,5841.141,5893.17,5794.28,5885.824,4.01,5.83
2020-09-23,5880.203,5974.821,5823.179,5840.295,5884.121,5975.856,5827.177,5844.201,3.906,5.78
2020-09-24,5838.24,5894.714,5803.89,5854.973,5842.253,5895.714,5804.903,5858.968,3.995,7.35
2020-09-25,5861.77,5879.512,5769.84,5873.917,5865.75,5884.11,5770.859,5880.092,6.175,6.08
2020-09-28,5883.252,5959.579,5872.09,5957.941,5887.268,5963.488,5876.094,5961.945,4.004,4.96
2020-09-29,5956.079,5960.156,5861.383,5911.397,5960.006,5964.175,5862.405,5915.41,4.013,4.64
2020-09-30,5897.537,5932.795,5837.56,5869.726,5901.553,5936.796,5841.564,5873.757,4.031,6.71
2020-10-01,5872.051,5926.165,5848.379,5868.163,5876.067,5927.175,5849.41,5872.134,3.971,6.03
2020-10-02,5873.406,5915.446,5792.862,5896.275,5877.407,5917.453,5796.863,5902.501,6.226,6.89
2020-10-05,5932.16,5975.754,5916.045,5949.18,5936.191,5976.754,5917.045,5953.184,4.004,3.8
2020-10-06,5940.101,5971.66,5886.776,5909.053,5944.126,5973.348,5890.661,5913.036,3.983,5.03
2020-10-07,5907.112,5976.373,5906.766,5960.372,5911.137,5977.373,5910.681,5964.394,4.022,3.92
2020-10-08,5952.715,6022.799,5928.299,6016.146,5956.746,6026.723,5929.299,6020.174,4.028,4.09
2020-10-09,6007.2,6041.121,5989.57,6001.341,6011.234,6042.128,5991.559,6003.354,2.013,3.24
2020-10-12,6004.454,6037.485,5990.397,6023.1,6008.44,6040.49,5994.321,6027.146,4.046,3.08
2020-10-13,6021.974,6027.994,5949.704,5981.733,6025.987,6031.98,5950.716,5985.776,4.043,3.97
2020-10-14,5981.146,6009.91,5895.054,5908.957,5985.114,6010.936,5899.076,5912.994,4.037,3.8
2020-10-15,5927.74,5931.652,5784.442,5874.694,5931.777,5935.68,5785.442,5878.698,4.004,4.87
2020-10-16,5864.303,5933.859,5856.638,5894.381,5868.337,5934.89,5860.651,5900.61,6.229,4.75
2020-10-19,5927.133,5961.392,5845.328,5875.623,5931.17,5962.411,5847.32,5879.618,3.995,4.05
2020-10-20,5875.504,5916.626,5853.811,5895.969,5879.553,5918.63,5857.827,5899.976,4.007,4.49
2020-10-21,5893.325,5916.433,5722.529,5747.207,5897.332,5918.443,5726.417,5751.229,4.022,5.33
2020-10-22,5744.977,5815.376,5714.893,5801.856,5748.981,5819.786,5715.897,5806.171,4.315,7.53
2020-10-23,5799.159,5884.998,5781.133,5860.604,5803.56,5886.417,5783.019,5866.814,6.21,6.08
2020-10-26,5852.166,5868.333,5755.494,5787.533,5856.051,5869.34,5757.516,5791.54,4.007,7.21
2020-10-27,5787.728,5815.303,5694.183,5702.724,5791.723,5817.304,5696.226,5706.752,4.028,7.58
2020-10-28,5703.166,5715.72,5524.507,5559.305,5707.167,5719.709,5525.547,5563.336,4.031,10.47
2020-10-29,5558.677,5631.598,5532.687,5591.688,5562.693,5633.593,5533.7,5595.683,3.995,10.91
2020-10-30,5591.902,5608.583,5486.43,5592.563,5595.918,5610.596,5490.351,5604.594,12.031,10.53
2020-11-02,5521.354,5678.896,5508.768,5673.093,5525.281,5682.879,5512.766,5677.112,4.019,7.63
2020-11-03,5673.304,5839.721,5664.581,5818.865,5677.335,5843.746,5668.594,5822.896,4.031,7.2
2020-11-04,5818.453,5902.184,5655.487,5845.277,5822.454,5904.185,5657.509,5849.272,3.995,12.24
2020-11-05,5845.674,5932.506,5839.956,5884.292,5849.705,5933.506,5843.96,5888.293,4.001,8.64
2020-11-06,5884.079,5950.837,5856.957,5907.736,5888.08,5951.847,5857.964,5909.737,2.001,7.88
2020-11-09,5956.403,6258.122,5950.949,6161.364,5960.443,6259.153,5954.956,6165.398,4.034,11.4
2020-11-10,6161.196,6315.265,6102.196,6268.44,6165.188,6317.278,6106.182,6272.426,3.986,12.01
2020-11-11,6267.982,6398.304,6259.501,6352.119,6272.001,6400.314,6263.502,6356.129,4.01,8.87
2020-11-12,6351.911,6370.43,6265.744,6278.994,6355.906,6371.473,6267.778,6283.004,4.01,7.86
2020-11-13,6278.786,6351.068,6256.695,6347.464,6282.757,6352.979,6260.601,6349.494,2.03,6.95
2020-11-16,6370.173,6463.449,6331.159,6414.272,6374.221,6464.449,6332.186,6418.317,4.045,7.47
2020-11-17,6413.84,6424.379,6308.649,6361.373,6417.831,6425.379,6309.649,6365.391,4.018,6.27
2020-11-18,6360.972,6395.938,6315.539,6322.095,6364.862,6396.95,6317.53,6326.134,4.039,5.86
2020-11-19,6322.565,6370.448,6309.446,6324.791,6326.452,6372.377,6313.396,6328.791,4.0,5.9
2020-11-20,6325.247,6392.883,6325.247,6354.577,6329.152,6393.907,6329.152,6356.604,2.027,5.2
2020-11-23,6367.026,6392.241,6321.393,6366.935,6370.922,6393.262,6323.432,6370.941,4.006,6.28
2020-11-24,6366.702,6462.088,6361.838,6459.884,6370.714,6466.121,6365.868,6463.875,3.991,5.56
2020-11-25,6459.449,6480.455,6373.903,6393.746,6463.467,6484.438,6374.957,6397.746,4.0,6.49
2020-11-26,6393.532,6413.523,6337.162,6342.503,6397.535,6414.544,6341.204,6346.5,3.997,3.98
2020-11-27,6343.386,6416.47,6300.385,6414.446,6347.404,6418.467,6301.415,6416.372,1.926,4.87
2020-11-30,6407.561,6408.875,6246.814,6268.822,6411.555,6412.899,6248.805,6272.834,4.012,6.98
2020-12-01,6269.368,6398.074,6266.674,6381.996,6273.276,6399.095,6270.665,6385.975,3.979,6.12
2020-12-02,6382.201,6468.641,6350.152,6437.158,6386.237,6470.069,6354.072,6441.057,3.899,5.8
2020-12-03,6436.635,6510.442,6429.339,6479.774,6440.644,6512.448,6430.345,6483.804,4.03,5.35
2020-12-04,6479.428,6568.455,6478.513,6562.455,6483.327,6570.461,6482.531,6564.44,1.985,5.06
2020-12-07,6564.743,6601.201,6518.173,6521.05,6568.767,6602.225,6519.742,6525.038,3.988,4.61
2020-12-08,6520.613,6588.479,6512.639,6564.492,6524.598,6592.494,6516.663,6568.519,4.027,4.35
2020-12-09,6564.957,6623.162,6537.833,6570.509,6568.987,6624.177,6539.848,6574.527,4.018,6.01
2020-12-10,6571.048,6639.855,6558.863,6605.815,6574.962,6640.858,6560.571,6609.785,3.97,6.95
2020-12-11,6605.366,6612.013,6519.152,6568.253,6609.372,6615.274,6520.152,6570.241,1.988,7.27
2020-12-14,6571.546,6590.898,6502.105,6515.835,6575.472,6594.834,6504.099,6519.817,3.982,6.36
2020-12-15,6516.368,6559.043,6483.113,6540.227,6520.267,6560.058,6484.145,6544.265,4.038,6.29
2020-12-16,6539.792,6599.463,6519.795,6571.685,6543.812,6600.489,6523.83,6575.613,3.928,5.2
2020-12-17,6571.269,6603.934,6543.878,6550.558,6575.277,6605.573,6545.874,6554.584,4.026,3.73
2020-12-18,6551.007,6605.102,6506.659,6521.154,6555.012,6606.125,6508.673,6523.043,1.889,5.58
2020-12-21,6452.709,6476.561,6312.505,6419.054,6456.72,6477.561,6313.516,6423.083,4.029,10.11
2020-12-22,6419.283,6464.177,6368.107,6462.718,6423.291,6466.711,6370.002,6466.711,3.993,5.27
2020-12-23,6468.632,6524.351,6412.0,6516.756,6472.616,6526.383,6413.912,6520.767,4.011,4.25
2020-12-24,6516.298,6535.308,6477.351,6510.999,6520.336,6539.319,6478.374,6511.999,1.0,1.33
2020-12-29,6570.892,6677.736,6557.07,6580.679,6574.93,6678.758,6561.069,6584.678,3.999,3.91
2020-12-30,6580.242,6623.139,6507.37,6526.429,6584.256,6624.154,6509.39,6530.434,4.005,3.22
2020-12-31,6526.859,6529.892,6431.74,6460.749,6530.888,6533.912,6432.775,6461.749,1.0,1.61
2021-01-04,6483.349,6665.237,6469.378,6550.312,6487.363,6666.237,6473.386,6554.323,4.011,7.39
2021-01-05,6550.065,6648.862,6515.052,6622.658,6554.079,6650.87,6517.042,6626.657,3.999,7.3
2021-01-06,6622.875,6864.087,6600.792,6841.935,6626.895,6865.991,6604.785,6845.958,4.023,11.33
2021-01-07,6842.189,6949.424,6792.782,6861.784,6846.185,6953.414,6793.823,6865.813,4.029,7.04
2021-01-08,6862.678,6909.615,6835.205,6902.839,6866.603,6913.638,6836.24,6904.838,1.999,6.47
2021-01-11,6881.664,6888.834,6767.718,6800.181,6885.553,6892.836,6768.718,6804.18,3.999,6.08
2021-01-12,6799.723,6823.606,6719.1,6768.779,6803.719,6827.623,6721.111,6772.796,4.017,5.66
2021-01-13,6769.216,6773.435,6733.931,6744.329,6773.233,6777.437,6734.957,6748.328,3.999,5.11
2021-01-14,6744.112,6810.271,6735.598,6800.489,6748.108,6812.276,6736.615,6804.515,4.026,5.58
2021-01-15,6800.259,6804.501,6685.805,6724.251,6804.246,6808.497,6686.819,6726.289,2.038,6.43
2021-01-18,6711.246,6743.23,6699.494,6736.277,6715.236,6744.268,6703.511,6740.19,3.913,3.36
2021-01-19,6736.717,6769.992,6696.248,6748.105,6740.612,6771.036,6697.271,6752.122,4.017,3.64
2021-01-20,6747.264,6761.171,6695.188,6758.549,6751.26,6765.176,6696.188,6762.554,4.005,4.05
2021-01-21,6758.985,6780.308,6703.433,6724.581,6762.966,6781.328,6705.343,6728.613,4.032,3.73
2021-01-22,6724.267,6732.425,6650.475,6691.521,6728.177,6736.445,6651.492,6693.505,1.984,5.41
2021-01-25,6710.048,6720.405,6608.462,6669.618,6714.038,6724.437,6609.468,6673.599,3.981,8.38
2021-01-26,6672.191,6701.372,6621.411,6657.543,6676.199,6702.404,6624.69,6661.56,4.017,6.94
2021-01-27,6657.967,6660.637,6461.12,6465.71,6661.984,6664.238,6465.116,6469.721,4.011,10.3
2021-01-28,6465.607,6554.845,6437.41,6508.784,6469.413,6556.859,6438.41,6512.804,4.02,11.24
2021-01-29,6509.202,6518.859,6348.261,6375.522,6513.228,6522.876,6350.275,6377.423,1.901,11.04
2021-02-01,6326.037,6498.513,6325.421,6492.978,6329.953,6502.545,6329.399,6496.989,4.011,5.45
2021-02-02,6492.637,6546.181,6474.735,6537.708,6496.541,6550.189,6475.785,6541.722,4.014,4.8
2021-02-03,6538.155,6573.423,6487.755,6540.818,6542.178,6574.449,6488.784,6544.743,3.925,4.4
2021-02-04,6541.271,6554.197,6475.352,6503.611,6545.276,6555.197,6476.396,6507.604,3.993,4.79
2021-02-05,6503.161,6518.971,6457.314,6504.715,6507.208,6519.973,6458.349,6506.741,2.026,4.29
2021-02-08,6506.921,6569.202,6500.661,6529.136,6510.917,6570.216,6503.002,6533.15,4.014,3.87
2021-02-09,6528.702,6554.095,6496.532,6544.104,6532.74,6557.0,6497.532,6548.085,3.981,3.78
2021-02-10,6544.287,6581.122,6479.098,6513.773,6548.328,6583.139,6480.13,6517.766,3.993,5.43
2021-02-11,6513.563,6554.649,6495.305,6529.704,6517.559,6555.651,6499.313,6533.593,3.889,4.56
2021-02-12,6530.491,6607.323,6482.38,6607.323,6534.514,6609.316,6483.38,6609.316,1.993,4.01
2021-02-15,6632.128,6775.562,6620.464,6758.825,6636.136,6776.585,6624.472,6762.821,3.996,2.46
2021-02-16,6759.014,6799.914,6733.24,6737.715,6763.016,6800.914,6735.245,6741.768,4.053,4.85
2021-02-17,6738.142,6767.562,6699.344,6721.621,6742.192,6771.576,6700.382,6725.543,3.922,6.09
2021-02-18,6722.157,6731.964,6590.085,6613.482,6726.082,6735.958,6591.138,6617.505,4.023,6.02
2021-02-19,6613.047,6646.501,6576.218,6598.487,6616.963,6647.548,6580.259,6600.486,1.999,5.63
2021-02-22,6612.289,6625.864,6545.2,6588.757,6616.315,6629.878,6546.229,6592.667,3.91,6.37
2021-02-23,6588.422,6673.431,6553.238,6622.654,6592.451,6674.431,6554.24,6626.641,3.987,9.13
2021-02-24,6622.194,6685.238,6563.745,6680.208,6626.238,6687.255,6565.979,6684.222,4.014,7.67
2021-02-25,6679.818,6703.756,6568.656,6585.624,6683.802,6704.785,6570.658,6589.662,4.038,9.86
2021-02-26,6584.798,6646.729,6462.022,6493.289,6588.693,6647.729,6464.045,6495.279,1.99,13.15
2021-03-01,6535.764,6614.208,6517.992,6610.468,6539.802,6617.039,6519.976,6614.503,4.035,5.09
2021-03-02,6610.078,6661.164,6551.632,6643.18,6614.083,6662.187,6555.633,6647.2,4.02,5.1
2021-03-03,6642.751,6704.971,6599.777,6601.204,6646.765,6705.983,6603.779,6605.248,4.044,7.13
2021-03-04,6602.187,6669.659,6563.899,6591.217,6606.085,6670.0,6565.922,6595.133,3.916,10.68
2021-03-05,6590.795,6711.234,6551.724,6700.275,6594.791,6712.288,6555.745,6702.203,1.928,11.87
2021-03-08,6710.253,6732.367,6611.782,6723.431,6714.246,6736.105,6612.796,6727.427,3.996,8.22
2021-03-09,6723.199,6786.931,6682.492,6736.131,6727.21,6787.939,6686.502,6740.118,3.987,6.3
2021-03-10,6735.694,6741.594,6677.66,6720.271,6739.681,6743.596,6678.675,6724.285,4.014,7.12
2021-03-11,6720.797,6760.575,6698.281,6730.795,6724.725,6762.113,6699.281,6734.842,4.047,5.12
2021-03-12,6730.375,6798.389,6696.902,6795.124,6734.392,6800.4,6698.919,6797.135,2.011,4.82
2021-03-15,6807.422,6811.751,6722.535,6761.723,6815.445,6819.768,6723.564,6769.716,7.993,4.21
2021-03-16,6761.296,6813.323,6758.872,6788.298,6769.292,6814.343,6766.862,6796.348,8.05,3.6
2021-03-17,6788.847,6805.545,6753.241,6791.305,6796.76,6806.592,6754.241,6795.325,4.02,4.75
2021-03-18,6791.719,6805.017,6714.502,6728.919,6795.712,6809.002,6716.433,6732.939,4.02,6.77
2021-03-19,6728.675,6755.87,6663.345,6715.309,6732.689,6756.89,6664.366,6717.332,2.023,7.03
2021-03-22,6715.894,6733.231,6645.425,6721.556,6719.926,6734.245,6646.448,6725.573,4.017,4.93
2021-03-23,6722.828,6725.037,6656.315,6663.391,6726.836,6728.968,6658.243,6669.402,6.011,4.98
2021-03-24,6663.778,6721.909,6647.68,6688.997,6669.816,6722.909,6648.715,6694.916,5.919,5.19
2021-03-25,6689.313,6729.885,6616.162,6704.334,6695.327,6730.89,6617.182,6710.345,6.011,6.7
2021-03-26,6704.788,6782.134,6695.466,6768.379,6710.787,6784.148,6699.473,6770.369,1.99,4.3
2021-03-29,6754.02,6777.691,6704.362,6774.118,6760.043,6783.705,6705.395,6780.153,6.035,4.95
2021-03-30,6770.742,6792.245,6727.812,6775.237,6776.762,6793.265,6728.833,6781.153,5.916,3.98
2021-03-31,6773.133,6786.877,6711.905,6730.661,6779.159,6790.877,6713.907,6736.681,6.02,3.33
2021-04-01,6725.581,6784.649,6715.787,6777.89,6731.568,6786.645,6719.775,6779.895,2.005,3.31
2021-04-06,6808.585,6843.531,6755.472,6830.792,6814.59,6844.572,6759.492,6836.797,6.005,3.76
2021-04-07,6832.042,6915.119,6826.772,6910.056,6838.035,6921.148,6830.703,6916.058,6.002,3.2
2021-04-08,6902.075,6960.547,6887.573,6960.446,6908.08,6966.472,6888.578,6966.472,6.026,3.21
2021-04-09,6959.038,6959.038,6905.998,6934.685,6965.085,6965.085,6907.022,6936.702,2.017,2.99
2021-04-12,6918.099,6919.677,6852.836,6896.297,6924.11,6924.342,6853.846,6902.201,5.904,3.44
2021-04-13,6890.624,6899.128,6857.575,6889.74,6896.605,6903.148,6858.601,6895.772,6.032,3.24
2021-04-14,6888.31,6944.171,6880.554,6921.262,6894.336,6946.179,6884.523,6927.309,6.047,3.33
2021-04-15,6928.946,7000.007,6927.594,6993.728,6932.966,7002.036,6931.609,6999.623,5.895,3.28
2021-04-16,6992.381,7037.267,6982.222,7026.653,6998.395,7038.267,6986.183,7028.679,2.026,3.35
2021-04-19,7006.807,7040.276,6979.421,7000.178,7012.836,7041.284,6980.426,7006.186,6.008,4.06
2021-04-20,6996.005,7006.967,6852.368,6866.566,7002.01,7010.978,6854.388,6872.583,6.017,4.92
2021-04-21,6867.472,6931.752,6840.924,6910.474,6873.498,6933.757,6844.938,6916.363,5.889,4.02
2021-04-22,6915.494,6940.948,6886.502,6902.115,6921.517,6941.977,6888.531,6908.117,6.002,4.5
2021-04-23,6902.467,6943.654,6889.97,6923.878,6908.362,6945.641,6890.987,6925.895,2.017,3.5
2021-04-26,6917.488,6971.214,6912.458,6960.094,6923.493,6972.222,6913.458,6966.108,6.014,3.45
2021-04-27,6960.027,6976.548,6926.865,6951.179,6965.833,6978.544,6928.393,6957.184,6.005,3.46
2021-04-28,6940.511,6986.424,6937.195,6968.078,6946.403,6987.426,6941.163,6974.104,6.026,3.6
2021-04-29,6965.842,7019.547,6938.509,6961.003,6971.865,7020.547,6940.517,6967.026,6.023,4.32
2021-04-30,6958.211,7009.169,6930.997,6969.307,6964.243,7010.177,6935.011,6971.214,1.907,4.38
2021-05-04,7001.916,7040.133,6910.92,6941.825,7007.912,7041.133,6911.922,6947.723,5.898,6.31
2021-05-05,6948.074,7054.868,6944.64,7042.615,6954.109,7056.885,6948.645,7048.599,5.984,4.03
2021-05-06,7039.807,7100.648,7025.399,7090.544,7045.732,7105.826,7026.399,7096.534,5.99,5.22
2021-05-07,7091.719,7149.627,7077.473,7140.764,7097.73,7151.558,7081.481,7142.808,2.044,3.15
2021-05-10,7138.945,7167.408,7064.108,7082.593,7144.959,7169.983,7070.122,7088.628,6.035,4.21
2021-05-11,7073.357,7077.787,6911.775,6968.674,7079.273,7081.691,6912.789,6974.697,6.023,7.85
2021-05-12,6965.358,7028.289,6893.416,6977.375,6969.405,7029.328,6897.439,6983.425,6.05,8.27
2021-05-13,6965.025,6989.311,6822.242,6984.708,6971.024,6993.331,6823.245,6990.731,6.023,8.76
2021-05-14,6982.652,7072.824,6978.991,7069.825,6988.583,7074.808,6983.017,7071.848,2.023,4.81
2021-05-17,7069.115,7070.497,6987.985,7060.542,7075.138,7076.472,6988.99,7066.473,5.931,5.7
2021-05-18,7062.691,7106.761,6993.507,6996.237,7068.613,7108.757,6999.548,7002.144,5.907,5.02
2021-05-19,6989.455,7010.125,6895.68,6953.801,6995.478,7014.169,6896.902,6959.99,6.189,22.71
2021-05-20,6952.807,7034.798,6926.499,7034.001,6958.987,7041.002,6927.614,7040.211,6.21,17.25
2021-05-21,7034.41,7034.907,6970.695,7021.487,7040.611,7040.611,6971.893,7023.492,2.005,10.07
2021-05-24,7016.167,7063.137,7012.845,7053.303,7022.199,7065.068,7013.859,7059.311,6.008,2.64
2021-05-25,7049.843,7077.927,6999.692,7019.58,7055.851,7079.852,7001.801,7025.811,6.231,10.69
2021-05-26,7019.192,7050.902,6997.953,7025.795,7025.301,7051.922,6998.953,7031.8,6.005,5.47
2021-05-27,7023.298,7047.1,6997.157,7039.221,7029.327,7053.108,6999.162,7045.265,6.044,4.34
2021-05-28,7039.446,7054.582,7011.185,7011.185,7045.457,7055.582,7013.187,7013.187,2.002,3.67
2021-06-01,7008.686,7117.71,6988.09,7069.004,7014.694,7118.926,6992.003,7075.214,6.21,11.81
2021-06-02,7071.195,7121.877,7064.683,7103.007,7074.402,7123.117,7067.917,7109.202,6.195,13.13
2021-06-03,7104.392,7121.207,7012.377,7057.507,7107.593,7124.426,7013.602,7063.696,6.189,14.53
2021-06-04,7053.707,7084.183,7037.392,7071.077,7056.923,7086.384,7038.587,7077.293,6.216,11.4
2021-06-07,7078.907,7098.201,7038.213,7076.198,7082.12,7099.402,7039.402,7082.408,6.21,11.11
2021-06-08,7082.695,7121.216,7070.198,7100.795,7085.908,7122.426,7073.301,7107.002,6.207,11.03
2021-06-09,7099.192,7107.889,7044.204,7077.88,7102.396,7111.123,7045.384,7084.099,6.219,11.53
2021-06-10,7080.416,7117.886,7075.186,7079.607,7083.59,7119.123,7078.301,7085.796,6.189,13.86
2021-06-11,7084.377,7154.698,7073.701,7150.892,7087.596,7160.384,7076.911,7157.102,6.21,9.79
2021-06-14,7155.413,7191.204,7135.386,7154.216,7158.602,7192.408,7136.587,7160.408,6.192,9.84
2021-06-15,7161.377,7190.299,7152.892,7177.716,7164.587,7191.42,7156.117,7183.923,6.207,11.95
2021-06-16,7178.913,7218.299,7148.698,7152.604,7182.001,7219.42,7150.902,7158.805,6.201,14.02
2021-06-17,7152.395,7171.689,7125.692,7155.877,7155.599,7172.887,7127.884,7162.102,6.225,16.58
2021-06-18,7158.692,7160.216,7000.398,7028.783,7161.905,7163.414,7004.801,7034.987,6.204,20.56
2021-06-21,7001.883,7092.295,6946.38,7084.786,7005.001,7098.508,6947.608,7090.996,6.21,19.19
2021-06-22,7087.398,7099.416,7059.299,7081.689,7090.614,7100.914,7060.42,7087.902,6.213,13.85
2021-06-23,7082.892,7129.674,7066.377,7071.304,7086.099,7130.899,7068.905,7077.496,6.192,12.86
2021-06-24,7072.216,7123.716,7068.192,7119.795,7075.411,7129.902,7071.399,7126.017,6.222,11.02
2021-06-25,7124.416,7150.195,7109.68,7146.699,7127.501,7156.12,7110.911,7152.823,6.124,8.12
2021-06-28,7152.799,7153.999,7067.799,7075.907,7155.911,7157.084,7069.893,7082.102,6.195,9.5
2021-06-29,7076.192,7120.192,7062.201,7087.01,7079.39,7121.417,7065.393,7093.226,6.216,10.47
2021-06-30,7086.71,7102.174,7007.707,7057.183,7092.908,7103.42,7008.893,7063.414,6.231,14.13
2021-07-01,7064.383,7146.195,7050.377,7140.595,7067.608,7151.405,7053.501,7146.823,6.228,12.78
2021-07-02,7139.299,7162.686,7107.186,7126.386,7142.414,7163.887,7108.39,7132.602,6.216,8.39
2021-07-05,7125.213,7168.713,7107.701,7162.889,7128.411,7173.111,7108.902,7169.093,6.204,8.02
2021-07-06,7160.386,7171.695,7073.192,7092.986,7163.602,7172.917,7074.405,7099.208,6.222,15.02
2021-07-07,7094.374,7160.192,7086.889,7144.913,7097.584,7162.399,7090.087,7151.117,6.204,15.92
2021-07-08,7143.695,7146.18,6979.689,7027.298,7146.92,7149.396,6980.801,7033.496,6.198,30.07
2021-07-09,7027.886,7123.389,7004.707,7110.704,7031.09,7125.626,7007.89,7116.896,6.192,19.07
2021-07-12,7116.916,7134.398,7063.201,7124.095,7120.099,7135.623,7064.301,7130.299,6.204,14.84
2021-07-13,7126.883,7150.216,7113.292,7114.304,7130.099,7151.396,7115.393,7120.505,6.201,13.04
2021-07-14,7118.883,7131.499,7070.71,7084.304,7122.111,7134.617,7071.89,7090.514,6.21,14.58
2021-07-15,7084.177,7113.174,7000.895,7008.489,7087.408,7114.405,7002.801,7014.699,6.21,19.69
2021-07-16,7011.189,7061.916,6974.299,6977.307,7014.399,7063.093,6976.426,6983.511,6.204,18.6
2021-07-19,6957.707,6962.407,6808.677,6859.086,6960.92,6965.617,6810.801,6865.32,6.234,32.21
2021-07-20,6854.877,6932.383,6826.374,6914.201,6858.087,6933.587,6828.593,6920.414,6.213,24.33
2021-07-21,6916.413,7014.716,6877.18,7008.474,6919.602,7018.69,6880.426,7014.702,6.228,20.44
2021-07-22,7005.683,7018.407,6954.183,6978.595,7008.905,7019.623,6955.384,6984.811,6.216,16.25
2021-07-23,6979.913,7040.204,6970.674,7024.292,6983.12,7042.417,6973.887,7030.511,6.219,12.2
2021-07-26,7028.499,7037.91,6978.877,7022.207,7031.623,7039.123,6980.099,7028.301,6.094,12.65
2021-07-27,7023.499,7032.689,6926.177,7001.107,7026.608,7035.911,6927.402,7007.29,6.183,22.35
2021-07-28,7010.213,7025.799,6973.686,7013.207,7013.402,7027.923,6976.899,7019.384,6.177,19.01
2021-07-29,7011.913,7093.692,6996.692,7044.289,7015.126,7094.905,6999.893,7050.502,6.213,15.75
2021-07-30,7045.689,7055.895,6994.713,7035.286,7048.923,7059.12,6995.801,7041.401,6.115,19.18
2021-08-02,7055.999,7111.677,7050.377,7067.31,7059.111,7112.923,7052.587,7073.523,6.213,15.98
2021-08-03,7065.695,7124.189,7060.377,7111.099,7068.914,7126.402,7063.501,7117.217,6.118,17.33
2021-08-04,7105.683,7142.713,7100.877,7105.286,7108.908,7143.917,7107.09,7111.505,6.219,13.79
2021-08-05,7107.386,7130.216,7094.189,7117.886,7110.596,7131.402,7096.39,7124.117,6.231,10.58
2021-08-06,7119.683,7134.916,7102.683,7123.51,7122.917,7136.123,7103.887,7129.714,6.204,10.86
2021-08-09,7100.674,7140.095,7087.213,7132.913,7103.902,7146.293,7088.411,7139.102,6.189,9.08
2021-08-10,7131.174,7176.707,7114.713,7172.792,7134.405,7181.605,7115.89,7179.002,6.21,9.7
2021-08-11,7173.686,7234.207,7168.38,7202.795,7176.89,7238.426,7170.396,7209.02,6.225,10.54
2021-08-12,7204.692,7216.38,7182.71,7200.813,7207.899,7217.623,7183.926,7206.987,6.174,8.45
2021-08-13,7206.689,7224.413,7194.392,7206.699,7209.899,7225.614,7196.626,7212.799,6.1,7.83
2021-08-16,7204.916,7205.38,7116.201,7165.592,7208.102,7208.614,7117.414,7171.805,6.213,12.78
2021-08-17,7166.877,7188.716,7110.177,7160.083,7170.117,7189.911,7112.393,7166.32,6.237,16.73
2021-08-18,7166.999,7206.704,7101.11,7107.895,7170.001,7208.926,7107.302,7114.111,6.216,14.39
2021-08-19,7109.195,7117.999,6991.68,7067.504,7112.387,7121.123,6992.914,7073.69,6.186,22.92
2021-08-20,7069.499,7113.716,7030.174,7099.707,7072.596,7116.608,7031.396,7105.917,6.21,13.71
2021-08-23,7106.177,7150.707,7098.68,7120.116,7109.42,7151.905,7099.89,7126.287,6.171,9.79
2021-08-24,7118.913,7131.71,7074.207,7109.801,7122.126,7132.926,7075.387,7116.011,6.21,7.58
2021-08-25,7112.401,7152.68,7103.401,7130.304,7115.599,7154.914,7106.599,7136.49,6.186,7.51
2021-08-26,7130.192,7145.299,7091.892,7120.883,7133.42,7146.42,7093.096,7127.084,6.201,11.46
2021-08-27,7116.395,7158.713,7106.999,7142.499,7119.596,7159.905,7108.087,7148.587,6.088,8.13
2021-08-30,7157.799,7172.004,7140.174,7158.21,7163.902,7178.214,7146.301,7164.42,6.21,3.57
2021-08-31,7143.686,7177.683,7090.177,7128.816,7146.893,7179.902,7091.301,7135.02,6.204,11.47
2021-09-01,7126.174,7188.695,7123.374,7148.795,7129.301,7189.92,7126.587,7155.005,6.21,9.85
2021-09-02,7144.901,7171.192,7122.901,7145.589,7148.117,7173.414,7125.114,7151.808,6.219,7.53
2021-09-03,7148.401,7181.695,7121.213,7139.101,7151.59,7182.893,7122.405,7145.317,6.216,9.53
2021-09-06,7133.898,7196.707,7120.174,7167.504,7137.099,7197.926,7123.384,7173.69,6.186,5.75
2021-09-07,7174.38,7179.41,7110.774,7112.777,7177.584,7181.426,7115.887,7118.993,6.216,9.57
2021-09-08,7104.692,7130.686,7059.692,7075.98,7107.92,7133.596,7060.914,7082.19,6.21,14.66
2021-09-09,7076.716,7081.692,6990.674,7003.895,7079.911,7084.911,6992.911,7010.123,6.228,13.69
2021-09-10,7003.395,7057.799,7000.395,7008.389,7006.584,7058.926,7003.584,7014.596,6.207,10.96
2021-09-13,7027.177,7092.21,7013.689,7071.892,7030.414,7093.414,7016.887,7078.117,6.225,13.11
2021-09-14,7069.686,7076.901,7017.195,7028.898,7072.911,7080.117,7018.301,7035.102,6.204,13.25
2021-09-15,7021.204,7050.501,7009.183,7048.783,7024.402,7056.714,7011.384,7054.99,6.207,11.37
2021-09-16,7051.701,7073.695,7022.898,7055.098,7054.884,7075.899,7025.111,7061.29,6.192,11.3
2021-09-17,7056.799,7092.41,6930.999,6977.013,7059.905,7093.596,6933.084,6983.199,6.186,17.96
2021-09-20,6968.213,6980.174,6825.174,6915.401,6971.402,6983.405,6826.301,6921.501,6.1,32.16
2021-09-21,6912.707,7006.692,6911.874,6944.399,6915.801,7007.905,6915.114,6950.401,6.002,22.23
2021-09-22,6946.686,7104.695,6930.713,7080.001,6949.893,7106.923,6933.908,7086.208,6.207,19.62
2021-09-23,7081.18,7132.407,7068.901,7088.913,7084.426,7134.626,7070.108,7095.096,6.183,15.88
2021-09-24,7089.674,7099.692,7039.186,7056.395,7092.911,7102.905,7040.408,7062.626,6.231,15.3
2021-09-27,7074.907,7129.499,7042.999,7066.283,7078.126,7131.593,7044.111,7072.52,6.237,15.02
2021-09-28,7065.898,7081.999,7008.91,7030.483,7069.111,7084.126,7011.093,7036.693,6.21,25.5
2021-09-29,7032.716,7117.999,7008.38,7103.81,7035.911,7119.123,7011.587,7109.984,6.174,20.93
2021-09-30,7094.707,7158.21,7060.18,7077.283,7097.887,7159.402,7062.39,7083.514,6.231,25.65
2021-10-01,7070.686,7081.374,6985.895,7058.677,7073.908,7084.614,6987.087,7064.899,6.222,26.51
2021-10-04,7077.683,7079.21,6998.886,7032.577,7080.92,7082.39,7000.087,7038.793,6.216,27.75
2021-10-05,7045.707,7085.213,7002.398,7062.707,7048.893,7086.402,7005.608,7068.899,6.192,20.5
2021-10-06,7058.398,7073.913,6945.704,7049.013,7061.59,7077.001,6946.801,7055.202,6.189,29.74
2021-10-07,7056.999,7095.398,7040.904,7088.392,7060.117,7096.599,7042.114,7094.623,6.231,16.32
2021-10-08,7090.192,7110.189,7060.692,7088.283,7093.301,7111.405,7063.89,7094.493,6.21,15.99
2021-10-11,7052.401,7149.21,7052.389,7109.374,7055.501,7151.423,7055.501,7115.599,6.225,18.78
2021-10-12,7108.213,7146.713,7058.499,7114.383,7111.408,7148.911,7060.587,7120.587,6.204,20.95
2021-10-13,7114.692,7173.689,7085.41,7170.092,7117.923,7179.914,7086.611,7176.323,6.231,17.46
2021-10-14,7178.407,7223.316,7168.707,7218.795,7181.614,7229.523,7169.896,7224.999,6.204,12.66
2021-10-15,7228.874,7246.177,7208.174,7238.174,7232.087,7248.405,7211.387,7244.414,6.24,12.79
2021-10-18,7219.799,7237.999,7181.183,7198.674,7222.887,7241.096,7182.387,7204.896,6.222,13.66
2021-10-19,7203.401,7228.299,7189.677,7226.616,7206.599,7234.423,7190.801,7232.817,6.201,12.42
2021-10-20,7232.395,7234.71,7197.883,7207.004,7235.608,7237.908,7199.111,7213.199,6.195,12.04
2021-10-21,7209.377,7220.704,7178.174,7194.013,7212.584,7223.914,7179.384,7200.214,6.201,13.27
2021-10-22,7197.901,7235.216,7187.916,7217.883,7201.111,7236.384,7189.09,7224.12,6.237,13.88
2021-10-25,7208.213,7247.195,7205.901,7231.583,7211.396,7248.402,7209.087,7237.793,6.21,12.22
2021-10-26,7236.192,7281.698,7226.886,7274.698,7239.399,7283.923,7229.09,7280.92,6.222,13.09
2021-10-27,7277.21,7280.916,7245.174,7259.989,7280.408,7284.084,7246.387,7266.214,6.225,13.91
2021-10-28,7266.374,7266.398,7216.677,7240.61,7269.626,7269.626,7217.923,7246.793,6.183,15.44
2021-10-29,7252.21,7256.901,7188.38,7251.598,7255.426,7260.411,7189.62,7257.817,6.219,17.22
2021-11-01,7263.501,7306.683,7250.883,7292.798,7269.696,7308.902,7254.105,7298.987,6.189,10.9
2021-11-02,7293.099,7303.677,7238.898,7263.301,7299.211,7306.899,7240.114,7269.49,6.189,11.74
2021-11-03,7262.907,7281.404,7234.704,7273.201,7269.087,7284.626,7235.908,7279.301,6.1,11.0
2021-11-04,7272.81,7293.299,7246.695,7280.474,7278.987,7294.417,7247.896,7286.714,6.24,11.89
2021-11-05,7280.107,7331.913,7257.186,7306.213,7286.284,7333.108,7259.396,7312.301,6.088,13.19
2021-11-08,7301.995,7316.207,7285.974,7291.774,7308.187,7317.42,7292.19,7297.987,6.213,10.03
2021-11-09,7292.013,7312.716,7267.201,7269.883,7298.226,7313.926,7268.39,7276.12,6.237,12.07
2021-11-10,7270.313,7336.704,7254.374,7308.899,7276.508,7338.917,7257.584,7315.002,6.103,14.46
2021-11-11,7309.192,7395.213,7306.874,7390.783,7315.405,7397.408,7310.102,7397.014,6.231,10.71
2021-11-12,7391.195,7402.416,7334.21,7346.916,7397.405,7408.626,7336.414,7353.099,6.183,10.44
2021-11-15,7348.383,7362.201,7327.886,7340.004,7354.605,7363.408,7329.087,7346.101,6.097,9.75
2021-11-16,7340.395,7369.207,7316.98,7325.804,7346.599,7370.426,7322.396,7331.999,6.195,9.84
2021-11-17,7325.389,7327.099,7274.974,7281.313,7331.501,7333.226,7277.62,7287.52,6.207,9.53
2021-11-18,7280.877,7287.901,7239.701,7262.074,7287.084,7291.099,7240.923,7268.296,6.222,9.81
2021-11-19,7261.777,7295.395,7196.886,7215.295,7268.014,7298.12,7198.12,7221.502,6.207,17.07
2021-11-22,7213.774,7271.895,7206.71,7244.295,7220.002,7273.123,7207.905,7250.493,6.198,14.1
2021-11-23,7244.504,7293.713,7200.883,7277.189,7250.69,7295.42,7203.108,7283.393,6.204,22.91
2021-11-24,7277.374,7308.204,7243.895,7289.295,7283.59,7309.423,7245.12,7295.526,6.231,19.0
2021-11-25,7288.904,7313.204,7278.074,7281.595,7295.105,7315.396,7284.201,7287.823,6.228,8.35
2021-11-26,7281.186,7286.198,6993.683,7021.374,7287.405,7292.42,6995.893,7027.584,6.21,33.57
2021-11-29,7092.283,7160.189,7076.489,7154.58,7098.401,7163.917,7082.702,7160.787,6.207,26.69
2021-11-30,7155.007,7173.21,6970.299,7080.599,7161.205,7176.39,6973.408,7086.708,6.109,41.33
2021-12-01,7080.904,7184.21,7023.092,7083.38,7087.123,7185.405,7029.305,7089.593,6.213,30.21
2021-12-02,7083.574,7163.201,7053.374,7127.686,7089.802,7168.201,7059.602,7133.887,6.201,31.8
2021-12-03,7127.501,7197.692,7089.683,7117.899,7133.717,7198.92,7091.89,7124.017,6.118,28.03
2021-12-06,7142.604,7247.707,7121.877,7234.513,7148.811,7249.902,7128.087,7240.696,6.183,26.2
2021-12-07,7235.277,7347.677,7216.799,7329.899,7241.52,7349.92,7219.92,7335.901,6.002,15.4
2021-12-08,7329.377,7379.683,7318.992,7339.407,7335.602,7380.899,7325.184,7345.608,6.201,18.31
2021-12-09,7339.174,7372.913,7298.195,7310.677,7345.423,7376.102,7300.39,7316.917,6.24,14.84
2021-12-10,7310.877,7332.174,7279.21,7290.807,7317.087,7333.387,7281.399,7297.014,6.207,14.5
2021-12-13,7298.343,7327.383,7224.41,7246.307,7304.353,7330.599,7225.584,7252.505,6.198,1.5
2021-12-14,7246.199,7285.877,7205.377,7224.799,7252.308,7287.084,7207.501,7230.893,6.094,1.88
2021-12-15,7225.08,7239.116,7164.186,7229.583,7231.32,7245.326,7166.402,7235.787,6.204,1.79
2021-12-16,7229.192,7273.41,7208.18,7242.299,7235.426,7275.501,7211.387,7248.393,6.094,2.4
2021-12-17,7243.016,7287.799,7225.499,7243.898,7249.19,7288.923,7229.408,7250.105,6.207,2.46
2021-12-20,7187.492,7264.189,7097.392,7260.607,7193.684,7270.414,7098.501,7266.817,6.21,2.62
2021-12-21,7261.007,7317.213,7236.904,7303.274,7267.205,7319.42,7240.114,7309.523,6.249,1.56
2021-12-22,7304.074,7361.799,7271.186,7351.81,7310.32,7364.123,7272.384,7358.005,6.195,1.14
2021-12-23,7351.001,7386.299,7328.692,7370.616,7357.22,7387.917,7329.899,7376.79,6.174,0.87
2021-12-24,7389.686,7392.183,7361.695,7377.174,7390.905,7393.423,7362.887,7378.414,1.24,0.01
2021-12-27,7380.807,7447.307,7358.589,7434.289,7387.026,7453.52,7364.701,7440.401,6.112,0.95
2021-12-28,7434.686,7457.192,7417.277,7444.392,7440.902,7463.402,7423.517,7450.614,6.222,1.31
2021-12-29,7443.998,7457.799,7402.18,7406.098,7450.19,7459.587,7404.384,7412.29,6.192,1.08
2021-12-30,7406.274,7433.716,7380.674,7390.977,7412.49,7434.896,7383.384,7397.223,6.246,0.88
2021-12-31,7391.195,7405.101,7354.677,7381.192,7397.393,7411.311,7355.893,7387.408,6.216,0.97
2022-01-03,7395.083,7432.589,7369.774,7409.016,7401.32,7438.811,7375.901,7415.187,6.171,1.55
2022-01-04,7409.398,7522.207,7406.274,7482.183,7415.623,7523.301,7412.484,7488.39,6.207,1.37
2022-01-05,7482.389,7530.186,7440.198,7462.383,7488.626,7531.426,7446.399,7468.596,6.213,1.49
2022-01-06,7462.01,7497.407,7400.716,7454.599,7468.184,7498.626,7403.905,7460.687,6.088,2.22
2022-01-07,7454.716,7498.507,7430.174,7488.486,7460.905,7504.708,7431.301,7494.69,6.204,1.76
2022-01-10,7477.189,7508.883,7421.689,7474.007,7483.417,7511.102,7422.801,7480.202,6.195,2.37
2022-01-11,7474.383,7523.716,7457.383,7513.31,7480.59,7529.899,7458.584,7519.508,6.198,1.78
2022-01-12,7512.898,7565.383,7512.077,7545.495,7519.093,7566.587,7516.387,7551.693,6.198,1.73
2022-01-13,7545.886,7570.216,7522.707,7534.583,7552.102,7572.414,7524.887,7540.793,6.21,1.76
2022-01-14,7534.41,7570.999,7505.395,7568.877,7540.623,7577.105,7508.62,7575.12,6.243,2.32
2022-01-17,7556.501,7615.999,7546.398,7610.492,7562.705,7620.687,7549.602,7616.723,6.231,0.93
2022-01-18,7610.71,7625.883,7530.677,7544.78,7616.908,7629.117,7531.896,7550.987,6.207,2.41
2022-01-19,7544.383,7616.299,7517.674,7567.083,7550.611,7618.393,7519.411,7573.302,6.219,2.39
2022-01-20,7567.599,7634.704,7497.513,7526.495,7573.601,7636.893,7503.699,7532.601,6.106,2.2
2022-01-21,7526.28,7532.701,7414.701,7419.895,7532.52,7537.502,7420.89,7426.105,6.21,3.55
2022-01-24,7468.383,7492.413,7226.201,7372.677,7474.599,7493.501,7228.39,7378.926,6.249,5.51
2022-01-25,7372.904,7451.183,7305.177,7423.992,7379.087,7454.805,7306.417,7430.208,6.216,5.55
2022-01-26,7424.513,7524.716,7391.486,7463.113,7430.72,7525.926,7393.926,7469.308,6.195,4.33
2022-01-27,7463.499,7595.698,7318.377,7545.286,7469.605,7596.908,7321.501,7551.517,6.231,5.36
2022-01-28,7544.204,7582.177,7417.413,7488.016,7550.301,7585.42,7418.501,7494.199,6.183,4.77
2022-01-31,7489.001,7532.704,7447.18,7501.716,7495.214,7534.923,7449.301,7507.884,6.168,3.05
2022-02-01,7502.083,7581.61,7479.674,7579.986,7508.302,7587.814,7482.884,7586.22,6.234,2.68
2022-02-02,7579.707,7612.916,7554.489,7555.874,7585.911,7616.708,7560.684,7562.123,6.249,2.27
2022-02-03,7555.674,7604.407,7511.986,7566.316,7561.902,7605.611,7517.426,7572.502,6.186,2.97
2022-02-04,7566.504,7599.416,7495.192,7524.407,7572.702,7600.599,7496.384,7530.605,6.198,3.52
2022-02-07,7543.816,7597.207,7502.889,7584.683,7550.002,7599.426,7506.108,7590.899,6.216,2.85
2022-02-08,7584.477,7631.21,7548.713,7600.777,7590.72,7632.417,7549.923,7607.026,6.249,2.5
2022-02-09,7600.986,7662.916,7592.674,7651.613,7607.19,7669.108,7593.884,7657.817,6.204,1.91
2022-02-10,7651.774,7687.299,7607.91,7610.807,7658.008,7688.411,7614.084,7616.996,6.189,2.8
2022-02-11,7610.31,7670.201,7574.98,7592.304,7616.523,7671.405,7577.884,7598.484,6.18,4.05
2022-02-14,7599.283,7630.713,7480.204,7536.704,7605.493,7633.89,7481.405,7542.884,6.18,5.55
2022-02-15,7537.48,7613.713,7492.716,7591.099,7543.711,7615.926,7495.893,7597.211,6.112,3.28
2022-02-16,7590.574,7632.186,7561.883,7586.486,7596.799,7633.426,7563.108,7592.687,6.201,2.89
2022-02-17,7586.295,7602.398,7490.389,7505.386,7592.484,7604.405,7492.608,7511.596,6.21,3.08
2022-02-18,7505.01,7570.174,7490.677,7507.213,7511.226,7571.42,7492.801,7513.414,6.201,3.55
2022-02-21,7483.764,7572.361,7379.711,7416.346,7489.759,7573.386,7385.727,7422.24,5.894,32.62
2022-02-22,7416.471,7529.864,7358.724,7502.669,7422.478,7530.898,7360.767,7508.709,6.04,34.43
2022-02-23,7503.096,7550.074,7442.768,7457.807,7509.106,7551.117,7448.769,7463.844,6.037,34.17
2022-02-24,7457.611,7466.207,7176.158,7264.615,7463.621,7472.238,7178.162,7270.622,6.007,50.02
2022-02-25,7265.146,7565.504,7252.875,7549.601,7271.079,7571.714,7256.876,7555.793,6.192,8.85
2022-02-28,7435.404,7476.41,7358.177,7401.983,7441.596,7478.623,7359.893,7408.211,6.228,4.02
2022-03-01,7402.389,7497.413,7271.874,7336.401,7408.608,7498.501,7274.09,7342.62,6.219,3.68
2022-03-02,7336.992,7463.204,7296.677,7422.786,7343.208,7464.414,7298.89,7429.017,6.231,3.88
2022-03-03,7423.889,7468.189,7218.874,7266.783,7430.087,7469.384,7221.087,7272.993,6.21,3.31
2022-03-04,7266.574,7270.71,6912.895,6974.898,7272.79,7276.899,6915.087,6981.108,6.21,2.97
2022-03-07,6909.913,7031.901,6760.892,6891.674,6916.087,7033.123,6764.093,6897.902,6.228,5.1
2022-03-08,6892.189,7111.183,6843.895,7021.904,6898.414,7113.402,6847.126,7028.093,6.189,4.93
2022-03-09,7021.704,7251.389,7012.177,7168.78,7027.908,7253.593,7018.39,7175.002,6.222,2.66
2022-03-10,7169.207,7182.386,7062.892,7121.907,7175.402,7185.605,7064.111,7128.096,6.189,3.32
2022-03-11,7122.292,7262.413,7050.689,7111.477,7128.487,7263.626,7053.887,7117.684,6.207,3.2
2022-03-14,7155.283,7224.407,7141.377,7176.78,7161.526,7225.584,7142.617,7183.002,6.222,3.1
2022-03-15,7176.589,7210.499,7075.677,7183.216,7182.784,7212.614,7076.887,7189.402,6.186,3.06
2022-03-16,7182.616,7342.704,7167.574,7314.892,7188.82,7344.899,7172.093,7321.093,6.201,3.33
2022-03-17,7314.316,7415.904,7257.198,7377.807,7320.499,7418.126,7258.423,7383.984,6.177,2.07
2022-03-18,7378.207,7454.204,7314.707,7447.177,7384.417,7456.411,7315.887,7453.411,6.234,2.18
2022-03-21,7425.613,7466.18,7384.895,7424.101,7431.814,7467.42,7388.111,7430.317,6.216,1.59
2022-03-22,7423.61,7494.299,7419.877,7490.574,7429.817,7498.108,7423.09,7496.793,6.219,1.41
2022-03-23,7489.777,7521.799,7425.389,7439.207,7495.984,7522.911,7427.602,7445.42,6.213,1.62
2022-03-24,7439.58,7494.503,7430.877,7472.201,7445.787,7495.507,7434.117,7478.247,6.046,12.84
2022-03-25,7472.614,7518.418,7440.051,7510.71,7478.639,7520.41,7441.051,7512.729,2.019,14.19
2022-03-28,7493.644,7540.507,7458.814,7495.881,7499.639,7541.526,7460.839,7501.891,6.01,12.56
2022-03-29,7501.481,7584.498,7496.614,7558.821,7507.521,7585.526,7500.534,7564.807,5.986,21.93
2022-03-30,7557.006,7581.487,7520.4,7560.62,7563.043,7583.479,7524.426,7566.514,5.894,16.47
2022-03-31,7565.998,7593.946,7486.961,7502.68,7571.996,7594.962,7490.96,7508.699,6.019,17.11
2022-04-01,7506.737,7568.583,7498.854,7567.499,7512.726,7570.623,7502.834,7569.527,2.028,18.84
2022-04-04,7548.936,7581.676,7531.766,7554.865,7554.827,7583.588,7532.77,7560.857,5.992,13.01
2022-04-05,7556.763,7616.436,7535.875,7591.755,7562.737,7618.473,7536.875,7597.78,6.025,22.92
2022-04-06,7592.719,7617.946,7534.296,7560.929,7598.634,7619.989,7535.296,7566.936,6.007,23.28
2022-04-07,7560.32,7619.749,7531.41,7611.374,7566.303,7621.756,7533.45,7617.405,6.031,21.92
2022-04-08,7613.271,7670.406,7582.454,7655.876,7619.278,7672.319,7586.44,7657.791,1.915,22.15
2022-04-11,7637.758,7662.076,7572.57,7581.972,7643.762,7665.461,7578.583,7587.976,6.004,25.1
2022-04-12,7585.474,7593.133,7531.303,7562.998,7591.493,7594.179,7533.304,7568.904,5.906,26.99
2022-04-13,7559.29,7597.38,7543.715,7570.547,7565.214,7598.38,7544.715,7576.542,5.995,21.91
2022-04-14,7570.946,7622.147,7550.603,7602.738,7576.864,7624.187,7551.61,7604.745,2.007,22.73
2022-04-19,7621.464,7632.371,7565.061,7611.46,7627.364,7638.076,7566.099,7617.449,5.989,23.91
2022-04-20,7624.744,7653.707,7590.29,7627.63,7630.763,7659.696,7591.29,7633.673,6.043,17.19
2022-04-21,7630.497,7656.59,7536.285,7542.774,7636.492,7657.627,7538.833,7548.772,5.998,18.35
2022-04-22,7528.833,7609.683,7481.015,7486.92,7534.724,7610.683,7483.02,7488.909,1.989,28.09
2022-04-25,7473.981,7479.053,7336.984,7443.931,7479.994,7483.057,7338.006,7449.95,6.019,31.99
2022-04-26,7445.453,7482.73,7306.243,7352.935,7451.484,7486.77,7312.268,7358.96,6.025,23.82
2022-04-27,7359.402,7469.351,7341.546,7459.216,7365.409,7475.355,7342.547,7465.238,6.022,25.95
2022-04-28,7442.572,7569.687,7431.753,7528.95,7446.6,7571.691,7435.743,7534.987,6.037,22.24
2022-04-29,7545.426,7580.32,7437.053,7442.323,7551.43,7582.348,7439.075,7444.303,1.98,23.95
2022-05-02,7442.892,7508.816,7387.899,7462.78,7449.087,7514.996,7393.99,7469.02,6.24,5.62
2022-05-03,7460.064,7576.404,7460.064,7559.469,7466.077,7580.952,7466.077,7565.506,6.037,24.74
2022-05-04,7557.725,7584.392,7487.383,7556.113,7563.75,7586.626,7489.593,7562.323,6.21,13.15
2022-05-05,7565.392,7621.41,7459.761,7497.806,7568.602,7622.623,7461.001,7503.813,6.007,5.62
2022-05-06,7497.538,7503.559,7352.899,7374.116,7503.554,7506.602,7353.899,7380.296,6.18,3.25
2022-05-09,7352.467,7392.087,7181.877,7224.054,7358.364,7393.091,7184.12,7230.073,6.019,49.74
2022-05-10,7220.707,7311.195,7155.174,7254.046,7223.923,7312.448,7158.384,7259.967,5.921,64.98
2022-05-11,7249.898,7355.404,7233.71,7260.614,7253.126,7357.593,7236.902,7266.624,6.01,49.78
2022-05-12,7259.725,7273.799,7155.713,7253.357,7265.759,7275.405,7156.896,7259.373,6.016,16.36
2022-05-13,7245.361,7440.076,7244.654,7423.213,7251.38,7445.105,7248.65,7429.426,6.213,32.47
2022-05-16,7457.823,7506.81,7359.003,7468.186,7463.812,7508.417,7360.501,7474.402,6.216,37.02
2022-05-17,7463.95,7543.3,7457.511,7525.792,7469.963,7547.214,7460.501,7531.799,6.007,35.72
2022-05-18,7526.9,7542.916,7342.408,7353.36,7532.895,7547.926,7348.314,7359.376,6.016,27.36
2022-05-19,7354.714,7397.701,7226.177,7338.579,7360.614,7401.413,7227.654,7344.577,5.998,50.6
2022-05-20,7332.833,7454.544,7320.677,7389.807,7338.876,7455.569,7324.657,7395.99,6.183,30.82
2022-05-23,7444.138,7518.204,7413.467,7478.705,7446.902,7519.204,7415.084,7484.706,6.001,21.34
2022-05-24,7470.403,7536.913,7426.398,7523.432,7476.294,7540.384,7427.584,7529.46,6.028,17.03
2022-05-25,7530.683,7561.41,7492.559,7520.451,7533.911,7564.587,7494.62,7526.506,6.055,30.22
2022-05-26,7523.076,7580.676,7500.449,7559.483,7529.003,7582.611,7504.414,7565.69,6.207,31.7
2022-05-27,7557.128,7599.198,7537.945,7589.598,7562.593,7602.126,7541.902,7595.817,6.219,26.49
2022-05-30,7593.068,7625.582,7574.216,7608.277,7597.908,7626.923,7575.387,7614.496,6.219,19.34
2022-05-31,7613.61,7647.91,7575.782,7601.513,7618.12,7649.093,7580.867,7607.553,6.04,24.08
2022-06-01,7618.692,7637.83,7515.674,7532.499,7621.89,7638.83,7520.144,7538.614,6.115,23.25
2022-06-02,7532.798,7598.504,7524.48,7589.501,7539.023,7604.717,7530.687,7595.717,6.216,0.53
2022-06-03,7589.098,7597.51,7541.086,7572.486,7595.308,7603.708,7547.29,7578.714,6.228,0.47
2022-06-06,7565.71,7645.575,7564.698,7602.516,7568.887,7647.1,7567.926,7608.517,6.001,14.93
2022-06-07,7603.853,7630.916,7568.413,7612.553,7609.866,7632.908,7571.312,7618.533,5.98,12.81
2022-06-08,7614.557,7635.413,7548.624,7566.551,7620.585,7638.301,7549.624,7572.585,6.034,16.89
2022-06-09,7564.874,7573.674,7418.389,7431.052,7569.699,7574.674,7421.629,7437.071,6.019,22.09
2022-06-10,7423.611,7450.666,7292.552,7353.474,7429.627,7451.666,7293.552,7359.702,6.228,29.64
2022-06-13,7291.703,7301.917,7172.434,7222.791,7297.698,7305.936,7173.434,7228.807,6.016,20.81
2022-06-14,7229.383,7271.886,7133.867,7207.656,7232.617,7272.886,7134.867,7213.672,6.016,7.74
2022-06-15,7210.014,7315.796,7182.383,7307.743,7216.03,7321.311,7185.584,7313.726,5.983,13.77
2022-06-16,7321.389,7330.874,6993.119,7014.601,7324.614,7334.079,6997.901,7020.632,6.031,4.63
2022-06-17,7025.883,7130.874,6990.463,6997.993,7029.114,7131.874,6992.488,6999.884,1.891,20.15
2022-06-20,7033.069,7129.881,6964.453,7111.549,7039.082,7130.881,6968.404,7117.562,6.013,20.4
2022-06-21,7115.831,7192.964,7104.796,7138.339,7121.844,7193.964,7108.724,7144.367,6.028,20.07
2022-06-22,7132.726,7132.726,7027.73,7049.851,7138.632,7138.632,7028.73,7055.843,5.992,27.2
2022-06-23,7043.013,7115.984,6990.001,7010.293,7049.059,7117.024,6991.996,7016.273,5.98,21.57
2022-06-24,7012.052,7243.597,7011.824,7240.526,7018.047,7245.631,7015.827,7242.453,1.927,22.61
2022-06-27,7212.56,7284.766,7207.984,7253.231,7218.567,7285.766,7211.914,7259.22,5.989,22.04
2022-06-28,7252.734,7360.934,7235.5,7275.833,7258.75,7361.941,7239.498,7281.84,6.007,27.62
2022-06-29,7279.593,7345.735,7246.76,7293.698,7285.576,7346.769,7248.757,7299.711,6.013,29.16
2022-06-30,7291.801,7299.146,7109.208,7203.458,7297.82,7303.173,7110.208,7209.489,6.031,29.8
2022-07-01,7199.721,7236.977,7098.425,7228.099,7205.737,7238.99,7099.425,7234.19,6.091,27.64
2022-07-04,7201.664,7291.316,7175.077,7258.954,7207.686,7297.234,7179.014,7264.976,6.022,15.53
2022-07-05,7256.063,7278.833,7010.905,7083.132,7262.073,7282.839,7012.903,7089.127,5.995,31.99
2022-07-06,7093.587,7199.694,7068.984,7151.807,7099.618,7200.704,7071.021,7157.814,6.007,30.35
2022-07-07,7153.3,7213.117,7127.863,7190.564,7159.346,7214.118,7131.867,7196.577,6.013,23.28
2022-07-08,7189.888,7211.263,7125.63,7186.983,7195.886,7212.263,7126.63,7193.226,6.243,29.66
2022-07-11,7182.303,7214.671,7094.442,7184.621,7188.194,7216.681,7095.458,7190.652,6.031,27.03
2022-07-12,7194.75,7224.756,7139.039,7181.9,7200.736,7226.662,7141.043,7187.883,5.983,22.17
2022-07-13,7182.458,7210.306,7102.181,7146.332,7188.364,7214.209,7103.203,7152.351,6.019,21.1
2022-07-14,7126.304,7186.413,7006.567,7091.346,7132.234,7190.402,7007.572,7097.154,5.808,33.91
2022-07-15,7088.602,7173.967,7036.519,7173.194,7094.612,7175.956,7037.532,7175.237,2.043,23.91
2022-07-18,7175.135,7269.58,7156.177,7195.685,7181.127,7270.617,7160.189,7201.695,6.01,18.79
2022-07-19,7192.96,7330.456,7173.541,7315.157,7198.955,7336.463,7175.493,7321.164,6.007,20.45
2022-07-20,7313.56,7348.58,7230.924,7247.953,7319.549,7349.472,7236.937,7253.969,6.016,26.16
2022-07-21,7245.1,7294.236,7198.498,7260.388,7251.134,7296.16,7199.529,7266.395,6.007,27.28
2022-07-22,7268.503,7315.233,7229.819,7252.548,7274.424,7316.233,7231.847,7254.579,2.031,22.33
2022-07-25,7242.651,7325.777,7236.977,7300.75,7248.664,7331.79,7240.964,7306.766,6.016,20.35
2022-07-26,7295.744,7365.448,7279.783,7320.31,7301.757,7366.476,7285.784,7326.323,6.013,18.93
2022-07-27,7317.546,7385.501,7314.047,7372.57,7323.467,7387.487,7317.984,7378.577,6.007,16.74
2022-07-28,7369.656,7399.843,7307.302,7376.131,7375.699,7401.85,7308.306,7382.159,6.028,21.06
2022-07-29,7360.718,7451.466,7350.571,7448.591,7366.716,7453.369,7351.599,7450.613,2.022,20.3
2022-08-01,7411.71,7471.905,7393.044,7398.376,7416.699,7472.905,7395.084,7404.38,6.004,2.42
2022-08-02,7393.889,7433.395,7372.904,7392.167,7397.084,7435.227,7376.084,7398.153,5.986,5.62
2022-08-03,7392.07,7466.31,7368.681,7432.161,7398.077,7468.299,7370.887,7438.189,6.028,2.5
2022-08-04,7430.706,7491.833,7416.723,7432.684,7436.749,7493.216,7417.723,7438.73,6.046,22.57
2022-08-05,7435.954,7470.89,7416.877,7447.41,7441.584,7471.893,7418.093,7453.617,6.207,25.59
2022-08-08,7446.903,7514.12,7445.797,7488.917,7449.608,7515.21,7447.501,7494.951,6.034,22.29
2022-08-09,7483.452,7504.734,7468.635,7484.301,7488.414,7505.734,7472.084,7490.356,6.055,21.37
2022-08-10,7484.847,7528.77,7464.872,7489.634,7490.863,7530.789,7466.301,7495.662,6.028,21.02
2022-08-11,7495.738,7520.276,7455.105,7470.004,7501.727,7523.911,7456.884,7476.038,6.034,19.85
2022-08-12,7465.088,7545.311,7460.19,7538.916,7469.423,7549.02,7463.301,7545.001,6.085,18.05
2022-08-15,7529.395,7542.23,7462.103,7527.362,7532.384,7544.12,7463.298,7533.36,5.998,16.35
2022-08-16,7528.898,7564.299,7518.157,7556.319,7532.117,7570.423,7522.164,7562.35,6.031,9.41
2022-08-17,7555.874,7568.907,7498.274,7502.343,7559.111,7572.096,7501.393,7508.335,5.992,16.91
2022-08-18,7502.866,7564.404,7491.057,7554.934,7508.778,7566.187,7492.387,7560.95,6.016,14.39
2022-08-19,7561.729,7578.173,7511.404,7546.383,7567.763,7579.173,7512.605,7552.587,6.204,19.14
2022-08-22,7523.574,7549.58,7488.637,7523.455,7525.611,7551.126,7489.637,7529.465,6.01,10.6
2022-08-23,7536.901,7536.901,7465.884,7484.432,7540.099,7540.099,7466.884,7490.436,6.004,20.47
2022-08-24,7483.174,7493.973,7407.911,7466.833,7486.39,7496.626,7408.911,7472.876,6.043,16.18
2022-08-25,7468.38,7535.763,7461.898,7498.567,7471.501,7536.763,7465.084,7504.61,6.043,16.94
2022-08-26,7498.15,7530.246,7386.295,7394.516,7504.074,7531.246,7391.384,7400.699,6.183,23.55
2022-08-29,7355.986,7414.595,7341.989,7406.126,7362.202,7420.808,7348.211,7412.035,5.909,0.56
2022-08-30,7403.662,7486.888,7327.605,7335.871,7409.69,7487.888,7329.86,7341.881,6.01,27.07
2022-08-31,7335.956,7392.106,7226.035,7242.53,7341.987,7394.524,7232.027,7248.519,5.989,31.89
2022-09-01,7240.904,7250.676,7129.392,7183.248,7244.105,7254.664,7130.596,7189.276,6.028,25.52
2022-09-02,7186.841,7289.704,7150.413,7210.013,7192.827,7290.801,7151.611,7216.193,6.18,13.16
2022-09-05,7219.652,7294.88,7183.187,7280.764,7225.647,7300.0,7186.084,7286.783,6.019,11.74
2022-09-06,7278.401,7324.999,7247.059,7250.103,7281.587,7325.999,7251.338,7256.104,6.001,13.23
2022-09-07,7252.433,7272.804,7184.677,7240.236,7258.479,7273.804,7185.902,7246.252,6.016,19.11
2022-09-08,7238.937,7275.501,7173.89,7252.797,7244.953,7277.526,7174.89,7258.816,6.019,23.93
2022-09-09,7259.401,7387.483,7258.407,7378.974,7262.623,7388.905,7261.584,7385.205,6.231,21.23
2022-09-12,7396.079,7483.201,7370.084,7460.011,7402.089,7484.426,7371.084,7465.997,5.986,13.92
2022-09-13,7455.863,7515.795,7319.177,7342.094,7461.909,7516.805,7321.417,7348.131,6.037,22.2
2022-09-14,7337.499,7349.35,7257.836,7313.436,7342.886,7350.833,7258.836,7319.455,6.019,17.62
2022-09-15,7312.383,7329.458,7220.576,7241.44,7315.605,7330.458,7225.423,7247.453,6.013,6.26
2022-09-16,7246.88,7297.27,7219.584,7250.499,7250.084,7298.28,7220.584,7256.605,6.106,28.42
2022-09-19,7250.504,7284.289,7197.904,7274.621,7253.708,7290.523,7199.126,7280.524,5.903,0.76
2022-09-20,7251.883,7327.846,7158.739,7185.303,7255.001,7328.846,7160.743,7191.304,6.001,26.59
2022-09-21,7184.087,7281.186,7162.492,7164.681,7190.073,7282.186,7163.52,7170.727,6.046,13.26
2022-09-22,7147.901,7245.683,7139.177,7179.38,7150.457,7246.801,7140.798,7185.429,6.049,12.55
2022-09-23,7182.234,7195.516,6981.713,7022.804,7188.247,7197.926,6982.923,7029.011,6.207,12.73
2022-09-26,7032.377,7079.999,6941.714,7011.873,7035.611,7083.126,6942.714,7017.853,5.98,23.41
2022-09-27,7014.581,7070.98,6931.083,6964.9,7020.57,7072.029,6933.06,6970.877,5.977,23.89
2022-09-28,6964.499,7048.201,6833.917,7022.501,6967.605,7050.085,6834.917,7028.502,6.001,31.39
2022-09-29,7017.698,7034.499,6826.423,6893.412,7020.914,7037.459,6827.423,6899.437,6.025,31.61
2022-09-30,6883.561,6953.827,6815.701,6848.892,6889.601,6954.834,6817.887,6855.084,6.192,40.06
2022-10-03,6803.696,6933.492,6782.401,6921.581,6805.608,6934.926,6784.384,6927.633,6.052,30.49
2022-10-04,6924.009,7089.499,6909.299,7052.849,6930.022,7090.617,6912.396,7058.859,6.01,17.5
2022-10-05,7055.183,7084.195,6976.411,7077.66,7058.405,7089.27,6977.411,7083.691,6.031,15.4
2022-10-06,7064.207,7103.904,6958.895,6977.107,7067.327,7106.608,6959.905,6983.111,6.004,31.93
2022-10-07,6975.677,7021.991,6958.18,6974.298,6978.926,7022.991,6959.39,6980.499,6.201,35.18
2022-10-10,6959.848,6999.799,6920.98,6968.616,6965.849,7000.905,6921.98,6974.537,5.921,20.4
2022-10-11,6965.729,6966.195,6848.782,6867.55,6971.754,6971.869,6850.59,6873.572,6.022,37.95
2022-10-12,6870.689,6925.361,6792.543,6817.525,6873.89,6927.12,6793.543,6823.517,5.992,30.03
2022-10-13,6805.504,6904.898,6705.129,6887.211,6807.926,6907.323,6706.141,6893.236,6.025,29.19
2022-10-14,6892.183,6976.846,6823.383,6830.495,6895.414,6977.88,6827.301,6836.699,6.204,21.3
2022-10-17,6847.423,6961.739,6830.916,6942.253,6853.451,6962.773,6833.893,6948.29,6.037,23.03
2022-10-18,7003.067,7018.499,6940.176,6943.404,7004.414,7019.62,6941.402,6944.614,1.21,4.34
2022-10-19,6978.777,6999.701,6890.154,6911.096,6984.781,7002.923,6891.611,6917.02,5.924,31.19
2022-10-20,6917.207,6955.195,6888.683,6905.793,6920.426,6956.42,6891.801,6911.779,5.986,18.05
2022-10-21,6904.577,7009.599,6861.404,7003.907,6910.572,7015.72,6862.587,7010.105,6.198,30.48
2022-10-24,7015.967,7048.73,6911.498,7023.393,7021.962,7049.73,6912.584,7029.314,5.921,44.3
2022-10-25,7024.195,7031.751,6947.227,6993.354,7027.423,7033.926,6948.396,6999.406,6.052,23.04
2022-10-26,6992.674,7059.333,6957.686,7046.028,6995.896,7060.333,6958.905,7052.017,5.989,24.76
2022-10-27,7045.666,7091.198,6991.975,7028.106,7051.581,7092.399,6997.976,7034.137,6.031,17.38
2022-10-28,7022.413,7080.583,6990.985,7079.286,7025.623,7085.517,6991.995,7085.508,6.222,29.61
2022-10-31,7063.045,7133.876,7027.374,7107.45,7069.061,7134.876,7028.589,7113.102,5.652,29.67
2022-11-01,7107.447,7221.22,7105.161,7179.739,7113.623,7222.926,7110.79,7187.387,7.648,30.55
2022-11-02,7180.217,7208.559,7086.177,7094.651,7187.301,7210.224,7090.484,7096.617,1.966,26.76
2022-11-03,7094.223,7204.06,7071.903,7180.66,7096.608,7205.114,7072.919,7186.694,6.034,23.47
2022-11-04,7180.998,7377.126,7174.594,7343.383,7186.691,7378.126,7176.501,7349.605,6.222,40.01
2022-11-07,7324.186,7346.697,7253.986,7266.305,7327.217,7347.697,7256.734,7272.287,5.982,23.2
2022-11-08,7266.101,7317.799,7241.183,7304.704,7272.075,7318.929,7242.393,7308.79,4.086,13.62
2022-11-09,7304.218,7310.198,7251.88,7263.81,7308.808,7311.884,7257.426,7270.023,6.213,10.97
2022-11-10,7263.295,7405.087,7250.977,7395.196,7269.499,7408.523,7251.993,7399.89,4.694,35.1
2022-11-11,7395.574,7428.111,7315.104,7336.401,7399.902,7430.123,7316.301,7342.611,6.21,27.86
2022-11-14,7325.907,7414.401,7316.386,7360.746,7331.649,7415.411,7321.014,7365.414,4.668,21.43
2022-11-15,7361.003,7412.907,7311.389,7329.577,7365.414,7414.411,7313.501,7335.802,6.225,15.08
2022-11-16,7329.374,7394.207,7301.704,7331.986,7335.623,7395.426,7304.887,7336.993,5.007,22.07
2022-11-17,7331.861,7379.701,7292.42,7355.374,7336.605,7385.714,7293.42,7360.713,5.339,18.61
2022-11-18,7355.591,7424.174,7348.923,7384.299,7361.602,7425.174,7350.672,7390.39,6.091,21.36
2022-11-21,7387.137,7416.066,7341.001,7402.298,7393.017,7417.626,7342.001,7407.524,5.226,19.59
2022-11-22,7402.295,7473.716,7393.99,7466.286,7407.97,7477.169,7395.001,7472.523,6.237,23.27
2022-11-23,7466.31,7498.524,7450.77,7462.904,7472.493,7499.524,7452.789,7468.81,5.906,19.48
2022-11-24,7463.054,7487.799,7440.414,7467.389,7469.073,7488.799,7441.414,7472.364,4.975,8.42
2022-11-25,7467.392,7497.707,7457.304,7485.03,7472.949,7499.911,7459.301,7490.096,5.066,8.06
2022-11-28,7466.698,7497.689,7420.412,7472.11,7472.905,7498.896,7421.412,7477.883,5.773,8.54
2022-11-29,7472.083,7543.201,7468.377,7528.999,7477.386,7544.914,7473.405,7535.087,6.088,11.62
2022-11-30,7529.15,7619.098,7523.94,7612.586,7535.117,7623.42,7524.94,7618.811,6.225,19.26
2022-12-01,7612.604,7616.813,7542.001,7549.507,7618.811,7623.026,7546.587,7553.417,3.91,16.33
2022-12-02,7549.474,7570.781,7504.392,7539.58,7552.89,7571.791,7505.501,7545.817,6.237,17.61
2022-12-05,7549.095,7598.201,7542.812,7555.021,7553.51,7599.387,7543.902,7560.496,5.475,15.5
2022-12-06,7555.964,7577.01,7501.686,7552.695,7560.401,7581.473,7504.227,7559.705,7.01,21.74
2022-12-07,7552.799,7567.861,7485.59,7497.064,7560.182,7570.271,7488.47,7503.074,6.01,15.36
2022-12-08,7496.582,7510.941,7461.394,7470.683,7502.577,7512.981,7465.19,7472.545,1.862,20.68
2022-12-09,7470.216,7498.956,7428.674,7455.904,7472.569,7500.909,7429.699,7462.096,6.192,12.89
2022-12-12,7446.792,7475.204,7437.497,7464.116,7451.546,7476.217,7438.497,7469.526,5.41,15.34
2022-12-13,7464.089,7551.607,7425.52,7484.613,7470.01,7553.534,7426.52,7490.814,6.201,39.91
2022-12-14,7484.607,7506.499,7453.274,7466.016,7490.823,7510.273,7459.401,7472.202,6.186,19.52
2022-12-15,7466.001,7493.799,7408.195,7440.395,7472.22,7497.487,7409.426,7446.626,6.231,15.62
2022-12-16,7440.398,7461.999,7303.674,7329.886,7446.593,7467.523,7304.801,7336.117,6.231,29.99
2022-12-19,7343.281,7385.967,7337.976,7361.869,7349.297,7387.893,7339.801,7367.82,5.951,25.11
2022-12-20,7361.92,7390.216,7294.22,7385.835,7367.82,7396.119,7298.001,7391.863,6.028,28.13
2022-12-21,7386.323,7520.284,7375.434,7507.413,7392.315,7522.42,7379.39,7510.22,2.807,18.55
2022-12-22,7507.416,7540.389,7425.09,7472.134,7509.624,7541.623,7427.085,7475.611,3.477,16.34
2022-12-23,7471.684,7495.716,7416.889,7473.913,7475.623,7499.52,7422.117,7480.099,6.186,4.16
2022-12-26,7490.599,7503.301,7484.074,7498.107,7496.684,7509.487,7490.326,7504.323,6.216,0.03
2022-12-27,7497.916,7504.41,7445.089,7467.274,7504.001,7510.602,7451.311,7473.499,6.225,2.21
2022-12-28,7470.21,7547.299,7453.97,7482.652,7476.393,7548.417,7459.884,7486.699,4.047,3.86
2022-12-29,7483.16,7523.704,7429.201,7499.51,7486.687,7524.839,7430.405,7504.974,5.464,3.66
2022-12-30,7499.507,7518.834,7428.316,7459.51,7505.3,7524.847,7434.523,7465.717,6.207,1.85
2023-01-02,7470.289,7612.104,7437.504,7484.316,7476.523,7618.317,7443.69,7490.484,6.168,0.14
2023-01-03,7483.899,7625.207,7411.18,7559.88,7489.984,7626.399,7412.891,7566.108,6.228,9.03
2023-01-04,7559.883,7609.874,7553.471,7573.814,7566.12,7610.874,7554.471,7578.693,4.879,18.49
2023-01-05,7574.085,7660.173,7555.667,7640.33,7578.708,7661.173,7560.001,7641.33,1.0,14.55
2023-01-06,7640.827,7719.916,7636.604,7710.177,7641.827,7724.811,7641.339,7716.396,6.219,16.51
2023-01-09,7728.416,7730.574,7670.499,7673.783,7731.562,7735.663,7675.859,7679.007,5.224,18.53
2023-01-10,7674.786,7717.899,7660.577,7715.777,7679.01,7722.707,7665.864,7720.907,5.13,27.2
2023-01-11,7715.795,7773.201,7697.674,7744.686,7720.421,7774.402,7699.39,7749.196,4.51,13.35
2023-01-12,7744.686,7814.213,7737.389,7809.604,7749.664,7817.343,7739.799,7815.787,6.183,33.58
2023-01-13,7809.607,7864.716,7800.38,7850.277,7816.118,7865.716,7803.884,7856.493,6.216,17.42
2023-01-16,7851.913,7867.093,7837.189,7858.283,7858.087,7870.0,7841.263,7865.466,7.183,8.67
2023-01-17,7858.78,7875.895,7825.995,7832.81,7865.457,7876.917,7828.304,7837.595,4.785,7.56
2023-01-18,7832.777,7867.397,7780.974,7791.18,7837.12,7868.434,7787.187,7796.59,5.41,20.26
2023-01-19,7791.195,7803.836,7724.174,7769.095,7796.337,7804.836,7725.357,7772.314,3.219,24.71
2023-01-20,7769.592,7796.299,7746.695,7790.216,7772.302,7801.811,7748.402,7796.39,6.174,22.91
2023-01-23,7781.877,7811.177,7765.299,7793.183,7785.727,7812.177,7767.899,7799.16,5.977,16.44
2023-01-24,7793.08,7805.913,7735.186,7744.483,7798.92,7809.05,7740.795,7748.497,4.014,24.47
2023-01-25,7744.501,7773.383,7710.281,7759.799,7749.001,7775.744,7711.281,7765.905,6.106,10.99
2023-01-26,7759.701,7786.192,7747.68,7761.113,7765.911,7787.192,7748.801,7765.588,4.475,11.61
2023-01-27,7761.11,7780.999,7740.689,7759.213,7765.357,7782.114,7741.887,7765.408,6.195,19.62
2023-01-30,7752.289,7792.674,7711.177,7780.995,7756.685,7794.89,7713.387,7787.214,6.219,27.58
2023-01-31,7780.577,7794.198,7705.683,7774.613,7781.577,7797.79,7706.905,7780.793,6.18,23.99
2023-02-01,7774.592,7810.533,7739.271,7800.999,7780.787,7816.711,7740.884,7803.425,2.426,20.03
2023-02-02,7800.907,7848.493,7771.68,7802.739,7802.961,7851.899,7772.884,7806.187,3.448,14.71
2023-02-03,7803.223,7912.639,7801.791,7893.701,7806.184,7914.62,7805.201,7899.887,6.186,20.89
2023-02-06,7890.174,7893.996,7806.42,7852.657,7892.396,7896.894,7807.42,7853.657,1.0,16.68
2023-02-07,7852.608,7907.361,7840.531,7893.892,7853.608,7909.82,7843.405,7899.637,5.745,23.05
2023-02-08,7894.061,7934.494,7868.698,7890.313,7899.994,7935.494,7870.801,7896.1,5.787,23.43
2023-02-09,7890.789,7948.58,7887.186,7894.552,7896.109,7949.58,7888.884,7900.589,6.037,21.18
2023-02-10,7895.524,7913.46,7849.087,7890.913,7901.549,7914.46,7850.087,7897.102,6.189,25.33
2023-02-13,7875.43,7964.213,7866.677,7956.787,7881.425,7969.22,7868.56,7962.794,6.007,16.78
2023-02-14,7956.991,7999.396,7944.088,7989.287,7963.043,8003.114,7947.39,7992.417,3.13,22.7
2023-02-15,7989.308,8030.308,7920.831,8014.387,7991.887,8036.327,7921.846,8020.391,6.004,27.14
2023-02-16,8014.476,8045.511,7977.396,7996.754,8020.284,8046.887,7978.396,8001.487,4.733,15.54
2023-02-17,7997.231,8021.793,7954.928,8011.873,8001.484,8023.569,7955.928,8013.862,1.989,11.57
2023-02-20,8006.786,8029.206,7994.177,8007.577,8012.999,8033.133,7995.65,8013.333,5.756,6.54
2023-02-21,8007.806,8012.799,7951.414,7971.128,8013.826,8015.599,7952.414,7973.796,2.668,11.97
2023-02-22,7971.143,7975.586,7877.677,7909.892,7973.287,7978.214,7879.066,7916.372,6.48,18.57
2023-02-23,7909.91,7945.216,7888.189,7927.792,7916.88,7947.178,7889.765,7933.323,5.531,23.57
2023-02-24,7927.807,7947.299,7869.195,7912.71,7933.07,7950.849,7870.617,7918.902,6.192,24.91
2023-02-27,7913.58,7949.698,7904.207,7940.407,7919.808,7952.592,7908.731,7941.952,1.545,22.41
2023-02-28,7940.374,7948.81,7853.413,7856.774,7942.448,7952.405,7854.741,7870.905,14.131,14.94
2023-03-01,7857.792,7951.41,7848.874,7914.898,7870.616,7952.973,7856.084,7920.792,5.894,16.8
2023-03-02,7914.76,7969.651,7874.322,7952.683,7920.798,7974.808,7875.324,7957.335,4.652,20.3
2023-03-03,7952.689,7975.5,7917.883,7953.704,7956.838,7976.514,7919.516,7959.917,6.213,13.96
2023-03-06,7944.804,7957.387,7896.062,7934.905,7950.173,7961.518,7897.082,7940.928,6.023,11.41
2023-03-07,7934.807,7959.947,7886.985,7899.574,7940.718,7960.947,7888.39,7905.549,5.975,16.63
2023-03-08,7899.565,7949.689,7888.188,7915.416,7905.558,7950.911,7889.626,7920.705,5.289,10.17
2023-03-09,7915.38,7918.713,7792.792,7800.065,7920.218,7922.755,7798.901,7805.42,5.355,16.92
2023-03-10,7800.032,7805.31,7678.686,7685.189,7804.801,7811.408,7680.196,7691.405,6.216,18.35
2023-03-13,7739.815,7757.682,7528.787,7539.454,7744.417,7763.681,7530.396,7545.393,5.939,64.96
2023-03-14,7540.892,7643.21,7499.626,7622.989,7545.411,7645.86,7500.626,7627.708,4.719,20.92
2023-03-15,7623.013,7639.916,7317.177,7370.398,7628.188,7644.547,7320.849,7376.08,5.682,35.91
2023-03-16,7370.395,7465.526,7327.606,7453.984,7375.635,7468.614,7328.712,7458.208,4.224,16.64
2023-03-17,7453.978,7510.915,7308.718,7311.198,7458.511,7512.402,7309.741,7317.301,6.103,35.81
2023-03-20,7353.199,7431.198,7204.731,7416.916,7358.948,7432.962,7205.757,7417.99,1.074,27.2
2023-03-21,7416.892,7567.428,7410.358,7556.283,7418.214,7569.408,7412.237,7561.389,5.106,12.48
2023-03-22,7556.31,7589.597,7500.725,7511.177,7560.926,7593.099,7501.772,7517.093,5.916,10.14
2023-03-23,7511.055,7552.467,7415.195,7443.491,7517.093,7553.467,7417.417,7449.187,5.696,27.76
2023-03-24,7443.958,7474.902,7333.483,7427.216,7449.101,7475.926,7334.488,7433.396,6.18,28.74
2023-03-27,7453.052,7508.107,7426.001,7507.074,7459.069,7514.826,7427.001,7513.115,6.041,20.26
2023-03-28,7501.308,7523.935,7450.684,7474.501,7507.233,7527.593,7452.584,7480.53,6.029,18.98
2023-03-29,7485.872,7577.932,7469.287,7557.21,7490.501,7581.114,7472.623,7563.384,6.174,17.88
2023-03-30,7554.411,7639.052,7554.111,7626.226,7560.389,7640.052,7559.599,7632.24,6.014,21.74
2023-03-31,7620.255,7658.521,7616.542,7643.207,7625.884,7660.399,7618.414,7649.411,6.204,15.66
2023-04-03,7651.13,7698.795,7642.332,7683.555,7657.15,7702.708,7643.365,7689.599,6.044,16.85
2023-04-04,7689.227,7726.908,7625.702,7644.407,7695.229,7727.914,7627.801,7650.436,6.029,19.36
2023-04-05,7645.138,7678.882,7632.99,7662.231,7651.128,7681.726,7634.902,7668.239,6.008,16.2
2023-04-06,7662.781,7761.513,7653.49,7746.611,7668.703,7764.92,7656.914,7753.717,7.106,16.76
2023-04-11,7776.683,7808.962,7754.587,7785.807,7782.709,7810.123,7755.587,7791.711,5.904,2.07
2023-04-12,7785.252,7861.062,7774.595,7794.611,7791.245,7862.187,7777.301,7800.625,6.014,17.74
2023-04-13,7794.787,7866.799,7793.805,7855.574,7800.679,7868.917,7797.617,7861.555,5.981,16.09
2023-04-14,7855.928,7902.847,7847.683,7884.404,7861.951,7904.628,7848.887,7890.501,6.097,21.73
2023-04-17,7897.682,7915.907,7873.031,7896.737,7903.699,7916.907,7874.031,7902.739,6.002,7.7
2023-04-18,7896.024,7917.38,7879.674,7904.912,7901.943,7921.959,7880.902,7910.956,6.044,14.94
2023-04-19,7904.108,7913.413,7869.174,7875.007,7910.158,7918.482,7870.414,7881.202,6.195,11.87
2023-04-20,7889.299,7915.107,7872.533,7895.281,7890.299,7917.415,7873.533,7901.292,6.011,12.72
2023-04-21,7900.335,7937.216,7883.883,7912.383,7906.346,7938.216,7885.541,7918.59,6.207,9.53
2023-04-24,7907.358,7927.213,7876.195,7904.395,7913.369,7928.213,7877.412,7910.379,5.984,6.64
2023-04-25,7902.402,7909.383,7849.961,7873.015,7908.434,7910.383,7855.584,7879.047,6.032,16.55
2023-04-26,7863.654,7893.513,7815.68,7827.527,7869.683,7894.513,7816.733,7833.55,6.023,13.55
2023-04-27,7826.025,7887.255,7815.372,7859.002,7832.063,7894.311,7816.372,7865.028,6.026,16.01
2023-04-28,7860.761,7879.908,7789.112,7865.699,7866.778,7880.908,7790.144,7871.826,6.127,19.68
2023-05-01,7857.813,7890.395,7851.992,7857.78,7865.993,7898.501,7860.193,7863.987,6.207,0.55
2023-05-02,7851.691,7896.955,7762.89,7797.814,7857.684,7897.955,7763.89,7800.0,2.186,19.66
2023-05-03,7797.732,7818.622,7712.849,7742.121,7800.0,7819.622,7721.428,7748.132,6.011,19.5
2023-05-04,7731.215,7780.895,7688.18,7724.898,7737.232,7782.417,7690.39,7730.933,6.035,37.43
2023-05-05,7722.955,7808.216,7715.201,7796.404,7728.966,7809.588,7718.42,7800.178,3.774,12.38
2023-05-08,7801.177,7801.599,7797.774,7799.499,7807.414,7807.726,7803.984,7805.626,6.127,0.01
2023-05-09,7788.101,7808.799,7732.387,7762.67,7794.121,7811.632,7733.41,7768.675,6.005,5.03
2023-05-10,7759.938,7780.216,7706.68,7739.201,7765.937,7781.423,7708.136,7745.227,6.026,4.17
2023-05-11,7736.275,7784.683,7680.099,7745.154,7742.271,7785.683,7681.099,7751.129,5.975,2.67
2023-05-12,7744.777,7773.216,7734.713,7755.713,7750.687,7774.408,7736.887,7761.92,6.207,2.71
2023-05-15,7748.264,7794.838,7744.374,7776.988,7754.183,7796.102,7747.59,7782.996,6.008,10.07
2023-05-16,7778.742,7805.399,7722.177,7737.278,7784.759,7806.399,7727.384,7743.322,6.044,17.61
2023-05-17,7735.071,7759.21,7711.177,7740.866,7741.1,7763.12,7713.379,7746.868,6.002,16.74
2023-05-18,7741.186,7775.907,7723.189,7756.559,7747.188,7780.987,7724.933,7762.552,5.993,13.22
2023-05-19,7759.287,7790.213,7745.192,7776.41,7765.301,7791.955,7748.162,7781.388,4.978,20.57
2023-05-22,7771.259,7790.107,7749.644,7782.527,7777.252,7792.888,7750.644,7788.422,5.895,10.24
2023-05-23,7780.388,7800.716,7722.38,7739.347,7786.384,7801.716,7726.959,7745.373,6.026,19.57
2023-05-24,7737.301,7737.301,7589.189,7630.361,7743.279,7743.279,7590.749,7636.399,6.038,19.19
2023-05-25,7623.29,7632.177,7560.646,7572.697,7629.325,7635.628,7561.646,7578.625,5.928,12.32
2023-05-26,7573.188,7643.907,7555.189,7634.21,7579.184,7645.698,7556.756,7640.408,6.198,12.89
2023-05-30,7633.21,7635.916,7514.892,7533.783,7639.91,7642.775,7516.012,7540.017,6.234,18.69
2023-05-31,7536.364,7537.947,7438.683,7461.367,7542.336,7543.868,7441.176,7467.408,6.041,30.28
2023-06-01,7455.201,7507.799,7443.47,7499.383,7460.622,7511.092,7444.47,7505.626,6.243,11.31
2023-06-02,7499.631,7628.299,7497.383,7616.799,7505.678,7630.718,7500.003,7622.89,6.091,20.67
2023-06-05,7621.321,7654.701,7575.274,7579.51,7627.305,7655.701,7579.763,7585.521,6.011,17.59
2023-06-06,7579.207,7647.099,7554.374,7646.098,7585.216,7652.962,7555.905,7652.326,6.228,10.17
2023-06-07,7646.186,7646.186,7600.886,7627.58,7649.405,7650.761,7602.673,7633.796,6.216,20.87
2023-06-08,7629.907,7637.948,7585.713,7606.201,7633.114,7638.974,7587.333,7612.393,6.192,18.36
2023-06-09,7612.416,7617.725,7544.895,7569.698,7618.193,7619.775,7546.102,7574.219,4.521,15.11
2023-06-12,7577.255,7604.713,7554.177,7579.377,7583.254,7607.487,7555.352,7585.584,6.207,16.24
2023-06-13,7578.661,7610.799,7552.836,7592.292,7584.66,7611.799,7553.836,7598.511,6.219,20.81
2023-06-14,7587.213,7640.213,7573.686,7588.192,7592.305,7641.414,7575.384,7594.423,6.231,10.35
2023-06-15,7587.195,7639.698,7577.201,7622.016,7593.203,7641.929,7579.624,7628.226,6.21,15.49
2023-06-16,7620.407,7688.195,7611.262,7617.21,7626.421,7689.411,7613.293,7623.402,6.192,11.05
2023-06-19,7617.456,7625.716,7580.174,7585.48,7623.449,7628.522,7581.813,7591.708,6.228,7.34
2023-06-20,7591.862,7607.716,7550.074,7566.148,7597.891,7608.887,7557.722,7572.162,6.014,19.91
2023-06-21,7564.788,7577.299,7516.374,7542.432,7570.826,7579.915,7517.513,7548.452,6.02,10.98
2023-06-22,7539.027,7541.999,7449.889,7510.009,7545.026,7545.305,7451.09,7515.996,5.987,11.65
2023-06-23,7509.061,7514.204,7438.722,7451.192,7515.066,7515.512,7439.742,7457.402,6.21,3.55
2023-06-26,7467.11,7476.416,7399.125,7471.409,7473.124,7477.626,7400.125,7477.429,6.02,4.9
2023-06-27,7469.042,7498.407,7427.27,7470.555,7475.095,7499.908,7428.27,7476.539,5.984,4.89
2023-06-28,7470.788,7518.71,7470.674,7504.957,7476.778,7519.905,7474.612,7510.861,5.904,3.85
2023-06-29,7511.404,7514.537,7458.201,7485.708,7514.59,7517.59,7459.408,7491.695,5.987,1.75
2023-06-30,7490.198,7552.407,7475.502,7548.892,7493.301,7555.102,7478.501,7555.102,6.21,2.93
2023-07-03,7550.16,7563.859,7514.188,7531.183,7556.162,7564.902,7515.188,7533.118,1.935,2.22
2023-07-04,7521.768,7547.374,7515.499,7518.874,7527.782,7548.408,7517.623,7525.09,6.216,0.96
2023-07-05,7514.665,7521.597,7433.073,7438.994,7520.694,7523.62,7434.073,7444.969,5.975,5.41
2023-07-06,7431.771,7435.037,7266.674,7280.571,7437.8,7439.01,7267.741,7286.493,5.922,15.56
2023-07-07,7280.981,7288.307,7226.704,7263.389,7287.004,7290.123,7227.704,7269.602,6.213,16.79
2023-07-10,7273.742,7306.031,7225.407,7262.61,7276.92,7307.031,7227.59,7268.639,6.029,9.82
2023-07-11,7259.699,7297.887,7237.398,7291.366,7264.12,7303.708,7238.611,7297.386,6.02,11.94
2023-07-12,7292.386,7425.677,7289.325,7408.555,7295.614,7427.923,7292.801,7414.596,6.041,15.16
2023-07-13,7405.182,7457.491,7403.048,7434.944,7411.126,7459.126,7407.384,7440.952,6.008,10.53
2023-07-14,7430.026,7481.047,7414.524,7417.895,7435.593,7482.047,7416.538,7424.114,6.219,10.63
2023-07-17,7409.324,7437.735,7392.877,7408.499,7415.314,7438.749,7394.001,7414.587,6.088,11.41
2023-07-18,7405.78,7462.716,7396.201,7456.813,7411.806,7464.905,7398.423,7463.02,6.207,11.17
2023-07-19,7456.21,7625.892,7451.174,7572.494,7459.423,7626.893,7454.301,7578.526,6.032,20.42
2023-07-20,7575.063,7661.692,7574.971,7643.218,7581.092,7662.914,7580.873,7649.253,6.035,16.43
2023-07-21,7646.799,7674.383,7634.886,7670.189,7649.884,7676.417,7636.887,7676.417,6.228,8.54
2023-07-24,7661.538,7687.21,7618.192,7678.941,7667.463,7689.399,7621.39,7684.931,5.99,16.33
2023-07-25,7678.335,7700.799,7663.174,7671.965,7684.334,7701.799,7667.626,7677.985,6.02,6.75
2023-07-26,7674.061,7702.698,7628.677,7674.886,7680.039,7704.418,7629.838,7681.099,6.213,11.78
2023-07-27,7677.198,7709.686,7654.674,7663.766,7680.426,7710.686,7656.654,7669.673,5.907,9.09
2023-07-28,7660.776,7716.299,7644.653,7671.889,7666.772,7717.387,7647.396,7678.114,6.225,0.3
2023-07-31,7677.887,7723.401,7655.711,7692.782,7683.788,7724.593,7657.655,7698.713,5.931,2.66
2023-08-01,7705.213,7713.698,7611.51,7646.536,7708.417,7714.698,7617.72,7652.556,6.02,3.33
2023-08-02,7649.127,7659.227,7519.754,7548.095,7655.022,7660.926,7520.76,7554.136,6.041,8.29
2023-08-03,7545.765,7563.416,7436.177,7541.788,7551.752,7569.375,7437.301,7547.802,6.014,20.58
2023-08-04,7537.028,7570.299,7484.177,7510.701,7543.012,7571.945,7485.614,7516.902,6.201,20.7
2023-08-07,7524.581,7568.199,7503.677,7563.694,7530.562,7573.319,7504.884,7569.687,5.993,14.32
2023-08-08,7563.838,7566.216,7485.374,7542.849,7569.873,7571.016,7486.59,7548.866,6.017,28.42
2023-08-09,7543.091,7604.401,7541.836,7568.379,7549.111,7606.62,7545.301,7574.393,6.014,18.64
2023-08-10,7563.198,7622.939,7559.189,7594.877,7566.411,7624.732,7562.387,7601.09,6.213,21.04
2023-08-11,7594.284,7596.299,7506.264,7532.392,7600.319,7600.535,7507.264,7538.62,6.228,13.12
2023-08-14,7540.285,7547.416,7475.166,7517.991,7546.317,7550.59,7476.166,7524.029,6.038,19.0
2023-08-15,7515.942,7523.935,7368.701,7387.304,7521.974,7527.126,7369.839,7393.345,6.041,15.88
2023-08-16,7387.735,7397.299,7320.877,7326.067,7393.716,7399.037,7327.096,7332.066,5.999,15.93
2023-08-17,7319.999,7352.701,7266.877,7275.895,7323.108,7353.701,7273.099,7281.909,6.014,23.56
2023-08-18,7273.626,7296.999,7214.674,7264.898,7279.631,7300.126,7215.89,7271.096,6.198,16.23
2023-08-21,7268.881,7316.799,7249.18,7257.798,7274.886,7317.799,7250.89,7264.014,6.216,15.26
2023-08-22,7259.92,7310.701,7254.386,7260.657,7265.958,7311.701,7256.614,7266.686,6.029,19.47
2023-08-23,7260.451,7349.895,7257.674,7328.116,7266.48,7350.917,7260.887,7334.314,6.198,20.65
2023-08-24,7326.777,7384.294,7300.877,7319.156,7332.812,7385.565,7307.09,7325.146,5.99,17.05
2023-08-25,7318.796,7389.716,7310.146,7359.674,7324.816,7390.911,7314.001,7365.908,6.234,24.41
2023-08-28,7368.695,7403.316,7350.674,7392.901,7376.911,7411.52,7358.801,7401.001,8.1,0.13
2023-08-29,7387.099,7488.016,7367.174,7478.893,7393.104,7491.085,7370.39,7484.922,6.029,22.45
2023-08-30,7483.994,7509.299,7462.686,7468.998,7489.972,7511.025,7463.905,7475.101,6.103,12.7
2023-08-31,7471.189,7501.704,7418.048,7434.798,7474.67,7502.92,7420.035,7440.987,6.189,6.45
2023-09-01,7431.48,7493.21,7430.707,7485.183,7434.684,7494.21,7433.914,7491.387,6.204,1.7
2023-09-04,7486.815,7523.698,7443.892,7447.977,7492.805,7524.89,7448.656,7454.217,6.24,0.97
2023-09-05,7449.289,7478.799,7387.674,7423.414,7454.193,7479.914,7388.905,7429.449,6.035,1.0
2023-09-06,7423.271,7449.204,7367.839,7420.062,7429.303,7450.393,7368.839,7426.046,5.984,3.06
2023-09-07,7420.692,7462.281,7381.58,7443.292,7426.718,7463.325,7382.603,7449.318,6.026,2.14
2023-09-08,7443.54,7488.183,7401.707,7483.204,7449.539,7490.423,7402.926,7489.402,6.198,0.52
2023-09-11,7485.38,7550.213,7465.883,7504.182,7488.593,7551.213,7467.105,7510.193,6.011,2.45
2023-09-12,7504.578,7550.728,7495.462,7515.943,7510.503,7551.748,7498.501,7521.945,6.002,3.26
2023-09-13,7516.511,7545.999,7488.621,7525.757,7522.519,7546.999,7489.621,7531.762,6.005,5.41
2023-09-14,7521.114,7707.999,7520.502,7697.794,7527.131,7712.425,7523.823,7703.799,6.005,3.81
2023-09-15,7695.654,7746.174,7692.022,7695.674,7701.647,7747.417,7694.443,7701.926,6.252,3.21
2023-09-18,7688.497,7690.557,7640.18,7664.371,7689.497,7691.557,7641.301,7670.352,5.981,0.33
2023-09-19,7662.822,7682.069,7640.834,7655.948,7668.848,7683.069,7642.346,7661.843,5.895,0.95
2023-09-20,7655.917,7742.698,7634.902,7694.754,7661.946,7743.698,7637.501,7700.735,5.981,3.43
2023-09-21,7686.087,7704.713,7659.18,7683.774,7692.11,7705.713,7661.325,7684.774,1.0,2.43
2023-09-22,7711.907,7735.913,7661.207,7663.01,7712.907,7737.108,7663.384,7669.211,6.201,1.82
2023-09-25,7670.397,7685.189,7580.198,7630.611,7676.432,7686.189,7581.423,7636.601,5.99,1.71
2023-09-26,7631.012,7657.713,7589.746,7604.898,7637.062,7658.902,7590.926,7611.084,6.186,4.27
2023-09-27,7604.874,7645.704,7560.225,7594.077,7608.556,7646.704,7561.999,7600.314,6.237,4.03
2023-09-28,7594.086,7622.304,7521.483,7605.257,7595.388,7623.999,7522.601,7611.185,5.928,6.71
2023-09-29,7605.574,7674.385,7574.177,7582.916,7611.603,7675.408,7575.887,7589.114,6.198,8.55
2023-10-02,7613.479,7631.007,7487.298,7506.808,7619.502,7633.426,7489.333,7512.828,6.02,3.05
2023-10-03,7506.721,7546.299,7459.288,7469.943,7512.738,7547.414,7461.384,7475.853,5.91,3.52
2023-10-04,7469.485,7489.761,7383.248,7420.144,7475.523,7490.763,7384.286,7426.125,5.981,6.83
2023-10-05,7418.077,7489.331,7405.96,7457.681,7424.091,7490.331,7406.98,7463.704,6.023,10.35
2023-10-06,7457.688,7531.207,7420.677,7517.692,7463.702,7532.695,7421.923,7523.884,6.192,4.4
2023-10-09,7488.387,7541.416,7477.377,7523.066,7494.407,7542.605,7478.584,7529.083,6.017,3.15
2023-10-10,7525.794,7643.216,7525.794,7617.829,7531.805,7645.126,7531.614,7623.849,6.02,8.3
2023-10-11,7617.414,7652.177,7605.815,7639.266,7623.425,7653.402,7606.832,7645.259,5.993,5.75
2023-10-12,7640.008,7688.201,7602.782,7639.104,7646.049,7689.426,7604.301,7645.082,5.978,4.22
2023-10-13,7639.511,7660.837,7589.399,7611.272,7645.105,7661.837,7590.399,7613.274,2.002,5.54
2023-10-16,7624.392,7650.955,7583.087,7642.099,7630.394,7651.955,7584.087,7648.208,6.109,4.09
2023-10-17,7638.18,7701.216,7617.898,7660.892,7641.39,7702.656,7619.105,7667.117,6.225,5.18
2023-10-18,7667.683,7699.799,7563.38,7575.124,7670.902,7700.935,7565.052,7581.147,6.023,11.44
2023-10-19,7574.386,7588.713,7465.765,7476.174,7577.596,7590.746,7469.754,7482.176,6.002,11.32
2023-10-20,7470.407,7489.895,7384.601,7385.089,7473.602,7490.909,7386.09,7387.088,1.999,2.97
2023-10-23,7398.889,7410.049,7337.525,7365.318,7402.093,7411.049,7338.525,7371.299,5.981,8.95
2023-10-24,7358.907,7426.689,7322.674,7398.565,7362.111,7432.89,7323.801,7404.585,6.02,5.93
2023-10-25,7399.216,7428.167,7367.301,7385.049,7402.301,7429.167,7368.301,7391.036,5.987,8.46
2023-10-26,7387.174,7398.91,7322.845,7361.308,7390.301,7401.111,7324.087,7367.301,5.993,7.05
2023-10-27,7357.68,7380.496,7256.984,7267.398,7360.908,7381.496,7258.893,7273.59,6.192,3.67
2023-10-30,7280.801,7362.201,7278.974,7331.395,7285.633,7363.233,7283.435,7336.053,4.658,3.58
2023-10-31,7331.777,7373.907,7307.386,7322.26,7336.163,7375.096,7308.386,7328.292,6.032,6.59
2023-11-01,7322.107,7386.395,7304.383,7374.787,7328.057,7387.423,7305.384,7380.487,5.7,4.82
2023-11-02,7374.399,7471.299,7368.383,7467.084,7380.246,7475.723,7372.147,7472.187,5.103,7.2
2023-11-03,7467.493,7482.772,7395.194,7402.883,7472.196,7486.423,7396.301,7409.099,6.216,19.84
2023-11-06,7402.178,7448.107,7397.125,7416.377,7408.165,7449.107,7400.087,7422.026,5.649,15.44
2023-11-07,7416.828,7431.247,7394.465,7400.327,7421.901,7432.801,7395.479,7406.332,6.005,15.75
2023-11-08,7399.901,7441.445,7367.441,7373.155,7405.927,7443.087,7373.914,7378.105,4.95,17.51
2023-11-09,7372.784,7466.497,7363.722,7419.821,7378.108,7467.497,7365.102,7424.208,4.387,18.31
2023-11-10,7419.818,7420.71,7318.941,7403.496,7423.823,7425.002,7319.958,7405.522,2.026,11.98
2023-11-13,7384.491,7434.274,7358.068,7428.457,7387.711,7436.264,7361.001,7430.602,2.145,14.77
2023-11-14,7427.954,7456.367,7384.971,7435.875,7430.614,7457.884,7386.01,7441.892,6.017,19.58
2023-11-15,7436.052,7535.0,7425.667,7465.086,7442.102,7536.902,7429.681,7471.109,6.023,19.51
2023-11-16,7465.08,7493.879,7400.704,7428.309,7471.091,7494.879,7402.884,7430.908,2.599,12.61
2023-11-17,7428.291,7515.716,7421.862,7507.613,7431.093,7517.719,7424.584,7513.817,6.204,13.89
2023-11-20,7505.962,7507.976,7469.689,7495.996,7511.102,7513.702,7470.689,7501.989,5.993,13.66
2023-11-21,7495.589,7497.847,7445.099,7475.555,7501.591,7503.743,7446.099,7481.599,6.044,13.06
2023-11-22,7475.169,7506.137,7450.683,7463.075,7481.165,7507.923,7451.884,7469.098,6.023,14.21
2023-11-23,7463.075,7494.534,7447.916,7483.348,7469.062,7495.713,7449.001,7486.902,3.554,8.97
2023-11-24,7482.959,7500.47,7448.614,7489.377,7486.92,7502.484,7449.614,7495.593,6.216,9.68
2023-11-27,7490.861,7494.702,7450.507,7460.093,7493.723,7497.126,7452.102,7466.107,6.014,8.39
2023-11-28,7460.096,7463.377,7401.001,7437.171,7466.122,7467.115,7402.001,7443.173,6.002,11.86
2023-11-29,7437.168,7457.833,7406.392,7422.199,7443.164,7458.835,7407.399,7428.192,5.993,12.16
2023-11-30,7422.181,7496.789,7384.387,7464.112,7428.228,7498.411,7385.387,7469.705,5.593,14.15
2023-12-01,7463.705,7542.587,7462.114,7522.198,7469.699,7544.503,7467.393,7528.411,6.213,13.61
2023-12-04,7523.651,7538.344,7475.096,7502.538,7529.635,7540.626,7476.096,7508.549,6.011,12.69
2023-12-05,7502.738,7504.601,7458.393,7483.976,7508.731,7510.799,7459.393,7489.993,6.017,15.27
2023-12-06,7483.952,7542.575,7483.952,7496.391,7489.99,7544.096,7486.029,7502.405,6.014,12.48
2023-12-07,7496.145,7524.238,7474.754,7508.618,7502.073,7526.237,7476.509,7514.647,6.029,12.31
2023-12-08,7509.061,7581.141,7508.212,7561.315,7515.051,7583.023,7510.505,7565.487,4.172,12.77
2023-12-11,7564.025,7570.592,7492.452,7549.814,7571.82,7575.926,7493.485,7555.284,5.47,4.98
2023-12-12,7550.337,7608.316,7540.474,7559.5,7555.326,7609.526,7541.693,7564.02,4.52,5.59
2023-12-13,7559.482,7608.228,7541.316,7605.466,7563.614,7613.852,7543.401,7607.996,2.53,3.68
2023-12-14,7605.451,7726.635,7605.045,7642.849,7607.626,7727.635,7606.825,7648.426,5.577,1.71
2023-12-15,7642.828,7671.192,7545.713,7549.795,7648.22,7672.414,7547.628,7556.026,6.231,6.84
2023-12-18,7564.898,7630.832,7550.232,7616.692,7569.263,7631.832,7552.584,7619.862,3.17,1.92
2023-12-19,7616.692,7656.707,7603.087,7647.092,7619.502,7657.923,7604.087,7649.403,2.311,1.82
2023-12-20,7647.489,7767.375,7646.344,7675.958,7649.507,7768.385,7649.303,7680.217,4.259,4.22
2023-12-21,7675.552,7710.228,7654.177,7694.685,7680.196,7711.269,7656.315,7698.126,3.441,3.53
2023-12-22,7694.718,7715.575,7660.801,7693.18,7697.693,7716.595,7662.482,7701.411,8.231,0.68
2023-12-25,7690.613,7702.786,7689.974,7700.689,7698.826,7710.993,7698.184,7708.902,8.213,0.01
2023-12-26,7700.283,7726.81,7694.113,7715.692,7708.49,7734.996,7702.311,7723.801,8.109,0.24
2023-12-27,7715.316,7760.948,7707.614,7724.592,7723.517,7761.948,7708.614,7726.965,2.373,2.94
2023-12-28,7724.574,7757.71,7706.492,7723.213,7727.243,7758.804,7707.521,7727.648,4.435,2.74
2023-12-29,7723.201,7747.81,7697.589,7727.599,7727.246,7749.887,7705.787,7735.69,8.091,1.16
2024-01-01,7729.474,7736.157,7729.474,7732.549,7732.632,7741.526,7732.229,7738.496,5.947,0.0
2024-01-02,7732.137,7767.495,7688.372,7709.289,7738.175,7768.684,7689.38,7714.94,5.651,2.61
2024-01-03,7709.477,7745.477,7648.412,7694.261,7715.684,7746.726,7649.432,7698.52,4.259,3.84
2024-01-04,7694.255,7729.199,7672.184,7705.592,7698.126,7730.299,7674.198,7710.856,5.264,4.3
2024-01-05,7705.595,7708.313,7640.799,7670.977,7711.069,7713.499,7641.799,7677.193,6.216,3.81
2024-01-08,7671.946,7725.116,7633.865,7712.977,7673.501,7726.233,7634.865,7717.864,4.887,5.7
2024-01-09,7712.592,7720.899,7664.28,7672.483,7717.474,7722.878,7670.181,7678.373,5.89,3.63
2024-01-10,7672.483,7681.113,7643.402,7655.401,7677.992,7682.805,7645.187,7660.909,5.508,3.38
2024-01-11,7655.38,7695.007,7571.671,7591.499,7660.51,7696.007,7573.205,7593.227,1.728,2.47
2024-01-12,7591.386,7655.967,7579.288,7626.889,7593.903,7656.967,7584.793,7633.108,6.219,3.39
2024-01-15,7621.911,7641.177,7575.896,7584.799,7626.187,7643.414,7576.896,7588.678,3.879,0.94
2024-01-16,7584.716,7584.881,7529.018,7539.507,7588.449,7588.663,7530.387,7545.333,5.826,1.04
2024-01-17,7539.426,7539.913,7403.048,7432.986,7545.32,7545.845,7404.048,7436.002,3.016,2.6
2024-01-18,7432.598,7483.813,7425.774,7483.38,7436.023,7488.905,7427.228,7488.482,5.102,4.22
2024-01-19,7483.001,7523.41,7449.399,7484.213,7488.503,7524.62,7450.399,7490.387,6.174,12.59
2024-01-22,7484.097,7506.304,7454.001,7488.004,7490.12,7509.958,7455.001,7494.042,6.038,12.4
2024-01-23,7488.381,7525.848,7464.39,7508.512,7494.389,7526.85,7465.39,7514.411,5.899,13.38
2024-01-24,7508.536,7539.034,7494.608,7514.256,7514.023,7540.216,7495.608,7520.264,6.008,13.59
2024-01-25,7514.247,7560.078,7490.0,7542.718,7520.285,7564.814,7504.183,7548.52,5.802,14.26
2024-01-26,7542.721,7651.948,7539.277,7645.986,7548.738,7653.713,7545.093,7652.202,6.216,15.43
2024-01-29,7634.48,7665.051,7629.698,7653.987,7640.518,7666.062,7631.384,7659.891,5.904,11.45
2024-01-30,7653.509,7684.382,7640.504,7653.722,7659.502,7685.698,7641.504,7659.766,6.044,10.91
2024-01-31,7653.749,7689.122,7601.716,7622.394,7659.757,7690.122,7603.587,7623.394,1.0,16.26
2024-02-01,7622.226,7673.382,7600.0,7660.978,7623.226,7690.0,7600.734,7664.296,3.318,16.01
2024-02-02,7660.975,7684.999,7608.387,7634.413,7663.502,7687.67,7609.387,7636.448,2.035,3.29
2024-02-05,7627.704,7669.195,7596.587,7623.191,7631.955,7670.387,7597.587,7627.999,4.808,2.63
2024-02-06,7623.167,7699.698,7618.992,7692.704,7627.596,7702.057,7621.596,7698.629,5.925,3.15
2024-02-07,7692.977,7708.88,7625.201,7638.474,7698.896,7711.135,7626.384,7639.572,1.098,1.18
2024-02-08,7638.198,7652.49,7589.343,7609.977,7639.198,7653.49,7590.408,7615.618,5.641,2.75
2024-02-09,7609.583,7612.707,7556.578,7592.798,7615.585,7618.258,7557.578,7598.993,6.195,1.25
2024-02-12,7589.352,7593.21,7554.387,7582.701,7595.12,7598.019,7555.387,7584.126,1.425,2.89
2024-02-13,7583.001,7585.907,7463.426,7485.602,7584.111,7587.117,7464.426,7490.017,4.415,2.05
2024-02-14,7485.617,7591.238,7480.405,7566.934,7489.608,7592.238,7484.72,7572.505,5.571,1.12
2024-02-15,7566.751,7628.199,7561.192,7621.437,7572.499,7634.199,7562.374,7626.202,4.765,1.75
2024-02-16,7621.437,7722.167,7613.506,7698.201,7625.899,7723.801,7618.087,7700.405,2.204,4.64
2024-02-19,7704.792,7742.387,7688.695,7723.883,7710.466,7744.318,7691.884,7730.09,6.207,1.52
2024-02-20,7724.207,7749.601,7701.803,7712.416,7730.301,7750.0,7703.565,7718.364,5.948,2.51
2024-02-21,7712.783,7724.607,7638.147,7661.244,7718.382,7725.992,7639.605,7663.184,1.94,4.04
2024-02-22,7661.615,7702.398,7650.189,7694.644,7663.587,7703.417,7651.359,7699.39,4.746,1.43
2024-02-23,7694.231,7716.724,7673.801,7711.904,7698.996,7718.623,7674.801,7714.114,2.21,1.07
2024-02-26,7713.75,7714.135,7673.944,7682.004,7718.284,7719.12,7675.863,7686.865,4.861,1.91
2024-02-27,7682.392,7699.001,7667.198,7681.999,7686.856,7700.001,7668.896,7687.185,5.186,1.02
2024-02-28,7682.274,7693.358,7600.489,7606.022,7687.17,7695.117,7605.998,7610.205,4.183,0.96
2024-02-29,7606.007,7677.677,7605.633,7659.06,7610.026,7678.677,7609.787,7664.984,5.924,2.96
2024-03-01,7659.268,7695.716,7643.174,7686.508,7665.223,7698.899,7644.792,7688.498,1.99,1.79
2024-03-04,7682.874,7687.899,7622.235,7636.007,7687.775,7690.059,7623.235,7641.949,5.942,1.38
2024-03-05,7636.001,7655.901,7597.674,7638.589,7641.463,7657.208,7598.699,7643.738,5.149,2.32
2024-03-06,7638.38,7702.107,7632.355,7642.198,7643.723,7703.323,7637.493,7646.752,4.554,2.66
2024-03-07,7642.21,7711.769,7632.33,7690.589,7646.409,7712.777,7637.08,7695.785,5.196,1.03
2024-03-08,7690.61,7713.698,7644.692,7651.674,7695.808,7716.331,7645.899,7653.801,2.127,0.58
2024-03-11,7654.801,7702.416,7610.095,7701.695,7658.743,7705.425,7611.095,7702.695,1.0,1.23
2024-03-12,7701.313,7765.079,7694.676,7762.756,7702.313,7768.017,7698.765,7764.317,1.561,3.89
2024-03-13,7762.555,7784.695,7735.692,7775.095,7764.317,7785.908,7736.896,7779.538,4.443,1.05
2024-03-14,7774.71,7778.764,7710.886,7724.28,7779.162,7781.593,7713.123,7728.903,4.623,0.48
2024-03-15,7723.98,7761.701,7715.674,7737.701,7729.019,7762.914,7717.312,7739.899,2.198,3.78
2024-03-18,7738.981,7751.08,7705.38,7711.201,7742.805,7752.08,7709.996,7716.101,4.9,1.76
2024-03-19,7711.499,7743.545,7692.091,7733.483,7716.113,7745.562,7694.284,7739.488,6.005,8.2
2024-03-20,7733.217,7777.923,7709.596,7774.681,7739.023,7783.955,7710.614,7780.68,5.999,8.73
2024-03-21,7774.308,7902.584,7765.731,7885.34,7780.289,7903.619,7771.739,7891.339,5.999,11.52
2024-03-22,7885.712,7961.712,7873.495,7926.728,7891.717,7962.744,7877.531,7928.653,1.925,9.72
2024-03-25,7929.889,7939.231,7890.338,7905.856,7935.891,7941.206,7891.355,7911.763,5.907,7.52
2024-03-26,7905.914,7934.375,7888.434,7922.447,7911.898,7936.395,7890.439,7928.369,5.922,7.68
2024-03-27,7921.975,7949.758,7892.351,7938.283,7927.995,7951.683,7893.36,7944.3,6.017,7.12
2024-03-28,7937.919,7976.087,7937.919,7964.59,7943.918,7978.116,7943.912,7966.607,2.017,7.15
2024-04-01,8001.513,8001.804,7947.289,7954.974,8009.726,8010.017,7955.517,7963.199,8.225,0.4
2024-04-02,7958.216,8016.386,7922.174,7938.774,7961.39,8017.414,7924.387,7944.767,5.993,9.85
2024-04-03,7941.88,7948.613,7881.183,7932.742,7945.126,7954.823,7882.248,7938.756,6.014,12.67
2024-04-04,7930.495,7991.51,7877.983,7892.315,7933.726,7992.687,7880.19,7898.365,6.05,17.2
2024-04-05,7891.989,7928.004,7854.208,7918.483,7895.217,7929.525,7857.393,7920.693,2.21,16.78
2024-04-08,7924.189,7953.999,7886.483,7943.332,7927.403,7955.007,7887.684,7949.355,6.023,10.43
2024-04-09,7938.674,7962.713,7917.183,7944.356,7941.896,7963.911,7918.393,7950.361,6.005,4.18
2024-04-10,7950.299,8000.21,7914.713,7942.694,7953.417,8001.411,7915.893,7948.684,5.99,3.2
2024-04-11,7943.044,7979.413,7885.707,7946.263,7949.073,7981.153,7886.923,7952.274,6.011,2.2
2024-04-12,7946.499,8045.348,7927.192,7931.21,7949.599,8046.392,7929.39,7933.399,2.189,4.56
2024-04-15,7950.407,8010.694,7900.677,7913.814,7953.602,8011.696,7902.905,7919.825,6.011,3.8
2024-04-16,7913.398,7914.383,7792.542,7843.577,7916.587,7917.617,7793.581,7849.615,6.038,16.13
2024-04-17,7837.213,7893.528,7792.425,7869.993,7840.405,7896.314,7794.406,7876.019,6.026,25.32
2024-04-18,7876.683,7899.261,7841.181,7852.663,7879.911,7902.59,7844.893,7858.698,6.035,19.96
2024-04-19,7854.686,7933.141,7747.558,7930.228,7857.899,7935.213,7751.575,7932.239,2.011,26.7
2024-04-22,7960.216,8065.152,7947.576,8041.806,7963.423,8067.178,7951.593,8047.805,5.999,16.23
2024-04-23,8044.201,8079.598,8019.801,8073.633,8047.39,8081.392,8020.801,8079.644,6.011,16.2
2024-04-24,8071.198,8115.318,7987.204,8014.826,8074.414,8119.329,7994.205,8020.828,6.002,14.0
2024-04-25,8026.307,8161.204,8026.01,8112.903,8029.52,8167.176,8029.217,8118.938,6.035,3.17
2024-04-26,8085.401,8163.713,8079.916,8152.134,8088.599,8166.202,8083.087,8154.175,2.041,11.05
2024-04-29,8163.683,8193.398,8130.0,8142.101,8176.563,8194.398,8133.545,8148.082,5.981,5.04
2024-04-30,8146.383,8200.68,8113.71,8127.985,8150.175,8201.917,8119.214,8134.014,6.029,10.12
2024-05-01,8134.704,8177.045,8097.114,8124.961,8137.89,8178.045,8099.123,8130.996,6.035,9.76
2024-05-02,8133.213,8205.574,8118.764,8187.409,8136.396,8209.988,8122.432,8193.417,6.008,13.53
2024-05-03,8194.898,8249.443,8186.413,8234.093,8198.105,8250.472,8188.195,8236.095,2.002,10.4
2024-05-06,8236.207,8281.304,8222.398,8270.674,8244.402,8289.523,8230.59,8278.899,8.225,0.03
2024-05-07,8273.904,8336.81,8273.707,8329.285,8277.084,8341.865,8276.893,8335.299,6.014,6.73
2024-05-08,8332.807,8365.467,8326.443,8349.583,8335.984,8369.823,8327.443,8355.597,6.014,6.96
2024-05-09,8359.474,8420.301,8348.51,8413.197,8362.708,8425.201,8349.542,8419.11,5.913,4.29
2024-05-10,8415.383,8455.8,8397.386,8421.395,8418.584,8460.0,8398.666,8423.602,2.207,7.98
2024-05-13,8420.695,8446.71,8396.18,8408.431,8423.911,8448.516,8398.199,8414.436,6.005,4.99
2024-05-14,8408.686,8449.604,8390.0,8448.284,8411.801,8455.823,8394.503,8454.301,6.017,4.98
2024-05-15,8444.213,8478.599,8420.0,8432.089,8447.157,8480.409,8422.42,8438.118,6.029,9.61
2024-05-16,8431.704,8455.999,8405.174,8428.157,8434.917,8459.123,8406.384,8434.073,5.916,6.67
2024-05-17,8434.216,8439.901,8400.598,8430.499,8437.396,8441.12,8401.796,8432.513,2.014,5.78
2024-05-20,8441.807,8451.634,8393.776,8398.118,8444.996,8452.634,8398.443,8404.132,6.014,4.84
2024-05-21,8397.296,8425.592,8360.0,8423.71,8403.313,8430.323,8363.563,8429.923,6.213,3.07
2024-05-22,8423.604,8438.899,8332.613,8368.307,8426.808,8442.014,8334.799,8374.514,6.207,1.29
2024-05-23,8373.692,8382.901,8275.874,8290.489,8376.896,8386.111,8278.09,8296.702,6.213,1.43
2024-05-24,8286.398,8330.916,8246.713,8315.892,8289.623,8332.12,8248.884,8318.123,2.231,0.84
2024-05-27,8306.492,8346.899,8301.989,8327.789,8314.684,8350.0,8310.217,8336.002,8.213,0.02
2024-05-28,8340.713,8345.874,8237.883,8249.598,8343.893,8348.105,8240.111,8255.823,6.225,1.07
2024-05-29,8251.186,8263.883,8148.698,8157.474,8254.39,8267.001,8154.893,8163.69,6.216,1.25
2024-05-30,8164.701,8243.299,8138.883,8222.077,8167.896,8245.426,8142.001,8228.293,6.216,1.12
2024-05-31,8230.88,8311.216,8222.416,8309.386,8234.123,8313.384,8225.501,8311.608,2.222,1.23
2024-06-03,8314.88,8364.413,8232.883,8250.201,8318.09,8365.596,8235.102,8256.417,6.216,1.61
2024-06-04,8254.389,8265.689,8197.88,8258.592,8257.611,8268.926,8199.105,8264.808,6.216,1.38
2024-06-05,8261.395,8290.716,8233.198,8254.599,8264.614,8292.884,8234.417,8260.705,6.106,0.94
2024-06-06,8259.392,8294.204,8243.713,8289.398,8262.599,8297.123,8244.89,8295.623,6.225,0.98
2024-06-07,8289.186,8304.689,8208.877,8221.701,8292.426,8307.12,8210.084,8223.905,2.204,1.35
2024-06-10,8216.189,8251.183,8170.904,8235.207,8219.387,8253.426,8173.12,8241.405,6.198,1.25
2024-06-11,8239.177,8265.38,8112.674,8147.801,8242.387,8267.596,8113.801,8153.99,6.189,1.42
2024-06-12,8145.392,8243.404,8145.392,8217.483,8148.608,8244.626,8148.608,8223.601,6.118,1.76
2024-06-13,8218.683,8219.713,8145.195,8163.999,8221.899,8222.899,8146.426,8170.087,6.088,1.44
2024-06-14,8166.38,8209.216,8111.183,8173.713,8169.626,8211.399,8112.384,8175.896,2.183,1.75
2024-06-17,8171.68,8201.686,8118.18,8172.699,8174.926,8203.902,8119.405,8178.805,6.106,1.35
2024-06-18,8172.213,8202.704,8155.874,8195.201,8175.423,8208.002,8157.123,8201.393,6.192,1.23
2024-06-19,8200.889,8212.91,8162.404,8198.001,8204.123,8214.301,8163.501,8204.199,6.198,0.83
2024-06-20,8206.674,8286.216,8200.886,8283.18,8209.801,8290.502,8202.114,8289.393,6.213,1.28
2024-06-21,8283.392,8286.674,8185.674,8229.913,8286.584,8289.89,8186.917,8232.123,2.21,1.39
2024-06-24,8238.683,8308.898,8205.183,8290.886,8241.893,8310.001,8208.393,8297.12,6.234,1.17
2024-06-25,8291.874,8311.91,8218.207,8235.816,8295.108,8315.114,8220.384,8242.008,6.192,1.04
2024-06-26,8239.216,8302.898,8203.21,8207.698,8242.423,8304.117,8204.402,8213.911,6.213,1.15
2024-06-27,8208.704,8239.204,8166.21,8194.083,8211.893,8241.426,8168.426,8200.314,6.231,1.05
2024-06-28,8204.204,8238.713,8147.177,8177.677,8207.408,8239.917,8149.411,8179.905,2.228,1.39
2024-07-01,8163.386,8227.499,8149.677,8155.707,8166.617,8228.614,8151.884,8161.917,6.21,1.24
2024-07-02,8154.701,8169.386,8105.407,8132.499,8157.911,8172.593,8106.623,8138.587,6.088,1.24
2024-07-03,8141.21,8195.201,8140.886,8188.407,8144.384,8197.411,8144.001,8190.602,2.195,0.98
2024-07-04,8191.677,8281.877,8172.474,8273.58,8194.887,8288.084,8175.711,8279.82,6.24,0.64
2024-07-05,8265.186,8280.68,8179.516,8209.174,8268.396,8281.905,8180.72,8211.426,2.252,1.2
2024-07-08,8197.395,8233.799,8175.38,8214.789,8200.608,8234.896,8176.599,8220.999,6.21,0.87
2024-07-09,8214.404,8217.586,8128.277,8156.013,8217.584,8218.701,8130.514,8162.184,6.171,1.04
2024-07-10,8159.089,8211.813,8139.277,8202.292,8162.311,8214.005,8141.49,8208.499,6.207,0.88
2024-07-11,8209.598,8233.416,8187.61,8216.698,8212.787,8235.584,8188.82,8222.896,6.198,1.38
2024-07-12,8222.883,8278.095,8222.58,8236.595,8226.111,8279.29,8225.823,8238.82,2.225,1.08
2024-07-15,8243.913,8250.707,8158.877,8172.299,8247.099,8251.893,8161.099,8178.417,6.118,1.29
2024-07-16,8175.574,8200.583,8123.377,8191.713,8178.808,8204.114,8124.587,8197.884,6.171,1.15
2024-07-17,8193.91,8214.499,8129.413,8214.499,8197.105,8220.623,8130.611,8220.623,6.124,1.47
2024-07-18,8226.386,8270.407,8157.413,8176.495,8229.608,8271.608,8159.584,8182.702,6.207,1.62
2024-07-19,8192.999,8192.999,8128.222,8165.99,8196.096,8196.096,8129.245,8167.998,2.008,9.9
2024-07-22,8183.616,8241.116,8160.077,8205.252,8186.649,8242.302,8160.989,8211.296,6.044,6.23
2024-07-23,8204.928,8229.216,8144.095,8148.161,8210.93,8230.399,8148.784,8154.136,5.975,9.11
2024-07-24,8149.207,8172.213,8108.886,8140.15,8152.39,8173.035,8109.563,8146.158,6.008,8.62
2024-07-25,8145.41,8227.186,8054.701,8207.192,8148.623,8228.884,8055.801,8213.188,5.996,10.6
2024-07-26,8210.907,8328.311,8196.118,8309.799,8213.194,8329.623,8196.614,8311.896,2.097,17.45
2024-07-29,8323.883,8368.847,8253.8,8265.916,8327.114,8369.876,8259.814,8271.915,5.999,18.5
2024-07-30,8255.028,8300.261,8227.899,8299.882,8257.823,8306.251,8233.117,8305.866,5.984,18.41
2024-07-31,8299.129,8408.421,8286.254,8383.185,8305.134,8410.308,8290.262,8389.178,5.993,22.0
2024-08-01,8385.41,8404.097,8255.692,8283.082,8388.623,8404.623,8257.801,8289.09,6.008,26.23
2024-08-02,8292.695,8300.716,8156.18,8218.487,8295.893,8303.917,8157.458,8220.507,2.02,27.01
2024-08-05,8171.383,8194.916,7913.386,8052.355,8174.614,8197.781,7914.246,8058.372,6.017,15.86
2024-08-06,8055.201,8119.907,7947.874,8037.92,8058.42,8122.102,7949.108,8043.931,6.011,20.22
2024-08-07,8042.374,8176.999,8035.577,8074.007,8045.501,8177.895,8038.683,8080.045,6.038,21.53
2024-08-08,8073.489,8176.28,8059.198,8169.764,8076.69,8180.705,8062.399,8175.748,5.984,24.5
2024-08-09,8170.144,8204.613,8134.283,8190.086,8176.128,8205.823,8136.623,8192.293,2.207,19.23
2024-08-12,8196.301,8231.507,8183.471,8217.939,8196.83,8233.438,8184.479,8223.968,6.029,8.06
2024-08-13,8218.904,8258.71,8186.174,8250.895,8224.918,8261.647,8187.39,8256.936,6.041,12.22
2024-08-14,8250.702,8312.716,8241.41,8274.426,8256.728,8318.123,8242.59,8280.419,5.993,9.85
2024-08-15,8277.289,8367.222,8268.583,8353.482,8280.502,8368.242,8270.186,8359.502,6.02,6.51
2024-08-16,8355.616,8358.11,8289.983,8297.383,8358.811,8360.808,8290.614,8299.501,2.118,5.94
2024-08-19,8310.476,8374.216,8276.299,8341.098,8316.466,8374.977,8277.114,8347.133,6.035,3.97
2024-08-20,8332.374,8347.416,8237.613,8241.447,8335.501,8350.59,8239.599,8247.482,6.035,5.29
2024-08-21,8237.077,8296.916,8237.077,8282.359,8240.326,8297.784,8240.326,8288.382,6.023,5.6
2024-08-22,8288.398,8319.916,8263.41,8286.595,8291.59,8321.093,8266.584,8292.639,6.044,5.74
2024-08-23,8294.889,8339.216,8286.674,8334.404,8298.123,8340.728,8289.723,8336.611,2.207,3.26
2024-08-26,8321.301,8339.774,8300.289,8321.835,8329.487,8347.996,8308.401,8327.867,6.032,0.2
2024-08-27,8324.701,8402.499,8323.916,8345.475,8327.914,8403.617,8327.099,8351.495,6.02,2.99
2024-08-28,8342.299,8377.686,8304.129,8320.523,8345.417,8378.949,8310.093,8326.555,6.032,5.21
2024-08-29,8335.21,8418.299,8334.674,8400.452,8338.414,8420.292,8336.205,8406.49,6.038,6.53
2024-08-30,8406.407,8418.299,8362.174,8403.381,8409.501,8420.973,8363.887,8405.398,2.017,6.6
2024-09-02,8393.599,8399.21,8348.886,8360.852,8399.601,8402.384,8350.102,8366.866,6.014,2.66
2024-09-03,8359.898,8389.309,8242.374,8252.856,8363.084,8390.335,8243.887,8258.882,6.026,8.59
2024-09-04,8250.695,8281.21,8202.895,8247.26,8253.801,8281.917,8205.084,8253.298,6.038,11.05
2024-09-05,8244.316,8285.584,8212.98,8230.245,8247.487,8286.845,8215.101,8236.274,6.029,7.95
2024-09-06,8230.474,8261.785,8161.692,8170.243,8236.479,8262.785,8163.801,8172.254,2.011,11.27
2024-09-09,8162.339,8294.183,8162.339,8270.851,8168.335,8296.414,8168.335,8276.838,5.987,6.16
2024-09-10,8270.195,8271.368,8172.677,8212.065,8273.399,8273.414,8174.004,8218.118,6.053,4.91
2024-09-11,8212.21,8266.437,8167.489,8253.881,8215.39,8271.543,8168.69,8259.91,6.029,10.6
2024-09-12,8257.78,8306.664,8217.277,8266.065,8261.008,8307.664,8218.487,8272.079,6.014,9.47
2024-09-13,8267.099,8288.483,8228.205,8282.597,8270.19,8289.285,8229.205,8284.492,1.895,4.57
2024-09-16,8284.949,8314.399,8246.487,8304.851,8290.853,8317.629,8247.516,8310.862,6.011,5.34
2024-09-17,8311.98,8351.507,8271.495,8298.997,8315.211,8352.526,8273.696,8304.916,5.919,7.29
2024-09-18,8298.307,8304.62,8237.804,8302.026,8301.505,8308.422,8239.839,8308.022,5.996,8.52
2024-09-19,8288.792,8372.179,8281.598,8314.284,8292.011,8373.179,8284.603,8320.286,6.002,5.25
2024-09-20,8316.874,8318.299,8197.183,8204.752,8320.108,8320.108,8198.801,8206.736,1.984,6.64
2024-09-23,8212.499,8268.299,8204.874,8258.027,8214.133,8270.978,8208.084,8264.026,5.999,4.77
2024-09-24,8257.308,8314.892,8248.177,8258.97,8263.358,8317.123,8250.613,8265.005,6.035,5.61
2024-09-25,8262.299,8319.183,8228.177,8275.121,8265.408,8320.384,8230.21,8281.102,5.981,5.39
2024-09-26,8274.716,8330.383,8260.786,8284.401,8277.908,8331.89,8261.501,8290.397,5.996,4.8
2024-09-27,8283.889,8335.186,8269.174,8298.478,8287.108,8335.87,8271.683,8300.489,2.011,4.61
2024-09-30,8310.37,8329.299,8223.889,8245.385,8316.372,8332.266,8225.896,8251.408,6.023,5.83
2024-10-01,8245.041,8302.771,8223.377,8265.023,8251.052,8304.602,8224.59,8271.049,6.026,8.75
2024-10-02,8265.194,8322.799,8256.212,8281.258,8271.208,8323.62,8257.402,8287.239,5.981,7.37
2024-10-03,8280.892,8334.013,8246.052,8275.757,8286.882,8334.839,8248.801,8281.673,5.916,8.25
2024-10-04,8275.415,8316.764,8232.883,8312.999,8281.426,8318.226,8233.211,8315.022,2.023,6.36
2024-10-07,8315.174,8330.299,8255.877,8285.963,8318.396,8333.426,8259.608,8291.983,6.02,6.43
2024-10-08,8286.18,8306.716,8182.404,8202.789,8289.384,8309.611,8183.42,8208.797,6.008,6.08
2024-10-09,8207.892,8277.213,8188.084,8267.344,8211.093,8278.817,8191.001,8273.388,6.044,4.21
2024-10-10,8275.574,8276.199,8216.299,8256.077,8278.578,8279.158,8217.384,8262.109,6.032,4.97
2024-10-11,8258.88,8265.356,8210.198,8258.716,8262.09,8266.914,8210.887,8260.899,2.183,4.87
2024-10-14,8254.192,8321.21,8231.987,8315.522,8257.405,8322.906,8233.986,8321.548,6.026,3.02
2024-10-15,8315.878,8329.899,8222.583,8235.427,8321.892,8331.432,8228.384,8241.331,5.904,5.43
2024-10-16,8239.316,8359.604,8234.574,8345.802,8242.505,8360.896,8237.656,8351.825,6.023,4.5
2024-10-17,8360.198,8396.693,8319.097,8380.243,8363.408,8398.587,8320.097,8386.275,6.032,5.64
2024-10-18,8371.677,8378.517,8313.677,8366.874,8374.92,8379.439,8314.893,8369.087,2.213,6.71
2024-10-21,8373.571,8392.691,8314.075,8324.737,8379.555,8393.692,8316.092,8330.668,5.931,6.8
2024-10-22,8323.892,8328.374,8250.502,8317.651,8327.117,8330.391,8251.519,8323.662,6.011,8.49
2024-10-23,8313.88,8323.288,8240.708,8266.279,8317.105,8323.914,8242.393,8272.272,5.993,8.06
2024-10-24,8262.828,8339.125,8256.532,8278.387,8266.584,8340.13,8258.546,8284.407,6.02,7.65
2024-10-25,8281.401,8288.407,8219.132,8235.207,8284.611,8291.308,8221.09,8237.39,2.183,7.53
2024-10-28,8246.137,8308.084,8207.02,8289.817,8249.893,8310.089,8208.02,8295.712,5.895,7.9
2024-10-29,8290.428,8325.913,8198.692,8207.018,8296.409,8328.093,8200.801,8212.943,5.925,7.74
2024-10-30,8207.012,8215.799,8151.761,8154.959,8213.068,8219.752,8153.087,8159.426,4.467,10.23
2024-10-31,8154.621,8163.858,8070.602,8124.946,8159.399,8166.82,8071.087,8129.711,4.765,9.64
2024-11-01,8124.937,8203.499,8106.168,8165.586,8129.323,8204.614,8107.691,8167.802,2.216,6.69
2024-11-04,8165.038,8241.074,8152.513,8175.092,8166.187,8242.302,8157.708,8181.082,5.99,4.25
2024-11-05,8174.724,8216.406,8149.104,8174.867,8180.744,8217.435,8149.993,8180.878,6.011,4.87
2024-11-06,8174.526,8303.613,8141.904,8172.237,8180.525,8304.118,8143.001,8175.796,3.559,8.89
2024-11-07,8171.981,8193.722,8130.112,8171.858,8175.814,8194.742,8132.043,8174.017,2.159,6.82
2024-11-08,8171.998,8183.216,8060.097,8086.686,8174.002,8186.027,8060.899,8088.89,2.204,8.02
2024-11-11,8086.861,8149.198,8076.794,8108.501,8091.714,8150.417,8080.796,8114.518,6.017,6.88
2024-11-12,8107.831,8111.877,8011.388,8036.304,8113.827,8115.776,8012.596,8041.605,5.301,7.65
2024-11-13,8036.265,8056.892,7993.389,8042.797,8041.801,8060.114,7994.587,8045.299,2.502,7.13
2024-11-14,8042.711,8083.207,8000.395,8048.883,8045.605,8084.399,8002.59,8052.228,3.345,4.43
2024-11-15,8048.501,8093.41,8027.383,8079.213,8052.249,8094.62,8027.867,8081.42,2.207,5.33
2024-11-18,8076.086,8126.213,8051.898,8109.696,8081.082,8127.408,8053.096,8113.501,3.805,4.21
2024-11-19,8109.675,8148.416,8050.064,8094.502,8113.702,8150.208,8050.911,8100.534,6.032,8.01
2024-11-20,8100.398,8129.292,8073.111,8107.952,8100.704,8129.911,8073.526,8110.987,3.035,7.34
2024-11-21,8108.295,8185.899,8064.205,8168.895,8111.017,8187.125,8064.693,8174.598,5.703,6.06
2024-11-22,8168.581,8276.927,8166.077,8272.011,8174.58,8278.855,8171.85,8274.016,2.005,6.24
2024-11-25,8301.603,8318.774,8264.774,8274.074,8307.617,8322.017,8267.086,8278.303,4.229,4.34
2024-11-26,8273.804,8285.795,8233.483,8265.795,8278.407,8287.023,8236.684,8271.252,5.457,3.37
2024-11-27,8265.78,8280.695,8236.301,8274.487,8271.419,8281.926,8237.301,8277.39,2.903,4.46
2024-11-28,8274.664,8303.774,8269.487,8286.013,8277.384,8305.026,8270.487,8292.196,6.183,1.71
2024-11-29,8286.001,8297.81,8251.601,8279.498,8292.199,8299.726,8252.601,8281.601,2.103,3.54
2024-12-02,8278.86,8332.435,8266.774,8324.286,8284.584,8334.449,8270.008,8329.106,4.82,3.21
2024-12-03,8324.28,8388.182,8310.28,8355.385,8329.488,8389.182,8311.966,8360.826,5.441,4.4
2024-12-04,8355.507,8361.162,8311.927,8314.659,8360.414,8362.162,8313.849,8320.387,5.728,4.31
2024-12-05,8314.65,8361.786,8310.387,8347.198,8320.014,8363.176,8315.584,8353.399,6.201,3.43
2024-12-06,8347.407,8355.899,8289.001,8301.169,8353.626,8356.862,8291.217,8303.18,2.011,4.92
2024-12-09,8309.998,8372.099,8293.277,8334.001,8315.895,8373.02,8296.499,8336.408,2.407,4.93
2024-12-10,8334.087,8335.907,8246.28,8254.789,8336.214,8341.808,8250.464,8261.02,6.231,3.23
2024-12-11,8254.798,8322.213,8236.501,8308.616,8260.987,8323.863,8237.705,8314.551,5.935,4.0
2024-12-12,8306.892,8307.192,8303.086,8304.786,8312.498,8313.202,8308.082,8310.264,5.478,0.02
2024-12-13,8294.886,8333.186,8277.689,8299.177,8301.12,8334.396,8280.084,8301.417,2.24,4.34
2024-12-16,8307.173,8314.607,8227.98,8235.104,8309.908,8317.405,8231.873,8241.29,6.186,5.26
2024-12-17,8235.18,8252.499,8178.074,8191.504,8241.335,8255.623,8182.435,8197.566,6.062,5.1
2024-12-18,8191.516,8232.32,8062.38,8114.374,8197.693,8233.32,8068.593,8119.638,5.264,9.06
2024-12-19,8114.586,8132.372,8076.921,8109.499,8119.644,8134.523,8077.962,8115.623,6.124,6.64
2024-12-20,8110.116,8113.999,7998.189,8070.741,8115.836,8120.126,7999.109,8072.752,2.011,8.04
2024-12-23,8083.107,8146.721,8040.904,8126.374,8087.578,8148.123,8041.513,8129.584,3.21,4.54
2024-12-24,8126.398,8151.616,8117.397,8142.304,8129.905,8155.884,8121.517,8150.487,8.183,0.9
2024-12-25,8136.192,8139.299,8131.977,8137.01,8144.396,8147.423,8140.217,8145.211,8.201,0.01
2024-12-26,8136.592,8155.113,8107.707,8150.699,8144.805,8163.317,8115.908,8158.784,8.085,0.34
2024-12-27,8150.28,8156.089,8108.984,8132.08,8158.49,8158.999,8109.903,8134.32,2.24,5.36
2024-12-30,8123.604,8148.849,8093.286,8119.486,8128.024,8151.999,8093.989,8122.504,3.018,3.79
2024-12-31,8119.799,8180.607,8089.24,8145.689,8122.525,8186.026,8090.403,8153.908,8.219,2.81
2025-01-02,8229.845,8230.346,8214.701,8223.145,8231.214,8234.801,8219.484,8224.19,1.045,0.08
2025-01-03,8222.959,8270.249,8216.18,8221.74,8224.214,8271.108,8217.985,8223.754,2.014,4.47
2025-01-06,8220.541,8255.198,8195.774,8204.169,8226.42,8257.195,8197.8,8208.587,4.418,5.38
2025-01-07,8204.178,8259.999,8188.183,8235.218,8208.323,8261.917,8189.301,8241.126,5.908,4.26
2025-01-08,8235.251,8268.713,8188.692,8246.695,8241.262,8273.018,8189.084,8251.353,4.658,6.41
2025-01-09,8246.707,8327.141,8237.161,8306.815,8251.413,8328.723,8242.09,8310.317,3.502,3.42
2025-01-10,8306.782,8327.055,8239.683,8255.98,8310.693,8327.426,8241.396,8258.014,2.034,5.83
2025-01-13,8251.004,8261.4,8190.174,8227.24,8254.217,8264.702,8191.108,8228.22,0.98,5.5
2025-01-14,8227.356,8244.204,8181.648,8217.162,8228.587,8244.95,8183.411,8222.793,5.631,5.54
2025-01-15,8217.156,8333.216,8214.384,8322.147,8222.414,8335.002,8218.04,8326.393,4.246,5.76
2025-01-16,8322.135,8425.299,8304.874,8417.761,8326.599,8426.299,8307.504,8423.308,5.547,3.41
2025-01-17,8417.8,8534.186,8412.41,8502.242,8422.901,8535.186,8415.054,8504.237,1.995,3.98
2025-01-20,8495.164,8549.416,8482.174,8524.492,8500.717,8550.416,8483.746,8529.084,4.592,3.17
2025-01-21,8524.848,8573.221,8468.457,8564.788,8529.123,8578.528,8473.05,8569.014,4.226,3.72
2025-01-22,8564.776,8584.868,8507.434,8515.28,8569.105,8585.868,8512.487,8519.616,4.336,3.97
2025-01-23,8514.998,8572.48,8509.552,8559.099,8519.583,8573.48,8512.387,8563.534,4.435,4.24
2025-01-24,8559.31,8588.677,8477.486,8483.513,8563.513,8589.699,8478.926,8484.902,1.389,3.95
2025-01-27,8467.104,8538.5,8427.477,8527.563,8469.72,8543.624,8430.237,8531.005,3.442,6.35
2025-01-28,8526.836,8574.013,8497.65,8529.703,8530.808,8575.193,8498.902,8535.002,5.299,3.96
2025-01-29,8529.73,8584.42,8506.227,8539.807,8535.099,8585.42,8510.685,8542.923,3.116,4.82
2025-01-30,8539.969,8684.716,8537.314,8674.91,8542.905,8690.926,8540.401,8677.19,2.28,3.46
2025-01-31,8674.889,8692.68,8629.343,8636.498,8677.005,8693.702,8631.184,8638.511,2.013,5.73
2025-02-03,8614.636,8624.059,8509.585,8581.388,8618.908,8627.823,8510.193,8585.608,4.22,11.19
2025-02-04,8581.364,8585.003,8523.309,8532.516,8585.496,8588.801,8524.483,8534.83,2.314,6.04
2025-02-05,8532.48,8662.195,8525.647,8658.889,8535.174,8665.096,8531.571,8662.693,3.804,5.74
2025-02-06,8658.177,8767.184,8656.769,8703.275,8661.962,8768.206,8661.95,8709.3,6.025,6.17
2025-02-07,8703.284,8730.594,8681.417,8685.657,8709.267,8730.914,8683.187,8687.417,1.76,6.61
2025-02-10,8705.876,8786.138,8695.434,8774.69,8709.584,8787.154,8699.687,8780.676,5.986,5.14
2025-02-11,8774.157,8791.175,8750.627,8781.982,8780.164,8791.997,8751.673,8786.323,4.341,3.86
2025-02-12,8781.269,8830.959,8757.474,8827.326,8785.999,8833.693,8758.722,8831.111,3.785,5.89
2025-02-13,8827.293,8836.499,8728.299,8758.757,8830.726,8839.593,8729.301,8763.017,4.26,6.72
2025-02-14,8758.742,8766.886,8701.486,8707.236,8763.387,8768.237,8703.093,8708.926,1.69,4.58
2025-02-17,8708.776,8782.536,8702.704,8767.692,8714.093,8784.275,8705.89,8771.291,3.599,1.6
2025-02-18,8767.61,8788.392,8756.677,8767.409,8771.413,8789.213,8758.154,8771.326,3.917,2.54
2025-02-19,8767.519,8775.433,8690.824,8694.865,8770.917,8776.92,8694.796,8699.29,4.425,4.72
2025-02-20,8694.494,8708.499,8646.919,8658.914,8699.323,8710.793,8648.701,8664.884,5.97,4.9
2025-02-21,8658.674,8684.486,8610.877,8628.877,8664.221,8685.463,8612.164,8630.914,2.037,3.62
2025-02-24,8649.974,8688.738,8613.306,8631.304,8655.655,8689.623,8613.587,8634.42,3.116,5.25
2025-02-25,8631.277,8714.712,8627.58,8708.419,8634.783,8720.29,8628.364,8711.923,3.504,6.74
2025-02-26,8708.437,8739.11,8679.574,8705.414,8711.617,8740.62,8680.581,8707.096,1.682,3.68
2025-02-27,8705.09,8782.901,8693.466,8741.503,8707.001,8783.894,8698.251,8746.099,4.596,4.31
2025-02-28,8741.619,8838.83,8678.104,8831.839,8745.82,8840.867,8679.127,8833.846,2.007,6.69
2025-03-03,8852.438,8909.695,8791.531,8835.253,8858.463,8910.626,8793.523,8841.126,5.873,6.62
2025-03-04,8835.289,8870.713,8744.683,8840.782,8841.257,8872.623,8745.098,8843.923,3.141,9.16
2025-03-05,8840.99,8845.139,8743.314,8777.113,8843.923,8848.317,8744.801,8779.344,2.231,7.91
2025-03-06,8777.08,8796.757,8627.39,8654.957,8778.624,8798.74,8629.397,8660.096,5.139,11.19
2025-03-07,8654.23,8749.141,8625.82,8743.11,8660.001,8750.894,8626.824,8745.087,1.977,13.06
2025-03-10,8697.163,8727.416,8529.69,8574.008,8703.194,8730.084,8530.914,8580.021,6.013,13.39
2025-03-11,8574.014,8629.493,8461.683,8522.116,8579.911,8632.605,8462.89,8527.807,5.691,11.89
2025-03-12,8521.877,8568.404,8497.413,8563.805,8527.801,8570.108,8498.59,8564.814,1.009,12.01
2025-03-13,8563.811,8581.246,8507.38,8556.792,8565.196,8582.246,8510.501,8562.076,5.284,10.42
2025-03-14,8556.989,8674.499,8536.895,8665.88,8562.103,8676.25,8537.621,8668.001,2.121,5.95
2025-03-17,8653.786,8716.299,8622.58,8696.083,8658.96,8718.42,8623.701,8702.087,6.004,6.5
2025-03-18,8695.81,8727.704,8678.186,8703.895,8701.996,8728.835,8680.384,8707.996,4.101,8.61
2025-03-19,8704.286,8726.989,8661.98,8725.901,8707.99,8732.286,8662.98,8731.113,5.212,6.01
2025-03-20,8725.907,8742.41,8662.013,8695.799,8731.876,8743.508,8662.901,8701.905,6.106,7.41
2025-03-21,8695.48,8709.299,8612.68,8645.695,8701.699,8711.423,8613.883,8647.761,2.066,6.46
2025-03-24,8669.105,8697.299,8614.916,8638.407,8672.111,8698.408,8616.09,8642.679,4.272,6.11
2025-03-25,8638.401,8717.213,8608.383,8674.01,8643.039,8718.213,8611.501,8680.223,6.213,6.12
2025-03-26,8673.774,8714.189,8642.089,8658.599,8680.008,8715.189,8648.29,8661.42,2.821,7.55
2025-03-27,8658.51,8669.799,8609.593,8657.304,8661.12,8671.89,8610.593,8659.861,2.557,6.22
2025-03-28,8657.795,8693.821,8633.756,8642.499,8659.983,8694.821,8635.796,8643.499,1.0,6.51
2025-03-31,8634.892,8641.883,8528.707,8606.105,8638.105,8645.12,8529.89,8612.118,6.013,11.85
2025-04-01,8609.392,8671.534,8573.124,8611.839,8612.584,8672.617,8575.301,8617.742,5.903,9.29
2025-04-02,8633.692,8636.207,8434.529,8447.601,8636.911,8642.09,8440.545,8457.584,9.983,9.67
2025-04-03,8444.507,8536.813,8427.354,8463.532,8453.708,8538.199,8431.352,8469.548,6.016,14.83
2025-04-04,8461.089,8478.267,7981.794,8000.01,8464.32,8482.313,7982.802,8001.987,1.977,20.46
2025-04-07,7793.595,8021.604,7535.349,7811.184,7801.811,8022.802,7537.201,7817.185,6.001,22.48
2025-04-08,7843.107,7986.113,7640.674,7666.476,7846.311,7987.32,7644.784,7672.444,5.968,20.21
2025-04-09,7659.401,8187.905,7597.774,8137.452,7662.501,8189.912,7598.814,8143.444,5.992,17.58
2025-04-10,8140.277,8166.12,7797.493,7916.009,8143.49,8167.12,7798.493,7922.04,6.031,16.46
2025-04-11,7911.292,8117.292,7858.08,8094.786,7914.517,8119.502,7859.311,8096.714,1.928,11.51
2025-04-14,8128.601,8170.313,8063.677,8126.12,8131.82,8172.264,8064.707,8132.166,6.046,8.57
2025-04-15,8129.595,8265.28,8123.574,8201.461,8132.799,8266.811,8126.632,8208.462,7.001,5.72
2025-04-16,8202.601,8282.41,8165.154,8194.21,8205.814,8283.917,8167.093,8202.22,8.01,6.06
2025-04-17,8197.495,8328.007,8190.979,8276.598,8200.696,8329.007,8191.995,8284.802,8.204,5.79
2025-04-21,8261.586,8271.207,8158.677,8204.998,8269.805,8279.411,8166.896,8213.217,8.219,0.88
2025-04-22,8198.298,8440.171,8198.298,8413.971,8201.526,8441.171,8201.526,8421.966,7.995,7.04
2025-04-23,8456.716,8467.84,8376.416,8403.473,8459.923,8468.868,8377.731,8411.471,7.998,6.53
2025-04-24,8403.677,8449.436,8358.801,8438.498,8406.887,8455.108,8359.801,8446.401,7.903,6.75
2025-04-25,8441.007,8448.599,8394.677,8447.498,8444.226,8450.726,8395.704,8449.493,1.995,9.34
2025-04-28,8437.186,8453.207,8393.189,8429.194,8440.387,8454.42,8395.393,8437.204,8.01,7.49
2025-04-29,8435.099,8501.207,8402.18,8478.003,8438.184,8503.248,8403.396,8486.043,8.04,6.87
2025-04-30,8477.201,8535.691,8428.692,8517.003,8480.426,8536.691,8429.899,8525.028,8.025,6.9
2025-05-01,8496.08,8523.499,8447.08,8472.463,8499.326,8526.62,8449.299,8480.381,7.918,6.47
2025-05-02,8469.199,8638.999,8468.074,8631.38,8472.326,8640.817,8471.084,8633.605,2.225,5.24
2025-05-05,8591.001,8640.386,8587.301,8620.507,8599.199,8648.614,8595.487,8628.726,8.219,0.67
2025-05-06,8630.377,8685.87,8559.574,8596.87,8633.623,8688.042,8563.737,8604.907,8.037,6.56
2025-05-07,8599.386,8610.601,8531.592,8570.643,8602.626,8613.658,8532.802,8578.686,8.043,8.92
2025-05-08,8573.101,8617.107,8510.899,8544.544,8576.296,8620.267,8511.993,8552.53,7.986,5.68
2025-05-09,8540.104,8581.504,8519.28,8540.098,8543.29,8582.504,8521.526,8542.293,2.195,7.4
2025-05-12,8597.798,8640.795,8544.243,8616.155,8601.023,8641.808,8545.262,8624.18,8.025,7.63
2025-05-13,8617.595,8624.549,8551.427,8587.263,8620.793,8627.511,8554.284,8595.258,7.995,4.63
2025-05-14,8589.104,8616.57,8547.793,8551.594,8592.29,8617.577,8552.301,8559.646,8.052,3.4
2025-05-15,8550.998,8649.56,8533.427,8643.713,8553.465,8653.993,8534.427,8651.747,8.034,4.93
2025-05-16,8640.701,8698.336,8631.977,8695.749,8643.923,8699.723,8635.101,8697.661,1.912,4.33
2025-05-19,8672.483,8744.243,8611.893,8739.691,8675.72,8748.417,8612.893,8747.71,8.019,4.82
2025-05-20,8742.995,8799.359,8714.024,8786.617,8746.101,8801.101,8715.187,8794.609,7.992,4.43
2025-05-21,8788.692,8799.016,8719.134,8727.0,8791.908,8800.016,8720.884,8735.01,8.01,5.11
2025-05-22,8729.686,8770.189,8688.41,8748.326,8732.902,8771.631,8689.41,8756.336,8.01,4.42
2025-05-23,8749.695,8779.41,8602.748,8736.004,8752.92,8780.41,8603.748,8737.617,1.613,6.19
2025-05-26,8768.116,8783.913,8761.401,8770.713,8776.308,8792.126,8769.608,8778.923,8.21,0.33
2025-05-27,8782.192,8824.568,8767.596,8801.376,8785.414,8825.568,8768.596,8809.261,7.885,4.26
2025-05-28,8803.198,8808.192,8722.88,8794.984,8806.411,8811.426,8724.121,8802.976,7.992,3.12
2025-05-29,8808.201,8814.683,8695.374,8727.854,8811.405,8817.887,8696.54,8735.867,8.013,3.47
2025-05-30,8732.389,8806.661,8725.874,8787.954,8735.617,8808.605,8727.524,8789.973,2.019,4.69
2025-06-02,8781.877,8815.913,8728.549,8793.199,8785.099,8817.336,8729.559,8801.236,8.037,4.82
2025-06-03,8805.386,8807.874,8738.337,8789.599,8808.59,8810.3,8739.359,8797.505,7.906,3.57
2025-06-04,8800.716,8821.904,8778.146,8798.314,8803.887,8823.096,8779.146,8806.345,8.031,4.46
2025-06-05,8794.78,8838.792,8775.78,8793.259,8798.011,8840.008,8777.496,8801.159,7.9,5.51
2025-06-06,8791.795,8851.399,8790.283,8838.76,8794.999,8852.526,8793.517,8840.523,1.763,3.38
2025-06-09,8835.516,8852.489,8811.523,8825.506,8838.684,8853.717,8812.523,8833.489,7.983,3.11
2025-06-10,8820.399,8886.307,8813.974,8853.839,8823.526,8887.307,8817.184,8861.858,8.019,4.52
2025-06-11,8860.492,8885.05,8836.051,8844.905,8863.696,8886.09,8837.999,8852.909,8.004,4.54
2025-06-12,8848.307,8901.311,8826.513,8856.3,8851.526,8903.296,8827.987,8864.322,8.022,4.49
2025-06-13,8860.777,8884.81,8817.574,8835.814,8864.002,8886.02,8819.78,8837.839,2.025,3.13
2025-06-16,8841.792,8903.095,8812.63,8813.13,8844.99,8904.095,8819.234,8819.752,6.622,2.55
2025-06-17,8819.592,8863.61,8806.264,8823.639,8822.808,8865.201,8807.461,8830.246,6.607,2.99
2025-06-18,8841.05,8864.795,8818.459,8845.551,8842.714,8865.99,8819.647,8852.137,6.586,2.86
2025-06-19,8845.316,8870.199,8783.896,8814.077,8848.401,8871.683,8784.896,8820.314,6.237,2.74
2025-06-20,8815.913,8846.786,8743.271,8748.002,8819.001,8847.786,8744.581,8749.411,1.409,3.66
2025-06-23,8738.713,8797.096,8726.301,8788.11,8741.887,8799.008,8727.301,8794.75,6.64,3.61
2025-06-24,8787.216,8822.943,8750.381,8761.37,8790.42,8823.943,8751.581,8767.974,6.604,2.64
2025-06-25,8758.074,8792.58,8700.639,8703.393,8761.326,8793.784,8702.686,8709.881,6.488,2.6
2025-06-26,8707.083,8763.091,8692.101,8756.596,8710.317,8768.226,8695.314,8763.197,6.601,2.45
2025-06-27,8757.604,8802.78,8742.808,8786.189,8760.799,8803.78,8743.808,8787.287,1.098,3.28
2025-06-30,8795.601,8818.298,8754.308,8764.906,8798.823,8819.505,8755.308,8771.513,6.607,2.89
2025-07-01,8768.783,8807.083,8726.456,8791.519,8771.999,8808.517,8727.484,8798.034,6.515,2.27
2025-07-02,8794.595,8827.343,8738.134,8793.914,8797.805,8828.575,8739.181,8800.509,6.595,2.4
2025-07-03,8796.01,8839.298,8786.777,8813.413,8799.208,8840.462,8787.81,8819.611,6.198,1.76
2025-07-04,8814.48,8832.099,8779.774,8798.007,8817.711,8833.223,8780.984,8800.19,2.183,1.46
2025-07-07,8804.31,8837.439,8762.11,8774.654,8807.49,8838.439,8766.099,8781.294,6.64,3.19
2025-07-08,8770.504,8876.807,8764.235,8857.838,8773.705,8878.087,8766.51,8864.433,6.595,2.35
2025-07-09,8860.274,8907.876,8849.252,8895.736,8863.502,8910.926,8851.349,8902.34,6.604,1.87
2025-07-10,8900.186,8991.889,8892.477,8982.026,8903.39,8993.098,8893.549,8988.6,6.574,2.08
2025-07-11,8985.177,8985.177,8916.801,8945.151,8988.384,8988.384,8917.801,8947.264,2.113,2.96
2025-07-14,8928.716,9024.483,8917.095,9011.195,8931.884,9025.555,8918.301,9017.799,6.604,2.16
2025-07-15,9022.716,9041.51,8931.189,8937.716,9025.923,9043.199,8933.971,8944.323,6.607,2.94
2025-07-16,8937.192,8985.716,8914.689,8970.163,8940.387,8987.696,8916.197,8976.743,6.58,2.64
2025-07-17,8974.475,8996.299,8940.683,8988.349,8981.076,8999.217,8942.299,8994.971,6.622,2.1
2025-07-18,8991.492,9013.92,8968.286,8983.536,8994.711,9014.92,8969.611,8984.861,1.325,2.39
2025-07-21,8993.189,9012.802,8973.897,8986.196,8996.387,9014.064,8974.897,8992.785,6.589,1.84
2025-07-22,8986.48,9053.974,8977.474,9052.723,8989.687,9059.592,8979.141,9059.348,6.625,2.22
2025-07-23,9063.504,9114.752,9047.091,9109.909,9066.723,9120.301,9048.407,9116.415,6.506,2.66
2025-07-24,9109.492,9158.41,9096.686,9138.49,9112.601,9159.41,9098.956,9145.097,6.607,2.36
2025-07-25,9137.904,9149.499,9093.85,9143.427,9141.12,9150.499,9094.85,9144.737,1.31,1.71
2025-07-28,9163.207,9174.198,9057.707,9083.816,9166.399,9175.608,9058.85,9090.438,6.622,2.6
2025-07-29,9084.21,9163.189,9078.704,9141.404,9087.417,9164.387,9080.724,9147.993,6.589,2.48
2025-07-30,9142.916,9164.513,9090.198,9149.816,9146.087,9170.693,9091.205,9156.429,6.613,2.96
2025-07-31,9153.683,9190.404,9100.495,9108.329,9156.801,9191.404,9104.464,9114.954,6.625,3.18
2025-08-01,9117.392,9127.239,9026.877,9100.898,9120.326,9129.349,9028.096,9102.799,1.901,5.93
2025-08-04,9107.799,9161.774,9063.583,9150.461,9110.899,9164.711,9064.917,9157.044,6.583,4.4
2025-08-05,9151.186,9181.892,9124.68,9142.916,9154.417,9183.126,9125.902,9149.505,6.589,4.46
2025-08-06,9146.901,9183.498,9120.176,9128.451,9150.117,9184.701,9124.626,9135.037,6.586,3.01
2025-08-07,9128.204,9148.413,9075.314,9091.863,9131.39,9149.599,9076.615,9098.5,6.637,3.04
2025-08-08,9091.177,9126.713,9079.213,9094.301,9094.405,9127.884,9080.375,9095.899,1.598,2.02
2025-08-11,9092.695,9138.356,9089.204,9127.723,9095.884,9139.417,9091.191,9134.339,6.616,2.36
2025-08-12,9127.207,9172.203,9118.68,9169.956,9130.393,9177.065,9119.902,9176.557,6.601,2.49
2025-08-13,9168.195,9186.398,9142.258,9152.424,9171.423,9189.014,9143.301,9159.043,6.619,1.87
2025-08-14,9156.486,9213.016,9133.755,9204.421,9159.69,9215.323,9134.755,9211.01,6.589,2.04
2025-08-15,9222.198,9227.995,9125.679,9146.114,9225.393,9229.22,9126.801,9148.214,2.1,2.44
2025-08-18,9158.974,9182.727,9125.177,9176.527,9162.211,9187.717,9126.393,9183.134,6.607,1.88
2025-08-19,9177.901,9197.299,9153.707,9178.719,9181.087,9198.417,9154.716,9185.222,6.503,2.1
2025-08-20,9178.889,9316.319,9164.701,9301.667,9182.099,9317.522,9165.905,9308.256,6.589,2.64
2025-08-21,9305.71,9324.556,9256.299,9321.777,9308.893,9328.88,9257.384,9328.426,6.649,1.84
2025-08-22,9318.599,9356.51,9283.33,9337.725,9321.705,9357.601,9284.33,9339.041,1.316,1.98
2025-08-25,9335.295,9337.999,9303.686,9318.907,9343.517,9346.205,9311.801,9327.09,8.183,0.07
2025-08-26,9328.189,9329.486,9247.829,9295.44,9331.426,9332.705,9248.829,9302.017,6.577,2.45
2025-08-27,9297.998,9306.099,9229.205,9242.201,9301.187,9308.726,9230.205,9248.826,6.625,1.95
2025-08-28,9255.913,9272.116,9206.104,9219.398,9259.087,9273.116,9207.104,9226.002,6.604,1.74
2025-08-29,9222.613,9235.592,9178.509,9192.734,9225.826,9237.084,9179.509,9195.346,2.612,2.11
2025-09-01,9205.589,9226.201,9178.614,9188.689,9208.793,9227.826,9179.614,9194.89,6.201,1.54
2025-09-02,9190.177,9209.427,9101.69,9153.075,9193.399,9211.527,9102.997,9159.664,6.589,3.1
2025-09-03,9155.207,9184.676,9106.117,9177.64,9158.417,9187.725,9107.117,9184.232,6.592,3.16
2025-09-04,9178.207,9236.104,9154.177,9233.042,9184.42,9241.324,9155.405,9239.673,6.631,2.79
2025-09-05,9230.599,9253.731,9195.637,9223.934,9233.702,9254.731,9196.637,9225.286,1.352,3.67
2025-09-08,9238.007,9240.989,9189.722,9225.673,9241.217,9243.202,9190.722,9232.295,6.622,1.92
2025-09-09,9231.707,9266.087,9209.674,9245.046,9234.902,9269.848,9210.674,9251.653,6.607,2.19
2025-09-10,9254.195,9291.105,9217.953,9242.071,9257.423,9292.397,9218.953,9248.669,6.598,2.43
2025-09-11,9251.099,9319.219,9237.713,9315.46,9254.193,9323.523,9240.091,9322.037,6.577,2.72
2025-09-12,9315.683,9341.216,9260.873,9264.18,9318.911,9342.359,9262.177,9266.396,2.216,2.55
2025-09-15,9265.395,9298.398,9259.877,9274.663,9268.623,9299.398,9262.166,9281.249,6.586,1.98
2025-09-16,9281.674,9285.473,9189.207,9198.216,9284.902,9286.912,9190.463,9204.853,6.637,2.49
2025-09-17,9201.698,9245.913,9177.544,9217.901,9204.908,9246.913,9178.997,9224.001,6.1,3.6
2025-09-18,9213.816,9245.404,9195.935,9241.29,9217.014,9248.674,9197.951,9247.906,6.616,3.82
2025-09-19,9244.41,9248.603,9198.466,9223.036,9247.614,9249.916,9199.734,9224.652,1.616,3.68
2025-09-22,9216.674,9251.504,9188.927,9237.014,9219.908,9252.731,9190.151,9243.636,6.622,2.97
2025-09-23,9241.398,9267.701,9195.676,9201.25,9244.623,9268.701,9196.921,9207.854,6.604,3.21
2025-09-24,9200.689,9268.916,9173.887,9240.337,9203.896,9270.102,9174.887,9246.929,6.592,4.35
2025-09-25,9238.083,9246.104,9200.586,9232.557,9241.201,9248.826,9201.899,9239.14,6.583,2.7
2025-09-26,9236.416,9307.3,9210.412,9300.228,9239.501,9309.123,9211.771,9302.294,2.066,3.38
2025-09-29,9309.916,9354.193,9280.886,9292.104,9313.126,9355.42,9283.102,9298.287,6.183,1.58
2025-09-30,9297.799,9377.707,9265.689,9364.28,9300.899,9379.902,9266.893,9370.401,6.121,1.47
2025-10-01,9374.886,9464.407,9346.686,9450.992,9378.087,9466.611,9348.89,9457.196,6.204,1.49
2025-10-02,9454.604,9487.798,9416.101,9427.91,9457.817,9490.023,9417.311,9434.126,6.216,1.55
2025-10-03,9428.286,9499.616,9425.089,9483.083,9431.401,9501.823,9428.299,9485.317,2.234,1.19
2025-10-06,9497.61,9517.616,9461.401,9464.216,9503.784,9518.817,9463.017,9470.396,6.18,1.35
2025-10-07,9465.28,9507.199,9459.283,9483.101,9468.484,9508.323,9462.502,9489.32,6.219,1.32
2025-10-08,9484.316,9578.399,9482.083,9554.08,9487.514,9579.52,9485.296,9560.32,6.24,1.27
2025-10-09,9554.798,9557.116,9483.074,9500.574,9557.901,9560.323,9486.293,9506.826,6.252,1.54
2025-10-10,9504.592,9518.601,9363.092,9379.38,9507.826,9519.701,9365.326,9381.605,2.225,2.52
2025-10-13,9427.607,9458.107,9409.195,9444.174,9430.826,9459.308,9410.301,9450.402,6.228,1.94
2025-10-14,9447.174,9491.198,9381.713,9472.08,9450.42,9493.414,9382.905,9478.326,6.246,2.39
2025-10-15,9480.192,9487.499,9373.874,9408.71,9483.402,9490.126,9376.001,9414.896,6.186,1.98
2025-10-16,9413.004,9443.004,9354.88,9365.289,9416.187,9445.226,9359.696,9371.514,6.225,2.65
2025-10-17,9357.28,9391.304,9273.498,9382.98,9360.511,9393.484,9274.693,9385.223,2.243,2.72
2025-10-20,9378.983,9439.013,9366.986,9433.401,9382.217,9442.99,9370.19,9439.605,6.204,1.25
2025-10-21,9434.274,9448.31,9404.48,9415.889,9440.484,9451.523,9405.726,9422.117,6.228,1.22
2025-10-22,9415.004,9545.786,9408.489,9504.304,9418.202,9547.014,9411.693,9510.505,6.201,1.8
2025-10-23,9508.592,9594.774,9504.104,9586.204,9511.79,9596.011,9507.317,9592.402,6.198,1.41
2025-10-24,9597.277,9656.598,9558.58,9632.092,9600.502,9658.805,9559.793,9634.326,2.234,1.12
2025-10-27,9659.71,9673.613,9632.289,9666.513,9665.905,9677.026,9633.505,9672.708,6.195,1.01
2025-10-28,9666.292,9727.316,9643.777,9696.198,9672.493,9728.52,9646.996,9702.417,6.219,1.22
2025-10-29,9696.41,9789.286,9686.083,9747.183,9702.602,9790.484,9689.311,9753.301,6.118,2.05
2025-10-30,9747.401,9770.099,9688.513,9760.598,9753.614,9772.214,9689.69,9766.793,6.195,2.1
2025-10-31,9760.899,9764.816,9695.274,9734.992,9766.987,9771.014,9696.496,9737.199,2.207,1.56
2025-11-03,9742.013,9753.783,9691.201,9694.974,9748.199,9757.02,9693.39,9701.208,6.234,1.22
2025-11-04,9694.907,9725.701,9571.401,9701.407,9701.105,9727.902,9572.596,9707.593,6.186,1.85
2025-11-05,9700.983,9801.716,9635.904,9781.698,9707.214,9803.911,9639.001,9787.899,6.201,1.69
2025-11-06,9781.889,9784.983,9700.874,9721.298,9788.102,9788.102,9703.084,9727.526,6.228,1.97
2025-11-07,9721.186,9734.21,9637.18,9730.874,9727.396,9736.411,9638.393,9733.099,2.225,2.52
2025-11-10,9740.589,9845.713,9724.401,9840.495,9746.826,9849.526,9725.584,9846.711,6.216,1.72
2025-11-11,9840.595,9912.716,9836.301,9901.677,9846.814,9914.92,9842.499,9907.902,6.225,1.67
2025-11-12,9901.595,9931.895,9867.292,9872.377,9907.823,9933.093,9873.52,9878.614,6.237,1.71
2025-11-13,9872.274,9916.674,9734.683,9755.095,9878.49,9918.893,9736.89,9761.311,6.216,2.64
2025-11-14,9755.192,9779.71,9607.892,9690.395,9761.42,9782.899,9609.087,9692.501,2.106,3.2
2025-11-17,9696.11,9708.216,9603.883,9631.71,9702.32,9710.317,9606.111,9637.89,6.18,2.79
2025-11-18,9631.889,9634.099,9509.374,9568.304,9638.123,9640.214,9510.602,9574.484,6.18,4.21
2025-11-19,9568.101,9583.807,9498.913,9581.813,9574.299,9590.017,9501.105,9588.011,6.198,3.02
2025-11-20,9581.58,9595.499,9428.992,9448.08,9587.817,9599.817,9435.19,9454.284,6.204,3.64
2025-11-21,9447.986,9597.201,9423.389,9574.299,9454.211,9599.42,9425.102,9576.42,2.121,4.02
2025-11-24,9589.513,9597.904,9511.692,9540.695,9595.708,9601.123,9513.89,9546.911,6.216,2.57
2025-11-25,9540.504,9646.177,9519.186,9634.986,9546.708,9648.396,9520.426,9641.208,6.222,2.62
2025-11-26,9635.199,9711.799,9591.68,9685.316,9641.305,9713.89,9592.92,9691.52,6.204,2.05
2025-11-27,9685.189,9706.21,9656.295,9705.874,9691.414,9712.402,9657.484,9712.114,6.24,0.95
2025-11-28,9706.098,9741.999,9693.01,9711.183,9712.201,9743.126,9696.208,9713.399,2.216,1.04
2025-12-01,9711.298,9735.716,9683.38,9688.283,9717.496,9736.926,9684.593,9694.496,6.213,1.96
2025-12-02,9688.392,9745.186,9682.195,9707.71,9694.602,9746.417,9683.402,9713.911,6.201,1.85
2025-12-03,9707.801,9714.299,9674.386,9703.607,9714.014,9717.399,9676.417,9709.79,6.183,1.6
2025-12-04,9703.498,9727.407,9673.386,9702.998,9709.711,9728.623,9674.605,9709.199,6.201,1.53
2025-12-05,9702.604,9736.499,9655.88,9658.613,9708.784,9737.617,9658.084,9660.79,2.177,1.35
2025-12-08,9661.28,9677.913,9619.574,9646.416,9667.505,9679.126,9621.701,9652.596,6.18,1.43
2025-12-09,9646.307,9671.901,9605.392,9610.404,9652.401,9673.117,9607.501,9616.593,6.189,1.37
2025-12-10,9610.28,9689.892,9604.901,9672.204,9616.505,9692.12,9607.108,9678.399,6.195,1.85
2025-12-11,9672.304,9733.895,9632.398,9717.474,9678.508,9736.114,9633.501,9723.714,6.24,1.87
2025-12-12,9717.298,9762.11,9631.999,9664.392,9723.496,9763.317,9634.105,9666.611,2.219,2.19
2025-12-15,9665.51,9769.916,9664.386,9746.298,9671.717,9771.096,9670.614,9752.52,6.222,1.85
2025-12-16,9746.101,9760.11,9653.999,9672.81,9752.314,9761.326,9655.108,9679.026,6.216,2.49
2025-12-17,9672.583,9852.898,9665.586,9756.713,9678.814,9854.123,9671.787,9762.893,6.18,2.53
2025-12-18,9756.889,9852.21,9744.677,9806.401,9763.117,9854.423,9745.896,9812.602,6.201,2.3
2025-12-19,9806.198,9914.213,9795.674,9871.71,9812.402,9916.426,9798.908,9873.893,2.183,1.58
2025-12-22,9887.792,9897.713,9827.799,9863.989,9894.005,9900.923,9828.893,9870.208,6.219,1.2
2025-12-23,9864.186,9902.216,9841.686,9870.699,9870.417,9903.423,9842.887,9876.811,6.112,1.16
2025-12-24,9870.886,9893.913,9857.377,9861.386,9877.114,9897.12,9858.587,9862.59,1.204,0.21
2025-12-25,9873.41,9877.899,9871.995,9874.301,9881.611,9886.005,9880.226,9882.502,8.201,0.01
2025-12-26,9874.186,9882.886,9866.601,9877.616,9882.408,9891.093,9874.787,9885.826,8.21,0.21
2025-12-29,9877.589,9896.11,9853.174,9867.698,9885.787,9899.326,9855.399,9873.887,6.189,1.37
2025-12-30,9867.886,9955.799,9853.999,9940.813,9874.087,9956.917,9857.123,9947.014,6.201,1.03
2025-12-31,9940.604,9960.395,9912.686,9945.004,9946.814,9966.993,9913.923,9953.193,8.189,0.44
2026-01-01,9945.004,9945.004,9929.804,9934.113,9953.193,9953.193,9938.014,9942.32,8.207,0.01
2026-01-02,9933.883,10046.48,9892.507,9997.495,9942.105,10047.726,9895.699,9999.714,2.219,2.08
2026-01-05,9996.51,10029.016,9951.007,10021.795,10002.693,10032.405,9952.101,10028.023,6.228,2.04
2026-01-06,10022.007,10159.689,10020.274,10104.416,10028.211,10160.917,10025.696,10110.614,6.198,1.75
2026-01-07,10104.816,10115.986,10017.192,10029.886,10110.993,10119.217,10019.387,10036.093,6.207,1.82
2026-01-08,10029.777,10085.674,9997.374,10073.789,10035.987,10091.89,9998.614,10080.005,6.216,1.92
2026-01-09,10073.71,10141.407,10055.88,10138.398,10079.908,10143.617,10058.084,10140.611,2.213,1.6
2026-01-12,10132.298,10150.407,10093.074,10136.298,10138.505,10153.008,10094.296,10142.487,6.189,1.36
2026-01-13,10136.213,10154.601,10095.083,10143.992,10142.414,10156.805,10096.201,10150.184,6.192,1.43
2026-01-14,10143.88,10222.104,10135.892,10212.483,10150.111,10228.32,10139.099,10218.702,6.219,1.86
2026-01-15,10212.416,10251.401,10172.077,10227.004,10218.62,10252.626,10173.296,10233.22,6.216,1.64
2026-01-16,10227.177,10258.58,10211.401,10253.607,10233.402,10259.811,10212.593,10255.787,2.18,1.34
2026-01-19,10204.689,10230.889,10146.095,10174.799,10210.917,10232.111,10149.32,10180.896,6.097,1.56
2026-01-20,10174.877,10188.61,10048.416,10096.495,10181.12,10191.814,10049.599,10102.711,6.216,2.85
2026-01-21,10096.61,10225.798,10090.407,10219.074,10102.82,10232.026,10091.605,10225.201,6.127,3.04
2026-01-22,10219.389,10226.304,10134.91,10140.392,10225.605,10229.614,10140.601,10146.602,6.21,2.1
2026-01-23,10140.195,10183.313,10114.504,10148.801,10146.393,10184.526,10116.711,10151.002,2.201,1.98
2026-01-26,10126.098,10184.28,10117.795,10152.892,10132.284,10185.499,10120.996,10159.102,6.21,1.84
2026-01-27,10153.001,10227.474,10150.289,10190.88,10159.196,10228.699,10156.517,10197.123,6.243,1.71
2026-01-28,10190.983,10231.516,10132.286,10146.816,10197.217,10234.693,10138.499,10152.987,6.171,2.3
2026-01-29,10146.68,10279.399,10139.099,10205.883,10152.896,10280.505,10144.717,10212.099,6.216,3.18
2026-01-30,10206.007,10238.507,10134.013,10230.474,10212.196,10240.723,10135.211,10232.714,2.24,3.61
2026-02-02,10216.486,10365.98,10122.486,10342.516,10222.714,10368.22,10124.696,10348.717,6.201,2.84
2026-02-03,10342.399,10370.313,10230.307,10296.477,10348.517,10371.514,10231.487,10302.69,6.213,3.16
2026-02-04,10296.616,10482.78,10290.986,10417.083,10302.79,10483.993,10297.217,10423.326,6.243,3.68
2026-02-05,10417.186,10426.783,10227.81,10233.41,10423.411,10431.623,10233.99,10239.593,6.183,3.9
2026-02-06,10233.286,10412.613,10222.41,10409.999,10239.499,10414.805,10228.501,10412.108,2.109,2.75
2026-02-09,10422.98,10428.107,10315.592,10386.192,10429.205,10434.32,10316.796,10392.42,6.228,2.43
2026-02-10,10386.199,10427.101,10329.583,10384.398,10392.29,10429.287,10330.802,10390.59,6.192,2.55
2026-02-11,10384.48,10524.316,10364.816,10506.216,10390.696,10526.526,10365.987,10512.417,6.201,2.73
2026-02-12,10506.113,10544.207,10376.213,10431.516,10512.296,10546.426,10378.417,10437.693,6.177,3.52
2026-02-13,10431.101,10463.183,10378.201,10449.501,10437.299,10465.396,10379.426,10451.711,2.21,4.19
2026-02-16,10456.201,10491.501,10436.004,10468.78,10462.42,10492.708,10439.226,10475.023,6.243,1.7
2026-02-17,10468.886,10585.501,10441.195,10558.11,10475.09,10587.699,10444.414,10564.32,6.21,3.86
2026-02-18,10558.174,10716.013,10556.489,10676.092,10564.42,10717.214,10559.717,10682.293,6.201,2.36
2026-02-19,10676.283,10703.38,10593.177,10664.116,10682.523,10706.626,10594.387,10670.284,6.168,3.15
2026-02-20,10664.189,10748.907,10639.701,10720.195,10670.39,10750.001,10640.801,10722.39,2.195,2.89
2026-02-23,10699.674,10739.21,10652.68,10689.098,10705.801,10740.414,10654.801,10695.302,6.204,2.85
2026-02-24,10689.099,10723.68,10642.386,10708.61,10695.211,10725.896,10643.593,10714.701,6.091,2.41
2026-02-25,10708.377,10822.213,10699.407,10799.404,10714.623,10824.417,10701.001,10805.623,6.219,2.08
2026-02-26,10799.216,10871.986,10787.174,10835.183,10805.414,10874.199,10790.384,10841.399,6.216,2.03
2026-02-27,10834.874,10936.995,10833.077,10876.977,10841.126,10939.193,10839.323,10879.202,2.225,2.67
2026-03-02,10816.613,10865.716,10729.477,10786.286,10824.787,10868.92,10730.714,10792.493,6.207,3.25
2026-03-03,10786.489,10789.513,10403.977,10514.907,10792.717,10795.687,10405.199,10521.096,6.189,5.63
2026-03-04,10515.016,10634.713,10439.177,10622.58,10521.196,10636.923,10440.393,10628.811,6.231,4.02
2026-03-05,10622.498,10637.583,10340.592,10403.474,10628.723,10642.702,10342.796,10409.601,6.127,4.12
2026-03-06,10403.613,10483.395,10231.092,10319.913,10409.826,10484.587,10232.32,10322.108,2.195,4.68
2026-03-09,10178.277,10384.592,10079.077,10305.583,10184.508,10386.787,10080.32,10311.826,6.243,6.08
2026-03-10,10305.599,10473.11,10274.583,10380.813,10311.696,10475.314,10277.784,10386.999,6.186,4.23
2026-03-11,10381.499,10420.407,10258.795,10269.589,10387.608,10423.605,10265.001,10275.793,6.204,3.35
2026-03-12,10269.713,10348.91,10242.413,10284.113,10275.917,10350.126,10245.587,10290.311,6.198,3.8
2026-03-13,10283.783,10368.383,10197.392,10236.204,10290.008,10369.608,10198.593,10238.42,2.216,3.3
2026-03-16,10264.08,10377.299,10253.404,10342.898,10270.299,10378.396,10254.501,10349.12,6.222,3.01
2026-03-17,10343.007,10436.204,10300.213,10361.404,10349.214,10437.426,10302.42,10367.584,6.18,2.56
2026-03-18,10361.207,10448.683,10212.192,10218.899,10367.417,10449.923,10218.405,10225.017,6.118,3.01
2026-03-19,10219.11,10249.113,9993.898,10068.589,10225.323,10252.299,9995.084,10074.79,6.201,4.82
2026-03-20,10068.701,10126.398,9791.41,9837.874,10074.923,10127.623,9793.584,9840.105,2.231,4.86
2026-03-23,9796.001,10036.913,9666.499,9958.883,9802.184,10038.123,9667.617,9965.114,6.231,6.16
2026-03-24,9958.416,10030.401,9823.18,10010.074,9964.584,10032.614,9826.387,10016.308,6.234,4.76
2026-03-25,10009.904,10129.192,9999.398,10084.299,10016.102,10131.426,10001.62,10090.402,6.103,3.25
2026-03-26,10084.577,10101.416,9927.983,9962.001,10090.826,10107.626,9930.196,9968.205,6.204,3.08
2026-03-27,9962.207,10028.495,9880.001,9894.998,9968.393,10030.217,9881.214,9897.187,2.189,3.05
2026-03-30,9853.307,10153.004,9853.307,10053.713,9856.502,10155.211,9856.502,10059.905,6.192,3.44
2026-03-31,10035.777,10288.874,10022.81,10287.199,10038.984,10295.117,10026.002,10293.201,6.002,4.68
2026-04-01,10287.274,10425.516,10269.777,10410.292,10290.52,10427.726,10272.987,10416.484,6.192,3.28
2026-04-02,10420.199,10468.399,10254.086,10450.91,10423.201,10469.526,10257.201,10459.108,8.198,2.95
2026-04-06,10416.316,10491.413,10415.777,10480.377,10424.493,10499.602,10423.99,10488.596,8.219,1.19
2026-04-07,10479.077,10616.613,10328.786,10615.98,10482.326,10624.811,10329.984,10624.205,8.225,5.07
2026-04-08,10619.107,10724.083,10557.613,10648.974,10622.299,10727.284,10560.82,10655.199,6.225,4.0
2026-04-09,10647.216,10661.192,10547.907,10594.183,10650.402,10664.399,10549.108,10600.417,6.234,3.15
2026-04-10,10594.713,10660.183,10567.186,10595.413,10597.89,10661.405,10569.426,10597.602,2.189,2.39
2026-04-13,10499.213,10618.192,10493.901,10612.799,10502.387,10624.402,10497.084,10618.923,6.124,2.68
2026-04-14,10623.692,10641.677,10568.413,10628.583,10626.902,10643.914,10569.587,10634.82,6.237,2.17
2026-04-15,10633.377,10639.413,10540.88,10555.816,10636.611,10640.584,10543.123,10561.993,6.177,2.42
2026-04-16,10555.798,10646.477,10546.786,10586.377,10559.014,10647.711,10549.987,10592.587,6.21,2.05
2026-04-17,10590.307,10697.013,10545.983,10693.283,10593.502,10699.22,10547.205,10695.499,2.216,2.41
2026-04-20,10614.795,10636.399,10580.48,10617.989,10618.023,10639.514,10581.705,10624.19,6.201,2.25
2026-04-21,10615.786,10635.016,10424.074,10473.416,10618.996,10636.208,10430.296,10479.599,6.183,2.8
2026-04-22,10469.804,10523.01,10450.377,10456.495,10473.023,10524.214,10453.601,10462.723,6.228,4.68
2026-04-23,10457.904,10470.907,10339.604,10419.798,10461.102,10472.111,10341.799,10425.987,6.189,7.58
2026-04-24,10418.61,10449.916,10358.574,10385.916,10421.823,10451.108,10361.805,10388.105,2.189,6.43
2026-04-27,10370.086,10409.916,10313.698,10327.095,10373.326,10411.12,10316.584,10333.32,6.225,4.71
2026-04-28,10335.377,10381.616,10286.199,10311.092,10338.587,10382.805,10287.326,10317.299,6.207,6.09
2026-04-29,10323.616,10331.377,10168.477,10209.307,10326.796,10332.59,10170.717,10215.496,6.189,6.54
2026-04-30,10219.698,10390.916,10177.377,10364.28,10222.801,10392.117,10180.611,10370.517,6.237,7.38
2026-05-01,10369.216,10392.377,10287.895,10362.201,10372.411,10394.608,10289.09,10364.405,2.204,2.04
2026-05-04,10359.183,10380.192,10217.677,10268.386,10367.402,10388.408,10225.914,10276.596,8.21,0.9
2026-05-05,10311.416,10312.401,10163.213,10292.399,10314.587,10315.614,10164.402,10298.496,6.097,5.35
2026-05-06,10290.216,10488.207,10290.216,10435.599,10293.301,10489.417,10293.301,10441.723,6.124,7.35
2026-05-07,10423.798,10474.016,10187.274,10201.599,10427.002,10476.199,10193.484,10207.699,6.1,7.07
2026-05-08,10224.489,10280.513,10180.48,10261.298,10227.601,10281.702,10181.708,10263.514,2.216,5.26
2026-05-11,10243.298,10287.489,10218.995,10242.286,10246.49,10288.723,10221.193,10248.505,6.219,4.18
2026-05-12,10241.986,10294.004,10148.513,10273.174,10245.214,10296.217,10149.687,10279.387,6.213,5.83
2026-05-13,10274.813,10359.283,10239.486,10349.804,10278.017,10363.19,10240.714,10355.993,6.189,4.27
2026-05-14,10351.883,10403.098,10304.574,10358.504,10355.114,10405.326,10307.793,10364.726,6.222,3.96
2026-05-15,10361.107,10367.904,10158.377,10195.574,10364.314,10371.126,10160.584,10197.784,2.21,6.03
2026-05-18,10168.616,10359.61,10110.092,10350.983,10171.811,10365.82,10112.326,10357.205,6.222,8.24
2026-05-19,10355.08,10409.892,10286.486,10305.116,10358.32,10411.105,10289.787,10311.308,6.192,5.88
2026-05-20,10299.583,10458.877,10232.886,10408.092,10302.823,10460.102,10236.099,10414.29,6.198,4.85
2026-05-21,10406.916,10522.08,10348.586,10510.68,10410.096,10524.299,10349.808,10516.908,6.228,6.36
2026-05-22,10517.598,10522.607,10439.074,10442.898,10520.787,10525.811,10441.287,10445.096,2.198,4.49
2026-05-25,10493.113,10585.199,10491.389,10545.799,10501.323,10593.326,10499.605,10553.92,8.121,0.16
2026-05-26,10537.499,10558.004,10479.177,10505.913,10540.623,10559.205,10481.387,10512.099,6.186,4.89
2026-05-27,10510.501,10522.516,10460.001,10473.01,10513.696,10523.72,10461.211,10479.211,6.201,4.11
2026-05-28,10474.104,10480.907,10380.913,10408.116,10477.311,10484.117,10382.001,10414.317,6.201,5.05
2026-05-29,10408.107,10462.392,10367.074,10368.913,10411.302,10463.584,10369.323,10371.117,2.204,4.12
2026-06-01,10375.092,10410.613,10287.407,10310.016,10378.296,10412.323,10288.623,10316.217,6.201,4.57
2026-06-02,10314.699,10395.999,10300.401,10379.88,10317.796,10397.108,10303.596,10386.099,6.219,3.88
2026-06-03,10386.901,10389.907,10279.016,10283.198,10390.084,10393.084,10285.101,10289.426,6.228,4.36
2026-06-04,10287.992,10398.492,10236.489,10363.01,10291.223,10400.684,10237.601,10369.217,6.207,5.37
2026-06-05,10368.016,10416.51,10313.307,10334.483,10371.184,10417.72,10315.999,10337.214,2.731,5.57
2026-06-08,10334.483,10411.801,10285.98,10340.107,10337.711,10413.008,10288.208,10346.201,6.094,7.76
2026-06-09,10334.498,10372.316,10179.48,10274.877,10337.687,10375.526,10181.693,10281.084,6.207,7.95
2026-06-10,10273.78,10303.399,10122.28,10166.413,10277.014,10306.526,10123.52,10172.584,6.171,8.08
2026-06-11,10175.299,10418.186,10150.204,10414.81,10178.411,10422.699,10153.405,10421.005,6.195,8.0
2026-06-12,10412.995,10483.707,10366.68,10463.794,10416.208,10485.923,10367.908,10479.997,16.203,8.34
2026-06-15,10516.195,10569.75,10397.895,10402.698,10519.387,10571.423,10401.801,10418.702,16.004,4.93
2026-06-16,10405.299,10523.707,10404.489,10471.016,10408.301,10524.914,10407.714,10477.226,6.21,4.19
2026-06-17,10474.51,10511.374,10430.374,10470.574,10477.601,10513.599,10432.623,10476.701,6.127,5.7
2026-06-18,10472.089,10493.813,10376.901,10404.486,10475.296,10497.002,10378.117,10410.726,6.24,6.49
2026-06-19,10410.21,10419.386,10339.68,10355.877,10413.393,10420.587,10341.905,10358.093,2.216,3.14
2026-06-22,10327.389,10447.201,10327.389,10412.201,10330.626,10449.387,10330.626,10418.42,6.219,4.52
2026-06-23,10409.898,10471.401,10318.395,10431.074,10413.084,10473.626,10320.59,10437.305,6.231,5.56
2026-06-24,10427.18,10471.692,10374.186,10457.677,10430.405,10472.911,10377.301,10463.911,6.234,6.97
2026-06-25,10459.907,10578.886,10413.916,10516.801,10463.087,10580.096,10416.099,10523.005,6.204,2.09
2026-06-26,10514.916,10526.41,10401.398,10475.413,10518.001,10528.587,10402.59,10477.608,2.195,7.08
2026-06-29,10492.392,10529.299,10469.395,10510.083,10495.59,10531.42,10470.587,10516.305,6.222,4.91
2026-06-30,10512.177,10613.216,10488.174,10510.386,10515.399,10614.414,10491.387,10516.596,6.21,4.79
2026-07-01,10501.883,10508.686,10426.799,10470.283,10505.108,10511.914,10427.801,10476.496,6.213,5.77
2026-07-02,10466.616,10696.289,10439.077,10675.607,10469.811,10697.289,10440.296,10679.701,4.094,10.95
2026-07-03,10686.813,10707.313,10601.077,10642.483,10689.026,10709.484,10602.077,10644.011,1.528,7.67
2026-07-06,10657.886,10734.686,10617.983,10662.299,10660.123,10735.686,10618.983,10666.301,4.002,9.95
2026-07-07,10661.177,10747.21,10640.416,10645.798,10663.399,10748.21,10642.596,10649.99,4.192,13.65
2026-07-08,10646.204,10680.907,10465.495,10495.077,10648.301,10683.117,10466.495,10499.323,4.246,23.5
2026-07-09,10505.198,10526.307,10394.683,10468.516,10507.426,10527.926,10395.683,10472.714,4.198,14.18
2026-07-10,10470.38,10549.004,10452.395,10527.91,10472.614,10550.511,10454.614,10532.108,4.198,11.56
2026-07-13,10509.883,10535.299,10451.713,10487.595,10512.105,10536.299,10453.905,10491.814,4.219,13.1
2026-07-14,10493.898,10555.48,10422.477,10496.595,10496.087,10556.48,10423.477,10500.814,4.219,17.25
2026-07-15,10500.186,10546.716,10439.683,10489.801,10504.402,10547.716,10440.683,10494.002,4.201,12.78
2026-07-16,10486.413,10590.507,10438.507,10557.816,10488.611,10591.996,10440.014,10561.999,4.183,13.71
2026-07-17,10563.683,10626.51,10500.683,10573.189,10565.923,10627.51,10502.884,10577.396,4.207,18.21
2026-07-20,10560.383,10597.299,10451.792,10465.783,10562.62,10598.299,10453.32,10469.996,4.213,15.59
2026-07-21,10468.707,10612.816,10442.883,10598.895,10470.92,10614.317,10445.117,10603.102,4.207,11.95
2026-07-22,10596.186,10764.516,10566.974,10707.383,10600.423,10765.516,10567.974,10711.623,4.24,15.82
