date,bid_open,bid_high,bid_low,bid_close,ask_open,ask_high,ask_low,ask_close,spread_close,volume
2007-01-04,17322.5,17379.461,17315.76,17353.67,17322.5,17379.461,17315.76,17353.67,0.0,0.0
2007-01-05,17315.539,17327.131,17011.1,17091.59,17315.539,17327.131,17011.1,17091.59,0.0,0.0
2007-01-09,17018.891,17261.029,16983.971,17237.77,17018.891,17261.029,16983.971,17237.77,0.0,0.0
2007-01-10,17192.42,17199.42,16847.57,16942.4,17192.42,17199.42,16847.57,16942.4,0.0,0.0
2007-01-11,16958.57,17057.449,16758.461,16838.17,16958.57,17057.449,16758.461,16838.17,0.0,0.0
2007-01-12,16979.73,17160.77,16941.391,17057.01,16979.73,17160.77,16941.391,17057.01,0.0,0.0
2007-01-15,17160.25,17273.58,17144.439,17209.92,17160.25,17273.58,17144.439,17209.92,0.0,0.0
2007-01-16,17190.9,17287.961,17175.85,17202.461,17190.9,17287.961,17175.85,17202.461,0.0,0.0
2007-01-17,17153.25,17335.029,17002.67,17261.35,17153.25,17335.029,17002.67,17261.35,0.0,0.0
2007-01-18,17248.141,17408.619,17220.42,17370.93,17248.141,17408.619,17220.42,17370.93,0.0,0.0
2007-01-19,17340.381,17378.211,17242.77,17310.439,17340.381,17378.211,17242.77,17310.439,0.0,0.0
2007-01-22,17429.9,17484.59,17401.32,17424.18,17429.9,17484.59,17401.32,17424.18,0.0,0.0
2007-01-23,17350.311,17442.0,17321.289,17408.57,17350.311,17442.0,17321.289,17408.57,0.0,0.0
2007-01-24,17505.311,17553.029,17498.359,17507.4,17505.311,17553.029,17498.359,17507.4,0.0,0.0
2007-01-25,17604.6,17617.641,17427.539,17458.301,17604.6,17617.641,17427.539,17458.301,0.0,0.0
2007-01-26,17368.051,17421.93,17300.84,17421.93,17368.051,17421.93,17300.84,17421.93,0.0,0.0
2007-01-29,17393.189,17489.59,17319.369,17470.461,17393.189,17489.59,17319.369,17470.461,0.0,0.0
2007-01-30,17510.0,17558.529,17452.631,17490.189,17510.0,17558.529,17452.631,17490.189,0.0,0.0
2007-01-31,17493.83,17497.859,17275.84,17383.42,17493.83,17497.859,17275.84,17383.42,0.0,0.0
2007-02-01,17377.029,17543.961,17361.01,17519.5,17377.029,17543.961,17361.01,17519.5,0.0,0.0
2007-02-02,17569.16,17633.609,17532.641,17547.109,17569.16,17633.609,17532.641,17547.109,0.0,0.0
2007-02-05,17531.41,17531.41,17294.98,17344.801,17531.41,17531.41,17294.98,17344.801,0.0,0.0
2007-02-06,17384.5,17433.27,17345.1,17406.859,17384.5,17433.27,17345.1,17406.859,0.0,0.0
2007-02-07,17367.91,17374.82,17199.66,17292.32,17367.91,17374.82,17199.66,17292.32,0.0,0.0
2007-02-08,17368.35,17400.35,17212.779,17292.48,17368.35,17400.35,17212.779,17292.48,0.0,0.0
2007-02-09,17339.561,17545.711,17274.891,17504.33,17339.561,17545.711,17274.891,17504.33,0.0,0.0
2007-02-13,17481.77,17628.029,17440.43,17621.449,17481.77,17628.029,17440.43,17621.449,0.0,0.0
2007-02-14,17662.289,17789.92,17648.811,17752.641,17662.289,17789.92,17648.811,17752.641,0.0,0.0
2007-02-15,17891.24,17911.58,17815.17,17897.23,17891.24,17911.58,17815.17,17897.23,0.0,0.0
2007-02-16,17828.779,17884.891,17793.35,17875.65,17828.779,17884.891,17793.35,17875.65,0.0,0.0
2007-02-19,17835.131,17974.0,17810.051,17940.09,17835.131,17974.0,17810.051,17940.09,0.0,0.0
2007-02-20,17919.33,17953.029,17828.949,17939.119,17919.33,17953.029,17828.949,17939.119,0.0,0.0
2007-02-21,17896.6,17968.26,17850.09,17913.211,17896.6,17968.26,17850.09,17913.211,0.0,0.0
2007-02-22,18033.23,18132.84,18024.48,18108.789,18033.23,18132.84,18024.48,18108.789,0.0,0.0
2007-02-23,18113.561,18239.131,18046.42,18188.42,18113.561,18239.131,18046.42,18188.42,0.0,0.0
2007-02-26,18219.75,18300.391,18145.42,18215.35,18219.75,18300.391,18145.42,18215.35,0.0,0.0
2007-02-27,18239.301,18272.68,18073.221,18119.92,18239.301,18272.68,18073.221,18119.92,0.0,0.0
2007-02-28,17843.609,17843.609,17382.789,17604.119,17843.609,17843.609,17382.789,17604.119,0.0,0.0
2007-03-01,17542.23,17557.42,17261.6,17453.51,17542.23,17557.42,17261.6,17453.51,0.0,0.0
2007-03-02,17351.4,17356.449,17160.43,17217.93,17351.4,17356.449,17160.43,17217.93,0.0,0.0
2007-03-05,16992.439,16992.439,16532.91,16642.25,16992.439,16992.439,16532.91,16642.25,0.0,0.0
2007-03-06,16654.85,16882.92,16649.1,16844.5,16654.85,16882.92,16649.1,16844.5,0.0,0.0
2007-03-07,16982.301,16988.01,16731.77,16764.619,16982.301,16988.01,16731.77,16764.619,0.0,0.0
2007-03-08,16729.789,17090.311,16685.949,17090.311,16729.789,17090.311,16685.949,17090.311,0.0,0.0
2007-03-09,17224.67,17246.211,17100.74,17164.039,17224.67,17246.211,17100.74,17164.039,0.0,0.0
2007-03-12,17312.141,17325.449,17206.939,17292.391,17312.141,17325.449,17206.939,17292.391,0.0,0.0
2007-03-13,17268.711,17299.48,17153.199,17178.84,17268.711,17299.48,17153.199,17178.84,0.0,0.0
2007-03-14,16936.189,16936.189,16628.85,16676.891,16936.189,16936.189,16628.85,16676.891,0.0,0.0
2007-03-15,16803.99,16942.311,16760.68,16860.391,16803.99,16942.311,16760.68,16860.391,0.0,0.0
2007-03-16,16779.48,16939.43,16643.76,16744.15,16779.48,16939.43,16643.76,16744.15,0.0,0.0
2007-03-19,16713.99,17026.461,16713.99,17009.551,16713.99,17026.461,16713.99,17009.551,0.0,0.0
2007-03-20,17155.35,17267.74,17146.529,17163.199,17155.35,17267.74,17146.529,17163.199,0.0,0.0
2007-03-22,17383.619,17489.189,17379.4,17419.199,17383.619,17489.189,17379.4,17419.199,0.0,0.0
2007-03-23,17519.51,17534.77,17407.971,17480.609,17519.51,17534.77,17407.971,17480.609,0.0,0.0
2007-03-26,17517.92,17558.039,17425.0,17521.961,17517.92,17558.039,17425.0,17521.961,0.0,0.0
2007-03-27,17357.26,17516.891,17315.91,17365.051,17357.26,17516.891,17315.91,17365.051,0.0,0.0
2007-03-28,17328.119,17442.619,17141.65,17254.73,17328.119,17442.619,17141.65,17254.73,0.0,0.0
2007-03-29,17119.949,17350.881,17036.221,17263.939,17119.949,17350.881,17036.221,17263.939,0.0,0.0
2007-03-30,17318.85,17380.801,17267.1,17287.65,17318.85,17380.801,17267.1,17287.65,0.0,0.0
2007-04-02,17346.25,17425.74,16999.051,17028.41,17346.25,17425.74,16999.051,17028.41,0.0,0.0
2007-04-03,17154.779,17279.73,17095.92,17244.051,17154.779,17279.73,17095.92,17244.051,0.0,0.0
2007-04-04,17400.68,17576.51,17394.141,17544.09,17400.68,17576.51,17394.141,17544.09,0.0,0.0
2007-04-05,17507.461,17531.301,17430.381,17491.42,17507.461,17531.301,17430.381,17491.42,0.0,0.0
2007-04-06,17502.9,17560.301,17422.551,17484.779,17502.9,17560.301,17422.551,17484.779,0.0,0.0
2007-04-09,17606.029,17747.82,17606.029,17743.76,17606.029,17747.82,17606.029,17743.76,0.0,0.0
2007-04-10,17631.02,17706.92,17613.15,17664.689,17631.02,17706.92,17613.15,17664.689,0.0,0.0
2007-04-11,17699.391,17723.391,17618.189,17670.07,17699.391,17723.391,17618.189,17670.07,0.0,0.0
2007-04-12,17601.65,17601.65,17455.18,17540.42,17601.65,17601.65,17455.18,17540.42,0.0,0.0
2007-04-13,17629.02,17662.891,17327.369,17363.949,17629.02,17662.891,17327.369,17363.949,0.0,0.0
2007-04-16,17507.18,17696.869,17507.18,17628.301,17507.18,17696.869,17507.18,17628.301,0.0,0.0
2007-04-17,17750.67,17782.08,17452.119,17527.449,17750.67,17782.08,17452.119,17527.449,0.0,0.0
2007-04-18,17557.4,17706.85,17538.34,17667.33,17557.4,17706.85,17538.34,17667.33,0.0,0.0
2007-04-19,17530.0,17530.0,17219.73,17371.971,17530.0,17530.0,17219.73,17371.971,0.0,0.0
2007-04-20,17471.561,17502.02,17404.619,17452.619,17471.561,17502.02,17404.619,17452.619,0.0,0.0
2007-04-23,17589.609,17656.551,17413.641,17455.369,17589.609,17656.551,17413.641,17455.369,0.0,0.0
2007-04-24,17363.84,17500.34,17305.779,17451.77,17363.84,17500.34,17305.779,17451.77,0.0,0.0
2007-04-25,17379.52,17379.52,17221.551,17236.16,17379.52,17379.52,17221.551,17236.16,0.0,0.0
2007-04-26,17359.84,17496.109,17321.051,17429.17,17359.84,17496.109,17321.051,17429.17,0.0,0.0
2007-04-27,17377.039,17542.25,17299.369,17400.41,17377.039,17542.25,17299.369,17400.41,0.0,0.0
2007-05-01,17396.301,17396.301,17203.029,17274.98,17396.301,17396.301,17203.029,17274.98,0.0,0.0
2007-05-02,17310.75,17441.1,17227.09,17394.92,17310.75,17441.1,17227.09,17394.92,0.0,0.0
2007-05-07,17564.17,17715.99,17558.24,17669.83,17564.17,17715.99,17558.24,17669.83,0.0,0.0
2007-05-08,17651.471,17711.67,17587.92,17656.84,17651.471,17711.67,17587.92,17656.84,0.0,0.0
2007-05-09,17616.58,17753.33,17616.58,17748.119,17616.58,17753.33,17616.58,17748.119,0.0,0.0
2007-05-10,17793.49,17827.48,17712.891,17736.961,17793.49,17827.48,17712.891,17736.961,0.0,0.0
2007-05-11,17616.02,17616.02,17455.279,17553.721,17616.02,17616.02,17455.279,17553.721,0.0,0.0
2007-05-14,17682.74,17786.65,17673.859,17677.939,17682.74,17786.65,17673.859,17677.939,0.0,0.0
2007-05-15,17577.141,17609.551,17491.59,17512.98,17577.141,17609.551,17491.59,17512.98,0.0,0.0
2007-05-16,17487.0,17539.949,17430.699,17529.0,17487.0,17539.949,17430.699,17529.0,0.0,0.0
2007-05-17,17586.33,17656.07,17482.439,17498.6,17586.33,17656.07,17482.439,17498.6,0.0,0.0
2007-05-18,17563.529,17563.529,17320.811,17399.58,17563.529,17563.529,17320.811,17399.58,0.0,0.0
2007-05-21,17455.551,17599.35,17411.51,17556.869,17455.551,17599.35,17411.51,17556.869,0.0,0.0
2007-05-22,17578.311,17730.84,17545.26,17680.051,17578.311,17730.84,17545.26,17680.051,0.0,0.0
2007-05-23,17763.15,17802.711,17699.119,17705.119,17763.15,17802.711,17699.119,17705.119,0.0,0.0
2007-05-24,17680.449,17760.57,17606.561,17696.971,17680.449,17760.57,17606.561,17696.971,0.0,0.0
2007-05-25,17529.27,17529.27,17370.18,17481.211,17529.27,17529.27,17370.18,17481.211,0.0,0.0
2007-05-28,17544.98,17630.369,17544.67,17587.59,17544.98,17630.369,17544.67,17587.59,0.0,0.0
2007-05-29,17524.82,17700.52,17521.641,17672.561,17524.82,17700.52,17521.641,17672.561,0.0,0.0
2007-05-30,17664.369,17727.17,17484.301,17588.26,17664.369,17727.17,17484.301,17588.26,0.0,0.0
2007-05-31,17715.77,17875.75,17701.57,17875.75,17715.77,17875.75,17701.57,17875.75,0.0,0.0
2007-06-01,17949.92,18017.73,17943.68,17958.881,17949.92,18017.73,17943.68,17958.881,0.0,0.0
2007-06-04,18067.9,18071.801,17973.42,17973.42,18067.9,18071.801,17973.42,17973.42,0.0,0.0
2007-06-05,18019.789,18071.721,17950.449,18053.811,18019.789,18071.721,17950.449,18053.811,0.0,0.0
2007-06-06,18001.199,18073.051,17991.189,18040.93,18001.199,18073.051,17991.189,18040.93,0.0,0.0
2007-06-07,17879.01,18053.381,17866.52,18053.381,17879.01,18053.381,17866.52,18053.381,0.0,0.0
2007-06-08,17904.68,17904.68,17696.51,17779.09,17904.68,17904.68,17696.51,17779.09,0.0,0.0
2007-06-11,17899.02,17932.1,17801.631,17834.48,17899.02,17932.1,17801.631,17834.48,0.0,0.0
2007-06-12,17845.221,17862.99,17735.561,17760.91,17845.221,17862.99,17735.561,17760.91,0.0,0.0
2007-06-13,17631.869,17781.41,17591.93,17732.77,17631.869,17781.41,17591.93,17732.77,0.0,0.0
2007-06-14,17834.779,17875.02,17815.301,17842.289,17834.779,17875.02,17815.301,17842.289,0.0,0.0
2007-06-15,17945.84,18007.99,17930.34,17971.49,17945.84,18007.99,17930.34,17971.49,0.0,0.0
2007-06-18,18127.41,18194.26,18112.93,18149.52,18127.41,18194.26,18112.93,18149.52,0.0,0.0
2007-06-19,18131.59,18163.609,18103.561,18163.609,18131.59,18163.609,18103.561,18163.609,0.0,0.0
2007-06-20,18173.07,18297.0,18141.949,18211.68,18173.07,18297.0,18141.949,18211.68,0.0,0.0
2007-06-21,18117.301,18287.73,18107.811,18240.301,18117.301,18287.73,18107.811,18240.301,0.0,0.0
2007-06-22,18177.891,18200.109,18092.359,18188.631,18177.891,18200.109,18092.359,18188.631,0.0,0.0
2007-06-25,18107.68,18203.561,18079.85,18087.48,18107.68,18203.561,18079.85,18087.48,0.0,0.0
2007-06-26,18098.33,18101.891,18008.6,18066.109,18098.33,18101.891,18008.6,18066.109,0.0,0.0
2007-06-27,17981.77,17983.35,17848.051,17849.279,17981.77,17983.35,17848.051,17849.279,0.0,0.0
2007-06-28,17915.631,17960.221,17893.369,17932.27,17915.631,17960.221,17893.369,17932.27,0.0,0.0
2007-06-29,18010.5,18144.631,17973.5,18138.359,18010.5,18144.631,17973.5,18138.359,0.0,0.0
2007-07-02,18139.039,18175.301,18062.49,18146.301,18139.039,18175.301,18062.49,18146.301,0.0,0.0
2007-07-03,18206.49,18230.891,18146.74,18149.9,18206.49,18230.891,18146.74,18149.9,0.0,0.0
2007-07-04,18158.77,18207.971,18143.58,18168.721,18158.77,18207.971,18143.58,18168.721,0.0,0.0
2007-07-05,18191.891,18295.27,18191.891,18221.48,18191.891,18295.27,18191.891,18221.48,0.0,0.0
2007-07-06,18184.641,18184.641,18086.01,18140.939,18184.641,18184.641,18086.01,18140.939,0.0,0.0
2007-07-09,18226.07,18282.15,18213.59,18261.98,18226.07,18282.15,18213.59,18261.98,0.0,0.0
2007-07-10,18244.689,18259.811,18204.039,18252.67,18244.689,18259.811,18204.039,18252.67,0.0,0.0
2007-07-11,18116.66,18116.66,18028.869,18049.51,18116.66,18116.66,18028.869,18049.51,0.0,0.0
2007-07-12,18105.891,18130.439,17919.17,17984.141,18105.891,18130.439,17919.17,17984.141,0.0,0.0
2007-07-13,18161.02,18268.641,18150.99,18238.949,18161.02,18268.641,18150.99,18238.949,0.0,0.0
2007-07-17,18269.359,18269.359,18167.82,18217.27,18269.359,18269.359,18167.82,18217.27,0.0,0.0
2007-07-18,18136.061,18136.061,17964.279,18015.58,18136.061,18136.061,17964.279,18015.58,0.0,0.0
2007-07-19,18095.949,18131.119,18037.33,18116.57,18095.949,18131.119,18037.33,18116.57,0.0,0.0
2007-07-20,18148.6,18223.039,18124.74,18157.93,18148.6,18223.039,18124.74,18157.93,0.0,0.0
2007-07-23,17995.711,18009.471,17892.75,17963.641,17995.711,18009.471,17892.75,17963.641,0.0,0.0
2007-07-24,17998.76,18018.939,17906.109,18002.029,17998.76,18018.939,17906.109,18002.029,0.0,0.0
2007-07-25,17810.971,17881.311,17733.961,17858.42,17810.971,17881.311,17733.961,17858.42,0.0,0.0
2007-07-26,17807.23,17861.471,17678.98,17702.09,17807.23,17861.471,17678.98,17702.09,0.0,0.0
2007-07-27,17454.59,17454.59,17196.16,17283.811,17454.59,17454.59,17196.16,17283.811,0.0,0.0
2007-07-30,17138.529,17289.301,17042.66,17289.301,17138.529,17289.301,17042.66,17289.301,0.0,0.0
2007-07-31,17318.01,17318.01,17195.289,17248.891,17318.01,17318.01,17195.289,17248.891,0.0,0.0
2007-08-01,17169.199,17169.199,16845.539,16870.98,17169.199,17169.199,16845.539,16870.98,0.0,0.0
2007-08-02,16956.33,16999.16,16652.801,16984.109,16956.33,16999.16,16652.801,16984.109,0.0,0.0
2007-08-03,17019.801,17102.07,16913.27,16979.859,17019.801,17102.07,16913.27,16979.859,0.0,0.0
2007-08-06,16781.141,16951.98,16675.391,16914.461,16781.141,16951.98,16675.391,16914.461,0.0,0.0
2007-08-07,17009.631,17049.449,16863.461,16921.77,17009.631,17049.449,16863.461,16921.77,0.0,0.0
2007-08-08,16930.391,17085.1,16911.68,17029.279,16930.391,17085.1,16911.68,17029.279,0.0,0.0
2007-08-09,17170.359,17274.33,17148.949,17170.6,17170.359,17274.33,17148.949,17170.6,0.0,0.0
2007-08-10,16923.211,16948.961,16651.711,16764.09,16923.211,16948.961,16651.711,16764.09,0.0,0.0
2007-08-13,16791.801,16948.4,16725.551,16800.051,16791.801,16948.4,16725.551,16800.051,0.0,0.0
2007-08-14,16824.631,16855.051,16747.939,16844.609,16824.631,16855.051,16747.939,16844.609,0.0,0.0
2007-08-15,16659.07,16667.359,16433.301,16475.609,16659.07,16667.359,16433.301,16475.609,0.0,0.0
2007-08-16,16296.4,16296.4,15859.46,16148.49,16296.4,16296.4,15859.46,16148.49,0.0,0.0
2007-08-17,16035.38,16062.59,15262.1,15273.68,16035.38,16062.59,15262.1,15273.68,0.0,0.0
2007-08-20,15477.26,15940.61,15477.26,15732.48,15477.26,15940.61,15477.26,15732.48,0.0,0.0
2007-08-21,15773.86,16101.64,15754.51,15901.34,15773.86,16101.64,15754.51,15901.34,0.0,0.0
2007-08-22,15866.6,15957.96,15787.96,15900.64,15866.6,15957.96,15787.96,15900.64,0.0,0.0
2007-08-23,16093.82,16333.36,16093.82,16316.32,16093.82,16333.36,16093.82,16316.32,0.0,0.0
2007-08-24,16286.01,16329.96,16188.08,16248.97,16286.01,16329.96,16188.08,16248.97,0.0,0.0
2007-08-27,16429.01,16504.721,16263.95,16301.39,16429.01,16504.721,16263.95,16301.39,0.0,0.0
2007-08-28,16214.09,16343.28,16192.84,16287.49,16214.09,16343.28,16192.84,16287.49,0.0,0.0
2007-08-29,16068.1,16068.1,15830.28,16012.83,16068.1,16068.1,15830.28,16012.83,0.0,0.0
2007-08-30,16182.09,16269.66,16091.28,16153.82,16182.09,16269.66,16091.28,16153.82,0.0,0.0
2007-08-31,16270.99,16569.09,16266.23,16569.09,16270.99,16569.09,16266.23,16569.09,0.0,0.0
2007-09-03,16511.07,16575.971,16452.74,16524.93,16511.07,16575.971,16452.74,16524.93,0.0,0.0
2007-09-04,16445.73,16511.641,16392.211,16420.471,16445.73,16511.641,16392.211,16420.471,0.0,0.0
2007-09-05,16506.109,16553.221,16154.9,16158.45,16506.109,16553.221,16154.9,16158.45,0.0,0.0
2007-09-06,16003.88,16257.0,15840.05,16257.0,16003.88,16257.0,15840.05,16257.0,0.0,0.0
2007-09-07,16179.78,16230.58,16027.93,16122.16,16179.78,16230.58,16027.93,16122.16,0.0,0.0
2007-09-10,15906.52,15906.52,15651.83,15764.97,15906.52,15906.52,15651.83,15764.97,0.0,0.0
2007-09-11,15787.86,15940.38,15610.65,15877.67,15787.86,15940.38,15610.65,15877.67,0.0,0.0
2007-09-12,15978.78,16032.26,15731.32,15797.6,15978.78,16032.26,15731.32,15797.6,0.0,0.0
2007-09-13,15886.76,15931.09,15802.36,15821.19,15886.76,15931.09,15802.36,15821.19,0.0,0.0
2007-09-14,15895.05,16142.08,15877.09,16127.42,15895.05,16142.08,15877.09,16127.42,0.0,0.0
2007-09-18,16037.49,16037.49,15780.9,15801.8,16037.49,16037.49,15780.9,15801.8,0.0,0.0
2007-09-19,16038.12,16386.17,16038.12,16381.54,16038.12,16386.17,16038.12,16381.54,0.0,0.0
2007-09-20,16474.66,16491.449,16344.28,16413.789,16474.66,16491.449,16344.28,16413.789,0.0,0.0
2007-09-21,16284.43,16353.97,16245.94,16312.61,16284.43,16353.97,16245.94,16312.61,0.0,0.0
2007-09-25,16317.19,16434.801,16240.26,16401.73,16317.19,16434.801,16240.26,16401.73,0.0,0.0
2007-09-26,16388.51,16457.721,16388.51,16435.74,16388.51,16457.721,16388.51,16435.74,0.0,0.0
2007-09-27,16551.939,16868.939,16551.939,16832.221,16551.939,16868.939,16551.939,16832.221,0.0,0.0
2007-09-28,16903.641,16929.26,16755.211,16785.689,16903.641,16929.26,16755.211,16785.689,0.0,0.0
2007-10-01,16773.1,16899.84,16685.801,16845.961,16773.1,16899.84,16685.801,16845.961,0.0,0.0
2007-10-02,17027.92,17072.67,16986.381,17046.779,17027.92,17072.67,16986.381,17046.779,0.0,0.0
2007-10-03,17066.141,17205.42,17017.77,17199.891,17066.141,17205.42,17017.77,17199.891,0.0,0.0
2007-10-04,17085.32,17160.471,17043.76,17092.49,17085.32,17160.471,17043.76,17092.49,0.0,0.0
2007-10-05,17070.609,17144.35,17032.75,17065.039,17070.609,17144.35,17032.75,17065.039,0.0,0.0
2007-10-09,17166.17,17237.4,17133.52,17159.9,17166.17,17237.4,17133.52,17159.9,0.0,0.0
2007-10-10,17231.141,17254.52,17146.391,17177.891,17231.141,17254.52,17146.391,17177.891,0.0,0.0
2007-10-11,17188.811,17488.971,17154.75,17458.98,17188.811,17488.971,17154.75,17458.98,0.0,0.0
2007-10-12,17417.939,17441.75,17280.6,17331.17,17417.939,17441.75,17280.6,17331.17,0.0,0.0
2007-10-15,17399.67,17430.09,17292.131,17358.15,17399.67,17430.09,17292.131,17358.15,0.0,0.0
2007-10-16,17267.07,17283.051,17104.199,17137.92,17267.07,17283.051,17104.199,17137.92,0.0,0.0
2007-10-17,17114.199,17114.199,16795.74,16955.311,17114.199,17114.199,16795.74,16955.311,0.0,0.0
2007-10-18,16974.689,17147.73,16974.689,17106.09,16974.689,17147.73,16974.689,17106.09,0.0,0.0
2007-10-19,16965.0,16965.0,16711.57,16814.369,16965.0,16965.0,16711.57,16814.369,0.0,0.0
2007-10-22,16563.57,16563.57,16264.7,16438.471,16563.57,16563.57,16264.7,16438.471,0.0,0.0
2007-10-23,16486.711,16554.91,16416.92,16450.58,16486.711,16554.91,16416.92,16450.58,0.0,0.0
2007-10-24,16518.0,16578.59,16330.33,16358.39,16518.0,16578.59,16330.33,16358.39,0.0,0.0
2007-10-25,16368.02,16438.57,16199.02,16284.17,16368.02,16438.57,16199.02,16284.17,0.0,0.0
2007-10-26,16358.61,16505.631,16348.86,16505.631,16358.61,16505.631,16348.86,16505.631,0.0,0.0
2007-10-29,16613.301,16774.18,16613.301,16698.08,16613.301,16774.18,16613.301,16698.08,0.0,0.0
2007-10-30,16655.311,16682.869,16492.561,16651.01,16655.311,16682.869,16492.561,16651.01,0.0,0.0
2007-10-31,16620.59,16738.98,16552.539,16737.631,16620.59,16738.98,16552.539,16737.631,0.0,0.0
2007-11-01,16812.9,16887.039,16795.551,16870.4,16812.9,16887.039,16795.551,16870.4,0.0,0.0
2007-11-02,16647.4,16654.73,16484.539,16517.48,16647.4,16654.73,16484.539,16517.48,0.0,0.0
2007-11-05,16458.141,16458.141,16211.79,16268.92,16458.141,16458.141,16211.79,16268.92,0.0,0.0
2007-11-06,16152.58,16353.93,16144.4,16249.63,16152.58,16353.93,16144.4,16249.63,0.0,0.0
2007-11-07,16325.18,16326.58,16081.03,16096.68,16325.18,16326.58,16081.03,16096.68,0.0,0.0
2007-11-08,15889.03,15891.23,15626.06,15771.57,15889.03,15891.23,15626.06,15771.57,0.0,0.0
2007-11-09,15675.48,15834.97,15566.12,15583.42,15675.48,15834.97,15566.12,15583.42,0.0,0.0
2007-11-12,15377.37,15386.8,14998.51,15197.09,15377.37,15386.8,14998.51,15197.09,0.0,0.0
2007-11-13,15148.16,15235.56,14988.77,15126.63,15148.16,15235.56,14988.77,15126.63,0.0,0.0
2007-11-14,15311.38,15504.99,15287.26,15499.56,15311.38,15504.99,15287.26,15499.56,0.0,0.0
2007-11-15,15536.35,15587.31,15396.3,15396.3,15536.35,15587.31,15396.3,15396.3,0.0,0.0
2007-11-16,15238.73,15238.73,15030.02,15154.61,15238.73,15238.73,15030.02,15154.61,0.0,0.0
2007-11-19,15177.17,15302.76,15040.1,15042.56,15177.17,15302.76,15040.1,15042.56,0.0,0.0
2007-11-20,14868.98,15222.24,14751.27,15211.52,14868.98,15222.24,14751.27,15211.52,0.0,0.0
2007-11-21,15113.83,15154.31,14770.22,14837.66,15113.83,15154.31,14770.22,14837.66,0.0,0.0
2007-11-22,14726.62,15000.18,14669.85,14888.77,14726.62,15000.18,14669.85,14888.77,0.0,0.0
2007-11-26,14921.57,15295.21,14912.83,15135.21,14921.57,15295.21,14912.83,15135.21,0.0,0.0
2007-11-27,14953.93,15312.55,14801.87,15222.85,14953.93,15312.55,14801.87,15222.85,0.0,0.0
2007-11-28,15271.14,15280.91,15089.35,15153.78,15271.14,15280.91,15089.35,15153.78,0.0,0.0
2007-11-29,15339.61,15555.04,15339.61,15513.74,15339.61,15555.04,15339.61,15513.74,0.0,0.0
2007-11-30,15520.53,15751.2,15520.53,15680.67,15520.53,15751.2,15520.53,15680.67,0.0,0.0
2007-12-03,15747.47,15799.69,15577.69,15628.97,15747.47,15799.69,15577.69,15628.97,0.0,0.0
2007-12-04,15613.89,15683.18,15446.47,15480.19,15613.89,15683.18,15446.47,15480.19,0.0,0.0
2007-12-05,15418.95,15621.54,15365.39,15608.88,15418.95,15621.54,15365.39,15608.88,0.0,0.0
2007-12-06,15782.4,15898.26,15740.94,15874.08,15782.4,15898.26,15740.94,15874.08,0.0,0.0
2007-12-07,15992.24,16107.65,15948.54,15956.37,15992.24,16107.65,15948.54,15956.37,0.0,0.0
2007-12-10,16007.33,16017.14,15826.25,15924.39,16007.33,16017.14,15826.25,15924.39,0.0,0.0
2007-12-11,16003.09,16075.61,15972.45,16044.72,16003.09,16075.61,15972.45,16044.72,0.0,0.0
2007-12-12,15828.65,15963.43,15700.15,15932.26,15828.65,15963.43,15700.15,15932.26,0.0,0.0
2007-12-13,15818.48,15833.1,15532.53,15536.52,15818.48,15833.1,15532.53,15536.52,0.0,0.0
2007-12-14,15547.19,15697.05,15433.77,15514.51,15547.19,15697.05,15433.77,15514.51,0.0,0.0
2007-12-17,15433.3,15508.5,15219.07,15249.79,15433.3,15508.5,15219.07,15249.79,0.0,0.0
2007-12-18,15099.2,15301.69,15004.41,15207.86,15099.2,15301.69,15004.41,15207.86,0.0,0.0
2007-12-19,15165.09,15267.75,15030.51,15030.51,15165.09,15267.75,15030.51,15030.51,0.0,0.0
2007-12-20,15151.37,15161.66,15017.97,15031.6,15151.37,15161.66,15017.97,15031.6,0.0,0.0
2007-12-21,15044.35,15275.61,14998.01,15257.0,15044.35,15275.61,14998.01,15257.0,0.0,0.0
2007-12-25,15441.33,15583.39,15441.33,15552.59,15441.33,15583.39,15441.33,15552.59,0.0,0.0
2007-12-26,15613.96,15653.54,15559.47,15653.54,15613.96,15653.54,15559.47,15653.54,0.0,0.0
2007-12-27,15616.41,15628.31,15535.51,15564.69,15616.41,15628.31,15535.51,15564.69,0.0,0.0
2007-12-28,15413.37,15413.37,15240.96,15307.78,15413.37,15413.37,15240.96,15307.78,0.0,0.0
2008-01-04,15155.73,15156.66,14542.58,14691.41,15155.73,15156.66,14542.58,14691.41,0.0,0.0
2008-01-07,14549.38,14667.85,14438.61,14500.55,14549.38,14667.85,14438.61,14500.55,0.0,0.0
2008-01-08,14429.3,14547.8,14365.86,14528.67,14429.3,14547.8,14365.86,14528.67,0.0,0.0
2008-01-09,14364.71,14602.65,14271.57,14599.16,14364.71,14602.65,14271.57,14599.16,0.0,0.0
2008-01-10,14546.32,14584.73,14388.11,14388.11,14546.32,14584.73,14388.11,14388.11,0.0,0.0
2008-01-11,14419.43,14447.49,14096.54,14110.79,14419.43,14447.49,14096.54,14110.79,0.0,0.0
2008-01-15,14134.91,14224.0,13915.15,13972.63,14134.91,14224.0,13915.15,13972.63,0.0,0.0
2008-01-16,13796.73,13841.93,13500.59,13504.51,13796.73,13841.93,13500.59,13504.51,0.0,0.0
2008-01-17,13596.38,13803.08,13472.45,13783.45,13596.38,13803.08,13472.45,13783.45,0.0,0.0
2008-01-18,13577.5,13902.64,13365.32,13861.29,13577.5,13902.64,13365.32,13861.29,0.0,0.0
2008-01-21,13701.43,13704.65,13320.51,13325.94,13701.43,13704.65,13320.51,13325.94,0.0,0.0
2008-01-22,13125.23,13125.23,12572.68,12573.05,13125.23,13125.23,12572.68,12573.05,0.0,0.0
2008-01-23,12756.31,13063.78,12619.78,12829.06,12756.31,13063.78,12619.78,12829.06,0.0,0.0
2008-01-24,12952.5,13134.77,12952.5,13092.78,12952.5,13134.77,12952.5,13092.78,0.0,0.0
2008-01-25,13258.77,13647.16,13248.89,13629.16,13258.77,13647.16,13248.89,13629.16,0.0,0.0
2008-01-28,13482.84,13501.86,13087.91,13087.91,13482.84,13501.86,13087.91,13087.91,0.0,0.0
2008-01-29,13246.69,13506.81,13224.66,13478.86,13246.69,13506.81,13224.66,13478.86,0.0,0.0
2008-01-30,13500.52,13514.13,13271.13,13345.03,13500.52,13514.13,13271.13,13345.03,0.0,0.0
2008-01-31,13227.48,13622.68,13154.77,13592.47,13227.48,13622.68,13154.77,13592.47,0.0,0.0
2008-02-01,13517.74,13648.39,13444.08,13497.16,13517.74,13648.39,13444.08,13497.16,0.0,0.0
2008-02-04,13642.6,13889.24,13642.6,13859.7,13642.6,13889.24,13642.6,13859.7,0.0,0.0
2008-02-05,13806.17,13821.92,13665.64,13745.5,13806.17,13821.92,13665.64,13745.5,0.0,0.0
2008-02-06,13548.53,13552.19,13099.24,13099.24,13548.53,13552.19,13099.24,13099.24,0.0,0.0
2008-02-07,13077.25,13244.19,12972.55,13207.15,13077.25,13244.19,12972.55,13207.15,0.0,0.0
2008-02-08,13143.08,13279.52,12997.88,13017.24,13143.08,13279.52,12997.88,13017.24,0.0,0.0
2008-02-12,12998.87,13138.28,12923.42,13021.96,12998.87,13138.28,12923.42,13021.96,0.0,0.0
2008-02-13,13162.95,13240.26,13036.62,13068.3,13162.95,13240.26,13036.62,13068.3,0.0,0.0
2008-02-14,13254.59,13626.45,13251.86,13626.45,13254.59,13626.45,13251.86,13626.45,0.0,0.0
2008-02-15,13508.53,13666.68,13356.39,13622.56,13508.53,13666.68,13356.39,13622.56,0.0,0.0
2008-02-18,13627.31,13822.45,13627.31,13635.4,13627.31,13822.45,13627.31,13635.4,0.0,0.0
2008-02-19,13761.76,13853.21,13691.88,13757.91,13761.76,13853.21,13691.88,13757.91,0.0,0.0
2008-02-20,13729.75,13729.75,13310.37,13310.37,13729.75,13729.75,13310.37,13310.37,0.0,0.0
2008-02-21,13462.72,13783.97,13439.59,13688.28,13462.72,13783.97,13439.59,13688.28,0.0,0.0
2008-02-22,13530.19,13540.62,13378.72,13500.46,13530.19,13540.62,13378.72,13500.46,0.0,0.0
2008-02-25,13612.31,13969.18,13612.31,13914.57,13612.31,13969.18,13612.31,13914.57,0.0,0.0
2008-02-26,14036.89,14053.85,13803.46,13824.72,14036.89,14053.85,13803.46,13824.72,0.0,0.0
2008-02-27,14007.32,14105.47,13956.44,14031.3,14007.32,14105.47,13956.44,14031.3,0.0,0.0
2008-02-28,13877.88,13962.3,13794.71,13925.51,13877.88,13962.3,13794.71,13925.51,0.0,0.0
2008-02-29,13735.44,13738.56,13533.25,13603.02,13735.44,13738.56,13533.25,13603.02,0.0,0.0
2008-03-03,13412.87,13413.63,12992.18,12992.18,13412.87,13413.63,12992.18,12992.18,0.0,0.0
2008-03-04,13080.29,13110.39,12883.07,12992.28,13080.29,13110.39,12883.07,12992.28,0.0,0.0
2008-03-05,12973.03,13044.01,12919.81,12972.06,12973.03,13044.01,12919.81,12972.06,0.0,0.0
2008-03-06,13068.89,13365.22,13050.55,13215.42,13068.89,13365.22,13050.55,13215.42,0.0,0.0
2008-03-07,13024.61,13024.61,12744.52,12782.8,13024.61,13024.61,12744.52,12782.8,0.0,0.0
2008-03-10,12716.84,12777.07,12527.07,12532.13,12716.84,12777.07,12527.07,12532.13,0.0,0.0
2008-03-11,12392.31,12674.89,12352.79,12658.28,12392.31,12674.89,12352.79,12658.28,0.0,0.0
2008-03-12,12841.88,13071.22,12799.42,12861.13,12841.88,13071.22,12799.42,12861.13,0.0,0.0
2008-03-13,12741.26,12772.37,12351.72,12433.44,12741.26,12772.37,12351.72,12433.44,0.0,0.0
2008-03-14,12509.81,12582.57,12167.09,12241.6,12509.81,12582.57,12167.09,12241.6,0.0,0.0
2008-03-17,12089.03,12132.69,11691.0,11787.51,12089.03,12132.69,11691.0,11787.51,0.0,0.0
2008-03-18,11828.99,11995.06,11793.6,11964.16,11828.99,11995.06,11793.6,11964.16,0.0,0.0
2008-03-19,12142.33,12374.75,12142.33,12260.44,12142.33,12374.75,12142.33,12260.44,0.0,0.0
2008-03-21,12331.64,12496.41,12308.03,12482.57,12331.64,12496.41,12308.03,12482.57,0.0,0.0
2008-03-24,12473.06,12582.46,12438.2,12480.09,12473.06,12582.46,12438.2,12480.09,0.0,0.0
2008-03-25,12639.74,12791.24,12572.77,12745.22,12639.74,12791.24,12572.77,12745.22,0.0,0.0
2008-03-26,12648.97,12711.78,12591.01,12706.63,12648.97,12711.78,12591.01,12706.63,0.0,0.0
2008-03-27,12618.42,12621.56,12475.88,12604.58,12618.42,12621.56,12475.88,12604.58,0.0,0.0
2008-03-28,12594.34,12874.45,12507.68,12820.47,12594.34,12874.45,12507.68,12820.47,0.0,0.0
2008-03-31,12709.28,12709.28,12430.63,12525.54,12709.28,12709.28,12430.63,12525.54,0.0,0.0
2008-04-01,12539.8,12779.14,12521.84,12656.42,12539.8,12779.14,12521.84,12656.42,0.0,0.0
2008-04-02,12836.41,13189.36,12836.41,13189.36,12836.41,13189.36,12836.41,13189.36,0.0,0.0
2008-04-03,13190.16,13389.9,13137.1,13389.9,13190.16,13389.9,13137.1,13389.9,0.0,0.0
2008-04-04,13286.35,13360.81,13220.0,13293.22,13286.35,13360.81,13220.0,13293.22,0.0,0.0
2008-04-07,13240.56,13485.9,13228.86,13450.23,13240.56,13485.9,13228.86,13450.23,0.0,0.0
2008-04-08,13373.96,13402.91,13225.76,13250.43,13373.96,13402.91,13225.76,13250.43,0.0,0.0
2008-04-09,13295.16,13348.38,12998.54,13111.89,13295.16,13348.38,12998.54,13111.89,0.0,0.0
2008-04-10,13029.81,13062.46,12898.49,12945.3,13029.81,13062.46,12898.49,12945.3,0.0,0.0
2008-04-11,13061.77,13329.4,13040.35,13323.73,13061.77,13329.4,13040.35,13323.73,0.0,0.0
2008-04-14,13132.67,13132.67,12858.63,12917.51,13132.67,13132.67,12858.63,12917.51,0.0,0.0
2008-04-15,12952.65,13052.82,12875.92,12990.58,12952.65,13052.82,12875.92,12990.58,0.0,0.0
2008-04-16,13130.66,13222.43,13112.07,13146.13,13130.66,13222.43,13112.07,13146.13,0.0,0.0
2008-04-17,13315.83,13495.94,13313.06,13398.3,13315.83,13495.94,13313.06,13398.3,0.0,0.0
2008-04-18,13426.26,13485.04,13323.74,13476.45,13426.26,13485.04,13323.74,13476.45,0.0,0.0
2008-04-21,13639.85,13739.44,13639.77,13696.55,13639.85,13739.44,13639.77,13696.55,0.0,0.0
2008-04-22,13587.51,13608.17,13519.12,13547.82,13587.51,13608.17,13519.12,13547.82,0.0,0.0
2008-04-23,13455.56,13717.05,13449.04,13579.16,13455.56,13717.05,13449.04,13579.16,0.0,0.0
2008-04-24,13613.83,13654.78,13497.16,13540.87,13613.83,13654.78,13497.16,13540.87,0.0,0.0
2008-04-25,13614.53,13886.37,13614.53,13863.47,13614.53,13886.37,13614.53,13863.47,0.0,0.0
2008-04-28,13907.97,14003.28,13745.61,13894.37,13907.97,14003.28,13745.61,13894.37,0.0,0.0
2008-04-30,13802.94,13976.1,13766.24,13849.99,13802.94,13976.1,13766.24,13849.99,0.0,0.0
2008-05-01,13802.59,13884.63,13727.07,13766.86,13802.59,13884.63,13727.07,13766.86,0.0,0.0
2008-05-02,13944.26,14072.92,13944.26,14049.26,13944.26,14072.92,13944.26,14049.26,0.0,0.0
2008-05-07,14147.57,14208.67,14022.79,14102.48,14147.57,14208.67,14022.79,14102.48,0.0,0.0
2008-05-08,14008.19,14036.31,13930.28,13943.26,14008.19,14036.31,13930.28,13943.26,0.0,0.0
2008-05-09,13941.3,13946.51,13639.99,13655.34,13941.3,13946.51,13639.99,13655.34,0.0,0.0
2008-05-12,13565.91,13793.41,13540.68,13743.36,13565.91,13793.41,13540.68,13743.36,0.0,0.0
2008-05-13,13814.39,13976.92,13734.5,13953.73,13814.39,13976.92,13734.5,13953.73,0.0,0.0
2008-05-14,13961.96,14121.94,13877.4,14118.55,13961.96,14121.94,13877.4,14118.55,0.0,0.0
2008-05-15,14167.02,14352.84,14167.02,14251.74,14167.02,14352.84,14167.02,14251.74,0.0,0.0
2008-05-16,14363.62,14392.53,14194.91,14219.48,14363.62,14392.53,14194.91,14219.48,0.0,0.0
2008-05-19,14294.52,14343.19,14219.08,14269.61,14294.52,14343.19,14219.08,14269.61,0.0,0.0
2008-05-20,14220.12,14286.67,14121.92,14160.09,14220.12,14286.67,14121.92,14160.09,0.0,0.0
2008-05-21,14002.52,14041.24,13847.18,13926.3,14002.52,14041.24,13847.18,13926.3,0.0,0.0
2008-05-22,13772.65,13984.81,13658.02,13978.46,13772.65,13984.81,13658.02,13978.46,0.0,0.0
2008-05-23,13945.1,14157.24,13925.38,14012.2,13945.1,14157.24,13925.38,14012.2,0.0,0.0
2008-05-26,13875.98,13883.51,13670.92,13690.19,13875.98,13883.51,13670.92,13690.19,0.0,0.0
2008-05-27,13750.82,13931.23,13750.82,13893.31,13750.82,13931.23,13750.82,13893.31,0.0,0.0
2008-05-28,13937.14,13979.39,13665.57,13709.44,13937.14,13979.39,13665.57,13709.44,0.0,0.0
2008-05-29,13832.65,14147.89,13832.65,14124.47,13832.65,14147.89,13832.65,14124.47,0.0,0.0
2008-05-30,14195.66,14366.63,14192.17,14338.54,14195.66,14366.63,14192.17,14338.54,0.0,0.0
2008-06-02,14342.96,14461.03,14189.97,14440.14,14342.96,14461.03,14189.97,14440.14,0.0,0.0
2008-06-03,14275.61,14289.47,14127.75,14209.17,14275.61,14289.47,14127.75,14209.17,0.0,0.0
2008-06-04,14270.07,14435.57,14250.11,14435.57,14270.07,14435.57,14250.11,14435.57,0.0,0.0
2008-06-05,14392.59,14392.59,14262.02,14341.12,14392.59,14392.59,14262.02,14341.12,0.0,0.0
2008-06-06,14530.36,14601.27,14489.44,14489.44,14530.36,14601.27,14489.44,14489.44,0.0,0.0
2008-06-09,14275.34,14278.84,14117.79,14181.38,14275.34,14278.84,14117.79,14181.38,0.0,0.0
2008-06-10,14281.36,14308.89,13983.56,14021.17,14281.36,14308.89,13983.56,14021.17,0.0,0.0
2008-06-11,14137.54,14194.48,13993.57,14183.48,14137.54,14194.48,13993.57,14183.48,0.0,0.0
2008-06-12,14010.32,14010.32,13826.07,13888.6,14010.32,14010.32,13826.07,13888.6,0.0,0.0
2008-06-13,14011.12,14041.34,13810.38,13973.73,14011.12,14041.34,13810.38,13973.73,0.0,0.0
2008-06-16,14118.23,14369.09,14103.5,14354.37,14118.23,14369.09,14103.5,14354.37,0.0,0.0
2008-06-17,14387.0,14387.0,14299.67,14348.37,14387.0,14387.0,14299.67,14348.37,0.0,0.0
2008-06-18,14301.36,14469.99,14301.36,14452.82,14301.36,14469.99,14301.36,14452.82,0.0,0.0
2008-06-19,14324.71,14324.71,14069.16,14130.17,14324.71,14324.71,14069.16,14130.17,0.0,0.0
2008-06-20,14171.02,14190.0,13903.21,13942.08,14171.02,14190.0,13903.21,13942.08,0.0,0.0
2008-06-23,13769.44,13920.75,13667.84,13857.47,13769.44,13920.75,13667.84,13857.47,0.0,0.0
2008-06-24,13766.28,13877.49,13738.39,13849.56,13766.28,13877.49,13738.39,13849.56,0.0,0.0
2008-06-25,13820.78,13833.23,13635.68,13829.92,13820.78,13833.23,13635.68,13829.92,0.0,0.0
2008-06-26,13845.41,13950.56,13798.05,13822.32,13845.41,13950.56,13798.05,13822.32,0.0,0.0
2008-06-27,13605.26,13605.56,13453.35,13544.36,13605.26,13605.56,13453.35,13544.36,0.0,0.0
2008-06-30,13584.51,13598.48,13454.28,13481.38,13584.51,13598.48,13454.28,13481.38,0.0,0.0
2008-07-01,13514.86,13576.41,13448.35,13463.2,13514.86,13576.41,13448.35,13463.2,0.0,0.0
2008-07-02,13489.87,13489.87,13247.05,13286.37,13489.87,13489.87,13247.05,13286.37,0.0,0.0
2008-07-03,13161.78,13326.95,13118.89,13265.4,13161.78,13326.95,13118.89,13265.4,0.0,0.0
2008-07-04,13285.49,13288.55,13135.46,13237.89,13285.49,13288.55,13135.46,13237.89,0.0,0.0
2008-07-07,13212.8,13409.3,13169.55,13360.04,13212.8,13409.3,13169.55,13360.04,0.0,0.0
2008-07-08,13286.5,13294.97,12984.54,13033.1,13286.5,13294.97,12984.54,13033.1,0.0,0.0
2008-07-09,13169.89,13284.65,13038.77,13052.13,13169.89,13284.65,13038.77,13052.13,0.0,0.0
2008-07-10,12934.31,13139.85,12930.32,13067.21,12934.31,13139.85,12930.32,13067.21,0.0,0.0
2008-07-11,13063.5,13164.1,12918.22,13039.69,13063.5,13164.1,12918.22,13039.69,0.0,0.0
2008-07-14,13022.29,13185.9,12969.93,13010.16,13022.29,13185.9,12969.93,13010.16,0.0,0.0
2008-07-15,12902.13,12902.13,12715.81,12754.56,12902.13,12902.13,12715.81,12754.56,0.0,0.0
2008-07-16,12725.12,12815.4,12671.34,12760.8,12725.12,12815.4,12671.34,12760.8,0.0,0.0
2008-07-17,12889.8,12929.74,12852.93,12887.95,12889.8,12929.74,12852.93,12887.95,0.0,0.0
2008-07-18,12976.22,12999.64,12762.33,12803.7,12976.22,12999.64,12762.33,12803.7,0.0,0.0
2008-07-22,12944.56,13184.96,12921.02,13184.96,12944.56,13184.96,12921.02,13184.96,0.0,0.0
2008-07-23,13259.65,13388.63,13238.55,13312.93,13259.65,13388.63,13238.55,13312.93,0.0,0.0
2008-07-24,13411.28,13603.31,13393.57,13603.31,13411.28,13603.31,13393.57,13603.31,0.0,0.0
2008-07-25,13452.37,13469.83,13324.22,13334.76,13452.37,13469.83,13324.22,13334.76,0.0,0.0
2008-07-28,13407.36,13468.94,13327.12,13353.78,13407.36,13468.94,13327.12,13353.78,0.0,0.0
2008-07-29,13220.33,13220.33,13018.22,13159.45,13220.33,13220.33,13018.22,13159.45,0.0,0.0
2008-07-30,13267.37,13372.28,13264.08,13367.79,13267.37,13372.28,13264.08,13367.79,0.0,0.0
2008-07-31,13410.4,13467.67,13256.38,13376.81,13410.4,13467.67,13256.38,13376.81,0.0,0.0
2008-08-01,13276.57,13294.17,13039.21,13094.59,13276.57,13294.17,13039.21,13094.59,0.0,0.0
2008-08-04,13083.28,13113.94,12910.17,12933.18,13083.28,13113.94,12910.17,12933.18,0.0,0.0
2008-08-05,12957.01,13049.58,12893.34,12914.66,12957.01,13049.58,12893.34,12914.66,0.0,0.0
2008-08-06,13059.43,13295.51,13048.97,13254.89,13059.43,13295.51,13048.97,13254.89,0.0,0.0
2008-08-07,13257.99,13257.99,13034.15,13124.99,13257.99,13257.99,13034.15,13124.99,0.0,0.0
2008-08-08,13026.53,13259.73,12962.82,13168.41,13026.53,13259.73,12962.82,13168.41,0.0,0.0
2008-08-11,13259.46,13468.81,13259.46,13430.91,13259.46,13468.81,13259.46,13430.91,0.0,0.0
2008-08-12,13397.99,13420.1,13276.15,13303.6,13397.99,13420.1,13276.15,13303.6,0.0,0.0
2008-08-13,13205.64,13205.64,12953.34,13023.05,13205.64,13205.64,12953.34,13023.05,0.0,0.0
2008-08-14,12942.61,13090.68,12926.98,12956.8,12942.61,13090.68,12926.98,12956.8,0.0,0.0
2008-08-15,12991.91,13029.58,12952.21,13019.41,12991.91,13029.58,12952.21,13019.41,0.0,0.0
2008-08-18,12971.49,13270.37,12934.22,13165.45,12971.49,13270.37,12934.22,13165.45,0.0,0.0
2008-08-19,13016.5,13016.5,12782.1,12865.05,13016.5,13016.5,12782.1,12865.05,0.0,0.0
2008-08-20,12753.98,12923.66,12753.98,12851.69,12753.98,12923.66,12753.98,12851.69,0.0,0.0
2008-08-21,12885.34,12885.34,12723.83,12752.21,12885.34,12885.34,12723.83,12752.21,0.0,0.0
2008-08-22,12727.37,12732.69,12631.94,12666.04,12727.37,12732.69,12631.94,12666.04,0.0,0.0
2008-08-25,12797.54,12949.33,12797.54,12878.66,12797.54,12949.33,12797.54,12878.66,0.0,0.0
2008-08-26,12711.03,12801.21,12656.09,12778.71,12711.03,12801.21,12656.09,12778.71,0.0,0.0
2008-08-27,12734.39,12783.63,12681.98,12752.96,12734.39,12783.63,12681.98,12752.96,0.0,0.0
2008-08-28,12827.72,12847.46,12718.53,12768.25,12827.72,12847.46,12718.53,12768.25,0.0,0.0
2008-08-29,12925.45,13079.37,12918.49,13072.87,12925.45,13079.37,12918.49,13072.87,0.0,0.0
2008-09-01,12936.81,12940.55,12834.18,12834.18,12936.81,12940.55,12834.18,12834.18,0.0,0.0
2008-09-02,12779.89,12920.52,12491.07,12609.47,12779.89,12920.52,12491.07,12609.47,0.0,0.0
2008-09-03,12703.36,12767.5,12647.29,12689.59,12703.36,12767.5,12647.29,12689.59,0.0,0.0
2008-09-04,12627.64,12660.57,12514.26,12557.66,12627.64,12660.57,12514.26,12557.66,0.0,0.0
2008-09-05,12385.65,12385.65,12163.33,12212.23,12385.65,12385.65,12163.33,12212.23,0.0,0.0
2008-09-08,12359.93,12671.76,12352.35,12624.46,12359.93,12671.76,12352.35,12624.46,0.0,0.0
2008-09-09,12529.96,12529.96,12335.74,12400.65,12529.96,12529.96,12335.74,12400.65,0.0,0.0
2008-09-10,12249.14,12404.67,12159.97,12346.63,12249.14,12404.67,12159.97,12346.63,0.0,0.0
2008-09-11,12237.52,12259.02,12081.51,12102.5,12237.52,12259.02,12081.51,12102.5,0.0,0.0
2008-09-12,12256.78,12277.57,12059.09,12214.76,12256.78,12277.57,12059.09,12214.76,0.0,0.0
2008-09-16,12028.45,12028.45,11551.4,11609.72,12028.45,12028.45,11551.4,11609.72,0.0,0.0
2008-09-17,11737.62,11880.03,11708.7,11749.79,11737.62,11880.03,11708.7,11749.79,0.0,0.0
2008-09-18,11576.94,11577.88,11301.46,11489.3,11576.94,11577.88,11301.46,11489.3,0.0,0.0
2008-09-19,11631.6,11920.86,11615.2,11920.86,11631.6,11920.86,11615.2,11920.86,0.0,0.0
2008-09-22,12037.89,12263.95,12037.89,12090.59,12037.89,12263.95,12037.89,12090.59,0.0,0.0
2008-09-24,12031.98,12115.03,11904.6,12115.03,12031.98,12115.03,11904.6,12115.03,0.0,0.0
2008-09-25,11925.71,12025.41,11835.28,12006.53,11925.71,12025.41,11835.28,12006.53,0.0,0.0
2008-09-26,12026.34,12082.64,11788.73,11893.16,12026.34,12082.64,11788.73,11893.16,0.0,0.0
2008-09-29,11883.25,12062.67,11721.05,11743.61,11883.25,12062.67,11721.05,11743.61,0.0,0.0
2008-09-30,11565.7,11565.7,11160.83,11259.86,11565.7,11565.7,11160.83,11259.86,0.0,0.0
2008-10-01,11396.61,11456.64,11314.28,11368.26,11396.61,11456.64,11314.28,11368.26,0.0,0.0
2008-10-02,11423.13,11452.39,11143.79,11154.76,11423.13,11452.39,11143.79,11154.76,0.0,0.0
2008-10-03,11052.1,11099.73,10938.14,10938.14,11052.1,11099.73,10938.14,10938.14,0.0,0.0
2008-10-06,10817.27,10839.5,10374.38,10473.09,10817.27,10839.5,10374.38,10473.09,0.0,0.0
2008-10-07,10328.54,10363.14,9916.21,10155.9,10328.54,10363.14,9916.21,10155.9,0.0,0.0
2008-10-08,10011.64,10011.64,9159.81,9203.32,10011.64,10011.64,9159.81,9203.32,0.0,0.0
2008-10-09,9168.16,9443.45,9100.93,9157.49,9168.16,9443.45,9100.93,9157.49,0.0,0.0
2008-10-10,9016.34,9016.34,8115.41,8276.43,9016.34,9016.34,8115.41,8276.43,0.0,0.0
2008-10-14,8407.94,9455.62,8407.94,9447.57,8407.94,9455.62,8407.94,9447.57,0.0,0.0
2008-10-15,9390.5,9601.3,9269.49,9547.47,9390.5,9601.3,9269.49,9547.47,0.0,0.0
2008-10-16,9400.85,9400.85,8458.45,8458.45,9400.85,9400.85,8458.45,8458.45,0.0,0.0
2008-10-17,8579.57,8763.71,8539.51,8693.82,8579.57,8763.71,8539.51,8693.82,0.0,0.0
2008-10-20,8775.24,9038.45,8687.7,9005.59,8775.24,9038.45,8687.7,9005.59,0.0,0.0
2008-10-21,9139.26,9358.51,9135.41,9306.25,9139.26,9358.51,9135.41,9306.25,0.0,0.0
2008-10-22,9198.14,9198.14,8674.69,8674.69,9198.14,9198.14,8674.69,8674.69,0.0,0.0
2008-10-23,8547.79,8547.79,8016.61,8460.981,8547.79,8547.79,8016.61,8460.981,0.0,0.0
2008-10-24,8391.04,8391.04,7647.07,7649.08,8391.04,8391.04,7647.07,7649.08,0.0,0.0
2008-10-27,7568.36,7878.97,7141.27,7162.9,7568.36,7878.97,7141.27,7162.9,0.0,0.0
2008-10-28,7143.34,7626.42,6994.9,7621.92,7143.34,7626.42,6994.9,7621.92,0.0,0.0
2008-10-29,7741.52,8211.9,7741.52,8211.9,7741.52,8211.9,7741.52,8211.9,0.0,0.0
2008-10-30,8269.71,9030.85,8269.71,9029.76,8269.71,9030.85,8269.71,9029.76,0.0,0.0
2008-10-31,8958.22,9012.31,8576.981,8576.981,8958.22,9012.31,8576.981,8576.981,0.0,0.0
2008-11-04,8702.77,9142.29,8699.77,9114.6,8702.77,9142.29,8699.77,9114.6,0.0,0.0
2008-11-05,9224.05,9521.24,9216.3,9521.24,9224.05,9521.24,9216.3,9521.24,0.0,0.0
2008-11-06,9373.65,9380.3,8806.71,8899.14,9373.65,9380.3,8806.71,8899.14,0.0,0.0
2008-11-07,8774.49,8868.1,8266.09,8583.0,8774.49,8868.1,8266.09,8583.0,0.0,0.0
2008-11-10,8711.99,9106.29,8711.99,9081.43,8711.99,9106.29,8711.99,9081.43,0.0,0.0
2008-11-11,8965.29,9056.31,8704.56,8809.3,8965.29,9056.31,8704.56,8809.3,0.0,0.0
2008-11-12,8694.91,8782.481,8574.2,8695.51,8694.91,8782.481,8574.2,8695.51,0.0,0.0
2008-11-13,8564.47,8564.47,8148.3,8238.64,8564.47,8564.47,8148.3,8238.64,0.0,0.0
2008-11-14,8378.13,8689.85,8378.13,8462.39,8378.13,8689.85,8378.13,8462.39,0.0,0.0
2008-11-17,8366.88,8767.981,8218.82,8522.58,8366.88,8767.981,8218.82,8522.58,0.0,0.0
2008-11-18,8415.6,8440.41,8302.24,8328.41,8415.6,8440.41,8302.24,8328.41,0.0,0.0
2008-11-19,8309.35,8370.09,8115.71,8273.22,8309.35,8370.09,8115.71,8273.22,0.0,0.0
2008-11-20,8149.77,8149.79,7703.04,7703.04,8149.77,8149.79,7703.04,7703.04,0.0,0.0
2008-11-21,7600.35,7994.68,7406.18,7910.79,7600.35,7994.68,7406.18,7910.79,0.0,0.0
2008-11-25,8026.06,8356.83,8025.69,8323.93,8026.06,8356.83,8025.69,8323.93,0.0,0.0
2008-11-26,8229.72,8317.83,8149.56,8213.22,8229.72,8317.83,8149.56,8213.22,0.0,0.0
2008-11-27,8311.24,8458.68,8300.49,8373.39,8311.24,8458.68,8300.49,8373.39,0.0,0.0
2008-11-28,8400.05,8518.13,8336.57,8512.27,8400.05,8518.13,8336.57,8512.27,0.0,0.0
2008-12-01,8464.36,8464.36,8307.28,8397.22,8464.36,8464.36,8307.28,8397.22,0.0,0.0
2008-12-02,8266.32,8266.32,7863.69,7863.69,8266.32,8266.32,7863.69,7863.69,0.0,0.0
2008-12-03,7965.31,8056.38,7889.82,8004.1,7965.31,8056.38,7889.82,8004.1,0.0,0.0
2008-12-04,8030.2,8107.69,7849.84,7924.24,8030.2,8107.69,7849.84,7924.24,0.0,0.0
2008-12-05,7975.05,8024.33,7908.65,7917.51,7975.05,8024.33,7908.65,7917.51,0.0,0.0
2008-12-08,7970.69,8358.27,7959.01,8329.05,7970.69,8358.27,7959.01,8329.05,0.0,0.0
2008-12-09,8362.37,8499.6,8314.85,8395.87,8362.37,8499.6,8314.85,8395.87,0.0,0.0
2008-12-10,8376.0,8704.92,8376.0,8660.24,8376.0,8704.92,8376.0,8660.24,0.0,0.0
2008-12-11,8642.26,8720.55,8519.11,8720.55,8642.26,8720.55,8519.11,8720.55,0.0,0.0
2008-12-12,8599.12,8610.731,8087.99,8235.87,8599.12,8610.731,8087.99,8235.87,0.0,0.0
2008-12-15,8349.85,8700.17,8349.85,8664.66,8349.85,8700.17,8349.85,8664.66,0.0,0.0
2008-12-16,8608.4,8634.26,8471.24,8568.02,8608.4,8634.26,8471.24,8568.02,0.0,0.0
2008-12-17,8658.22,8741.24,8425.66,8612.52,8658.22,8741.24,8425.66,8612.52,0.0,0.0
2008-12-18,8565.16,8728.36,8534.84,8667.231,8565.16,8728.36,8534.84,8667.231,0.0,0.0
2008-12-19,8640.22,8743.22,8570.56,8588.52,8640.22,8743.22,8570.56,8588.52,0.0,0.0
2008-12-22,8602.5,8751.18,8593.76,8723.78,8602.5,8751.18,8593.76,8723.78,0.0,0.0
2008-12-24,8630.25,8631.83,8476.69,8517.1,8630.25,8631.83,8476.69,8517.1,0.0,0.0
2008-12-25,8531.51,8599.5,8531.16,8599.5,8531.51,8599.5,8531.16,8599.5,0.0,0.0
2008-12-26,8642.14,8740.76,8611.36,8739.52,8642.14,8740.76,8611.36,8739.52,0.0,0.0
2008-12-29,8726.31,8763.67,8638.6,8747.17,8726.31,8763.67,8638.6,8747.17,0.0,0.0
2008-12-30,8716.28,8859.56,8702.95,8859.56,8716.28,8859.56,8702.95,8859.56,0.0,0.0
2009-01-05,8991.21,9127.38,8987.36,9043.12,8991.21,9127.38,8987.36,9043.12,0.0,0.0
2009-01-06,9130.01,9171.03,9029.94,9080.84,9130.01,9171.03,9029.94,9080.84,0.0,0.0
2009-01-07,9133.8,9325.35,9106.05,9239.24,9133.8,9325.35,9106.05,9239.24,0.0,0.0
2009-01-08,9143.21,9148.83,8876.42,8876.42,9143.21,9148.83,8876.42,8876.42,0.0,0.0
2009-01-09,8932.71,8956.85,8773.2,8836.8,8932.71,8956.85,8773.2,8836.8,0.0,0.0
2009-01-13,8732.63,8732.93,8405.5,8413.91,8732.63,8732.93,8405.5,8413.91,0.0,0.0
2009-01-14,8425.75,8516.07,8359.16,8438.45,8425.75,8516.07,8359.16,8438.45,0.0,0.0
2009-01-15,8309.38,8309.38,7997.73,8023.31,8309.38,8309.38,7997.73,8023.31,0.0,0.0
2009-01-16,8125.2,8283.91,8067.47,8230.15,8125.2,8283.91,8067.47,8230.15,0.0,0.0
2009-01-19,8318.26,8351.68,8221.84,8256.85,8318.26,8351.68,8221.84,8256.85,0.0,0.0
2009-01-20,8187.14,8190.42,7962.46,8065.79,8187.14,8190.42,7962.46,8065.79,0.0,0.0
2009-01-21,7949.96,8009.22,7829.3,7901.64,7949.96,8009.22,7829.3,7901.64,0.0,0.0
2009-01-22,7988.3,8051.74,7809.89,8051.74,7988.3,8051.74,7809.89,8051.74,0.0,0.0
2009-01-23,7965.41,7965.41,7745.25,7745.25,7965.41,7965.41,7745.25,7745.25,0.0,0.0
2009-01-26,7714.26,7807.16,7671.04,7682.14,7714.26,7807.16,7671.04,7682.14,0.0,0.0
2009-01-27,7782.9,8115.15,7782.07,8061.07,7782.9,8115.15,7782.07,8061.07,0.0,0.0
2009-01-28,8052.25,8171.63,7936.59,8106.29,8052.25,8171.63,7936.59,8106.29,0.0,0.0
2009-01-29,8201.16,8305.38,8138.99,8251.24,8201.16,8305.38,8138.99,8251.24,0.0,0.0
2009-01-30,8142.88,8142.88,7922.39,7994.05,8142.88,8142.88,7922.39,7994.05,0.0,0.0
2009-02-02,7908.51,7955.75,7795.27,7873.98,7908.51,7955.75,7795.27,7873.98,0.0,0.0
2009-02-03,7862.95,8084.41,7800.8,7825.51,7862.95,8084.41,7800.8,7825.51,0.0,0.0
2009-02-04,7897.24,8084.97,7863.65,8038.94,7897.24,8084.97,7863.65,8038.94,0.0,0.0
2009-02-05,7985.53,8093.96,7901.04,7949.65,7985.53,8093.96,7901.04,7949.65,0.0,0.0
2009-02-06,8054.27,8169.04,8033.24,8076.62,8054.27,8169.04,8033.24,8076.62,0.0,0.0
2009-02-09,8178.07,8257.71,7969.03,7969.03,8178.07,8257.71,7969.03,7969.03,0.0,0.0
2009-02-10,8066.94,8124.79,7917.27,7945.94,8066.94,8124.79,7917.27,7945.94,0.0,0.0
2009-02-12,7842.53,7862.52,7685.68,7705.36,7842.53,7862.52,7685.68,7705.36,0.0,0.0
2009-02-13,7789.35,7887.74,7730.27,7779.4,7789.35,7887.74,7730.27,7779.4,0.0,0.0
2009-02-16,7732.68,7804.24,7694.73,7750.17,7732.68,7804.24,7694.73,7750.17,0.0,0.0
2009-02-17,7690.13,7710.43,7615.94,7645.51,7690.13,7710.43,7615.94,7645.51,0.0,0.0
2009-02-18,7539.96,7565.79,7479.18,7534.44,7539.96,7565.79,7479.18,7534.44,0.0,0.0
2009-02-19,7604.22,7642.69,7537.56,7557.65,7604.22,7642.69,7537.56,7557.65,0.0,0.0
2009-02-20,7544.07,7554.7,7382.33,7416.38,7544.07,7554.7,7382.33,7416.38,0.0,0.0
2009-02-23,7314.3,7417.18,7209.43,7376.16,7314.3,7417.18,7209.43,7376.16,0.0,0.0
2009-02-24,7266.68,7270.9,7155.16,7268.56,7266.68,7270.9,7155.16,7268.56,0.0,0.0
2009-02-25,7368.44,7471.03,7330.44,7461.22,7368.44,7471.03,7330.44,7461.22,0.0,0.0
2009-02-26,7470.6,7599.81,7433.06,7457.93,7470.6,7599.81,7433.06,7457.93,0.0,0.0
2009-02-27,7463.42,7589.77,7414.4,7568.42,7463.42,7589.77,7414.4,7568.42,0.0,0.0
2009-03-02,7454.28,7454.28,7234.96,7280.15,7454.28,7454.28,7234.96,7280.15,0.0,0.0
2009-03-03,7177.79,7288.14,7088.47,7229.72,7177.79,7288.14,7088.47,7229.72,0.0,0.0
2009-03-04,7146.71,7320.65,7104.63,7290.96,7146.71,7320.65,7104.63,7290.96,0.0,0.0
2009-03-05,7336.02,7532.87,7336.02,7433.49,7336.02,7532.87,7336.02,7433.49,0.0,0.0
2009-03-06,7328.29,7328.29,7167.07,7173.1,7328.29,7328.29,7167.07,7173.1,0.0,0.0
2009-03-09,7191.13,7241.02,7028.49,7086.03,7191.13,7241.02,7028.49,7086.03,0.0,0.0
2009-03-10,7059.77,7100.77,7021.28,7054.98,7059.77,7100.77,7021.28,7054.98,0.0,0.0
2009-03-11,7165.39,7393.81,7161.85,7376.12,7165.39,7393.81,7161.85,7376.12,0.0,0.0
2009-03-12,7320.45,7345.02,7198.25,7198.25,7320.45,7345.02,7198.25,7198.25,0.0,0.0
2009-03-13,7301.12,7571.45,7300.87,7569.28,7301.12,7571.45,7300.87,7569.28,0.0,0.0
2009-03-16,7630.2,7754.75,7630.2,7704.15,7630.2,7754.75,7630.2,7704.15,0.0,0.0
2009-03-17,7767.34,7967.03,7723.94,7949.13,7767.34,7967.03,7723.94,7949.13,0.0,0.0
2009-03-18,8006.86,8054.35,7895.28,7972.17,8006.86,8054.35,7895.28,7972.17,0.0,0.0
2009-03-19,8017.93,8034.09,7902.49,7945.96,8017.93,8034.09,7902.49,7945.96,0.0,0.0
2009-03-23,7943.14,8229.13,7922.55,8215.53,7943.14,8229.13,7922.55,8215.53,0.0,0.0
2009-03-24,8334.68,8504.41,8297.27,8488.3,8334.68,8504.41,8297.27,8488.3,0.0,0.0
2009-03-25,8499.69,8553.01,8392.56,8479.99,8499.69,8553.01,8392.56,8479.99,0.0,0.0
2009-03-26,8430.22,8640.28,8383.99,8636.33,8430.22,8640.28,8383.99,8636.33,0.0,0.0
2009-03-27,8711.72,8843.18,8626.97,8626.97,8711.72,8843.18,8626.97,8626.97,0.0,0.0
2009-03-30,8621.85,8651.06,8236.08,8236.08,8621.85,8651.06,8236.08,8236.08,0.0,0.0
2009-03-31,8199.43,8383.74,8088.45,8109.53,8199.43,8383.74,8088.45,8109.53,0.0,0.0
2009-04-01,8173.36,8351.91,8084.62,8351.91,8173.36,8351.91,8084.62,8351.91,0.0,0.0
2009-04-02,8453.731,8741.67,8449.87,8719.78,8453.731,8741.67,8449.87,8719.78,0.0,0.0
2009-04-03,8814.1,8884.63,8697.17,8749.84,8814.1,8884.63,8697.17,8749.84,0.0,0.0
2009-04-06,8856.84,8992.06,8812.36,8857.93,8856.84,8992.06,8812.36,8857.93,0.0,0.0
2009-04-07,8838.66,8884.45,8778.92,8832.85,8838.66,8884.45,8778.92,8832.85,0.0,0.0
2009-04-08,8746.731,8765.64,8556.75,8595.01,8746.731,8765.64,8556.75,8595.01,0.0,0.0
2009-04-09,8665.16,8920.86,8664.26,8916.06,8665.16,8920.86,8664.26,8916.06,0.0,0.0
2009-04-10,9041.231,9068.8,8856.69,8964.11,9041.231,9068.8,8856.69,8964.11,0.0,0.0
2009-04-13,8930.35,9024.45,8888.1,8924.43,8930.35,9024.45,8888.1,8924.43,0.0,0.0
2009-04-14,8955.9,8961.731,8749.92,8842.68,8955.9,8961.731,8749.92,8842.68,0.0,0.0
2009-04-15,8777.68,8800.52,8681.03,8742.96,8777.68,8800.52,8681.03,8742.96,0.0,0.0
2009-04-16,8848.43,9030.0,8720.62,8755.26,8848.43,9030.0,8720.62,8755.26,0.0,0.0
2009-04-17,8854.33,8953.34,8834.63,8907.58,8854.33,8953.34,8834.63,8907.58,0.0,0.0
2009-04-20,8899.59,8933.8,8813.72,8924.75,8899.59,8933.8,8813.72,8924.75,0.0,0.0
2009-04-21,8802.09,8802.09,8612.76,8711.33,8802.09,8802.09,8612.76,8711.33,0.0,0.0
2009-04-22,8777.53,8802.9,8683.27,8727.3,8777.53,8802.9,8683.27,8727.3,0.0,0.0
2009-04-23,8776.94,8860.55,8647.8,8847.01,8776.94,8860.55,8647.8,8847.01,0.0,0.0
2009-04-24,8832.1,8852.83,8694.92,8707.99,8832.1,8852.83,8694.92,8707.99,0.0,0.0
2009-04-27,8783.34,8840.53,8648.51,8726.34,8783.34,8840.53,8648.51,8726.34,0.0,0.0
2009-04-28,8678.28,8808.64,8493.77,8493.77,8678.28,8808.64,8493.77,8493.77,0.0,0.0
2009-04-30,8615.45,8844.77,8615.45,8828.26,8615.45,8844.77,8615.45,8828.26,0.0,0.0
2009-05-01,8848.84,9017.32,8827.13,8977.37,8848.84,9017.32,8827.13,8977.37,0.0,0.0
2009-05-07,9102.35,9385.7,9100.11,9385.7,9102.35,9385.7,9100.11,9385.7,0.0,0.0
2009-05-08,9351.4,9464.43,9349.57,9432.83,9351.4,9464.43,9349.57,9432.83,0.0,0.0
2009-05-11,9460.72,9503.91,9342.75,9451.981,9460.72,9503.91,9342.75,9451.981,0.0,0.0
2009-05-12,9358.25,9389.61,9298.61,9298.61,9358.25,9389.61,9298.61,9298.61,0.0,0.0
2009-05-13,9305.79,9379.47,9278.89,9340.49,9305.79,9379.47,9278.89,9340.49,0.0,0.0
2009-05-14,9212.3,9223.77,9052.41,9093.731,9212.3,9223.77,9052.41,9093.731,0.0,0.0
2009-05-15,9150.21,9272.08,9140.9,9265.02,9150.21,9272.08,9140.9,9265.02,0.0,0.0
2009-05-18,9167.05,9167.82,8997.74,9038.69,9167.05,9167.82,8997.74,9038.69,0.0,0.0
2009-05-19,9172.56,9326.75,9166.97,9290.29,9172.56,9326.75,9166.97,9290.29,0.0,0.0
2009-05-20,9372.72,9399.4,9311.61,9344.64,9372.72,9399.4,9311.61,9344.64,0.0,0.0
2009-05-21,9280.35,9286.35,9189.92,9264.15,9280.35,9286.35,9189.92,9264.15,0.0,0.0
2009-05-22,9156.14,9267.82,9126.69,9225.81,9156.14,9267.82,9126.69,9225.81,0.0,0.0
2009-05-25,9245.95,9402.76,9245.95,9347.0,9245.95,9402.76,9245.95,9347.0,0.0,0.0
2009-05-26,9364.22,9379.78,9231.93,9310.81,9364.22,9379.78,9231.93,9310.81,0.0,0.0
2009-05-27,9426.62,9491.13,9411.54,9438.77,9426.62,9491.13,9411.54,9438.77,0.0,0.0
2009-05-28,9353.33,9492.66,9353.33,9451.39,9353.33,9492.66,9353.33,9451.39,0.0,0.0
2009-05-29,9478.21,9522.5,9426.52,9522.5,9478.21,9522.5,9426.52,9522.5,0.0,0.0
2009-06-01,9517.49,9691.731,9491.26,9677.75,9517.49,9691.731,9491.26,9677.75,0.0,0.0
2009-06-02,9774.55,9793.47,9704.31,9704.31,9774.55,9793.47,9704.31,9704.31,0.0,0.0
2009-06-03,9723.82,9774.55,9718.7,9741.67,9723.82,9774.55,9718.7,9741.67,0.0,0.0
2009-06-04,9690.93,9743.46,9654.45,9668.96,9690.93,9743.46,9654.45,9668.96,0.0,0.0
2009-06-05,9752.51,9774.981,9719.14,9768.01,9752.51,9774.981,9719.14,9768.01,0.0,0.0
2009-06-08,9829.28,9914.07,9816.17,9865.63,9829.28,9914.07,9816.17,9865.63,0.0,0.0
2009-06-09,9824.17,9855.89,9755.81,9786.82,9824.17,9855.89,9755.81,9786.82,0.0,0.0
2009-06-10,9833.64,9991.49,9813.77,9991.49,9833.64,9991.49,9813.77,9991.49,0.0,0.0
2009-06-11,9992.981,10022.23,9958.981,9981.33,9992.981,10022.23,9958.981,9981.33,0.0,0.0
2009-06-12,10088.21,10170.82,10050.96,10135.82,10088.21,10170.82,10050.96,10135.82,0.0,0.0
2009-06-15,10126.55,10126.55,10029.59,10039.67,10126.55,10126.55,10029.59,10039.67,0.0,0.0
2009-06-16,9914.4,9941.5,9752.88,9752.88,9914.4,9941.5,9752.88,9752.88,0.0,0.0
2009-06-17,9705.731,9845.52,9705.731,9840.85,9705.731,9845.52,9705.731,9840.85,0.0,0.0
2009-06-18,9778.35,9778.35,9649.83,9703.72,9778.35,9778.35,9649.83,9703.72,0.0,0.0
2009-06-19,9757.85,9822.83,9703.87,9786.26,9757.85,9822.83,9703.87,9786.26,0.0,0.0
2009-06-22,9788.07,9887.13,9763.37,9826.27,9788.07,9887.13,9763.37,9826.27,0.0,0.0
2009-06-23,9695.76,9712.09,9511.45,9549.61,9695.76,9712.09,9511.45,9549.61,0.0,0.0
2009-06-24,9596.78,9624.41,9534.24,9590.32,9596.78,9624.41,9534.24,9590.32,0.0,0.0
2009-06-25,9628.18,9871.14,9619.02,9796.08,9628.18,9871.14,9619.02,9796.08,0.0,0.0
2009-06-26,9852.92,9893.0,9793.95,9877.39,9852.92,9893.0,9793.95,9877.39,0.0,0.0
2009-06-29,9866.28,9943.83,9748.731,9783.47,9866.28,9943.83,9748.731,9783.47,0.0,0.0
2009-06-30,9896.56,10000.3,9894.95,9958.44,9896.56,10000.3,9894.95,9958.44,0.0,0.0
2009-07-01,9889.34,10086.18,9874.0,9939.93,9889.34,10086.18,9874.0,9939.93,0.0,0.0
2009-07-02,9993.77,9993.77,9869.54,9876.15,9993.77,9993.77,9869.54,9876.15,0.0,0.0
2009-07-03,9751.69,9816.07,9691.16,9816.07,9751.69,9816.07,9691.16,9816.07,0.0,0.0
2009-07-06,9738.49,9771.76,9650.75,9680.87,9738.49,9771.76,9650.75,9680.87,0.0,0.0
2009-07-07,9713.62,9734.43,9619.68,9647.79,9713.62,9734.43,9619.68,9647.79,0.0,0.0
2009-07-08,9548.81,9557.39,9407.981,9420.75,9548.81,9557.39,9407.981,9420.75,0.0,0.0
2009-07-09,9342.33,9384.24,9291.06,9291.06,9342.33,9384.24,9291.06,9291.06,0.0,0.0
2009-07-10,9338.76,9370.15,9265.24,9287.28,9338.76,9370.15,9265.24,9287.28,0.0,0.0
2009-07-13,9242.13,9343.86,9050.33,9050.33,9242.13,9343.86,9050.33,9050.33,0.0,0.0
2009-07-14,9173.14,9284.38,9166.63,9261.81,9173.14,9284.38,9166.63,9261.81,0.0,0.0
2009-07-15,9307.45,9333.64,9250.731,9269.25,9307.45,9333.64,9250.731,9269.25,0.0,0.0
2009-07-16,9393.981,9489.67,9317.11,9344.16,9393.981,9489.67,9317.11,9344.16,0.0,0.0
2009-07-17,9413.86,9420.61,9360.59,9395.32,9413.86,9420.61,9360.59,9395.32,0.0,0.0
2009-07-21,9512.52,9652.02,9508.92,9652.02,9512.52,9652.02,9508.92,9652.02,0.0,0.0
2009-07-22,9642.79,9750.63,9608.77,9723.16,9642.79,9750.63,9608.77,9723.16,0.0,0.0
2009-07-23,9712.1,9861.29,9703.84,9792.94,9712.1,9861.29,9703.84,9792.94,0.0,0.0
2009-07-24,9909.4,9950.04,9863.87,9944.55,9909.4,9950.04,9863.87,9944.55,0.0,0.0
2009-07-27,10020.87,10179.59,10015.11,10088.66,10020.87,10179.59,10015.11,10088.66,0.0,0.0
2009-07-28,10116.89,10116.89,10049.63,10087.26,10116.89,10116.89,10049.63,10087.26,0.0,0.0
2009-07-29,10035.91,10161.95,10035.91,10113.24,10035.91,10161.95,10035.91,10113.24,0.0,0.0
2009-07-30,10155.71,10169.68,10067.51,10165.21,10155.71,10169.68,10067.51,10165.21,0.0,0.0
2009-07-31,10275.14,10359.07,10259.57,10356.83,10275.14,10359.07,10259.57,10356.83,0.0,0.0
2009-08-03,10355.23,10380.57,10322.0,10352.47,10355.23,10380.57,10322.0,10352.47,0.0,0.0
2009-08-04,10438.4,10479.19,10358.48,10375.01,10438.4,10479.19,10358.48,10375.01,0.0,0.0
2009-08-05,10405.05,10406.1,10252.53,10252.53,10405.05,10406.1,10252.53,10252.53,0.0,0.0
2009-08-06,10266.01,10426.14,10266.01,10388.09,10266.01,10426.14,10266.01,10388.09,0.0,0.0
2009-08-07,10365.71,10412.09,10249.04,10412.09,10365.71,10412.09,10249.04,10412.09,0.0,0.0
2009-08-10,10530.62,10585.37,10487.7,10524.26,10530.62,10585.37,10487.7,10524.26,0.0,0.0
2009-08-11,10514.74,10587.36,10512.21,10585.46,10514.74,10587.36,10512.21,10585.46,0.0,0.0
2009-08-12,10486.36,10526.35,10434.09,10435.0,10486.36,10526.35,10434.09,10435.0,0.0,0.0
2009-08-13,10508.09,10556.28,10489.12,10517.19,10508.09,10556.28,10489.12,10517.19,0.0,0.0
2009-08-14,10551.33,10630.38,10539.43,10597.33,10551.33,10630.38,10539.43,10597.33,0.0,0.0
2009-08-17,10521.02,10521.02,10268.61,10268.61,10521.02,10521.02,10268.61,10268.61,0.0,0.0
2009-08-18,10208.12,10325.06,10181.1,10284.96,10208.12,10325.06,10181.1,10284.96,0.0,0.0
2009-08-19,10269.97,10327.17,10195.11,10204.0,10269.97,10327.17,10195.11,10204.0,0.0,0.0
2009-08-20,10254.53,10407.3,10204.26,10383.41,10254.53,10407.3,10204.26,10383.41,0.0,0.0
2009-08-21,10375.22,10375.22,10142.22,10238.2,10375.22,10375.22,10142.22,10238.2,0.0,0.0
2009-08-24,10389.57,10591.0,10388.78,10581.05,10389.57,10591.0,10388.78,10581.05,0.0,0.0
2009-08-25,10515.57,10566.31,10469.69,10497.36,10515.57,10566.31,10469.69,10497.36,0.0,0.0
2009-08-26,10554.44,10668.74,10526.51,10639.71,10554.44,10668.74,10526.51,10639.71,0.0,0.0
2009-08-27,10570.78,10575.79,10400.83,10473.97,10570.78,10575.79,10400.83,10473.97,0.0,0.0
2009-08-28,10546.88,10560.44,10471.63,10534.14,10546.88,10560.44,10471.63,10534.14,0.0,0.0
2009-08-31,10608.16,10767.0,10423.9,10492.53,10608.16,10767.0,10423.9,10492.53,0.0,0.0
2009-09-01,10453.37,10577.19,10438.51,10530.06,10453.37,10577.19,10438.51,10530.06,0.0,0.0
2009-09-02,10378.08,10378.08,10215.6,10280.46,10378.08,10378.08,10215.6,10280.46,0.0,0.0
2009-09-03,10240.02,10290.83,10185.38,10214.64,10240.02,10290.83,10185.38,10214.64,0.0,0.0
2009-09-04,10256.49,10256.49,10143.26,10187.11,10256.49,10256.49,10143.26,10187.11,0.0,0.0
2009-09-07,10288.56,10326.45,10274.38,10320.94,10288.56,10326.45,10274.38,10320.94,0.0,0.0
2009-09-08,10353.51,10393.23,10300.5,10393.23,10353.51,10393.23,10300.5,10393.23,0.0,0.0
2009-09-09,10343.8,10390.25,10249.11,10312.14,10343.8,10390.25,10249.11,10312.14,0.0,0.0
2009-09-10,10385.35,10521.14,10382.99,10513.67,10385.35,10521.14,10382.99,10513.67,0.0,0.0
2009-09-11,10519.33,10522.23,10407.97,10444.33,10519.33,10522.23,10407.97,10444.33,0.0,0.0
2009-09-14,10388.32,10388.32,10170.74,10202.06,10388.32,10388.32,10170.74,10202.06,0.0,0.0
2009-09-15,10255.73,10292.47,10183.3,10217.62,10255.73,10292.47,10183.3,10217.62,0.0,0.0
2009-09-16,10288.72,10394.56,10247.24,10270.77,10288.72,10394.56,10247.24,10270.77,0.0,0.0
2009-09-17,10373.25,10443.8,10340.14,10443.8,10373.25,10443.8,10340.14,10443.8,0.0,0.0
2009-09-18,10379.21,10399.42,10292.5,10370.54,10379.21,10399.42,10292.5,10370.54,0.0,0.0
2009-09-24,10405.53,10566.98,10386.88,10544.22,10405.53,10566.98,10386.88,10544.22,0.0,0.0
2009-09-25,10395.45,10395.45,10228.6,10265.98,10395.45,10395.45,10228.6,10265.98,0.0,0.0
2009-09-28,10136.24,10151.6,9971.05,10009.52,10136.24,10151.6,9971.05,10009.52,0.0,0.0
2009-09-29,10089.11,10125.88,10059.87,10100.2,10089.11,10125.88,10059.87,10100.2,0.0,0.0
2009-09-30,10105.17,10138.04,10063.69,10133.23,10105.17,10138.04,10063.69,10133.23,0.0,0.0
2009-10-01,10072.64,10077.22,9965.06,9978.64,10072.64,10077.22,9965.06,9978.64,0.0,0.0
2009-10-02,9848.07,9852.17,9714.18,9731.87,9848.07,9852.17,9714.18,9731.87,0.0,0.0
2009-10-05,9733.07,9751.56,9669.31,9674.49,9733.07,9751.56,9669.31,9674.49,0.0,0.0
2009-10-06,9744.42,9744.42,9628.67,9691.8,9744.42,9744.42,9628.67,9691.8,0.0,0.0
2009-10-07,9750.24,9821.74,9735.68,9799.6,9750.24,9821.74,9735.68,9799.6,0.0,0.0
2009-10-08,9806.03,9863.34,9746.15,9832.47,9806.03,9863.34,9746.15,9832.47,0.0,0.0
2009-10-09,9893.63,10016.39,9857.39,10016.39,9893.63,10016.39,9857.39,10016.39,0.0,0.0
2009-10-13,10066.85,10116.72,10039.62,10076.56,10066.85,10116.72,10039.62,10076.56,0.0,0.0
2009-10-14,10096.01,10096.01,10016.24,10060.21,10096.01,10096.01,10016.24,10060.21,0.0,0.0
2009-10-15,10194.91,10272.62,10184.81,10238.65,10194.91,10272.62,10184.81,10238.65,0.0,0.0
2009-10-16,10276.4,10290.31,10216.14,10257.56,10276.4,10290.31,10216.14,10257.56,0.0,0.0
2009-10-19,10179.46,10264.44,10125.33,10236.51,10179.46,10264.44,10125.33,10236.51,0.0,0.0
2009-10-20,10329.3,10357.59,10307.59,10336.84,10329.3,10357.59,10307.59,10336.84,0.0,0.0
2009-10-21,10292.39,10350.45,10292.39,10333.39,10292.39,10350.45,10292.39,10333.39,0.0,0.0
2009-10-22,10251.09,10274.61,10159.66,10267.17,10251.09,10274.61,10159.66,10267.17,0.0,0.0
2009-10-23,10335.34,10364.17,10271.71,10282.99,10335.34,10364.17,10271.71,10282.99,0.0,0.0
2009-10-26,10271.84,10397.69,10250.84,10362.62,10271.84,10397.69,10250.84,10362.62,0.0,0.0
2009-10-27,10283.46,10290.92,10201.93,10212.46,10283.46,10290.92,10201.93,10212.46,0.0,0.0
2009-10-28,10182.14,10209.2,10060.39,10075.05,10182.14,10209.2,10060.39,10075.05,0.0,0.0
2009-10-29,9941.57,9945.41,9850.12,9891.1,9941.57,9945.41,9850.12,9891.1,0.0,0.0
2009-10-30,10006.84,10049.59,9984.33,10034.74,10006.84,10049.59,9984.33,10034.74,0.0,0.0
2009-11-02,9903.77,9904.61,9736.14,9802.95,9903.77,9904.61,9736.14,9802.95,0.0,0.0
2009-11-04,9785.28,9845.0,9767.91,9844.31,9785.28,9845.0,9767.91,9844.31,0.0,0.0
2009-11-05,9803.5,9825.82,9691.69,9717.44,9803.5,9825.82,9691.69,9717.44,0.0,0.0
2009-11-06,9812.731,9849.72,9767.0,9789.35,9812.731,9849.72,9767.0,9789.35,0.0,0.0
2009-11-09,9777.64,9845.9,9731.59,9808.99,9777.64,9845.9,9731.59,9808.99,0.0,0.0
2009-11-10,9904.68,9979.46,9857.1,9870.731,9904.68,9979.46,9857.1,9870.731,0.0,0.0
2009-11-11,9890.18,9949.71,9849.99,9871.68,9890.18,9949.71,9849.99,9871.68,0.0,0.0
2009-11-12,9921.45,9943.57,9788.49,9804.49,9921.45,9943.57,9788.49,9804.49,0.0,0.0
2009-11-13,9793.19,9805.2,9719.38,9770.31,9793.19,9805.2,9719.38,9770.31,0.0,0.0
2009-11-16,9784.14,9802.53,9725.81,9791.18,9784.14,9802.53,9725.81,9791.18,0.0,0.0
2009-11-17,9834.58,9847.64,9715.28,9729.93,9834.58,9847.64,9715.28,9729.93,0.0,0.0
2009-11-18,9723.231,9788.81,9631.83,9676.8,9723.231,9788.81,9631.83,9676.8,0.0,0.0
2009-11-19,9691.86,9691.86,9496.07,9549.47,9691.86,9691.86,9496.07,9549.47,0.0,0.0
2009-11-20,9460.21,9513.6,9423.66,9497.68,9460.21,9513.6,9423.66,9497.68,0.0,0.0
2009-11-24,9511.0,9511.0,9397.79,9401.58,9511.0,9511.0,9397.79,9401.58,0.0,0.0
2009-11-25,9381.9,9453.7,9366.33,9441.64,9381.9,9453.7,9366.33,9441.64,0.0,0.0
2009-11-26,9354.8,9457.24,9324.99,9383.24,9354.8,9457.24,9324.99,9383.24,0.0,0.0
2009-11-27,9257.2,9257.2,9076.41,9081.52,9257.2,9257.2,9076.41,9081.52,0.0,0.0
2009-11-30,9189.17,9353.74,9162.18,9345.55,9189.17,9353.74,9162.18,9345.55,0.0,0.0
2009-12-01,9281.82,9572.2,9233.2,9572.2,9281.82,9572.2,9233.2,9572.2,0.0,0.0
2009-12-02,9551.79,9643.32,9514.15,9608.94,9551.79,9643.32,9514.15,9608.94,0.0,0.0
2009-12-03,9707.02,9977.67,9707.02,9977.67,9707.02,9977.67,9707.02,9977.67,0.0,0.0
2009-12-04,10019.24,10022.59,9902.83,10022.59,10019.24,10022.59,9902.83,10022.59,0.0,0.0
2009-12-07,10131.9,10204.58,10106.31,10167.6,10131.9,10204.58,10106.31,10167.6,0.0,0.0
2009-12-08,10079.81,10149.32,10079.81,10140.47,10079.81,10149.32,10079.81,10140.47,0.0,0.0
2009-12-09,10048.94,10048.94,9985.97,10004.72,10048.94,10048.94,9985.97,10004.72,0.0,0.0
2009-12-10,9964.05,10035.92,9834.22,9862.82,9964.05,10035.92,9834.22,9862.82,0.0,0.0
2009-12-11,9958.0,10107.87,9916.21,10107.87,9958.0,10107.87,9916.21,10107.87,0.0,0.0
2009-12-14,10126.61,10126.61,10009.6,10105.68,10126.61,10126.61,10009.6,10105.68,0.0,0.0
2009-12-15,10053.45,10111.76,10033.9,10083.48,10053.45,10111.76,10033.9,10083.48,0.0,0.0
2009-12-16,10179.33,10222.22,10117.12,10177.41,10179.33,10222.22,10117.12,10177.41,0.0,0.0
2009-12-17,10199.92,10260.12,10163.8,10163.8,10199.92,10260.12,10163.8,10163.8,0.0,0.0
2009-12-18,10110.64,10157.25,10027.85,10142.05,10110.64,10157.25,10027.85,10142.05,0.0,0.0
2009-12-21,10196.71,10215.49,10183.47,10183.47,10196.71,10215.49,10183.47,10183.47,0.0,0.0
2009-12-22,10256.0,10378.03,10235.22,10378.03,10256.0,10378.03,10235.22,10378.03,0.0,0.0
2009-12-24,10413.37,10558.41,10413.37,10536.92,10413.37,10558.41,10413.37,10536.92,0.0,0.0
2009-12-25,10546.97,10546.97,10476.65,10494.71,10546.97,10546.97,10476.65,10494.71,0.0,0.0
2009-12-28,10521.81,10652.99,10513.55,10634.23,10521.81,10652.99,10513.55,10634.23,0.0,0.0
2009-12-29,10611.85,10683.12,10597.41,10638.06,10611.85,10683.12,10597.41,10638.06,0.0,0.0
2009-12-30,10707.51,10707.51,10546.44,10546.44,10707.51,10707.51,10546.44,10546.44,0.0,0.0
2010-01-04,10609.34,10694.49,10608.14,10654.79,10609.34,10694.49,10608.14,10654.79,0.0,0.0
2010-01-05,10719.44,10791.04,10655.57,10681.83,10719.44,10791.04,10655.57,10681.83,0.0,0.0
2010-01-06,10709.55,10768.61,10661.17,10731.45,10709.55,10768.61,10661.17,10731.45,0.0,0.0
2010-01-07,10742.75,10774.0,10636.67,10681.66,10742.75,10774.0,10636.67,10681.66,0.0,0.0
2010-01-08,10743.3,10816.45,10677.56,10798.32,10743.3,10816.45,10677.56,10798.32,0.0,0.0
2010-01-12,10770.35,10905.39,10763.68,10879.14,10770.35,10905.39,10763.68,10879.14,0.0,0.0
2010-01-13,10795.48,10866.62,10729.86,10735.03,10795.48,10866.62,10729.86,10735.03,0.0,0.0
2010-01-14,10778.07,10909.94,10774.25,10907.68,10778.07,10909.94,10774.25,10907.68,0.0,0.0
2010-01-15,10917.41,10982.1,10878.83,10982.1,10917.41,10982.1,10878.83,10982.1,0.0,0.0
2010-01-18,10887.61,10895.1,10781.03,10855.08,10887.61,10895.1,10781.03,10855.08,0.0,0.0
2010-01-19,10866.83,10866.83,10749.47,10764.9,10866.83,10866.83,10749.47,10764.9,0.0,0.0
2010-01-20,10834.91,10860.93,10724.57,10737.52,10834.91,10860.93,10724.57,10737.52,0.0,0.0
2010-01-21,10704.79,10886.64,10649.84,10868.41,10704.79,10886.64,10649.84,10868.41,0.0,0.0
2010-01-22,10740.21,10768.07,10528.33,10590.55,10740.21,10768.07,10528.33,10590.55,0.0,0.0
2010-01-25,10478.31,10557.64,10414.58,10512.69,10478.31,10557.64,10414.58,10512.69,0.0,0.0
2010-01-26,10506.15,10566.49,10324.98,10325.28,10506.15,10566.49,10324.98,10325.28,0.0,0.0
2010-01-27,10344.07,10373.82,10252.08,10252.08,10344.07,10373.82,10252.08,10252.08,0.0,0.0
2010-01-28,10309.73,10462.7,10296.98,10414.29,10309.73,10462.7,10296.98,10414.29,0.0,0.0
2010-01-29,10308.05,10324.37,10198.04,10198.04,10308.05,10324.37,10198.04,10198.04,0.0,0.0
2010-02-01,10212.36,10224.83,10129.91,10205.02,10212.36,10224.83,10129.91,10205.02,0.0,0.0
2010-02-02,10310.98,10396.48,10287.74,10371.09,10310.98,10396.48,10287.74,10371.09,0.0,0.0
2010-02-03,10428.12,10436.52,10356.03,10404.33,10428.12,10436.52,10356.03,10404.33,0.0,0.0
2010-02-04,10434.52,10438.41,10279.57,10355.98,10434.52,10438.41,10279.57,10355.98,0.0,0.0
2010-02-05,10162.34,10166.3,10036.33,10057.09,10162.34,10166.3,10036.33,10057.09,0.0,0.0
2010-02-08,10007.47,10063.53,9942.05,9951.82,10007.47,10063.53,9942.05,9951.82,0.0,0.0
2010-02-09,9876.61,9956.79,9867.39,9932.9,9876.61,9956.79,9867.39,9932.9,0.0,0.0
2010-02-10,10024.26,10049.87,9963.99,9963.99,10024.26,10049.87,9963.99,9963.99,0.0,0.0
2010-02-12,10085.35,10099.46,10014.5,10092.19,10085.35,10099.46,10014.5,10092.19,0.0,0.0
2010-02-15,10097.82,10119.47,10012.53,10013.3,10097.82,10119.47,10012.53,10013.3,0.0,0.0
2010-02-16,10044.53,10062.27,10019.43,10034.25,10044.53,10062.27,10019.43,10034.25,0.0,0.0
2010-02-17,10161.72,10306.83,10150.24,10306.83,10161.72,10306.83,10150.24,10306.83,0.0,0.0
2010-02-18,10324.98,10340.38,10285.05,10335.69,10324.98,10340.38,10285.05,10335.69,0.0,0.0
2010-02-19,10334.4,10354.42,10123.58,10123.58,10334.4,10354.42,10123.58,10123.58,0.0,0.0
2010-02-22,10302.07,10449.75,10298.15,10400.47,10302.07,10449.75,10298.15,10400.47,0.0,0.0
2010-02-23,10327.64,10375.55,10280.33,10352.1,10327.64,10375.55,10280.33,10352.1,0.0,0.0
2010-02-24,10205.15,10243.2,10129.65,10198.83,10205.15,10243.2,10129.65,10198.83,0.0,0.0
2010-02-25,10256.1,10267.43,10087.21,10101.96,10256.1,10267.43,10087.21,10101.96,0.0,0.0
2010-02-26,10107.08,10171.22,10085.13,10126.03,10107.08,10171.22,10085.13,10126.03,0.0,0.0
2010-03-01,10128.73,10215.15,10116.86,10172.06,10128.73,10215.15,10116.86,10172.06,0.0,0.0
2010-03-02,10199.19,10238.96,10150.3,10221.84,10199.19,10238.96,10150.3,10221.84,0.0,0.0
2010-03-03,10193.95,10274.09,10186.68,10253.14,10193.95,10274.09,10186.68,10253.14,0.0,0.0
2010-03-04,10255.69,10263.48,10134.37,10145.72,10255.69,10263.48,10134.37,10145.72,0.0,0.0
2010-03-05,10254.61,10376.41,10254.61,10368.96,10254.61,10376.41,10254.61,10368.96,0.0,0.0
2010-03-08,10538.12,10586.97,10514.28,10585.92,10538.12,10586.97,10514.28,10585.92,0.0,0.0
2010-03-09,10567.32,10593.27,10542.81,10567.65,10567.32,10593.27,10542.81,10567.65,0.0,0.0
2010-03-10,10555.85,10588.69,10547.34,10563.92,10555.85,10588.69,10547.34,10563.92,0.0,0.0
2010-03-11,10627.99,10664.95,10588.86,10664.95,10627.99,10664.95,10588.86,10664.95,0.0,0.0
2010-03-12,10777.49,10777.49,10699.3,10751.26,10777.49,10777.49,10699.3,10751.26,0.0,0.0
2010-03-15,10802.11,10808.84,10708.97,10751.98,10802.11,10808.84,10708.97,10751.98,0.0,0.0
2010-03-16,10718.63,10776.52,10716.2,10721.71,10718.63,10776.52,10716.2,10721.71,0.0,0.0
2010-03-17,10789.24,10864.3,10761.89,10846.98,10789.24,10864.3,10761.89,10846.98,0.0,0.0
2010-03-18,10841.71,10845.73,10731.66,10744.03,10841.71,10845.73,10731.66,10744.03,0.0,0.0
2010-03-19,10785.88,10826.76,10775.57,10824.72,10785.88,10826.76,10775.57,10824.72,0.0,0.0
2010-03-23,10793.05,10817.78,10766.65,10774.15,10793.05,10817.78,10766.65,10774.15,0.0,0.0
2010-03-24,10829.36,10880.62,10769.18,10815.03,10829.36,10880.62,10769.18,10815.03,0.0,0.0
2010-03-25,10857.81,10872.45,10808.71,10828.85,10857.81,10872.45,10808.71,10828.85,0.0,0.0
2010-03-26,10895.29,11001.59,10889.33,10996.37,10895.29,11001.59,10889.33,10996.37,0.0,0.0
2010-03-29,10909.98,10990.75,10901.2,10986.47,10909.98,10990.75,10901.2,10986.47,0.0,0.0
2010-03-30,11022.2,11108.82,11003.35,11097.14,11022.2,11108.82,11003.35,11097.14,0.0,0.0
2010-03-31,11138.72,11147.62,11085.55,11089.94,11138.72,11147.62,11085.55,11089.94,0.0,0.0
2010-04-01,11178.92,11272.73,11118.18,11244.4,11178.92,11272.73,11118.18,11244.4,0.0,0.0
2010-04-02,11274.18,11313.98,11235.98,11286.09,11274.18,11313.98,11235.98,11286.09,0.0,0.0
2010-04-05,11380.63,11408.17,11306.62,11339.3,11380.63,11408.17,11306.62,11339.3,0.0,0.0
2010-04-06,11350.7,11358.45,11217.25,11282.32,11350.7,11358.45,11217.25,11282.32,0.0,0.0
2010-04-07,11296.31,11350.57,11260.42,11292.83,11296.31,11350.57,11260.42,11292.83,0.0,0.0
2010-04-08,11179.67,11232.36,11159.45,11168.2,11179.67,11232.36,11159.45,11168.2,0.0,0.0
2010-04-09,11174.62,11204.87,11148.8,11204.34,11174.62,11204.87,11148.8,11204.34,0.0,0.0
2010-04-12,11300.79,11351.55,11248.57,11251.9,11300.79,11351.55,11248.57,11251.9,0.0,0.0
2010-04-13,11202.92,11212.65,11088.48,11161.23,11202.92,11212.65,11088.48,11161.23,0.0,0.0
2010-04-14,11213.46,11270.2,11161.01,11204.9,11213.46,11270.2,11161.01,11204.9,0.0,0.0
2010-04-15,11310.07,11316.66,11255.8,11273.79,11310.07,11316.66,11255.8,11273.79,0.0,0.0
2010-04-16,11230.53,11230.53,11084.72,11102.18,11230.53,11230.53,11084.72,11102.18,0.0,0.0
2010-04-19,10929.64,10953.9,10878.99,10908.77,10929.64,10953.9,10878.99,10908.77,0.0,0.0
2010-04-20,10960.11,10999.57,10890.82,10900.68,10960.11,10999.57,10890.82,10900.68,0.0,0.0
2010-04-21,11031.79,11093.3,11023.88,11090.05,11031.79,11093.3,11023.88,11090.05,0.0,0.0
2010-04-22,10988.01,10989.62,10866.23,10949.09,10988.01,10989.62,10866.23,10949.09,0.0,0.0
2010-04-23,10930.9,10967.12,10865.92,10914.46,10930.9,10967.12,10865.92,10914.46,0.0,0.0
2010-04-26,11039.59,11165.79,11035.66,11165.79,11039.59,11165.79,11035.66,11165.79,0.0,0.0
2010-04-27,11109.26,11213.45,11108.72,11212.66,11109.26,11213.45,11108.72,11212.66,0.0,0.0
2010-04-28,11005.51,11008.88,10882.4,10924.79,11005.51,11008.88,10882.4,10924.79,0.0,0.0
2010-04-30,11062.12,11092.52,11035.27,11057.4,11062.12,11092.52,11035.27,11057.4,0.0,0.0
2010-05-06,10847.9,10847.9,10682.61,10695.69,10847.9,10847.9,10682.61,10695.69,0.0,0.0
2010-05-07,10472.7,10472.77,10257.32,10364.59,10472.7,10472.77,10257.32,10364.59,0.0,0.0
2010-05-10,10399.05,10540.52,10362.34,10530.7,10399.05,10540.52,10362.34,10530.7,0.0,0.0
2010-05-11,10643.24,10643.28,10392.47,10411.1,10643.24,10643.28,10392.47,10411.1,0.0,0.0
2010-05-12,10465.03,10501.72,10345.19,10394.03,10465.03,10501.72,10345.19,10394.03,0.0,0.0
2010-05-13,10542.77,10638.23,10535.94,10620.55,10542.77,10638.23,10535.94,10620.55,0.0,0.0
2010-05-14,10453.4,10551.69,10390.77,10462.51,10453.4,10551.69,10390.77,10462.51,0.0,0.0
2010-05-17,10329.37,10331.87,10158.3,10235.76,10329.37,10331.87,10158.3,10235.76,0.0,0.0
2010-05-18,10313.14,10336.53,10197.74,10242.64,10313.14,10336.53,10197.74,10242.64,0.0,0.0
2010-05-19,10087.33,10186.84,10041.93,10186.84,10087.33,10186.84,10041.93,10186.84,0.0,0.0
2010-05-20,10121.85,10161.7,9999.59,10030.31,10121.85,10161.7,9999.59,10030.31,0.0,0.0
2010-05-21,9823.84,9829.36,9696.63,9784.54,9823.84,9829.36,9696.63,9784.54,0.0,0.0
2010-05-24,9754.99,9793.46,9693.07,9758.4,9754.99,9793.46,9693.07,9758.4,0.0,0.0
2010-05-25,9632.14,9642.6,9432.09,9459.89,9632.14,9642.6,9432.09,9459.89,0.0,0.0
2010-05-26,9567.35,9622.4,9477.45,9522.66,9567.35,9622.4,9477.45,9522.66,0.0,0.0
2010-05-27,9419.3,9642.16,9395.29,9639.72,9419.3,9642.16,9395.29,9639.72,0.0,0.0
2010-05-28,9806.06,9824.85,9699.14,9762.981,9806.06,9824.85,9699.14,9762.981,0.0,0.0
2010-05-31,9735.47,9831.731,9728.42,9768.7,9735.47,9831.731,9728.42,9768.7,0.0,0.0
2010-06-01,9747.26,9747.26,9658.44,9711.83,9747.26,9747.26,9658.44,9711.83,0.0,0.0
2010-06-02,9604.45,9763.41,9560.16,9603.24,9604.45,9763.41,9560.16,9603.24,0.0,0.0
2010-06-03,9758.82,9920.18,9758.82,9914.19,9758.82,9920.18,9758.82,9914.19,0.0,0.0
2010-06-04,9909.24,9962.42,9868.09,9901.19,9909.24,9962.42,9868.09,9901.19,0.0,0.0
2010-06-07,9705.36,9714.42,9502.62,9520.8,9705.36,9714.42,9502.62,9520.8,0.0,0.0
2010-06-08,9448.79,9587.65,9434.81,9537.94,9448.79,9587.65,9434.81,9537.94,0.0,0.0
2010-06-09,9475.57,9487.91,9378.231,9439.13,9475.57,9487.91,9378.231,9439.13,0.0,0.0
2010-06-10,9476.78,9544.04,9437.47,9542.65,9476.78,9544.04,9437.47,9542.65,0.0,0.0
2010-06-11,9701.32,9764.731,9673.6,9705.25,9701.32,9764.731,9673.6,9705.25,0.0,0.0
2010-06-14,9824.93,9882.05,9819.95,9879.85,9824.93,9882.05,9819.95,9879.85,0.0,0.0
2010-06-15,9845.65,9911.731,9826.44,9887.89,9845.65,9911.731,9826.44,9887.89,0.0,0.0
2010-06-16,10043.1,10109.86,10033.24,10067.15,10043.1,10109.86,10033.24,10067.15,0.0,0.0
2010-06-17,10009.25,10053.45,9989.21,9999.4,10009.25,10053.45,9989.21,9999.4,0.0,0.0
2010-06-18,10027.98,10029.11,9965.16,9995.02,10027.98,10029.11,9965.16,9995.02,0.0,0.0
2010-06-21,10109.27,10251.9,10109.27,10238.01,10109.27,10251.9,10109.27,10238.01,0.0,0.0
2010-06-22,10131.91,10183.89,10105.48,10112.89,10131.91,10183.89,10105.48,10112.89,0.0,0.0
2010-06-23,9973.0,9975.01,9912.8,9923.7,9973.0,9975.01,9912.8,9923.7,0.0,0.0
2010-06-24,9902.62,10009.37,9893.75,9928.34,9902.62,10009.37,9893.75,9928.34,0.0,0.0
2010-06-25,9778.7,9794.981,9697.87,9737.481,9778.7,9794.981,9697.87,9737.481,0.0,0.0
2010-06-28,9758.91,9762.231,9679.17,9693.94,9758.91,9762.231,9679.17,9693.94,0.0,0.0
2010-06-29,9718.4,9760.02,9548.981,9570.67,9718.4,9760.02,9548.981,9570.67,0.0,0.0
2010-06-30,9396.45,9420.14,9347.07,9382.64,9396.45,9420.14,9347.07,9382.64,0.0,0.0
2010-07-01,9296.86,9297.45,9147.68,9191.6,9296.86,9297.45,9147.68,9191.6,0.0,0.0
2010-07-02,9234.56,9259.14,9160.47,9203.71,9234.56,9259.14,9160.47,9203.71,0.0,0.0
2010-07-05,9230.0,9282.9,9213.79,9266.78,9230.0,9282.9,9213.79,9266.78,0.0,0.0
2010-07-06,9158.28,9351.11,9091.7,9338.04,9158.28,9351.11,9091.7,9338.04,0.0,0.0
2010-07-07,9322.56,9329.64,9223.8,9279.65,9322.56,9329.64,9223.8,9279.65,0.0,0.0
2010-07-08,9462.82,9545.99,9456.19,9535.74,9462.82,9545.99,9456.19,9535.74,0.0,0.0
2010-07-09,9601.62,9610.59,9516.97,9585.32,9601.62,9610.59,9516.97,9585.32,0.0,0.0
2010-07-12,9540.47,9632.89,9533.56,9548.11,9540.47,9632.89,9533.56,9548.11,0.0,0.0
2010-07-13,9592.87,9629.981,9502.24,9537.231,9592.87,9629.981,9502.24,9537.231,0.0,0.0
2010-07-14,9707.5,9807.36,9693.33,9795.24,9707.5,9807.36,9693.33,9795.24,0.0,0.0
2010-07-15,9701.14,9726.94,9667.0,9685.53,9701.14,9726.94,9667.0,9685.53,0.0,0.0
2010-07-16,9600.88,9636.84,9392.21,9408.36,9600.88,9636.84,9392.21,9408.36,0.0,0.0
2010-07-20,9267.24,9378.91,9247.76,9300.46,9267.24,9378.91,9247.76,9300.46,0.0,0.0
2010-07-21,9404.07,9404.07,9230.84,9278.83,9404.07,9404.07,9230.84,9278.83,0.0,0.0
2010-07-22,9216.28,9254.19,9176.12,9220.88,9216.28,9254.19,9176.12,9220.88,0.0,0.0
2010-07-23,9380.12,9474.11,9367.3,9430.96,9380.12,9474.11,9367.3,9430.96,0.0,0.0
2010-07-26,9520.731,9561.82,9493.61,9503.66,9520.731,9561.82,9493.61,9503.66,0.0,0.0
2010-07-27,9512.67,9541.59,9487.65,9496.85,9512.67,9541.59,9487.65,9496.85,0.0,0.0
2010-07-28,9614.47,9760.31,9614.47,9753.27,9614.47,9760.31,9614.47,9753.27,0.0,0.0
2010-07-29,9653.51,9732.76,9648.97,9696.02,9653.51,9732.76,9648.97,9696.02,0.0,0.0
2010-07-30,9658.61,9658.61,9505.64,9537.3,9658.61,9658.61,9505.64,9537.3,0.0,0.0
2010-08-02,9574.64,9676.41,9548.86,9570.31,9574.64,9676.41,9548.86,9570.31,0.0,0.0
2010-08-03,9716.57,9750.88,9632.86,9694.01,9716.57,9750.88,9632.86,9694.01,0.0,0.0
2010-08-04,9606.82,9613.13,9474.67,9489.34,9606.82,9613.13,9474.67,9489.34,0.0,0.0
2010-08-05,9640.34,9688.87,9578.31,9653.92,9640.34,9688.87,9578.31,9653.92,0.0,0.0
2010-08-06,9560.65,9658.04,9545.41,9642.12,9560.65,9658.04,9545.41,9642.12,0.0,0.0
2010-08-09,9535.51,9572.83,9523.63,9572.49,9535.51,9572.83,9523.63,9572.49,0.0,0.0
2010-08-10,9629.97,9667.04,9505.34,9551.05,9629.97,9667.04,9505.34,9551.05,0.0,0.0
2010-08-11,9423.03,9445.04,9283.6,9292.85,9423.03,9445.04,9283.6,9292.85,0.0,0.0
2010-08-12,9125.49,9212.59,9065.94,9212.59,9125.49,9212.59,9065.94,9212.59,0.0,0.0
2010-08-13,9214.81,9278.46,9163.25,9253.46,9214.81,9278.46,9163.25,9253.46,0.0,0.0
2010-08-16,9145.22,9210.97,9095.94,9196.67,9145.22,9210.97,9095.94,9196.67,0.0,0.0
2010-08-17,9089.85,9188.481,9084.24,9161.68,9089.85,9188.481,9084.24,9161.68,0.0,0.0
2010-08-18,9261.5,9280.59,9153.42,9240.54,9261.5,9280.59,9153.42,9240.54,0.0,0.0
2010-08-19,9242.84,9362.68,9242.84,9362.68,9242.84,9362.68,9242.84,9362.68,0.0,0.0
2010-08-20,9239.36,9287.5,9169.17,9179.38,9239.36,9287.5,9169.17,9179.38,0.0,0.0
2010-08-23,9147.24,9171.42,9090.96,9116.69,9147.24,9171.42,9090.96,9116.69,0.0,0.0
2010-08-24,9024.6,9069.22,8983.52,8995.14,9024.6,9069.22,8983.52,8995.14,0.0,0.0
2010-08-25,8904.44,8949.41,8807.41,8845.39,8904.44,8949.41,8807.41,8845.39,0.0,0.0
2010-08-26,8908.02,8910.62,8834.09,8906.481,8908.02,8910.62,8834.09,8906.481,0.0,0.0
2010-08-27,8811.47,9021.75,8810.46,8991.06,8811.47,9021.75,8810.46,8991.06,0.0,0.0
2010-08-30,9141.45,9280.7,9117.87,9149.26,9141.45,9280.7,9117.87,9149.26,0.0,0.0
2010-08-31,8998.8,9008.36,8819.26,8824.06,8998.8,9008.36,8819.26,8824.06,0.0,0.0
2010-09-01,8833.32,8932.15,8796.45,8927.02,8833.32,8932.15,8796.45,8927.02,0.0,0.0
2010-09-02,9069.62,9083.37,8958.81,9062.84,9069.62,9083.37,8958.81,9062.84,0.0,0.0
2010-09-03,9097.59,9141.09,9050.83,9114.13,9097.59,9141.09,9050.83,9114.13,0.0,0.0
2010-09-06,9199.99,9303.0,9173.38,9301.32,9199.99,9303.0,9173.38,9301.32,0.0,0.0
2010-09-07,9232.02,9311.02,9206.81,9226.0,9232.02,9311.02,9206.81,9226.0,0.0,0.0
2010-09-08,9098.86,9105.89,8997.63,9024.6,9098.86,9105.89,8997.63,9024.6,0.0,0.0
2010-09-09,9120.54,9136.26,9069.93,9098.39,9120.54,9136.26,9069.93,9098.39,0.0,0.0
2010-09-10,9132.25,9291.5,9132.25,9239.17,9132.25,9291.5,9132.25,9239.17,0.0,0.0
2010-09-13,9325.64,9390.9,9317.3,9321.82,9325.64,9390.9,9317.3,9321.82,0.0,0.0
2010-09-14,9319.5,9330.05,9258.18,9299.31,9319.5,9330.05,9258.18,9299.31,0.0,0.0
2010-09-15,9243.481,9578.53,9199.08,9516.56,9243.481,9578.53,9199.08,9516.56,0.0,0.0
2010-09-16,9613.89,9620.9,9479.63,9509.5,9613.89,9620.9,9479.63,9509.5,0.0,0.0
2010-09-17,9581.65,9643.28,9554.36,9626.09,9581.65,9643.28,9554.36,9626.09,0.0,0.0
2010-09-21,9700.88,9704.25,9579.83,9602.11,9700.88,9704.25,9579.83,9602.11,0.0,0.0
2010-09-22,9563.2,9625.41,9546.82,9566.32,9563.2,9625.41,9546.82,9566.32,0.0,0.0
2010-09-24,9435.04,9601.77,9415.96,9471.67,9435.04,9601.77,9415.96,9471.67,0.0,0.0
2010-09-27,9557.37,9613.47,9539.12,9603.14,9557.37,9613.47,9539.12,9603.14,0.0,0.0
2010-09-28,9547.03,9553.91,9471.35,9495.76,9547.03,9553.91,9471.35,9495.76,0.0,0.0
2010-09-29,9530.05,9600.93,9502.34,9559.38,9530.05,9600.93,9502.34,9559.38,0.0,0.0
2010-09-30,9554.83,9566.84,9369.35,9369.35,9554.83,9566.84,9369.35,9369.35,0.0,0.0
2010-10-01,9440.52,9470.36,9358.62,9404.231,9440.52,9470.36,9358.62,9404.231,0.0,0.0
2010-10-04,9410.92,9508.36,9358.82,9381.06,9410.92,9508.36,9358.82,9381.06,0.0,0.0
2010-10-05,9337.43,9538.35,9332.19,9518.76,9337.43,9538.35,9332.19,9518.76,0.0,0.0
2010-10-06,9588.47,9693.74,9567.0,9691.43,9588.47,9693.74,9567.0,9691.43,0.0,0.0
2010-10-07,9661.09,9716.92,9649.17,9684.81,9661.09,9716.92,9649.17,9684.81,0.0,0.0
2010-10-08,9675.59,9675.59,9588.88,9588.88,9675.59,9675.59,9588.88,9588.88,0.0,0.0
2010-10-12,9648.59,9650.2,9387.731,9388.64,9648.59,9650.2,9387.731,9388.64,0.0,0.0
2010-10-13,9473.78,9510.19,9393.52,9403.51,9473.78,9510.19,9393.52,9403.51,0.0,0.0
2010-10-14,9515.17,9614.44,9481.51,9583.51,9515.17,9614.44,9481.51,9583.51,0.0,0.0
2010-10-15,9551.21,9553.57,9478.64,9500.25,9551.21,9553.57,9478.64,9500.25,0.0,0.0
2010-10-18,9517.68,9564.85,9471.481,9498.49,9517.68,9564.85,9471.481,9498.49,0.0,0.0
2010-10-19,9490.09,9575.14,9489.68,9539.45,9490.09,9575.14,9489.68,9539.45,0.0,0.0
2010-10-20,9399.65,9402.05,9316.97,9381.6,9399.65,9402.05,9316.97,9381.6,0.0,0.0
2010-10-21,9443.95,9479.25,9326.78,9376.481,9443.95,9479.25,9326.78,9376.481,0.0,0.0
2010-10-22,9404.09,9457.62,9390.14,9426.71,9404.09,9457.62,9390.14,9426.71,0.0,0.0
2010-10-25,9424.44,9460.7,9392.68,9401.16,9424.44,9460.7,9392.68,9401.16,0.0,0.0
2010-10-26,9386.55,9455.04,9362.13,9377.38,9386.55,9455.04,9362.13,9377.38,0.0,0.0
2010-10-27,9436.01,9453.79,9329.86,9387.03,9436.01,9453.79,9329.86,9387.03,0.0,0.0
2010-10-28,9368.61,9413.68,9350.44,9366.03,9368.61,9413.68,9350.44,9366.03,0.0,0.0
2010-10-29,9327.25,9337.92,9179.15,9202.45,9327.25,9337.92,9179.15,9202.45,0.0,0.0
2010-11-01,9166.85,9258.32,9134.47,9154.72,9166.85,9258.32,9134.47,9154.72,0.0,0.0
2010-11-02,9140.28,9172.03,9123.62,9159.981,9140.28,9172.03,9123.62,9159.981,0.0,0.0
2010-11-04,9282.79,9377.76,9276.71,9358.78,9282.79,9377.76,9276.71,9358.78,0.0,0.0
2010-11-05,9500.6,9680.68,9497.45,9625.99,9500.6,9680.68,9497.45,9625.99,0.0,0.0
2010-11-08,9699.79,9737.01,9677.87,9732.92,9699.79,9737.01,9677.87,9732.92,0.0,0.0
2010-11-09,9667.44,9726.6,9659.86,9694.49,9667.44,9726.6,9659.86,9694.49,0.0,0.0
2010-11-10,9748.61,9842.9,9747.03,9830.52,9748.61,9842.9,9747.03,9830.52,0.0,0.0
2010-11-11,9878.11,9885.37,9834.82,9861.46,9878.11,9885.37,9834.82,9861.46,0.0,0.0
2010-11-12,9810.3,9851.42,9724.81,9724.81,9810.3,9851.42,9724.81,9724.81,0.0,0.0
2010-11-15,9782.11,9830.59,9744.99,9827.51,9782.11,9830.59,9744.99,9827.51,0.0,0.0
2010-11-16,9892.82,9908.3,9774.12,9797.1,9892.82,9908.3,9774.12,9797.1,0.0,0.0
2010-11-17,9693.21,9817.37,9693.21,9811.66,9693.21,9817.37,9693.21,9811.66,0.0,0.0
2010-11-18,9820.6,10013.63,9798.56,10013.63,9820.6,10013.63,9798.56,10013.63,0.0,0.0
2010-11-19,10124.84,10130.23,10019.08,10022.39,10124.84,10130.23,10019.08,10022.39,0.0,0.0
2010-11-22,10133.48,10157.97,10091.99,10115.19,10133.48,10157.97,10091.99,10115.19,0.0,0.0
2010-11-24,9942.54,10064.31,9904.92,10030.11,9942.54,10064.31,9904.92,10030.11,0.0,0.0
2010-11-25,10117.85,10123.27,10038.79,10079.76,10117.85,10123.27,10038.79,10079.76,0.0,0.0
2010-11-26,10078.09,10134.64,10039.56,10039.56,10078.09,10134.64,10039.56,10039.56,0.0,0.0
2010-11-29,10075.66,10149.94,10044.01,10125.99,10075.66,10149.94,10044.01,10125.99,0.0,0.0
2010-11-30,10070.31,10101.42,9937.04,9937.04,10070.31,10101.42,9937.04,9937.04,0.0,0.0
2010-12-01,9939.8,9988.05,9918.55,9988.05,9939.8,9988.05,9918.55,9988.05,0.0,0.0
2010-12-02,10151.15,10187.59,10143.08,10168.52,10151.15,10187.59,10143.08,10168.52,0.0,0.0
2010-12-03,10231.78,10254.0,10154.99,10178.32,10231.78,10254.0,10154.99,10178.32,0.0,0.0
2010-12-06,10175.23,10179.82,10143.58,10167.23,10175.23,10179.82,10143.58,10167.23,0.0,0.0
2010-12-07,10152.92,10167.1,10094.41,10141.1,10152.92,10167.1,10094.41,10141.1,0.0,0.0
2010-12-08,10200.16,10258.9,10184.32,10232.33,10200.16,10258.9,10184.32,10232.33,0.0,0.0
2010-12-09,10277.87,10298.25,10240.11,10285.88,10277.87,10298.25,10240.11,10285.88,0.0,0.0
2010-12-10,10373.7,10373.7,10194.27,10211.95,10373.7,10373.7,10194.27,10211.95,0.0,0.0
2010-12-13,10212.52,10293.89,10199.73,10293.89,10212.52,10293.89,10199.73,10293.89,0.0,0.0
2010-12-14,10272.7,10319.24,10267.22,10316.77,10272.7,10319.24,10267.22,10316.77,0.0,0.0
2010-12-15,10338.14,10340.69,10282.85,10309.78,10338.14,10340.69,10282.85,10309.78,0.0,0.0
2010-12-16,10297.55,10347.39,10282.54,10311.29,10297.55,10347.39,10282.54,10311.29,0.0,0.0
2010-12-17,10307.17,10327.42,10280.8,10303.83,10307.17,10327.42,10280.8,10303.83,0.0,0.0
2010-12-20,10296.55,10301.15,10182.74,10216.41,10296.55,10301.15,10182.74,10216.41,0.0,0.0
2010-12-21,10277.14,10372.51,10266.29,10370.53,10277.14,10372.51,10266.29,10370.53,0.0,0.0
2010-12-22,10348.48,10394.22,10327.6,10346.48,10348.48,10394.22,10327.6,10346.48,0.0,0.0
2010-12-24,10275.97,10290.89,10264.06,10279.19,10275.97,10290.89,10264.06,10279.19,0.0,0.0
2010-12-27,10292.84,10376.91,10292.84,10355.99,10292.84,10376.91,10292.84,10355.99,0.0,0.0
2010-12-28,10330.01,10340.84,10292.63,10292.63,10330.01,10340.84,10292.63,10292.63,0.0,0.0
2010-12-29,10282.84,10344.54,10276.61,10344.54,10282.84,10344.54,10276.61,10344.54,0.0,0.0
2010-12-30,10303.13,10315.47,10209.93,10228.92,10303.13,10315.47,10209.93,10228.92,0.0,0.0
2011-01-04,10352.19,10409.17,10321.28,10398.1,10352.19,10409.17,10321.28,10398.1,0.0,0.0
2011-01-05,10387.95,10413.45,10358.01,10380.77,10387.95,10413.45,10358.01,10380.77,0.0,0.0
2011-01-06,10477.52,10530.11,10477.52,10529.76,10477.52,10530.11,10477.52,10529.76,0.0,0.0
2011-01-07,10506.72,10550.71,10503.02,10541.04,10506.72,10550.71,10503.02,10541.04,0.0,0.0
2011-01-11,10484.62,10538.39,10476.29,10510.68,10484.62,10538.39,10476.29,10510.68,0.0,0.0
2011-01-12,10562.28,10576.51,10502.96,10512.8,10562.28,10576.51,10502.96,10512.8,0.0,0.0
2011-01-13,10593.46,10620.57,10565.28,10589.76,10593.46,10620.57,10565.28,10589.76,0.0,0.0
2011-01-14,10502.77,10579.97,10497.26,10499.04,10502.77,10579.97,10497.26,10499.04,0.0,0.0
2011-01-17,10562.09,10562.39,10482.69,10502.86,10562.09,10562.39,10482.69,10502.86,0.0,0.0
2011-01-18,10461.04,10548.21,10456.71,10518.98,10461.04,10548.21,10456.71,10518.98,0.0,0.0
2011-01-19,10567.88,10580.68,10534.02,10557.1,10567.88,10580.68,10534.02,10557.1,0.0,0.0
2011-01-20,10492.32,10505.63,10421.83,10437.31,10492.32,10505.63,10421.83,10437.31,0.0,0.0
2011-01-21,10459.04,10461.07,10257.99,10274.52,10459.04,10461.07,10257.99,10274.52,0.0,0.0
2011-01-24,10318.6,10347.94,10278.81,10345.11,10318.6,10347.94,10278.81,10345.11,0.0,0.0
2011-01-25,10374.64,10480.24,10355.8,10464.42,10374.64,10480.24,10355.8,10464.42,0.0,0.0
2011-01-26,10410.29,10440.35,10392.46,10401.9,10410.29,10440.35,10392.46,10401.9,0.0,0.0
2011-01-27,10466.34,10496.4,10421.75,10478.66,10466.34,10496.4,10421.75,10478.66,0.0,0.0
2011-01-28,10460.29,10480.08,10332.65,10360.34,10460.29,10480.08,10332.65,10360.34,0.0,0.0
2011-01-31,10219.98,10265.96,10182.57,10237.92,10219.98,10265.96,10182.57,10237.92,0.0,0.0
2011-02-01,10281.55,10299.38,10245.75,10274.5,10281.55,10299.38,10245.75,10274.5,0.0,0.0
2011-02-02,10368.48,10479.75,10366.96,10457.36,10368.48,10479.75,10366.96,10457.36,0.0,0.0
2011-02-03,10424.68,10450.46,10409.84,10431.36,10424.68,10450.46,10409.84,10431.36,0.0,0.0
2011-02-04,10526.39,10580.36,10524.13,10543.52,10526.39,10580.36,10524.13,10543.52,0.0,0.0
2011-02-07,10641.3,10644.21,10572.72,10592.04,10641.3,10644.21,10572.72,10592.04,0.0,0.0
2011-02-08,10645.03,10648.8,10623.7,10635.98,10645.03,10648.8,10623.7,10635.98,0.0,0.0
2011-02-09,10686.72,10701.92,10599.5,10617.83,10686.72,10701.92,10599.5,10617.83,0.0,0.0
2011-02-10,10574.8,10631.94,10570.62,10605.65,10574.8,10631.94,10570.62,10605.65,0.0,0.0
2011-02-14,10689.65,10725.54,10674.44,10725.54,10689.65,10725.54,10674.44,10725.54,0.0,0.0
2011-02-15,10738.81,10760.99,10712.49,10746.67,10738.81,10760.99,10712.49,10746.67,0.0,0.0
2011-02-16,10758.86,10842.31,10752.61,10808.29,10758.86,10842.31,10752.61,10808.29,0.0,0.0
2011-02-17,10882.91,10891.6,10820.48,10836.64,10882.91,10891.6,10820.48,10836.64,0.0,0.0
2011-02-18,10829.15,10862.43,10810.12,10842.8,10829.15,10862.43,10810.12,10842.8,0.0,0.0
2011-02-21,10820.78,10859.39,10789.41,10857.53,10820.78,10859.39,10789.41,10857.53,0.0,0.0
2011-02-22,10745.52,10761.22,10639.78,10664.7,10745.52,10761.22,10639.78,10664.7,0.0,0.0
2011-02-23,10588.82,10666.72,10569.93,10579.1,10588.82,10666.72,10569.93,10579.1,0.0,0.0
2011-02-24,10533.2,10542.7,10428.38,10452.71,10533.2,10542.7,10428.38,10452.71,0.0,0.0
2011-02-25,10475.78,10532.21,10454.46,10526.76,10475.78,10532.21,10454.46,10526.76,0.0,0.0
2011-02-28,10504.54,10628.76,10448.83,10624.09,10504.54,10628.76,10448.83,10624.09,0.0,0.0
2011-03-01,10676.24,10754.03,10672.91,10754.03,10676.24,10754.03,10672.91,10754.03,0.0,0.0
2011-03-02,10609.28,10629.5,10492.38,10492.38,10609.28,10629.5,10492.38,10492.38,0.0,0.0
2011-03-03,10529.77,10593.34,10522.4,10586.02,10529.77,10593.34,10522.4,10586.02,0.0,0.0
2011-03-04,10730.91,10768.43,10664.37,10693.66,10730.91,10768.43,10664.37,10693.66,0.0,0.0
2011-03-07,10626.97,10626.97,10472.51,10505.02,10626.97,10626.97,10472.51,10505.02,0.0,0.0
2011-03-08,10513.08,10565.1,10509.23,10525.19,10513.08,10565.1,10509.23,10525.19,0.0,0.0
2011-03-09,10607.23,10662.07,10563.82,10589.5,10607.23,10662.07,10563.82,10589.5,0.0,0.0
2011-03-10,10544.13,10549.17,10410.1,10434.38,10544.13,10549.17,10410.1,10434.38,0.0,0.0
2011-03-11,10298.64,10378.55,10254.43,10254.43,10298.64,10378.55,10254.43,10254.43,0.0,0.0
2011-03-14,10044.17,10049.92,9578.65,9620.49,10044.17,10049.92,9578.65,9620.49,0.0,0.0
2011-03-15,9441.66,9441.66,8227.63,8605.15,9441.66,9441.66,8227.63,8605.15,0.0,0.0
2011-03-16,8767.2,9168.51,8763.95,9093.72,8767.2,9168.51,8763.95,9093.72,0.0,0.0
2011-03-17,8913.35,9093.61,8639.56,8962.67,8913.35,9093.61,8639.56,8962.67,0.0,0.0
2011-03-18,9083.95,9275.6,9073.25,9206.75,9083.95,9275.6,9073.25,9206.75,0.0,0.0
2011-03-22,9403.05,9625.03,9395.85,9608.32,9403.05,9625.03,9395.85,9608.32,0.0,0.0
2011-03-23,9590.38,9592.4,9387.95,9449.47,9590.38,9592.4,9387.95,9449.47,0.0,0.0
2011-03-24,9479.77,9509.85,9418.71,9435.01,9479.77,9509.85,9418.71,9435.01,0.0,0.0
2011-03-25,9565.49,9569.71,9469.37,9536.13,9565.49,9569.71,9469.37,9536.13,0.0,0.0
2011-03-28,9541.76,9541.76,9405.2,9478.53,9541.76,9541.76,9405.2,9478.53,0.0,0.0
2011-03-29,9348.6,9502.231,9317.38,9459.08,9348.6,9502.231,9317.38,9459.08,0.0,0.0
2011-03-30,9489.51,9708.79,9479.03,9708.79,9489.51,9708.79,9479.03,9708.79,0.0,0.0
2011-03-31,9765.28,9765.81,9658.64,9755.1,9765.28,9765.81,9658.64,9755.1,0.0,0.0
2011-04-01,9757.28,9822.06,9698.6,9708.39,9757.28,9822.06,9698.6,9708.39,0.0,0.0
2011-04-04,9773.91,9808.6,9718.89,9718.89,9773.91,9808.6,9718.89,9718.89,0.0,0.0
2011-04-05,9732.26,9732.26,9566.05,9615.55,9732.26,9732.26,9566.05,9615.55,0.0,0.0
2011-04-06,9668.11,9671.46,9562.16,9584.37,9668.11,9671.46,9562.16,9584.37,0.0,0.0
2011-04-07,9652.65,9687.18,9578.47,9590.93,9652.65,9687.18,9578.47,9590.93,0.0,0.0
2011-04-08,9586.17,9804.28,9536.68,9768.08,9586.17,9804.28,9536.68,9768.08,0.0,0.0
2011-04-11,9731.32,9775.6,9700.75,9719.7,9731.32,9775.6,9700.75,9719.7,0.0,0.0
2011-04-12,9603.5,9603.64,9513.27,9555.26,9603.5,9603.64,9513.27,9555.26,0.0,0.0
2011-04-13,9516.5,9655.83,9516.5,9641.18,9516.5,9655.83,9516.5,9641.18,0.0,0.0
2011-04-14,9579.79,9676.97,9553.75,9653.92,9579.79,9676.97,9553.75,9653.92,0.0,0.0
2011-04-15,9646.22,9651.96,9577.96,9591.52,9646.22,9651.96,9577.96,9591.52,0.0,0.0
2011-04-18,9593.41,9608.92,9539.03,9556.65,9593.41,9608.92,9539.03,9556.65,0.0,0.0
2011-04-19,9448.65,9478.87,9405.19,9441.03,9448.65,9478.87,9405.19,9441.03,0.0,0.0
2011-04-20,9536.79,9631.0,9519.36,9606.82,9536.79,9631.0,9519.36,9606.82,0.0,0.0
2011-04-21,9686.27,9725.12,9643.92,9685.77,9686.27,9725.12,9643.92,9685.77,0.0,0.0
2011-04-22,9623.0,9732.63,9611.38,9682.21,9623.0,9732.63,9611.38,9682.21,0.0,0.0
2011-04-25,9705.9,9748.4,9657.24,9671.96,9705.9,9748.4,9657.24,9671.96,0.0,0.0
2011-04-26,9627.43,9627.43,9536.51,9558.69,9627.43,9627.43,9536.51,9558.69,0.0,0.0
2011-04-27,9631.53,9728.03,9630.37,9691.84,9631.53,9728.03,9630.37,9691.84,0.0,0.0
2011-04-28,9749.36,9849.74,9712.58,9849.74,9749.36,9849.74,9712.58,9849.74,0.0,0.0
2011-05-02,9964.39,10017.47,9936.27,10004.2,9964.39,10017.47,9936.27,10004.2,0.0,0.0
2011-05-06,9851.15,9876.1,9782.66,9859.2,9851.15,9876.1,9782.66,9859.2,0.0,0.0
2011-05-09,9881.67,9897.88,9776.74,9794.38,9881.67,9897.88,9776.74,9794.38,0.0,0.0
2011-05-10,9804.27,9853.13,9755.93,9818.76,9804.27,9853.13,9755.93,9818.76,0.0,0.0
2011-05-11,9912.481,9929.04,9842.67,9864.26,9912.481,9929.04,9842.67,9864.26,0.0,0.0
2011-05-12,9770.71,9836.71,9716.65,9716.65,9770.71,9836.71,9716.65,9716.65,0.0,0.0
2011-05-13,9751.45,9751.45,9552.93,9648.77,9751.45,9751.45,9552.93,9648.77,0.0,0.0
2011-05-16,9571.13,9598.33,9552.86,9558.3,9571.13,9598.33,9552.86,9558.3,0.0,0.0
2011-05-17,9513.5,9593.13,9502.39,9567.02,9513.5,9593.13,9502.39,9567.02,0.0,0.0
2011-05-18,9602.88,9693.6,9590.4,9662.08,9602.88,9693.6,9590.4,9662.08,0.0,0.0
2011-05-19,9711.32,9731.12,9600.81,9620.82,9711.32,9731.12,9600.81,9620.82,0.0,0.0
2011-05-20,9612.87,9670.92,9600.481,9607.08,9612.87,9670.92,9600.481,9607.08,0.0,0.0
2011-05-23,9547.86,9547.86,9437.87,9460.63,9547.86,9547.86,9437.87,9460.63,0.0,0.0
2011-05-24,9406.04,9490.35,9406.04,9477.17,9406.04,9490.35,9406.04,9477.17,0.0,0.0
2011-05-25,9492.43,9503.77,9415.33,9422.88,9492.43,9503.77,9415.33,9422.88,0.0,0.0
2011-05-26,9499.45,9567.46,9489.12,9562.05,9499.45,9567.46,9489.12,9562.05,0.0,0.0
2011-05-27,9514.16,9588.7,9493.44,9521.94,9514.16,9588.7,9493.44,9521.94,0.0,0.0
2011-05-30,9489.78,9540.02,9448.0,9504.97,9489.78,9540.02,9448.0,9504.97,0.0,0.0
2011-05-31,9500.6,9697.35,9497.4,9693.731,9500.6,9697.35,9497.4,9693.731,0.0,0.0
2011-06-01,9708.05,9720.731,9659.31,9719.61,9708.05,9720.731,9659.31,9719.61,0.0,0.0
2011-06-02,9560.63,9575.01,9517.28,9555.04,9560.63,9575.01,9517.28,9555.04,0.0,0.0
2011-06-03,9550.59,9603.03,9490.68,9492.21,9550.59,9603.03,9490.68,9492.21,0.0,0.0
2011-06-06,9467.37,9490.55,9359.78,9380.35,9467.37,9490.55,9359.78,9380.35,0.0,0.0
2011-06-07,9371.21,9454.66,9358.31,9442.95,9371.21,9454.66,9358.31,9442.95,0.0,0.0
2011-06-08,9428.62,9458.43,9394.74,9449.46,9428.62,9458.43,9394.74,9449.46,0.0,0.0
2011-06-09,9411.71,9472.41,9383.12,9467.15,9411.71,9472.41,9383.12,9467.15,0.0,0.0
2011-06-10,9536.84,9613.75,9493.05,9514.44,9536.84,9613.75,9493.05,9514.44,0.0,0.0
2011-06-13,9405.16,9466.51,9391.26,9448.21,9405.16,9466.51,9391.26,9448.21,0.0,0.0
2011-06-14,9446.84,9565.65,9438.41,9547.79,9446.84,9565.65,9438.41,9547.79,0.0,0.0
2011-06-15,9589.54,9599.9,9520.93,9574.32,9589.54,9599.9,9520.93,9574.32,0.0,0.0
2011-06-16,9478.63,9497.59,9411.28,9411.28,9478.63,9497.59,9411.28,9411.28,0.0,0.0
2011-06-17,9443.32,9447.44,9318.62,9351.4,9443.32,9447.44,9318.62,9351.4,0.0,0.0
2011-06-20,9383.24,9421.38,9346.76,9354.32,9383.24,9421.38,9346.76,9354.32,0.0,0.0
2011-06-21,9420.43,9459.66,9378.36,9459.66,9420.43,9459.66,9378.36,9459.66,0.0,0.0
2011-06-22,9525.25,9658.62,9525.25,9629.43,9525.25,9658.62,9525.25,9629.43,0.0,0.0
2011-06-23,9557.72,9652.41,9553.3,9596.74,9557.72,9652.41,9553.3,9596.74,0.0,0.0
2011-06-24,9626.43,9695.09,9609.24,9678.71,9626.43,9695.09,9609.24,9678.71,0.0,0.0
2011-06-27,9633.92,9638.49,9570.58,9578.31,9633.92,9638.49,9570.58,9578.31,0.0,0.0
2011-06-28,9668.01,9703.41,9632.54,9648.981,9668.01,9703.41,9632.54,9648.981,0.0,0.0
2011-06-29,9767.91,9797.26,9734.66,9797.26,9767.91,9797.26,9734.66,9797.26,0.0,0.0
2011-06-30,9838.09,9849.69,9785.89,9816.09,9838.09,9849.69,9785.89,9816.09,0.0,0.0
2011-07-01,9878.69,9900.57,9849.64,9868.07,9878.69,9900.57,9849.64,9868.07,0.0,0.0
2011-07-04,9980.16,10005.75,9940.47,9965.09,9980.16,10005.75,9940.47,9965.09,0.0,0.0
2011-07-05,9959.39,9995.17,9948.38,9972.46,9959.39,9995.17,9948.38,9972.46,0.0,0.0
2011-07-06,9987.25,10082.48,9967.87,10082.48,9987.25,10082.48,9967.87,10082.48,0.0,0.0
2011-07-07,10047.15,10102.19,10029.33,10071.14,10047.15,10102.19,10029.33,10071.14,0.0,0.0
2011-07-08,10205.71,10207.91,10126.47,10137.73,10205.71,10207.91,10126.47,10137.73,0.0,0.0
2011-07-11,10069.01,10109.3,10057.77,10069.53,10069.01,10109.3,10057.77,10069.53,0.0,0.0
2011-07-12,9943.32,9971.14,9907.81,9925.92,9943.32,9971.14,9907.81,9925.92,0.0,0.0
2011-07-13,9891.11,9979.67,9887.33,9963.14,9891.11,9979.67,9887.33,9963.14,0.0,0.0
2011-07-14,9929.18,9998.49,9884.0,9936.12,9929.18,9998.49,9884.0,9936.12,0.0,0.0
2011-07-15,9919.59,9985.32,9919.1,9974.47,9919.59,9985.32,9919.1,9974.47,0.0,0.0
2011-07-19,9921.5,9945.72,9889.72,9889.72,9921.5,9945.72,9889.72,9889.72,0.0,0.0
2011-07-20,10008.0,10042.75,9986.33,10005.9,10008.0,10042.75,9986.33,10005.9,0.0,0.0
2011-07-21,10019.94,10026.18,9974.0,10010.39,10019.94,10026.18,9974.0,10010.39,0.0,0.0
2011-07-22,10096.89,10149.18,10076.53,10132.11,10096.89,10149.18,10076.53,10132.11,0.0,0.0
2011-07-25,10080.82,10091.02,10039.1,10050.01,10080.82,10091.02,10039.1,10050.01,0.0,0.0
2011-07-26,10078.48,10130.25,10043.99,10097.72,10078.48,10130.25,10043.99,10097.72,0.0,0.0
2011-07-27,10048.34,10053.5,10009.37,10047.19,10048.34,10053.5,10009.37,10047.19,0.0,0.0
2011-07-28,9936.97,9945.981,9853.85,9901.35,9936.97,9945.981,9853.85,9901.35,0.0,0.0
2011-07-29,9866.82,9914.22,9824.34,9833.03,9866.82,9914.22,9824.34,9833.03,0.0,0.0
2011-08-01,9907.04,10040.13,9906.17,9965.01,9907.04,10040.13,9906.17,9965.01,0.0,0.0
2011-08-02,9872.17,9873.46,9822.3,9844.59,9872.17,9873.46,9822.3,9844.59,0.0,0.0
2011-08-03,9705.02,9705.02,9610.38,9637.14,9705.02,9705.02,9610.38,9637.14,0.0,0.0
2011-08-04,9685.5,9768.4,9615.35,9659.18,9685.5,9768.4,9615.35,9659.18,0.0,0.0
2011-08-05,9469.16,9469.16,9264.09,9299.88,9469.16,9469.16,9264.09,9299.88,0.0,0.0
2011-08-08,9169.67,9215.09,9057.29,9097.56,9169.67,9215.09,9057.29,9097.56,0.0,0.0
2011-08-09,8911.8,8949.97,8656.79,8944.481,8911.8,8949.97,8656.79,8944.481,0.0,0.0
2011-08-10,9110.81,9144.33,9021.36,9038.74,9110.81,9144.33,9021.36,9038.74,0.0,0.0
2011-08-11,8876.54,8983.33,8832.42,8981.94,8876.54,8983.33,8832.42,8981.94,0.0,0.0
2011-08-12,9064.17,9070.27,8926.89,8963.72,9064.17,9070.27,8926.89,8963.72,0.0,0.0
2011-08-15,9082.53,9117.11,9032.84,9086.41,9082.53,9117.11,9032.84,9086.41,0.0,0.0
2011-08-16,9135.06,9150.31,9072.53,9107.43,9135.06,9150.31,9072.53,9107.43,0.0,0.0
2011-08-17,9047.89,9081.8,9003.7,9057.26,9047.89,9081.8,9003.7,9057.26,0.0,0.0
2011-08-18,9043.18,9043.18,8931.25,8943.76,9043.18,9043.18,8931.25,8943.76,0.0,0.0
2011-08-19,8771.7,8796.42,8707.47,8719.24,8771.7,8796.42,8707.47,8719.24,0.0,0.0
2011-08-22,8686.91,8756.1,8619.21,8628.13,8686.91,8756.1,8619.21,8628.13,0.0,0.0
2011-08-23,8703.31,8747.41,8630.49,8733.01,8703.31,8747.41,8630.49,8733.01,0.0,0.0
2011-08-24,8812.16,8825.27,8620.89,8639.61,8812.16,8825.27,8620.89,8639.61,0.0,0.0
2011-08-25,8748.01,8849.94,8741.74,8772.36,8748.01,8849.94,8741.74,8772.36,0.0,0.0
2011-08-26,8746.77,8805.1,8742.46,8797.78,8746.77,8805.1,8742.46,8797.78,0.0,0.0
2011-08-29,8802.25,8926.27,8751.29,8851.35,8802.25,8926.27,8751.29,8851.35,0.0,0.0
2011-08-30,8958.5,8992.86,8935.85,8953.9,8958.5,8992.86,8935.85,8953.9,0.0,0.0
2011-08-31,8938.31,8967.8,8905.52,8955.2,8938.31,8967.8,8905.52,8955.2,0.0,0.0
2011-09-01,9017.01,9098.15,8998.01,9060.8,9017.01,9098.15,8998.01,9060.8,0.0,0.0
2011-09-02,8980.56,9014.27,8914.65,8950.74,8980.56,9014.27,8914.65,8950.74,0.0,0.0
2011-09-05,8828.46,8842.56,8757.18,8784.46,8828.46,8842.56,8757.18,8784.46,0.0,0.0
2011-09-06,8687.11,8709.92,8588.34,8590.57,8687.11,8709.92,8588.34,8590.57,0.0,0.0
2011-09-07,8723.05,8773.26,8702.78,8763.41,8723.05,8773.26,8702.78,8763.41,0.0,0.0
2011-09-08,8863.24,8876.49,8757.58,8793.12,8863.24,8876.49,8757.58,8793.12,0.0,0.0
2011-09-09,8739.49,8803.75,8726.25,8737.66,8739.49,8803.75,8726.25,8737.66,0.0,0.0
2011-09-12,8578.71,8584.05,8520.97,8535.67,8578.71,8584.05,8520.97,8535.67,0.0,0.0
2011-09-13,8588.74,8635.88,8549.06,8616.55,8588.74,8635.88,8549.06,8616.55,0.0,0.0
2011-09-14,8623.55,8671.24,8499.34,8518.57,8623.55,8671.24,8499.34,8518.57,0.0,0.0
2011-09-15,8645.38,8695.95,8634.02,8668.86,8645.38,8695.95,8634.02,8668.86,0.0,0.0
2011-09-16,8785.28,8864.16,8774.16,8864.16,8785.28,8864.16,8774.16,8864.16,0.0,0.0
2011-09-20,8763.61,8771.72,8704.231,8721.24,8763.61,8771.72,8704.231,8721.24,0.0,0.0
2011-09-21,8717.0,8771.62,8707.16,8741.16,8717.0,8771.62,8707.16,8741.16,0.0,0.0
2011-09-22,8643.02,8643.02,8545.46,8560.26,8643.02,8643.02,8545.46,8560.26,0.0,0.0
2011-09-26,8547.62,8556.66,8359.7,8374.13,8547.62,8556.66,8359.7,8374.13,0.0,0.0
2011-09-27,8496.33,8609.95,8479.05,8609.95,8496.33,8609.95,8479.05,8609.95,0.0,0.0
2011-09-28,8607.92,8665.54,8595.85,8615.65,8607.92,8665.54,8595.85,8615.65,0.0,0.0
2011-09-29,8527.64,8706.14,8501.42,8701.231,8527.64,8706.14,8501.42,8701.231,0.0,0.0
2011-09-30,8713.91,8756.0,8653.62,8700.29,8713.91,8756.0,8653.62,8700.29,0.0,0.0
2011-10-03,8567.981,8577.52,8455.67,8545.481,8567.981,8577.52,8455.67,8545.481,0.0,0.0
2011-10-04,8426.39,8470.76,8359.24,8456.12,8426.39,8470.76,8359.24,8456.12,0.0,0.0
2011-10-05,8491.43,8501.03,8343.01,8382.98,8491.43,8501.03,8343.01,8382.98,0.0,0.0
2011-10-06,8463.83,8545.79,8463.83,8522.02,8463.83,8545.79,8463.83,8522.02,0.0,0.0
2011-10-07,8593.22,8663.57,8589.36,8605.62,8593.22,8663.57,8589.36,8605.62,0.0,0.0
2011-10-11,8733.54,8806.44,8725.62,8773.68,8733.54,8806.44,8725.62,8773.68,0.0,0.0
2011-10-12,8719.67,8763.02,8689.38,8738.9,8719.67,8763.02,8689.38,8738.9,0.0,0.0
2011-10-13,8832.81,8854.16,8808.731,8823.25,8832.81,8854.16,8808.731,8823.25,0.0,0.0
2011-10-14,8782.91,8787.89,8733.71,8747.96,8782.91,8787.89,8733.71,8747.96,0.0,0.0
2011-10-17,8881.44,8911.7,8856.58,8879.6,8881.44,8911.7,8856.58,8879.6,0.0,0.0
2011-10-18,8758.74,8773.99,8727.39,8741.91,8758.74,8773.99,8727.39,8741.91,0.0,0.0
2011-10-19,8808.25,8831.55,8745.36,8772.54,8808.25,8831.55,8745.36,8772.54,0.0,0.0
2011-10-20,8733.6,8733.6,8672.21,8682.15,8733.6,8733.6,8672.21,8682.15,0.0,0.0
2011-10-21,8679.04,8700.49,8652.26,8678.89,8679.04,8700.49,8652.26,8678.89,0.0,0.0
2011-10-24,8764.92,8844.28,8762.02,8843.981,8764.92,8844.28,8762.02,8843.981,0.0,0.0
2011-10-25,8866.43,8870.37,8755.38,8762.31,8866.43,8870.37,8755.38,8762.31,0.0,0.0
2011-10-26,8673.85,8798.8,8642.56,8748.47,8673.85,8798.8,8642.56,8748.47,0.0,0.0
2011-10-27,8779.4,8926.54,8731.77,8926.54,8779.4,8926.54,8731.77,8926.54,0.0,0.0
2011-10-28,9059.04,9086.43,9003.09,9050.47,9059.04,9086.43,9003.09,9050.47,0.0,0.0
2011-10-31,9011.18,9152.39,8988.39,8988.39,9011.18,9152.39,8988.39,8988.39,0.0,0.0
2011-11-01,8880.75,8946.0,8831.69,8835.52,8880.75,8946.0,8831.69,8835.52,0.0,0.0
2011-11-02,8719.92,8719.92,8640.42,8640.42,8719.92,8719.92,8640.42,8640.42,0.0,0.0
2011-11-04,8761.27,8814.71,8729.08,8801.4,8761.27,8814.71,8729.08,8801.4,0.0,0.0
2011-11-07,8771.82,8779.55,8741.25,8767.09,8771.82,8779.55,8741.25,8767.09,0.0,0.0
2011-11-08,8744.36,8772.04,8644.0,8655.51,8744.36,8772.04,8644.0,8655.51,0.0,0.0
2011-11-09,8724.6,8762.981,8678.78,8755.44,8724.6,8762.981,8678.78,8755.44,0.0,0.0
2011-11-10,8597.28,8600.21,8500.67,8500.8,8597.28,8600.21,8500.67,8500.8,0.0,0.0
2011-11-11,8545.92,8566.49,8485.77,8514.47,8545.92,8566.49,8485.77,8514.47,0.0,0.0
2011-11-14,8631.28,8655.31,8595.43,8603.7,8631.28,8655.31,8595.43,8603.7,0.0,0.0
2011-11-15,8546.99,8584.3,8527.63,8541.93,8546.99,8584.3,8527.63,8541.93,0.0,0.0
2011-11-16,8546.75,8567.64,8459.3,8463.16,8546.75,8567.64,8459.3,8463.16,0.0,0.0
2011-11-17,8421.88,8491.82,8400.22,8479.63,8421.88,8491.82,8400.22,8479.63,0.0,0.0
2011-11-18,8374.16,8398.8,8359.6,8374.91,8374.16,8398.8,8359.6,8374.91,0.0,0.0
2011-11-21,8349.05,8375.6,8343.93,8348.27,8349.05,8375.6,8343.93,8348.27,0.0,0.0
2011-11-22,8263.86,8350.35,8261.01,8314.74,8263.86,8350.35,8261.01,8314.74,0.0,0.0
2011-11-24,8189.42,8212.95,8157.39,8165.18,8189.42,8212.95,8157.39,8165.18,0.0,0.0
2011-11-25,8138.19,8199.67,8135.79,8160.01,8138.19,8199.67,8135.79,8160.01,0.0,0.0
2011-11-28,8269.91,8322.01,8259.71,8287.49,8269.91,8322.01,8259.71,8287.49,0.0,0.0
2011-11-29,8371.01,8477.82,8351.38,8477.82,8371.01,8477.82,8351.38,8477.82,0.0,0.0
2011-11-30,8407.63,8435.34,8361.69,8434.61,8407.63,8435.34,8361.69,8434.61,0.0,0.0
2011-12-01,8581.2,8653.88,8577.09,8597.38,8581.2,8653.88,8577.09,8597.38,0.0,0.0
2011-12-02,8603.231,8643.75,8591.93,8643.75,8603.231,8643.75,8591.93,8643.75,0.0,0.0
2011-12-05,8697.78,8704.481,8668.04,8695.981,8697.78,8704.481,8668.04,8695.981,0.0,0.0
2011-12-06,8644.97,8671.54,8571.09,8575.16,8644.97,8671.54,8571.09,8575.16,0.0,0.0
2011-12-07,8629.19,8729.81,8614.21,8722.17,8629.19,8729.81,8614.21,8722.17,0.0,0.0
2011-12-08,8664.35,8688.81,8625.19,8664.58,8664.35,8688.81,8625.19,8664.58,0.0,0.0
2011-12-09,8521.33,8576.68,8503.03,8536.46,8521.33,8576.68,8503.03,8536.46,0.0,0.0
2011-12-12,8652.981,8682.47,8633.35,8653.82,8652.981,8682.47,8633.35,8653.82,0.0,0.0
2011-12-13,8535.52,8594.32,8518.8,8552.81,8535.52,8594.32,8518.8,8552.81,0.0,0.0
2011-12-14,8513.77,8540.57,8486.37,8519.13,8513.77,8540.57,8486.37,8519.13,0.0,0.0
2011-12-15,8449.05,8455.32,8374.25,8377.37,8449.05,8455.32,8374.25,8377.37,0.0,0.0
2011-12-16,8416.21,8433.18,8390.981,8401.72,8416.21,8433.18,8390.981,8401.72,0.0,0.0
2011-12-19,8363.39,8364.93,8272.26,8296.12,8363.39,8364.93,8272.26,8296.12,0.0,0.0
2011-12-20,8318.03,8354.9,8317.73,8336.48,8318.03,8354.9,8317.73,8336.48,0.0,0.0
2011-12-21,8442.74,8471.11,8440.89,8459.981,8442.74,8471.11,8440.89,8459.981,0.0,0.0
2011-12-22,8429.54,8436.59,8383.96,8395.16,8429.54,8436.59,8383.96,8395.16,0.0,0.0
2011-12-26,8504.46,8516.53,8477.37,8479.34,8504.46,8516.53,8477.37,8479.34,0.0,0.0
2011-12-27,8443.0,8458.26,8428.53,8440.56,8443.0,8458.26,8428.53,8440.56,0.0,0.0
2011-12-28,8426.09,8456.66,8414.9,8423.62,8426.09,8456.66,8414.9,8423.62,0.0,0.0
2011-12-29,8367.71,8404.89,8330.87,8398.89,8367.71,8404.89,8330.87,8398.89,0.0,0.0
2011-12-30,8434.9,8455.35,8415.56,8455.35,8434.9,8455.35,8415.56,8455.35,0.0,0.0
2012-01-04,8549.54,8581.45,8547.7,8560.11,8549.54,8581.45,8547.7,8560.11,0.0,0.0
2012-01-05,8515.66,8519.16,8481.83,8488.71,8515.66,8519.16,8481.83,8488.71,0.0,0.0
2012-01-06,8488.981,8488.981,8349.33,8390.35,8488.981,8488.981,8349.33,8390.35,0.0,0.0
2012-01-10,8422.99,8450.59,8405.18,8422.26,8422.99,8450.59,8405.18,8422.26,0.0,0.0
2012-01-11,8440.96,8463.72,8426.03,8447.88,8440.96,8463.72,8426.03,8447.88,0.0,0.0
2012-01-12,8423.1,8426.83,8360.33,8385.59,8423.1,8426.83,8360.33,8385.59,0.0,0.0
2012-01-13,8471.1,8509.76,8458.68,8500.02,8471.1,8509.76,8458.68,8500.02,0.0,0.0
2012-01-16,8409.79,8409.79,8352.23,8378.36,8409.79,8409.79,8352.23,8378.36,0.0,0.0
2012-01-17,8420.12,8475.66,8413.22,8466.4,8420.12,8475.66,8413.22,8466.4,0.0,0.0
2012-01-18,8458.29,8595.78,8446.09,8550.58,8458.29,8595.78,8446.09,8550.58,0.0,0.0
2012-01-19,8596.68,8668.94,8596.68,8639.68,8596.68,8668.94,8596.68,8639.68,0.0,0.0
2012-01-20,8751.18,8791.39,8725.32,8766.36,8751.18,8791.39,8725.32,8766.36,0.0,0.0
2012-01-23,8753.91,8795.27,8744.54,8765.9,8753.91,8795.27,8744.54,8765.9,0.0,0.0
2012-01-24,8815.36,8825.09,8768.51,8785.33,8815.36,8825.09,8768.51,8785.33,0.0,0.0
2012-01-25,8842.01,8911.62,8816.09,8883.69,8842.01,8911.62,8816.09,8883.69,0.0,0.0
2012-01-26,8890.49,8894.6,8834.93,8849.47,8890.49,8894.6,8834.93,8849.47,0.0,0.0
2012-01-27,8851.02,8886.02,8810.89,8841.22,8851.02,8886.02,8810.89,8841.22,0.0,0.0
2012-01-30,8803.79,8832.481,8774.231,8793.05,8803.79,8832.481,8774.231,8793.05,0.0,0.0
2012-01-31,8781.44,8836.68,8776.65,8802.51,8781.44,8836.68,8776.65,8802.51,0.0,0.0
2012-02-01,8789.06,8830.28,8780.1,8809.79,8789.06,8830.28,8780.1,8809.79,0.0,0.0
2012-02-02,8865.28,8893.22,8849.25,8876.82,8865.28,8893.22,8849.25,8876.82,0.0,0.0
2012-02-03,8849.17,8877.57,8825.981,8831.93,8849.17,8877.57,8825.981,8831.93,0.0,0.0
2012-02-06,8939.99,8949.32,8916.94,8929.2,8939.99,8949.32,8916.94,8929.2,0.0,0.0
2012-02-07,8904.16,8928.44,8887.19,8917.52,8904.16,8928.44,8887.19,8917.52,0.0,0.0
2012-02-08,8971.88,9015.59,8956.78,9015.59,8971.88,9015.59,8956.78,9015.59,0.0,0.0
2012-02-09,8996.13,9018.49,8942.87,9002.24,8996.13,9018.49,8942.87,9002.24,0.0,0.0
2012-02-10,9010.53,9016.97,8947.17,8947.17,9010.53,9016.97,8947.17,8947.17,0.0,0.0
2012-02-13,8954.03,9023.5,8948.54,8999.18,8954.03,9023.5,8948.54,8999.18,0.0,0.0
2012-02-14,8978.72,9072.08,8972.74,9052.07,8978.72,9072.08,8972.74,9052.07,0.0,0.0
2012-02-15,9108.84,9314.37,9107.68,9260.34,9108.84,9314.37,9107.68,9260.34,0.0,0.0
2012-02-16,9232.38,9308.93,9214.231,9238.1,9232.38,9308.93,9214.231,9238.1,0.0,0.0
2012-02-17,9371.12,9435.03,9369.25,9384.17,9371.12,9435.03,9369.25,9384.17,0.0,0.0
2012-02-20,9534.03,9549.31,9462.67,9485.09,9534.03,9549.31,9462.67,9485.09,0.0,0.0
2012-02-21,9458.68,9517.04,9440.41,9463.02,9458.68,9517.04,9440.41,9463.02,0.0,0.0
2012-02-22,9459.74,9564.05,9442.58,9554.0,9459.74,9564.05,9442.58,9554.0,0.0,0.0
2012-02-23,9549.77,9609.84,9513.65,9595.57,9549.77,9609.84,9513.65,9595.57,0.0,0.0
2012-02-24,9594.85,9647.38,9576.21,9647.38,9594.85,9647.38,9576.21,9647.38,0.0,0.0
2012-02-27,9726.2,9736.11,9628.25,9633.93,9726.2,9736.11,9628.25,9633.93,0.0,0.0
2012-02-28,9567.12,9722.52,9528.77,9722.52,9567.12,9722.52,9528.77,9722.52,0.0,0.0
2012-02-29,9771.62,9866.41,9706.22,9723.24,9771.62,9866.41,9706.22,9723.24,0.0,0.0
2012-03-01,9771.34,9865.75,9666.02,9707.37,9771.34,9865.75,9666.02,9707.37,0.0,0.0
2012-03-02,9797.05,9803.75,9729.24,9777.03,9797.05,9803.75,9729.24,9777.03,0.0,0.0
2012-03-05,9756.981,9792.14,9673.75,9698.59,9756.981,9792.14,9673.75,9698.59,0.0,0.0
2012-03-06,9704.61,9732.89,9602.84,9637.63,9704.61,9732.89,9602.84,9637.63,0.0,0.0
2012-03-07,9509.1,9603.19,9509.1,9576.06,9509.1,9603.19,9509.1,9576.06,0.0,0.0
2012-03-08,9674.94,9768.96,9659.15,9768.96,9674.94,9768.96,9659.15,9768.96,0.0,0.0
2012-03-09,9911.07,10007.62,9853.18,9929.74,9911.07,10007.62,9853.18,9929.74,0.0,0.0
2012-03-12,10015.92,10021.51,9889.86,9889.86,10015.92,10021.51,9889.86,9889.86,0.0,0.0
2012-03-13,9921.25,10011.88,9888.3,9899.08,9921.25,10011.88,9888.3,9899.08,0.0,0.0
2012-03-14,10064.12,10115.79,10050.52,10050.52,10064.12,10115.79,10050.52,10050.52,0.0,0.0
2012-03-15,10115.4,10158.74,10077.55,10123.28,10115.4,10158.74,10077.55,10123.28,0.0,0.0
2012-03-16,10110.57,10148.47,10090.09,10129.83,10110.57,10148.47,10090.09,10129.83,0.0,0.0
2012-03-19,10150.85,10172.64,10134.48,10141.99,10150.85,10172.64,10134.48,10141.99,0.0,0.0
2012-03-21,10100.87,10132.02,10073.9,10086.49,10100.87,10132.02,10073.9,10086.49,0.0,0.0
2012-03-22,10055.16,10136.85,10052.5,10127.08,10055.16,10136.85,10052.5,10127.08,0.0,0.0
2012-03-23,10014.87,10031.96,9999.37,10011.47,10014.87,10031.96,9999.37,10011.47,0.0,0.0
2012-03-26,10040.1,10056.2,10016.05,10018.24,10040.1,10056.2,10016.05,10018.24,0.0,0.0
2012-03-27,10152.9,10255.15,10152.25,10255.15,10152.9,10255.15,10152.25,10255.15,0.0,0.0
2012-03-28,10153.51,10197.8,10124.28,10182.57,10153.51,10197.8,10124.28,10182.57,0.0,0.0
2012-03-29,10134.78,10147.04,10084.77,10114.79,10134.78,10147.04,10084.77,10114.79,0.0,0.0
2012-03-30,10089.1,10111.09,10033.19,10083.56,10089.1,10111.09,10033.19,10083.56,0.0,0.0
2012-04-02,10161.72,10190.35,10109.87,10109.87,10161.72,10190.35,10109.87,10109.87,0.0,0.0
2012-04-03,10082.21,10084.07,10040.99,10050.39,10082.21,10084.07,10040.99,10050.39,0.0,0.0
2012-04-04,10045.88,10059.19,9819.99,9819.99,10045.88,10059.19,9819.99,9819.99,0.0,0.0
2012-04-05,9737.5,9806.4,9692.7,9767.61,9737.5,9806.4,9692.7,9767.61,0.0,0.0
2012-04-06,9710.25,9739.59,9659.16,9688.45,9710.25,9739.59,9659.16,9688.45,0.0,0.0
2012-04-09,9565.31,9618.1,9535.33,9546.26,9565.31,9618.1,9535.33,9546.26,0.0,0.0
2012-04-10,9583.36,9648.12,9509.72,9538.02,9583.36,9648.12,9509.72,9538.02,0.0,0.0
2012-04-11,9398.6,9487.84,9388.14,9458.74,9398.6,9487.84,9388.14,9458.74,0.0,0.0
2012-04-12,9486.19,9541.04,9449.49,9524.79,9486.19,9541.04,9449.49,9524.79,0.0,0.0
2012-04-13,9613.19,9690.29,9603.97,9637.99,9613.19,9690.29,9603.97,9637.99,0.0,0.0
2012-04-16,9522.7,9532.91,9464.49,9470.64,9522.7,9532.91,9464.49,9470.64,0.0,0.0
2012-04-17,9476.15,9519.8,9455.32,9464.71,9476.15,9519.8,9455.32,9464.71,0.0,0.0
2012-04-18,9594.3,9682.88,9594.3,9667.26,9594.3,9682.88,9594.3,9667.26,0.0,0.0
2012-04-19,9578.68,9617.93,9565.83,9588.38,9578.68,9617.93,9565.83,9588.38,0.0,0.0
2012-04-20,9574.99,9580.87,9532.68,9561.36,9574.99,9580.87,9532.68,9561.36,0.0,0.0
2012-04-23,9599.2,9643.27,9520.981,9542.17,9599.2,9643.27,9520.981,9542.17,0.0,0.0
2012-04-24,9466.08,9510.7,9423.3,9468.04,9466.08,9510.7,9423.3,9468.04,0.0,0.0
2012-04-25,9578.42,9582.731,9530.02,9561.01,9578.42,9582.731,9530.02,9561.01,0.0,0.0
2012-04-26,9613.16,9630.97,9531.03,9561.83,9613.16,9630.97,9531.03,9561.83,0.0,0.0
2012-04-27,9564.4,9691.7,9463.6,9520.89,9564.4,9691.7,9463.6,9520.89,0.0,0.0
2012-05-01,9471.66,9472.25,9332.79,9350.95,9471.66,9472.25,9332.79,9350.95,0.0,0.0
2012-05-02,9397.87,9417.96,9344.53,9380.25,9397.87,9417.96,9344.53,9380.25,0.0,0.0
2012-05-07,9198.17,9206.45,9109.01,9119.14,9198.17,9206.45,9109.01,9119.14,0.0,0.0
2012-05-08,9190.5,9207.56,9159.47,9181.65,9190.5,9207.56,9159.47,9181.65,0.0,0.0
2012-05-09,9112.72,9115.94,9021.2,9045.06,9112.72,9115.94,9021.2,9045.06,0.0,0.0
2012-05-10,9013.26,9075.63,8985.9,9009.65,9013.26,9075.63,8985.9,9009.65,0.0,0.0
2012-05-11,9019.4,9050.61,8944.63,8953.31,9019.4,9050.61,8944.63,8953.31,0.0,0.0
2012-05-14,8986.22,9031.09,8947.82,8973.84,8986.22,9031.09,8947.82,8973.84,0.0,0.0
2012-05-15,8910.85,8930.78,8838.78,8900.74,8910.85,8930.78,8838.78,8900.74,0.0,0.0
2012-05-16,8865.78,8883.731,8756.07,8801.17,8865.78,8883.731,8756.07,8801.17,0.0,0.0
2012-05-17,8789.47,8885.08,8765.71,8876.59,8789.47,8885.08,8765.71,8876.59,0.0,0.0
2012-05-18,8727.58,8735.54,8588.16,8611.31,8727.58,8735.54,8588.16,8611.31,0.0,0.0
2012-05-21,8617.92,8676.2,8608.62,8633.89,8617.92,8676.2,8608.62,8633.89,0.0,0.0
2012-05-22,8721.59,8740.481,8690.47,8729.29,8721.59,8740.481,8690.47,8729.29,0.0,0.0
2012-05-23,8715.14,8715.14,8538.69,8556.6,8715.14,8715.14,8538.69,8556.6,0.0,0.0
2012-05-24,8537.99,8597.85,8496.61,8563.38,8537.99,8597.85,8496.61,8563.38,0.0,0.0
2012-05-25,8616.85,8616.85,8550.93,8580.39,8616.85,8616.85,8550.93,8580.39,0.0,0.0
2012-05-28,8604.99,8624.51,8568.87,8593.15,8604.99,8624.51,8568.87,8593.15,0.0,0.0
2012-05-29,8565.56,8657.08,8517.18,8657.08,8565.56,8657.08,8517.18,8657.08,0.0,0.0
2012-05-30,8637.95,8656.71,8568.97,8633.19,8637.95,8656.71,8568.97,8633.19,0.0,0.0
2012-05-31,8499.68,8542.731,8455.13,8542.731,8499.68,8542.731,8455.13,8542.731,0.0,0.0
2012-06-01,8465.47,8487.44,8422.5,8440.25,8465.47,8487.44,8422.5,8440.25,0.0,0.0
2012-06-04,8278.65,8303.35,8238.96,8295.63,8278.65,8303.35,8238.96,8295.63,0.0,0.0
2012-06-05,8331.02,8388.14,8306.93,8382.0,8331.02,8388.14,8306.93,8382.0,0.0,0.0
2012-06-06,8428.36,8549.0,8412.55,8533.53,8428.36,8549.0,8412.55,8533.53,0.0,0.0
2012-06-07,8639.25,8647.79,8599.64,8639.72,8639.25,8647.79,8599.64,8639.72,0.0,0.0
2012-06-08,8609.78,8611.93,8427.2,8459.26,8609.78,8611.93,8427.2,8459.26,0.0,0.0
2012-06-11,8612.14,8665.8,8594.58,8624.9,8612.14,8665.8,8594.58,8624.9,0.0,0.0
2012-06-12,8478.78,8575.87,8452.5,8536.72,8478.78,8575.87,8452.5,8536.72,0.0,0.0
2012-06-13,8557.57,8615.89,8554.14,8587.84,8557.57,8615.89,8554.14,8587.84,0.0,0.0
2012-06-14,8531.4,8592.17,8520.99,8568.89,8531.4,8592.17,8520.99,8568.89,0.0,0.0
2012-06-15,8608.43,8625.19,8552.75,8569.32,8608.43,8625.19,8552.75,8569.32,0.0,0.0
2012-06-18,8723.55,8766.56,8711.49,8721.02,8723.55,8766.56,8711.49,8721.02,0.0,0.0
2012-06-19,8692.82,8712.86,8630.66,8655.87,8692.82,8712.86,8630.66,8655.87,0.0,0.0
2012-06-20,8739.1,8770.41,8711.22,8752.31,8739.1,8770.41,8711.22,8752.31,0.0,0.0
2012-06-21,8794.03,8859.04,8790.86,8824.07,8794.03,8859.04,8790.86,8824.07,0.0,0.0
2012-06-22,8733.5,8830.34,8731.79,8798.35,8733.5,8830.34,8731.79,8798.35,0.0,0.0
2012-06-25,8837.83,8837.83,8726.4,8734.62,8837.83,8837.83,8726.4,8734.62,0.0,0.0
2012-06-26,8671.61,8712.68,8619.36,8663.99,8671.61,8712.68,8619.36,8663.99,0.0,0.0
2012-06-27,8677.76,8730.49,8641.52,8730.49,8677.76,8730.49,8641.52,8730.49,0.0,0.0
2012-06-28,8816.07,8881.44,8805.65,8874.11,8816.07,8881.44,8805.65,8874.11,0.0,0.0
2012-06-29,8811.46,9044.04,8803.33,9006.78,8811.46,9044.04,8803.33,9006.78,0.0,0.0
2012-07-02,9103.79,9103.79,9003.481,9003.481,9103.79,9103.79,9003.481,9003.481,0.0,0.0
2012-07-03,9013.65,9082.39,9012.86,9066.59,9013.65,9082.39,9012.86,9066.59,0.0,0.0
2012-07-04,9119.69,9136.02,9095.31,9104.17,9119.69,9136.02,9095.31,9104.17,0.0,0.0
2012-07-05,9078.46,9130.54,9069.01,9079.8,9078.46,9130.54,9069.01,9079.8,0.0,0.0
2012-07-06,9052.7,9082.04,8977.35,9020.75,9052.7,9082.04,8977.35,9020.75,0.0,0.0
2012-07-09,8922.99,8954.44,8892.17,8896.88,8922.99,8954.44,8892.17,8896.88,0.0,0.0
2012-07-10,8922.03,8966.99,8855.93,8857.731,8922.03,8966.99,8855.93,8857.731,0.0,0.0
2012-07-11,8819.04,8851.0,8797.731,8851.0,8819.04,8851.0,8797.731,8851.0,0.0,0.0
2012-07-12,8859.39,8862.8,8709.75,8720.01,8859.39,8862.8,8709.75,8720.01,0.0,0.0
2012-07-13,8701.35,8759.06,8695.44,8724.12,8701.35,8759.06,8695.44,8724.12,0.0,0.0
2012-07-17,8740.981,8808.87,8711.731,8755.0,8740.981,8808.87,8711.731,8755.0,0.0,0.0
2012-07-18,8796.15,8802.09,8715.14,8726.74,8796.15,8802.09,8715.14,8726.74,0.0,0.0
2012-07-19,8795.0,8835.8,8771.19,8795.55,8795.0,8835.8,8771.19,8795.55,0.0,0.0
2012-07-20,8785.87,8792.19,8662.72,8669.87,8785.87,8792.19,8662.72,8669.87,0.0,0.0
2012-07-23,8582.28,8606.231,8500.27,8508.32,8582.28,8606.231,8500.27,8508.32,0.0,0.0
2012-07-24,8497.99,8517.52,8446.18,8488.09,8497.99,8517.52,8446.18,8488.09,0.0,0.0
2012-07-25,8410.981,8433.58,8328.02,8365.9,8410.981,8433.58,8328.02,8365.9,0.0,0.0
2012-07-26,8408.22,8448.55,8358.51,8443.1,8408.22,8448.55,8358.51,8443.1,0.0,0.0
2012-07-27,8547.34,8569.09,8522.74,8566.64,8547.34,8569.09,8522.74,8566.64,0.0,0.0
2012-07-30,8658.83,8663.3,8589.19,8635.44,8658.83,8663.3,8589.19,8635.44,0.0,0.0
2012-07-31,8600.92,8732.84,8585.26,8695.06,8600.92,8732.84,8585.26,8695.06,0.0,0.0
2012-08-01,8622.04,8654.61,8578.16,8641.85,8622.04,8654.61,8578.16,8641.85,0.0,0.0
2012-08-02,8642.89,8705.91,8635.51,8653.18,8642.89,8705.91,8635.51,8653.18,0.0,0.0
2012-08-03,8539.71,8565.06,8513.2,8555.11,8539.71,8565.06,8513.2,8555.11,0.0,0.0
2012-08-06,8683.2,8751.8,8676.25,8726.29,8683.2,8751.8,8676.25,8726.29,0.0,0.0
2012-08-07,8714.12,8812.42,8711.9,8803.31,8714.12,8812.42,8711.9,8803.31,0.0,0.0
2012-08-08,8889.38,8962.95,8851.59,8881.16,8889.38,8962.95,8851.59,8881.16,0.0,0.0
2012-08-09,8870.81,9004.81,8862.17,8978.6,8870.81,9004.81,8862.17,8978.6,0.0,0.0
2012-08-10,8931.92,8954.85,8857.231,8891.44,8931.92,8954.85,8857.231,8891.44,0.0,0.0
2012-08-13,8871.68,8906.21,8867.63,8885.15,8871.68,8906.21,8867.63,8885.15,0.0,0.0
2012-08-14,8913.7,8970.99,8897.87,8929.88,8913.7,8970.99,8897.87,8929.88,0.0,0.0
2012-08-15,8960.28,8960.28,8866.06,8925.04,8960.28,8960.28,8866.06,8925.04,0.0,0.0
2012-08-16,8967.11,9094.09,8962.97,9092.76,8967.11,9094.09,8962.97,9092.76,0.0,0.0
2012-08-17,9120.22,9181.57,9097.0,9162.5,9120.22,9181.57,9097.0,9162.5,0.0,0.0
2012-08-20,9202.36,9222.87,9150.79,9171.16,9202.36,9222.87,9150.79,9171.16,0.0,0.0
2012-08-21,9165.15,9196.67,9146.07,9156.92,9165.15,9196.67,9146.07,9156.92,0.0,0.0
2012-08-22,9150.69,9162.97,9075.08,9131.74,9150.69,9162.97,9075.08,9131.74,0.0,0.0
2012-08-23,9080.67,9194.47,9062.54,9178.12,9080.67,9194.47,9062.54,9178.12,0.0,0.0
2012-08-24,9069.95,9090.67,9045.79,9070.76,9069.95,9090.67,9045.79,9070.76,0.0,0.0
2012-08-27,9140.41,9150.481,9084.87,9085.39,9140.41,9150.481,9084.87,9085.39,0.0,0.0
2012-08-28,9138.51,9140.62,8988.99,9033.29,9138.51,9140.62,8988.99,9033.29,0.0,0.0
2012-08-29,9045.731,9073.99,9033.83,9069.81,9045.731,9073.99,9033.83,9069.81,0.0,0.0
2012-08-30,9062.07,9062.07,8960.24,8983.78,9062.07,9062.07,8960.24,8983.78,0.0,0.0
2012-08-31,8891.75,8933.99,8839.91,8839.91,8891.75,8933.99,8839.91,8839.91,0.0,0.0
2012-09-03,8836.61,8893.39,8773.4,8783.89,8836.61,8893.39,8773.4,8783.89,0.0,0.0
2012-09-04,8787.97,8804.44,8729.22,8775.51,8787.97,8804.44,8729.22,8775.51,0.0,0.0
2012-09-05,8756.59,8759.26,8679.82,8679.82,8756.59,8759.26,8679.82,8679.82,0.0,0.0
2012-09-06,8690.34,8697.0,8646.03,8680.57,8690.34,8697.0,8646.03,8680.57,0.0,0.0
2012-09-07,8821.37,8871.65,8804.27,8871.65,8821.37,8871.65,8804.27,8871.65,0.0,0.0
2012-09-10,8853.19,8874.54,8838.18,8869.37,8853.19,8874.54,8838.18,8869.37,0.0,0.0
2012-09-11,8811.33,8814.03,8769.47,8807.38,8811.33,8814.03,8769.47,8807.38,0.0,0.0
2012-09-12,8827.21,8959.96,8821.8,8959.96,8827.21,8959.96,8821.8,8959.96,0.0,0.0
2012-09-13,8950.01,9022.2,8932.1,8995.15,8950.01,9022.2,8932.1,8995.15,0.0,0.0
2012-09-14,9097.92,9193.27,9081.8,9159.39,9097.92,9193.27,9081.8,9159.39,0.0,0.0
2012-09-18,9155.49,9180.44,9120.61,9123.77,9155.49,9180.44,9120.61,9123.77,0.0,0.0
2012-09-19,9166.52,9288.53,9140.75,9232.21,9166.52,9288.53,9140.75,9232.21,0.0,0.0
2012-09-20,9174.19,9215.57,9079.19,9086.981,9174.19,9215.57,9079.19,9086.981,0.0,0.0
2012-09-21,9113.3,9159.33,9103.95,9110.0,9113.3,9159.33,9103.95,9110.0,0.0,0.0
2012-09-24,9071.32,9091.97,9031.13,9069.29,9071.32,9091.97,9031.13,9069.29,0.0,0.0
2012-09-25,9031.37,9112.54,9023.63,9091.54,9031.37,9112.54,9023.63,9091.54,0.0,0.0
2012-09-26,8941.75,8971.75,8894.02,8906.7,8941.75,8971.75,8894.02,8906.7,0.0,0.0
2012-09-27,8856.31,8959.25,8844.06,8949.87,8856.31,8959.25,8844.06,8949.87,0.0,0.0
2012-09-28,8986.63,8989.08,8838.85,8870.16,8986.63,8989.08,8838.85,8870.16,0.0,0.0
2012-10-01,8815.07,8829.35,8759.07,8796.51,8815.07,8829.35,8759.07,8796.51,0.0,0.0
2012-10-02,8826.36,8843.33,8774.75,8786.05,8826.36,8843.33,8774.75,8786.05,0.0,0.0
2012-10-03,8778.26,8806.75,8729.56,8746.87,8778.26,8806.75,8729.56,8746.87,0.0,0.0
2012-10-04,8783.13,8865.92,8738.31,8824.59,8783.13,8865.92,8738.31,8824.59,0.0,0.0
2012-10-05,8850.29,8880.231,8805.79,8863.3,8850.29,8880.231,8805.79,8863.3,0.0,0.0
2012-10-09,8822.39,8840.69,8765.55,8769.59,8822.39,8840.69,8765.55,8769.59,0.0,0.0
2012-10-10,8650.55,8660.68,8578.25,8596.231,8650.55,8660.68,8578.25,8596.231,0.0,0.0
2012-10-11,8514.63,8607.42,8514.63,8546.78,8514.63,8607.42,8514.63,8546.78,0.0,0.0
2012-10-12,8607.7,8620.18,8516.11,8534.12,8607.7,8620.18,8516.11,8534.12,0.0,0.0
2012-10-15,8517.77,8595.11,8488.14,8577.93,8517.77,8595.11,8488.14,8577.93,0.0,0.0
2012-10-16,8638.68,8707.95,8633.68,8701.31,8638.68,8707.95,8633.68,8701.31,0.0,0.0
2012-10-17,8777.39,8837.19,8758.7,8806.55,8777.39,8837.19,8758.7,8806.55,0.0,0.0
2012-10-18,8886.56,8992.36,8877.17,8982.86,8886.56,8992.36,8877.17,8982.86,0.0,0.0
2012-10-19,8944.03,9016.9,8940.38,9002.68,8944.03,9016.9,8940.38,9002.68,0.0,0.0
2012-10-22,8874.52,9031.55,8867.79,9010.71,8874.52,9031.55,8867.79,9010.71,0.0,0.0
2012-10-23,9066.03,9075.58,8970.5,9014.25,9066.03,9075.58,8970.5,9014.25,0.0,0.0
2012-10-24,8896.41,9043.8,8896.41,8954.3,8896.41,9043.8,8896.41,8954.3,0.0,0.0
2012-10-25,8952.13,9057.31,8941.85,9055.2,8952.13,9057.31,8941.85,9055.2,0.0,0.0
2012-10-26,9058.93,9075.59,8933.06,8933.06,9058.93,9075.59,8933.06,8933.06,0.0,0.0
2012-10-29,8958.79,8986.05,8909.37,8929.34,8958.79,8986.05,8909.37,8929.34,0.0,0.0
2012-10-30,8941.82,8995.81,8841.981,8841.981,8941.82,8995.81,8841.981,8841.981,0.0,0.0
2012-10-31,8911.08,8985.58,8905.44,8928.29,8911.08,8985.58,8905.44,8928.29,0.0,0.0
2012-11-01,8931.71,8976.08,8871.481,8946.87,8931.71,8976.08,8871.481,8946.87,0.0,0.0
2012-11-02,9049.22,9072.39,9031.43,9051.22,9049.22,9072.39,9031.43,9051.22,0.0,0.0
2012-11-05,9000.81,9040.18,8984.69,9007.44,9000.81,9040.18,8984.69,9007.44,0.0,0.0
2012-11-06,8989.58,8990.35,8957.49,8975.15,8989.58,8990.35,8957.49,8975.15,0.0,0.0
2012-11-07,9030.56,9032.32,8924.41,8972.89,9030.56,9032.32,8924.41,8972.89,0.0,0.0
2012-11-08,8868.42,8891.08,8811.41,8837.15,8868.42,8891.08,8811.41,8837.15,0.0,0.0
2012-11-09,8742.68,8779.24,8729.45,8757.6,8742.68,8779.24,8729.45,8757.6,0.0,0.0
2012-11-12,8701.28,8728.85,8676.44,8676.44,8701.28,8728.85,8676.44,8676.44,0.0,0.0
2012-11-13,8710.52,8723.46,8619.45,8661.05,8710.52,8723.46,8619.45,8661.05,0.0,0.0
2012-11-14,8660.27,8680.4,8653.49,8664.731,8660.27,8680.4,8653.49,8664.731,0.0,0.0
2012-11-15,8703.82,8829.72,8684.231,8829.72,8703.82,8829.72,8684.231,8829.72,0.0,0.0
2012-11-16,8898.33,9032.35,8898.33,9024.16,8898.33,9032.35,8898.33,9024.16,0.0,0.0
2012-11-19,9141.27,9183.46,9135.29,9153.2,9141.27,9183.46,9135.29,9153.2,0.0,0.0
2012-11-20,9198.42,9200.85,9129.43,9142.64,9198.42,9200.85,9129.43,9142.64,0.0,0.0
2012-11-21,9213.731,9248.981,9161.21,9222.52,9213.731,9248.981,9161.21,9222.52,0.0,0.0
2012-11-22,9336.32,9366.8,9304.72,9366.8,9336.32,9366.8,9304.72,9366.8,0.0,0.0
2012-11-26,9466.06,9487.94,9388.94,9388.94,9466.06,9487.94,9388.94,9388.94,0.0,0.0
2012-11-27,9371.13,9449.72,9370.59,9423.3,9371.13,9449.72,9370.59,9423.3,0.0,0.0
2012-11-28,9375.481,9407.62,9308.35,9308.35,9375.481,9407.62,9308.35,9308.35,0.0,0.0
2012-11-29,9370.29,9412.08,9350.4,9400.88,9370.29,9412.08,9350.4,9400.88,0.0,0.0
2012-11-30,9446.77,9492.91,9380.25,9446.01,9446.77,9492.91,9380.25,9446.01,0.0,0.0
2012-12-03,9484.2,9525.82,9453.481,9458.18,9484.2,9525.82,9453.481,9458.18,0.0,0.0
2012-12-04,9419.15,9457.19,9406.03,9432.46,9419.15,9457.19,9406.03,9432.46,0.0,0.0
2012-12-05,9380.37,9515.86,9376.97,9468.84,9380.37,9515.86,9376.97,9468.84,0.0,0.0
2012-12-06,9535.69,9565.43,9503.31,9545.16,9535.69,9565.43,9503.31,9545.16,0.0,0.0
2012-12-07,9547.14,9572.75,9522.13,9527.39,9547.14,9572.75,9522.13,9527.39,0.0,0.0
2012-12-10,9584.46,9584.46,9517.4,9533.75,9584.46,9584.46,9517.4,9533.75,0.0,0.0
2012-12-11,9510.6,9534.18,9487.95,9525.32,9510.6,9534.18,9487.95,9525.32,0.0,0.0
2012-12-12,9606.25,9606.25,9565.95,9581.46,9606.25,9606.25,9565.95,9581.46,0.0,0.0
2012-12-13,9681.2,9767.05,9672.47,9742.731,9681.2,9767.05,9672.47,9742.731,0.0,0.0
2012-12-14,9703.56,9775.75,9687.7,9737.56,9703.56,9775.75,9687.7,9737.56,0.0,0.0
2012-12-17,9895.68,9903.35,9826.3,9828.88,9895.68,9903.35,9826.3,9828.88,0.0,0.0
2012-12-18,9848.87,9967.24,9848.87,9923.01,9848.87,9967.24,9848.87,9923.01,0.0,0.0
2012-12-19,10025.4,10160.4,10016.98,10160.4,10025.4,10160.4,10016.98,10160.4,0.0,0.0
2012-12-20,10093.11,10147.68,10028.65,10039.33,10093.11,10147.68,10028.65,10039.33,0.0,0.0
2012-12-21,10145.58,10175.06,9924.42,9940.06,10145.58,10175.06,9924.42,9940.06,0.0,0.0
2012-12-25,10092.35,10119.35,10030.44,10080.12,10092.35,10119.35,10030.44,10080.12,0.0,0.0
2012-12-26,10131.22,10230.36,10107.34,10230.36,10131.22,10230.36,10107.34,10230.36,0.0,0.0
2012-12-27,10295.26,10376.39,10288.85,10322.98,10295.26,10376.39,10288.85,10322.98,0.0,0.0
2012-12-28,10406.36,10433.63,10374.85,10395.18,10406.36,10433.63,10374.85,10395.18,0.0,0.0
2013-01-04,10604.5,10734.23,10602.24,10688.11,10604.5,10734.23,10602.24,10688.11,0.0,0.0
2013-01-07,10743.69,10743.69,10589.7,10599.01,10743.69,10743.69,10589.7,10599.01,0.0,0.0
2013-01-08,10544.21,10602.12,10463.43,10508.06,10544.21,10602.12,10463.43,10508.06,0.0,0.0
2013-01-09,10405.67,10620.7,10398.61,10578.57,10405.67,10620.7,10398.61,10578.57,0.0,0.0
2013-01-10,10635.11,10686.12,10619.65,10652.64,10635.11,10686.12,10619.65,10652.64,0.0,0.0
2013-01-11,10786.14,10830.43,10748.06,10801.57,10786.14,10830.43,10748.06,10801.57,0.0,0.0
2013-01-15,10914.65,10952.31,10851.66,10879.08,10914.65,10952.31,10851.66,10879.08,0.0,0.0
2013-01-16,10806.41,10806.41,10591.3,10600.44,10806.41,10806.41,10591.3,10600.44,0.0,0.0
2013-01-17,10660.94,10694.85,10432.97,10609.64,10660.94,10694.85,10432.97,10609.64,0.0,0.0
2013-01-18,10791.97,10913.3,10787.12,10913.3,10791.97,10913.3,10787.12,10913.3,0.0,0.0
2013-01-21,10941.45,10941.45,10747.74,10747.74,10941.45,10941.45,10747.74,10747.74,0.0,0.0
2013-01-22,10765.1,10859.42,10615.2,10709.93,10765.1,10859.42,10615.2,10709.93,0.0,0.0
2013-01-23,10575.6,10663.09,10486.99,10486.99,10575.6,10663.09,10486.99,10486.99,0.0,0.0
2013-01-24,10441.11,10634.74,10441.11,10620.87,10441.11,10634.74,10441.11,10620.87,0.0,0.0
2013-01-25,10797.3,10926.65,10790.95,10926.65,10797.3,10926.65,10790.95,10926.65,0.0,0.0
2013-01-28,11002.86,11002.86,10824.31,10824.31,11002.86,11002.86,10824.31,10824.31,0.0,0.0
2013-01-29,10751.01,10937.63,10751.01,10866.72,10751.01,10937.63,10751.01,10866.72,0.0,0.0
2013-01-30,10913.97,11113.95,10905.64,11113.95,10913.97,11113.95,10905.64,11113.95,0.0,0.0
2013-01-31,11057.5,11145.38,11007.77,11138.66,11057.5,11145.38,11007.77,11138.66,0.0,0.0
2013-02-01,11193.72,11237.84,11142.26,11191.34,11193.72,11237.84,11142.26,11191.34,0.0,0.0
2013-02-04,11254.16,11285.49,11194.74,11260.35,11254.16,11285.49,11194.74,11260.35,0.0,0.0
2013-02-05,11105.24,11170.85,11046.92,11046.92,11105.24,11170.85,11046.92,11046.92,0.0,0.0
2013-02-06,11236.7,11498.42,11232.05,11463.75,11236.7,11498.42,11232.05,11463.75,0.0,0.0
2013-02-07,11406.32,11446.81,11295.62,11357.07,11406.32,11446.81,11295.62,11357.07,0.0,0.0
2013-02-08,11179.97,11299.71,11135.89,11153.16,11179.97,11299.71,11135.89,11153.16,0.0,0.0
2013-02-12,11346.72,11460.64,11343.44,11369.12,11346.72,11460.64,11343.44,11369.12,0.0,0.0
2013-02-13,11333.72,11365.27,11196.66,11251.41,11333.72,11365.27,11196.66,11251.41,0.0,0.0
2013-02-14,11273.4,11356.54,11243.49,11307.28,11273.4,11356.54,11243.49,11307.28,0.0,0.0
2013-02-15,11239.21,11261.58,11065.06,11173.83,11239.21,11261.58,11065.06,11173.83,0.0,0.0
2013-02-18,11318.22,11445.46,11308.83,11407.87,11318.22,11445.46,11308.83,11407.87,0.0,0.0
2013-02-19,11336.45,11412.86,11336.45,11372.34,11336.45,11412.86,11336.45,11372.34,0.0,0.0
2013-02-20,11485.65,11510.52,11440.1,11468.28,11485.65,11510.52,11440.1,11468.28,0.0,0.0
2013-02-21,11404.73,11442.11,11301.77,11309.13,11404.73,11442.11,11301.77,11309.13,0.0,0.0
2013-02-22,11238.75,11390.65,11175.67,11385.94,11238.75,11390.65,11175.67,11385.94,0.0,0.0
2013-02-25,11564.55,11662.52,11562.1,11662.52,11564.55,11662.52,11562.1,11662.52,0.0,0.0
2013-02-26,11449.66,11520.24,11374.83,11398.81,11449.66,11520.24,11374.83,11398.81,0.0,0.0
2013-02-27,11418.56,11419.62,11253.97,11253.97,11418.56,11419.62,11253.97,11253.97,0.0,0.0
2013-02-28,11396.73,11563.75,11392.56,11559.36,11396.73,11563.75,11392.56,11559.36,0.0,0.0
2013-03-01,11464.71,11648.63,11464.71,11606.38,11464.71,11648.63,11464.71,11606.38,0.0,0.0
2013-03-04,11695.45,11767.68,11613.59,11652.29,11695.45,11767.68,11613.59,11652.29,0.0,0.0
2013-03-05,11732.57,11779.42,11666.38,11683.45,11732.57,11779.42,11666.38,11683.45,0.0,0.0
2013-03-06,11811.06,11933.82,11803.09,11932.27,11811.06,11933.82,11803.09,11932.27,0.0,0.0
2013-03-07,12037.25,12069.6,11946.01,11968.08,12037.25,12069.6,11946.01,11968.08,0.0,0.0
2013-03-08,12066.5,12283.62,12065.09,12283.62,12066.5,12283.62,12065.09,12283.62,0.0,0.0
2013-03-11,12363.09,12403.95,12300.83,12349.05,12363.09,12403.95,12300.83,12349.05,0.0,0.0
2013-03-12,12433.6,12461.97,12314.81,12314.81,12433.6,12461.97,12314.81,12314.81,0.0,0.0
2013-03-13,12252.29,12339.45,12234.48,12239.66,12252.29,12339.45,12234.48,12239.66,0.0,0.0
2013-03-14,12332.16,12395.73,12248.65,12381.19,12332.16,12395.73,12248.65,12381.19,0.0,0.0
2013-03-15,12437.68,12560.95,12434.47,12560.95,12437.68,12560.95,12434.47,12560.95,0.0,0.0
2013-03-18,12365.44,12373.17,12220.63,12220.63,12365.44,12373.17,12220.63,12220.63,0.0,0.0
2013-03-19,12405.61,12491.16,12401.12,12468.23,12405.61,12491.16,12401.12,12468.23,0.0,0.0
2013-03-21,12592.0,12650.26,12586.06,12635.69,12592.0,12650.26,12586.06,12635.69,0.0,0.0
2013-03-22,12498.51,12522.05,12338.53,12338.53,12498.51,12522.05,12338.53,12338.53,0.0,0.0
2013-03-25,12507.61,12594.36,12480.42,12546.46,12507.61,12594.36,12480.42,12546.46,0.0,0.0
2013-03-26,12461.79,12540.12,12456.04,12471.62,12461.79,12540.12,12456.04,12471.62,0.0,0.0
2013-03-28,12457.13,12461.97,12286.37,12335.96,12493.79,12493.79,12287.97,12344.04,8.08,0.0
2013-03-29,12335.96,12423.99,12319.75,12397.91,12405.53,12424.21,12319.79,12399.62,1.71,0.0
2013-04-01,12371.34,12380.71,12133.0,12133.0,12397.91,12397.91,12134.3,12135.02,2.02,0.0
2013-04-02,12051.57,12098.07,11805.78,12003.43,12135.02,12135.02,11807.2,12004.43,1.0,0.0
2013-04-03,12003.43,12357.04,12003.43,12357.04,12112.09,12362.2,12103.07,12362.2,5.16,0.0
2013-04-04,12188.22,12628.1,12075.97,12628.1,12362.2,12634.54,12079.68,12634.54,6.44,0.0
2013-04-05,12634.54,13208.76,12634.54,12833.64,12880.82,13220.1,12831.57,12844.44,10.8,0.0
2013-04-08,12833.64,13221.71,12833.64,13192.59,13082.61,13223.35,13081.7,13195.59,3.0,0.0
2013-04-09,13192.59,13328.41,13153.69,13192.35,13309.13,13329.74,13155.17,13199.23,6.88,0.0
2013-04-10,13177.31,13324.3,13177.31,13288.13,13192.35,13325.15,13181.46,13294.64,6.51,0.0
2013-04-11,13288.13,13535.05,13288.13,13535.05,13444.95,13549.16,13385.21,13549.16,14.11,0.0
2013-04-16,13023.91,13310.05,13004.46,13221.44,13275.66,13312.23,13006.01,13237.47,16.03,0.0
2013-04-22,13316.48,13609.96,13316.48,13566.03,13537.17,13611.58,13530.215,13566.26,0.23,0.0
2013-04-23,13545.6,13584.776,13505.53,13528.09,13568.37,13585.35,13506.22,13529.65,1.56,0.0
2013-04-24,13529.65,13837.28,13529.65,13837.28,13687.28,13843.46,13687.28,13843.46,6.18,0.0
2013-04-25,13843.46,13973.87,13829.57,13926.08,13887.53,13974.26,13829.95,13931.72,5.64,0.0
2013-04-26,13926.08,13982.08,13852.2,13875.59,13978.98,13982.384,13853.38,13884.13,8.54,0.0
2013-04-30,13854.82,13894.79,13778.75,13851.21,13884.13,13895.49,13778.948,13860.86,9.65,0.0
2013-05-01,13837.72,13841.091,13782.0,13796.2,13860.86,13860.86,13784.273,13799.35,3.15,0.0
2013-05-02,13727.25,13779.03,13637.96,13694.04,13799.35,13799.35,13638.74,13696.21,2.17,0.0
2013-05-07,13694.04,14195.21,13694.04,14157.14,13960.04,14196.0,13952.01,14180.24,23.1,0.0
2013-05-08,14180.24,14417.68,14180.24,14281.18,14196.2,14418.364,14195.25,14285.69,4.51,0.0
2013-05-09,14285.69,14409.5,14191.48,14191.48,14366.95,14409.82,14195.73,14195.73,4.25,0.0
2013-05-10,14191.48,14635.99,14191.48,14607.54,14450.71,14636.81,14428.67,14607.96,0.42,0.0
2013-05-13,14607.54,14846.88,14607.54,14780.94,14759.5,14849.01,14729.05,14782.21,1.27,0.0
2013-05-14,14782.21,14839.05,14755.72,14758.42,14822.56,14839.79,14756.63,14759.6,1.18,0.0
2013-05-15,14758.42,15107.93,14758.42,15094.23,14962.34,15108.447,14959.22,15096.03,1.8,0.0
2013-05-21,15452.0,15522.0,15412.0,15457.0,15460.0,15530.0,15420.0,15465.0,8.0,68.9
2013-05-22,15457.0,15982.0,15457.0,15747.0,15465.0,15990.0,15465.0,15755.0,8.0,259.9
2013-05-23,15747.0,15944.0,13982.0,14842.0,15755.0,15949.0,13990.0,14850.0,8.0,446.23
2013-05-27,14164.0,14296.0,13683.0,13955.0,14172.0,14301.0,13691.0,13963.0,8.0,242.52
2013-05-28,13955.0,14650.0,13925.0,14510.0,13963.0,14658.0,13933.0,14518.0,8.0,336.85
2013-05-29,14513.0,14535.0,13835.0,13970.0,14521.0,14543.0,13843.0,13978.0,8.0,359.33
2013-05-30,13970.0,14082.0,13536.0,13889.0,13978.0,14087.0,13541.0,13897.0,8.0,384.4
2013-06-03,13009.0,13247.0,12919.0,13194.0,13017.0,13255.0,12927.0,13202.0,8.0,93.55
2013-06-04,13187.0,13704.0,13056.0,13544.0,13195.0,13712.0,13061.0,13552.0,8.0,350.4
2013-06-05,13544.0,13734.0,12840.0,12905.0,13552.0,13739.0,12848.0,12913.0,8.0,389.25
2013-06-06,12905.0,13237.0,12285.0,12680.0,12913.0,13242.0,12293.0,12688.0,8.0,401.9
2013-06-10,13345.0,13710.0,13194.0,13523.0,13353.0,13718.0,13199.0,13531.0,8.0,326.12
2013-06-11,13523.0,13580.0,12888.0,13065.0,13531.0,13588.0,12896.0,13073.0,8.0,411.55
2013-06-12,13060.0,13330.0,12868.0,12949.0,13068.0,13336.0,12876.0,12957.0,8.0,280.62
2013-06-13,12949.0,13061.0,12388.0,12908.0,12957.0,13069.0,12396.0,12916.0,8.0,418.4
2013-06-17,12557.0,13157.0,12537.0,12992.0,12565.0,13165.0,12545.0,13000.0,8.0,241.82
2013-06-18,12992.0,13297.0,12909.0,13267.0,13000.0,13305.0,12914.0,13275.0,8.0,314.85
2013-06-19,13262.0,13460.0,13059.0,13077.0,13270.0,13468.0,13064.0,13085.0,8.0,343.12
2013-06-20,13082.0,13282.0,12687.0,12707.0,13090.0,13290.0,12695.0,12715.0,8.0,384.0
2013-06-24,13432.0,13470.0,12801.0,13081.0,13440.0,13478.0,12809.0,13089.0,8.0,369.02
2013-06-25,13081.0,13235.0,12755.0,13200.0,13089.0,13243.0,12760.0,13208.0,8.0,349.1
2013-06-26,13185.0,13197.0,12755.0,12960.0,13193.0,13202.0,12763.0,12968.0,8.0,312.25
2013-06-27,12950.0,13440.0,12862.0,13370.0,12958.0,13448.0,12867.0,13378.0,8.0,309.2
2013-07-01,13765.0,14025.0,13557.0,13945.0,13773.0,14033.0,13562.0,13953.0,8.0,279.75
2013-07-02,13953.0,14301.0,13894.0,14181.0,13961.0,14309.0,13899.0,14189.0,8.0,270.42
2013-07-03,14181.0,14181.0,13762.0,13972.0,14189.0,14189.0,13770.0,13980.0,8.0,280.48
2013-07-04,13977.0,14222.0,13915.0,14147.0,13985.0,14230.0,13923.0,14155.0,8.0,208.9
2013-07-08,14472.0,14504.0,14057.0,14287.0,14480.0,14509.0,14065.0,14295.0,8.0,271.42
2013-07-09,14277.0,14487.0,14184.0,14447.0,14285.0,14495.0,14189.0,14455.0,8.0,267.23
2013-07-10,14442.0,14557.0,14237.0,14284.0,14450.0,14562.0,14245.0,14292.0,8.0,322.92
2013-07-11,14279.0,14602.0,14254.0,14469.0,14287.0,14610.0,14262.0,14477.0,8.0,325.38
2013-07-15,14517.0,14739.0,14426.0,14609.0,14525.0,14747.0,14431.0,14617.0,8.0,193.95
2013-07-16,14604.0,14646.0,14430.0,14487.0,14612.0,14651.0,14438.0,14495.0,8.0,260.38
2013-07-17,14487.0,14682.0,14444.0,14652.0,14495.0,14690.0,14449.0,14660.0,8.0,248.5
2013-07-18,14652.0,14977.0,14639.0,14907.0,14660.0,14985.0,14644.0,14915.0,8.0,223.27
2013-07-22,14777.0,14780.0,14509.0,14566.0,14785.0,14788.0,14514.0,14574.0,8.0,254.52
2013-07-23,14568.0,14848.0,14538.0,14708.0,14576.0,14856.0,14546.0,14716.0,8.0,249.68
2013-07-24,14708.0,14798.0,14615.0,14733.0,14716.0,14806.0,14620.0,14741.0,8.0,249.75
2013-07-25,14733.0,14743.0,14283.0,14333.0,14741.0,14751.0,14291.0,14341.0,8.0,282.7
2013-07-29,13858.0,13950.0,13498.0,13623.0,13866.0,13955.0,13506.0,13631.0,8.0,279.95
2013-07-30,13618.0,13916.0,13605.0,13703.0,13626.0,13924.0,13610.0,13711.0,8.0,260.62
2013-07-31,13713.0,13830.0,13498.0,13653.0,13721.0,13835.0,13506.0,13661.0,8.0,285.05
2013-08-01,13658.0,14238.0,13635.0,14178.0,13666.0,14246.0,13640.0,14186.0,8.0,258.88
2013-08-05,14299.0,14366.0,14189.0,14204.0,14307.0,14371.0,14197.0,14212.0,8.0,243.57
2013-08-06,14209.0,14404.0,14016.0,14082.0,14217.0,14412.0,14021.0,14090.0,8.0,280.4
2013-08-07,14079.0,14141.0,13699.0,13789.0,14087.0,14146.0,13707.0,13797.0,8.0,318.1
2013-08-08,13789.0,14031.0,13384.0,13659.0,13797.0,14036.0,13392.0,13667.0,8.0,307.5
2013-08-12,13487.0,13714.0,13434.0,13704.0,13495.0,13722.0,13442.0,13712.0,8.0,0.15
2013-08-13,13704.0,14001.0,13678.0,13931.0,13712.0,14009.0,13683.0,13939.0,8.0,0.28
2013-08-14,13919.0,14048.0,13733.0,13821.0,13927.0,14054.0,13738.0,13829.0,8.0,0.26
2013-08-15,13821.0,13978.0,13478.0,13530.0,13829.0,13983.0,13486.0,13538.0,8.0,0.3
2013-08-19,13642.0,13792.0,13527.0,13627.0,13650.0,13800.0,13535.0,13635.0,8.0,0.24
2013-08-20,13627.0,13734.0,13319.0,13424.0,13635.0,13739.0,13327.0,13432.0,8.0,0.28
2013-08-21,13424.0,13501.0,13243.0,13319.0,13432.0,13506.0,13248.0,13327.0,8.0,0.24
2013-08-22,13319.0,13645.0,13226.0,13625.0,13327.0,13653.0,13231.0,13633.0,8.0,0.28
2013-08-27,13424.0,13429.0,13172.0,13197.0,13432.0,13437.0,13180.0,13205.0,8.0,0.17
2013-08-28,13202.0,13440.0,13181.0,13387.0,13210.0,13448.0,13186.0,13395.0,8.0,0.24
2013-08-29,13380.0,13627.0,13364.0,13572.0,13388.0,13635.0,13369.0,13580.0,8.0,0.27
2013-09-02,13427.0,13787.0,13412.0,13747.0,13435.0,13795.0,13420.0,13755.0,8.0,0.1
2013-09-03,13747.0,14004.0,13747.0,13859.0,13755.0,14012.0,13755.0,13867.0,8.0,0.49
2013-09-04,13864.0,14174.0,13831.0,14134.0,13872.0,14182.0,13836.0,14142.0,8.0,0.36
2013-09-05,14134.0,14161.0,13942.0,14074.0,14142.0,14166.0,13950.0,14082.0,8.0,0.39
2013-09-09,14327.0,14354.8,14108.0,14314.8,14335.0,14363.3,14116.0,14323.2,8.4,0.57
2013-09-10,14319.8,14594.8,14284.7,14499.7,14328.2,14603.3,14293.2,14508.3,8.6,0.31
2013-09-11,14499.8,14561.8,14359.7,14394.7,14508.2,14567.3,14368.3,14403.3,8.6,0.42
2013-09-12,14397.8,14446.8,14191.0,14341.0,14406.2,14452.2,14199.0,14349.0,8.0,0.31
2013-09-16,14487.0,14592.0,14432.0,14437.0,14495.0,14600.0,14440.0,14445.0,8.0,0.22
2013-09-17,14437.0,14474.0,14308.0,14428.0,14445.0,14479.0,14315.0,14436.0,8.0,0.34
2013-09-18,14423.0,14778.8,14396.0,14688.7,14431.0,14787.3,14404.0,14697.3,8.6,0.4
2013-09-19,14688.8,14928.8,14575.7,14793.8,14697.2,14937.3,14581.2,14802.2,8.4,0.41
2013-09-20,14788.8,14823.7,14695.7,14721.8,14797.2,14832.3,14701.2,14730.2,8.4,0.3
2013-09-23,14718.7,14785.8,14568.7,14618.8,14727.3,14791.2,14577.2,14627.2,8.4,0.21
2013-09-24,14613.7,14818.8,14595.8,14738.7,14622.3,14827.3,14601.2,14747.3,8.6,0.34
2013-09-25,14738.8,14758.7,14506.7,14511.8,14747.2,14767.3,14515.2,14520.2,8.4,0.55
2013-09-26,14516.8,14853.8,14405.7,14783.8,14525.2,14862.3,14411.2,14792.2,8.4,0.41
2013-09-27,14788.7,14818.7,14571.7,14611.7,14797.3,14824.3,14580.2,14620.3,8.6,0.26
2013-10-02,14489.8,14568.7,14114.8,14176.8,14490.3,14569.3,14115.3,14177.3,0.5,2.12
2013-10-07,14063.4,14073.0,13847.8,13861.5,14063.9,14073.5,13848.5,13862.2,0.7,1.63
2013-10-08,13793.9,13894.3,13748.7,13894.3,13794.6,13895.0,13749.2,13895.0,0.7,0.64
2013-10-10,14102.9,14199.6,14076.3,14194.702,14104.4,14201.1,14077.8,14194.718,0.016,2.36
2013-10-11,14364.702,14447.863,14320.293,14397.493,14364.718,14447.877,14320.307,14397.507,0.014,2.37
2013-10-18,14579.253,14610.083,14503.082,14561.533,14579.267,14610.097,14503.098,14561.547,0.014,2.38
2013-10-21,14629.812,14727.843,14624.652,14698.353,14629.828,14727.857,14624.668,14698.367,0.014,2.38
2013-10-22,14677.763,14780.998,14641.772,14775.997,14677.777,14789.003,14641.788,14784.003,8.006,2.4
2013-10-23,14783.482,14799.273,14426.042,14426.043,14783.498,14799.287,14426.057,14426.057,0.014,2.38
2013-10-24,14357.252,14396.703,14285.843,14319.862,14357.268,14396.717,14285.857,14319.878,0.016,0.59
2013-10-25,14088.173,14088.173,14088.169,14088.169,14088.217,14088.217,14088.206,14088.206,0.037,0.0
2013-10-28,14088.164,14354.042,14088.164,14265.998,14088.209,14354.073,14088.209,14274.002,8.004,1.71
2013-10-29,14265.997,14484.998,14217.998,14464.998,14274.003,14493.003,14223.002,14473.002,8.004,0.36
2013-10-30,14469.998,14574.998,14421.998,14464.998,14478.002,14583.003,14427.002,14473.002,8.004,1.55
2013-10-31,14459.998,14521.998,14316.997,14401.997,14468.002,14527.002,14322.002,14410.003,8.006,1.82
2013-11-01,14396.997,14408.867,14113.997,14291.997,14405.003,14411.069,14119.003,14300.003,8.006,1.9
2013-11-04,14256.997,14323.998,14226.997,14306.998,14265.003,14329.003,14235.002,14315.002,8.004,0.23
2013-11-05,14311.998,14311.998,14111.997,14136.997,14320.002,14320.002,14120.002,14145.003,8.006,1.79
2013-11-06,14126.997,14406.998,14123.998,14356.998,14135.003,14415.003,14129.002,14365.002,8.004,1.71
2013-11-07,14351.997,14391.998,13876.997,14041.998,14360.003,14400.003,13885.002,14050.002,8.004,0.49
2013-11-08,14034.997,14276.998,14011.997,14241.998,14043.003,14285.003,14020.003,14250.002,8.004,1.4
2013-11-11,14296.997,14351.998,14205.998,14291.998,14305.003,14360.003,14210.56,14300.002,8.004,1.96
2013-11-12,14279.997,14596.998,14278.997,14511.997,14288.003,14605.003,14280.61,14520.003,8.006,2.04
2013-11-13,14511.998,14717.998,14483.997,14672.997,14520.002,14726.003,14490.46,14681.003,8.006,2.04
2013-11-14,14667.997,15081.998,14657.997,15046.998,14676.003,15090.003,14666.003,15055.002,8.004,1.74
2013-11-15,15041.997,15356.998,14993.997,15299.998,15050.003,15365.003,14996.05,15308.002,8.004,1.24
2013-11-18,15251.997,15276.998,15061.997,15101.998,15260.003,15285.003,15070.002,15110.002,8.004,1.88
2013-11-19,15106.998,15251.998,15013.997,15171.998,15115.002,15260.003,15019.002,15180.002,8.004,0.56
2013-11-20,15166.997,15236.998,15051.997,15181.998,15175.003,15245.003,15060.002,15190.002,8.004,2.1
2013-11-21,15171.997,15581.998,15163.997,15556.998,15180.003,15590.003,15169.65,15565.002,8.004,1.65
2013-11-22,15551.998,15583.998,15298.997,15516.997,15560.002,15589.003,15304.003,15525.003,8.006,1.69
2013-11-25,15516.997,15618.998,15458.998,15481.998,15525.003,15624.003,15469.002,15490.002,8.004,1.73
2013-11-26,15486.997,15577.0,15366.998,15401.997,15495.003,15579.003,15375.002,15410.003,8.006,2.04
2013-11-27,15406.998,15639.997,15406.997,15611.997,15415.002,15648.003,15414.002,15620.003,8.006,1.98
2013-11-28,15616.997,15716.998,15605.707,15646.998,15625.003,15729.111,15606.148,15655.002,8.004,1.45
2013-11-29,15646.997,15727.266,15507.149,15671.998,15655.003,15729.003,15507.186,15680.002,8.004,1.58
2013-12-02,15654.997,15831.998,15573.997,15746.997,15663.003,15840.003,15579.002,15755.003,8.006,1.97
2013-12-03,15741.998,15792.32,15421.997,15486.997,15750.002,15794.162,15430.002,15495.003,8.006,1.92
2013-12-04,15486.998,15571.63,15191.997,15351.998,15495.002,15574.002,15200.002,15360.002,8.004,0.62
2013-12-05,15356.997,15423.997,15049.998,15081.998,15365.003,15429.003,15058.002,15090.002,8.004,0.42
2013-12-06,15086.998,15581.998,15086.998,15569.997,15095.002,15590.003,15095.002,15578.003,8.006,0.74
2013-12-09,15586.998,15701.998,15543.997,15616.997,15595.002,15710.003,15549.002,15625.003,8.006,1.76
2013-12-10,15621.997,15627.872,15438.997,15488.998,15630.003,15631.003,15447.002,15497.002,8.004,1.21
2013-12-11,15493.998,15562.277,15279.997,15341.997,15502.002,15562.318,15288.002,15350.003,8.006,1.06
2013-12-12,15346.998,15538.998,15218.998,15478.998,15355.002,15547.003,15224.002,15487.002,8.004,1.16
2013-12-13,15478.997,15540.998,15240.997,15461.998,15487.003,15546.002,15246.003,15470.002,8.004,1.01
2013-12-16,15393.998,15403.0,15143.997,15293.997,15402.002,15410.003,15146.144,15302.003,8.006,1.86
2013-12-17,15283.998,15325.998,15194.997,15244.997,15292.002,15331.003,15203.002,15253.003,8.006,1.82
2013-12-18,15249.997,15889.998,15249.997,15854.997,15258.003,15898.003,15258.003,15863.003,8.006,2.0
2013-12-19,15849.998,15891.803,15729.997,15749.997,15858.002,15891.84,15738.002,15758.003,8.006,1.83
2013-12-20,15744.998,15907.998,15734.998,15907.998,15753.002,15916.003,15742.002,15916.002,8.004,1.79
2013-12-23,15909.997,16054.998,15834.997,15974.998,15918.003,16063.003,15842.003,15983.002,8.004,0.23
2013-12-24,15964.998,16031.997,15846.997,15864.998,15973.002,16037.003,15849.25,15873.002,8.004,1.76
2013-12-25,15858.945,16009.972,15853.494,16009.967,15858.983,16010.012,15853.533,16010.006,0.039,2.4
2013-12-26,16091.387,16224.998,16085.021,16190.997,16091.436,16233.003,16085.053,16199.003,8.006,2.48
2013-12-27,16190.998,16285.998,16052.997,16265.997,16199.002,16294.003,16056.745,16274.003,8.006,1.66
2013-12-30,16240.997,16312.998,16157.997,16228.997,16249.003,16318.002,16163.002,16237.003,8.006,0.51
2013-12-31,16223.998,16308.998,16205.997,16303.997,16232.002,16317.003,16211.002,16312.003,8.006,0.08
2014-01-01,16303.998,16373.998,16303.998,16341.997,16312.002,16382.003,16312.002,16350.003,8.006,0.0
2014-01-02,16338.997,16360.998,15943.997,16013.997,16347.003,16366.003,15952.002,16022.003,8.006,0.21
2014-01-03,16013.998,16055.998,15830.997,16040.997,16022.002,16064.003,15839.002,16049.003,8.006,0.22
2014-01-06,16095.998,16153.85,15698.997,15798.998,16104.002,16153.886,15707.003,15807.002,8.004,0.98
2014-01-07,15793.998,15938.998,15730.997,15923.997,15802.002,15947.003,15739.002,15932.003,8.006,0.43
2014-01-08,15923.998,16117.998,15890.997,15957.998,15932.002,16126.003,15896.002,15966.002,8.004,1.13
2014-01-09,15962.997,15979.998,15792.997,15827.998,15971.003,15985.002,15801.002,15836.002,8.004,0.68
2014-01-10,15827.997,15967.998,15694.997,15819.997,15836.003,15976.002,15703.003,15828.003,8.006,1.0
2014-01-13,15764.997,15786.998,15417.997,15522.998,15773.003,15792.003,15426.002,15531.002,8.004,0.3
2014-01-14,15522.997,15725.997,15367.997,15660.998,15531.003,15734.003,15373.003,15669.002,8.004,0.71
2014-01-15,15655.997,15847.998,15627.997,15822.998,15664.003,15856.003,15633.002,15831.002,8.004,1.45
2014-01-16,15822.997,15937.95,15597.997,15677.997,15831.003,15945.003,15606.002,15686.003,8.006,1.24
2014-01-17,15677.998,15837.998,15619.997,15725.997,15686.002,15846.003,15625.003,15734.003,8.006,1.66
2014-01-20,15722.997,15725.998,15569.997,15712.998,15731.003,15734.002,15575.302,15721.002,8.004,1.68
2014-01-21,15717.997,15899.998,15702.997,15737.997,15726.003,15905.003,15710.911,15746.003,8.006,1.21
2014-01-22,15737.998,15917.998,15631.394,15902.997,15746.002,15926.003,15631.43,15911.003,8.006,1.61
2014-01-23,15912.997,15964.998,15277.998,15452.998,15921.003,15970.002,15286.002,15461.002,8.004,1.27
2014-01-24,15447.998,15489.997,14932.997,14935.997,15456.002,15495.003,14941.002,14944.003,8.006,1.96
2014-01-27,15091.425,15109.661,14933.527,15005.716,15091.464,15109.695,14933.575,15005.756,0.04,2.4
2014-01-28,15038.861,15088.099,14952.818,14980.145,15038.9,15088.143,14952.855,14980.176,0.031,23.88
2014-01-29,15173.393,15383.893,15168.498,15383.889,15173.436,15383.937,15168.539,15383.927,0.038,23.78
2014-01-30,15097.295,15097.295,14853.806,15007.043,15097.346,15097.346,14853.849,15007.083,0.04,23.86
2014-01-31,15137.464,15143.864,14764.545,14914.516,15137.496,15143.9,14764.593,14914.55,0.034,23.98
2014-02-03,14789.374,14846.912,14615.027,14619.11,14789.414,14846.951,14615.077,14619.145,0.035,23.86
2014-02-04,14355.899,14355.899,14008.453,14008.456,14355.938,14355.938,14008.484,14008.484,0.028,23.96
2014-02-05,14232.842,14245.043,13995.845,14180.358,14232.881,14245.074,13995.886,14180.401,0.043,23.96
2014-02-06,14227.894,14308.045,14155.096,14155.096,14227.944,14308.087,14155.142,14155.143,0.047,23.88
2014-02-07,14384.997,14696.998,14356.997,14671.998,14393.003,14705.003,14365.003,14680.002,8.004,0.35
2014-02-10,14671.998,14736.998,14561.998,14621.998,14680.002,14745.003,14570.002,14630.002,8.004,17.44
2014-02-11,14621.997,14941.998,14577.997,14836.998,14630.003,14950.003,14585.003,14845.002,8.004,0.31
2014-02-12,14836.997,14872.32,14681.997,14776.998,14845.003,14875.003,14690.002,14785.002,8.004,9.55
2014-02-13,14771.997,14777.997,14314.997,14526.998,14780.003,14786.215,14323.002,14535.002,8.004,10.05
2014-02-14,14534.997,14677.61,14232.997,14411.997,14543.003,14680.002,14240.002,14420.003,8.006,11.02
2014-02-17,14326.998,14526.998,14187.998,14501.998,14335.002,14535.002,14195.002,14510.002,8.004,11.64
2014-02-18,14501.997,14896.5,14432.997,14706.997,14510.003,14905.003,14440.002,14715.003,8.006,17.57
2014-02-19,14706.998,14804.997,14634.997,14694.997,14715.002,14813.003,14643.002,14703.003,8.006,0.5
2014-02-20,14684.997,14725.998,14373.997,14593.997,14693.003,14733.003,14382.002,14602.003,8.006,0.53
2014-02-21,14598.997,14898.998,14598.997,14786.998,14607.003,14907.003,14607.003,14795.002,8.004,0.41
2014-02-24,14783.997,15033.998,14644.998,14971.997,14792.003,15042.003,14652.002,14980.003,8.006,0.54
2014-02-25,14971.998,15089.998,14841.997,14880.997,14980.002,15097.003,14850.003,14889.003,8.006,0.45
2014-02-26,14883.997,15078.997,14865.997,14920.997,14892.003,15086.003,14874.002,14929.003,8.006,0.62
2014-02-27,14920.998,15014.983,14689.998,14911.998,14929.002,15020.002,14698.002,14920.002,8.004,10.24
2014-02-28,14916.997,15006.998,14734.997,14921.997,14925.003,15015.003,14735.534,14930.003,8.006,19.12
2014-03-03,14641.998,14671.998,14431.997,14536.998,14650.002,14680.002,14440.002,14545.002,8.004,17.42
2014-03-04,14536.997,14976.998,14526.997,14921.998,14545.003,14985.003,14535.002,14930.002,8.004,13.21
2014-03-05,14921.997,14987.998,14871.997,14931.998,14930.003,14995.003,14880.002,14940.002,8.004,18.15
2014-03-06,14936.998,15324.998,14862.997,15271.998,14945.002,15333.003,14870.003,15280.002,8.004,0.6
2014-03-07,15271.997,15426.998,15142.997,15304.997,15280.003,15435.003,15150.002,15313.003,8.006,0.52
2014-03-10,15181.998,15267.997,15082.998,15166.998,15190.002,15275.003,15088.781,15175.002,8.004,10.03
2014-03-11,15176.998,15267.997,14981.997,14991.997,15185.002,15275.003,14990.002,15000.003,8.006,17.83
2014-03-12,14986.998,15003.775,14676.997,14839.998,14995.002,15010.003,14685.003,14848.002,8.004,16.96
2014-03-13,14839.997,14922.997,14351.997,14441.998,14848.003,14930.003,14360.002,14450.002,8.004,0.61
2014-03-14,14436.998,14462.998,14125.998,14228.997,14445.002,14470.003,14134.002,14237.003,8.006,2.5
2014-03-17,14255.998,14542.998,14195.997,14537.997,14264.002,14551.003,14203.225,14546.003,8.006,17.01
2014-03-18,14530.998,14535.998,14272.997,14502.997,14539.002,14544.002,14281.002,14511.003,8.006,17.63
2014-03-19,14507.998,14663.998,14293.997,14547.998,14516.002,14671.003,14301.002,14556.002,8.004,0.52
2014-03-20,14547.997,14547.997,14193.997,14389.997,14556.003,14556.003,14201.002,14398.003,8.006,8.35
2014-03-21,14389.998,14474.998,14274.997,14324.998,14398.002,14483.002,14283.002,14333.002,8.004,0.37
2014-03-24,14274.998,14529.998,14267.998,14357.997,14283.002,14538.003,14276.002,14366.003,8.006,0.59
2014-03-25,14359.998,14528.998,14300.998,14509.998,14368.002,14536.002,14308.002,14518.002,8.004,0.59
2014-03-26,14509.997,14581.997,14244.998,14266.998,14518.003,14590.003,14253.002,14275.002,8.004,0.78
2014-03-27,14266.997,14664.998,14224.997,14553.997,14275.003,14672.003,14232.002,14562.003,8.006,0.67
2014-03-28,14553.998,14836.998,14524.997,14751.997,14562.002,14845.003,14532.002,14760.003,8.006,0.55
2014-03-31,14831.998,14876.998,14696.005,14841.997,14840.002,14885.003,14719.258,14850.003,8.006,17.55
2014-04-01,14846.998,14901.998,14726.997,14891.997,14855.002,14910.003,14735.002,14900.003,8.006,16.23
2014-04-02,14891.998,15071.998,14882.997,15011.997,14900.002,15080.003,14890.002,15020.003,8.006,16.73
2014-04-03,15016.997,15169.997,14976.998,14981.997,15025.003,15177.003,14985.002,14990.003,8.006,0.66
2014-04-04,14986.997,15156.998,14796.997,14874.997,14995.003,15165.003,14805.003,14883.003,8.006,0.65
2014-04-07,14851.998,14892.998,14676.998,14731.998,14860.002,14900.003,14685.002,14740.002,8.004,17.69
2014-04-08,14731.997,14742.998,14276.997,14426.998,14740.003,14750.002,14285.002,14435.002,8.004,17.97
2014-04-09,14426.997,14526.998,14267.998,14486.997,14435.003,14535.003,14275.002,14495.003,8.006,9.46
2014-04-10,14491.997,14502.998,13946.997,13961.997,14500.003,14510.003,13955.002,13970.003,8.006,0.92
2014-04-11,13946.998,14071.998,13834.997,13871.998,13955.002,14080.003,13843.003,13880.002,8.004,13.8
2014-04-14,13859.997,14131.998,13859.997,14066.997,13868.003,14140.003,13868.003,14075.003,8.006,12.68
2014-04-15,14066.998,14183.998,13888.997,14178.997,14075.002,14192.002,13897.002,14187.003,8.006,0.94
2014-04-16,14171.997,14458.998,14148.998,14388.998,14180.003,14467.003,14157.002,14397.002,8.004,0.75
2014-04-17,14393.998,14513.998,14344.998,14488.997,14402.002,14522.003,14352.002,14497.003,8.006,0.6
2014-04-18,14488.998,14539.998,14439.998,14506.997,14497.002,14547.002,14447.002,14515.003,8.006,0.14
2014-04-21,14538.998,14644.998,14488.997,14568.997,14547.002,14652.003,14497.002,14577.003,8.006,0.3
2014-04-22,14568.998,14599.998,14333.997,14483.997,14577.002,14607.003,14342.002,14492.003,8.006,8.75
2014-04-23,14483.998,14563.997,14418.997,14551.998,14492.002,14572.003,14427.003,14560.002,8.004,0.6
2014-04-24,14548.997,14556.997,14258.997,14368.997,14557.003,14565.003,14267.003,14377.003,8.006,0.64
2014-04-25,14371.998,14556.997,14248.997,14306.997,14380.002,14564.003,14257.002,14315.003,8.006,0.54
2014-04-28,14258.998,14413.998,14209.997,14413.997,14267.002,14422.003,14217.003,14422.003,8.006,0.69
2014-04-29,14416.997,14473.998,14371.997,14413.998,14425.003,14482.003,14379.002,14422.002,8.004,0.34
2014-04-30,14408.997,14419.998,14193.997,14333.997,14417.003,14427.003,14202.002,14342.003,8.006,0.65
2014-05-01,14338.998,14484.998,14333.998,14428.997,14347.002,14492.003,14342.002,14437.003,8.006,0.45
2014-05-02,14428.998,14558.998,14335.997,14370.997,14437.002,14567.002,14344.002,14379.003,8.006,0.66
2014-05-05,14325.997,14366.998,14246.997,14331.997,14334.003,14375.003,14254.002,14340.003,8.006,0.41
2014-05-06,14331.998,14341.998,14166.998,14261.997,14340.002,14350.003,14175.002,14270.003,8.006,0.57
2014-05-07,14261.998,14272.998,14019.998,14144.998,14270.002,14280.003,14028.002,14153.002,8.004,0.79
2014-05-08,14139.997,14254.417,14033.424,14084.997,14148.003,14258.003,14063.002,14093.003,8.006,18.47
2014-05-09,14084.998,14265.998,14084.998,14175.998,14093.002,14273.003,14093.002,14184.002,8.004,9.03
2014-05-12,14170.997,14385.997,14126.997,14375.997,14179.003,14394.003,14130.327,14384.003,8.006,16.91
2014-05-13,14385.998,14472.997,14370.997,14382.997,14394.002,14481.003,14379.003,14391.003,8.006,0.48
2014-05-14,14382.998,14418.998,14222.998,14257.997,14391.002,14426.003,14231.002,14266.003,8.006,0.57
2014-05-15,14257.998,14357.998,14017.997,14072.997,14266.002,14405.785,14026.002,14081.003,8.006,8.91
2014-05-16,14072.998,14177.998,14003.997,14170.997,14081.002,14186.003,14011.002,14179.003,8.006,16.28
2014-05-19,14127.998,14150.481,13892.997,14082.998,14136.002,14156.003,13901.003,14091.002,8.004,16.5
2014-05-20,14087.997,14143.186,13952.997,13957.997,14096.003,14146.003,13961.002,13966.003,8.006,18.26
2014-05-21,13952.998,14217.998,13922.997,14182.997,13961.002,14226.003,13931.002,14191.003,8.006,17.01
2014-05-22,14182.998,14427.998,14143.997,14387.998,14191.002,14436.003,14151.002,14396.002,8.004,0.57
2014-05-23,14382.997,14592.998,14382.997,14557.997,14391.003,14601.002,14391.003,14566.003,8.006,0.48
2014-05-26,14577.998,14617.998,14523.997,14582.997,14586.002,14626.003,14531.002,14591.003,8.006,0.25
2014-05-27,14587.997,14738.998,14547.997,14637.997,14596.003,14746.003,14556.002,14646.003,8.006,0.5
2014-05-28,14637.998,14718.998,14552.997,14567.998,14646.002,14726.002,14561.003,14576.002,8.004,0.47
2014-05-29,14570.998,14747.997,14567.997,14702.997,14579.002,14756.003,14576.002,14711.003,8.006,0.45
2014-05-30,14697.997,14738.997,14573.998,14718.997,14706.003,14746.003,14581.002,14727.003,8.006,16.35
2014-06-02,14770.997,15085.998,14770.997,15085.998,14779.003,15094.002,14779.003,15094.002,8.004,0.56
2014-06-03,15080.998,15091.998,14955.997,15070.997,15089.002,15099.003,14964.002,15079.003,8.006,0.52
2014-06-04,15065.997,15165.998,14976.997,15120.998,15074.003,15174.003,14984.003,15129.002,8.004,0.52
2014-06-05,15118.997,15167.998,15011.998,15122.997,15127.003,15176.002,15019.002,15131.003,8.006,0.54
2014-06-06,15127.998,15197.998,15038.997,15197.998,15136.002,15206.003,15046.002,15206.002,8.004,0.47
2014-06-09,15200.997,15207.998,15087.997,15132.998,15209.003,15216.003,15096.002,15141.002,8.004,16.36
2014-06-10,15127.998,15183.997,14907.997,14982.998,15136.002,15191.003,14916.002,14991.002,8.004,1.22
2014-06-11,14987.998,15073.998,14895.997,14930.998,14996.002,15081.002,14904.003,14939.002,8.004,9.36
2014-06-12,14932.998,15032.998,14797.997,14822.998,14941.002,15041.003,14806.002,14831.002,8.004,0.53
2014-06-13,14822.997,15147.998,14812.998,15055.997,14831.003,15156.002,14821.002,15064.003,8.006,0.47
2014-06-16,15027.998,15042.998,14853.998,14970.998,15036.002,15051.003,14861.002,14979.002,8.004,0.41
2014-06-17,14970.997,15056.998,14945.997,15001.998,14979.003,15065.002,14954.002,15010.002,8.004,0.42
2014-06-18,15006.997,15211.998,14975.957,15131.998,15015.003,15220.002,14997.505,15140.002,8.004,18.24
2014-06-19,15136.997,15396.998,15132.998,15341.997,15145.003,15405.003,15140.002,15350.003,8.006,0.48
2014-06-20,15341.998,15481.997,15302.998,15436.998,15350.002,15490.003,15305.448,15445.002,8.004,16.54
2014-06-23,15421.997,15442.998,15269.997,15299.998,15430.003,15450.002,15278.002,15308.002,8.004,0.36
2014-06-24,15299.997,15474.998,15245.997,15294.998,15308.003,15483.003,15253.002,15303.002,8.004,0.43
2014-06-25,15294.997,15374.998,15214.997,15315.997,15303.003,15383.003,15223.002,15324.003,8.006,0.42
2014-06-26,15315.998,15340.997,15210.997,15285.997,15324.002,15349.003,15219.002,15294.003,8.006,8.7
2014-06-27,15290.997,15291.998,15021.997,15123.997,15299.003,15308.51,15029.002,15132.003,8.006,0.45
2014-06-30,15150.997,15185.998,15041.998,15160.998,15159.003,15194.003,15049.002,15169.002,8.004,16.81
2014-07-01,15165.997,15430.998,15136.997,15385.997,15174.003,15439.002,15144.003,15394.003,8.006,12.09
2014-07-02,15385.998,15441.93,15326.175,15410.997,15394.002,15449.003,15349.002,15419.003,8.006,18.64
2014-07-03,15415.998,15515.998,15315.997,15503.998,15424.002,15524.002,15324.002,15512.002,8.004,13.47
2014-07-04,15503.997,15505.997,15348.264,15448.998,15512.003,15514.003,15420.094,15457.002,8.004,23.98
2014-07-07,15425.997,15476.2,15280.997,15295.998,15434.003,15479.003,15289.002,15304.002,8.004,18.69
2014-07-08,15295.997,15389.864,15180.998,15190.997,15304.003,15399.002,15189.002,15199.003,8.006,11.42
2014-07-09,15195.997,15365.998,15175.997,15305.997,15204.003,15374.003,15184.002,15314.003,8.006,0.48
2014-07-10,15310.997,15325.8,14995.997,15095.997,15319.003,15329.003,15004.002,15104.003,8.006,18.78
2014-07-11,15093.998,15215.998,15090.997,15165.998,15102.002,15224.003,15099.003,15174.002,8.004,9.18
2014-07-14,15190.998,15380.998,15176.997,15345.997,15199.002,15389.003,15179.51,15354.003,8.006,9.01
2014-07-15,15345.998,15441.998,15315.997,15355.998,15354.002,15449.002,15324.002,15364.002,8.004,0.53
2014-07-16,15355.997,15465.998,15345.997,15420.998,15364.003,15474.002,15354.003,15429.002,8.004,0.51
2014-07-17,15420.997,15461.997,15155.997,15175.998,15429.003,15469.003,15164.002,15184.002,8.004,0.54
2014-07-18,15175.997,15341.998,15096.997,15324.997,15184.003,15350.003,15104.003,15333.003,8.006,0.56
2014-07-21,15361.997,15361.998,15181.997,15276.997,15370.003,15370.003,15190.002,15285.003,8.006,0.28
2014-07-22,15276.998,15391.6,15276.998,15346.997,15285.002,15395.003,15285.002,15355.003,8.006,7.84
2014-07-23,15351.998,15372.998,15308.997,15337.998,15360.002,15381.003,15316.003,15346.002,8.004,0.44
2014-07-24,15337.997,15383.998,15223.997,15352.997,15346.003,15391.003,15231.003,15361.003,8.006,0.45
2014-07-25,15347.997,15537.998,15284.394,15427.998,15356.003,15546.003,15346.002,15436.002,8.004,0.62
2014-07-28,15417.998,15592.998,15417.998,15561.997,15426.002,15601.003,15426.002,15570.003,8.006,18.21
2014-07-29,15561.998,15691.998,15529.386,15636.997,15570.002,15700.003,15560.002,15645.003,8.006,0.76
2014-07-30,15636.998,15781.998,15587.997,15741.997,15645.002,15790.003,15595.002,15750.003,8.006,0.7
2014-07-31,15741.998,15766.997,15551.997,15569.997,15750.002,15775.003,15560.002,15578.003,8.006,0.49
2014-08-01,15471.997,15546.998,15391.997,15416.997,15480.003,15555.003,15400.003,15425.003,8.006,0.4
2014-08-04,15476.998,15532.997,15386.997,15491.998,15485.002,15540.003,15395.002,15500.002,8.004,0.62
2014-08-05,15491.997,15501.998,15161.997,15251.997,15500.003,15510.003,15170.002,15260.003,8.006,0.7
2014-08-06,15251.998,15262.998,15007.997,15132.997,15260.002,15270.003,15016.002,15141.003,8.006,0.67
2014-08-07,15132.998,15240.997,14959.997,15029.998,15141.002,15248.003,14968.002,15038.002,8.004,0.78
2014-08-08,15024.997,15060.998,14660.997,14996.998,15033.003,15068.003,14668.003,15005.002,8.004,0.82
2014-08-11,15076.998,15191.997,14972.997,15151.998,15085.002,15200.003,14980.002,15160.002,8.004,0.5
2014-08-12,15156.998,15237.998,15071.997,15121.997,15165.002,15245.002,15080.002,15130.003,8.006,0.6
2014-08-13,15121.998,15326.998,15101.997,15281.997,15130.002,15335.003,15110.003,15290.003,8.006,0.56
2014-08-14,15281.998,15346.998,15236.997,15306.998,15290.002,15355.003,15245.003,15315.002,8.004,0.49
2014-08-15,15306.997,15381.998,15201.997,15304.997,15315.003,15390.003,15210.002,15313.003,8.006,0.61
2014-08-18,15336.998,15461.997,15297.997,15446.997,15345.002,15470.003,15305.003,15455.003,8.006,0.56
2014-08-19,15446.998,15508.998,15411.997,15481.997,15455.002,15517.003,15420.002,15490.003,8.006,0.61
2014-08-20,15484.997,15571.998,15396.997,15526.997,15493.003,15580.003,15405.002,15535.003,8.006,0.59
2014-08-21,15526.998,15656.998,15516.997,15616.998,15535.002,15665.003,15525.002,15625.002,8.004,0.58
2014-08-22,15614.998,15622.998,15441.998,15551.997,15623.002,15630.003,15450.002,15560.003,8.006,306.01
2014-08-25,15586.997,15636.997,15547.997,15596.998,15595.003,15645.003,15555.003,15605.002,8.004,284.92
2014-08-26,15586.997,15612.997,15464.831,15538.997,15595.003,15620.003,15470.002,15547.003,8.006,312.87
2014-08-27,15538.998,15579.998,15446.287,15473.997,15547.002,15587.002,15452.002,15482.003,8.006,286.52
2014-08-28,15478.998,15478.998,15340.021,15403.998,15487.002,15487.003,15342.17,15412.002,8.004,427.27
2014-08-29,15408.997,15462.266,15344.997,15436.997,15417.003,15467.518,15352.002,15445.003,8.006,410.0
2014-09-01,15453.0,15529.998,15434.997,15519.997,15470.002,15532.003,15442.002,15522.003,2.006,48.11
2014-09-02,15519.997,15841.998,15508.998,15789.998,15522.002,15852.003,15517.002,15792.003,2.005,80.3
2014-09-03,15789.998,15829.998,15678.997,15703.997,15792.002,15835.003,15690.5,15712.003,8.006,72.62
2014-09-04,15706.998,15765.348,15603.498,15759.017,15712.003,15772.402,15611.602,15767.111,8.094,52.94
2014-09-05,15681.748,15704.114,15553.338,15698.822,15687.201,15711.943,15561.902,15707.026,8.204,30.41
2014-09-08,15717.189,15816.763,15648.597,15797.042,15721.876,15822.252,15656.603,15801.752,4.71,110.56
2014-09-09,15796.747,15799.898,15628.997,15653.998,15801.833,15802.353,15637.002,15662.002,8.004,72.34
2014-09-10,15658.998,15930.997,15649.997,15890.997,15667.002,15939.003,15657.002,15899.003,8.006,108.62
2014-09-11,15888.997,15954.998,15809.997,15944.998,15897.003,15963.002,15818.003,15953.002,8.004,138.47
2014-09-12,15969.997,15990.998,15864.997,15899.998,15978.003,15998.003,15873.002,15908.002,8.004,118.1
2014-09-15,15839.997,15929.998,15797.998,15914.998,15848.003,15938.003,15805.002,15923.002,8.004,93.86
2014-09-16,15912.998,15989.983,15835.997,15954.91,15921.002,15998.347,15843.003,15963.096,8.186,115.08
2014-09-17,15954.929,16069.981,15854.667,16029.921,15963.266,16078.328,15863.071,16033.14,3.219,328.77
2014-09-18,16029.34,16232.699,15989.907,16169.703,16030.315,16241.267,16000.277,16178.212,8.509,223.1
2014-09-19,16172.893,16365.928,16169.859,16264.848,16181.212,16373.315,16178.199,16273.288,8.44,250.44
2014-09-22,16259.32,16279.938,16117.921,16159.651,16260.26,16288.332,16135.321,16168.3,8.649,434.65
2014-09-23,16159.719,16215.983,16047.907,16084.776,16168.298,16228.04,16058.041,16093.082,8.306,558.72
2014-09-24,16084.165,16342.948,16067.908,16312.681,16085.082,16353.329,16080.107,16323.183,10.502,528.37
2014-09-25,16309.726,16422.969,16090.668,16102.747,16320.138,16433.26,16099.03,16109.002,6.255,386.95
2014-09-26,16100.8,16407.674,16100.751,16346.818,16109.026,16410.318,16104.075,16355.082,8.264,70.09
2014-09-29,16342.998,16344.998,16147.997,16224.998,16350.003,16350.003,16154.002,16229.003,4.005,56.19
2014-09-30,16227.998,16234.998,16057.997,16159.998,16229.003,16245.002,16064.003,16164.002,4.004,53.33
2014-10-01,16157.998,16229.998,15817.997,15899.997,16164.002,16234.003,15825.002,15905.003,5.006,64.01
2014-10-02,15897.997,15922.998,15357.997,15616.997,15905.003,15930.003,15365.002,15625.002,8.005,94.13
2014-10-03,15616.998,15956.998,15552.998,15911.998,15625.002,15965.003,15555.003,15920.002,8.004,114.1
2014-10-06,15876.997,15962.998,15736.998,15797.998,15885.002,15970.003,15743.002,15805.003,7.005,11.0
2014-10-07,15797.998,15907.997,15461.997,15550.837,15805.002,15913.002,15470.002,15558.002,7.165,7.85
2014-10-08,15556.998,15717.998,15442.077,15662.997,15558.002,15724.003,15448.002,15673.003,10.006,9.99
2014-10-09,15667.997,15728.998,15227.997,15283.998,15673.003,15735.903,15238.002,15288.002,4.004,12.05
2014-10-10,15283.998,15389.998,15019.998,15024.997,15290.003,15395.003,15028.002,15033.003,8.006,6.26
2014-10-13,14992.998,15149.998,14797.998,14939.997,14998.003,15158.003,14803.003,14948.003,8.006,2.32
2014-10-14,14939.998,15100.997,14789.997,14992.998,14948.002,15108.003,14793.002,15003.002,10.004,21.67
2014-10-15,14989.997,15085.998,14462.997,14697.998,15000.003,15095.502,14479.002,14709.002,11.004,30.41
2014-10-16,14697.998,14797.998,14352.997,14785.997,14709.003,14814.003,14364.003,14794.003,8.006,41.44
2014-10-17,14785.998,14880.998,14505.997,14865.998,14794.002,14889.003,14514.002,14874.002,8.004,8.89
2014-10-20,14912.998,15170.997,14888.998,15098.997,14919.003,15179.003,14896.002,15104.003,5.006,9.27
2014-10-21,15100.998,15103.998,14748.997,15058.998,15104.003,15108.562,14754.002,15064.003,5.005,7.53
2014-10-22,15058.998,15268.998,14991.997,15108.997,15064.002,15273.003,14999.002,15113.002,4.005,7.46
2014-10-23,15104.998,15454.998,15055.997,15375.997,15113.002,15463.003,15063.002,15378.003,2.006,7.69
2014-10-24,15374.0,15433.998,15228.997,15419.998,15382.243,15441.003,15233.002,15428.002,8.004,6.56
2014-10-27,15400.998,15439.997,15249.997,15344.997,15403.002,15448.003,15258.002,15353.003,8.006,6.17
2014-10-28,15344.998,15429.998,15255.998,15409.998,15353.002,15438.003,15263.002,15418.002,8.004,5.3
2014-10-29,15409.998,15674.998,15385.998,15594.997,15416.002,15679.002,15393.002,15603.003,8.006,6.94
2014-10-30,15595.997,15894.998,15558.998,15829.997,15603.003,15903.003,15569.002,15836.002,6.005,8.21
2014-10-31,15829.997,17034.998,15824.997,16992.998,15834.003,17044.004,15833.003,17001.002,8.004,11.0
2014-11-03,17039.998,17438.998,16929.996,17164.996,17048.002,17454.004,16938.002,17173.004,8.008,6.55
2014-11-04,17164.998,17200.998,16649.998,16784.996,17173.002,17211.002,16658.002,16793.004,8.008,8.82
2014-11-05,16789.996,17122.996,16775.996,16994.998,16798.004,17138.004,16783.002,17003.002,8.004,8.43
2014-11-06,17002.998,17092.998,16722.996,16934.998,17011.002,17098.004,16728.004,16943.002,8.004,10.36
2014-11-07,16939.998,16952.998,16669.996,16777.998,16948.002,16960.004,16675.002,16786.002,8.004,8.21
2014-11-10,16744.998,16948.996,16688.996,16862.998,16753.002,16956.004,16696.002,16871.002,8.004,6.3
2014-11-11,16867.996,17349.998,16853.996,17266.996,16876.004,17358.002,16858.004,17275.004,8.008,7.86
2014-11-12,17266.998,17447.0,17031.238,17176.998,17275.002,17452.002,17037.004,17185.002,8.004,9.68
2014-11-13,17176.996,17510.996,17102.996,17440.996,17185.004,17519.004,17111.004,17449.004,8.008,8.52
2014-11-14,17440.998,17510.998,17295.998,17470.998,17449.002,17519.002,17299.004,17479.002,8.004,8.14
2014-11-17,17380.996,17413.998,16885.5,17188.996,17389.004,17421.002,16894.004,17197.004,8.008,8.46
2014-11-18,17185.998,17440.998,17170.996,17355.996,17194.002,17451.004,17179.004,17364.004,8.008,7.36
2014-11-19,17358.998,17475.998,17274.299,17400.996,17367.002,17481.113,17281.75,17409.004,8.008,6.91
2014-11-20,17400.998,17412.996,17113.998,17275.996,17409.002,17418.004,17119.004,17284.004,8.008,7.04
2014-11-21,17275.998,17530.998,17093.996,17403.996,17284.002,17539.004,17099.002,17412.004,8.008,9.1
2014-11-24,17340.996,17574.998,17299.799,17485.996,17349.004,17580.0,17304.25,17494.004,8.008,3.4
2014-11-25,17485.998,17493.996,17317.996,17335.998,17494.002,17502.004,17324.002,17344.002,8.004,5.97
2014-11-26,17335.996,17431.998,17295.998,17310.998,17344.004,17439.004,17304.002,17319.002,8.004,4.95
2014-11-27,17310.996,17347.996,17170.996,17310.996,17319.004,17354.004,17174.002,17319.004,8.008,3.6
2014-11-28,17315.998,17500.998,17315.998,17430.996,17324.002,17510.162,17324.002,17439.004,8.008,4.28
2014-12-01,17440.996,17646.998,17395.998,17440.998,17449.004,17653.004,17404.002,17449.002,8.004,8.71
2014-12-02,17435.996,17810.998,17435.996,17770.998,17444.004,17819.002,17444.004,17779.002,8.004,6.7
2014-12-03,17770.996,17903.998,17680.998,17883.996,17779.004,17910.004,17691.002,17892.004,8.008,6.61
2014-12-04,17883.998,17909.75,17705.996,17808.998,17892.002,17911.004,17716.004,17817.002,8.004,8.43
2014-12-05,17808.996,18095.998,17745.996,18045.996,17817.004,18104.004,17756.002,18054.004,8.008,6.86
2014-12-08,17985.998,18022.996,17672.996,17785.998,17994.002,18036.002,17683.002,17794.002,8.004,7.29
2014-12-09,17785.996,17892.998,17305.998,17580.998,17794.004,17899.004,17314.002,17589.002,8.004,9.04
2014-12-10,17575.998,17627.998,17046.998,17154.996,17584.002,17634.002,17053.002,17163.004,8.008,9.98
2014-12-11,17146.996,17557.998,17032.998,17286.996,17155.004,17568.004,17040.002,17295.004,8.008,9.16
2014-12-12,17281.998,17527.996,17112.998,17167.998,17290.002,17535.004,17123.002,17176.002,8.004,13.19
2014-12-15,17057.996,17237.998,16617.998,16824.996,17066.004,17248.002,16628.002,16833.004,8.008,7.55
2014-12-16,16824.998,16893.998,16432.996,16663.996,16833.002,16898.004,16443.002,16672.004,8.008,19.67
2014-12-17,16658.996,17248.998,16648.998,17198.996,16667.004,17255.102,16655.002,17207.004,8.008,15.4
2014-12-18,17193.996,17613.998,17162.998,17543.998,17202.004,17622.004,17170.004,17552.002,8.004,10.68
2014-12-19,17548.998,17778.998,17469.996,17711.998,17557.002,17783.902,17477.002,17720.002,8.004,10.14
2014-12-22,17683.996,17818.998,17564.996,17753.996,17692.004,17827.002,17568.002,17762.004,8.008,7.01
2014-12-23,17756.998,17918.996,17702.996,17833.996,17765.002,17924.803,17713.002,17842.004,8.008,4.16
2014-12-24,17841.998,17874.996,17763.996,17823.996,17850.002,17882.004,17772.002,17832.004,8.008,2.86
2014-12-26,17822.998,17952.998,17816.998,17906.996,17830.002,17963.004,17825.002,17915.004,8.008,1.27
2014-12-29,17911.998,17912.996,17514.996,17686.998,17920.002,17920.004,17519.482,17695.002,8.004,5.91
2014-12-30,17699.998,17709.998,17183.998,17346.996,17708.002,17720.004,17203.002,17355.004,8.008,7.53
2014-12-31,17343.998,17407.996,17239.996,17367.998,17352.002,17413.0,17247.002,17377.004,9.006,3.63
2015-01-02,17396.996,17577.998,17297.996,17383.998,17405.004,17583.002,17305.002,17392.002,8.004,5.8
2015-01-05,17333.996,17546.998,17011.996,17038.996,17342.004,17557.002,17017.002,17047.004,8.008,9.94
2015-01-06,17033.996,17086.998,16531.996,16748.998,17042.004,17097.004,16537.002,16757.002,8.004,14.51
2015-01-07,16788.996,17160.998,16776.998,17045.996,16797.004,17169.004,16785.002,17054.004,8.008,11.47
2015-01-08,17045.998,17427.998,17001.697,17340.998,17054.002,17438.004,17008.201,17349.002,8.004,7.06
2015-01-09,17325.998,17356.998,16885.998,16900.998,17334.002,17364.004,16894.002,16909.002,8.004,9.74
2015-01-12,16893.998,17077.996,16740.0,16940.996,16902.002,17085.002,16744.002,16949.004,8.008,9.44
2015-01-13,16945.996,17225.996,16780.996,16930.998,16954.004,17233.004,16785.002,16939.002,8.004,11.05
2015-01-14,16940.998,17036.996,16530.996,16825.998,16949.002,17043.004,16534.002,16834.002,8.004,20.35
2015-01-15,16835.998,17190.998,16715.996,16725.998,16841.0,17199.004,16724.002,16734.002,8.004,33.07
2015-01-16,16725.996,17087.996,16541.996,17074.998,16734.004,17093.004,16549.004,17083.002,8.004,23.34
2015-01-19,17009.996,17129.998,16915.996,17074.996,17018.004,17138.004,16918.002,17083.004,8.008,3.36
2015-01-20,17077.996,17484.998,17064.996,17319.998,17086.004,17493.004,17073.002,17328.002,8.004,6.8
2015-01-21,17314.998,17349.998,17079.996,17304.996,17323.002,17358.004,17088.002,17313.004,8.008,7.15
2015-01-22,17307.996,17589.998,17149.996,17529.998,17316.004,17598.004,17158.002,17538.002,8.004,6.98
2015-01-23,17539.996,17587.998,17340.996,17395.996,17548.004,17596.004,17349.004,17404.004,8.008,5.55
2015-01-26,17285.996,17702.998,17282.996,17647.998,17294.004,17711.004,17291.004,17656.002,8.004,82.73
2015-01-27,17642.996,17765.996,17482.996,17586.998,17651.004,17773.004,17491.004,17595.002,8.004,120.35
2015-01-28,17591.996,17874.996,17516.998,17621.998,17600.004,17883.004,17525.002,17630.002,8.004,220.86
2015-01-29,17621.996,17856.996,17566.996,17771.996,17630.004,17865.004,17575.002,17780.004,8.008,97.54
2015-01-30,17776.996,17807.998,17466.996,17479.996,17785.004,17815.002,17475.002,17488.004,8.008,109.12
2015-02-02,17506.998,17681.998,17462.996,17656.998,17515.002,17690.004,17470.002,17665.002,8.004,158.47
2015-02-03,17651.996,17651.996,17267.996,17561.996,17660.004,17660.004,17275.004,17570.004,8.008,243.33
2015-02-04,17566.996,17742.998,17510.998,17591.996,17575.004,17750.004,17519.002,17600.004,8.008,5.8
2015-02-05,17596.996,17741.998,17451.996,17691.996,17605.004,17746.004,17460.002,17700.004,8.008,139.03
2015-02-06,17709.996,17916.998,17602.996,17809.998,17718.004,17925.004,17610.002,17818.002,8.004,126.14
2015-02-09,17791.998,17801.996,17526.996,17621.998,17800.002,17810.004,17533.002,17630.002,8.004,12.31
2015-02-10,17626.998,17874.996,17542.996,17856.996,17635.002,17883.004,17550.002,17865.004,8.008,243.61
2015-02-11,17851.996,18071.998,17786.998,17946.996,17860.004,18080.002,17795.002,17955.004,8.008,228.85
2015-02-12,17946.998,18001.998,17698.879,17909.229,17955.002,18012.002,17708.883,17919.234,10.005,268.91
2015-02-13,17974.855,18101.402,17957.004,18075.074,17984.86,18111.408,17971.791,18085.08,10.006,302.0
2015-02-16,18007.953,18025.133,17911.275,17923.139,18017.957,18035.139,17921.281,17933.146,10.007,130.89
2015-02-17,17996.387,18178.86,17967.717,18115.646,18006.393,18188.865,17977.723,18125.652,10.006,450.45
2015-02-18,18198.062,18337.227,18188.148,18241.863,18208.07,18347.232,18198.152,18251.867,10.004,493.71
2015-02-19,18249.396,18388.926,18217.63,18358.531,18259.4,18398.932,18227.635,18368.535,10.004,426.07
2015-02-20,18371.404,18542.557,18273.57,18528.719,18381.41,18552.56,18283.576,18538.727,10.008,521.57
2015-02-23,18459.736,18505.883,18451.281,18493.924,18469.742,18515.889,18461.29,18503.93,10.006,341.66
2015-02-24,18605.998,18700.512,18582.996,18648.318,18616.002,18710.518,18593.002,18658.324,10.006,287.03
2015-02-25,18602.186,18676.096,18543.473,18623.977,18612.191,18686.1,18553.479,18633.982,10.005,162.72
2015-02-26,18782.58,18910.137,18768.553,18869.588,18792.586,18920.143,18778.559,18879.594,10.006,410.1
2015-02-27,18817.357,18862.102,18790.2,18806.586,18827.363,18872.107,18800.207,18816.592,10.006,372.31
2015-03-02,18839.652,18937.805,18785.441,18930.252,18849.658,18947.812,18795.445,18940.258,10.006,384.7
2015-03-03,18813.545,18829.123,18649.357,18734.338,18823.55,18839.13,18659.363,18744.346,10.008,242.44
2015-03-04,18679.95,18706.82,18559.887,18692.264,18689.955,18716.828,18569.895,18702.268,10.004,205.38
2015-03-05,18775.041,18913.562,18756.418,18850.027,18785.049,18923.568,18766.422,18860.033,10.006,353.46
2015-03-06,18974.994,19085.807,18824.07,18836.217,18985.0,19095.812,18834.076,18846.223,10.006,486.3
2015-03-09,18801.953,18893.857,18695.342,18850.836,18811.96,18903.861,18705.348,18860.842,10.006,484.88
2015-03-10,18653.477,18670.6,18497.906,18540.86,18663.48,18680.607,18507.91,18550.865,10.005,448.71
2015-03-11,18655.105,18822.82,18606.432,18780.266,18665.111,18834.543,18616.438,18790.27,10.004,465.81
2015-03-12,18996.914,19234.441,18908.145,19208.598,19006.92,19244.45,18918.15,19218.604,10.006,657.28
2015-03-13,19288.492,19355.043,19225.973,19304.941,19298.496,19365.049,19235.979,19314.947,10.006,697.7
2015-03-16,19315.41,19474.4,19312.752,19401.035,19325.418,19484.406,19322.758,19411.04,10.005,521.35
2015-03-17,19451.305,19552.082,19359.434,19468.475,19461.31,19562.088,19369.44,19478.48,10.005,593.67
2015-03-18,19546.621,19611.291,19398.998,19473.998,19556.629,19628.004,19407.002,19482.002,8.004,275.33
2015-03-19,19481.998,19544.998,19299.996,19502.996,19490.002,19563.004,19307.002,19513.004,10.008,539.46
2015-03-20,19507.996,19684.016,19422.996,19652.072,19518.004,19694.021,19433.002,19662.076,10.004,488.45
2015-03-23,19672.998,19797.998,19647.996,19727.996,19683.002,19808.004,19658.004,19738.004,10.008,333.91
2015-03-24,19724.998,19810.982,19662.996,19742.996,19735.002,19820.99,19673.004,19753.004,10.008,388.02
2015-03-25,19747.996,19787.998,19517.16,19536.611,19758.004,19798.004,19527.166,19546.615,10.004,557.74
2015-03-26,19316.832,19467.818,19112.88,19394.793,19326.838,19477.826,19122.885,19404.8,10.007,742.3
2015-03-27,19259.77,19374.13,19216.582,19343.51,19269.773,19388.002,19230.002,19353.518,10.008,627.97
2015-03-30,19312.998,19629.998,19237.998,19607.998,19323.002,19640.002,19248.002,19618.002,10.004,374.27
2015-03-31,19604.998,19622.998,19172.385,19207.996,19615.002,19633.002,19182.39,19218.004,10.008,589.22
2015-04-01,19204.996,19224.998,18939.996,19139.998,19215.004,19235.004,18955.004,19150.002,10.004,687.79
2015-04-02,19139.996,19439.693,19122.998,19337.998,19150.004,19453.004,19133.002,19348.002,10.004,561.03
2015-04-06,19279.998,19607.998,19242.996,19547.996,19290.002,19622.854,19253.004,19558.004,10.008,319.58
2015-04-07,19544.996,19850.129,19502.996,19747.998,19555.004,19858.004,19513.004,19758.002,10.004,455.74
2015-04-08,19747.996,19904.174,19704.996,19847.998,19758.004,19913.004,19715.004,19858.002,10.004,457.69
2015-04-09,19849.998,20077.996,19827.996,20009.998,19860.002,20088.004,19838.002,20020.002,10.004,77.96
2015-04-10,20012.996,20037.998,19847.996,20022.996,20023.004,20048.004,19858.002,20033.004,10.008,24.89
2015-04-13,19977.996,19987.998,19812.996,19822.996,19988.004,19998.004,19823.004,19833.004,10.008,16.12
2015-04-14,19824.996,19952.998,19769.46,19834.996,19835.004,19962.41,19778.004,19845.004,10.008,104.13
2015-04-15,19832.996,19927.996,19822.998,19862.996,19843.004,19938.004,19833.002,19873.004,10.008,16.5
2015-04-16,19867.996,19902.998,19757.996,19807.998,19878.004,19913.002,19764.436,19818.002,10.004,16.03
2015-04-17,19809.996,19822.998,19461.232,19554.996,19820.004,19833.002,19468.002,19565.004,10.008,137.97
2015-04-20,19629.996,19727.998,19584.58,19687.996,19640.004,19738.004,19589.383,19698.004,10.008,14.66
2015-04-21,19897.996,20067.998,19891.936,20001.309,19905.127,20078.004,19903.318,20018.004,16.695,517.53
2015-04-22,20121.785,20239.996,20072.996,20237.996,20138.004,20248.004,20080.004,20248.004,10.008,129.15
2015-04-23,20197.996,20212.998,20091.43,20142.996,20198.797,20223.002,20096.436,20153.004,10.008,27.83
2015-04-24,20032.996,20132.998,20001.74,20047.996,20043.004,20143.004,20006.746,20058.004,10.008,9.4
2015-04-27,19967.998,20152.998,19964.996,20039.998,19978.002,20163.002,19970.812,20050.002,10.004,51.67
2015-04-28,20072.998,20077.998,19917.996,19964.996,20083.002,20087.861,19925.076,19975.004,10.008,21.83
2015-04-29,19912.998,19982.996,19634.996,19812.998,19919.377,19993.004,19639.94,19823.002,10.004,17.2
2015-04-30,19527.998,19607.996,19313.754,19377.996,19534.846,19618.004,19338.002,19388.004,10.008,273.56
2015-05-01,19528.318,19747.998,19512.996,19724.998,19538.004,19758.002,19518.658,19735.002,10.004,231.87
2015-05-04,19664.996,19792.998,19604.578,19779.998,19675.004,19800.486,19623.002,19790.002,10.004,94.58
2015-05-05,19687.998,19763.297,19308.674,19362.996,19696.617,19773.303,19318.002,19373.004,10.008,405.15
2015-05-06,19344.098,19433.871,19162.936,19314.996,19350.004,19439.88,19172.941,19325.004,10.008,312.99
2015-05-07,19289.998,19367.998,19032.996,19347.996,19299.338,19378.004,19043.002,19358.004,10.008,84.06
2015-05-08,19396.836,19698.45,19358.723,19662.998,19403.004,19708.002,19368.002,19673.002,10.004,414.06
2015-05-11,19617.996,19661.068,19572.719,19584.996,19628.004,19668.004,19583.002,19595.004,10.008,353.32
2015-05-12,19617.725,19664.188,19449.05,19512.998,19630.002,19678.002,19458.002,19523.002,10.004,73.09
2015-05-13,19767.998,19842.998,19618.074,19654.996,19775.217,19851.402,19628.002,19665.004,10.008,19.18
2015-05-14,19579.998,19672.998,19467.996,19667.998,19581.86,19678.812,19470.715,19678.002,10.004,12.26
2015-05-15,19705.328,19857.998,19683.188,19789.998,19708.002,19868.004,19692.799,19800.002,10.004,31.54
2015-05-18,19872.998,19979.996,19832.996,19977.996,19883.002,19988.004,19842.824,19988.004,10.008,143.32
2015-05-19,20048.434,20192.996,20011.03,20147.996,20055.004,20198.146,20018.002,20158.004,10.008,79.33
2015-05-20,20212.996,20292.998,20157.996,20259.996,20223.004,20301.781,20166.773,20270.004,10.008,33.46
2015-05-21,20177.996,20263.15,20139.932,20252.996,20188.004,20273.002,20148.004,20257.09,4.094,34.18
2015-05-22,20267.996,20379.45,20251.559,20365.229,20278.004,20389.457,20258.002,20375.002,9.773,44.13
2015-05-25,20403.633,20469.299,20403.633,20414.998,20413.004,20473.004,20413.002,20425.002,10.004,17.78
2015-05-26,20442.996,20562.996,20322.996,20423.117,20453.004,20572.91,20330.92,20433.123,10.006,122.23
2015-05-27,20460.066,20660.568,20457.996,20637.998,20470.07,20671.457,20468.004,20657.432,19.434,268.99
2015-05-28,20537.998,20572.996,20437.996,20557.998,20548.002,20582.23,20452.627,20575.602,17.604,263.06
2015-05-29,20559.996,20569.998,20366.207,20429.281,20576.107,20582.492,20376.213,20439.285,10.004,250.13
2015-06-01,20544.996,20625.867,20482.996,20607.871,20555.004,20635.873,20493.004,20617.877,10.006,289.27
2015-06-02,20532.998,20574.738,20382.996,20409.998,20543.002,20584.742,20393.004,20420.002,10.004,24.58
2015-06-03,20439.996,20587.998,20437.996,20587.998,20450.004,20598.002,20448.004,20598.002,10.004,1.28
2015-06-04,20382.037,20472.998,20352.996,20409.996,20392.045,20491.324,20363.002,20420.004,10.008,2.06
2015-06-05,20437.996,20610.098,20422.996,20557.996,20448.004,20620.104,20433.002,20568.004,10.008,2.99
2015-06-08,20444.996,20447.998,20267.996,20272.998,20455.004,20463.326,20283.002,20288.453,15.455,16.28
2015-06-09,20087.996,20137.998,19912.996,20042.998,20103.87,20151.838,19930.277,20072.582,29.584,14.66
2015-06-10,20044.996,20217.998,20022.996,20142.996,20063.736,20239.162,20033.002,20160.984,17.988,14.65
2015-06-11,20357.998,20532.998,20347.996,20407.998,20366.434,20548.672,20360.008,20428.541,20.543,13.84
2015-06-12,20382.996,20422.998,20237.996,20304.996,20397.344,20435.973,20259.678,20325.428,20.432,14.65
2015-06-15,20359.998,20367.998,20237.996,20344.996,20370.002,20390.553,20248.002,20355.004,10.008,1.98
2015-06-16,20252.996,20297.998,20122.996,20289.996,20266.395,20306.871,20134.861,20299.53,9.534,15.74
2015-06-17,20207.998,20297.998,20141.17,20189.996,20218.572,20298.871,20146.172,20191.574,1.578,13.24
2015-06-18,20002.998,20217.998,19883.03,20119.998,20008.0,20228.004,19888.031,20126.85,6.852,17.58
2015-06-19,20174.996,20234.998,20112.996,20127.998,20185.1,20246.094,20127.62,20142.588,14.59,15.61
2015-06-22,20422.998,20605.998,20412.998,20537.998,20429.133,20613.633,20422.113,20551.084,13.086,16.16
2015-06-23,20802.998,20902.998,20800.998,20890.998,20813.002,20913.004,20811.002,20894.375,3.377,19.34
2015-06-24,20852.996,20870.996,20710.996,20740.996,20860.475,20876.0,20716.635,20742.031,1.035,14.96
2015-06-25,20785.996,20840.998,20710.996,20710.996,20789.09,20861.84,20721.002,20721.004,10.008,3.34
2015-06-26,20719.998,20883.998,20674.89,20848.996,20721.402,20889.0,20679.89,20850.791,1.795,13.39
2015-06-29,20125.996,20335.996,20053.996,20073.996,20136.004,20346.004,20064.004,20084.004,10.008,2.2
2015-06-30,20224.998,20383.998,20157.996,20205.996,20230.754,20394.004,20168.002,20216.004,10.008,18.1
2015-07-01,20338.998,20618.998,20330.996,20544.998,20349.002,20624.883,20338.91,20548.176,3.178,16.46
2015-07-02,20514.996,20579.996,20453.21,20506.6,20525.004,20590.004,20458.217,20511.604,5.004,20.71
2015-07-03,20541.996,20569.998,20444.6,20459.996,20552.004,20580.004,20449.6,20470.004,10.008,8.39
2015-07-06,20124.996,20367.998,20097.46,20272.996,20135.004,20378.002,20102.006,20278.195,5.199,16.67
2015-07-07,20367.998,20457.998,20083.996,20418.998,20378.002,20468.004,20094.002,20429.002,10.004,18.7
2015-07-08,19758.998,19760.998,19218.996,19283.996,19766.23,19768.633,19225.744,19290.873,6.877,18.06
2015-07-09,19833.996,19903.998,19628.996,19673.998,19840.127,19910.396,19639.002,19684.002,10.004,17.71
2015-07-10,19800.996,20138.998,19788.996,20083.996,19807.922,20149.004,19793.342,20094.004,10.008,15.6
2015-07-13,20093.998,20394.998,20063.996,20380.9,20100.59,20402.096,20074.004,20385.902,5.002,14.22
2015-07-14,20369.996,20524.998,20356.996,20504.998,20377.57,20531.83,20367.002,20515.002,10.004,16.03
2015-07-15,20459.996,20624.998,20434.998,20531.996,20470.004,20628.834,20444.469,20536.316,4.32,17.53
2015-07-16,20604.998,20704.998,20549.996,20674.998,20615.002,20710.004,20560.004,20683.271,8.273,14.31
2015-07-17,20644.998,20730.998,20621.996,20707.998,20654.924,20738.004,20630.955,20718.002,10.004,28.05
2015-07-20,20734.9,20816.729,20710.996,20785.996,20744.908,20826.734,20721.002,20793.404,7.408,17.42
2015-07-21,20837.996,20845.998,20590.996,20685.998,20848.004,20856.004,20601.002,20696.002,10.004,14.38
2015-07-22,20582.998,20665.998,20510.998,20605.998,20593.002,20686.002,20521.002,20621.002,15.004,10.42
2015-07-23,20666.996,20686.998,20495.998,20535.998,20673.281,20692.645,20506.002,20546.002,10.004,14.71
2015-07-24,20520.998,20580.998,20325.998,20355.996,20531.002,20593.004,20336.002,20366.004,10.008,12.39
2015-07-27,20342.998,20377.996,20035.996,20135.998,20353.002,20388.004,20046.002,20146.002,10.004,11.23
2015-07-28,20344.996,20392.998,20194.996,20369.998,20350.768,20400.03,20199.31,20380.002,10.004,14.54
2015-07-29,20294.996,20524.998,20278.373,20474.996,20301.871,20530.36,20286.62,20487.004,12.008,12.94
2015-07-30,20529.996,20569.996,20459.996,20546.996,20540.004,20580.004,20464.35,20555.318,8.322,12.61
2015-07-31,20564.996,20604.998,20494.62,20554.322,20575.006,20610.783,20502.002,20557.002,2.68,6.65
2015-08-03,20536.998,20560.604,20421.23,20505.053,20546.596,20570.002,20425.002,20512.004,6.951,1.76
2015-08-04,20507.322,20566.496,20418.555,20549.203,20512.002,20571.5,20420.004,20550.004,0.801,0.28
2015-08-05,20628.65,20823.535,20593.39,20754.998,20630.002,20830.004,20600.002,20763.914,8.916,2.39
2015-08-06,20662.723,20724.69,20567.438,20639.998,20670.004,20732.004,20575.002,20646.2,6.202,3.24
2015-08-07,20733.186,20746.494,20568.82,20646.996,20740.002,20752.004,20577.002,20656.54,9.544,1.8
2015-08-10,20781.996,20911.225,20731.998,20896.996,20792.004,20921.232,20742.002,20907.004,10.008,11.13
2015-08-11,20711.998,20736.998,20536.998,20626.996,20722.002,20752.004,20547.002,20647.004,20.008,15.39
2015-08-12,20376.998,20381.998,20048.996,20373.996,20387.002,20401.383,20061.08,20390.984,16.988,17.97
2015-08-13,20588.998,20663.998,20503.996,20613.998,20597.584,20677.516,20519.438,20614.799,0.801,16.12
2015-08-14,20523.996,20615.998,20473.996,20573.998,20533.564,20627.549,20486.576,20592.502,18.504,14.53
2015-08-17,20613.996,20676.998,20529.996,20664.998,20622.05,20690.443,20541.768,20676.375,11.377,15.47
2015-08-18,20534.996,20569.998,20440.996,20465.998,20556.436,20582.854,20450.781,20474.234,8.236,12.8
2015-08-19,20207.996,20345.998,20085.996,20130.088,20218.004,20356.004,20096.004,20133.002,2.914,445.31
2015-08-20,20034.547,20091.549,19645.998,19651.58,20043.002,20101.002,19653.717,19661.588,10.008,646.06
2015-08-21,19445.15,19660.996,18910.11,18922.996,19455.154,19666.797,18920.115,18931.438,8.442,722.24
2015-08-24,18571.322,18571.322,17166.596,17902.547,18581.328,18581.328,17176.604,17912.553,10.006,621.35
2015-08-25,17817.996,18552.998,17659.064,17710.928,17827.201,18561.002,17669.07,17720.934,10.006,557.95
2015-08-26,18358.305,18754.996,18122.998,18752.996,18368.312,18757.828,18133.002,18757.828,4.832,1159.39
2015-08-27,18560.475,19067.998,18533.87,19007.998,18570.482,19076.71,18543.875,19017.47,9.472,1009.78
2015-08-28,19119.527,19198.559,18959.996,19158.387,19134.531,19208.562,18969.492,19168.393,10.006,537.38
2015-08-31,18868.496,18958.64,18767.996,18787.996,18878.502,18968.648,18777.107,18798.004,10.008,681.03
2015-09-01,18174.998,18276.965,17737.996,17773.0,18184.816,18283.004,17741.922,17778.002,5.002,446.07
2015-09-02,18094.998,18318.73,18007.025,18297.36,18104.104,18325.002,18013.002,18305.004,7.644,1024.75
2015-09-03,18179.662,18410.996,18172.72,18225.326,18188.004,18416.004,18178.004,18228.004,2.678,217.99
2015-09-04,17781.65,17890.125,17501.62,17572.998,17791.658,17892.912,17511.627,17582.902,9.904,868.65
2015-09-07,17848.543,17956.04,17793.418,17831.635,17858.547,17966.045,17803.426,17841.643,10.008,343.43
2015-09-08,17430.498,18059.79,17382.998,18032.656,17440.504,18069.797,17392.197,18042.664,10.008,463.35
2015-09-09,18714.533,18741.148,18175.156,18195.227,18724.54,18751.154,18185.162,18205.232,10.005,673.35
2015-09-10,18298.172,18395.998,18114.49,18199.59,18308.178,18401.234,18119.238,18204.588,4.998,60.02
2015-09-11,18267.043,18312.049,18021.65,18182.86,18277.05,18322.055,18031.658,18192.865,10.005,835.96
2015-09-14,17978.922,18054.139,17869.996,17996.406,17988.928,18064.145,17880.002,18006.414,10.008,780.14
2015-09-15,18020.906,18279.455,17797.998,18243.297,18030.912,18289.463,17808.002,18253.303,10.006,720.32
2015-09-16,18177.332,18486.453,18154.162,18444.533,18187.34,18496.459,18168.889,18454.537,10.004,625.06
2015-09-17,18426.146,18660.38,18263.998,18297.756,18436.154,18669.91,18274.02,18307.762,10.006,596.61
2015-09-18,18070.996,18140.998,17766.543,17824.512,18081.004,18156.002,17770.004,17834.518,10.006,742.76
2015-09-21,17846.996,18118.457,17816.996,18033.973,17857.004,18123.46,17827.004,18035.002,1.029,697.9
2015-09-22,18029.025,18102.748,17499.998,17649.998,18037.002,18107.75,17510.002,17670.266,20.268,612.97
2015-09-23,17501.996,17821.996,17486.998,17698.963,17529.586,17850.057,17505.002,17708.969,10.006,478.29
2015-09-24,17592.848,17699.074,17154.998,17537.107,17602.854,17709.08,17183.557,17547.113,10.006,898.97
2015-09-25,17854.98,18127.3,17765.674,17886.242,17864.988,18137.307,17775.68,17896.248,10.006,815.32
2015-09-28,17672.996,17759.996,17269.996,17331.998,17685.158,17773.85,17283.115,17342.002,10.004,1236.3
2015-09-29,16929.998,17254.998,16914.996,17161.998,16933.3,17271.4,16928.883,17182.48,20.482,1376.58
2015-09-30,17346.998,17534.998,17259.996,17514.996,17362.002,17544.408,17263.398,17523.697,8.701,43.93
2015-10-01,17734.998,17764.21,17433.752,17617.383,17757.645,17772.004,17440.002,17627.004,9.621,8.86
2015-10-02,17715.686,17859.996,17244.027,17858.393,17717.002,17868.396,17254.035,17867.004,8.611,120.95
2015-10-05,17992.896,18419.998,17965.418,18361.996,17997.002,18432.004,17967.002,18372.004,10.008,18.38
2015-10-06,18124.998,18301.998,18044.996,18184.996,18135.002,18312.002,18055.002,18195.004,10.008,18.83
2015-10-07,18326.998,18449.998,18194.996,18346.998,18342.002,18466.395,18214.03,18367.023,20.025,23.02
2015-10-08,18121.998,18302.996,18012.996,18269.998,18133.238,18316.1,18023.457,18277.38,7.382,593.36
2015-10-09,18417.998,18451.057,18254.998,18329.883,18439.307,18456.06,18260.002,18333.004,3.121,0.66
2015-10-12,18308.658,18425.941,18264.996,18313.719,18313.66,18435.947,18274.414,18323.725,10.006,25.41
2015-10-13,18259.998,18260.693,18078.092,18112.414,18263.975,18265.7,18087.994,18118.004,5.59,359.57
2015-10-14,17897.996,18022.998,17656.727,17710.96,17899.822,18029.752,17663.002,17720.002,9.042,573.21
2015-10-15,18069.871,18248.094,17934.14,18220.16,18074.88,18258.098,17944.145,18230.166,10.006,791.39
2015-10-16,18263.328,18367.998,18237.998,18358.443,18273.334,18377.383,18246.645,18368.45,10.007,422.37
2015-10-19,18151.104,18282.998,18100.04,18272.191,18161.11,18289.764,18108.004,18280.002,7.811,8.31
2015-10-20,18209.996,18270.998,18157.271,18215.754,18219.816,18278.418,18166.004,18218.002,2.248,4.99
2015-10-21,18531.996,18589.998,18411.719,18469.996,18537.984,18593.436,18420.004,18478.979,8.983,14.52
2015-10-22,18439.998,18877.775,18418.473,18822.078,18444.914,18885.004,18427.004,18832.002,9.924,12.99
2015-10-23,18837.385,19182.654,18751.996,19139.676,18847.004,19191.945,18761.943,19149.002,9.326,14.67
2015-10-26,18942.434,19033.998,18876.996,18990.748,18949.002,19043.234,18885.566,18994.002,3.254,12.14
2015-10-27,18779.982,18881.998,18756.996,18826.996,18787.004,18899.912,18773.223,18845.678,18.682,697.53
2015-10-28,18893.998,19161.998,18864.807,19153.996,18914.555,19182.035,18872.002,19171.074,17.078,8.9
2015-10-29,18919.996,18957.998,18827.996,18929.998,18952.436,18972.69,18841.613,18946.82,16.822,16.31
2015-10-30,19084.998,19104.295,18827.998,18845.174,19106.523,19109.3,18838.002,18855.178,10.004,335.16
2015-11-02,18669.996,18961.693,18657.996,18958.756,18680.004,18968.002,18668.002,18963.002,4.246,6.14
2015-11-03,18972.996,19109.996,18918.934,19075.693,18983.004,19119.477,18923.002,19083.002,7.309,6.77
2015-11-04,18929.996,19119.998,18869.996,19084.996,18939.172,19137.105,18883.47,19097.176,12.18,13.75
2015-11-05,19114.998,19332.998,19092.996,19212.998,19131.893,19350.428,19104.727,19230.715,17.717,14.54
2015-11-06,19277.998,19491.998,19203.998,19473.996,19294.783,19501.291,19223.004,19488.414,14.418,18.39
2015-11-09,19551.996,19678.998,19326.996,19426.996,19562.004,19701.787,19342.002,19442.004,15.008,21.5
2015-11-10,19498.996,19766.998,19461.998,19706.996,19509.004,19775.055,19472.002,19717.004,10.008,20.7
2015-11-11,19666.996,19779.998,19618.998,19689.998,19677.004,19793.814,19631.158,19700.002,10.004,22.33
2015-11-12,19609.996,19724.998,19429.996,19444.998,19620.004,19735.863,19443.242,19455.002,10.004,19.77
2015-11-13,19389.998,19626.998,19384.998,19398.998,19400.002,19642.893,19395.002,19409.002,10.004,21.63
2015-11-16,19401.998,19696.998,19366.996,19696.998,19412.002,19709.2,19376.2,19709.2,12.202,22.85
2015-11-17,19668.996,19886.998,19623.996,19808.996,19679.004,19890.902,19631.578,19819.004,10.008,22.63
2015-11-18,19798.996,19961.996,19647.957,19946.998,19809.004,19972.004,19657.963,19967.002,20.004,26.43
2015-11-19,19909.998,19964.996,19759.996,19831.998,19920.002,19971.072,19768.918,19833.25,1.252,135.17
2015-11-20,19749.996,19945.996,19737.996,19925.998,19760.004,19956.004,19743.846,19936.002,10.004,857.57
2015-11-23,19955.994,20025.27,19794.566,19850.996,19966.0,20035.275,19804.57,19861.004,10.008,559.71
2015-11-24,19863.982,19973.562,19756.707,19916.998,19873.988,19983.57,19766.713,19927.002,10.004,861.04
2015-11-25,19811.996,19936.998,19786.996,19906.996,19822.004,19942.074,19797.002,19917.004,10.008,115.5
2015-11-26,19948.998,20006.998,19921.996,20000.393,19959.002,20018.092,19931.072,20010.396,10.003,214.33
2015-11-27,19963.996,19968.8,19786.996,19856.996,19974.004,19980.857,19791.521,19866.174,9.178,169.88
2015-11-30,19812.996,19876.998,19709.977,19761.996,19823.004,19882.004,19716.748,19766.654,4.658,108.63
2015-12-01,19937.832,20029.027,19904.01,19993.996,19947.004,20034.004,19912.002,20004.004,10.008,752.92
2015-12-02,19941.998,19996.996,19781.996,19826.998,19952.002,20003.223,19792.002,19837.002,10.004,202.2
2015-12-03,19928.998,19970.55,19418.998,19516.998,19939.002,19977.004,19426.326,19527.002,10.004,515.22
2015-12-04,19570.998,19744.176,19388.701,19716.996,19581.002,19752.004,19397.002,19732.004,15.008,952.5
2015-12-07,19757.998,19817.998,19623.26,19729.998,19768.002,19828.002,19628.002,19740.002,10.004,14.87
2015-12-08,19662.998,19688.96,19232.998,19394.998,19673.002,19697.26,19243.002,19405.002,10.004,22.93
2015-12-09,19419.998,19422.998,18862.998,18962.998,19430.002,19433.004,18873.002,18973.002,10.004,424.34
2015-12-10,19027.996,19152.998,18967.998,19049.996,19038.004,19163.004,18978.002,19060.004,10.008,276.73
2015-12-11,19174.998,19272.998,18602.998,18687.996,19185.002,19283.004,18616.268,18698.004,10.008,636.06
2015-12-14,18624.998,18980.998,18535.996,18827.998,18635.002,18995.652,18542.969,18838.002,10.004,729.41
2015-12-15,18812.998,18965.996,18522.54,18872.996,18823.002,18967.969,18527.541,18883.004,10.008,82.59
2015-12-16,18890.996,19406.158,18869.965,19351.926,18901.004,19412.004,18875.908,19364.004,12.078,1062.28
2015-12-17,19460.87,19549.494,19291.996,19291.996,19468.004,19554.5,19307.004,19307.004,15.008,1000.06
2015-12-18,19219.998,19905.867,18776.996,18776.996,19230.002,19910.87,18788.59,18797.004,20.008,1127.43
2015-12-21,18693.387,18979.447,18641.861,18855.996,18696.004,18986.002,18651.002,18866.004,10.008,913.06
2015-12-22,18907.998,18942.803,18702.934,18892.998,18918.002,18951.004,18708.004,18908.002,15.004,863.03
2015-12-23,18894.996,19116.336,18852.424,19097.996,18905.004,19128.004,18865.002,19108.004,10.008,585.28
2015-12-24,18999.998,19016.248,18734.19,18819.996,19010.002,19028.004,18748.002,18830.004,10.008,225.74
2015-12-28,18809.997,18939.996,18759.997,18854.996,18820.003,18950.004,18770.003,18865.004,10.008,2.03
2015-12-29,18834.682,19148.467,18824.605,19079.998,18840.002,19155.004,18832.004,19090.002,10.004,541.1
2015-12-30,19076.996,19091.615,18926.004,18944.996,19087.004,19097.004,18930.002,18955.004,10.008,506.2
2015-12-31,18894.996,18908.08,18815.996,18830.998,18905.004,18920.002,18826.002,18841.002,10.004,90.44
2016-01-04,18899.996,18946.998,18089.393,18260.998,18910.004,18957.002,18101.002,18271.002,10.004,880.08
2016-01-05,18353.996,18551.592,18143.182,18395.998,18364.004,18554.99,18149.002,18406.002,10.004,104.43
2016-01-06,18372.998,18400.998,17897.998,18007.996,18383.002,18408.975,17903.002,18023.004,15.008,20.35
2016-01-07,18087.996,18155.996,17469.354,17571.998,18098.004,18160.975,17479.361,17582.002,10.004,1509.37
2016-01-08,17616.998,17977.143,17236.908,17256.998,17627.002,17985.37,17246.914,17267.002,10.004,1468.1
2016-01-11,17184.996,17562.033,17148.867,17409.996,17195.004,17568.004,17158.873,17420.004,10.008,1023.69
2016-01-12,17467.998,17512.998,17092.559,17399.996,17478.002,17523.002,17102.564,17410.004,10.008,1551.89
2016-01-13,17564.996,17742.998,17172.996,17224.998,17575.004,17750.002,17181.201,17235.002,10.004,41.94
2016-01-14,17082.998,17582.998,16927.998,17477.996,17093.002,17593.002,16934.936,17488.004,10.008,1466.78
2016-01-15,17362.996,17434.57,16574.328,16747.998,17373.004,17443.004,16580.002,16758.002,10.004,1723.96
2016-01-18,16817.998,17032.16,16764.998,16854.514,16828.002,17035.004,16773.004,16864.52,10.006,850.06
2016-01-19,17032.998,17286.537,16757.1,17028.996,17043.002,17293.004,16767.105,17039.004,10.008,1359.86
2016-01-20,16903.998,16906.996,15939.868,16339.997,16914.002,16917.004,15948.002,16350.003,10.006,1846.96
2016-01-21,16612.996,16783.514,15794.558,16377.998,16623.004,16793.521,15804.562,16388.002,10.004,1891.47
2016-01-22,16502.996,17272.998,16457.996,17242.996,16513.004,17281.855,16468.002,17253.004,10.008,42.19
2016-01-25,16997.496,17210.781,16800.129,16807.498,17007.504,17217.504,16807.502,16817.502,10.004,47.57
2016-01-26,16769.996,17102.496,16542.496,17072.496,16780.004,17108.412,16546.652,17082.504,10.008,34.89
2016-01-27,17194.996,17402.498,16962.496,17077.498,17205.004,17412.504,16967.766,17087.502,10.004,28.96
2016-01-28,17019.996,17276.496,16976.23,17106.496,17030.004,17286.504,16978.61,17116.504,10.008,29.74
2016-01-29,16937.496,17871.746,16745.691,17860.496,16947.504,17881.752,16755.002,17870.504,10.008,1251.25
2016-02-01,17727.498,17906.24,17604.998,17747.498,17737.502,17913.37,17612.502,17757.502,10.004,144.96
2016-02-02,17792.498,17871.912,17359.998,17452.496,17802.502,17877.504,17377.812,17469.934,17.438,625.52
2016-02-03,17212.498,17337.496,16617.496,16949.996,17222.502,17352.586,16637.076,16960.705,10.709,39.23
2016-02-04,16937.496,17202.498,16697.496,16817.492,16947.504,17220.697,16708.01,16827.502,10.01,37.51
2016-02-05,16779.996,16882.498,16477.496,16542.496,16790.004,16895.986,16493.494,16552.504,10.008,34.0
2016-02-08,16609.998,17087.496,16207.497,16417.496,16620.002,17095.617,16216.911,16427.504,10.008,35.87
2016-02-09,16249.997,16379.998,15832.497,16112.498,16260.003,16387.982,15837.26,16122.502,10.004,114.9
2016-02-10,15909.997,16107.498,15419.997,15587.497,15920.003,16117.503,15428.335,15597.503,10.006,859.34
2016-02-11,15389.997,15512.498,15021.784,15229.998,15400.003,15519.144,15031.791,15245.002,15.004,1540.98
2016-02-12,15112.497,15491.061,14776.924,15477.498,15122.503,15507.503,14780.003,15487.502,10.004,1453.38
2016-02-15,15502.497,16157.432,15493.372,15934.902,15512.503,16162.502,15505.002,15944.909,10.007,995.49
2016-02-16,15987.497,16340.807,15734.997,15922.497,15997.503,16342.503,15745.002,15932.503,10.006,847.56
2016-02-17,16172.497,16186.974,15614.998,16037.497,16182.503,16196.981,15622.502,16047.503,10.006,181.85
2016-02-18,16179.997,16332.497,15917.498,15949.998,16190.003,16345.002,15927.502,15960.002,10.004,1139.96
2016-02-19,15864.997,16042.274,15737.497,15799.997,15875.003,16050.173,15747.502,15810.003,10.006,860.8
2016-02-22,16087.498,16287.523,16027.77,16199.997,16097.502,16297.53,16035.003,16210.003,10.006,512.66
2016-02-23,16207.497,16207.497,15821.771,15848.498,16217.503,16217.503,15831.776,15858.502,10.004,1226.51
2016-02-24,15858.497,16066.777,15522.998,15930.498,15868.503,16076.002,15533.002,15940.502,10.004,933.13
2016-02-25,16060.498,16247.569,15920.498,16240.497,16070.502,16250.503,15930.502,16250.503,10.006,1002.54
2016-02-26,16407.996,16533.06,16185.497,16326.426,16418.004,16535.504,16195.324,16336.431,10.005,1195.31
2016-02-29,16392.996,16412.744,15890.6,15957.997,16403.004,16420.502,15900.502,15968.003,10.006,1210.53
2016-03-01,15952.998,16588.496,15847.998,16538.498,15963.002,16597.209,15852.373,16548.502,10.004,520.37
2016-03-02,16538.496,16823.496,16537.768,16693.496,16548.504,16832.72,16543.502,16703.504,10.008,686.8
2016-03-03,16918.496,16983.498,16758.498,16850.998,16928.504,16995.877,16768.502,16861.002,10.004,778.47
2016-03-04,16918.496,17172.402,16878.496,17058.498,16928.504,17178.502,16888.504,17068.502,10.004,116.5
2016-03-07,16913.945,16972.498,16757.498,16854.996,16923.951,16985.375,16778.29,16865.004,10.008,170.75
2016-03-08,16712.998,16867.629,16565.498,16642.496,16723.002,16877.635,16572.691,16652.504,10.008,58.89
2016-03-09,16532.496,16821.498,16488.08,16793.996,16542.504,16827.752,16496.28,16804.004,10.008,15.23
2016-03-10,16756.498,17169.13,16452.422,16678.996,16766.502,17176.502,16462.426,16689.004,10.008,194.2
2016-03-11,16706.498,17205.955,16613.66,17200.846,16716.502,17211.502,16623.668,17210.85,10.004,1219.56
2016-03-14,17221.498,17308.73,17166.496,17250.94,17231.502,17316.502,17172.26,17260.947,10.007,83.65
2016-03-15,17241.498,17290.883,16871.496,16990.717,17251.502,17299.004,16880.016,17000.72,10.003,32.98
2016-03-16,17071.496,17085.197,16875.496,16949.363,17081.504,17091.504,16885.502,16959.37,10.007,62.04
2016-03-17,17207.998,17247.639,16555.496,16884.504,17218.002,17257.645,16565.502,16894.51,10.006,188.54
2016-03-18,16642.998,16797.799,16560.496,16779.527,16653.002,16807.803,16570.502,16789.533,10.006,102.99
2016-03-21,16661.496,16899.965,16626.496,16886.074,16671.504,16909.973,16636.502,16896.08,10.006,105.34
2016-03-22,17021.496,17101.174,16776.496,17019.996,17031.504,17107.504,16786.502,17060.004,40.008,126.37
2016-03-23,17027.498,17099.824,16870.496,16912.385,17037.502,17105.004,16880.504,16922.39,10.005,56.15
2016-03-24,16870.496,17039.594,16715.13,16890.879,16880.504,17045.504,16720.502,16900.887,10.008,26.11
2016-03-28,17127.996,17143.783,16950.498,17070.496,17138.004,17152.607,16958.805,17080.504,10.008,8.76
2016-03-29,16990.998,17129.373,16924.498,17011.998,17001.002,17133.504,16934.502,17022.002,10.004,32.49
2016-03-30,16994.498,17063.197,16852.62,16983.496,17004.502,17073.203,16859.502,16993.504,10.008,81.08
2016-03-31,16953.998,16968.145,16708.496,16743.498,16964.002,16971.504,16718.502,16753.502,10.004,81.06
2016-04-01,16408.498,16478.598,16086.657,16134.997,16418.502,16483.502,16092.502,16145.003,10.006,12.87
2016-04-04,16122.966,16219.997,16012.497,16072.498,16125.003,16235.557,16038.542,16082.502,10.004,13.51
2016-04-05,15862.497,15912.498,15532.497,15587.498,15873.368,15922.003,15542.503,15607.838,20.34,17.43
2016-04-06,15657.498,15811.498,15551.497,15736.497,15679.078,15827.771,15569.974,15746.503,10.006,25.32
2016-04-07,15768.997,15841.498,15322.497,15414.998,15780.115,15857.483,15331.373,15425.002,10.004,27.15
2016-04-08,15527.497,16017.497,15509.997,15777.498,15551.199,16035.95,15518.191,15787.502,10.004,26.96
2016-04-11,15617.498,15892.498,15512.497,15697.498,15623.316,15904.136,15522.176,15707.502,10.004,25.8
2016-04-12,15859.998,16127.498,15794.998,16049.997,15875.292,16141.09,15807.4,16060.003,10.006,23.27
2016-04-13,16162.498,16657.498,16142.498,16619.996,16176.584,16679.049,16155.395,16630.004,10.008,872.71
2016-04-14,16697.498,16912.496,16697.496,16772.496,16714.766,16928.55,16712.336,16782.504,10.008,1033.74
2016-04-15,16867.998,16925.496,16595.104,16602.998,16879.082,16936.232,16599.707,16613.002,10.004,158.46
2016-04-18,16337.997,16678.496,16243.497,16658.496,16350.952,16696.793,16252.823,16668.504,10.008,51.92
2016-04-19,16858.496,17145.496,16778.498,17035.496,16870.924,17157.05,16788.984,17045.504,10.008,21.91
2016-04-20,17010.498,17320.498,16850.496,17227.996,17020.758,17326.729,16857.264,17238.004,10.008,24.23
2016-04-21,17221.498,17411.498,17171.496,17220.996,17231.262,17421.504,17184.195,17231.004,10.008,25.92
2016-04-22,17291.498,17769.498,17246.498,17734.498,17301.502,17778.53,17255.082,17740.72,6.222,23.26
2016-04-25,17482.164,17517.938,17329.637,17454.072,17489.502,17524.504,17334.502,17454.871,0.799,4.27
2016-04-26,17376.744,17504.498,17194.496,17494.496,17384.502,17511.072,17209.865,17504.504,10.008,20.72
2016-04-27,17331.998,17505.139,17229.496,17494.496,17343.64,17514.502,17237.002,17504.504,10.008,14.39
2016-04-28,17499.496,17574.498,16116.997,16224.497,17508.662,17581.96,16125.561,16234.503,10.006,30.78
2016-04-29,16216.497,16283.998,15829.275,15846.497,16233.318,16294.704,15838.671,15856.503,10.006,53.4
2016-05-02,16036.498,16178.998,16016.498,16117.997,16045.226,16196.15,16031.502,16138.411,20.414,10.54
2016-05-03,16017.997,16057.997,15825.673,15932.497,16028.003,16077.124,15830.502,15942.503,10.006,369.9
2016-05-04,15979.997,16085.026,15814.541,15886.998,15986.095,16092.502,15824.502,15897.002,10.004,29.85
2016-05-05,16001.327,16127.075,15931.997,16069.498,16009.502,16132.002,15942.003,16079.502,10.004,22.51
2016-05-06,16086.707,16114.755,15837.311,16074.498,16094.502,16119.502,15844.502,16094.635,20.137,18.66
2016-05-09,16209.498,16416.998,16127.497,16256.997,16219.502,16429.848,16137.502,16267.003,10.006,16.33
2016-05-10,16266.997,16794.498,16244.497,16794.496,16284.034,16815.367,16260.545,16804.504,10.008,23.56
2016-05-11,16794.496,16809.498,16419.496,16419.498,16808.857,16823.299,16429.502,16429.502,10.004,22.09
2016-05-12,16451.498,16783.996,16421.496,16628.996,16461.502,16794.004,16431.502,16639.004,10.008,24.21
2016-05-13,16533.498,16547.498,16301.498,16364.997,16542.414,16558.535,16314.614,16375.003,10.006,26.28
2016-05-16,16604.996,16671.496,16403.996,16631.496,16622.148,16678.658,16415.29,16641.504,10.008,424.43
2016-05-17,16541.498,16781.498,16526.129,16543.498,16550.62,16789.062,16533.502,16553.502,10.004,99.23
2016-05-18,16553.994,16793.725,16505.518,16735.496,16563.502,16801.002,16513.502,16745.504,10.008,995.48
2016-05-19,16732.47,16743.562,16479.498,16576.998,16740.502,16753.004,16484.502,16587.002,10.004,1121.83
2016-05-20,16653.469,16809.426,16619.33,16721.496,16662.004,16816.504,16624.502,16731.504,10.008,877.02
2016-05-23,16516.262,16683.24,16404.658,16506.498,16529.002,16686.502,16419.002,16516.502,10.004,915.25
2016-05-24,16528.857,16796.447,16463.676,16766.496,16534.004,16806.502,16471.502,16776.504,10.008,815.96
2016-05-25,16758.344,16988.633,16738.008,16926.496,16771.502,16996.504,16746.504,16936.504,10.008,844.63
2016-05-26,16861.648,16904.559,16729.271,16863.814,16871.502,16916.502,16736.502,16866.502,2.688,843.96
2016-05-27,16868.656,16910.693,16758.44,16905.879,16881.504,16921.504,16766.502,16921.504,15.625,705.58
2016-05-30,16925.178,17096.555,16916.203,17056.258,16931.502,17101.504,16921.502,17066.504,10.246,394.66
2016-05-31,17050.81,17254.068,16997.457,17071.996,17056.504,17262.973,17009.502,17082.004,10.008,856.83
2016-06-01,17071.662,17146.611,16743.496,16801.498,17079.504,17154.502,16746.504,16811.502,10.004,1016.0
2016-06-02,16660.105,16700.516,16433.924,16601.496,16666.502,16709.004,16446.502,16611.504,10.008,1022.93
2016-06-03,16638.504,16699.846,16254.9,16336.498,16644.002,16709.742,16261.502,16346.502,10.004,985.25
2016-06-06,16402.984,16681.463,16384.984,16646.496,16411.504,16686.809,16394.002,16656.504,10.008,892.93
2016-06-07,16581.803,16842.56,16557.887,16711.496,16589.002,16852.564,16566.502,16721.504,10.008,785.69
2016-06-08,16727.36,16851.113,16570.764,16771.496,16734.002,16859.883,16576.502,16781.504,10.008,514.55
2016-06-09,16699.861,16718.998,16491.498,16632.615,16706.504,16726.607,16501.502,16642.621,10.006,747.98
2016-06-10,16592.18,16607.498,16222.956,16309.915,16592.98,16616.479,16226.502,16319.92,10.005,780.69
2016-06-13,16171.828,16187.505,15909.497,15934.497,16176.502,16196.503,15919.502,15944.503,10.006,1045.94
2016-06-14,15847.002,15900.0,15669.497,15814.497,15847.003,15900.78,15679.502,15824.503,10.006,782.18
2016-06-15,15805.042,16019.497,15802.059,15950.497,15810.502,16025.12,15805.502,15960.503,10.006,946.82
2016-06-16,15789.583,15798.441,15260.497,15585.497,15795.502,15805.503,15270.502,15595.503,10.006,925.28
2016-06-17,15739.141,15776.11,15446.27,15573.498,15749.148,15786.117,15453.502,15583.502,10.004,820.1
2016-06-20,15966.882,16091.934,15837.497,15867.498,15973.503,16101.939,15847.503,15877.502,10.004,795.26
2016-06-21,15914.997,16278.498,15907.497,16135.997,15925.003,16288.503,15917.502,16146.003,10.006,510.89
2016-06-22,16010.292,16183.117,15963.497,15983.498,16013.502,16193.122,15972.263,15993.502,10.004,478.07
2016-06-23,16110.997,16554.02,16082.353,16517.496,16113.133,16564.027,16091.279,16527.504,10.008,948.21
2016-06-24,16227.43,16284.997,14813.241,15174.998,16230.003,16291.038,14823.245,15185.002,10.004,1256.0
2016-06-27,15163.379,15421.763,15031.833,15251.115,15172.502,15431.768,15041.84,15261.122,10.007,1226.79
2016-06-28,14997.732,15573.867,14966.584,15552.498,15007.503,15583.872,14975.003,15562.502,10.004,628.98
2016-06-29,15377.049,15768.174,15375.333,15745.396,15380.002,15778.181,15377.502,15755.401,10.005,919.36
2016-06-30,15700.682,15767.734,15473.033,15738.497,15702.003,15773.503,15474.503,15748.503,10.006,932.91
2016-07-01,15674.452,15750.514,15545.997,15563.498,15676.003,15760.521,15553.502,15573.502,10.004,720.26
2016-07-04,15640.998,15798.497,15633.497,15719.407,15651.002,15808.503,15643.503,15729.412,10.005,198.58
2016-07-05,15666.8,15674.265,15372.497,15415.64,15675.003,15682.503,15380.003,15417.502,1.862,805.79
2016-07-06,15336.505,15409.969,15111.513,15349.997,15345.003,15419.393,15112.502,15360.003,10.006,981.88
2016-07-07,15315.491,15373.674,15232.498,15301.165,15325.002,15382.503,15235.146,15311.17,10.005,848.5
2016-07-08,15361.731,15399.992,15095.868,15344.497,15370.003,15409.997,15102.502,15354.503,10.006,900.1
2016-07-11,15557.521,16150.182,15553.499,16088.498,15567.003,16158.503,15559.502,16098.502,10.004,802.38
2016-07-12,16214.696,16575.998,16065.623,16528.498,16223.503,16582.664,16075.231,16538.502,10.004,180.03
2016-07-13,16413.496,16500.998,16192.781,16349.116,16422.203,16504.736,16202.672,16359.121,10.005,605.14
2016-07-14,16257.133,16640.662,16242.188,16538.498,16258.503,16649.457,16243.503,16548.502,10.004,925.02
2016-07-15,16455.342,16623.28,16436.312,16543.498,16458.502,16633.057,16443.502,16553.502,10.004,924.61
2016-07-18,16556.826,16661.729,16490.996,16628.496,16563.504,16667.205,16498.502,16638.504,10.008,636.13
2016-07-19,16529.752,16734.73,16503.09,16613.496,16536.002,16744.736,16508.502,16623.504,10.008,846.56
2016-07-20,16572.76,16878.014,16538.498,16859.496,16578.502,16887.861,16548.502,16869.504,10.008,625.08
2016-07-21,16902.191,16933.771,16469.498,16551.996,16909.504,16939.676,16479.502,16562.004,10.008,800.35
2016-07-22,16630.973,16696.068,16544.496,16619.496,16634.502,16704.504,16554.504,16629.504,10.008,251.91
2016-07-25,16683.703,16768.678,16529.08,16558.496,16684.504,16775.15,16538.502,16568.504,10.008,395.59
2016-07-26,16358.497,16467.982,16243.498,16404.496,16365.475,16476.002,16253.502,16413.172,8.676,751.37
2016-07-27,16564.498,16837.182,16549.496,16609.496,16574.492,16844.504,16558.904,16619.504,10.008,872.92
2016-07-28,16486.998,16619.498,16384.498,16569.496,16494.062,16628.344,16389.502,16579.504,10.008,693.31
2016-07-29,16436.998,16694.115,16024.497,16299.498,16437.799,16727.002,16034.503,16309.502,10.004,313.1
2016-08-01,16456.998,16664.047,16379.497,16429.498,16467.002,16670.018,16389.502,16439.502,10.004,257.12
2016-08-02,16461.996,16528.715,15987.497,16087.498,16472.004,16535.662,15997.502,16097.502,10.004,206.32
2016-08-03,16160.848,16263.954,15947.497,16058.497,16165.003,16267.682,15957.502,16068.503,10.006,268.91
2016-08-04,16132.164,16251.674,15897.769,16233.498,16136.002,16261.678,15906.002,16243.502,10.004,357.0
2016-08-05,16288.497,16487.502,16179.497,16411.996,16297.919,16497.51,16189.502,16422.004,10.008,519.21
2016-08-08,16578.703,16729.314,16534.496,16644.496,16579.504,16730.115,16544.502,16654.504,10.008,154.94
2016-08-09,16643.504,16759.207,16609.496,16673.498,16644.502,16764.504,16619.502,16683.502,10.004,298.56
2016-08-10,16676.645,16822.436,16648.496,16668.498,16678.502,16830.322,16658.502,16678.502,10.004,561.15
2016-08-11,16643.498,16924.322,16628.496,16875.709,16652.809,16932.18,16638.502,16879.502,3.793,414.99
2016-08-12,16864.496,16934.498,16773.496,16808.143,16872.408,16942.076,16783.504,16818.148,10.005,551.78
2016-08-15,16888.268,16935.11,16823.496,16878.496,16896.004,16938.502,16833.502,16888.504,10.008,407.73
2016-08-16,16837.385,16837.385,16513.496,16563.496,16841.002,16844.81,16523.502,16573.504,10.008,467.82
2016-08-17,16674.498,16750.998,16547.496,16647.498,16681.004,16761.004,16557.502,16657.502,10.004,461.21
2016-08-18,16663.21,16732.342,16473.158,16532.498,16670.004,16737.504,16480.002,16542.502,10.004,625.79
2016-08-19,16560.943,16605.28,16407.496,16477.498,16567.504,16612.504,16417.502,16487.502,10.004,370.56
2016-08-22,16551.365,16632.238,16486.496,16547.303,16560.004,16641.854,16496.502,16557.307,10.004,667.05
2016-08-23,16523.998,16653.096,16441.498,16546.498,16532.24,16656.504,16451.479,16556.502,10.004,489.76
2016-08-24,16618.766,16623.537,16506.496,16563.998,16628.771,16631.504,16516.502,16574.002,10.004,646.27
2016-08-25,16539.805,16655.418,16476.498,16496.469,16546.504,16661.504,16486.502,16506.531,10.062,707.12
2016-08-26,16376.469,16591.514,16331.469,16583.469,16384.904,16598.531,16339.412,16593.531,10.062,390.28
2016-08-29,16709.227,16773.47,16683.46,16718.47,16718.531,16783.502,16692.996,16728.53,10.06,279.78
2016-08-30,16713.469,16875.87,16704.633,16845.969,16721.277,16885.793,16713.531,16856.031,10.062,472.46
2016-08-31,16865.543,16915.65,16806.629,16903.469,16873.531,16923.531,16811.03,16913.531,10.062,693.9
2016-09-01,16912.611,17062.818,16873.07,16955.969,16918.53,17071.031,16881.03,16966.031,10.062,785.66
2016-09-02,16903.47,17159.902,16846.875,17113.469,16912.682,17168.531,16853.53,17123.531,10.062,844.6
2016-09-05,17118.2,17150.088,17000.898,17025.28,17123.53,17153.531,17008.53,17028.531,3.251,439.78
2016-09-06,17070.135,17098.97,16899.746,16938.97,17073.53,17107.229,16906.53,16949.03,10.06,366.95
2016-09-07,16936.47,17024.707,16921.242,16953.969,16943.852,17031.775,16922.646,16964.031,10.062,411.65
2016-09-08,16967.016,17002.506,16822.469,16991.816,16977.088,17012.588,16831.768,17001.898,10.082,737.23
2016-09-09,16907.469,16997.92,16782.47,16782.47,16917.316,17007.98,16792.53,16792.53,10.06,899.86
2016-09-12,16776.578,16783.463,16514.674,16769.97,16786.66,16792.531,16517.53,16780.03,10.06,737.45
2016-09-13,16699.094,16758.809,16517.47,16644.93,16705.031,16762.531,16520.031,16655.004,10.074,629.25
2016-09-14,16620.152,16713.553,16427.969,16485.469,16630.225,16723.635,16438.03,16495.531,10.062,534.9
2016-09-15,16420.521,16530.44,16340.47,16519.977,16423.031,16540.512,16345.53,16530.049,10.072,566.54
2016-09-16,16450.217,16528.176,16335.469,16379.921,16460.29,16538.258,16348.03,16389.99,10.069,557.99
2016-09-19,16401.771,16470.426,16322.97,16357.639,16411.852,16480.51,16333.03,16367.7,10.061,357.9
2016-09-20,16468.232,16578.146,16412.969,16442.97,16478.312,16588.209,16423.031,16453.03,10.06,486.13
2016-09-21,16436.594,16858.557,16337.969,16597.47,16446.654,16868.627,16353.03,16607.53,10.06,497.59
2016-09-22,16634.338,16941.062,16607.469,16857.47,16644.42,16951.145,16617.531,16867.53,10.06,280.25
2016-09-23,16737.969,16791.51,16640.47,16690.857,16763.285,16803.963,16650.53,16700.92,10.063,340.54
2016-09-26,16620.469,16637.39,16350.469,16395.795,16647.285,16647.713,16365.53,16405.867,10.072,291.44
2016-09-27,16285.47,16690.275,16267.97,16599.559,16310.506,16700.34,16295.169,16609.629,10.07,349.89
2016-09-28,16450.469,16542.21,16357.969,16525.47,16465.033,16555.68,16374.156,16552.414,26.944,76.41
2016-09-29,16659.473,16739.191,16440.469,16521.686,16669.533,16754.598,16468.848,16531.758,10.072,126.73
2016-09-30,16405.47,16594.703,16310.469,16545.469,16418.7,16605.492,16325.388,16570.506,25.037,74.39
2016-10-03,16575.469,16639.482,16515.469,16606.469,16591.781,16650.31,16525.53,16616.531,10.062,155.25
2016-10-04,16711.47,16858.395,16666.469,16723.97,16721.53,16873.086,16676.53,16750.2,26.23,60.05
2016-10-05,16751.469,16981.326,16726.47,16943.969,16767.441,16991.7,16751.07,16954.031,10.062,114.48
2016-10-06,16936.469,16956.904,16823.969,16931.47,16952.143,16969.469,16840.49,16941.53,10.06,109.37
2016-10-07,16861.469,16891.47,16726.47,16776.469,16875.244,16909.93,16746.76,16795.215,18.746,67.82
2016-10-10,16801.469,16994.062,16751.469,16951.469,16819.861,17007.553,16770.06,16971.934,20.465,130.74
2016-10-11,17026.469,17069.172,16811.469,16866.47,17048.072,17079.756,16824.861,16880.627,14.157,99.7
2016-10-12,16931.469,16986.47,16823.318,16966.469,16938.156,16996.531,16831.693,16976.531,10.062,145.17
2016-10-13,16961.469,16961.469,16641.37,16773.87,16971.531,16971.531,16659.943,16783.93,10.06,12.02
2016-10-14,16741.37,16961.37,16736.37,16878.87,16761.568,16980.596,16753.514,16888.93,10.06,16.09
2016-10-17,16911.37,16916.37,16806.37,16826.37,16929.59,16933.74,16827.414,16849.83,23.46,20.14
2016-10-18,16866.37,17001.37,16866.37,16946.37,16886.19,17016.438,16886.19,16961.676,15.306,38.3
2016-10-19,16931.37,17003.87,16916.37,16978.469,16949.234,17022.225,16937.281,16988.531,10.062,29.67
2016-10-20,17138.47,17283.47,17115.969,17258.47,17150.262,17295.15,17125.688,17268.53,10.06,22.69
2016-10-21,17258.47,17293.47,17118.469,17240.969,17273.78,17307.654,17133.658,17251.031,10.062,25.84
2016-10-24,17188.47,17358.47,17158.47,17330.97,17200.996,17367.814,17172.87,17341.03,10.06,48.8
2016-10-25,17365.97,17423.469,17323.469,17338.47,17376.088,17430.783,17333.896,17348.53,10.06,32.95
2016-10-26,17313.47,17378.47,17255.969,17353.47,17328.459,17397.033,17275.264,17363.53,10.06,28.07
2016-10-27,17365.969,17486.47,17270.969,17456.47,17389.633,17494.275,17288.201,17466.53,10.06,24.07
2016-10-28,17436.469,17490.803,17338.078,17389.977,17448.568,17500.877,17348.15,17400.049,10.072,361.94
2016-10-31,17368.969,17457.146,17325.752,17393.713,17379.031,17467.227,17335.822,17403.773,10.06,412.3
2016-11-01,17353.969,17480.877,17148.568,17236.469,17374.031,17490.947,17158.64,17245.727,9.258,547.59
2016-11-02,17256.469,17260.307,16949.682,17011.47,17266.531,17270.37,16959.523,17021.273,9.803,333.23
2016-11-03,17091.803,17102.473,16916.469,16974.135,17101.873,17112.545,16925.65,16984.207,10.072,234.74
2016-11-04,16857.998,16941.469,16803.97,16843.969,16868.082,16944.4,16811.965,16851.203,7.234,129.72
2016-11-07,17086.47,17281.47,17076.469,17273.97,17096.53,17287.074,17081.441,17284.03,10.06,153.37
2016-11-08,17196.47,17376.47,17107.555,17313.97,17202.78,17382.568,17117.627,17324.03,10.06,61.76
2016-11-09,17392.969,17437.895,16098.743,17185.47,17403.031,17447.967,16108.816,17195.53,10.06,576.66
2016-11-10,17187.97,17560.97,17145.469,17493.469,17198.03,17581.03,17164.041,17503.531,10.062,412.25
2016-11-11,17543.96,17573.47,17268.08,17438.469,17554.033,17580.912,17278.164,17448.531,10.062,509.77
2016-11-14,17635.97,17735.88,17576.855,17713.469,17646.03,17745.95,17586.928,17723.531,10.062,535.44
2016-11-15,17641.031,17877.719,17607.441,17864.47,17651.104,17887.78,17617.504,17874.53,10.06,533.92
2016-11-16,17854.469,17944.469,17784.17,17786.969,17864.531,17950.951,17789.156,17797.031,10.062,90.41
2016-11-17,17781.97,18106.969,17774.094,18104.469,17792.03,18114.883,17783.28,18114.531,10.062,293.46
2016-11-18,18009.469,18039.469,17917.26,18016.97,18019.531,18047.793,17927.33,18027.03,10.06,519.18
2016-11-21,18049.47,18159.469,18014.47,18149.469,18059.53,18167.947,18024.055,18159.531,10.062,538.25
2016-11-22,18099.469,18241.47,18064.469,18206.47,18109.531,18250.799,18080.096,18216.53,10.06,382.52
2016-11-23,18188.97,18446.232,18148.223,18433.97,18199.03,18456.297,18158.295,18444.03,10.06,321.6
2016-11-24,18332.338,18461.47,18321.785,18424.012,18342.41,18469.7,18331.867,18434.094,10.082,203.04
2016-11-25,18442.152,18483.1,18265.05,18379.643,18452.227,18493.172,18275.111,18389.713,10.07,340.95
2016-11-28,18255.969,18371.03,18208.47,18274.842,18266.031,18381.1,18216.832,18284.912,10.07,435.91
2016-11-29,18290.396,18443.47,18273.469,18345.97,18300.469,18455.855,18284.521,18356.03,10.06,723.66
2016-11-30,18320.969,18656.47,18281.469,18606.469,18331.031,18670.73,18290.729,18616.531,10.062,506.06
2016-12-01,18621.47,18741.47,18386.47,18411.469,18638.113,18752.053,18398.795,18421.531,10.062,490.73
2016-12-02,18401.469,18428.97,18246.469,18356.47,18411.531,18442.033,18256.975,18366.53,10.06,338.47
2016-12-05,18326.47,18556.469,18223.969,18396.469,18336.53,18572.02,18231.766,18406.531,10.062,627.02
2016-12-06,18418.47,18473.47,18308.469,18453.469,18430.246,18480.322,18323.17,18463.531,10.062,445.95
2016-12-07,18465.969,18661.47,18405.969,18641.47,18476.031,18676.299,18421.05,18651.53,10.06,364.57
2016-12-08,18677.97,18907.97,18600.469,18840.47,18691.854,18924.803,18618.33,18850.53,10.06,673.26
2016-12-09,18890.47,19222.627,18872.969,19215.469,18900.53,19243.121,18890.398,19237.855,22.386,622.45
2016-12-12,19253.969,19271.47,19053.969,19093.97,19264.031,19285.256,19070.236,19104.03,10.06,680.44
2016-12-13,19141.469,19346.47,19091.47,19306.469,19151.531,19354.799,19111.29,19316.531,10.062,377.98
2016-12-14,19223.97,19456.47,19161.469,19353.969,19234.03,19475.428,19173.172,19364.031,10.062,665.6
2016-12-15,19308.97,19541.47,19163.97,19486.469,19319.03,19555.334,19178.932,19496.531,10.062,896.33
2016-12-16,19391.469,19451.47,19272.469,19334.969,19401.531,19465.338,19283.229,19345.031,10.062,499.11
2016-12-19,19347.47,19452.47,19302.47,19415.469,19357.53,19472.06,19320.773,19425.531,10.062,380.95
2016-12-20,19402.469,19652.47,19372.469,19574.47,19412.531,19669.986,19392.453,19584.53,10.06,252.79
2016-12-21,19574.47,19589.47,19375.469,19455.47,19584.53,19600.15,19382.28,19465.53,10.06,356.55
2016-12-22,19375.469,19440.47,19340.469,19420.469,19385.531,19454.043,19357.195,19430.531,10.062,410.31
2016-12-23,19430.47,19477.969,19385.47,19425.469,19440.53,19495.023,19402.668,19435.531,10.062,214.95
2016-12-27,19420.469,19480.47,19375.469,19425.469,19430.531,19498.658,19393.98,19435.531,10.062,309.64
2016-12-28,19388.469,19481.041,19308.469,19330.97,19404.244,19493.863,19324.615,19340.338,9.368,361.5
2016-12-29,19243.469,19248.47,18938.469,19018.469,19253.531,19262.398,18947.217,19028.531,10.062,195.63
2016-12-30,19017.969,19180.47,18992.97,19050.469,19028.031,19196.68,19010.271,19060.531,10.062,446.54
2017-01-03,19185.47,19430.47,19150.469,19310.47,19195.53,19446.701,19160.53,19329.896,19.426,225.83
2017-01-04,19440.469,19670.469,19430.469,19645.47,19450.531,19692.732,19447.072,19669.096,23.626,289.55
2017-01-05,19549.969,19582.47,19374.969,19437.469,19560.031,19597.623,19389.482,19447.531,10.062,508.66
2017-01-06,19427.469,19625.564,19392.469,19594.969,19437.531,19646.014,19402.104,19605.031,10.062,609.96
2017-01-09,19612.47,19697.47,19407.469,19432.469,19631.115,19719.37,19427.531,19442.531,10.062,331.23
2017-01-10,19374.969,19477.47,19242.47,19319.969,19396.84,19495.979,19263.125,19330.031,10.062,701.23
2017-01-11,19369.97,19512.47,19124.97,19342.47,19380.03,19526.277,19143.508,19352.53,10.06,639.67
2017-01-12,19127.47,19212.47,18952.469,19179.969,19137.53,19227.277,18969.146,19195.025,15.056,743.0
2017-01-13,19214.969,19377.47,19192.469,19267.47,19225.031,19389.62,19211.635,19289.486,22.016,524.59
2017-01-16,19199.97,19207.469,19037.469,19052.47,19210.03,19219.918,19050.523,19065.055,12.585,275.45
2017-01-17,18907.469,19032.47,18667.469,18734.969,18917.531,19055.174,18675.96,18745.031,10.062,816.07
2017-01-18,18652.47,18997.47,18642.469,18994.97,18662.53,19013.69,18658.781,19005.03,10.06,632.46
2017-01-19,19089.969,19182.47,18972.47,19049.969,19100.031,19196.28,18981.99,19060.031,10.062,648.12
2017-01-20,19112.469,19277.47,19034.969,19142.469,19122.531,19297.406,19050.07,19152.531,10.062,714.48
2017-01-23,18924.969,19017.47,18792.469,18882.47,18935.031,19036.225,18803.367,18892.53,10.06,633.42
2017-01-24,18834.969,19077.47,18772.469,19047.47,18845.031,19095.389,18783.53,19057.53,10.06,621.77
2017-01-25,19045.469,19285.47,18977.969,19215.469,19055.531,19299.479,18991.822,19225.531,10.062,499.29
2017-01-26,19285.469,19565.47,19285.469,19485.469,19295.531,19583.11,19295.531,19503.932,18.463,357.22
2017-01-27,19457.969,19555.47,19400.469,19465.469,19468.031,19573.742,19413.504,19475.531,10.062,504.91
2017-01-30,19333.955,19398.173,19067.723,19145.469,19343.956,19408.184,19077.743,19167.535,22.066,638.85
2017-01-31,19160.469,19185.47,18817.969,18990.469,19170.531,19203.764,18831.076,19000.531,10.062,606.87
2017-02-01,19012.969,19285.47,18987.969,19160.469,19023.031,19303.639,19006.135,19170.531,10.062,538.35
2017-02-02,19062.47,19102.47,18860.469,19062.97,19072.53,19113.562,18869.467,19073.03,10.06,509.84
2017-02-03,19012.97,19105.97,18815.469,19070.469,19023.03,19113.52,18822.738,19080.531,10.062,255.5
2017-02-06,18935.47,19034.97,18795.469,18872.97,18945.53,19042.893,18812.01,18883.03,10.06,703.22
2017-02-07,18815.469,18975.213,18812.969,18940.469,18825.531,18988.445,18820.531,18957.674,17.205,592.26
2017-02-08,18942.97,19045.47,18860.469,18950.469,18953.03,19061.336,18881.023,18970.725,20.256,464.57
2017-02-09,18899.969,19212.47,18872.469,19162.469,18910.031,19225.793,18880.81,19172.531,10.062,480.27
2017-02-10,19262.469,19462.47,19257.47,19347.47,19272.531,19472.53,19267.53,19357.53,10.06,524.21
2017-02-13,19427.47,19534.969,19407.469,19492.47,19437.53,19547.049,19416.83,19496.53,4.06,445.47
2017-02-14,19449.969,19492.47,19227.47,19479.97,19460.031,19499.977,19237.434,19486.258,6.288,368.43
2017-02-15,19464.97,19497.29,19344.613,19418.352,19475.03,19507.371,19354.686,19428.434,10.082,469.36
2017-02-16,19406.225,19412.799,19167.47,19262.748,19416.297,19422.861,19187.53,19272.822,10.074,536.94
2017-02-17,19220.47,19270.484,19025.47,19160.47,19230.53,19280.559,19040.633,19170.531,10.061,501.0
2017-02-20,19155.469,19279.54,19140.469,19272.314,19165.531,19289.602,19156.867,19282.387,10.073,258.15
2017-02-21,19296.219,19479.97,19291.51,19452.47,19306.293,19489.113,19300.459,19462.53,10.06,390.32
2017-02-22,19392.47,19409.97,19280.596,19347.47,19402.03,19419.791,19290.67,19357.53,10.06,435.5
2017-02-23,19282.47,19375.252,19229.818,19287.469,19289.03,19385.322,19239.889,19297.531,10.062,391.79
2017-02-24,19332.373,19380.145,19075.469,19140.469,19342.443,19390.205,19089.336,19150.531,10.062,488.66
2017-02-27,19110.969,19218.688,18990.096,19200.969,19121.031,19228.748,19000.168,19211.031,10.062,516.59
2017-02-28,19208.469,19265.03,19015.537,19125.97,19218.531,19275.102,19025.604,19136.03,10.06,537.63
2017-03-01,19315.97,19619.074,19158.47,19563.47,19322.03,19629.137,19167.396,19573.53,10.06,765.11
2017-03-02,19610.969,19658.283,19545.969,19555.97,19621.031,19668.354,19557.492,19566.03,10.06,577.28
2017-03-03,19539.94,19582.75,19386.861,19460.969,19550.021,19592.83,19396.934,19471.031,10.062,635.83
2017-03-06,19363.969,19411.47,19296.486,19373.969,19374.031,19419.31,19306.57,19384.031,10.062,280.73
2017-03-07,19358.47,19387.742,19304.969,19335.97,19364.03,19397.814,19314.84,19346.03,10.06,333.31
2017-03-08,19268.47,19407.47,19189.771,19294.969,19278.53,19413.17,19199.855,19305.031,10.062,92.8
2017-03-09,19330.994,19424.025,19252.47,19408.969,19341.059,19437.094,19262.531,19416.031,7.062,206.44
2017-03-10,19509.969,19656.28,19508.969,19574.969,19519.031,19666.35,19516.03,19585.031,10.062,466.07
2017-03-13,19609.97,19671.48,19586.922,19671.48,19620.03,19681.553,19596.992,19681.553,10.073,291.12
2017-03-14,19623.97,19658.97,19513.969,19553.97,19631.03,19667.371,19519.146,19557.027,3.057,54.08
2017-03-15,19538.969,19588.47,19465.969,19465.969,19546.031,19597.03,19477.145,19484.287,18.318,144.25
2017-03-16,19482.969,19631.969,19451.97,19451.97,19493.031,19639.031,19459.03,19459.03,7.06,322.42
2017-03-17,19528.969,19545.633,19390.969,19420.084,19536.031,19556.152,19409.682,19430.156,10.072,359.08
2017-03-20,19450.969,19493.066,19345.969,19385.97,19458.031,19503.691,19353.031,19404.316,18.346,204.85
2017-03-21,19361.969,19485.148,19081.969,19105.898,19372.031,19499.8,19089.03,19108.031,2.133,389.73
2017-03-22,19136.97,19147.738,18896.969,19033.943,19144.03,19157.81,18904.03,19044.016,10.073,257.44
2017-03-23,19027.969,19126.217,18941.97,19053.72,19038.031,19133.03,18949.03,19059.031,5.311,304.41
2017-03-24,19206.969,19298.643,19116.969,19218.97,19214.031,19308.184,19124.03,19228.03,9.06,88.94
2017-03-27,18972.969,19125.97,18866.97,19110.97,18983.031,19134.03,18874.03,19118.03,7.06,4.62
2017-03-28,19161.969,19340.97,19065.969,19325.97,19172.031,19348.031,19073.03,19333.03,7.06,2.41
2017-03-29,19178.97,19222.97,19092.97,19148.969,19189.03,19230.031,19100.03,19159.031,10.062,2.42
2017-03-30,19177.969,19182.97,19012.97,19177.969,19185.031,19194.031,19020.03,19185.031,7.062,2.65
2017-03-31,19167.969,19200.97,18877.97,18962.97,19175.031,19215.031,18885.03,18974.03,11.06,2.09
2017-04-03,18952.969,19062.97,18899.969,18987.969,18960.031,19074.031,18905.03,18995.031,7.062,41.62
2017-04-04,18921.97,18939.97,18694.969,18887.969,18925.03,18945.031,18700.03,18895.031,7.062,119.04
2017-04-05,18841.97,19024.97,18762.969,18797.969,18849.03,19033.031,18770.03,18805.031,7.062,106.79
2017-04-06,18687.969,18775.25,18522.969,18722.969,18695.031,18782.031,18530.03,18730.031,7.062,115.18
2017-04-07,18748.23,18850.97,18499.97,18797.969,18749.031,18857.031,18509.03,18805.031,7.062,223.13
2017-04-10,18816.969,18850.97,18686.969,18748.969,18824.031,18857.031,18694.03,18755.031,6.062,93.81
2017-04-11,18740.97,18755.97,18541.97,18621.969,18743.031,18762.03,18549.03,18634.031,12.062,105.5
2017-04-12,18501.97,18617.97,18452.969,18471.97,18509.03,18624.031,18459.03,18479.03,7.06,137.13
2017-04-13,18327.97,18451.97,18296.969,18331.97,18334.03,18458.03,18304.031,18339.03,7.06,80.15
2017-04-17,18276.97,18471.97,18221.97,18451.97,18279.031,18478.03,18224.03,18459.03,7.06,58.86
2017-04-18,18453.75,18471.97,18256.969,18306.969,18460.031,18478.031,18264.031,18314.031,7.062,95.27
2017-04-19,18406.969,18503.969,18356.969,18381.969,18414.031,18515.031,18364.03,18389.031,7.062,20.55
2017-04-20,18456.97,18615.969,18417.969,18572.969,18464.03,18622.031,18425.03,18580.031,7.062,66.53
2017-04-21,18547.969,18663.97,18538.97,18587.97,18555.031,18669.031,18549.03,18595.03,7.06,45.27
2017-04-24,18882.97,18993.969,18831.969,18867.97,18890.03,19000.031,18839.031,18875.03,7.06,93.68
2017-04-25,18927.969,19235.97,18917.969,19177.969,18935.031,19242.03,18925.03,19185.031,7.062,74.83
2017-04-26,19210.75,19323.97,19173.969,19183.969,19211.77,19330.031,19181.031,19191.031,7.062,127.5
2017-04-27,19229.97,19296.97,19186.97,19231.97,19240.03,19306.03,19199.03,19236.031,4.061,54.74
2017-04-28,19228.5,19259.97,19153.969,19214.969,19230.03,19268.03,19161.03,19228.031,13.062,53.7
2017-05-01,19224.969,19367.97,19222.969,19347.969,19233.03,19374.031,19228.03,19352.031,4.062,40.71
2017-05-02,19447.969,19513.97,19405.969,19451.969,19453.03,19520.03,19413.03,19461.031,9.062,57.77
2017-05-03,19465.969,19628.23,19418.969,19598.97,19473.031,19630.031,19425.03,19605.03,6.06,26.43
2017-05-04,19587.969,19668.969,19503.75,19578.75,19598.031,19675.031,19505.03,19580.031,1.281,37.49
2017-05-05,19585.969,19718.97,19453.969,19703.97,19592.031,19725.031,19456.03,19707.031,3.061,49.62
2017-05-08,19788.0,19931.97,19747.969,19906.97,19789.03,19938.031,19754.03,19912.031,5.061,77.05
2017-05-09,19866.969,20021.97,19840.97,19966.97,19870.031,20028.031,19843.03,19973.03,6.06,27.47
2017-05-10,19885.97,19965.969,19860.969,19950.97,19888.03,19970.031,19867.03,19957.03,6.06,25.44
2017-05-11,19918.969,19993.97,19784.969,19864.97,19926.031,19996.031,19794.03,19871.03,6.06,39.07
2017-05-12,19891.969,19904.0,19784.969,19809.969,19897.031,19908.031,19791.03,19813.03,3.061,35.43
2017-05-15,19824.97,19951.97,19823.969,19946.969,19831.03,19958.031,19831.03,19953.031,6.062,31.05
2017-05-16,19961.97,19970.97,19805.969,19852.97,19967.03,19977.03,19811.03,19856.031,3.061,37.18
2017-05-17,19825.97,19840.97,19437.969,19444.969,19827.25,19847.031,19446.031,19461.03,16.061,71.17
2017-05-18,19482.969,19649.969,19276.969,19592.969,19491.031,19656.031,19286.03,19606.031,13.062,107.39
2017-05-19,19511.97,19740.97,19491.97,19679.97,19521.03,19748.031,19496.031,19688.031,8.061,44.8
2017-05-22,19620.969,19685.97,19610.969,19675.97,19623.03,19695.031,19613.031,19685.03,9.06,41.0
2017-05-23,19672.97,19773.969,19578.969,19763.969,19680.03,19777.031,19585.03,19767.03,3.061,11.96
2017-05-24,19719.97,19762.97,19682.97,19717.969,19725.031,19769.031,19689.03,19724.031,6.062,4.19
2017-05-25,19739.97,19850.25,19734.97,19806.97,19746.03,19857.03,19739.031,19822.031,15.061,40.17
2017-05-26,19756.97,19786.969,19586.969,19691.969,19769.03,19797.031,19592.03,19712.031,20.062,37.54
2017-05-29,19690.969,19729.969,19666.969,19681.97,19702.031,19742.031,19672.03,19692.03,10.06,10.85
2017-05-30,19628.97,19683.97,19563.969,19617.97,19634.031,19692.031,19572.03,19627.031,9.061,33.52
2017-05-31,19641.97,19708.969,19590.97,19655.969,19657.031,19717.031,19602.03,19662.031,6.062,32.67
2017-06-01,19835.97,19932.969,19793.97,19904.969,19841.031,19939.031,19801.03,19915.031,10.062,54.45
2017-06-02,20087.97,20242.97,20053.97,20172.25,20090.031,20249.031,20066.03,20173.77,1.52,71.89
2017-06-05,20124.97,20214.97,20114.969,20149.969,20135.03,20220.03,20124.03,20159.031,9.062,1.23
2017-06-06,20072.23,20092.97,19883.969,19918.97,20073.03,20099.03,19896.03,19931.031,12.061,1.34
2017-06-07,19909.97,20011.97,19895.97,19991.969,19921.03,20026.031,19911.03,20006.031,14.062,1.41
2017-06-08,20018.969,20059.97,19894.969,20028.97,20021.03,20076.031,19901.03,20039.031,10.061,2.11
2017-06-09,19954.969,20104.97,19849.969,19929.97,19965.031,20115.031,19856.03,19936.03,6.06,3.27
2017-06-12,19839.969,19953.969,19779.969,19842.469,19846.031,19962.531,19786.03,19852.531,10.062,3.24
2017-06-13,19884.97,19968.469,19874.969,19952.469,19891.03,19979.531,19881.03,19963.531,11.062,4.02
2017-06-14,19979.469,19979.47,19739.97,19879.97,19989.531,19990.531,19746.03,19885.531,5.561,9.32
2017-06-15,19924.97,19924.97,19734.969,19909.97,19945.53,19945.53,19741.03,19919.53,9.56,20.51
2017-06-16,19904.97,20014.969,19889.969,19974.97,19926.53,20021.531,19896.53,19977.53,2.56,6.28
2017-06-19,20064.97,20177.97,20037.97,20167.5,20075.031,20184.031,20046.03,20171.531,4.031,5.47
2017-06-20,20272.97,20322.97,20174.969,20189.75,20281.03,20326.031,20181.031,20191.531,1.781,4.92
2017-06-21,20194.25,20211.97,20076.969,20131.969,20197.531,20218.031,20082.53,20137.53,5.561,7.0
2017-06-22,20111.97,20191.97,20071.969,20131.97,20116.031,20198.03,20077.53,20135.53,3.56,2.7
2017-06-23,20128.97,20146.969,20079.75,20129.969,20133.031,20153.031,20081.53,20136.031,6.062,1.45
2017-06-26,20169.97,20232.97,20136.47,20207.969,20176.03,20239.031,20143.531,20214.031,6.062,1.16
2017-06-27,20202.969,20242.97,20124.47,20177.969,20207.53,20249.031,20136.53,20184.031,6.062,1.66
2017-06-28,20196.969,20234.97,20050.469,20219.969,20203.031,20241.03,20061.531,20226.031,6.062,0.85
2017-06-29,20224.97,20254.97,19859.47,19974.97,20231.03,20261.031,19869.53,19979.531,4.561,0.94
2017-06-30,19961.97,20096.97,19939.97,20093.969,19968.03,20103.031,19944.531,20100.031,6.062,1.97
2017-07-03,20053.97,20196.969,20030.469,20186.25,20058.03,20203.031,20048.03,20193.031,6.781,0.54
2017-07-04,20121.5,20149.969,19959.969,20057.97,20128.03,20156.031,19966.031,20065.03,7.06,0.58
2017-07-05,19959.969,20137.97,19882.469,20089.5,19966.031,20144.031,19889.03,20096.03,6.53,1.74
2017-07-06,19997.97,20044.97,19870.469,19909.25,20004.03,20051.031,19876.031,19916.031,6.781,0.93
2017-07-07,19881.97,20064.97,19875.469,20034.97,19888.03,20071.031,19888.03,20041.03,6.06,0.89
2017-07-10,20050.25,20132.97,20035.469,20072.97,20057.031,20139.031,20042.03,20079.03,6.06,1.1
2017-07-11,20102.969,20200.969,20080.469,20125.97,20109.031,20207.031,20097.03,20132.03,6.06,0.6
2017-07-12,20102.969,20180.97,20055.469,20150.969,20109.031,20187.031,20067.03,20157.031,6.062,0.66
2017-07-13,20105.47,20150.969,20052.469,20125.0,20115.53,20157.031,20067.03,20132.031,7.031,0.58
2017-07-14,20130.969,20152.97,20030.469,20060.25,20137.031,20159.03,20042.03,20067.03,6.78,0.59
2017-07-17,20022.969,20130.97,20013.469,20040.969,20029.031,20137.031,20027.03,20047.031,6.062,0.29
2017-07-18,20010.97,20020.97,19903.47,19982.97,20017.03,20027.03,19909.03,19989.03,6.06,1.25
2017-07-19,19994.97,20032.97,19963.469,20032.969,20001.03,20039.031,19979.03,20039.031,6.062,1.78
2017-07-20,20032.97,20160.97,20024.47,20098.469,20039.03,20167.031,20039.03,20122.031,23.562,2.63
2017-07-21,20103.469,20120.97,19964.469,19998.97,20124.03,20127.031,19975.03,20005.03,6.06,2.69
2017-07-24,19926.47,19986.469,19868.469,19959.469,19945.031,20005.031,19885.03,19980.031,20.562,6.18
2017-07-25,19985.47,20103.969,19930.469,20070.47,20005.03,20110.031,19945.03,20085.031,14.561,6.43
2017-07-26,20090.469,20100.47,20005.469,20025.469,20110.03,20115.031,20014.031,20034.031,8.562,3.11
2017-07-27,20051.47,20170.47,19962.469,20033.47,20058.03,20183.031,19973.03,20043.03,9.56,5.88
2017-07-28,19977.47,19992.47,19923.469,19963.469,19988.03,20005.031,19934.03,19974.03,10.561,5.5
2017-07-31,19951.469,19994.47,19903.469,19927.47,19969.031,20005.031,19914.03,19940.031,12.561,3.78
2017-08-01,19947.469,20045.47,19947.469,20010.47,19965.03,20062.03,19960.03,20023.53,13.06,3.14
2017-08-02,20035.469,20105.47,20015.469,20060.469,20050.531,20116.531,20025.53,20075.531,15.062,0.8
2017-08-03,20053.47,20053.47,19965.469,19965.469,20065.53,20065.53,19975.531,19975.531,10.062,0.84
2017-08-04,19955.469,20065.47,19943.469,20038.469,19965.531,20075.531,19955.53,20050.531,12.062,0.47
2017-08-07,20056.469,20078.469,20035.469,20060.47,20071.531,20091.531,20046.53,20071.53,11.06,0.29
2017-08-08,20041.47,20041.97,19946.969,19951.969,20051.53,20051.531,19952.531,19957.531,5.562,2.32
2017-08-09,19748.97,19771.97,19656.97,19751.969,19753.53,19778.031,19663.03,19758.031,6.062,8.27
2017-08-10,19771.97,19786.97,19396.969,19408.47,19776.531,19793.03,19403.03,19413.03,4.56,5.78
2017-08-11,19396.969,19503.47,19307.47,19386.97,19403.031,19514.53,19313.03,19393.03,6.06,4.44
2017-08-14,19568.75,19616.47,19519.469,19600.97,19571.531,19622.03,19524.03,19607.03,6.06,3.31
2017-08-15,19780.97,19834.47,19695.969,19729.469,19787.03,19845.531,19702.03,19732.03,2.561,3.53
2017-08-16,19728.469,19803.47,19687.969,19724.47,19734.03,19809.531,19694.031,19729.03,4.56,3.13
2017-08-17,19686.47,19734.969,19484.969,19488.47,19689.25,19741.031,19491.03,19491.5,3.03,6.39
2017-08-18,19530.47,19555.47,19324.969,19449.97,19532.0,19561.031,19331.03,19456.03,6.06,7.42
2017-08-21,19396.969,19414.97,19268.469,19335.23,19403.031,19421.031,19271.031,19338.0,2.77,8.7
2017-08-22,19389.97,19492.47,19348.97,19477.469,19396.03,19498.031,19353.5,19483.031,5.562,6.45
2017-08-23,19493.969,19517.47,19365.47,19379.469,19500.031,19524.53,19368.75,19383.03,3.561,8.71
2017-08-24,19386.97,19426.97,19321.969,19413.469,19393.03,19433.03,19328.03,19418.03,4.561,7.75
2017-08-25,19411.97,19546.969,19381.969,19456.969,19418.03,19553.031,19388.03,19463.031,6.062,10.6
2017-08-28,19436.97,19500.47,19409.969,19469.969,19441.03,19506.031,19412.0,19476.031,6.062,6.57
2017-08-29,19339.969,19501.97,19235.469,19476.97,19346.031,19508.031,19246.53,19482.531,5.561,27.37
2017-08-30,19481.969,19587.97,19454.47,19572.969,19488.031,19594.031,19462.53,19579.031,6.062,18.06
2017-08-31,19624.47,19734.97,19616.469,19684.75,19635.53,19741.031,19619.53,19687.53,2.78,8.99
2017-09-01,19675.469,19726.97,19616.969,19695.47,19686.531,19733.031,19623.03,19698.03,2.56,7.07
2017-09-04,19548.97,19551.97,19421.969,19511.969,19555.03,19558.03,19428.031,19518.031,6.062,3.93
2017-09-05,19461.97,19476.97,19260.969,19338.469,19468.03,19483.031,19267.031,19344.031,5.562,9.69
2017-09-06,19306.47,19481.47,19288.47,19461.469,19312.031,19494.53,19296.03,19466.031,4.562,7.05
2017-09-07,19458.469,19480.47,19353.469,19398.469,19461.031,19484.031,19359.031,19411.03,12.561,7.01
2017-09-08,19323.469,19340.47,19231.469,19289.469,19343.031,19356.031,19241.03,19296.031,6.562,9.47
2017-09-11,19516.47,19695.47,19511.469,19690.47,19521.031,19710.031,19521.03,19700.031,9.561,5.52
2017-09-12,19741.469,19879.97,19718.469,19869.97,19765.031,19886.031,19734.53,19876.03,6.06,24.03
2017-09-13,19840.469,19889.97,19791.469,19871.469,19866.031,19896.031,19807.53,19891.031,19.562,24.03
2017-09-14,19914.969,19914.97,19780.47,19852.469,19921.031,19921.031,19803.531,19879.03,26.561,22.27
2017-09-15,19847.97,20036.97,19800.469,19969.47,19854.03,20043.031,19811.53,19993.03,23.56,14.06
2017-09-18,20025.47,20146.969,20025.47,20106.97,20053.031,20153.031,20041.53,20113.03,6.06,8.13
2017-09-19,20141.469,20306.969,20135.47,20263.47,20165.03,20323.031,20158.03,20285.03,21.56,21.3
2017-09-20,20265.469,20411.47,20247.469,20401.469,20288.03,20428.031,20268.03,20420.03,18.561,32.89
2017-09-21,20431.47,20476.469,20308.47,20387.469,20453.031,20488.031,20323.03,20398.531,11.062,13.95
2017-09-22,20310.47,20340.469,20250.469,20325.469,20325.03,20349.031,20259.031,20334.03,8.561,6.91
2017-09-25,20408.47,20415.47,20231.47,20299.469,20419.03,20434.031,20244.031,20314.03,14.561,11.87
2017-09-26,20323.47,20385.47,20275.469,20365.469,20336.03,20401.03,20286.03,20371.031,5.562,8.36
2017-09-27,20246.969,20417.47,20206.469,20382.469,20253.031,20436.031,20217.53,20401.031,18.562,12.14
2017-09-28,20327.47,20396.97,20288.469,20323.469,20343.031,20403.031,20303.031,20338.03,14.561,9.66
2017-09-29,20293.469,20364.969,20273.469,20354.47,20308.03,20381.031,20286.031,20366.03,11.56,7.82
2017-10-02,20383.47,20469.47,20359.469,20464.47,20398.03,20483.031,20375.031,20480.031,15.561,8.75
2017-10-03,20469.469,20654.469,20464.469,20652.47,20488.031,20665.031,20478.03,20665.031,12.561,5.95
2017-10-04,20638.469,20679.47,20584.469,20655.47,20654.031,20689.031,20599.03,20669.031,13.561,5.86
2017-10-05,20610.47,20689.47,20597.469,20689.47,20624.03,20704.53,20600.5,20695.03,5.56,4.47
2017-10-06,20689.23,20754.47,20633.469,20654.47,20691.0,20760.031,20640.03,20660.03,5.56,4.24
2017-10-09,20689.47,20734.47,20658.469,20674.47,20695.03,20746.531,20665.03,20682.03,7.56,1.4
2017-10-10,20754.469,20834.47,20733.469,20811.47,20768.03,20849.031,20743.03,20824.031,12.561,6.99
2017-10-11,20804.47,20964.469,20803.47,20940.469,20817.031,20975.031,20815.03,20950.03,9.561,6.72
2017-10-12,20913.469,21030.47,20913.469,20972.469,20930.03,21042.53,20928.031,20983.03,10.561,6.04
2017-10-13,20944.47,21260.47,20944.469,21233.469,20954.031,21267.031,20952.03,21242.03,8.561,6.86
2017-10-16,21330.969,21340.47,21238.97,21340.469,21337.031,21353.531,21245.03,21345.031,4.562,5.63
2017-10-17,21340.47,21365.47,21221.97,21363.469,21343.031,21376.531,21228.03,21368.031,4.562,5.72
2017-10-18,21359.47,21440.47,21326.969,21438.469,21361.25,21452.531,21333.031,21443.03,4.561,5.51
2017-10-19,21441.969,21510.47,21202.969,21341.469,21448.031,21521.531,21209.03,21344.03,2.561,7.71
2017-10-20,21385.469,21555.47,21382.969,21550.469,21394.03,21567.031,21389.03,21562.031,11.562,7.84
2017-10-23,21628.97,21835.47,21613.469,21623.469,21637.031,21846.53,21619.03,21629.031,5.562,5.98
2017-10-24,21693.47,21928.47,21678.47,21898.47,21699.03,21934.031,21684.5,21904.03,5.56,8.49
2017-10-25,21838.23,21868.469,21582.969,21677.969,21840.75,21878.53,21589.031,21684.031,6.062,7.81
2017-10-26,21763.231,21853.47,21707.469,21833.47,21765.0,21864.53,21716.03,21844.53,11.06,6.91
2017-10-27,21869.47,22124.469,21859.969,22054.47,21876.031,22135.531,21866.03,22059.03,4.56,7.3
2017-10-30,22049.469,22059.469,21840.97,21885.97,22056.03,22070.531,21847.03,21892.03,6.06,6.03
2017-10-31,21895.969,22212.47,21892.97,22202.469,21902.031,22218.031,21899.03,22208.031,5.562,5.64
2017-11-01,22282.469,22593.469,22266.469,22547.47,22285.031,22600.03,22273.03,22550.031,2.561,8.1
2017-11-02,22449.469,22566.47,22361.47,22552.47,22451.5,22572.531,22365.03,22560.03,7.56,7.11
2017-11-03,22502.469,22632.47,22495.969,22632.469,22515.031,22642.531,22502.03,22635.031,2.562,4.36
2017-11-06,22626.469,22652.469,22422.469,22576.469,22635.031,22662.531,22430.03,22585.031,8.562,6.41
2017-11-07,22561.469,22998.47,22560.469,22857.47,22570.031,23008.531,22565.031,22863.031,5.561,11.01
2017-11-08,22789.469,22957.469,22789.469,22926.47,22808.03,22981.031,22803.03,22943.031,16.561,11.6
2017-11-09,23171.47,23422.47,22314.47,22621.969,23183.03,23433.531,22319.25,22628.031,6.062,25.19
2017-11-10,22572.469,22726.5,22332.969,22450.47,22578.031,22729.531,22339.03,22464.03,13.56,8.49
2017-11-13,22510.469,22570.47,22111.97,22381.97,22519.031,22582.531,22118.03,22389.531,7.561,11.58
2017-11-14,22416.969,22541.0,22253.969,22290.469,22430.531,22548.531,22260.03,22295.031,4.562,16.51
2017-11-15,22263.97,22263.97,21827.969,22062.97,22270.03,22270.031,21839.53,22069.03,6.06,43.32
2017-11-16,22147.97,22606.97,22122.969,22576.969,22154.03,22624.531,22129.031,22582.53,5.561,45.95
2017-11-17,22736.969,22755.47,22267.97,22282.97,22743.031,22765.531,22274.03,22289.03,6.06,58.08
2017-11-20,22362.969,22501.969,22161.97,22461.97,22369.031,22518.531,22168.03,22468.03,6.06,56.46
2017-11-21,22491.969,22663.97,22398.969,22653.969,22497.53,22676.53,22405.031,22660.031,6.062,40.93
2017-11-22,22588.969,22638.97,22348.969,22405.969,22595.75,22655.53,22355.03,22412.031,6.062,49.71
2017-11-23,22355.97,22478.97,22313.969,22410.97,22362.03,22485.031,22318.53,22417.03,6.06,13.42
2017-11-24,22423.969,22651.97,22388.969,22646.97,22430.031,22660.531,22395.03,22651.53,4.56,26.42
2017-11-27,22576.969,22601.97,22414.97,22452.969,22583.25,22608.031,22421.03,22459.031,6.062,33.38
2017-11-28,22407.97,22640.969,22390.969,22622.969,22414.03,22655.53,22397.03,22629.031,6.062,44.44
2017-11-29,22595.97,22790.97,22507.97,22630.97,22602.03,22804.53,22514.03,22637.03,6.06,125.95
2017-11-30,22570.969,22957.97,22535.97,22842.969,22577.031,22975.531,22542.03,22849.031,6.062,222.83
2017-12-01,22747.97,22877.97,22367.969,22627.969,22754.03,22897.53,22374.03,22634.031,6.062,184.34
2017-12-04,22782.97,22817.97,22512.969,22514.969,22790.0,22830.531,22519.03,22521.031,6.062,57.73
2017-12-05,22527.97,22677.97,22465.969,22470.97,22534.5,22694.53,22472.03,22477.03,6.06,47.13
2017-12-06,22490.969,22510.97,22051.47,22224.97,22497.031,22517.031,22061.03,22231.03,6.06,45.61
2017-12-07,22434.5,22656.97,22406.969,22626.97,22436.53,22663.031,22411.53,22633.03,6.06,24.9
2017-12-08,22676.97,22901.97,22676.969,22866.97,22683.03,22908.031,22683.03,22873.03,6.06,20.73
2017-12-11,22816.969,22940.97,22781.969,22937.969,22823.031,22948.0,22793.03,22944.031,6.062,19.81
2017-12-12,22950.97,22965.97,22810.969,22885.97,22958.0,22972.031,22817.031,22892.03,6.06,19.19
2017-12-13,22845.969,22850.97,22668.97,22678.969,22852.5,22861.531,22675.03,22685.031,6.062,27.22
2017-12-14,22733.97,22758.97,22538.969,22568.969,22740.03,22765.031,22545.031,22575.031,6.062,18.54
2017-12-15,22528.97,22749.97,22473.969,22694.97,22535.03,22756.03,22480.03,22701.03,6.06,19.16
2017-12-18,22799.969,23001.97,22749.97,22986.969,22806.031,23012.53,22756.03,22993.031,6.062,17.04
2017-12-19,22901.97,22921.969,22786.97,22798.97,22908.03,22928.031,22793.03,22805.03,6.06,13.19
2017-12-20,22896.969,22933.97,22803.969,22868.97,22902.531,22938.53,22810.25,22875.03,6.06,13.6
2017-12-21,22763.969,22943.969,22758.969,22838.969,22770.031,22948.53,22765.031,22845.031,6.062,11.59
2017-12-22,22868.969,22910.969,22843.969,22903.97,22875.031,22918.531,22850.031,22910.03,6.06,8.34
2017-12-26,22908.969,22940.97,22873.969,22910.97,22915.031,22947.031,22880.031,22917.03,6.06,4.44
2017-12-27,22894.469,22960.97,22867.469,22915.97,22905.531,22967.031,22878.53,22922.03,6.06,4.47
2017-12-28,22930.97,22944.97,22719.969,22784.97,22937.03,22955.531,22726.031,22791.03,6.06,1.64
2017-12-29,22818.469,22879.97,22724.969,22736.97,22829.531,22884.531,22730.531,22743.03,6.06,2.81
2018-01-02,22879.969,22879.97,22619.969,22816.969,22886.031,22886.031,22626.031,22823.031,6.062,21.86
2018-01-03,22841.969,23214.97,22811.969,23201.969,22848.5,23232.531,22818.031,23222.531,20.562,62.64
2018-01-04,23214.969,23673.47,23204.97,23652.969,23232.531,23679.031,23222.53,23659.031,6.062,24.18
2018-01-05,23573.47,23832.47,23513.469,23802.469,23579.031,23843.531,23524.03,23813.531,11.062,46.46
2018-01-08,23872.469,23966.47,23814.969,23939.969,23883.531,23977.531,23821.03,23946.031,6.062,9.46
2018-01-09,23916.47,23931.47,23766.47,23846.469,23921.031,23942.53,23771.5,23851.03,4.561,6.54
2018-01-10,23786.47,23836.97,23551.969,23606.969,23791.031,23843.03,23558.031,23613.031,6.062,12.23
2018-01-11,23721.97,23789.97,23614.969,23789.969,23728.03,23796.031,23621.031,23796.031,6.062,11.74
2018-01-12,23659.969,23837.75,23576.47,23817.969,23666.031,23844.03,23584.031,23824.031,6.062,17.54
2018-01-15,23747.969,23765.97,23671.47,23696.469,23754.031,23772.03,23684.03,23707.531,11.062,22.57
2018-01-16,23745.5,24003.97,23646.469,23691.47,23752.031,24010.031,23660.03,23712.031,20.561,36.64
2018-01-17,23776.469,24140.97,23756.469,24070.97,23795.031,24147.03,23777.03,24077.03,6.06,24.15
2018-01-18,24062.469,24085.97,23692.47,23866.97,24084.03,24092.031,23708.03,23873.03,6.06,20.24
2018-01-19,23811.75,23909.97,23721.47,23881.731,23814.531,23916.031,23732.53,23882.531,0.8,6.99
2018-01-22,23724.969,23955.97,23714.469,23950.97,23731.031,23962.031,23720.53,23957.03,6.06,8.86
2018-01-23,23940.969,24193.97,23940.469,24033.97,23946.53,24197.531,23946.53,24035.53,1.56,9.23
2018-01-24,24050.97,24063.5,23600.469,23741.969,24055.53,24067.03,23611.531,23746.531,4.562,10.06
2018-01-25,23786.969,23816.969,23462.75,23619.731,23793.031,23822.531,23465.53,23620.531,0.8,12.69
2018-01-26,23709.0,23762.97,23544.469,23747.97,23710.531,23769.03,23555.531,23754.03,6.06,8.21
2018-01-29,23762.5,23772.969,23483.469,23544.969,23764.531,23779.031,23494.531,23551.031,6.062,7.29
2018-01-30,23519.97,23524.969,23097.469,23193.47,23526.03,23531.031,23109.53,23204.53,11.06,9.72
2018-01-31,23271.97,23378.0,23083.47,23247.469,23274.531,23382.03,23089.53,23258.531,11.062,5.78
2018-02-01,23308.97,23497.0,23237.969,23329.97,23315.03,23499.031,23243.53,23336.03,6.06,4.74
2018-02-02,23262.969,23355.97,22965.969,22975.969,23268.53,23362.031,22972.031,22982.031,6.062,6.78
2018-02-05,22765.97,22783.97,21550.469,21552.469,22772.03,22790.031,21553.03,21558.031,5.562,27.76
2018-02-06,21657.469,22238.47,21060.469,22202.469,21670.03,22256.031,21071.03,22218.03,15.561,194.27
2018-02-07,22257.469,22327.47,21458.469,21897.469,22271.031,22346.031,21474.03,21914.03,16.561,129.29
2018-02-08,21837.469,21997.47,21087.47,21087.47,21851.03,22019.031,21099.03,21099.03,11.56,133.04
2018-02-09,21297.469,21567.47,20542.469,21224.469,21309.03,21584.03,20556.03,21249.03,24.561,142.81
2018-02-12,21349.469,21713.469,21303.469,21652.469,21366.03,21729.03,21319.03,21671.03,18.561,70.96
2018-02-13,21502.47,21679.969,20912.47,21195.469,21521.03,21686.031,20931.03,21216.031,20.562,86.83
2018-02-14,21179.47,21526.97,20928.469,21521.97,21193.031,21538.031,20943.031,21528.03,6.06,90.49
2018-02-15,21409.47,21614.47,21317.469,21467.47,21430.03,21629.03,21332.03,21484.03,16.56,73.81
2018-02-16,21768.469,21921.47,21637.469,21886.47,21782.031,21932.031,21654.03,21902.031,15.561,59.86
2018-02-19,21944.469,22153.47,21913.47,21962.469,21952.03,22166.031,21931.03,21978.531,16.062,28.32
2018-02-20,21968.469,22028.47,21803.469,21857.469,21983.031,22041.031,21816.031,21873.03,15.561,59.32
2018-02-21,21998.469,22177.47,21822.469,21841.47,22016.03,22188.031,21833.031,21855.03,13.56,60.19
2018-02-22,21701.469,21881.469,21606.469,21667.469,21710.031,21901.03,21613.03,21681.031,13.562,67.08
2018-02-23,21792.47,22037.47,21742.469,22032.47,21808.031,22052.031,21756.031,22052.03,19.56,45.64
2018-02-26,22109.469,22396.47,22034.469,22391.47,22132.03,22409.03,22047.03,22407.03,15.56,38.47
2018-02-27,22376.47,22505.469,22175.469,22175.47,22382.03,22517.031,22187.03,22187.031,11.561,49.07
2018-02-28,22329.47,22334.47,21876.47,21886.469,22342.03,22347.03,21889.031,21897.03,10.561,52.65
2018-03-01,21811.47,21826.47,21024.469,21064.469,21822.03,21837.03,21032.03,21072.031,7.562,56.69
2018-03-02,21175.469,21265.465,20679.469,21161.469,21177.5,21276.031,20691.031,21176.03,14.561,72.96
2018-03-05,21001.97,21461.47,20846.469,21426.469,21008.03,21480.03,20855.03,21440.031,13.562,72.05
2018-03-06,21486.47,21806.469,21384.469,21656.469,21502.031,21816.031,21396.03,21666.03,9.561,51.88
2018-03-07,21309.47,21484.47,21185.969,21441.47,21323.031,21492.031,21189.5,21449.03,7.56,37.21
2018-03-08,21401.469,21628.47,21289.469,21623.47,21409.031,21639.031,21294.03,21629.03,5.56,22.06
2018-03-09,21862.469,21889.47,21348.47,21875.969,21874.031,21904.531,21352.03,21882.031,6.062,54.16
2018-03-12,21933.23,21953.47,21682.469,21766.469,21935.0,21964.531,21684.5,21769.031,2.562,20.68
2018-03-13,21766.469,22101.469,21707.469,21752.47,21777.531,22112.031,21712.03,21762.03,9.56,21.23
2018-03-14,21817.47,21912.47,21598.469,21713.469,21827.03,21921.031,21606.03,21723.03,9.561,32.7
2018-03-15,21608.47,21879.969,21548.469,21803.469,21618.03,21886.031,21553.031,21813.03,9.561,23.03
2018-03-16,21713.47,21763.47,21513.469,21606.47,21721.031,21773.031,21523.03,21608.5,2.03,20.34
2018-03-19,21396.97,21531.97,21091.969,21273.969,21403.03,21538.031,21098.031,21280.031,6.062,19.44
2018-03-20,21271.97,21501.969,21199.469,21451.97,21278.03,21508.031,21209.53,21458.03,6.06,16.7
2018-03-21,21473.97,21551.97,21284.469,21326.97,21480.03,21558.031,21294.53,21333.03,6.06,11.11
2018-03-22,21448.969,21577.47,21026.47,21038.469,21455.031,21588.031,21040.03,21053.031,14.562,40.73
2018-03-23,20835.469,20900.47,20324.469,20324.47,20845.03,20913.031,20331.03,20331.03,6.56,68.83
2018-03-26,20459.47,20888.469,20379.469,20883.469,20471.031,20901.031,20386.031,20896.031,12.562,52.12
2018-03-27,21088.47,21344.47,20790.469,20851.969,21098.03,21355.531,20806.531,20858.031,6.062,25.82
2018-03-28,20834.97,21344.97,20799.969,21264.969,20841.03,21351.031,20806.03,21271.031,6.062,32.87
2018-03-29,21236.97,21637.97,20988.469,21502.969,21243.03,21640.531,20994.53,21509.031,6.062,30.39
2018-04-02,21497.969,21600.97,20924.469,21040.97,21504.031,21607.031,20935.53,21047.03,6.06,32.55
2018-04-03,21179.469,21532.97,21144.47,21522.969,21189.531,21539.031,21154.53,21529.031,6.062,36.1
2018-04-04,21356.469,21566.97,21031.969,21556.969,21366.531,21573.031,21038.03,21563.031,6.062,27.59
2018-04-05,21481.97,21916.97,21456.969,21886.969,21487.531,21923.031,21463.031,21893.031,6.062,19.01
2018-04-06,21611.97,21746.47,21308.969,21401.23,21616.531,21756.53,21315.03,21402.75,1.52,21.66
2018-04-09,21581.469,21800.47,21538.969,21563.969,21585.031,21810.531,21545.031,21570.031,6.062,14.54
2018-04-10,21583.969,21966.969,21578.969,21856.969,21590.031,21971.531,21585.03,21863.031,6.062,26.47
2018-04-11,21790.47,21810.47,21560.969,21640.47,21796.031,21821.531,21567.03,21642.5,2.03,30.34
2018-04-12,21705.969,21846.47,21616.469,21814.97,21712.031,21856.531,21621.031,21821.03,6.06,20.54
2018-04-13,21811.47,21922.97,21697.969,21769.97,21816.031,21929.031,21704.03,21776.03,6.06,33.43
2018-04-16,21847.969,21883.97,21755.97,21805.97,21854.031,21891.531,21762.75,21812.75,6.78,42.95
2018-04-17,21805.97,21948.969,21771.469,21918.969,21812.03,21955.031,21775.03,21925.031,6.062,21.58
2018-04-18,21916.469,22263.969,21916.469,22240.969,21922.03,22269.53,21922.03,22247.031,6.062,23.49
2018-04-19,22243.969,22355.97,22051.469,22142.969,22250.031,22361.531,22054.031,22149.031,6.062,28.95
2018-04-20,22147.97,22260.47,22045.469,22073.47,22154.03,22266.031,22051.03,22078.031,4.561,23.72
2018-04-23,22166.97,22256.47,22021.47,22246.47,22173.03,22267.531,22027.031,22250.031,3.561,13.28
2018-04-24,22246.23,22345.97,21960.97,22112.969,22248.0,22352.53,21967.03,22119.031,6.062,26.94
2018-04-25,22115.969,22365.47,22070.97,22325.47,22122.031,22371.531,22077.03,22330.031,4.561,23.33
2018-04-26,22323.969,22450.47,22260.469,22395.47,22330.031,22455.03,22265.031,22400.031,4.561,14.58
2018-04-27,22395.47,22556.469,22358.969,22450.47,22406.53,22566.531,22362.5,22455.03,4.56,12.34
2018-04-30,22455.47,22635.469,22418.969,22460.47,22457.25,22645.531,22425.03,22462.25,1.78,10.85
2018-05-01,22460.47,22585.47,22414.969,22555.469,22465.031,22595.531,22421.03,22561.03,5.561,12.2
2018-05-02,22560.47,22560.47,22337.47,22349.97,22563.03,22563.03,22345.03,22356.03,6.06,15.01
2018-05-03,22355.47,22385.47,22084.969,22295.469,22358.0,22400.531,22091.03,22298.03,2.561,16.06
2018-05-04,22295.469,22505.47,22159.969,22465.23,22301.03,22506.75,22163.0,22468.0,2.77,15.58
2018-05-07,22509.47,22515.97,22339.969,22417.97,22511.5,22525.531,22346.03,22430.531,12.561,17.81
2018-05-08,22420.969,22565.969,22408.969,22453.97,22430.531,22570.531,22420.53,22465.531,11.561,24.94
2018-05-09,22455.969,22513.97,22360.97,22498.969,22465.531,22520.531,22370.53,22510.53,11.561,19.91
2018-05-10,22503.75,22570.97,22416.969,22570.97,22505.531,22580.53,22430.53,22580.53,9.56,22.81
2018-05-11,22570.47,22765.97,22565.97,22695.97,22580.53,22783.531,22577.03,22708.53,12.56,20.69
2018-05-14,22755.97,22892.97,22730.97,22882.969,22763.53,22903.531,22748.53,22893.53,10.561,17.39
2018-05-15,22887.969,22902.97,22692.969,22722.969,22893.53,22913.531,22698.53,22728.53,5.561,24.1
2018-05-16,22724.969,22824.97,22702.969,22819.97,22728.53,22830.531,22708.53,22824.531,4.561,12.69
2018-05-17,22817.969,22948.97,22794.469,22915.97,22824.031,22955.031,22800.03,22922.03,6.06,8.91
2018-05-18,22913.97,22951.75,22816.969,22841.97,22920.03,22955.031,22823.03,22845.531,3.561,9.52
2018-05-21,22933.469,23047.97,22931.969,23012.97,22938.03,23054.031,22938.03,23019.03,6.06,7.78
2018-05-22,23009.469,23022.97,22859.969,22871.969,23014.031,23029.031,22866.031,22875.531,3.562,8.27
2018-05-23,22869.97,22949.97,22476.969,22616.97,22875.531,22955.531,22483.03,22623.03,6.06,14.41
2018-05-24,22614.469,22636.97,22075.969,22360.97,22620.031,22643.03,22082.031,22367.03,6.06,20.25
2018-05-25,22357.97,22514.97,22257.969,22347.969,22364.03,22521.03,22264.031,22354.031,6.062,19.29
2018-05-28,22484.97,22542.97,22350.969,22417.97,22491.03,22549.031,22357.03,22424.03,6.06,13.75
2018-05-29,22415.969,22430.97,21916.969,21996.969,22422.031,22437.031,21923.031,22003.031,6.062,46.98
2018-05-30,21994.97,22274.75,21924.969,22184.97,22001.03,22276.531,21930.531,22191.03,6.06,30.28
2018-05-31,22189.5,22266.97,22011.969,22128.97,22191.53,22273.031,22018.03,22135.03,6.06,30.53
2018-06-01,22126.97,22380.97,22096.97,22365.969,22133.03,22387.031,22103.03,22370.531,4.562,29.62
2018-06-04,22370.969,22570.97,22355.469,22557.969,22375.53,22576.531,22365.53,22564.031,6.062,16.32
2018-06-05,22555.97,22605.75,22442.969,22532.969,22562.03,22610.53,22449.031,22539.031,6.062,16.18
2018-06-06,22529.97,22786.969,22502.97,22771.97,22536.03,22793.031,22509.03,22778.03,6.06,13.95
2018-06-07,22768.97,22871.97,22631.969,22761.969,22775.03,22878.03,22638.031,22768.031,6.062,22.02
2018-06-08,22783.97,22871.969,22521.969,22681.969,22790.03,22878.031,22528.031,22688.031,6.062,24.83
2018-06-11,22681.969,23020.0,22655.47,22993.97,22688.031,23027.031,22666.53,23000.03,6.06,17.09
2018-06-12,22990.0,23008.97,22782.469,22899.969,22997.031,23015.031,22793.53,22906.031,6.062,19.72
2018-06-13,22894.969,22989.97,22819.469,22849.969,22899.53,22996.031,22834.53,22856.031,6.062,16.62
2018-06-14,22846.969,22924.969,22709.469,22889.969,22849.53,22931.031,22717.53,22896.031,6.062,22.56
2018-06-15,22892.5,22899.97,22682.469,22819.97,22897.531,22906.03,22691.53,22826.03,6.06,21.8
2018-06-18,22814.25,22816.97,22536.469,22561.47,22815.769,22823.03,22541.03,22563.25,1.78,8.03
2018-06-19,22561.47,22611.47,22115.47,22352.469,22566.03,22621.531,22121.03,22362.531,10.062,16.15
2018-06-20,22352.231,22581.47,22164.97,22522.47,22353.75,22592.531,22171.03,22526.031,3.561,15.08
2018-06-21,22519.969,22779.97,22409.969,22439.97,22526.031,22783.531,22416.03,22446.03,6.06,222.63
2018-06-22,22441.97,22639.47,22419.969,22549.97,22448.03,22642.75,22426.03,22556.03,6.06,296.58
2018-06-25,22559.969,22569.47,22034.97,22174.969,22566.031,22571.5,22041.03,22181.031,6.062,175.72
2018-06-26,22182.23,22420.47,22101.97,22339.969,22184.0,22425.531,22108.03,22346.031,6.062,157.9
2018-06-27,22341.97,22425.47,22106.969,22209.97,22348.03,22427.0,22113.031,22216.03,6.06,131.26
2018-06-28,22220.23,22332.469,22034.969,22332.469,22222.0,22343.531,22041.031,22343.531,11.062,122.04
2018-06-29,22332.469,22349.97,22139.97,22244.97,22336.03,22358.531,22161.031,22251.03,6.06,61.77
2018-07-02,22221.97,22309.97,21694.969,21879.97,22227.531,22316.031,21701.03,21886.03,6.06,36.3
2018-07-03,21884.969,21924.969,21556.47,21653.0,21887.53,21931.031,21566.53,21654.531,1.531,38.08
2018-07-04,21653.969,21774.97,21593.469,21696.97,21659.531,21779.531,21598.531,21703.03,6.06,22.9
2018-07-05,21699.97,21739.97,21452.47,21663.47,21703.531,21743.531,21461.03,21679.53,16.06,39.02
2018-07-06,21674.75,21879.97,21628.47,21814.97,21679.53,21886.031,21639.53,21818.53,3.56,40.68
2018-07-09,21884.969,22242.97,21857.469,22207.0,21888.53,22252.03,21868.03,22214.03,7.03,23.27
2018-07-10,22205.969,22315.97,21990.469,22002.969,22212.031,22322.031,22002.03,22009.031,6.062,28.8
2018-07-11,21997.47,22052.97,21748.469,22032.969,22017.031,22059.031,21757.03,22037.53,4.561,31.47
2018-07-12,22027.969,22528.97,22012.469,22426.47,22034.031,22541.53,22022.531,22442.53,16.06,28.39
2018-07-13,22451.469,22690.97,22426.0,22585.97,22462.531,22697.03,22427.53,22592.03,6.06,53.73
2018-07-16,22666.25,22740.97,22507.97,22600.0,22669.531,22747.03,22514.03,22601.769,1.769,14.38
2018-07-17,22590.469,22930.97,22580.0,22915.969,22601.531,22937.031,22581.53,22922.031,6.062,12.67
2018-07-18,22915.75,22950.97,22773.47,22883.97,22922.031,22957.03,22785.031,22890.03,6.06,18.07
2018-07-19,22880.969,22920.0,22676.47,22723.97,22887.031,22927.03,22685.03,22730.03,6.06,16.04
2018-07-20,22718.97,22870.97,22501.969,22541.969,22725.03,22880.031,22508.03,22548.031,6.062,21.65
2018-07-23,22461.969,22564.97,22337.469,22549.75,22468.031,22576.03,22346.03,22556.031,6.281,19.65
2018-07-24,22549.969,22621.97,22407.47,22601.969,22556.031,22628.031,22418.03,22608.031,6.062,16.91
2018-07-25,22606.5,22666.97,22509.969,22626.97,22613.03,22673.03,22516.03,22633.03,6.06,14.51
2018-07-26,22624.969,22674.97,22532.469,22633.969,22631.031,22681.031,22541.03,22640.031,6.062,14.4
2018-07-27,22638.97,22748.97,22573.969,22630.97,22645.03,22755.031,22580.03,22637.03,6.06,12.67
2018-07-30,22600.469,22628.97,22467.469,22469.47,22605.03,22635.031,22475.03,22475.03,5.56,10.9
2018-07-31,22468.97,22711.969,22348.969,22661.97,22475.03,22718.031,22355.03,22668.03,6.06,19.19
2018-08-01,22666.97,22828.97,22598.97,22683.97,22673.03,22840.03,22605.03,22690.03,6.06,17.86
2018-08-02,22678.969,22753.97,22387.97,22617.97,22685.031,22760.031,22394.03,22624.03,6.06,21.62
2018-08-03,22614.969,22617.97,22446.969,22574.97,22621.031,22624.031,22451.03,22581.03,6.06,16.04
2018-08-06,22543.469,22619.97,22454.969,22564.97,22548.031,22626.03,22461.03,22571.03,6.06,12.98
2018-08-07,22559.97,22693.47,22529.97,22653.969,22566.03,22705.531,22536.03,22660.031,6.062,8.11
2018-08-08,22653.47,22798.969,22573.47,22578.969,22658.031,22805.031,22580.03,22585.031,6.062,9.72
2018-08-09,22578.47,22640.97,22499.469,22590.969,22580.5,22647.031,22502.031,22597.031,6.062,9.56
2018-08-10,22593.47,22613.47,22081.969,22201.75,22597.031,22618.75,22088.03,22203.53,1.78,27.6
2018-08-13,22123.969,22158.47,21838.47,22042.47,22128.53,22170.031,21848.53,22055.031,12.561,35.39
2018-08-14,22042.47,22392.97,22037.469,22346.469,22057.031,22399.031,22050.03,22357.531,11.062,21.16
2018-08-15,22341.469,22372.97,21858.469,21974.969,22357.531,22379.031,21864.531,21978.53,3.561,1.69
2018-08-16,21969.969,22356.97,21877.469,22331.969,21976.031,22363.031,21883.53,22338.031,6.062,1.59
2018-08-17,22321.97,22341.97,22091.969,22271.969,22328.03,22348.031,22098.03,22278.031,6.062,1.31
2018-08-20,22238.969,22281.97,22101.97,22119.97,22245.031,22288.031,22106.03,22126.03,6.06,10.92
2018-08-21,22124.969,22379.969,22049.969,22214.97,22128.531,22382.531,22056.031,22221.03,6.06,0.98
2018-08-22,22216.969,22461.97,22149.97,22411.97,22223.031,22467.531,22156.03,22418.03,6.06,0.93
2018-08-23,22408.97,22529.97,22367.469,22489.97,22415.03,22536.03,22376.031,22496.03,6.06,0.8
2018-08-24,22484.969,22645.97,22452.469,22621.47,22491.031,22652.031,22457.03,22632.03,10.56,1.5
2018-08-27,22679.47,22972.97,22667.469,22967.969,22692.03,22977.531,22677.03,22972.53,4.561,13.38
2018-08-28,22962.97,22997.97,22782.5,22826.97,22969.03,23002.531,22784.53,22831.531,4.561,5.6
2018-08-29,22827.75,23090.969,22805.47,23025.969,22831.53,23104.53,22811.53,23036.53,10.561,17.18
2018-08-30,23028.969,23038.969,22657.969,22715.47,23036.53,23051.531,22671.53,22726.53,11.06,25.43
2018-08-31,22717.969,22891.969,22677.969,22820.469,22726.53,22896.531,22691.53,22826.031,5.562,15.37
2018-09-03,22820.23,22825.469,22689.469,22754.47,22822.0,22831.031,22693.03,22758.031,3.561,2.5
2018-09-04,22754.47,22788.469,22593.469,22669.97,22765.53,22794.031,22599.03,22676.03,6.06,4.77
2018-09-05,22668.469,22698.469,22462.469,22467.47,22674.03,22709.531,22467.03,22472.03,4.56,7.44
2018-09-06,22465.97,22556.97,22318.469,22348.47,22472.03,22563.031,22323.031,22353.031,4.561,8.09
2018-09-07,22348.47,22442.97,22168.469,22339.97,22359.53,22448.531,22174.03,22348.53,8.56,26.82
2018-09-10,22257.969,22492.97,22252.969,22459.969,22269.53,22503.53,22264.53,22473.531,13.562,29.82
2018-09-11,22457.969,22722.969,22447.97,22707.97,22473.531,22734.531,22463.53,22718.53,10.56,27.55
2018-09-12,22704.969,22717.97,22524.969,22644.969,22718.53,22728.53,22534.53,22658.53,13.561,31.62
2018-09-13,22641.97,23001.97,22631.97,22996.969,22654.531,23012.531,22639.53,23006.53,9.561,30.13
2018-09-14,22991.47,23256.97,22956.97,23216.969,23011.53,23265.53,22967.53,23224.531,7.562,26.47
2018-09-17,23146.97,23366.97,23031.97,23056.969,23158.781,23374.531,23037.53,23064.531,7.562,16.27
2018-09-18,23061.969,23886.97,23041.969,23796.97,23064.531,23899.531,23049.53,23808.53,11.56,35.4
2018-09-19,23796.97,23851.97,23660.469,23761.969,23808.531,23858.031,23671.53,23768.031,6.062,31.07
2018-09-20,23763.969,23870.47,23576.97,23865.47,23770.031,23876.031,23583.03,23871.03,5.56,28.28
2018-09-21,23869.97,23974.969,23764.969,23881.969,23876.03,23984.531,23771.03,23891.53,9.561,94.43
2018-09-24,23814.969,23908.47,23739.97,23854.97,23831.53,23928.531,23751.53,23876.531,21.561,70.62
2018-09-25,23854.97,24020.47,23804.969,23881.969,23871.531,24036.531,23816.531,23888.031,6.062,97.85
2018-09-26,23878.969,24036.97,23866.969,23931.97,23885.031,24043.031,23873.03,23940.531,8.561,111.5
2018-09-27,23933.97,24129.97,23774.469,24069.969,23940.03,24136.03,23781.531,24076.031,6.062,16.58
2018-09-28,24074.5,24289.97,24004.969,24154.97,24076.53,24296.03,24011.03,24161.03,6.06,20.39
2018-10-01,24181.97,24474.97,24136.97,24374.969,24188.03,24484.531,24142.0,24385.53,10.561,125.73
2018-10-02,24379.969,24439.97,24084.969,24209.97,24385.531,24453.531,24099.53,24228.531,18.561,252.98
2018-10-03,24211.969,24356.969,24031.969,24248.97,24228.531,24369.531,24038.03,24263.53,14.56,203.82
2018-10-04,24246.969,24256.97,23611.969,23776.97,24263.53,24273.531,23628.03,23789.53,12.56,301.68
2018-10-05,23776.97,23932.969,23547.969,23652.969,23794.531,23950.531,23554.03,23669.53,16.561,365.76
2018-10-08,23662.969,23802.97,23357.969,23542.969,23684.53,23819.531,23369.03,23558.531,15.562,242.61
2018-10-09,23537.969,23592.969,23317.969,23522.97,23558.531,23612.53,23324.03,23544.53,21.56,365.72
2018-10-10,23527.969,23587.97,22672.97,22674.97,23539.53,23604.531,22679.03,22697.53,22.56,475.14
2018-10-11,22667.969,22897.97,22237.969,22512.469,22687.531,22915.531,22253.53,22523.531,11.062,809.18
2018-10-12,22479.97,22747.969,22212.969,22547.969,22493.531,22763.531,22224.03,22559.53,11.561,539.27
2018-10-15,22502.97,22517.97,22029.969,22271.969,22522.531,22532.531,22043.53,22288.53,16.561,489.94
2018-10-16,22271.969,22901.97,22261.97,22851.969,22288.531,22906.531,22283.53,22856.53,4.561,270.67
2018-10-17,22853.969,22946.969,22637.97,22854.0,22856.53,22961.531,22646.531,22855.531,1.531,250.69
2018-10-18,22852.969,22867.97,22155.469,22297.97,22855.531,22870.531,22162.531,22301.53,3.56,356.9
2018-10-19,22294.97,22687.97,22210.469,22447.969,22301.53,22694.031,22218.53,22453.53,5.561,374.04
2018-10-22,22372.5,22707.969,22262.969,22407.97,22374.53,22713.531,22269.53,22415.531,7.561,349.7
2018-10-23,22404.97,22404.97,21636.47,22188.969,22415.531,22415.531,21642.53,22195.53,6.561,441.97
2018-10-24,22183.969,22206.97,21316.969,21381.97,22195.53,22218.531,21323.03,21388.03,6.06,645.44
2018-10-25,21386.97,21788.97,21198.969,21473.97,21393.03,21795.031,21205.03,21480.03,6.06,441.58
2018-10-26,21475.469,21488.97,20791.969,21246.969,21485.531,21495.03,20798.031,21259.53,12.561,598.64
2018-10-29,21331.97,21496.97,20796.969,21016.969,21344.53,21510.531,20803.03,21023.031,6.062,523.16
2018-10-30,21011.97,21706.97,21011.969,21643.97,21018.03,21713.031,21018.03,21650.03,6.06,593.93
2018-10-31,21646.469,21938.47,21556.97,21792.469,21659.531,21949.531,21568.03,21798.03,5.561,275.61
2018-11-01,21793.969,21863.97,21508.97,21802.469,21800.031,21874.531,21515.03,21807.031,4.562,212.29
2018-11-02,21802.469,22315.97,21792.469,22005.969,21805.03,22322.031,21795.03,22012.031,6.062,343.73
2018-11-05,21955.969,22085.97,21865.969,22050.97,21962.031,22092.03,21872.03,22057.03,6.06,219.22
2018-11-06,22045.969,22231.969,21995.97,22176.969,22052.031,22238.031,22002.03,22183.031,6.062,200.42
2018-11-07,22166.97,22551.969,21991.969,22526.969,22173.03,22558.031,21998.03,22533.031,6.062,344.08
2018-11-08,22531.969,22581.97,22358.469,22451.97,22538.031,22585.531,22369.53,22458.03,6.06,236.52
2018-11-09,22453.97,22486.97,22005.469,22106.5,22460.03,22493.031,22013.53,22108.531,2.031,295.22
2018-11-12,22116.969,22326.97,21746.969,21746.97,22123.031,22333.031,21753.03,21753.03,6.06,255.71
2018-11-13,21737.47,21974.0,21467.469,21861.97,21753.03,21975.77,21483.031,21868.03,6.06,419.35
2018-11-14,21859.969,21989.97,21544.469,21661.969,21866.031,21996.03,21561.03,21668.031,6.062,470.9
2018-11-15,21651.469,21934.969,21534.969,21829.97,21668.031,21941.031,21541.03,21836.03,6.06,300.28
2018-11-16,21824.969,21869.97,21489.969,21754.97,21831.031,21876.03,21496.03,21761.03,6.06,172.37
2018-11-19,21664.969,21914.97,21521.969,21551.969,21671.031,21921.031,21528.031,21558.031,6.062,179.72
2018-11-20,21549.97,21684.47,21170.969,21220.969,21556.03,21691.031,21177.03,21227.031,6.062,221.57
2018-11-21,21215.97,21745.97,21215.97,21597.97,21222.03,21752.031,21222.03,21604.03,6.06,246.38
2018-11-22,21595.97,21740.97,21470.97,21630.969,21602.03,21747.03,21477.03,21637.031,6.062,143.9
2018-11-23,21630.969,21685.97,21447.97,21485.969,21637.031,21692.031,21454.03,21492.031,6.062,152.37
2018-11-26,21655.97,22065.97,21632.969,21975.969,21662.03,22072.031,21639.031,21982.031,6.062,257.81
2018-11-27,21970.97,22195.97,21809.47,22075.969,21977.03,22202.031,21822.03,22082.031,6.062,311.98
2018-11-28,22075.969,22420.97,22040.97,22372.969,22082.031,22427.031,22047.03,22379.031,6.062,41.53
2018-11-29,22375.969,22430.97,22182.47,22285.969,22382.031,22434.031,22193.53,22292.031,6.062,7.46
2018-11-30,22275.97,22405.97,22230.5,22390.5,22282.03,22412.031,22232.53,22392.531,2.031,2.07
2018-12-03,22692.97,22715.5,22519.469,22545.969,22699.03,22719.031,22532.031,22552.031,6.062,9.4
2018-12-04,22550.97,22566.47,21574.47,21715.969,22557.03,22587.031,21577.5,21722.031,6.062,20.16
2018-12-05,21707.969,21973.469,21665.97,21770.97,21714.031,21987.03,21672.03,21777.03,6.06,19.39
2018-12-06,21767.969,21796.47,21069.469,21625.969,21774.031,21809.03,21077.03,21632.031,6.062,28.09
2018-12-07,21630.97,21725.47,21245.969,21297.97,21637.03,21737.031,21252.03,21304.03,6.06,109.49
2018-12-10,21210.97,21364.97,20938.47,21269.969,21217.03,21371.031,20949.53,21276.031,6.062,12.04
2018-12-11,21266.969,21529.97,21064.969,21371.97,21273.031,21536.031,21071.03,21378.03,6.06,59.5
2018-12-12,21369.969,21826.969,21319.97,21756.97,21376.031,21831.532,21326.03,21763.03,6.06,46.43
2018-12-13,21759.969,21914.97,21673.469,21679.97,21766.031,21921.031,21681.031,21686.03,6.06,5.72
2018-12-14,21669.97,21751.97,21249.469,21293.47,21676.03,21758.03,21271.03,21311.031,17.561,292.85
2018-12-17,21391.97,21564.969,21074.469,21249.969,21398.03,21576.031,21096.03,21256.031,6.062,304.97
2018-12-18,21229.469,21334.97,20971.969,21099.969,21251.03,21343.03,20978.03,21106.031,6.062,285.25
2018-12-19,21094.97,21191.75,20564.47,20746.969,21101.03,21195.77,20586.03,20753.031,6.062,312.19
2018-12-20,20749.97,20844.969,20074.469,20309.97,20756.03,20851.031,20098.031,20316.03,6.06,314.38
2018-12-21,20304.969,20334.97,19854.469,19899.969,20311.031,20341.031,19876.03,19906.031,6.062,305.43
2018-12-24,19819.969,19974.97,19321.469,19342.469,19826.031,19981.031,19346.03,19361.03,18.561,203.14
2018-12-25,19144.969,19327.97,19057.969,19327.97,19151.031,19334.03,19064.031,19334.03,6.06,9.58
2018-12-26,19332.97,20142.97,18962.969,20117.97,19339.03,20149.03,18969.03,20124.03,6.06,359.44
2018-12-27,20119.97,20234.969,19547.969,19992.97,20126.03,20241.031,19554.03,19999.03,6.06,355.69
2018-12-28,19989.97,20102.97,19724.469,20024.97,19996.03,20109.03,19737.531,20031.03,6.06,270.96
2018-12-31,20024.969,20076.97,19739.97,19786.969,20031.031,20083.03,19746.03,19793.031,6.062,81.63
2019-01-01,19869.97,19986.97,19869.97,19921.969,19876.03,19993.03,19876.03,19928.031,6.062,3.04
2019-01-02,19924.969,19981.97,19297.469,19401.97,19931.031,19988.03,19316.03,19408.03,6.06,244.03
2019-01-03,19404.969,19686.97,19298.47,19441.97,19411.031,19693.03,19321.031,19448.03,6.06,197.64
2019-01-04,19436.97,20197.47,19219.47,20142.47,19443.03,20223.031,19235.531,20168.031,25.561,123.12
2019-01-07,20181.97,20326.97,19964.47,20178.97,20188.03,20333.031,19993.03,20185.03,6.06,163.81
2019-01-08,20186.969,20431.97,20094.469,20371.969,20193.031,20438.031,20118.03,20378.031,6.062,202.99
2019-01-09,20376.969,20501.97,20172.469,20272.97,20383.031,20508.031,20189.031,20279.03,6.06,397.44
2019-01-10,20274.969,20382.97,20029.469,20299.97,20281.031,20389.03,20049.03,20306.03,6.06,467.8
2019-01-11,20314.97,20382.47,20188.47,20238.469,20321.03,20399.031,20204.03,20254.031,15.562,439.16
2019-01-14,20160.469,20242.969,19979.47,20212.97,20179.03,20249.031,19999.03,20219.03,6.06,297.3
2019-01-15,20212.969,20574.97,20169.469,20572.97,20219.031,20591.03,20189.03,20579.03,6.06,339.11
2019-01-16,20569.97,20582.47,20317.469,20533.97,20576.03,20590.031,20322.031,20540.03,6.06,144.65
2019-01-17,20538.969,20622.47,20199.469,20476.969,20545.031,20628.031,20208.03,20483.031,6.062,137.59
2019-01-18,20471.97,20938.47,20449.469,20923.47,20478.03,20953.03,20458.03,20938.03,14.56,229.9
2019-01-21,20871.97,20883.47,20664.469,20773.97,20878.03,20903.031,20678.031,20780.03,6.06,157.91
2019-01-22,20771.969,20801.47,20334.469,20458.97,20778.031,20818.03,20353.03,20465.03,6.06,296.49
2019-01-23,20458.969,20721.47,20418.469,20514.97,20465.031,20736.031,20431.03,20521.03,6.06,366.67
2019-01-24,20507.47,20654.969,20429.469,20606.969,20521.03,20661.031,20451.03,20613.031,6.062,294.44
2019-01-25,20614.97,20911.965,20589.47,20869.0,20621.03,20918.03,20613.03,20876.03,7.03,239.72
2019-01-28,20754.969,20764.97,20474.969,20538.969,20761.031,20771.031,20481.031,20545.031,6.062,175.39
2019-01-29,20533.969,20762.25,20408.969,20703.97,20540.031,20765.531,20415.03,20710.03,6.06,197.45
2019-01-30,20698.969,20895.97,20518.969,20880.969,20705.031,20902.03,20525.031,20887.031,6.062,155.47
2019-01-31,20877.969,20880.97,20635.969,20785.97,20884.031,20887.03,20642.03,20792.03,6.06,106.8
2019-02-01,20780.969,20925.97,20725.969,20775.97,20787.031,20932.031,20730.0,20792.531,16.561,138.4
2019-02-04,20800.969,20964.97,20800.969,20959.97,20807.031,20966.817,20807.031,20966.03,6.06,97.4
2019-02-05,20959.969,20974.97,20819.969,20936.97,20966.031,20981.031,20826.031,20943.03,6.06,82.94
2019-02-06,20939.969,20959.97,20829.969,20896.969,20946.031,20966.031,20836.03,20903.031,6.062,85.69
2019-02-07,20894.969,20914.97,20464.969,20491.97,20901.031,20921.03,20471.03,20498.03,6.06,96.75
2019-02-08,20489.969,20557.47,20184.969,20319.969,20496.031,20568.53,20189.0,20326.031,6.062,98.27
2019-02-11,20324.97,20494.97,20224.97,20444.97,20329.53,20501.031,20231.03,20451.03,6.06,83.25
2019-02-12,20449.97,21069.97,20426.969,21036.97,20456.03,21076.03,20433.03,21043.03,6.06,229.68
2019-02-13,21041.969,21219.97,20979.47,21149.969,21048.031,21225.531,20994.535,21156.031,6.062,193.1
2019-02-14,21149.969,21257.969,20956.469,20997.969,21154.531,21264.031,20966.031,21004.031,6.062,270.57
2019-02-15,20992.969,21225.97,20835.969,21200.969,20999.031,21230.53,20842.031,21205.531,4.562,241.54
2019-02-18,21287.969,21324.97,21184.469,21259.969,21294.031,21331.031,21197.03,21266.031,6.062,116.68
2019-02-19,21256.97,21414.97,21206.469,21356.969,21263.03,21421.031,21216.031,21363.031,6.062,182.02
2019-02-20,21354.969,21494.97,21303.47,21401.97,21361.031,21501.031,21311.031,21408.03,6.06,225.68
2019-02-21,21404.969,21554.969,21309.47,21376.97,21411.031,21561.031,21318.03,21383.03,6.06,252.51
2019-02-22,21379.97,21509.97,21337.469,21439.97,21386.03,21516.031,21351.03,21446.03,6.06,192.16
2019-02-25,21569.969,21643.97,21448.469,21554.969,21576.031,21650.031,21466.031,21561.031,6.062,192.57
2019-02-26,21549.969,21614.97,21364.469,21496.97,21556.031,21621.03,21381.031,21503.03,6.06,316.61
2019-02-27,21499.97,21603.5,21452.469,21541.97,21506.03,21611.031,21461.03,21548.03,6.06,132.26
2019-02-28,21539.97,21544.97,21279.469,21486.969,21546.03,21551.031,21291.03,21493.031,6.062,207.12
2019-03-01,21484.97,21749.97,21475.469,21739.97,21491.03,21756.031,21486.031,21746.03,6.06,204.51
2019-03-04,21809.97,21869.97,21594.47,21719.969,21816.03,21876.031,21606.03,21726.031,6.062,209.73
2019-03-05,21719.5,21834.969,21650.47,21676.969,21726.031,21841.031,21666.03,21683.031,6.062,243.22
2019-03-06,21679.969,21689.97,21452.969,21462.969,21686.031,21696.031,21459.03,21469.031,6.062,165.36
2019-03-07,21467.97,21492.97,21197.872,21317.97,21474.03,21499.03,21208.53,21324.03,6.06,211.95
2019-03-08,21322.97,21322.97,20831.469,21027.969,21329.03,21329.03,20834.031,21034.031,6.062,295.77
2019-03-11,21059.97,21417.969,20914.469,21387.969,21066.03,21424.031,20939.03,21394.031,6.062,183.11
2019-03-12,21386.25,21562.97,21367.0,21427.97,21394.031,21569.031,21374.03,21434.03,6.06,107.97
2019-03-13,21429.969,21527.969,21167.0,21476.47,21436.031,21534.031,21174.03,21494.031,17.561,182.98
2019-03-14,21487.25,21522.97,21266.469,21382.969,21494.031,21529.031,21279.03,21389.031,6.062,243.74
2019-03-15,21387.969,21552.969,21376.5,21517.0,21394.031,21559.031,21384.03,21524.03,7.03,175.15
2019-03-18,21570.469,21624.969,21499.469,21577.969,21589.031,21631.031,21514.03,21584.031,6.062,128.7
2019-03-19,21572.969,21677.97,21424.47,21547.97,21579.031,21684.031,21436.03,21554.03,6.06,179.54
2019-03-20,21552.969,21652.97,21424.469,21457.97,21559.031,21659.03,21435.531,21464.03,6.06,166.78
2019-03-21,21457.969,21617.0,21317.969,21607.25,21464.031,21624.031,21324.03,21614.03,6.78,130.04
2019-03-22,21602.969,21667.97,21109.469,21179.969,21609.031,21674.031,21121.53,21186.031,6.062,263.32
2019-03-25,21184.5,21214.97,20861.469,21166.469,21191.03,21231.031,20881.03,21191.031,24.562,189.37
2019-03-26,21164.469,21529.97,21161.469,21333.47,21196.03,21536.031,21182.531,21344.53,11.06,217.37
2019-03-27,21329.47,21399.97,21074.97,21199.97,21344.53,21424.031,21081.03,21206.03,6.06,136.94
2019-03-28,21194.969,21285.97,20975.969,21250.97,21201.031,21292.03,20982.03,21257.03,6.06,129.87
2019-03-29,21252.969,21290.97,21155.969,21275.969,21259.031,21297.031,21162.03,21282.031,6.062,80.62
2019-04-01,21555.97,21755.97,21465.969,21745.97,21562.03,21762.031,21472.03,21752.03,6.06,86.5
2019-04-02,21747.969,21755.969,21475.969,21565.969,21754.031,21762.031,21482.03,21572.031,6.062,68.91
2019-04-03,21570.97,21840.97,21490.97,21725.97,21577.03,21847.031,21497.03,21732.03,6.06,94.3
2019-04-04,21730.969,21790.97,21670.969,21750.97,21737.031,21797.031,21677.03,21757.03,6.06,81.28
2019-04-05,21740.97,21859.97,21735.969,21859.969,21747.03,21866.031,21742.031,21866.031,6.062,60.19
2019-04-08,21909.97,21909.97,21716.969,21758.97,21916.03,21916.031,21723.03,21765.03,6.06,56.08
2019-04-09,21763.969,21816.969,21561.969,21566.97,21770.031,21823.031,21568.031,21573.03,6.06,51.1
2019-04-10,21568.969,21736.97,21546.969,21651.969,21575.031,21743.03,21553.03,21658.031,6.062,53.21
2019-04-11,21656.965,21811.97,21621.969,21811.97,21663.03,21818.03,21628.03,21818.03,6.06,51.35
2019-04-12,21806.97,22071.97,21686.969,22056.97,21813.03,22078.03,21693.03,22063.03,6.06,53.46
2019-04-15,22091.97,22226.97,22081.969,22136.969,22098.03,22233.031,22088.03,22143.031,6.062,52.88
2019-04-16,22131.97,22321.969,22126.969,22261.969,22138.03,22328.031,22133.03,22268.031,6.062,53.73
2019-04-17,22256.97,22346.97,22181.969,22276.969,22263.03,22353.031,22188.03,22283.031,6.062,60.22
2019-04-18,22281.969,22296.969,22051.969,22251.969,22288.031,22303.031,22058.031,22258.031,6.062,73.13
2019-04-22,22203.969,22281.97,22091.969,22246.969,22210.031,22288.031,22098.03,22253.031,6.062,48.19
2019-04-23,22251.969,22376.97,22121.969,22351.969,22258.031,22383.031,22128.03,22358.031,6.062,48.18
2019-04-24,22356.969,22361.97,22123.969,22193.97,22363.031,22368.031,22130.03,22200.03,6.06,66.09
2019-04-25,22198.969,22358.97,22148.969,22163.97,22205.031,22365.031,22155.03,22170.03,6.06,70.02
2019-04-26,22168.97,22338.97,22063.97,22333.969,22175.03,22345.03,22070.03,22340.031,6.062,96.73
2019-04-29,22363.97,22453.97,22348.969,22378.97,22370.03,22460.031,22355.03,22385.03,6.06,26.16
2019-04-30,22380.97,22413.97,22263.969,22408.97,22387.03,22420.031,22270.03,22415.03,6.06,26.04
2019-05-01,22410.97,22473.97,22180.969,22190.969,22417.03,22480.031,22187.031,22197.031,6.062,28.55
2019-05-02,22193.969,22368.969,22173.969,22283.97,22200.031,22375.031,22180.03,22290.03,6.06,57.35
2019-05-03,22278.97,22488.97,22213.969,22478.969,22285.03,22495.03,22220.03,22485.031,6.062,33.57
2019-05-06,22040.97,22228.97,21913.969,22123.969,22047.03,22235.031,21920.03,22130.031,6.062,110.41
2019-05-07,22128.97,22153.969,21513.97,21603.97,22135.03,22160.031,21520.03,21610.03,6.06,152.49
2019-05-08,21598.969,21673.97,21415.969,21493.969,21605.031,21680.03,21422.031,21500.031,6.062,163.87
2019-05-09,21498.97,21548.97,21065.969,21373.97,21505.03,21555.031,21072.031,21380.03,6.06,156.41
2019-05-10,21378.97,21583.97,21068.969,21488.97,21385.03,21590.03,21075.03,21495.03,6.06,238.03
2019-05-13,21178.969,21278.97,20755.97,20763.97,21185.031,21285.031,20762.03,20770.03,6.06,190.23
2019-05-14,20758.97,21188.969,20753.969,21123.969,20765.03,21195.031,20760.03,21130.031,6.062,124.41
2019-05-15,21118.969,21188.97,20878.969,21145.969,21125.031,21195.031,20885.03,21152.031,6.062,130.73
2019-05-16,21143.969,21338.97,20938.969,21258.969,21150.031,21345.031,20945.031,21265.031,6.062,121.72
2019-05-17,21263.969,21390.969,21138.969,21223.969,21270.031,21397.031,21145.03,21230.031,6.062,162.55
2019-05-20,21293.97,21433.97,21053.97,21203.969,21300.03,21440.03,21060.03,21210.031,6.062,161.57
2019-05-21,21208.97,21403.97,21153.969,21383.969,21215.03,21410.031,21160.03,21390.031,6.062,96.67
2019-05-22,21388.969,21398.969,21168.97,21173.969,21395.031,21405.031,21175.03,21180.031,6.062,104.79
2019-05-23,21175.969,21208.97,20813.969,20908.97,21182.031,21215.031,20820.031,20915.03,6.06,181.61
2019-05-24,20913.97,21188.97,20903.969,21123.969,20920.03,21195.031,20910.031,21130.031,6.062,126.73
2019-05-27,21158.97,21258.97,21103.969,21205.969,21165.03,21265.031,21110.03,21212.031,6.062,72.67
2019-05-28,21203.97,21288.97,20968.969,21038.97,21210.03,21295.031,20975.03,21045.03,6.06,140.68
2019-05-29,21033.969,21058.97,20724.969,20884.97,21040.031,21065.031,20731.03,20891.03,6.06,193.29
2019-05-30,20879.97,20987.97,20742.969,20772.969,20886.03,20994.031,20749.03,20779.031,6.062,138.68
2019-05-31,20777.97,20817.97,20377.969,20422.969,20784.03,20824.031,20384.03,20429.031,6.062,207.74
2019-06-03,20317.969,20529.97,20294.969,20429.969,20324.031,20536.031,20301.03,20436.031,6.062,256.29
2019-06-04,20431.969,20764.969,20284.969,20746.969,20438.031,20771.031,20291.03,20753.031,6.062,168.1
2019-06-05,20744.97,20874.969,20644.969,20754.97,20751.03,20881.031,20651.03,20761.03,6.06,170.69
2019-06-06,20751.97,20914.97,20744.969,20869.969,20758.03,20921.031,20751.03,20876.031,6.062,132.0
2019-06-07,20864.97,21056.97,20814.969,21036.969,20871.03,21063.031,20821.031,21043.031,6.062,94.69
2019-06-10,21111.97,21191.97,21071.969,21086.97,21118.03,21198.031,21078.03,21093.03,6.06,99.21
2019-06-11,21091.97,21326.97,21066.969,21141.969,21098.03,21333.031,21073.03,21148.031,6.062,108.89
2019-06-12,21136.97,21256.97,21021.969,21061.969,21143.03,21263.031,21028.03,21068.031,6.062,127.7
2019-06-13,21056.969,21127.97,20922.969,21032.969,21063.031,21134.03,20929.03,21039.031,6.062,150.8
2019-06-14,21037.969,21112.97,20972.969,21042.97,21044.031,21119.031,20979.03,21049.03,6.06,107.42
2019-06-17,21072.969,21187.97,21047.969,21102.969,21079.031,21194.03,21054.03,21109.031,6.062,65.62
2019-06-18,21107.969,21297.97,20902.969,21274.969,21114.031,21304.031,20909.031,21281.031,6.062,105.38
2019-06-19,21272.969,21442.97,21254.97,21422.969,21279.031,21449.031,21261.03,21429.031,6.062,97.47
2019-06-20,21419.97,21627.97,21362.969,21487.969,21426.03,21634.031,21369.03,21494.031,6.062,106.88
2019-06-21,21482.969,21489.97,21212.969,21232.969,21489.031,21496.031,21219.03,21239.031,6.062,110.73
2019-06-24,21222.969,21327.97,21179.969,21227.97,21229.031,21334.031,21186.031,21234.03,6.06,77.78
2019-06-25,21232.969,21307.97,21054.97,21077.969,21239.031,21314.03,21061.03,21084.031,6.062,102.56
2019-06-26,21072.969,21262.97,21037.969,21142.969,21079.031,21269.031,21044.03,21149.031,6.062,86.5
2019-06-27,21147.969,21337.969,21122.969,21267.97,21154.031,21344.031,21129.03,21274.03,6.06,97.44
2019-06-28,21272.969,21337.97,21192.969,21337.97,21279.031,21344.031,21199.031,21344.03,6.06,61.49
2019-07-01,21672.97,21842.97,21557.969,21697.97,21679.03,21849.031,21564.03,21704.03,6.06,82.77
2019-07-02,21702.97,21782.97,21647.969,21692.97,21709.03,21789.031,21654.031,21699.03,6.06,68.75
2019-07-03,21697.969,21742.97,21562.969,21732.969,21704.031,21749.031,21569.03,21739.031,6.062,56.96
2019-07-04,21727.969,21752.969,21669.969,21697.969,21734.031,21759.031,21676.03,21704.031,6.062,26.94
2019-07-05,21699.969,21737.97,21592.969,21682.969,21706.031,21744.031,21599.031,21689.031,6.062,69.66
2019-07-08,21662.97,21662.97,21497.969,21607.97,21669.03,21669.03,21504.03,21614.03,6.06,66.6
2019-07-09,21602.97,21692.97,21480.969,21530.969,21609.03,21699.03,21487.03,21537.031,6.062,63.92
2019-07-10,21532.969,21643.97,21493.969,21558.97,21539.031,21650.031,21500.03,21565.03,6.06,75.64
2019-07-11,21553.969,21688.97,21533.969,21688.969,21560.031,21695.031,21540.03,21695.031,6.062,68.54
2019-07-12,21698.969,21713.97,21588.969,21608.97,21705.031,21720.03,21595.03,21615.03,6.06,52.33
2019-07-15,21580.97,21708.97,21535.969,21633.969,21587.03,21715.031,21542.031,21640.031,6.062,26.36
2019-07-16,21638.969,21653.97,21468.969,21490.969,21645.031,21660.03,21475.03,21497.031,6.062,50.47
2019-07-17,21488.969,21493.969,21296.969,21333.969,21495.031,21500.031,21303.03,21340.031,6.062,56.5
2019-07-18,21336.97,21341.97,20986.969,21151.969,21343.03,21348.031,20993.03,21158.031,6.062,87.04
2019-07-19,21146.97,21476.97,21116.969,21301.969,21153.03,21483.031,21123.03,21308.031,6.062,87.32
2019-07-22,21391.97,21451.97,21311.969,21421.97,21398.03,21458.03,21318.031,21428.03,6.06,74.01
2019-07-23,21426.97,21746.97,21401.969,21736.97,21433.03,21753.031,21408.031,21743.03,6.06,60.72
2019-07-24,21736.969,21796.97,21631.969,21786.97,21743.031,21803.031,21638.03,21793.03,6.06,58.03
2019-07-25,21791.97,21826.97,21626.969,21681.97,21798.03,21833.031,21633.031,21688.03,6.06,71.15
2019-07-26,21686.969,21706.97,21588.969,21673.97,21693.031,21713.031,21595.03,21680.03,6.06,50.3
2019-07-29,21638.97,21697.97,21513.969,21672.969,21645.03,21704.03,21520.03,21679.031,6.062,46.15
2019-07-30,21677.969,21792.97,21477.969,21527.97,21684.031,21799.031,21484.03,21534.03,6.06,80.42
2019-07-31,21522.969,21587.97,21267.969,21357.97,21529.031,21594.031,21274.031,21364.03,6.06,157.76
2019-08-01,21352.97,21594.97,21024.969,21109.969,21359.03,21601.031,21031.03,21116.031,6.062,251.99
2019-08-02,21114.969,21179.97,20779.969,20904.97,21121.031,21186.031,20786.031,20911.03,6.06,289.95
2019-08-05,20904.97,20939.97,19989.97,20046.969,20911.03,20946.031,19996.03,20053.031,6.062,384.31
2019-08-06,20044.97,20674.97,20044.969,20549.969,20051.03,20681.031,20051.03,20556.031,6.062,367.99
2019-08-07,20554.97,20674.97,20234.969,20539.97,20561.03,20681.03,20241.03,20546.03,6.06,409.07
2019-08-08,20539.969,20814.97,20461.97,20759.97,20546.031,20821.031,20468.03,20766.03,6.06,233.13
2019-08-09,20764.969,20789.969,20384.969,20509.969,20771.031,20796.031,20391.03,20516.031,6.062,205.57
2019-08-12,20429.97,20600.97,20230.969,20395.97,20436.03,20607.031,20237.03,20402.03,6.06,178.8
2019-08-13,20400.969,20787.97,20232.969,20702.969,20407.031,20794.03,20239.03,20709.031,6.062,262.34
2019-08-14,20707.969,20707.97,20107.969,20237.969,20714.031,20714.031,20114.03,20244.031,6.062,301.53
2019-08-15,20242.97,20522.969,20172.969,20327.97,20249.03,20529.031,20179.031,20334.03,6.06,419.39
2019-08-16,20322.969,20612.969,20297.969,20592.97,20329.031,20619.031,20304.03,20599.03,6.06,179.22
2019-08-19,20612.969,20702.97,20497.969,20614.969,20619.031,20709.031,20504.03,20621.031,6.062,128.48
2019-08-20,20617.97,20687.97,20480.969,20490.97,20624.03,20694.03,20487.031,20497.03,6.06,139.93
2019-08-21,20492.969,20760.97,20485.969,20712.97,20499.031,20767.031,20492.03,20719.03,6.06,107.25
2019-08-22,20715.97,20735.97,20545.969,20620.97,20722.03,20742.031,20552.03,20627.03,6.06,149.2
2019-08-23,20615.969,20740.97,20145.97,20205.969,20622.031,20747.03,20152.03,20212.031,6.062,254.17
2019-08-26,20125.969,20615.969,20125.969,20470.969,20132.031,20622.031,20132.03,20477.031,6.062,321.05
2019-08-27,20472.969,20580.97,20385.97,20470.969,20479.031,20587.03,20392.03,20477.031,6.062,203.62
2019-08-28,20465.969,20535.97,20330.969,20487.969,20472.031,20542.031,20337.031,20494.031,6.062,176.89
2019-08-29,20484.969,20727.97,20357.969,20657.97,20491.031,20734.031,20364.03,20664.03,6.06,134.15
2019-08-30,20667.97,20797.97,20622.969,20662.97,20674.03,20804.03,20629.03,20669.03,6.06,91.96
2019-09-02,20602.97,20667.97,20517.969,20572.97,20609.03,20674.031,20524.03,20579.03,6.06,61.61
2019-09-03,20577.969,20677.97,20517.969,20577.97,20584.031,20684.031,20524.031,20584.03,6.06,135.59
2019-09-04,20579.97,20817.97,20557.969,20794.97,20586.03,20824.031,20564.03,20801.03,6.06,66.22
2019-09-05,20792.969,21265.97,20787.969,21205.969,20799.031,21272.031,20794.03,21212.031,6.062,118.99
2019-09-06,21207.969,21243.97,21133.969,21218.969,21214.031,21250.031,21140.03,21225.031,6.062,79.41
2019-09-09,21203.97,21386.97,21183.969,21376.969,21210.03,21393.031,21190.03,21383.031,6.062,58.38
2019-09-10,21373.969,21481.97,21291.97,21466.97,21380.031,21488.03,21298.03,21473.03,6.06,72.6
2019-09-11,21463.97,21821.969,21441.969,21788.969,21470.03,21828.031,21448.03,21795.031,6.062,80.6
2019-09-12,21791.97,21899.969,21689.969,21899.969,21798.03,21906.031,21696.03,21906.031,6.062,116.49
2019-09-13,21909.97,22089.97,21819.969,22044.97,21916.03,22096.03,21826.03,22051.03,6.06,69.72
2019-09-16,21864.97,22019.97,21794.969,21939.969,21871.03,22026.03,21801.03,21946.031,6.062,55.39
2019-09-17,21934.969,22039.97,21874.969,22011.969,21941.031,22046.031,21881.031,22018.031,6.062,81.53
2019-09-18,22014.97,22084.97,21919.969,22064.969,22021.03,22091.031,21926.03,22071.031,6.062,66.31
2019-09-19,22059.97,22259.969,21994.969,22134.969,22066.03,22266.031,22001.03,22141.031,6.062,107.84
2019-09-20,22131.969,22194.97,21949.969,21964.969,22138.031,22201.031,21956.03,21971.031,6.062,86.82
2019-09-23,22064.97,22126.969,21854.969,22071.97,22071.03,22133.031,21861.03,22078.03,6.06,59.13
2019-09-24,22079.969,22164.97,21824.969,21964.969,22086.031,22171.031,21831.03,21971.031,6.062,122.75
2019-09-25,21969.969,22169.969,21824.97,22161.97,21976.031,22176.031,21831.03,22168.03,6.06,127.58
2019-09-26,22164.97,22184.969,21984.97,21992.969,22171.03,22191.031,21991.03,21999.031,6.062,102.28
2019-09-27,21987.969,22002.969,21682.969,21722.97,21994.031,22009.031,21689.031,21729.03,6.06,151.56
2019-09-30,21757.969,21885.97,21660.969,21815.97,21764.031,21892.03,21667.03,21822.03,6.06,100.55
2019-10-01,21817.969,22030.97,21665.969,21725.969,21824.031,22037.03,21672.03,21732.031,6.062,115.76
2019-10-02,21730.969,21791.97,21286.969,21386.969,21737.031,21798.031,21293.03,21393.031,6.062,151.82
2019-10-03,21391.969,21421.97,21056.969,21328.97,21398.031,21428.03,21063.03,21335.03,6.06,179.34
2019-10-04,21326.97,21549.97,21271.969,21539.97,21333.03,21556.031,21278.031,21546.03,6.06,119.27
2019-10-07,21439.969,21607.97,21329.969,21487.97,21446.031,21614.031,21336.03,21494.03,6.06,106.44
2019-10-08,21482.969,21634.97,21324.969,21359.97,21489.031,21641.031,21331.031,21366.03,6.06,163.91
2019-10-09,21362.97,21619.97,21339.969,21444.969,21369.03,21626.03,21346.03,21451.031,6.062,121.04
2019-10-10,21449.97,21759.969,21309.969,21726.969,21456.03,21766.031,21316.03,21733.031,6.062,180.58
2019-10-11,21734.97,22249.97,21674.969,22044.97,21741.03,22256.031,21681.03,22051.03,6.06,148.56
2019-10-14,22104.97,22114.97,21884.969,22094.97,22111.03,22121.031,21891.031,22101.03,6.06,70.97
2019-10-15,22089.969,22569.97,22039.969,22504.969,22096.031,22576.031,22046.03,22511.031,6.062,91.72
2019-10-16,22499.969,22619.97,22431.969,22469.969,22506.031,22626.03,22438.03,22476.031,6.062,98.96
2019-10-17,22464.969,22692.97,22424.969,22527.97,22471.031,22699.031,22431.03,22534.03,6.06,96.19
2019-10-18,22522.97,22652.969,22407.969,22492.969,22529.03,22659.031,22414.031,22499.031,6.062,92.37
2019-10-21,22532.969,22702.97,22517.969,22687.97,22539.031,22709.031,22524.03,22694.03,6.06,54.62
2019-10-22,22682.97,22807.97,22622.969,22679.969,22689.03,22814.03,22629.03,22686.031,6.062,39.92
2019-10-23,22677.97,22817.97,22482.969,22774.97,22684.03,22824.031,22489.03,22781.03,6.06,87.06
2019-10-24,22769.969,22862.97,22727.969,22779.97,22776.031,22869.031,22734.03,22786.03,6.06,66.7
2019-10-25,22777.97,22847.97,22707.969,22822.97,22784.03,22854.031,22714.03,22829.03,6.06,57.24
2019-10-28,22849.969,22977.97,22822.969,22952.97,22856.031,22984.031,22829.03,22959.03,6.06,50.78
2019-10-29,22947.969,22992.97,22895.969,22930.969,22954.031,22999.031,22902.03,22937.031,6.062,57.54
2019-10-30,22935.97,22951.97,22761.969,22941.97,22942.03,22958.031,22768.03,22948.03,6.06,68.39
2019-10-31,22946.969,22991.97,22658.969,22713.969,22953.031,22998.031,22665.03,22720.031,6.062,103.13
2019-11-01,22708.969,22998.969,22703.969,22948.97,22715.031,23005.031,22710.03,22955.03,6.06,73.77
2019-11-04,22965.97,23183.97,22953.97,23158.97,22972.03,23190.031,22960.03,23165.03,6.06,27.17
2019-11-05,23208.97,23374.97,23134.969,23316.969,23215.03,23381.031,23141.031,23323.031,6.062,69.87
2019-11-06,23319.97,23374.97,23244.969,23264.969,23326.03,23381.03,23251.03,23271.031,6.062,61.38
2019-11-07,23261.97,23648.97,23253.969,23555.97,23268.03,23655.031,23260.03,23562.03,6.06,82.59
2019-11-08,23563.969,23598.97,23305.969,23470.969,23570.031,23605.031,23312.03,23477.031,6.062,95.0
2019-11-11,23440.969,23465.97,23225.969,23330.97,23447.031,23472.031,23232.03,23337.03,6.06,66.65
2019-11-12,23335.969,23578.97,23310.969,23438.97,23342.031,23585.031,23317.03,23445.03,6.06,76.06
2019-11-13,23435.97,23448.97,23163.969,23328.97,23442.03,23455.031,23170.03,23335.03,6.06,92.95
2019-11-14,23325.969,23343.97,23008.969,23165.97,23332.031,23350.031,23015.03,23172.03,6.06,100.05
2019-11-15,23168.969,23398.97,23118.97,23398.969,23175.031,23405.031,23125.03,23405.031,6.062,86.08
2019-11-18,23295.969,23493.97,23268.969,23353.969,23302.031,23500.031,23275.03,23360.031,6.062,79.29
2019-11-19,23358.969,23434.97,23154.969,23171.97,23365.031,23441.03,23161.031,23178.03,6.06,85.14
2019-11-20,23174.969,23299.97,23014.969,23066.969,23181.031,23306.031,23021.031,23073.031,6.062,142.02
2019-11-21,23064.969,23159.97,22724.969,23039.97,23071.031,23166.031,22731.03,23046.03,6.06,164.98
2019-11-22,23034.969,23210.97,23029.969,23165.97,23041.031,23217.03,23036.031,23172.03,6.06,83.63
2019-11-25,23297.97,23457.97,23252.969,23452.97,23304.03,23464.031,23259.03,23459.03,6.06,53.08
2019-11-26,23454.969,23617.969,23312.969,23449.97,23461.031,23624.031,23319.03,23456.03,6.06,87.29
2019-11-27,23447.97,23592.97,23417.969,23462.969,23454.03,23599.031,23424.03,23469.031,6.062,49.82
2019-11-28,23462.97,23494.97,23372.969,23479.97,23469.03,23501.03,23379.03,23486.03,6.06,38.86
2019-11-29,23474.969,23492.97,23277.969,23329.969,23481.031,23499.03,23284.03,23336.031,6.062,56.43
2019-12-02,23382.969,23592.97,23067.969,23212.97,23389.031,23599.031,23074.03,23219.03,6.06,107.24
2019-12-03,23217.97,23387.97,22897.969,23147.97,23224.03,23394.031,22904.03,23154.03,6.06,153.78
2019-12-04,23142.969,23377.97,22972.969,23299.97,23149.031,23384.031,22979.03,23306.03,6.06,129.87
2019-12-05,23302.969,23439.969,23244.969,23339.969,23309.031,23446.031,23251.031,23346.031,6.062,96.22
2019-12-06,23344.969,23554.97,23314.969,23519.969,23351.031,23561.031,23321.03,23526.031,6.062,73.0
2019-12-09,23541.969,23544.97,23348.97,23363.969,23548.031,23551.03,23355.03,23370.031,6.062,63.47
2019-12-10,23368.969,23479.97,23259.969,23419.97,23375.031,23486.031,23266.03,23426.03,6.06,128.3
2019-12-11,23424.969,23466.969,23319.97,23441.97,23431.031,23473.031,23326.03,23448.03,6.06,93.19
2019-12-12,23444.969,24004.97,23364.97,23929.97,23451.031,24011.031,23371.03,23936.03,6.06,156.18
2019-12-13,23934.969,24094.97,23789.969,23934.97,23941.031,24101.031,23796.03,23941.03,6.06,214.37
2019-12-16,23949.969,24164.97,23939.969,24089.969,23956.031,24171.03,23946.031,24096.031,6.062,67.55
2019-12-17,24084.97,24094.97,23984.969,24024.969,24091.03,24101.031,23991.03,24031.031,6.062,64.23
2019-12-18,24029.969,24039.97,23859.969,23889.969,24036.031,24046.031,23866.031,23896.031,6.062,55.23
2019-12-19,23894.969,23934.97,23789.969,23891.969,23901.031,23941.031,23796.03,23898.031,6.062,59.05
2019-12-20,23886.969,23899.97,23737.969,23862.97,23893.031,23906.031,23744.03,23869.03,6.06,62.11
2019-12-23,23897.969,23907.969,23787.969,23839.97,23904.031,23914.031,23794.031,23846.03,6.06,38.93
2019-12-24,23832.97,23842.97,23787.97,23817.969,23839.03,23849.03,23794.03,23824.031,6.062,18.31
2019-12-25,23792.97,23797.97,23757.969,23767.97,23799.03,23804.031,23764.03,23774.03,6.06,0.91
2019-12-26,23772.97,23987.969,23764.969,23947.969,23779.03,23994.031,23771.03,23954.031,6.062,27.21
2019-12-27,23942.97,23957.97,23770.32,23810.32,23949.03,23964.031,23777.63,23817.53,7.21,51.42
2019-12-30,23786.0,23790.37,23415.27,23450.47,23792.48,23797.68,23422.0,23457.63,7.16,93.49
2019-12-31,23445.37,23476.0,23315.32,23470.42,23452.58,23482.68,23322.63,23477.68,7.26,38.13
2020-01-01,23477.32,23556.0,23445.52,23540.47,23484.73,23562.63,23452.58,23547.48,7.01,2.21
2020-01-02,23542.47,23800.27,23505.37,23720.47,23549.73,23807.58,23512.0,23727.68,7.21,43.34
2020-01-03,23717.42,23720.52,23170.27,23305.42,23724.73,23727.73,23177.0,23312.48,7.06,123.98
2020-01-06,23275.32,23360.32,23055.27,23311.0,23282.73,23367.73,23062.0,23317.68,6.68,131.76
2020-01-07,23305.47,23576.0,23015.27,23167.37,23312.68,23582.73,23022.73,23174.68,7.31,151.26
2020-01-08,23172.47,23611.0,22940.27,23556.0,23179.53,23617.73,22947.58,23562.48,6.48,271.17
2020-01-09,23560.52,23819.52,23545.27,23764.32,23567.63,23826.63,23552.0,23771.53,7.21,99.46
2020-01-10,23769.52,23904.52,23664.27,23712.42,23776.68,23911.73,23671.48,23719.53,7.11,86.5
2020-01-13,23737.47,23987.32,23722.27,23977.27,23744.58,23994.58,23729.58,23984.58,7.31,49.05
2020-01-14,23979.27,24052.52,23862.32,23922.42,23986.48,24059.73,23869.58,23929.58,7.16,111.07
2020-01-15,23924.42,24002.32,23870.32,23965.47,23931.63,24009.53,23877.0,23972.53,7.06,98.26
2020-01-16,23970.32,24140.27,23900.37,24111.0,23977.0,24147.73,23907.0,24117.48,6.48,75.78
2020-01-17,24107.47,24120.42,24008.27,24063.32,24114.73,24127.63,24015.0,24070.68,7.36,57.73
2020-01-20,24073.47,24103.52,24028.27,24055.32,24080.58,24110.68,24035.0,24062.48,7.16,26.15
2020-01-21,24059.0,24068.37,23774.37,23821.42,24065.68,24075.68,23781.0,23828.63,7.21,107.77
2020-01-22,23826.52,24046.52,23772.0,23824.27,23833.0,24053.73,23778.53,23831.68,7.41,78.67
2020-01-23,23830.0,23909.47,23629.27,23854.47,23836.0,23916.73,23636.48,23861.48,7.01,122.4
2020-01-24,23860.0,23915.0,23569.27,23659.47,23866.0,23921.73,23576.0,23666.58,7.11,127.97
2020-01-27,23329.37,23459.52,23051.37,23139.27,23336.68,23466.53,23058.73,23146.68,7.41,169.95
2020-01-28,23134.52,23376.47,23014.47,23300.0,23141.58,23383.68,23021.48,23306.73,6.73,131.15
2020-01-29,23295.0,23417.0,23204.27,23268.27,23301.68,23423.48,23211.0,23275.48,7.21,114.38
2020-01-30,23273.27,23305.47,22838.42,23148.27,23280.53,23312.53,22845.53,23155.68,7.41,215.4
2020-01-31,23143.52,23423.52,22633.27,22703.47,23150.63,23430.63,22640.0,22710.0,6.53,229.51
2020-02-03,22779.0,23036.0,22743.27,22870.42,22785.53,23042.73,22750.48,22877.73,7.31,199.54
2020-02-04,22875.52,23422.52,22845.37,23332.52,22882.63,23429.73,22852.0,23339.48,6.96,148.23
2020-02-05,23337.42,23730.37,23237.32,23673.0,23344.48,23737.58,23244.53,23679.53,6.53,188.99
2020-02-06,23682.47,24038.42,23655.27,23964.0,23689.0,24045.68,23662.48,23970.73,6.73,143.93
2020-02-07,23968.47,23973.47,23678.27,23693.37,23975.73,23980.73,23685.0,23700.53,7.16,150.97
2020-02-10,23620.27,23816.52,23571.52,23734.0,23627.48,23823.68,23578.53,23740.68,6.68,124.29
2020-02-11,23737.0,24032.0,23691.37,23856.47,23743.63,24038.53,23698.53,23863.0,6.53,69.59
2020-02-12,23861.42,23991.27,23726.32,23862.0,23868.63,23998.63,23733.0,23868.58,6.58,96.69
2020-02-13,23859.0,23906.52,23574.32,23664.27,23865.0,23913.58,23581.0,23671.73,7.46,145.94
2020-02-14,23679.27,23780.0,23484.27,23544.42,23686.58,23786.73,23491.0,23551.53,7.11,89.1
2020-02-17,23510.0,23575.0,23334.37,23409.47,23516.0,23581.73,23341.53,23416.48,7.01,58.08
2020-02-18,23406.27,23410.0,23099.27,23324.42,23413.0,23416.68,23106.53,23331.0,6.58,114.87
2020-02-19,23331.42,23690.0,23234.32,23669.42,23338.68,23696.73,23241.0,23676.58,7.16,102.55
2020-02-20,23671.37,23806.42,23336.42,23409.47,23678.68,23813.73,23343.73,23416.63,7.16,200.51
2020-02-21,23404.52,23589.27,23109.32,23224.47,23411.58,23596.73,23116.0,23231.58,7.11,182.85
2020-02-24,22824.27,22864.52,22084.32,22376.27,22831.68,22871.68,22091.48,22383.68,7.41,280.81
2020-02-25,22371.27,22747.52,21907.32,22335.0,22378.73,22754.53,21914.48,22341.63,6.63,359.61
2020-02-26,22329.47,22516.0,22005.47,22261.37,22336.53,22522.68,22012.53,22268.48,7.11,451.88
2020-02-27,22263.52,22273.52,21147.37,21384.37,22270.53,22280.63,21154.0,21391.58,7.21,468.91
2020-02-28,21377.27,21450.0,20462.27,20937.52,21384.58,21456.73,20469.0,20944.68,7.16,792.19
2020-03-02,20812.27,21687.47,20682.27,21678.0,20819.53,21694.63,20689.53,21684.68,6.68,835.76
2020-03-03,21682.32,21727.27,20677.37,20900.0,21689.58,21734.68,20684.0,20906.53,6.53,697.59
2020-03-04,20894.52,21458.0,20867.27,21424.52,20901.48,21464.63,20874.53,21431.58,7.06,560.91
2020-03-05,21430.0,21430.0,20742.27,20979.47,21436.68,21436.68,20749.0,20986.73,7.26,476.81
2020-03-06,20977.42,21062.32,20207.27,20454.37,20984.73,21069.63,20214.0,20461.68,7.31,668.06
2020-03-09,19839.42,19962.42,18502.27,19319.52,19846.68,19969.58,18509.48,19326.48,6.96,740.13
2020-03-10,19317.47,20192.52,18887.32,19679.52,19324.68,20199.68,18894.0,19686.0,6.48,852.32
2020-03-11,19673.0,19975.0,18893.47,18971.0,19679.63,19981.73,18900.0,18977.68,6.68,884.51
2020-03-12,18973.37,19145.52,16784.37,16922.0,18980.68,19152.68,16791.48,16928.0,6.0,863.08
2020-03-13,16924.52,18434.52,16666.42,18134.32,16931.58,18441.73,16673.63,18141.53,7.21,883.47
2020-03-16,17561.47,17792.0,16064.52,16619.47,17568.73,17798.63,16071.63,16626.0,6.53,746.86
2020-03-17,16629.27,17552.52,16357.37,17114.42,16636.63,17559.53,16364.53,17121.58,7.16,918.92
2020-03-18,17119.52,17532.0,16204.27,17101.32,17126.0,17538.0,16211.53,17108.0,6.68,722.1
2020-03-19,17111.27,17549.52,16270.0,17346.42,17118.63,17556.73,16276.53,17353.58,7.16,1046.7
2020-03-20,17339.37,18049.52,17086.37,17231.52,17346.53,18056.48,17093.48,17238.68,7.16,456.62
2020-03-23,16541.42,17880.0,16464.42,17661.42,16548.53,17886.68,16471.58,17668.58,7.16,888.29
2020-03-24,17666.42,19266.42,17546.37,18946.47,17673.53,19273.68,17553.53,18953.0,6.53,700.56
2020-03-25,18952.0,19644.47,18554.37,19001.47,18958.48,19651.63,18561.0,19008.58,7.11,943.66
2020-03-26,18996.42,19334.37,18381.32,19276.37,19003.58,19339.386,18388.48,19283.63,7.26,925.43
2020-03-27,19281.37,19374.37,18699.27,18729.32,19288.0,19381.53,18706.0,18736.73,7.41,777.37
2020-03-30,18590.47,19204.52,18477.32,19164.27,18597.73,19211.68,18484.0,19171.53,7.26,446.51
2020-03-31,19169.37,19342.27,18527.32,18589.37,19176.48,19349.48,18534.68,18596.0,6.63,634.51
2020-04-01,18597.32,18784.32,17589.27,17896.32,18604.0,18791.53,17596.0,17903.53,7.21,549.25
2020-04-02,17906.37,18159.37,17549.27,17951.52,17913.73,18166.73,17556.0,17958.58,7.06,498.4
2020-04-03,17944.42,18067.0,17594.27,17702.0,17951.0,18073.73,17601.0,17708.68,6.68,452.73
2020-04-06,17840.0,19036.47,17789.32,19036.47,17846.63,19043.58,17796.0,19043.53,7.06,470.27
2020-04-07,19041.37,19886.47,18544.37,19019.42,19048.63,19893.53,18551.63,19026.48,7.06,714.35
2020-04-08,19014.32,19462.0,18726.52,19348.32,19021.68,19468.63,18733.73,19355.48,7.16,663.02
2020-04-09,19353.37,19645.0,19159.27,19476.52,19360.48,19651.0,19166.48,19483.73,7.21,595.83
2020-04-13,19246.37,19374.47,18964.27,19145.0,19253.68,19381.58,18971.0,19151.0,6.0,336.34
2020-04-14,19139.47,19716.37,19099.32,19546.27,19146.53,19723.63,19106.53,19553.58,7.31,385.61
2020-04-15,19552.0,19657.0,19191.47,19263.27,19558.0,19663.73,19198.53,19270.48,7.21,382.64
2020-04-16,19268.52,19803.37,19006.42,19673.32,19275.73,19810.63,19013.0,19680.58,7.26,407.86
2020-04-17,19676.32,19926.52,19384.27,19614.27,19683.58,19933.68,19391.0,19621.58,7.31,413.8
2020-04-20,19576.27,19785.0,19309.32,19449.52,19583.53,19791.48,19316.58,19456.73,7.21,362.18
2020-04-21,19445.0,19535.0,18984.32,19089.47,19451.63,19541.53,18991.0,19096.63,7.16,453.58
2020-04-22,19086.32,19350.0,18849.37,19274.47,19093.58,19356.68,18856.48,19281.73,7.26,330.68
2020-04-23,19276.27,19674.0,19219.27,19328.52,19283.58,19680.73,19226.0,19335.53,7.01,343.01
2020-04-24,19330.47,19483.42,19165.37,19448.37,19337.48,19490.53,19172.0,19455.68,7.31,262.92
2020-04-27,19473.52,19846.42,19438.32,19781.47,19480.0,19853.58,19445.58,19788.58,7.11,213.29
2020-04-28,19786.52,20157.0,19631.42,19946.32,19793.73,20163.68,19638.0,19953.68,7.36,232.95
2020-04-29,19948.37,20524.0,19946.32,20313.27,19955.53,20530.68,19953.63,20320.53,7.26,184.73
2020-04-30,20311.37,20365.0,19824.42,19936.32,20318.0,20371.73,19831.53,19943.68,7.36,310.66
2020-05-01,19941.42,19947.0,19461.27,19521.42,19948.48,19953.53,19468.53,19528.48,7.06,212.76
2020-05-04,19276.32,19438.47,19076.27,19422.0,19283.63,19445.73,19083.63,19428.48,6.48,180.94
2020-05-05,19416.32,19757.0,19386.27,19608.37,19423.0,19763.73,19393.48,19615.48,7.11,143.67
2020-05-06,19611.52,19764.0,19323.42,19422.0,19618.63,19770.63,19330.63,19428.63,6.63,163.55
2020-05-07,19417.0,19940.32,19417.0,19940.32,19423.48,19947.73,19423.48,19947.63,7.31,228.0
2020-05-08,19947.32,20225.0,19900.27,20224.52,19954.53,20231.73,19907.0,20231.0,6.48,193.3
2020-05-11,20334.37,20624.47,20304.37,20421.32,20341.68,20631.58,20311.48,20428.63,7.31,197.34
2020-05-12,20419.47,20510.0,20066.37,20074.32,20426.68,20516.73,20073.68,20081.68,7.36,219.37
2020-05-13,20079.32,20424.42,20046.37,20129.47,20086.53,20431.68,20053.73,20136.58,7.11,288.8
2020-05-14,20134.27,20187.0,19619.27,20164.42,20141.68,20193.73,19626.0,20171.53,7.11,316.23
2020-05-15,20159.32,20189.52,19827.27,20027.27,20166.68,20196.73,19834.48,20034.58,7.31,304.18
2020-05-18,20127.52,20684.37,19998.0,20646.52,20134.63,20691.73,20004.0,20653.73,7.21,201.63
2020-05-19,20654.37,20686.47,20361.27,20437.0,20661.58,20693.63,20368.0,20443.73,6.73,276.1
2020-05-20,20441.32,20816.52,20436.42,20713.37,20448.53,20823.73,20443.0,20720.53,7.16,198.33
2020-05-21,20711.52,20741.27,20451.37,20571.42,20718.63,20748.53,20458.63,20578.48,7.06,198.67
2020-05-22,20576.47,20612.0,20231.47,20551.42,20583.48,20618.73,20238.53,20558.58,7.16,200.88
2020-05-25,20702.0,21012.0,20581.32,20961.42,20708.0,21018.68,20588.0,20968.73,7.31,106.16
2020-05-26,20958.27,21362.0,20931.32,21246.52,20965.63,21368.73,20938.0,21253.63,7.11,199.78
2020-05-27,21251.32,21735.37,21137.0,21710.42,21258.53,21742.63,21143.63,21717.0,6.58,271.31
2020-05-28,21708.0,22106.0,21575.37,21785.52,21714.53,22112.68,21582.0,21792.58,7.06,318.82
2020-05-29,21787.52,21960.52,21660.27,21955.32,21794.0,21967.68,21667.53,21962.0,6.68,327.01
2020-06-01,21940.47,22240.0,21905.27,22169.42,21947.63,22246.68,21912.68,22176.63,7.21,238.75
2020-06-02,22174.32,22787.0,22114.32,22766.27,22181.73,22793.53,22121.63,22773.63,7.36,215.01
2020-06-03,22769.0,22986.52,22459.32,22919.52,22775.0,22993.63,22466.48,22926.63,7.11,275.4
2020-06-04,22924.47,22934.27,22489.27,22631.42,22931.48,22941.68,22496.0,22638.53,7.11,333.04
2020-06-05,22634.27,23304.52,22554.37,23134.32,22641.73,23311.73,22561.53,23141.73,7.41,272.5
2020-06-08,23179.27,23230.0,22964.32,23142.0,23186.58,23236.68,22971.0,23148.58,6.58,246.65
2020-06-09,23137.0,23185.0,22699.42,22914.32,23143.0,23191.73,22706.73,22921.73,7.41,290.18
2020-06-10,22911.32,23174.42,22716.37,22776.52,22918.0,23181.68,22723.0,22783.53,7.01,296.86
2020-06-11,22782.0,22936.32,21624.27,21964.47,22788.63,22943.63,21631.0,21971.63,7.16,467.84
2020-06-12,21970.0,22489.47,21769.52,22221.27,21976.0,22496.73,21776.48,22228.63,7.36,586.85
2020-06-15,22114.42,22249.42,21369.47,22154.52,22121.53,22256.68,21376.58,22161.63,7.11,526.63
2020-06-16,22151.37,22629.0,22069.52,22518.47,22158.48,22635.73,22076.58,22525.0,6.53,499.36
2020-06-17,22513.32,22777.52,22257.27,22387.47,22520.58,22784.73,22264.48,22394.58,7.11,385.53
2020-06-18,22389.47,22552.42,22117.47,22549.47,22396.0,22559.53,22124.48,22556.58,7.11,362.17
2020-06-19,22547.27,22728.0,22347.27,22354.37,22554.58,22734.53,22354.0,22361.58,7.21,284.33
2020-06-22,22339.32,22717.32,22302.32,22659.42,22346.58,22724.0,22309.0,22666.73,7.31,236.2
2020-06-23,22654.32,22828.0,22247.32,22567.27,22661.53,22834.68,22254.53,22574.48,7.21,304.79
2020-06-24,22564.42,22673.0,22104.27,22266.47,22571.58,22679.68,22111.0,22273.63,7.16,305.85
2020-06-25,22264.52,22551.42,22074.27,22471.52,22271.68,22558.58,22081.48,22478.58,7.06,355.71
2020-06-26,22470.0,22590.0,22259.37,22311.37,22476.48,22596.68,22266.58,22318.68,7.31,250.65
2020-06-29,22244.27,22453.0,21963.0,22429.42,22251.0,22459.73,21969.58,22436.48,7.06,263.94
2020-06-30,22432.52,22457.52,22176.27,22346.52,22439.63,22464.58,22183.48,22353.48,6.96,203.95
2020-07-01,22352.0,22357.0,21978.47,22176.32,22358.63,22363.73,21985.48,22183.53,7.21,203.1
2020-07-02,22173.47,22451.52,22066.27,22278.47,22180.53,22458.68,22073.48,22285.68,7.21,215.0
2020-07-03,22276.32,22382.0,22143.32,22223.47,22283.58,22388.73,22150.0,22230.68,7.21,114.85
2020-07-06,22308.52,22770.0,22308.52,22654.27,22315.0,22776.73,22315.0,22661.53,7.26,190.58
2020-07-07,22651.42,22734.37,22433.27,22488.52,22658.48,22741.73,22440.0,22495.0,6.48,185.48
2020-07-08,22485.52,22668.32,22353.27,22538.27,22492.63,22675.48,22360.48,22545.73,7.46,194.8
2020-07-09,22543.32,22689.32,22279.32,22534.52,22550.73,22696.73,22286.0,22541.68,7.16,182.53
2020-07-10,22536.37,22633.32,22256.32,22627.0,22543.63,22640.68,22263.73,22633.48,6.48,194.94
2020-07-13,22649.19,22874.52,22529.37,22601.32,22658.4,22881.73,22536.0,22608.68,7.36,86.17
2020-07-14,22600.0,22890.0,22507.0,22831.47,22606.68,22896.58,22513.0,22838.48,7.01,225.78
2020-07-15,22834.27,23044.47,22816.27,22926.42,22841.73,23051.68,22823.48,22933.73,7.31,181.16
2020-07-16,22921.52,22924.47,22668.37,22808.42,22928.68,22931.73,22675.53,22815.53,7.11,171.36
2020-07-17,22805.52,22853.52,22623.27,22693.32,22812.68,22860.58,22630.48,22700.0,6.68,124.87
2020-07-20,22778.37,22843.52,22575.27,22813.52,22785.68,22850.63,22582.0,22820.58,7.06,129.02
2020-07-21,22818.32,22946.0,22720.27,22792.52,22825.58,22952.73,22727.0,22799.48,6.96,117.1
2020-07-22,22797.42,22851.0,22645.27,22727.47,22804.58,22857.73,22652.0,22734.58,7.11,123.89
2020-07-23,22731.0,22905.37,22485.32,22607.37,22737.68,22912.48,22492.0,22614.53,7.16,136.88
2020-07-24,22610.32,22640.47,22270.27,22355.47,22617.53,22647.73,22277.53,22362.0,6.53,141.04
2020-07-27,22452.37,22740.27,22410.52,22707.52,22459.63,22747.53,22417.0,22714.48,6.96,131.46
2020-07-28,22712.47,22835.37,22503.32,22548.32,22719.58,22842.48,22510.58,22555.0,6.68,128.54
2020-07-29,22545.37,22568.52,22356.27,22525.42,22552.73,22575.63,22363.48,22532.68,7.26,96.83
2020-07-30,22527.27,22527.27,21963.27,22279.0,22534.48,22534.48,21970.48,22285.48,6.48,165.34
2020-07-31,22274.0,22299.0,21699.47,21939.52,22280.58,22305.73,21706.53,21946.73,7.21,232.19
2020-08-03,21976.47,22418.0,21916.27,22397.52,21983.73,22424.68,21923.63,22404.73,7.21,169.94
2020-08-04,22402.52,22652.47,22402.52,22477.32,22409.63,22659.73,22409.63,22484.73,7.41,156.37
2020-08-05,22472.52,22637.27,22354.27,22475.0,22479.0,22644.53,22361.0,22481.73,6.73,134.92
2020-08-06,22477.42,22587.42,22272.27,22417.42,22484.58,22594.53,22279.0,22424.63,7.21,161.77
2020-08-07,22414.52,22448.0,22202.27,22444.27,22421.68,22454.73,22209.0,22451.63,7.36,177.24
2020-08-10,22449.42,22552.52,22342.37,22549.37,22456.73,22559.73,22349.63,22556.58,7.21,69.96
2020-08-11,22547.37,22962.52,22517.32,22752.47,22554.48,22969.58,22524.48,22759.53,7.06,149.84
2020-08-12,22747.37,23261.0,22667.32,23195.27,22754.73,23267.73,22674.0,23202.48,7.21,193.55
2020-08-13,23190.52,23358.0,23145.42,23319.52,23197.63,23364.68,23152.63,23326.58,7.06,169.42
2020-08-14,23318.0,23337.32,23062.27,23152.52,23324.73,23344.53,23069.0,23159.58,7.06,157.8
2020-08-17,23189.47,23257.27,23054.52,23097.27,23196.53,23264.53,23061.48,23104.0,6.73,110.13
2020-08-18,23103.0,23162.47,22932.27,23002.52,23109.63,23169.48,22939.0,23009.63,7.11,131.32
2020-08-19,22997.52,23203.0,22957.27,23004.32,23004.63,23209.73,22964.0,23011.73,7.41,107.67
2020-08-20,23002.47,23077.42,22842.27,23032.47,23009.58,23084.73,22849.58,23039.58,7.11,131.76
2020-08-21,23037.47,23137.52,22707.32,22897.37,23044.58,23144.68,22714.48,22904.58,7.21,146.34
2020-08-24,22927.37,23285.0,22849.27,23264.32,22934.58,23291.68,22856.0,23271.48,7.16,110.62
2020-08-25,23267.42,23437.47,23197.27,23254.27,23274.58,23444.48,23204.0,23261.73,7.46,116.57
2020-08-26,23258.0,23348.0,23159.27,23327.32,23264.48,23354.73,23166.0,23334.68,7.36,102.9
2020-08-27,23333.0,23352.42,23142.37,23249.37,23339.73,23359.68,23149.0,23256.58,7.21,129.98
2020-08-28,23244.27,23384.52,22561.37,22929.47,23251.68,23391.68,22568.53,22936.0,6.53,233.91
2020-08-31,23194.27,23369.52,22984.37,23086.52,23201.73,23376.68,22991.58,23093.58,7.06,141.78
2020-09-01,23089.47,23295.0,23039.47,23271.52,23096.68,23298.29,23046.58,23278.73,7.21,115.12
2020-09-02,23274.47,23629.32,23159.27,23584.37,23281.0,23636.63,23166.0,23591.53,7.16,114.04
2020-09-03,23586.47,23586.47,22944.27,23071.37,23593.68,23593.68,22951.53,23078.48,7.11,243.36
2020-09-04,23066.42,23314.47,22824.42,23171.42,23073.0,23321.58,22831.48,23178.48,7.06,308.8
2020-09-07,23131.27,23245.0,23029.32,23209.32,23138.0,23251.73,23036.63,23216.53,7.21,156.31
2020-09-08,23205.0,23309.52,22801.52,22932.0,23211.63,23316.63,22808.63,22938.73,6.73,252.29
2020-09-09,22926.42,23241.47,22874.37,23214.27,22933.63,23248.68,22881.68,23221.0,6.73,163.26
2020-09-10,23212.0,23269.52,23056.27,23189.32,23218.63,23276.73,23063.0,23196.53,7.21,152.78
2020-09-11,23186.32,23426.37,23179.37,23349.47,23193.53,23433.73,23186.0,23356.63,7.16,146.3
2020-09-14,23514.37,23610.0,23429.27,23456.32,23521.68,23616.73,23436.0,23463.0,6.68,98.89
2020-09-15,23454.27,23525.0,23354.27,23440.0,23461.48,23531.73,23361.0,23446.68,6.68,71.32
2020-09-16,23436.47,23529.27,23394.47,23419.47,23443.68,23536.53,23401.68,23426.68,7.21,85.68
2020-09-17,23414.52,23440.0,23219.37,23336.47,23421.48,23446.73,23226.73,23343.58,7.11,143.0
2020-09-18,23334.27,23404.27,23189.27,23254.32,23341.0,23411.48,23196.48,23261.0,6.68,120.57
2020-09-21,23259.42,23389.52,22619.42,22951.52,23266.73,23396.73,22626.53,22958.48,6.96,164.94
2020-09-22,22954.42,23226.52,22729.27,23224.47,22961.58,23233.73,22736.0,23231.73,7.26,137.03
2020-09-23,23226.47,23405.0,23129.47,23179.32,23233.0,23411.73,23136.53,23186.0,6.68,150.59
2020-09-24,23174.42,23254.52,23014.37,23219.37,23181.48,23261.73,23021.0,23226.53,7.16,170.48
2020-09-25,23221.27,23315.0,22989.32,23309.47,23228.73,23321.73,22996.48,23316.53,7.06,132.41
2020-09-28,23371.42,23529.52,23294.27,23444.37,23378.68,23536.68,23301.0,23451.63,7.26,87.68
2020-09-29,23446.52,23630.0,23379.32,23494.27,23453.0,23636.73,23386.0,23501.68,7.41,109.69
2020-09-30,23489.52,23544.37,23139.27,23346.32,23496.73,23551.73,23146.0,23353.68,7.36,156.98
2020-10-01,23364.52,23380.0,23229.32,23321.32,23371.53,23386.73,23236.0,23328.58,7.26,109.88
2020-10-02,23319.27,23364.37,22949.37,23185.0,23326.68,23371.48,22956.48,23191.63,6.63,253.44
2020-10-05,23269.42,23446.47,23254.27,23399.47,23276.68,23453.0,23261.53,23406.68,7.21,127.59
2020-10-06,23404.52,23441.32,23226.27,23273.52,23411.73,23448.73,23233.63,23280.58,7.06,157.65
2020-10-07,23276.32,23526.37,23271.32,23498.47,23283.53,23533.73,23278.53,23505.48,7.01,115.15
2020-10-08,23497.0,23737.0,23471.27,23723.47,23503.63,23743.68,23478.0,23730.68,7.21,121.29
2020-10-09,23726.27,23726.27,23546.27,23573.47,23733.53,23733.53,23553.0,23580.63,7.16,82.08
2020-10-12,23573.52,23671.37,23496.47,23648.37,23580.73,23678.53,23503.53,23655.53,7.16,93.19
2020-10-13,23646.27,23656.52,23486.27,23533.32,23653.53,23663.53,23493.53,23540.68,7.36,105.65
2020-10-14,23536.42,23657.0,23516.27,23552.0,23543.53,23663.73,23523.48,23558.58,6.58,92.35
2020-10-15,23546.27,23581.47,23366.42,23501.52,23553.63,23588.73,23373.63,23508.0,6.48,123.81
2020-10-16,23496.42,23572.0,23381.37,23526.27,23503.0,23578.73,23388.48,23533.53,7.26,117.98
2020-10-19,23551.37,23732.0,23501.32,23591.32,23558.68,23738.73,23508.48,23598.58,7.26,110.26
2020-10-20,23586.27,23671.47,23516.47,23611.32,23593.48,23678.73,23523.48,23618.63,7.31,100.31
2020-10-21,23616.47,23692.0,23514.27,23534.32,23623.0,23698.73,23521.0,23541.73,7.41,103.93
2020-10-22,23536.52,23616.269,23419.42,23551.519,23543.0,23623.731,23426.0,23558.581,7.062,95.71
2020-10-23,23549.419,23594.999,23464.319,23556.999,23556.531,23601.731,23471.001,23563.681,6.682,78.53
2020-10-26,23529.519,23564.999,23354.469,23399.519,23536.531,23571.581,23361.631,23406.631,7.112,111.87
2020-10-27,23389.999,23524.999,23234.419,23369.269,23396.631,23531.631,23241.531,23376.581,7.312,131.1
2020-10-28,23364.269,23448.999,23068.269,23153.419,23371.001,23455.731,23075.001,23160.581,7.162,192.69
2020-10-29,23150.269,23398.519,23145.269,23285.469,23157.681,23405.731,23152.581,23292.631,7.162,201.05
2020-10-30,23283.999,23303.999,22876.519,23166.269,23290.731,23310.531,22883.001,23173.731,7.462,238.97
2020-11-02,23096.319,23506.419,23091.369,23488.369,23103.531,23513.731,23098.681,23495.531,7.162,208.92
2020-11-03,23483.269,23921.269,23483.269,23781.419,23490.531,23928.731,23490.531,23788.581,7.162,104.28
2020-11-04,23783.419,24079.419,23499.269,23916.369,23790.581,24086.531,23506.001,23923.531,7.162,432.37
2020-11-05,23911.319,24374.999,23869.369,24151.319,23918.581,24381.631,23876.631,24158.731,7.412,260.79
2020-11-06,24146.519,24464.999,24076.999,24329.369,24153.481,24471.731,24083.681,24336.681,7.312,221.92
2020-11-09,24566.519,25899.999,24544.319,25256.419,24573.681,25906.731,24551.001,25263.481,7.062,382.07
2020-11-10,25261.419,25454.519,24829.469,25199.519,25268.481,25461.631,24836.481,25206.531,7.012,380.15
2020-11-11,25196.999,25704.519,25149.269,25456.999,25203.531,25711.731,25156.001,25463.001,6.002,259.95
2020-11-12,25454.319,25589.999,25215.269,25402.469,25461.681,25596.731,25222.001,25409.481,7.012,254.87
2020-11-13,25410.469,25668.999,25203.419,25618.269,25417.481,25675.001,25210.001,25625.681,7.412,193.85
2020-11-16,25705.419,26213.269,25668.269,26103.419,25712.001,26220.581,25675.001,26110.531,7.112,238.2
2020-11-17,26095.269,26095.269,25853.369,25880.519,26102.481,26102.481,25860.731,25887.001,6.482,198.24
2020-11-18,25875.269,25923.999,25600.469,25628.369,25882.531,25930.001,25607.631,25635.481,7.112,187.45
2020-11-19,25630.269,25653.369,25403.319,25465.519,25637.531,25660.731,25410.531,25472.731,7.212,201.62
2020-11-20,25460.369,25758.419,25418.269,25670.419,25467.631,25765.681,25425.001,25677.731,7.312,155.52
2020-11-23,25705.269,26050.419,25698.269,25960.319,25712.631,26057.681,25705.581,25967.481,7.162,94.79
2020-11-24,25965.419,26551.519,25950.419,26526.999,25972.481,26558.731,25957.531,26533.481,6.482,196.81
2020-11-25,26524.419,26704.519,26175.269,26260.419,26531.631,26711.681,26182.001,26267.531,7.112,253.04
2020-11-26,26255.469,26591.999,26245.519,26478.319,26262.001,26598.731,26252.531,26485.481,7.162,124.88
2020-11-27,26486.519,26811.999,26411.369,26791.999,26493.001,26818.731,26418.001,26798.481,6.482,149.85
2020-11-30,26851.469,26871.469,26301.269,26628.369,26858.001,26878.481,26308.001,26635.631,7.262,258.42
2020-12-01,26631.519,26971.469,26626.469,26878.319,26638.681,26978.631,26633.731,26885.531,7.212,198.25
2020-12-02,26873.419,26898.419,26686.469,26766.419,26880.631,26905.731,26693.531,26773.481,7.062,186.73
2020-12-03,26761.369,26921.519,26691.269,26706.319,26768.731,26928.481,26698.001,26713.631,7.312,164.0
2020-12-04,26708.519,26871.419,26646.999,26851.469,26715.731,26878.631,26653.581,26858.531,7.062,122.67
2020-12-07,26886.999,26886.999,26316.269,26391.469,26893.001,26893.001,26323.531,26398.681,7.212,183.09
2020-12-08,26386.469,26629.269,26311.999,26541.999,26393.631,26636.481,26318.581,26548.001,6.002,154.3
2020-12-09,26536.369,26914.319,26511.319,26671.999,26543.581,26921.681,26518.001,26678.581,6.582,190.48
2020-12-10,26669.319,26850.269,26625.419,26752.419,26676.531,26857.631,26632.001,26759.681,7.262,177.07
2020-12-11,26747.369,26822.369,26435.369,26607.999,26754.481,26829.001,26442.001,26614.481,6.482,192.12
2020-12-14,26690.369,26865.369,26659.319,26664.269,26697.731,26872.731,26666.481,26671.581,7.312,144.33
2020-12-15,26661.369,26857.419,26602.369,26827.999,26668.481,26864.531,26609.481,26834.731,6.732,120.69
2020-12-16,26824.419,26872.999,26717.269,26782.999,26831.531,26879.631,26724.001,26789.631,6.632,100.04
2020-12-17,26784.469,26869.469,26682.519,26764.469,26791.001,26876.681,26689.581,26771.731,7.262,93.78
2020-12-18,26769.519,26884.999,26704.269,26834.369,26776.681,26891.731,26711.001,26841.731,7.362,98.79
2020-12-21,26844.999,26899.419,26219.519,26576.319,26851.481,26906.681,26226.681,26583.681,7.362,271.5
2020-12-22,26574.319,26649.999,26364.269,26584.999,26581.531,26656.681,26371.481,26591.731,6.732,189.71
2020-12-23,26566.269,26759.519,26414.999,26664.999,26573.531,26766.631,26421.581,26671.731,6.732,141.53
2020-12-24,26666.999,26754.519,26594.999,26662.999,26673.631,26761.631,26601.631,26669.481,6.482,86.92
2020-12-28,26699.469,26987.999,26657.419,26935.369,26706.001,26994.531,26664.001,26942.581,7.212,90.04
2020-12-29,26938.519,27705.519,26933.419,27602.319,26945.001,27712.731,26940.631,27609.731,7.412,178.79
2020-12-30,27597.469,27615.999,27340.419,27485.419,27604.531,27622.681,27347.681,27492.481,7.062,145.11
2020-12-31,27487.369,27575.999,27440.369,27507.269,27494.481,27582.001,27447.481,27514.681,7.412,32.5
2021-01-04,27615.519,27615.519,27032.369,27126.999,27622.731,27622.731,27039.001,27133.001,6.002,304.44
2021-01-05,27131.319,27274.999,26959.269,27086.519,27138.581,27281.001,26966.001,27093.001,6.482,251.15
2021-01-06,27091.319,27474.999,26949.269,27386.419,27098.531,27481.731,26956.001,27393.001,6.582,349.91
2021-01-07,27391.369,27734.369,27376.319,27706.419,27398.531,27741.731,27383.631,27713.001,6.582,218.89
2021-01-08,27714.519,28346.999,27681.269,28346.469,27721.531,28353.731,27688.001,28353.581,7.112,258.3
2021-01-11,28191.519,28261.319,27959.269,28066.319,28198.681,28268.731,27966.001,28073.531,7.212,114.67
2021-01-12,28071.369,28289.999,27964.319,28153.369,28078.631,28296.531,27971.631,28160.681,7.312,214.15
2021-01-13,28148.269,28519.269,28131.269,28449.319,28155.731,28526.681,28138.001,28456.481,7.162,163.93
2021-01-14,28446.269,28989.319,28409.319,28876.999,28453.731,28996.731,28416.001,28883.581,6.582,233.95
2021-01-15,28874.419,28889.519,28156.269,28296.319,28881.481,28896.631,28163.001,28303.681,7.362,249.34
2021-01-18,28191.469,28441.519,28106.269,28428.519,28198.731,28448.681,28113.001,28435.481,6.962,145.59
2021-01-19,28423.999,28832.999,28391.269,28827.269,28430.481,28839.581,28398.531,28834.581,7.312,185.93
2021-01-20,28822.269,28822.319,28395.369,28732.469,28829.581,28829.731,28402.481,28739.681,7.212,168.0
2021-01-21,28730.419,28850.469,28520.269,28587.419,28737.531,28857.731,28527.001,28594.581,7.162,159.15
2021-01-22,28592.319,28699.999,28409.269,28629.369,28599.001,28706.631,28416.001,28636.531,7.162,158.23
2021-01-25,28709.469,28857.319,28472.319,28707.419,28716.631,28864.631,28479.731,28714.631,7.212,188.65
2021-01-26,28699.319,28769.519,28516.469,28696.419,28706.731,28776.631,28523.481,28703.631,7.212,164.87
2021-01-27,28701.519,28754.369,27885.369,27903.469,28708.481,28761.581,27892.531,27910.531,7.062,279.38
2021-01-28,27905.269,28538.319,27828.269,28315.319,27912.631,28545.001,27835.001,28322.531,7.212,409.26
2021-01-29,28318.469,28345.369,27583.419,27720.319,28325.531,28352.531,27590.001,27727.631,7.312,512.4
2021-02-01,27645.519,28335.369,27623.269,28255.519,27652.731,28342.481,27630.481,28262.681,7.162,216.02
2021-02-02,28253.469,28527.519,28088.419,28474.469,28260.681,28534.681,28095.531,28481.531,7.062,163.46
2021-02-03,28482.369,28729.519,28409.999,28561.419,28489.731,28736.681,28416.581,28568.481,7.062,129.4
2021-02-04,28566.999,28677.469,28297.269,28652.519,28573.631,28684.731,28304.001,28659.481,6.962,131.41
2021-02-05,28654.419,28902.999,28542.319,28799.999,28661.481,28909.731,28549.001,28806.631,6.632,110.84
2021-02-08,28852.269,29537.419,28814.469,29517.419,28859.481,29544.731,28821.481,29524.731,7.312,132.95
2021-02-09,29514.369,29592.419,29347.269,29384.419,29521.731,29599.581,29354.581,29391.581,7.162,113.51
2021-02-10,29387.369,29567.519,29177.519,29342.269,29394.481,29574.731,29184.581,29349.731,7.462,146.89
2021-02-11,29339.419,29647.999,29237.419,29639.999,29346.531,29654.731,29244.581,29646.531,6.532,52.02
2021-02-12,29642.999,29672.369,29314.369,29651.469,29649.681,29679.731,29321.531,29658.631,7.162,95.57
2021-02-15,29716.419,30294.999,29706.269,30191.419,29723.001,30301.731,29713.731,30198.631,7.212,96.76
2021-02-16,30189.369,30724.999,30189.369,30330.519,30196.001,30731.731,30196.001,30337.481,6.962,201.15
2021-02-17,30335.319,30448.319,30153.319,30355.269,30342.631,30455.581,30160.481,30362.001,6.732,188.43
2021-02-18,30350.369,30575.419,29896.269,29986.319,30357.581,30582.631,29903.001,29993.481,7.162,210.46
2021-02-19,29981.469,30323.369,29753.269,30178.319,29988.481,30330.531,29760.001,30185.631,7.312,185.97
2021-02-22,30298.519,30461.369,29970.269,29997.469,30305.001,30468.681,29977.001,30004.681,7.212,200.97
2021-02-23,29992.419,30140.519,29645.469,29997.469,29999.681,30147.581,29652.531,30004.631,7.162,158.13
2021-02-24,29990.369,30227.999,29615.419,30202.419,29997.531,30234.731,29622.731,30209.531,7.112,247.07
2021-02-25,30197.469,30223.369,29493.319,29610.319,30204.581,30230.681,29500.001,29617.731,7.412,266.24
2021-02-26,29605.369,29628.519,28976.999,29233.319,29612.481,29635.681,28983.631,29240.681,7.362,446.37
2021-03-01,29591.999,30017.009,29471.369,29946.469,29598.731,30023.681,29478.481,29950.721,4.252,192.28
2021-03-02,29946.999,30001.519,29303.419,29518.269,29953.531,30005.531,29310.581,29525.631,7.362,256.4
2021-03-03,29516.419,29756.999,29173.419,29176.369,29523.531,29763.731,29180.481,29183.481,7.112,225.4
2021-03-04,29171.269,29286.999,28701.469,28728.369,29178.001,29293.731,28708.531,28735.631,7.262,404.77
2021-03-05,28723.519,29186.999,28293.419,29176.469,28730.581,29193.631,28300.001,29183.581,7.112,431.54
2021-03-08,29321.319,29326.519,28556.369,28753.369,29328.581,29333.631,28563.481,28760.001,6.632,386.2
2021-03-09,28746.419,29281.999,28606.269,29178.319,28753.531,29288.581,28613.681,29185.581,7.262,277.52
2021-03-10,29173.269,29238.369,28953.469,29051.319,29180.681,29245.681,28960.001,29058.531,7.212,188.14
2021-03-11,29046.319,29495.319,29009.319,29362.269,29053.681,29502.731,29016.001,29369.631,7.362,157.14
2021-03-12,29357.519,29775.319,29205.319,29700.519,29364.481,29782.001,29212.531,29707.731,7.212,188.05
2021-03-15,29825.519,29895.369,29587.269,29769.369,29832.631,29902.731,29594.001,29776.481,7.112,171.56
2021-03-16,29767.469,30034.999,29752.269,29814.519,29774.001,30041.681,29759.001,29821.731,7.212,146.9
2021-03-17,29809.519,30187.999,29809.319,30149.469,29816.531,30194.531,29816.531,30156.631,7.162,170.95
2021-03-18,30154.419,30497.269,29864.999,29881.369,30161.531,30504.731,29871.531,29888.631,7.262,238.54
2021-03-19,29879.369,30051.999,29091.419,29501.419,29886.481,30058.731,29098.531,29508.631,7.212,286.47
2021-03-22,29333.269,29396.519,28896.419,29371.319,29340.681,29403.681,28903.731,29378.531,7.212,219.82
2021-03-23,29368.269,29491.419,28716.319,28738.519,29375.001,29498.581,28723.631,28745.581,7.062,262.24
2021-03-24,28751.519,28851.419,28276.369,28443.319,28758.581,28858.731,28283.531,28450.731,7.412,259.06
2021-03-25,28446.999,29178.999,28398.319,29063.269,28453.481,29185.631,28405.681,29070.001,6.732,268.82
2021-03-26,29058.369,29631.999,28941.319,29621.269,29065.681,29638.731,28948.581,29628.481,7.212,186.16
2021-03-29,29523.419,29581.999,29181.519,29429.419,29530.481,29588.531,29188.631,29436.681,7.262,229.77
2021-03-30,29434.519,29539.419,29244.319,29281.319,29441.681,29546.631,29251.001,29288.681,7.362,157.61
2021-03-31,29286.269,29464.999,29139.319,29439.519,29293.631,29471.731,29146.531,29446.631,7.112,134.13
2021-04-01,29444.369,29781.519,29314.519,29751.319,29451.481,29788.731,29321.631,29758.731,7.412,116.75
2021-04-02,29759.999,30099.999,29699.519,30049.469,29766.731,30106.731,29706.681,30056.001,6.532,61.0
2021-04-05,30111.999,30281.469,30026.469,30231.319,30118.531,30288.481,30033.001,30238.631,7.312,85.92
2021-04-06,30229.519,30236.999,29609.269,29749.369,30236.481,30243.731,29616.481,29756.481,7.112,155.06
2021-04-07,29754.999,29864.319,29514.369,29651.319,29761.481,29871.481,29521.001,29658.631,7.312,130.93
2021-04-08,29656.419,29904.319,29504.519,29891.519,29663.731,29911.001,29511.581,29898.481,6.962,119.67
2021-04-09,29896.319,30069.519,29744.369,29914.999,29903.581,30076.731,29751.001,29921.681,6.682,122.75
2021-04-12,29866.419,29886.999,29529.419,29624.419,29873.531,29893.581,29536.531,29631.581,7.162,136.12
2021-04-13,29629.999,29899.269,29554.999,29731.269,29636.531,29906.581,29561.001,29738.481,7.212,137.24
2021-04-14,29726.519,29734.269,29519.319,29554.469,29733.531,29741.481,29526.631,29561.531,7.062,122.11
2021-04-15,29549.469,29831.469,29544.269,29809.469,29556.531,29838.731,29551.001,29816.481,7.012,101.53
2021-04-16,29806.469,29806.469,29614.269,29779.999,29813.631,29813.631,29621.001,29786.531,6.532,97.12
2021-04-19,29691.319,29809.519,29189.419,29331.319,29698.631,29816.731,29196.001,29338.481,7.162,161.74
2021-04-20,29336.519,29354.419,28519.269,28601.319,29343.631,29361.731,28526.481,28608.481,7.162,221.58
2021-04-21,28606.319,28911.519,28409.319,28899.419,28613.481,28918.631,28416.001,28906.001,6.582,196.07
2021-04-22,28901.469,29214.419,28794.519,28896.369,28908.001,29221.731,28801.531,28903.001,6.632,223.62
2021-04-23,28899.999,29314.999,28766.319,29214.419,28906.481,29321.681,28773.481,29221.631,7.212,133.4
2021-04-26,29069.419,29284.469,28894.999,29226.319,29076.581,29291.631,28901.681,29233.631,7.312,135.49
2021-04-27,29221.519,29226.469,28829.369,28921.469,29228.001,29233.531,28836.001,28928.581,7.112,130.64
2021-04-28,28926.419,29139.519,28866.319,28954.519,28933.581,29146.531,28873.481,28961.681,7.162,124.95
2021-04-29,28949.419,29189.469,28851.419,28991.999,28956.001,29196.531,28858.581,28998.681,6.682,59.86
2021-04-30,28996.269,29051.369,28759.999,28841.319,29003.631,29058.001,28766.731,28848.731,7.412,157.15
2021-05-03,28929.269,29129.999,28924.269,29064.469,28936.531,29136.481,28931.001,29071.481,7.012,48.93
2021-05-04,29066.369,29144.319,28579.469,28759.469,29073.631,29151.681,28586.531,28766.481,7.012,96.91
2021-05-05,28761.369,29174.519,28734.419,29026.319,28768.631,29181.731,28741.731,29033.681,7.362,71.5
2021-05-06,29021.319,29439.419,29019.999,29344.269,29028.681,29446.731,29026.001,29351.481,7.212,216.88
2021-05-07,29349.319,29454.999,29234.319,29409.419,29356.531,29461.681,29241.481,29416.681,7.262,154.54
2021-05-10,29391.419,29694.469,29204.269,29256.269,29398.531,29701.581,29211.531,29263.001,6.732,153.52
2021-05-11,29259.469,29306.999,28249.269,28691.369,29266.631,29313.581,28256.481,28698.731,7.362,351.6
2021-05-12,28696.269,28839.469,27654.269,27794.999,28703.631,28846.731,27661.001,27801.481,6.482,425.29
2021-05-13,27789.519,27861.999,27129.269,27804.269,27796.001,27868.731,27136.581,27811.531,7.262,481.54
2021-05-14,27801.419,28324.519,27719.269,28301.469,27808.631,28331.631,27726.631,28308.001,6.532,231.93
2021-05-17,28321.469,28339.319,27621.369,27956.319,28328.631,28346.681,27628.631,27963.531,7.212,293.0
2021-05-18,27959.419,28484.999,27911.319,27926.369,27966.631,28491.731,27918.001,27933.631,7.262,208.78
2021-05-19,27931.269,28216.469,27591.369,27874.419,27938.581,28223.531,27598.481,27881.531,7.112,358.05
2021-05-20,27879.999,28351.419,27781.319,28291.469,27886.731,28358.001,27788.531,28298.731,7.262,248.43
2021-05-21,28296.999,28474.999,28181.269,28391.419,28303.481,28481.731,28188.001,28398.731,7.312,205.66
2021-05-24,28221.269,28621.319,28201.269,28559.319,28228.681,28628.531,28208.681,28566.481,7.162,149.34
2021-05-25,28556.419,28614.999,28349.999,28409.419,28563.481,28621.731,28356.631,28416.001,6.582,147.3
2021-05-26,28406.269,28716.469,28391.999,28566.519,28413.631,28723.681,28398.731,28573.581,7.062,116.88
2021-05-27,28564.319,28979.319,28354.269,28951.999,28571.581,28986.681,28361.481,28958.531,6.532,161.31
2021-05-28,28956.369,29194.999,28894.469,29014.469,28963.531,29201.731,28901.681,29021.481,7.012,130.96
2021-05-31,29014.319,29154.369,28791.319,29041.519,29021.001,29161.531,28798.531,29048.531,7.012,115.35
2021-06-01,29039.319,29089.519,28599.369,28711.369,29046.731,29096.481,28606.001,28718.731,7.362,182.61
2021-06-02,28716.319,29019.369,28559.319,28881.369,28723.731,29026.001,28566.481,28888.531,7.162,150.67
2021-06-03,28886.369,29154.469,28834.269,28889.999,28893.481,29161.581,28841.001,28896.581,6.582,184.34
2021-06-04,28894.469,29159.369,28759.269,29124.519,28901.681,29166.581,28766.481,29131.631,7.112,142.65
2021-06-07,29234.999,29269.419,28939.999,29096.269,29241.731,29276.631,28946.001,29103.731,7.462,134.13
2021-06-08,29091.319,29204.999,28949.269,28969.319,29098.731,29211.681,28956.001,28976.581,7.262,132.54
2021-06-09,28964.999,28999.319,28747.269,28804.999,28971.581,29006.001,28754.001,28811.581,6.582,81.39
2021-06-10,28802.269,29137.999,28777.419,28994.269,28809.681,29144.731,28784.001,29001.631,7.362,127.19
2021-06-11,29009.469,29077.999,28822.469,29056.269,29016.581,29084.681,28829.001,29063.631,7.362,93.4
2021-06-14,29146.419,29349.419,29019.999,29276.269,29153.481,29356.531,29026.531,29283.481,7.212,86.21
2021-06-15,29271.369,29479.999,29239.369,29306.469,29278.581,29486.731,29246.001,29313.001,6.532,101.04
2021-06-16,29301.419,29431.519,29125.519,29150.419,29308.681,29438.631,29132.731,29157.531,7.112,129.2
2021-06-17,29155.269,29258.419,28861.269,29153.419,29162.731,29265.581,28868.001,29160.631,7.212,162.1
2021-06-18,29148.999,29158.469,28521.319,28538.369,29155.581,29165.581,28528.001,28545.581,7.212,184.85
2021-06-21,28436.319,28806.519,27756.999,28676.419,28443.681,28813.731,27763.531,28683.481,7.062,261.4
2021-06-22,28684.519,28959.269,28534.999,28899.469,28691.531,28966.731,28541.531,28906.731,7.262,154.8
2021-06-23,28894.269,29006.519,28704.269,28801.999,28901.731,29013.001,28711.001,28808.531,6.532,122.11
2021-06-24,28806.269,29109.469,28751.269,29099.319,28813.481,29116.631,28758.001,29106.681,7.362,97.12
2021-06-25,29109.999,29161.369,28986.319,29046.999,29116.731,29168.481,28993.001,29053.001,6.002,84.9
2021-06-28,29109.469,29119.999,28879.369,28906.269,29116.001,29126.731,28886.001,28913.531,7.262,89.78
2021-06-29,28909.319,28944.419,28716.519,28891.269,28916.731,28951.681,28723.681,28898.681,7.412,96.83
2021-06-30,28889.519,29019.369,28544.319,28841.519,28896.731,29026.631,28551.481,28848.481,6.962,133.35
2021-07-01,28839.419,28844.519,28579.269,28711.269,28846.481,28851.631,28586.001,28718.581,7.312,130.46
2021-07-02,28706.319,28849.469,28689.319,28774.519,28713.631,28856.731,28696.001,28781.731,7.212,94.57
2021-07-05,28721.469,28744.319,28509.269,28691.999,28728.001,28751.581,28516.481,28698.581,6.582,82.17
2021-07-06,28696.999,28759.319,28182.369,28237.319,28703.531,28766.481,28189.681,28244.681,7.362,144.5
2021-07-07,28239.519,28492.999,28132.269,28314.419,28246.731,28499.681,28139.731,28321.581,7.162,166.51
2021-07-08,28312.419,28377.319,27507.519,27654.469,28319.481,28384.531,27514.001,27661.481,7.012,270.99
2021-07-09,27669.269,28577.319,27407.469,28549.369,27676.531,28584.731,27414.681,28556.001,6.632,212.4
2021-07-12,28514.999,28742.519,28392.469,28712.369,28521.001,28749.531,28399.481,28719.581,7.212,138.05
2021-07-13,28717.319,28862.369,28479.469,28501.419,28724.001,28869.731,28486.581,28508.731,7.312,126.41
2021-07-14,28504.369,28694.999,28461.319,28531.519,28511.001,28701.681,28468.681,28538.731,7.212,135.2
2021-07-15,28529.319,28569.999,27921.319,27961.319,28536.631,28576.581,27928.531,27968.001,6.682,199.12
2021-07-16,27969.469,28206.319,27739.519,27741.999,27976.631,28213.531,27746.681,27748.731,6.732,203.6
2021-07-19,27624.269,27794.269,27069.319,27366.999,27631.481,27801.631,27076.001,27373.681,6.682,368.32
2021-07-20,27361.469,27827.519,27314.319,27784.519,27368.631,27834.731,27321.481,27791.681,7.162,315.54
2021-07-21,27779.369,28012.999,27430.369,27992.469,27786.481,28019.681,27437.731,27999.481,7.012,234.4
2021-07-22,27987.269,28072.519,27875.269,28047.419,27994.581,28079.731,27882.001,28054.581,7.162,68.75
2021-07-23,28042.469,28250.319,28010.269,28205.999,28049.731,28257.731,28017.731,28212.681,6.682,45.22
2021-07-26,28125.419,28165.369,27660.369,27902.519,28132.531,28172.001,27667.481,27909.481,6.962,224.91
2021-07-27,27900.319,28040.999,27375.369,27652.999,27907.531,28047.731,27382.001,27659.681,6.682,327.73
2021-07-28,27647.469,27905.519,27455.469,27774.369,27654.001,27912.481,27462.531,27781.681,7.312,334.86
2021-07-29,27769.369,27944.999,27636.469,27641.269,27776.481,27951.731,27643.581,27648.581,7.312,229.31
2021-07-30,27636.369,27676.519,27266.319,27494.999,27643.681,27683.631,27273.001,27501.631,6.632,329.14
2021-08-02,27606.519,27839.369,27484.519,27541.469,27613.581,27846.531,27491.001,27548.731,7.262,249.26
2021-08-03,27539.469,27724.369,27424.269,27601.269,27546.531,27731.731,27431.001,27608.731,7.462,256.93
2021-08-04,27599.419,27634.999,27449.369,27511.319,27606.681,27641.731,27456.681,27518.581,7.262,203.17
2021-08-05,27506.419,27864.269,27506.419,27759.999,27513.531,27871.001,27513.531,27766.731,6.732,153.09
2021-08-06,27754.369,27969.999,27709.419,27891.469,27761.481,27976.631,27716.481,27898.581,7.112,150.68
2021-08-09,27764.369,27954.419,27694.269,27881.999,27771.581,27961.681,27701.531,27888.731,6.732,66.61
2021-08-10,27879.469,28134.519,27804.319,28064.319,27886.001,28141.731,27811.001,28071.731,7.412,171.27
2021-08-11,28069.319,28252.999,27969.369,28189.519,28076.731,28259.731,27976.001,28196.581,7.062,168.01
2021-08-12,28184.519,28277.519,27922.369,28055.269,28191.681,28284.001,27929.731,28062.731,7.462,153.69
2021-08-13,28050.519,28080.519,27860.999,27875.269,28057.731,28087.581,27867.681,27882.731,7.462,124.99
2021-08-16,27802.319,27827.519,27397.319,27699.319,27809.581,27834.481,27404.531,27706.531,7.212,226.8
2021-08-17,27702.419,27749.999,27242.369,27384.999,27709.531,27756.731,27249.001,27391.581,6.582,269.73
2021-08-18,27379.369,27682.319,27342.419,27384.519,27386.731,27689.731,27349.481,27391.481,6.962,227.16
2021-08-19,27379.419,27507.999,26959.519,27206.999,27386.731,27514.731,26966.481,27213.731,6.732,386.96
2021-08-20,27199.369,27314.319,26854.369,27264.469,27206.581,27321.581,26861.731,27271.001,6.532,301.0
2021-08-23,27209.999,27687.419,27206.319,27649.519,27216.481,27694.531,27213.581,27656.481,6.962,176.01
2021-08-24,27654.319,27857.319,27647.269,27794.999,27661.001,27864.531,27654.581,27801.581,6.582,139.61
2021-08-25,27799.519,27897.269,27657.269,27794.519,27806.481,27904.581,27664.481,27801.681,7.162,132.97
2021-08-26,27797.519,27827.319,27567.319,27572.519,27804.581,27834.631,27574.681,27579.001,6.482,186.87
2021-08-27,27567.519,27882.519,27472.469,27862.269,27574.731,27889.731,27479.001,27869.631,7.362,140.67
2021-08-30,27857.999,27925.519,27640.319,27667.519,27864.581,27932.731,27647.481,27674.731,7.212,108.49
2021-08-31,27662.999,28205.999,27600.319,28167.369,27669.581,28212.581,27607.001,28174.581,7.212,205.45
2021-09-01,28170.519,28654.999,28170.519,28509.269,28177.631,28661.731,28177.631,28516.001,6.732,195.57
2021-09-02,28506.999,28729.999,28411.319,28606.319,28513.481,28736.681,28418.481,28613.731,7.412,153.95
2021-09-03,28601.269,29622.999,28589.999,29599.269,28608.631,29629.581,28596.531,29606.681,7.412,260.37
2021-09-06,29584.519,30204.319,29472.369,29911.419,29591.681,30211.731,29479.531,29918.001,6.582,158.37
2021-09-07,29906.519,30054.999,29614.469,29841.369,29913.681,30061.581,29621.001,29848.631,7.262,221.14
2021-09-08,29846.369,30256.319,29809.269,29941.319,29853.531,30263.581,29816.531,29948.481,7.162,352.82
2021-09-09,29936.469,30269.999,29869.369,30066.269,29943.001,30276.731,29876.581,30073.531,7.262,285.06
2021-09-10,30071.419,30537.999,30024.319,30139.319,30078.481,30544.531,30031.001,30146.001,6.682,272.32
2021-09-13,30364.319,30752.369,30219.999,30587.419,30371.001,30759.001,30226.581,30594.631,7.212,293.07
2021-09-14,30582.519,30807.999,30282.369,30467.519,30589.631,30814.731,30289.001,30474.001,6.482,278.18
2021-09-15,30462.519,30643.999,30343.269,30625.469,30469.731,30650.581,30350.481,30632.581,7.112,234.72
2021-09-16,30610.519,30623.469,30194.319,30391.319,30617.481,30630.001,30201.481,30398.531,7.212,243.75
2021-09-17,30399.269,30589.419,30239.269,30244.419,30406.681,30596.001,30246.001,30251.531,7.112,214.08
2021-09-20,30334.319,30371.519,29429.269,29881.369,30341.681,30378.531,29436.001,29888.581,7.212,311.08
2021-09-21,29871.269,30196.999,29764.469,29774.419,29878.001,30203.731,29771.631,29781.681,7.262,365.4
2021-09-22,29779.419,30071.319,29571.269,30061.469,29786.681,30078.731,29578.001,30068.001,6.532,307.53
2021-09-23,30056.319,30344.469,30034.419,30231.469,30063.481,30351.731,30041.581,30238.001,6.532,148.52
2021-09-24,30236.999,30339.419,30054.269,30231.369,30243.631,30346.681,30061.531,30238.631,7.262,238.31
2021-09-27,30271.419,30409.419,30132.999,30159.269,30278.631,30416.531,30139.581,30166.581,7.312,220.62
2021-09-28,30162.369,30194.999,29503.999,29590.319,30169.581,30201.731,29510.731,29597.001,6.682,350.86
2021-09-29,29583.319,29854.999,29336.319,29606.369,29590.581,29861.731,29343.481,29613.631,7.262,372.84
2021-09-30,29601.519,29739.419,29209.519,29256.419,29608.481,29746.681,29216.731,29263.581,7.162,403.06
2021-10-01,29249.999,29401.369,28671.469,29071.469,29256.581,29408.631,28678.631,29078.631,7.162,470.16
2021-10-04,29076.269,29076.269,27639.419,27861.419,29083.681,29083.681,27646.481,27868.001,6.582,552.88
2021-10-05,27856.369,28284.999,27449.319,28026.419,27863.531,28291.731,27456.001,28033.731,7.312,443.78
2021-10-06,28031.269,28201.469,26982.269,27689.469,28038.631,28208.481,26989.531,27696.681,7.212,662.67
2021-10-07,27684.999,28155.519,27612.369,28120.469,27691.631,28162.581,27619.631,28127.481,7.012,373.44
2021-10-08,28122.319,28325.369,28000.319,28065.369,28129.001,28332.631,28007.001,28072.681,7.312,351.71
2021-10-11,27970.319,28780.999,27892.319,28432.999,27977.581,28787.631,27899.731,28439.681,6.682,368.97
2021-10-12,28430.369,28470.519,27960.419,28047.519,28437.731,28477.581,27967.531,28054.681,7.162,419.63
2021-10-13,28042.419,28375.519,27985.469,28272.469,28049.581,28382.681,27992.481,28279.581,7.112,351.11
2021-10-14,28265.469,28900.269,28230.369,28867.469,28272.581,28907.681,28237.001,28874.731,7.262,235.23
2021-10-15,28860.519,29255.999,28727.419,29177.319,28867.581,29262.681,28734.631,29184.001,6.682,247.04
2021-10-18,29105.519,29150.319,28855.319,29092.369,29112.531,29157.681,28862.531,29099.681,7.312,241.72
2021-10-19,29087.369,29455.519,29065.469,29402.419,29094.531,29462.681,29072.531,29409.631,7.212,208.02
2021-10-20,29407.469,29490.269,29115.419,29120.469,29414.481,29497.731,29122.631,29127.731,7.262,211.58
2021-10-21,29115.269,29225.419,28420.269,28615.999,29122.531,29232.731,28427.001,28622.631,6.632,293.06
2021-10-22,28607.269,28990.419,28537.999,28717.369,28614.531,28997.731,28544.531,28724.731,7.362,286.01
2021-10-25,28477.319,28960.999,28463.269,28955.369,28484.481,28967.731,28470.001,28962.481,7.112,232.59
2021-10-26,28958.319,29247.419,28895.369,29037.999,28965.731,29254.631,28902.531,29044.581,6.582,227.86
2021-10-27,29042.469,29135.319,28625.269,28780.369,29049.581,29142.731,28632.481,28787.001,6.632,286.47
2021-10-28,28777.419,28925.999,28680.469,28827.269,28784.731,28932.581,28687.001,28834.481,7.212,263.43
2021-10-29,28832.419,29050.999,28462.369,29037.419,28839.531,29057.731,28469.531,29044.581,7.162,290.9
2021-11-01,29452.319,29665.369,29387.999,29487.369,29459.581,29672.531,29394.581,29494.481,7.112,244.28
2021-11-02,29497.319,29595.999,29405.269,29470.469,29504.481,29602.681,29412.731,29477.581,7.112,179.15
2021-11-03,29467.469,29952.519,29410.269,29932.269,29474.631,29959.731,29417.481,29939.481,7.212,75.4
2021-11-04,29925.319,29925.319,29585.419,29767.269,29932.681,29932.681,29592.731,29774.681,7.412,144.39
2021-11-05,29762.419,29807.469,29495.269,29692.419,29769.631,29814.731,29502.001,29699.481,7.062,158.55
2021-11-08,29757.519,29760.419,29435.419,29642.419,29764.531,29767.001,29442.731,29649.001,6.582,156.81
2021-11-09,29650.469,29805.999,29180.319,29212.469,29657.731,29812.531,29187.001,29219.581,7.112,191.43
2021-11-10,29207.369,29382.519,28972.319,29029.519,29214.531,29389.731,28979.481,29036.631,7.112,216.68
2021-11-11,29024.469,29477.369,29012.369,29429.369,29031.681,29484.681,29019.481,29436.731,7.362,177.76
2021-11-12,29432.999,29757.269,29404.269,29744.519,29439.581,29764.531,29411.481,29751.001,6.482,129.3
2021-11-15,29784.469,29852.419,29642.319,29719.319,29791.681,29859.731,29649.001,29726.731,7.412,132.37
2021-11-16,29724.419,29967.999,29682.269,29882.369,29731.681,29974.631,29689.001,29889.001,6.632,134.99
2021-11-17,29887.319,29907.469,29482.269,29569.419,29894.481,29914.001,29489.481,29576.001,6.582,141.95
2021-11-18,29574.319,29719.369,29377.999,29594.369,29581.631,29726.681,29384.631,29601.631,7.262,158.84
2021-11-19,29589.369,29782.519,29474.269,29624.469,29596.631,29789.731,29481.001,29631.531,7.062,202.99
2021-11-22,29604.999,29917.319,29534.469,29687.999,29611.731,29924.481,29541.001,29694.581,6.582,166.01
2021-11-23,29689.319,29787.999,29507.469,29654.519,29696.681,29794.731,29514.631,29661.631,7.112,197.76
2021-11-24,29649.519,29747.469,29202.369,29439.319,29656.631,29754.001,29209.631,29446.481,7.162,308.26
2021-11-25,29434.519,29574.999,29319.419,29331.319,29441.731,29581.631,29326.481,29338.631,7.312,115.34
2021-11-26,29329.469,29336.269,28039.269,28039.269,29336.631,29343.731,28046.481,28046.531,7.262,514.31
2021-11-29,28326.519,28781.419,28134.269,28646.999,28333.631,28788.631,28141.001,28653.681,6.682,480.12
2021-11-30,28651.999,28711.319,27369.369,27846.269,28658.581,28718.681,27376.531,27853.481,7.212,698.31
2021-12-01,27851.319,28229.519,27399.269,27569.369,27858.001,28236.631,27406.001,27576.581,7.212,582.93
2021-12-02,27574.419,28054.469,27504.369,27846.269,27581.581,28061.581,27511.481,27853.581,7.312,645.83
2021-12-03,27836.419,28177.999,27569.519,27749.999,27843.001,28184.581,27576.481,27756.581,6.582,609.78
2021-12-06,27994.999,28204.469,27679.269,28179.319,28001.681,28211.681,27686.731,28186.481,7.162,482.31
2021-12-07,28189.469,28879.469,27954.419,28844.519,28196.631,28886.681,27961.581,28851.531,7.012,332.78
2021-12-08,28849.319,28947.519,28614.319,28824.999,28856.481,28954.581,28621.531,28831.531,6.532,313.33
2021-12-09,28827.319,28909.519,28516.269,28519.369,28834.481,28916.731,28523.001,28526.581,7.212,253.88
2021-12-10,28524.319,28694.999,28381.269,28631.999,28531.731,28701.581,28388.001,28638.731,6.732,258.44
2021-12-13,28694.999,28789.369,28439.269,28531.519,28701.631,28796.731,28446.531,28538.581,7.062,257.64
2021-12-14,28536.999,28674.469,28174.269,28334.419,28543.681,28681.731,28181.481,28341.631,7.212,324.81
2021-12-15,28336.469,29011.999,28336.469,29001.269,28343.631,29018.681,28343.631,29008.581,7.312,325.5
2021-12-16,28996.999,29202.519,28732.419,28817.469,29003.481,29209.681,28739.001,28824.631,7.162,348.29
2021-12-17,28822.369,28904.519,28392.269,28499.999,28829.531,28911.481,28399.001,28506.481,6.482,413.35
2021-12-20,28277.519,28434.999,27794.469,28361.519,28284.481,28441.581,27801.681,28368.531,7.012,453.9
2021-12-21,28366.269,28719.519,28219.269,28626.419,28373.481,28726.731,28226.581,28633.631,7.212,278.69
2021-12-22,28631.419,28759.469,28449.269,28714.999,28638.681,28766.681,28456.481,28721.001,6.002,212.58
2021-12-23,28711.519,28936.999,28626.469,28873.519,28718.481,28943.731,28633.481,28880.731,7.212,149.16
2021-12-27,28768.319,29049.519,28651.999,28966.469,28775.681,29056.731,28658.001,28973.531,7.062,132.8
2021-12-28,28961.999,29124.999,28869.319,29006.999,28968.581,29131.681,28876.581,29013.001,6.002,175.51
2021-12-29,29001.519,29106.319,28716.419,28793.519,29008.681,29113.001,28723.481,28800.681,7.162,205.86
2021-12-30,28791.319,28966.999,28573.469,28818.419,28798.001,28973.681,28580.001,28825.631,7.212,186.2
2021-12-31,28813.999,29008.319,28726.369,28886.999,28820.531,29015.731,28733.481,28893.001,6.002,73.51
2022-01-03,28956.999,29171.419,28831.269,29068.369,28963.681,29178.731,28838.481,29075.631,7.262,136.97
2022-01-04,29073.369,29378.999,28953.319,29270.519,29080.631,29385.731,28960.481,29277.581,7.062,265.76
2022-01-05,29275.419,29390.999,28958.999,29040.519,29282.581,29397.631,28965.581,29047.681,7.162,299.59
2022-01-06,29033.269,29120.999,28478.419,28705.269,29040.531,29127.681,28485.681,28712.581,7.312,450.36
2022-01-07,28710.369,28810.999,28186.269,28438.419,28717.631,28817.531,28193.001,28445.731,7.312,312.89
2022-01-10,28388.419,28581.269,27876.519,28373.999,28395.481,28588.581,27883.531,28380.631,6.632,235.26
2022-01-11,28376.999,28486.419,28081.269,28478.269,28383.531,28493.731,28088.681,28485.481,7.212,336.57
2022-01-12,28473.519,28816.469,28466.419,28643.369,28480.731,28823.531,28473.581,28650.631,7.262,311.94
2022-01-13,28651.269,28684.519,28239.269,28281.319,28658.581,28691.001,28246.531,28288.681,7.362,309.33
2022-01-14,28271.269,28339.469,27874.319,28314.319,28278.001,28346.631,27881.581,28321.731,7.412,431.12
2022-01-17,28326.469,28459.999,28274.369,28456.469,28333.531,28466.581,28281.001,28463.481,7.012,178.8
2022-01-18,28454.369,28741.369,27806.269,27811.319,28461.631,28748.731,27813.001,27818.581,7.262,421.58
2022-01-19,27816.469,27879.999,27299.519,27361.469,27823.581,27886.731,27306.581,27368.681,7.212,438.56
2022-01-20,27366.519,27959.999,27206.369,27281.469,27373.001,27966.731,27213.531,27288.531,7.062,427.3
2022-01-21,27286.419,27699.999,27124.369,27206.319,27293.631,27706.731,27131.001,27213.531,7.212,607.45
2022-01-24,27231.419,27624.469,26704.269,27446.269,27238.681,27631.731,26711.481,27453.681,7.412,861.79
2022-01-25,27449.999,27471.519,26854.269,27116.519,27456.731,27478.681,26861.001,27123.631,7.112,889.33
2022-01-26,27111.269,27419.319,26794.319,27169.319,27118.681,27426.531,26801.631,27176.631,7.312,691.32
2022-01-27,27164.369,27196.269,26039.319,26545.469,27171.001,27203.581,26046.681,26552.581,7.112,918.2
2022-01-28,26540.469,26793.369,26238.369,26693.269,26547.001,26800.631,26245.001,26700.731,7.462,798.55
2022-01-31,26665.269,27343.999,26525.999,27298.269,26672.001,27350.731,26532.001,27305.481,7.212,478.04
2022-02-01,27303.519,27408.319,26983.369,27298.469,27310.581,27415.581,26990.531,27305.001,6.532,423.67
2022-02-02,27293.369,27578.999,27203.419,27225.369,27300.631,27585.731,27210.531,27232.481,7.112,332.21
2022-02-03,27220.469,27318.369,26953.469,27130.419,27227.481,27325.631,26960.681,27137.581,7.162,492.46
2022-02-04,27135.419,27458.469,27068.999,27245.999,27142.001,27465.681,27075.481,27252.481,6.482,588.1
2022-02-07,27285.519,27365.999,27083.319,27292.519,27292.631,27372.731,27090.001,27299.681,7.162,526.54
2022-02-08,27295.519,27495.999,27205.419,27495.999,27302.531,27502.481,27212.531,27502.481,6.482,417.46
2022-02-09,27500.519,27905.999,27405.269,27850.319,27507.731,27912.531,27412.581,27857.481,7.162,301.2
2022-02-10,27840.999,27877.469,27315.269,27337.999,27847.531,27884.681,27322.001,27344.631,6.632,493.25
2022-02-11,27340.419,27465.469,26860.369,26997.369,27347.631,27472.631,26867.001,27004.531,7.162,464.27
2022-02-14,27087.999,27185.369,26850.269,27127.269,27094.581,27192.731,26857.001,27134.731,7.462,703.55
2022-02-15,27132.999,27470.419,26715.269,27400.269,27139.001,27477.531,26722.001,27407.681,7.412,516.32
2022-02-16,27395.519,27559.469,27267.269,27414.999,27402.731,27566.581,27274.531,27421.001,6.002,421.72
2022-02-17,27419.469,27442.999,26877.419,26882.519,27426.631,27449.731,26884.631,26889.001,6.482,517.31
2022-02-18,26877.469,27224.469,26787.269,26887.419,26884.731,27231.631,26794.001,26894.681,7.262,583.63
2022-02-21,26632.419,27005.519,26340.469,26417.469,26639.481,27012.681,26347.731,26424.631,7.162,220.48
2022-02-22,26422.469,26925.519,26237.319,26765.519,26429.731,26932.681,26244.631,26772.731,7.212,761.87
2022-02-23,26757.469,26905.999,26235.319,26260.999,26764.631,26912.731,26242.581,26267.531,6.532,406.28
2022-02-24,26255.519,26350.519,25555.999,26244.469,26262.481,26357.681,25562.681,26251.481,7.012,1153.5
2022-02-25,26249.519,26994.469,26209.269,26959.269,26256.681,27001.681,26216.001,26966.001,6.732,712.16
2022-02-28,26446.999,26914.469,26256.319,26846.319,26453.581,26921.531,26263.581,26853.631,7.312,786.0
2022-03-01,26841.319,27019.269,26326.469,26466.319,26848.481,27026.531,26333.731,26473.681,7.362,654.0
2022-03-02,26471.269,26704.419,26189.419,26669.369,26478.581,26711.631,26196.581,26676.531,7.162,672.65
2022-03-03,26666.469,26731.519,26289.269,26426.519,26673.531,26738.001,26296.001,26433.581,7.062,504.65
2022-03-04,26429.269,26436.999,25719.269,25839.369,26436.581,26443.001,25726.001,25846.581,7.212,748.45
2022-03-07,25466.519,25529.369,24661.269,24861.319,25473.631,25536.001,24668.681,24868.581,7.262,774.55
2022-03-08,24864.369,25306.269,24503.519,24876.269,24871.481,25313.681,24510.001,24883.001,6.732,912.36
2022-03-09,24878.999,25468.519,24676.319,25373.269,24885.001,25475.731,24683.481,25380.631,7.362,666.37
2022-03-10,25376.469,25763.469,25201.269,25388.469,25383.681,25770.681,25208.481,25395.001,6.532,591.32
2022-03-11,25381.369,25756.999,24961.269,25128.469,25388.681,25763.681,24968.531,25135.731,7.262,602.1
2022-03-14,25386.519,25641.519,25184.269,25209.269,25393.531,25648.581,25191.481,25216.531,7.262,543.56
2022-03-15,25211.369,25709.469,25069.319,25546.469,25218.681,25716.001,25076.481,25553.581,7.112,568.81
2022-03-16,25551.469,26509.999,25449.319,26474.269,25558.581,26516.581,25456.531,26481.731,7.462,581.86
2022-03-17,26467.319,26777.999,26382.469,26599.419,26474.731,26784.581,26389.731,26606.531,7.112,500.09
2022-03-18,26607.369,27317.419,26589.269,27277.269,26614.681,27324.731,26596.001,27284.681,7.412,431.15
2022-03-21,27292.319,27382.419,27157.269,27177.469,27299.681,27389.731,27164.001,27184.581,7.112,235.5
2022-03-22,27172.999,27741.369,27122.519,27694.319,27179.731,27748.681,27129.681,27701.581,7.262,367.31
2022-03-23,27689.519,28101.519,27594.269,27641.319,27696.681,28108.581,27601.001,27648.531,7.212,383.66
2022-03-24,27646.469,28351.419,27619.269,28321.269,27653.531,28358.681,27626.581,28328.631,7.362,388.69
2022-03-25,28324.469,28346.469,27944.269,28276.419,28331.631,28353.481,27951.531,28283.681,7.262,382.55
2022-03-28,28084.319,28269.469,27809.269,28146.269,28091.531,28276.581,27816.481,28153.531,7.262,393.25
2022-03-29,28151.999,28654.999,28031.469,28311.319,28158.531,28661.531,28038.681,28318.001,6.682,385.74
2022-03-30,28304.269,28314.269,27679.319,27739.269,28311.631,28321.581,27686.001,27746.531,7.262,398.29
2022-03-31,27746.519,28109.519,27531.269,27598.269,27753.001,28116.631,27538.481,27605.581,7.312,368.95
2022-04-01,27601.999,27871.519,27401.269,27721.369,27608.581,27878.681,27408.531,27728.001,6.632,373.5
2022-04-04,27658.369,28030.999,27576.519,27955.369,27665.631,28037.731,27583.481,27962.001,6.632,245.78
2022-04-05,27952.469,27967.469,27438.419,27490.269,27959.001,27974.001,27445.001,27497.481,7.212,267.19
2022-04-06,27485.469,27523.419,26958.319,26975.269,27492.481,27530.731,26965.731,26982.681,7.412,368.77
2022-04-07,26970.269,27218.419,26793.319,27125.419,26977.581,27225.581,26800.001,27132.731,7.312,256.5
2022-04-08,27130.369,27190.469,26760.319,26998.469,27137.581,27197.481,26767.001,27005.001,6.532,217.94
2022-04-11,26880.369,27003.469,26526.419,26568.319,26887.681,27010.681,26533.531,26575.531,7.212,239.21
2022-04-12,26563.519,26671.519,26241.999,26403.999,26570.581,26678.731,26248.681,26410.481,6.482,321.09
2022-04-13,26408.419,26986.519,26383.319,26916.369,26415.531,26993.681,26390.531,26923.531,7.162,222.06
2022-04-14,26923.319,27316.269,26891.419,26898.369,26930.681,27323.001,26898.481,26905.531,7.162,190.1
2022-04-18,26796.319,27103.319,26561.269,27088.469,26803.001,27110.731,26568.001,27095.481,7.012,192.99
2022-04-19,27098.419,27288.999,26766.319,27233.369,27105.581,27295.581,26773.581,27240.581,7.212,238.63
2022-04-20,27228.519,27391.519,27058.319,27257.369,27235.531,27398.731,27065.531,27264.481,7.112,239.68
2022-04-21,27252.999,27756.369,27051.999,27103.369,27259.581,27763.681,27058.531,27110.581,7.212,257.15
2022-04-22,27113.319,27235.999,26712.999,26717.369,27120.581,27242.531,26719.581,26724.531,7.162,305.51
2022-04-25,26585.319,26888.369,26408.269,26805.269,26592.001,26895.001,26415.001,26812.481,7.212,467.98
2022-04-26,26790.519,26805.999,25969.469,26136.319,26797.581,26812.681,25976.681,26143.631,7.312,341.99
2022-04-27,26139.369,26589.369,26044.319,26411.369,26146.481,26596.731,26051.531,26418.481,7.112,458.33
2022-04-28,26406.269,27382.999,26329.319,27169.519,26413.531,27389.731,26336.581,27176.731,7.212,422.22
2022-04-29,27172.419,27469.519,26702.269,26784.319,27179.531,27476.631,26709.581,26791.001,6.682,287.99
2022-05-02,26729.369,26952.999,26562.269,26822.469,26736.481,26959.581,26569.001,26829.681,7.212,592.84
2022-05-03,26819.319,27117.999,26817.319,27084.469,26826.631,27124.731,26824.481,27091.531,7.062,316.78
2022-05-04,27087.319,27487.369,26787.269,27417.999,27094.001,27494.731,26794.481,27424.681,6.682,214.3
2022-05-05,27419.419,27454.369,26587.469,26737.369,27426.631,27461.681,26594.001,26744.681,7.312,390.78
2022-05-06,26739.419,27123.519,26542.419,26838.419,26746.631,27130.631,26549.481,26845.481,7.062,660.67
2022-05-09,26688.369,26728.519,25931.419,26128.419,26695.631,26735.731,25938.481,26135.631,7.212,573.12
2022-05-10,26126.419,26334.999,25771.369,26056.319,26133.001,26341.631,25778.481,26063.001,6.682,665.4
2022-05-11,26051.519,26386.469,25816.319,25893.519,26058.001,26393.531,25823.001,25900.581,7.062,608.82
2022-05-12,25888.999,26026.519,25531.269,25943.369,25895.531,26033.631,25538.001,25950.731,7.362,705.31
2022-05-13,25948.469,26684.999,25926.519,26646.319,25955.731,26691.731,25933.531,26653.001,6.682,428.04
2022-05-16,26841.319,26841.319,26424.269,26551.419,26848.531,26848.531,26431.481,26558.531,7.112,457.67
2022-05-17,26546.319,26891.319,26436.369,26813.999,26553.681,26898.681,26443.001,26820.731,6.732,366.07
2022-05-18,26828.369,27056.419,26141.269,26151.319,26835.681,27063.581,26148.481,26158.731,7.412,392.98
2022-05-19,26146.269,26553.999,26078.469,26460.999,26153.531,26560.681,26085.001,26467.631,6.632,603.97
2022-05-20,26463.469,26938.999,26363.269,26715.269,26470.631,26945.731,26370.531,26722.001,6.732,463.4
2022-05-23,26990.269,27148.999,26828.269,27010.419,26997.481,27155.731,26835.001,27017.531,7.112,461.47
2022-05-24,27005.419,27005.419,26508.319,26738.319,27012.531,27012.531,26515.001,26745.001,6.682,427.16
2022-05-25,26725.419,26878.519,26491.269,26683.519,26732.531,26885.681,26498.001,26690.001,6.482,418.72
2022-05-26,26678.269,27024.999,26589.269,27006.519,26685.681,27031.681,26596.001,27013.581,7.062,329.14
2022-05-27,27011.319,27159.999,26724.269,27149.319,27018.731,27166.731,26731.481,27156.531,7.212,257.48
2022-05-30,27136.319,27414.999,27051.519,27344.269,27143.681,27421.731,27058.481,27351.581,7.312,149.94
2022-05-31,27341.999,27471.419,27125.469,27277.419,27348.681,27478.531,27132.581,27284.731,7.312,402.01
2022-06-01,27282.369,27610.999,27282.369,27372.419,27289.481,27617.731,27289.481,27379.481,7.062,369.26
2022-06-02,27377.999,27802.469,27250.319,27759.999,27384.001,27809.681,27257.481,27766.631,6.632,304.2
2022-06-03,27754.519,27799.469,27512.519,27572.999,27761.581,27806.631,27519.481,27579.681,6.682,310.79
2022-06-06,27544.369,28109.999,27507.369,27969.519,27551.631,28116.731,27514.001,27976.581,7.062,309.13
2022-06-07,27962.519,28216.519,27852.519,28123.369,27969.731,28223.631,27859.001,28130.001,6.632,345.07
2022-06-08,28121.269,28281.999,28078.269,28206.999,28128.481,28288.731,28085.001,28213.531,6.532,366.54
2022-06-09,28201.319,28394.519,27949.269,28019.419,28208.731,28401.731,27956.481,28026.481,7.062,380.89
2022-06-10,28021.369,28044.519,27304.269,27411.999,28028.681,28051.681,27311.001,27418.731,6.732,452.3
2022-06-13,27129.269,27196.369,26366.999,26431.519,27136.631,27203.531,26373.731,26438.731,7.212,496.49
2022-06-14,26429.269,26734.999,26309.269,26619.519,26436.631,26741.581,26316.001,26626.001,6.482,509.74
2022-06-15,26614.419,26881.369,26191.319,26828.419,26621.731,26888.001,26198.531,26835.681,7.262,503.24
2022-06-16,26823.469,26956.519,25601.419,25831.469,26830.481,26963.001,25608.481,25838.481,7.012,535.2
2022-06-17,25818.269,26143.999,25663.419,25995.419,25825.531,26150.531,25670.681,26002.681,7.262,525.73
2022-06-20,26185.269,26190.319,25504.319,26101.319,26192.481,26197.681,25511.581,26108.581,7.262,297.58
2022-06-21,26094.369,26534.469,25984.469,26436.269,26101.631,26541.681,25991.531,26443.001,6.732,333.28
2022-06-22,26441.319,26451.999,25989.519,26121.999,26448.631,26458.481,25996.531,26128.581,6.582,409.58
2022-06-23,26116.269,26404.519,26021.419,26193.369,26123.631,26411.731,26028.481,26200.001,6.632,469.76
2022-06-24,26188.519,26931.469,26131.419,26879.269,26195.481,26938.631,26138.731,26886.731,7.462,283.84
2022-06-27,26799.369,27000.369,26669.319,26783.469,26806.001,27007.681,26676.001,26790.531,7.062,362.41
2022-06-28,26785.999,27281.999,26772.269,26794.319,26792.731,27288.681,26779.001,26801.481,7.162,379.55
2022-06-29,26789.319,26874.469,26631.269,26751.319,26796.631,26881.731,26638.001,26758.581,7.262,406.44
2022-06-30,26746.319,26746.319,26147.269,26417.999,26753.531,26753.531,26154.531,26424.481,6.482,467.88
2022-07-01,26414.319,26527.519,25787.519,26332.469,26421.581,26534.531,25794.681,26339.631,7.162,496.06
2022-07-04,26097.419,26463.269,25939.369,26441.319,26104.631,26470.731,25946.681,26448.731,7.412,254.87
2022-07-05,26446.519,26538.369,25911.269,26103.369,26453.631,26545.531,25918.001,26110.681,7.312,464.1
2022-07-06,26108.519,26355.999,26000.269,26282.419,26115.631,26362.731,26007.001,26289.581,7.162,461.06
2022-07-07,26297.269,26701.999,26127.999,26603.319,26304.581,26708.731,26134.681,26610.531,7.212,320.63
2022-07-08,26613.369,26881.419,26419.269,26811.469,26620.531,26888.731,26426.481,26818.681,7.212,448.76
2022-07-11,26921.999,27066.369,26546.319,26666.999,26928.581,27073.731,26553.531,26673.581,6.582,352.16
2022-07-12,26671.269,26701.469,26251.999,26393.319,26678.001,26708.001,26258.581,26400.531,7.212,342.0
2022-07-13,26398.999,26564.999,26224.369,26356.319,26405.731,26571.681,26231.001,26363.731,7.412,415.37
2022-07-14,26351.519,26808.269,26304.319,26790.469,26358.631,26815.531,26311.631,26797.001,6.532,407.3
2022-07-15,26788.369,27010.269,26558.369,27000.519,26795.481,27017.631,26565.681,27007.531,7.012,314.05
2022-07-18,27010.469,27240.369,26870.369,26982.319,27017.631,27247.681,26877.001,26989.581,7.262,142.18
2022-07-19,26987.519,27462.999,26782.269,27412.369,26994.001,27469.681,26789.001,27419.731,7.362,270.25
2022-07-20,27409.999,27756.519,27372.269,27603.469,27416.681,27763.731,27379.001,27610.581,7.112,322.52
2022-07-21,27598.419,27899.999,27551.469,27781.999,27605.631,27906.681,27558.631,27788.481,6.482,333.24
2022-07-22,27786.269,27974.469,27584.319,27666.469,27793.001,27981.731,27591.001,27673.681,7.212,301.09
2022-07-25,27684.269,27849.519,27620.519,27667.369,27691.581,27856.731,27627.631,27674.631,7.262,290.69
2022-07-26,27662.319,27725.319,27425.319,27567.419,27669.581,27732.481,27432.631,27574.731,7.312,247.48
2022-07-27,27562.469,28074.469,27520.319,28008.519,27569.001,28081.481,27527.581,28015.001,6.482,267.66
2022-07-28,28006.369,28026.369,27608.469,27945.469,28013.631,28033.731,27615.481,27952.481,7.012,274.52
2022-07-29,27948.369,28003.519,27719.269,27977.319,27955.731,28010.731,27726.531,27984.581,7.262,264.47
2022-08-01,27814.519,28078.999,27739.999,27805.319,27821.001,28085.001,27746.731,27812.531,7.212,257.41
2022-08-02,27810.519,27928.999,27528.269,27730.519,27817.731,27935.681,27535.001,27737.531,7.012,324.61
2022-08-03,27728.269,28038.269,27630.319,27970.319,27735.631,28045.531,27637.581,27977.731,7.412,235.85
2022-08-04,27968.519,28080.519,27825.369,27837.369,27975.631,28087.681,27832.001,27844.731,7.362,237.1
2022-08-05,27842.269,28237.999,27842.269,28127.519,27849.001,28244.731,27849.001,28134.531,7.012,231.06
2022-08-08,28069.519,28333.999,28049.319,28148.999,28076.631,28340.731,28056.481,28155.631,6.632,240.62
2022-08-09,28138.269,28190.369,27798.269,27910.999,28145.581,28197.731,27805.001,27917.481,6.482,228.05
2022-08-10,27913.319,28165.469,27725.269,28150.369,27920.731,28172.631,27732.481,28157.731,7.362,200.15
2022-08-11,28153.419,28248.369,28045.999,28165.519,28160.731,28255.481,28052.581,28172.631,7.112,137.2
2022-08-12,28175.269,28733.469,28163.319,28728.419,28182.731,28740.581,28170.531,28735.531,7.112,195.96
2022-08-15,28665.269,28918.319,28638.269,28890.519,28672.581,28925.681,28645.001,28897.731,7.212,155.09
2022-08-16,28880.469,29016.999,28755.269,28963.319,28887.681,29023.731,28762.001,28970.531,7.212,178.86
2022-08-17,28961.519,29230.999,28900.319,28950.369,28968.481,29237.731,28907.001,28957.681,7.312,248.8
2022-08-18,28955.269,29149.469,28840.269,29096.419,28962.481,29156.481,28847.531,29103.631,7.212,206.47
2022-08-19,29094.999,29144.999,28672.999,28727.999,29101.581,29151.731,28679.581,28734.001,6.002,195.25
2022-08-22,28602.419,28844.469,28444.269,28569.269,28609.001,28851.531,28451.001,28576.581,7.312,223.6
2022-08-23,28571.519,28594.469,28359.319,28481.419,28578.631,28601.681,28366.631,28488.481,7.062,256.1
2022-08-24,28476.269,28539.999,28264.269,28409.519,28483.681,28546.731,28271.001,28416.681,7.162,235.56
2022-08-25,28406.999,28708.999,28359.419,28675.269,28413.531,28715.731,28366.001,28682.681,7.412,225.53
2022-08-26,28680.519,28798.999,28204.269,28209.419,28687.481,28805.731,28211.001,28216.531,7.112,296.84
2022-08-29,27916.469,28168.999,27769.319,28074.519,27923.001,28175.681,27776.001,28081.001,6.482,350.93
2022-08-30,28071.269,28339.999,27854.269,27896.519,28078.731,28346.731,27861.001,27903.531,7.012,302.8
2022-08-31,27901.419,28124.369,27689.369,27781.519,27908.481,28131.631,27696.581,27788.581,7.062,349.54
2022-09-01,27786.999,27834.319,27549.269,27761.419,27793.531,27841.681,27556.001,27768.531,7.112,330.67
2022-09-02,27756.999,27897.999,27452.269,27517.469,27763.531,27904.731,27459.001,27524.631,7.162,343.73
2022-09-05,27574.419,27741.999,27504.319,27671.319,27581.731,27748.731,27511.581,27678.531,7.212,196.3
2022-09-06,27666.319,27811.999,27509.419,27536.469,27673.631,27818.731,27516.531,27543.531,7.062,344.59
2022-09-07,27531.469,27752.999,27254.999,27744.319,27538.001,27759.681,27261.581,27751.731,7.412,314.1
2022-09-08,27749.369,28253.999,27732.269,28215.319,27756.631,28260.731,27739.481,28222.631,7.312,320.71
2022-09-09,28218.369,28428.999,28083.419,28413.369,28225.581,28435.581,28090.631,28420.481,7.112,214.91
2022-09-12,28510.269,28646.999,28438.269,28558.369,28517.531,28653.731,28445.001,28565.681,7.312,205.57
2022-09-13,28551.269,28678.269,27753.369,27846.999,28558.001,28685.681,27760.631,27853.731,6.732,272.65
2022-09-14,27843.999,28044.419,27773.319,27881.319,27850.631,28051.731,27780.001,27888.001,6.682,325.99
2022-09-15,27874.319,27955.999,27555.369,27617.519,27881.631,27962.731,27562.001,27624.481,6.962,279.88
2022-09-16,27612.469,27652.419,27430.469,27552.369,27619.681,27659.481,27437.531,27559.531,7.162,289.55
2022-09-19,27557.999,27847.369,27355.319,27832.269,27564.731,27854.531,27362.581,27839.731,7.462,156.06
2022-09-20,27827.469,27915.519,27325.269,27450.519,27834.481,27922.631,27332.001,27457.631,7.112,261.58
2022-09-21,27447.319,27667.469,27010.469,27062.319,27454.631,27674.531,27017.631,27069.581,7.262,410.45
2022-09-22,27057.269,27402.269,26907.269,27042.319,27064.531,27409.581,26914.001,27049.001,6.682,433.06
2022-09-23,27044.519,27072.999,26477.319,26624.269,27051.531,27079.731,26484.481,26631.731,7.462,333.29
2022-09-26,26699.999,26737.999,26414.269,26576.369,26706.631,26744.731,26421.631,26583.581,7.212,508.1
2022-09-27,26579.519,26682.999,26272.269,26484.419,26586.731,26689.581,26279.001,26491.001,6.582,453.25
2022-09-28,26479.369,26755.999,25895.319,26470.269,26486.631,26762.731,25902.481,26477.531,7.262,647.8
2022-09-29,26465.319,26520.319,26039.319,26231.419,26472.531,26527.731,26046.001,26238.581,7.162,548.35
2022-09-30,26226.469,26264.369,25797.269,25942.519,26233.481,26271.481,25804.001,25949.001,6.482,563.87
2022-10-03,25734.519,26714.419,25612.369,26699.999,25741.631,26721.581,25619.001,26706.531,6.532,479.15
2022-10-04,26704.369,27194.369,26644.269,27166.419,26711.001,27201.731,26651.481,27173.001,6.582,390.52
2022-10-05,27179.999,27194.999,26842.369,27147.269,27186.581,27201.731,26849.581,27154.731,7.462,402.34
2022-10-06,27149.519,27404.519,26929.269,26939.519,27156.681,27411.731,26936.681,26946.531,7.012,454.55
2022-10-07,26934.999,27197.469,26652.269,26732.269,26941.001,27204.731,26659.481,26739.681,7.412,447.29
2022-10-10,26599.519,26757.999,26494.319,26689.469,26606.731,26764.731,26501.581,26696.481,7.012,406.5
2022-10-11,26684.369,26702.419,26285.269,26362.369,26691.681,26709.681,26292.481,26369.531,7.162,564.52
2022-10-12,26367.269,26497.999,26297.419,26412.369,26374.631,26504.731,26304.481,26419.631,7.262,535.36
2022-10-13,26407.469,26896.519,25861.319,26853.469,26414.481,26903.481,25868.481,26860.481,7.012,535.2
2022-10-14,26843.519,27178.469,26603.269,26615.469,26850.581,27185.581,26610.481,26622.531,7.062,587.6
2022-10-17,26748.519,27231.999,26643.269,27228.269,26755.531,27238.731,26650.481,27235.001,6.732,420.6
2022-10-18,27225.369,27305.999,26995.999,27017.469,27232.001,27312.631,27002.581,27024.001,6.532,92.03
2022-10-19,27210.369,27365.999,26905.269,26962.319,27217.531,27372.631,26912.481,26969.001,6.682,483.05
2022-10-20,26967.519,27299.999,26869.269,26929.319,26974.001,27306.731,26876.481,26936.531,7.212,522.26
2022-10-21,26934.519,27123.419,26793.369,27121.519,26941.001,27130.631,26800.681,27128.531,7.012,447.58
2022-10-24,27236.269,27306.419,26859.269,27164.999,27243.631,27313.731,26866.001,27171.001,6.002,526.15
2022-10-25,27159.419,27560.419,27079.999,27405.999,27166.581,27567.731,27086.681,27412.581,6.582,359.48
2022-10-26,27410.999,27630.999,27375.319,27417.519,27417.681,27637.731,27382.481,27424.631,7.112,389.08
2022-10-27,27412.419,27449.369,26934.419,27011.269,27419.631,27456.631,26941.001,27018.681,7.412,415.34
2022-10-28,27016.269,27524.999,26974.519,27524.269,27023.581,27531.631,26981.581,27531.581,7.312,356.5
2022-10-31,27499.369,27668.469,27409.419,27615.369,27506.581,27675.731,27416.001,27622.581,7.212,331.52
2022-11-01,27610.469,27782.519,27507.369,27579.319,27617.581,27789.731,27514.631,27586.531,7.212,321.73
2022-11-02,27584.269,27748.519,27238.369,27305.469,27591.631,27755.681,27245.481,27312.531,7.062,349.94
2022-11-03,27308.319,27408.999,27173.269,27230.519,27315.581,27415.731,27180.001,27237.481,6.962,277.39
2022-11-04,27235.269,27533.519,27020.269,27498.369,27242.481,27540.531,27027.001,27505.481,7.112,404.56
2022-11-07,27400.999,27723.999,27358.319,27720.269,27407.001,27730.731,27365.631,27727.481,7.212,263.89
2022-11-08,27713.269,28002.999,27700.369,27944.999,27720.631,28009.731,27707.001,27951.631,6.632,239.78
2022-11-09,27939.469,27942.519,27426.319,27441.469,27946.681,27949.001,27433.531,27448.731,7.262,308.65
2022-11-10,27439.519,28177.469,27359.419,28157.469,27446.481,28184.731,27366.531,28164.481,7.012,234.31
2022-11-11,28167.519,28335.319,27972.319,28109.319,28174.531,28342.581,27979.001,28116.531,7.212,305.83
2022-11-14,28169.369,28222.999,27907.269,27909.369,28176.631,28229.731,27914.001,27916.481,7.112,208.26
2022-11-15,27907.269,28216.519,27887.369,27986.369,27914.731,28223.631,27894.631,27993.581,7.212,296.17
2022-11-16,27983.419,28114.999,27731.469,27926.999,27990.681,28121.731,27738.681,27933.631,6.632,260.63
2022-11-17,27921.419,28030.999,27780.319,27980.319,27928.681,28037.731,27787.001,27987.681,7.362,196.02
2022-11-18,27985.369,28050.319,27860.269,27957.419,27992.631,28057.681,27867.001,27964.581,7.162,180.73
2022-11-21,27957.419,28089.469,27844.269,28036.419,27964.531,28096.731,27851.001,28043.001,6.582,149.03
2022-11-22,28034.469,28356.369,28034.469,28349.469,28041.001,28363.581,28041.001,28356.581,7.112,144.92
2022-11-23,28351.519,28419.999,28294.269,28394.419,28358.531,28426.731,28301.001,28401.581,7.162,133.36
2022-11-24,28391.999,28501.999,28334.269,28361.519,28398.531,28508.481,28341.001,28368.681,7.162,69.65
2022-11-25,28371.269,28386.519,28254.269,28349.319,28378.681,28393.631,28261.001,28356.681,7.362,79.81
2022-11-28,28231.369,28300.469,28000.269,28000.269,28238.581,28307.631,28007.681,28007.681,7.412,153.79
2022-11-29,28002.419,28117.519,27895.269,27907.319,28009.481,28124.481,27902.531,27914.681,7.362,157.33
2022-11-30,27905.369,28481.269,27805.269,28466.369,27912.631,28488.731,27812.481,28473.731,7.362,211.69
2022-12-01,28461.319,28471.369,27924.269,28021.999,28468.731,28478.681,27931.001,28028.581,6.582,219.35
2022-12-02,28016.419,28016.419,27490.319,27680.469,28023.481,28023.481,27497.481,27687.731,7.262,215.34
2022-12-05,27777.369,27867.999,27622.269,27679.269,27784.731,27874.731,27629.001,27686.531,7.262,193.49
2022-12-06,27689.519,27935.999,27540.519,27647.469,27696.631,27942.681,27547.631,27654.531,7.062,226.78
2022-12-07,27657.319,27778.999,27550.419,27613.469,27664.681,27785.731,27557.681,27620.731,7.262,236.02
2022-12-08,27618.319,27766.999,27406.269,27706.269,27625.631,27773.681,27413.001,27713.001,6.732,194.53
2022-12-09,27696.419,27998.519,27648.519,27788.519,27703.481,28005.731,27655.581,27795.481,6.962,186.22
2022-12-12,27710.469,28069.999,27710.469,28061.999,27717.481,28076.731,27717.481,28068.681,6.682,131.92
2022-12-13,28066.319,28312.999,27901.419,28034.469,28073.481,28319.681,27908.531,28041.731,7.262,257.32
2022-12-14,28029.999,28197.369,27877.319,27999.469,28036.731,28204.731,27884.001,28006.581,7.112,238.45
2022-12-15,27997.269,28162.369,27587.519,27640.269,28004.001,28169.731,27594.531,27647.481,7.212,217.82
2022-12-16,27645.419,27692.999,27194.419,27324.369,27652.581,27699.581,27201.481,27331.631,7.262,254.09
2022-12-19,27261.419,27382.369,27139.419,27264.519,27268.001,27389.001,27146.531,27271.581,7.062,195.67
2022-12-20,27262.469,27337.469,26133.519,26535.269,27269.001,27344.631,26140.531,26542.681,7.412,341.38
2022-12-21,26540.469,26623.369,26260.419,26595.469,26547.581,26630.001,26267.531,26602.681,7.212,221.54
2022-12-22,26598.369,26600.319,25968.519,26205.419,26605.481,26607.001,25975.481,26212.531,7.112,221.87
2022-12-23,26200.999,26365.319,26095.519,26305.269,26207.731,26372.731,26102.731,26312.681,7.412,282.08
2022-12-26,26440.469,26585.999,26405.419,26575.269,26447.631,26592.581,26412.531,26582.001,6.732,7.82
2022-12-27,26577.319,26632.469,26222.269,26284.469,26584.631,26639.631,26229.001,26291.631,7.162,202.15
2022-12-28,26289.519,26375.999,26011.369,26054.419,26296.581,26382.731,26018.581,26061.731,7.312,249.52
2022-12-29,26051.999,26362.419,25932.269,26197.419,26058.531,26369.731,25939.631,26204.531,7.112,186.74
2022-12-30,26209.419,26299.419,25652.319,25812.369,26216.001,26306.531,25659.001,25819.001,6.632,211.82
2023-01-02,25914.319,25952.319,25817.269,25884.519,25921.731,25959.001,25824.481,25891.631,7.112,7.12
2023-01-03,25879.999,25972.519,25597.519,25862.999,25886.581,25979.731,25604.531,25869.681,6.682,307.34
2023-01-04,25859.519,25937.999,25622.319,25857.469,25866.731,25944.731,25629.531,25864.581,7.112,266.2
2023-01-05,25862.469,25954.999,25700.269,25735.319,25869.731,25961.681,25707.001,25742.481,7.162,252.01
2023-01-06,25732.999,26220.999,25732.319,26190.469,25739.631,26227.731,25739.631,26197.681,7.212,232.22
2023-01-09,26200.999,26465.999,26170.269,26207.419,26207.531,26472.731,26177.481,26214.631,7.212,123.34
2023-01-10,26212.369,26358.519,26098.319,26340.519,26219.731,26365.531,26105.581,26347.731,7.212,229.63
2023-01-11,26343.519,26560.999,26343.519,26492.269,26350.001,26567.731,26350.001,26499.531,7.262,138.02
2023-01-12,26495.999,26542.369,26010.319,26257.519,26502.631,26549.531,26017.481,26264.581,7.062,233.29
2023-01-13,26260.999,26390.519,25702.269,25799.319,26267.681,26397.531,25709.531,25806.731,7.412,206.1
2023-01-16,25827.469,25940.319,25737.419,25907.999,25834.481,25947.681,25744.481,25914.731,6.732,97.07
2023-01-17,25912.519,26407.999,25885.519,26264.469,25919.001,26414.581,25892.531,26271.481,7.012,158.21
2023-01-18,26254.269,26931.269,26214.369,26531.999,26261.731,26938.531,26221.581,26538.001,6.002,253.6
2023-01-19,26526.519,26594.469,26256.369,26321.319,26533.481,26601.581,26263.731,26328.481,7.162,222.83
2023-01-20,26323.319,26944.419,26301.319,26934.419,26330.731,26951.681,26308.481,26941.581,7.162,187.04
2023-01-23,26906.999,27241.319,26789.319,27203.999,26913.581,27248.481,26796.001,27210.001,6.002,165.41
2023-01-24,27198.519,27386.999,27101.319,27186.519,27205.631,27393.731,27108.481,27193.581,7.062,199.78
2023-01-25,27201.519,27476.269,27176.269,27436.469,27208.581,27483.631,27183.481,27443.581,7.112,206.5
2023-01-26,27441.999,27538.519,27278.419,27415.419,27448.481,27545.731,27285.481,27422.581,7.162,217.36
2023-01-27,27420.269,27498.999,27303.269,27463.369,27427.631,27505.731,27310.001,27470.681,7.312,168.29
2023-01-30,27369.369,27593.999,27328.369,27458.419,27376.001,27600.731,27335.531,27465.531,7.112,205.84
2023-01-31,27460.269,27524.999,27204.269,27499.269,27467.581,27531.531,27211.001,27506.631,7.362,181.76
2023-02-01,27496.419,27539.999,27166.369,27496.319,27503.731,27546.631,27173.681,27503.631,7.312,239.46
2023-02-02,27489.469,27612.319,27339.269,27482.269,27496.531,27619.531,27346.531,27489.581,7.312,250.16
2023-02-03,27487.369,27747.519,27427.269,27639.519,27494.681,27754.481,27434.001,27646.581,7.062,233.65
2023-02-06,27784.519,27827.519,27541.269,27738.469,27791.581,27834.731,27548.001,27745.481,7.012,212.95
2023-02-07,27736.269,27806.469,27371.319,27623.519,27743.481,27813.001,27378.681,27630.481,6.962,202.75
2023-02-08,27628.319,27661.519,27383.269,27438.999,27635.681,27668.681,27390.001,27445.581,6.582,175.28
2023-02-09,27440.269,27710.269,27418.269,27590.469,27447.681,27717.731,27425.481,27597.531,7.062,187.98
2023-02-10,27600.419,27808.999,27410.999,27607.469,27607.001,27815.681,27417.731,27614.481,7.012,239.33
2023-02-13,27545.319,27737.999,27260.319,27702.269,27552.581,27744.731,27267.681,27709.731,7.462,157.86
2023-02-14,27707.419,27784.999,27534.319,27704.519,27714.531,27791.731,27541.001,27711.481,6.962,254.62
2023-02-15,27696.519,27719.419,27434.369,27626.419,27703.731,27726.631,27441.631,27633.531,7.112,172.39
2023-02-16,27621.269,27737.999,27452.269,27457.419,27628.631,27744.731,27459.481,27464.631,7.212,184.74
2023-02-17,27462.469,27607.999,27394.269,27511.999,27469.681,27614.731,27401.481,27518.631,6.632,175.73
2023-02-20,27479.369,27544.999,27419.269,27494.319,27486.631,27551.731,27426.001,27501.481,7.162,62.95
2023-02-21,27499.419,27539.419,27224.999,27266.519,27506.531,27546.681,27231.631,27273.581,7.062,166.4
2023-02-22,27261.519,27299.999,26961.319,27123.269,27268.531,27306.581,26968.001,27130.631,7.362,199.74
2023-02-23,27121.319,27261.999,27021.269,27156.419,27128.481,27268.531,27028.531,27163.481,7.062,149.87
2023-02-24,27151.519,27466.999,27151.319,27358.269,27158.731,27473.731,27158.531,27365.581,7.312,178.98
2023-02-27,27329.519,27562.469,27297.269,27519.999,27336.531,27569.681,27304.001,27526.001,6.002,149.69
2023-02-28,27517.269,27582.519,27359.269,27364.519,27524.631,27589.681,27366.531,27371.531,7.012,151.52
2023-03-01,27369.999,27557.369,27299.269,27537.519,27376.631,27564.001,27306.001,27544.731,7.212,173.09
2023-03-02,27534.469,27739.999,27401.269,27704.319,27541.731,27746.731,27408.001,27711.481,7.162,185.1
2023-03-03,27701.519,28224.999,27656.519,28189.999,27708.001,28231.731,27663.001,28196.631,6.632,148.93
2023-03-06,28171.419,28310.999,28159.999,28217.469,28178.581,28317.731,28166.631,28224.581,7.112,161.86
2023-03-07,28215.369,28449.999,28159.319,28241.999,28222.481,28456.681,28166.001,28248.681,6.682,208.43
2023-03-08,28239.469,28689.469,28236.419,28644.369,28246.481,28696.731,28243.581,28651.681,7.312,212.27
2023-03-09,28649.519,28727.269,28194.369,28304.469,28656.731,28734.731,28201.581,28311.681,7.212,201.16
2023-03-10,28306.469,28460.999,27763.319,27765.319,28313.681,28467.001,27770.001,27772.731,7.412,378.25
2023-03-13,27930.269,27930.269,27244.519,27386.319,27937.481,27937.481,27251.001,27393.001,6.682,592.14
2023-03-14,27391.469,27499.999,27089.269,27441.469,27398.001,27506.481,27096.001,27448.581,7.112,411.16
2023-03-15,27446.999,27446.999,26455.319,26663.269,27453.631,27453.631,26462.681,26670.681,7.412,532.39
2023-03-16,26658.269,27313.519,26623.999,27200.519,26665.581,27320.731,26630.631,27207.581,7.062,503.17
2023-03-17,27195.369,27408.999,26903.419,26965.319,27202.731,27415.531,26910.581,26972.001,6.682,409.76
2023-03-20,27270.369,27368.519,26643.419,27148.469,27277.001,27375.681,26650.481,27155.681,7.212,502.42
2023-03-21,27143.469,27408.999,27073.469,27340.519,27150.681,27415.731,27080.731,27347.731,7.212,213.26
2023-03-22,27335.519,27629.999,27209.269,27276.519,27342.531,27636.681,27216.481,27283.001,6.482,316.75
2023-03-23,27261.999,27630.999,27179.419,27347.419,27268.481,27637.481,27186.681,27354.481,7.062,332.89
2023-03-24,27357.469,27490.319,27105.369,27370.419,27364.531,27497.631,27112.001,27377.581,7.162,390.48
2023-03-27,27482.319,27628.999,27345.469,27585.319,27489.001,27635.681,27352.681,27592.481,7.162,238.76
2023-03-28,27583.519,27595.419,27394.319,27541.369,27590.001,27602.681,27401.001,27548.531,7.162,179.22
2023-03-29,27536.369,28090.999,27514.519,27829.269,27543.731,28097.731,27521.581,27836.481,7.212,166.26
2023-03-30,27839.319,28025.369,27625.419,27987.999,27846.731,28032.631,27632.731,27994.731,6.732,180.22
2023-03-31,27982.469,28217.999,27972.999,28197.369,27989.001,28224.731,27979.001,28204.581,7.212,174.35
2023-04-03,28204.999,28272.519,28037.469,28194.419,28211.731,28279.731,28044.481,28201.681,7.262,173.89
2023-04-04,28189.369,28327.319,28007.269,28104.469,28196.481,28334.631,28014.531,28111.001,6.532,171.04
2023-04-05,28102.419,28142.419,27559.269,27626.999,28109.001,28149.631,27566.531,27633.481,6.482,189.22
2023-04-06,27624.319,27674.999,27424.419,27531.519,27631.681,27681.531,27431.531,27538.681,7.162,165.31
2023-04-07,27536.319,27657.519,27452.319,27649.419,27543.001,27664.681,27459.581,27656.001,6.582,51.79
2023-04-10,27669.419,27889.519,27592.319,27877.519,27676.631,27896.681,27599.481,27884.001,6.482,108.94
2023-04-11,27872.999,28086.999,27847.319,28013.469,27879.531,28093.731,27854.001,28020.731,7.262,150.65
2023-04-12,28011.519,28236.999,27856.269,27951.269,28018.481,28243.731,27863.001,27958.681,7.412,184.72
2023-04-13,27956.469,28437.999,27941.369,28364.519,27963.631,28444.681,27948.631,28371.001,6.482,146.2
2023-04-14,28372.999,28588.319,28331.269,28518.519,28379.581,28595.531,28338.001,28525.531,7.012,190.55
2023-04-17,28561.999,28601.369,28416.369,28549.519,28568.681,28608.481,28423.001,28556.001,6.482,138.1
2023-04-18,28544.369,28758.519,28512.269,28628.419,28551.631,28765.531,28519.531,28635.681,7.262,135.59
2023-04-19,28625.319,28678.999,28394.519,28464.319,28632.481,28685.731,28401.001,28471.481,7.162,118.54
2023-04-20,28459.999,28695.999,28431.999,28565.999,28466.481,28702.581,28438.731,28572.731,6.732,138.32
2023-04-21,28555.369,28775.519,28484.369,28671.369,28562.581,28782.731,28491.001,28678.001,6.632,167.45
2023-04-24,28634.369,28739.469,28554.519,28681.319,28641.581,28746.631,28561.631,28688.531,7.212,106.39
2023-04-25,28686.469,28801.999,28359.419,28491.369,28693.731,28808.731,28366.001,28498.631,7.262,166.78
2023-04-26,28496.469,28554.319,28250.269,28317.369,28503.681,28561.001,28257.001,28324.001,6.632,219.49
2023-04-27,28315.999,28750.999,28245.319,28687.519,28322.731,28757.731,28252.481,28694.631,7.112,137.66
2023-04-28,28692.369,29090.469,28485.469,29070.269,28699.731,29097.681,28492.731,29077.631,7.362,246.54
2023-05-01,29050.319,29350.999,29015.999,29252.269,29057.001,29357.631,29022.681,29259.631,7.362,110.46
2023-05-02,29247.319,29267.999,28653.369,28770.519,29254.581,29274.681,28660.001,28777.581,7.062,223.85
2023-05-03,28765.469,28938.999,28540.319,28600.269,28772.481,28945.631,28547.581,28607.581,7.312,247.63
2023-05-04,28598.369,28778.419,28558.319,28683.319,28605.581,28785.731,28565.001,28690.531,7.212,265.09
2023-05-05,28688.269,29143.999,28683.269,29103.999,28695.001,29150.731,28690.001,29110.731,6.732,112.09
2023-05-08,29068.319,29138.999,28929.319,29039.319,29075.681,29145.731,28936.631,29046.681,7.362,137.54
2023-05-09,29034.519,29275.519,29014.999,29237.419,29041.001,29282.481,29021.681,29244.631,7.212,128.3
2023-05-10,29230.469,29232.269,28887.469,29064.369,29237.631,29239.631,28894.631,29071.531,7.162,202.66
2023-05-11,29069.369,29192.999,28957.269,29117.469,29076.681,29199.731,28964.001,29124.481,7.012,198.38
2023-05-12,29102.519,29582.519,29102.319,29564.469,29109.631,29589.731,29109.631,29571.531,7.062,212.3
2023-05-15,29544.469,29898.999,29472.319,29820.469,29551.631,29905.581,29479.531,29827.001,6.532,170.39
2023-05-16,29813.369,29988.999,29770.469,29890.469,29820.531,29995.731,29777.731,29897.531,7.062,155.34
2023-05-17,29895.519,30538.419,29895.519,30525.369,29902.631,30545.731,29902.631,30532.531,7.162,165.62
2023-05-18,30520.319,30964.469,30373.369,30869.469,30527.531,30971.681,30380.481,30876.531,7.062,247.1
2023-05-19,30871.369,30977.999,30662.319,30832.999,30878.481,30984.731,30669.001,30839.681,6.682,252.42
2023-05-22,30724.319,31306.369,30682.369,31271.469,30731.581,31313.731,30689.481,31278.731,7.262,221.28
2023-05-23,31266.369,31351.519,30541.269,30783.269,31273.681,31358.581,30548.581,30790.681,7.412,299.74
2023-05-24,30778.999,30851.999,30396.269,30678.999,30785.631,30858.581,30403.581,30685.581,6.582,261.25
2023-05-25,30693.269,31101.999,30611.999,30923.319,30700.531,31108.731,30618.581,30930.681,7.362,288.61
2023-05-26,30933.469,31551.999,30876.269,31496.999,30940.481,31558.681,30883.001,31503.731,6.732,230.6
2023-05-29,31603.419,31603.519,31158.319,31208.419,31610.001,31610.681,31165.681,31215.631,7.212,156.13
2023-05-30,31203.419,31441.519,31056.319,31081.319,31210.531,31448.731,31063.001,31088.531,7.212,307.56
2023-05-31,31083.419,31138.419,30631.419,30888.369,31090.681,31145.731,30638.681,30895.481,7.112,335.48
2023-06-01,30883.319,31434.999,30841.369,31326.369,30890.581,31441.731,30848.001,31333.481,7.112,286.7
2023-06-02,31324.319,32009.519,31269.269,31959.519,31331.581,32016.731,31276.631,31966.001,6.482,250.56
2023-06-05,31916.269,32564.519,31811.369,32009.369,31923.681,32571.731,31818.481,32016.581,7.212,307.18
2023-06-06,32014.999,32701.519,31924.369,32623.469,32021.681,32708.531,31931.001,32630.481,7.012,292.12
2023-06-07,32618.469,32711.269,31758.269,31923.469,32625.581,32718.631,31765.631,31930.481,7.012,399.14
2023-06-08,31918.999,32031.269,31416.269,31963.319,31925.681,32038.681,31423.581,31970.481,7.162,309.34
2023-06-09,31981.419,32546.999,31916.269,32396.469,31988.531,32553.731,31923.531,32403.731,7.262,367.38
2023-06-12,32428.999,32760.519,32262.369,32647.469,32435.001,32767.631,32269.001,32654.631,7.162,274.01
2023-06-13,32660.369,33589.999,32650.319,33386.269,32667.681,33596.681,32657.581,33393.631,7.362,420.64
2023-06-14,33371.469,33817.369,33204.319,33504.319,33378.631,33824.631,33211.001,33511.001,6.682,495.14
2023-06-15,33499.999,33794.419,33157.269,33409.519,33506.631,33801.531,33164.001,33416.631,7.112,412.01
2023-06-16,33414.269,34010.999,33182.419,33765.369,33421.581,34017.731,33189.681,33772.731,7.362,410.42
2023-06-19,33805.369,33805.369,33222.319,33269.319,33812.581,33812.581,33229.531,33276.731,7.412,266.17
2023-06-20,33264.369,33477.419,33067.369,33199.419,33271.681,33484.631,33074.531,33206.681,7.262,359.32
2023-06-21,33194.469,33792.269,33144.269,33444.319,33201.731,33799.531,33151.531,33451.581,7.262,353.51
2023-06-22,33437.999,33639.999,33159.319,33491.269,33444.001,33646.731,33166.001,33498.631,7.362,281.57
2023-06-23,33476.519,33536.269,32395.319,32680.369,33483.681,33543.681,32402.481,32687.631,7.262,450.43
2023-06-26,32617.319,32914.469,32377.419,32639.269,32624.001,32921.731,32384.531,32646.481,7.212,378.76
2023-06-27,32634.369,32887.999,32297.469,32782.369,32641.581,32894.731,32304.581,32789.631,7.262,334.93
2023-06-28,32779.319,33370.519,32637.269,33272.269,32786.481,33377.731,32644.001,33279.531,7.262,282.01
2023-06-29,33280.999,33535.319,33074.519,33094.419,33287.681,33542.731,33081.481,33101.001,6.582,221.9
2023-06-30,33089.369,33515.999,32912.269,33440.469,33096.581,33522.731,32919.001,33447.631,7.162,171.14
2023-07-03,33530.519,33830.419,33520.319,33640.319,33537.731,33837.631,33527.631,33647.001,6.682,147.83
2023-07-04,33207.519,33230.999,33150.369,33167.419,33214.681,33237.731,33157.731,33174.531,7.112,4.1
2023-07-05,33172.269,33385.519,32955.319,32997.999,33179.681,33392.631,32962.531,33004.581,6.582,208.38
2023-07-06,33012.999,33060.319,32239.469,32464.469,33019.001,33067.631,32246.531,32471.731,7.262,297.16
2023-07-07,32469.999,32729.419,32222.319,32474.369,32476.681,32736.631,32229.001,32481.581,7.212,228.38
2023-07-10,32399.419,32564.469,32056.319,32416.269,32406.581,32571.631,32063.581,32423.581,7.312,209.92
2023-07-11,32431.519,32479.269,32053.369,32335.419,32438.631,32486.581,32060.001,32342.001,6.582,171.62
2023-07-12,32323.269,32325.319,31763.519,32108.419,32330.731,32332.481,31770.481,32115.581,7.162,304.99
2023-07-13,32103.519,32884.469,31946.319,32841.319,32110.531,32891.681,31953.481,32848.681,7.362,222.79
2023-07-14,32834.269,32834.269,32213.419,32353.369,32841.681,32841.681,32220.681,32360.531,7.162,257.64
2023-07-17,32293.319,32508.269,32106.269,32443.319,32300.531,32515.731,32113.681,32450.631,7.312,152.8
2023-07-18,32448.469,32888.469,32333.319,32845.999,32455.001,32895.581,32340.001,32852.581,6.582,223.34
2023-07-19,32840.419,33069.269,32663.419,32796.469,32847.681,33076.001,32670.681,32803.681,7.212,237.71
2023-07-20,32806.369,32851.999,32254.999,32286.369,32813.531,32858.681,32261.581,32293.631,7.262,224.41
2023-07-21,32281.469,32778.469,32076.269,32703.319,32288.531,32785.681,32083.681,32710.631,7.312,223.83
2023-07-24,32638.519,32839.369,32501.269,32706.269,32645.531,32846.531,32508.481,32713.481,7.212,190.2
2023-07-25,32719.369,32721.519,32508.519,32673.369,32726.681,32728.001,32515.531,32680.481,7.112,147.75
2023-07-26,32678.269,32728.519,32408.319,32510.999,32685.681,32735.631,32415.481,32517.731,6.732,195.73
2023-07-27,32505.319,33231.519,32351.469,32411.469,32512.631,33238.681,32358.581,32418.681,7.212,235.53
2023-07-28,32414.319,33165.469,32020.319,33120.469,32421.731,33172.531,32027.681,33127.001,6.532,337.45
2023-07-31,33112.269,33410.519,33012.519,33257.469,33119.681,33417.731,33019.531,33264.731,7.262,180.49
2023-08-01,33262.419,33484.519,33026.319,33111.369,33269.481,33491.581,33033.631,33118.631,7.262,174.01
2023-08-02,33116.469,33136.999,32291.369,32393.469,33123.001,33143.001,32298.581,32400.001,6.532,250.99
2023-08-03,32388.419,32448.469,31673.269,31998.519,32395.731,32455.731,31680.001,32005.631,7.112,293.28
2023-08-04,31993.469,32304.469,31918.269,31974.519,32000.731,32311.581,31925.631,31981.681,7.162,244.24
2023-08-07,31904.999,32439.999,31809.469,32416.999,31911.681,32446.731,31816.681,32423.731,6.732,180.85
2023-08-08,32421.519,32539.999,32101.999,32291.999,32428.631,32546.731,32108.631,32298.681,6.682,216.59
2023-08-09,32286.999,32411.999,32056.269,32063.419,32293.481,32418.731,32063.631,32070.531,7.112,176.9
2023-08-10,32068.319,32828.519,32023.469,32608.269,32075.681,32835.731,32030.631,32615.481,7.212,262.58
2023-08-11,32605.999,32723.469,32443.269,32493.369,32612.001,32730.631,32450.001,32500.001,6.632,173.92
2023-08-14,32483.519,32618.519,32028.269,32365.519,32490.531,32625.481,32035.001,32372.681,7.162,217.54
2023-08-15,32370.269,32400.319,31890.269,31925.369,32377.631,32407.001,31897.631,31932.581,7.212,190.57
2023-08-16,31932.369,31995.519,31600.269,31632.319,31939.581,32002.631,31607.631,31639.531,7.212,196.41
2023-08-17,31637.999,31792.519,31302.319,31332.269,31644.581,31799.581,31309.001,31339.581,7.312,221.09
2023-08-18,31325.419,31645.469,31245.369,31490.419,31332.731,31652.581,31252.581,31497.631,7.212,205.2
2023-08-21,31562.469,31858.419,31400.269,31808.999,31569.631,31865.531,31407.731,31815.001,6.002,187.15
2023-08-22,31805.469,32033.369,31688.269,31720.999,31812.681,32040.731,31695.531,31727.531,6.532,181.76
2023-08-23,31718.999,32220.269,31713.469,32183.999,31725.631,32227.481,31720.731,32190.001,6.002,168.23
2023-08-24,32180.419,32303.319,31683.419,31760.269,32187.001,32310.581,31690.001,31767.581,7.312,203.38
2023-08-25,31765.469,31907.999,31562.319,31867.319,31772.531,31914.681,31569.001,31874.681,7.362,232.79
2023-08-28,31942.369,32340.519,31882.369,32285.369,31949.001,32347.681,31889.001,32292.531,7.162,151.74
2023-08-29,32290.999,32459.369,32156.269,32407.419,32297.681,32466.581,32163.001,32414.481,7.062,155.47
2023-08-30,32409.419,32559.999,32189.319,32351.519,32416.481,32566.581,32196.481,32358.581,7.062,149.71
2023-08-31,32356.269,32694.519,32354.369,32471.269,32363.481,32701.631,32361.531,32478.631,7.362,162.41
2023-09-01,32479.519,32844.469,32479.519,32739.469,32486.581,32851.731,32486.581,32746.731,7.262,179.82
2023-09-04,32786.469,33089.999,32711.999,32936.519,32793.731,33096.531,32718.531,32943.681,7.162,99.7
2023-09-05,32941.999,33169.419,32779.469,33101.519,32948.001,33176.581,32786.531,33108.631,7.112,176.81
2023-09-06,33104.269,33296.469,33004.419,33129.469,33111.631,33303.681,33011.631,33136.631,7.162,196.63
2023-09-07,33126.999,33329.269,32774.269,32871.999,33133.001,33336.681,32781.001,32878.001,6.002,171.14
2023-09-08,32854.999,32901.999,32479.369,32749.419,32861.581,32908.631,32486.481,32756.481,7.062,199.26
2023-09-11,32701.999,32749.269,32389.999,32656.519,32708.001,32756.481,32396.531,32663.531,7.012,178.71
2023-09-12,32654.269,32894.519,32481.419,32774.999,32661.001,32901.731,32488.531,32781.681,6.682,175.54
2023-09-13,32766.469,32974.469,32609.469,32939.469,32773.531,32981.581,32616.531,32946.001,6.532,199.57
2023-09-14,32936.469,33465.419,32851.999,33402.369,32943.581,33472.631,32858.731,33409.731,7.362,192.3
2023-09-15,33417.269,33644.419,33227.369,33264.269,33424.531,33651.531,33234.481,33271.481,7.212,211.02
2023-09-18,33322.319,33342.519,33142.269,33244.369,33329.001,33349.631,33149.001,33251.681,7.312,139.42
2023-09-19,33242.999,33382.519,33122.419,33259.419,33249.681,33389.681,33129.001,33266.001,6.582,156.26
2023-09-20,33264.269,33272.519,32862.519,32864.469,33271.681,33279.631,32869.581,32871.731,7.262,179.34
2023-09-21,32862.269,32939.369,32167.469,32182.369,32869.681,32946.001,32174.581,32189.731,7.362,221.18
2023-09-22,32177.419,32626.999,32147.319,32488.519,32184.581,32633.681,32154.001,32495.581,7.062,222.9
2023-09-25,32513.519,32745.999,32378.269,32662.369,32520.581,32752.581,32385.001,32669.631,7.262,186.13
2023-09-26,32667.319,32672.999,32043.319,32063.269,32674.631,32679.681,32050.481,32070.481,7.212,226.46
2023-09-27,32068.419,32471.999,31950.319,32135.269,32075.731,32478.731,31957.001,32142.001,6.732,220.69
2023-09-28,32140.269,32198.269,31668.269,31993.269,32147.531,32205.581,31675.001,32000.581,7.312,278.13
2023-09-29,31998.269,32131.999,31713.269,31843.319,32005.731,32138.731,31720.001,31850.481,7.162,240.16
2023-10-02,32098.469,32411.999,31476.319,31583.469,32105.481,32418.631,31483.481,31590.531,7.062,290.33
2023-10-03,31588.319,31598.319,30663.269,30713.419,31595.531,31605.681,30670.481,30720.531,7.112,327.07
2023-10-04,30710.269,30835.469,30273.269,30755.269,30717.631,30842.631,30280.001,30762.001,6.732,390.06
2023-10-05,30758.269,31200.469,30558.269,31002.419,30765.001,31207.681,30565.731,31009.531,7.112,306.48
2023-10-06,31007.419,31395.999,30860.269,31355.419,31014.731,31402.731,30867.631,31362.481,7.062,297.89
2023-10-09,31097.369,31386.999,30936.319,31358.369,31104.581,31393.681,30943.681,31365.731,7.362,182.89
2023-10-10,31363.269,31970.369,31363.269,31847.319,31370.731,31977.481,31370.731,31854.731,7.412,254.12
2023-10-11,31842.469,32183.999,31802.269,32155.269,31849.581,32190.681,31809.001,32162.631,7.362,231.88
2023-10-12,32160.999,32660.319,32090.269,32327.369,32167.481,32667.481,32097.481,32334.581,7.212,249.82
2023-10-13,32332.269,32520.999,31848.269,31858.469,32339.731,32527.631,31855.001,31865.731,7.262,306.03
2023-10-16,31930.319,32130.519,31555.319,32092.419,31937.731,32137.681,31562.001,32099.731,7.312,281.72
2023-10-17,32087.369,32260.319,31815.269,32040.999,32094.481,32267.581,31822.681,32047.531,6.532,294.38
2023-10-18,32035.269,32100.469,31490.269,31527.999,32042.581,32107.631,31497.001,31534.731,6.732,281.45
2023-10-19,31530.519,31735.369,31175.419,31245.319,31537.001,31742.631,31182.001,31252.731,7.412,365.17
2023-10-20,31242.369,31430.369,31025.369,31032.999,31249.481,31437.681,31032.581,31039.481,6.482,309.38
2023-10-23,31160.319,31205.419,30727.319,31182.319,31167.631,31212.681,30734.631,31189.731,7.412,286.16
2023-10-24,31177.319,31330.519,30542.319,31325.419,31184.681,31337.531,30549.581,31332.531,7.112,319.14
2023-10-25,31332.419,31464.519,30731.469,30791.999,31339.481,31471.731,30738.001,30798.581,6.582,282.36
2023-10-26,30786.369,30889.369,30461.469,30788.269,30793.631,30896.581,30468.481,30795.531,7.262,341.76
2023-10-27,30793.269,31091.419,30521.369,30606.369,30800.581,31098.531,30528.481,30613.681,7.312,295.7
2023-10-30,30656.519,30858.469,30383.319,30670.269,30663.001,30865.531,30390.481,30677.581,7.312,308.25
2023-10-31,30675.999,31405.269,30543.319,31367.269,30682.001,31412.681,30550.001,31374.531,7.262,325.3
2023-11-01,31370.519,32055.369,31365.999,32050.469,31377.001,32062.001,31372.531,32057.001,6.532,333.96
2023-11-02,32052.999,32346.519,31816.999,32286.369,32059.531,32353.731,31823.531,32293.631,7.262,229.65
2023-11-03,32288.999,32821.999,32276.999,32741.369,32295.581,32828.731,32283.531,32748.001,6.632,99.55
2023-11-06,32601.369,32766.999,32471.419,32551.419,32608.531,32773.731,32478.731,32558.581,7.162,201.23
2023-11-07,32546.519,32566.469,32201.269,32511.319,32553.481,32573.481,32208.581,32518.581,7.262,205.06
2023-11-08,32506.319,32511.519,32041.269,32288.419,32513.681,32518.731,32048.001,32295.731,7.312,240.02
2023-11-09,32286.369,32866.999,32193.269,32441.419,32293.631,32873.681,32200.531,32448.531,7.112,243.89
2023-11-10,32433.519,32921.999,32241.269,32886.469,32440.581,32928.681,32248.631,32893.531,7.062,238.06
2023-11-13,32883.269,32918.369,32491.999,32796.319,32890.731,32925.001,32498.681,32803.681,7.362,196.54
2023-11-14,32798.469,33296.369,32661.269,33233.319,32805.581,33303.481,32668.001,33240.581,7.262,195.53
2023-11-15,33238.519,33586.369,33191.369,33396.369,33245.581,33593.731,33198.481,33403.631,7.262,228.43
2023-11-16,33401.999,33611.469,33201.319,33298.999,33408.001,33618.001,33208.001,33305.531,6.532,230.47
2023-11-17,33293.269,33606.319,33253.999,33506.519,33300.481,33613.581,33260.481,33513.001,6.482,175.01
2023-11-20,33541.999,33859.319,33189.269,33449.269,33548.581,33866.731,33196.481,33456.001,6.732,203.93
2023-11-21,33451.419,33464.999,33096.319,33163.269,33458.581,33471.681,33103.001,33170.631,7.362,174.16
2023-11-22,33166.269,33771.519,33153.369,33711.419,33173.531,33778.531,33160.631,33718.001,6.582,193.81
2023-11-23,33706.369,33786.999,33623.319,33783.369,33713.731,33793.731,33630.001,33790.531,7.162,62.27
2023-11-24,33781.999,33821.519,33586.269,33711.269,33788.681,33828.731,33593.481,33718.631,7.362,108.93
2023-11-27,33723.519,33808.519,33395.369,33530.369,33730.681,33815.731,33402.581,33537.631,7.262,148.16
2023-11-28,33532.519,33550.369,33215.269,33250.419,33539.481,33557.001,33222.581,33257.531,7.112,180.23
2023-11-29,33247.369,33517.519,33175.319,33227.319,33254.731,33524.681,33182.001,33234.001,6.682,198.01
2023-11-30,33234.319,33583.999,33155.269,33573.999,33241.481,33590.581,33162.001,33580.681,6.682,223.28
2023-12-01,33570.269,33570.269,33248.319,33480.419,33577.481,33577.481,33255.631,33487.681,7.262,183.87
2023-12-04,33335.469,33335.469,32902.269,33014.419,33342.681,33342.681,32909.001,33021.681,7.262,244.73
2023-12-05,33017.519,33079.469,32689.519,32932.269,33024.581,33086.631,32696.631,32939.581,7.312,313.12
2023-12-06,32929.999,33459.319,32912.369,33134.419,32936.681,33466.481,32919.481,33141.631,7.212,250.68
2023-12-07,33139.419,33182.319,32159.369,32501.469,33146.481,33189.631,32166.631,32508.681,7.212,379.57
2023-12-08,32514.369,32629.999,32207.319,32589.469,32521.581,32636.001,32214.631,32596.581,7.112,339.86
2023-12-11,32714.319,33207.469,32689.269,33139.469,32721.631,33214.731,32696.001,33146.481,7.012,245.8
2023-12-12,33137.469,33177.319,32764.319,32976.519,33144.631,33184.001,32771.001,32983.481,6.962,203.89
2023-12-13,32961.419,33094.999,32704.269,33061.419,32968.001,33101.731,32711.001,33068.681,7.262,243.67
2023-12-14,33051.319,33169.269,32504.419,32776.469,33058.731,33176.731,32511.481,32783.531,7.062,383.21
2023-12-15,32781.999,33122.519,32702.319,32715.999,32788.631,33129.631,32709.001,32722.531,6.532,277.97
2023-12-18,32797.369,32868.999,32538.369,32815.319,32804.531,32875.681,32545.481,32822.731,7.412,206.29
2023-12-19,32805.999,33690.519,32645.319,33470.269,32812.631,33697.731,32652.531,33477.681,7.412,293.54
2023-12-20,33475.519,33832.469,33062.269,33267.369,33482.531,33839.681,33069.731,33274.631,7.262,259.34
2023-12-21,33262.469,33351.469,33091.269,33268.469,33269.481,33358.581,33098.531,33275.531,7.062,275.98
2023-12-22,33263.999,33436.369,33113.269,33326.319,33270.681,33443.681,33120.731,33333.481,7.162,195.36
2023-12-25,33306.369,33386.519,33301.519,33328.419,33313.001,33393.681,33308.001,33335.631,7.212,5.35
2023-12-26,33323.369,33573.519,33183.469,33540.369,33330.581,33580.731,33190.001,33547.531,7.162,78.37
2023-12-27,33545.319,33770.469,33384.419,33414.419,33552.531,33777.531,33391.531,33421.481,7.062,201.73
2023-12-28,33419.999,33564.369,33287.269,33484.519,33426.581,33571.581,33294.001,33491.581,7.062,186.36
2023-12-29,33487.999,33644.469,33199.319,33289.519,33494.481,33651.631,33206.481,33296.001,6.482,183.53
2024-01-01,33249.999,33296.999,33069.319,33086.519,33256.731,33303.001,33076.531,33093.581,7.062,5.57
2024-01-02,33084.319,33439.519,32969.999,33221.369,33091.581,33446.731,32976.631,33228.531,7.162,146.42
2024-01-03,33229.419,33361.999,32986.999,33008.999,33236.731,33368.731,32993.481,33015.681,6.682,242.94
2024-01-04,33011.369,33520.999,32691.269,33360.319,33018.481,33527.731,32698.001,33367.731,7.412,303.14
2024-01-05,33372.519,33625.519,33260.269,33445.519,33379.481,33632.581,33267.581,33452.731,7.212,284.2
2024-01-08,33495.369,33940.369,33260.269,33822.369,33502.581,33947.001,33267.001,33829.731,7.362,126.41
2024-01-09,33817.419,33990.469,33593.469,33915.519,33824.001,33997.631,33600.731,33922.531,7.012,268.31
2024-01-10,33918.419,35041.469,33888.269,34921.269,33925.001,35048.481,33895.001,34928.581,7.312,316.69
2024-01-11,34916.319,35800.999,34834.469,35350.369,34923.001,35807.481,34841.631,35357.001,6.632,423.0
2024-01-12,35360.519,35720.369,35353.469,35562.369,35367.531,35727.631,35360.531,35569.001,6.632,442.39
2024-01-15,35637.469,36204.369,35542.369,35911.999,35644.681,36211.631,35549.581,35918.685,6.686,276.72
2024-01-16,35916.366,36024.999,35551.468,35906.519,35923.634,36031.685,35558.532,35913.481,6.962,494.98
2024-01-17,35894.999,36244.999,35297.366,35374.417,35901.532,36251.001,35304.001,35381.583,7.166,465.76
2024-01-18,35377.519,36121.519,35354.366,36121.519,35384.685,36128.634,35361.583,36128.634,7.115,456.86
2024-01-19,36116.999,36352.999,35784.315,36317.999,36123.532,36359.583,35791.001,36324.634,6.635,400.21
2024-01-22,36404.366,36731.366,36291.468,36613.315,36411.634,36738.532,36298.583,36620.583,7.268,346.94
2024-01-23,36618.366,36991.999,36041.315,36468.417,36625.532,36998.685,36048.001,36475.481,7.064,375.38
2024-01-24,36466.366,36476.417,36096.417,36166.468,36473.001,36483.532,36103.583,36173.634,7.166,361.46
2024-01-25,36163.999,36307.999,35897.315,35917.519,36170.532,36314.634,35904.001,35924.583,7.064,379.82
2024-01-26,35912.366,36099.366,35679.366,35891.468,35919.001,36106.532,35686.583,35898.583,7.115,377.6
2024-01-29,35821.468,36270.519,35806.468,36217.999,35828.481,36277.634,35813.532,36224.532,6.533,277.13
2024-01-30,36222.468,36245.519,35699.519,35722.468,36229.001,36252.634,35706.685,35729.481,7.013,279.77
2024-01-31,35717.417,36401.417,35669.468,35956.315,35724.481,36408.532,35676.685,35963.583,7.268,426.31
2024-02-01,35963.999,36310.366,35733.417,36263.468,35970.583,36317.634,35740.001,36270.634,7.166,407.15
2024-02-02,36253.315,36443.417,36028.417,36408.417,36260.583,36450.532,36035.481,36415.532,7.115,398.5
2024-02-05,36468.315,36478.519,36129.315,36269.315,36475.685,36485.532,36136.001,36276.583,7.268,348.67
2024-02-06,36271.519,36295.315,35823.315,35918.315,36278.001,36302.481,35830.001,35925.481,7.166,347.74
2024-02-07,35920.468,36385.999,35840.366,36385.366,35927.634,36392.583,35847.583,36392.583,7.217,325.98
2024-02-08,36395.999,37158.999,36303.519,37008.999,36402.634,37165.685,36310.481,37015.583,6.584,369.66
2024-02-09,37003.366,37280.417,36866.468,37143.519,37010.685,37287.685,36873.583,37150.481,6.962,256.28
2024-02-12,37091.468,37591.315,37061.366,37538.999,37098.481,37598.583,37068.481,37545.001,6.002,146.05
2024-02-13,37533.468,38399.417,37466.366,37716.366,37540.685,38406.481,37473.481,37723.481,7.115,437.29
2024-02-14,37709.366,38176.468,37584.417,38136.417,37716.481,38183.532,37591.001,38143.481,7.064,386.94
2024-02-15,38131.519,38831.417,37926.999,38713.366,38138.001,38838.481,37933.001,38720.481,7.115,324.95
2024-02-16,38708.417,38861.519,38246.315,38251.999,38715.481,38868.685,38253.532,38258.481,6.482,437.77
2024-02-19,38453.999,38611.999,38278.315,38518.366,38460.685,38618.583,38285.583,38525.532,7.166,190.51
2024-02-20,38521.417,38741.519,38106.315,38203.366,38528.001,38748.685,38113.532,38210.583,7.217,398.68
2024-02-21,38206.468,38878.417,38086.315,38798.999,38213.634,38885.001,38093.001,38805.634,6.635,377.77
2024-02-22,38801.366,39552.315,38646.315,39444.468,38808.532,39559.634,38653.001,39451.634,7.166,396.95
2024-02-23,39442.315,39624.468,39264.417,39432.999,39449.634,39631.583,39271.634,39439.001,6.002,233.18
2024-02-26,39347.519,39497.519,39179.315,39244.468,39354.481,39504.583,39186.001,39251.481,7.013,249.82
2024-02-27,39249.468,39422.468,39107.366,39226.315,39256.001,39429.634,39114.481,39233.685,7.37,234.65
2024-02-28,39244.999,39294.366,38941.315,38951.999,39251.583,39301.685,38948.001,38958.634,6.635,233.23
2024-02-29,38949.468,39379.366,38871.315,39329.366,38956.634,39386.532,38878.532,39336.634,7.268,339.17
2024-03-01,39324.417,40279.417,39274.315,40176.999,39331.001,40286.685,39281.532,40183.532,6.533,304.58
2024-03-04,40284.999,40341.417,39951.366,39951.366,40291.583,40348.532,39958.001,39958.001,6.635,242.34
2024-03-05,39946.315,40220.519,39660.315,39835.468,39953.001,40227.634,39667.481,39842.634,7.166,313.61
2024-03-06,39830.468,40559.999,39772.519,40394.315,39837.583,40566.685,39779.532,40401.634,7.319,365.47
2024-03-07,40389.315,40476.468,39134.468,39649.999,40396.634,40483.685,39141.532,39656.481,6.482,392.45
2024-03-08,39646.366,40001.366,38976.315,39038.519,39653.583,40008.532,38983.481,39045.481,6.962,564.43
2024-03-11,39008.417,39033.999,38304.366,38511.366,39015.532,39040.634,38311.481,38518.481,7.115,444.47
2024-03-12,38516.468,39189.417,38271.315,39164.468,38523.634,39196.634,38278.532,39171.532,7.064,453.14
2024-03-13,39161.315,39161.999,38452.315,38612.315,39168.001,39168.001,38459.583,38619.583,7.268,370.32
2024-03-14,38594.366,38886.468,38293.519,38513.315,38601.583,38893.634,38300.583,38520.685,7.37,419.03
2024-03-15,38523.417,38964.519,38498.519,38866.366,38530.481,38971.685,38505.634,38873.532,7.166,357.94
2024-03-18,38976.519,39791.999,38931.366,39566.468,38983.634,39798.532,38938.001,39573.532,7.064,317.93
2024-03-19,39568.999,40181.366,39396.315,40121.366,39575.001,40188.481,39403.583,40128.481,7.115,377.8
2024-03-20,40116.468,40706.366,40106.315,40619.315,40123.685,40713.532,40113.532,40626.001,6.686,294.77
2024-03-21,40621.519,41131.519,40446.366,41029.366,40628.634,41138.634,40453.481,41036.532,7.166,259.19
2024-03-22,41021.417,41091.468,40652.315,40732.315,41028.634,41098.481,40659.001,40739.685,7.37,298.91
2024-03-25,40789.468,40842.519,40181.315,40408.468,40796.685,40849.685,40188.001,40415.001,6.533,239.8
2024-03-26,40403.519,40694.999,40284.468,40506.417,40410.685,40701.685,40291.583,40513.481,7.064,223.62
2024-03-27,40501.999,40979.417,40326.999,40358.366,40508.532,40986.532,40333.532,40365.481,7.115,255.76
2024-03-28,40363.366,40461.468,40052.417,40332.468,40370.001,40468.532,40059.532,40339.001,6.533,236.29
2024-04-01,40699.417,40729.468,39677.366,39924.366,40706.001,40736.481,39684.532,39931.685,7.319,345.88
2024-04-02,39939.468,40169.519,39427.366,39552.366,39946.685,40176.685,39434.001,39559.481,7.115,392.44
2024-04-03,39549.417,40054.468,39232.315,40046.366,39556.532,40061.685,39239.685,40053.685,7.319,389.36
2024-04-04,40031.315,40251.519,39034.366,39176.468,40038.001,40258.634,39041.532,39183.481,7.013,408.7
2024-04-05,39171.519,39369.999,38749.315,39276.468,39178.634,39376.685,38756.481,39283.583,7.115,510.08
2024-04-08,39371.366,39625.999,39200.315,39503.519,39378.685,39632.685,39207.001,39510.685,7.166,346.46
2024-04-09,39515.999,39784.999,39264.519,39596.417,39522.481,39791.583,39271.481,39603.001,6.584,383.45
2024-04-10,39591.315,39714.519,38987.417,39042.366,39598.532,39721.685,38994.001,39049.532,7.166,463.45
2024-04-11,39047.315,39949.999,39047.315,39721.519,39054.532,39956.634,39054.532,39728.583,7.064,479.3
2024-04-12,39719.315,39789.417,38766.999,38863.519,39726.634,39796.583,38773.583,38870.685,7.166,441.41
2024-04-15,39006.519,39487.366,38610.468,38670.999,39013.685,39494.685,38617.481,38677.481,6.482,418.59
2024-04-16,38680.999,38685.468,38280.315,38620.315,38687.583,38692.481,38287.001,38627.001,6.686,493.7
2024-04-17,38615.519,38632.417,37599.417,37751.519,38622.583,38639.001,37606.685,37758.583,7.064,556.32
2024-04-18,37741.999,38221.468,37626.417,37634.315,37748.634,38228.685,37633.001,37641.481,7.166,595.8
2024-04-19,37639.315,37639.315,36686.315,37076.999,37646.532,37646.532,36693.532,37083.481,6.482,644.8
2024-04-22,37191.366,37830.999,37040.366,37770.519,37198.532,37837.532,37047.532,37777.481,6.962,416.83
2024-04-23,37775.468,38046.366,37396.468,38016.468,37782.634,38053.634,37403.583,38023.583,7.115,323.73
2024-04-24,38018.519,38436.519,37851.417,37873.366,38025.634,38443.481,37858.634,37880.583,7.217,430.14
2024-04-25,37878.417,38019.519,37107.315,37799.468,37885.583,38026.481,37114.001,37806.001,6.533,534.1
2024-04-26,37802.999,38388.519,37539.999,38348.468,37809.634,38395.583,37546.001,38355.634,7.166,479.39
2024-04-29,38400.519,38730.417,38158.519,38375.468,38407.634,38737.001,38165.481,38382.001,6.533,447.22
2024-04-30,38370.468,38605.999,38015.468,38058.315,38377.481,38612.634,38022.685,38065.685,7.37,471.44
2024-05-01,38060.468,38487.999,37820.468,38062.519,38067.481,38494.634,37827.685,38069.634,7.115,496.45
2024-05-02,38040.417,38356.519,37729.366,37929.468,38047.634,38363.583,37736.481,37936.685,7.217,496.09
2024-05-03,37926.999,38374.999,37796.315,38361.315,37933.001,38381.685,37803.481,38368.685,7.37,329.79
2024-05-06,38479.366,38939.417,38461.315,38901.468,38486.001,38946.583,38468.001,38908.532,7.064,200.82
2024-05-07,38896.417,38916.519,38534.468,38681.315,38903.583,38923.685,38541.685,38688.634,7.319,291.53
2024-05-08,38691.366,38756.999,38148.315,38265.417,38698.481,38763.685,38155.481,38272.634,7.217,325.19
2024-05-09,38268.315,38476.999,37964.315,38434.468,38275.583,38483.583,37971.001,38441.532,7.064,298.74
2024-05-10,38426.417,38744.417,38097.999,38182.519,38433.583,38751.481,38104.532,38189.583,7.064,287.56
2024-05-13,38169.999,38283.366,37956.366,38233.417,38176.583,38290.685,37963.685,38240.634,7.217,274.97
2024-05-14,38240.366,38677.366,38077.315,38624.468,38247.685,38684.634,38084.481,38631.532,7.064,292.13
2024-05-15,38609.417,38829.519,38257.468,38744.315,38616.481,38836.685,38264.685,38751.685,7.37,266.64
2024-05-16,38739.315,38967.468,38509.315,38614.366,38746.634,38974.532,38516.481,38621.685,7.319,356.41
2024-05-17,38619.999,38847.999,38524.519,38707.468,38626.481,38854.685,38531.001,38714.532,7.064,226.3
2024-05-20,38754.999,39465.366,38694.366,39305.999,38761.481,39472.481,38701.481,39312.532,6.533,290.99
2024-05-21,39290.417,39350.519,38743.417,38878.417,39297.634,39357.583,38750.685,38885.481,7.064,281.57
2024-05-22,38883.366,38893.999,38448.315,38880.417,38890.481,38900.685,38455.001,38887.583,7.166,321.86
2024-05-23,38885.519,39174.999,38396.315,38416.366,38892.532,39181.634,38403.481,38423.685,7.319,441.51
2024-05-24,38406.315,38874.999,38346.366,38781.468,38413.583,38881.685,38353.001,38788.001,6.533,326.48
2024-05-27,38771.519,38988.519,38658.999,38898.468,38778.532,38995.685,38665.001,38905.532,7.064,153.12
2024-05-28,38900.366,38988.999,38748.315,38873.519,38907.685,38995.634,38755.001,38880.685,7.166,269.54
2024-05-29,38875.417,39150.999,37975.417,38057.519,38882.481,39157.685,37982.634,38064.634,7.115,317.96
2024-05-30,38052.999,38338.315,37612.366,38138.468,38059.634,38345.532,37619.532,38145.001,6.533,370.46
2024-05-31,38128.366,38683.999,38073.315,38680.315,38135.001,38690.685,38080.001,38687.583,7.268,389.25
2024-06-03,38740.519,39035.519,38417.417,38660.417,38747.685,39042.634,38424.634,38667.532,7.115,371.05
2024-06-04,38662.468,38889.468,38289.417,38551.417,38669.481,38896.532,38296.532,38558.583,7.166,429.62
2024-06-05,38559.519,39072.468,38339.999,39002.315,38566.634,39079.634,38346.634,39009.001,6.686,302.02
2024-06-06,38994.999,39062.999,38534.417,38619.315,39001.583,39069.685,38541.001,38626.583,7.268,267.41
2024-06-07,38609.468,38907.999,38539.519,38629.366,38616.685,38914.532,38546.001,38636.583,7.217,364.03
2024-06-10,38659.417,39232.315,38659.315,39135.315,38666.583,39239.001,38666.001,39142.481,7.166,276.48
2024-06-11,39130.417,39337.366,38797.519,38879.315,39137.634,39344.583,38804.481,38886.685,7.37,318.71
2024-06-12,38874.315,39285.999,38797.519,39230.519,38881.481,39292.634,38804.685,39237.685,7.166,333.74
2024-06-13,39222.417,39287.417,38382.315,38644.315,39229.532,39294.634,38389.481,38651.685,7.37,311.95
2024-06-14,38639.999,39033.999,38289.315,38484.366,38646.001,39040.685,38296.001,38491.001,6.635,386.46
2024-06-17,38441.999,38501.417,37939.417,38459.417,38448.532,38508.001,37946.001,38466.634,7.217,265.15
2024-06-18,38461.999,38670.417,38327.315,38645.999,38468.583,38677.481,38334.001,38652.685,6.686,236.22
2024-06-19,38650.366,38800.999,38324.519,38389.315,38657.634,38807.685,38331.685,38396.583,7.268,152.73
2024-06-20,38394.519,38732.468,38259.366,38612.519,38401.634,38739.634,38266.001,38619.634,7.115,299.45
2024-06-21,38614.315,38789.468,38369.315,38494.417,38621.481,38796.532,38376.685,38501.583,7.166,302.33
2024-06-24,38474.315,38989.999,38396.999,38779.366,38481.634,38996.634,38403.634,38786.685,7.319,328.09
2024-06-25,38784.519,39401.417,38744.366,39379.366,38791.001,39408.685,38751.481,39386.001,6.635,280.46
2024-06-26,39376.468,39799.468,39229.366,39344.417,39383.634,39806.685,39236.001,39351.634,7.217,323.15
2024-06-27,39339.519,39661.519,39179.366,39543.999,39346.583,39668.685,39186.481,39550.634,6.635,321.67
2024-06-28,39561.999,39955.999,39477.315,39770.468,39568.001,39962.634,39484.634,39777.001,6.533,367.12
2024-07-01,39835.366,39947.999,39434.366,39506.315,39842.481,39954.685,39441.001,39513.532,7.217,337.65
2024-07-02,39519.315,40256.999,39449.315,40198.417,39526.685,40263.685,39456.481,40205.583,7.166,325.66
2024-07-03,40203.519,40723.417,40151.315,40708.366,40210.532,40730.001,40158.634,40715.583,7.217,246.6
2024-07-04,40703.366,40965.315,40595.315,40930.519,40710.001,40972.532,40602.532,40937.583,7.064,163.28
2024-07-05,40935.315,41115.417,40745.315,41008.519,40942.583,41122.634,40752.634,41015.583,7.064,300.75
2024-07-08,40870.417,41108.519,40783.366,40970.468,40877.634,41115.685,40790.001,40977.481,7.013,226.96
2024-07-09,40975.417,41766.417,40953.519,41464.999,40982.001,41773.583,40960.001,41471.583,6.584,286.33
2024-07-10,41459.999,42484.519,41419.468,42391.999,41466.532,42491.532,41426.001,42398.481,6.482,253.18
2024-07-11,42376.468,42442.999,41464.999,41634.999,42383.481,42449.685,41471.532,41641.001,6.002,458.25
2024-07-12,41619.468,41637.366,40987.417,41172.366,41626.583,41644.481,40994.583,41179.634,7.268,384.0
2024-07-15,41312.315,41387.468,41007.999,41339.315,41319.634,41394.532,41014.634,41346.634,7.319,257.48
2024-07-16,41329.999,41593.999,41103.366,41463.999,41336.481,41600.634,41110.001,41470.583,6.584,350.66
2024-07-17,41460.315,41465.519,40120.417,40120.417,41467.634,41472.685,40127.685,40127.685,7.268,484.52
2024-07-18,40122.519,40417.366,39859.315,40054.417,40129.685,40424.532,39866.001,40061.001,6.584,573.55
2024-07-19,40034.519,40213.519,39822.999,40083.366,40041.634,40220.634,39829.481,40090.634,7.268,139.25
2024-07-22,39908.417,39973.999,39451.315,39883.519,39915.634,39980.583,39458.634,39890.685,7.166,404.94
2024-07-23,39878.999,39923.999,39266.366,39286.999,39885.583,39930.685,39273.001,39293.634,6.635,388.02
2024-07-24,39289.366,39639.999,38094.468,38256.417,39296.583,39646.634,38101.001,38263.532,7.115,504.61
2024-07-25,38229.999,38303.519,37330.315,37870.999,38236.481,38310.583,37337.001,37877.481,6.482,730.29
2024-07-26,37853.999,38268.999,37598.315,38248.519,37860.001,38275.583,37605.532,38255.532,7.013,612.37
2024-07-29,38300.468,38715.468,38168.366,38298.417,38307.001,38722.685,38175.001,38305.481,7.064,494.75
2024-07-30,38288.468,38729.366,37884.315,38056.999,38295.532,38736.685,37891.481,38063.532,6.533,608.52
2024-07-31,38041.468,39276.468,37946.519,38726.468,38048.532,39283.481,37953.583,38733.634,7.166,702.89
2024-08-01,38736.519,38753.468,36425.468,36568.366,38743.634,38760.001,36432.481,36575.583,7.217,758.93
2024-08-02,36565.417,36645.468,34353.315,34921.417,36572.634,36652.685,34360.481,34928.583,7.166,951.91
2024-08-05,34188.468,34346.999,30378.519,33897.519,34195.583,34353.001,30385.532,33918.481,20.962,1218.36
2024-08-06,33915.366,34913.468,32847.999,33507.468,33936.634,34934.532,32868.532,33518.481,11.013,838.91
2024-08-07,33560.366,35860.999,33455.468,34333.468,33571.583,35871.685,33466.634,34344.685,11.217,778.9
2024-08-08,34345.417,35935.519,34181.417,35753.417,34356.001,35946.001,34192.634,35764.532,11.115,883.41
2024-08-09,35743.366,35743.366,34443.519,35267.519,35754.001,35754.001,34454.685,35278.685,11.166,756.5
2024-08-12,35407.366,35869.417,35267.468,35607.315,35418.532,35880.532,35278.481,35618.532,11.217,193.77
2024-08-13,35604.468,36571.519,35582.519,36554.315,35615.001,36582.001,35593.583,36565.001,10.686,531.82
2024-08-14,36564.315,36681.468,35859.315,36339.468,36575.481,36692.583,35870.001,36350.634,11.166,518.88
2024-08-15,36344.366,37764.999,36344.366,37694.519,36355.481,37775.583,36355.481,37705.532,11.013,236.0
2024-08-16,37707.999,38146.999,37306.999,37671.315,37718.481,38157.634,37317.532,37682.685,11.37,345.22
2024-08-19,37811.315,38126.999,37160.519,37857.999,37822.532,38137.685,37171.685,37868.532,10.533,499.22
2024-08-20,37882.999,38286.999,37484.315,37579.999,37893.532,38297.685,37495.532,37590.532,10.533,460.5
2024-08-21,37576.519,38252.999,37556.519,38009.366,37587.634,38263.001,37567.001,38020.001,10.635,526.01
2024-08-22,37999.519,38657.999,37877.468,38229.999,38010.583,38668.583,37888.634,38240.685,10.686,635.36
2024-08-23,38217.468,38680.315,38042.519,38342.519,38228.001,38691.634,38053.481,38353.634,11.115,609.02
2024-08-26,38087.366,38288.417,37807.999,38040.366,38098.685,38299.583,37818.481,38051.583,11.217,509.1
2024-08-27,38043.999,38554.999,37905.417,38221.366,38054.481,38565.634,37916.532,38232.583,11.217,443.5
2024-08-28,38231.468,38595.315,37865.315,38045.315,38242.481,38606.532,37876.481,38056.583,11.268,489.9
2024-08-29,38058.366,38828.519,37945.519,38440.417,38069.001,38839.583,37956.532,38451.001,10.584,584.61
2024-08-30,38450.366,39047.468,38315.366,38982.999,38461.532,39058.634,38326.685,38993.583,10.584,493.45
2024-09-02,39069.366,39097.519,38464.366,38702.468,39080.685,39108.481,38475.532,38713.481,11.013,260.92
2024-09-03,38704.999,38964.519,37367.315,37367.417,38715.583,38975.685,37378.001,37378.481,11.064,589.45
2024-09-04,37369.417,37557.999,36191.366,36384.519,37380.001,37568.685,36202.634,36395.532,11.013,731.19
2024-09-05,36364.999,37112.999,36339.366,36845.366,36375.532,37123.685,36350.481,36856.001,10.635,714.07
2024-09-06,36850.468,36907.417,35112.519,35259.468,36861.481,36918.634,35123.532,35270.634,11.166,809.63
2024-09-09,35272.468,36504.468,35237.315,36317.366,35283.685,36515.634,35248.001,36328.481,11.115,620.02
2024-09-10,36314.315,36538.999,35603.417,35978.468,36325.001,36549.634,35614.532,35989.685,11.217,633.71
2024-09-11,35993.417,36685.519,35253.417,36635.315,36004.685,36696.634,35264.481,36646.583,11.268,802.47
2024-09-12,36658.519,37062.519,36362.366,36814.315,36669.634,37073.685,36373.481,36825.481,11.166,705.68
2024-09-13,36822.519,36904.417,36276.366,36436.366,36833.634,36915.481,36287.001,36447.001,10.635,545.03
2024-09-16,36471.519,36751.999,36306.366,36573.315,36482.481,36762.001,36317.532,36584.532,11.217,157.14
2024-09-17,36563.468,36767.999,35787.468,36599.519,36574.001,36778.634,35798.634,36610.481,10.962,572.47
2024-09-18,36582.519,37111.519,36114.366,37086.519,36593.481,37122.532,36125.481,37097.481,10.962,582.07
2024-09-19,37096.468,37957.315,36976.315,37907.366,37107.481,37968.001,36987.634,37918.685,11.319,621.62
2024-09-20,37900.519,38401.999,37641.999,38241.366,37911.001,38412.685,37652.685,38252.532,11.166,562.36
2024-09-23,38419.999,38646.519,38111.417,38289.519,38430.634,38657.634,38122.001,38300.634,11.115,433.1
2024-09-24,38269.366,38432.315,37680.468,37888.366,38280.634,38443.001,37691.001,37899.001,10.635,504.48
2024-09-25,37920.468,38442.519,37829.468,38397.519,37931.634,38453.685,37840.634,38408.634,11.115,413.77
2024-09-26,38367.366,39605.999,38352.468,39205.417,38378.583,39616.685,38363.001,39216.001,10.584,569.47
2024-09-27,39202.519,39919.519,37244.468,37324.519,39213.001,39930.634,37255.583,37335.481,10.962,804.86
2024-09-30,38119.366,38414.519,37786.315,38289.417,38130.481,38425.634,37797.685,38300.634,11.217,676.26
2024-10-01,38286.366,38771.315,37581.519,37919.315,38297.583,38782.634,37592.634,37930.583,11.268,691.3
2024-10-02,37909.999,39007.999,37649.468,38937.999,37920.481,39018.481,37660.001,38948.634,10.635,648.88
2024-10-03,38927.999,38992.417,38297.999,38529.315,38938.634,39003.583,38308.583,38540.685,11.37,607.37
2024-10-04,38544.417,39622.519,38498.315,39579.417,38555.634,39633.685,38509.583,39590.685,11.268,598.8
2024-10-07,39534.999,39584.468,38649.417,38911.519,39545.481,39595.001,38660.532,38922.532,11.013,621.18
2024-10-08,38914.315,39488.519,38680.315,39360.417,38925.685,39499.685,38691.532,39371.481,11.064,593.65
2024-10-09,39368.366,39696.366,39091.315,39691.366,39379.481,39707.532,39102.001,39702.685,11.319,436.67
2024-10-10,39471.999,39531.519,38861.315,39443.315,39482.532,39542.532,38872.532,39454.001,10.686,509.43
2024-10-11,39453.366,39920.468,39380.366,39760.999,39464.685,39931.685,39391.001,39771.532,10.533,370.59
2024-10-14,39710.999,40195.999,39530.417,40018.519,39721.532,40206.001,39541.001,40029.634,11.115,257.82
2024-10-15,40020.417,40266.999,38819.366,38981.519,40031.685,40277.001,38830.001,38992.481,10.962,493.23
2024-10-16,38969.468,39489.468,38856.366,39354.315,38980.481,39500.685,38867.583,39365.634,11.319,401.67
2024-10-17,39349.519,39402.468,38749.366,39122.519,39360.685,39413.583,38760.001,39133.685,11.166,462.18
2024-10-18,39125.468,39251.519,38886.366,39131.315,39136.001,39262.685,38897.001,39142.685,11.37,362.61
2024-10-21,38939.999,39191.519,38704.417,38941.417,38950.583,39202.481,38715.685,38952.634,11.217,341.57
2024-10-22,38951.999,38979.999,38176.417,38397.417,38962.685,38990.634,38187.685,38408.001,10.584,408.19
2024-10-23,38384.999,38509.519,37609.315,37796.417,38395.481,38520.532,37620.532,37807.685,11.268,461.85
2024-10-24,37781.468,38319.315,37696.315,37999.315,37792.481,38330.532,37707.685,38010.685,11.37,519.96
2024-10-25,38004.315,38347.999,37702.366,38064.366,38015.685,38358.685,37713.001,38075.481,11.115,453.38
2024-10-28,37777.366,38745.999,37717.519,38480.519,37788.685,38756.532,37728.634,38491.583,11.064,577.25
2024-10-29,38485.417,39297.519,38398.315,39095.468,38496.481,39308.685,38409.001,39106.001,10.533,522.88
2024-10-30,39127.366,39705.519,39100.315,39182.417,39138.634,39716.685,39111.481,39189.583,7.166,591.31
2024-10-31,39177.468,39235.315,38104.366,38229.519,39184.685,39242.532,38111.634,38236.685,7.166,735.2
2024-11-01,38237.417,38770.999,37932.315,38592.315,38244.634,38777.685,37939.583,38599.001,6.686,655.31
2024-11-04,38310.417,38640.999,38237.417,38300.417,38317.001,38647.634,38244.685,38307.634,7.217,329.63
2024-11-05,38297.999,39086.468,38147.366,38783.519,38304.001,39093.001,38154.481,38790.001,6.482,494.1
2024-11-06,38751.519,40151.366,38671.468,39811.999,38758.532,40158.583,38678.001,39818.532,6.533,1057.73
2024-11-07,39808.999,39917.417,39011.315,39824.315,39815.685,39924.685,39018.481,39831.532,7.217,670.62
2024-11-08,39827.999,39904.999,38934.366,39049.366,39834.481,39911.001,38941.481,39056.634,7.268,556.78
2024-11-11,39376.366,39805.519,39314.366,39700.315,39383.001,39812.685,39321.532,39707.532,7.217,447.32
2024-11-12,39687.366,39861.519,38987.366,39324.468,39694.532,39868.685,38994.001,39331.001,6.533,585.42
2024-11-13,39334.366,39387.519,38480.315,38905.366,39341.634,39394.685,38487.685,38912.001,6.635,635.56
2024-11-14,38920.417,39081.999,38492.417,38759.519,38927.634,39088.583,38499.634,38766.532,7.013,599.34
2024-11-15,38739.999,39114.468,37751.366,37981.999,38746.001,39121.685,37758.634,37988.001,6.002,665.15
2024-11-18,38203.366,38553.366,38116.468,38350.519,38210.001,38560.532,38123.001,38357.583,7.064,459.49
2024-11-19,38365.366,38560.999,37687.315,38409.366,38372.634,38567.685,37694.532,38416.685,7.319,594.74
2024-11-20,38432.519,38519.999,37836.366,38296.468,38439.532,38526.685,37843.481,38303.685,7.217,514.75
2024-11-21,38316.366,38359.417,37691.519,38183.366,38323.685,38366.634,37698.685,38190.532,7.166,761.16
2024-11-22,38176.417,38629.519,38029.417,38607.417,38183.481,38636.685,38036.634,38614.001,6.584,657.18
2024-11-25,38744.519,39053.468,38426.315,38558.417,38751.481,39060.634,38433.685,38565.532,7.115,578.21
2024-11-26,38546.519,38546.519,38011.417,38254.468,38553.583,38553.583,38018.532,38261.634,7.166,665.06
2024-11-27,38262.315,38325.999,37630.366,37895.315,38269.685,38332.001,37637.001,37902.634,7.319,572.32
2024-11-28,37885.366,38482.417,37800.999,38207.519,37892.634,38489.685,37807.685,38214.001,6.482,331.88
2024-11-29,38204.417,38453.999,37979.315,38283.417,38211.481,38460.583,37986.001,38290.481,7.064,506.29
2024-12-02,38190.417,38718.366,37952.468,38660.999,38197.634,38725.532,37959.001,38667.532,6.533,559.19
2024-12-03,38690.315,39422.999,38690.315,39297.519,38697.583,39429.001,38697.583,39304.583,7.064,553.21
2024-12-04,39300.999,39768.519,39035.315,39635.417,39307.481,39775.583,39042.532,39642.001,6.584,460.2
2024-12-05,39640.999,39658.468,39226.315,39358.468,39647.001,39665.001,39233.532,39365.481,7.013,413.58
2024-12-06,39366.366,39458.519,38928.366,39319.468,39373.532,39465.001,38935.634,39326.001,6.533,369.24
2024-12-09,39294.417,39523.468,38969.417,39365.366,39301.634,39530.685,38976.481,39372.481,7.115,349.4
2024-12-10,39363.519,39505.315,39165.468,39377.366,39370.481,39512.001,39172.583,39384.583,7.217,379.73
2024-12-11,39367.315,40154.999,39133.315,39949.468,39374.685,40161.634,39140.583,39956.583,7.115,387.92
2024-12-12,39964.468,40083.519,39929.417,39993.417,39971.583,40090.481,39936.001,40000.634,7.217,14.86
2024-12-13,39666.315,39734.468,39240.468,39506.468,39673.481,39741.634,39247.532,39513.001,6.533,340.82
2024-12-16,39531.315,39714.999,39365.417,39576.519,39538.634,39721.685,39372.583,39583.685,7.166,293.14
2024-12-17,39566.417,39771.468,39178.315,39218.366,39573.583,39778.583,39185.583,39225.685,7.319,378.96
2024-12-18,39206.417,39445.519,38197.999,38267.366,39213.481,39452.481,38204.634,38274.532,7.166,504.23
2024-12-19,38295.315,39362.519,38252.417,38965.468,38302.001,39369.634,38259.001,38972.481,7.013,691.12
2024-12-20,38977.366,39169.519,38342.468,38859.519,38984.481,39176.685,38349.001,38866.481,6.962,724.84
2024-12-23,39059.417,39334.519,38839.315,39251.519,39066.532,39341.634,38846.001,39258.685,7.166,423.15
2024-12-24,39261.468,39263.519,38982.417,39238.519,39268.481,39270.685,38989.481,39245.583,7.064,207.42
2024-12-25,39243.366,39278.468,39098.366,39123.468,39250.532,39285.481,39105.001,39130.634,7.166,6.26
2024-12-26,39113.468,39721.519,39108.417,39644.315,39120.481,39728.634,39115.481,39651.532,7.217,287.08
2024-12-27,39664.417,40391.468,39619.468,40021.417,39671.481,40398.481,39626.634,40028.685,7.268,479.96
2024-12-30,40256.468,40291.999,39238.468,39446.315,40263.001,40298.685,39245.634,39453.481,7.166,480.76
2024-12-31,39451.417,39491.999,39146.519,39368.468,39458.532,39498.532,39153.685,39375.532,7.064,248.7
2025-01-01,39403.999,39566.999,39386.417,39518.315,39410.634,39573.532,39393.532,39525.685,7.37,7.33
2025-01-02,39521.366,39653.366,39148.366,39326.417,39528.532,39660.685,39155.685,39333.685,7.268,435.47
2025-01-03,39323.366,39598.999,39193.999,39516.366,39330.634,39605.634,39200.532,39523.634,7.268,333.01
2025-01-06,39813.417,39971.519,39228.315,39695.999,39820.583,39978.583,39235.481,39702.634,6.635,465.61
2025-01-07,39690.366,40302.315,39624.366,39814.417,39697.532,40309.685,39631.481,39821.685,7.268,525.19
2025-01-08,39832.999,40106.366,39694.366,39831.315,39839.685,40113.532,39701.532,39838.583,7.268,538.37
2025-01-09,39836.417,39919.519,39272.366,39335.417,39843.001,39926.634,39279.532,39342.001,6.584,232.96
2025-01-10,39315.468,39455.468,38627.366,38769.315,39322.481,39462.685,38634.481,38776.532,7.217,603.6
2025-01-13,38764.468,38957.366,38127.417,38932.519,38771.001,38964.583,38134.481,38939.583,7.064,451.04
2025-01-14,38954.315,39059.999,38300.468,38763.519,38961.481,39066.481,38307.001,38770.481,6.962,561.14
2025-01-15,38773.417,38826.519,38216.999,38744.315,38780.532,38833.685,38223.532,38751.634,7.319,394.69
2025-01-16,38749.315,38931.999,38289.315,38479.366,38756.634,38938.685,38296.532,38486.685,7.319,501.91
2025-01-17,38456.999,38914.999,38056.315,38799.417,38463.001,38921.634,38063.481,38806.685,7.268,383.86
2025-01-20,38736.315,39184.519,38714.315,39162.468,38743.532,39191.532,38721.634,39169.583,7.115,231.08
2025-01-21,39172.366,39392.519,38629.315,39332.315,39179.481,39399.583,38636.481,39339.001,6.686,432.58
2025-01-22,39372.315,39938.468,39357.315,39786.417,39379.001,39945.532,39364.001,39793.685,7.268,290.37
2025-01-23,39818.366,40031.468,39671.519,39973.999,39825.685,40038.583,39678.481,39980.685,6.686,300.04
2025-01-24,39978.366,40608.999,39806.366,40483.315,39985.001,40615.583,39813.001,40490.685,7.37,398.24
2025-01-27,40196.366,40268.315,38641.315,39153.999,40203.481,40275.685,38648.532,39160.532,6.533,731.63
2025-01-28,39131.417,39444.417,38871.468,39359.519,39138.685,39451.532,38878.583,39366.583,7.064,452.39
2025-01-29,39364.366,39604.417,39107.519,39270.315,39371.583,39611.685,39114.001,39277.001,6.686,438.53
2025-01-30,39275.366,39701.999,39200.366,39619.999,39282.685,39708.685,39207.481,39626.481,6.482,384.18
2025-01-31,39641.315,39819.315,39286.468,39299.468,39648.685,39826.532,39293.481,39306.532,7.064,391.17
2025-02-03,38626.417,39288.315,38381.315,39251.468,38633.685,39295.685,38388.532,39258.481,7.013,804.9
2025-02-04,39248.366,39306.468,38569.999,38966.366,39255.634,39313.001,38576.634,38973.685,7.319,487.68
2025-02-05,38971.468,39116.519,38560.315,38893.315,38978.685,39123.583,38567.001,38900.001,6.686,451.28
2025-02-06,38898.519,39190.519,38825.366,38903.999,38905.481,39197.001,38832.532,38910.583,6.584,400.46
2025-02-07,38880.315,39008.366,38331.366,38366.417,38887.583,39015.532,38338.634,38373.583,7.166,561.35
2025-02-10,38741.519,38966.999,38611.366,38849.366,38748.685,38973.685,38618.001,38856.001,6.635,303.41
2025-02-11,38846.366,39119.417,38756.315,39046.366,38853.481,39126.532,38763.001,39053.481,7.115,270.56
2025-02-12,39029.417,39239.315,38754.417,39186.417,39036.685,39246.481,38761.532,39193.481,7.064,463.52
2025-02-13,39169.315,39581.315,39111.417,39488.315,39176.583,39588.532,39118.001,39495.634,7.319,487.36
2025-02-14,39493.999,39568.366,38999.315,39114.519,39500.583,39575.685,39006.001,39121.583,7.064,308.79
2025-02-17,39089.519,39236.999,38994.315,39157.417,39096.634,39243.532,39001.001,39164.634,7.217,146.51
2025-02-18,39172.366,39505.999,39147.519,39210.468,39179.532,39512.532,39154.481,39217.634,7.166,232.25
2025-02-19,39200.366,39287.519,38764.315,38916.366,39207.481,39294.685,38771.001,38923.634,7.268,273.1
2025-02-20,38921.468,38956.366,38389.519,38559.417,38928.001,38963.685,38396.634,38566.481,7.064,359.48
2025-02-21,38561.999,38874.519,38059.315,38136.999,38568.532,38881.634,38066.001,38143.634,6.635,444.02
2025-02-24,38331.315,38381.468,37879.366,38111.468,38338.685,38388.685,37886.481,38118.634,7.166,529.99
2025-02-25,38109.315,38480.999,37680.519,38092.519,38116.481,38487.685,37687.532,38099.001,6.482,772.94
2025-02-26,38082.468,38486.417,37735.999,38274.999,38089.481,38493.583,37742.532,38281.001,6.002,604.12
2025-02-27,38272.366,38384.315,37544.468,37669.999,38279.634,38391.532,37551.685,37676.532,6.533,745.84
2025-02-28,37646.417,37709.366,36833.519,37563.468,37653.001,37716.583,36840.481,37570.532,7.064,879.8
2025-03-03,37713.999,38244.999,37081.315,37314.999,37720.634,38251.685,37088.001,37321.583,6.584,908.85
2025-03-04,37316.519,37548.519,36253.519,37320.417,37323.001,37555.685,36260.532,37327.481,7.064,1172.46
2025-03-05,37318.417,37830.468,37088.417,37655.999,37325.583,37837.583,37095.001,37662.583,6.584,1006.02
2025-03-06,37645.315,37875.366,36833.366,37033.315,37652.001,37882.532,36840.001,37040.532,7.217,978.14
2025-03-07,37028.417,37325.519,36468.366,37238.366,37035.532,37332.685,36475.481,37245.685,7.319,1013.34
2025-03-10,36975.417,37148.999,36165.999,36310.519,36982.532,37155.685,36172.481,36317.001,6.482,1000.82
2025-03-11,36318.999,36928.468,35978.468,36728.366,36325.685,36935.634,35985.001,36735.685,7.319,1129.64
2025-03-12,36741.315,37220.999,36656.417,37127.417,36748.532,37227.685,36663.001,37134.583,7.166,747.33
2025-03-13,37132.519,37325.999,36550.417,36717.315,37139.685,37332.634,36557.685,36724.532,7.217,816.8
2025-03-14,36722.417,37622.999,36530.315,37544.366,36729.481,37629.685,36537.685,37551.583,7.217,594.42
2025-03-17,37489.999,38023.417,37372.468,37936.315,37496.001,38030.583,37379.583,37943.481,7.166,566.13
2025-03-18,37928.315,38000.999,37644.315,37827.468,37935.481,38007.685,37651.481,37834.634,7.166,578.22
2025-03-19,37824.366,38119.999,37546.315,37901.519,37831.532,38126.634,37553.532,37908.532,7.013,537.74
2025-03-20,37899.315,37904.999,37404.366,37611.999,37906.481,37911.634,37411.634,37618.685,6.686,523.23
2025-03-21,37614.366,37969.999,37341.366,37589.417,37621.532,37976.583,37348.001,37596.481,7.064,560.7
2025-03-24,37801.468,38016.999,37566.999,37969.519,37808.001,38023.685,37573.532,37976.481,6.962,434.98
2025-03-25,37974.366,38154.417,37681.315,38114.999,37981.481,38161.583,37688.001,38121.634,6.635,400.64
2025-03-26,38116.315,38221.999,37504.417,37679.519,38123.001,38228.634,37511.583,37686.532,7.013,531.32
2025-03-27,37681.366,37844.519,37346.999,37391.519,37688.481,37851.685,37353.634,37398.532,7.013,626.95
2025-03-28,37396.417,37399.519,36261.315,36283.468,37403.583,37406.583,36268.001,36290.634,7.166,666.85
2025-03-31,36076.999,36101.417,35426.366,35933.519,36083.583,36108.532,35433.481,35940.685,7.166,978.22
2025-04-01,35936.519,36036.999,35089.519,35734.519,35943.634,36043.685,35096.583,35741.583,7.064,987.76
2025-04-02,35737.417,36447.315,33357.417,33747.519,35744.685,36454.685,33364.481,33754.532,7.013,933.17
2025-04-03,33764.519,34844.315,33564.315,33939.999,33771.583,34851.583,33571.532,33946.685,6.686,1540.92
2025-04-04,33966.468,34325.519,31930.417,32218.417,33973.634,34332.634,31937.001,32225.481,7.064,2009.12
2025-04-07,31013.468,33681.366,30454.366,32624.999,31034.634,33688.001,30461.685,32631.634,6.635,2645.16
2025-04-08,32604.417,33889.468,31694.417,32184.519,32611.685,33896.685,31701.001,32191.583,7.064,1963.75
2025-04-09,32192.366,35189.366,31074.999,34772.468,32199.634,35196.532,31081.481,34779.001,6.533,2245.85
2025-04-10,34714.366,34922.417,32426.315,33014.519,34721.583,34929.583,32433.001,33021.634,7.115,1913.16
2025-04-11,33016.468,33704.999,32609.366,33647.366,33023.634,33711.583,32616.685,33654.634,7.268,1756.58
2025-04-14,33962.999,34470.999,33870.315,34315.519,33969.634,34477.583,33877.634,34322.481,6.962,996.77
2025-04-15,34325.468,34603.366,34178.366,34220.366,34332.481,34610.685,34185.001,34227.532,7.166,767.41
2025-04-16,34215.417,34325.999,33565.366,34005.366,34222.532,34332.685,33572.001,34012.583,7.217,904.92
2025-04-17,33985.468,34705.999,33923.315,34468.315,33992.001,34712.634,33930.001,34475.634,7.319,828.49
2025-04-21,34498.468,34608.519,33832.468,34185.468,34505.532,34615.481,33839.001,34192.583,7.115,427.87
2025-04-22,34190.366,35460.417,34100.366,35252.315,34197.532,35467.532,34107.481,35259.685,7.37,551.35
2025-04-23,35212.519,35465.366,34667.315,35275.999,35219.583,35472.532,34674.001,35282.001,6.002,899.11
2025-04-24,35268.417,35635.315,34763.417,35470.366,35275.001,35642.532,34770.583,35477.001,6.635,563.43
2025-04-25,35488.999,35980.999,35398.417,35970.999,35495.583,35987.685,35405.583,35977.583,6.584,624.48
2025-04-28,35958.417,36070.999,35680.417,35935.417,35965.634,36077.583,35687.481,35942.001,6.584,485.92
2025-04-29,35940.468,36195.519,35823.315,35930.999,35947.001,36202.685,35830.001,35937.481,6.482,494.53
2025-04-30,35928.468,36323.519,35595.315,36193.519,35935.532,36330.685,35602.001,36200.634,7.115,735.15
2025-05-01,36198.468,37037.999,36040.417,36620.417,36205.583,37044.685,36047.481,36627.634,7.217,703.87
2025-05-02,36625.519,37209.519,36614.366,37189.999,36632.685,37216.685,36621.583,37196.583,6.584,706.51
2025-05-05,36999.519,37312.999,36889.366,37074.519,37006.634,37319.685,36896.634,37081.001,6.482,395.03
2025-05-06,37077.366,37172.519,36682.315,36944.366,37084.001,37179.634,36689.001,36951.532,7.166,441.72
2025-05-07,36949.366,37047.999,36554.417,36914.999,36956.685,37054.685,36561.634,36921.532,6.533,544.2
2025-05-08,36924.366,37559.999,36607.468,37331.519,36931.685,37566.685,36614.583,37338.481,6.962,512.76
2025-05-09,37329.366,37642.468,37226.366,37454.999,37336.532,37649.685,37233.481,37461.001,6.002,542.59
2025-05-12,37704.468,38768.366,37414.315,38535.417,37711.001,38775.634,37421.583,38542.583,7.166,718.49
2025-05-13,38530.417,38543.366,37998.315,38313.519,38537.532,38550.634,38005.001,38320.583,7.064,538.12
2025-05-14,38318.468,38356.468,37567.999,37764.315,38325.481,38363.532,37574.001,37771.481,7.166,510.19
2025-05-15,37759.315,37857.999,37575.366,37745.468,37766.685,37864.634,37582.001,37752.583,7.115,479.68
2025-05-16,37747.999,37981.468,37469.468,37946.417,37754.481,37988.685,37476.481,37953.634,7.217,392.04
2025-05-19,37624.519,37718.999,37228.999,37716.315,37631.532,37725.685,37235.001,37723.685,7.37,437.44
2025-05-20,37713.315,37923.519,37382.417,37609.417,37720.001,37930.481,37389.583,37616.532,7.115,402.66
2025-05-21,37614.468,37657.468,36823.315,36885.417,37621.532,37664.634,36830.001,36892.001,6.584,564.72
2025-05-22,36895.366,37204.999,36696.519,37109.315,36902.481,37211.685,36703.583,37116.583,7.268,561.79
2025-05-23,37114.315,37376.417,36449.366,36814.999,37121.481,37383.532,36456.634,36821.685,6.686,725.09
2025-05-26,37214.366,37661.999,37164.315,37551.417,37221.001,37668.685,37171.583,37558.583,7.166,256.86
2025-05-27,37536.519,38378.468,37408.417,38161.999,37543.481,38385.685,37415.583,38168.634,6.635,383.77
2025-05-28,38146.519,38403.519,37646.315,38153.519,38153.532,38410.583,37653.481,38160.481,6.962,488.48
2025-05-29,38156.519,38446.315,37694.366,37786.999,38163.001,38453.001,37701.634,37793.532,6.533,670.61
2025-05-30,37791.999,38107.468,37379.366,37699.366,37798.001,38114.685,37386.481,37706.532,7.166,551.75
2025-06-02,37619.417,37834.366,37271.417,37619.519,37626.685,37841.583,37278.583,37626.001,6.482,513.8
2025-06-03,37629.417,37784.519,37354.519,37709.519,37636.481,37791.583,37361.481,37716.481,6.962,423.23
2025-06-04,37707.315,37869.999,37473.417,37565.315,37714.583,37876.685,37480.532,37572.481,7.166,433.1
2025-06-05,37570.519,37725.468,37305.366,37555.315,37577.481,37732.685,37312.481,37562.685,7.37,651.17
2025-06-06,37570.315,38149.519,37570.315,38012.999,37577.583,38156.583,37577.583,38019.583,6.584,481.7
2025-06-09,38032.519,38332.315,38024.315,38275.468,38039.001,38339.634,38031.001,38282.634,7.166,336.64
2025-06-10,38280.468,38493.468,38124.417,38419.468,38287.634,38500.634,38131.001,38426.481,7.013,466.25
2025-06-11,38422.417,38764.315,38234.519,38289.519,38429.685,38771.532,38241.685,38296.634,7.115,574.32
2025-06-12,38294.468,38402.417,37975.315,37997.999,38301.001,38409.685,37982.532,38004.685,6.686,489.22
2025-06-13,38002.519,38176.519,37495.315,37938.999,38009.634,38183.532,37502.481,37945.001,6.002,733.9
2025-06-16,38058.366,38632.999,38053.417,38347.999,38065.001,38639.532,38060.532,38354.634,6.635,369.4
2025-06-17,38344.519,38580.999,38147.417,38332.468,38351.001,38587.481,38154.001,38339.685,7.217,474.11
2025-06-18,38322.315,38974.468,38322.315,38841.519,38329.001,38981.583,38329.001,38848.532,7.013,483.84
2025-06-19,38839.468,38856.999,38382.468,38469.468,38846.481,38863.634,38389.532,38476.481,7.013,280.82
2025-06-20,38467.519,38646.468,38254.315,38379.999,38474.001,38653.685,38261.001,38386.685,6.686,490.38
2025-06-23,38221.366,38861.315,38026.315,38794.468,38228.481,38868.685,38033.583,38801.685,7.217,532.0
2025-06-24,38814.417,38989.468,38625.366,38887.366,38821.583,38996.634,38632.634,38894.001,6.635,399.3
2025-06-25,38910.366,39165.519,38712.417,39052.417,38917.583,39172.685,38719.481,39059.481,7.064,326.51
2025-06-26,39062.315,39942.999,39062.315,39910.468,39069.481,39949.583,39069.481,39917.583,7.115,332.68
2025-06-27,39907.366,40626.417,39870.366,40516.999,39914.532,40633.583,39877.685,40523.532,6.533,421.92
2025-06-30,40586.417,40851.468,40201.315,40303.468,40593.532,40858.481,40208.001,40310.532,7.064,422.81
2025-07-01,40311.999,40333.315,39418.417,39453.468,40318.583,40340.583,39425.583,39460.685,7.217,475.18
2025-07-02,39458.519,39946.519,39438.315,39796.315,39465.481,39953.634,39445.532,39803.532,7.217,411.84
2025-07-03,39798.417,40106.999,39649.468,39956.366,39805.481,40113.685,39656.001,39963.685,7.319,314.86
2025-07-04,39954.468,39991.468,39598.417,39723.366,39961.685,39998.583,39605.481,39730.685,7.319,264.53
2025-07-07,39733.519,39905.519,39335.417,39500.468,39740.634,39912.532,39342.001,39507.634,7.166,459.02
2025-07-08,39502.417,40038.999,39487.468,39940.468,39509.634,40045.685,39494.532,39947.532,7.064,362.92
2025-07-09,39938.468,39980.417,39568.417,39803.519,39945.685,39987.634,39575.532,39810.481,6.962,302.1
2025-07-10,39805.315,39892.417,39532.468,39882.519,39812.532,39899.583,39539.001,39889.685,7.166,280.54
2025-07-11,39874.999,39949.999,39264.366,39467.315,39881.634,39956.685,39271.583,39474.583,7.268,432.83
2025-07-14,39384.366,39604.315,39296.366,39516.999,39391.583,39611.481,39303.532,39523.001,6.002,327.0
2025-07-15,39521.999,39820.417,39374.417,39685.417,39528.481,39827.481,39381.001,39692.532,7.115,451.48
2025-07-16,39693.417,39918.468,39123.315,39428.519,39700.685,39925.001,39130.001,39435.634,7.115,511.66
2025-07-17,39433.417,40139.417,39348.417,40106.468,39440.001,40146.583,39355.001,40113.685,7.217,345.65
2025-07-18,40109.366,40109.366,39630.417,39693.468,40116.634,40116.634,39637.001,39700.532,7.064,281.83
2025-07-21,39820.468,39933.519,39673.315,39790.999,39827.685,39940.532,39680.001,39797.481,6.482,195.37
2025-07-22,39810.315,40449.519,39452.417,40387.315,39817.685,40456.583,39459.685,40394.583,7.268,400.27
2025-07-23,40384.999,41751.999,40264.417,41746.417,40391.583,41758.583,40271.481,41753.583,7.166,536.94
2025-07-24,41741.315,42066.999,41519.519,41674.519,41748.685,42073.634,41526.685,41681.685,7.166,400.43
2025-07-25,41669.417,41729.999,41273.999,41343.468,41676.583,41736.685,41280.685,41350.583,7.115,306.6
2025-07-28,41461.468,41466.468,40659.417,40791.468,41468.583,41473.481,40666.634,40798.481,7.013,335.82
2025-07-29,40796.315,40956.315,40554.315,40752.417,40803.634,40963.001,40561.634,40759.583,7.166,337.68
2025-07-30,40742.468,40862.519,40487.315,40742.999,40749.685,40869.583,40494.001,40749.532,6.533,382.86
2025-07-31,40737.315,41288.999,40583.315,40723.519,40744.583,41295.634,40590.001,40730.001,6.482,522.05
2025-08-01,40721.999,40999.999,39726.366,39984.315,40728.481,41006.583,39733.532,39991.634,7.319,791.27
2025-08-04,39846.366,40629.999,39736.315,40529.999,39853.532,40636.685,39743.532,40536.634,6.635,395.23
2025-08-05,40511.519,40679.519,40341.468,40431.315,40518.583,40686.634,40348.481,40438.634,7.319,484.12
2025-08-06,40426.315,40906.366,40421.366,40646.315,40433.532,40913.685,40428.001,40653.685,7.37,414.11
2025-08-07,40643.366,41345.519,40628.519,41217.417,40650.685,41352.685,40635.583,41224.532,7.115,584.96
2025-08-08,41215.519,42387.519,41207.315,42337.468,41222.685,42394.634,41214.532,42344.685,7.217,471.2
2025-08-11,42249.315,42489.315,42189.519,42214.468,42256.532,42496.685,42196.685,42221.481,7.013,274.09
2025-08-12,42209.315,43368.999,42204.519,43201.417,42216.532,43375.634,42211.481,43208.001,6.584,451.25
2025-08-13,43191.999,43476.468,43013.315,43069.999,43198.001,43483.685,43020.481,43076.532,6.533,398.09
2025-08-14,43071.315,43194.519,42522.315,42777.366,43078.532,43201.634,42529.685,42784.685,7.319,419.05
2025-08-15,42782.366,43491.315,42732.315,43428.468,42789.685,43498.001,42739.001,43435.001,6.533,417.94
2025-08-18,43458.468,43932.999,43383.315,43819.366,43465.481,43939.685,43390.001,43826.001,6.635,373.67
2025-08-19,43822.519,43882.366,43227.417,43232.417,43829.532,43889.532,43234.634,43239.685,7.268,460.67
2025-08-20,43197.468,43235.468,42555.519,42797.366,43204.583,43242.685,42562.532,42804.532,7.166,577.24
2025-08-21,42790.417,42927.468,42508.366,42653.519,42797.583,42934.532,42515.001,42660.001,6.482,411.8
2025-08-22,42655.519,43108.468,42318.999,42980.417,42662.532,43115.634,42325.481,42987.634,7.217,383.33
2025-08-25,43073.468,43195.519,42524.315,42646.468,43080.481,43202.634,42531.001,42653.532,7.064,328.43
2025-08-26,42639.315,42701.999,42131.366,42473.366,42646.481,42708.634,42138.583,42480.001,6.635,348.55
2025-08-27,42478.519,42623.366,42265.315,42340.315,42485.001,42630.634,42272.481,42347.532,7.217,270.61
2025-08-28,42345.468,43030.468,42262.315,42783.315,42352.583,43037.685,42269.481,42790.532,7.217,354.4
2025-08-29,42780.519,42808.519,42018.315,42103.366,42787.583,42815.685,42025.532,42110.481,7.115,378.58
2025-09-01,42310.417,42453.519,41770.315,42324.468,42317.685,42460.481,41777.583,42331.685,7.217,315.01
2025-09-02,42314.315,42482.366,41692.366,42072.999,42321.481,42489.685,41699.685,42079.583,6.584,607.16
2025-09-03,42067.417,42292.999,41862.315,42052.519,42074.532,42299.685,41869.481,42059.481,6.962,420.89
2025-09-04,42057.366,43030.999,42017.999,43022.999,42064.481,43037.634,42024.001,43029.481,6.482,333.43
2025-09-05,43027.999,43232.999,42574.315,42917.417,43034.532,43239.481,42581.583,42924.634,7.217,592.72
2025-09-08,43524.999,44025.519,43332.519,43855.999,43531.481,44032.634,43339.481,43862.532,6.533,372.55
2025-09-09,43852.366,44190.999,43072.366,43500.999,43859.685,44197.634,43079.481,43507.634,6.635,392.76
2025-09-10,43497.417,44022.999,43467.366,43934.468,43504.532,44029.634,43474.001,43941.481,7.013,313.56
2025-09-11,43922.417,44882.519,43869.417,44862.999,43929.583,44889.685,43876.532,44869.685,6.686,349.36
2025-09-12,44860.519,44920.999,44547.315,44664.315,44867.685,44927.685,44554.001,44671.583,7.268,299.3
2025-09-15,44694.468,44999.366,44612.519,44929.519,44701.583,45006.634,44619.001,44936.532,7.013,120.8
2025-09-16,44939.315,45061.468,44614.999,44774.315,44946.583,45068.685,44621.634,44781.532,7.217,289.8
2025-09-17,44766.315,45081.417,44579.366,44956.315,44773.685,45088.532,44586.583,44963.685,7.37,514.58
2025-09-18,44961.468,45941.519,44811.417,45783.366,44968.481,45948.685,44818.583,45790.583,7.217,442.33
2025-09-19,45781.468,45868.519,44471.366,45258.315,45788.685,45875.634,44478.001,45265.481,7.166,464.99
2025-09-22,45223.468,45798.366,45223.366,45718.417,45230.481,45805.532,45230.481,45725.634,7.217,282.8
2025-09-23,45721.519,45888.519,45456.417,45473.417,45728.634,45895.685,45463.634,45480.583,7.166,271.01
2025-09-24,45438.315,45846.999,45206.468,45633.999,45445.583,45853.583,45213.685,45640.532,6.533,376.22
2025-09-25,45631.519,45823.315,45258.468,45623.519,45638.685,45830.532,45265.583,45630.685,7.166,491.4
2025-09-26,45628.999,45753.417,45167.468,45429.519,45635.634,45760.685,45174.583,45436.685,7.166,412.84
2025-09-29,45210.417,45233.999,44890.366,45065.417,45217.685,45240.685,44897.583,45072.481,7.064,378.53
2025-09-30,45075.468,45135.417,44563.315,44780.468,45082.532,45142.532,44570.481,44787.532,7.064,437.9
2025-10-01,44785.999,44890.468,44303.417,44890.468,44792.532,44897.001,44310.685,44897.001,6.533,465.24
2025-10-02,44885.519,45166.999,44656.417,45086.417,44892.001,45173.685,44663.532,45093.481,7.064,390.3
2025-10-03,45083.999,46156.519,45058.366,45979.468,45090.001,46163.583,45065.481,45986.583,7.115,473.29
2025-10-06,47571.315,48649.999,47276.417,48349.417,47578.001,48656.685,47283.583,48356.001,6.584,671.14
2025-10-07,48356.519,48516.417,47756.999,47874.468,48363.481,48523.685,47763.583,47881.583,7.115,698.53
2025-10-08,47894.519,48176.999,47676.999,48139.366,47901.583,48183.685,47683.481,48146.583,7.217,482.36
2025-10-09,48129.417,48882.417,48024.315,48605.519,48136.532,48889.583,48031.001,48612.481,6.962,619.24
2025-10-10,48615.417,48655.999,45775.417,45790.999,48622.481,48662.481,45782.481,45797.481,6.482,1007.46
2025-10-13,46532.366,47195.315,46300.315,47180.315,46539.532,47202.001,46307.583,47187.532,7.217,698.53
2025-10-14,47185.417,47870.468,46442.417,47005.999,47192.685,47877.685,46449.532,47012.532,6.533,1152.02
2025-10-15,47000.417,48240.999,46910.468,48125.468,47007.001,48247.634,46917.685,48132.001,6.533,894.78
2025-10-16,48130.519,48482.999,47625.315,47747.366,48137.583,48489.634,47632.001,47754.583,7.217,1042.48
2025-10-17,47707.468,48250.519,46970.417,48205.519,47714.481,48257.583,46977.583,48212.532,7.013,1178.56
2025-10-20,48468.999,49797.999,48283.366,49787.519,48475.001,49804.634,48290.001,49794.583,7.064,592.76
2025-10-21,49770.417,49947.519,49067.519,49205.315,49777.685,49954.685,49074.001,49212.685,7.37,731.62
2025-10-22,49210.519,49631.519,48386.366,48634.468,49217.634,49638.583,48393.634,48641.001,6.533,935.66
2025-10-23,48624.468,49114.417,48389.315,49104.366,48631.583,49121.583,48396.481,49111.583,7.217,485.51
2025-10-24,49106.366,49619.315,48954.519,49466.468,49113.481,49626.634,48961.481,49473.001,6.533,312.95
2025-10-27,50024.315,50624.417,49954.519,50336.519,50031.634,50631.583,49961.634,50343.001,6.482,317.25
2025-10-28,50331.519,50759.999,50101.315,50691.417,50338.685,50766.481,50108.532,50698.583,7.166,334.2
2025-10-29,50721.366,51491.315,50641.417,51119.417,50728.685,51498.001,50648.001,51126.532,7.115,605.12
2025-10-30,51149.999,51825.315,50970.315,51695.315,51156.481,51832.001,50977.481,51702.583,7.268,790.99
2025-10-31,51698.999,52617.468,51688.519,52199.417,51705.532,52624.481,51695.583,52206.532,7.115,637.26
2025-11-03,52359.999,52584.999,52104.999,52387.999,52366.634,52591.583,52111.001,52394.001,6.002,429.39
2025-11-04,52402.468,52644.999,50627.315,50632.999,52409.532,52651.685,50634.481,50639.532,6.533,846.14
2025-11-05,50634.417,51328.366,49074.366,51110.315,50641.532,51335.634,49081.481,51117.583,7.268,927.97
2025-11-06,51120.417,51258.315,49995.366,50098.315,51127.634,51265.481,50002.001,50105.001,6.686,985.44
2025-11-07,50085.366,50463.366,49483.417,50428.468,50092.634,50470.583,49490.001,50435.001,6.533,1069.52
2025-11-10,50800.366,51418.519,50428.519,51396.315,50807.583,51425.532,50435.532,51403.634,7.319,610.72
2025-11-11,51408.468,51514.468,50574.315,50832.999,51415.685,51521.532,50581.001,50839.001,6.002,558.1
2025-11-12,50834.519,51394.999,50547.366,50962.417,50841.481,51401.685,50554.583,50969.481,7.064,565.79
2025-11-13,50959.315,51330.999,49983.417,50020.519,50966.685,51337.685,49990.583,50027.583,7.064,926.5
2025-11-14,50023.468,50730.315,49663.315,50445.999,50030.001,50737.685,49670.001,50452.481,6.482,1239.3
2025-11-17,50155.417,50459.366,49462.315,49722.366,50162.532,50466.685,49469.001,49729.001,6.635,1186.48
2025-11-18,49729.468,49929.468,48341.468,48821.366,49736.532,49936.481,48348.583,48828.685,7.319,1648.99
2025-11-19,48824.417,50231.999,48232.315,50228.468,48831.481,50238.583,48239.532,50235.685,7.217,1411.45
2025-11-20,50253.468,50583.519,48141.999,48361.417,50260.685,50590.532,48148.532,48368.481,7.064,1625.18
2025-11-21,48358.366,49036.519,47993.315,48718.519,48365.634,49043.685,48000.001,48725.481,6.962,1652.93
2025-11-24,48926.417,49693.999,48616.519,49481.999,48933.685,49700.685,48623.532,49488.481,6.482,764.15
2025-11-25,49461.468,49473.366,48221.417,49001.417,49468.532,49480.532,48228.001,49008.634,7.217,968.63
2025-11-26,48999.468,50163.519,48949.366,49948.417,49006.583,50170.583,48956.634,49955.685,7.268,640.82
2025-11-27,49946.417,50316.999,49923.366,50190.417,49953.481,50323.481,49930.001,50197.001,6.584,316.58
2025-11-28,50185.468,50240.519,49988.468,50191.366,50192.634,50247.685,49995.634,50198.634,7.268,97.93
2025-12-01,50273.999,50343.999,49049.315,49534.519,50280.532,50350.685,49056.001,49541.481,6.962,842.44
2025-12-02,49536.468,49715.999,49173.468,49575.417,49543.001,49722.634,49180.583,49582.685,7.268,685.98
2025-12-03,49590.519,50144.519,49269.999,49889.366,49597.001,50151.634,49276.583,49896.634,7.268,664.01
2025-12-04,49899.468,51046.999,49884.315,50501.366,49906.634,51053.685,49891.001,50508.481,7.115,746.74
2025-12-05,50494.519,50839.999,50214.315,50671.417,50501.634,50846.685,50221.634,50678.001,6.584,618.82
2025-12-08,50714.366,50714.366,50163.468,50620.519,50721.001,50721.001,50170.634,50627.583,7.064,621.06
2025-12-09,50630.366,51025.999,50403.366,50863.519,50637.001,51032.685,50410.532,50870.001,6.482,529.39
2025-12-10,50868.315,51108.315,50330.999,50796.999,50875.583,51115.001,50337.001,50803.583,6.584,589.66
2025-12-11,50789.519,50941.468,49921.366,50701.417,50796.481,50948.634,49928.685,50708.685,7.268,718.34
2025-12-12,50699.999,51136.999,49690.999,50010.999,50706.634,51143.583,49697.685,50017.532,6.533,844.78
2025-12-15,50015.468,50364.519,49871.366,49979.519,50022.685,50371.685,49878.481,49986.685,7.166,638.16
2025-12-16,49989.315,50019.468,49342.417,49515.519,49996.001,50026.481,49349.481,49522.481,6.962,897.05
2025-12-17,49512.366,49731.999,48763.519,48791.315,49519.001,49738.634,48770.532,48798.001,6.686,904.85
2025-12-18,48793.519,49538.366,48623.315,49366.999,48800.532,49545.481,48630.532,49373.583,6.584,829.0
2025-12-19,49391.366,50418.999,49248.315,50336.468,49398.583,50425.685,49255.634,50343.685,7.217,661.86
2025-12-22,50486.366,50599.468,50130.366,50422.519,50493.481,50606.481,50137.481,50429.481,6.962,388.88
2025-12-23,50435.315,50689.999,50156.315,50521.468,50442.685,50696.685,50163.001,50528.685,7.217,356.27
2025-12-24,50514.417,50636.468,50204.366,50401.468,50521.685,50643.001,50211.481,50408.481,7.013,174.58
2025-12-25,50464.519,50549.999,50394.417,50501.417,50471.685,50556.001,50401.001,50508.001,6.584,8.16
2025-12-26,50491.417,50934.366,50394.366,50736.366,50498.001,50941.001,50401.583,50743.634,7.268,230.46
2025-12-29,50703.417,50708.417,50181.999,50261.366,50710.634,50715.001,50188.001,50268.001,6.635,414.38
2025-12-30,50271.366,50671.519,50191.315,50481.366,50278.634,50678.685,50198.001,50488.634,7.268,267.83
2025-12-31,50479.366,50721.417,50231.519,50374.366,50486.634,50728.634,50238.001,50381.532,7.166,136.03
2026-01-01,50374.366,50519.366,50374.366,50509.519,50381.532,50526.481,50381.532,50516.481,6.962,4.3
2026-01-02,50511.999,51286.417,50504.417,51039.417,50518.001,51293.481,50511.001,51046.685,7.268,356.16
2026-01-05,51166.999,52239.519,51166.999,52149.366,51173.532,52246.583,51173.532,52156.685,7.319,575.06
2026-01-06,52161.999,52647.999,51902.366,52177.468,52168.685,52654.634,51909.481,52184.634,7.166,483.05
2026-01-07,52169.999,52411.417,51711.0,51746.417,52176.001,52418.481,51716.685,51753.685,7.268,400.54
2026-01-08,51749.519,51846.366,51043.315,51458.519,51756.481,51853.001,51050.481,51465.532,7.013,588.26
2026-01-09,51456.519,53818.999,51333.519,53551.999,51463.583,53825.583,51340.583,53558.481,6.482,555.08
2026-01-12,53778.999,54178.366,53631.999,53886.417,53785.532,54185.001,53638.001,53893.481,7.064,466.58
2026-01-13,53866.417,54130.366,53447.468,53952.519,53873.001,54137.532,53454.001,53959.481,6.962,593.32
2026-01-14,53947.468,54501.468,53614.519,53924.999,53954.001,54508.685,53621.532,53931.583,6.584,807.62
2026-01-15,53936.468,54436.417,53686.468,54044.315,53943.532,54443.634,53693.481,54051.634,7.319,661.45
2026-01-16,54049.519,54106.999,53529.366,53704.366,54056.583,54113.634,53536.481,53711.532,7.166,467.18
2026-01-19,53341.315,53698.519,53079.366,53388.519,53348.634,53705.481,53086.532,53395.634,7.115,420.66
2026-01-20,53380.519,53425.999,51803.366,51905.999,53387.532,53432.634,51810.583,51912.583,6.584,1031.1
2026-01-21,51908.999,53569.519,51908.999,53554.519,51915.532,53576.481,51915.532,53561.481,6.962,970.28
2026-01-22,53556.366,54118.468,53274.417,53966.468,53563.532,54125.583,53281.001,53973.634,7.166,577.88
2026-01-23,53946.315,54038.999,52767.519,52779.519,53953.481,54045.685,52774.532,52786.583,7.064,578.24
2026-01-26,52632.366,53134.999,52182.366,52867.417,52639.532,53141.634,52189.001,52874.481,7.064,759.46
2026-01-27,52862.366,53359.417,52624.366,52949.468,52869.583,53366.583,52631.685,52956.583,7.115,596.24
2026-01-28,52944.519,54094.315,52781.417,54002.519,52951.685,54101.532,52788.685,54009.481,6.962,732.54
2026-01-29,53997.999,54042.468,52368.315,53261.519,54004.685,54049.583,52375.481,53268.532,7.013,987.73
2026-01-30,53268.417,53777.999,52887.315,53450.315,53275.532,53784.634,52894.001,53457.481,7.166,1116.53
2026-02-02,53600.519,54254.468,52516.468,53976.315,53607.532,54261.583,52523.481,53983.685,7.37,1021.68
2026-02-03,53979.366,54788.366,53471.417,54078.519,53986.532,54795.001,53478.532,54085.481,6.962,930.89
2026-02-04,54088.366,55082.468,53946.366,54315.468,54095.532,55089.481,53953.532,54322.685,7.217,1213.8
2026-02-05,54322.468,54464.366,53204.468,53307.999,54329.685,54471.481,53211.001,53314.481,6.482,1442.88
2026-02-06,53317.519,56486.315,52924.315,56421.519,53324.532,56493.001,52931.001,56428.583,7.064,1043.57
2026-02-09,57446.519,57606.468,56036.519,57029.999,57453.481,57613.001,56043.001,57036.481,6.482,1022.06
2026-02-10,57026.519,58438.519,57026.519,58041.315,57033.532,58445.634,57033.532,58048.532,7.217,979.92
2026-02-11,58038.417,58483.315,57703.468,57858.315,58045.532,58490.634,57710.481,57865.481,7.166,827.48
2026-02-12,57851.999,58016.468,56502.315,56917.417,57858.001,58023.532,56509.481,56924.583,7.166,1153.87
2026-02-13,56909.417,57679.999,56653.417,57559.519,56916.532,57686.634,56660.001,57566.001,6.482,1309.69
2026-02-16,57481.999,57481.999,56643.366,56821.366,57488.634,57488.634,56650.634,56828.685,7.319,505.17
2026-02-17,56861.468,57182.519,56125.417,56787.315,56868.532,57189.685,56132.481,56794.001,6.686,1047.53
2026-02-18,56820.999,57725.999,56750.519,57437.417,56827.583,57732.634,56757.532,57444.634,7.217,697.82
2026-02-19,57430.468,57706.366,56746.315,57064.315,57437.583,57713.583,56753.532,57071.481,7.166,917.7
2026-02-20,57066.999,57276.417,56644.366,57151.315,57073.583,57283.634,56651.001,57158.685,7.37,938.86
2026-02-23,56971.417,57161.519,56451.519,56651.468,56978.634,57168.481,56458.583,56658.001,6.533,720.3
2026-02-24,56666.519,58136.519,56661.468,57908.468,56673.481,58143.634,56668.481,57915.634,7.166,699.36
2026-02-25,57903.315,59866.417,57751.468,59266.366,57910.634,59873.532,57758.001,59273.634,7.268,677.9
2026-02-26,59261.315,59326.999,58226.315,58401.366,59268.685,59333.685,58233.481,58408.634,7.268,790.92
2026-02-27,58366.315,59377.468,58119.999,58572.519,58373.481,59384.685,58126.481,58579.583,7.064,1042.16
2026-03-02,57482.999,58369.468,57026.417,57696.315,57489.685,58376.481,57033.685,57703.634,7.319,1261.09
2026-03-03,57689.468,57849.468,53581.315,54941.999,57696.532,57856.481,53588.481,54948.481,6.482,2145.49
2026-03-04,54956.519,56464.366,53614.519,56224.417,54963.685,56471.634,53621.634,56231.583,7.166,1814.12
2026-03-05,56214.366,56614.417,53935.366,54558.999,56221.001,56621.481,53942.481,54565.001,6.002,1985.74
2026-03-06,54570.315,55772.999,53720.999,53950.417,54577.634,55779.583,53727.634,53957.001,6.584,1789.27
2026-03-09,52197.519,54981.366,51401.468,54266.417,52204.001,54989.583,51409.532,54274.634,8.217,1715.16
2026-03-10,54261.417,55776.468,53534.519,55068.417,54269.001,55784.685,53542.481,55076.685,8.268,1659.28
2026-03-11,55113.519,55742.315,53755.417,54154.999,55121.532,55750.001,53771.001,54162.001,7.002,1284.68
2026-03-12,54166.417,54797.468,53469.366,53482.417,54174.481,54805.001,53477.583,53490.532,8.115,1351.88
2026-03-13,53479.468,54286.999,52703.999,53178.999,53487.481,54294.001,52711.481,53186.532,7.533,1405.71
2026-03-16,53681.366,54601.999,53102.468,54333.468,53689.001,54609.481,53110.532,54341.532,8.064,1038.67
2026-03-17,54351.315,54626.366,53471.468,54280.315,54359.685,54634.001,53479.634,54288.001,7.686,820.73
2026-03-18,54272.417,55320.468,53428.417,53605.468,54280.583,55328.532,53436.634,53613.532,8.064,883.51
2026-03-19,53628.999,53960.468,51918.366,53398.519,53636.001,53968.583,51926.583,53406.001,7.482,1433.78
2026-03-20,53396.417,53693.999,51138.468,51348.366,53404.583,53701.685,51146.001,51356.634,8.268,1153.34
2026-03-23,51241.417,54256.519,50673.366,53024.417,51249.481,54264.532,50681.634,53031.001,6.584,2004.42
2026-03-24,53019.417,53509.519,51626.999,53479.417,53026.001,53516.685,51633.634,53486.001,6.584,1338.33
2026-03-25,53476.417,54371.519,53366.468,53852.366,53483.583,54378.634,53373.481,53868.481,16.115,1064.25
2026-03-26,53857.519,54169.468,52345.417,52912.366,53873.685,54176.532,52352.685,52919.685,7.319,1106.16
2026-03-27,52892.519,53722.366,51499.999,51601.999,52899.685,53729.583,51506.634,51608.001,6.002,1044.62
2026-03-30,50895.417,52295.519,50462.315,51065.417,50902.583,52302.583,50469.481,51072.001,6.584,1206.37
2026-03-31,51047.468,53240.315,50605.468,53240.315,51054.685,53247.532,50612.481,53247.532,7.217,1407.3
2026-04-01,53230.315,54626.468,52691.315,54173.999,53237.634,54633.583,52698.481,54180.583,6.584,886.5
2026-04-02,54168.999,54263.999,52128.315,53245.519,54175.481,54270.583,52135.001,53252.583,7.064,1198.15
2026-04-06,53183.468,54078.999,53158.468,53640.366,53190.583,54085.685,53165.685,53647.685,7.319,753.63
2026-04-07,53605.315,56341.519,52760.999,56123.468,53612.001,56362.583,52767.685,56144.685,21.217,1252.48
2026-04-08,56026.315,57239.366,55596.999,56356.315,56047.001,57246.481,55617.685,56363.685,7.37,984.71
2026-04-09,56349.519,56749.417,55654.417,56494.519,56356.685,56756.685,55661.634,56501.634,7.115,783.76
2026-04-10,56501.468,57376.468,56454.366,57311.366,56508.481,57383.532,56461.481,57318.685,7.319,562.87
2026-04-13,56321.468,57741.315,56223.468,57431.519,56328.001,57748.685,56230.001,57438.532,7.013,590.0
2026-04-14,57441.468,58792.417,57371.417,58652.315,57448.001,58799.583,57378.481,58659.583,7.268,415.53
2026-04-15,58664.366,58667.519,58038.366,58545.999,58671.481,58674.634,58045.001,58552.532,6.533,482.78
2026-04-16,58548.417,59688.519,58535.999,59283.519,58555.583,59695.001,58542.634,59290.685,7.166,532.24
2026-04-17,59266.366,60000.468,58510.315,59713.519,59273.685,60007.001,58517.583,59720.481,6.962,497.62
2026-04-20,58890.366,59338.315,58595.468,59005.417,58897.532,59345.685,58602.001,59012.583,7.166,609.3
2026-04-21,59075.315,59608.999,58242.315,59039.468,59082.532,59615.685,58249.001,59046.481,7.013,710.93
2026-04-22,59042.366,59974.366,59002.366,59914.417,59049.532,59981.685,59009.481,59921.532,7.115,527.7
2026-04-23,59912.468,60189.468,58282.315,59370.519,59919.532,60196.685,58289.583,59377.634,7.115,921.59
2026-04-24,59437.417,60093.417,59247.366,59963.417,59444.481,60100.583,59254.001,59970.685,7.268,689.56
2026-04-27,60135.999,60901.315,59620.315,60319.417,60142.481,60908.685,59627.583,60326.532,7.115,684.68
2026-04-28,60369.417,60444.999,58838.315,59268.417,60376.532,60451.481,58845.583,59275.583,7.166,868.58
2026-04-29,59266.999,59468.366,58558.315,59156.468,59273.001,59475.583,58565.001,59163.481,7.013,715.46
2026-04-30,59173.315,59853.519,58796.468,59643.417,59180.685,59860.583,58803.583,59650.583,7.166,797.88
2026-05-01,59663.468,59708.999,59048.366,59328.999,59670.685,59715.634,59055.001,59335.481,6.482,362.02
2026-05-04,59426.315,59991.519,59086.999,59333.468,59433.685,59998.532,59093.481,59340.481,7.013,756.58
2026-05-05,59346.417,61211.366,59271.468,60978.519,59353.532,61218.481,59278.532,60985.583,7.064,461.55
2026-05-06,60983.519,62316.999,60943.315,61851.417,60990.583,62323.685,60950.001,61858.583,7.166,765.88
2026-05-07,61843.417,63214.417,61778.417,62299.999,61850.634,63221.685,61785.001,62306.481,6.482,1032.78
2026-05-08,62354.999,63657.468,62075.999,63597.417,62361.532,63664.583,62082.583,63604.583,7.166,782.52
2026-05-11,63430.315,63465.417,62297.417,62815.417,63437.481,63472.481,62304.001,62822.001,6.584,752.46
2026-05-12,62885.999,63215.519,61743.366,62260.417,62892.634,63222.634,61750.001,62267.001,6.584,1159.82
2026-05-13,62258.999,63699.999,62235.999,63651.315,62265.583,63706.532,62242.481,63658.685,7.37,783.43
2026-05-14,63674.999,63806.999,62496.315,62936.519,63681.532,63813.634,62503.685,62943.001,6.482,812.69
2026-05-15,62946.468,63231.468,60926.999,61619.315,62953.532,63238.685,60933.001,61626.532,7.217,1194.67
2026-05-18,61639.366,61776.366,60339.417,61261.315,61646.481,61783.583,60346.001,61268.685,7.37,1377.0
2026-05-19,61279.519,61466.417,59902.315,60429.468,61286.634,61473.685,59909.532,60436.001,6.533,1427.55
2026-05-20,60454.519,61504.519,59279.999,61324.999,60461.001,61511.001,59286.634,61331.532,6.533,1148.69
2026-05-21,61294.366,62384.417,60989.999,62362.468,61301.634,62391.001,60996.001,62369.532,7.064,1038.23
2026-05-22,62394.519,63771.519,62302.417,63328.417,62401.634,63778.532,62309.532,63335.481,7.064,763.99
2026-05-25,63998.468,65627.468,63793.519,65332.468,64005.532,65634.685,63800.532,65339.001,6.533,483.31
2026-05-26,65322.315,66219.999,64594.366,66219.999,65329.532,66226.583,64601.001,66226.583,6.584,814.53
2026-05-27,66224.417,66472.468,64606.999,64631.519,66231.481,66479.583,64613.685,64638.583,7.064,904.49
2026-05-28,64579.366,65886.468,63866.417,65751.417,64586.685,65893.001,63873.685,65758.001,6.584,1037.44
2026-05-29,65744.366,66624.519,65566.315,66234.999,65751.634,66631.583,65573.634,66241.001,6.002,863.18
2026-06-01,66292.315,67599.315,66277.519,67154.999,66299.583,67606.583,66284.685,67161.634,6.635,961.52
2026-06-02,67162.417,67747.366,65557.315,67720.366,67169.634,67754.583,65564.001,67727.685,7.319,1078.93
2026-06-03,67725.315,68777.519,67157.417,67617.468,67732.685,68784.685,67164.532,67624.001,6.533,1052.48
2026-06-04,67620.468,67890.417,66913.315,66981.417,67627.634,67897.685,66920.001,66988.481,7.064,1294.18
2026-06-05,66983.468,67162.366,63496.315,63506.519,66990.532,67169.001,63505.532,63515.532,9.013,1517.92
2026-06-08,63807.468,65897.468,63400.468,65152.468,63814.685,65904.583,63407.481,65159.685,7.217,2002.46
2026-06-09,65122.366,66106.519,63106.366,64466.999,65129.634,66113.685,63113.583,64473.532,6.533,2164.25
2026-06-10,64571.519,65089.999,62484.468,62619.366,64578.685,65096.685,62491.583,62626.532,7.166,2482.43
2026-06-11,62621.417,66978.519,62339.315,66798.417,62628.481,66985.532,62346.532,66805.481,7.064,2198.65
2026-06-12,66801.315,67400.999,65837.417,67170.417,66808.685,67407.532,65844.481,67177.532,7.115,1843.44
2026-06-15,68442.999,69757.519,68390.999,69422.519,68449.481,69764.634,68397.481,69429.634,7.115,1392.84
2026-06-16,69425.519,70010.417,68740.519,68767.519,69432.685,70017.001,68747.634,68774.685,7.166,1393.46
2026-06-17,68770.417,70879.999,68760.519,70469.366,68777.532,70886.532,68767.583,70476.583,7.217,1482.28
2026-06-18,70509.366,72203.519,70294.366,72140.315,70516.583,72210.634,70301.481,72147.634,7.319,1724.45
2026-06-19,72128.468,72128.468,70548.417,71720.468,72135.583,72135.583,70555.583,71727.634,7.166,1167.07
2026-06-22,71110.366,73515.468,71070.366,72580.468,71117.001,73522.634,71077.634,72587.583,7.115,1443.46
2026-06-23,72540.468,72605.468,68257.315,69577.417,72547.634,72612.481,68264.583,69584.583,7.166,2170.43
2026-06-24,69572.315,71356.315,68448.366,71299.468,69579.001,71363.685,68455.001,71306.685,7.217,2275.54
2026-06-25,71351.519,72599.519,70639.366,70864.519,71358.634,72606.532,70646.481,70871.685,7.166,1930.75
2026-06-26,70874.468,71311.519,68645.315,69545.468,70881.583,71318.583,68652.001,69552.685,7.217,2213.66
2026-06-29,69660.417,70683.519,68018.519,70536.417,69667.634,70690.685,68025.583,70543.685,7.268,1948.06
2026-06-30,70533.519,71235.468,69296.519,71098.315,70540.583,71242.634,69303.532,71105.685,7.37,1493.42
2026-07-01,71103.519,71957.999,69027.519,69135.999,71110.001,71964.634,69034.001,69142.532,6.533,1596.17
2026-07-02,69055.315,69890.999,67450.468,68400.999,69062.583,69897.685,67457.634,68407.685,6.686,2256.72
2026-07-03,68262.519,69867.366,67605.315,69672.999,68269.634,69874.001,67612.001,69679.481,6.482,1073.21
2026-07-06,70002.417,70362.519,68811.366,69579.519,70009.685,70369.685,68818.001,69584.583,5.064,1622.35
2026-07-07,69577.315,69977.519,67182.417,67232.519,69582.634,69982.685,67187.001,67237.685,5.166,1919.17
2026-07-08,67222.417,68430.417,65294.315,67589.417,67227.685,68435.532,65299.001,67594.481,5.064,2379.9
2026-07-09,67634.315,69174.519,67337.366,69067.366,67639.685,69179.583,67342.634,69072.001,4.635,1734.41
2026-07-10,69064.519,69392.315,68337.519,69177.417,69069.685,69397.532,68342.481,69182.481,5.064,1293.82
2026-07-13,68412.519,69082.519,66359.315,66789.315,68417.634,69087.001,66364.685,66794.583,5.268,1815.98
2026-07-14,66807.519,68623.468,66244.315,68276.519,66812.001,68628.001,66249.532,68281.001,4.482,1968.2
2026-07-15,68296.315,68823.519,66998.366,67356.999,68301.583,68828.685,67003.001,67361.532,4.533,1489.57
2026-07-16,67351.366,67728.468,65417.519,65420.468,67356.481,67733.481,65422.001,65425.634,5.166,1917.78
2026-07-17,65380.468,65680.366,62680.468,64943.468,65385.634,65685.481,62685.001,64948.001,4.533,2170.69
2026-07-20,65010.366,65900.468,64548.417,64815.999,65015.001,65905.532,64553.532,64820.481,4.482,1881.05
2026-07-21,64790.315,67472.417,64220.315,67427.417,64795.583,67477.481,64225.532,67432.532,5.115,1641.0
2026-07-22,67422.366,67584.366,65582.468,66579.366,67427.001,67589.532,65587.583,66584.001,4.635,1506.86
