date,bid_open,bid_high,bid_low,bid_close,ask_open,ask_high,ask_low,ask_close,spread_close,volume
2014-01-02,16528.951,16549.973,16423.914,16455.942,16530.065,16551.084,16425.089,16460.134,4.192,8.06
2014-01-03,16455.78,16516.907,16394.67,16453.821,16460.281,16518.011,16399.124,16458.25,4.429,10.7
2014-01-06,16482.608,16535.993,16400.902,16428.698,16487.249,16537.092,16402.015,16433.39,4.692,10.27
2014-01-07,16428.835,16562.976,16426.599,16514.667,16433.264,16564.279,16431.118,16519.303,4.636,9.66
2014-01-08,16514.888,16539.972,16416.806,16449.643,16519.186,16544.283,16417.025,16454.271,4.628,12.58
2014-01-09,16450.706,16527.902,16376.914,16450.911,16455.347,16532.24,16378.011,16455.238,4.327,10.64
2014-01-10,16450.623,16518.947,16379.93,16444.723,16455.24,16523.092,16381.002,16449.382,4.659,1.17
2014-01-13,16440.642,16453.984,16241.907,16277.674,16445.354,16455.087,16242.543,16282.107,4.433,8.23
2014-01-14,16277.651,16373.892,16242.688,16362.77,16282.036,16374.923,16247.175,16367.17,4.4,12.18
2014-01-15,16362.828,16504.303,16348.602,16469.706,16367.053,16506.208,16353.012,16474.161,4.455,10.53
2014-01-16,16469.94,16482.897,16373.887,16384.75,16474.269,16487.35,16375.031,16389.13,4.38,13.54
2014-01-17,16385.721,16494.954,16381.969,16452.905,16390.166,16496.086,16386.066,16457.359,4.454,10.3
2014-01-20,16462.799,16462.896,16424.733,16458.952,16467.003,16467.132,16429.328,16463.378,4.426,0.07
2014-01-21,16458.609,16546.873,16314.914,16373.868,16463.216,16551.388,16316.044,16378.063,4.195,10.62
2014-01-22,16373.82,16436.971,16330.915,16403.828,16378.216,16441.082,16332.08,16408.382,4.554,0.28
2014-01-23,16402.989,16402.996,16137.901,16203.837,16407.051,16407.401,16139.011,16208.317,4.48,0.37
2014-01-24,16202.792,16237.838,15853.633,15856.8,16207.284,16242.136,15858.086,15861.226,4.426,0.45
2014-01-27,15804.23,15942.751,15803.627,15837.857,15804.285,15942.794,15803.675,15837.903,0.046,104.54
2014-01-28,15837.856,15945.873,15837.856,15928.547,15837.906,15945.905,15837.906,15928.579,0.032,187.46
2014-01-29,15928.532,15928.532,15715.271,15738.766,15928.59,15928.59,15715.32,15738.805,0.039,217.48
2014-01-30,15738.773,15907.505,15734.981,15848.59,15738.808,15907.554,15735.03,15848.636,0.046,205.7
2014-01-31,15848.584,15848.584,15617.524,15698.831,15848.64,15848.64,15617.564,15698.878,0.047,215.62
2014-02-03,15698.821,15708.524,15356.146,15372.778,15698.865,15708.562,15356.19,15372.828,0.05,204.1
2014-02-04,15372.783,15481.836,15356.597,15445.211,15372.819,15481.866,15356.635,15445.271,0.06,185.68
2014-02-05,15445.225,15478.189,15340.67,15440.208,15445.26,15478.238,15340.706,15440.247,0.039,216.02
2014-02-07,15560.769,15802.34,15552.914,15799.718,15565.205,15806.799,15557.219,15804.061,4.343,25.37
2014-02-10,15792.215,15803.989,15730.913,15796.663,15796.644,15808.049,15732.009,15801.063,4.4,0.52
2014-02-11,15797.149,16028.947,15792.116,15954.12,15801.564,16030.099,15796.669,15958.803,4.683,0.54
2014-02-12,15954.423,16037.993,15927.935,15961.461,15958.527,16039.072,15929.04,15965.665,4.204,0.52
2014-02-13,15960.973,16039.972,15849.164,16002.22,15965.171,16041.094,15853.604,16006.512,4.292,0.56
2014-02-14,16003.417,16177.984,15938.25,16153.689,16007.791,16179.103,15942.868,16158.393,4.704,0.52
2014-02-17,16154.963,16216.788,16128.601,16177.875,16159.361,16221.355,16133.266,16182.355,4.48,0.13
2014-02-18,16178.79,16203.928,16106.405,16109.342,16183.349,16208.273,16107.542,16113.81,4.468,0.45
2014-02-19,16110.176,16225.963,16028.971,16049.486,16114.642,16227.086,16030.065,16053.785,4.299,0.56
2014-02-20,16049.516,16159.483,15970.748,16123.92,16053.773,16160.544,15975.159,16128.021,4.101,0.59
2014-02-21,16124.468,16191.427,16094.9,16109.821,16128.888,16192.533,16096.038,16114.052,4.231,0.55
2014-02-24,16114.293,16300.991,16061.735,16205.886,16118.645,16302.018,16066.185,16210.352,4.466,0.48
2014-02-25,16205.921,16256.468,16142.923,16211.15,16210.221,16257.554,16144.029,16215.798,4.648,0.51
2014-02-26,16211.188,16259.975,16153.952,16199.247,16215.749,16264.279,16155.059,16203.503,4.256,66.87
2014-02-27,16199.042,16298.445,16112.675,16274.207,16203.371,16302.897,16116.851,16278.673,4.466,96.7
2014-02-28,16274.26,16400.988,16224.899,16338.652,16278.888,16402.018,16226.011,16343.288,4.636,85.38
2014-03-03,16200.911,16233.456,16069.906,16170.904,16205.32,16237.808,16071.054,16175.297,4.393,78.05
2014-03-04,16170.18,16418.996,16166.216,16377.92,16174.689,16419.56,16170.653,16382.212,4.292,96.25
2014-03-05,16377.867,16413.284,16342.949,16365.325,16382.254,16417.836,16344.028,16369.567,4.242,0.48
2014-03-06,16365.297,16448.996,16357.103,16430.728,16369.87,16450.097,16361.674,16435.35,4.622,0.48
2014-03-07,16430.741,16512.922,16407.44,16446.908,16435.234,16517.383,16408.588,16451.377,4.469,9.53
2014-03-10,16422.743,16465.614,16332.898,16405.676,16427.369,16470.022,16334.052,16410.064,4.388,10.38
2014-03-11,16406.757,16460.734,16310.37,16322.154,16411.269,16461.836,16314.616,16326.897,4.743,44.85
2014-03-12,16321.604,16365.985,16254.935,16354.642,16326.239,16367.085,16256.076,16359.146,4.504,44.26
2014-03-13,16354.352,16406.634,16090.915,16122.218,16358.547,16409.062,16092.061,16126.784,4.566,15.25
2014-03-14,16123.408,16165.926,16043.974,16057.216,16127.767,16167.649,16045.099,16061.664,4.448,36.23
2014-03-17,16029.116,16272.968,16024.405,16238.427,16033.67,16274.057,16028.523,16242.825,4.398,1.05
2014-03-18,16238.489,16370.913,16195.621,16338.413,16242.64,16372.09,16200.087,16342.52,4.107,3.18
2014-03-19,16338.336,16361.904,16118.944,16219.898,16342.504,16363.028,16120.036,16224.289,4.391,45.59
2014-03-20,16219.835,16349.94,16145.111,16323.375,16224.021,16351.889,16149.666,16327.58,4.205,6.45
2014-03-21,16323.216,16456.423,16287.833,16306.645,16327.869,16456.473,16289.093,16311.289,4.644,46.14
2014-03-24,16297.622,16379.146,16212.899,16294.286,16302.343,16380.057,16214.017,16298.526,4.24,7.19
2014-03-25,16293.159,16406.959,16268.826,16396.901,16297.576,16408.079,16273.345,16401.198,4.297,24.18
2014-03-26,16396.406,16467.995,16247.858,16278.475,16400.823,16469.051,16252.075,16282.516,4.041,28.68
2014-03-27,16278.236,16304.805,16189.929,16266.948,16282.777,16309.384,16191.04,16271.152,4.204,0.61
2014-03-28,16266.677,16418.951,16257.617,16313.993,16271.092,16420.052,16262.151,16318.088,4.095,33.85
2014-03-31,16374.37,16479.963,16356.116,16448.806,16378.697,16481.1,16360.521,16453.394,4.588,0.45
2014-04-01,16447.733,16565.951,16435.617,16522.929,16452.177,16567.099,16440.279,16527.4,4.471,85.46
2014-04-02,16522.46,16586.971,16506.955,16555.479,16526.754,16588.055,16508.034,16559.677,4.198,0.43
2014-04-03,16555.364,16606.955,16527.939,16587.767,16559.597,16608.094,16529.032,16592.18,4.413,0.48
2014-04-04,16587.789,16649.225,16388.901,16442.729,16592.044,16653.598,16390.046,16447.355,4.626,63.27
2014-04-07,16414.098,16429.916,16243.949,16270.478,16418.67,16434.385,16245.004,16274.805,4.327,59.23
2014-04-08,16270.193,16295.98,16177.811,16256.761,16274.709,16297.088,16180.094,16261.204,4.443,26.93
2014-04-09,16256.844,16450.453,16243.602,16447.492,16261.16,16454.905,16248.007,16451.751,4.259,71.94
2014-04-10,16447.13,16456.098,16150.953,16186.757,16451.657,16459.706,16152.05,16191.282,4.525,8.29
2014-04-11,16185.624,16218.688,16013.926,16047.142,16190.225,16223.121,16015.033,16051.884,4.742,6.5
2014-04-14,16011.847,16187.928,16007.393,16172.285,16016.232,16189.072,16011.794,16176.901,4.616,11.86
2014-04-15,16171.699,16322.697,16063.428,16296.438,16176.3,16327.381,16064.527,16300.721,4.283,0.76
2014-04-16,16296.449,16426.455,16293.223,16363.236,16300.618,16430.803,16297.641,16367.88,4.644,0.61
2014-04-17,16363.721,16454.419,16348.938,16405.192,16368.117,16455.559,16353.07,16409.818,4.626,0.48
2014-04-21,16444.445,16460.924,16404.928,16438.41,16448.903,16462.096,16406.079,16442.546,4.136,0.21
2014-04-22,16438.966,16567.907,16409.388,16524.695,16443.39,16569.038,16413.606,16529.213,4.518,0.46
2014-04-23,16524.836,16568.386,16477.253,16551.889,16529.199,16572.641,16477.467,16556.012,4.123,95.47
2014-04-24,16551.644,16576.217,16450.461,16465.27,16556.259,16580.836,16451.586,16469.746,4.476,0.55
2014-04-25,16464.266,16478.177,16330.929,16388.471,16468.615,16482.603,16332.043,16392.707,4.236,0.59
2014-04-28,16385.982,16501.967,16309.974,16473.393,16390.178,16503.076,16311.051,16477.708,4.315,0.65
2014-04-29,16473.46,16560.926,16468.15,16523.444,16477.649,16562.038,16472.518,16527.675,4.231,0.55
2014-04-30,16522.993,16593.941,16499.112,16586.621,16527.231,16595.028,16503.568,16591.318,4.697,0.5
2014-05-01,16586.875,16605.417,16523.437,16556.929,16591.265,16606.589,16524.518,16561.264,4.335,0.29
2014-05-02,16558.206,16616.992,16485.951,16503.181,16562.564,16618.104,16487.017,16507.585,4.404,0.5
2014-05-05,16511.989,16549.934,16373.903,16522.814,16516.25,16551.028,16375.002,16527.05,4.236,0.4
2014-05-06,16522.351,16552.465,16371.338,16410.785,16526.603,16556.748,16375.804,16415.189,4.404,3.03
2014-05-07,16410.681,16526.301,16359.919,16511.459,16415.318,16530.862,16361.086,16515.641,4.182,0.64
2014-05-08,16510.653,16622.925,16491.192,16535.188,16515.121,16624.056,16495.669,16539.761,4.573,15.13
2014-05-09,16535.808,16588.502,16499.903,16577.721,16540.266,16588.547,16501.016,16582.272,4.551,53.48
2014-05-12,16590.337,16711.419,16586.179,16708.789,16594.896,16715.824,16590.73,16713.372,4.583,4.82
2014-05-13,16708.857,16734.949,16699.104,16708.137,16713.307,16738.875,16703.631,16712.714,4.577,0.54
2014-05-14,16708.104,16728.818,16592.899,16609.073,16712.574,16733.322,16594.012,16613.302,4.229,18.23
2014-05-15,16609.425,16645.652,16394.908,16449.41,16613.756,16650.065,16396.009,16453.611,4.201,71.48
2014-05-16,16449.438,16500.993,16404.455,16490.419,16453.808,16502.103,16408.839,16494.68,4.261,0.56
2014-05-19,16499.924,16526.953,16416.138,16501.945,16504.096,16528.076,16420.52,16506.013,4.068,19.65
2014-05-20,16501.808,16532.336,16341.408,16356.25,16506.387,16536.55,16341.45,16360.901,4.651,53.95
2014-05-21,16355.774,16544.442,16351.792,16519.118,16360.296,16545.565,16356.241,16523.773,4.655,13.49
2014-05-22,16519.288,16576.868,16485.417,16549.216,16523.557,16581.233,16486.578,16553.821,4.605,0.44
2014-05-23,16549.301,16613.958,16540.169,16608.388,16553.532,16615.102,16544.527,16612.783,4.395,0.36
2014-05-26,16619.467,16669.911,16608.103,16645.685,16623.836,16673.039,16612.514,16650.358,4.673,0.06
2014-05-27,16647.26,16685.985,16638.101,16671.638,16651.62,16689.742,16641.549,16676.03,4.392,0.44
2014-05-28,16671.256,16706.636,16618.927,16637.303,16675.9,16711.191,16620.005,16641.659,4.356,0.49
2014-05-29,16637.105,16694.972,16620.4,16681.424,16641.558,16699.291,16620.825,16685.701,4.277,41.58
2014-05-30,16680.822,16719.975,16645.957,16704.299,16685.366,16721.644,16647.025,16708.653,4.354,0.45
2014-06-02,16716.498,16756.996,16681.996,16726.498,16720.502,16758.004,16683.002,16730.502,4.004,0.44
2014-06-03,16725.496,16735.998,16686.496,16718.998,16729.504,16739.004,16690.502,16723.002,4.004,13.37
2014-06-04,16718.954,16741.988,16672.929,16727.92,16723.405,16743.03,16674.012,16732.229,4.309,0.39
2014-06-05,16727.788,16845.981,16703.949,16831.823,16732.352,16847.09,16705.014,16836.084,4.261,0.51
2014-06-06,16830.853,16941.431,16827.155,16939.423,16835.084,16945.526,16831.552,16943.634,4.211,85.27
2014-06-09,16933.457,16968.997,16915.147,16933.238,16937.821,16970.084,16917.011,16937.775,4.537,0.36
2014-06-10,16933.716,16957.385,16896.904,16936.983,16938.368,16961.737,16898.008,16941.208,4.225,0.4
2014-06-11,16936.63,16945.485,16821.958,16854.466,16941.404,16949.88,16823.005,16858.597,4.131,0.43
2014-06-12,16854.24,16878.495,16701.952,16725.16,16858.875,16882.868,16703.077,16729.551,4.391,0.48
2014-06-13,16726.338,16788.934,16707.294,16766.804,16730.678,16790.027,16711.689,16771.398,4.594,0.35
2014-06-16,16726.43,16803.963,16694.815,16775.616,16730.775,16805.04,16699.026,16780.115,4.499,0.38
2014-06-17,16775.851,16828.838,16723.235,16796.209,16780.182,16833.298,16727.05,16800.748,4.539,0.47
2014-06-18,16795.749,16908.952,16731.987,16885.124,16800.035,16910.071,16733.076,16889.866,4.742,0.46
2014-06-19,16885.677,16920.427,16855.951,16898.224,16890.063,16921.575,16857.026,16902.821,4.597,0.43
2014-06-20,16898.126,16977.957,16892.105,16942.132,16902.556,16979.102,16896.508,16946.899,4.767,0.44
2014-06-23,16942.744,16992.146,16892.468,16913.226,16947.111,16996.745,16893.518,16917.632,4.406,0.49
2014-06-24,16913.22,16968.971,16801.918,16824.709,16917.892,16970.102,16803.004,16829.199,4.49,0.52
2014-06-25,16825.441,16886.972,16782.136,16858.153,16829.782,16888.028,16786.565,16862.769,4.616,0.6
2014-06-26,16858.127,16881.108,16742.903,16846.845,16862.6,16885.812,16744.008,16851.154,4.309,0.58
2014-06-27,16846.698,16863.452,16773.813,16835.835,16851.369,16864.583,16773.858,16840.109,4.274,83.48
2014-06-30,16847.661,16869.994,16798.944,16837.176,16852.077,16871.039,16800.104,16841.533,4.357,0.5
2014-07-01,16836.734,16998.994,16832.326,16959.755,16841.369,17000.09,16836.653,16964.082,4.327,0.52
2014-07-02,16959.973,16984.983,16951.933,16967.862,16964.302,16986.081,16953.004,16972.257,4.395,0.46
2014-07-03,16968.277,17074.623,16963.114,17055.471,16972.693,17074.676,16967.526,17059.763,4.292,5.95
2014-07-04,17053.21,17055.926,17042.119,17051.427,17057.757,17059.895,17045.002,17052.548,1.121,0.06
2014-07-07,17053.906,17056.483,16989.919,17012.679,17058.079,17060.655,16991.053,17017.391,4.712,0.5
2014-07-08,17012.703,17023.477,16871.922,16924.896,17017.29,17027.511,16873.034,16929.139,4.243,23.59
2014-07-09,16925.301,16999.921,16912.334,16980.278,16929.575,17001.085,16913.459,16984.683,4.405,5.05
2014-07-10,16980.295,16984.496,16794.956,16910.155,16984.9,16988.899,16796.038,16914.625,4.47,0.64
2014-07-11,16910.91,16964.24,16859.906,16954.785,16915.007,16968.652,16861.029,16959.167,4.382,10.55
2014-07-14,16963.962,17089.914,16962.276,17053.636,16968.399,17091.028,16966.805,17058.364,4.728,2.52
2014-07-15,17053.188,17116.982,17005.896,17069.978,17057.653,17118.067,17007.005,17074.273,4.295,19.34
2014-07-16,17069.686,17137.927,17059.125,17111.312,17074.34,17139.088,17063.55,17115.518,4.206,0.51
2014-07-17,17111.452,17150.952,16902.2,16954.463,17115.537,17152.068,16906.637,16958.771,4.308,1.22
2014-07-18,16953.663,17113.474,16950.196,17093.298,16958.029,17114.573,16954.594,17097.785,4.487,0.61
2014-07-21,17091.446,17091.496,16971.907,17044.712,17095.663,17095.848,16973.092,17049.376,4.664,0.53
2014-07-22,17046.388,17133.987,17041.652,17090.842,17050.869,17135.102,17046.132,17095.02,4.178,0.73
2014-07-23,17090.784,17129.474,17055.951,17090.348,17095.335,17133.876,17057.047,17094.633,4.285,14.27
2014-07-24,17090.223,17128.494,17027.177,17052.471,17094.776,17132.545,17031.679,17056.572,4.101,0.77
2014-07-25,17051.802,17067.447,16911.481,16953.793,17056.213,17071.812,16912.594,16958.042,4.249,31.31
2014-07-28,16928.274,17003.984,16874.896,16984.31,16932.619,17005.083,16876.021,16988.526,4.216,0.54
2014-07-29,16984.34,17058.932,16903.206,16922.142,16988.78,17060.032,16907.603,16926.586,4.444,0.52
2014-07-30,16922.147,16988.457,16814.427,16872.189,16926.51,16991.152,16815.572,16876.871,4.682,9.83
2014-07-31,16871.943,16878.312,16563.612,16563.612,16876.11,16882.661,16563.652,16563.652,0.04,122.91
2014-08-01,16519.682,16584.496,16434.425,16478.723,16524.081,16585.576,16435.512,16483.293,4.57,0.47
2014-08-04,16501.734,16590.986,16442.467,16547.352,16506.388,16592.093,16443.508,16551.817,4.465,0.52
2014-08-05,16548.228,16560.553,16363.942,16424.4,16552.672,16564.986,16365.067,16428.572,4.172,0.6
2014-08-06,16424.436,16492.943,16323.217,16452.116,16428.687,16494.052,16327.687,16456.896,4.78,0.57
2014-08-07,16452.437,16508.307,16332.419,16377.824,16456.627,16512.819,16333.513,16382.172,4.348,0.64
2014-08-08,16380.616,16553.471,16261.183,16532.353,16385.136,16554.579,16265.644,16536.894,4.541,0.62
2014-08-11,16561.233,16627.966,16535.445,16575.306,16565.98,16629.094,16539.94,16579.793,4.487,0.4
2014-08-12,16575.1,16606.356,16514.993,16569.37,16579.84,16610.515,16516.068,16573.686,4.316,0.47
2014-08-13,16569.288,16672.346,16559.371,16653.232,16573.759,16676.884,16563.748,16657.641,4.409,0.42
2014-08-14,16652.97,16726.766,16637.221,16705.315,16657.363,16731.381,16641.634,16709.872,4.557,0.41
2014-08-15,16705.672,16774.901,16569.963,16666.485,16710.325,16776.046,16571.035,16670.505,4.02,0.52
2014-08-18,16716.836,16849.34,16699.202,16843.988,16721.345,16853.81,16703.588,16848.257,4.269,0.33
2014-08-19,16844.123,16928.975,16843.162,16901.871,16848.599,16930.082,16847.579,16906.176,4.305,0.28
2014-08-20,16902.611,16995.497,16878.63,16987.284,16907.34,16996.576,16883.019,16991.502,4.218,0.33
2014-08-21,16986.272,17075.945,16963.256,17040.922,16990.501,17077.097,16967.66,17045.313,4.391,0.32
2014-08-22,17041.365,17063.502,16980.472,17020.372,17045.684,17065.659,16982.662,17024.687,4.315,1.06
2014-08-25,17025.769,17120.775,17020.65,17076.146,17030.069,17122.921,17025.297,17080.539,4.393,0.75
2014-08-26,17077.436,17151.994,17055.536,17115.401,17081.761,17152.876,17057.765,17119.644,4.243,0.8
2014-08-27,17114.966,17133.992,17087.187,17102.417,17119.272,17135.162,17090.985,17107.161,4.744,0.6
2014-08-28,17103.56,17112.963,17016.15,17100.41,17107.999,17117.258,17018.325,17104.657,4.247,4.33
2014-08-29,17100.832,17142.974,17030.786,17077.705,17105.386,17146.159,17033.048,17082.201,4.496,18.81
2014-09-01,17090.884,17109.796,17061.619,17090.878,17095.21,17114.415,17066.374,17095.376,4.498,3.69
2014-09-02,17091.443,17144.0,17008.96,17067.36,17095.679,17148.786,17010.063,17076.206,8.846,9.03
2014-09-03,17060.302,17169.957,17055.489,17071.928,17064.656,17174.32,17058.759,17074.033,2.105,13.65
2014-09-04,17071.826,17163.016,17027.935,17102.078,17074.615,17164.079,17028.963,17105.481,3.403,18.32
2014-09-05,17092.16,17136.526,17005.954,17135.427,17096.738,17140.763,17009.041,17139.613,4.186,20.0
2014-09-08,17127.004,17137.719,17077.863,17105.826,17127.965,17142.604,17079.263,17108.63,2.804,23.82
2014-09-09,17105.848,17129.963,16992.91,17014.963,17108.096,17131.573,16994.02,17019.428,4.465,21.88
2014-09-10,17016.093,17079.93,16970.904,17053.302,17020.392,17081.002,16972.016,17057.864,4.562,11.34
2014-09-11,17051.655,17065.24,16971.195,17044.789,17056.31,17069.748,16975.508,17049.056,4.267,12.02
2014-09-12,17043.645,17054.272,16936.424,16984.979,17048.114,17058.676,16937.566,16989.26,4.281,9.39
2014-09-15,16932.978,17051.98,16930.197,17034.92,16937.322,17053.07,16934.519,17039.378,4.458,10.93
2014-09-16,17034.499,17165.928,16973.356,17138.108,17038.858,17167.175,16977.914,17142.729,4.621,10.01
2014-09-17,17138.671,17218.892,17090.487,17159.85,17143.1,17220.063,17091.618,17161.589,1.739,17.88
2014-09-18,17159.878,17312.423,17153.566,17296.073,17162.171,17316.907,17156.531,17300.769,4.696,14.52
2014-09-19,17297.075,17361.106,17255.861,17276.089,17301.78,17365.828,17257.152,17280.834,4.745,40.97
2014-09-22,17289.918,17291.943,17150.397,17171.801,17293.747,17296.474,17154.58,17173.52,1.719,29.52
2014-09-23,17171.891,17193.986,17009.18,17047.736,17174.097,17195.801,17013.961,17050.746,3.01,29.75
2014-09-24,17048.844,17231.864,17035.747,17219.657,17050.619,17236.428,17040.258,17224.428,4.771,18.25
2014-09-25,17219.63,17231.727,16943.928,17008.921,17224.205,17236.419,16945.022,17011.124,2.203,16.62
2014-09-26,17009.845,17151.686,16962.34,17115.187,17011.056,17156.278,16966.107,17119.904,4.717,30.41
2014-09-29,17084.863,17117.86,16929.939,17061.807,17087.744,17119.604,16931.257,17065.725,3.918,52.48
2014-09-30,17061.49,17145.922,17007.631,17019.752,17064.032,17148.532,17011.524,17023.178,3.426,60.3
2014-10-01,17018.766,17065.972,16771.913,16819.78,17023.391,17068.58,16773.09,16823.112,3.332,32.16
2014-10-02,16818.962,16855.221,16667.742,16815.99,16823.251,16856.768,16672.271,16816.268,0.278,73.49
2014-10-03,16815.932,17028.651,16812.726,17004.168,16817.095,17030.097,16815.262,17008.66,4.492,26.39
2014-10-06,17024.697,17101.197,16927.985,16967.369,17029.383,17102.403,16929.024,16970.101,2.732,4.98
2014-10-07,16967.956,16984.476,16695.923,16726.025,16970.021,16987.821,16698.104,16728.788,2.763,1.51
2014-10-08,16727.99,17004.897,16658.71,16966.972,16728.64,17012.554,16660.088,16967.514,0.542,22.93
2014-10-09,16963.575,17026.966,16606.836,16629.69,16967.137,17029.967,16610.083,16632.015,2.325,28.21
2014-10-10,16631.976,16757.966,16504.12,16508.785,16632.515,16759.365,16508.619,16513.151,4.366,23.7
2014-10-13,16455.816,16603.881,16295.772,16356.934,16460.222,16608.452,16300.215,16361.263,4.329,18.5
2014-10-14,16355.859,16463.483,16275.432,16392.929,16360.152,16464.587,16277.15,16397.051,4.122,9.71
2014-10-15,16392.33,16400.886,15848.903,16089.652,16396.66,16405.289,15852.574,16093.689,4.037,12.78
2014-10-16,16090.825,16212.983,15861.65,16139.141,16093.614,16216.223,15866.153,16143.844,4.703,18.54
2014-10-17,16139.619,16423.991,16094.398,16395.354,16144.203,16425.083,16098.757,16399.828,4.474,7.05
2014-10-20,16467.864,16477.496,16242.663,16390.829,16471.522,16480.395,16246.075,16393.144,2.315,3.63
2014-10-21,16391.354,16635.995,16286.832,16607.892,16393.082,16640.321,16289.032,16609.519,1.627,2.7
2014-10-22,16605.921,16672.991,16458.433,16511.897,16609.663,16675.265,16460.078,16513.543,1.646,15.1
2014-10-23,16510.76,16767.97,16479.383,16696.668,16513.658,16772.474,16481.534,16700.507,3.839,15.43
2014-10-24,16696.922,16814.465,16588.745,16814.371,16700.252,16818.89,16592.079,16818.89,4.519,11.01
2014-10-27,16839.957,16870.967,16726.643,16835.65,16843.195,16874.269,16731.102,16840.267,4.617,2.24
2014-10-28,16835.222,17012.369,16827.043,16986.87,16839.845,17018.488,16832.758,16991.216,4.346,0.76
2014-10-29,16986.215,17065.985,16893.856,16977.946,16990.813,17069.531,16899.044,16984.14,6.194,1.09
2014-10-30,16977.714,17224.948,16902.861,17193.083,16983.144,17229.363,16909.396,17198.001,4.918,1.86
2014-10-31,17193.682,17426.876,17176.563,17364.297,17198.171,17431.417,17181.03,17368.51,4.213,4.29
2014-11-03,17377.79,17412.437,17336.794,17338.7,17382.148,17418.541,17342.522,17346.699,7.999,9.59
2014-11-04,17338.418,17398.952,17278.61,17354.886,17346.061,17405.204,17285.169,17359.174,4.288,15.22
2014-11-05,17356.367,17488.992,17352.452,17461.813,17360.566,17491.435,17356.724,17466.296,4.483,4.01
2014-11-06,17463.218,17566.914,17422.495,17555.85,17467.547,17571.365,17426.505,17561.368,5.518,7.46
2014-11-07,17554.432,17601.282,17489.508,17560.118,17558.807,17603.864,17490.604,17564.549,4.431,12.65
2014-11-10,17563.952,17623.977,17525.245,17592.549,17564.509,17628.256,17528.012,17595.031,2.482,9.73
2014-11-11,17592.501,17658.586,17586.614,17599.686,17594.919,17663.046,17591.011,17604.236,4.55,9.02
2014-11-12,17611.862,17626.87,17526.701,17602.767,17616.385,17631.259,17531.012,17607.163,4.396,7.49
2014-11-13,17602.748,17704.955,17586.63,17648.817,17607.005,17709.342,17591.061,17653.154,4.337,10.99
2014-11-14,17649.682,17675.87,17612.829,17644.389,17654.063,17680.358,17618.359,17648.75,4.361,10.83
2014-11-17,17619.425,17677.991,17544.939,17645.753,17627.035,17682.354,17550.338,17653.261,7.508,14.33
2014-11-18,17645.839,17734.864,17634.641,17678.929,17653.036,17739.346,17639.001,17683.251,4.322,10.39
2014-11-19,17679.625,17712.858,17621.941,17686.713,17684.025,17717.181,17623.284,17691.315,4.602,8.89
2014-11-20,17686.65,17730.965,17589.605,17711.342,17691.35,17735.187,17594.022,17718.587,7.245,9.86
2014-11-21,17712.877,17894.942,17701.095,17802.96,17718.149,17900.479,17707.231,17807.312,4.352,16.23
2014-11-24,17811.92,17856.972,17790.257,17821.915,17816.387,17861.397,17796.003,17823.055,1.14,8.69
2014-11-25,17820.935,17859.922,17788.454,17837.762,17823.0,17864.771,17794.034,17842.031,4.269,12.9
2014-11-26,17838.705,17872.78,17790.631,17830.809,17843.262,17877.357,17792.007,17833.056,2.247,1.9
2014-11-27,17830.754,17858.946,17803.186,17828.955,17834.249,17860.008,17806.032,17831.055,2.1,0.37
2014-11-28,17829.988,17892.624,17774.777,17821.965,17831.017,17897.179,17779.273,17823.025,1.06,6.82
2014-12-01,17765.804,17823.933,17716.612,17770.449,17770.114,17828.52,17721.054,17779.152,8.703,16.27
2014-12-02,17769.946,17898.657,17766.833,17875.903,17780.722,17903.225,17775.209,17880.189,4.286,13.14
2014-12-03,17875.165,17924.945,17844.149,17904.652,17879.524,17928.349,17852.178,17909.076,4.424,8.93
2014-12-04,17905.744,17938.96,17809.237,17899.373,17910.175,17940.27,17813.318,17902.154,2.781,7.24
2014-12-05,17898.851,17990.984,17891.692,17964.294,17902.293,17992.025,17895.065,17968.629,4.335,2.91
2014-12-08,17959.971,17971.985,17801.807,17873.843,17960.513,17974.598,17806.147,17878.306,4.463,8.65
2014-12-09,17873.982,17880.986,17631.685,17791.381,17878.181,17885.327,17636.14,17798.232,6.851,14.01
2014-12-10,17791.305,17814.971,17507.742,17533.857,17798.443,17819.099,17512.015,17536.117,2.26,12.96
2014-12-11,17533.957,17758.987,17509.826,17550.704,17538.156,17763.307,17514.03,17555.174,4.47,7.72
2014-12-12,17552.705,17566.795,17245.799,17258.158,17557.236,17571.301,17248.058,17262.775,4.617,18.96
2014-12-15,17245.92,17402.835,17111.739,17220.937,17247.073,17407.175,17114.002,17225.163,4.226,10.09
2014-12-16,17221.201,17423.793,17033.764,17097.664,17225.707,17428.371,17038.136,17105.427,7.763,16.79
2014-12-17,17099.849,17380.919,17074.948,17342.906,17104.125,17385.193,17079.032,17347.301,4.395,11.83
2014-12-18,17343.159,17803.474,17326.641,17780.944,17347.255,17806.489,17330.099,17782.049,1.105,10.51
2014-12-19,17779.888,17904.801,17747.657,17786.893,17782.049,17911.547,17752.038,17791.163,4.27,7.65
2014-12-22,17807.9,17970.853,17789.036,17940.599,17809.561,17975.346,17790.527,17941.586,0.987,10.46
2014-12-23,17939.784,18056.994,17932.893,18026.284,17941.029,18061.348,17935.099,18029.123,2.839,9.48
2014-12-24,18025.856,18080.946,18019.803,18029.498,18029.127,18082.029,18024.169,18030.584,1.086,0.55
2014-12-26,18070.882,18098.926,18043.954,18071.611,18075.026,18103.349,18048.238,18076.366,4.755,0.93
2014-12-29,18066.296,18086.5,17988.433,18046.875,18069.088,18089.843,17997.067,18051.249,4.374,6.09
2014-12-30,18047.744,18060.979,17944.744,18011.988,18052.31,18066.458,17949.35,18015.002,3.014,4.17
2014-12-31,18012.5,18047.478,17925.812,17947.877,18015.216,18051.277,17928.004,17952.334,4.457,0.56
2015-01-02,17887.292,17949.493,17718.829,17801.324,17891.543,17953.373,17723.317,17805.565,4.241,6.98
2015-01-05,17749.718,17813.995,17459.798,17561.267,17754.891,17818.839,17464.012,17565.527,4.26,13.19
2015-01-06,17558.379,17574.405,17248.81,17380.802,17565.749,17577.136,17253.03,17383.04,2.238,12.14
2015-01-07,17381.931,17609.954,17380.973,17598.738,17383.023,17613.362,17383.023,17602.109,3.371,9.52
2015-01-08,17598.911,17916.957,17592.154,17885.828,17603.325,17921.326,17596.005,17889.283,3.455,6.96
2015-01-09,17886.853,17933.927,17683.862,17716.319,17889.023,17936.192,17688.158,17720.554,4.235,12.19
2015-01-12,17703.731,17822.423,17562.965,17663.322,17710.299,17828.521,17567.04,17667.028,3.706,1.43
2015-01-13,17663.457,17926.824,17487.65,17613.365,17666.214,17929.084,17492.112,17619.228,5.863,2.08
2015-01-14,17613.138,17638.675,17253.714,17461.198,17618.39,17644.583,17258.011,17466.138,4.94,19.15
2015-01-15,17461.366,17604.335,17265.924,17274.255,17464.173,17608.442,17268.014,17278.185,3.93,14.02
2015-01-16,17274.363,17528.998,17197.726,17502.334,17277.043,17531.352,17201.042,17506.744,4.41,4.77
2015-01-19,17481.665,17594.974,17416.562,17474.239,17486.299,17598.124,17420.016,17478.778,4.539,0.46
2015-01-20,17473.96,17601.48,17342.926,17498.265,17478.306,17605.891,17344.041,17502.717,4.452,1.46
2015-01-21,17497.728,17601.401,17392.411,17559.83,17502.316,17602.555,17393.577,17563.204,3.374,0.95
2015-01-22,17560.832,17841.999,17477.557,17800.683,17564.183,17842.132,17479.903,17807.463,6.78,2.58
2015-01-23,17800.576,17859.432,17642.436,17648.465,17806.049,17865.495,17646.581,17652.566,4.101,2.69
2015-01-26,17507.878,17697.951,17504.774,17678.148,17510.16,17700.357,17508.572,17682.6,4.452,5.14
2015-01-27,17678.455,17687.949,17280.739,17444.913,17682.335,17692.314,17286.005,17449.09,4.177,5.3
2015-01-28,17445.623,17553.952,17160.28,17224.156,17450.377,17558.284,17164.759,17228.682,4.526,4.06
2015-01-29,17224.922,17504.483,17133.61,17471.746,17229.062,17508.873,17134.827,17476.045,4.299,5.13
2015-01-30,17473.258,17475.284,17154.052,17175.39,17477.519,17479.863,17155.514,17179.743,4.353,2.32
2015-02-02,17158.297,17384.889,17033.439,17351.148,17162.821,17389.29,17035.487,17355.894,4.746,3.38
2015-02-03,17351.911,17669.824,17286.444,17640.322,17356.297,17674.079,17290.519,17645.067,4.745,2.47
2015-02-04,17639.834,17782.995,17571.736,17574.658,17644.587,17784.071,17576.11,17579.216,4.558,0.95
2015-02-05,17573.38,17889.992,17561.709,17843.403,17577.534,17891.781,17566.303,17846.103,2.7,5.22
2015-02-06,17842.772,17951.812,17762.992,17852.24,17846.171,17956.086,17764.049,17856.709,4.469,1.91
2015-02-09,17777.808,17806.926,17683.62,17757.774,17783.68,17808.106,17685.01,17761.22,3.446,3.37
2015-02-10,17757.988,17888.984,17714.442,17836.179,17762.121,17890.213,17720.028,17840.742,4.563,3.72
2015-02-11,17833.283,17982.383,17754.786,17869.268,17840.945,17984.382,17757.09,17872.163,2.895,4.69
2015-02-12,17869.462,17973.983,17805.64,17946.883,17871.056,17976.373,17810.378,17951.377,4.494,6.46
2015-02-13,17945.674,18035.995,17941.601,18009.889,17950.198,18040.384,17946.046,18014.172,4.283,2.71
2015-02-16,17985.722,18027.7,17919.435,17947.871,17990.098,18029.142,17921.698,17952.26,4.389,1.93
2015-02-17,17946.75,18049.965,17919.731,18036.95,17951.276,18054.375,17924.004,18041.178,4.228,5.53
2015-02-18,18035.952,18052.98,17979.602,18009.618,18040.372,18057.38,17984.018,18014.212,4.594,2.58
2015-02-19,18008.807,18061.941,17919.439,17982.703,18013.028,18067.564,17922.231,17987.252,4.549,3.48
2015-02-20,17983.858,18146.969,17875.232,18129.89,17988.039,18151.35,17877.283,18134.082,4.192,2.08
2015-02-23,18129.957,18129.998,18056.692,18098.809,18134.014,18134.217,18060.604,18103.239,4.43,4.62
2015-02-24,18097.881,18229.32,18097.614,18207.89,18102.299,18231.405,18102.045,18212.095,4.205,5.27
2015-02-25,18206.839,18241.344,18181.992,18196.792,18211.332,18244.043,18184.059,18201.155,4.363,7.24
2015-02-26,18197.793,18238.541,18154.774,18195.726,18202.246,18240.155,18156.963,18200.0,4.274,7.74
2015-02-27,18194.679,18212.517,18126.951,18157.634,18199.005,18214.622,18131.287,18162.154,4.52,7.18
2015-03-02,18172.699,18282.087,18134.159,18258.865,18177.228,18284.179,18136.033,18263.397,4.532,7.92
2015-03-03,18257.691,18258.917,18130.778,18200.819,18262.021,18263.209,18133.006,18202.941,2.122,6.69
2015-03-04,18180.217,18187.603,18024.921,18087.908,18182.505,18189.777,18026.008,18089.015,1.107,13.87
2015-03-05,18089.993,18158.975,18081.93,18127.97,18091.058,18161.426,18083.02,18129.04,1.07,19.28
2015-03-06,18128.991,18160.993,17822.68,17871.708,18130.039,18162.044,17825.066,17875.274,3.566,27.61
2015-03-09,17859.995,18031.547,17829.767,17968.93,17861.094,18033.866,17832.634,17970.078,1.148,7.52
2015-03-10,17969.991,17976.937,17659.061,17706.955,17971.054,17978.029,17661.259,17708.09,1.135,14.87
2015-03-11,17707.973,17738.811,17623.745,17649.957,17709.075,17740.045,17626.049,17651.091,1.134,17.14
2015-03-12,17650.98,17898.999,17637.944,17885.944,17652.053,17900.119,17639.075,17887.049,1.105,13.29
2015-03-13,17886.992,17902.996,17621.696,17742.175,17888.015,17904.089,17623.88,17744.467,2.292,7.65
2015-03-16,17746.935,17988.184,17739.935,17923.91,17748.049,17990.484,17741.019,17925.1,1.19,5.17
2015-03-17,17922.968,17952.917,17780.769,17861.987,17924.083,17955.15,17783.058,17863.029,1.042,9.83
2015-03-18,17859.945,18103.469,17691.911,18092.969,17861.028,18107.81,17693.084,18094.063,1.094,9.51
2015-03-19,18094.993,18126.985,17931.43,17983.948,18096.003,18129.589,17932.036,17985.264,1.316,11.64
2015-03-20,17982.914,18199.179,17975.987,18113.506,17984.287,18200.08,17977.275,18115.743,2.237,10.1
2015-03-23,18150.965,18207.92,18062.08,18112.926,18152.079,18210.078,18064.169,18114.012,1.086,18.05
2015-03-24,18113.74,18159.99,18006.093,18029.961,18115.076,18161.004,18008.543,18031.31,1.349,9.57
2015-03-25,18030.455,18046.999,17707.789,17746.809,18031.595,18048.013,17711.107,17749.107,2.298,21.1
2015-03-26,17747.942,17758.053,17546.483,17699.969,17749.004,17760.288,17551.01,17704.21,4.241,38.49
2015-03-27,17698.938,17762.971,17620.843,17712.553,17703.08,17766.211,17623.059,17714.693,2.14,30.18
2015-03-30,17698.962,18008.723,17669.765,17954.856,17701.173,18010.892,17674.079,17958.002,3.146,17.1
2015-03-31,17954.858,17959.983,17747.803,17777.82,17957.185,17964.456,17751.182,17781.444,3.624,14.39
2015-04-01,17775.625,17808.999,17558.839,17692.608,17780.142,17809.949,17563.293,17697.229,4.621,17.65
2015-04-02,17691.807,17817.205,17637.881,17764.928,17696.18,17819.337,17640.159,17769.186,4.258,6.89
2015-04-06,17626.75,17938.617,17609.711,17876.708,17631.138,17940.784,17611.933,17880.172,3.464,5.05
2015-04-07,17875.628,17984.906,17849.562,17868.73,17882.284,17986.564,17853.114,17872.224,3.494,24.06
2015-04-08,17869.871,17977.987,17817.141,17915.817,17872.032,17979.488,17818.445,17919.056,3.239,22.61
2015-04-09,17914.798,17983.981,17822.491,17959.862,17918.276,17987.261,17824.743,17963.259,3.397,8.74
2015-04-10,17959.66,18067.484,17940.772,18057.99,17964.053,18070.291,17944.001,18061.093,3.103,10.35
2015-04-13,18056.93,18108.986,17971.148,17995.801,18060.187,18112.114,17974.241,17998.019,2.218,9.76
2015-04-14,17995.9,18075.953,17899.899,18036.819,17998.044,18079.423,17902.165,18040.169,3.35,13.52
2015-04-15,18035.922,18160.978,18015.106,18109.761,18039.21,18163.052,18019.047,18113.017,3.256,9.29
2015-04-16,18107.85,18168.274,18023.826,18111.635,18112.225,18170.478,18025.906,18117.394,5.759,7.63
2015-04-17,18111.871,18112.984,17745.366,17845.984,18116.011,18117.311,17747.47,17848.177,2.193,15.51
2015-04-20,17893.843,18094.995,17888.313,18030.951,17896.033,18097.096,17890.64,18033.109,2.158,12.77
2015-04-21,18074.933,18150.506,17926.869,17953.904,18076.065,18153.251,17929.013,17956.181,2.277,12.03
2015-04-22,17973.624,18054.975,17853.109,18035.803,17975.976,18057.105,17855.272,18038.106,2.303,10.66
2015-04-23,18014.484,18135.954,17898.155,18069.976,18018.042,18138.175,17900.016,18072.165,2.189,7.4
2015-04-24,18021.846,18110.837,18002.759,18081.995,18025.05,18113.066,18007.251,18084.064,2.069,23.77
2015-04-27,18097.881,18183.943,18020.618,18044.915,18102.375,18187.103,18024.023,18047.11,2.195,13.49
2015-04-28,18050.898,18123.973,17912.83,18110.843,18053.17,18125.091,17914.002,18113.161,2.318,9.62
2015-04-29,18106.163,18140.985,17949.801,18033.842,18111.441,18143.241,17951.048,18037.196,3.354,17.43
2015-04-30,18019.298,18029.975,17765.389,17838.805,18024.34,18033.355,17766.905,17841.158,2.353,18.7
2015-05-01,17870.807,18025.991,17870.807,18011.847,17873.072,18028.171,17873.072,18014.015,2.168,7.95
2015-05-04,18001.744,18131.996,17984.732,18066.953,18005.082,18135.386,17989.018,18069.014,2.061,12.24
2015-05-05,18052.269,18096.999,17900.371,17926.847,18055.089,18100.296,17902.0,17929.197,2.35,10.31
2015-05-06,17957.56,17998.125,17729.729,17836.82,17959.783,18000.339,17731.878,17840.299,3.479,8.87
2015-05-07,17841.621,17974.373,17683.611,17926.915,17846.019,17975.524,17686.712,17930.207,3.292,16.16
2015-05-08,17957.756,18208.991,17953.698,18183.857,17961.221,18210.2,17955.983,18186.083,2.226,10.64
2015-05-11,18167.654,18201.321,18087.981,18101.96,18172.393,18202.965,18089.148,18105.261,3.301,7.4
2015-05-12,18102.935,18119.082,17920.26,18059.703,18105.098,18121.368,17922.458,18064.879,5.176,10.65
2015-05-13,18117.061,18160.995,18038.728,18063.783,18119.171,18162.24,18041.003,18067.053,3.27,11.12
2015-05-14,18062.654,18255.98,18030.0,18240.914,18067.141,18257.199,18034.002,18243.039,2.125,8.96
2015-05-15,18232.897,18284.813,18209.805,18265.911,18235.091,18287.077,18213.003,18268.064,2.153,8.77
2015-05-18,18251.863,18324.492,18217.9,18289.997,18257.387,18326.092,18220.001,18292.166,2.169,8.18
2015-05-19,18309.622,18364.123,18258.813,18309.706,18312.094,18367.268,18261.003,18313.254,3.548,8.03
2015-05-20,18311.954,18350.588,18270.901,18287.806,18314.208,18351.074,18272.004,18290.13,2.324,7.64
2015-05-21,18253.705,18313.694,18238.21,18289.963,18257.206,18315.658,18240.004,18292.083,2.12,6.07
2015-05-22,18299.926,18304.615,18212.142,18234.58,18303.07,18306.149,18213.003,18236.131,1.551,5.85
2015-05-25,18252.504,18274.796,18203.354,18234.667,18254.088,18276.149,18205.038,18245.542,10.875,0.82
2015-05-26,18224.467,18252.419,17989.346,18048.613,18227.061,18255.195,17990.657,18049.0,0.387,8.2
2015-05-27,18058.989,18189.297,18054.673,18164.513,18060.064,18191.454,18056.0,18165.018,0.505,6.36
2015-05-28,18129.319,18139.031,18063.763,18122.978,18130.062,18140.088,18065.0,18129.232,6.254,6.71
2015-05-29,18131.944,18143.993,17962.67,18010.922,18133.319,18146.331,17965.655,18012.57,1.648,29.6
2015-06-01,18072.781,18115.988,17978.812,18037.802,18076.009,18117.598,17981.001,18041.186,3.384,22.31
2015-06-02,18035.718,18090.996,17911.759,18010.88,18039.267,18092.843,17913.812,18013.28,2.4,25.21
2015-06-03,18020.898,18168.986,18003.732,18081.962,18022.234,18171.191,18006.231,18083.053,1.091,25.66
2015-06-04,18065.763,18087.964,17870.701,17916.902,18069.442,18090.97,17873.022,17920.122,3.22,42.3
2015-06-05,17920.0,17959.993,17816.679,17843.855,17922.154,17963.157,17819.057,17848.569,4.714,37.33
2015-06-08,17855.894,17866.97,17758.831,17771.476,17859.006,17867.872,17759.836,17772.562,1.086,22.82
2015-06-09,17781.832,17815.996,17702.727,17758.843,17784.123,17818.585,17704.341,17761.958,3.115,25.25
2015-06-10,17801.878,18045.958,17774.65,17993.774,17804.037,18047.632,17776.485,17997.067,3.293,21.85
2015-06-11,18001.945,18109.995,17991.546,18047.043,18004.131,18112.755,17995.444,18049.28,2.237,27.32
2015-06-12,18019.805,18041.935,17852.919,17898.46,18022.654,18045.622,17855.935,17900.713,2.253,24.16
2015-06-15,17843.949,17865.821,17692.451,17791.796,17848.023,17869.998,17695.915,17795.603,3.807,26.64
2015-06-16,17771.973,17918.999,17687.522,17900.74,17775.303,17922.258,17690.892,17904.885,4.145,19.95
2015-06-17,17930.947,17997.989,17838.774,17933.847,17933.855,18000.101,17840.878,17936.487,2.64,17.51
2015-06-18,17862.922,18176.993,17862.807,18118.841,17865.102,18179.169,17864.804,18120.884,2.043,21.58
2015-06-19,18119.999,18153.995,18000.714,18002.932,18122.186,18158.752,18004.223,18005.159,2.227,24.14
2015-06-22,18066.944,18180.0,18061.833,18116.937,18068.579,18182.052,18063.606,18120.681,3.744,18.89
2015-06-23,18155.977,18186.968,18102.6,18134.772,18159.114,18191.139,18107.023,18138.136,3.364,24.1
2015-06-24,18131.858,18147.982,17961.668,17964.946,18135.226,18153.449,17964.027,17966.168,1.222,33.29
2015-06-25,17993.98,18074.995,17875.843,17881.943,17997.724,18079.341,17878.148,17884.055,2.112,16.59
2015-06-26,17903.734,18008.985,17873.672,17943.96,17907.335,18014.309,17877.763,17946.186,2.226,36.07
2015-06-29,17721.442,17845.766,17581.8,17590.972,17728.664,17851.106,17584.125,17593.148,2.176,25.73
2015-06-30,17658.93,17738.986,17569.996,17591.936,17659.923,17742.19,17572.022,17594.082,2.146,32.6
2015-07-01,17682.87,17804.746,17670.572,17752.871,17687.573,17807.035,17673.722,17756.148,3.277,33.39
2015-07-02,17751.751,17826.997,17683.866,17720.887,17757.486,17828.616,17685.114,17726.402,5.515,20.42
2015-07-03,17747.857,17753.977,17682.791,17700.859,17750.408,17756.6,17685.526,17702.589,1.73,8.63
2015-07-06,17549.979,17731.965,17548.387,17685.854,17550.549,17735.416,17549.527,17689.105,3.251,33.51
2015-07-07,17785.908,17815.981,17462.737,17780.996,17787.858,17818.626,17464.203,17784.193,3.197,29.33
2015-07-08,17643.817,17682.962,17492.688,17527.876,17647.099,17686.392,17495.861,17530.128,2.252,33.29
2015-07-09,17639.829,17766.877,17537.858,17537.858,17643.193,17768.877,17541.097,17541.097,3.239,30.59
2015-07-10,17709.825,17799.954,17667.805,17760.921,17711.945,17801.132,17668.975,17762.078,1.157,24.41
2015-07-13,17731.903,17987.439,17697.361,17974.223,17736.366,17988.72,17699.486,17975.387,1.164,20.87
2015-07-14,17972.432,18071.966,17949.502,18051.917,17973.518,18072.509,17951.433,18052.837,0.92,16.35
2015-07-15,18058.378,18089.909,18007.632,18049.676,18061.581,18091.913,18008.61,18050.769,1.093,19.53
2015-07-16,18125.977,18150.998,18062.809,18119.95,18129.427,18153.488,18064.427,18120.887,0.937,18.18
2015-07-17,18084.78,18102.99,18030.684,18080.804,18087.723,18105.44,18033.689,18084.221,3.417,19.92
2015-07-20,18088.763,18136.99,18060.592,18095.91,18092.02,18139.618,18063.809,18099.991,4.081,20.78
2015-07-21,18085.763,18097.863,17866.654,17920.974,18088.59,18100.573,17870.481,17922.956,1.982,28.08
2015-07-22,17869.888,17909.637,17805.519,17854.837,17871.263,17917.469,17808.046,17857.039,2.202,36.36
2015-07-23,17890.669,17907.799,17701.416,17739.993,17896.698,17914.252,17705.036,17740.202,0.209,41.16
2015-07-24,17749.874,17785.974,17549.538,17574.934,17755.94,17791.186,17551.073,17576.061,1.127,40.72
2015-07-27,17603.514,17615.952,17396.569,17450.925,17609.495,17621.487,17400.002,17452.033,1.108,23.11
2015-07-28,17529.97,17649.045,17448.586,17630.968,17532.148,17651.56,17451.742,17631.56,0.592,9.02
2015-07-29,17615.614,17776.509,17610.875,17735.889,17617.7,17778.805,17613.183,17738.063,2.174,10.47
2015-07-30,17747.306,17779.055,17635.254,17747.412,17749.322,17781.22,17637.423,17750.676,3.264,9.89
2015-07-31,17764.875,17800.828,17670.816,17690.759,17767.07,17803.346,17672.83,17694.07,3.311,10.55
2015-08-03,17684.651,17736.855,17494.893,17595.623,17686.973,17740.69,17496.445,17597.954,2.331,9.82
2015-08-04,17590.798,17635.0,17503.849,17550.851,17593.069,17637.115,17504.864,17553.007,2.156,21.41
2015-08-05,17508.912,17660.443,17508.465,17548.907,17510.659,17661.731,17510.659,17552.229,3.322,8.76
2015-08-06,17509.531,17565.998,17360.965,17413.86,17511.756,17567.853,17362.003,17416.03,2.17,13.5
2015-08-07,17441.471,17448.305,17276.159,17376.903,17442.042,17449.163,17277.003,17378.532,1.629,9.04
2015-08-10,17419.306,17628.987,17368.483,17612.965,17421.525,17630.159,17370.557,17616.273,3.308,12.65
2015-08-11,17527.799,17561.999,17350.884,17405.869,17532.166,17565.26,17353.079,17408.079,2.21,23.11
2015-08-12,17300.782,17422.969,17124.96,17398.859,17305.079,17425.176,17127.036,17401.193,2.334,25.57
2015-08-13,17442.674,17480.931,17338.05,17419.808,17447.122,17483.189,17340.001,17422.117,2.309,27.62
2015-08-14,17409.868,17491.995,17366.195,17471.935,17412.014,17494.26,17369.0,17473.052,1.117,27.23
2015-08-17,17475.702,17552.823,17337.99,17545.93,17479.222,17554.111,17340.013,17548.164,2.234,15.66
2015-08-18,17536.772,17570.989,17474.09,17512.99,17540.021,17573.272,17479.012,17514.001,1.011,28.88
2015-08-19,17468.925,17519.279,17279.868,17341.815,17472.044,17521.205,17281.01,17345.22,3.405,18.02
2015-08-20,17318.119,17320.141,16992.369,16992.551,17320.161,17322.167,16994.001,16995.227,2.676,12.48
2015-08-21,16841.177,16941.943,16456.669,16461.809,16846.396,16943.622,16460.117,16463.079,1.27,44.15
2015-08-24,16068.265,16358.259,15232.495,15834.558,16075.528,16360.202,15234.637,15841.346,6.788,28.77
2015-08-25,15930.85,16371.499,15648.564,15658.404,15933.808,16373.062,15650.854,15660.618,2.214,9.24
2015-08-26,15954.964,16304.968,15784.347,16295.999,15958.111,16307.387,15786.596,16300.185,4.186,29.35
2015-08-27,16279.823,16675.696,16247.697,16674.71,16283.013,16680.089,16250.872,16678.176,3.466,52.63
2015-08-28,16608.616,16668.976,16484.076,16633.781,16611.538,16671.217,16487.659,16638.083,4.302,77.13
2015-08-31,16514.872,16626.025,16437.186,16525.863,16519.566,16628.705,16441.362,16528.114,2.251,66.56
2015-09-01,16252.191,16320.036,15975.563,16027.832,16254.354,16322.129,15978.053,16031.181,3.349,66.36
2015-09-02,16231.309,16349.932,16130.264,16347.0,16233.43,16353.059,16132.555,16348.064,1.064,65.57
2015-09-03,16345.601,16551.82,16315.902,16367.063,16349.022,16554.126,16318.258,16371.186,4.123,69.56
2015-09-04,16240.819,16309.786,16025.804,16105.855,16243.055,16310.104,16027.006,16108.15,2.295,18.91
2015-09-07,16205.808,16284.406,16166.914,16182.081,16212.518,16286.506,16168.205,16183.513,1.432,4.24
2015-09-08,16235.875,16500.908,16203.794,16487.308,16236.976,16502.982,16206.037,16489.392,2.084,11.88
2015-09-09,16624.601,16692.313,16216.522,16249.697,16626.987,16694.593,16218.707,16251.021,1.324,44.86
2015-09-10,16347.775,16459.875,16159.614,16330.412,16349.981,16462.109,16161.766,16332.652,2.24,37.48
2015-09-11,16352.954,16432.214,16216.543,16420.937,16355.119,16433.523,16218.835,16423.183,2.246,12.37
2015-09-14,16429.588,16493.513,16326.099,16366.946,16435.298,16495.126,16328.353,16369.093,2.147,8.19
2015-09-15,16385.213,16643.513,16307.362,16601.284,16387.478,16645.689,16309.67,16604.041,2.757,9.98
2015-09-16,16593.271,16756.514,16586.257,16738.546,16595.07,16758.616,16588.444,16740.922,2.376,7.78
2015-09-17,16752.775,16934.827,16638.209,16676.411,16754.951,16937.061,16640.317,16679.887,3.476,9.11
2015-09-18,16673.939,16703.853,16337.582,16374.104,16677.012,16705.999,16339.967,16376.314,2.21,12.23
2015-09-21,16374.076,16577.929,16356.662,16508.836,16376.663,16578.524,16357.691,16511.122,2.286,26.79
2015-09-22,16539.981,16560.987,16218.808,16323.46,16540.3,16564.093,16219.04,16325.668,2.208,31.35
2015-09-23,16184.504,16423.997,16181.4,16279.162,16190.065,16425.643,16183.581,16281.351,2.189,19.39
2015-09-24,16245.637,16342.958,16013.896,16202.16,16250.021,16344.555,16014.376,16204.266,2.106,28.11
2015-09-25,16288.9,16473.153,16227.94,16314.725,16293.139,16475.223,16229.941,16316.973,2.248,21.56
2015-09-28,16308.895,16389.371,15979.455,16007.991,16310.271,16391.606,15981.527,16008.722,0.731,18.11
2015-09-29,15949.441,16116.998,15901.901,16044.947,15951.533,16118.492,15903.909,16045.79,0.843,28.15
2015-09-30,16179.031,16296.982,16125.712,16271.686,16181.318,16298.005,16126.83,16272.78,1.094,20.92
2015-10-01,16404.845,16447.054,16070.569,16265.735,16408.287,16449.335,16074.09,16267.855,2.12,19.58
2015-10-02,16288.291,16470.899,16009.453,16468.878,16291.54,16476.341,16011.56,16471.204,2.326,10.35
2015-10-05,16476.874,16795.73,16443.213,16769.774,16479.015,16797.263,16447.066,16772.028,2.254,20.9
2015-10-06,16715.901,16860.972,16678.81,16787.286,16719.156,16863.119,16682.001,16792.281,4.995,18.37
2015-10-07,16805.982,16963.926,16764.746,16907.156,16809.074,16965.196,16766.985,16909.388,2.232,23.75
2015-10-08,16799.536,17079.913,16777.759,17048.685,16802.019,17082.09,16780.191,17051.037,2.352,10.52
2015-10-09,17081.849,17121.455,17005.825,17086.946,17085.128,17124.309,17009.048,17088.336,1.39,12.82
2015-10-12,17084.873,17138.274,17062.471,17126.54,17089.341,17140.617,17063.59,17128.731,2.191,13.0
2015-10-13,17115.987,17169.995,17014.899,17079.55,17118.252,17170.919,17016.886,17081.741,2.191,23.81
2015-10-14,17063.986,17112.479,16889.72,16923.584,17064.94,17114.294,16892.004,16930.056,6.472,26.17
2015-10-15,17008.987,17147.843,16935.021,17147.605,17010.067,17149.875,16937.385,17149.871,2.266,10.17
2015-10-16,17145.879,17217.407,17105.176,17210.117,17149.127,17219.632,17107.299,17212.176,2.059,8.04
2015-10-19,17171.108,17233.709,17125.955,17231.259,17173.337,17235.931,17128.134,17233.479,2.22,7.25
2015-10-20,17182.714,17261.997,17140.831,17229.485,17184.897,17263.571,17142.25,17231.571,2.086,13.56
2015-10-21,17264.678,17313.99,17153.607,17173.093,17269.164,17318.789,17158.484,17174.179,1.086,24.97
2015-10-22,17175.903,17507.996,17161.55,17490.877,17179.197,17509.616,17166.165,17492.947,2.07,41.29
2015-10-23,17537.925,17679.991,17505.643,17648.86,17542.02,17682.717,17509.136,17653.463,4.603,41.15
2015-10-26,17593.823,17663.696,17566.39,17620.773,17598.1,17666.236,17571.073,17624.856,4.083,34.82
2015-10-27,17583.992,17635.999,17540.304,17582.987,17588.217,17637.286,17547.184,17584.229,1.242,30.35
2015-10-28,17602.602,17774.789,17550.296,17774.789,17607.276,17776.905,17552.213,17776.905,2.116,20.2
2015-10-29,17725.691,17785.971,17683.605,17752.975,17730.35,17786.769,17684.509,17753.452,0.477,27.16
2015-10-30,17831.529,17840.865,17666.947,17666.947,17837.093,17844.991,17672.041,17677.956,11.009,15.83
2015-11-02,17649.599,17814.839,17649.599,17813.186,17658.088,17825.958,17658.088,17823.36,10.174,14.84
2015-11-03,17803.014,17979.995,17768.018,17960.353,17814.57,17987.77,17779.001,17971.522,11.169,17.58
2015-11-04,17921.989,17981.957,17828.104,17887.554,17926.183,17986.727,17838.022,17897.751,10.197,26.74
2015-11-05,17868.175,17934.127,17775.683,17845.938,17881.706,17936.351,17779.013,17848.041,2.103,17.43
2015-11-06,17864.902,17912.924,17763.823,17908.93,17866.416,17914.089,17766.067,17911.122,2.192,32.89
2015-11-09,17890.993,17890.993,17663.733,17726.766,17893.032,17893.032,17666.023,17728.961,2.195,28.29
2015-11-10,17751.919,17767.998,17654.728,17764.986,17753.455,17770.195,17657.124,17767.014,2.028,28.95
2015-11-11,17766.993,17842.689,17691.744,17698.451,17769.155,17845.026,17694.462,17700.649,2.198,28.82
2015-11-12,17733.83,17760.986,17439.752,17447.873,17736.156,17763.182,17443.443,17450.007,2.134,34.04
2015-11-13,17453.569,17490.986,17236.635,17243.859,17458.659,17493.532,17240.811,17246.037,2.178,25.78
2015-11-16,17171.809,17478.818,17164.677,17475.23,17174.07,17480.968,17167.447,17477.375,2.145,26.1
2015-11-17,17476.666,17598.208,17439.072,17484.848,17477.716,17600.349,17441.216,17487.135,2.287,13.65
2015-11-18,17470.312,17749.493,17448.486,17737.886,17472.524,17751.715,17449.495,17740.19,2.304,39.43
2015-11-19,17755.048,17803.929,17681.3,17732.731,17757.416,17806.193,17683.397,17735.009,2.278,42.32
2015-11-20,17759.475,17913.821,17748.743,17823.875,17761.642,17916.144,17750.976,17826.171,2.296,52.76
2015-11-23,17847.375,17866.338,17746.281,17787.937,17849.504,17868.53,17748.465,17790.114,2.177,72.88
2015-11-24,17801.892,17860.487,17653.726,17815.825,17804.23,17862.665,17655.946,17818.152,2.327,47.21
2015-11-25,17806.984,17862.998,17781.026,17813.936,17809.337,17865.122,17783.185,17817.111,3.175,60.93
2015-11-26,17842.567,17902.534,17829.803,17883.909,17844.68,17904.561,17833.104,17886.089,2.18,3.06
2015-11-27,17798.474,17832.849,17742.658,17799.691,17800.565,17835.179,17744.852,17801.864,2.173,41.38
2015-11-30,17791.835,17867.161,17719.011,17729.367,17794.016,17868.133,17721.046,17731.55,2.183,25.71
2015-12-01,17821.9,17892.861,17767.638,17886.979,17823.091,17894.132,17769.013,17889.016,2.037,14.37
2015-12-02,17900.459,17914.587,17705.187,17728.937,17901.023,17916.116,17706.027,17731.089,2.152,9.73
2015-12-03,17781.089,17879.696,17420.607,17476.847,17782.203,17880.464,17422.0,17479.132,2.285,13.79
2015-12-04,17531.576,17868.009,17457.813,17844.463,17533.907,17870.227,17461.078,17846.686,2.223,35.17
2015-12-07,17818.854,17879.618,17636.645,17734.893,17821.152,17881.859,17638.74,17737.195,2.302,40.58
2015-12-08,17697.878,17730.749,17481.498,17568.969,17700.152,17732.934,17483.619,17571.125,2.156,42.08
2015-12-09,17600.734,17767.948,17398.282,17491.945,17602.968,17770.09,17400.46,17494.157,2.212,41.39
2015-12-10,17502.909,17699.512,17456.887,17575.86,17505.165,17701.665,17459.062,17578.15,2.29,12.1
2015-12-11,17600.993,17611.297,17226.852,17256.829,17603.076,17613.544,17229.071,17259.171,2.342,11.87
2015-12-14,17329.914,17399.34,17135.556,17371.946,17332.169,17401.446,17137.761,17374.147,2.201,10.43
2015-12-15,17357.952,17627.916,17344.086,17534.874,17360.157,17629.996,17346.414,17537.135,2.261,23.91
2015-12-16,17592.721,17784.075,17480.035,17750.981,17595.885,17786.975,17482.187,17753.181,2.2,31.15
2015-12-17,17702.844,17816.696,17490.326,17504.586,17709.163,17818.846,17498.833,17506.906,2.32,11.03
2015-12-18,17387.973,17458.014,17124.171,17126.086,17389.057,17460.262,17126.347,17128.308,2.222,10.49
2015-12-21,17162.505,17277.538,17110.569,17247.842,17168.458,17280.119,17116.397,17250.138,2.296,20.4
2015-12-22,17306.347,17450.378,17200.925,17415.923,17307.414,17452.599,17202.025,17418.118,2.195,28.84
2015-12-23,17439.648,17604.995,17437.961,17603.833,17441.933,17607.005,17439.966,17606.066,2.233,12.41
2015-12-24,17550.788,17604.901,17537.871,17544.985,17552.848,17607.167,17540.304,17547.057,2.072,1.78
2015-12-28,17530.91,17545.929,17431.818,17523.918,17533.116,17548.188,17434.108,17526.102,2.184,2.41
2015-12-29,17555.119,17748.992,17551.333,17725.956,17556.149,17750.523,17552.434,17728.182,2.226,17.22
2015-12-30,17719.979,17724.999,17583.946,17600.875,17720.902,17726.489,17585.898,17603.028,2.153,11.96
2015-12-31,17623.967,17626.75,17444.995,17551.883,17626.134,17628.943,17447.02,17554.103,2.22,2.18
2016-01-04,17257.888,17270.525,16954.654,17145.086,17259.573,17272.85,16956.931,17147.214,2.128,9.11
2016-01-05,17203.073,17213.417,17037.76,17156.624,17205.185,17215.643,17040.055,17161.062,4.438,11.61
2016-01-06,17038.836,17072.541,16813.592,16909.931,17041.121,17074.776,16815.857,16912.188,2.257,11.8
2016-01-07,16690.21,16805.816,16460.476,16512.911,16692.553,16808.045,16462.538,16516.294,3.383,23.96
2016-01-08,16669.702,16757.996,16314.79,16339.859,16671.905,16760.078,16316.83,16342.006,2.147,27.6
2016-01-11,16249.801,16462.836,16229.92,16391.993,16252.043,16465.123,16231.635,16394.19,2.197,27.61
2016-01-12,16293.273,16592.818,16268.911,16507.841,16295.449,16595.026,16269.264,16510.066,2.225,25.92
2016-01-13,16557.974,16626.226,16116.808,16149.886,16558.59,16628.452,16119.007,16152.072,2.186,16.42
2016-01-14,16249.996,16482.986,16074.427,16368.873,16250.3,16485.06,16075.458,16371.057,2.184,34.63
2016-01-15,16225.568,16267.759,15836.927,15980.942,16227.697,16269.979,15839.112,15983.199,2.257,15.94
2016-01-18,16056.985,16137.094,15957.917,15989.808,16059.181,16139.416,15960.044,15992.074,2.266,7.22
2016-01-19,16165.956,16276.87,15898.864,16016.877,16167.974,16279.027,15901.05,16019.074,2.197,14.16
2016-01-20,15725.61,15897.0,15448.83,15771.866,15727.897,15897.001,15451.011,15774.157,2.291,18.06
2016-01-21,15722.809,16040.995,15646.837,15874.837,15725.035,16045.33,15649.598,15877.057,2.22,44.11
2016-01-22,16008.846,16136.889,15974.855,16095.985,16011.082,16139.057,15977.031,16098.017,2.032,34.36
2016-01-25,16094.989,16095.994,15880.665,15894.0,16095.29,16098.159,15883.038,15896.195,2.195,40.72
2016-01-26,15809.945,16185.997,15724.78,16167.875,15812.5,16188.199,15727.48,16170.064,2.189,42.28
2016-01-27,16115.841,16234.999,15874.813,15941.829,16118.185,16237.177,15877.006,15944.04,2.211,31.18
2016-01-28,15949.92,16139.079,15858.935,16066.94,15952.041,16141.186,15861.163,16069.005,2.065,29.56
2016-01-29,16206.717,16453.949,16135.802,16445.868,16210.247,16456.01,16138.042,16448.149,2.281,22.82
2016-02-01,16433.911,16509.989,16293.811,16444.843,16436.07,16511.118,16296.001,16447.023,2.18,15.63
2016-02-02,16376.849,16385.407,16104.978,16159.955,16379.044,16387.198,16107.189,16162.065,2.11,15.76
2016-02-03,16135.826,16384.339,15957.441,16337.857,16139.039,16386.527,15960.514,16340.11,2.253,42.32
2016-02-04,16440.727,16485.361,16205.986,16421.426,16443.038,16487.702,16209.06,16423.606,2.18,24.06
2016-02-05,16384.025,16461.201,16126.492,16197.886,16388.32,16463.176,16128.54,16200.139,2.253,23.18
2016-02-08,16257.894,16267.068,15798.32,16026.468,16260.026,16269.269,15800.585,16028.569,2.101,24.03
2016-02-09,15929.842,16135.461,15839.486,16019.894,15932.178,16138.417,15842.014,16022.118,2.224,52.47
2016-02-10,15955.979,16201.986,15897.302,15916.372,15958.027,16204.132,15897.872,15918.503,2.131,22.2
2016-02-11,15833.994,15857.975,15501.904,15649.908,15834.237,15859.897,15503.697,15652.082,2.174,49.68
2016-02-12,15659.991,15971.479,15641.494,15967.971,15662.929,15973.635,15643.648,15970.168,2.197,43.45
2016-02-15,16109.942,16205.846,16081.357,16162.978,16112.192,16208.155,16083.591,16165.045,2.067,6.01
2016-02-16,16215.971,16227.879,16025.707,16189.323,16218.573,16231.704,16027.156,16191.67,2.347,43.92
2016-02-17,16134.89,16488.498,16109.736,16449.82,16136.871,16489.578,16111.213,16452.051,2.231,32.51
2016-02-18,16464.904,16549.498,16388.887,16414.341,16465.006,16551.678,16391.051,16416.586,2.245,25.56
2016-02-19,16450.975,16469.953,16274.679,16385.821,16454.483,16472.53,16276.93,16389.56,3.739,41.9
2016-02-22,16464.327,16662.447,16461.288,16611.649,16466.626,16664.731,16463.55,16616.2,4.551,33.39
2016-02-23,16521.906,16601.499,16401.34,16431.389,16523.885,16604.438,16403.978,16433.597,2.208,37.45
2016-02-24,16417.373,16506.971,16161.338,16482.913,16418.952,16511.246,16165.853,16487.445,4.532,31.33
2016-02-25,16462.386,16698.308,16426.264,16693.76,16464.423,16700.86,16429.014,16699.722,5.962,44.99
2016-02-26,16705.451,16844.497,16622.464,16639.88,16707.508,16846.507,16625.064,16642.174,2.294,26.07
2016-02-29,16536.415,16726.051,16495.882,16498.428,16538.65,16728.135,16497.504,16500.608,2.18,13.74
2016-03-01,16520.88,16864.466,16520.88,16852.485,16523.125,16866.669,16523.023,16854.645,2.16,10.22
2016-03-02,16916.336,16916.873,16763.594,16891.373,16918.639,16918.96,16765.503,16893.573,2.2,10.78
2016-03-03,16898.924,16943.12,16816.467,16940.467,16900.522,16945.412,16818.013,16945.412,4.945,11.1
2016-03-04,16940.37,17061.638,16896.549,17004.312,16942.509,17063.827,16898.007,17006.63,2.318,10.41
2016-03-07,16981.902,17097.843,16915.909,17064.929,16984.061,17100.06,16918.049,17067.172,2.243,10.66
2016-03-08,16996.951,17072.431,16916.389,16966.445,16997.069,17074.949,16918.616,16968.584,2.139,88.21
2016-03-09,17008.836,17081.37,16943.455,16992.863,17011.043,17083.586,16945.843,16995.161,2.298,26.53
2016-03-10,17007.981,17176.446,16819.394,16996.373,17010.075,17179.164,16821.519,16998.508,2.135,34.61
2016-03-11,17094.019,17219.909,17090.324,17208.365,17096.09,17222.185,17092.595,17209.539,1.174,23.46
2016-03-14,17167.851,17273.868,17147.337,17225.869,17170.174,17276.103,17149.646,17228.152,2.283,15.06
2016-03-15,17182.993,17250.985,17116.366,17250.482,17186.183,17252.646,17118.505,17252.646,2.164,10.05
2016-03-16,17256.828,17378.983,17185.977,17322.902,17259.06,17381.258,17188.078,17325.031,2.129,13.25
2016-03-17,17359.805,17527.9,17240.814,17483.411,17362.191,17530.18,17243.156,17485.624,2.213,17.7
2016-03-18,17491.81,17614.412,17455.322,17587.578,17494.106,17624.27,17457.622,17599.68,12.102,7.14
2016-03-21,17554.426,17648.887,17539.515,17622.71,17556.624,17651.432,17541.65,17625.026,2.316,22.01
2016-03-22,17617.415,17649.993,17529.81,17588.394,17619.51,17652.2,17532.022,17590.506,2.112,29.26
2016-03-23,17569.862,17616.486,17485.422,17509.976,17572.194,17618.685,17487.525,17512.18,2.204,18.84
2016-03-24,17496.424,17516.991,17395.99,17514.85,17498.613,17519.192,17398.0,17516.559,1.709,20.85
2016-03-28,17583.404,17621.489,17487.303,17535.884,17585.661,17623.876,17489.534,17538.196,2.312,15.18
2016-03-29,17560.47,17641.202,17429.819,17637.895,17562.669,17643.187,17431.55,17640.102,2.207,16.96
2016-03-30,17648.334,17788.987,17644.353,17716.973,17650.673,17791.199,17646.532,17719.193,2.22,22.67
2016-03-31,17693.877,17754.473,17660.316,17686.977,17696.134,17756.68,17662.507,17689.196,2.219,24.23
2016-04-01,17656.645,17809.055,17565.255,17791.89,17658.093,17811.17,17567.007,17794.117,2.227,13.23
2016-04-04,17816.289,17843.88,17708.815,17737.831,17820.257,17846.154,17710.001,17740.013,2.182,8.93
2016-04-05,17680.355,17714.823,17578.366,17602.878,17682.586,17717.11,17580.505,17605.176,2.298,18.36
2016-04-06,17663.824,17724.962,17537.903,17712.838,17666.148,17727.186,17540.023,17715.039,2.201,28.89
2016-04-07,17704.857,17718.527,17482.095,17544.899,17707.086,17720.692,17484.014,17547.005,2.106,24.96
2016-04-08,17594.876,17694.342,17523.333,17577.487,17597.042,17698.3,17525.52,17579.566,2.079,28.56
2016-04-11,17565.374,17731.38,17498.803,17556.876,17567.641,17733.604,17501.005,17559.146,2.27,29.06
2016-04-12,17575.309,17742.822,17530.201,17713.891,17578.726,17744.896,17534.04,17716.195,2.304,31.21
2016-04-13,17768.189,17916.909,17751.787,17901.824,17768.522,17919.06,17753.509,17904.104,2.28,7.54
2016-04-14,17902.91,17959.371,17859.217,17922.87,17904.99,17961.619,17861.419,17925.039,2.169,84.13
2016-04-15,17933.459,17936.477,17863.575,17888.382,17935.331,17938.529,17865.89,17890.678,2.296,22.19
2016-04-18,17796.905,18003.411,17770.41,17998.82,17798.033,18009.221,17772.604,18001.113,2.293,89.05
2016-04-19,17997.466,18101.495,17981.398,18053.958,17999.629,18103.697,17986.503,18056.18,2.222,43.62
2016-04-20,17999.099,18166.808,17986.312,18102.358,18001.419,18168.771,17988.504,18104.632,2.274,15.87
2016-04-21,18153.096,18157.612,17965.184,17990.426,18154.629,18159.673,17967.001,17992.592,2.166,18.28
2016-04-22,17999.983,18027.91,17904.391,18002.946,18000.636,18029.166,17906.399,18003.868,0.922,57.94
2016-04-25,17982.869,17997.037,17849.968,17975.536,17985.079,17999.192,17851.509,17976.012,0.476,14.15
2016-04-26,17979.63,18048.57,17930.923,17988.472,17981.559,18050.582,17933.057,17990.585,2.113,22.21
2016-04-27,17953.837,18085.311,17918.36,18044.969,17955.938,18087.655,17919.66,18046.43,1.461,28.95
2016-04-28,17926.957,18033.98,17795.492,17836.434,17927.542,18036.043,17796.605,17838.037,1.603,30.96
2016-04-29,17835.38,17863.48,17646.703,17775.258,17837.697,17865.159,17650.004,17780.049,4.791,32.17
2016-05-02,17769.368,17910.944,17756.606,17886.439,17769.511,17911.546,17759.0,17888.527,2.088,13.02
2016-05-03,17867.666,17879.917,17665.306,17750.378,17868.018,17881.507,17666.517,17752.643,2.265,23.86
2016-05-04,17746.436,17773.392,17606.906,17649.919,17747.037,17774.643,17609.144,17652.15,2.231,17.99
2016-05-05,17699.691,17756.638,17611.765,17658.427,17705.11,17760.75,17614.022,17660.567,2.14,51.57
2016-05-06,17623.368,17743.475,17541.263,17736.867,17625.584,17745.519,17544.013,17739.064,2.197,24.61
2016-05-09,17752.32,17794.144,17662.967,17710.376,17754.694,17795.689,17664.504,17712.567,2.191,10.32
2016-05-10,17760.944,17933.017,17746.802,17925.374,17763.162,17934.675,17749.041,17927.567,2.193,12.53
2016-05-11,17860.318,17878.471,17709.356,17715.93,17861.013,17880.443,17711.648,17718.187,2.257,12.76
2016-05-12,17737.853,17801.372,17619.864,17722.428,17739.044,17802.626,17622.143,17724.566,2.138,12.15
2016-05-13,17661.252,17736.449,17507.984,17536.467,17662.058,17738.365,17510.098,17538.585,2.118,16.98
2016-05-16,17563.866,17752.307,17520.981,17703.309,17566.098,17754.629,17523.131,17705.595,2.286,4.7
2016-05-17,17720.863,17758.995,17463.902,17529.963,17722.667,17762.036,17466.015,17532.065,2.102,24.85
2016-05-18,17519.981,17636.997,17414.267,17524.481,17521.122,17638.98,17416.83,17526.567,2.086,34.62
2016-05-19,17473.866,17510.999,17326.925,17429.801,17476.025,17513.037,17329.112,17432.195,2.394,36.85
2016-05-20,17506.421,17572.499,17465.763,17500.303,17508.563,17574.599,17467.548,17502.599,2.296,32.51
2016-05-23,17519.344,17558.372,17457.307,17496.009,17521.636,17560.523,17459.104,17498.161,2.152,31.88
2016-05-24,17473.326,17743.49,17462.287,17703.882,17476.699,17744.512,17464.976,17706.0,2.118,31.08
2016-05-25,17745.478,17892.366,17740.814,17846.894,17747.561,17897.68,17741.837,17849.039,2.145,29.45
2016-05-26,17837.871,17889.962,17803.245,17828.869,17839.851,17891.464,17805.114,17831.137,2.268,25.8
2016-05-27,17851.478,17872.994,17820.771,17866.306,17854.546,17875.579,17823.186,17869.138,2.832,26.17
2016-05-30,17911.822,17917.573,17892.915,17912.493,17914.185,17923.75,17895.542,17919.489,6.996,0.87
2016-05-31,17911.375,17912.996,17721.44,17764.312,17913.657,17916.561,17724.421,17766.65,2.338,19.88
2016-06-01,17781.754,17806.552,17662.977,17780.811,17783.861,17808.792,17665.145,17783.106,2.295,10.04
2016-06-02,17745.909,17831.889,17699.869,17831.889,17748.077,17834.072,17701.373,17834.072,2.183,28.07
2016-06-03,17832.0,17857.52,17686.592,17805.0,17834.0,17859.52,17688.31,17807.0,2.0,10.36
2016-06-06,17814.454,17947.999,17796.647,17919.862,17815.527,17949.364,17798.874,17922.098,2.236,28.1
2016-06-07,17936.498,18002.022,17936.103,17943.908,17936.809,18004.138,17936.809,17946.163,2.255,16.44
2016-06-08,17945.436,18017.182,17927.427,18001.857,17947.542,18019.287,17928.27,18004.017,2.16,23.41
2016-06-09,17984.747,18003.815,17914.386,17985.845,17986.502,18005.148,17915.544,17988.173,2.328,9.37
2016-06-10,17962.115,17971.796,17809.347,17869.862,17963.074,17972.667,17811.435,17872.097,2.235,17.63
2016-06-13,17796.026,17891.625,17733.486,17736.834,17798.234,17893.9,17735.08,17739.071,2.237,26.7
2016-06-14,17760.483,17760.483,17591.158,17671.473,17761.363,17761.552,17593.376,17673.616,2.143,24.96
2016-06-15,17659.396,17766.925,17629.669,17648.426,17661.071,17777.716,17631.253,17650.532,2.106,18.92
2016-06-16,17581.961,17748.005,17468.158,17724.864,17584.186,17755.323,17470.328,17727.143,2.279,13.94
2016-06-17,17748.744,17754.312,17598.707,17666.946,17754.163,17761.385,17602.93,17669.193,2.247,34.96
2016-06-20,17820.346,17945.993,17798.251,17805.441,17824.124,17951.11,17801.716,17810.571,5.13,34.77
2016-06-21,17858.438,17886.994,17794.266,17823.89,17860.617,17888.804,17796.401,17825.951,2.061,32.87
2016-06-22,17851.989,17918.908,17767.296,17779.902,17854.196,17921.123,17769.49,17782.191,2.289,10.66
2016-06-23,17874.699,18007.182,17841.596,18006.47,17876.989,18009.348,17843.746,18008.765,2.295,17.34
2016-06-24,17330.072,17697.224,17314.346,17399.137,17332.245,17699.33,17316.526,17401.341,2.204,10.75
2016-06-27,17299.591,17372.159,17060.523,17140.428,17301.78,17374.484,17062.795,17142.601,2.173,14.73
2016-06-28,17225.839,17402.479,17211.062,17401.901,17228.039,17404.556,17213.284,17404.059,2.158,12.81
2016-06-29,17432.531,17703.978,17427.518,17689.009,17434.75,17706.153,17429.62,17691.285,2.276,10.02
2016-06-30,17699.147,17928.603,17658.928,17912.936,17701.374,17930.715,17661.078,17915.193,2.257,10.2
2016-07-01,17905.467,17999.456,17858.854,17949.343,17906.878,18001.414,17860.445,17951.505,2.162,23.18
2016-07-04,17989.946,18021.179,17950.862,17972.675,17991.543,18023.359,17952.505,17974.6,1.925,4.88
2016-07-05,17933.477,17938.465,17784.489,17837.874,17935.668,17940.589,17786.678,17840.153,2.279,20.44
2016-07-06,17813.478,17923.0,17707.537,17906.473,17815.036,17924.676,17709.635,17908.675,2.202,21.52
2016-07-07,17913.854,17980.552,17813.68,17888.826,17915.969,17982.592,17814.502,17891.076,2.25,15.74
2016-07-08,17880.498,18166.465,17876.974,18136.921,17882.516,18168.506,17879.0,18139.17,2.249,19.08
2016-07-11,18203.888,18284.985,18157.095,18223.81,18206.069,18286.403,18158.804,18226.088,2.278,25.19
2016-07-12,18238.971,18372.986,18235.544,18348.958,18239.813,18374.515,18237.655,18351.17,2.212,58.31
2016-07-13,18320.843,18389.498,18312.381,18368.453,18323.128,18391.067,18314.116,18370.53,2.077,21.3
2016-07-14,18391.407,18559.701,18388.777,18505.45,18393.451,18561.921,18390.529,18507.6,2.15,18.3
2016-07-15,18480.484,18569.996,18470.641,18513.469,18481.969,18570.534,18472.024,18515.667,2.198,32.65
2016-07-18,18532.997,18570.999,18488.93,18528.833,18534.837,18572.298,18489.634,18531.108,2.275,21.91
2016-07-19,18523.103,18559.368,18480.486,18558.883,18525.292,18561.657,18481.503,18561.105,2.222,13.03
2016-07-20,18558.934,18637.406,18553.475,18590.926,18561.191,18639.563,18555.572,18593.058,2.132,8.21
2016-07-21,18600.091,18620.833,18468.575,18514.412,18600.514,18621.568,18470.02,18516.686,2.274,15.63
2016-07-22,18505.39,18568.0,18490.439,18561.881,18506.689,18570.23,18491.611,18564.19,2.309,23.17
2016-07-25,18549.912,18580.691,18451.309,18494.93,18552.116,18583.077,18453.506,18497.091,2.161,7.25
2016-07-26,18513.661,18517.88,18384.868,18474.877,18515.585,18520.073,18386.082,18476.477,1.6,19.96
2016-07-27,18512.426,18543.232,18427.99,18472.456,18514.397,18545.169,18429.384,18474.608,2.152,15.0
2016-07-28,18492.654,18526.483,18365.388,18451.853,18494.06,18528.331,18367.444,18454.106,2.253,21.61
2016-07-29,18434.179,18467.968,18368.38,18428.399,18435.59,18469.255,18370.614,18430.597,2.198,11.31
2016-08-01,18513.617,18522.787,18351.375,18404.81,18514.572,18524.098,18353.547,18407.185,2.375,13.46
2016-08-02,18418.994,18431.987,18242.538,18312.882,18420.627,18433.599,18244.9,18315.143,2.261,26.51
2016-08-03,18294.059,18350.932,18258.907,18342.405,18295.076,18352.18,18260.508,18344.509,2.104,11.84
2016-08-04,18353.412,18405.974,18320.366,18352.802,18355.571,18407.043,18322.574,18355.104,2.302,8.59
2016-08-05,18369.112,18533.836,18359.409,18530.855,18370.016,18534.533,18361.588,18533.109,2.254,9.01
2016-08-08,18535.426,18570.179,18498.2,18527.448,18537.133,18571.661,18500.423,18529.667,2.219,8.37
2016-08-09,18527.422,18585.251,18502.56,18526.581,18529.661,18587.678,18508.197,18532.195,5.614,26.21
2016-08-10,18499.324,18561.662,18465.005,18493.363,18503.772,18564.854,18469.473,18495.656,2.293,26.0
2016-08-11,18528.164,18638.487,18503.977,18610.869,18530.302,18640.501,18507.596,18613.072,2.203,17.34
2016-08-12,18612.963,18629.93,18531.904,18571.463,18615.193,18632.213,18534.071,18573.642,2.179,16.95
2016-08-15,18601.48,18668.024,18589.384,18633.469,18603.044,18670.337,18591.157,18635.606,2.137,10.11
2016-08-16,18605.383,18621.926,18549.898,18554.377,18607.032,18623.892,18551.963,18557.202,2.825,15.54
2016-08-17,18568.005,18582.662,18466.15,18568.88,18570.147,18584.879,18469.689,18571.093,2.213,7.78
2016-08-18,18578.484,18599.683,18527.848,18590.864,18580.554,18602.679,18533.72,18593.17,2.306,28.48
2016-08-19,18578.036,18586.329,18488.366,18549.97,18580.1,18588.616,18492.566,18552.052,2.082,10.88
2016-08-22,18524.445,18579.942,18461.223,18531.34,18526.52,18582.15,18464.583,18534.159,2.819,28.02
2016-08-23,18543.929,18636.434,18538.559,18549.338,18546.144,18638.681,18540.752,18551.58,2.242,3.46
2016-08-24,18532.059,18564.262,18449.682,18490.474,18534.249,18567.235,18452.6,18492.617,2.143,10.87
2016-08-25,18501.984,18504.31,18429.305,18461.368,18502.342,18506.588,18429.702,18463.726,2.358,18.06
2016-08-26,18468.96,18573.3,18331.926,18401.312,18469.079,18575.638,18333.063,18403.689,2.377,26.54
2016-08-29,18397.929,18523.967,18373.079,18502.829,18400.178,18526.207,18375.061,18505.164,2.335,16.76
2016-08-30,18498.911,18520.854,18406.65,18456.413,18500.411,18523.111,18408.046,18458.684,2.271,23.27
2016-08-31,18445.468,18452.969,18329.457,18395.436,18447.525,18454.978,18331.538,18397.558,2.122,12.79
2016-09-01,18438.814,18468.361,18290.47,18410.97,18439.531,18470.443,18292.53,18413.03,2.06,28.41
2016-09-02,18403.47,18546.47,18387.469,18485.469,18405.004,18548.53,18388.156,18487.531,2.062,33.52
2016-09-05,18525.723,18525.97,18470.969,18494.469,18527.795,18530.363,18474.773,18497.799,3.33,15.45
2016-09-06,18503.47,18552.47,18445.97,18538.469,18507.264,18556.574,18450.506,18540.531,2.062,31.17
2016-09-07,18526.47,18539.969,18469.469,18517.469,18531.0,18544.809,18474.596,18520.531,3.062,33.1
2016-09-08,18524.969,18550.97,18442.19,18473.969,18527.943,18553.508,18444.271,18476.031,2.062,16.9
2016-09-09,18454.37,18460.977,18083.969,18087.469,18456.453,18463.049,18087.352,18089.531,2.062,20.2
2016-09-12,17948.97,18356.924,17901.969,18318.469,17952.11,18359.006,17906.473,18322.031,3.562,11.36
2016-09-13,18250.87,18252.916,18022.47,18065.969,18252.94,18254.986,18027.764,18068.031,2.062,14.87
2016-09-14,18124.469,18162.201,17988.469,18027.469,18130.543,18165.098,17994.012,18029.531,2.062,8.2
2016-09-15,18019.107,18247.47,17990.97,18204.969,18021.182,18250.53,17994.96,18207.031,2.062,13.7
2016-09-16,18173.969,18182.969,18065.469,18114.47,18178.062,18187.758,18069.34,18116.53,2.06,24.93
2016-09-19,18201.477,18255.47,18089.469,18118.47,18203.547,18258.955,18093.312,18120.53,2.06,22.43
2016-09-20,18163.969,18229.969,18127.469,18132.47,18166.031,18231.97,18129.049,18134.53,2.06,19.74
2016-09-21,18191.469,18304.47,18117.97,18290.469,18193.531,18306.521,18119.785,18292.531,2.062,20.55
2016-09-22,18285.47,18447.47,18276.47,18382.47,18288.6,18450.066,18280.07,18384.53,2.06,19.12
2016-09-23,18382.969,18393.969,18252.469,18266.47,18387.207,18398.334,18256.104,18268.53,2.06,9.53
2016-09-26,18236.47,18249.031,18083.338,18102.969,18238.53,18251.104,18085.354,18105.031,2.062,10.73
2016-09-27,18207.969,18241.969,18049.47,18229.47,18208.201,18243.03,18051.867,18231.53,2.06,13.8
2016-09-28,18209.371,18346.97,18178.469,18332.47,18211.443,18348.814,18180.412,18334.53,2.06,13.74
2016-09-29,18357.982,18366.492,18086.969,18150.47,18360.055,18368.576,18091.984,18154.03,3.56,11.48
2016-09-30,18124.47,18371.229,18076.97,18302.97,18129.38,18373.293,18080.879,18308.29,5.32,24.89
2016-10-03,18312.354,18329.47,18192.97,18255.47,18314.424,18331.537,18196.33,18257.53,2.06,21.5
2016-10-04,18260.97,18317.648,18108.97,18163.97,18263.03,18320.143,18115.363,18166.03,2.06,20.4
2016-10-05,18166.47,18315.47,18136.469,18273.969,18169.2,18318.35,18139.785,18276.031,2.062,22.38
2016-10-06,18274.969,18305.395,18158.469,18265.469,18277.031,18307.457,18161.148,18267.531,2.062,19.61
2016-10-07,18244.469,18333.969,18145.127,18234.47,18245.568,18334.8,18147.2,18238.03,3.56,23.75
2016-10-10,18275.97,18402.969,18254.97,18329.082,18276.787,18404.729,18257.074,18331.152,2.07,21.45
2016-10-11,18301.83,18330.97,18052.47,18134.97,18303.904,18333.53,18059.309,18137.03,2.06,40.06
2016-10-12,18162.469,18191.523,18076.469,18140.469,18164.531,18194.373,18080.049,18142.531,2.062,25.41
2016-10-13,18025.97,18136.469,17954.469,18102.47,18028.03,18138.758,17958.938,18105.53,3.06,22.7
2016-10-14,18108.47,18263.469,18088.969,18140.469,18109.92,18264.127,18090.86,18142.531,2.062,18.87
2016-10-17,18097.469,18164.549,18058.469,18087.47,18100.305,18166.63,18061.55,18089.53,2.06,18.49
2016-10-18,18142.97,18225.07,18124.97,18153.47,18147.486,18227.154,18127.318,18157.754,4.284,22.24
2016-10-19,18154.47,18249.47,18113.469,18201.469,18157.03,18250.21,18114.229,18203.531,2.062,18.83
2016-10-20,18237.469,18250.24,18127.145,18162.97,18239.531,18252.322,18127.531,18165.03,2.06,5.91
2016-10-21,18141.969,18171.982,18045.969,18139.969,18144.031,18174.043,18047.27,18142.031,2.062,11.22
2016-10-24,18173.293,18275.47,18170.045,18216.97,18175.363,18276.365,18172.117,18219.03,2.06,26.8
2016-10-25,18243.818,18253.65,18148.47,18173.47,18245.893,18255.719,18149.092,18176.03,2.56,5.26
2016-10-26,18147.469,18236.47,18056.438,18200.47,18149.021,18237.219,18058.512,18202.53,2.06,16.98
2016-10-27,18186.26,18265.355,18147.951,18175.97,18187.031,18267.115,18148.53,18178.03,2.06,6.73
2016-10-28,18177.97,18253.47,18090.568,18167.969,18180.03,18254.518,18092.65,18170.031,2.062,17.27
2016-10-31,18226.47,18227.469,18128.537,18145.336,18228.53,18229.531,18130.53,18147.396,2.06,14.63
2016-11-01,18197.47,18207.367,17937.47,18034.97,18199.53,18208.531,17939.03,18035.13,0.16,9.39
2016-11-02,17957.469,18044.883,17927.47,17963.473,17959.531,18046.953,17929.53,17965.03,1.557,6.39
2016-11-03,17957.47,18014.473,17901.469,17932.936,17959.53,18016.031,17903.031,17935.006,2.07,8.55
2016-11-04,17935.469,17981.92,17881.703,17886.201,17937.531,17983.992,17883.53,17888.275,2.074,9.84
2016-11-07,18118.47,18266.47,18103.367,18258.47,18120.53,18268.53,18105.44,18260.53,2.06,11.79
2016-11-08,18236.47,18402.469,18198.469,18331.47,18238.53,18404.531,18200.02,18333.53,2.06,11.09
2016-11-09,17725.355,18646.969,17724.965,18589.47,17727.436,18649.031,17726.78,18591.53,2.06,27.12
2016-11-10,18631.463,18876.861,18628.469,18804.469,18632.53,18878.531,18630.498,18806.531,2.062,13.95
2016-11-11,18862.97,18882.469,18739.969,18844.969,18865.03,18884.531,18742.03,18847.031,2.062,8.05
2016-11-14,18948.97,18970.97,18816.969,18870.562,18951.03,18972.494,18817.682,18872.627,2.065,22.99
2016-11-15,18878.154,18924.47,18803.559,18920.328,18880.217,18924.754,18805.621,18922.402,2.074,56.31
2016-11-16,18910.47,18911.97,18823.47,18866.969,18911.945,18913.45,18825.344,18869.031,2.062,18.93
2016-11-17,18884.47,18901.97,18841.877,18897.969,18885.883,18902.387,18843.4,18900.031,2.062,24.05
2016-11-18,18893.135,18915.031,18849.74,18866.469,18894.531,18917.111,18850.53,18868.531,2.062,6.63
2016-11-21,18891.062,18954.66,18859.307,18946.969,18892.031,18956.604,18860.531,18949.031,2.062,6.62
2016-11-22,19011.502,19022.47,18959.105,19022.47,19013.03,19025.031,18961.53,19025.03,2.56,18.25
2016-11-23,19034.96,19081.71,19001.986,19077.97,19040.03,19086.031,19006.53,19080.03,2.06,43.98
2016-11-24,19079.566,19145.338,19072.86,19139.89,19083.53,19149.531,19077.031,19144.53,4.64,18.24
2016-11-25,19131.676,19150.037,19117.857,19150.037,19135.531,19155.031,19122.53,19154.031,3.994,23.18
2016-11-28,19123.871,19138.969,19069.807,19101.469,19127.031,19142.03,19073.031,19103.531,2.062,18.67
2016-11-29,19093.469,19142.97,19069.84,19124.969,19095.531,19145.031,19072.531,19127.031,2.062,17.86
2016-11-30,19125.898,19222.39,19120.52,19139.469,19127.03,19224.473,19122.03,19141.531,2.062,5.71
2016-12-01,19125.07,19210.426,19124.861,19187.969,19126.531,19212.031,19126.531,19190.031,2.062,7.86
2016-12-02,19183.47,19198.97,19140.158,19174.47,19185.064,19201.02,19142.209,19176.53,2.06,5.57
2016-12-05,19126.572,19281.969,19119.916,19215.47,19128.635,19282.873,19121.979,19217.53,2.06,19.06
2016-12-06,19215.469,19251.47,19184.361,19248.969,19216.432,19252.713,19186.408,19251.031,2.062,9.45
2016-12-07,19245.576,19559.463,19221.414,19531.97,19247.648,19561.523,19223.498,19534.03,2.06,6.67
2016-12-08,19533.97,19664.031,19494.47,19610.969,19535.938,19665.531,19496.53,19613.031,2.062,6.0
2016-12-09,19628.969,19753.469,19618.97,19751.63,19630.41,19755.057,19621.025,19753.703,2.073,3.95
2016-12-12,19784.998,19820.604,19750.725,19785.97,19787.068,19822.676,19752.807,19788.03,2.06,3.06
2016-12-13,19804.184,19956.553,19803.904,19904.47,19805.031,19958.844,19804.531,19910.143,5.673,4.72
2016-12-14,19902.469,19963.969,19746.299,19801.969,19904.531,19966.135,19748.38,19804.031,2.062,11.71
2016-12-15,19848.47,19949.47,19805.47,19850.969,19850.53,19953.166,19809.604,19853.031,2.062,13.32
2016-12-16,19878.969,19916.47,19817.47,19839.97,19880.693,19920.568,19821.76,19842.03,2.06,12.75
2016-12-19,19896.47,19916.469,19848.01,19886.469,19898.53,19918.531,19850.078,19888.531,2.062,2.58
2016-12-20,19895.602,19988.465,19892.47,19965.469,19897.664,19990.53,19894.53,19967.531,2.062,1.19
2016-12-21,19964.469,19985.47,19938.578,19944.47,19966.531,19988.03,19940.65,19946.53,2.06,8.5
2016-12-22,19918.977,19952.795,19884.969,19920.97,19921.047,19954.875,19886.621,19923.03,2.06,4.94
2016-12-23,19932.97,19942.97,19898.97,19925.469,19934.021,19944.69,19900.455,19927.531,2.062,3.52
2016-12-27,19923.969,19975.146,19915.469,19939.47,19926.031,19977.219,19918.81,19941.53,2.06,3.55
2016-12-28,19961.969,19977.97,19827.469,19837.469,19962.447,19980.031,19829.402,19839.531,2.062,6.52
2016-12-29,19835.469,19874.97,19786.47,19820.97,19835.648,19877.03,19787.398,19823.03,2.06,5.01
2016-12-30,19859.969,19864.97,19719.469,19777.469,19860.309,19866.031,19720.148,19779.531,2.062,4.94
2017-01-03,19881.97,19936.47,19780.47,19877.97,19884.03,19939.031,19782.53,19880.03,2.06,2.78
2017-01-04,19881.47,19951.47,19871.469,19935.469,19883.53,19953.531,19875.611,19937.531,2.062,3.55
2017-01-05,19907.47,19943.97,19805.469,19896.969,19914.611,19950.047,19813.006,19899.512,2.543,1.38
2017-01-06,19889.365,19995.47,19830.969,19965.47,19891.436,19999.172,19835.111,19967.53,2.06,7.55
2017-01-09,19990.97,19992.97,19889.469,19897.47,19993.453,19996.654,19893.678,19899.53,2.06,7.58
2017-01-10,19881.97,19957.97,19838.469,19863.97,19883.137,19959.53,19839.676,19866.03,2.06,7.14
2017-01-11,19861.47,19977.47,19830.969,19950.469,19862.93,19980.03,19833.754,19952.531,2.062,5.97
2017-01-12,19902.97,19918.66,19763.469,19887.469,19904.467,19920.965,19765.53,19890.324,2.855,5.44
2017-01-13,19894.469,19949.969,19845.969,19883.969,19899.725,19954.977,19849.53,19888.102,4.133,1.56
2017-01-16,19856.97,19882.47,19845.969,19858.469,19858.555,19884.11,19847.254,19859.81,1.341,2.25
2017-01-17,19849.49,19883.97,19773.97,19826.469,19851.574,19885.633,19776.035,19828.531,2.062,8.08
2017-01-18,19845.969,19853.232,19734.97,19803.47,19850.188,19855.314,19738.846,19805.53,2.06,5.87
2017-01-19,19801.97,19824.36,19677.37,19737.469,19804.03,19826.43,19679.535,19739.531,2.062,6.05
2017-01-20,19744.469,19845.969,19735.623,19820.969,19746.531,19848.031,19736.037,19823.031,2.062,9.02
2017-01-23,19776.49,19837.492,19733.068,19802.47,19778.57,19839.555,19736.807,19804.53,2.06,9.6
2017-01-24,19800.469,19946.37,19788.969,19910.97,19802.531,19949.055,19791.615,19913.03,2.06,12.66
2017-01-25,19937.469,20082.47,19935.469,20069.97,19939.531,20084.53,19938.385,20072.03,2.06,10.49
2017-01-26,20128.469,20128.47,20067.47,20098.469,20130.846,20130.846,20070.588,20100.531,2.062,8.58
2017-01-27,20116.97,20137.97,20072.47,20089.469,20119.506,20140.703,20075.87,20091.531,2.062,10.89
2017-01-30,20042.311,20060.797,19868.775,19958.469,20044.332,20062.818,19870.796,19965.178,6.709,6.19
2017-01-31,19908.969,19946.47,19781.47,19862.969,19909.82,19948.588,19783.877,19865.031,2.062,11.57
2017-02-01,19913.47,19962.47,19841.47,19883.97,19917.7,19964.748,19844.02,19886.03,2.06,14.58
2017-02-02,19825.969,19919.469,19812.475,19883.969,19828.031,19921.531,19813.168,19886.031,2.062,5.65
2017-02-03,19877.97,20075.97,19877.97,20057.969,19881.371,20077.611,19880.857,20062.44,4.471,10.45
2017-02-06,20063.97,20090.97,20002.969,20055.47,20068.95,20095.707,20008.223,20057.53,2.06,3.06
2017-02-07,20044.97,20157.969,20040.969,20086.47,20045.752,20160.031,20041.336,20088.53,2.06,9.16
2017-02-08,20093.469,20099.97,20013.969,20046.969,20094.902,20101.531,20015.914,20051.232,4.263,7.38
2017-02-09,20044.969,20202.469,20035.469,20166.969,20050.525,20207.203,20038.031,20169.031,2.062,1.77
2017-02-10,20231.97,20296.469,20196.97,20272.47,20235.082,20298.531,20200.162,20274.53,2.06,13.65
2017-02-13,20288.97,20439.97,20285.969,20411.47,20291.465,20442.215,20288.484,20413.53,2.06,10.56
2017-02-14,20399.47,20502.47,20381.031,20499.97,20400.264,20505.03,20382.531,20502.03,2.06,6.75
2017-02-15,20531.883,20616.47,20497.47,20610.47,20532.531,20619.156,20499.53,20612.53,2.06,10.7
2017-02-16,20629.469,20641.97,20556.969,20620.47,20631.432,20645.707,20560.072,20621.936,1.466,9.08
2017-02-17,20594.97,20617.27,20526.223,20616.52,20596.469,20620.031,20528.53,20618.031,1.511,10.22
2017-02-20,20655.281,20689.326,20630.969,20661.305,20657.531,20691.53,20633.031,20662.53,1.225,2.34
2017-02-21,20631.797,20751.938,20620.814,20723.969,20633.531,20754.531,20623.03,20726.031,2.062,6.62
2017-02-22,20730.734,20776.354,20687.176,20767.469,20733.531,20779.53,20690.03,20770.031,2.562,13.44
2017-02-23,20771.97,20837.57,20744.469,20805.469,20774.03,20841.926,20747.031,20807.531,2.062,2.38
2017-02-24,20790.97,20816.818,20713.469,20812.97,20792.887,20818.89,20716.662,20815.03,2.06,6.3
2017-02-27,20823.838,20842.969,20768.47,20828.469,20825.899,20846.299,20770.53,20830.531,2.062,9.2
2017-02-28,20816.47,20836.47,20774.969,20812.47,20824.096,20844.588,20783.178,20817.115,4.645,1.46
2017-03-01,20841.47,21171.525,20836.47,21108.969,20842.238,21173.605,20837.062,21111.031,2.062,11.08
2017-03-02,21125.969,21138.97,20993.47,20995.469,21127.572,21140.914,20995.43,20997.531,2.062,9.16
2017-03-03,20959.469,21045.568,20950.568,20993.969,20961.531,21047.531,20951.73,20996.031,2.062,7.92
2017-03-06,20950.781,20985.572,20908.969,20955.469,20951.03,20987.645,20911.531,20957.531,2.062,8.36
2017-03-07,20965.27,20969.082,20898.969,20920.969,20966.197,20970.031,20901.03,20923.031,2.062,6.87
2017-03-08,20883.69,20950.943,20833.469,20853.47,20885.031,20952.531,20835.03,20855.53,2.06,7.51
2017-03-09,20858.97,20899.182,20775.924,20856.469,20861.03,20901.63,20778.83,20858.531,2.062,11.88
2017-03-10,20911.621,20976.936,20824.47,20897.47,20912.531,20979.53,20828.488,20899.53,2.06,9.88
2017-03-13,20899.969,20923.07,20848.969,20875.469,20901.328,20925.13,20851.03,20877.531,2.062,7.26
2017-03-14,20862.945,20872.293,20782.97,20836.785,20865.531,20875.03,20785.03,20839.93,3.145,7.28
2017-03-15,20872.969,20972.1,20854.389,20940.469,20876.33,20974.03,20856.531,20942.531,2.062,8.19
2017-03-16,20970.469,21024.701,20890.969,20927.969,20975.031,21026.773,20893.031,20930.031,2.062,4.8
2017-03-17,20915.068,20975.67,20904.969,20913.17,20918.031,20980.629,20907.03,20917.102,3.932,6.82
2017-03-20,20892.47,20951.27,20880.47,20905.47,20896.03,20954.47,20885.047,20910.105,4.635,12.45
2017-03-21,20938.47,20968.37,20653.969,20666.969,20940.53,20969.99,20660.348,20672.877,5.908,13.86
2017-03-22,20619.47,20685.97,20578.47,20661.47,20621.53,20688.75,20580.53,20667.256,5.786,12.29
2017-03-23,20674.969,20755.47,20613.97,20653.469,20677.031,20757.307,20616.03,20655.432,1.963,9.68
2017-03-24,20704.568,20717.934,20529.67,20607.969,20706.531,20720.016,20533.07,20610.031,2.062,8.19
2017-03-27,20510.469,20576.87,20408.97,20547.97,20512.432,20579.031,20411.03,20551.53,3.56,6.75
2017-03-28,20585.97,20733.27,20512.47,20699.969,20589.53,20735.43,20514.83,20702.031,2.062,4.88
2017-03-29,20700.47,20718.97,20619.969,20652.969,20702.53,20721.031,20622.031,20655.031,2.062,2.7
2017-03-30,20671.969,20752.57,20629.969,20721.47,20674.031,20755.031,20632.03,20723.53,2.06,2.79
2017-03-31,20682.27,20718.47,20655.969,20657.969,20685.33,20720.531,20658.03,20660.031,2.062,2.66
2017-04-03,20678.969,20708.97,20515.97,20648.969,20681.031,20713.03,20518.03,20651.031,2.062,29.68
2017-04-04,20609.469,20698.67,20570.068,20685.67,20611.531,20699.531,20571.531,20687.031,1.361,390.23
2017-04-05,20690.77,20888.67,20636.969,20647.47,20694.03,20889.432,20639.03,20649.53,2.06,96.73
2017-04-06,20593.969,20746.67,20581.969,20662.469,20596.031,20747.531,20583.93,20664.531,2.062,366.37
2017-04-07,20604.469,20726.67,20590.068,20658.67,20609.031,20729.53,20593.531,20663.03,4.36,518.8
2017-04-10,20686.47,20748.67,20610.17,20652.17,20690.03,20751.03,20612.031,20652.53,0.36,388.34
2017-04-11,20637.969,20663.068,20505.67,20646.67,20643.031,20668.031,20510.031,20647.03,0.36,531.56
2017-04-12,20640.469,20701.068,20552.67,20585.67,20644.03,20703.63,20554.93,20589.53,3.86,501.02
2017-04-13,20589.969,20610.67,20454.67,20457.67,20593.03,20612.531,20456.53,20460.03,2.36,503.4
2017-04-17,20456.969,20642.67,20449.07,20635.67,20462.03,20646.531,20454.43,20638.531,2.861,240.98
2017-04-18,20633.47,20643.47,20457.469,20518.97,20637.531,20649.031,20459.531,20521.03,2.06,116.49
2017-04-19,20497.969,20545.97,20370.67,20393.469,20500.031,20548.03,20373.03,20395.531,2.062,30.4
2017-04-20,20400.47,20628.67,20395.5,20575.969,20402.53,20631.33,20397.93,20582.33,6.361,208.12
2017-04-21,20604.97,20615.47,20504.97,20553.97,20608.53,20618.531,20506.33,20555.33,1.36,221.85
2017-04-24,20725.969,20793.67,20724.969,20767.47,20728.53,20795.33,20727.531,20769.53,2.06,181.7
2017-04-25,20804.969,21027.47,20794.568,20997.97,20806.531,21030.031,20795.93,21000.03,2.06,11.55
2017-04-26,21016.57,21071.469,20972.469,20982.67,21018.53,21073.531,20973.33,20984.031,1.361,75.85
2017-04-27,20988.97,21007.97,20931.57,20979.47,20991.03,21010.531,20933.53,20981.53,2.06,222.11
2017-04-28,20951.97,20991.07,20920.969,20939.67,20954.031,20992.531,20923.031,20940.531,0.861,215.36
2017-05-01,20962.97,20987.37,20895.17,20920.969,20965.03,20989.531,20896.33,20922.33,1.361,101.47
2017-05-02,20919.969,20958.67,20900.969,20943.67,20923.031,20960.33,20903.03,20945.33,1.66,247.36
2017-05-03,20914.969,20973.77,20869.97,20956.469,20917.031,20974.475,20872.03,20957.33,0.861,132.74
2017-05-04,20969.97,21011.97,20844.67,20944.67,20971.53,21015.531,20846.53,20946.33,1.66,240.76
2017-05-05,20905.97,21005.67,20897.47,21000.67,20908.03,21007.531,20899.531,21003.031,2.361,71.59
2017-05-08,21017.469,21020.469,20963.068,21003.67,21021.031,21022.03,20964.031,21005.031,1.361,245.66
2017-05-09,20992.969,21047.67,20936.67,20974.67,20996.03,21050.03,20938.531,20976.53,1.86,218.53
2017-05-10,20913.469,20975.67,20882.67,20942.17,20917.531,20978.03,20884.031,20943.531,1.361,308.27
2017-05-11,20920.969,20931.67,20794.969,20912.97,20925.53,20933.33,20797.031,20915.03,2.06,376.19
2017-05-12,20889.469,20916.67,20863.068,20888.67,20894.03,20918.53,20866.53,20892.53,3.86,310.68
2017-05-15,20908.47,21000.17,20901.068,20980.469,20912.531,21001.83,20904.53,20984.33,3.861,239.37
2017-05-16,20968.469,21030.47,20929.97,20976.469,20972.531,21033.33,20933.33,20976.83,0.361,231.83
2017-05-17,20854.969,20882.07,20600.97,20612.969,20856.031,20884.13,20603.33,20615.031,2.062,478.34
2017-05-18,20649.87,20760.17,20495.67,20664.97,20651.53,20761.83,20497.93,20666.33,1.36,473.22
2017-05-19,20666.469,20858.67,20652.068,20801.17,20669.531,20860.33,20654.93,20802.83,1.66,296.58
2017-05-22,20841.47,20914.969,20787.97,20892.969,20845.53,20916.33,20789.93,20894.33,1.361,170.74
2017-05-23,20882.969,20962.57,20869.47,20938.07,20885.53,20964.53,20873.53,20938.33,0.26,98.71
2017-05-24,20927.469,21021.67,20924.07,21005.969,20931.531,21023.33,20926.93,21008.031,2.062,280.17
2017-05-25,21094.97,21112.67,21048.67,21080.67,21099.03,21114.031,21050.33,21082.33,1.66,367.81
2017-05-26,21061.47,21093.07,21037.568,21073.57,21065.53,21095.93,21040.432,21076.33,2.76,314.4
2017-05-29,21084.469,21108.67,21073.469,21074.87,21087.031,21110.33,21075.53,21080.73,5.86,96.55
2017-05-30,21064.969,21075.969,21005.068,21025.469,21071.53,21080.93,21009.33,21029.33,3.861,4.63
2017-05-31,21026.97,21065.97,20935.469,21007.97,21031.531,21069.432,20938.33,21008.83,0.86,5.38
2017-06-01,21016.469,21139.57,20987.97,21134.068,21021.53,21141.33,20991.932,21139.83,5.762,5.2
2017-06-02,21198.969,21228.87,21127.97,21192.87,21202.031,21230.932,21129.83,21194.33,1.46,5.33
2017-06-05,21198.97,21221.469,21166.47,21181.97,21201.03,21224.33,21168.33,21186.33,4.36,2.27
2017-06-06,21154.27,21177.47,21116.969,21142.17,21157.531,21179.33,21120.33,21144.33,2.16,4.34
2017-06-07,21164.67,21187.47,21107.97,21165.969,21166.031,21192.33,21111.83,21171.33,5.361,4.74
2017-06-08,21180.969,21267.47,21136.67,21180.469,21183.531,21269.83,21138.33,21182.33,1.861,4.14
2017-06-09,21192.97,21302.77,21156.17,21256.469,21195.03,21306.33,21157.83,21258.33,1.861,7.74
2017-06-12,21226.47,21276.97,21185.669,21235.169,21230.53,21279.931,21187.331,21236.831,1.662,37.63
2017-06-13,21247.57,21331.67,21240.97,21323.469,21250.531,21333.33,21242.93,21327.33,3.861,48.63
2017-06-14,21311.469,21389.17,21289.67,21369.969,21315.531,21390.33,21291.33,21371.33,1.361,127.53
2017-06-15,21339.969,21362.67,21256.469,21354.67,21344.031,21364.331,21259.331,21356.33,1.66,141.94
2017-06-16,21387.97,21406.97,21305.67,21375.97,21389.53,21408.931,21307.33,21377.331,1.361,41.91
2017-06-19,21411.97,21525.67,21410.969,21520.669,21413.53,21527.331,21412.531,21522.331,1.662,12.03
2017-06-20,21528.47,21533.47,21464.669,21471.17,21530.43,21537.131,21466.33,21472.031,0.861,39.41
2017-06-21,21468.97,21497.37,21389.669,21413.669,21471.03,21499.331,21391.53,21415.431,1.762,68.2
2017-06-22,21420.97,21454.669,21390.969,21399.669,21422.93,21456.331,21393.03,21401.331,1.662,36.71
2017-06-23,21413.969,21423.57,21329.669,21395.17,21415.53,21424.931,21332.03,21396.83,1.66,34.58
2017-06-26,21406.47,21501.67,21376.669,21411.669,21408.53,21505.031,21377.83,21413.331,1.662,39.19
2017-06-27,21409.47,21439.669,21316.669,21320.669,21410.25,21441.331,21318.33,21322.331,1.662,53.31
2017-06-28,21329.469,21479.669,21302.27,21448.169,21333.531,21481.331,21306.931,21449.831,1.662,38.72
2017-06-29,21489.97,21505.07,21192.469,21287.17,21494.03,21507.931,21194.03,21288.83,1.66,72.94
2017-06-30,21326.469,21426.67,21285.97,21355.17,21328.03,21428.331,21289.431,21356.83,1.66,68.24
2017-07-03,21389.969,21559.67,21386.97,21545.67,21401.53,21563.831,21395.53,21547.33,1.66,16.08
2017-07-04,21471.97,21530.069,21454.469,21480.77,21476.03,21532.931,21464.931,21490.331,9.561,6.65
2017-07-05,21501.469,21512.07,21399.469,21472.969,21505.531,21514.931,21404.33,21480.331,7.362,38.45
2017-07-06,21463.57,21470.47,21298.97,21318.97,21472.03,21474.531,21308.33,21328.331,9.361,36.21
2017-07-07,21330.469,21422.97,21310.969,21411.169,21335.531,21426.331,21313.93,21412.831,1.662,77.34
2017-07-10,21436.47,21444.15,21361.97,21409.67,21440.53,21445.831,21366.33,21411.33,1.66,47.98
2017-07-11,21432.469,21440.67,21275.65,21410.47,21436.531,21442.331,21277.33,21417.33,6.86,41.59
2017-07-12,21417.969,21577.469,21410.469,21536.169,21426.03,21584.331,21418.531,21537.831,1.662,22.43
2017-07-13,21540.969,21564.97,21505.969,21549.969,21548.031,21571.93,21512.33,21557.33,7.361,23.24
2017-07-14,21560.369,21681.669,21523.47,21636.969,21568.03,21683.331,21525.33,21642.831,5.862,23.45
2017-07-17,21650.97,21674.569,21612.969,21632.669,21658.031,21677.931,21616.33,21634.331,1.662,17.73
2017-07-18,21629.969,21655.57,21463.969,21577.669,21634.031,21659.931,21466.03,21579.331,1.662,31.75
2017-07-19,21568.47,21634.67,21546.469,21631.67,21572.53,21636.331,21555.93,21633.33,1.66,16.69
2017-07-20,21640.469,21672.07,21572.97,21616.67,21644.531,21674.931,21576.33,21618.33,1.66,22.21
2017-07-21,21619.47,21638.069,21500.669,21577.67,21631.531,21640.931,21502.33,21579.33,1.66,19.17
2017-07-24,21554.97,21579.07,21483.97,21523.469,21557.03,21581.931,21496.331,21535.331,11.862,16.2
2017-07-25,21543.47,21686.07,21525.969,21610.669,21547.53,21688.93,21539.03,21612.331,1.662,38.3
2017-07-26,21612.469,21738.67,21599.47,21706.669,21616.531,21740.331,21614.53,21708.331,1.662,19.7
2017-07-27,21713.169,21788.97,21679.969,21783.969,21733.53,21800.33,21689.53,21794.331,10.362,16.33
2017-07-28,21753.469,21829.37,21738.97,21818.969,21757.531,21843.33,21741.03,21832.331,13.362,16.56
2017-07-31,21821.669,21926.67,21820.469,21900.67,21829.53,21928.331,21828.53,21902.031,1.361,51.59
2017-08-01,21975.369,22018.67,21943.669,21962.67,21978.531,22020.931,21945.33,21964.33,1.66,51.22
2017-08-02,22000.97,22034.67,21965.97,22008.669,22002.531,22036.831,21967.331,22010.331,1.662,45.96
2017-08-03,22001.469,22042.17,21980.969,22022.67,22002.33,22043.83,21983.03,22024.33,1.66,84.27
2017-08-04,22038.47,22101.47,22024.969,22082.469,22042.53,22103.531,22027.43,22084.531,2.062,12.22
2017-08-07,22118.37,22123.37,22081.769,22117.669,22121.43,22126.031,22082.33,22118.53,0.861,6.75
2017-08-08,22104.47,22179.45,22056.169,22084.97,22106.13,22180.331,22057.83,22086.331,1.361,124.08
2017-08-09,22045.469,22060.07,21994.969,22047.67,22047.831,22062.431,21997.03,22048.03,0.36,103.08
2017-08-10,22012.469,22027.969,21842.469,21851.969,22016.531,22032.031,21844.531,21854.031,2.062,207.97
2017-08-11,21860.469,21910.67,21813.969,21855.87,21862.531,21912.331,21816.035,21859.03,3.16,134.29
2017-08-14,21936.869,22010.469,21932.869,21976.97,21939.031,22012.631,21935.03,21979.03,2.06,2.52
2017-08-15,22036.17,22042.97,21967.369,22000.969,22038.43,22045.73,21969.53,22003.031,2.062,2.53
2017-08-16,21991.67,22075.97,21991.669,22016.469,21993.83,22078.03,21993.83,22018.531,2.062,3.25
2017-08-17,22015.07,22034.769,21748.469,21751.869,22017.03,22037.231,21750.53,21754.231,2.362,5.53
2017-08-18,21763.469,21787.47,21637.969,21674.969,21765.531,21789.531,21640.03,21677.031,2.062,5.46
2017-08-21,21675.969,21716.17,21597.969,21705.969,21678.031,21718.831,21600.031,21708.031,2.062,22.81
2017-08-22,21755.369,21908.17,21729.469,21892.67,21758.331,21910.73,21731.53,21895.03,2.36,3.05
2017-08-23,21881.169,21889.97,21798.969,21812.27,21883.331,21892.031,21801.03,21814.43,2.16,3.88
2017-08-24,21795.469,21876.27,21759.969,21779.969,21797.531,21878.531,21762.03,21782.031,2.062,3.7
2017-08-25,21812.769,21904.969,21768.47,21816.769,21814.931,21907.031,21770.53,21818.931,2.162,4.35
2017-08-28,21790.469,21870.97,21762.969,21802.969,21792.531,21873.031,21765.03,21805.031,2.062,3.27
2017-08-29,21714.47,21874.969,21645.47,21866.269,21716.53,21877.031,21647.53,21869.031,2.762,5.11
2017-08-30,21889.27,21941.969,21830.469,21886.969,21891.43,21944.931,21832.531,21889.031,2.062,3.71
2017-08-31,21908.469,21986.469,21897.47,21951.97,21910.0,21988.531,21899.53,21954.03,2.06,3.01
2017-09-01,21980.069,22037.969,21974.969,21982.969,21982.031,22040.031,21976.93,21985.031,2.062,2.53
2017-09-04,21914.969,21944.97,21898.969,21930.97,21917.031,21947.031,21901.03,21933.03,2.06,0.78
2017-09-05,21935.47,21948.97,21705.47,21752.969,21937.53,21951.03,21707.53,21755.031,2.062,4.95
2017-09-06,21774.669,21846.97,21749.469,21811.469,21778.031,21848.03,21751.531,21813.531,2.062,4.19
2017-09-07,21775.969,21846.97,21740.47,21782.969,21778.031,21849.03,21742.53,21785.031,2.062,3.83
2017-09-08,21752.169,21841.37,21710.97,21793.97,21755.331,21845.03,21713.03,21796.03,2.06,2.83
2017-09-11,21932.469,22067.969,21918.469,22057.47,21934.531,22070.031,21920.531,22059.53,2.06,1.77
2017-09-12,22074.67,22137.97,22072.67,22117.97,22076.83,22140.331,22075.031,22120.03,2.06,2.27
2017-09-13,22113.47,22157.97,22091.969,22156.469,22115.53,22160.13,22094.031,22158.531,2.062,2.41
2017-09-14,22132.87,22211.47,22107.07,22205.369,22135.93,22213.53,22109.03,22207.731,2.362,3.38
2017-09-15,22206.97,22268.47,22186.47,22262.97,22209.03,22270.731,22188.53,22265.03,2.06,2.61
2017-09-18,22334.769,22358.47,22285.469,22336.97,22337.531,22360.73,22287.53,22339.23,2.26,2.07
2017-09-19,22358.269,22386.07,22342.47,22377.67,22361.331,22388.73,22344.53,22379.63,1.96,2.62
2017-09-20,22379.069,22416.67,22318.569,22415.069,22381.131,22418.83,22320.63,22417.131,2.062,2.95
2017-09-21,22405.969,22414.469,22358.469,22363.869,22407.931,22417.131,22360.531,22366.131,2.262,2.57
2017-09-22,22325.469,22365.969,22301.969,22343.469,22328.031,22368.031,22304.03,22345.531,2.062,2.66
2017-09-25,22329.97,22359.269,22216.469,22296.969,22332.03,22361.631,22218.531,22299.031,2.062,3.08
2017-09-26,22297.469,22364.969,22276.869,22284.97,22299.531,22367.031,22279.03,22287.03,2.06,2.05
2017-09-27,22307.97,22369.47,22251.969,22336.969,22310.03,22371.53,22254.03,22339.031,2.062,2.74
2017-09-28,22349.869,22388.97,22280.97,22371.369,22352.031,22391.031,22283.03,22373.531,2.162,2.28
2017-09-29,22373.969,22397.97,22329.469,22391.469,22376.031,22400.03,22331.53,22393.531,2.062,1.96
2017-10-02,22428.97,22548.47,22416.969,22547.47,22431.03,22550.531,22419.03,22549.53,2.06,2.0
2017-10-03,22601.37,22644.47,22579.869,22641.969,22604.43,22646.531,22582.03,22644.031,2.062,1.48
2017-10-04,22656.97,22684.17,22633.469,22658.57,22659.03,22687.331,22635.531,22661.33,2.76,1.78
2017-10-05,22651.969,22770.67,22650.469,22769.97,22653.931,22772.831,22652.53,22772.03,2.06,2.21
2017-10-06,22778.97,22785.469,22727.47,22764.47,22781.03,22787.431,22729.53,22766.43,1.96,2.2
2017-10-09,22762.07,22798.969,22735.969,22754.469,22764.53,22801.031,22738.031,22756.531,2.062,1.72
2017-10-10,22788.47,22846.57,22765.969,22831.069,22790.53,22848.73,22768.03,22833.431,2.362,2.27
2017-10-11,22839.569,22866.569,22806.27,22865.569,22841.731,22868.731,22809.03,22867.531,1.962,1.73
2017-10-12,22859.969,22882.57,22819.97,22839.969,22862.031,22884.731,22822.03,22842.031,2.062,1.57
2017-10-13,22859.47,22902.469,22846.47,22877.969,22861.53,22904.531,22848.53,22880.031,2.062,1.83
2017-10-16,22897.469,22955.57,22884.469,22948.969,22899.531,22957.73,22886.531,22951.031,2.062,1.72
2017-10-17,22959.87,22996.47,22946.87,22988.469,22962.23,22998.531,22949.03,22990.531,2.062,1.71
2017-10-18,23030.97,23171.67,23026.969,23155.67,23033.03,23173.331,23029.03,23157.33,1.66,20.64
2017-10-19,23155.47,23164.669,23000.57,23163.669,23159.53,23166.331,23003.43,23165.331,1.662,44.51
2017-10-20,23234.469,23324.669,23200.669,23323.67,23238.531,23326.331,23202.33,23325.33,1.66,29.98
2017-10-23,23332.47,23368.069,23275.169,23278.67,23336.53,23370.931,23276.831,23280.33,1.66,30.05
2017-10-24,23314.469,23485.67,23298.569,23440.669,23318.531,23487.33,23301.431,23442.331,1.662,36.83
2017-10-25,23433.469,23462.07,23249.67,23329.669,23437.531,23464.931,23251.33,23331.331,1.662,55.08
2017-10-26,23346.47,23450.67,23337.069,23405.669,23350.53,23452.331,23339.93,23407.331,1.662,42.27
2017-10-27,23406.469,23457.07,23349.169,23432.67,23410.531,23459.931,23350.831,23434.33,1.66,44.33
2017-10-30,23403.97,23428.17,23328.669,23347.67,23408.03,23429.83,23330.33,23349.33,1.66,36.12
2017-10-31,23353.469,23405.67,23334.669,23375.67,23357.531,23407.331,23336.33,23377.33,1.66,27.13
2017-11-01,23435.47,23517.07,23385.67,23433.67,23439.53,23519.93,23387.33,23435.33,1.66,44.82
2017-11-02,23404.47,23530.67,23343.67,23512.669,23408.53,23532.331,23345.33,23514.331,1.662,50.55
2017-11-03,23531.47,23552.67,23475.669,23535.67,23535.53,23554.931,23477.33,23537.33,1.66,34.48
2017-11-06,23516.469,23573.67,23503.47,23551.169,23520.531,23575.331,23507.53,23552.831,1.662,26.22
2017-11-07,23615.47,23616.47,23483.669,23553.169,23619.53,23620.53,23485.33,23554.831,1.662,39.98
2017-11-08,23544.469,23575.17,23511.669,23559.669,23548.531,23576.831,23513.33,23561.331,1.662,33.91
2017-11-09,23525.47,23541.47,23307.67,23462.17,23529.53,23545.531,23309.33,23463.83,1.66,86.62
2017-11-10,23449.469,23462.57,23377.069,23425.169,23453.531,23465.431,23379.931,23426.831,1.662,51.51
2017-11-13,23439.47,23457.67,23327.569,23443.67,23443.53,23459.331,23330.43,23445.33,1.66,38.68
2017-11-14,23429.47,23461.07,23269.669,23407.17,23433.53,23463.931,23271.33,23408.83,1.66,46.31
2017-11-15,23343.47,23348.47,23241.669,23274.67,23347.53,23352.531,23243.33,23276.33,1.66,55.91
2017-11-16,23347.969,23489.67,23320.069,23455.67,23350.0,23491.331,23322.93,23457.33,1.66,43.75
2017-11-17,23430.47,23453.07,23351.669,23358.67,23434.53,23455.931,23353.33,23360.33,1.66,55.61
2017-11-20,23291.47,23455.67,23289.969,23430.669,23295.53,23457.33,23294.03,23432.331,1.662,43.73
2017-11-21,23421.469,23616.67,23405.469,23589.669,23425.531,23618.331,23409.531,23591.331,1.662,47.35
2017-11-22,23600.47,23625.07,23503.669,23527.67,23604.53,23627.931,23505.33,23529.33,1.66,37.3
2017-11-23,23516.469,23537.07,23460.57,23528.17,23520.531,23539.93,23463.43,23529.83,1.66,19.16
2017-11-24,23542.47,23598.67,23512.069,23547.169,23546.53,23600.33,23514.93,23548.831,1.662,26.7
2017-11-27,23525.47,23638.67,23519.07,23580.669,23529.53,23640.331,23521.93,23582.331,1.662,42.35
2017-11-28,23588.469,23850.67,23588.469,23838.669,23592.531,23852.33,23592.531,23840.331,1.662,51.37
2017-11-29,23844.47,23959.67,23840.469,23938.669,23848.53,23961.331,23844.531,23940.331,1.662,62.68
2017-11-30,23954.469,24326.67,23951.469,24260.669,23958.531,24328.33,23955.53,24262.331,1.662,66.52
2017-12-01,24271.47,24322.67,23922.169,24228.669,24275.53,24324.331,23923.831,24230.331,1.662,115.66
2017-12-04,24442.47,24533.669,24288.669,24289.669,24446.53,24535.331,24290.331,24291.331,1.662,91.58
2017-12-05,24369.47,24384.569,24154.169,24178.67,24373.53,24387.431,24155.83,24180.33,1.66,87.34
2017-12-06,24120.469,24230.67,24081.469,24144.669,24124.531,24232.331,24085.53,24146.331,1.662,79.81
2017-12-07,24175.469,24258.169,24069.069,24208.17,24179.531,24259.831,24071.931,24209.83,1.66,73.84
2017-12-08,24251.47,24329.67,24223.169,24327.669,24255.53,24331.331,24224.831,24329.331,1.662,53.98
2017-12-11,24349.47,24389.67,24314.669,24385.669,24353.53,24391.331,24316.33,24387.331,1.662,44.67
2017-12-12,24405.469,24552.67,24394.069,24508.669,24409.531,24554.331,24396.93,24510.331,1.662,51.36
2017-12-13,24511.469,24666.67,24502.469,24593.67,24515.531,24668.331,24506.531,24595.33,1.66,59.78
2017-12-14,24647.469,24677.07,24512.669,24518.669,24651.531,24679.931,24514.331,24520.331,1.662,65.32
2017-12-15,24577.47,24684.669,24562.069,24638.67,24581.53,24686.331,24564.931,24640.33,1.66,58.34
2017-12-18,24766.969,24873.67,24751.469,24801.17,24771.031,24875.331,24755.53,24802.83,1.66,54.74
2017-12-19,24823.47,24873.07,24713.669,24756.169,24827.53,24875.931,24715.33,24757.831,1.662,50.88
2017-12-20,24803.97,24863.07,24691.669,24729.669,24808.03,24865.93,24693.33,24731.331,1.662,61.71
2017-12-21,24727.47,24846.67,24702.069,24787.669,24731.53,24848.33,24704.93,24789.331,1.662,43.51
2017-12-22,24793.469,24807.07,24722.669,24767.669,24797.531,24809.931,24724.33,24769.331,1.662,38.33
2017-12-26,24744.469,24780.669,24699.069,24754.669,24748.531,24782.331,24701.93,24756.331,1.662,27.67
2017-12-27,24753.469,24787.669,24734.17,24766.669,24757.531,24789.331,24735.83,24768.331,1.662,37.07
2017-12-28,24783.469,24833.669,24774.67,24829.669,24787.531,24835.331,24776.33,24831.331,1.662,28.01
2017-12-29,24844.469,24899.07,24743.669,24760.669,24848.531,24901.931,24745.33,24762.331,1.662,40.84
2018-01-02,24791.969,24876.07,24740.669,24821.169,24796.031,24878.931,24742.33,24822.831,1.662,47.57
2018-01-03,24830.469,24938.67,24825.469,24919.169,24834.531,24940.331,24827.33,24920.831,1.662,41.46
2018-01-04,24956.97,25105.67,24946.469,25074.669,24961.03,25107.331,24950.53,25076.331,1.662,49.81
2018-01-05,25109.47,25297.67,25104.469,25286.67,25113.53,25299.331,25108.53,25288.33,1.66,51.81
2018-01-08,25357.47,25374.07,25235.669,25278.17,25361.53,25376.931,25237.33,25279.83,1.66,49.23
2018-01-09,25291.47,25439.669,25283.97,25391.67,25295.53,25441.331,25288.03,25393.33,1.66,49.31
2018-01-10,25386.469,25403.67,25246.569,25371.169,25390.531,25405.331,25249.43,25372.831,1.662,70.7
2018-01-11,25402.469,25574.169,25377.069,25570.669,25406.531,25575.831,25379.93,25572.331,1.662,49.51
2018-01-12,25599.469,25808.67,25599.469,25801.669,25603.531,25810.331,25603.531,25803.331,1.662,60.45
2018-01-15,25903.469,26001.67,25893.469,25961.67,25907.531,26003.331,25897.53,25963.33,1.66,24.51
2018-01-16,26016.97,26086.67,25703.67,25799.669,26021.03,26088.331,25705.33,25801.331,1.662,100.05
2018-01-17,25892.469,26131.669,25867.669,26118.17,25896.531,26133.331,25869.331,26119.83,1.66,75.94
2018-01-18,26131.47,26146.07,25944.669,26026.669,26135.53,26148.93,25946.331,26028.331,1.662,81.62
2018-01-19,25935.47,26069.67,25927.97,26067.669,25939.53,26071.331,25932.03,26069.331,1.662,71.17
2018-01-22,26014.97,26216.669,25969.069,26212.169,26019.03,26218.331,25971.93,26213.831,1.662,57.67
2018-01-23,26290.469,26321.47,26143.67,26210.669,26294.531,26325.531,26145.33,26212.331,1.662,72.1
2018-01-24,26239.469,26390.67,26093.669,26266.669,26243.531,26392.33,26095.33,26268.331,1.662,86.26
2018-01-25,26285.469,26454.67,26240.469,26390.17,26289.531,26456.331,26244.531,26391.83,1.66,79.65
2018-01-26,26416.97,26611.669,26415.469,26611.669,26421.03,26613.331,26419.43,26613.331,1.662,56.68
2018-01-29,26647.97,26660.47,26436.67,26439.169,26652.03,26664.531,26438.33,26440.831,1.662,77.86
2018-01-30,26309.969,26327.07,26026.669,26078.669,26314.031,26331.031,26028.33,26080.331,1.662,123.82
2018-01-31,26118.469,26329.169,26047.169,26156.669,26122.531,26330.831,26048.831,26158.331,1.662,113.09
2018-02-01,26216.47,26298.669,25941.07,26179.67,26220.53,26300.331,25943.93,26181.33,1.66,119.66
2018-02-02,26158.969,26160.97,25485.669,25502.169,26163.031,26165.031,25487.33,25503.831,1.662,160.73
2018-02-05,25367.97,25519.169,23706.17,24338.17,25372.03,25520.831,23707.83,24339.83,1.66,197.95
2018-02-06,23658.469,24946.169,23544.069,24923.169,23662.531,24947.831,23546.93,24924.831,1.662,235.3
2018-02-07,24673.469,25297.169,24561.57,24889.169,24677.531,25298.831,24564.43,24890.831,1.662,190.77
2018-02-08,24825.469,24959.07,23838.669,23849.17,24829.531,24961.931,23840.331,23850.83,1.66,162.29
2018-02-09,24122.97,24382.169,23359.67,24192.169,24127.03,24383.831,23361.33,24193.831,1.662,189.2
2018-02-12,24365.97,24764.169,24258.57,24599.17,24370.03,24765.831,24261.43,24600.83,1.66,126.16
2018-02-13,24500.469,24710.669,24403.07,24641.169,24504.531,24712.331,24405.93,24642.831,1.662,107.07
2018-02-14,24731.47,24928.17,24319.069,24901.169,24735.53,24929.831,24321.93,24902.831,1.662,115.7
2018-02-15,24984.469,25201.669,24804.169,25201.669,24988.531,25203.331,24805.831,25203.331,1.662,107.95
2018-02-16,25286.97,25433.17,25122.069,25216.17,25291.03,25434.831,25124.931,25217.83,1.66,110.37
2018-02-19,25324.469,25332.47,25065.67,25185.17,25328.531,25336.53,25067.33,25186.83,1.66,32.81
2018-02-20,25191.97,25202.469,24879.669,24957.669,25196.03,25206.531,24881.331,24959.331,1.662,118.78
2018-02-21,24974.47,25267.67,24790.67,24793.17,24978.53,25269.33,24792.33,24794.83,1.66,107.34
2018-02-22,24696.47,25157.669,24637.469,24961.669,24700.53,25159.331,24641.53,24963.331,1.662,118.14
2018-02-23,25193.969,25315.67,25025.669,25314.169,25198.031,25317.331,25027.33,25315.831,1.662,94.4
2018-02-26,25426.47,25732.669,25425.469,25705.669,25430.53,25734.331,25429.53,25707.331,1.662,88.04
2018-02-27,25709.97,25798.67,25409.669,25411.669,25714.03,25800.33,25411.33,25413.331,1.662,119.73
2018-02-28,25421.969,25574.67,25023.17,25023.17,25426.031,25576.331,25024.83,25024.83,1.66,118.76
2018-03-01,25058.97,25184.169,24438.169,24603.17,25063.03,25185.831,24439.831,24604.83,1.66,165.66
2018-03-02,24590.47,24628.57,24210.17,24533.169,24594.53,24631.43,24211.83,24534.831,1.662,147.65
2018-03-05,24420.97,24961.669,24320.469,24883.669,24425.03,24963.331,24324.531,24885.331,1.662,117.27
2018-03-06,24951.469,25055.069,24705.669,24884.67,24955.531,25057.931,24707.33,24886.33,1.66,110.25
2018-03-07,24490.969,24849.67,24476.969,24806.169,24495.031,24851.331,24481.031,24807.831,1.662,118.82
2018-03-08,24817.469,24950.67,24699.67,24893.169,24821.531,24952.331,24701.33,24894.831,1.662,94.62
2018-03-09,24882.47,25335.169,24837.569,25332.67,24886.53,25336.831,24840.431,25334.33,1.66,68.21
2018-03-12,25442.469,25500.069,25148.669,25181.17,25446.531,25502.931,25150.33,25182.83,1.66,77.86
2018-03-13,25239.47,25374.67,24942.169,25000.669,25243.53,25376.33,24943.831,25002.331,1.662,96.12
2018-03-14,24994.47,25145.07,24661.17,24754.17,24998.53,25147.931,24662.83,24755.83,1.66,112.33
2018-03-15,24841.969,25055.67,24751.67,24877.669,24846.031,25057.331,24753.33,24879.331,1.662,87.82
2018-03-16,24879.969,25028.67,24841.069,24926.67,24884.031,25030.331,24843.93,24928.33,1.66,74.59
2018-03-19,24883.469,24901.07,24451.669,24609.67,24887.531,24903.931,24453.33,24611.33,1.66,123.6
2018-03-20,24708.969,24805.669,24597.569,24731.17,24713.031,24807.331,24600.431,24732.83,1.66,91.55
2018-03-21,24768.969,24984.17,24650.669,24681.67,24773.031,24985.83,24652.33,24683.33,1.66,172.9
2018-03-22,24745.97,24749.47,23932.669,23960.169,24750.03,24753.53,23934.331,23961.831,1.662,400.71
2018-03-23,23798.469,24110.17,23505.669,23528.669,23802.531,24111.831,23507.33,23530.331,1.662,539.88
2018-03-26,23780.97,24233.169,23739.169,24202.17,23784.531,24234.831,23740.83,24203.831,1.661,299.69
2018-03-27,24322.969,24448.67,23704.67,23858.169,24327.031,24450.33,23706.33,23859.831,1.662,438.13
2018-03-28,23862.969,24093.67,23726.669,23846.669,23866.53,24095.331,23728.33,23848.331,1.662,515.56
2018-03-29,23879.469,24312.67,23878.069,24158.17,23883.531,24314.331,23880.93,24158.331,0.161,341.77
2018-04-02,24087.47,24123.669,23338.17,23640.17,24091.53,24125.33,23339.83,23641.83,1.66,319.68
2018-04-03,23606.47,24044.67,23595.47,24032.169,23610.53,24046.33,23599.53,24033.831,1.662,335.95
2018-04-04,23941.97,24308.17,23396.07,24265.17,23946.03,24309.831,23398.93,24266.83,1.66,365.03
2018-04-05,24317.97,24624.169,24297.07,24503.669,24322.03,24625.83,24299.93,24505.331,1.662,372.38
2018-04-06,24211.469,24438.17,23735.67,23929.67,24217.031,24439.831,23737.331,23930.83,1.16,645.87
2018-04-09,24102.97,24374.169,23954.67,23981.67,24107.531,24375.83,23956.33,23983.331,1.661,486.48
2018-04-10,24322.469,24508.67,24228.669,24408.17,24327.03,24510.33,24230.331,24409.831,1.661,496.0
2018-04-11,24306.47,24365.67,24090.57,24190.17,24310.031,24367.331,24093.43,24191.83,1.66,392.7
2018-04-12,24229.47,24590.67,24171.569,24422.969,24233.031,24592.331,24174.43,24427.031,4.062,352.91
2018-04-13,24426.97,24658.57,24242.17,24368.17,24431.03,24661.43,24243.331,24369.83,1.66,320.99
2018-04-16,24529.47,24673.669,24415.57,24598.469,24533.03,24675.331,24418.43,24602.53,4.061,299.04
2018-04-17,24599.469,24860.169,24597.97,24762.969,24602.53,24861.831,24602.031,24767.031,4.062,290.65
2018-04-18,24762.969,24842.07,24718.67,24795.97,24766.531,24844.93,24720.33,24800.03,4.06,246.74
2018-04-19,24796.97,24814.97,24550.67,24656.97,24800.03,24819.03,24552.33,24661.03,4.06,323.26
2018-04-20,24657.47,24697.97,24373.67,24472.169,24661.031,24702.03,24375.33,24473.831,1.662,370.68
2018-04-23,24526.47,24555.47,24326.669,24495.969,24527.031,24559.53,24328.33,24500.031,4.062,238.5
2018-04-24,24495.969,24636.07,23824.67,24057.97,24498.53,24638.93,23826.33,24062.03,4.06,210.5
2018-04-25,24057.969,24176.969,23824.669,24159.469,24061.031,24181.031,23826.33,24163.531,4.062,293.43
2018-04-26,24162.97,24402.17,24053.069,24313.969,24167.031,24403.83,24055.93,24318.031,4.062,399.63
2018-04-27,24314.469,24357.67,24190.67,24323.67,24318.031,24359.331,24192.33,24325.331,1.661,272.23
2018-04-30,24345.97,24501.169,24120.97,24191.97,24350.03,24502.831,24125.03,24196.03,4.06,349.2
2018-05-01,24189.969,24230.469,23803.669,24139.97,24192.53,24234.531,23805.33,24144.03,4.06,362.17
2018-05-02,24140.47,24188.67,23854.97,23892.969,24144.03,24190.33,23859.03,23897.03,4.061,422.39
2018-05-03,23893.47,23999.669,23523.169,23911.47,23897.53,24001.33,23524.831,23913.53,2.06,333.49
2018-05-04,23911.47,24336.67,23778.169,24290.669,23915.53,24338.33,23779.83,24292.331,1.662,126.71
2018-05-07,24356.469,24481.17,24260.67,24336.47,24360.031,24482.83,24262.33,24340.53,4.06,162.1
2018-05-08,24336.47,24413.169,24194.169,24327.97,24340.031,24414.83,24195.83,24332.031,4.061,293.16
2018-05-09,24327.97,24588.669,24314.469,24531.97,24331.53,24590.33,24318.53,24536.03,4.06,261.68
2018-05-10,24532.97,24794.67,24511.07,24736.97,24536.03,24796.331,24513.93,24741.03,4.06,186.77
2018-05-11,24738.969,24868.67,24706.469,24847.669,24741.031,24870.331,24710.53,24849.33,1.661,213.89
2018-05-14,24913.969,24993.67,24857.67,24903.469,24919.03,24995.331,24859.33,24907.53,4.061,161.18
2018-05-15,24903.469,24916.47,24628.169,24663.469,24908.03,24920.531,24629.83,24667.531,4.062,298.0
2018-05-16,24663.469,24800.67,24644.069,24764.47,24668.031,24802.331,24646.93,24768.53,4.06,225.68
2018-05-17,24763.97,24840.67,24634.67,24737.47,24769.03,24842.331,24636.33,24741.531,4.061,241.87
2018-05-18,24737.47,24805.07,24659.17,24726.169,24742.53,24807.93,24660.83,24727.83,1.661,256.22
2018-05-21,24913.97,25083.67,24904.469,25007.969,24917.531,25085.331,24908.53,25012.031,4.062,220.55
2018-05-22,25007.47,25072.07,24812.669,24832.97,25011.53,25074.93,24814.33,24837.031,4.061,216.59
2018-05-23,24833.47,24890.17,24633.069,24848.969,24837.031,24891.83,24635.931,24853.031,4.062,335.3
2018-05-24,24848.969,24877.57,24601.669,24829.969,24852.531,24880.431,24603.33,24834.031,4.062,368.19
2018-05-25,24829.969,24913.469,24685.169,24735.669,24835.031,24917.531,24686.83,24737.331,1.662,266.26
2018-05-28,24836.469,24848.47,24715.669,24775.97,24840.031,24852.53,24717.33,24780.03,4.06,106.11
2018-05-29,24775.97,24780.97,24247.169,24339.47,24779.531,24785.03,24248.831,24343.53,4.06,353.5
2018-05-30,24339.97,24714.669,24328.97,24634.969,24343.031,24716.331,24333.031,24639.031,4.062,277.65
2018-05-31,24634.969,24704.57,24349.17,24441.969,24638.53,24707.431,24350.83,24446.031,4.062,284.89
2018-06-01,24442.47,24676.669,24423.47,24623.669,24446.031,24678.331,24427.53,24625.331,1.662,222.79
2018-06-04,24628.47,24860.67,24621.47,24803.969,24632.53,24862.331,24625.53,24807.531,3.562,185.31
2018-06-05,24803.47,24857.57,24709.669,24823.47,24807.531,24860.43,24711.331,24827.53,4.06,189.59
2018-06-06,24822.97,25151.47,24817.469,25128.47,24827.03,25155.531,24821.531,25132.53,4.06,206.94
2018-06-07,25128.469,25322.17,25119.97,25271.969,25131.53,25323.831,25124.03,25276.031,4.062,223.83
2018-06-08,25272.469,25326.169,25074.57,25307.669,25276.031,25327.831,25077.43,25309.331,1.662,170.07
2018-06-11,25281.97,25404.67,25280.97,25352.97,25286.03,25406.331,25285.031,25357.03,4.06,149.05
2018-06-12,25352.969,25390.07,25243.67,25331.47,25356.531,25392.93,25245.331,25335.531,4.061,219.52
2018-06-13,25331.47,25364.67,25180.969,25199.47,25335.031,25366.331,25185.031,25203.53,4.06,191.56
2018-06-14,25199.969,25330.67,25125.07,25174.47,25203.53,25332.33,25127.93,25178.03,3.56,249.57
2018-06-15,25173.97,25175.97,24884.67,25088.67,25178.03,25180.031,24886.331,25090.33,1.66,257.98
2018-06-18,25085.97,25087.47,24819.669,24857.969,25089.03,25091.53,24821.33,24862.031,4.062,226.1
2018-06-19,24858.469,24877.47,24555.07,24737.47,24862.031,24881.53,24557.93,24741.53,4.06,372.59
2018-06-20,24737.469,24849.97,24626.67,24690.97,24741.03,24854.031,24628.33,24695.03,4.06,248.04
2018-06-21,24690.97,24788.47,24405.669,24485.97,24694.53,24792.53,24407.331,24490.03,4.06,332.86
2018-06-22,24484.97,24663.17,24479.97,24601.67,24489.03,24664.831,24484.031,24603.33,1.66,231.88
2018-06-25,24609.47,24609.97,24082.169,24268.969,24613.53,24614.03,24083.831,24273.031,4.062,342.4
2018-06-26,24269.97,24382.67,24222.07,24308.469,24274.03,24384.33,24224.93,24312.531,4.062,297.84
2018-06-27,24310.969,24571.67,24086.07,24175.97,24312.531,24573.33,24088.93,24180.03,4.06,416.22
2018-06-28,24176.47,24308.67,23992.67,24273.97,24180.03,24310.331,23994.33,24278.03,4.06,430.17
2018-06-29,24276.469,24509.67,24220.47,24295.669,24278.03,24511.331,24224.53,24297.331,1.662,455.78
2018-07-02,24280.97,24336.97,24040.069,24316.97,24286.53,24341.031,24042.931,24321.03,4.06,392.02
2018-07-03,24316.97,24464.07,24144.469,24176.969,24321.03,24466.931,24148.531,24181.03,4.061,469.94
2018-07-04,24176.931,24271.569,24164.47,24204.469,24177.667,24274.43,24168.53,24208.53,4.061,163.48
2018-07-05,24204.469,24374.569,24126.97,24300.47,24208.03,24377.431,24131.03,24304.53,4.06,512.03
2018-07-06,24299.469,24520.67,24252.57,24464.67,24303.53,24522.331,24255.431,24466.33,1.66,486.34
2018-07-09,24516.469,24843.969,24507.97,24834.97,24520.03,24848.031,24512.03,24839.031,4.061,315.18
2018-07-10,24835.47,24944.67,24691.97,24709.47,24839.031,24946.331,24696.03,24713.53,4.06,101.31
2018-07-11,24708.969,24814.67,24616.969,24732.47,24713.031,24816.331,24621.03,24736.53,4.06,199.29
2018-07-12,24733.47,24966.47,24718.469,24958.47,24737.53,24970.531,24722.53,24962.53,4.06,101.59
2018-07-13,24959.47,25041.169,24882.07,25019.17,24963.53,25042.831,24884.93,25020.83,1.66,88.42
2018-07-16,25074.97,25103.97,24978.669,25070.97,25079.03,25108.031,24980.33,25075.03,4.06,77.68
2018-07-17,25072.469,25158.47,24988.17,25147.969,25076.531,25162.53,24989.83,25152.031,4.062,89.94
2018-07-18,25148.469,25213.67,25096.669,25188.47,25152.531,25215.331,25098.331,25192.53,4.06,68.0
2018-07-19,25188.969,25211.469,25046.67,25074.97,25193.031,25215.531,25048.33,25079.03,4.06,83.2
2018-07-20,25074.469,25124.67,24924.969,25042.169,25078.531,25126.33,24929.031,25043.831,1.662,97.5
2018-07-23,25062.97,25104.47,24975.469,25099.97,25067.03,25108.531,24979.53,25104.03,4.06,250.54
2018-07-24,25100.47,25285.169,25055.569,25229.47,25104.03,25286.83,25058.43,25233.531,4.061,301.17
2018-07-25,25229.47,25486.969,25107.57,25445.97,25231.03,25491.03,25110.431,25450.031,4.061,5.33
2018-07-26,25444.969,25588.67,25419.469,25544.97,25449.53,25590.331,25423.531,25549.03,4.06,4.34
2018-07-27,25545.469,25587.97,25367.67,25431.169,25549.03,25592.03,25369.33,25432.83,1.661,5.18
2018-07-30,25424.47,25495.669,25287.169,25328.969,25428.03,25497.33,25288.831,25333.03,4.061,7.15
2018-07-31,25329.469,25495.47,25293.57,25412.97,25333.03,25499.53,25296.43,25417.03,4.06,4.79
2018-08-01,25412.97,25482.67,25277.67,25342.969,25417.03,25484.33,25279.33,25347.031,4.062,7.1
2018-08-02,25342.969,25360.67,25113.169,25344.969,25346.531,25363.031,25114.83,25349.03,4.061,8.01
2018-08-03,25345.469,25468.669,25289.569,25445.669,25349.03,25470.331,25292.43,25447.831,2.162,5.68
2018-08-06,25450.47,25541.669,25375.67,25504.97,25455.03,25542.83,25377.33,25509.03,4.06,4.4
2018-08-07,25504.969,25691.67,25496.97,25633.47,25508.53,25693.33,25501.031,25637.53,4.06,2.31
2018-08-08,25633.97,25663.47,25514.469,25540.97,25637.531,25667.53,25518.531,25545.03,4.06,3.23
2018-08-09,25540.97,25614.67,25467.47,25486.47,25544.03,25616.33,25471.531,25490.53,4.06,3.74
2018-08-10,25489.666,25489.97,25220.67,25339.169,25490.53,25494.03,25222.33,25340.83,1.661,7.07
2018-08-13,25281.969,25378.67,25150.669,25230.47,25284.53,25380.33,25152.83,25234.53,4.06,9.02
2018-08-14,25229.97,25340.07,25203.669,25312.97,25234.031,25342.931,25205.331,25317.03,4.06,5.72
2018-08-15,25312.97,25322.47,24965.669,25169.969,25317.531,25326.53,24967.33,25174.03,4.061,8.01
2018-08-16,25169.969,25606.67,25143.47,25580.97,25174.53,25608.331,25147.531,25585.031,4.061,6.23
2018-08-17,25580.47,25725.67,25501.07,25670.67,25584.53,25727.331,25503.93,25672.331,1.661,3.88
2018-08-20,25684.469,25790.669,25658.47,25740.97,25688.531,25792.33,25662.531,25745.031,4.061,3.6
2018-08-21,25741.469,25887.67,25678.969,25683.97,25745.031,25889.331,25683.03,25688.03,4.06,3.87
2018-08-22,25684.47,25836.67,25676.47,25726.97,25688.531,25838.331,25680.53,25731.03,4.06,4.69
2018-08-23,25726.469,25762.67,25605.17,25657.97,25731.03,25764.331,25606.831,25662.03,4.06,4.42
2018-08-24,25657.97,25826.67,25649.47,25792.669,25662.03,25828.331,25653.53,25794.331,1.662,3.66
2018-08-27,25858.969,26098.97,25848.069,26096.969,25862.53,26100.0,25850.93,26100.0,3.031,3.19
2018-08-28,26096.47,26148.07,26037.67,26093.47,26100.0,26150.93,26039.33,26097.531,4.061,13.99
2018-08-29,26093.47,26166.67,26032.67,26122.97,26097.031,26168.33,26034.33,26127.03,4.06,17.53
2018-08-30,26122.969,26136.47,25934.67,25948.97,26126.531,26140.53,25936.331,25953.03,4.06,17.08
2018-08-31,25949.469,26028.67,25876.67,25999.67,25953.03,26030.331,25879.331,26001.33,1.66,25.5
2018-09-03,25991.969,26060.069,25940.47,25993.97,25995.03,26062.931,25944.53,25998.03,4.06,15.18
2018-09-04,25993.97,26049.07,25801.169,25958.97,25998.03,26051.931,25802.83,25963.03,4.06,27.59
2018-09-05,25958.97,26010.67,25824.07,25935.97,25963.03,26012.331,25826.93,25940.03,4.06,16.8
2018-09-06,25937.47,26074.17,25875.67,25981.469,25940.03,26075.83,25877.33,25985.53,4.061,25.02
2018-09-07,25981.469,26015.47,25812.669,25942.67,25985.03,26019.531,25814.331,25944.33,1.66,28.58
2018-09-10,25945.47,26040.57,25856.669,25884.47,25949.53,26043.43,25858.33,25888.531,4.061,22.99
2018-09-11,25884.47,26019.669,25748.17,25997.47,25888.531,26021.331,25749.831,26001.53,4.06,13.58
2018-09-12,25997.47,26147.67,25924.17,25991.969,26002.03,26149.33,25925.83,25996.031,4.062,28.52
2018-09-13,25991.47,26188.67,25965.97,26148.469,25996.031,26190.331,25970.031,26152.531,4.062,29.56
2018-09-14,26150.469,26224.57,26068.669,26151.67,26154.531,26227.431,26070.331,26153.33,1.66,29.56
2018-09-17,26102.469,26184.17,25955.47,25957.47,26107.03,26185.83,25959.53,25961.53,4.06,24.03
2018-09-18,25957.97,26318.67,25952.97,26272.969,25962.03,26320.33,25957.03,26277.031,4.062,27.01
2018-09-19,26272.969,26463.67,26226.069,26449.97,26275.031,26465.331,26228.931,26454.03,4.06,20.44
2018-09-20,26449.969,26713.47,26415.97,26709.97,26453.531,26717.531,26420.03,26714.03,4.06,18.38
2018-09-21,26709.97,26781.569,26678.669,26723.669,26715.03,26784.43,26680.331,26725.33,1.661,21.74
2018-09-24,26662.469,26704.07,26543.669,26578.47,26666.031,26706.93,26545.0,26582.53,4.06,20.58
2018-09-25,26577.47,26669.069,26475.669,26515.47,26582.53,26671.93,26477.33,26519.531,4.061,18.69
2018-09-26,26515.97,26604.669,26348.67,26415.97,26520.03,26606.331,26350.33,26420.03,4.06,20.54
2018-09-27,26415.469,26560.669,26335.069,26473.969,26420.03,26562.331,26337.93,26478.03,4.061,32.65
2018-09-28,26473.47,26515.67,26330.069,26476.169,26478.03,26517.331,26332.93,26477.83,1.661,37.52
2018-10-01,26577.969,26736.67,26563.469,26657.469,26582.531,26738.331,26567.531,26661.53,4.061,28.03
2018-10-02,26658.97,26826.669,26537.569,26783.47,26661.53,26828.331,26540.43,26787.531,4.061,16.85
2018-10-03,26783.97,26951.67,26763.469,26792.47,26788.031,26953.33,26767.53,26796.53,4.06,15.28
2018-10-04,26792.47,26796.97,26469.669,26654.97,26796.53,26801.031,26471.33,26659.03,4.06,26.92
2018-10-05,26655.969,26721.97,26300.669,26482.67,26659.03,26726.03,26302.33,26484.33,1.66,41.74
2018-10-08,26459.47,26536.97,26216.669,26499.47,26464.031,26541.031,26218.33,26503.531,4.061,44.94
2018-10-09,26499.47,26546.97,26325.17,26478.47,26502.531,26551.03,26326.83,26482.53,4.06,35.99
2018-10-10,26478.47,26505.469,25410.47,25445.97,26482.53,26509.53,25414.531,25450.031,4.061,51.86
2018-10-11,25444.47,25668.669,24895.17,25291.97,25448.531,25670.33,24896.83,25296.03,4.06,70.92
2018-10-12,25284.47,25546.469,25003.669,25325.969,25288.53,25550.531,25005.331,25330.03,4.061,60.17
2018-10-15,25325.97,25484.17,25119.07,25258.469,25330.531,25485.83,25121.93,25262.53,4.061,56.08
2018-10-16,25258.469,25817.669,25225.469,25780.969,25262.53,25819.33,25229.53,25785.03,4.061,45.35
2018-10-17,25780.969,25858.969,25479.669,25676.469,25785.03,25863.03,25481.331,25680.531,4.062,29.92
2018-10-18,25676.97,25729.07,25237.169,25381.969,25681.03,25731.931,25237.5,25386.03,4.061,31.25
2018-10-19,25381.969,25607.67,25348.67,25437.47,25386.03,25609.33,25350.33,25441.53,4.06,37.47
2018-10-22,25358.47,25574.07,25231.169,25272.969,25363.03,25576.93,25232.83,25277.031,4.062,41.44
2018-10-23,25273.469,25306.17,24765.17,25256.97,25277.031,25307.83,24767.83,25261.03,4.06,69.3
2018-10-24,25256.47,25354.07,24531.669,24644.47,25261.03,25356.93,24533.33,24648.531,4.061,61.33
2018-10-25,24644.969,25104.669,24626.969,24800.47,24648.531,25106.331,24631.03,24804.53,4.06,53.86
2018-10-26,24802.47,24912.169,24441.669,24777.17,24804.53,24913.83,24443.33,24778.83,1.66,76.57
2018-10-29,24818.47,25033.67,24120.169,24433.97,24820.031,25035.33,24121.83,24438.03,4.06,73.12
2018-10-30,24431.969,24930.17,24363.569,24902.47,24438.03,24931.83,24366.43,24906.53,4.06,62.52
2018-10-31,24902.47,25338.67,24855.469,25148.47,24906.53,25340.331,24859.53,25152.531,4.061,54.38
2018-11-01,25148.969,25399.67,25092.069,25330.969,25152.531,25401.33,25094.931,25335.03,4.061,48.58
2018-11-02,25333.47,25720.07,25075.17,25280.67,25337.53,25722.931,25076.831,25282.331,1.661,56.64
2018-11-05,25195.969,25508.17,25167.47,25488.47,25199.531,25509.83,25171.53,25492.53,4.06,54.65
2018-11-06,25487.97,25701.169,25407.069,25640.469,25492.53,25702.831,25409.931,25644.53,4.061,51.41
2018-11-07,25638.469,26231.17,25574.969,26170.969,25642.53,26232.83,25579.031,26175.03,4.061,57.86
2018-11-08,26170.47,26276.67,26077.67,26186.97,26175.03,26278.331,26079.33,26191.03,4.06,46.16
2018-11-09,26188.47,26239.47,25881.67,25978.47,26192.53,26243.53,25883.33,25982.53,4.06,53.81
2018-11-12,25968.97,26103.469,25340.669,25387.469,25973.53,26107.53,25342.33,25391.53,4.061,53.71
2018-11-13,25385.47,25573.069,25193.669,25414.47,25389.53,25575.931,25195.33,25418.53,4.06,60.48
2018-11-14,25414.47,25498.17,24932.669,25029.969,25418.53,25499.83,24934.331,25034.03,4.061,43.52
2018-11-15,25030.469,25353.669,24781.669,25258.47,25034.03,25354.33,24783.33,25262.531,4.061,60.28
2018-11-16,25256.47,25511.67,25102.069,25449.97,25262.531,25513.33,25104.93,25454.03,4.06,51.31
2018-11-19,25389.97,25495.57,24898.169,24997.469,25395.031,25498.431,24899.83,25001.531,4.062,40.56
2018-11-20,24997.469,25028.97,24369.169,24421.47,25001.03,25033.031,24370.83,24425.53,4.06,66.83
2018-11-21,24420.969,24667.17,24418.47,24503.47,24425.03,24668.83,24422.53,24507.53,4.06,53.11
2018-11-22,24503.47,24545.97,24299.67,24406.97,24507.03,24550.031,24301.33,24411.03,4.06,19.09
2018-11-23,24407.469,24433.469,24258.169,24268.67,24411.03,24437.531,24259.83,24270.331,1.661,24.59
2018-11-26,24338.969,24670.67,24313.469,24525.469,24343.531,24672.33,24317.53,24529.531,4.062,26.13
2018-11-27,24524.969,24792.47,24412.169,24764.969,24529.531,24796.53,24413.831,24769.031,4.062,39.06
2018-11-28,24764.969,25368.17,24729.47,25322.469,24769.031,25369.83,24733.53,25326.53,4.061,30.93
2018-11-29,25322.469,25480.17,25202.67,25347.469,25327.031,25481.83,25204.335,25351.531,4.062,27.6
2018-11-30,25345.969,25578.17,25204.069,25570.969,25350.031,25579.831,25206.93,25575.03,4.061,14.73
2018-12-03,25972.969,26069.969,25669.17,25780.47,25977.53,26074.031,25670.83,25784.531,4.061,15.65
2018-12-04,25780.47,25791.47,24993.47,25085.97,25785.031,25795.531,24997.531,25088.0,2.03,17.85
2018-12-05,25086.469,25175.57,24551.97,24839.969,25088.0,25178.43,24556.03,24844.031,4.062,4.21
2018-12-06,24838.47,24968.169,24244.67,24919.97,24842.531,24969.831,24246.33,24924.03,4.06,20.52
2018-12-07,24917.969,25089.17,24279.669,24396.969,24922.031,25090.831,24281.33,24401.031,4.062,20.48
2018-12-10,24182.47,24500.17,23877.67,24415.47,24186.53,24501.83,23879.331,24419.531,4.061,15.62
2018-12-11,24415.969,24805.07,24217.169,24376.469,24420.031,24807.93,24218.831,24380.531,4.062,16.36
2018-12-12,24375.97,24829.17,24336.969,24601.969,24380.03,24830.83,24341.031,24606.031,4.062,20.57
2018-12-13,24601.469,24739.17,24471.07,24568.97,24605.531,24740.83,24473.331,24569.531,0.561,19.61
2018-12-14,24568.97,24593.969,24031.17,24099.17,24573.03,24598.031,24032.831,24100.83,1.66,14.5
2018-12-17,24125.47,24213.47,23455.17,23753.47,24129.031,24217.53,23456.83,23757.53,4.06,6.79
2018-12-18,23753.47,23927.169,23517.17,23648.97,23758.03,23929.831,23518.83,23653.031,4.061,7.61
2018-12-19,23648.97,24066.669,23161.67,23365.47,23654.03,24068.331,23163.33,23369.53,4.06,8.4
2018-12-20,23365.47,23435.969,22638.17,22981.47,23370.03,23440.031,22639.83,22985.531,4.061,19.64
2018-12-21,22981.47,23251.169,22375.17,22394.47,22985.03,23252.831,22376.83,22398.53,4.06,22.93
2018-12-24,22424.469,22574.47,21684.669,21703.669,22428.531,22578.53,21686.33,21704.331,0.662,21.54
2018-12-25,21739.469,21769.969,21458.97,21714.97,21743.531,21774.031,21463.03,21719.03,4.06,1.01
2018-12-26,21714.97,22978.169,21539.969,22830.97,21719.53,22979.831,21544.031,22835.031,4.061,33.7
2018-12-27,22830.97,23217.17,22261.169,23061.97,22838.53,23219.331,22262.83,23066.03,4.06,30.78
2018-12-28,23062.469,23390.07,22977.67,23057.669,23066.531,23392.93,22979.33,23059.331,1.662,27.74
2018-12-31,23193.97,23371.67,23112.669,23319.969,23198.03,23372.83,23114.331,23324.031,4.062,17.08
2019-01-01,23325.969,23436.97,23310.469,23392.469,23330.031,23441.03,23314.53,23396.531,4.062,0.32
2019-01-02,23392.97,23423.97,22811.07,22977.47,23397.03,23428.03,22813.93,22981.531,4.061,25.52
2019-01-03,22977.97,23137.57,22637.17,22693.47,22982.031,23140.431,22638.83,22697.53,4.06,15.01
2019-01-04,22693.47,23523.669,22584.969,23404.969,22697.53,23525.331,22589.031,23409.031,4.062,23.65
2019-01-07,23498.969,23687.67,23295.669,23541.47,23503.031,23689.33,23297.331,23545.53,4.06,21.84
2019-01-08,23541.969,23867.17,23541.969,23812.47,23546.031,23868.831,23546.031,23816.531,4.061,9.98
2019-01-09,23812.97,23986.17,23773.669,23827.97,23817.03,23987.83,23775.33,23832.03,4.06,15.79
2019-01-10,23828.469,24024.169,23661.069,23955.47,23832.531,24025.831,23663.93,23959.53,4.06,19.94
2019-01-11,23955.969,24017.07,23796.669,23977.97,23960.031,24019.931,23798.33,23982.03,4.06,18.17
2019-01-14,23876.469,23965.669,23724.57,23912.97,23880.531,23967.331,23727.43,23917.03,4.06,16.04
2019-01-15,23913.97,24098.67,23854.069,24065.47,23918.03,24100.33,23856.931,24069.53,4.06,19.92
2019-01-16,24064.97,24287.669,23985.969,24160.969,24069.03,24289.331,23990.03,24165.031,4.062,16.66
2019-01-17,24161.47,24480.169,24035.569,24336.969,24165.53,24481.831,24038.43,24341.031,4.062,17.95
2019-01-18,24336.469,24750.669,24327.969,24703.469,24340.531,24752.331,24332.03,24707.531,4.062,16.77
2019-01-21,24672.47,24679.969,24546.67,24627.97,24676.53,24684.031,24548.33,24632.03,4.06,7.7
2019-01-22,24627.47,24661.469,24242.669,24408.97,24631.53,24665.531,24244.33,24413.03,4.06,18.68
2019-01-23,24408.97,24696.17,24304.67,24530.97,24413.03,24697.83,24306.331,24535.03,4.06,19.94
2019-01-24,24530.469,24632.97,24420.17,24528.47,24534.531,24637.031,24421.83,24532.53,4.06,19.87
2019-01-25,24528.97,24863.67,24508.469,24726.47,24533.03,24865.331,24512.531,24730.53,4.06,15.16
2019-01-28,24692.97,24718.47,24321.669,24449.469,24697.03,24722.531,24323.331,24453.531,4.062,11.66
2019-01-29,24449.97,24696.97,24386.969,24644.969,24454.03,24701.031,24391.03,24649.031,4.062,11.01
2019-01-30,24645.97,25109.67,24578.469,25019.97,24650.03,25111.331,24582.53,25024.03,4.06,12.21
2019-01-31,25020.47,25084.97,24834.17,25040.97,25024.53,25089.031,24835.83,25045.03,4.06,16.19
2019-02-01,25040.97,25187.669,24983.169,25046.47,25045.531,25189.331,24984.831,25050.53,4.06,16.59
2019-02-04,25030.469,25249.67,24975.67,25215.97,25034.531,25251.331,24977.33,25220.031,4.061,8.54
2019-02-05,25216.47,25426.169,25192.47,25374.469,25220.531,25427.831,25196.531,25378.53,4.061,4.27
2019-02-06,25374.469,25439.67,25308.069,25351.969,25377.53,25441.331,25310.931,25356.031,4.062,7.89
2019-02-07,25351.969,25359.469,24998.17,25087.17,25356.031,25363.531,24999.83,25088.83,1.66,7.86
2019-02-08,25087.67,25119.67,24883.669,25099.47,25089.331,25121.331,24885.33,25103.53,4.06,10.18
2019-02-11,25090.47,25240.07,25003.67,25052.97,25094.53,25242.93,25005.331,25056.531,3.561,15.37
2019-02-12,25052.47,25460.669,25045.47,25449.969,25056.531,25462.331,25049.53,25454.031,4.062,6.76
2019-02-13,25449.969,25625.67,25443.969,25495.969,25454.531,25627.331,25448.03,25500.031,4.062,6.37
2019-02-14,25495.969,25614.47,25300.669,25418.47,25500.031,25618.531,25302.33,25422.53,4.06,9.1
2019-02-15,25418.47,25898.67,25274.47,25887.97,25422.53,25900.33,25278.53,25892.03,4.06,8.8
2019-02-18,25919.97,25935.969,25850.0,25882.97,25924.03,25940.03,25851.43,25887.031,4.061,4.64
2019-02-19,25881.97,25963.67,25790.57,25880.969,25886.031,25965.0,25793.431,25885.03,4.061,9.14
2019-02-20,25880.969,25986.67,25826.069,25956.969,25884.531,25988.331,25828.93,25961.031,4.062,13.7
2019-02-21,25956.47,26085.97,25761.669,25845.97,25960.53,26090.031,25763.33,25850.03,4.06,10.18
2019-02-22,25845.47,26052.67,25812.469,26013.47,25849.53,26054.331,25816.531,26017.53,4.06,7.86
2019-02-25,26101.97,26242.17,26043.47,26083.469,26106.03,26243.83,26047.53,26087.531,4.062,8.74
2019-02-26,26082.469,26153.67,25958.069,26015.97,26086.531,26155.33,25960.93,26020.03,4.06,13.28
2019-02-27,26015.97,26053.47,25873.169,26006.969,26020.531,26057.531,25874.83,26011.031,4.062,7.74
2019-02-28,26006.469,26025.169,25869.469,25912.969,26010.531,26026.831,25873.53,25917.03,4.061,11.58
2019-03-01,25912.969,26141.67,25909.669,26032.969,25916.53,26143.33,25911.33,26037.03,4.061,10.5
2019-03-04,26149.969,26165.469,25608.669,25804.969,26154.031,26169.531,25610.33,25809.03,4.061,12.13
2019-03-05,25804.969,25893.57,25725.669,25783.469,25808.53,25896.431,25727.33,25787.531,4.062,11.38
2019-03-06,25783.469,25836.669,25631.17,25643.97,25786.53,25838.331,25632.831,25648.031,4.061,20.88
2019-03-07,25644.47,25712.07,25347.17,25482.47,25648.031,25714.931,25348.83,25487.031,4.561,20.27
2019-03-08,25482.97,25504.47,25215.569,25499.97,25487.031,25508.53,25218.43,25504.03,4.06,16.85
2019-03-11,25423.969,25756.47,25219.669,25735.97,25430.031,25760.53,25221.331,25740.03,4.06,18.09
2019-03-12,25735.469,25763.469,25517.669,25548.97,25739.531,25767.531,25519.33,25553.031,4.061,16.89
2019-03-13,25548.97,25777.67,25456.97,25727.97,25552.531,25779.33,25461.03,25732.03,4.06,15.8
2019-03-14,25727.97,25785.07,25610.17,25721.47,25732.531,25787.931,25611.83,25725.53,4.06,10.85
2019-03-15,25722.97,25927.67,25646.17,25865.47,25727.031,25929.331,25647.83,25869.03,3.56,10.8
2019-03-18,25832.97,25950.969,25776.07,25937.47,25837.53,25955.031,25778.931,25941.531,4.061,8.12
2019-03-19,25937.47,26112.669,25812.669,25856.97,25940.53,26114.331,25814.331,25861.03,4.06,10.75
2019-03-20,25857.47,25931.07,25656.969,25718.47,25861.53,25933.931,25661.031,25722.53,4.06,17.47
2019-03-21,25717.969,26011.67,25574.57,25979.47,25722.031,26013.33,25577.43,25983.53,4.06,14.07
2019-03-22,25979.47,26004.47,25502.67,25541.47,25983.03,26008.531,25504.33,25545.53,4.06,20.69
2019-03-25,25558.47,25605.67,25350.47,25575.97,25561.53,25607.33,25354.53,25580.031,4.061,23.45
2019-03-26,25575.97,25795.67,25543.67,25624.97,25579.531,25797.331,25545.33,25629.03,4.06,13.58
2019-03-27,25624.97,25756.67,25418.67,25606.47,25628.53,25758.331,25420.331,25610.53,4.06,9.53
2019-03-28,25606.47,25802.97,25504.969,25787.47,25610.53,25807.031,25509.03,25791.531,4.061,10.36
2019-03-29,25787.47,25945.67,25731.07,25933.97,25792.031,25947.331,25733.93,25938.031,4.061,10.41
2019-04-01,26060.97,26279.67,26056.469,26265.469,26065.53,26281.33,26060.53,26269.531,4.062,12.74
2019-04-02,26266.47,26267.47,26122.669,26143.97,26270.53,26271.53,26124.331,26148.03,4.06,10.6
2019-04-03,26143.97,26305.97,26127.97,26250.97,26147.531,26310.03,26132.03,26255.03,4.06,12.47
2019-04-04,26251.47,26398.67,26185.069,26355.97,26255.53,26400.331,26187.93,26360.03,4.06,20.5
2019-04-05,26355.97,26496.069,26351.97,26385.97,26359.531,26498.93,26356.03,26390.03,4.06,17.47
2019-04-08,26386.469,26386.469,26238.169,26313.47,26389.53,26389.53,26239.83,26317.53,4.06,19.11
2019-04-09,26313.47,26337.47,26095.669,26132.97,26317.03,26341.531,26096.83,26137.03,4.06,17.29
2019-04-10,26133.469,26222.57,26097.669,26179.97,26137.53,26225.43,26099.33,26184.03,4.06,16.24
2019-04-11,26179.97,26221.67,26060.169,26169.97,26183.53,26223.331,26061.83,26174.03,4.06,13.6
2019-04-12,26170.97,26439.17,26143.07,26404.47,26175.03,26440.831,26146.03,26408.53,4.06,8.9
2019-04-15,26412.47,26471.07,26313.97,26379.47,26416.53,26473.931,26315.63,26383.53,4.06,6.23
2019-04-16,26379.47,26552.07,26375.469,26423.47,26382.03,26554.931,26379.53,26427.53,4.06,6.62
2019-04-17,26422.97,26513.569,26381.67,26449.47,26427.03,26516.431,26383.33,26453.53,4.06,5.86
2019-04-18,26449.969,26602.67,26308.57,26572.47,26454.031,26604.331,26311.43,26576.531,4.061,10.03
2019-04-22,26603.47,26630.969,26451.67,26509.969,26607.031,26635.03,26453.33,26514.031,4.062,7.14
2019-04-23,26510.469,26694.67,26464.969,26665.969,26514.531,26696.331,26469.03,26670.031,4.062,5.62
2019-04-24,26665.469,26699.07,26527.97,26560.47,26669.531,26701.93,26532.031,26564.531,4.061,6.84
2019-04-25,26560.47,26582.97,26306.669,26427.969,26564.031,26587.03,26308.33,26432.031,4.062,5.4
2019-04-26,26427.47,26542.67,26361.07,26532.47,26431.53,26544.33,26363.93,26536.531,4.061,6.71
2019-04-29,26521.97,26601.67,26498.069,26560.97,26526.531,26603.331,26500.93,26565.03,4.06,4.0
2019-04-30,26560.97,26665.97,26417.669,26665.47,26565.53,26670.031,26419.33,26669.531,4.061,7.01
2019-05-01,26665.47,26708.47,26350.469,26385.97,26670.031,26712.531,26354.53,26390.031,4.061,6.42
2019-05-02,26386.969,26480.57,26176.169,26302.97,26390.031,26483.431,26177.831,26307.03,4.06,10.13
2019-05-03,26302.469,26536.669,26272.969,26522.97,26306.531,26538.331,26277.031,26527.031,4.061,8.57
2019-05-06,26056.469,26477.169,25955.469,26309.97,26060.031,26478.831,25959.53,26314.03,4.06,16.8
2019-05-07,26310.47,26421.47,25786.669,25956.47,26314.53,26425.53,25788.33,25960.53,4.06,20.7
2019-05-08,25955.969,26117.67,25834.069,25973.969,25960.031,26119.33,25836.931,25978.03,4.061,20.05
2019-05-09,25973.969,25992.97,25512.669,25847.97,25978.531,25997.031,25514.33,25850.03,2.06,14.11
2019-05-10,25845.97,26020.17,25468.17,25968.669,25850.03,26021.83,25469.83,25968.83,0.161,18.72
2019-05-13,25721.97,25752.969,25224.669,25251.97,25726.03,25757.031,25226.33,25256.03,4.06,24.42
2019-05-14,25252.469,25688.67,25248.97,25595.97,25256.531,25690.331,25253.03,25600.031,4.061,15.87
2019-05-15,25595.97,25725.5,25334.669,25646.47,25599.53,25727.33,25336.33,25650.531,4.061,10.92
2019-05-16,25646.47,25955.67,25550.969,25888.47,25650.031,25957.83,25555.03,25892.531,4.061,9.04
2019-05-17,25888.47,25949.67,25627.07,25782.47,25893.03,25951.33,25629.331,25786.53,4.06,15.89
2019-05-20,25862.469,25900.969,25557.67,25745.47,25866.531,25905.03,25559.33,25749.53,4.06,14.75
2019-05-21,25745.97,25898.17,25715.07,25884.97,25749.53,25899.831,25717.93,25889.03,4.06,17.85
2019-05-22,25884.47,25905.97,25726.469,25738.47,25888.53,25910.031,25730.53,25742.531,4.061,13.81
2019-05-23,25738.47,25747.97,25326.669,25488.97,25743.03,25752.031,25328.33,25493.03,4.06,14.42
2019-05-24,25488.97,25662.17,25488.969,25619.969,25494.53,25663.831,25493.03,25624.031,4.062,11.39
2019-05-27,25623.469,25694.569,25582.47,25651.97,25627.531,25697.431,25586.53,25656.03,4.06,5.34
2019-05-28,25651.97,25716.669,25332.969,25360.469,25656.531,25718.331,25337.03,25364.53,4.061,7.95
2019-05-29,25360.469,25367.47,24934.669,25108.469,25363.53,25371.531,24936.331,25112.531,4.062,20.82
2019-05-30,25108.469,25217.669,24952.47,24964.47,25113.031,25219.331,24955.167,24968.531,4.061,10.63
2019-05-31,24964.47,25047.47,24782.17,24797.469,24970.531,25051.53,24783.831,24801.531,4.062,17.94
2019-06-03,24638.97,24931.669,24602.07,24877.97,24642.531,24933.331,24604.93,24882.03,4.06,20.83
2019-06-04,24877.47,25409.97,24819.97,25394.469,24882.03,25414.03,24824.031,25398.531,4.062,25.54
2019-06-05,25393.97,25550.169,25330.97,25507.97,25398.03,25551.831,25335.03,25512.031,4.061,18.79
2019-06-06,25507.969,25800.669,25498.969,25721.47,25512.031,25802.331,25503.03,25725.53,4.06,17.59
2019-06-07,25721.969,26074.169,25698.47,25993.47,25726.03,26075.831,25702.531,25998.03,4.56,8.24
2019-06-10,26095.47,26213.67,26034.47,26057.47,26099.53,26215.331,26038.53,26061.531,4.061,10.77
2019-06-11,26057.47,26247.67,25997.17,26037.47,26060.53,26249.33,25998.831,26041.53,4.06,10.52
2019-06-12,26038.47,26086.67,25950.069,26033.47,26042.53,26088.331,25952.93,26037.531,4.061,13.38
2019-06-13,26033.47,26141.17,25878.97,26090.469,26038.03,26142.83,25883.03,26094.531,4.062,12.66
2019-06-14,26090.969,26162.67,25991.669,26109.67,26095.031,26164.331,25993.331,26111.33,1.66,6.78
2019-06-17,26151.47,26196.97,26044.669,26114.47,26155.031,26201.03,26046.33,26118.531,4.061,6.24
2019-06-18,26114.47,26528.67,26055.069,26498.97,26120.03,26530.33,26057.93,26503.03,4.06,15.22
2019-06-19,26498.97,26600.47,26412.669,26581.47,26502.531,26604.53,26414.331,26585.53,4.06,8.94
2019-06-20,26580.97,26799.669,26537.169,26751.97,26585.03,26801.331,26538.83,26756.03,4.06,11.93
2019-06-21,26751.97,26909.67,26670.969,26683.67,26756.03,26911.33,26675.03,26685.331,1.661,11.08
2019-06-24,26717.469,26802.67,26708.47,26753.47,26721.03,26804.331,26712.53,26757.531,4.061,6.02
2019-06-25,26753.47,26810.47,26492.969,26522.469,26758.03,26814.531,26497.031,26526.53,4.061,10.4
2019-06-26,26522.469,26688.07,26493.47,26523.969,26525.53,26690.931,26497.53,26528.03,4.061,11.87
2019-06-27,26523.969,26651.569,26432.069,26598.969,26528.531,26654.431,26434.93,26603.03,4.061,12.47
2019-06-28,26598.969,26668.67,26516.67,26665.17,26605.031,26671.33,26518.33,26666.83,1.66,8.3
2019-07-01,26807.47,26891.07,26613.669,26672.969,26809.0,26893.93,26615.33,26677.031,4.062,13.34
2019-07-02,26671.97,26810.67,26632.17,26782.969,26676.03,26812.331,26633.83,26786.531,3.562,9.39
2019-07-03,26782.47,26996.97,26745.469,26967.47,26786.531,27001.031,26749.53,26971.031,3.561,8.65
2019-07-04,26966.97,27001.07,26942.069,26987.47,26971.031,27003.931,26944.93,26991.531,4.061,4.16
2019-07-05,26987.969,27001.97,26728.669,26888.17,26992.03,27006.03,26730.33,26889.83,1.66,15.46
2019-07-08,26866.97,26872.47,26745.67,26766.969,26870.531,26876.531,26747.331,26771.03,4.061,15.71
2019-07-09,26766.969,26808.67,26655.569,26775.969,26771.53,26810.331,26658.431,26780.031,4.062,16.22
2019-07-10,26776.969,26983.17,26689.069,26868.969,26781.03,26984.83,26691.93,26873.03,4.061,20.98
2019-07-11,26868.969,27104.97,26859.969,27103.47,26872.031,27109.031,26864.03,27107.53,4.06,14.8
2019-07-12,27103.47,27335.169,27099.969,27309.17,27108.03,27336.83,27104.03,27310.83,1.66,7.13
2019-07-15,27295.47,27401.57,27266.97,27366.469,27299.031,27404.431,27271.031,27370.53,4.061,6.31
2019-07-16,27366.469,27401.07,27287.67,27332.97,27370.031,27403.93,27289.33,27337.03,4.06,6.65
2019-07-17,27333.47,27382.07,27159.469,27178.47,27337.531,27384.931,27163.53,27182.531,4.061,9.32
2019-07-18,27178.47,27344.97,27067.669,27268.47,27182.03,27349.03,27069.33,27272.531,4.061,9.65
2019-07-19,27268.47,27340.669,27133.669,27139.67,27272.531,27342.43,27135.33,27141.331,1.661,9.41
2019-07-22,27157.47,27221.67,27089.67,27186.469,27162.03,27223.331,27091.331,27190.531,4.062,11.51
2019-07-23,27186.469,27369.669,27167.97,27340.47,27191.53,27371.331,27172.03,27344.53,4.06,9.87
2019-07-24,27341.469,27356.47,27187.669,27273.469,27345.531,27360.531,27189.33,27277.531,4.062,10.36
2019-07-25,27273.469,27362.07,27060.669,27135.969,27277.531,27364.93,27062.33,27140.031,4.062,15.5
2019-07-26,27136.469,27212.67,27122.669,27169.17,27140.531,27214.331,27124.331,27170.831,1.661,9.05
2019-07-29,27167.47,27276.67,27133.0,27247.969,27172.031,27278.331,27134.531,27252.03,4.061,4.37
2019-07-30,27247.969,27270.47,27063.67,27231.47,27251.531,27274.531,27065.33,27235.53,4.06,9.26
2019-07-31,27231.969,27278.97,26719.669,26806.47,27236.031,27283.03,26721.331,26810.53,4.06,14.23
2019-08-01,26806.47,27177.67,26487.47,26533.969,26812.031,27179.331,26491.531,26537.53,3.561,17.91
2019-08-02,26533.469,26691.57,26245.67,26480.669,26537.53,26694.431,26247.331,26482.331,1.662,27.6
2019-08-05,26440.47,26495.47,25071.969,25134.469,26444.531,26499.531,25076.031,25138.531,4.062,35.67
2019-08-06,25135.97,26044.669,25118.969,25896.47,25140.03,26046.33,25123.03,25900.53,4.06,34.12
2019-08-07,25896.47,26082.07,25439.67,25903.969,25901.03,26084.931,25441.331,25908.031,4.062,21.71
2019-08-08,25904.47,26396.17,25865.97,26359.969,25908.53,26397.83,25870.03,26364.031,4.062,22.39
2019-08-09,26364.499,26416.67,26096.67,26277.17,26369.031,26418.331,26098.33,26278.831,1.661,20.35
2019-08-12,26226.969,26368.569,25819.669,25948.969,26231.031,26371.43,25821.33,25953.03,4.061,25.44
2019-08-13,25948.969,26425.17,25765.07,26335.47,25953.03,26426.83,25767.93,26339.531,4.061,30.15
2019-08-14,26335.47,26365.969,25387.97,25508.969,26339.531,26370.03,25392.03,25513.03,4.061,32.28
2019-08-15,25508.969,25712.07,25232.57,25617.969,25512.53,25714.93,25235.43,25622.031,4.062,32.28
2019-08-16,25617.969,25929.669,25579.469,25915.669,25621.53,25931.331,25583.53,25917.331,1.662,18.56
2019-08-19,26045.97,26236.569,26001.469,26079.97,26050.03,26239.431,26005.531,26084.03,4.06,15.47
2019-08-20,26080.469,26197.469,25884.469,25923.469,26084.03,26201.531,25889.031,25927.531,4.062,21.38
2019-08-21,25923.97,26321.469,25923.469,26283.969,25928.031,26325.53,25927.53,26288.03,4.061,10.8
2019-08-22,26283.969,26380.67,26096.17,26232.469,26288.03,26382.33,26097.83,26236.53,4.061,16.32
2019-08-23,26232.97,26354.47,25506.17,25687.67,26237.03,26358.531,25507.831,25689.83,2.16,24.09
2019-08-26,25398.969,25989.07,25387.97,25870.47,25402.53,25991.93,25392.031,25874.53,4.06,16.36
2019-08-27,25869.969,26072.569,25721.669,25834.97,25874.031,26075.431,25723.33,25839.03,4.06,20.79
2019-08-28,25835.47,26053.67,25630.169,25998.969,25839.031,26055.331,25631.83,26003.03,4.061,15.72
2019-08-29,25998.969,26406.67,25927.469,26344.97,26002.531,26408.331,25931.53,26349.031,4.061,13.74
2019-08-30,26344.97,26551.069,26293.169,26369.17,26349.53,26553.93,26294.83,26370.83,1.66,11.67
2019-09-02,26268.97,26365.07,26107.67,26192.969,26273.531,26367.931,26109.33,26197.031,4.062,13.03
2019-09-03,26192.969,26295.969,25972.669,26083.469,26198.031,26300.031,25974.33,26087.53,4.061,32.27
2019-09-04,26083.469,26378.269,26080.97,26366.77,26088.53,26382.33,26085.03,26370.83,4.06,19.69
2019-09-05,26367.269,26834.969,26359.269,26750.969,26370.831,26836.631,26363.33,26755.031,4.062,22.95
2019-09-06,26750.969,26861.169,26706.67,26802.669,26755.53,26862.831,26708.33,26804.33,1.661,18.91
2019-09-09,26801.47,26902.67,26762.169,26867.47,26805.031,26904.331,26763.83,26871.531,4.061,8.75
2019-09-10,26867.47,26901.67,26714.669,26877.97,26871.031,26903.331,26716.331,26882.03,4.06,11.95
2019-09-11,26877.97,27312.969,26838.47,27304.97,26881.53,27317.03,26842.531,27309.03,4.06,12.23
2019-09-12,27305.969,27311.97,27104.669,27205.969,27309.031,27316.03,27106.33,27210.031,4.062,16.74
2019-09-13,27205.969,27304.07,27173.969,27205.67,27213.53,27306.93,27178.03,27207.331,1.661,11.99
2019-09-16,27063.469,27163.67,26996.969,27092.97,27067.53,27165.331,27001.03,27097.031,4.061,11.58
2019-09-17,27093.47,27118.669,26978.169,27095.169,27097.531,27120.0,26979.83,27099.23,4.061,13.74
2019-09-18,27095.169,27176.17,26898.669,27124.47,27099.73,27177.831,26900.331,27128.531,4.061,11.83
2019-09-19,27124.47,27267.67,26990.569,27107.969,27129.031,27269.331,26993.431,27112.031,4.062,7.91
2019-09-20,27107.969,27188.67,26902.169,26908.169,27112.531,27190.331,26903.83,26909.831,1.662,13.93
2019-09-23,27017.969,27119.469,26819.17,27075.97,27022.531,27123.531,26820.831,27080.03,4.06,15.29
2019-09-24,27075.97,27098.47,26703.67,26892.97,27081.03,27102.53,26705.33,26897.03,4.06,18.16
2019-09-25,26892.97,27026.67,26732.07,26977.97,26897.531,27028.33,26734.931,26982.03,4.06,20.5
2019-09-26,26977.469,27060.569,26803.169,26890.47,26981.531,27063.43,26804.83,26894.53,4.06,17.89
2019-09-27,26890.47,27011.57,26713.669,26820.669,26894.03,27014.431,26715.33,26823.83,3.161,19.87
2019-09-30,26881.969,27005.47,26829.569,26971.969,26886.031,27009.53,26832.431,26976.03,4.061,15.66
2019-10-01,26971.969,27070.07,26550.969,26620.77,26975.031,27072.931,26552.631,26624.83,4.06,18.16
2019-10-02,26620.77,26650.77,25967.669,26066.97,26624.83,26654.831,25969.33,26072.031,5.061,19.54
2019-10-03,26067.97,26224.67,25740.169,26179.47,26072.031,26226.33,25740.331,26183.53,4.06,27.36
2019-10-04,26178.47,26590.67,26101.069,26557.169,26182.53,26592.33,26103.93,26557.33,0.161,26.45
2019-10-07,26471.47,26656.17,26420.17,26471.97,26473.53,26657.83,26421.83,26476.03,4.06,24.3
2019-10-08,26472.469,26590.47,26123.469,26161.969,26476.03,26594.531,26127.531,26166.03,4.061,32.0
2019-10-09,26160.969,26438.569,26022.969,26186.469,26166.03,26441.431,26027.031,26190.53,4.061,25.1
2019-10-10,26188.469,26676.47,26088.47,26579.97,26190.53,26680.531,26092.53,26585.03,5.06,25.41
2019-10-11,26579.97,27013.67,26540.97,26814.67,26584.03,27015.331,26545.031,26816.33,1.66,17.69
2019-10-14,26930.97,26933.97,26677.57,26845.469,26935.03,26938.031,26680.43,26849.531,4.062,15.52
2019-10-15,26845.469,27123.67,26801.47,27019.47,26847.53,27125.331,26805.53,27023.531,4.061,16.49
2019-10-16,27018.969,27058.669,26927.469,26933.47,27023.031,27060.33,26931.531,26937.53,4.06,17.42
2019-10-17,26929.97,27124.57,26913.469,27020.969,26937.53,27127.431,26917.53,27025.031,4.062,17.39
2019-10-18,27020.47,27061.069,26763.669,26790.169,27025.031,27063.931,26765.33,26791.831,1.662,17.11
2019-10-21,26818.969,26874.069,26743.669,26818.969,26824.03,26876.931,26745.33,26823.03,4.061,15.84
2019-10-22,26819.97,26945.0,26769.969,26774.969,26823.03,26946.331,26774.03,26779.03,4.061,17.81
2019-10-23,26775.969,26898.5,26630.07,26849.97,26779.03,26899.83,26632.93,26854.03,4.06,19.94
2019-10-24,26846.47,26916.169,26712.669,26796.47,26854.03,26917.831,26714.33,26800.53,4.06,18.11
2019-10-25,26796.47,27017.669,26760.069,26950.669,26797.334,27019.33,26762.93,26952.33,1.661,14.71
2019-10-28,26992.47,27168.17,26982.47,27106.969,26996.03,27169.831,26986.53,27111.031,4.062,13.31
2019-10-29,27106.969,27159.67,27017.07,27095.97,27111.031,27161.331,27019.931,27100.03,4.06,13.7
2019-10-30,27096.47,27234.469,26994.67,27209.47,27100.03,27238.531,26996.331,27213.53,4.06,13.79
2019-10-31,27210.469,27232.069,26911.669,27038.469,27214.531,27234.931,26913.33,27042.53,4.061,13.97
2019-11-01,27039.97,27342.67,27035.469,27323.669,27044.03,27344.33,27039.53,27324.831,1.162,13.16
2019-11-04,27367.07,27530.969,27353.47,27508.97,27368.031,27535.03,27357.531,27513.03,4.06,17.25
2019-11-05,27508.97,27558.67,27450.67,27490.969,27512.03,27560.33,27452.33,27495.03,4.061,10.58
2019-11-06,27491.469,27534.07,27407.67,27452.47,27495.03,27536.931,27409.33,27456.531,4.061,7.39
2019-11-07,27452.469,27774.67,27423.97,27711.97,27456.531,27776.331,27428.03,27716.03,4.06,8.62
2019-11-08,27711.97,27742.47,27573.67,27662.67,27719.03,27746.531,27575.33,27664.33,1.66,7.74
2019-11-11,27655.469,27712.67,27504.17,27672.97,27659.53,27714.33,27505.831,27677.03,4.06,7.01
2019-11-12,27673.97,27770.67,27635.669,27673.469,27678.03,27772.331,27637.33,27677.53,4.061,8.07
2019-11-13,27673.469,27806.67,27561.069,27786.969,27677.53,27808.53,27563.93,27791.03,4.061,8.68
2019-11-14,27786.47,27823.47,27673.67,27788.969,27790.531,27827.531,27674.0,27793.03,4.061,18.07
2019-11-15,27788.969,27999.67,27776.969,27978.669,27792.531,28001.331,27781.03,27980.33,1.661,20.41
2019-11-18,27961.969,28086.969,27954.969,28022.47,27966.03,28091.03,27959.03,28026.53,4.06,22.07
2019-11-19,28022.47,28159.069,27859.969,27866.47,28026.531,28161.931,27864.03,27870.531,4.061,23.53
2019-11-20,27865.97,27905.97,27674.17,27763.47,27870.03,27910.03,27675.83,27767.53,4.06,32.19
2019-11-21,27764.469,27865.57,27673.469,27752.469,27768.531,27868.43,27677.53,27756.53,4.061,36.07
2019-11-22,27753.97,27895.169,27744.47,27888.67,27758.03,27896.831,27748.53,27890.33,1.66,24.54
2019-11-25,27948.97,28066.67,27940.069,28063.97,27952.03,28068.53,27942.93,28068.031,4.061,14.73
2019-11-26,28063.97,28170.47,28022.069,28134.969,28068.031,28174.53,28024.931,28139.03,4.061,22.06
2019-11-27,28134.47,28191.07,28077.669,28098.969,28139.03,28193.931,28079.33,28103.03,4.061,17.26
2019-11-28,28098.969,28145.669,28069.57,28120.47,28102.531,28147.33,28072.43,28124.53,4.06,9.01
2019-11-29,28120.47,28123.469,28047.169,28070.17,28122.531,28127.53,28048.83,28071.83,1.66,14.82
2019-12-02,28111.469,28201.07,27745.469,27773.47,28115.53,28203.93,27749.53,27777.53,4.06,28.88
2019-12-03,27773.47,27852.469,27321.67,27508.97,27777.031,27856.531,27323.33,27513.03,4.06,36.15
2019-12-04,27508.97,27728.669,27397.47,27630.469,27513.031,27730.33,27401.53,27634.53,4.061,29.16
2019-12-05,27630.469,27772.07,27557.669,27681.97,27634.53,27774.931,27559.33,27686.031,4.061,24.48
2019-12-06,27681.97,28035.17,27681.47,28011.67,27687.531,28036.831,27685.531,28013.331,1.661,12.45
2019-12-09,28011.47,28013.07,27876.47,27898.469,28015.53,28016.031,27878.33,27902.53,4.061,9.65
2019-12-10,27898.469,27948.67,27713.07,27890.47,27902.031,27950.0,27715.931,27894.53,4.06,17.38
2019-12-11,27889.969,27970.069,27794.67,27935.969,27894.03,27972.93,27796.33,27940.03,4.061,22.47
2019-12-12,27936.469,28252.97,27848.069,28236.97,27940.03,28257.03,27850.93,28241.03,4.06,30.22
2019-12-13,28234.969,28285.669,28026.669,28154.669,28239.03,28287.331,28028.33,28156.331,1.662,22.54
2019-12-16,28158.969,28338.67,28144.469,28201.97,28163.03,28340.33,28148.531,28206.031,4.061,11.97
2019-12-17,28202.47,28327.67,28163.069,28257.47,28206.53,28329.331,28165.93,28261.531,4.061,18.34
2019-12-18,28257.47,28316.67,28231.669,28259.47,28261.531,28318.331,28232.83,28263.53,4.06,11.98
2019-12-19,28258.969,28394.969,28233.469,28392.47,28263.53,28399.031,28237.53,28396.53,4.06,10.0
2019-12-20,28392.47,28518.67,28360.47,28472.67,28395.031,28520.331,28364.53,28474.33,1.66,12.56
2019-12-23,28494.97,28580.17,28468.469,28566.469,28499.531,28581.83,28472.53,28570.531,4.062,11.84
2019-12-24,28565.969,28589.069,28501.67,28511.669,28570.03,28591.93,28503.331,28513.33,1.661,7.04
2019-12-25,28523.47,28528.97,28512.47,28518.469,28527.53,28533.03,28516.53,28522.53,4.061,0.29
2019-12-26,28518.969,28635.67,28513.97,28625.97,28522.53,28637.33,28518.031,28630.03,4.06,10.05
2019-12-27,28626.47,28731.88,28608.43,28619.49,28630.03,28735.19,28610.3,28621.52,2.03,9.97
2019-12-30,28651.71,28669.85,28422.96,28484.24,28655.7,28673.15,28424.8,28488.76,4.52,15.27
2019-12-31,28485.77,28570.49,28366.45,28567.7,28488.76,28572.52,28368.3,28569.51,1.81,9.72
2020-01-01,28573.5,28608.29,28557.29,28587.0,28577.24,28612.78,28561.5,28591.24,4.24,0.29
2020-01-02,28586.28,28913.23,28578.0,28897.23,28590.73,28917.8,28582.2,28901.78,4.55,11.32
2020-01-03,28897.23,28919.25,28460.31,28633.97,28901.29,28923.72,28463.63,28636.06,2.09,36.17
2020-01-06,28530.3,28733.0,28382.83,28654.75,28534.72,28735.03,28385.9,28659.2,4.45,26.04
2020-01-07,28654.75,28768.3,28241.2,28299.76,28658.76,28771.61,28245.75,28303.75,3.99,29.76
2020-01-08,28299.3,28865.41,28119.7,28806.22,28303.72,28867.52,28124.0,28810.5,4.28,48.77
2020-01-09,28806.22,28986.5,28772.7,28978.21,28810.26,28990.78,28777.21,28982.73,4.52,23.33
2020-01-10,28978.21,29055.23,28785.96,28811.45,28982.73,29059.72,28788.01,28813.52,2.07,20.15
2020-01-13,28841.73,28949.21,28812.43,28945.3,28845.5,28953.5,28814.56,28949.78,4.48,17.61
2020-01-14,28945.3,29052.45,28772.81,28889.79,28949.2,29054.3,28775.9,28894.22,4.43,25.41
2020-01-15,28889.2,29129.4,28876.2,29090.73,28893.76,29131.5,28880.7,29095.2,4.47,23.52
2020-01-16,29090.73,29353.72,29069.29,29324.79,29095.2,29358.23,29073.74,29329.0,4.21,17.49
2020-01-17,29324.79,29400.9,29291.41,29312.7,29328.71,29404.17,29293.3,29314.51,1.81,18.67
2020-01-20,29340.73,29352.3,29263.83,29314.73,29345.23,29356.77,29266.9,29319.2,4.47,8.06
2020-01-21,29314.73,29336.5,29147.4,29209.29,29319.2,29338.56,29149.3,29213.72,4.43,29.95
2020-01-22,29210.26,29345.5,29110.8,29119.0,29213.72,29349.74,29115.2,29123.22,4.22,11.74
2020-01-23,29119.74,29223.76,28961.5,29204.3,29123.27,29228.24,28963.3,29208.73,4.43,14.31
2020-01-24,29205.22,29283.49,28840.42,28976.94,29208.8,29285.3,28842.5,28978.8,1.86,20.0
2020-01-27,28693.25,28774.3,28450.48,28589.26,28695.79,28778.7,28452.51,28593.73,4.47,37.68
2020-01-28,28589.26,28823.7,28549.6,28729.78,28593.3,28825.55,28552.62,28734.27,4.49,21.16
2020-01-29,28730.3,28932.49,28706.3,28763.8,28734.27,28934.51,28710.74,28768.0,4.2,16.87
2020-01-30,28764.25,28895.47,28479.3,28851.8,28768.0,28897.53,28483.7,28856.2,4.4,26.39
2020-01-31,28852.22,28932.5,28160.49,28294.0,28856.2,28936.7,28162.55,28295.8,1.8,27.06
2020-02-03,28314.73,28631.7,28290.79,28392.79,28317.25,28633.3,28295.0,28397.2,4.41,26.05
2020-02-04,28393.8,28903.97,28384.5,28792.0,28397.2,28906.02,28388.74,28796.27,4.27,22.11
2020-02-05,28792.0,29332.76,28749.2,29288.74,28795.24,29337.0,28753.74,29293.22,4.48,25.81
2020-02-06,29288.73,29528.3,29245.2,29402.79,29292.2,29532.78,29247.09,29406.27,3.48,22.55
2020-02-07,29402.79,29409.8,29055.45,29095.47,29407.29,29414.25,29057.51,29097.54,2.07,24.14
2020-02-10,28958.77,29293.5,28955.21,29274.74,28963.26,29295.52,28959.5,29279.28,4.54,29.95
2020-02-11,29275.3,29437.85,29209.43,29301.8,29279.7,29441.1,29211.5,29306.2,4.4,25.82
2020-02-12,29302.76,29574.49,29254.3,29437.28,29306.2,29576.55,29258.5,29441.72,4.44,20.64
2020-02-13,29439.8,29534.4,29263.9,29411.75,29444.22,29536.57,29267.17,29416.21,4.46,35.15
2020-02-14,29411.75,29532.78,29280.47,29411.0,29416.5,29537.27,29282.3,29413.08,2.08,24.22
2020-02-17,29458.0,29488.5,29337.21,29364.5,29462.23,29492.5,29341.5,29368.72,4.22,8.19
2020-02-18,29363.79,29366.2,29113.49,29298.23,29368.22,29370.77,29115.3,29302.79,4.56,26.64
2020-02-19,29299.77,29409.5,29247.26,29392.78,29304.22,29411.54,29251.72,29397.22,4.44,17.78
2020-02-20,29393.73,29444.75,28949.2,29077.77,29397.25,29449.25,28949.58,29082.23,4.46,31.22
2020-02-21,29077.77,29167.3,28888.5,29004.7,29081.73,29171.8,28890.52,29006.54,1.84,44.45
2020-02-24,28653.73,28681.27,27873.2,28070.78,28658.25,28685.74,27877.8,28075.24,4.46,60.96
2020-02-25,28074.25,28247.0,26994.43,27282.79,28078.5,28251.3,26996.5,27287.26,4.47,72.67
2020-02-26,27282.79,27539.42,26710.8,26873.27,27288.21,27541.59,26714.16,26877.71,4.44,91.74
2020-02-27,26873.27,26906.21,25389.27,25649.77,26876.5,26910.73,25393.79,25654.8,5.03,103.9
2020-02-28,25650.22,25774.8,24685.41,25545.7,25654.8,25779.26,24686.58,25547.51,1.81,105.55
2020-03-02,25098.78,26725.2,25017.31,26664.5,25103.8,26727.09,25020.4,26669.27,4.77,106.91
2020-03-03,26664.5,27075.47,25703.95,25838.8,26668.8,27077.58,25706.02,25843.21,4.41,106.81
2020-03-04,25837.5,27094.0,25826.2,26927.24,25841.77,27096.07,25830.73,26931.23,3.99,81.42
2020-03-05,26927.24,26930.75,25940.94,26206.5,26931.5,26935.23,25943.01,26210.7,4.2,84.58
2020-03-06,26207.28,26303.73,25216.33,25818.44,26210.7,26308.29,25219.6,25820.54,2.1,103.33
2020-03-09,24694.25,24805.26,23461.79,24344.73,24698.74,24809.72,23466.21,24345.78,1.05,58.51
2020-03-10,24344.73,25055.97,23682.93,24562.72,24349.25,25058.0,23685.02,24567.25,4.53,104.37
2020-03-11,24567.5,24695.2,23321.46,23526.76,24571.72,24699.76,23324.03,23531.26,4.5,93.39
2020-03-12,23527.29,23604.23,20629.26,20840.5,23531.26,23608.72,20633.71,20844.79,4.29,65.0
2020-03-13,20839.26,23173.99,20404.29,23056.92,20844.79,23176.02,20410.7,23059.07,2.15,64.93
2020-03-16,20593.46,21794.2,20083.99,20689.77,20596.54,21796.02,20086.025,20694.23,4.46,46.18
2020-03-17,20686.5,21376.94,19881.49,20385.27,20694.23,21379.1,19883.3,20401.74,16.47,68.24
2020-03-18,20383.79,20702.27,18898.52,20357.0,20401.74,20718.71,18905.49,20373.3,16.3,56.58
2020-03-19,20357.73,20471.22,18963.2,19761.24,20373.3,20487.7,18979.5,19777.72,16.48,50.32
2020-03-20,19764.0,21014.17,19094.05,19162.53,19777.72,21025.6,19100.94,19168.2,5.67,4.5
2020-03-23,18316.74,19921.18,18165.79,18861.78,18332.5,19932.6,18182.24,18875.22,13.44,51.61
2020-03-24,18858.8,21063.5,18760.77,20630.5,18875.22,21079.72,18777.0,20646.73,16.23,73.31
2020-03-25,20630.29,22023.1,20403.26,21230.72,20646.27,22029.91,20419.7,21247.2,16.48,36.11
2020-03-26,21230.72,22648.72,20646.63,22628.26,21246.29,22665.27,20658.38,22644.8,16.54,87.26
2020-03-27,22628.26,22653.2,21455.03,21599.05,22645.77,22669.78,21461.99,21603.47,4.42,68.73
2020-03-30,21276.0,22388.5,21214.71,22341.25,21292.0,22404.75,21231.25,22357.7,16.45,58.0
2020-03-31,22344.26,22529.2,21611.27,21628.75,22357.73,22540.85,21627.74,21645.22,16.47,69.39
2020-04-01,21628.24,21702.72,20785.2,21076.22,21644.5,21719.21,20790.6,21086.8,10.58,37.49
2020-04-02,21078.2,21496.61,20628.29,21285.3,21088.74,21502.36,20635.72,21295.72,10.42,37.12
2020-04-03,21285.23,21452.0,20865.62,21069.62,21294.29,21459.3,20871.32,21075.84,6.22,37.47
2020-04-06,21353.74,22781.2,21345.71,22745.29,21366.3,22786.86,21356.23,22755.78,10.49,49.01
2020-04-07,22745.29,23593.1,22418.2,22646.28,22754.74,23598.83,22428.76,22656.76,10.48,88.76
2020-04-08,22646.28,23535.8,22363.78,23508.74,22654.26,23546.21,22374.28,23519.2,10.46,79.12
2020-04-09,23508.74,24009.2,23143.27,23736.9,23518.25,24014.84,23144.78,23742.32,5.42,32.13
2020-04-13,23447.27,23727.24,23089.12,23496.78,23452.71,23734.73,23094.85,23507.2,10.42,3.66
2020-04-14,23497.27,24067.8,23367.74,23953.77,23507.2,24078.23,23378.0,23964.26,10.49,4.14
2020-04-15,23955.28,23956.28,23230.17,23336.78,23964.26,23966.75,23235.8,23347.28,10.5,4.63
2020-04-16,23337.29,24442.29,23207.64,24280.28,23347.3,24452.7,23213.33,24290.7,10.42,30.52
2020-04-17,24280.28,24423.78,23816.19,24272.69,24290.76,24434.26,23821.6,24278.31,5.62,63.41
2020-04-20,24101.73,24320.0,23564.8,23680.7,24105.23,24325.23,23567.28,23686.22,5.52,8.21
2020-04-21,23681.21,23800.78,22940.24,23134.72,23686.22,23806.28,22942.7,23140.23,5.51,31.45
2020-04-22,23134.72,23619.25,22933.3,23396.77,23140.5,23621.78,22938.75,23402.3,5.53,58.62
2020-04-23,23397.73,23883.77,23343.78,23390.25,23403.23,23886.26,23349.23,23395.75,5.5,49.78
2020-04-24,23391.26,23825.5,23265.75,23766.3,23396.77,23827.78,23271.2,23768.5,2.2,29.99
2020-04-27,23715.71,24211.28,23672.28,24115.77,23721.2,24213.8,23677.72,24121.24,5.47,23.43
2020-04-28,24115.26,24545.58,23989.76,24161.76,24120.8,24549.56,23995.22,24167.22,5.46,26.47
2020-04-29,24162.75,24790.0,24153.8,24696.7,24167.28,24795.3,24159.0,24702.29,5.59,42.96
2020-04-30,24695.73,24900.3,23974.28,24143.28,24701.0,24905.79,23979.79,24148.71,5.43,42.76
2020-05-01,24147.27,24188.21,23643.3,23731.29,24148.71,24193.77,23645.5,23733.76,2.47,36.63
2020-05-04,23379.71,23770.0,23322.26,23753.28,23385.28,23772.2,23327.5,23758.73,5.45,30.48
2020-05-05,23753.23,24170.0,23752.28,23929.28,23758.27,24172.25,23757.79,23934.7,5.42,31.25
2020-05-06,23929.79,24105.3,23522.77,23596.8,23935.29,24109.04,23528.0,23602.22,5.42,34.16
2020-05-07,23598.21,24094.0,23598.21,24035.28,23602.24,24096.26,23602.24,24040.7,5.42,29.57
2020-05-08,24038.3,24384.28,24033.7,24372.76,24040.75,24386.78,24039.0,24375.29,2.53,32.81
2020-05-11,24472.72,24558.77,24063.0,24168.75,24477.72,24564.23,24067.05,24174.74,5.99,48.29
2020-05-12,24169.23,24379.5,23474.28,23497.23,24174.74,24381.77,23479.78,23502.75,5.52,51.6
2020-05-13,23496.25,23863.1,23065.22,23297.77,23501.71,23867.06,23067.8,23303.3,5.53,65.96
2020-05-14,23297.77,23701.22,22785.77,23695.22,23303.73,23706.7,22788.23,23700.76,5.54,67.41
2020-05-15,23695.22,23758.0,23324.59,23602.24,23701.2,23762.03,23328.51,23604.8,2.56,50.49
2020-05-18,23784.79,24710.21,23758.27,24624.79,23790.74,24712.71,23763.72,24630.27,5.48,39.51
2020-05-19,24624.79,24832.77,24145.21,24276.24,24629.8,24838.29,24150.8,24281.76,5.52,47.53
2020-05-20,24276.24,24649.8,24274.75,24542.5,24283.74,24652.29,24280.21,24547.72,5.22,38.63
2020-05-21,24542.5,24718.28,24357.07,24537.23,24548.25,24720.8,24361.1,24542.71,5.48,37.93
2020-05-22,24537.23,24559.2,24157.54,24480.28,24543.74,24564.73,24161.6,24482.78,2.5,39.68
2020-05-25,24594.22,24787.29,24483.3,24695.28,24599.3,24789.78,24488.72,24700.78,5.5,16.16
2020-05-26,24694.21,25175.26,24675.3,25021.26,24700.78,25177.76,24680.79,25026.76,5.5,36.58
2020-05-27,25021.26,25699.2,24964.24,25698.25,25027.73,25704.73,24969.5,25703.78,5.53,43.54
2020-05-28,25698.25,25840.21,25356.0,25364.3,25701.0,25845.77,25358.26,25369.27,4.97,44.92
2020-05-29,25363.77,25508.79,25023.28,25502.71,25369.27,25511.23,25025.75,25505.21,2.5,47.8
2020-06-01,25269.21,25544.08,25218.5,25352.76,25274.73,25548.09,25220.71,25358.21,5.45,36.13
2020-06-02,25354.26,25833.29,25336.26,25826.23,25358.21,25838.78,25341.5,25831.8,5.57,33.82
2020-06-03,25827.29,26360.78,25780.26,26330.3,25832.73,26366.24,25785.73,26335.74,5.44,34.9
2020-06-04,26330.76,26384.74,26073.58,26251.21,26335.74,26387.0,26077.54,26256.73,5.52,41.19
2020-06-05,26252.25,27340.73,26228.28,27084.3,26256.73,27343.23,26233.5,27086.7,2.4,43.02
2020-06-08,27274.26,27584.28,27044.0,27547.71,27279.77,27589.77,27048.02,27553.21,5.5,28.42
2020-06-09,27547.5,27632.23,27137.02,27358.21,27552.5,27637.79,27141.02,27363.75,5.54,40.91
2020-06-10,27358.21,27492.79,26724.72,26751.24,27363.21,27498.2,26730.0,26756.75,5.51,47.39
2020-06-11,26751.24,26887.27,25077.2,25367.24,26758.22,26892.5,25079.7,25372.78,5.54,79.1
2020-06-12,25376.21,25960.71,25073.72,25549.8,25381.7,25963.23,25076.26,25552.79,2.99,71.61
2020-06-15,25216.75,26067.0,24558.0,26059.75,25224.8,26072.25,24563.26,26065.29,5.54,73.06
2020-06-16,26059.75,26796.04,25796.23,26387.8,26064.7,26799.8,25798.79,26393.21,5.41,65.08
2020-06-17,26387.77,26633.06,25997.27,26007.77,26392.77,26637.1,26002.76,26013.29,5.52,34.3
2020-06-18,26012.8,26280.8,25750.28,26206.25,26018.28,26284.52,25755.74,26210.25,4.0,56.81
2020-06-19,26206.25,26448.07,25642.5,25662.76,26211.72,26452.07,25644.7,25665.21,2.45,45.4
2020-06-22,25588.5,26229.78,25541.2,26193.22,25593.73,26235.21,25546.7,26198.5,5.28,29.22
2020-06-23,26194.26,26421.6,25642.22,26099.76,26199.76,26425.56,25647.74,26105.2,5.44,30.86
2020-06-24,26101.23,26250.5,25291.5,25426.5,26105.2,26255.76,25293.78,25431.73,5.23,38.86
2020-06-25,25428.71,25789.23,25135.04,25670.79,25434.26,25791.77,25139.06,25676.21,5.42,41.2
2020-06-26,25670.75,25780.23,24969.77,25088.78,25675.75,25785.74,24972.0,25091.0,2.22,42.52
2020-06-29,25011.27,25735.0,24956.28,25679.22,25016.77,25740.21,24961.79,25684.77,5.55,36.1
2020-06-30,25679.22,25904.72,25432.03,25736.28,25683.29,25907.2,25436.09,25741.7,5.42,54.77
2020-07-01,25736.28,26022.77,25511.05,25705.27,25740.78,26025.27,25514.8,25710.78,5.51,47.1
2020-07-02,25705.27,26209.8,25639.0,25863.8,25706.74,26212.25,25644.28,25869.2,5.4,28.43
2020-07-03,25865.74,25999.3,25562.24,25751.29,25869.2,26004.78,25564.7,25753.71,2.42,17.51
2020-07-06,25947.3,26360.74,25941.73,26338.25,25952.24,26366.21,25947.23,26343.71,5.46,47.37
2020-07-07,26337.73,26400.5,25866.23,25943.79,26343.29,26405.73,25868.7,25949.3,5.51,49.76
2020-07-08,25943.3,26147.24,25784.3,26114.3,25948.73,26152.5,25789.73,26119.71,5.41,27.83
2020-07-09,26117.78,26140.79,25518.25,25793.73,26123.0,26146.23,25520.73,25798.21,4.48,20.2
2020-07-10,25793.77,26109.73,25414.23,26098.76,25799.28,26112.26,25419.21,26101.21,2.45,34.85
2020-07-13,26176.399,26642.21,26032.79,26156.0,26179.531,26644.79,26035.23,26161.22,5.22,40.47
2020-07-14,26154.2,26928.3,25992.72,26875.24,26159.73,26933.77,25995.2,26880.79,5.55,64.77
2020-07-15,26875.24,27176.08,26685.7,26874.7,26881.76,27180.1,26688.0,26880.26,5.56,53.92
2020-07-16,26874.7,26890.71,26585.22,26736.24,26876.23,26896.22,26587.7,26741.77,5.53,52.79
2020-07-17,26735.74,26836.08,26618.8,26624.3,26741.77,26840.05,26621.25,26626.5,2.2,37.24
2020-07-20,26704.26,26766.2,26441.02,26722.76,26708.75,26768.74,26444.8,26728.3,5.54,41.94
2020-07-21,26722.76,27027.22,26707.21,26895.26,26730.21,27029.73,26712.7,26900.76,5.5,42.94
2020-07-22,26895.26,27035.3,26636.8,26940.78,26903.25,27037.5,26640.53,26946.22,5.44,37.29
2020-07-23,26940.78,27162.5,26555.71,26658.3,26946.77,27166.3,26558.28,26663.79,5.49,41.18
2020-07-24,26657.74,26717.78,26398.0,26428.71,26663.79,26723.29,26401.28,26431.26,2.55,50.2
2020-07-27,26409.23,26642.7,26392.5,26621.29,26413.74,26648.22,26397.76,26626.7,5.41,37.4
2020-07-28,26621.79,26701.24,26359.79,26421.26,26626.8,26706.7,26362.21,26426.74,5.48,39.45
2020-07-29,26421.26,26604.2,26290.79,26525.26,26425.71,26606.73,26296.0,26530.3,5.04,30.45
2020-07-30,26525.26,26554.77,25984.23,26507.78,26530.74,26560.3,25986.78,26513.26,5.48,44.86
2020-07-31,26507.78,26530.5,26011.24,26437.2,26510.78,26535.73,26013.7,26439.78,2.58,51.13
2020-08-03,26424.76,26707.27,26304.56,26673.25,26429.73,26709.77,26308.51,26678.8,5.55,25.56
2020-08-04,26673.71,26851.76,26547.51,26830.5,26678.8,26857.29,26551.3,26835.5,5.0,30.98
2020-08-05,26830.5,27217.27,26770.0,27190.3,26835.3,27220.79,26775.2,27195.8,5.5,29.29
2020-08-06,27189.72,27403.3,27028.3,27346.28,27195.8,27405.5,27032.03,27351.8,5.52,34.92
2020-08-07,27345.71,27461.2,27197.1,27424.74,27351.28,27463.73,27201.09,27427.26,2.52,37.66
2020-08-10,27404.27,27802.27,27381.26,27774.74,27407.78,27804.73,27386.71,27780.3,5.56,30.57
2020-08-11,27770.71,28154.27,27622.76,27744.3,27780.3,28156.74,27625.3,27749.7,5.4,37.58
2020-08-12,27744.7,28044.22,27696.21,27954.78,27749.7,28046.75,27701.76,27960.25,5.47,36.11
2020-08-13,27954.78,28004.24,27784.78,27963.3,27959.72,28009.75,27787.22,27968.72,5.42,31.66
2020-08-14,27963.77,27985.73,27677.0,27871.22,27968.74,27991.21,27681.08,27873.72,2.5,28.18
2020-08-17,27951.27,28000.72,27812.7,27893.24,27955.8,28006.26,27815.0,27898.7,5.46,21.12
2020-08-18,27892.74,27970.56,27664.22,27794.2,27898.7,27974.57,27666.77,27799.79,5.59,24.42
2020-08-19,27792.78,27919.2,27625.29,27632.74,27799.79,27921.78,27630.79,27638.22,5.48,24.57
2020-08-20,27632.74,27805.77,27456.79,27799.5,27638.73,27811.27,27462.25,27804.75,5.25,28.55
2020-08-21,27801.24,27961.21,27527.57,27915.2,27804.75,27963.5,27531.59,27917.76,2.56,30.54
2020-08-24,27954.29,28345.0,27930.74,28342.29,27959.71,28350.28,27936.25,28347.78,5.49,33.23
2020-08-25,28341.71,28530.3,28091.79,28239.74,28347.71,28534.08,28094.27,28245.26,5.52,33.92
2020-08-26,28238.21,28365.75,28145.3,28347.79,28245.24,28371.28,28149.07,28353.0,5.21,31.45
2020-08-27,28346.22,28636.26,28230.01,28571.27,28353.26,28638.77,28234.06,28576.77,5.5,43.19
2020-08-28,28570.71,28756.26,28483.23,28645.7,28576.74,28761.75,28485.7,28648.29,2.59,40.44
2020-08-31,28771.73,28808.0,28332.21,28439.5,28776.73,28813.3,28337.71,28444.75,5.25,35.5
2020-09-01,28439.79,28706.29,28282.77,28704.5,28444.5,28711.77,28285.2,28709.5,5.0,39.27
2020-09-02,28703.71,29166.27,28659.21,29137.21,28709.5,29168.75,28664.75,29142.76,5.55,42.09
2020-09-03,29136.77,29196.3,28069.2,28163.74,29142.22,29198.77,28071.71,28169.3,5.56,62.93
2020-09-04,28163.79,28609.59,27658.25,28096.22,28168.73,28613.59,27660.77,28098.75,2.53,70.34
2020-09-07,28076.72,28378.76,27982.77,28341.8,28081.73,28384.27,27988.21,28347.71,5.91,32.45
2020-09-08,28342.0,28420.5,27197.75,27424.0,28347.27,28425.79,27203.23,27429.22,5.22,67.05
2020-09-09,27422.28,28208.0,27373.77,28050.7,27429.24,28210.29,27379.26,28056.24,5.54,49.23
2020-09-10,28051.23,28172.3,27441.72,27609.22,28056.27,28174.7,27444.2,27614.78,5.56,57.14
2020-09-11,27608.3,27831.29,27444.71,27618.28,27614.78,27833.79,27447.2,27620.25,1.97,45.02
2020-09-14,27807.24,28082.24,27768.75,28006.23,27812.28,28084.8,27774.2,28011.7,5.47,26.1
2020-09-15,28007.3,28242.54,27925.22,28001.77,28011.5,28246.58,27927.75,28007.29,5.52,18.9
2020-09-16,28001.7,28366.0,27959.72,28055.72,28006.72,28368.26,27965.2,28061.28,5.56,21.26
2020-09-17,28055.8,28063.3,27538.7,27910.77,28060.73,28068.76,27544.2,27916.21,5.44,45.86
2020-09-18,27907.3,27969.3,27484.71,27726.78,27912.5,27973.06,27487.26,27728.71,1.93,45.15
2020-09-21,27688.5,27775.8,26708.25,27237.71,27692.79,27781.0,26710.5,27243.79,6.08,56.73
2020-09-22,27238.2,27373.29,26987.2,27370.22,27243.74,27378.74,26989.7,27375.72,5.5,52.67
2020-09-23,27370.77,27517.8,26651.23,26710.22,27376.24,27521.52,26656.72,26715.73,5.51,53.11
2020-09-24,26711.27,27099.3,26537.76,26961.2,26715.79,27101.8,26540.27,26966.72,5.52,62.32
2020-09-25,26959.76,27242.72,26552.03,27176.0,26966.7,27245.28,26556.08,27178.27,2.27,52.88
2020-09-28,27246.5,27724.5,27217.73,27681.79,27251.75,27726.73,27223.22,27687.24,5.45,47.64
2020-09-29,27681.75,27738.28,27335.23,27545.77,27685.78,27743.73,27337.72,27551.28,5.51,47.65
2020-09-30,27544.26,28025.0,27160.2,27892.0,27551.24,28027.28,27165.71,27897.2,5.2,64.73
2020-10-01,27891.71,28080.1,27664.23,27805.75,27897.8,28084.1,27666.71,27811.25,5.5,58.52
2020-10-02,27805.76,27860.21,27243.77,27687.71,27809.74,27862.8,27249.26,27690.24,2.53,58.34
2020-10-05,27872.29,28160.29,27780.01,28112.79,27878.77,28162.77,27784.07,28118.21,5.42,43.02
2020-10-06,28114.74,28353.5,27658.76,27760.21,28118.29,28355.79,27664.21,27765.74,5.53,50.45
2020-10-07,27761.23,28369.27,27737.22,28342.8,27765.71,28371.79,27742.5,28348.3,5.5,42.37
2020-10-08,28342.75,28576.5,28261.21,28556.76,28347.72,28581.79,28263.75,28562.72,5.96,42.65
2020-10-09,28556.7,28674.5,28435.25,28635.2,28562.22,28676.72,28437.5,28638.28,3.08,33.46
2020-10-12,28592.28,28957.5,28543.73,28894.5,28598.73,28959.78,28549.0,28899.8,5.3,38.68
2020-10-13,28896.21,28903.3,28598.22,28731.2,28901.79,28908.8,28600.71,28735.79,4.59,49.43
2020-10-14,28730.5,28837.1,28454.21,28545.3,28735.76,28841.1,28456.71,28550.5,5.2,46.51
2020-10-15,28545.79,28572.78,28146.1,28543.27,28550.79,28578.27,28153.58,28548.76,5.49,49.52
2020-10-16,28542.5,28843.28,28442.52,28517.77,28548.72,28845.74,28446.54,28519.23,1.46,40.03
2020-10-19,28620.73,28781.07,28136.26,28338.5,28627.25,28785.1,28138.5,28343.77,5.27,40.37
2020-10-20,28338.29,28576.24,28231.2,28380.27,28341.72,28578.74,28236.79,28385.72,5.45,47.17
2020-10-21,28380.78,28483.28,28000.239,28096.22,28385.71,28488.79,28005.74,28101.7,5.48,39.08
2020-10-22,28096.199,28432.269,28016.709,28391.999,28099.73,28437.801,28022.24,28397.231,5.232,37.86
2020-10-23,28391.799,28490.299,28146.729,28289.279,28396.711,28494.071,28149.251,28291.781,2.502,36.44
2020-10-26,28196.249,28222.999,27363.279,27660.719,28202.751,28228.271,27365.721,27666.301,5.582,45.45
2020-10-27,27660.729,27816.279,27276.729,27336.279,27668.301,27821.801,27282.201,27341.701,5.422,36.07
2020-10-28,27336.238,27352.498,26498.269,26675.769,27342.501,27357.801,26500.751,26681.291,5.522,39.52
2020-10-29,26675.738,26909.269,26276.208,26509.219,26679.711,26914.801,26276.731,26514.711,5.492,41.7
2020-10-30,26509.208,26628.759,26064.718,26545.718,26515.281,26631.251,26070.221,26548.771,3.053,51.71
2020-11-02,26381.258,27049.799,26334.229,26994.289,26385.261,27052.251,26339.701,26999.701,5.412,47.06
2020-11-03,26994.268,27775.758,26951.199,27671.499,27000.261,27786.251,26956.701,27681.801,10.302,43.14
2020-11-04,27671.228,28303.769,27015.798,27802.709,27684.231,28306.301,27023.271,27808.291,5.582,71.41
2020-11-05,27802.758,28492.789,27767.698,28343.499,27810.251,28495.261,27773.201,28348.771,5.272,39.19
2020-11-06,28344.219,28559.069,28068.499,28343.799,28348.802,28563.071,28072.521,28345.762,1.963,17.53
2020-11-09,28591.698,30091.099,28556.699,29171.769,28596.741,30095.021,28562.002,29177.231,5.462,21.26
2020-11-10,29172.498,29500.779,28866.289,29386.769,29177.291,29505.751,28871.702,29392.221,5.452,22.98
2020-11-11,29387.247,29658.297,29274.709,29379.999,29392.291,29662.021,29277.003,29385.271,5.272,17.9
2020-11-12,29379.717,29416.999,28899.227,29096.729,29384.281,29422.301,28901.701,29102.211,5.482,21.42
2020-11-13,29096.747,29556.779,28932.249,29478.789,29101.721,29559.291,28937.721,29481.291,2.502,30.87
2020-11-16,29681.199,30072.799,29630.199,29938.729,29686.801,30076.583,29635.711,29944.271,5.542,26.24
2020-11-17,29938.717,29938.717,29519.249,29809.999,29942.791,29942.791,29521.711,29815.301,5.302,26.67
2020-11-18,29809.727,29957.297,29419.229,29435.709,29814.791,29961.071,29421.711,29441.221,5.512,28.41
2020-11-19,29436.279,29527.497,29194.719,29223.789,29441.711,29532.721,29200.211,29229.281,5.492,27.48
2020-11-20,29223.997,29490.299,29180.499,29191.199,29228.701,29494.091,29182.761,29193.801,2.602,22.89
2020-11-23,29277.249,29793.269,29263.299,29741.759,29282.761,29798.741,29268.771,29747.281,5.522,22.62
2020-11-24,29741.797,30115.297,29719.769,30100.779,29745.751,30117.761,29725.001,30106.201,5.422,21.94
2020-11-25,30100.757,30211.999,29806.279,29896.729,30105.221,30217.281,29808.713,29902.271,5.542,12.6
2020-11-26,29896.777,29953.999,29761.259,29797.269,29900.261,29959.281,29766.733,29802.233,4.964,4.42
2020-11-27,29797.259,30017.279,29732.699,29933.759,29802.751,30019.791,29738.221,29936.261,2.502,6.85
2020-11-30,29923.237,29925.789,29462.199,29754.229,29927.211,29931.301,29464.711,29759.761,5.532,15.02
2020-12-01,29755.269,30080.287,29715.709,29766.789,29759.773,30082.761,29721.001,29772.231,5.442,12.53
2020-12-02,29768.209,29946.787,29621.219,29886.799,29772.273,29952.281,29623.721,29892.241,5.442,11.48
2020-12-03,29886.789,30107.799,29769.539,29991.219,29891.753,30110.261,29773.503,29996.761,5.542,10.75
2020-12-04,29991.729,30226.709,29973.219,30169.709,29996.783,30229.301,29978.701,30172.271,2.562,8.95
2020-12-07,30234.719,30237.297,29966.239,30003.239,30239.743,30242.501,29968.501,30008.501,5.262,16.03
2020-12-08,30003.299,30272.739,29862.009,30201.299,30006.773,30278.271,29866.021,30206.751,5.452,28.46
2020-12-09,30201.789,30313.299,29955.239,30091.199,30206.803,30315.771,29957.701,30096.771,5.572,34.61
2020-12-10,30091.719,30150.089,29869.769,30061.199,30097.221,30154.101,29872.001,30066.711,5.512,35.53
2020-12-11,30063.769,30087.779,29720.009,30053.269,30066.503,30093.291,29724.001,30055.781,2.512,28.65
2020-12-14,30186.229,30324.249,29851.219,29936.199,30187.773,30326.751,29854.293,29941.781,5.582,30.83
2020-12-15,29938.279,30238.299,29835.719,30197.199,29941.713,30240.781,29841.241,30202.781,5.582,30.47
2020-12-16,30198.239,30314.519,30076.299,30175.759,30202.713,30318.301,30078.751,30181.281,5.522,27.02
2020-12-17,30175.719,30327.509,30144.209,30286.279,30180.773,30331.541,30149.711,30291.701,5.422,22.27
2020-12-18,30286.729,30350.589,30031.209,30252.749,30291.773,30354.561,30033.501,30255.221,2.472,29.09
2020-12-21,30260.239,30307.299,29418.499,30190.779,30265.501,30312.801,29422.301,30196.251,5.472,49.5
2020-12-22,30190.729,30253.519,29983.699,30076.497,30196.221,30257.531,29986.001,30081.503,5.006,37.15
2020-12-23,30075.237,30286.499,29837.269,30177.249,30080.753,30288.801,29842.703,30182.781,5.532,28.35
2020-12-24,30177.229,30254.089,30101.199,30201.249,30182.801,30257.801,30103.751,30203.781,2.532,15.14
2020-12-28,30254.709,30520.499,30216.279,30467.289,30260.271,30522.801,30221.733,30472.761,5.472,21.33
2020-12-29,30467.719,30601.789,30269.249,30360.259,30472.723,30607.281,30272.723,30365.791,5.532,27.36
2020-12-30,30359.779,30520.297,30314.239,30447.289,30365.001,30522.731,30319.743,30452.791,5.502,20.14
2020-12-31,30447.729,30632.999,30337.269,30603.789,30453.241,30635.271,30339.731,30606.261,2.472,14.09
2021-01-04,30609.299,30795.509,29873.239,30220.699,30612.743,30799.601,29875.501,30226.221,5.522,40.08
2021-01-05,30218.759,30503.999,30084.699,30362.219,30224.301,30506.301,30090.201,30367.771,5.552,39.1
2021-01-06,30364.209,31024.769,30267.219,30875.299,30367.773,31027.211,30272.701,30880.781,5.482,52.61
2021-01-07,30875.239,31195.499,30804.249,31068.239,30880.771,31197.781,30809.761,31073.801,5.562,26.23
2021-01-08,31068.999,31256.299,30795.219,31131.999,31074.281,31261.791,30797.751,31134.231,2.232,27.4
2021-01-11,31024.227,31094.287,30741.559,31038.499,31028.761,31096.781,30745.521,31043.771,5.272,26.36
2021-01-12,31038.779,31119.099,30885.709,31094.239,31044.241,31123.021,30888.211,31099.711,5.472,22.37
2021-01-13,31094.287,31165.789,30976.059,31086.249,31099.251,31171.281,30979.801,31091.771,5.522,19.75
2021-01-14,31086.277,31223.239,30988.709,31033.499,31091.001,31225.751,30991.221,31038.721,5.222,18.77
2021-01-15,31032.999,31037.299,30607.209,30760.799,31038.281,31042.791,30609.721,30763.271,2.472,25.48
2021-01-18,30761.279,30879.749,30710.259,30874.739,30766.701,30885.281,30715.791,30880.251,5.512,9.74
2021-01-19,30874.229,31078.497,30860.759,31012.799,30879.771,31080.701,30863.221,31018.261,5.462,18.25
2021-01-20,31012.997,31238.499,30875.249,31209.299,31015.771,31240.781,30880.701,31214.751,5.452,18.03
2021-01-21,31209.267,31288.299,31119.729,31144.999,31214.001,31292.101,31122.201,31150.251,5.252,15.74
2021-01-22,31145.219,31187.257,30893.799,31015.229,31150.741,31192.791,30897.541,31017.501,2.272,19.25
2021-01-25,31061.499,31111.499,30560.289,30932.249,31066.801,31116.801,30562.751,30937.701,5.452,31.83
2021-01-26,30932.499,31116.269,30765.229,30945.799,30937.273,31118.801,30770.741,30951.001,5.202,34.45
2021-01-27,30945.729,30962.739,30047.719,30086.239,30951.201,30968.271,30053.203,30091.751,5.512,47.59
2021-01-28,30085.729,30939.769,30063.029,30535.209,30091.251,30942.211,30067.041,30540.791,5.582,42.21
2021-01-29,30536.289,30616.999,29857.699,29955.709,30541.721,30622.291,29860.001,29958.301,2.592,44.19
2021-02-01,29799.267,30337.797,29795.229,30249.219,29800.221,30340.271,29800.221,30254.771,5.552,30.22
2021-02-02,30249.247,30842.249,30171.209,30728.299,30253.231,30844.801,30176.703,30733.761,5.462,30.63
2021-02-03,30728.247,30810.729,30516.499,30782.269,30733.201,30813.271,30518.721,30786.703,4.434,11.61
2021-02-04,30782.499,31092.249,30646.249,31074.259,30787.751,31094.741,30651.503,31079.791,5.532,10.04
2021-02-05,31075.789,31251.277,31026.799,31184.269,31079.803,31253.703,31032.223,31186.791,2.522,9.31
2021-02-08,31185.757,31400.787,31153.749,31368.249,31190.761,31406.261,31159.231,31373.771,5.522,8.36
2021-02-09,31368.207,31432.789,31237.749,31389.789,31372.701,31435.291,31240.001,31395.241,5.452,8.13
2021-02-10,31390.249,31543.599,31214.239,31434.799,31395.223,31547.591,31216.751,31440.221,5.422,15.57
2021-02-11,31434.777,31537.787,31243.289,31447.749,31439.291,31540.301,31245.721,31453.221,5.472,18.25
2021-02-12,31448.259,31488.999,31288.509,31485.269,31453.751,31491.301,31292.601,31487.801,2.532,13.81
2021-02-15,31502.219,31682.999,31500.699,31623.769,31507.501,31685.281,31506.221,31629.301,5.532,8.57
2021-02-16,31624.239,31721.249,31438.739,31486.279,31629.801,31726.741,31441.213,31491.761,5.482,25.85
2021-02-17,31487.799,31647.779,31342.739,31645.739,31491.733,31653.301,31345.221,31651.261,5.522,29.96
2021-02-18,31645.279,31686.779,31288.219,31473.789,31650.801,31692.241,31290.701,31479.281,5.492,32.4
2021-02-19,31473.709,31642.279,31360.749,31477.269,31478.233,31644.781,31366.251,31479.501,2.232,30.28
2021-02-22,31507.499,31647.789,31244.599,31564.249,31512.801,31650.281,31248.511,31569.751,5.502,36.37
2021-02-23,31565.299,31670.259,31159.699,31528.289,31569.703,31675.801,31162.291,31533.741,5.452,43.05
2021-02-24,31526.219,32076.249,31378.229,32063.739,31531.781,32081.501,31383.701,32069.281,5.542,32.35
2021-02-25,32064.269,32081.239,31288.719,31344.729,32069.213,32086.761,31293.001,31350.221,5.492,41.97
2021-02-26,31343.279,31490.269,30839.199,30899.249,31348.741,31495.801,30841.501,30900.293,1.044,60.15
2021-03-01,31121.259,31666.299,31108.249,31576.259,31126.791,31668.801,31113.731,31581.801,5.542,34.53
2021-03-02,31575.799,31616.749,31310.069,31459.729,31581.281,31619.271,31314.031,31465.271,5.542,41.41
2021-03-03,31459.769,31641.039,31146.699,31147.219,31464.503,31645.001,31152.223,31152.741,5.522,41.42
2021-03-04,31147.249,31466.269,30543.499,30859.759,31152.263,31468.701,30547.701,30865.301,5.542,55.82
2021-03-05,30859.729,31577.779,30671.199,31516.289,30864.503,31580.271,30676.701,31518.701,2.412,56.49
2021-03-08,31660.289,32148.239,31319.079,31954.779,31665.741,32150.731,31323.041,31960.221,5.442,52.44
2021-03-09,31955.289,32149.499,31822.739,31857.749,31960.801,32151.801,31825.201,31863.291,5.542,41.12
2021-03-10,31858.289,32391.279,31747.219,32310.239,31863.283,32393.761,31752.751,32315.711,5.472,40.56
2021-03-11,32311.199,32659.799,32271.779,32527.799,32316.741,32662.001,32277.211,32532.803,5.004,32.3
2021-03-12,32527.769,32825.729,32394.499,32799.259,32533.261,32828.231,32398.511,32801.741,2.482,33.02
2021-03-15,32889.499,32970.299,32627.719,32889.219,32894.751,32972.761,32630.221,32894.771,5.552,19.05
2021-03-16,32889.289,32974.099,32776.209,32827.709,32894.243,32978.011,32778.503,32833.231,5.522,11.38
2021-03-17,32829.499,33100.289,32779.199,33094.199,32833.303,33105.761,32784.711,33099.771,5.572,12.47
2021-03-18,33095.239,33230.277,32837.209,32895.229,33099.703,33232.751,32839.711,32900.801,5.572,15.61
2021-03-19,32895.297,32981.499,32516.799,32604.779,32898.731,32986.781,32519.253,32607.301,2.522,14.56
2021-03-22,32580.779,32810.499,32428.519,32792.249,32585.723,32812.801,32432.533,32797.751,5.502,12.78
2021-03-23,32793.217,32803.289,32352.719,32419.199,32797.761,32808.731,32355.221,32424.781,5.582,14.74
2021-03-24,32420.279,32785.299,32351.269,32486.499,32424.713,32787.791,32356.501,32491.751,5.252,15.45
2021-03-25,32487.297,32697.259,32069.239,32656.289,32491.731,32702.721,32071.501,32661.501,5.212,17.13
2021-03-26,32655.269,33106.769,32612.269,33093.229,32660.761,33109.231,32617.721,33095.801,2.572,13.57
2021-03-29,33001.277,33256.299,32867.209,33194.199,33006.291,33258.771,32872.711,33199.791,5.592,33.94
2021-03-30,33194.699,33251.097,32985.729,33070.279,33200.281,33255.081,32988.281,33075.751,5.472,23.46
2021-03-31,33070.749,33172.777,32992.589,33039.229,33076.281,33175.221,32996.531,33044.801,5.572,19.33
2021-04-01,33038.739,33179.779,32963.299,33161.499,33044.261,33183.301,32968.771,33166.781,5.282,17.47
2021-04-02,33162.499,33385.539,33137.709,33311.559,33167.761,33389.301,33143.001,33315.301,3.742,3.24
2021-04-05,33351.739,33618.499,33304.699,33542.699,33356.233,33620.791,33310.201,33548.291,5.592,17.14
2021-04-06,33541.499,33545.299,33379.199,33484.229,33546.501,33550.501,33381.501,33489.781,5.552,24.78
2021-04-07,33484.297,33520.299,33346.269,33484.199,33487.781,33522.501,33348.703,33489.701,5.502,16.79
2021-04-08,33485.709,33573.279,33336.239,33572.719,33491.201,33578.801,33338.501,33578.001,5.282,16.52
2021-04-09,33572.289,33805.297,33483.499,33753.759,33577.781,33807.701,33488.711,33756.301,2.542,20.03
2021-04-12,33754.799,33784.289,33662.729,33753.799,33760.201,33786.801,33665.241,33759.231,5.432,16.19
2021-04-13,33753.279,33822.797,33543.289,33646.199,33758.731,33826.601,33545.711,33651.761,5.562,21.0
2021-04-14,33646.229,33908.299,33629.709,33774.709,33651.243,33910.801,33635.201,33780.231,5.522,21.0
2021-04-15,33775.719,34070.739,33769.709,34040.739,33780.253,34073.211,33775.001,34046.241,5.502,22.66
2021-04-16,34040.209,34252.269,33987.739,34170.279,34045.731,34254.731,33993.211,34172.801,2.522,22.57
2021-04-19,34093.269,34155.079,33969.699,34136.239,34098.721,34159.091,33972.221,34141.731,5.492,28.96
2021-04-20,34136.799,34172.999,33680.709,33809.299,34141.783,34178.291,33683.211,33814.771,5.472,31.82
2021-04-21,33809.799,34156.259,33731.699,34076.779,33814.503,34158.751,33737.201,34082.231,5.452,26.87
2021-04-22,34077.199,34149.999,33716.729,33820.709,34082.263,34155.251,33719.001,33826.291,5.582,31.36
2021-04-23,33821.279,34158.279,33714.209,34012.289,33826.243,34160.501,33716.741,34014.233,1.944,23.78
2021-04-26,34008.219,34146.769,33936.749,34004.279,34013.781,34149.281,33939.001,34009.771,5.492,20.91
2021-04-27,34003.779,34075.219,33867.209,33908.769,34009.291,34080.801,33869.501,33914.251,5.482,20.98
2021-04-28,33909.999,33971.299,33805.249,33850.719,33914.303,33975.101,33807.501,33856.251,5.532,21.63
2021-04-29,33850.239,34083.499,33735.769,34027.199,33855.761,34085.801,33738.261,34032.711,5.512,25.0
2021-04-30,34027.709,34045.759,33784.699,33915.219,34033.301,34051.241,33787.221,33917.791,2.572,26.32
2021-05-03,33978.739,34218.779,33957.739,34086.219,33983.763,34221.251,33963.261,34091.771,5.552,21.49
2021-05-04,34085.749,34157.499,33759.209,34141.779,34091.291,34159.791,33761.743,34147.221,5.442,31.41
2021-05-05,34143.219,34330.199,34036.719,34231.199,34147.203,34332.771,34039.253,34236.721,5.522,25.5
2021-05-06,34231.299,34556.799,34178.249,34517.279,34234.803,34559.221,34183.501,34522.721,5.442,31.15
2021-05-07,34517.779,34813.229,34461.759,34801.759,34523.231,34815.771,34464.201,34804.271,2.512,25.55
2021-05-10,34822.219,35091.299,34721.759,34801.739,34827.751,35093.771,34724.241,34807.201,5.462,27.24
2021-05-11,34802.799,34816.719,34072.219,34288.289,34807.303,34822.241,34074.701,34293.711,5.422,44.42
2021-05-12,34291.219,34316.259,33553.709,33671.759,34293.803,34321.701,33556.211,33677.001,5.242,45.85
2021-05-13,33671.209,34176.499,33286.999,34056.759,33676.731,34178.781,33290.801,34062.211,5.452,45.46
2021-05-14,34058.219,34455.799,34037.729,34424.499,34063.711,34458.231,34043.261,34426.761,2.262,30.3
2021-05-17,34392.729,34412.759,34167.229,34409.779,34397.743,34418.251,34169.703,34415.211,5.432,30.93
2021-05-18,34411.789,34491.249,33944.299,33945.289,34417.201,34496.501,33949.743,33950.731,5.442,26.69
2021-05-19,33949.299,34054.749,33468.199,33791.279,33950.763,34060.271,33470.701,33796.701,5.422,41.64
2021-05-20,33791.749,34235.499,33639.049,34139.269,33796.733,34237.801,33643.031,34144.761,5.492,31.45
2021-05-21,34139.249,34417.779,34074.029,34245.289,34144.791,34420.221,34078.011,34247.751,2.462,29.23
2021-05-24,34226.719,34472.209,34224.229,34445.289,34232.291,34474.711,34229.701,34450.721,5.432,23.31
2021-05-25,34444.279,34526.789,34268.719,34367.999,34449.751,34532.001,34271.003,34373.211,5.212,26.13
2021-05-26,34367.209,34462.559,34273.259,34315.279,34372.761,34466.531,34275.501,34320.501,5.222,22.66
2021-05-27,34312.289,34631.999,34207.759,34622.759,34317.771,34637.291,34213.273,34628.231,5.472,26.25
2021-05-28,34622.789,34659.049,34516.199,34560.719,34628.241,34663.101,34518.501,34563.291,2.572,20.99
2021-05-31,34569.219,34595.299,34431.699,34526.229,34574.213,34600.761,34434.201,34531.801,5.572,9.52
2021-06-01,34525.779,34848.799,34496.219,34549.249,34531.271,34851.301,34501.743,34554.781,5.532,25.34
2021-06-02,34550.279,34705.799,34520.519,34612.229,34555.781,34708.291,34524.521,34617.771,5.542,24.03
2021-06-03,34614.259,34667.289,34326.699,34552.219,34617.733,34669.801,34329.263,34557.781,5.562,27.48
2021-06-04,34554.269,34770.999,34482.239,34746.249,34557.743,34773.291,34487.733,34748.791,2.542,21.67
2021-06-07,34783.799,34840.569,34574.199,34610.739,34789.281,34844.511,34576.501,34616.261,5.522,22.52
2021-06-08,34610.219,34664.999,34446.709,34598.279,34615.761,34670.271,34449.241,34603.781,5.502,24.62
2021-06-09,34597.229,34654.499,34434.769,34472.709,34602.721,34656.801,34437.263,34478.271,5.562,21.76
2021-06-10,34472.249,34742.299,34398.009,34457.999,34477.801,34744.751,34402.001,34463.271,5.272,25.38
2021-06-11,34461.279,34622.709,34321.719,34454.499,34463.003,34625.231,34324.221,34456.731,2.232,16.87
2021-06-14,34489.699,34559.599,34202.279,34353.239,34495.271,34563.521,34204.771,34358.701,5.462,18.74
2021-06-15,34352.499,34474.279,34197.699,34283.739,34357.771,34479.701,34200.233,34289.251,5.512,20.76
2021-06-16,34284.799,34327.499,33907.279,33919.759,34289.243,34329.791,33909.503,33925.281,5.522,24.47
2021-06-17,33920.219,34087.299,33619.499,33813.769,33925.273,34089.753,33622.223,33819.281,5.512,32.41
2021-06-18,33813.229,33871.759,33249.719,33286.759,33818.731,33877.251,33252.221,33290.223,3.464,28.57
2021-06-21,33254.289,33944.739,33026.749,33904.279,33255.763,33950.283,33032.003,33909.781,5.502,35.11
2021-06-22,33904.759,34042.299,33740.759,33977.799,33909.783,34044.801,33743.221,33983.241,5.442,25.09
2021-06-23,33977.699,34077.299,33867.199,33923.209,33982.503,34082.501,33869.703,33928.801,5.592,21.89
2021-06-24,33922.769,34326.299,33919.799,34313.759,33928.231,34331.771,33925.213,34318.253,4.494,19.39
2021-06-25,34313.999,34501.289,34246.509,34468.999,34319.241,34503.711,34250.301,34471.231,2.232,17.31
2021-06-28,34511.499,34514.789,34182.239,34278.729,34516.303,34520.281,34184.701,34284.281,5.552,18.78
2021-06-29,34277.299,34478.279,34228.239,34331.199,34282.721,34480.781,34233.711,34336.791,5.592,18.75
2021-06-30,34331.799,34578.199,34123.509,34569.289,34336.743,34583.701,34127.523,34574.731,5.442,21.53
2021-07-01,34568.699,34662.799,34488.269,34612.719,34574.291,34666.551,34490.711,34618.301,5.582,20.85
2021-07-02,34611.259,34821.759,34602.069,34759.789,34616.771,34824.201,34606.013,34762.291,2.502,18.27
2021-07-05,34747.499,34852.499,34692.209,34831.239,34751.773,34854.771,34697.703,34836.701,5.462,8.5
2021-07-06,34830.999,34858.789,34352.719,34495.299,34836.221,34864.271,34355.221,34500.771,5.472,22.59
2021-07-07,34494.279,34706.289,34432.749,34677.199,34499.771,34708.791,34435.211,34682.801,5.602,24.2
2021-07-08,34677.699,34690.279,34110.519,34389.709,34682.793,34695.761,34114.301,34394.733,5.024,36.6
2021-07-09,34389.789,34893.289,34250.239,34871.789,34395.291,34895.801,34255.751,34874.271,2.482,24.84
2021-07-12,34892.287,35020.269,34656.539,35007.199,34897.271,35022.701,34660.301,35012.701,5.502,21.06
2021-07-13,35008.229,35030.799,34855.699,34860.269,35013.741,35036.301,34861.001,34865.701,5.432,22.02
2021-07-14,34858.269,35063.299,34785.039,34915.249,34863.751,35065.791,34789.001,34920.711,5.462,24.66
2021-07-15,34916.249,34995.497,34708.529,34916.499,34920.723,34997.751,34712.303,34921.771,5.272,26.6
2021-07-16,34916.999,35092.579,34643.199,34645.749,34921.733,35096.561,34645.731,34648.271,2.522,24.75
2021-07-19,34560.719,34572.799,33736.219,34045.229,34566.251,34578.291,33738.711,34050.801,5.572,45.82
2021-07-20,34044.999,34617.499,33956.239,34590.209,34050.291,34619.803,33961.503,34595.791,5.582,38.94
2021-07-21,34588.209,34855.779,34474.249,34833.799,34595.793,34861.303,34479.743,34839.201,5.402,26.22
2021-07-22,34833.229,34896.579,34665.729,34865.759,34839.293,34900.573,34668.291,34871.211,5.452,25.73
2021-07-23,34866.769,35098.759,34848.719,35046.759,34871.263,35101.251,34854.253,35049.251,2.492,20.78
2021-07-26,35031.229,35164.229,34758.029,35104.789,35037.723,35166.703,34762.041,35110.803,6.014,28.41
2021-07-27,35104.739,35117.249,34872.289,35041.219,35110.201,35122.791,34874.703,35046.501,5.282,34.75
2021-07-28,35040.769,35123.299,34871.499,34989.229,35046.201,35128.791,34873.801,34994.771,5.542,35.78
2021-07-29,34989.749,35165.769,34879.299,35020.259,34994.783,35168.293,34884.701,35025.751,5.492,26.72
2021-07-30,35020.259,35100.759,34863.219,34968.999,35026.223,35103.263,34865.741,34971.221,2.222,33.77
2021-08-02,35064.737,35188.289,34806.739,34904.729,35070.253,35190.801,34809.251,34910.251,5.522,29.76
2021-08-03,34905.779,35119.299,34713.699,35062.259,34911.301,35121.801,34716.001,35067.781,5.522,28.29
2021-08-04,35061.269,35108.769,34786.199,34827.299,35067.763,35114.221,34788.713,34832.801,5.502,25.16
2021-08-05,34826.219,35061.299,34776.209,35003.769,34831.741,35063.723,34781.501,35009.261,5.492,20.61
2021-08-06,35004.719,35248.769,34992.699,35212.699,35009.213,35251.201,34998.203,35215.251,2.552,20.74
2021-08-09,35103.779,35191.799,35041.699,35093.759,35109.733,35194.251,35044.003,35099.231,5.472,20.38
2021-08-10,35093.249,35281.759,35026.279,35253.759,35099.293,35284.303,35031.751,35259.211,5.452,21.15
2021-08-11,35253.229,35500.209,35211.499,35473.289,35259.293,35502.791,35215.301,35478.761,5.472,21.04
2021-08-12,35472.209,35522.299,35348.199,35495.799,35478.773,35527.213,35350.743,35501.211,5.412,18.74
2021-08-13,35496.289,35611.779,35474.759,35502.739,35501.003,35614.303,35477.233,35505.281,2.542,17.29
2021-08-16,35456.259,35628.299,35231.749,35583.499,35461.781,35630.791,35234.221,35588.761,5.262,22.86
2021-08-17,35582.789,35586.499,35121.199,35256.499,35588.753,35591.791,35123.721,35261.721,5.222,31.02
2021-08-18,35255.719,35359.299,34915.699,34938.779,35261.703,35364.723,34921.211,34944.271,5.492,28.41
2021-08-19,34937.709,35001.999,34562.529,34827.279,34944.283,35007.301,34566.531,34832.501,5.222,40.84
2021-08-20,34826.239,35174.789,34629.579,35089.709,34832.793,35177.263,34633.303,35092.301,2.592,35.12
2021-08-23,35116.219,35422.499,35113.199,35396.249,35120.793,35424.803,35118.703,35401.771,5.522,24.87
2021-08-24,35398.789,35450.249,35341.519,35367.499,35401.763,35455.803,35345.581,35372.791,5.292,20.23
2021-08-25,35366.789,35500.499,35281.739,35425.749,35372.803,35502.803,35284.233,35431.271,5.522,19.84
2021-08-26,35426.239,35493.769,35194.729,35204.699,35431.243,35496.303,35200.003,35210.251,5.552,28.85
2021-08-27,35204.789,35479.269,35168.269,35437.219,35208.803,35481.501,35173.721,35439.741,2.522,19.81
2021-08-30,35488.769,35511.289,35377.219,35398.729,35494.001,35513.501,35379.501,35404.221,5.492,16.46
2021-08-31,35397.799,35512.299,35288.729,35417.739,35403.001,35517.731,35291.001,35423.291,5.552,24.94
2021-09-01,35418.499,35515.567,35284.779,35304.739,35423.203,35519.601,35287.201,35310.261,5.522,16.23
2021-09-02,35304.797,35475.269,35234.739,35427.719,35309.201,35477.701,35240.251,35433.301,5.582,15.03
2021-09-03,35428.799,35518.499,35263.199,35355.739,35434.001,35523.801,35265.761,35358.201,2.462,16.49
2021-09-06,35315.279,35492.289,35277.699,35399.699,35320.203,35494.771,35283.003,35405.001,5.302,9.85
2021-09-07,35400.219,35433.249,35048.739,35057.299,35405.253,35438.761,35054.211,35062.751,5.452,23.05
2021-09-08,35056.749,35178.299,34900.509,34992.729,35062.001,35180.731,34904.301,34998.281,5.552,33.07
2021-09-09,34992.739,35202.739,34788.019,34867.799,34997.803,35205.301,34792.061,34873.221,5.422,29.57
2021-09-10,34868.289,35117.279,34602.279,34641.739,34873.223,35119.741,34604.731,34644.301,2.562,23.01
2021-09-13,34745.249,34939.299,34604.219,34917.739,34750.791,34944.761,34609.713,34923.221,5.482,34.93
2021-09-14,34917.699,35015.089,34505.729,34629.729,34922.713,35018.801,34508.223,34635.281,5.552,31.8
2021-09-15,34628.229,34884.499,34497.999,34843.269,34633.731,34886.771,34501.803,34848.721,5.452,29.07
2021-09-16,34841.709,34946.249,34536.739,34706.249,34847.251,34948.791,34539.001,34711.701,5.452,27.6
2021-09-17,34708.219,34831.299,34508.229,34545.719,34711.503,34835.101,34510.711,34548.201,2.482,32.51
2021-09-20,34511.219,34529.299,33612.199,34051.759,34515.793,34534.501,33614.781,34057.281,5.522,46.47
2021-09-21,34051.299,34369.549,33834.239,33843.249,34057.223,34373.571,33839.501,33848.801,5.552,42.55
2021-09-22,33843.999,34446.289,33764.209,34333.219,33848.503,34448.791,33769.503,34338.751,5.532,37.41
2021-09-23,34332.739,34875.499,34319.249,34771.249,34338.001,34877.801,34324.761,34776.721,5.472,29.99
2021-09-24,34771.239,34858.499,34587.519,34816.209,34776.801,34863.801,34591.301,34818.771,2.562,29.89
2021-09-27,34891.209,35063.259,34782.019,34864.299,34893.793,35065.751,34786.061,34869.701,5.402,28.88
2021-09-28,34865.499,34978.259,34252.219,34408.999,34869.723,34983.781,34254.733,34414.261,5.262,39.7
2021-09-29,34408.719,34581.299,34298.299,34478.269,34413.503,34583.761,34300.501,34483.501,5.232,41.07
2021-09-30,34476.499,34681.499,33829.299,33911.229,34481.741,34686.701,33831.781,33916.711,5.482,41.07
2021-10-01,33906.209,34490.299,33528.499,34344.229,33911.711,34492.801,33532.303,34344.793,0.564,45.03
2021-10-04,34395.279,34412.799,33818.279,34010.259,34400.253,34415.301,33820.771,34015.711,5.452,47.76
2021-10-05,34009.789,34494.799,33814.219,34291.769,34015.291,34497.001,33819.701,34297.301,5.532,41.82
2021-10-06,34293.279,34542.239,33851.249,34492.209,34297.303,34547.761,33853.721,34497.721,5.512,48.22
2021-10-07,34490.299,34980.209,34470.209,34841.299,34495.731,34982.501,34475.501,34846.741,5.442,33.56
2021-10-08,34841.269,34869.499,34653.779,34731.769,34846.791,34874.801,34656.001,34734.241,2.472,31.23
2021-10-11,34572.719,34954.269,34434.249,34493.699,34578.271,34956.731,34439.701,34499.251,5.552,40.16
2021-10-12,34493.229,34607.789,34245.709,34304.269,34498.801,34610.291,34251.001,34309.781,5.512,40.82
2021-10-13,34302.799,34463.299,34108.259,34431.719,34308.251,34467.041,34110.503,34437.251,5.532,35.42
2021-10-14,34432.499,34989.999,34427.499,34973.289,34437.223,34995.281,34432.751,34978.501,5.212,26.76
2021-10-15,34973.209,35320.999,34913.199,35294.739,34976.703,35323.241,34918.503,35297.211,2.472,28.06
2021-10-18,35254.289,35343.209,35030.699,35253.199,35262.783,35348.793,35033.251,35258.741,5.542,28.56
2021-10-19,35252.249,35497.779,35197.259,35491.269,35258.703,35503.281,35202.701,35496.701,5.432,24.55
2021-10-20,35491.299,35673.999,35403.509,35546.259,35495.703,35676.231,35407.531,35551.731,5.472,23.69
2021-10-21,35544.199,35659.719,35440.219,35562.209,35549.791,35662.291,35442.721,35567.791,5.582,26.4
2021-10-22,35562.249,35763.499,35530.749,35646.729,35567.711,35765.701,35533.001,35649.281,2.552,31.34
2021-10-25,35594.759,35786.269,35593.219,35774.199,35600.251,35788.761,35598.501,35779.501,5.302,27.16
2021-10-26,35774.779,35891.497,35732.709,35782.219,35779.733,35893.801,35735.001,35787.801,5.582,24.25
2021-10-27,35783.279,35827.219,35497.219,35559.259,35787.763,35830.591,35499.703,35564.801,5.542,25.68
2021-10-28,35561.199,35769.289,35499.499,35718.279,35564.733,35771.751,35503.303,35723.781,5.502,24.08
2021-10-29,35719.299,35851.299,35599.599,35840.719,35723.753,35853.731,35603.571,35843.201,2.482,28.39
2021-11-01,35917.729,36004.299,35797.299,35891.289,35923.201,36006.791,35799.721,35896.701,5.412,20.87
2021-11-02,35892.499,36086.279,35808.199,36024.799,35897.791,36088.801,35813.501,36030.281,5.482,21.57
2021-11-03,36024.249,36191.749,35889.199,36179.259,36029.731,36197.271,35891.701,36184.801,5.542,18.0
2021-11-04,36179.759,36184.797,35986.719,36143.789,36185.201,36188.601,35989.241,36149.211,5.422,20.21
2021-11-05,36143.709,36492.249,36066.509,36284.709,36147.763,36494.761,36070.301,36287.261,2.552,28.27
2021-11-08,36310.219,36560.779,36268.709,36380.269,36315.761,36563.231,36274.281,36385.791,5.522,23.48
2021-11-09,36381.249,36432.549,36171.229,36255.769,36385.733,36436.551,36173.771,36261.261,5.492,22.27
2021-11-10,36255.289,36351.289,36007.299,36044.299,36260.701,36353.791,36009.701,36049.781,5.482,23.52
2021-11-11,36044.267,36158.297,35915.259,35972.279,36048.701,36162.081,35917.501,35977.721,5.442,22.01
2021-11-12,35971.759,36147.289,35929.739,36127.769,35977.271,36149.791,35932.211,36130.201,2.432,20.14
2021-11-15,36130.779,36257.059,36033.209,36098.279,36135.293,36261.021,36035.701,36103.791,5.512,23.34
2021-11-16,36098.779,36318.499,36028.559,36170.269,36103.503,36320.771,36032.501,36175.791,5.522,21.83
2021-11-17,36169.709,36172.289,35876.729,35914.279,36175.001,36177.781,35882.001,35919.751,5.472,21.66
2021-11-18,35913.799,36019.799,35653.209,35894.999,35919.291,36023.601,35655.713,35900.271,5.272,22.2
2021-11-19,35895.259,36046.779,35550.199,35618.259,35900.293,36052.241,35552.723,35620.751,2.492,31.08
2021-11-22,35631.259,35928.499,35581.739,35661.779,35635.733,35930.781,35584.001,35667.291,5.512,26.41
2021-11-23,35662.779,35842.209,35419.049,35775.499,35667.253,35844.791,35422.801,35780.731,5.232,41.74
2021-11-24,35774.999,35851.497,35581.239,35845.499,35780.241,35856.741,35583.701,35850.501,5.002,32.3
2021-11-25,35845.267,35951.277,35661.499,35676.499,35849.771,35956.801,35666.703,35681.501,5.002,7.86
2021-11-26,35677.219,35679.497,34712.257,34713.719,35681.703,35684.731,34714.761,34716.261,2.542,40.85
2021-11-29,35074.699,35300.089,34894.229,35229.779,35080.261,35304.081,34896.701,35235.221,5.442,38.23
2021-11-30,35230.729,35278.259,34429.229,34537.719,35235.203,35283.741,34431.501,34543.241,5.522,51.3
2021-12-01,34537.789,35003.789,33949.699,34160.209,34542.753,35006.291,33952.243,34165.791,5.582,42.81
2021-12-02,34159.749,34757.999,34078.799,34540.249,34165.231,34760.301,34081.291,34545.781,5.532,47.14
2021-12-03,34539.749,34805.789,34261.239,34554.719,34545.241,34808.271,34263.501,34557.231,2.512,41.47
2021-12-06,34774.219,35355.497,34643.559,35253.249,34779.501,35357.791,34647.501,35258.801,5.552,29.59
2021-12-07,35254.299,35818.789,35207.299,35739.239,35259.771,35821.231,35212.711,35744.741,5.502,22.59
2021-12-08,35739.259,35935.587,35597.249,35733.249,35744.731,35939.591,35599.701,35738.731,5.482,23.2
2021-12-09,35733.199,35862.999,35574.019,35766.209,35738.721,35865.261,35578.071,35771.761,5.552,22.02
2021-12-10,35766.279,35986.999,35707.199,35976.239,35771.701,35989.291,35711.781,35978.791,2.552,22.14
2021-12-13,36042.116,36125.277,35608.279,35694.229,36045.074,36130.721,35612.233,35699.721,5.492,32.63
2021-12-14,35693.259,35779.059,35433.209,35558.299,35699.723,35783.073,35435.743,35563.701,5.402,34.15
2021-12-15,35559.229,36001.249,35377.749,35971.779,35563.773,36006.741,35380.003,35977.201,5.422,26.12
2021-12-16,35971.747,36210.299,35768.249,35911.249,35976.721,36214.051,35770.713,35916.781,5.532,32.47
2021-12-17,35915.729,35979.589,35270.709,35421.199,35916.783,35983.583,35273.283,35423.731,2.532,42.78
2021-12-20,35176.269,35250.779,34662.719,35074.239,35181.213,35256.281,34665.001,35079.781,5.542,37.77
2021-12-21,35075.229,35527.799,34972.289,35493.219,35079.763,35530.291,34977.701,35498.741,5.522,34.15
2021-12-22,35494.719,35791.259,35406.029,35772.289,35498.793,35796.761,35409.801,35777.711,5.422,27.49
2021-12-23,35771.719,36064.999,35744.229,35961.789,35777.001,36067.251,35749.501,35964.221,2.432,19.96
2021-12-27,35973.999,36320.779,35874.249,36260.229,35976.703,36323.201,35879.503,36265.751,5.522,19.92
2021-12-28,36259.729,36523.799,36228.239,36432.219,36265.301,36526.291,36233.501,36437.721,5.502,20.1
2021-12-29,36432.709,36571.769,36362.699,36470.229,36438.301,36574.301,36368.003,36475.761,5.532,17.31
2021-12-30,36469.749,36683.279,36372.199,36397.249,36475.301,36685.731,36374.703,36402.751,5.502,16.5
2021-12-31,36397.279,36485.499,36236.269,36389.699,36402.233,36487.741,36241.501,36392.231,2.532,19.64
2022-01-03,36444.279,36592.249,36232.749,36538.269,36448.743,36594.771,36235.213,36543.751,5.482,29.64
2022-01-04,36538.789,36931.289,36526.699,36752.259,36543.703,36933.801,36532.001,36757.711,5.452,25.32
2022-01-05,36752.267,36954.289,36366.277,36476.229,36757.291,36956.791,36371.741,36481.801,5.572,31.04
2022-01-06,36476.197,36537.567,36196.789,36297.289,36480.801,36541.521,36199.001,36302.791,5.502,35.57
2022-01-07,36297.729,36384.299,36108.719,36226.789,36302.753,36386.761,36111.233,36229.211,2.422,35.27
2022-01-10,36137.289,36289.229,35640.287,36073.739,36142.721,36294.741,35642.741,36079.231,5.492,37.35
2022-01-11,36074.249,36276.289,35763.299,36250.249,36079.761,36278.801,35765.711,36255.721,5.472,27.46
2022-01-12,36250.239,36454.767,36163.759,36298.249,36255.791,36457.241,36166.221,36303.771,5.522,24.75
2022-01-13,36298.709,36512.499,36045.709,36151.239,36304.271,36514.801,36048.213,36156.761,5.522,34.93
2022-01-14,36151.209,36237.589,35637.269,35942.719,36156.243,36241.591,35639.701,35945.001,2.282,18.74
2022-01-17,35931.209,36004.299,35827.199,35945.279,35935.723,36008.031,35832.503,35950.731,5.452,4.31
2022-01-18,35946.299,35984.997,35261.999,35360.499,35950.503,35990.301,35264.241,35365.501,5.002,17.72
2022-01-19,35361.269,35549.289,34977.729,34982.287,35365.703,35551.721,34983.211,34987.221,4.934,17.9
2022-01-20,34981.759,35489.999,34610.499,34695.239,34987.201,35492.241,34615.751,34700.223,4.984,17.51
2022-01-21,34695.219,34894.999,34216.759,34235.999,34700.731,34897.291,34219.241,34238.211,2.212,21.93
2022-01-24,34412.787,34518.797,33143.799,34380.499,34417.701,34524.281,33146.213,34385.801,5.302,31.33
2022-01-25,34381.299,34591.499,33535.739,34345.719,34385.783,34593.711,33538.221,34351.221,5.502,29.96
2022-01-26,34346.229,34816.757,33864.709,34304.277,34351.751,34819.241,33867.291,34308.261,3.984,25.25
2022-01-27,34302.749,34774.779,33650.199,34261.289,34308.271,34777.281,33655.771,34266.701,5.412,30.52
2022-01-28,34261.267,34741.499,33730.999,34648.289,34265.241,34743.761,33734.801,34650.781,2.492,27.91
2022-01-31,34640.759,35152.299,34433.589,35058.719,34645.743,35154.761,34437.541,35064.261,5.542,20.73
2022-02-01,35059.199,35438.789,34958.779,35362.239,35064.253,35441.231,34964.213,35367.801,5.562,19.82
2022-02-02,35362.197,35687.767,35290.709,35577.739,35367.221,35693.231,35293.201,35583.001,5.262,19.54
2022-02-03,35578.209,35615.999,35065.229,35283.249,35583.273,35621.231,35067.753,35288.761,5.512,21.82
2022-02-04,35284.499,35331.209,34790.199,35069.279,35288.793,35335.251,34792.723,35071.781,2.502,22.27
2022-02-07,35131.727,35329.287,34927.759,35143.799,35135.741,35331.701,34933.211,35149.261,5.462,18.16
2022-02-08,35142.779,35546.269,35055.199,35536.299,35148.251,35548.501,35060.501,35541.751,5.452,18.5
2022-02-09,35538.199,35845.997,35489.289,35807.249,35543.791,35848.291,35494.501,35812.791,5.542,18.16
2022-02-10,35808.249,35858.569,35101.197,35163.739,35813.781,35862.581,35103.701,35169.271,5.532,47.31
2022-02-11,35163.997,35437.707,34620.199,34767.279,35168.741,35442.001,34622.711,34769.741,2.462,55.32
2022-02-14,34804.229,34848.259,34298.729,34598.719,34809.721,34853.781,34301.201,34604.201,5.482,44.68
2022-02-15,34599.999,35053.267,34430.199,34917.799,34604.243,35055.701,34435.711,34923.231,5.432,30.99
2022-02-16,34917.777,35139.079,34642.199,34889.719,34922.231,35143.071,34644.501,34894.793,5.074,22.61
2022-02-17,34889.799,34929.499,34243.759,34331.239,34895.291,34934.781,34246.271,34336.781,5.542,18.95
2022-02-18,34331.257,34565.249,33969.199,34126.239,34335.721,34570.791,33971.701,34128.781,2.542,21.23
2022-02-21,33997.646,34418.926,33475.259,33622.749,34001.884,34421.884,33480.721,33628.261,5.512,12.72
2022-02-22,33623.759,34116.089,33361.739,33745.299,33628.243,34120.071,33364.201,33750.721,5.422,25.48
2022-02-23,33746.999,33892.799,33070.269,33118.699,33750.763,33896.561,33075.741,33124.211,5.512,22.71
2022-02-24,33118.779,33271.297,32228.499,33078.299,33123.203,33273.761,32233.731,33083.751,5.452,59.37
2022-02-25,33078.709,34097.749,32825.029,34042.799,33084.301,34100.231,32829.031,34045.211,2.412,43.61
2022-02-28,33550.289,33977.999,33372.209,33938.299,33555.731,33983.301,33377.721,33943.721,5.422,44.05
2022-03-01,33939.729,34100.777,33099.699,33413.229,33945.241,34106.221,33102.211,33418.771,5.542,42.2
2022-03-02,33414.499,34012.219,33154.279,33843.229,33419.501,34014.751,33159.731,33848.751,5.522,35.57
2022-03-03,33844.769,34178.779,33635.699,33876.799,33848.803,34181.291,33638.241,33882.251,5.452,35.41
2022-03-04,33876.767,33894.999,33247.799,33564.199,33881.741,33900.281,33250.271,33566.741,2.542,40.83
2022-03-07,33300.297,33578.029,32696.709,32742.719,33304.721,33582.031,32702.231,32748.201,5.482,45.82
2022-03-08,32744.749,33404.997,32340.269,32679.799,32750.251,33407.271,32345.501,32685.301,5.502,52.25
2022-03-09,32679.777,33459.999,32632.799,33263.739,32684.711,33462.291,32638.281,33269.301,5.562,40.94
2022-03-10,33264.769,33298.799,32820.209,33234.719,33270.211,33304.301,32822.731,33240.281,5.562,38.44
2022-03-11,33236.229,33704.099,32912.499,32976.299,33241.731,33708.101,32914.741,32978.711,2.412,32.55
2022-03-14,33162.199,33395.787,32815.279,32974.759,33167.731,33398.223,32817.721,32980.301,5.542,33.42
2022-03-15,32975.219,33619.499,32684.079,33486.779,32980.731,33621.711,32687.801,33492.261,5.482,36.51
2022-03-16,33486.697,34127.739,33387.799,34111.289,33491.741,34133.271,33390.291,34116.741,5.452,37.94
2022-03-17,34111.227,34496.499,33865.019,34315.719,34116.281,34498.761,33868.801,34321.271,5.552,30.75
2022-03-18,34319.709,34759.289,34208.009,34745.219,34325.211,34761.781,34212.051,34747.711,2.492,28.2
2022-03-21,34711.709,34805.999,34339.729,34515.779,34717.251,34808.281,34342.201,34521.211,5.432,28.66
2022-03-22,34515.727,34881.499,34438.279,34847.299,34516.801,34883.791,34443.731,34852.701,5.402,23.45
2022-03-23,34847.289,34897.499,34321.709,34369.229,34852.781,34902.771,34324.001,34374.791,5.562,26.78
2022-03-24,34371.269,34763.699,34317.239,34708.229,34376.731,34769.221,34322.761,34713.801,5.572,25.99
2022-03-25,34712.779,34947.729,34627.229,34850.719,34718.231,34950.261,34629.741,34853.221,2.502,25.9
2022-03-28,34792.697,34987.799,34549.999,34941.749,34797.751,34990.241,34552.001,34947.301,5.552,26.54
2022-03-29,34942.279,35383.249,34929.259,35273.259,34947.701,35385.781,34934.711,35278.731,5.472,28.51
2022-03-30,35273.247,35352.499,35053.289,35207.709,35278.251,35354.791,35055.771,35213.281,5.572,27.64
2022-03-31,35209.779,35310.279,34691.769,34810.719,35215.211,35315.791,34694.271,34816.301,5.582,28.23
2022-04-01,34810.727,34903.099,34536.999,34751.499,34814.791,34907.101,34539.211,34753.781,2.282,29.3
2022-04-04,34757.259,34947.289,34612.999,34885.249,34762.701,34949.761,34615.271,34890.771,5.522,23.97
2022-04-05,34885.227,35106.287,34561.729,34667.769,34889.751,35108.781,34564.201,34673.001,5.232,28.2
2022-04-06,34668.269,34700.799,34276.229,34390.289,34673.501,34704.581,34278.721,34395.701,5.412,34.6
2022-04-07,34390.267,34705.789,34186.249,34610.209,34394.731,34708.291,34188.741,34615.731,5.522,32.83
2022-04-08,34610.257,34915.789,34461.709,34726.799,34613.241,34918.291,34464.221,34729.231,2.432,27.69
2022-04-11,34664.257,34716.047,34274.209,34312.779,34669.001,34720.041,34276.501,34318.261,5.482,30.6
2022-04-12,34312.777,34673.747,34100.209,34320.259,34317.201,34676.271,34102.701,34325.501,5.242,35.81
2022-04-13,34320.207,34600.789,34141.539,34550.219,34325.301,34603.301,34145.301,34555.731,5.512,29.88
2022-04-14,34552.289,34884.999,34435.699,34447.757,34557.501,34887.261,34438.001,34449.731,1.974,29.91
2022-04-18,34300.497,34623.497,34273.779,34556.219,34305.281,34625.781,34276.221,34561.741,5.522,29.02
2022-04-19,34556.297,34988.749,34321.019,34919.279,34559.701,34991.291,34324.801,34924.761,5.482,28.76
2022-04-20,34919.297,35321.267,34819.579,35244.229,34923.761,35323.781,34823.501,35249.791,5.562,34.7
2022-04-21,35244.209,35494.299,34685.197,34702.729,35249.751,35496.731,34690.501,34708.231,5.502,39.81
2022-04-22,34702.767,34794.579,33691.249,33720.269,34707.771,34798.581,33693.741,33722.771,2.502,43.64
2022-04-25,33751.749,34100.999,33313.779,34020.289,33757.241,34103.291,33316.201,34025.701,5.412,44.74
2022-04-26,34020.277,34117.269,33184.719,33346.269,34025.211,34122.771,33186.721,33351.761,5.492,39.69
2022-04-27,33347.709,33701.777,33107.739,33396.729,33353.001,33704.251,33110.241,33402.251,5.522,40.11
2022-04-28,33396.747,34055.799,33248.719,33784.699,33401.731,34058.281,33251.001,33790.241,5.542,38.47
2022-04-29,33785.287,33984.787,32907.699,33080.799,33790.291,33990.271,32910.001,33083.001,2.202,38.54
2022-05-02,33021.219,33237.999,32452.759,33045.789,33026.791,33240.301,32455.231,33051.201,5.412,43.34
2022-05-03,33045.777,33344.209,32901.019,33162.999,33050.751,33346.721,32905.001,33168.201,5.202,37.62
2022-05-04,33162.727,34117.497,33018.699,33996.789,33167.771,34118.751,33021.211,34002.241,5.452,37.36
2022-05-05,33996.767,34102.779,32683.699,33022.499,34002.501,34108.261,32686.201,33027.721,5.222,51.05
2022-05-06,33025.209,33060.087,32470.279,32800.997,33030.711,33064.021,32472.711,32802.711,1.714,50.01
2022-05-09,32587.299,32706.579,32120.779,32344.799,32592.801,32710.601,32123.301,32350.271,5.472,47.54
2022-05-10,32344.787,32746.739,31886.799,32131.709,32349.281,32749.001,31889.251,32137.291,5.582,45.32
2022-05-11,32131.797,32589.297,31800.299,31907.279,32136.241,32591.783,31802.711,31912.751,5.472,44.54
2022-05-12,31907.297,31966.779,31225.277,31797.749,31912.281,31972.291,31227.731,31803.271,5.522,47.03
2022-05-13,31797.737,32278.797,31759.699,32146.789,31800.791,32281.291,31765.211,32149.291,2.502,32.91
2022-05-16,32290.719,32514.279,31935.219,32237.749,32296.301,32516.781,31937.791,32243.001,5.252,37.36
2022-05-17,32237.767,32753.299,32201.249,32642.199,32242.791,32757.011,32206.721,32647.731,5.532,36.81
2022-05-18,32644.219,32674.799,31336.229,31337.739,32649.701,32680.301,31341.721,31343.301,5.562,31.25
2022-05-19,31337.749,31566.789,31001.069,31309.239,31343.221,31569.291,31005.021,31314.721,5.482,47.91
2022-05-20,31313.209,31591.579,30633.229,31243.259,31318.731,31595.561,30635.741,31245.501,2.242,40.3
2022-05-23,31480.267,31961.259,31344.019,31795.219,31484.251,31963.791,31348.031,31800.781,5.562,40.46
2022-05-24,31795.287,32058.247,31359.699,32016.799,31800.001,32063.501,31362.201,32022.281,5.482,40.62
2022-05-25,32016.717,32255.999,31726.569,32093.729,32021.501,32258.271,31730.581,32099.251,5.522,38.45
2022-05-26,32093.757,32774.789,32037.789,32618.779,32095.301,32780.201,32043.231,32624.211,5.432,34.43
2022-05-27,32619.299,33247.739,32522.709,33230.269,32624.721,33250.291,32528.201,33232.711,2.442,31.24
2022-05-30,33254.787,33475.579,33184.249,33277.729,33259.281,33479.601,33189.721,33283.291,5.562,10.2
2022-05-31,33277.707,33294.499,32754.499,33160.799,33282.721,33299.781,32756.721,33166.201,5.402,41.34
2022-06-01,33161.199,33273.277,32582.219,32726.749,33166.731,33275.801,32583.201,32732.301,5.552,37.31
2022-06-02,32728.769,33322.237,32509.199,33277.219,32734.291,33327.781,32511.701,33282.801,5.582,35.85
2022-06-03,33277.267,33302.499,32835.259,32936.209,33280.741,33307.791,32837.741,32938.761,2.552,39.6
2022-06-06,32915.299,33239.257,32814.789,32912.219,32920.501,33241.791,32817.221,32917.731,5.512,33.35
2022-06-07,32912.747,33204.229,32613.069,33089.759,32917.731,33206.791,32617.001,33095.231,5.472,30.45
2022-06-08,33089.759,33175.739,32818.699,32935.737,33095.261,33181.291,32821.201,32940.751,5.014,33.08
2022-06-09,32935.199,33117.299,32261.799,32319.299,32940.501,33121.061,32264.211,32324.751,5.452,36.83
2022-06-10,32320.289,32346.267,31379.299,31476.239,32325.741,32351.781,31381.771,31478.501,2.262,32.75
2022-06-13,31206.697,31221.999,30379.259,30597.199,31211.781,31227.281,30381.741,30602.721,5.522,46.39
2022-06-14,30597.257,30878.499,30147.289,30503.229,30601.731,30883.751,30149.751,30508.801,5.572,47.03
2022-06-15,30504.219,31021.789,30181.249,30867.249,30509.781,31024.271,30183.741,30872.751,5.502,42.16
2022-06-16,30867.207,30947.249,29738.199,29975.219,30871.711,30952.781,29740.721,29980.771,5.552,43.77
2022-06-17,29975.209,30218.589,29645.749,29913.739,29980.791,30222.581,29648.251,29916.241,2.502,44.55
2022-06-20,30044.257,30227.279,29749.229,30162.749,30048.291,30229.761,29754.501,30168.291,5.542,14.04
2022-06-21,30162.697,30655.269,30129.239,30498.199,30167.781,30657.771,30134.721,30503.791,5.592,32.93
2022-06-22,30499.719,30783.289,30015.069,30372.257,30505.281,30785.801,30018.801,30377.261,5.004,39.06
2022-06-23,30371.769,30710.999,30260.589,30580.299,30377.241,30713.301,30264.511,30585.721,5.422,38.25
2022-06-24,30580.789,31521.289,30557.709,31446.759,30586.221,31523.711,30563.201,31449.221,2.462,26.37
2022-06-27,31373.789,31707.089,31346.727,31470.779,31379.301,31711.011,31349.241,31476.241,5.462,32.23
2022-06-28,31470.999,31882.787,30919.779,30978.729,31476.221,31885.291,30922.251,30984.211,5.482,31.5
2022-06-29,30978.697,31157.799,30876.699,30996.229,30983.291,31160.251,30881.051,31001.751,5.522,33.08
2022-06-30,30996.287,31009.999,30421.789,30785.759,30998.211,31015.301,30424.001,30791.291,5.532,35.03
2022-07-01,30785.779,31139.999,30445.999,31068.719,30791.301,31142.261,30449.801,31071.251,2.532,36.86
2022-07-04,30950.279,31229.789,30829.709,31191.199,30955.781,31235.271,30835.221,31196.791,5.592,8.8
2022-07-05,31189.259,31222.279,30355.719,30886.499,31194.701,31227.731,30358.211,30891.751,5.252,36.18
2022-07-06,30887.749,31226.797,30757.219,31053.359,30893.221,31229.301,30762.501,31058.601,5.242,35.34
2022-07-07,31054.599,31421.797,30915.389,31339.299,31059.601,31424.291,30920.811,31344.751,5.452,28.51
2022-07-08,31339.799,31511.259,31205.209,31359.729,31345.221,31513.741,31207.771,31362.251,2.522,34.41
2022-07-11,31327.699,31369.297,31062.529,31215.199,31333.251,31371.791,31066.501,31220.711,5.512,30.98
2022-07-12,31215.999,31349.699,30852.749,30986.799,31221.301,31352.223,30855.231,30992.271,5.472,29.83
2022-07-13,30987.239,31310.597,30501.289,30600.709,30992.721,31314.603,30503.731,30606.281,5.572,35.18
2022-07-14,30600.707,30793.767,30130.719,30742.209,30603.801,30799.241,30133.001,30747.771,5.562,37.38
2022-07-15,30742.267,31286.279,30519.559,31257.997,30745.721,31288.711,30523.501,31259.731,1.734,33.45
2022-07-18,31327.287,31640.299,30978.299,31114.229,31328.721,31642.741,30980.771,31119.731,5.502,27.61
2022-07-19,31115.499,31845.799,31052.259,31834.749,31119.503,31851.251,31057.501,31840.291,5.542,27.64
2022-07-20,31835.229,32002.797,31644.279,31831.289,31840.003,32008.301,31646.701,31836.781,5.492,30.31
2022-07-21,31831.297,32051.749,31522.729,31956.759,31833.501,32054.231,31525.001,31962.251,5.492,31.5
2022-07-22,31958.719,32215.997,31728.789,31880.719,31962.233,32218.301,31731.211,31883.251,2.532,30.43
2022-07-25,31841.729,32088.589,31796.259,31849.799,31847.001,32092.521,31801.723,31855.261,5.462,28.74
2022-07-26,31849.737,31944.499,31693.767,31861.719,31854.301,31946.741,31696.211,31867.201,5.482,27.79
2022-07-27,31861.737,32341.259,31797.219,32164.699,31866.501,32343.711,31799.731,32169.713,5.014,30.05
2022-07-28,32164.759,32612.299,31971.739,32526.289,32170.211,32614.791,31973.771,32531.791,5.502,31.49
2022-07-29,32526.257,32915.219,32492.269,32844.699,32529.761,32917.701,32494.703,32847.301,2.602,29.03
2022-08-01,32726.267,32976.269,32636.739,32758.199,32728.741,32978.711,32637.503,32763.501,5.302,33.23
2022-08-02,32762.209,32772.787,32389.199,32446.499,32763.723,32776.741,32391.501,32451.731,5.232,36.72
2022-08-03,32446.497,32912.739,32380.249,32780.699,32450.781,32915.001,32385.711,32786.281,5.582,30.44
2022-08-04,32780.707,32904.579,32647.249,32738.999,32784.771,32908.601,32649.743,32744.001,5.002,29.58
2022-08-05,32738.797,32828.299,32475.509,32760.799,32743.751,32833.761,32479.301,32763.301,2.502,35.51
2022-08-08,32717.229,33110.497,32711.299,32895.259,32722.003,33112.501,32716.783,32900.791,5.532,30.51
2022-08-09,32895.207,32913.787,32700.229,32805.229,32898.701,32919.281,32702.501,32810.701,5.472,28.46
2022-08-10,32805.267,33363.749,32712.529,33323.269,32809.741,33366.221,32716.533,33328.771,5.502,29.39
2022-08-11,33323.267,33651.287,33282.239,33361.209,33328.281,33653.781,33284.751,33365.763,4.554,34.27
2022-08-12,33361.239,33759.297,33320.209,33722.759,33366.711,33761.771,33325.701,33725.301,2.542,26.63
2022-08-15,33659.269,33956.269,33515.579,33877.289,33663.263,33958.771,33519.531,33882.501,5.212,25.69
2022-08-16,33877.297,34287.277,33819.079,34137.259,33882.261,34289.721,33823.001,34142.751,5.492,28.7
2022-08-17,34137.267,34198.779,33826.239,33940.769,34141.301,34204.271,33828.501,33946.001,5.232,35.17
2022-08-18,33941.779,34066.799,33837.209,33993.499,33946.003,34070.601,33839.501,33998.771,5.272,29.66
2022-08-19,33993.789,34005.999,33625.709,33705.259,33998.723,34011.251,33628.211,33707.731,2.472,30.44
2022-08-22,33544.739,33636.757,33004.199,33133.299,33550.001,33642.261,33006.701,33138.711,5.412,29.5
2022-08-23,33133.729,33179.299,32852.499,32892.279,33138.743,33183.101,32854.501,32897.771,5.492,34.65
2022-08-24,32894.209,33095.499,32758.799,32949.209,32897.783,33097.801,32762.521,32954.213,5.004,28.92
2022-08-25,32949.219,33308.269,32885.799,33252.779,32954.771,33310.793,32888.241,33258.001,5.222,30.12
2022-08-26,33253.279,33462.799,32244.759,32280.497,33258.293,33466.511,32247.231,32282.201,1.704,37.83
2022-08-29,31994.277,32324.499,31946.239,32169.749,31999.301,32326.761,31951.711,32175.261,5.512,38.43
2022-08-30,32169.777,32367.089,31641.239,31779.259,32174.751,32371.101,31643.753,31784.711,5.452,39.38
2022-08-31,31779.227,31985.997,31383.779,31423.759,31783.741,31991.271,31389.001,31429.241,5.482,41.7
2022-09-01,31424.229,31687.499,31217.199,31655.279,31429.501,31698.731,31219.701,31660.801,5.522,41.01
2022-09-02,31655.197,32028.999,31181.269,31346.219,31659.771,32031.241,31183.751,31348.721,2.502,38.32
2022-09-05,31384.299,31484.279,31311.209,31445.239,31389.801,31489.771,31316.501,31450.501,5.262,11.88
2022-09-06,31445.207,31591.099,31042.299,31136.229,31449.781,31595.101,31044.761,31141.501,5.272,42.18
2022-09-07,31136.237,31645.279,30972.229,31551.779,31139.741,31647.781,30977.721,31557.001,5.222,36.91
2022-09-08,31552.289,31804.877,31299.279,31775.319,31557.731,31810.391,31301.721,31780.801,5.482,40.45
2022-09-09,31775.307,32227.499,31769.889,32138.209,31780.321,32229.781,31775.101,32140.761,2.552,24.79
2022-09-12,32227.799,32500.997,32134.739,32406.289,32233.001,32503.251,32140.223,32411.801,5.512,25.1
2022-09-13,32406.749,32667.589,31016.719,31155.749,32412.001,32671.591,31019.221,31161.251,5.502,34.79
2022-09-14,31155.797,31279.237,30877.789,31160.737,31160.241,31281.703,30880.291,31165.801,5.064,39.44
2022-09-15,31160.269,31278.499,30757.289,30804.249,31165.501,31280.731,30762.731,30809.701,5.452,37.82
2022-09-16,30806.789,30870.199,30542.059,30857.739,30812.291,30872.801,30544.721,30860.251,2.512,34.47
2022-09-19,30858.779,31114.279,30488.999,31114.279,30864.201,31119.801,30492.801,31119.801,5.522,37.88
2022-09-20,31114.277,31155.569,30464.289,30718.259,31118.721,31159.601,30466.721,30723.781,5.522,38.18
2022-09-21,30718.227,31021.759,30048.709,30061.719,30721.731,31024.001,30054.003,30067.301,5.582,37.46
2022-09-22,30061.797,30407.299,29960.739,30134.219,30066.751,30411.041,29966.211,30139.741,5.522,42.88
2022-09-23,30135.499,30162.767,29243.719,29580.759,30139.703,30168.251,29246.213,29583.241,2.482,43.64
2022-09-26,29563.757,29662.579,29158.299,29352.749,29568.231,29666.521,29160.773,29358.261,5.512,47.09
2022-09-27,29354.239,29659.789,28954.499,29145.499,29358.293,29662.251,28956.599,29150.761,5.262,45.7
2022-09-28,29149.269,29815.999,28821.079,29655.209,29150.753,29818.281,28825.021,29660.233,5.024,43.51
2022-09-29,29655.269,29713.499,28992.999,29307.269,29660.721,29718.801,28995.261,29312.741,5.472,41.41
2022-09-30,29308.259,29493.599,28713.769,28817.769,29312.783,29497.511,28716.203,28820.201,2.432,44.18
2022-10-03,28674.259,29646.237,28584.759,29556.199,28679.213,29648.751,28590.251,29561.711,5.512,39.7
2022-10-04,29558.239,30346.299,29538.249,30243.279,29561.733,30348.801,29543.733,30248.711,5.432,40.11
2022-10-05,30243.237,30456.249,29876.749,30359.779,30247.731,30458.711,29879.211,30365.291,5.512,38.63
2022-10-06,30360.729,30423.299,29854.699,29871.759,30365.003,30428.791,29857.221,29877.201,5.442,40.81
2022-10-07,29872.789,30057.079,29142.259,29280.759,29877.243,30061.021,29144.501,29283.201,2.442,41.82
2022-10-10,29175.779,29490.249,29010.789,29251.299,29180.283,29492.731,29013.201,29256.801,5.502,41.26
2022-10-11,29251.497,29612.289,28897.549,29259.239,29252.731,29614.771,28901.521,29264.731,5.492,46.95
2022-10-12,29261.289,29478.789,29131.289,29287.759,29264.763,29484.201,29133.721,29293.201,5.442,45.35
2022-10-13,29287.727,30178.999,28627.029,30047.259,29292.251,30181.241,28630.801,30052.771,5.512,51.38
2022-10-14,30047.497,30432.097,29611.699,29676.799,30050.301,30436.021,29613.751,29679.301,2.502,51.0
2022-10-17,29804.269,30422.297,29740.209,30403.209,29809.003,30427.771,29745.501,30408.731,5.522,42.33
2022-10-18,30688.009,30836.289,30371.289,30394.239,30691.043,30840.001,30373.701,30396.761,2.522,14.63
2022-10-19,30698.717,30779.299,30220.829,30405.329,30700.211,30784.761,30223.103,30410.881,5.552,43.79
2022-10-20,30405.307,30817.889,30218.199,30258.279,30410.311,30820.321,30223.501,30263.781,5.502,46.55
2022-10-21,30262.269,31119.999,30062.569,31078.729,30263.783,31122.251,30066.561,31081.211,2.482,46.89
2022-10-24,31229.699,31599.297,30879.529,31506.239,31234.783,31601.711,30883.541,31511.731,5.492,46.7
2022-10-25,31508.239,31877.499,31304.999,31759.729,31511.793,31879.721,31309.003,31765.221,5.492,38.97
2022-10-26,31760.239,32173.999,31704.199,31999.719,31765.233,32176.301,31709.501,32005.271,5.552,43.09
2022-10-27,31999.737,32382.769,31898.279,31985.749,32002.221,32385.271,31900.501,31991.281,5.532,45.11
2022-10-28,31987.259,32906.279,31849.799,32906.219,31991.253,32908.781,31853.533,32908.781,2.562,38.95
2022-10-31,32851.237,32885.497,32588.239,32772.279,32856.241,32887.801,32590.503,32777.771,5.492,37.49
2022-11-01,32774.749,32998.079,32477.799,32642.229,32777.503,33002.081,32480.273,32647.801,5.572,38.34
2022-11-02,32643.739,33075.497,32050.699,32074.799,32647.803,33077.733,32056.001,32080.261,5.462,39.13
2022-11-03,32074.777,32241.779,31708.699,31935.299,32079.501,32247.231,31711.201,31940.731,5.432,42.39
2022-11-04,31937.229,32605.777,31849.499,32370.709,31940.773,32608.271,31853.511,32373.201,2.492,48.73
2022-11-07,32210.299,32891.499,32209.719,32843.219,32215.213,32893.751,32215.201,32848.501,5.282,39.51
2022-11-08,32843.497,33360.239,32752.019,33177.269,32846.791,33362.801,32756.031,33182.711,5.442,37.0
2022-11-09,33177.497,33200.297,32474.739,32528.289,33178.791,33205.781,32477.211,32533.761,5.472,40.02
2022-11-10,32528.297,33797.299,32508.239,33773.709,32533.251,33802.771,32513.701,33779.281,5.572,40.69
2022-11-11,33775.499,33967.299,33391.239,33749.499,33779.303,33971.061,33393.701,33751.791,2.292,41.71
2022-11-14,33687.277,33965.499,33534.299,33594.259,33689.801,33967.781,33536.741,33599.711,5.452,35.0
2022-11-15,33594.267,34009.079,33313.729,33547.229,33599.281,34013.021,33314.741,33552.781,5.552,46.13
2022-11-16,33548.299,33702.297,33440.199,33598.269,33552.723,33707.731,33445.701,33603.721,5.452,40.43
2022-11-17,33598.769,33687.087,33144.559,33486.289,33603.723,33691.061,33148.301,33491.771,5.482,38.58
2022-11-18,33490.259,33811.219,33423.759,33719.229,33491.773,33813.721,33428.521,33721.761,2.532,36.98
2022-11-21,33701.729,33864.249,33553.719,33704.709,33706.773,33866.731,33556.001,33710.211,5.502,34.69
2022-11-22,33705.229,34120.499,33626.019,34116.789,33710.263,34125.801,33629.801,34122.001,5.212,28.55
2022-11-23,34116.717,34262.799,34001.199,34243.269,34121.761,34265.301,34003.701,34248.791,5.522,31.69
2022-11-24,34243.247,34287.559,34209.999,34248.269,34248.301,34291.571,34214.013,34253.791,5.522,7.35
2022-11-25,34249.249,34384.497,34190.529,34350.789,34253.713,34386.801,34194.503,34353.211,2.422,15.54
2022-11-28,34246.297,34303.279,33800.219,33848.299,34250.721,34305.751,33802.721,33853.771,5.472,28.17
2022-11-29,33848.217,33969.079,33658.209,33785.219,33853.201,33973.011,33660.501,33790.701,5.482,31.77
2022-11-30,33787.199,34596.999,33574.769,34558.239,33790.733,34599.291,33577.221,34563.721,5.482,36.41
2022-12-01,34558.257,34656.059,34119.279,34344.269,34559.271,34660.041,34121.501,34349.771,5.502,37.26
2022-12-02,34344.217,34488.249,33886.579,34381.289,34348.731,34490.701,33890.513,34383.501,2.212,35.5
2022-12-05,34390.799,34408.779,33849.739,33981.299,34395.763,34414.301,33852.231,33986.791,5.492,32.83
2022-12-06,33981.759,34042.739,33417.219,33618.199,33986.703,34048.281,33419.711,33623.761,5.562,35.12
2022-12-07,33618.769,33775.497,33428.019,33594.199,33623.743,33777.711,33432.001,33599.243,5.044,37.07
2022-12-08,33594.209,33893.199,33441.199,33744.219,33599.801,33895.741,33446.501,33749.741,5.522,30.19
2022-12-09,33744.257,33925.569,33457.249,33486.239,33746.711,33929.581,33459.751,33488.721,2.482,29.17
2022-12-12,33417.267,33997.779,33405.239,33968.229,33420.721,33999.291,33410.501,33973.761,5.532,29.29
2022-12-13,33968.769,34939.589,33883.207,34106.209,33973.783,34943.521,33884.211,34111.771,5.562,44.84
2022-12-14,34106.497,34398.499,33685.779,34023.199,34111.201,34400.801,33688.291,34028.501,5.302,36.22
2022-12-15,34023.257,34060.499,32999.799,33192.279,34027.741,34065.751,33002.003,33197.731,5.452,37.36
2022-12-16,33196.789,33257.799,32646.709,32852.289,33197.733,33263.001,32649.201,32854.791,2.502,33.75
2022-12-19,32901.749,33055.599,32574.729,32799.289,32906.783,33059.591,32577.231,32804.761,5.472,29.76
2022-12-20,32799.247,32996.209,32467.779,32982.799,32804.281,33001.791,32473.261,32988.301,5.502,32.69
2022-12-21,32983.249,33438.999,32932.739,33402.299,32988.003,33441.301,32938.201,33407.701,5.402,26.9
2022-12-22,33402.247,33457.997,32576.719,33029.299,33406.231,33463.251,32579.201,33034.501,5.202,30.73
2022-12-23,33029.297,33226.999,32814.259,33175.789,33034.301,33229.261,32816.503,33178.231,2.442,32.63
2022-12-26,33246.279,33362.279,33242.229,33351.299,33251.781,33367.801,33247.731,33356.751,5.452,0.27
2022-12-27,33351.197,33428.559,33058.209,33245.289,33355.501,33432.301,33060.721,33250.731,5.442,32.54
2022-12-28,33246.749,33383.259,32856.699,32896.259,33250.733,33385.721,32859.001,32901.761,5.502,33.89
2022-12-29,32897.259,33296.299,32827.229,33166.709,32902.751,33298.701,32832.771,33172.271,5.562,28.75
2022-12-30,33167.779,33206.237,32837.229,33168.299,33172.223,33211.761,32839.713,33170.761,2.462,30.71
2023-01-02,33368.769,33399.739,33201.219,33219.719,33374.211,33405.301,33206.721,33225.291,5.572,0.39
2023-01-03,33219.787,33490.099,32842.247,33118.289,33224.781,33494.081,32842.801,33123.781,5.492,33.12
2023-01-04,33119.199,33414.789,33026.499,33224.779,33124.731,33417.271,33028.701,33230.001,5.222,30.91
2023-01-05,33224.707,33308.299,32803.719,32961.219,33229.791,33312.101,32806.251,32966.771,5.552,29.28
2023-01-06,32961.227,33717.239,32897.049,33623.229,32964.751,33719.721,32901.051,33625.771,2.542,30.06
2023-01-09,33666.207,33934.289,33481.199,33497.299,33670.741,33936.731,33486.501,33502.771,5.472,26.42
2023-01-10,33500.289,33728.269,33341.059,33718.219,33502.503,33730.801,33345.021,33723.801,5.582,34.31
2023-01-11,33718.277,33980.757,33683.249,33947.499,33722.751,33986.001,33688.501,33952.801,5.302,25.51
2023-01-12,33947.749,34296.287,33715.569,34203.199,33952.503,34298.701,33719.561,34208.771,5.572,40.0
2023-01-13,34207.219,34353.277,33878.999,34293.719,34208.713,34355.761,33882.801,34296.271,2.552,32.77
2023-01-16,34289.239,34376.499,34191.089,34287.789,34293.753,34381.801,34194.801,34293.261,5.472,6.34
2023-01-17,34287.737,34313.499,33807.699,33831.789,34292.721,34318.781,33813.201,33837.241,5.452,30.43
2023-01-18,33831.239,34017.529,33243.299,33265.289,33836.711,34021.531,33248.773,33270.771,5.482,32.15
2023-01-19,33265.297,33268.289,32956.009,33042.499,33270.281,33273.761,32960.001,33047.711,5.212,33.77
2023-01-20,33043.289,33385.729,32936.289,33365.719,33047.753,33388.251,32938.801,33368.241,2.522,29.94
2023-01-23,33345.739,33784.777,33309.209,33609.239,33350.723,33787.241,33311.731,33614.781,5.542,31.05
2023-01-24,33609.999,33810.749,33378.219,33654.229,33614.733,33813.291,33380.741,33659.781,5.552,32.04
2023-01-25,33654.799,33776.499,33266.239,33762.499,33659.773,33778.711,33268.781,33767.781,5.282,32.22
2023-01-26,33763.769,33969.787,33628.779,33898.759,33767.763,33972.261,33630.731,33904.271,5.512,34.09
2023-01-27,33898.997,34171.799,33827.289,33964.719,33903.761,34174.241,33829.503,33967.001,2.282,29.16
2023-01-30,33922.757,34056.279,33694.499,33767.999,33927.741,34058.781,33695.801,33773.201,5.202,31.69
2023-01-31,33768.719,34095.999,33511.529,34034.199,33773.253,34098.231,33515.511,34039.721,5.522,28.37
2023-02-01,34034.729,34349.287,33571.709,34090.289,34039.803,34351.781,33574.213,34095.741,5.452,33.51
2023-02-02,34090.227,34153.297,33806.749,33977.219,34094.221,34157.021,33809.233,33982.751,5.532,37.46
2023-02-03,33979.209,34182.999,33778.517,33913.289,33982.703,34185.241,33782.551,33915.501,2.212,37.8
2023-02-06,33878.197,33968.797,33638.509,33925.219,33882.771,33971.271,33642.503,33930.781,5.562,32.05
2023-02-07,33925.207,34244.499,33625.209,34116.259,33930.211,34246.501,33627.711,34121.751,5.492,35.58
2023-02-08,34116.729,34173.499,33892.279,33989.289,34121.793,34178.791,33894.741,33994.801,5.512,31.85
2023-02-09,33991.249,34248.249,33600.259,33699.739,33994.723,34250.731,33602.713,33705.241,5.502,32.44
2023-02-10,33700.209,33899.257,33513.079,33872.779,33705.303,33901.801,33516.801,33875.241,2.462,33.57
2023-02-13,33807.199,34262.259,33733.699,34228.199,33809.503,34264.771,33739.221,34233.701,5.502,26.19
2023-02-14,34229.749,34513.089,33816.209,34026.219,34233.773,34517.051,33818.731,34031.711,5.492,39.81
2023-02-15,34026.227,34148.499,33830.289,34103.719,34029.711,34150.791,33832.701,34109.241,5.522,29.37
2023-02-16,34103.707,34180.299,33613.219,33621.289,34108.271,34184.071,33618.501,33626.741,5.452,30.74
2023-02-17,33621.237,33847.289,33466.059,33822.759,33625.761,33849.771,33470.051,33825.271,2.512,31.01
2023-02-20,33786.259,33832.287,33696.209,33729.779,33790.723,33837.791,33698.711,33735.251,5.472,5.3
2023-02-21,33731.259,33731.717,33111.697,33173.219,33735.223,33737.001,33114.271,33178.711,5.492,26.92
2023-02-22,33173.287,33243.277,32949.199,33083.239,33176.501,33245.781,32951.501,33088.771,5.532,29.49
2023-02-23,33083.297,33261.299,32792.787,33101.269,33087.751,33263.801,32793.711,33106.741,5.472,28.24
2023-02-24,33101.789,33170.999,32638.229,32787.279,33106.763,33176.261,32640.501,32789.771,2.492,30.22
2023-02-27,32818.799,33192.497,32775.799,32908.499,32824.251,33194.701,32781.001,32913.701,5.202,26.59
2023-02-28,32908.227,32991.299,32566.269,32575.289,32913.201,32995.081,32571.721,32580.701,5.412,27.28
2023-03-01,32575.767,32815.299,32496.999,32813.249,32580.741,32820.801,32499.201,32818.761,5.512,28.86
2023-03-02,32814.209,33084.297,32605.999,32957.299,32818.743,33086.701,32610.001,32962.731,5.432,29.16
2023-03-03,32957.227,33408.999,32928.199,33400.777,32961.751,33411.241,32933.703,33402.711,1.934,24.02
2023-03-06,33349.779,33573.269,33338.299,33446.289,33353.723,33575.801,33342.091,33451.781,5.492,24.44
2023-03-07,33446.497,33497.749,32832.719,32869.499,33451.001,33503.001,32835.001,32874.761,5.262,29.1
2023-03-08,32869.217,32919.297,32609.199,32785.209,32874.201,32923.071,32611.701,32789.743,4.534,28.48
2023-03-09,32785.289,32983.499,32165.209,32188.259,32790.501,32985.791,32170.503,32193.781,5.522,29.91
2023-03-10,32188.207,32415.267,31775.269,31891.789,32191.501,32417.501,31777.701,31894.231,2.442,39.0
2023-03-13,32176.207,32348.797,31514.999,31859.239,32181.251,32354.281,31519.011,31864.801,5.562,47.1
2023-03-14,31863.799,32307.999,31791.299,32122.289,31864.803,32310.241,31796.503,32127.751,5.462,39.65
2023-03-15,32123.249,32196.279,31423.229,31824.779,32127.803,32201.501,31425.721,31830.281,5.502,46.29
2023-03-16,31824.787,32279.259,31560.699,32223.229,31828.271,32281.701,31563.001,32228.223,4.994,40.28
2023-03-17,32223.239,32335.087,31722.239,31838.729,32228.701,32339.041,31724.701,31841.301,2.572,38.73
2023-03-20,32033.239,32288.499,31427.199,32233.779,32036.803,32290.781,31432.511,32239.231,5.452,37.24
2023-03-21,32234.239,32597.219,32215.729,32547.229,32239.243,32599.711,32221.211,32552.761,5.532,27.64
2023-03-22,32547.247,32771.799,32009.789,32083.789,32552.001,32774.291,32012.281,32089.291,5.502,29.53
2023-03-23,32083.747,32517.267,31845.999,32144.499,32085.211,32519.711,31848.001,32149.721,5.222,35.06
2023-03-24,32144.237,32260.219,31730.089,32252.789,32149.503,32262.701,31733.801,32255.271,2.482,37.63
2023-03-27,32405.499,32569.247,32218.999,32484.299,32409.293,32571.711,32223.041,32489.741,5.442,27.3
2023-03-28,32484.297,32583.797,32290.749,32454.779,32489.251,32587.561,32293.201,32460.241,5.462,24.25
2023-03-29,32455.209,32731.299,32448.739,32676.219,32460.283,32733.801,32454.001,32681.771,5.552,21.18
2023-03-30,32676.799,32931.299,32669.269,32891.269,32681.783,32935.001,32674.501,32896.791,5.522,21.59
2023-03-31,32890.249,33288.749,32816.509,33275.769,32895.801,33291.241,32820.501,33278.261,2.492,19.98
2023-04-03,33298.197,33637.257,33247.699,33580.779,33303.291,33639.721,33253.221,33586.241,5.462,22.03
2023-04-04,33581.229,33690.599,33273.199,33421.797,33586.741,33694.561,33275.501,33426.231,4.434,25.9
2023-04-05,33420.999,33536.739,33310.599,33460.709,33426.201,33539.301,33314.591,33466.201,5.492,24.03
2023-04-06,33461.199,33538.799,33322.229,33435.299,33466.721,33542.581,33324.781,33440.711,5.412,21.39
2023-04-07,33435.247,33596.509,33399.509,33547.067,33440.001,33600.591,33403.501,33551.083,4.016,2.33
2023-04-10,33524.747,33613.259,33331.209,33611.799,33529.711,33618.761,33333.711,33617.241,5.442,19.27
2023-04-11,33611.239,33784.299,33554.499,33703.699,33616.751,33786.781,33558.301,33709.201,5.502,18.11
2023-04-12,33703.727,33948.297,33577.199,33581.209,33708.741,33952.021,33582.771,33586.791,5.582,27.43
2023-04-13,33582.259,34058.199,33580.209,33975.999,33587.501,34060.491,33585.501,33981.291,5.292,21.05
2023-04-14,33975.707,34108.089,33722.279,33891.749,33980.711,34112.081,33724.701,33894.271,2.522,29.37
2023-04-17,33951.749,33997.789,33792.199,33978.259,33957.261,34000.301,33794.721,33983.771,5.512,24.1
2023-04-18,33978.247,34131.009,33783.289,33929.269,33982.261,34135.101,33785.721,33934.501,5.232,23.76
2023-04-19,33929.287,33960.229,33797.589,33833.219,33934.201,33962.741,33801.581,33838.761,5.542,18.74
2023-04-20,33833.799,33883.497,33665.709,33736.759,33839.261,33888.801,33668.291,33742.281,5.522,23.88
2023-04-21,33736.757,33863.999,33677.499,33798.289,33739.771,33866.231,33681.531,33800.781,2.492,24.72
2023-04-24,33766.707,33887.299,33638.499,33856.209,33771.251,33889.781,33642.301,33861.751,5.542,18.96
2023-04-25,33856.277,33874.999,33523.209,33589.769,33861.241,33880.301,33525.721,33595.201,5.432,23.54
2023-04-26,33589.727,33641.259,33229.259,33338.799,33594.701,33643.801,33231.771,33344.221,5.422,26.46
2023-04-27,33338.777,33863.497,33311.709,33771.799,33343.731,33865.501,33317.001,33777.221,5.422,21.31
2023-04-28,33771.767,34129.799,33642.529,34112.729,33776.281,34132.241,33646.521,34115.201,2.472,27.33
2023-05-01,34051.217,34264.239,33994.719,34008.729,34056.301,34266.731,34000.241,34014.281,5.552,21.79
2023-05-02,34008.719,34086.047,33431.719,33698.279,34014.291,34089.801,33434.001,33703.761,5.482,27.18
2023-05-03,33699.229,33821.239,33159.749,33277.229,33704.741,33823.791,33165.271,33282.751,5.522,31.06
2023-05-04,33278.259,33469.599,32934.499,33170.249,33283.751,33473.561,32936.701,33175.751,5.502,35.68
2023-05-05,33171.249,33753.299,33141.729,33677.499,33176.761,33755.791,33147.241,33679.501,2.002,26.09
2023-05-08,33654.497,33778.799,33503.699,33592.699,33659.001,33782.561,33506.221,33598.231,5.532,21.98
2023-05-09,33592.697,33651.279,33463.529,33581.299,33595.291,33653.791,33467.301,33586.731,5.432,21.47
2023-05-10,33581.247,33782.087,33233.299,33539.199,33582.501,33786.091,33234.761,33544.721,5.522,30.71
2023-05-11,33539.759,33610.099,33113.729,33310.799,33545.281,33614.081,33116.201,33316.301,5.502,29.35
2023-05-12,33310.727,33481.299,33107.269,33261.719,33314.251,33485.101,33109.791,33264.201,2.482,23.69
2023-05-15,33256.207,33447.539,33160.209,33311.799,33260.501,33451.591,33162.701,33317.001,5.202,21.11
2023-05-16,33311.697,33338.037,32984.229,33035.499,33316.281,33342.101,32986.501,33040.711,5.212,23.1
2023-05-17,33035.769,33477.499,32996.059,33366.219,33041.221,33479.761,33000.001,33371.501,5.282,22.46
2023-05-18,33366.227,33616.799,33209.699,33557.239,33371.241,33622.291,33212.231,33562.791,5.552,26.19
2023-05-19,33558.199,33659.297,33325.279,33406.719,33563.731,33663.071,33327.711,33409.291,2.572,25.86
2023-05-22,33390.769,33512.499,33199.199,33367.299,33396.291,33514.791,33201.701,33372.771,5.472,23.54
2023-05-23,33367.207,33402.707,33003.789,33103.729,33371.501,33405.781,33006.241,33109.261,5.532,26.58
2023-05-24,33103.767,33116.499,32634.799,32736.499,33108.251,33121.801,32640.231,32741.801,5.302,27.74
2023-05-25,32738.799,32871.997,32577.789,32710.269,32744.001,32874.271,32580.251,32715.501,5.232,27.82
2023-05-26,32711.759,33165.269,32681.219,33120.719,32717.241,33167.731,32686.711,33123.001,2.282,22.79
2023-05-29,33200.237,33229.587,33116.719,33123.209,33205.001,33233.601,33122.241,33128.721,5.512,4.64
2023-05-30,33123.247,33187.599,32887.299,33002.199,33126.751,33191.601,32889.741,33007.741,5.542,24.69
2023-05-31,33001.709,33008.289,32731.229,32906.269,33007.241,33013.781,32733.701,32911.501,5.232,24.62
2023-06-01,32906.197,33167.279,32681.499,33073.279,32911.291,33169.771,32683.731,33078.801,5.522,24.19
2023-06-02,33073.277,33806.299,33061.739,33760.279,33078.211,33808.801,33067.001,33762.761,2.482,23.08
2023-06-05,33776.227,33827.299,33517.779,33534.239,33780.791,33831.101,33523.281,33539.741,5.502,25.62
2023-06-06,33534.759,33632.249,33404.219,33579.219,33540.211,33634.801,33406.501,33584.791,5.572,23.03
2023-06-07,33579.227,33709.287,33497.029,33655.249,33584.251,33711.731,33501.011,33660.741,5.492,24.9
2023-06-08,33655.247,33876.739,33592.249,33788.199,33659.801,33879.261,33597.301,33793.721,5.522,22.31
2023-06-09,33788.267,33977.997,33709.509,33887.749,33793.281,33980.301,33713.301,33890.251,2.502,25.1
2023-06-12,33900.799,34084.289,33870.569,34054.209,33906.201,34086.801,33873.261,34059.801,5.592,22.65
2023-06-13,34056.299,34313.799,34018.799,34122.499,34061.701,34316.301,34022.521,34127.771,5.272,26.38
2023-06-14,34122.259,34193.549,33769.709,33944.209,34127.711,34197.531,33772.301,33949.731,5.522,25.73
2023-06-15,33944.999,34494.779,33838.029,34371.299,33950.201,34497.211,33842.011,34376.731,5.432,26.95
2023-06-16,34371.729,34577.737,34280.239,34319.789,34376.803,34579.291,34282.701,34322.251,2.462,26.72
2023-06-19,34284.289,34307.297,34167.699,34199.259,34288.763,34311.071,34170.211,34204.721,5.462,5.14
2023-06-20,34199.779,34225.069,33907.249,34067.299,34204.733,34229.011,33909.721,34072.801,5.502,17.94
2023-06-21,34067.237,34099.497,33868.789,33963.799,34072.291,34101.721,33871.201,33969.251,5.452,18.71
2023-06-22,33964.229,33997.727,33813.219,33953.209,33969.273,34000.271,33815.741,33958.501,5.292,17.34
2023-06-23,33953.227,33958.257,33621.269,33713.289,33958.281,33963.751,33623.731,33715.791,2.502,17.48
2023-06-26,33778.207,33820.249,33605.229,33767.749,33782.711,33822.721,33607.781,33772.743,4.994,18.18
2023-06-27,33767.739,33979.499,33648.529,33914.219,33773.271,33981.761,33652.301,33919.761,5.542,16.95
2023-06-28,33914.247,33964.089,33753.699,33918.499,33919.251,33968.051,33756.211,33923.771,5.272,18.74
2023-06-29,33919.269,34153.279,33809.229,34102.269,33923.773,34155.771,33811.771,34107.701,5.432,17.92
2023-06-30,34102.739,34472.269,34077.249,34377.789,34107.793,34474.793,34082.501,34380.221,2.432,16.66
2023-07-03,34403.229,34465.769,34278.229,34422.249,34408.711,34468.233,34280.711,34424.721,2.472,14.49
2023-07-04,34373.209,34382.299,34362.719,34371.699,34378.781,34387.761,34368.221,34377.221,5.522,0.07
2023-07-05,34372.259,34395.999,34208.499,34239.709,34377.303,34401.261,34212.301,34245.211,5.502,21.33
2023-07-06,34240.269,34241.999,33768.269,33923.719,34245.243,34247.303,33770.753,33929.211,5.492,26.05
2023-07-07,33923.749,34041.289,33715.219,33766.299,33928.503,34043.723,33717.733,33768.801,2.502,28.21
2023-07-10,33769.699,33963.999,33597.559,33945.749,33775.503,33966.291,33601.541,33951.251,5.502,26.76
2023-07-11,33945.789,34298.499,33857.029,34235.209,33952.283,34300.781,33860.801,34241.233,6.024,24.02
2023-07-12,34235.999,34587.239,34215.199,34368.239,34241.301,34589.791,34220.723,34373.741,5.502,29.48
2023-07-13,34368.269,34472.229,34332.799,34350.779,34372.743,34474.733,34338.251,34356.201,5.422,19.48
2023-07-14,34350.199,34594.589,34301.769,34489.239,34356.263,34598.531,34307.221,34491.501,2.262,25.82
2023-07-17,34436.729,34669.499,34400.499,34554.729,34439.753,34671.801,34404.563,34560.231,5.502,17.77
2023-07-18,34554.737,34996.249,34512.499,34952.719,34560.263,34998.781,34514.753,34958.201,5.482,17.83
2023-07-19,34952.697,35233.279,34921.509,35036.199,34957.201,35235.771,34925.533,35041.801,5.602,20.67
2023-07-20,35036.789,35370.299,35017.749,35243.289,35041.733,35372.781,35023.201,35248.801,5.512,20.35
2023-07-21,35243.759,35342.279,35175.239,35210.279,35248.503,35344.801,35177.731,35212.801,2.522,27.12
2023-07-24,35181.799,35466.259,35177.699,35411.259,35187.271,35468.771,35183.001,35416.761,5.502,23.26
2023-07-25,35411.799,35531.239,35360.199,35413.499,35416.713,35533.731,35362.701,35418.791,5.292,22.2
2023-07-26,35412.759,35642.729,35305.529,35472.209,35418.261,35645.251,35309.551,35477.751,5.542,27.71
2023-07-27,35471.999,35685.799,35213.209,35289.239,35477.261,35689.301,35215.701,35294.761,5.522,32.73
2023-07-28,35289.999,35568.269,35236.209,35444.299,35294.763,35570.711,35241.501,35446.771,2.472,28.68
2023-07-31,35460.769,35578.779,35371.209,35552.209,35466.291,35584.221,35376.713,35557.501,5.292,24.98
2023-08-01,35552.699,35680.229,35438.079,35564.769,35557.753,35682.773,35441.801,35570.221,5.452,24.58
2023-08-02,35565.199,35603.799,35221.229,35343.749,35570.293,35609.281,35223.701,35349.211,5.462,30.5
2023-08-03,35341.219,35376.739,35110.229,35248.229,35346.801,35382.241,35112.721,35253.751,5.522,30.96
2023-08-04,35248.299,35510.239,35026.229,35084.709,35253.213,35512.741,35028.781,35087.241,2.532,33.58
2023-08-07,35101.209,35500.709,35077.999,35475.199,35105.803,35500.71,35082.081,35480.501,5.302,24.65
2023-08-08,35478.799,35482.299,35003.209,35276.289,35480.763,35487.801,35005.503,35281.731,5.442,32.38
2023-08-09,35275.999,35407.529,35054.719,35194.289,35281.251,35411.511,35057.201,35199.781,5.492,28.97
2023-08-10,35195.229,35576.999,35105.699,35208.779,35199.723,35579.201,35108.001,35214.261,5.482,39.37
2023-08-11,35207.699,35358.779,35041.699,35312.209,35213.281,35361.291,35044.221,35314.721,2.512,33.26
2023-08-14,35316.259,35384.069,35157.699,35301.279,35320.803,35388.091,35160.221,35306.761,5.482,30.13
2023-08-15,35300.759,35348.289,34903.249,34961.249,35306.201,35353.741,34905.731,34966.701,5.452,33.7
2023-08-16,34963.239,35134.269,34747.229,34765.249,34966.733,35136.771,34749.751,34770.501,5.252,34.91
2023-08-17,34765.699,34890.289,34412.739,34458.239,34770.713,34892.801,34418.001,34463.801,5.562,31.82
2023-08-18,34458.769,34591.799,34256.789,34507.769,34464.301,34594.271,34259.211,34510.261,2.492,15.78
2023-08-21,34506.217,34640.099,34248.249,34421.289,34510.731,34644.041,34250.701,34426.501,5.212,13.71
2023-08-22,34421.247,34590.299,34253.799,34306.499,34426.261,34593.801,34256.291,34311.731,5.232,13.34
2023-08-23,34306.729,34536.289,34286.059,34474.699,34311.723,34538.791,34290.031,34479.901,5.202,11.8
2023-08-24,34474.999,34680.469,34064.229,34122.289,34479.973,34682.981,34066.721,34127.701,5.412,15.58
2023-08-25,34122.799,34446.249,34024.719,34355.249,34127.783,34448.801,34027.201,34357.501,2.252,15.93
2023-08-28,34400.287,34654.279,34368.259,34570.249,34405.221,34656.761,34373.701,34575.701,5.452,12.85
2023-08-29,34570.999,34864.259,34491.059,34835.239,34575.803,34866.791,34495.031,34840.801,5.562,10.8
2023-08-30,34835.497,35025.709,34785.599,34934.719,34839.791,35028.281,34789.551,34940.261,5.542,12.06
2023-08-31,34935.799,35096.509,34720.197,34764.709,34940.203,35100.581,34722.703,34770.211,5.502,12.0
2023-09-01,34765.729,34973.209,34715.219,34829.249,34770.243,34975.771,34717.501,34831.801,2.552,13.21
2023-09-04,34821.207,34923.089,34748.219,34807.219,34826.221,34927.041,34750.721,34812.761,5.542,2.79
2023-09-05,34807.257,34880.799,34633.259,34656.779,34812.241,34884.581,34635.503,34662.001,5.222,11.02
2023-09-06,34656.797,34667.999,34285.199,34441.699,34661.701,34673.261,34287.711,34447.301,5.602,12.33
2023-09-07,34441.997,34561.289,34336.099,34518.769,34446.001,34563.791,34340.061,34524.211,5.442,12.21
2023-09-08,34518.737,34627.789,34412.999,34592.729,34523.751,34630.281,34416.801,34595.271,2.542,12.06
2023-09-11,34595.239,34785.259,34555.759,34645.289,34600.283,34787.781,34561.203,34650.741,5.452,10.58
2023-09-12,34645.267,34858.789,34529.089,34653.749,34650.261,34861.301,34533.031,34659.001,5.252,11.1
2023-09-13,34653.777,34778.209,34503.259,34591.749,34658.301,34780.711,34505.731,34597.251,5.502,13.39
2023-09-14,34591.777,34980.759,34584.709,34943.499,34596.741,34983.261,34589.501,34948.761,5.262,11.87
2023-09-15,34944.219,35017.099,34566.199,34637.269,34948.783,35021.081,34568.761,34639.751,2.482,12.51
2023-09-18,34663.729,34723.729,34537.249,34641.229,34668.763,34726.211,34539.501,34646.801,5.572,10.31
2023-09-19,34641.779,34682.599,34307.299,34524.699,34646.793,34686.541,34309.741,34530.241,5.542,10.6
2023-09-20,34524.787,34779.259,34420.759,34429.759,34529.001,34781.771,34426.251,34435.211,5.452,11.95
2023-09-21,34429.767,34454.229,34034.199,34059.269,34434.701,34459.771,34036.711,34064.731,5.462,13.84
2023-09-22,34059.497,34155.999,33943.749,33995.709,34064.211,34158.271,33946.231,33998.271,2.562,13.13
2023-09-25,34008.789,34095.059,33779.239,33996.739,34013.793,34099.071,33781.791,34002.271,5.532,13.28
2023-09-26,33997.789,33998.289,33561.749,33665.779,34002.223,34003.771,33564.001,33671.201,5.422,13.1
2023-09-27,33666.289,33763.079,33302.209,33599.799,33671.293,33767.091,33304.723,33605.261,5.462,14.8
2023-09-28,33599.797,33784.299,33465.779,33707.779,33604.701,33786.741,33468.253,33713.241,5.462,16.47
2023-09-29,33707.777,33902.529,33402.159,33521.179,33712.301,33906.521,33404.613,33523.671,2.492,16.7
2023-10-02,33659.137,33720.449,33217.189,33419.619,33664.161,33724.471,33219.681,33425.171,5.552,17.43
2023-10-03,33420.659,33491.997,32908.219,33002.269,33425.173,33496.001,32910.713,33007.701,5.432,18.08
2023-10-04,33002.227,33159.779,32814.529,33080.499,33006.721,33162.221,32818.501,33085.701,5.202,17.84
2023-10-05,33080.237,33176.239,32937.209,33086.789,33085.201,33178.791,32939.701,33092.211,5.422,15.9
2023-10-06,33087.289,33559.769,32844.249,33434.779,33092.243,33562.221,32846.503,33437.221,2.442,17.4
2023-10-09,33228.799,33635.239,33104.299,33613.269,33233.743,33637.711,33108.043,33618.701,5.432,13.96
2023-10-10,33613.247,33897.499,33580.709,33742.209,33618.211,33899.781,33586.231,33747.711,5.502,14.32
2023-10-11,33742.709,33889.079,33609.229,33870.279,33747.713,33893.041,33611.771,33875.761,5.482,13.46
2023-10-12,33870.277,33978.069,33447.499,33638.779,33874.211,33982.051,33449.781,33644.271,5.492,18.4
2023-10-13,33641.729,33958.299,33546.209,33637.269,33644.233,33960.751,33548.721,33639.751,2.482,17.42
2023-10-16,33735.299,34091.249,33665.699,33992.739,33740.253,34093.791,33671.203,33998.291,5.552,16.66
2023-10-17,33992.697,34148.239,33808.089,33931.249,33997.711,34150.791,33812.001,33936.701,5.452,17.03
2023-10-18,33931.287,33994.257,33591.209,33676.779,33935.281,33999.761,33593.501,33682.281,5.502,17.69
2023-10-19,33677.229,33853.719,33357.209,33383.289,33682.243,33856.291,33360.731,33388.721,5.432,40.89
2023-10-20,33382.499,33421.999,33095.779,33099.719,33387.501,33425.591,33098.241,33102.211,2.492,39.68
2023-10-23,33203.769,33236.279,32886.229,33014.729,33209.261,33238.771,32888.701,33020.251,5.522,40.56
2023-10-24,33012.719,33297.779,32930.739,33226.749,33018.241,33300.211,32936.221,33232.231,5.482,36.65
2023-10-25,33226.299,33274.239,32984.199,33016.789,33231.751,33276.711,32986.761,33022.291,5.502,41.02
2023-10-26,33016.499,33104.999,32736.239,32890.699,33021.711,33107.281,32738.501,32896.261,5.562,45.27
2023-10-27,32886.999,32912.089,32318.709,32386.499,32892.291,32916.101,32321.201,32388.771,2.272,42.57
2023-10-30,32464.269,33004.289,32462.209,32931.749,32469.801,33005.271,32467.741,32937.221,5.472,35.97
2023-10-31,32931.269,33135.799,32785.239,32989.699,32936.771,33139.601,32787.731,32995.271,5.572,38.35
2023-11-01,32989.299,33337.759,32909.499,33316.229,32994.791,33340.281,32913.513,33321.781,5.552,37.96
2023-11-02,33316.749,33857.499,33275.239,33825.239,33321.713,33862.801,33280.503,33830.801,5.562,27.86
2023-11-03,33825.789,34163.499,33823.269,34087.739,33831.201,34165.801,33828.751,34090.261,2.522,24.79
2023-11-06,34084.239,34163.497,33987.279,34052.719,34089.721,34165.791,33989.711,34058.211,5.492,22.51
2023-11-07,34052.719,34209.499,33971.599,34155.249,34058.231,34211.801,33975.551,34160.761,5.512,20.2
2023-11-08,34154.999,34258.279,33993.219,34088.219,34160.201,34260.801,33995.701,34093.801,5.582,22.38
2023-11-09,34088.207,34219.099,33853.199,33889.739,34093.251,34223.101,33855.501,33895.261,5.522,25.96
2023-11-10,33889.767,34317.299,33853.239,34275.219,33893.731,34319.791,33858.711,34277.711,2.492,22.86
2023-11-13,34226.737,34410.269,34147.209,34345.279,34231.241,34412.801,34152.721,34350.751,5.472,19.39
2023-11-14,34345.277,34929.799,34309.519,34866.399,34350.261,34932.261,34313.561,34871.911,5.512,23.42
2023-11-15,34867.479,35051.979,34841.899,34961.539,34872.921,35054.421,34847.401,34967.001,5.462,33.29
2023-11-16,34961.059,35020.599,34815.219,34956.749,34966.601,35023.101,34817.701,34962.261,5.512,31.28
2023-11-17,34957.259,35097.089,34878.219,34934.999,34962.731,35101.091,34880.701,34937.281,2.282,22.43
2023-11-20,34940.719,35225.599,34893.059,35172.999,34945.743,35227.881,34897.001,35178.301,5.302,18.23
2023-11-21,35173.037,35183.549,35036.499,35076.959,35177.571,35189.031,35039.021,35082.501,5.542,19.33
2023-11-22,35076.977,35317.497,35074.909,35259.219,35081.431,35319.791,35080.201,35264.711,5.492,19.97
2023-11-23,35260.209,35355.499,35252.269,35320.239,35264.503,35357.791,35257.501,35325.701,5.462,4.51
2023-11-24,35320.297,35400.789,35297.269,35356.229,35325.241,35403.261,35302.723,35358.721,2.492,9.1
2023-11-27,35356.999,35419.229,35278.209,35365.769,35362.281,35421.501,35280.501,35371.301,5.532,8.96
2023-11-28,35366.269,35515.199,35287.009,35397.289,35371.751,35517.761,35291.051,35402.501,5.212,10.37
2023-11-29,35396.779,35580.199,35395.219,35527.749,35402.251,35581.761,35400.501,35533.001,5.252,11.28
2023-11-30,35527.219,35969.499,35501.709,35925.499,35532.731,35971.761,35507.251,35930.761,5.262,12.45
2023-12-01,35924.779,36265.209,35900.0,36253.289,35930.251,36267.791,35902.041,36255.741,2.452,10.44
2023-12-04,36225.699,36249.279,36031.799,36162.279,36231.261,36254.801,36035.301,36167.751,5.472,10.23
2023-12-05,36162.719,36188.569,36005.209,36140.269,36168.231,36192.591,36007.741,36145.751,5.482,11.88
2023-12-06,36139.749,36297.759,36021.729,36040.269,36145.251,36300.231,36024.291,36045.741,5.472,10.88
2023-12-07,36041.299,36163.799,35968.559,36094.229,36046.781,36166.301,35972.541,36099.771,5.542,11.11
2023-12-08,36094.719,36292.169,35964.079,36222.179,36099.763,36294.631,35968.511,36224.661,2.482,11.73
2023-12-11,36263.669,36419.269,36203.419,36416.699,36269.131,36424.781,36207.401,36422.261,5.562,9.76
2023-12-12,36417.279,36635.499,36364.699,36629.999,36422.721,36639.301,36367.241,36635.261,5.262,8.8
2023-12-13,36628.219,37164.239,36526.209,37160.709,36633.801,37169.721,36528.701,37166.271,5.562,10.55
2023-12-14,37158.759,37321.589,37042.719,37249.709,37164.291,37325.561,37045.261,37255.231,5.522,14.01
2023-12-15,37249.229,37403.579,37134.199,37286.739,37254.781,37407.551,37136.721,37289.241,2.502,12.37
2023-12-18,37311.759,37394.289,37264.999,37279.789,37317.241,37396.751,37270.211,37285.301,5.512,8.24
2023-12-19,37279.229,37568.299,37264.699,37533.779,37284.751,37570.711,37270.201,37539.291,5.512,7.93
2023-12-20,37534.259,37642.289,37023.739,37174.229,37539.731,37644.781,37026.281,37179.801,5.572,10.35
2023-12-21,37174.999,37421.219,37119.739,37320.299,37180.001,37423.781,37122.221,37325.791,5.492,14.04
2023-12-22,37319.289,37540.269,37246.569,37378.739,37324.771,37542.801,37250.581,37381.221,2.482,11.23
2023-12-25,37364.499,37457.209,37363.219,37456.199,37369.761,37462.801,37368.771,37461.751,5.552,0.05
2023-12-26,37454.229,37624.099,37368.239,37564.019,37459.731,37626.591,37370.751,37569.581,5.562,5.88
2023-12-27,37563.589,37688.499,37487.539,37665.209,37569.101,37690.711,37490.063,37670.751,5.542,8.75
2023-12-28,37664.769,37777.789,37604.049,37739.499,37670.251,37780.301,37608.003,37744.711,5.212,8.47
2023-12-29,37739.749,37783.079,37535.709,37661.709,37744.763,37787.031,37538.241,37664.251,2.542,10.17
2024-01-01,37688.719,37742.749,37688.219,37722.759,37694.221,37748.281,37693.731,37728.241,5.482,0.05
2024-01-02,37723.279,37810.999,37457.059,37734.129,37728.781,37815.041,37460.801,37739.681,5.552,12.36
2024-01-03,37736.199,37736.199,37398.689,37460.179,37739.663,37741.611,37401.111,37465.661,5.482,13.4
2024-01-04,37459.179,37721.779,37436.709,37498.699,37464.631,37724.241,37439.201,37504.261,5.562,12.35
2024-01-05,37499.289,37624.799,37245.089,37468.799,37504.771,37627.231,37249.091,37471.231,2.432,14.55
2024-01-08,37414.729,37692.767,37216.089,37643.379,37420.231,37693.251,37220.021,37648.841,5.462,10.54
2024-01-09,37641.879,37647.899,37363.329,37509.249,37647.101,37653.361,37365.601,37514.771,5.522,11.4
2024-01-10,37509.719,37742.999,37463.759,37705.499,37514.703,37745.281,37469.211,37710.731,5.232,10.78
2024-01-11,37704.719,37809.549,37417.999,37707.209,37710.301,37813.541,37420.261,37712.801,5.592,15.76
2024-01-12,37707.297,37825.759,37444.509,37565.759,37712.231,37828.271,37448.541,37568.211,2.452,14.7
2024-01-15,37565.219,37628.289,37494.559,37535.775,37570.771,37633.791,37498.511,37541.237,5.462,3.91
2024-01-16,37536.999,37549.015,37196.227,37358.787,37542.201,37553.001,37198.749,37364.237,5.45,14.45
2024-01-17,37357.203,37373.287,37129.203,37280.299,37362.785,37375.797,37131.737,37285.585,5.286,13.35
2024-01-18,37280.539,37529.515,37128.527,37478.527,37286.061,37532.097,37131.037,37484.025,5.498,13.47
2024-01-19,37477.099,37950.063,37414.027,37882.515,37482.549,37952.597,37419.501,37885.013,2.498,13.13
2024-01-22,37905.575,38107.799,37883.075,37986.251,37910.801,38110.097,37887.337,37991.737,5.486,11.85
2024-01-23,37986.787,38023.051,37792.499,37938.275,37991.787,38027.085,37794.797,37943.701,5.426,9.88
2024-01-24,37936.999,38079.503,37777.215,37861.739,37942.297,38083.573,37779.797,37867.249,5.51,12.1
2024-01-25,37861.203,38059.275,37753.527,37973.203,37866.761,38061.761,37757.501,37978.785,5.582,13.37
2024-01-26,37973.703,38218.203,37895.715,38094.875,37978.503,38220.701,37901.001,38097.337,2.462,12.07
2024-01-29,38020.327,38346.099,38012.803,38292.339,38025.861,38348.349,38018.101,38297.601,5.262,9.01
2024-01-30,38292.827,38519.251,38239.603,38461.499,38297.887,38524.797,38243.625,38466.737,5.238,9.42
2024-01-31,38461.763,38582.263,38117.215,38183.775,38466.751,38584.701,38119.501,38189.001,5.226,14.7
2024-02-01,38183.251,38550.751,38102.251,38525.499,38188.501,38556.249,38104.749,38530.797,5.298,13.78
2024-02-02,38524.751,38784.263,38324.215,38662.751,38530.297,38786.761,38326.725,38665.237,2.486,15.11
2024-02-05,38656.703,38694.099,38214.263,38323.203,38662.261,38698.085,38216.773,38328.773,5.57,11.58
2024-02-06,38322.999,38540.299,38274.515,38507.239,38328.001,38542.749,38278.501,38512.737,5.498,13.12
2024-02-07,38507.999,38750.499,38457.063,38686.727,38513.225,38752.797,38461.037,38692.201,5.474,11.95
2024-02-08,38685.727,38753.275,38538.299,38711.227,38691.237,38755.713,38540.737,38716.501,5.274,9.43
2024-02-09,38711.999,38894.599,38561.715,38650.703,38717.237,38898.561,38564.273,38653.285,2.582,9.5
2024-02-12,38666.999,38929.787,38599.599,38777.775,38672.225,38932.273,38603.513,38783.225,5.45,9.87
2024-02-13,38778.299,38822.039,38031.249,38260.239,38783.299,38826.025,38033.761,38265.713,5.474,15.01
2024-02-14,38260.763,38439.499,38194.203,38409.763,38266.213,38441.773,38196.701,38415.297,5.534,13.55
2024-02-15,38408.727,38782.263,38366.703,38748.287,38414.001,38784.773,38372.225,38753.773,5.486,12.41
2024-02-16,38748.703,38829.787,38568.727,38590.715,38754.201,38832.261,38571.285,38593.001,2.286,13.51
2024-02-19,38636.275,38670.575,38559.287,38570.251,38641.713,38674.537,38564.797,38575.737,5.486,2.56
2024-02-20,38569.763,38665.227,38453.587,38568.215,38575.001,38667.797,38457.597,38573.713,5.498,14.62
2024-02-21,38569.703,38624.999,38333.215,38623.715,38575.237,38630.297,38335.713,38629.273,5.558,13.97
2024-02-22,38624.287,39153.999,38621.215,39073.727,38629.761,39156.237,38626.725,39079.273,5.546,13.08
2024-02-23,39074.263,39283.499,39025.215,39119.599,39079.749,39285.749,39030.785,39121.801,2.202,12.42
2024-02-26,39118.799,39239.515,39025.227,39062.763,39124.037,39242.025,39027.725,39068.249,5.486,11.01
2024-02-27,39063.499,39112.075,38873.287,38918.799,39068.215,39116.097,38875.773,38924.001,5.202,10.14
2024-02-28,38918.299,38952.203,38736.715,38853.275,38923.701,38954.725,38739.237,38858.797,5.522,10.17
2024-02-29,38853.727,39069.999,38783.515,38959.315,38859.001,39072.261,38787.301,38964.801,5.486,13.17
2024-03-01,38959.863,39122.251,38845.387,39056.751,38965.385,39124.713,38847.897,39059.297,2.546,12.38
2024-03-04,39052.763,39084.287,38860.515,38928.299,39058.285,39086.737,38864.573,38933.785,5.486,9.52
2024-03-05,38927.703,38955.539,38452.227,38580.263,38933.001,38959.585,38454.761,38585.737,5.474,13.5
2024-03-06,38579.739,38860.251,38546.763,38645.239,38585.237,38862.797,38552.201,38650.749,5.51,15.79
2024-03-07,38646.227,38911.999,38517.087,38769.203,38650.751,38914.273,38521.061,38774.701,5.498,13.16
2024-03-08,38768.799,38971.263,38595.539,38750.215,38774.285,38973.785,38599.501,38752.501,2.286,17.62
2024-03-11,38730.203,38824.715,38470.239,38807.751,38735.725,38830.237,38472.701,38813.297,5.546,14.77
2024-03-12,38807.499,39079.263,38634.027,39003.651,38812.797,39081.737,38638.037,39009.173,5.522,14.96
2024-03-13,39004.139,39210.699,38933.651,39083.115,39009.637,39213.113,38936.101,39088.685,5.57,10.5
2024-03-14,39082.115,39228.439,38688.639,38875.703,39087.601,39232.485,38691.149,38881.237,5.534,15.95
2024-03-15,38875.499,38990.063,38612.999,38710.499,38880.761,38994.061,38615.285,38712.797,2.298,15.14
2024-03-18,38693.999,38906.727,38658.027,38789.763,38699.261,38909.001,38662.025,38795.285,5.522,11.58
2024-03-19,38790.799,39121.263,38681.299,39104.203,38796.001,39123.761,38685.013,39109.773,5.57,11.6
2024-03-20,39103.715,39601.251,38997.275,39591.799,39109.261,39606.797,38999.701,39597.249,5.45,11.68
2024-03-21,39589.739,39892.775,39575.799,39825.703,39595.201,39895.225,39581.225,39831.237,5.534,11.68
2024-03-22,39825.251,39848.003,39423.563,39430.003,39830.785,39852.097,39426.061,39432.585,2.582,9.98
2024-03-25,39443.599,39456.339,39292.527,39336.051,39449.049,39460.337,39295.001,39341.597,5.546,8.59
2024-03-26,39335.527,39439.003,39277.203,39389.999,39341.025,39441.597,39279.785,39395.285,5.286,8.28
2024-03-27,39389.215,39810.251,39384.703,39753.787,39394.737,39812.797,39390.001,39759.237,5.45,9.66
2024-03-28,39752.703,39869.251,39716.003,39796.287,39758.273,39871.785,39719.785,39798.713,2.426,8.93
2024-04-01,39978.299,39979.703,39398.275,39424.299,39983.725,39985.261,39403.737,39429.737,5.438,10.06
2024-04-02,39423.787,39465.075,39036.299,39162.627,39429.297,39469.061,39038.737,39168.149,5.522,11.33
2024-04-03,39161.187,39312.199,39014.399,39187.447,39166.625,39314.685,39016.601,39190.701,3.254,11.66
2024-04-04,39187.675,39424.587,38555.203,38610.227,39191.153,39426.801,38557.501,38615.713,5.486,12.94
2024-04-05,38609.263,39052.763,38550.227,38898.739,38614.785,39055.237,38555.713,38901.213,2.474,17.39
2024-04-08,38966.715,39012.999,38799.515,38908.815,38972.225,39015.261,38803.573,38914.397,5.582,12.71
2024-04-09,38908.815,38991.887,38562.887,38911.227,38913.875,38994.301,38565.101,38916.713,5.486,14.63
2024-04-10,38910.787,39035.003,38299.739,38394.299,38916.001,39039.013,38302.001,38399.501,5.202,18.54
2024-04-11,38395.275,38601.287,38198.227,38495.275,38399.775,38603.737,38200.725,38500.713,5.438,12.3
2024-04-12,38495.775,38562.087,37872.275,37993.275,38500.763,38566.037,37874.501,37995.785,2.51,6.77
2024-04-15,38072.787,38382.227,37657.215,37743.787,38077.703,38384.797,37659.713,37749.297,5.51,8.81
2024-04-16,37744.203,38033.563,37591.999,37908.287,37749.797,38037.525,37597.261,37913.737,5.45,10.2
2024-04-17,37908.727,38018.251,37606.263,37771.151,37914.237,38020.737,37608.797,37776.401,5.25,9.95
2024-04-18,37771.603,38088.499,37671.999,37717.715,37776.675,38090.797,37674.003,37723.297,5.582,9.08
2024-04-19,37718.275,38112.775,37233.275,37983.787,37723.275,38115.213,37238.713,37986.261,2.474,11.35
2024-04-22,38099.763,38455.251,37982.215,38256.499,38105.285,38457.701,37984.501,38261.773,5.274,8.34
2024-04-23,38256.775,38565.263,38219.715,38511.275,38262.261,38567.785,38225.237,38516.785,5.51,7.39
2024-04-24,38510.715,38577.763,38302.287,38383.251,38516.201,38583.237,38304.725,38388.725,5.474,8.35
2024-04-25,38383.775,38434.251,37751.787,38117.287,38389.249,38439.785,37754.213,38122.761,5.474,8.61
2024-04-26,38115.203,38337.787,38047.075,38245.787,38120.737,38340.201,38051.037,38248.273,2.486,7.08
2024-04-29,38338.787,38407.499,38207.715,38358.775,38344.237,38409.725,38210.213,38364.285,5.51,5.78
2024-04-30,38359.299,38390.799,37752.751,37806.775,38364.797,38394.585,37755.273,37812.273,5.498,7.32
2024-05-01,37806.227,38360.227,37700.075,38025.251,37811.713,38362.713,37704.073,38030.701,5.45,7.47
2024-05-02,38026.251,38539.999,37889.275,38459.215,38031.785,38545.225,37891.773,38464.501,5.286,8.15
2024-05-03,38459.799,38806.999,38433.015,38721.563,38465.285,38809.297,38437.061,38724.085,2.522,7.0
2024-05-06,38721.351,38877.099,38684.403,38850.799,38726.303,38879.385,38686.973,38856.049,5.25,4.16
2024-05-07,38850.063,38978.739,38832.763,38879.287,38855.525,38981.237,38835.249,38884.761,5.474,4.36
2024-05-08,38880.275,39096.499,38797.075,39056.775,38885.785,39098.773,38801.049,39062.201,5.426,4.76
2024-05-09,39057.727,39459.499,38950.039,39443.927,39063.225,39464.925,38954.001,39449.461,5.534,5.05
2024-05-10,39444.963,39577.999,39398.203,39496.203,39450.401,39580.249,39400.761,39498.737,2.534,2.85
2024-05-13,39504.203,39652.763,39396.239,39450.215,39509.761,39655.285,39398.737,39455.797,5.582,4.54
2024-05-14,39451.287,39616.039,39292.087,39569.303,39456.501,39618.573,39296.001,39574.861,5.558,5.54
2024-05-15,39569.887,39947.263,39532.103,39939.227,39574.603,39952.785,39536.113,39944.701,5.474,4.97
2024-05-16,39939.999,40052.199,39850.751,39879.787,39944.715,40054.413,39853.249,39885.201,5.414,5.04
2024-05-17,39880.299,40014.287,39819.087,39995.739,39885.701,40016.701,39823.049,39998.001,2.262,4.44
2024-05-20,40045.851,40081.499,39783.287,39792.715,40051.101,40083.713,39788.761,39798.297,5.582,4.16
2024-05-21,39791.751,39908.227,39777.263,39893.727,39797.001,39910.773,39779.725,39899.213,5.486,3.85
2024-05-22,39891.751,39908.215,39550.999,39630.387,39897.001,39913.737,39553.261,39635.897,5.51,5.0
2024-05-23,39630.827,39783.675,39017.275,39054.239,39636.349,39787.685,39019.797,39059.749,5.51,7.67
2024-05-24,39052.499,39221.263,39014.299,39056.703,39057.785,39223.501,39016.701,39059.297,2.594,4.51
2024-05-27,39031.799,39129.263,39006.763,39094.227,39037.201,39134.773,39012.213,39099.785,5.558,1.1
2024-05-28,39094.739,39133.087,38696.227,38790.263,39100.249,39137.085,38698.501,38795.737,5.474,6.22
2024-05-29,38791.239,38803.287,38147.215,38180.203,38796.701,38808.785,38152.725,38185.749,5.546,5.94
2024-05-30,38180.775,38203.275,38004.287,38066.375,38186.237,38205.501,38006.501,38071.885,5.51,6.62
2024-05-31,38066.839,38768.215,38030.115,38714.715,38072.349,38770.785,38034.125,38717.001,2.286,8.14
2024-06-03,38746.787,38821.751,38240.063,38550.299,38752.273,38827.285,38242.513,38555.749,5.45,8.55
2024-06-04,38550.715,38789.787,38334.799,38766.299,38556.225,38792.285,38338.597,38771.797,5.498,7.42
2024-06-05,38765.787,38848.999,38547.703,38815.203,38771.261,38851.273,38550.249,38820.713,5.51,6.01
2024-06-06,38814.299,39008.775,38726.603,38929.851,38819.761,39011.249,38729.125,38935.325,5.474,5.82
2024-06-07,38930.351,39112.899,38651.627,38785.375,38935.849,39115.397,38655.661,38787.837,2.462,8.31
2024-06-10,38789.903,38882.999,38656.903,38818.987,38795.425,38885.425,38659.485,38824.461,5.474,6.68
2024-06-11,38818.451,38874.415,38433.951,38728.499,38823.701,38879.997,38436.449,38733.785,5.286,7.13
2024-06-12,38727.799,39148.087,38613.703,38692.499,38733.201,39152.037,38616.213,38697.701,5.202,8.46
2024-06-13,38690.999,38724.799,38403.727,38622.563,38696.273,38728.525,38406.001,38628.049,5.486,7.3
2024-06-14,38622.597,38648.003,38280.887,38554.239,38624.049,38653.561,38284.885,38556.749,2.51,8.19
2024-06-17,38557.227,38851.499,38419.499,38840.739,38562.299,38856.761,38421.797,38846.237,5.498,7.75
2024-06-18,38841.763,38943.999,38724.227,38837.727,38847.261,38946.261,38726.501,38843.201,5.474,6.44
2024-06-19,38838.287,38841.787,38749.775,38776.215,38843.501,38847.261,38755.285,38781.785,5.57,1.37
2024-06-20,38775.787,39236.727,38759.715,39144.727,38781.273,39239.001,38762.001,39150.297,5.57,7.66
2024-06-21,39143.727,39259.999,39040.515,39170.999,39149.249,39262.001,39044.513,39173.225,2.226,7.39
2024-06-24,39156.763,39573.239,39046.751,39454.227,39162.001,39575.761,39052.273,39459.501,5.274,6.55
2024-06-25,39453.715,39502.499,38989.275,39081.251,39459.237,39507.797,38991.501,39086.749,5.498,6.29
2024-06-26,39081.227,39184.799,38910.739,39045.839,39086.761,39187.097,38913.297,39051.373,5.534,6.41
2024-06-27,39044.839,39250.375,38989.387,39147.739,39050.373,39252.801,38994.813,39153.001,5.262,6.78
2024-06-28,39152.275,39446.287,38929.251,39163.775,39153.263,39448.785,38931.701,39166.261,2.486,7.07
2024-07-01,39141.799,39441.715,39028.727,39130.775,39147.285,39444.297,39031.225,39136.001,5.226,7.25
2024-07-02,39131.203,39340.751,38991.027,39303.715,39136.251,39343.261,38995.001,39309.237,5.522,6.29
2024-07-03,39304.751,39420.203,39226.227,39316.215,39310.237,39422.785,39228.773,39321.725,5.51,4.64
2024-07-04,39315.799,39437.551,39279.275,39308.739,39321.249,39441.513,39284.785,39314.249,5.51,1.2
2024-07-05,39311.715,39399.287,39157.203,39354.263,39314.215,39401.749,39159.713,39356.701,2.438,6.2
2024-07-08,39303.299,39677.499,39266.775,39389.075,39308.713,39679.797,39272.001,39394.537,5.462,5.97
2024-07-09,39390.299,39501.275,39140.215,39278.099,39395.537,39503.725,39142.701,39283.501,5.402,6.18
2024-07-10,39277.527,39738.075,39249.015,39696.051,39283.037,39740.561,39254.301,39701.501,5.45,6.2
2024-07-11,39694.039,39874.275,39616.003,39806.251,39699.537,39876.761,39618.525,39811.749,5.498,8.29
2024-07-12,39806.213,40258.799,39715.563,40022.299,39807.201,40261.225,39719.537,40024.749,2.45,7.37
2024-07-15,40055.751,40350.799,40032.251,40280.227,40061.285,40353.273,40037.713,40285.773,5.546,7.47
2024-07-16,40280.715,40988.399,40161.515,40958.351,40286.225,40991.801,40165.501,40963.601,5.25,7.26
2024-07-17,40958.349,41264.239,40789.687,41258.763,40963.349,41269.713,40793.613,41264.237,5.474,8.74
2024-07-18,41256.203,41380.799,40592.215,40704.627,41261.501,41383.225,40594.737,40710.137,5.51,9.81
2024-07-19,40705.663,40720.187,40200.301,40235.201,40711.137,40725.673,40202.499,40238.775,3.574,10.34
2024-07-22,40383.263,40473.499,40218.739,40406.203,40388.725,40475.701,40221.237,40411.701,5.498,8.04
2024-07-23,40404.999,40527.999,40252.263,40259.287,40410.213,40530.261,40257.725,40264.501,5.214,7.06
2024-07-24,40261.751,40302.703,39799.999,39945.203,40267.249,40308.225,39802.201,39950.725,5.522,8.32
2024-07-25,39944.763,40438.251,39806.003,40040.251,39950.297,40440.797,39810.025,40045.749,5.498,9.08
2024-07-26,40039.727,40762.763,40033.263,40625.727,40045.285,40765.261,40038.725,40628.201,2.474,8.17
2024-07-29,40693.203,40820.015,40386.763,40467.227,40698.773,40824.025,40389.001,40472.737,5.51,8.75
2024-07-30,40464.287,40870.739,40425.763,40576.999,40469.797,40873.273,40431.285,40582.249,5.25,10.36
2024-07-31,40576.239,41204.239,40547.727,40910.275,40581.773,41206.773,40553.213,40915.501,5.226,8.56
2024-08-01,40912.299,41086.751,40092.763,40224.299,40917.761,41089.299,40095.213,40229.725,5.426,10.8
2024-08-02,40219.203,40247.275,39353.239,39667.999,40224.785,40252.701,39355.773,39670.001,2.002,11.57
2024-08-05,39485.775,39522.203,38386.099,38956.727,39491.273,39527.737,38390.001,38962.213,5.486,14.66
2024-08-06,38962.263,39458.775,38618.751,38908.199,38967.701,39461.001,38621.285,38913.473,5.274,12.41
2024-08-07,38908.427,39481.451,38556.727,38669.239,38913.925,39483.937,38562.237,38674.773,5.534,11.62
2024-08-08,38672.727,39532.087,38595.527,39492.087,38678.001,39537.301,38599.585,39497.561,5.474,10.12
2024-08-09,39492.299,39635.727,39228.027,39495.499,39497.015,39638.249,39230.587,39497.773,2.274,8.27
2024-08-12,39482.203,39609.527,39241.739,39378.751,39487.785,39613.549,39244.285,39384.297,5.546,6.82
2024-08-13,39379.787,39798.215,39223.087,39753.275,39385.213,39800.737,39227.037,39758.713,5.438,7.22
2024-08-14,39755.287,40070.763,39669.539,40009.739,39760.797,40073.201,39673.513,40015.285,5.546,8.27
2024-08-15,40010.299,40630.287,39998.099,40614.263,40015.773,40635.761,40002.049,40619.785,5.522,6.51
2024-08-16,40613.287,40726.287,40422.515,40689.739,40618.501,40728.737,40426.501,40692.213,2.474,6.31
2024-08-19,40712.203,40917.275,40607.215,40880.227,40717.773,40919.713,40612.797,40885.737,5.51,6.0
2024-08-20,40882.263,40956.015,40752.775,40860.251,40887.725,40959.801,40755.273,40865.797,5.546,6.43
2024-08-21,40859.227,40982.251,40737.203,40918.203,40864.713,40984.725,40739.501,40923.749,5.546,7.34
2024-08-22,40916.227,41027.787,40574.999,40788.239,40921.797,41030.297,40577.237,40793.773,5.534,8.37
2024-08-23,40792.739,41212.239,40770.703,41162.775,40798.237,41214.737,40776.261,41165.273,2.498,7.49
2024-08-26,41156.999,41425.763,41132.727,41217.303,41162.201,41428.297,41135.261,41222.885,5.582,6.68
2024-08-27,41218.339,41293.603,41086.163,41233.863,41223.837,41297.601,41089.901,41239.385,5.522,6.18
2024-08-28,41232.863,41356.851,40831.727,41085.499,41238.313,41359.373,40834.237,41090.737,5.238,6.98
2024-08-29,41085.739,41581.263,41079.499,41329.187,41091.213,41583.761,41082.761,41334.613,5.426,7.64
2024-08-30,41328.699,41581.675,41136.115,41505.163,41334.161,41584.149,41138.601,41507.401,2.238,6.58
2024-09-02,41534.899,41562.627,41420.699,41486.775,41540.137,41568.149,41424.437,41492.273,5.498,1.5
2024-09-03,41489.299,41523.799,40776.203,40909.703,41494.725,41527.525,40778.701,40915.297,5.594,8.08
2024-09-04,40910.239,41174.787,40765.715,40926.499,40915.773,41177.237,40771.237,40931.773,5.274,8.11
2024-09-05,40922.263,41084.751,40511.703,40805.275,40927.749,41087.297,40514.285,40810.725,5.45,7.81
2024-09-06,40800.799,41012.739,40291.251,40319.999,40806.225,41015.297,40293.761,40322.297,2.298,9.9
2024-09-09,40352.799,41003.287,40352.799,40821.599,40358.285,41005.749,40358.285,40826.837,5.238,8.06
2024-09-10,40822.099,40930.175,40409.315,40715.875,40827.373,40931.601,40411.813,40721.325,5.45,7.23
2024-09-11,40717.875,40900.799,39989.863,40833.787,40723.313,40903.285,39992.325,40839.297,5.51,9.91
2024-09-12,40834.215,41159.049,40656.285,41142.597,40839.761,41164.549,40658.749,41148.085,5.488,13.8
2024-09-13,41145.561,41539.737,41111.013,41400.213,41151.037,41542.285,41116.337,41402.797,2.584,18.71
2024-09-16,41421.713,41744.239,41354.549,41600.225,41425.215,41746.749,41357.463,41605.713,5.488,13.32
2024-09-17,41601.237,41838.499,41458.775,41644.039,41606.737,41840.725,41461.201,41649.537,5.498,8.1
2024-09-18,41646.015,41994.563,41438.727,41696.227,41651.585,41997.097,41441.201,41701.761,5.534,8.01
2024-09-19,41697.499,42174.287,41564.739,42037.287,41702.785,42176.797,41570.237,42042.725,5.438,8.35
2024-09-20,42035.239,42145.275,41855.763,42007.799,42040.701,42147.797,41858.225,42010.213,2.414,6.87
2024-09-23,42082.715,42182.763,41942.539,42085.799,42088.213,42185.225,41946.561,42091.285,5.486,6.69
2024-09-24,42085.227,42288.751,42036.227,42172.227,42090.501,42291.285,42041.737,42177.701,5.474,6.27
2024-09-25,42173.739,42309.263,41843.787,41928.499,42177.799,42311.749,41846.201,41933.737,5.238,6.94
2024-09-26,41927.251,42240.299,41927.251,42192.275,41932.501,42245.737,41932.501,42197.797,5.522,6.27
2024-09-27,42194.251,42630.251,42133.099,42294.239,42197.739,42632.773,42137.049,42296.749,2.51,6.46
2024-09-30,42341.263,42362.251,41911.799,42273.251,42346.701,42367.773,41914.285,42278.737,5.486,6.77
2024-10-01,42272.715,42330.126,41934.287,42057.563,42278.249,42334.785,41936.737,42063.037,5.474,9.45
2024-10-02,42058.599,42264.799,41959.827,42232.527,42063.801,42270.001,41962.513,42238.025,5.498,6.6
2024-10-03,42232.299,42232.299,41841.299,41994.927,42237.513,42237.513,41843.585,42000.201,5.274,8.27
2024-10-04,41994.199,42359.475,41950.239,42353.199,41999.497,42361.937,41954.001,42355.401,2.202,7.81
2024-10-07,42368.951,42388.699,41798.903,41929.699,42374.201,42393.949,41804.425,41934.997,5.298,7.79
2024-10-08,41932.475,42130.963,41866.463,42067.439,41934.915,42133.473,41868.925,42072.925,5.486,5.77
2024-10-09,42068.199,42564.751,41962.275,42522.475,42073.473,42567.297,41966.249,42527.913,5.438,6.0
2024-10-10,42520.961,42544.927,42297.487,42514.427,42526.475,42550.437,42299.901,42519.961,5.534,5.85
2024-10-11,42515.987,42899.487,42391.739,42858.415,42521.413,42901.701,42395.737,42860.949,2.534,4.94
2024-10-14,42843.451,43152.963,42710.987,43141.463,42848.961,43158.401,42713.401,43146.997,5.534,4.29
2024-10-15,43142.463,43171.299,42698.751,42740.203,43147.973,43175.297,42701.273,42745.725,5.522,6.32
2024-10-16,42741.227,43103.763,42673.051,43041.203,42746.797,43106.285,42676.801,43046.785,5.582,4.99
2024-10-17,43038.715,43288.239,42992.239,43260.187,43044.297,43290.501,42997.737,43265.661,5.474,5.75
2024-10-18,43260.397,43329.127,43035.675,43281.115,43265.101,43331.613,43038.197,43283.637,2.522,4.6
2024-10-21,43312.703,43322.703,42865.203,42913.999,43318.249,43328.285,42867.749,42919.249,5.25,5.64
2024-10-22,42913.275,43049.227,42714.039,42821.799,42918.785,43051.501,42716.701,42827.261,5.462,5.36
2024-10-23,42820.775,42829.087,42290.175,42448.399,42826.001,42833.001,42292.649,42453.625,5.226,6.57
2024-10-24,42445.651,42525.439,42187.103,42402.615,42451.149,42529.449,42189.627,42408.139,5.524,5.83
2024-10-25,42403.675,42603.175,42045.199,42088.151,42409.199,42605.699,42047.675,42090.675,2.524,6.18
2024-10-28,42246.199,42480.175,42202.975,42380.639,42251.603,42482.687,42206.927,42386.151,5.512,6.09
2024-10-29,42383.675,42498.399,42159.615,42288.615,42389.103,42500.699,42162.199,42294.103,5.488,5.84
2024-10-30,42288.639,42466.127,42093.615,42136.603,42293.403,42468.687,42099.113,42142.103,5.5,6.73
2024-10-31,42136.175,42168.175,41699.899,41778.899,42141.651,42173.603,41702.197,41784.125,5.226,7.38
2024-11-01,41779.627,42331.199,41729.139,42077.115,41785.101,42333.673,41734.613,42079.673,2.558,7.55
2024-11-04,41932.651,42125.987,41638.139,41802.651,41938.137,42129.997,41640.401,41808.101,5.45,7.53
2024-11-05,41801.627,42309.627,41764.675,42275.175,41807.161,42315.113,41768.637,42280.637,5.462,6.26
2024-11-06,42274.627,43776.751,42270.615,43735.227,42280.161,43782.249,42276.173,43740.761,5.534,9.45
2024-11-07,43736.215,43849.587,43637.239,43794.827,43740.739,43853.561,43641.597,43800.399,5.572,7.11
2024-11-08,43794.303,44160.599,43704.603,44028.339,43799.827,44162.875,43708.627,44030.899,2.56,5.91
2024-11-11,44058.399,44493.315,44017.803,44262.015,44063.887,44495.803,44023.103,44267.551,5.536,5.39
2024-11-12,44262.025,44410.299,43866.287,43907.251,44263.573,44412.503,43871.739,43912.715,5.464,6.11
2024-11-13,43908.499,44140.263,43749.799,44008.227,43913.751,44142.727,43753.527,44013.799,5.572,6.53
2024-11-14,44009.703,44113.575,43675.727,43715.987,44015.275,44117.539,43700.001,43721.427,5.44,6.75
2024-11-15,43714.963,43715.951,43343.703,43458.251,43720.463,43721.487,43346.203,43460.763,2.512,7.85
2024-11-18,43410.499,43507.775,43252.015,43368.251,43415.763,43510.297,43255.801,43373.701,5.45,6.3
2024-11-19,43367.739,43481.251,42853.051,43324.203,43373.273,43486.713,42857.013,43329.501,5.298,8.04
2024-11-20,43326.227,43472.275,43048.715,43441.199,43331.701,43474.797,43051.001,43446.497,5.298,7.52
2024-11-21,43442.451,44027.799,43266.739,43856.227,43447.949,44030.285,43270.713,43861.749,5.522,8.24
2024-11-22,43855.499,44324.999,43709.039,44301.727,43860.797,44327.213,43713.037,44304.285,2.558,7.87
2024-11-25,44493.751,44811.763,44493.751,44624.263,44499.225,44814.285,44499.225,44629.773,5.51,7.36
2024-11-26,44621.715,44889.787,44422.239,44866.539,44627.249,44892.273,44424.701,44872.097,5.558,7.04
2024-11-27,44867.527,45006.087,44685.039,44772.503,44873.061,45008.585,44687.501,44778.061,5.558,5.51
2024-11-28,44773.551,44865.039,44718.799,44854.051,44779.025,44867.549,44724.073,44859.597,5.546,1.43
2024-11-29,44854.527,45075.799,44759.863,44944.715,44860.025,45078.285,44763.849,44947.237,2.522,4.19
2024-12-02,44897.263,45019.739,44705.727,44771.239,44902.761,45022.213,44708.213,44776.773,5.534,5.24
2024-12-03,44773.227,44873.715,44573.751,44817.275,44776.787,44876.297,44576.273,44822.725,5.45,4.96
2024-12-04,44816.275,45077.227,44771.075,44995.203,44821.701,45079.501,44775.061,45000.501,5.298,5.65
2024-12-05,44994.751,45057.587,44723.215,44769.751,45000.249,45061.597,44725.785,44775.285,5.534,5.69
2024-12-06,44770.499,44902.799,44590.715,44629.775,44775.725,44905.261,44593.225,44632.297,2.522,5.13
2024-12-09,44654.999,44732.739,44376.239,44392.799,44660.001,44735.225,44381.725,44398.237,5.438,6.17
2024-12-10,44391.751,44479.799,44190.215,44275.287,44397.225,44482.297,44192.749,44280.785,5.498,4.85
2024-12-11,44274.299,44365.799,44087.703,44097.263,44279.737,44369.561,44093.285,44102.501,5.238,5.34
2024-12-12,44087.787,44088.799,44051.799,44062.715,44093.249,44094.201,44057.273,44068.261,5.546,0.04
2024-12-13,43895.199,44047.951,43780.103,43799.087,43900.601,44051.973,43782.401,43801.537,2.45,6.61
2024-12-16,43844.751,43953.299,43648.287,43670.999,43850.237,43955.749,43653.501,43676.237,5.238,7.04
2024-12-17,43670.263,43732.727,43325.763,43440.203,43675.761,43738.285,43328.261,43445.785,5.582,6.98
2024-12-18,43440.751,43694.287,42157.751,42328.299,43446.273,43696.785,42160.237,42333.797,5.498,9.17
2024-12-19,42331.239,42763.227,42323.263,42325.999,42336.749,42765.725,42328.761,42331.001,5.002,11.21
2024-12-20,42327.775,43227.499,42055.003,42842.799,42333.273,43229.761,42058.801,42845.297,2.498,11.21
2024-12-23,42977.763,43019.263,42493.739,42905.227,42983.285,43024.773,42496.213,42910.773,5.546,7.63
2024-12-24,42906.263,43267.799,42823.299,43254.427,42911.797,43270.297,42825.761,43256.925,2.498,3.56
2024-12-25,43263.915,43287.963,43200.903,43241.987,43269.201,43293.497,43206.473,43247.401,5.414,0.05
2024-12-26,43241.415,43382.799,43052.263,43353.575,43246.997,43385.225,43056.297,43359.085,5.51,5.69
2024-12-27,43354.599,43354.599,42752.715,43011.763,43360.025,43360.025,42755.213,43014.213,2.45,7.69
2024-12-30,42973.203,42981.263,42254.703,42586.863,42978.773,42986.761,42257.225,42592.337,5.474,9.15
2024-12-31,42587.363,42769.815,42413.099,42566.375,42592.837,42772.337,42415.397,42568.873,2.498,9.04
2025-01-01,42637.303,42673.399,42515.399,42554.351,42642.861,42678.601,42520.861,42559.801,5.45,0.13
2025-01-02,42554.839,42935.627,42174.837,42386.101,42560.373,42939.685,42177.325,42391.661,5.56,20.14
2025-01-03,42386.173,42781.673,42377.173,42712.197,42391.137,42784.161,42382.649,42714.401,2.204,14.13
2025-01-06,42718.397,43121.601,42607.637,42728.397,42723.661,43124.113,42610.113,42733.625,5.228,16.5
2025-01-07,42727.673,42937.625,42379.613,42541.603,42733.125,42940.173,42382.149,42547.149,5.546,17.25
2025-01-08,42542.615,42670.999,42324.151,42576.749,42548.185,42674.937,42326.685,42582.285,5.536,14.24
2025-01-09,42580.251,42643.085,42452.997,42485.261,42582.215,42647.097,42458.273,42490.701,5.44,3.36
2025-01-10,42485.701,42652.597,41853.115,41911.675,42491.225,42656.549,41855.697,41914.173,2.498,15.78
2025-01-13,41942.625,42433.103,41737.487,42387.115,41946.601,42438.673,41741.461,42392.625,5.51,10.7
2025-01-14,42386.615,42582.115,42147.615,42569.639,42392.149,42587.649,42150.197,42575.185,5.546,9.43
2025-01-15,42569.399,43324.601,42523.163,43265.673,42574.637,43327.197,42528.613,43271.113,5.44,10.12
2025-01-16,43267.649,43330.485,43052.913,43148.251,43273.161,43334.485,43056.701,43153.725,5.474,12.23
2025-01-17,43147.251,43659.999,43130.239,43464.799,43152.761,43662.225,43135.501,43467.237,2.438,8.16
2025-01-20,43446.203,43800.484,43430.299,43750.375,43451.749,43802.516,43435.713,43755.873,5.498,3.76
2025-01-21,43750.361,44057.863,43290.327,44032.887,43755.325,44060.373,43295.801,44038.101,5.214,9.27
2025-01-22,44032.303,44207.599,44006.315,44134.851,44037.813,44209.885,44011.825,44140.325,5.474,4.85
2025-01-23,44135.315,44547.215,44106.603,44531.075,44140.849,44549.797,44110.601,44536.525,5.45,4.7
2025-01-24,44532.003,44572.063,44330.299,44368.087,44537.549,44577.513,44332.585,44370.301,2.214,5.12
2025-01-27,44329.063,44743.099,43821.839,44688.027,44334.597,44745.561,43825.873,44693.597,5.57,10.22
2025-01-28,44687.075,44982.299,44557.563,44805.799,44692.597,44984.537,44563.013,44811.049,5.25,7.79
2025-01-29,44807.515,44966.299,44576.503,44758.763,44813.001,44968.525,44579.001,44764.001,5.238,8.52
2025-01-30,44760.215,45013.287,44615.015,44943.775,44765.749,45015.701,44618.801,44949.001,5.226,7.76
2025-01-31,44944.775,45064.539,44501.275,44539.215,44949.239,45068.573,44503.725,44541.773,2.558,8.43
2025-02-03,44033.763,44681.787,43815.239,44602.227,44039.213,44687.249,43820.773,44607.797,5.57,12.34
2025-02-04,44601.763,44602.703,44209.215,44508.727,44607.001,44607.713,44214.713,44514.297,5.57,8.26
2025-02-05,44509.215,44911.275,44339.775,44907.999,44514.701,44916.737,44342.225,44913.225,5.226,6.41
2025-02-06,44908.275,45045.799,44532.287,44729.203,44913.737,45049.597,44534.761,44734.749,5.546,6.51
2025-02-07,44727.999,44851.703,44280.715,44319.275,44733.261,44854.249,44283.214,44321.714,2.439,8.76
2025-02-10,44353.499,44623.251,44297.227,44407.115,44358.762,44625.702,44299.701,44412.685,5.57,5.48
2025-02-11,44408.175,44642.198,44285.463,44605.675,44413.649,44644.661,44289.413,44611.101,5.426,5.48
2025-02-12,44605.127,44630.639,44086.615,44439.399,44610.601,44636.197,44089.173,44444.401,5.002,7.85
2025-02-13,44438.699,44770.163,44264.403,44715.951,44444.149,44772.697,44268.401,44721.497,5.546,7.11
2025-02-14,44716.403,44762.463,44492.463,44537.199,44721.985,44767.961,44494.701,44539.201,2.002,5.15
2025-02-17,44546.403,44666.199,44527.487,44620.939,44551.985,44668.437,44532.949,44626.485,5.546,1.0
2025-02-18,44620.475,44657.403,44310.463,44558.951,44625.901,44662.937,44312.701,44564.413,5.462,5.64
2025-02-19,44558.463,44631.403,44304.415,44572.639,44563.925,44633.973,44306.961,44578.197,5.558,5.47
2025-02-20,44572.199,44591.899,43944.127,44208.627,44577.685,44597.197,43946.637,44214.101,5.474,6.47
2025-02-21,44204.699,44255.439,43351.163,43423.663,44210.197,44259.449,43353.697,43426.173,2.51,7.96
2025-02-24,43545.151,43757.927,43343.187,43483.151,43550.685,43761.937,43345.649,43488.697,5.546,8.47
2025-02-25,43483.603,43767.739,43269.127,43697.215,43489.113,43770.213,43271.625,43702.701,5.486,9.84
2025-02-26,43696.727,43867.299,43263.287,43392.299,43702.249,43869.761,43265.501,43397.713,5.414,8.91
2025-02-27,43391.727,43890.763,43222.751,43268.215,43397.201,43893.225,43225.261,43273.797,5.582,10.23
2025-02-28,43265.775,43865.263,43089.751,43761.727,43271.201,43867.785,43092.201,43764.297,2.57,11.96
2025-03-03,43855.763,44041.239,42916.203,43224.703,43861.297,44043.785,42918.785,43230.285,5.582,12.01
2025-03-04,43226.763,43288.703,42349.263,42796.999,43232.249,43294.001,42351.749,42802.285,5.286,15.0
2025-03-05,42795.799,43131.787,42411.799,42991.215,42801.001,43134.297,42414.237,42996.713,5.498,13.9
2025-03-06,42990.275,43031.299,42374.799,42636.227,42995.501,43036.785,42377.238,42641.713,5.486,16.52
2025-03-07,42634.239,42900.751,42165.215,42798.227,42639.737,42903.249,42167.501,42800.797,2.57,17.17
2025-03-10,42546.999,42657.999,41609.215,41910.239,42552.297,42663.237,41611.713,41915.701,5.462,17.75
2025-03-11,41910.999,42072.599,41175.215,41520.115,41916.001,42076.561,41177.737,41525.673,5.558,19.49
2025-03-12,41522.651,41982.403,41000.163,41431.499,41528.149,41986.449,41002.637,41436.737,5.238,16.14
2025-03-13,41432.499,41448.263,40660.251,40964.751,41437.761,41453.773,40662.501,40970.297,5.546,16.94
2025-03-14,40965.287,41527.275,40915.751,41407.799,40970.749,41529.761,40918.237,41410.285,2.486,11.11
2025-03-17,41287.015,42014.999,41216.815,41857.787,41292.513,42017.285,41220.837,41863.001,5.214,11.19
2025-03-18,41855.275,41875.099,41410.999,41611.799,41860.701,41879.097,41413.225,41617.225,5.426,10.82
2025-03-19,41612.299,42187.215,41510.539,42057.999,41617.737,42189.737,41514.525,42063.297,5.298,9.77
2025-03-20,42058.239,42250.763,41677.527,41954.551,42063.773,42253.285,41681.513,41960.013,5.462,10.41
2025-03-21,41954.099,42014.615,41429.527,42003.127,41959.549,42017.113,41431.801,42005.625,2.498,10.83
2025-03-24,42197.615,42634.127,42181.151,42547.639,42203.149,42636.661,42186.661,42553.125,5.486,6.51
2025-03-25,42549.675,42695.103,42447.127,42604.663,42553.126,42697.613,42449.601,42610.185,5.522,6.61
2025-03-26,42603.899,42828.115,42263.602,42373.186,42609.137,42830.613,42269.137,42378.401,5.215,16.91
2025-03-27,42369.174,42563.962,42151.602,42291.714,42374.697,42567.925,42154.113,42297.213,5.499,24.82
2025-03-28,42291.214,42370.998,41497.098,41513.298,42296.749,42376.297,41499.525,41515.537,2.239,22.98
2025-03-31,41428.55,42147.563,41149.027,41916.063,41434.085,42150.001,41151.513,41921.573,5.51,17.96
2025-04-01,41915.599,42148.463,41509.475,42032.439,41921.049,42150.973,41511.973,42037.997,5.558,14.73
2025-04-02,42033.199,42536.487,41040.363,41218.875,42038.449,42538.925,41045.897,41224.385,5.51,14.5
2025-04-03,41215.599,41477.351,40350.715,40427.299,41220.837,41482.825,40356.213,40432.773,5.474,18.78
2025-04-04,40429.203,40500.263,38168.015,38255.575,40434.737,40505.785,38170.561,38258.085,2.51,22.99
2025-04-07,36961.515,39220.527,36602.539,38454.615,36967.025,39223.061,36605.001,38460.185,5.57,19.85
2025-04-08,38450.199,39445.899,37077.215,37277.787,38455.697,39448.173,37082.749,37283.225,5.438,22.5
2025-04-09,37278.263,40910.075,36696.739,40870.015,37283.773,40918.537,36702.001,40878.585,8.57,20.75
2025-04-10,40863.551,40896.099,38417.999,39423.715,40872.013,40904.561,38420.201,39429.213,5.498,24.42
2025-04-11,39422.215,40403.999,39006.227,40234.339,39427.773,40406.285,39011.501,40236.873,2.534,22.03
2025-04-14,40355.399,40781.999,39887.339,40424.263,40360.801,40784.225,39892.885,40429.797,5.534,16.03
2025-04-15,40422.715,40799.239,40136.215,40219.227,40428.249,40801.761,40141.713,40224.501,5.274,16.19
2025-04-16,40217.215,40507.299,39392.275,39690.227,40222.725,40511.001,39394.713,39695.701,5.474,16.8
2025-04-17,39690.703,40117.063,38957.799,39175.299,39696.297,40120.801,38960.273,39177.501,2.202,16.69
2025-04-21,38977.787,39032.799,37819.751,38264.499,38983.261,39038.285,37822.261,38269.737,5.238,13.2
2025-04-22,38265.715,39881.763,38246.215,39769.499,38271.201,39887.237,38251.737,39774.797,5.298,15.45
2025-04-23,39771.287,40381.775,39455.239,39572.715,39776.701,40384.297,39460.725,39578.285,5.57,16.62
2025-04-24,39573.787,40216.251,39239.015,40077.499,39579.285,40218.797,39242.801,40082.761,5.262,13.4
2025-04-25,40076.727,40215.999,39714.227,40128.251,40082.249,40221.001,39716.785,40130.501,2.25,14.02
2025-04-28,39982.239,40419.751,39868.715,40251.715,39987.713,40422.201,39871.001,40257.249,5.534,12.9
2025-04-29,40252.287,40636.799,40187.003,40513.727,40257.737,40639.237,40191.061,40519.201,5.474,13.35
2025-04-30,40514.787,40835.763,39740.227,40794.751,40520.213,40841.201,39742.761,40800.249,5.498,14.97
2025-05-01,40797.203,41099.999,40610.739,40718.763,40802.749,41102.285,40613.201,40724.213,5.45,13.58
2025-05-02,40722.763,41392.703,40696.751,41323.799,40728.225,41395.297,40702.261,41326.001,2.202,13.68
2025-05-05,41119.203,41450.775,40990.039,41208.739,41124.725,41453.297,40994.049,41214.273,5.534,10.77
2025-05-06,41209.287,41240.999,40745.999,41105.751,41214.737,41246.297,40748.201,41111.201,5.45,12.83
2025-05-07,41104.787,41279.227,40816.299,41072.703,41110.001,41281.797,40818.785,41078.297,5.594,14.17
2025-05-08,41073.763,41779.703,41041.203,41322.763,41079.237,41782.249,41046.713,41328.297,5.534,13.0
2025-05-09,41323.999,41523.099,41143.275,41249.715,41329.285,41527.049,41145.713,41252.285,2.57,12.2
2025-05-12,41647.999,42471.215,41634.751,42354.203,41653.225,42473.773,41640.213,42359.761,5.558,12.78
2025-05-13,42353.227,42386.287,42112.775,42176.251,42358.701,42388.785,42115.237,42181.725,5.474,11.27
2025-05-14,42175.227,42257.727,41813.439,41844.403,42180.773,42260.213,41818.913,41849.913,5.51,11.5
2025-05-15,41843.999,42354.939,41758.227,42323.475,41849.437,42360.485,41762.213,42328.985,5.51,11.38
2025-05-16,42324.699,42668.475,42237.903,42617.939,42329.913,42670.913,42240.437,42620.425,2.486,8.97
2025-05-19,42382.063,42874.075,42237.887,42843.003,42387.501,42879.501,42241.861,42848.561,5.558,11.08
2025-05-20,42842.051,42862.575,42479.015,42639.075,42847.537,42868.073,42481.301,42644.597,5.522,10.02
2025-05-21,42636.539,42654.051,41753.299,41832.563,42642.085,42659.537,41758.549,41838.097,5.534,13.53
2025-05-22,41833.563,42093.563,41614.899,41872.715,41839.037,42096.001,41618.825,41878.237,5.522,12.99
2025-05-23,41875.703,41954.587,41163.027,41566.287,41881.237,41958.561,41167.001,41568.785,2.498,14.01
2025-05-26,41898.227,42110.003,41872.799,41997.951,41903.701,42114.025,41878.297,42003.437,5.486,3.21
2025-05-27,41996.939,42408.439,41885.415,42373.415,42002.401,42413.985,41887.997,42378.925,5.51,8.9
2025-05-28,42371.939,42643.963,42040.999,42596.939,42377.401,42649.413,42043.461,42602.485,5.546,10.45
2025-05-29,42598.463,42715.699,41811.951,42127.715,42603.949,42720.901,41814.461,42133.273,5.558,13.7
2025-05-30,42126.799,42378.715,41893.203,42242.751,42132.225,42381.201,41895.773,42245.201,2.45,13.23
2025-06-02,42116.199,42344.987,41835.951,42225.487,42121.413,42347.497,41838.461,42230.961,5.474,11.57
2025-06-03,42226.403,42573.915,42053.763,42557.463,42231.901,42579.449,42057.761,42562.701,5.238,9.04
2025-06-04,42557.903,42648.499,42388.403,42396.915,42563.497,42650.997,42393.901,42402.461,5.546,9.27
2025-06-05,42397.403,42666.799,42201.975,42378.999,42402.973,42670.749,42204.449,42384.425,5.426,12.29
2025-06-06,42377.939,42929.499,42377.939,42773.487,42383.401,42931.997,42383.401,42775.961,2.474,10.19
2025-06-09,42748.915,42897.939,42559.403,42773.287,42754.485,42900.413,42561.901,42778.797,5.51,7.37
2025-06-10,42772.799,42928.775,42635.003,42852.499,42778.213,42931.249,42639.013,42857.761,5.262,9.36
2025-06-11,42851.499,43122.999,42720.087,42811.227,42856.797,43125.297,42724.049,42816.501,5.274,11.36
2025-06-12,42811.799,42969.499,42557.075,42752.039,42817.285,42971.749,42561.001,42757.597,5.558,9.96
2025-06-13,42757.599,42757.599,42074.039,42217.051,42763.073,42763.073,42076.585,42219.597,2.546,16.13
2025-06-16,42208.775,42712.215,42181.703,42272.787,42214.201,42714.737,42187.285,42278.261,5.474,11.87
2025-06-17,42274.715,42538.799,42073.527,42108.087,42280.201,42541.273,42079.049,42113.549,5.462,12.58
2025-06-18,42109.039,42518.575,42106.075,42162.539,42114.513,42521.073,42110.597,42168.001,5.462,11.74
2025-06-19,42163.575,42166.575,41752.599,42030.099,42168.801,42172.061,41755.085,42035.301,5.202,4.84
2025-06-20,42029.063,42437.027,41973.003,42215.515,42034.525,42439.597,41978.501,42218.085,2.57,12.96
2025-06-23,42071.099,42793.699,41967.587,42767.963,42076.513,42798.937,41970.013,42773.485,5.522,13.21
2025-06-24,42768.987,43185.415,42739.403,43090.699,42774.401,43187.901,42744.961,43095.973,5.274,9.4
2025-06-25,43092.475,43140.499,42860.927,43002.199,43097.701,43145.997,42863.497,43007.401,5.202,8.43
2025-06-26,43001.451,43512.463,42975.975,43459.403,43006.913,43517.997,42981.473,43464.925,5.522,7.4
2025-06-27,43460.915,43968.451,43446.499,43790.987,43466.497,43970.925,43451.997,43793.401,2.414,9.17
2025-06-30,44002.699,44133.915,43876.415,44076.475,44007.913,44136.449,43878.997,44081.997,5.522,8.36
2025-07-01,44077.403,44611.939,43982.499,44514.439,44082.901,44614.461,43986.237,44519.701,5.262,10.26
2025-07-02,44516.927,44654.499,44336.903,44505.739,44522.449,44658.901,44339.485,44511.249,5.51,8.88
2025-07-03,44506.263,44880.287,44444.215,44757.263,44511.797,44882.773,44449.501,44762.501,5.238,5.38
2025-07-04,44756.203,44772.215,44508.087,44562.727,44761.773,44777.725,44512.025,44565.273,2.546,2.84
2025-07-07,44686.775,44855.087,44149.251,44325.215,44692.001,44859.073,44151.501,44330.713,5.498,11.0
2025-07-08,44325.739,44441.799,44199.263,44218.215,44331.273,44445.585,44201.737,44223.761,5.546,10.18
2025-07-09,44217.999,44557.275,44155.215,44433.999,44223.201,44559.797,44160.713,44439.273,5.274,9.15
2025-07-10,44433.251,44775.751,44299.563,44685.763,44438.737,44778.273,44303.573,44691.237,5.474,7.66
2025-07-11,44685.299,44686.499,44259.775,44330.739,44690.737,44691.749,44262.213,44333.249,2.51,10.21
2025-07-14,44197.727,44471.299,44084.215,44416.799,44203.001,44473.725,44089.701,44422.297,5.498,8.12
2025-07-15,44416.251,44596.999,43894.799,43946.751,44421.797,44602.225,43900.261,43952.297,5.546,10.74
2025-07-16,43946.251,44254.799,43753.215,44165.215,43951.749,44257.285,43755.773,44170.501,5.286,10.79
2025-07-17,44164.215,44601.799,44131.503,44594.499,44169.785,44607.261,44135.513,44599.701,5.202,8.47
2025-07-18,44594.727,44649.027,44217.299,44313.227,44600.297,44653.073,44219.749,44315.501,2.274,8.49
2025-07-21,44388.851,44601.315,44311.351,44383.827,44394.349,44603.837,44313.813,44389.325,5.498,7.15
2025-07-22,44382.363,44644.815,44216.399,44624.099,44387.813,44650.349,44220.113,44629.337,5.238,9.05
2025-07-23,44624.839,45027.351,44539.803,44909.899,44630.337,45029.801,44545.301,44915.397,5.498,9.43
2025-07-24,44908.803,44930.603,44664.699,44791.899,44914.373,44934.673,44668.373,44797.313,5.414,8.82
2025-07-25,44792.827,44936.863,44638.399,44876.875,44798.385,44939.101,44640.885,44879.325,2.45,7.3
2025-07-28,45043.803,45126.899,44736.099,44850.839,45049.313,45132.397,44738.313,44856.397,5.558,7.18
2025-07-29,44851.363,44948.675,44562.899,44627.827,44856.861,44952.673,44565.325,44633.301,5.474,8.77
2025-07-30,44627.599,44743.387,44255.875,44541.815,44632.813,44745.601,44258.301,44547.301,5.486,9.98
2025-07-31,44542.599,44694.615,44047.599,44113.575,44547.825,44698.649,44049.825,44119.085,5.51,12.48
2025-08-01,44110.551,44158.551,43330.599,43599.575,44116.037,44164.097,43333.025,43602.037,2.462,15.75
2025-08-04,43614.563,44258.099,43604.003,44219.087,43620.013,44263.525,43609.537,44224.597,5.51,10.37
2025-08-05,44218.599,44307.027,43918.599,44105.275,44224.013,44312.597,43921.001,44110.797,5.522,11.43
2025-08-06,44104.739,44366.027,44008.739,44225.299,44110.201,44370.001,44011.285,44230.749,5.45,10.73
2025-08-07,44226.299,44502.787,43796.203,44046.927,44231.725,44505.285,43798.713,44052.437,5.51,12.99
2025-08-08,44047.487,44281.963,43984.499,44239.915,44052.937,44284.497,43989.913,44242.449,2.534,9.6
2025-08-11,44210.063,44312.339,43909.515,43971.915,44215.301,44317.025,43912.049,43977.401,5.486,9.54
2025-08-12,43970.987,44499.951,43948.203,44479.939,43976.449,44502.449,43952.297,44485.485,5.546,5.39
2025-08-13,44477.415,44970.463,44406.987,44935.415,44482.925,44972.913,44412.461,44940.985,5.57,8.99
2025-08-14,44936.927,45096.151,44678.699,45065.699,44942.461,45101.661,44680.961,45071.185,5.486,9.88
2025-08-15,45066.187,45280.687,44895.175,44931.239,45071.637,45286.173,44897.661,44933.773,2.534,9.49
2025-08-18,45014.775,45035.999,44820.799,44922.839,45020.285,45041.225,44824.501,44928.349,5.51,8.35
2025-08-19,44923.303,45206.351,44783.675,44927.815,44928.897,45208.849,44787.637,44933.325,5.51,9.36
2025-08-20,44928.851,45044.387,44752.863,44899.527,44934.385,45046.873,44755.373,44905.001,5.474,11.77
2025-08-21,44900.051,44949.075,44570.575,44852.175,44905.501,44954.561,44573.061,44857.637,5.462,4.86
2025-08-22,44850.127,45761.727,44674.127,45652.775,44855.685,45764.249,44679.649,45655.001,2.226,5.59
2025-08-25,45638.939,45654.699,45263.903,45325.615,45644.413,45659.985,45266.201,45331.137,5.522,7.82
2025-08-26,45325.399,45462.603,45108.439,45433.639,45330.625,45468.161,45112.449,45439.101,5.462,9.56
2025-08-27,45434.675,45627.127,45376.699,45554.163,45440.137,45629.637,45380.461,45559.697,5.534,7.02
2025-08-28,45552.675,45735.475,45436.127,45582.251,45558.125,45739.485,45438.637,45587.501,5.25,9.74
2025-08-29,45581.751,45621.199,45368.203,45560.797,45587.225,45623.085,45370.397,45562.919,2.122,5.23
2025-09-01,45647.551,45687.587,45467.963,45504.599,45651.485,45690.497,45470.085,45508.201,3.602,1.21
2025-09-02,45505.563,45563.799,44932.987,45206.799,45508.485,45566.473,44935.097,45209.425,2.626,6.66
2025-09-03,45204.527,45317.951,44976.165,45165.539,45208.413,45320.037,44978.051,45169.425,3.886,5.75
2025-09-04,45164.575,45642.527,45157.503,45629.587,45168.437,45645.401,45160.449,45633.461,3.874,4.53
2025-09-05,45629.575,45773.451,45199.699,45390.913,45632.473,45775.301,45201.513,45393.047,2.134,6.93
2025-09-08,45496.799,45597.587,45273.415,45570.515,45500.473,45602.461,45275.561,45574.425,3.91,4.75
2025-09-09,45571.799,45768.029,45430.779,45615.087,45574.201,45769.947,45432.865,45618.913,3.826,4.89
2025-09-10,45615.039,45792.939,45375.345,45535.503,45617.961,45801.961,45377.515,45538.461,2.958,5.56
2025-09-11,45533.575,46141.799,45484.503,46124.539,45537.425,46148.449,45487.401,46127.497,2.958,5.24
2025-09-12,46124.475,46141.451,45812.833,45829.177,46126.597,46143.537,45814.931,45831.347,2.17,4.03
2025-09-15,45829.575,45975.967,45768.513,45882.699,45836.425,45978.077,45770.953,45884.525,1.826,4.52
2025-09-16,45883.427,45964.889,45663.233,45802.551,45885.537,45966.999,45665.343,45805.425,2.874,4.23
2025-09-17,45801.527,46273.517,45680.945,46140.675,45804.201,46275.651,45683.103,46143.597,2.922,6.59
2025-09-18,46140.639,46365.299,45942.003,46234.551,46144.585,46367.197,45944.125,46237.497,2.946,5.71
2025-09-19,46236.539,46391.999,46047.415,46297.927,46239.473,46394.073,46049.501,46300.073,2.146,5.03
2025-09-22,46237.587,46446.587,46024.403,46387.439,46240.437,46448.673,46026.537,46389.501,2.062,4.22
2025-09-23,46388.575,46720.903,46218.957,46326.527,46391.437,46723.025,46221.115,46329.425,2.898,5.25
2025-09-24,46325.527,46459.415,46093.729,46171.515,46328.201,46461.561,46095.579,46174.497,2.982,4.96
2025-09-25,46171.587,46222.587,45784.693,45958.503,46175.401,46225.473,45786.863,45962.449,3.946,6.3
2025-09-26,45957.539,46359.487,45929.539,46277.617,45960.425,46363.449,45932.437,46279.691,2.074,5.56
2025-09-29,46303.251,46483.987,46143.037,46312.503,46308.737,46486.073,46145.099,46315.437,2.934,5.22
2025-09-30,46312.487,46428.463,46101.415,46343.403,46314.525,46430.525,46103.513,46345.549,2.146,5.54
2025-10-01,46343.599,46536.699,46051.427,46433.551,46346.461,46539.937,46053.573,46436.401,2.85,5.06
2025-10-02,46433.515,46596.199,46272.951,46550.515,46437.461,46598.013,46275.037,46553.461,2.946,4.18
2025-10-03,46543.503,47053.415,46526.503,46752.963,46547.497,47055.585,46529.201,46755.049,2.086,4.48
2025-10-06,46845.415,46887.903,46422.463,46626.999,46847.549,46890.001,46424.501,46629.049,2.05,3.94
2025-10-07,46626.199,46876.903,46439.415,46585.975,46628.085,46878.801,46441.585,46588.061,2.086,4.74
2025-10-08,46589.963,46825.987,46501.951,46652.199,46591.801,46828.013,46504.061,46654.049,1.85,3.66
2025-10-09,46649.915,46684.699,46265.963,46424.487,46652.097,46686.585,46268.025,46426.549,2.062,4.53
2025-10-10,46423.999,46645.999,45435.499,45544.975,46426.085,46648.097,45437.513,45547.049,2.074,7.35
2025-10-13,45833.927,46163.487,45782.539,46095.699,45836.049,46165.549,45784.561,46097.513,1.814,6.49
2025-10-14,46095.951,46526.999,45444.427,46303.199,46098.073,46529.013,45446.597,46305.073,1.874,7.63
2025-10-15,46301.987,46700.963,46019.987,46307.987,46304.085,46703.073,46021.801,46310.049,2.062,7.19
2025-10-16,46307.487,46489.475,45780.951,45900.987,46309.501,46491.301,45783.073,45903.025,2.038,8.51
2025-10-17,45899.987,46324.199,45412.939,46239.499,45902.061,46326.073,45415.097,46241.585,2.086,8.25
2025-10-20,46189.963,46766.963,46117.915,46722.463,46192.049,46769.049,46120.085,46724.301,1.838,4.42
2025-10-21,46722.951,47133.451,46616.903,46915.999,46725.025,47135.573,46619.001,46918.073,2.074,4.85
2025-10-22,46917.951,47002.915,46450.915,46480.915,46920.037,47005.037,46453.001,46483.025,2.11,6.58
2025-10-23,46478.199,46803.201,46415.915,46736.475,46480.037,46805.323,46418.073,46738.585,2.11,5.05
2025-10-24,46738.927,47324.499,46711.915,47209.939,46741.049,47326.561,46714.073,47212.085,2.146,3.73
2025-10-27,47476.927,47589.587,47367.463,47546.539,47479.073,47591.649,47369.597,47548.637,2.098,2.94
2025-10-28,47545.539,47940.699,47514.003,47682.625,47547.697,47942.573,47516.197,47684.451,1.826,3.79
2025-10-29,47684.349,48044.939,47447.439,47596.939,47686.187,48047.049,47449.525,47599.097,2.158,4.78
2025-10-30,47598.963,48018.999,47388.951,47591.475,47601.085,48021.013,47390.801,47593.549,2.074,6.02
2025-10-31,47590.403,47718.439,47344.987,47556.951,47592.301,47720.513,47347.061,47559.049,2.098,4.87
2025-11-03,47684.915,47729.699,47128.463,47290.127,47687.061,47731.597,47130.561,47297.097,6.97,4.12
2025-11-04,47290.139,47296.587,46847.575,47146.699,47296.013,47298.649,46849.601,47148.597,1.898,6.11
2025-11-05,47145.299,47458.147,46948.915,47377.499,47150.961,47460.021,46951.097,47379.525,2.026,5.1
2025-11-06,47378.199,47383.927,46787.69,47025.563,47380.097,47386.001,46787.795,47032.497,6.934,6.49
2025-11-07,47024.503,47061.439,46490.281,47030.949,47031.401,47063.537,46492.341,47033.071,2.122,7.66
2025-11-10,47119.939,47409.863,46940.043,47399.915,47122.073,47411.925,46942.225,47402.001,2.086,4.3
2025-11-11,47399.415,47974.943,47316.915,47928.451,47401.301,47977.041,47319.049,47930.537,2.086,4.08
2025-11-12,47930.999,48423.487,47920.987,48232.475,47932.801,48425.585,47923.037,48234.513,2.038,4.4
2025-11-13,48232.915,48402.439,47410.217,47515.463,48235.061,48404.501,47412.291,47517.301,1.838,7.24
2025-11-14,47514.903,47551.939,46849.903,47169.243,47517.013,47554.085,46852.049,47171.341,2.098,8.2
2025-11-17,47137.987,47290.475,46424.479,46637.927,47140.073,47292.561,46426.481,46639.801,1.874,6.97
2025-11-18,46639.499,46674.999,45912.075,46151.999,46641.585,46677.097,45914.257,46154.013,2.014,9.52
2025-11-19,46152.487,46344.199,45901.333,46337.451,46154.561,46346.073,45903.443,46339.537,2.086,7.74
2025-11-20,46336.999,46859.521,45706.575,45841.699,46339.049,46861.667,45712.461,45843.585,1.886,8.83
2025-11-21,45836.975,46580.773,45752.939,46289.107,45839.049,46582.871,45755.001,46291.121,2.014,8.72
2025-11-24,46406.403,46585.453,46098.987,46428.999,46408.573,46587.575,46100.801,46431.061,2.062,5.47
2025-11-25,46428.415,47182.053,46330.903,47163.175,46430.501,47184.211,46333.025,47165.261,2.086,5.37
2025-11-26,47163.639,47569.195,47121.199,47421.427,47165.737,47571.305,47123.285,47423.501,2.074,4.24
2025-11-27,47420.987,47513.487,47380.987,47509.939,47423.001,47515.525,47383.073,47512.073,2.134,0.64
2025-11-28,47510.415,47753.095,47428.799,47708.877,47512.561,47755.205,47445.401,47710.891,2.014,1.46
2025-12-01,47664.699,47674.903,47252.415,47264.463,47666.537,47677.097,47254.597,47266.301,1.838,4.76
2025-12-02,47263.939,47601.975,47201.903,47538.915,47266.061,47604.013,47204.037,47541.097,2.182,4.55
2025-12-03,47538.415,48015.591,47370.987,47935.975,47540.549,48018.613,47373.073,47938.061,2.086,4.86
2025-12-04,47934.903,48059.699,47688.329,47838.199,47937.097,48061.301,47690.391,47840.013,1.814,5.37
2025-12-05,47837.403,48132.939,47762.903,47960.349,47839.513,48135.001,47765.037,47962.435,2.086,5.43
2025-12-08,47942.975,48006.699,47610.602,47774.487,47945.013,48008.501,47611.793,47776.301,1.814,4.54
2025-12-09,47772.699,47955.403,47527.551,47542.927,47774.501,47957.501,47530.001,47544.801,1.874,4.41
2025-12-10,47542.699,48195.519,47454.999,48108.463,47544.549,48197.557,47457.061,48110.301,1.838,5.97
2025-12-11,48108.975,48847.587,47817.903,48769.515,48111.085,48856.485,47820.073,48777.473,7.958,5.1
2025-12-12,48767.515,48883.463,48329.601,48484.241,48776.473,48885.501,48331.687,48486.363,2.122,6.92
2025-12-15,48509.515,48717.451,48274.765,48422.939,48519.437,48719.597,48276.947,48425.097,2.158,6.01
2025-12-16,48423.951,48515.587,47916.999,48062.487,48426.013,48525.473,47918.801,48064.549,2.062,7.19
2025-12-17,48061.475,48386.975,47861.511,47889.439,48063.301,48389.073,47863.361,47891.537,2.098,7.26
2025-12-18,47888.951,48381.199,47803.199,47915.951,47891.097,48383.001,47805.001,47918.061,2.11,7.32
2025-12-19,47915.699,48291.963,47786.987,48145.375,47917.549,48294.145,47789.037,48147.533,2.158,5.25
2025-12-22,48222.987,48454.649,48122.903,48349.487,48225.037,48456.723,48125.097,48351.501,2.014,3.88
2025-12-23,48349.903,48524.027,48209.915,48418.963,48352.061,48526.197,48212.049,48421.013,2.05,3.52
2025-12-24,48419.999,48772.169,48367.915,48709.071,48422.097,48774.055,48370.049,48711.169,2.098,2.04
2025-12-25,48728.587,48782.999,48728.515,48751.415,48751.437,48788.449,48735.801,48753.537,2.122,0.01
2025-12-26,48749.427,48773.699,48578.859,48698.693,48751.585,48775.597,48580.697,48700.591,1.898,2.45
2025-12-29,48738.439,48769.415,48387.319,48467.487,48740.573,48771.501,48389.417,48469.301,1.814,3.69
2025-12-30,48467.963,48491.199,48295.915,48396.499,48470.013,48493.061,48298.073,48398.525,2.026,3.23
2025-12-31,48395.975,48402.999,48044.817,48099.693,48398.061,48405.061,48046.939,48101.731,2.038,3.53
2026-01-01,48099.693,48165.987,48097.503,48144.475,48101.731,48168.037,48100.037,48146.537,2.062,0.02
2026-01-02,48144.975,48404.133,47829.999,48368.315,48147.013,48406.243,47832.097,48370.461,2.146,5.36
2026-01-05,48371.903,49212.607,48318.403,48959.403,48374.073,49214.705,48320.501,48961.597,2.194,4.36
2026-01-06,48960.975,49508.419,48842.927,49478.999,48963.061,49510.517,48845.073,49481.085,2.086,3.94
2026-01-07,49481.975,49622.199,48946.563,49020.987,49484.097,49624.025,48948.757,49023.061,2.074,4.12
2026-01-08,49021.451,49367.699,48762.939,49307.439,49023.525,49370.973,48765.085,49309.585,2.146,4.9
2026-01-09,49306.987,49571.049,49188.439,49494.479,49309.085,49573.137,49190.561,49496.081,1.602,5.09
2026-01-12,49441.199,49631.035,48995.439,49533.915,49443.049,49633.121,48997.301,49536.085,2.17,4.16
2026-01-13,49533.427,49684.439,49058.683,49147.699,49535.525,49687.201,49060.771,49149.561,1.862,5.0
2026-01-14,49145.975,49186.951,48852.195,49087.987,49148.061,49189.097,48854.281,49090.001,2.014,5.7
2026-01-15,49087.439,49581.225,49064.487,49486.427,49089.301,49583.315,49066.501,49488.561,2.134,4.6
2026-01-16,49486.927,49611.499,49236.499,49334.435,49489.073,49613.597,49238.301,49336.521,2.086,4.24
2026-01-19,49099.521,49099.521,48860.975,48930.427,49101.571,49103.019,48863.013,48932.585,2.158,1.69
2026-01-20,48932.403,48953.463,48430.153,48511.903,48934.501,48955.561,48432.191,48514.073,2.17,7.19
2026-01-21,48513.975,49296.209,48310.915,49140.315,48516.085,49298.059,48313.085,49142.437,2.122,7.98
2026-01-22,49142.099,49608.249,49076.899,49350.999,49143.925,49610.359,49078.985,49353.025,2.026,5.1
2026-01-23,49350.427,49444.463,48960.081,49033.713,49352.537,49446.573,48962.203,49035.823,2.11,4.76
2026-01-26,48940.915,49487.869,48936.999,49254.939,48943.025,49489.919,48939.013,49257.097,2.158,4.78
2026-01-27,49253.927,49415.475,48856.867,48984.939,49256.073,49417.561,48858.791,48987.061,2.122,4.48
2026-01-28,48985.451,49140.987,48847.463,48878.999,48987.525,49143.037,48849.525,48880.897,1.898,5.08
2026-01-29,48882.203,49301.763,48590.295,48963.687,48884.361,49303.897,48592.429,48965.785,2.098,7.86
2026-01-30,48963.187,49040.603,48445.439,48872.199,48965.213,49042.773,48447.501,48874.025,1.826,9.18
2026-02-02,48848.499,49480.999,48386.975,49415.403,48850.501,49483.097,48389.097,49417.525,2.122,6.9
2026-02-03,49415.963,49646.963,48830.597,49297.399,49418.097,49648.801,48832.683,49299.201,1.802,8.14
2026-02-04,49297.699,49657.139,49111.973,49463.915,49299.725,49659.225,49113.861,49466.001,2.086,8.85
2026-02-05,49465.475,49592.975,48691.951,48722.199,49467.525,49595.097,48693.801,48724.049,1.85,9.66
2026-02-06,48720.427,50177.403,48620.903,50108.199,48722.561,50179.525,48623.025,50110.061,1.862,7.41
2026-02-09,50219.927,50242.487,49824.903,50087.199,50222.049,50244.585,49827.001,50089.085,1.886,5.6
2026-02-10,50085.915,50518.463,50015.199,50267.475,50088.061,50521.201,50017.037,50269.585,2.11,5.78
2026-02-11,50268.487,50496.927,49898.993,50109.703,50270.501,50499.085,49900.891,50111.825,2.122,7.58
2026-02-12,50107.999,50445.715,49421.517,49471.499,50109.601,50447.885,49423.391,49473.501,2.002,8.72
2026-02-13,49468.199,49748.939,49081.475,49503.487,49470.061,49751.013,49083.513,49505.525,2.038,8.93
2026-02-16,49523.451,49748.463,49485.963,49587.199,49525.585,49750.301,49488.013,49589.073,1.874,2.23
2026-02-17,49587.439,49718.427,49165.467,49476.927,49589.561,49720.513,49167.565,49479.097,2.17,8.96
2026-02-18,49478.451,49896.951,49422.951,49647.703,49480.537,49899.097,49425.049,49649.837,2.134,6.08
2026-02-19,49647.263,49720.787,49194.375,49411.939,49649.385,49722.601,49196.497,49413.801,1.862,7.25
2026-02-20,49413.415,49715.903,49150.975,49662.189,49415.561,49719.485,49152.801,49664.311,2.122,8.2
2026-02-23,49532.499,49715.451,48727.517,48838.487,49534.549,49717.537,48729.627,48840.501,2.014,6.94
2026-02-24,48839.451,49294.159,48755.427,49179.275,48841.585,49296.067,48757.537,49181.325,2.05,6.15
2026-02-25,49178.499,49536.257,49091.999,49389.963,49180.337,49538.471,49093.861,49392.049,2.086,4.98
2026-02-26,49390.475,49830.427,49180.599,49226.527,49392.585,49832.549,49182.401,49228.637,2.11,7.12
2026-02-27,49223.575,49362.299,48667.799,48935.987,49225.673,49364.185,48669.661,48938.061,2.074,7.88
2026-03-02,48373.427,49064.789,48111.963,48821.451,48375.501,49066.663,48114.085,48823.597,2.146,8.08
2026-03-03,48823.427,48841.987,47619.975,48410.439,48825.513,48844.061,47621.801,48412.501,2.062,11.72
2026-03-04,48411.487,48856.429,48211.487,48752.427,48413.549,48858.455,48213.513,48754.525,2.098,8.61
2026-03-05,48751.475,48835.499,47572.391,48031.951,48753.585,48837.301,47574.241,48034.025,2.074,10.23
2026-03-06,48032.415,48095.439,46997.939,47443.915,48034.525,48097.585,46999.801,47446.073,2.158,10.63
2026-03-09,46616.963,47875.429,46300.027,47535.153,46619.025,47877.295,46302.513,47537.311,2.158,10.46
2026-03-10,47535.689,48221.199,47432.653,47747.103,47537.763,48223.025,47434.551,47749.225,2.122,9.79
2026-03-11,47750.175,47933.615,46910.515,47024.427,47752.273,47935.785,46913.573,47026.549,2.122,8.89
2026-03-12,47034.199,47216.475,46657.185,46743.463,47035.801,47218.525,46659.211,46745.501,2.038,9.13
2026-03-13,46740.975,47128.915,46427.903,46532.713,46743.025,47130.801,46430.061,46534.611,1.898,9.56
2026-03-16,46640.527,47182.499,46573.515,46932.015,46647.425,47184.573,46576.085,46937.925,5.91,6.99
2026-03-17,46932.963,47431.903,46682.003,46949.499,46935.085,47434.037,46685.001,46951.525,2.026,7.48
2026-03-18,46943.403,47305.499,46083.475,46162.463,46945.573,47307.513,46085.525,46164.525,2.062,7.64
2026-03-19,46162.999,46308.199,45723.915,46135.199,46164.801,46310.061,45726.001,46136.801,1.602,9.35
2026-03-20,46132.903,46239.963,45367.245,45740.529,46135.013,46242.037,45369.343,45742.355,1.826,8.71
2026-03-23,45535.427,46811.439,45158.439,46274.415,45537.301,46819.961,45160.585,46279.901,5.486,17.52
2026-03-24,46268.403,46491.703,45747.487,46445.287,46273.925,46497.285,45749.537,46450.501,5.214,17.88
2026-03-25,46445.727,46747.551,46187.015,46354.739,46451.297,46750.497,46189.949,46360.285,5.546,18.76
2026-03-26,46356.203,46557.753,45900.503,46181.887,46361.773,46559.887,45902.685,46183.913,2.026,10.09
2026-03-27,46182.815,46243.351,45062.967,45097.713,46184.985,46245.401,45065.041,45099.895,2.182,8.25
2026-03-30,44873.051,45625.915,44820.699,45153.475,44878.985,45628.097,44822.561,45155.585,2.11,8.38
2026-03-31,45149.987,46411.839,45038.903,46396.887,45152.025,46413.961,45041.025,46398.961,2.074,10.36
2026-04-01,46394.351,46806.299,46342.803,46570.369,46396.413,46808.409,46344.701,46572.407,2.038,8.56
2026-04-02,46569.797,46692.773,45845.297,46494.915,46571.919,46694.895,45847.407,46497.049,2.134,8.71
2026-04-06,46242.439,46803.999,46231.451,46699.999,46244.597,46810.497,46233.573,46702.073,2.074,6.44
2026-04-07,46700.415,47599.199,46209.077,47522.099,46702.301,47601.949,46211.163,47527.901,5.802,9.28
2026-04-08,47502.063,48037.463,47426.951,47862.487,47507.925,48039.501,47429.061,47864.513,2.026,8.17
2026-04-09,47862.915,48323.629,47672.699,48153.963,47865.013,48325.703,47674.573,48156.025,2.062,7.2
2026-04-10,48153.475,48284.039,47851.963,47912.595,48155.585,48298.925,47854.085,47914.693,2.098,5.57
2026-04-13,47423.403,48247.903,47387.475,48212.699,47425.549,48250.097,47389.597,48214.549,1.85,5.86
2026-04-14,48207.939,48589.035,48133.939,48546.915,48210.097,48591.109,48136.037,48549.097,2.182,5.51
2026-04-15,48546.463,48699.499,48280.747,48536.975,48548.301,48701.537,48282.881,48539.085,2.11,4.97
2026-04-16,48537.415,48680.463,48330.903,48663.403,48539.525,48682.585,48333.073,48665.537,2.134,5.11
2026-04-17,48661.975,49717.891,48630.199,49463.203,48664.013,49720.013,48632.037,49465.337,2.134,5.95
2026-04-20,48963.999,49544.999,48935.415,49513.415,48966.049,49548.485,48937.513,49515.573,2.158,5.07
2026-04-21,49515.427,49850.499,49042.429,49356.839,49517.597,49852.585,49044.527,49358.961,2.122,6.61
2026-04-22,49366.851,49627.289,49277.339,49316.987,49368.913,49629.179,49279.555,49319.061,2.074,5.11
2026-04-23,49314.915,49522.793,48860.593,49295.927,49317.001,49524.927,48862.715,49298.013,2.086,6.65
2026-04-24,49304.927,49431.999,49076.987,49218.029,49307.085,49434.049,49079.013,49220.175,2.146,5.45
2026-04-27,49121.987,49358.915,49027.467,49236.927,49123.801,49361.097,49029.565,49239.001,2.074,4.19
2026-04-28,49245.403,49388.903,49077.609,49229.063,49247.585,49391.073,49079.511,49231.149,2.086,5.41
2026-04-29,49230.003,49266.039,48636.803,48712.227,49232.185,49268.149,48645.373,48714.385,2.158,5.79
2026-04-30,48712.999,49798.699,48466.815,49758.415,48714.861,49800.597,48469.101,49760.525,2.11,5.65
2026-05-01,49761.927,49995.963,49488.263,49498.207,49764.001,49998.061,49490.161,49500.329,2.122,4.3
2026-05-04,49567.475,49574.415,48903.403,48974.903,49569.513,49576.585,48905.573,48977.025,2.122,6.07
2026-05-05,48974.487,49443.939,48943.699,49383.475,48976.301,49446.049,48945.597,49385.501,2.026,4.26
2026-05-06,49384.475,50009.945,49350.987,49877.403,49386.513,50012.041,49353.061,49879.561,2.158,5.87
2026-05-07,49876.963,50119.427,49478.673,49618.439,49879.049,50121.537,49480.735,49620.549,2.11,6.08
2026-05-08,49632.699,49860.439,49486.951,49604.199,49634.597,49862.525,49489.049,49606.037,1.838,4.85
2026-05-11,49450.159,49773.299,49378.587,49711.999,49452.197,49775.193,49380.685,49714.085,2.086,4.99
2026-05-12,49705.199,49825.503,49302.939,49723.875,49707.001,49827.697,49305.025,49725.949,2.074,5.98
2026-05-13,49725.863,49834.449,49443.387,49811.449,49727.913,49836.347,49445.413,49813.347,1.898,5.15
2026-05-14,49810.213,50199.765,49783.201,50012.599,49812.299,50201.887,49785.275,50014.709,2.11,5.35
2026-05-15,50010.575,50015.575,49395.155,49428.573,50012.757,50017.709,49397.277,49430.411,1.838,6.81
2026-05-18,49369.505,49768.065,49074.517,49670.415,49371.687,49770.115,49076.615,49672.525,2.11,7.75
2026-05-19,49673.951,49751.903,49236.999,49414.499,49676.013,49754.049,49239.013,49416.325,1.826,6.87
2026-05-20,49398.263,50066.547,49222.227,49892.915,49400.301,50068.645,49224.313,49895.013,2.098,6.67
2026-05-21,49895.199,50389.945,49687.963,50370.445,49897.085,50392.019,49690.013,50372.507,2.062,7.5
2026-05-22,50369.933,50830.945,50350.885,50611.157,50371.971,50833.031,50353.067,50613.267,2.11,5.53
2026-05-25,50834.475,51125.963,50825.403,50936.063,50836.585,51128.049,50827.525,50938.137,2.074,1.27
2026-05-26,50937.015,50945.599,50353.637,50527.275,50939.161,50947.685,50355.511,50529.313,2.038,4.66
2026-05-27,50525.227,50828.299,50440.775,50657.499,50527.101,50830.349,50442.813,50659.385,1.886,5.05
2026-05-28,50665.203,50725.727,50320.727,50676.687,50667.373,50727.901,50322.837,50678.773,2.086,4.55
2026-05-29,50677.399,51093.127,50644.103,51033.379,50679.213,51095.141,50646.285,51035.465,2.086,4.72
2026-06-01,51064.009,51320.509,50770.005,50925.403,51066.071,51322.607,50771.881,50927.301,1.898,4.54
2026-06-02,50926.463,51370.917,50782.927,51333.103,50928.573,51373.027,50785.061,51335.213,2.11,4.39
2026-06-03,51333.899,51348.687,50702.933,50738.939,51335.713,51350.785,50707.505,50741.073,2.134,4.88
2026-06-04,50733.199,51658.423,50678.927,51560.787,50734.801,51660.497,50680.801,51562.801,2.014,5.33
2026-06-05,51555.239,51695.703,50708.957,50727.219,51557.301,51697.885,50710.831,50729.033,1.814,6.88
2026-06-08,50806.427,51276.451,50621.487,50747.999,50808.513,51278.597,50623.525,50750.097,2.098,7.31
2026-06-09,50747.487,51252.463,50235.469,50750.427,50749.597,51254.549,50237.307,50752.573,2.146,9.29
2026-06-10,50751.499,50854.487,49708.987,49784.503,50753.549,50856.549,49711.001,49790.201,5.698,9.61
2026-06-11,49809.915,50968.737,49777.551,50928.195,49812.013,50970.823,49780.301,50934.093,5.898,8.91
2026-06-12,50927.479,51411.697,50811.207,51246.051,50933.141,51413.771,50817.277,51248.937,2.886,9.26
2026-06-15,51513.451,51946.799,51493.963,51676.451,51515.301,51949.473,51496.061,51678.501,2.05,10.06
2026-06-16,51677.703,52202.015,51661.463,52056.715,51679.0,52204.949,51666.0,52062.249,5.534,12.05
2026-06-17,52057.499,52280.099,51393.339,51733.299,52062.785,52282.973,51394.935,51738.761,5.462,14.19
2026-06-18,51734.739,51936.299,51547.403,51600.703,51740.297,51938.937,51549.513,51606.249,5.546,11.58
2026-06-19,51601.299,51602.227,51388.787,51489.527,51606.501,51607.797,51394.297,51492.461,2.934,2.28
2026-06-22,51347.939,51895.063,51342.763,51751.951,51350.097,51897.997,51348.249,51754.225,2.274,10.12
2026-06-23,51751.475,51874.083,51291.299,51685.715,51754.225,51876.207,51294.037,51691.273,5.558,13.33
2026-06-24,51684.763,52254.551,51531.027,51908.415,51690.273,52257.449,51536.501,51910.573,2.158,16.1
2026-06-25,51910.403,52678.299,51797.499,51975.815,51912.301,52680.997,51800.585,51977.973,2.158,13.72
2026-06-26,51976.339,52140.099,51617.039,51852.903,51978.449,52142.985,51619.913,51855.037,2.134,13.28
2026-06-29,51996.239,52312.027,51861.487,52134.939,52001.713,52314.937,51863.537,52137.037,2.098,8.7
2026-06-30,52135.851,52388.659,52003.939,52205.475,52137.3,52390.793,52006.001,52207.561,2.086,6.98
2026-07-01,52205.887,52753.399,52014.987,52276.275,52207.597,52756.073,52017.025,52278.337,2.062,8.14
2026-07-02,52257.039,52920.063,52203.327,52911.539,52262.301,52925.585,52207.397,52916.801,5.262,14.28
2026-07-03,52910.527,53083.999,52767.303,52859.399,52916.097,53085.897,52771.101,52862.237,2.838,1.88
2026-07-06,52945.339,53130.099,52638.915,53055.027,52950.849,53132.025,52641.001,53057.073,2.046,9.96
2026-07-07,53052.799,53345.575,52771.215,52836.575,53054.549,53347.525,52772.501,52838.585,2.01,12.64
2026-07-08,52836.003,52908.503,52060.787,52322.051,52837.801,52910.585,52062.213,52324.037,1.986,20.1
2026-07-09,52321.539,52585.799,52228.027,52479.063,52323.573,52587.261,52230.001,52481.001,1.938,13.63
2026-07-10,52482.039,52715.275,52407.251,52685.787,52484.013,52716.785,52408.761,52687.201,1.414,11.02
2026-07-13,52541.799,52850.763,52346.751,52441.063,52543.549,52852.001,52348.001,52443.097,2.034,14.43
2026-07-14,52445.539,52717.739,52003.515,52617.039,52447.537,52719.297,52005.513,52619.097,2.058,18.51
2026-07-15,52621.039,52839.751,52428.227,52660.539,52622.801,52841.261,52429.713,52662.549,2.01,13.64
2026-07-16,52661.051,52863.703,52365.799,52464.563,52663.097,52865.273,52367.297,52466.501,1.938,16.4
2026-07-17,52467.099,52614.999,51946.275,52114.275,52468.801,52616.237,51947.725,52115.501,1.226,18.77
2026-07-20,52144.327,52411.551,51781.063,51881.899,52146.325,52413.037,51782.597,51883.861,1.962,16.51
2026-07-21,51880.387,52371.087,51819.839,52212.827,51882.313,52372.597,51821.801,52214.825,1.998,12.31
2026-07-22,52211.851,52507.087,52053.815,52219.387,52213.601,52508.597,52055.837,52221.397,2.01,13.84
