date,bid_open,bid_high,bid_low,bid_close,ask_open,ask_high,ask_low,ask_close,spread_close,volume
2014-01-01,1.06399,1.0648,1.06398,1.06467,1.06458,1.06498,1.06426,1.06477,0.0001,489.56
2014-01-02,1.06465,1.06776,1.05882,1.06694,1.06476,1.0678,1.05888,1.06704,0.0001,55652.73
2014-01-03,1.06694,1.06717,1.06023,1.06308,1.06703,1.06725,1.06033,1.06388,0.0008,53238.09
2014-01-06,1.06318,1.06804,1.06087,1.06611,1.06328,1.06811,1.06096,1.0662,9e-05,43788.36
2014-01-07,1.06611,1.07809,1.06591,1.07749,1.0662,1.07817,1.06599,1.07757,8e-05,60760.37
2014-01-08,1.0775,1.08299,1.07733,1.08235,1.0776,1.08307,1.07741,1.08243,8e-05,64465.7
2014-01-09,1.08237,1.08742,1.08187,1.08461,1.08245,1.0875,1.08195,1.08471,0.0001,60782.03
2014-01-10,1.08461,1.09456,1.08374,1.08896,1.08472,1.09464,1.08384,1.08967,0.00071,76376.24
2014-01-13,1.09058,1.09291,1.08426,1.08817,1.09066,1.09298,1.08432,1.08832,0.00015,56053.48
2014-01-14,1.08817,1.09585,1.08789,1.09484,1.08832,1.09595,1.08798,1.09494,0.0001,58438.34
2014-01-15,1.09484,1.09909,1.092,1.09485,1.09494,1.09916,1.09206,1.09501,0.00016,59380.61
2014-01-16,1.09485,1.09624,1.09048,1.09331,1.09496,1.09633,1.09054,1.09339,8e-05,58505.21
2014-01-17,1.09331,1.0983,1.09256,1.0959,1.09339,1.09844,1.09269,1.09641,0.00051,55683.23
2014-01-20,1.09661,1.0972,1.09294,1.09548,1.09671,1.09726,1.09302,1.09555,7e-05,37417.87
2014-01-21,1.09543,1.10186,1.0947,1.09706,1.09551,1.10192,1.09479,1.09722,0.00016,51916.56
2014-01-22,1.09706,1.11046,1.09534,1.11034,1.09722,1.11054,1.09541,1.11043,9e-05,65420.81
2014-01-23,1.11034,1.11732,1.10919,1.1113,1.11043,1.11739,1.10925,1.11138,8e-05,93527.68
2014-01-24,1.1113,1.11374,1.10519,1.10864,1.11139,1.11378,1.10527,1.10905,0.00041,81178.31
2014-01-27,1.10624,1.11187,1.10312,1.11156,1.10632,1.11202,1.1032,1.11164,8e-05,62110.44
2014-01-28,1.11151,1.11765,1.10781,1.11455,1.11168,1.11771,1.10787,1.1146,5e-05,58496.44
2014-01-29,1.11454,1.11864,1.11023,1.11825,1.11469,1.11875,1.11032,1.11835,0.0001,71041.13
2014-01-30,1.1183,1.11985,1.11505,1.11574,1.11836,1.11989,1.11511,1.11583,9e-05,55897.71
2014-01-31,1.11574,1.12243,1.10873,1.11267,1.11583,1.12248,1.10886,1.11306,0.00039,68381.6
2014-02-03,1.11239,1.11333,1.10409,1.11091,1.1125,1.11341,1.10418,1.11099,8e-05,61430.22
2014-02-04,1.11091,1.11233,1.10482,1.10844,1.11099,1.11239,1.1049,1.10858,0.00014,58377.64
2014-02-05,1.10842,1.11209,1.10369,1.10787,1.10858,1.11213,1.10379,1.10802,0.00015,61836.79
2014-02-06,1.10787,1.11221,1.10506,1.10697,1.10802,1.11229,1.10514,1.10712,0.00015,52648.9
2014-02-07,1.10697,1.10789,1.09674,1.10295,1.10712,1.10797,1.0968,1.10337,0.00042,58353.31
2014-02-10,1.10381,1.1062,1.10181,1.10576,1.10398,1.10627,1.10189,1.10589,0.00013,34864.15
2014-02-11,1.10574,1.10903,1.10028,1.10116,1.10589,1.10912,1.10032,1.10129,0.00013,50265.13
2014-02-12,1.10116,1.10248,1.09759,1.09959,1.10129,1.10257,1.09767,1.09977,0.00018,47643.57
2014-02-13,1.09959,1.10261,1.09542,1.09778,1.09977,1.10268,1.09551,1.09796,0.00018,46616.5
2014-02-14,1.09777,1.09897,1.094,1.09797,1.09796,1.09904,1.09408,1.0988,0.00083,45266.03
2014-02-17,1.09734,1.09828,1.09526,1.09563,1.09749,1.09834,1.09533,1.09576,0.00013,27908.16
2014-02-18,1.09563,1.09762,1.09399,1.09528,1.09577,1.09771,1.09405,1.09538,0.0001,45610.34
2014-02-19,1.09527,1.10864,1.09101,1.10734,1.09537,1.10872,1.09108,1.10744,0.0001,61029.87
2014-02-20,1.10734,1.11125,1.10604,1.11026,1.10744,1.11133,1.1061,1.11037,0.00011,51656.38
2014-02-21,1.11027,1.11928,1.11025,1.11078,1.11037,1.11948,1.11034,1.11108,0.0003,56605.98
2014-02-24,1.11124,1.11429,1.10543,1.10594,1.11143,1.11434,1.1055,1.10611,0.00017,43363.67
2014-02-25,1.10594,1.10958,1.1054,1.1085,1.10603,1.10966,1.10547,1.1086,0.0001,38563.35
2014-02-26,1.10851,1.1144,1.1073,1.11367,1.1086,1.1145,1.10735,1.11383,0.00016,47519.04
2014-02-27,1.11371,1.11597,1.11176,1.11225,1.11381,1.11602,1.11182,1.11234,9e-05,46718.86
2014-02-28,1.11222,1.11467,1.10402,1.10588,1.11235,1.11475,1.10409,1.10692,0.00104,54380.81
2014-03-03,1.10634,1.11098,1.10387,1.10805,1.10645,1.11106,1.10395,1.10816,0.00011,49074.94
2014-03-04,1.108,1.11176,1.1062,1.10873,1.10816,1.11182,1.10628,1.10883,0.0001,45113.73
2014-03-05,1.10875,1.10988,1.10247,1.10296,1.1089,1.11011,1.10262,1.10312,0.00016,49349.94
2014-03-06,1.10296,1.10459,1.09551,1.09868,1.10311,1.10471,1.09556,1.09884,0.00016,56129.26
2014-03-07,1.0987,1.11008,1.09803,1.10862,1.09885,1.11014,1.09811,1.10902,0.0004,49723.92
2014-03-10,1.10886,1.11303,1.10882,1.11161,1.10896,1.11313,1.10893,1.11167,6e-05,39623.92
2014-03-11,1.11163,1.11308,1.10715,1.11094,1.11168,1.11313,1.10721,1.11109,0.00015,40920.26
2014-03-12,1.11092,1.11536,1.10901,1.11179,1.11109,1.11541,1.10906,1.11195,0.00016,54698.86
2014-03-13,1.11182,1.11213,1.10432,1.10781,1.11195,1.11224,1.10438,1.10796,0.00015,65030.74
2014-03-14,1.1078,1.11104,1.10725,1.10996,1.10793,1.11111,1.10737,1.11045,0.00049,54737.04
2014-03-17,1.10955,1.11035,1.10449,1.10585,1.10967,1.11048,1.10453,1.10599,0.00014,47920.69
2014-03-18,1.10585,1.11462,1.10252,1.11277,1.10599,1.11469,1.10265,1.11285,8e-05,56048.51
2014-03-19,1.11277,1.1271,1.11218,1.12431,1.11284,1.1272,1.11225,1.12441,0.0001,73969.57
2014-03-20,1.12431,1.12781,1.1234,1.1241,1.12441,1.12788,1.12347,1.12426,0.00016,50239.59
2014-03-21,1.12409,1.12625,1.11735,1.12179,1.12427,1.12631,1.11744,1.12271,0.00092,54028.84
2014-03-24,1.12262,1.12463,1.11835,1.11974,1.12269,1.12468,1.11841,1.11982,8e-05,49487.09
2014-03-25,1.11972,1.12103,1.1155,1.11656,1.11982,1.12108,1.11559,1.11666,0.0001,51604.34
2014-03-26,1.11655,1.11689,1.10807,1.10988,1.11666,1.11695,1.10815,1.10998,0.0001,62055.1
2014-03-27,1.10988,1.11038,1.10137,1.10304,1.10998,1.11047,1.10145,1.10314,0.0001,68333.87
2014-03-28,1.10304,1.10777,1.10005,1.10579,1.10313,1.10782,1.10012,1.10659,0.0008,48968.79
2014-03-31,1.10508,1.10668,1.10022,1.10527,1.10519,1.10674,1.10029,1.10536,9e-05,53960.68
2014-04-01,1.10527,1.10696,1.10123,1.10293,1.10536,1.10701,1.10131,1.10307,0.00014,44807.07
2014-04-02,1.10296,1.10473,1.10044,1.10306,1.10305,1.10479,1.10049,1.10315,9e-05,42620.34
2014-04-03,1.10307,1.10454,1.10059,1.1035,1.10315,1.10461,1.10064,1.1036,0.0001,43536.75
2014-04-04,1.10349,1.10361,1.09569,1.09784,1.1036,1.1037,1.09578,1.09832,0.00048,46412.56
2014-04-07,1.09801,1.10094,1.09616,1.09763,1.09812,1.10099,1.09622,1.09779,0.00016,50442.94
2014-04-08,1.09764,1.09772,1.09122,1.09298,1.09779,1.09779,1.09127,1.0931,0.00012,61490.03
2014-04-09,1.09298,1.09422,1.08578,1.08804,1.09308,1.09429,1.08588,1.08815,0.00011,62866.22
2014-04-10,1.08805,1.09364,1.08675,1.09331,1.08818,1.0938,1.08684,1.09342,0.00011,57749.5
2014-04-11,1.09331,1.09838,1.09181,1.09777,1.09342,1.09853,1.09188,1.09829,0.00052,51708.39
2014-04-14,1.09752,1.09925,1.09422,1.09684,1.09763,1.09933,1.09427,1.0969,6e-05,46021.08
2014-04-15,1.09684,1.10132,1.09636,1.09859,1.0969,1.10141,1.09641,1.09869,0.0001,55250.78
2014-04-16,1.09859,1.10334,1.09593,1.10102,1.09871,1.10343,1.09607,1.10112,0.0001,62119.87
2014-04-17,1.10106,1.10184,1.09834,1.10078,1.10112,1.10197,1.09841,1.10098,0.0002,45241.53
2014-04-18,1.1007,1.10277,1.09976,1.10184,1.10097,1.10295,1.09993,1.10275,0.00091,21839.21
2014-04-21,1.10208,1.10308,1.10078,1.10196,1.10219,1.10316,1.10084,1.10205,9e-05,26710.47
2014-04-22,1.10197,1.10419,1.10004,1.10275,1.10205,1.10427,1.10011,1.10285,0.0001,44318.86
2014-04-23,1.10276,1.10531,1.10172,1.10315,1.10284,1.10537,1.10179,1.1032,5e-05,49210.22
2014-04-24,1.10316,1.10384,1.10152,1.10218,1.10321,1.10391,1.10161,1.10232,0.00014,40439.1
2014-04-25,1.1022,1.10469,1.1014,1.10378,1.10232,1.10474,1.10148,1.10415,0.00037,34762.48
2014-04-28,1.10352,1.10394,1.10172,1.10247,1.10364,1.10401,1.10176,1.10259,0.00012,43303.81
2014-04-29,1.10248,1.10256,1.0943,1.09534,1.10262,1.10262,1.09439,1.09542,8e-05,57191.73
2014-04-30,1.09535,1.09795,1.09424,1.09658,1.09543,1.09799,1.09433,1.09667,9e-05,57935.48
2014-05-01,1.09657,1.0995,1.09527,1.0964,1.09668,1.09961,1.09533,1.09656,0.00016,47332.15
2014-05-02,1.09639,1.1006,1.0936,1.0971,1.09656,1.10078,1.09363,1.09763,0.00053,55047.71
2014-05-05,1.09768,1.09888,1.09487,1.09583,1.09777,1.09894,1.09495,1.09593,0.0001,39302.06
2014-05-06,1.09584,1.09606,1.0874,1.089,1.09592,1.09617,1.08747,1.08914,0.00014,49309.48
2014-05-07,1.089,1.09073,1.08758,1.08978,1.08914,1.0908,1.08762,1.08991,0.00013,44240.71
2014-05-08,1.08978,1.09037,1.08139,1.0831,1.0899,1.09045,1.08147,1.08324,0.00014,54551.11
2014-05-09,1.0831,1.09156,1.08165,1.08938,1.08324,1.09164,1.08172,1.09019,0.00081,62696.93
2014-05-12,1.08992,1.09041,1.08746,1.08988,1.09005,1.09046,1.08752,1.08998,0.0001,41082.29
2014-05-13,1.08986,1.0926,1.08869,1.09052,1.08998,1.0927,1.08876,1.09066,0.00014,58753.83
2014-05-14,1.09053,1.09213,1.08696,1.08887,1.09066,1.09222,1.08701,1.08898,0.00011,52644.53
2014-05-15,1.08887,1.08907,1.08518,1.08762,1.08895,1.08916,1.08526,1.08778,0.00016,54089.48
2014-05-16,1.08764,1.08885,1.08556,1.08559,1.08778,1.08891,1.08562,1.08649,0.0009,36601.47
2014-05-19,1.0865,1.08755,1.085,1.08727,1.08663,1.08772,1.08509,1.08741,0.00014,45662.93
2014-05-20,1.08726,1.09166,1.08716,1.09102,1.08742,1.09174,1.08726,1.09117,0.00015,51109.84
2014-05-21,1.09103,1.09415,1.08933,1.09152,1.09117,1.09421,1.08942,1.09162,0.0001,52143.97
2014-05-22,1.09152,1.09305,1.08841,1.08931,1.09162,1.09325,1.0885,1.08941,0.0001,45644.82
2014-05-23,1.08931,1.09086,1.08583,1.08594,1.08941,1.09092,1.08619,1.0863,0.00036,40093.38
2014-05-26,1.08708,1.08727,1.08531,1.0857,1.08722,1.08734,1.08535,1.08581,0.00011,23436.8
2014-05-27,1.08576,1.08743,1.08357,1.08553,1.08584,1.08751,1.08363,1.08562,9e-05,49480.73
2014-05-28,1.08553,1.08862,1.08432,1.08724,1.08562,1.08867,1.08442,1.08731,7e-05,51060.81
2014-05-29,1.08721,1.08777,1.08253,1.08384,1.08731,1.08786,1.08259,1.08394,0.0001,50070.55
2014-05-30,1.08384,1.08679,1.08221,1.08445,1.08393,1.087,1.0823,1.08472,0.00027,50159.0
2014-06-02,1.0844,1.09113,1.08425,1.09018,1.08456,1.09119,1.08432,1.09029,0.00011,49160.56
2014-06-03,1.0902,1.09216,1.08906,1.0918,1.0903,1.09225,1.08916,1.0919,0.0001,49820.56
2014-06-04,1.09179,1.09551,1.09161,1.09427,1.09191,1.09557,1.0917,1.09437,0.0001,66923.41
2014-06-05,1.09427,1.09602,1.09167,1.09214,1.09437,1.09609,1.09175,1.09223,9e-05,73730.59
2014-06-06,1.09216,1.09474,1.09054,1.09304,1.09224,1.09483,1.09092,1.09338,0.00034,66239.77
2014-06-09,1.09351,1.09407,1.09005,1.09059,1.09361,1.09413,1.09015,1.09071,0.00012,61056.34
2014-06-10,1.09058,1.09209,1.08906,1.08982,1.09073,1.09217,1.08918,1.08989,7e-05,68242.75
2014-06-11,1.08984,1.09046,1.08612,1.08686,1.08991,1.09056,1.08621,1.08696,0.0001,62514.55
2014-06-12,1.08686,1.08694,1.08414,1.08562,1.08696,1.087,1.08423,1.08572,0.0001,55125.39
2014-06-13,1.08561,1.08703,1.08474,1.08535,1.08571,1.08708,1.08483,1.08569,0.00034,50821.79
2014-06-16,1.08586,1.08815,1.08356,1.08496,1.08591,1.08827,1.08363,1.085,4e-05,54813.5
2014-06-17,1.08492,1.08746,1.08479,1.08618,1.08506,1.08754,1.08485,1.08629,0.00011,52134.27
2014-06-18,1.08619,1.08929,1.08346,1.08363,1.08629,1.08983,1.08359,1.08369,6e-05,60755.33
2014-06-19,1.08361,1.0837,1.08099,1.08175,1.08369,1.08381,1.08106,1.08185,0.0001,53678.16
2014-06-20,1.08175,1.08258,1.07515,1.07559,1.08185,1.08264,1.07522,1.07595,0.00036,45573.82
2014-06-23,1.07525,1.07534,1.07166,1.07309,1.07541,1.07542,1.07174,1.07323,0.00014,53881.53
2014-06-24,1.0731,1.07471,1.07157,1.07441,1.07322,1.07478,1.07164,1.0745,9e-05,38493.57
2014-06-25,1.07443,1.07517,1.0717,1.0723,1.07451,1.07524,1.07179,1.07245,0.00015,44414.69
2014-06-26,1.07237,1.07245,1.06828,1.06929,1.07245,1.07256,1.06836,1.0694,0.00011,43460.35
2014-06-27,1.06928,1.06962,1.06596,1.06634,1.06939,1.06969,1.06603,1.06677,0.00043,37093.92
2014-06-30,1.06665,1.06964,1.06468,1.06716,1.06677,1.06971,1.06475,1.06726,0.0001,46283.47
2014-07-01,1.06718,1.06776,1.0628,1.06356,1.06726,1.06784,1.063,1.06367,0.00011,47295.99
2014-07-02,1.06356,1.06703,1.06265,1.06675,1.06367,1.06711,1.06271,1.06684,9e-05,55652.27
2014-07-03,1.06674,1.06799,1.06203,1.0638,1.06685,1.06811,1.06211,1.06387,7e-05,67936.32
2014-07-04,1.06379,1.06586,1.06302,1.06479,1.06387,1.06597,1.0631,1.06581,0.00102,37080.48
2014-07-07,1.06529,1.06845,1.06311,1.06833,1.06538,1.06854,1.06318,1.06841,8e-05,54065.93
2014-07-08,1.06833,1.06942,1.06619,1.06721,1.06844,1.06947,1.06626,1.06727,6e-05,54883.71
2014-07-09,1.06721,1.06836,1.0641,1.06492,1.06727,1.06844,1.06417,1.06504,0.00012,59995.65
2014-07-10,1.06492,1.06757,1.06443,1.06495,1.06504,1.06764,1.06452,1.06505,0.0001,62583.67
2014-07-11,1.06495,1.07364,1.06305,1.07309,1.06505,1.07372,1.0631,1.07358,0.00049,61630.94
2014-07-14,1.07284,1.0747,1.07096,1.07156,1.07296,1.07477,1.07106,1.07169,0.00013,54175.07
2014-07-15,1.07156,1.07693,1.07155,1.0759,1.07169,1.077,1.07164,1.07598,8e-05,64601.15
2014-07-16,1.07593,1.07937,1.0723,1.07376,1.07603,1.07946,1.07242,1.07384,8e-05,70217.76
2014-07-17,1.07376,1.07661,1.07275,1.07625,1.07384,1.07672,1.07287,1.07635,0.0001,62074.59
2014-07-18,1.07625,1.07629,1.07081,1.07308,1.07635,1.07638,1.07089,1.07357,0.00049,60646.97
2014-07-21,1.0739,1.07518,1.07259,1.07395,1.07396,1.07525,1.07266,1.07401,6e-05,43825.04
2014-07-22,1.07395,1.07592,1.07306,1.0739,1.07401,1.07599,1.07312,1.07404,0.00014,44852.76
2014-07-23,1.07389,1.07454,1.07099,1.07311,1.07405,1.07461,1.07112,1.07319,8e-05,46691.16
2014-07-24,1.07312,1.07515,1.07176,1.07445,1.07319,1.07523,1.07184,1.07457,0.00012,43410.1
2014-07-25,1.07443,1.08208,1.07382,1.0811,1.07457,1.08216,1.07386,1.08171,0.00061,60705.18
2014-07-28,1.08113,1.08181,1.07959,1.07985,1.08123,1.08188,1.07977,1.07995,0.0001,59105.42
2014-07-29,1.07985,1.08654,1.0797,1.08517,1.07995,1.08663,1.0798,1.08523,6e-05,66438.79
2014-07-30,1.08512,1.09167,1.08499,1.09078,1.08523,1.09172,1.08507,1.09089,0.00011,76242.98
2014-07-31,1.09078,1.09291,1.08764,1.09063,1.09089,1.09301,1.08772,1.0907,7e-05,78817.82
2014-08-01,1.09066,1.09435,1.08845,1.09113,1.09073,1.09442,1.08854,1.09217,0.00104,84049.02
2014-08-04,1.09228,1.09337,1.0904,1.09061,1.09241,1.09346,1.09051,1.09073,0.00012,56457.29
2014-08-05,1.09061,1.09763,1.09057,1.09627,1.09073,1.09772,1.09069,1.09641,0.00014,61702.92
2014-08-06,1.09627,1.09857,1.09121,1.09185,1.09641,1.09864,1.09129,1.09193,8e-05,49318.88
2014-08-07,1.09183,1.09381,1.09033,1.09321,1.09193,1.09389,1.09041,1.09333,0.00012,60252.85
2014-08-08,1.09319,1.09836,1.09095,1.09712,1.09333,1.09845,1.09104,1.09739,0.00027,61973.06
2014-08-11,1.09714,1.0977,1.09183,1.09278,1.09725,1.09779,1.09191,1.09286,8e-05,44979.49
2014-08-12,1.09277,1.09525,1.09134,1.09266,1.09288,1.09533,1.09141,1.09276,0.0001,49814.18
2014-08-13,1.09264,1.09402,1.09062,1.09145,1.09276,1.09407,1.09067,1.09159,0.00014,56518.98
2014-08-14,1.09145,1.09207,1.08867,1.09066,1.0916,1.09218,1.08876,1.0908,0.00014,48755.3
2014-08-15,1.09071,1.09184,1.08602,1.08952,1.09082,1.09196,1.0861,1.09019,0.00067,55979.53
2014-08-18,1.08932,1.0899,1.0875,1.0891,1.08941,1.09,1.0876,1.08915,5e-05,46524.89
2014-08-19,1.0891,1.0949,1.08889,1.09391,1.08916,1.09499,1.08894,1.09402,0.00011,56795.71
2014-08-20,1.09391,1.09735,1.09318,1.09692,1.09403,1.09744,1.09324,1.09704,0.00012,61691.42
2014-08-21,1.09694,1.09862,1.0939,1.09454,1.09704,1.09869,1.09406,1.09463,9e-05,48660.2
2014-08-22,1.09454,1.09788,1.09283,1.09414,1.09465,1.09823,1.09287,1.09491,0.00077,53507.63
2014-08-25,1.09685,1.09973,1.09428,1.09943,1.097,1.09981,1.09436,1.09951,8e-05,43995.89
2014-08-26,1.09943,1.09962,1.0941,1.09508,1.09951,1.09971,1.09416,1.09515,7e-05,47345.74
2014-08-27,1.09507,1.0953,1.08282,1.08681,1.09515,1.09537,1.08294,1.08689,8e-05,59904.89
2014-08-28,1.08677,1.08681,1.08364,1.08558,1.08685,1.08688,1.0837,1.08568,0.0001,53978.11
2014-08-29,1.08559,1.08788,1.08105,1.08759,1.08567,1.08806,1.08113,1.08799,0.0004,49054.76
2014-09-01,1.08769,1.08775,1.08561,1.08696,1.08779,1.08785,1.08566,1.08705,9e-05,30689.98
2014-09-02,1.08696,1.09351,1.08665,1.093,1.08705,1.0936,1.08673,1.09311,0.00011,51546.19
2014-09-03,1.09301,1.09425,1.08706,1.08891,1.09314,1.0943,1.08716,1.089,9e-05,58109.59
2014-09-04,1.08888,1.09092,1.08206,1.08876,1.08896,1.091,1.08215,1.08883,7e-05,63848.05
2014-09-05,1.08876,1.09024,1.08393,1.08772,1.08881,1.09032,1.0841,1.0884,0.00068,61408.4
2014-09-08,1.08866,1.09828,1.08835,1.09824,1.08873,1.09843,1.08842,1.09832,8e-05,77046.27
2014-09-09,1.09824,1.10316,1.09638,1.09735,1.09832,1.10321,1.09648,1.09745,0.0001,94353.87
2014-09-10,1.09735,1.1014,1.09334,1.09519,1.09745,1.10148,1.09347,1.09529,0.0001,101500.74
2014-09-11,1.09519,1.10587,1.09385,1.10365,1.0953,1.10592,1.09394,1.10373,8e-05,96745.03
2014-09-12,1.10369,1.10975,1.10304,1.10906,1.10373,1.10984,1.10312,1.10962,0.00056,89028.02
2014-09-15,1.1088,1.10986,1.10352,1.10511,1.10893,1.10992,1.10361,1.10519,8e-05,76936.35
2014-09-16,1.1051,1.10715,1.09657,1.09745,1.10514,1.10722,1.09666,1.09759,0.00014,90171.68
2014-09-17,1.09746,1.10234,1.09265,1.10099,1.0976,1.10244,1.09274,1.10108,9e-05,80943.29
2014-09-18,1.10099,1.1015,1.09284,1.09429,1.10108,1.1016,1.09294,1.0944,0.00011,63197.53
2014-09-19,1.09431,1.09796,1.08865,1.09598,1.0944,1.09809,1.08877,1.09668,0.0007,69126.44
2014-09-22,1.09476,1.10435,1.0926,1.10397,1.09485,1.10459,1.0927,1.10406,9e-05,57247.1
2014-09-23,1.10398,1.10835,1.09861,1.1071,1.10406,1.10842,1.0987,1.10721,0.00011,69106.16
2014-09-24,1.1071,1.11219,1.1053,1.10763,1.10722,1.11226,1.10539,1.10771,8e-05,64333.48
2014-09-25,1.10764,1.11273,1.10635,1.11059,1.10771,1.1128,1.10646,1.1107,0.00011,76035.24
2014-09-26,1.11062,1.11687,1.10922,1.11552,1.11073,1.11694,1.10929,1.11577,0.00025,59694.0
2014-09-29,1.11649,1.1178,1.1131,1.11591,1.1166,1.1179,1.11322,1.11605,0.00014,70323.95
2014-09-30,1.11592,1.12192,1.11342,1.12074,1.11605,1.122,1.11351,1.12084,0.0001,73759.38
2014-10-01,1.12074,1.12231,1.11505,1.11526,1.12084,1.12239,1.11513,1.11537,0.00011,77484.63
2014-10-02,1.11524,1.11775,1.10711,1.11582,1.11535,1.1178,1.10724,1.11593,0.00011,100513.41
2014-10-03,1.11582,1.127,1.11577,1.12423,1.11594,1.12705,1.11588,1.12455,0.00032,70443.94
2014-10-06,1.12604,1.12611,1.11114,1.11453,1.12614,1.12621,1.11121,1.11463,0.0001,67173.05
2014-10-07,1.11451,1.11957,1.11311,1.11599,1.11463,1.11965,1.11321,1.11612,0.00013,80562.44
2014-10-08,1.11599,1.121,1.10928,1.11042,1.11612,1.12107,1.10941,1.11054,0.00012,88582.1
2014-10-09,1.11042,1.11907,1.10817,1.11821,1.11054,1.11924,1.10823,1.11832,0.00011,94097.56
2014-10-10,1.11818,1.12217,1.11598,1.11972,1.11828,1.12227,1.11608,1.12007,0.00035,86389.36
2014-10-13,1.11875,1.12193,1.11818,1.12069,1.11884,1.12201,1.11825,1.12081,0.00012,66449.73
2014-10-14,1.12069,1.1318,1.1192,1.13161,1.12081,1.13186,1.11931,1.13172,0.00011,76886.72
2014-10-15,1.13161,1.13851,1.12262,1.12658,1.13172,1.13858,1.12271,1.1267,0.00012,138974.94
2014-10-16,1.12658,1.13606,1.12265,1.12615,1.12671,1.1362,1.12274,1.12619,4e-05,121055.55
2014-10-17,1.12613,1.12827,1.12104,1.12753,1.12619,1.12855,1.12114,1.12773,0.0002,69083.3
2014-10-20,1.12898,1.12953,1.12506,1.12951,1.12912,1.12964,1.12519,1.12963,0.00012,62140.82
2014-10-21,1.12952,1.12963,1.12025,1.12291,1.12963,1.12968,1.12039,1.12303,0.00012,73553.35
2014-10-22,1.12292,1.12942,1.11838,1.12521,1.12304,1.12961,1.11848,1.12537,0.00016,79785.18
2014-10-23,1.12519,1.12636,1.12072,1.12249,1.12538,1.12646,1.12079,1.12258,9e-05,73010.89
2014-10-24,1.12247,1.12423,1.11942,1.12297,1.12258,1.12439,1.11953,1.12341,0.00044,53420.95
2014-10-27,1.12378,1.12547,1.12123,1.12489,1.12389,1.12558,1.12139,1.12495,6e-05,56647.07
2014-10-28,1.12489,1.1251,1.11645,1.11697,1.12495,1.12521,1.11664,1.11703,6e-05,72494.98
2014-10-29,1.11692,1.12243,1.11218,1.11915,1.11702,1.12253,1.11226,1.11925,0.0001,77362.57
2014-10-30,1.11915,1.12229,1.11649,1.11952,1.11923,1.12234,1.1166,1.11968,0.00016,77787.88
2014-10-31,1.11952,1.13322,1.11855,1.12599,1.11968,1.13332,1.11863,1.12687,0.00088,87170.86
2014-11-03,1.12873,1.13767,1.12632,1.13594,1.12889,1.13775,1.12642,1.13607,0.00013,90315.02
2014-11-04,1.13594,1.14267,1.13395,1.13925,1.13607,1.14278,1.13404,1.13939,0.00014,84984.17
2014-11-05,1.13923,1.14661,1.13709,1.13948,1.13939,1.14672,1.13717,1.13963,0.00015,97917.39
2014-11-06,1.13947,1.14432,1.13786,1.14259,1.13964,1.14441,1.13798,1.14278,0.00019,110429.2
2014-11-07,1.14259,1.1448,1.13118,1.1325,1.14277,1.14491,1.13129,1.133,0.0005,100765.6
2014-11-10,1.13286,1.13843,1.12999,1.1371,1.13305,1.13852,1.13008,1.13723,0.00013,76248.26
2014-11-11,1.1371,1.14014,1.13176,1.13348,1.13723,1.14023,1.13181,1.13365,0.00017,77275.98
2014-11-12,1.1335,1.13586,1.12811,1.13224,1.13365,1.13597,1.12819,1.13236,0.00012,86893.15
2014-11-13,1.13222,1.13912,1.12987,1.13818,1.13236,1.13925,1.12996,1.13834,0.00016,77956.3
2014-11-14,1.13818,1.13928,1.12639,1.12851,1.13833,1.13937,1.1265,1.12896,0.00045,86625.53
2014-11-17,1.1289,1.13275,1.12684,1.12959,1.12906,1.13286,1.12694,1.12978,0.00019,78785.72
2014-11-18,1.12959,1.13233,1.126,1.13205,1.12981,1.13244,1.12608,1.13219,0.00014,63052.98
2014-11-19,1.13205,1.13588,1.13104,1.13493,1.1322,1.13601,1.13111,1.13509,0.00016,97717.91
2014-11-20,1.13493,1.1369,1.12925,1.131,1.13511,1.13699,1.12934,1.13111,0.00011,96912.63
2014-11-21,1.131,1.13258,1.11906,1.12295,1.13112,1.13269,1.11921,1.12366,0.00071,96371.09
2014-11-24,1.12313,1.1312,1.12242,1.12888,1.12327,1.13132,1.12251,1.12903,0.00015,82616.96
2014-11-25,1.12889,1.13164,1.12318,1.12489,1.12903,1.1317,1.12327,1.12508,0.00019,93753.56
2014-11-26,1.12488,1.12968,1.12278,1.12536,1.12508,1.12978,1.1229,1.12552,0.00016,66761.25
2014-11-27,1.12539,1.13542,1.12353,1.13387,1.12553,1.13551,1.12361,1.13406,0.00019,72319.17
2014-11-28,1.13388,1.14436,1.13348,1.14114,1.13406,1.14447,1.13362,1.14196,0.00082,81246.6
2014-12-01,1.14529,1.14588,1.1313,1.1321,1.14541,1.146,1.13141,1.13219,9e-05,104415.98
2014-12-02,1.1321,1.14242,1.13184,1.14021,1.13224,1.14251,1.13194,1.14038,0.00017,84640.51
2014-12-03,1.14021,1.14178,1.13464,1.13647,1.14036,1.14188,1.13476,1.13662,0.00015,91395.41
2014-12-04,1.13647,1.13968,1.13402,1.13869,1.13662,1.13977,1.13408,1.13889,0.0002,104889.04
2014-12-05,1.1387,1.14756,1.13839,1.14295,1.13892,1.14767,1.13851,1.14396,0.00101,89819.82
2014-12-08,1.14454,1.14853,1.14262,1.14815,1.14472,1.14874,1.14277,1.14827,0.00012,83842.02
2014-12-09,1.14809,1.15005,1.1397,1.14409,1.14827,1.15019,1.13978,1.14429,0.0002,110164.67
2014-12-10,1.14406,1.15015,1.14357,1.14656,1.14429,1.15033,1.14367,1.14685,0.00029,104873.31
2014-12-11,1.14655,1.15496,1.1448,1.15302,1.14683,1.15503,1.1449,1.1532,0.00018,134914.67
2014-12-12,1.15302,1.15909,1.15155,1.1578,1.1532,1.1592,1.15166,1.15834,0.00054,101845.51
2014-12-15,1.15643,1.1673,1.15479,1.16552,1.15652,1.16746,1.15493,1.16576,0.00024,108371.17
2014-12-16,1.16551,1.16642,1.16064,1.16326,1.16577,1.16657,1.16078,1.16348,0.00022,129004.29
2014-12-17,1.16326,1.16711,1.15602,1.16357,1.16347,1.16724,1.15613,1.16381,0.00024,136034.12
2014-12-18,1.16357,1.16455,1.15687,1.15841,1.16379,1.16465,1.15701,1.15861,0.0002,108328.84
2014-12-19,1.15841,1.16326,1.15673,1.15986,1.15861,1.16356,1.15681,1.16038,0.00052,82186.73
2014-12-22,1.16101,1.16455,1.15779,1.16421,1.16114,1.16473,1.15787,1.16446,0.00025,68227.99
2014-12-23,1.16425,1.16667,1.15988,1.16181,1.16445,1.16678,1.15993,1.16202,0.00021,72027.63
2014-12-24,1.16181,1.16408,1.15898,1.16265,1.16202,1.1642,1.15909,1.16293,0.00028,39530.3
2014-12-25,1.16265,1.16291,1.16047,1.16198,1.16294,1.16396,1.16095,1.16237,0.00039,7363.87
2014-12-26,1.16199,1.16291,1.16028,1.16272,1.16241,1.16349,1.16045,1.16349,0.00077,50216.22
2014-12-29,1.16321,1.16481,1.16048,1.16425,1.16341,1.16489,1.16061,1.16444,0.00019,54074.63
2014-12-30,1.16425,1.16507,1.15968,1.16041,1.16445,1.16521,1.15974,1.16064,0.00023,60306.35
2014-12-31,1.16038,1.16275,1.15645,1.16153,1.16066,1.16288,1.15653,1.16251,0.00098,62574.71
2015-01-01,1.1601,1.16246,1.15975,1.16158,1.16254,1.16265,1.15998,1.16179,0.00021,5861.79
2015-01-02,1.16158,1.17849,1.16158,1.17799,1.16185,1.17894,1.1618,1.17891,0.00092,73835.21
2015-01-05,1.17926,1.18122,1.1743,1.17571,1.17953,1.18133,1.17439,1.17582,0.00011,80117.82
2015-01-06,1.17571,1.18447,1.17302,1.18383,1.17583,1.18466,1.17312,1.18391,8e-05,87031.8
2015-01-07,1.18387,1.1873,1.18121,1.1818,1.18395,1.18759,1.18137,1.18193,0.00013,95012.77
2015-01-08,1.18179,1.18437,1.17965,1.18277,1.18194,1.18448,1.17973,1.18289,0.00012,91197.87
2015-01-09,1.18273,1.18897,1.1804,1.18624,1.18288,1.189,1.18065,1.18681,0.00057,79962.82
2015-01-12,1.18436,1.19773,1.18347,1.19684,1.1845,1.19793,1.18356,1.19698,0.00014,82703.58
2015-01-13,1.19684,1.19935,1.19258,1.19543,1.19698,1.19942,1.19267,1.19559,0.00016,92711.5
2015-01-14,1.19543,1.20167,1.19287,1.19452,1.1956,1.20179,1.19297,1.19466,0.00014,114521.36
2015-01-15,1.19452,1.19942,1.18023,1.19581,1.19467,1.19974,1.18035,1.19609,0.00028,183320.58
2015-01-16,1.19577,1.20462,1.19577,1.19819,1.1961,1.20473,1.19606,1.19892,0.00073,93205.66
2015-01-19,1.19698,1.1985,1.19336,1.19544,1.19715,1.19862,1.19352,1.1956,0.00016,57447.55
2015-01-20,1.19542,1.21141,1.19506,1.21131,1.1957,1.21157,1.19518,1.21147,0.00016,81568.08
2015-01-21,1.21131,1.23939,1.20625,1.23433,1.21147,1.23947,1.20635,1.23458,0.00025,117978.65
2015-01-22,1.23433,1.24193,1.23129,1.2385,1.23463,1.24202,1.23146,1.23871,0.00021,195659.69
2015-01-23,1.2385,1.24565,1.23617,1.24189,1.23871,1.24596,1.2364,1.24228,0.00039,103548.99
2015-01-26,1.2459,1.24888,1.24045,1.24785,1.24607,1.249,1.24057,1.24798,0.00013,91125.66
2015-01-27,1.24784,1.25001,1.23795,1.23956,1.24798,1.25012,1.23805,1.23974,0.00018,90125.68
2015-01-28,1.23957,1.25367,1.23945,1.2524,1.23974,1.25377,1.23956,1.25253,0.00013,95103.64
2015-01-29,1.2524,1.26773,1.25111,1.26127,1.25253,1.26781,1.25122,1.26142,0.00015,93482.38
2015-01-30,1.26127,1.27993,1.26094,1.27305,1.26142,1.28003,1.26108,1.27332,0.00027,101415.11
2015-02-02,1.26889,1.27726,1.25571,1.25826,1.2691,1.27736,1.25579,1.25842,0.00016,110993.35
2015-02-03,1.25824,1.26439,1.23516,1.2441,1.25846,1.26452,1.23523,1.2443,0.0002,137174.36
2015-02-04,1.2441,1.25922,1.23902,1.25783,1.2443,1.25933,1.23917,1.25803,0.0002,120729.09
2015-02-05,1.25783,1.25862,1.23939,1.24355,1.25814,1.25878,1.23945,1.24374,0.00019,104569.13
2015-02-06,1.24354,1.25457,1.23781,1.25238,1.24374,1.25467,1.23798,1.2531,0.00072,95266.22
2015-02-09,1.2517,1.25232,1.24282,1.24748,1.25201,1.25244,1.2429,1.24761,0.00013,80359.42
2015-02-10,1.24748,1.26243,1.24508,1.25848,1.24759,1.26253,1.24516,1.2587,0.00022,95290.55
2015-02-11,1.25848,1.26973,1.25712,1.2618,1.25868,1.26984,1.25729,1.26189,9e-05,99124.34
2015-02-12,1.26181,1.26451,1.24378,1.25092,1.26192,1.26462,1.24391,1.25109,0.00017,113699.76
2015-02-13,1.25092,1.25363,1.24221,1.24462,1.25109,1.25376,1.24232,1.24494,0.00032,105696.15
2015-02-16,1.24537,1.24899,1.24204,1.24774,1.24569,1.24913,1.24215,1.24789,0.00015,67545.94
2015-02-17,1.24775,1.24775,1.23619,1.23911,1.2479,1.24792,1.23629,1.23925,0.00014,96141.69
2015-02-18,1.23911,1.24654,1.23809,1.24558,1.23925,1.24665,1.23824,1.24569,0.00011,100219.85
2015-02-19,1.24558,1.25545,1.24367,1.24904,1.24567,1.25564,1.24378,1.24924,0.0002,111524.33
2015-02-20,1.24898,1.25643,1.2422,1.25279,1.24926,1.2565,1.24228,1.25351,0.00072,97826.53
2015-02-23,1.25338,1.2624,1.25335,1.25729,1.25358,1.26249,1.25349,1.25749,0.0002,94211.68
2015-02-24,1.2573,1.26629,1.24785,1.24962,1.25748,1.26646,1.24794,1.24974,0.00012,125086.6
2015-02-25,1.24957,1.24958,1.24004,1.24317,1.24977,1.24977,1.24008,1.24342,0.00025,113139.86
2015-02-26,1.24317,1.25348,1.23871,1.25065,1.24342,1.25353,1.23883,1.25086,0.00021,131680.8
2015-02-27,1.25065,1.25301,1.24484,1.2506,1.25086,1.25311,1.24494,1.25166,0.00106,115398.12
2015-03-02,1.25149,1.25651,1.2476,1.25416,1.25161,1.25662,1.24768,1.25427,0.00011,82268.81
2015-03-03,1.25415,1.25429,1.24326,1.2483,1.25428,1.25441,1.24335,1.24841,0.00011,106217.73
2015-03-04,1.24833,1.25434,1.24066,1.24252,1.24843,1.25459,1.24074,1.24269,0.00017,102144.84
2015-03-05,1.24252,1.2518,1.24063,1.24839,1.24269,1.2519,1.24072,1.24848,9e-05,91688.7
2015-03-06,1.24837,1.26264,1.24555,1.26217,1.2485,1.26275,1.24563,1.26255,0.00038,104971.44
2015-03-09,1.26039,1.26342,1.25727,1.26194,1.2606,1.26354,1.25739,1.26216,0.00022,96893.86
2015-03-10,1.26191,1.2692,1.2597,1.26754,1.26215,1.26944,1.25982,1.2678,0.00026,151334.77
2015-03-11,1.26754,1.27972,1.26639,1.27399,1.26779,1.27981,1.26651,1.27414,0.00015,150682.78
2015-03-12,1.27398,1.27681,1.26162,1.26901,1.27414,1.27694,1.26174,1.26913,0.00012,133580.2
2015-03-13,1.26901,1.28231,1.2688,1.2781,1.26912,1.28243,1.26897,1.27873,0.00063,115371.99
2015-03-16,1.28168,1.28183,1.27341,1.27759,1.28182,1.28189,1.27355,1.27771,0.00012,113214.9
2015-03-17,1.27759,1.27968,1.27485,1.27873,1.27771,1.27999,1.27496,1.27884,0.00011,95041.44
2015-03-18,1.27873,1.28345,1.24475,1.25536,1.27884,1.28353,1.24499,1.25547,0.00011,144608.94
2015-03-19,1.25537,1.27576,1.25075,1.27005,1.25547,1.27592,1.25089,1.27016,0.00011,150916.06
2015-03-20,1.27005,1.27227,1.25447,1.25502,1.27012,1.27243,1.25458,1.25539,0.00037,118346.3
2015-03-23,1.25832,1.26151,1.24953,1.2521,1.25845,1.26162,1.24964,1.2523,0.0002,133289.02
2015-03-24,1.2521,1.25459,1.24273,1.25081,1.2523,1.25471,1.2428,1.25101,0.0002,126619.92
2015-03-25,1.2508,1.25399,1.24726,1.25268,1.25098,1.25417,1.24736,1.2529,0.00022,118068.03
2015-03-26,1.25269,1.25324,1.24098,1.24788,1.25287,1.25333,1.24106,1.2481,0.00022,142820.5
2015-03-27,1.2479,1.26202,1.24675,1.26116,1.2481,1.26228,1.24686,1.26136,0.0002,121149.33
2015-03-30,1.26097,1.27057,1.26012,1.26743,1.26112,1.27065,1.26026,1.26763,0.0002,120746.44
2015-03-31,1.26742,1.27834,1.26519,1.26859,1.26763,1.27843,1.26528,1.26876,0.00017,136396.75
2015-04-01,1.26861,1.27097,1.2576,1.26117,1.26877,1.27104,1.25769,1.26126,9e-05,136871.06
2015-04-02,1.26113,1.26553,1.2554,1.25622,1.26126,1.26564,1.25568,1.25642,0.0002,121679.66
2015-04-03,1.25623,1.25737,1.2429,1.24857,1.25642,1.25756,1.243,1.24866,9e-05,83213.84
2015-04-06,1.24771,1.25065,1.24368,1.24759,1.2478,1.25071,1.24382,1.2477,0.00011,82001.83
2015-04-07,1.24761,1.25222,1.24545,1.25031,1.2477,1.25231,1.24559,1.25039,8e-05,126082.37
2015-04-08,1.25031,1.25583,1.23874,1.25429,1.25039,1.25595,1.23883,1.25441,0.00012,137847.48
2015-04-09,1.2543,1.26132,1.25084,1.25797,1.25441,1.26143,1.25094,1.25805,8e-05,109587.98
2015-04-10,1.25797,1.26666,1.2568,1.25681,1.25808,1.26672,1.25693,1.25693,0.00012,106743.46
2015-04-13,1.25748,1.26455,1.25621,1.25934,1.25766,1.26464,1.25629,1.25947,0.00013,113563.23
2015-04-14,1.25936,1.26029,1.24444,1.24835,1.25947,1.26036,1.24455,1.24845,0.0001,116501.81
2015-04-15,1.24836,1.25697,1.22806,1.23062,1.24845,1.25709,1.22817,1.23073,0.00011,139887.05
2015-04-16,1.23062,1.23276,1.21427,1.2203,1.23074,1.23283,1.21442,1.22041,0.00011,138418.47
2015-04-17,1.22026,1.2271,1.20876,1.22437,1.22041,1.22722,1.2089,1.22466,0.00029,127893.03
2015-04-20,1.22113,1.22593,1.21793,1.22258,1.22125,1.22603,1.21807,1.22277,0.00019,115478.37
2015-04-21,1.22259,1.23055,1.22136,1.22697,1.22277,1.23059,1.22149,1.22711,0.00014,119394.26
2015-04-22,1.22697,1.22867,1.22107,1.22441,1.22711,1.2288,1.22116,1.22457,0.00016,100647.52
2015-04-23,1.22441,1.22685,1.21206,1.21479,1.22457,1.22698,1.21217,1.21493,0.00014,108223.29
2015-04-24,1.21479,1.21864,1.21025,1.21706,1.21493,1.21884,1.21036,1.21797,0.00091,95493.51
2015-04-27,1.21715,1.2195,1.20801,1.20936,1.21733,1.21959,1.20812,1.20947,0.00011,99872.2
2015-04-28,1.20933,1.21169,1.20147,1.2038,1.20949,1.21178,1.20154,1.20391,0.00011,106386.47
2015-04-29,1.2038,1.20733,1.19444,1.20207,1.2039,1.20743,1.19449,1.20222,0.00015,139107.91
2015-04-30,1.20209,1.21325,1.19966,1.2078,1.20219,1.21333,1.19977,1.20799,0.00019,124240.43
2015-05-01,1.20782,1.22049,1.20748,1.21552,1.20799,1.22062,1.20762,1.21603,0.00051,79154.54
2015-05-04,1.21623,1.21805,1.20873,1.20923,1.21643,1.21814,1.20883,1.20936,0.00013,71629.02
2015-05-05,1.20923,1.21313,1.2003,1.20749,1.20936,1.21322,1.20031,1.20763,0.00014,101286.04
2015-05-06,1.20747,1.20874,1.19396,1.20412,1.20763,1.20885,1.19407,1.20424,0.00012,103467.27
2015-05-07,1.20411,1.21629,1.20345,1.21058,1.20423,1.2164,1.20358,1.21073,0.00015,108270.06
2015-05-08,1.21058,1.21452,1.20447,1.20702,1.21073,1.21463,1.20468,1.20716,0.00014,103993.43
2015-05-11,1.20896,1.21444,1.20646,1.2095,1.20911,1.21449,1.20655,1.20958,8e-05,86837.77
2015-05-12,1.20951,1.21068,1.1978,1.20055,1.20959,1.21082,1.19791,1.2007,0.00015,95426.31
2015-05-13,1.2006,1.20283,1.19282,1.19564,1.20073,1.20291,1.19293,1.19579,0.00015,97874.84
2015-05-14,1.19563,1.20058,1.19196,1.19845,1.19579,1.20069,1.19203,1.19859,0.00014,121274.98
2015-05-15,1.19845,1.20672,1.19799,1.20126,1.19858,1.20678,1.19807,1.2015,0.00024,96537.79
2015-05-18,1.20147,1.21707,1.20141,1.21454,1.20165,1.21718,1.20158,1.21468,0.00014,86421.38
2015-05-19,1.21455,1.22499,1.21289,1.22283,1.21468,1.22504,1.21301,1.22294,0.00011,104048.9
2015-05-20,1.22283,1.22561,1.21671,1.22077,1.22294,1.2257,1.21697,1.22081,4e-05,110644.4
2015-05-21,1.22077,1.22423,1.21711,1.21987,1.22081,1.22433,1.21722,1.21994,7e-05,87140.21
2015-05-22,1.21985,1.2322,1.21727,1.2278,1.21994,1.23228,1.21737,1.22858,0.00078,80936.5
2015-05-25,1.2295,1.23192,1.22755,1.23187,1.22964,1.232,1.22765,1.23199,0.00012,38964.46
2015-05-26,1.23185,1.24472,1.23048,1.24227,1.23197,1.24482,1.23059,1.24241,0.00014,89650.32
2015-05-27,1.24228,1.2492,1.23953,1.24562,1.24241,1.24929,1.2396,1.24572,0.0001,93329.8
2015-05-28,1.24562,1.25379,1.24198,1.24245,1.24572,1.25391,1.24209,1.24257,0.00012,100980.86
2015-05-29,1.24243,1.25271,1.24108,1.24504,1.24255,1.25281,1.2412,1.24525,0.00021,102135.6
2015-06-01,1.24582,1.2563,1.24482,1.25253,1.24596,1.25637,1.24491,1.25265,0.00012,95741.24
2015-06-02,1.25253,1.25348,1.23671,1.24158,1.25265,1.25361,1.23681,1.24172,0.00014,113511.29
2015-06-03,1.24156,1.25094,1.2385,1.24554,1.2417,1.25103,1.23858,1.24563,9e-05,110236.13
2015-06-04,1.24556,1.25069,1.24363,1.24958,1.24563,1.25082,1.24373,1.2497,0.00012,97946.53
2015-06-05,1.24959,1.25624,1.24272,1.24407,1.24972,1.25632,1.24289,1.24494,0.00087,96522.31
2015-06-08,1.24615,1.24724,1.23829,1.24117,1.24626,1.24731,1.23842,1.24129,0.00012,100151.37
2015-06-09,1.24117,1.24416,1.2307,1.23416,1.24127,1.24424,1.23081,1.23422,6e-05,106481.5
2015-06-10,1.23412,1.23521,1.22018,1.22776,1.23422,1.2353,1.22025,1.22788,0.00012,119272.19
2015-06-11,1.22778,1.23542,1.22646,1.22927,1.22792,1.23551,1.22659,1.22934,7e-05,97240.79
2015-06-12,1.22927,1.23469,1.22772,1.23161,1.22931,1.23481,1.22785,1.23241,0.0008,74857.9
2015-06-15,1.23119,1.23607,1.22969,1.23157,1.23138,1.23611,1.22978,1.23166,9e-05,82132.07
2015-06-16,1.23157,1.23464,1.22823,1.22947,1.23167,1.2347,1.2285,1.22956,9e-05,68561.14
2015-06-17,1.22948,1.23527,1.22207,1.22315,1.22956,1.23558,1.22214,1.22329,0.00014,85069.55
2015-06-18,1.22313,1.22502,1.21273,1.22257,1.22327,1.22506,1.21283,1.22269,0.00012,93452.84
2015-06-19,1.22258,1.22956,1.22146,1.2267,1.2227,1.22963,1.22158,1.22725,0.00055,69960.67
2015-06-22,1.2276,1.23286,1.22179,1.23139,1.22775,1.23295,1.22191,1.2315,0.00011,76649.64
2015-06-23,1.23139,1.23823,1.23138,1.2323,1.2315,1.23831,1.23149,1.2324,0.0001,81523.46
2015-06-24,1.23232,1.24226,1.22762,1.23851,1.2324,1.24237,1.22775,1.23863,0.00012,82633.14
2015-06-25,1.23851,1.23992,1.23116,1.23311,1.23863,1.24002,1.23132,1.23326,0.00015,74695.19
2015-06-26,1.23313,1.23972,1.23107,1.23171,1.23327,1.23981,1.23137,1.23238,0.00067,63988.45
2015-06-29,1.23521,1.24132,1.23032,1.24132,1.23543,1.24144,1.23045,1.24144,0.00012,89144.99
2015-06-30,1.24129,1.24999,1.23626,1.24761,1.24144,1.25009,1.23637,1.24833,0.00072,96677.28
2015-07-01,1.24761,1.25974,1.24749,1.25898,1.2483,1.25983,1.24763,1.25913,0.00015,85655.57
2015-07-02,1.25898,1.2633,1.25346,1.25458,1.25913,1.26339,1.25389,1.25469,0.00011,96071.46
2015-07-03,1.25456,1.26021,1.25397,1.25663,1.25469,1.26035,1.25412,1.25779,0.00116,70535.04
2015-07-06,1.26122,1.26637,1.25627,1.26607,1.26144,1.26646,1.2564,1.2662,0.00013,99567.61
2015-07-07,1.26607,1.27794,1.26517,1.27205,1.26619,1.27802,1.26524,1.2722,0.00015,115035.74
2015-07-08,1.27205,1.27675,1.26884,1.27298,1.27219,1.27689,1.26894,1.27312,0.00014,111828.11
2015-07-09,1.273,1.2743,1.26659,1.27093,1.27314,1.27441,1.26673,1.27106,0.00013,106414.65
2015-07-10,1.27093,1.2753,1.26548,1.26553,1.27108,1.2754,1.26581,1.26601,0.00048,102469.51
2015-07-13,1.2697,1.27899,1.26801,1.2752,1.26986,1.27909,1.26812,1.27536,0.00016,112461.51
2015-07-14,1.2752,1.28047,1.27165,1.27354,1.27534,1.28056,1.27171,1.2737,0.00016,111744.65
2015-07-15,1.27354,1.29576,1.27227,1.29289,1.2737,1.29588,1.27236,1.29296,7e-05,124671.2
2015-07-16,1.29289,1.29691,1.29048,1.29672,1.29294,1.29702,1.29058,1.29688,0.00016,107866.48
2015-07-17,1.29675,1.30072,1.29474,1.29693,1.2969,1.3009,1.29486,1.29734,0.00041,91722.24
2015-07-20,1.29876,1.30238,1.29523,1.29963,1.29889,1.30251,1.29535,1.29976,0.00013,100235.21
2015-07-21,1.29965,1.30123,1.29166,1.29414,1.29975,1.30133,1.29175,1.2943,0.00016,118694.37
2015-07-22,1.29415,1.30527,1.29362,1.3041,1.29431,1.30533,1.29376,1.30426,0.00016,105363.28
2015-07-23,1.3041,1.30477,1.29456,1.30211,1.30424,1.30482,1.29507,1.30225,0.00014,108266.73
2015-07-24,1.30209,1.31027,1.30168,1.30453,1.30225,1.31037,1.30179,1.30504,0.00051,96048.17
2015-07-27,1.30414,1.30461,1.29789,1.30367,1.30427,1.30473,1.29799,1.3038,0.00013,109032.11
2015-07-28,1.30364,1.30425,1.29114,1.29287,1.30381,1.30434,1.29123,1.29299,0.00012,111196.62
2015-07-29,1.29287,1.29669,1.28608,1.29493,1.29301,1.29677,1.28627,1.29508,0.00015,118546.45
2015-07-30,1.29493,1.30434,1.29488,1.30047,1.29508,1.30444,1.29502,1.30061,0.00014,119334.6
2015-07-31,1.30046,1.30918,1.29399,1.30903,1.3006,1.30935,1.29415,1.30921,0.00018,133119.06
2015-08-03,1.31244,1.31756,1.311,1.31593,1.31263,1.3177,1.3111,1.31609,0.00016,116438.08
2015-08-04,1.31586,1.32014,1.31051,1.31929,1.31603,1.32028,1.31063,1.31942,0.00013,142934.62
2015-08-05,1.3193,1.32129,1.31098,1.31708,1.31943,1.3214,1.31109,1.31721,0.00013,136034.27
2015-08-06,1.31708,1.31968,1.3094,1.31155,1.31723,1.3198,1.30947,1.31169,0.00014,117656.01
2015-08-07,1.31154,1.31835,1.30482,1.31326,1.31168,1.31848,1.30488,1.31391,0.00065,121034.6
2015-08-10,1.31468,1.31816,1.29912,1.30111,1.31484,1.31822,1.29919,1.30127,0.00016,102803.58
2015-08-11,1.30111,1.31497,1.29949,1.31007,1.30128,1.31502,1.29958,1.31019,0.00012,126230.55
2015-08-12,1.31004,1.31567,1.29517,1.29776,1.31018,1.31587,1.29527,1.29791,0.00015,128146.17
2015-08-13,1.29776,1.30903,1.29588,1.30626,1.29792,1.30914,1.29605,1.30642,0.00016,134815.16
2015-08-14,1.30631,1.30968,1.30161,1.30869,1.30643,1.30987,1.30169,1.30949,0.0008,111235.11
2015-08-17,1.30998,1.31519,1.30596,1.30954,1.31014,1.3153,1.30606,1.30968,0.00014,100214.55
2015-08-18,1.30953,1.31263,1.30402,1.30601,1.30966,1.31272,1.30415,1.30613,0.00012,96376.18
2015-08-19,1.30601,1.31773,1.3024,1.31247,1.30613,1.31784,1.30249,1.3126,0.00013,106286.66
2015-08-20,1.31246,1.31758,1.30599,1.30774,1.3126,1.3177,1.30607,1.30786,0.00012,109951.1
2015-08-21,1.30772,1.31936,1.30592,1.31843,1.30787,1.31945,1.30607,1.31945,0.00102,111845.66
2015-08-24,1.32195,1.32903,1.3152,1.32855,1.32214,1.32923,1.31527,1.32868,0.00013,147087.23
2015-08-25,1.32851,1.33532,1.31438,1.33451,1.32868,1.33547,1.3145,1.33471,0.0002,120294.39
2015-08-26,1.3345,1.33487,1.32504,1.33009,1.33472,1.33503,1.32516,1.33029,0.0002,132130.44
2015-08-27,1.33009,1.33043,1.31786,1.31909,1.33029,1.33059,1.31798,1.3192,0.00011,126228.56
2015-08-28,1.31909,1.32998,1.31665,1.32008,1.3192,1.33011,1.31674,1.32041,0.00033,127421.64
2015-08-31,1.32416,1.33261,1.31164,1.31438,1.3243,1.33279,1.31178,1.31451,0.00013,115831.49
2015-09-01,1.31438,1.32589,1.31178,1.32534,1.31453,1.32631,1.31189,1.32543,9e-05,137332.88
2015-09-02,1.32536,1.3324,1.31988,1.32662,1.32543,1.3325,1.31999,1.32673,0.00011,129838.01
2015-09-03,1.32659,1.32892,1.31368,1.31896,1.32672,1.32906,1.31378,1.3191,0.00014,110526.82
2015-09-04,1.31897,1.32891,1.31608,1.32788,1.3191,1.32902,1.31641,1.32809,0.00021,96157.84
2015-09-07,1.32762,1.33093,1.32446,1.32967,1.32781,1.33103,1.32457,1.32985,0.00018,84348.27
2015-09-08,1.32967,1.33087,1.31848,1.32,1.32985,1.33096,1.31858,1.32016,0.00016,98952.68
2015-09-09,1.32004,1.32852,1.31545,1.32801,1.32018,1.32866,1.31551,1.32819,0.00018,104152.01
2015-09-10,1.32802,1.32878,1.3176,1.32307,1.3282,1.32886,1.3177,1.32326,0.00019,126458.76
2015-09-11,1.32307,1.33097,1.3215,1.3258,1.32326,1.33103,1.32162,1.32666,0.00086,84251.46
2015-09-14,1.32455,1.32797,1.32242,1.32525,1.32466,1.32803,1.32251,1.32538,0.00013,91648.91
2015-09-15,1.32524,1.3272,1.32263,1.3245,1.32538,1.32728,1.32272,1.32466,0.00016,90316.91
2015-09-16,1.32453,1.32511,1.31602,1.31704,1.32467,1.32519,1.31611,1.31717,0.00013,89711.3
2015-09-17,1.31703,1.3205,1.30727,1.31768,1.31715,1.3206,1.30747,1.31788,0.0002,112407.2
2015-09-18,1.31768,1.32291,1.3012,1.32224,1.31787,1.32304,1.30132,1.32304,0.0008,120637.23
2015-09-21,1.32194,1.32648,1.31761,1.32498,1.32203,1.32659,1.31771,1.32511,0.00013,95633.97
2015-09-22,1.32497,1.32978,1.32185,1.32735,1.32514,1.32987,1.32196,1.32746,0.00011,85910.16
2015-09-23,1.32731,1.33572,1.32329,1.33263,1.32748,1.33584,1.32336,1.33276,0.00013,93207.39
2015-09-24,1.33265,1.34162,1.32908,1.33396,1.33278,1.34173,1.32925,1.3341,0.00014,110906.46
2015-09-25,1.33396,1.33544,1.32974,1.33356,1.33409,1.33554,1.32983,1.33387,0.00031,85127.28
2015-09-28,1.33356,1.33985,1.33169,1.33969,1.33372,1.34007,1.3318,1.33987,0.00018,83043.19
2015-09-29,1.33969,1.34571,1.33713,1.34214,1.33984,1.34577,1.33722,1.34221,7e-05,112121.91
2015-09-30,1.3421,1.34303,1.33063,1.33181,1.34221,1.34313,1.3308,1.33192,0.00011,109631.79
2015-10-01,1.33182,1.33201,1.32182,1.3245,1.33192,1.33212,1.32198,1.32464,0.00014,107538.32
2015-10-02,1.32453,1.32508,1.31506,1.31507,1.32464,1.32519,1.31541,1.3155,0.00043,82882.56
2015-10-05,1.31716,1.31739,1.30641,1.30847,1.31728,1.31752,1.30648,1.30861,0.00014,103394.57
2015-10-06,1.30849,1.31337,1.30255,1.30429,1.30856,1.31347,1.30264,1.30447,0.00018,99071.45
2015-10-07,1.30428,1.30717,1.29715,1.30655,1.30442,1.30727,1.29726,1.30665,0.0001,127083.24
2015-10-08,1.30657,1.30735,1.29786,1.2998,1.30664,1.30745,1.29796,1.29991,0.00011,118293.11
2015-10-09,1.2998,1.30001,1.29006,1.294,1.29991,1.30014,1.29015,1.29481,0.00081,105691.3
2015-10-12,1.29523,1.30132,1.29012,1.30125,1.29532,1.30141,1.29022,1.30139,0.00014,87784.17
2015-10-13,1.30125,1.308,1.29559,1.30179,1.30138,1.30805,1.29564,1.3019,0.00011,125437.93
2015-10-14,1.3018,1.30234,1.29111,1.29166,1.30189,1.3025,1.2912,1.29177,0.00011,128879.53
2015-10-15,1.29165,1.29483,1.28319,1.28553,1.29176,1.2949,1.28326,1.28567,0.00014,119431.1
2015-10-16,1.28551,1.2939,1.28522,1.29056,1.28569,1.294,1.28529,1.29135,0.00079,91281.82
2015-10-19,1.29168,1.3028,1.29013,1.30213,1.29178,1.30291,1.29023,1.3023,0.00017,89760.3
2015-10-20,1.30213,1.3047,1.29351,1.29864,1.3023,1.30478,1.29358,1.2988,0.00016,93924.94
2015-10-21,1.29864,1.31437,1.29681,1.31341,1.29882,1.31463,1.29695,1.31353,0.00012,106303.12
2015-10-22,1.31341,1.31593,1.30835,1.31063,1.31353,1.31602,1.30843,1.31076,0.00013,114419.15
2015-10-23,1.31063,1.31976,1.30399,1.31631,1.31074,1.31987,1.3041,1.3168,0.00049,110029.61
2015-10-26,1.31721,1.31833,1.31208,1.31562,1.31737,1.31848,1.31215,1.31576,0.00014,90607.02
2015-10-27,1.31564,1.32731,1.3156,1.32698,1.31579,1.32745,1.31574,1.32709,0.00011,93219.89
2015-10-28,1.32698,1.32795,1.30897,1.3195,1.32709,1.32804,1.30909,1.31963,0.00013,114040.54
2015-10-29,1.31949,1.32379,1.31328,1.31601,1.31963,1.32388,1.31334,1.31616,0.00015,117073.35
2015-10-30,1.31607,1.31925,1.30553,1.30785,1.31617,1.3193,1.30563,1.30816,0.00031,117293.79
2015-11-02,1.30753,1.31162,1.30646,1.30936,1.30761,1.31173,1.30658,1.30952,0.00016,95066.73
2015-11-03,1.30937,1.31649,1.30378,1.30654,1.30955,1.31658,1.30387,1.30666,0.00012,110298.92
2015-11-04,1.30654,1.31912,1.30446,1.31562,1.30666,1.31918,1.30459,1.31574,0.00012,107001.65
2015-11-05,1.31559,1.31863,1.31406,1.3161,1.31576,1.31869,1.31417,1.31624,0.00014,107544.3
2015-11-06,1.31609,1.33174,1.31568,1.33036,1.31621,1.33184,1.31578,1.33079,0.00043,116159.64
2015-11-09,1.32971,1.33096,1.32453,1.32678,1.32986,1.33111,1.32461,1.32687,9e-05,103613.47
2015-11-10,1.32676,1.3297,1.32446,1.32646,1.32693,1.32977,1.32454,1.32656,0.0001,98342.53
2015-11-11,1.32643,1.32835,1.32319,1.32551,1.32659,1.32843,1.32329,1.32567,0.00016,90863.62
2015-11-12,1.3255,1.33408,1.32245,1.3284,1.32567,1.33417,1.32257,1.3285,0.0001,116628.44
2015-11-13,1.32839,1.33492,1.3267,1.3321,1.32849,1.33498,1.32679,1.33256,0.00046,94917.42
2015-11-16,1.33179,1.33706,1.32899,1.3332,1.33195,1.33712,1.32908,1.33335,0.00015,111446.4
2015-11-17,1.3332,1.33437,1.3297,1.33175,1.33336,1.33447,1.32979,1.33189,0.00014,120025.76
2015-11-18,1.33175,1.33682,1.32937,1.32993,1.33186,1.33702,1.32948,1.33005,0.00012,104939.74
2015-11-19,1.32993,1.33037,1.32463,1.32951,1.33005,1.33044,1.32471,1.32961,0.0001,118829.56
2015-11-20,1.32944,1.33552,1.32699,1.33472,1.32963,1.33573,1.32709,1.33503,0.00031,111520.86
2015-11-23,1.33569,1.34356,1.33351,1.33621,1.33583,1.34364,1.3336,1.33635,0.00014,124062.42
2015-11-24,1.33621,1.33771,1.32841,1.33054,1.33635,1.33783,1.32849,1.33063,9e-05,116005.3
2015-11-25,1.33052,1.3339,1.32795,1.32969,1.33065,1.33397,1.32804,1.32992,0.00023,108350.12
2015-11-26,1.32967,1.33243,1.32841,1.32945,1.32996,1.3325,1.32851,1.32957,0.00012,87273.83
2015-11-27,1.32946,1.33752,1.32921,1.33706,1.32958,1.33794,1.32933,1.33754,0.00048,89906.35
2015-11-30,1.33675,1.33927,1.33119,1.33486,1.3369,1.33936,1.33126,1.33498,0.00012,114396.56
2015-12-01,1.33488,1.33959,1.33096,1.33609,1.33498,1.33987,1.33101,1.3362,0.00011,144326.44
2015-12-02,1.33609,1.34075,1.33079,1.33492,1.33621,1.34079,1.33096,1.33504,0.00012,140793.73
2015-12-03,1.33492,1.33997,1.3293,1.33473,1.33505,1.34006,1.32945,1.33484,0.00011,161880.62
2015-12-04,1.33473,1.34158,1.33175,1.33602,1.33482,1.34164,1.33183,1.33638,0.00036,148049.36
2015-12-07,1.33898,1.35237,1.33842,1.35087,1.33915,1.35242,1.33856,1.35105,0.00018,125527.89
2015-12-08,1.35093,1.36219,1.35033,1.35796,1.35105,1.36227,1.35042,1.35811,0.00015,145016.81
2015-12-09,1.35791,1.36196,1.35167,1.35674,1.35812,1.36205,1.35176,1.35689,0.00015,136433.55
2015-12-10,1.35673,1.36396,1.3532,1.36334,1.35688,1.36409,1.35328,1.36342,8e-05,129201.18
2015-12-11,1.36334,1.37573,1.36314,1.37544,1.36342,1.37592,1.36321,1.37578,0.00034,118676.34
2015-12-14,1.37376,1.37807,1.36764,1.37274,1.37394,1.37816,1.36773,1.37289,0.00015,170591.42
2015-12-15,1.37273,1.3766,1.36729,1.37289,1.3729,1.37667,1.36739,1.37299,0.0001,151114.02
2015-12-16,1.37287,1.38474,1.37276,1.37933,1.37299,1.38485,1.37289,1.3795,0.00017,137278.31
2015-12-17,1.37931,1.39863,1.37823,1.3929,1.3795,1.39876,1.37835,1.39303,0.00013,125596.25
2015-12-18,1.3929,1.40012,1.38538,1.39549,1.39303,1.40017,1.38549,1.39581,0.00032,122213.83
2015-12-21,1.3942,1.39933,1.39128,1.39505,1.39433,1.39943,1.39137,1.39512,7e-05,109084.32
2015-12-22,1.395,1.39642,1.39107,1.39193,1.39509,1.3965,1.39119,1.39207,0.00014,94888.46
2015-12-23,1.39193,1.39369,1.38353,1.38527,1.39207,1.3941,1.38363,1.38546,0.00019,92571.4
2015-12-24,1.3853,1.38741,1.38141,1.38162,1.38546,1.38749,1.3816,1.38191,0.00029,61443.11
2015-12-25,1.38173,1.38258,1.38106,1.38115,1.38252,1.38348,1.38131,1.3815,0.00035,2264.26
2015-12-28,1.3838,1.39154,1.38258,1.38946,1.38421,1.39163,1.38282,1.38961,0.00015,69642.6
2015-12-29,1.38951,1.39397,1.38156,1.38357,1.3896,1.39407,1.3817,1.38367,0.0001,83446.41
2015-12-30,1.38358,1.3927,1.38284,1.38735,1.38369,1.39278,1.38296,1.38747,0.00012,101312.69
2015-12-31,1.38732,1.3903,1.38208,1.38326,1.38748,1.39043,1.38226,1.38431,0.00105,69291.85
2016-01-04,1.38736,1.39831,1.38493,1.3936,1.38753,1.39839,1.38508,1.39375,0.00015,115647.56
2016-01-05,1.3936,1.40186,1.38976,1.39874,1.39374,1.40201,1.38983,1.39886,0.00012,128821.97
2016-01-06,1.39868,1.41086,1.39792,1.40679,1.39886,1.41099,1.39798,1.40691,0.00012,151161.75
2016-01-07,1.40681,1.41692,1.40502,1.41043,1.40691,1.41704,1.4051,1.41064,0.00021,166706.84
2016-01-08,1.41041,1.41766,1.40583,1.41702,1.41064,1.41789,1.40593,1.41735,0.00033,142002.19
2016-01-11,1.41832,1.4245,1.40648,1.42225,1.41855,1.42461,1.40654,1.42252,0.00027,146981.91
2016-01-12,1.42227,1.43152,1.41763,1.4256,1.42252,1.43166,1.4177,1.42572,0.00012,165934.39
2016-01-13,1.42559,1.43799,1.41871,1.43524,1.42572,1.43809,1.4188,1.43549,0.00025,160416.36
2016-01-14,1.43526,1.43972,1.4334,1.4343,1.4355,1.4398,1.4335,1.43448,0.00018,167232.97
2016-01-15,1.4343,1.45536,1.4343,1.45352,1.43448,1.45547,1.43447,1.45429,0.00077,169568.95
2016-01-18,1.45798,1.45824,1.4486,1.45442,1.45814,1.45859,1.44871,1.45467,0.00025,140766.55
2016-01-19,1.4544,1.45885,1.44316,1.45665,1.45465,1.45907,1.44325,1.45686,0.00021,183193.59
2016-01-20,1.45664,1.46898,1.44704,1.44706,1.45686,1.46906,1.44717,1.44722,0.00016,215851.19
2016-01-21,1.44705,1.45402,1.42274,1.42699,1.44722,1.45413,1.42286,1.42716,0.00017,219300.27
2016-01-22,1.42698,1.42996,1.41145,1.41167,1.42716,1.43012,1.41158,1.41209,0.00042,183801.09
2016-01-25,1.41438,1.42983,1.4126,1.42983,1.41456,1.43006,1.41276,1.43005,0.00022,169118.84
2016-01-26,1.42977,1.43253,1.40444,1.41209,1.43007,1.43263,1.40454,1.41223,0.00014,189823.34
2016-01-27,1.41209,1.41563,1.40278,1.40981,1.41222,1.41573,1.40284,1.40991,0.0001,202261.52
2016-01-28,1.40981,1.41224,1.39474,1.4036,1.40991,1.41237,1.39485,1.40379,0.00019,204161.94
2016-01-29,1.4036,1.41086,1.39658,1.39756,1.40378,1.41098,1.39683,1.39783,0.00027,181355.88
2016-02-01,1.39734,1.40617,1.39077,1.39545,1.39749,1.40627,1.39086,1.39561,0.00016,189107.45
2016-02-02,1.39545,1.40818,1.39505,1.40664,1.3956,1.40825,1.39528,1.40683,0.00019,184545.84
2016-02-03,1.40668,1.41019,1.37564,1.37934,1.40683,1.41031,1.37572,1.37951,0.00017,209959.3
2016-02-04,1.37937,1.37937,1.36389,1.37574,1.37954,1.37954,1.364,1.37583,9e-05,197291.39
2016-02-05,1.37573,1.39177,1.37091,1.3914,1.37584,1.39206,1.37104,1.3919,0.0005,167789.78
2016-02-08,1.38849,1.39778,1.38403,1.39281,1.38872,1.39783,1.38416,1.39299,0.00018,184513.66
2016-02-09,1.39281,1.396,1.37859,1.38824,1.39301,1.39613,1.37873,1.3886,0.00036,211501.89
2016-02-10,1.38827,1.39984,1.382,1.39234,1.38862,1.4,1.38209,1.39254,0.0002,217799.86
2016-02-11,1.39234,1.40157,1.38823,1.39169,1.39254,1.4017,1.3884,1.39191,0.00022,243580.28
2016-02-12,1.39172,1.39647,1.38128,1.38455,1.39193,1.3966,1.38141,1.38539,0.00084,177195.44
2016-02-15,1.38371,1.38517,1.37974,1.38217,1.38401,1.38528,1.37992,1.38237,0.0002,123540.75
2016-02-16,1.38217,1.39113,1.37063,1.38593,1.38236,1.39124,1.37076,1.38617,0.00024,193293.17
2016-02-17,1.38599,1.38984,1.36647,1.36795,1.38618,1.38998,1.36677,1.36812,0.00017,193076.27
2016-02-18,1.36794,1.37514,1.36532,1.37373,1.36813,1.37526,1.36546,1.37391,0.00018,169166.59
2016-02-19,1.3737,1.38463,1.37337,1.37626,1.37388,1.38475,1.37356,1.37732,0.00106,154367.55
2016-02-22,1.3789,1.37903,1.36619,1.37027,1.37914,1.37918,1.36627,1.3704,0.00013,147340.27
2016-02-23,1.37028,1.38208,1.36945,1.37955,1.3704,1.38217,1.36953,1.37978,0.00023,158404.89
2016-02-24,1.37958,1.38589,1.36771,1.37034,1.37978,1.38599,1.36786,1.37045,0.00011,179580.2
2016-02-25,1.37032,1.37349,1.35166,1.35427,1.37043,1.3736,1.3518,1.35452,0.00025,187350.11
2016-02-26,1.35426,1.35641,1.35049,1.35115,1.35458,1.3565,1.35057,1.35154,0.00039,160634.48
2016-02-29,1.35504,1.35869,1.34811,1.35377,1.3552,1.3588,1.34824,1.35397,0.0002,169312.19
2016-03-01,1.35376,1.35511,1.33855,1.34273,1.35398,1.35523,1.33869,1.34286,0.00013,175071.78
2016-03-02,1.34273,1.34986,1.34118,1.34291,1.34285,1.34995,1.34132,1.34305,0.00014,157442.12
2016-03-03,1.34293,1.34727,1.33709,1.34073,1.34304,1.34735,1.33717,1.34094,0.00021,149725.48
2016-03-04,1.34073,1.34707,1.33113,1.33128,1.34093,1.34719,1.33134,1.33164,0.00036,136933.84
2016-03-07,1.33354,1.33773,1.3261,1.32904,1.33377,1.33777,1.32627,1.32923,0.00019,133434.8
2016-03-08,1.32901,1.34262,1.32894,1.34179,1.32923,1.34279,1.32907,1.34195,0.00016,130195.05
2016-03-09,1.34179,1.34462,1.32279,1.32488,1.34196,1.34472,1.3229,1.32509,0.00021,170879.88
2016-03-10,1.32486,1.33973,1.32314,1.3337,1.32508,1.33985,1.32326,1.33391,0.00021,173084.38
2016-03-11,1.3337,1.33426,1.31672,1.3214,1.33392,1.33446,1.31684,1.32145,5e-05,155747.41
2016-03-14,1.32367,1.33074,1.32107,1.32752,1.32388,1.33087,1.32118,1.32769,0.00017,138065.11
2016-03-15,1.32752,1.34018,1.32702,1.33561,1.32769,1.3403,1.3272,1.33576,0.00015,154202.38
2016-03-16,1.33562,1.34053,1.30926,1.31178,1.33575,1.34058,1.30941,1.31194,0.00016,160925.8
2016-03-17,1.3118,1.31222,1.29453,1.29884,1.31194,1.31243,1.29464,1.299,0.00016,179303.98
2016-03-18,1.29884,1.30422,1.29229,1.30038,1.299,1.30436,1.29245,1.30075,0.00037,157471.06
2016-03-21,1.30474,1.31018,1.30211,1.30927,1.30487,1.3105,1.3022,1.30945,0.00018,140791.09
2016-03-22,1.30926,1.31379,1.30279,1.30498,1.30946,1.31394,1.30292,1.3052,0.00022,158865.48
2016-03-23,1.305,1.32191,1.30379,1.32082,1.3052,1.32203,1.30391,1.32096,0.00014,155363.62
2016-03-24,1.32078,1.32958,1.32066,1.32412,1.32097,1.32969,1.32084,1.32496,0.00084,138220.75
2016-03-25,1.32413,1.32844,1.32246,1.32604,1.32495,1.32864,1.32278,1.32659,0.00055,74901.53
2016-03-28,1.32723,1.32844,1.31669,1.31767,1.32746,1.32868,1.31685,1.31774,7e-05,111121.32
2016-03-29,1.31769,1.32157,1.30503,1.30632,1.31774,1.32167,1.30516,1.30653,0.00021,159822.94
2016-03-30,1.30633,1.30806,1.29118,1.29766,1.30653,1.30823,1.29127,1.29785,0.00019,184522.81
2016-03-31,1.29766,1.30107,1.2857,1.29895,1.29784,1.30115,1.28576,1.29914,0.00019,177731.77
2016-04-01,1.29896,1.31469,1.29679,1.30106,1.29913,1.3148,1.29695,1.30167,0.00061,155593.66
2016-04-04,1.30375,1.3087,1.30025,1.30773,1.30391,1.30897,1.30036,1.30781,8e-05,143748.86
2016-04-05,1.30774,1.32186,1.30732,1.31409,1.30781,1.32199,1.30741,1.31431,0.00022,161699.61
2016-04-06,1.31409,1.31864,1.30624,1.30815,1.31427,1.31873,1.30637,1.30832,0.00017,168911.41
2016-04-07,1.30815,1.31803,1.3018,1.31428,1.30834,1.31815,1.30193,1.31446,0.00018,157996.98
2016-04-08,1.31426,1.31433,1.29519,1.29877,1.3144,1.31448,1.2953,1.29919,0.00042,144335.59
2016-04-11,1.29788,1.30156,1.2885,1.2909,1.2981,1.30167,1.28857,1.29107,0.00017,176653.23
2016-04-12,1.29088,1.292,1.27499,1.27677,1.29107,1.29208,1.27509,1.27698,0.00021,170456.64
2016-04-13,1.2768,1.28274,1.27441,1.28181,1.277,1.28284,1.27452,1.28202,0.00021,178368.66
2016-04-14,1.28176,1.28971,1.27818,1.28412,1.282,1.28978,1.27826,1.28431,0.00019,158019.75
2016-04-15,1.2842,1.29026,1.27969,1.28147,1.2843,1.29037,1.27978,1.28207,0.0006,133640.98
2016-04-18,1.29774,1.29894,1.27636,1.27719,1.29791,1.29905,1.27648,1.27731,0.00012,186038.7
2016-04-19,1.2772,1.2785,1.26309,1.26967,1.2773,1.27864,1.26315,1.26979,0.00012,176613.95
2016-04-20,1.26967,1.27297,1.25927,1.26461,1.26978,1.27309,1.2594,1.26479,0.00018,166999.67
2016-04-21,1.26462,1.27497,1.26275,1.27244,1.26479,1.27503,1.26285,1.27259,0.00015,155091.69
2016-04-22,1.27242,1.27578,1.26219,1.26659,1.2726,1.27587,1.2623,1.26704,0.00045,160132.72
2016-04-25,1.26696,1.27169,1.26564,1.26767,1.26716,1.2718,1.26575,1.26777,0.0001,153745.88
2016-04-26,1.26766,1.26855,1.25944,1.26103,1.26777,1.26863,1.25955,1.26121,0.00018,150528.34
2016-04-27,1.26103,1.2694,1.25711,1.25825,1.26122,1.26958,1.25718,1.25839,0.00014,168230.52
2016-04-28,1.25825,1.26062,1.25149,1.25494,1.25839,1.26073,1.2516,1.25512,0.00018,192431.06
2016-04-29,1.25496,1.25866,1.24979,1.25498,1.2551,1.25884,1.24985,1.25536,0.00038,171463.02
2016-05-02,1.25414,1.25625,1.25128,1.25304,1.25446,1.25634,1.25138,1.25321,0.00017,133644.47
2016-05-03,1.25306,1.27311,1.24607,1.27002,1.25324,1.27337,1.24615,1.27018,0.00016,174321.52
2016-05-04,1.27001,1.28852,1.26967,1.28633,1.2702,1.28863,1.26981,1.28644,0.00011,168901.8
2016-05-05,1.28632,1.2875,1.27854,1.28532,1.28643,1.28761,1.27862,1.28546,0.00014,145853.23
2016-05-06,1.2853,1.29517,1.28353,1.29078,1.28547,1.29528,1.28362,1.29109,0.00031,141879.64
2016-05-09,1.29316,1.30147,1.29058,1.29595,1.29333,1.30156,1.29068,1.29609,0.00014,140522.2
2016-05-10,1.29598,1.298,1.29073,1.29162,1.29609,1.29807,1.29087,1.2918,0.00018,139733.55
2016-05-11,1.29163,1.29416,1.28297,1.28632,1.29182,1.29424,1.28306,1.28648,0.00016,141046.16
2016-05-12,1.28632,1.28781,1.27714,1.28423,1.28648,1.28792,1.27722,1.28437,0.00014,140281.94
2016-05-13,1.28422,1.2957,1.28403,1.29382,1.28436,1.29579,1.28418,1.2942,0.00038,145744.12
2016-05-16,1.29553,1.29624,1.28749,1.29002,1.29566,1.29635,1.28756,1.29015,0.00013,106103.39
2016-05-17,1.29002,1.29552,1.28372,1.29079,1.29015,1.2956,1.28383,1.29095,0.00016,125840.19
2016-05-18,1.2908,1.30364,1.28935,1.30276,1.29095,1.30374,1.2895,1.30287,0.00011,149040.56
2016-05-19,1.30276,1.3154,1.30274,1.30882,1.30286,1.3155,1.30283,1.30895,0.00013,176938.75
2016-05-20,1.30883,1.31618,1.30766,1.31124,1.30895,1.31623,1.30775,1.31173,0.00049,114977.87
2016-05-23,1.31252,1.31733,1.30987,1.31476,1.31267,1.31741,1.30997,1.3149,0.00014,116412.76
2016-05-24,1.31475,1.31878,1.3086,1.31273,1.3149,1.31889,1.30868,1.31288,0.00015,129703.47
2016-05-25,1.31267,1.31332,1.30126,1.30339,1.31287,1.3134,1.30154,1.30353,0.00014,135906.61
2016-05-26,1.30337,1.30345,1.29108,1.2975,1.30353,1.30358,1.29113,1.29766,0.00016,119906.76
2016-05-27,1.29749,1.30682,1.2968,1.30223,1.29766,1.30689,1.2969,1.30264,0.00041,118666.39
2016-05-30,1.30485,1.30946,1.30327,1.30406,1.30494,1.30955,1.30339,1.3042,0.00014,105131.73
2016-05-31,1.30404,1.3134,1.30168,1.30748,1.30418,1.31347,1.30175,1.30762,0.00014,135553.55
2016-06-01,1.30748,1.31218,1.30421,1.3075,1.30765,1.31235,1.3043,1.30767,0.00017,150228.2
2016-06-02,1.30749,1.31438,1.30556,1.30957,1.30767,1.31445,1.30567,1.30972,0.00015,137600.58
2016-06-03,1.30956,1.31035,1.29147,1.29321,1.30971,1.31049,1.29164,1.29417,0.00096,142397.12
2016-06-06,1.29572,1.29821,1.28028,1.28141,1.29587,1.29833,1.2804,1.28158,0.00017,139852.34
2016-06-07,1.28141,1.28392,1.27324,1.27597,1.28162,1.28403,1.27345,1.27608,0.00011,133176.34
2016-06-08,1.27594,1.27596,1.26545,1.26865,1.27607,1.27608,1.26554,1.26879,0.00014,133031.78
2016-06-09,1.26862,1.27662,1.26705,1.27311,1.26877,1.27669,1.26716,1.27323,0.00012,135770.14
2016-06-10,1.2731,1.2781,1.26598,1.27794,1.27323,1.27846,1.26609,1.27845,0.00051,134681.55
2016-06-13,1.27789,1.28386,1.27497,1.28311,1.27807,1.28403,1.27509,1.28323,0.00012,145243.31
2016-06-14,1.28311,1.28726,1.28148,1.28617,1.28323,1.28752,1.28161,1.28635,0.00018,141304.06
2016-06-15,1.28614,1.29429,1.2826,1.29102,1.28634,1.29437,1.28268,1.29121,0.00019,152212.28
2016-06-16,1.29103,1.30855,1.28945,1.291,1.29123,1.30867,1.28961,1.29119,0.00019,163959.14
2016-06-17,1.291,1.29428,1.28295,1.28916,1.29116,1.2944,1.28302,1.28966,0.0005,140316.12
2016-06-20,1.28491,1.28576,1.27723,1.27995,1.28505,1.28591,1.27733,1.28009,0.00014,142551.88
2016-06-21,1.27995,1.28262,1.27622,1.28049,1.28009,1.28274,1.2763,1.28063,0.00014,129048.06
2016-06-22,1.28051,1.28526,1.27418,1.28162,1.28062,1.28538,1.27427,1.28175,0.00013,127733.24
2016-06-23,1.28163,1.28736,1.26776,1.28225,1.28175,1.28793,1.26791,1.28272,0.00047,166031.58
2016-06-24,1.28225,1.30988,1.28152,1.29972,1.28267,1.30994,1.28164,1.3005,0.00078,183150.94
2016-06-27,1.30245,1.31201,1.29936,1.30669,1.30264,1.31209,1.2995,1.30677,8e-05,175261.39
2016-06-28,1.30669,1.31077,1.29662,1.30207,1.30676,1.31085,1.29672,1.30219,0.00012,156408.31
2016-06-29,1.30209,1.30424,1.29303,1.29355,1.30219,1.30433,1.29326,1.29371,0.00016,156679.55
2016-06-30,1.29355,1.30161,1.29143,1.29593,1.29372,1.30165,1.29151,1.29608,0.00015,164853.95
2016-07-01,1.29593,1.29745,1.28651,1.2908,1.29609,1.2976,1.28659,1.29165,0.00085,128933.26
2016-07-04,1.29121,1.29144,1.28313,1.28688,1.29136,1.29156,1.28321,1.28698,0.0001,113724.27
2016-07-05,1.28689,1.3017,1.28469,1.30035,1.28699,1.30178,1.28483,1.30052,0.00017,151625.94
2016-07-06,1.30038,1.30557,1.29472,1.29636,1.30052,1.30566,1.29484,1.29649,0.00013,189048.53
2016-07-07,1.29637,1.30209,1.28765,1.29978,1.29649,1.30213,1.28775,1.29991,0.00013,170306.59
2016-07-08,1.2998,1.30902,1.29879,1.30403,1.29991,1.30906,1.29887,1.3044,0.00037,160979.48
2016-07-11,1.30489,1.31394,1.30294,1.31212,1.30505,1.31404,1.30307,1.31222,0.0001,164693.44
2016-07-12,1.31212,1.31325,1.2981,1.30596,1.31224,1.31339,1.29815,1.30609,0.00013,155554.67
2016-07-13,1.30596,1.30836,1.29361,1.2975,1.30609,1.30844,1.29369,1.29765,0.00015,163633.08
2016-07-14,1.29751,1.2976,1.28623,1.29092,1.29765,1.29774,1.28633,1.29101,9e-05,172128.47
2016-07-15,1.2909,1.29877,1.28609,1.2969,1.29101,1.29884,1.28626,1.29747,0.00057,134539.16
2016-07-18,1.29563,1.30222,1.29267,1.29575,1.2958,1.3023,1.2928,1.29587,0.00012,132430.91
2016-07-19,1.29574,1.3054,1.29553,1.30268,1.29587,1.30549,1.29563,1.30273,5e-05,137393.34
2016-07-20,1.30268,1.30959,1.30136,1.30695,1.30274,1.30964,1.30143,1.30707,0.00012,395844.0
2016-07-21,1.30695,1.3101,1.30239,1.30726,1.30707,1.31016,1.30249,1.30735,9e-05,504410.69
2016-07-22,1.30726,1.31849,1.30556,1.31269,1.30735,1.31859,1.30568,1.31283,0.00014,535345.0
2016-07-25,1.3136,1.3242,1.31236,1.32226,1.31373,1.32426,1.31248,1.32241,0.00015,441943.06
2016-07-26,1.32226,1.32436,1.31699,1.3174,1.32241,1.32447,1.31711,1.31752,0.00012,549546.75
2016-07-27,1.3174,1.32521,1.31329,1.31387,1.31752,1.32536,1.31342,1.31403,0.00016,551469.06
2016-07-28,1.31387,1.3192,1.31011,1.31523,1.31403,1.31927,1.31018,1.3153,7e-05,527750.31
2016-07-29,1.31523,1.31859,1.30015,1.30389,1.31531,1.31867,1.30021,1.30427,0.00038,527118.38
2016-08-01,1.30595,1.31309,1.30277,1.31236,1.30608,1.31319,1.30286,1.31245,9e-05,383969.81
2016-08-02,1.31236,1.31409,1.30049,1.31055,1.31247,1.3142,1.3006,1.31067,0.00012,547619.25
2016-08-03,1.31055,1.31474,1.30609,1.30722,1.31067,1.31482,1.30636,1.30732,0.0001,474359.56
2016-08-04,1.30722,1.30887,1.29958,1.30158,1.30733,1.30898,1.29975,1.30171,0.00013,443336.0
2016-08-05,1.30158,1.32001,1.30089,1.31702,1.3017,1.32009,1.30096,1.31727,0.00025,411825.12
2016-08-08,1.31825,1.31875,1.3136,1.31558,1.31836,1.31887,1.31367,1.31569,0.00011,368678.62
2016-08-09,1.31561,1.31897,1.31091,1.31174,1.31569,1.31904,1.31097,1.31186,0.00012,386878.62
2016-08-10,1.31174,1.31177,1.299,1.30579,1.31186,1.31188,1.29908,1.30591,0.00012,394085.38
2016-08-11,1.30579,1.30797,1.2958,1.29864,1.30591,1.30805,1.29585,1.29876,0.00012,400482.06
2016-08-12,1.29864,1.29924,1.2924,1.29525,1.29876,1.29937,1.29249,1.29535,0.0001,353320.91
2016-08-15,1.29589,1.29753,1.29015,1.29288,1.29601,1.29762,1.29025,1.29296,8e-05,319687.28
2016-08-16,1.2929,1.29334,1.27986,1.28658,1.29296,1.29344,1.27995,1.28669,0.00011,378681.28
2016-08-17,1.28657,1.29176,1.28309,1.28441,1.2867,1.29184,1.28315,1.28453,0.00012,403501.09
2016-08-18,1.28441,1.2853,1.27636,1.27774,1.28453,1.2854,1.27646,1.27785,0.00011,410597.97
2016-08-19,1.27774,1.28916,1.27765,1.28681,1.27782,1.28927,1.27778,1.28695,0.00014,370857.94
2016-08-22,1.28897,1.29649,1.28894,1.294,1.28914,1.29658,1.28909,1.29411,0.00011,468155.78
2016-08-23,1.294,1.29412,1.28586,1.29201,1.29411,1.29422,1.28593,1.29211,0.0001,455513.88
2016-08-24,1.29201,1.29576,1.29013,1.29325,1.29211,1.29581,1.29021,1.29336,0.00011,473236.62
2016-08-25,1.29325,1.29394,1.28985,1.2914,1.29336,1.29399,1.28994,1.29152,0.00012,405916.38
2016-08-26,1.29142,1.30115,1.28308,1.3001,1.29152,1.30126,1.28323,1.30085,0.00075,453847.97
2016-08-29,1.30163,1.30473,1.29966,1.30132,1.30176,1.30481,1.29973,1.30146,0.00014,450046.34
2016-08-30,1.30132,1.31032,1.30095,1.3087,1.30146,1.31039,1.30103,1.30879,9e-05,461595.62
2016-08-31,1.3087,1.31452,1.30796,1.31107,1.30881,1.3146,1.30804,1.3112,0.00013,499141.53
2016-09-01,1.31107,1.31476,1.30828,1.30939,1.31118,1.31485,1.30835,1.30949,0.0001,523978.03
2016-09-02,1.30939,1.31144,1.29814,1.29827,1.3095,1.31151,1.2983,1.29905,0.00078,506112.38
2016-09-05,1.29948,1.29949,1.29063,1.29304,1.29958,1.29961,1.29071,1.29313,9e-05,332026.59
2016-09-06,1.29306,1.29318,1.28267,1.28489,1.29313,1.29324,1.28275,1.28501,0.00012,441025.62
2016-09-07,1.28488,1.29139,1.28223,1.28832,1.285,1.2915,1.28233,1.28845,0.00013,453935.06
2016-09-08,1.28832,1.29387,1.2851,1.29222,1.28845,1.29401,1.28516,1.29232,0.0001,489977.09
2016-09-09,1.2922,1.30529,1.29102,1.30475,1.29233,1.30537,1.2911,1.30527,0.00052,457970.66
2016-09-12,1.30487,1.31234,1.30305,1.30309,1.30498,1.31241,1.30315,1.3032,0.00011,542264.75
2016-09-13,1.30309,1.31899,1.30293,1.31581,1.3032,1.31904,1.30304,1.31593,0.00012,586997.38
2016-09-14,1.31581,1.32084,1.3128,1.31932,1.31593,1.32093,1.31288,1.31943,0.00011,555732.25
2016-09-15,1.31932,1.32357,1.31306,1.31574,1.31943,1.32363,1.31314,1.31583,9e-05,505510.03
2016-09-16,1.31574,1.32479,1.31417,1.32082,1.31584,1.32486,1.31426,1.32142,0.0006,473465.0
2016-09-19,1.32001,1.32113,1.31353,1.32026,1.32013,1.32122,1.31361,1.32032,6e-05,499055.06
2016-09-20,1.32026,1.32428,1.31809,1.31821,1.32034,1.32434,1.31821,1.31831,0.0001,548982.44
2016-09-21,1.31821,1.32378,1.30739,1.30826,1.31833,1.324,1.30751,1.30832,6e-05,672015.69
2016-09-22,1.30826,1.30862,1.29999,1.30487,1.30833,1.30871,1.30007,1.30496,9e-05,600642.94
2016-09-23,1.30487,1.31808,1.30294,1.31643,1.30496,1.31815,1.30303,1.31716,0.00073,618971.5
2016-09-26,1.3151,1.32433,1.31362,1.32286,1.31523,1.32442,1.31369,1.32299,0.00013,547520.44
2016-09-27,1.32287,1.32806,1.31637,1.32092,1.32299,1.32812,1.31644,1.32105,0.00013,693473.12
2016-09-28,1.32092,1.32691,1.30519,1.30653,1.32105,1.32701,1.30534,1.30665,0.00012,781390.12
2016-09-29,1.30656,1.31839,1.30479,1.31526,1.30667,1.31846,1.30489,1.31541,0.00015,789698.44
2016-09-30,1.31526,1.3195,1.30864,1.31261,1.31541,1.31958,1.30871,1.31304,0.00043,625335.75
2016-10-03,1.3131,1.3144,1.30677,1.31187,1.31323,1.31449,1.30684,1.31198,0.00011,577692.5
2016-10-04,1.31187,1.32153,1.31152,1.31969,1.31195,1.32162,1.31162,1.31982,0.00013,649725.62
2016-10-05,1.3197,1.3232,1.31608,1.31779,1.31982,1.32325,1.31614,1.31788,9e-05,531885.25
2016-10-06,1.31779,1.32487,1.31764,1.32232,1.31788,1.32492,1.31774,1.32245,0.00013,517788.16
2016-10-07,1.32232,1.33131,1.31858,1.32961,1.32245,1.33136,1.31866,1.33002,0.00041,614710.69
2016-10-10,1.32482,1.32778,1.31393,1.31687,1.32496,1.32789,1.314,1.31696,9e-05,503517.22
2016-10-11,1.31687,1.32724,1.31686,1.32298,1.31695,1.32729,1.31693,1.32307,9e-05,572020.56
2016-10-12,1.32297,1.32875,1.32087,1.32771,1.32307,1.32879,1.32096,1.32784,0.00013,525537.62
2016-10-13,1.32771,1.33066,1.31856,1.32025,1.32784,1.33074,1.31864,1.32033,8e-05,569684.25
2016-10-14,1.32022,1.32197,1.31028,1.31376,1.32031,1.32203,1.31036,1.31421,0.00045,502714.44
2016-10-17,1.31421,1.3183,1.31145,1.31152,1.31431,1.31835,1.31155,1.31163,0.00011,435758.38
2016-10-18,1.3115,1.31393,1.30546,1.31083,1.31163,1.31401,1.30552,1.31088,5e-05,423207.56
2016-10-19,1.31083,1.31412,1.30056,1.31328,1.31089,1.31419,1.30066,1.3134,0.00012,439854.94
2016-10-20,1.31328,1.32342,1.31273,1.32277,1.3134,1.32351,1.31285,1.32291,0.00014,485057.31
2016-10-21,1.32277,1.33549,1.32255,1.33336,1.32291,1.33553,1.32264,1.33426,0.0009,446212.19
2016-10-24,1.33514,1.33973,1.32771,1.33489,1.33525,1.3398,1.32782,1.33495,6e-05,241745.94
2016-10-25,1.33488,1.33709,1.3307,1.33528,1.33495,1.33716,1.33077,1.33536,8e-05,157959.75
2016-10-26,1.33528,1.33843,1.33141,1.33737,1.33537,1.33854,1.33149,1.33747,0.0001,161608.94
2016-10-27,1.33738,1.34065,1.33524,1.33862,1.33747,1.34071,1.33531,1.33877,0.00015,161586.16
2016-10-28,1.33863,1.34332,1.33526,1.33955,1.33879,1.34336,1.33533,1.33993,0.00038,166065.17
2016-10-31,1.3405,1.34238,1.33749,1.34191,1.34067,1.34245,1.33758,1.3421,0.00019,150654.19
2016-11-01,1.34192,1.34252,1.3353,1.33927,1.3421,1.34261,1.33538,1.33938,0.00011,181008.2
2016-11-02,1.33929,1.34234,1.33592,1.3395,1.33939,1.34239,1.33598,1.3396,0.0001,186837.5
2016-11-03,1.33953,1.34022,1.33613,1.33922,1.3396,1.34028,1.3362,1.33935,0.00013,177615.2
2016-11-04,1.33922,1.34643,1.3386,1.34018,1.33936,1.3466,1.3387,1.34066,0.00048,165831.12
2016-11-07,1.33594,1.34172,1.33572,1.33718,1.33614,1.34182,1.33583,1.33733,0.00015,149598.59
2016-11-08,1.3372,1.33908,1.32846,1.32964,1.33734,1.33918,1.32858,1.3298,0.00016,160059.97
2016-11-09,1.32963,1.35245,1.3264,1.341,1.3298,1.35258,1.32653,1.34122,0.00022,286587.19
2016-11-10,1.34107,1.35086,1.33864,1.34717,1.34124,1.35094,1.33873,1.34734,0.00017,243278.62
2016-11-11,1.34717,1.3548,1.34558,1.35361,1.34734,1.35485,1.34571,1.35446,0.00085,245766.36
2016-11-14,1.35257,1.35883,1.35201,1.3538,1.35271,1.35891,1.35211,1.35392,0.00012,224995.98
2016-11-15,1.3538,1.35526,1.34439,1.34546,1.35391,1.35537,1.3445,1.34563,0.00017,210559.05
2016-11-16,1.34547,1.35055,1.34046,1.34267,1.34563,1.35064,1.34054,1.34281,0.00014,189462.38
2016-11-17,1.34266,1.35372,1.33997,1.35363,1.3428,1.35383,1.34006,1.35377,0.00014,190646.52
2016-11-18,1.35359,1.35642,1.34922,1.35004,1.35377,1.35649,1.34927,1.35102,0.00098,195556.75
2016-11-21,1.35081,1.35107,1.33864,1.34101,1.35103,1.35113,1.33871,1.34114,0.00013,171913.62
2016-11-22,1.341,1.34671,1.33778,1.3432,1.34114,1.34679,1.33785,1.34328,8e-05,166800.88
2016-11-23,1.34318,1.35166,1.3424,1.35023,1.34328,1.3517,1.34248,1.35041,0.00018,173724.34
2016-11-24,1.35021,1.35352,1.34763,1.3491,1.35041,1.35359,1.34768,1.34929,0.00019,128926.82
2016-11-25,1.3491,1.3534,1.34535,1.3513,1.34929,1.35354,1.34544,1.35248,0.00118,153009.45
2016-11-28,1.35196,1.35223,1.33964,1.34031,1.35217,1.35235,1.33972,1.34049,0.00018,185066.23
2016-11-29,1.34029,1.34809,1.34,1.34315,1.34049,1.34816,1.34007,1.34327,0.00012,163782.86
2016-11-30,1.34314,1.34632,1.33566,1.34254,1.34327,1.34637,1.33573,1.3427,0.00016,196370.16
2016-12-01,1.34254,1.34376,1.3301,1.33072,1.34271,1.34383,1.33014,1.33085,0.00013,175265.95
2016-12-02,1.33074,1.3319,1.32545,1.32857,1.33087,1.33197,1.32559,1.32941,0.00084,147778.66
2016-12-05,1.33256,1.33483,1.32358,1.32736,1.3328,1.33493,1.32364,1.3275,0.00014,158099.2
2016-12-06,1.32737,1.33111,1.32521,1.32764,1.3275,1.33121,1.3253,1.32775,0.00011,127092.71
2016-12-07,1.32763,1.3296,1.3223,1.32248,1.32775,1.32978,1.32241,1.32262,0.00014,124111.17
2016-12-08,1.32248,1.32503,1.3184,1.31968,1.32264,1.32512,1.31845,1.31979,0.00011,137346.31
2016-12-09,1.31969,1.32127,1.31522,1.31785,1.31979,1.32133,1.31527,1.31835,0.0005,116610.18
2016-12-12,1.31314,1.31523,1.31082,1.31267,1.31324,1.3153,1.31089,1.31279,0.00012,149868.95
2016-12-13,1.31267,1.31398,1.31022,1.31352,1.31278,1.31405,1.31027,1.31357,5e-05,143934.69
2016-12-14,1.31351,1.32946,1.3081,1.32855,1.31356,1.32951,1.30821,1.32869,0.00014,187352.23
2016-12-15,1.32855,1.34171,1.32737,1.33341,1.32871,1.34177,1.32746,1.33353,0.00012,229147.06
2016-12-16,1.33338,1.33923,1.3318,1.33322,1.33349,1.33931,1.3319,1.33361,0.00039,175883.02
2016-12-19,1.33401,1.34222,1.33172,1.34044,1.33421,1.34234,1.33184,1.34057,0.00013,139964.95
2016-12-20,1.34044,1.34341,1.33596,1.33704,1.34053,1.34346,1.33607,1.33721,0.00017,142256.39
2016-12-21,1.33707,1.34463,1.33577,1.34319,1.3372,1.34481,1.33586,1.34333,0.00014,129182.32
2016-12-22,1.34317,1.35201,1.34168,1.34815,1.34333,1.35209,1.34178,1.34829,0.00014,142250.62
2016-12-23,1.34826,1.35567,1.34793,1.35384,1.34834,1.35574,1.34806,1.35442,0.00058,100784.36
2016-12-26,1.35176,1.35417,1.34687,1.35245,1.35247,1.35458,1.34784,1.35262,0.00017,48132.0
2016-12-27,1.35247,1.35801,1.35167,1.35756,1.35261,1.35827,1.35181,1.35773,0.00017,108526.88
2016-12-28,1.35758,1.35982,1.35393,1.35523,1.35772,1.35989,1.35398,1.35535,0.00012,128620.56
2016-12-29,1.35523,1.3558,1.34751,1.34797,1.35536,1.3559,1.34773,1.34814,0.00017,143193.45
2016-12-30,1.34799,1.34967,1.34013,1.34312,1.34814,1.34977,1.34019,1.34394,0.00082,144227.45
2017-01-02,1.34255,1.34542,1.33848,1.34402,1.34456,1.34611,1.33907,1.34419,0.00017,87741.72
2017-01-03,1.34404,1.34606,1.33984,1.34207,1.3442,1.34613,1.33992,1.34225,0.00018,164973.83
2017-01-04,1.34209,1.3457,1.32818,1.32978,1.34225,1.34578,1.32822,1.32993,0.00015,192473.48
2017-01-05,1.32978,1.33126,1.31915,1.32292,1.32992,1.33137,1.31923,1.32303,0.00011,212433.19
2017-01-06,1.32294,1.32678,1.31772,1.32372,1.3231,1.32688,1.31781,1.32413,0.00041,183896.06
2017-01-09,1.32398,1.32767,1.31967,1.3215,1.32415,1.32776,1.31978,1.32169,0.00019,156448.7
2017-01-10,1.3215,1.3257,1.31917,1.32454,1.32169,1.32578,1.31925,1.32462,8e-05,177157.17
2017-01-11,1.32454,1.3294,1.31193,1.31639,1.32461,1.32949,1.31199,1.31652,0.00013,225692.91
2017-01-12,1.31641,1.31703,1.30296,1.3151,1.31652,1.31715,1.30301,1.31523,0.00013,192070.48
2017-01-13,1.31512,1.31677,1.31115,1.31118,1.31524,1.31684,1.31137,1.31185,0.00067,188993.95
2017-01-16,1.31275,1.31873,1.31242,1.31759,1.31287,1.31899,1.31254,1.31774,0.00015,136804.88
2017-01-17,1.3176,1.31892,1.30187,1.30625,1.31774,1.31902,1.30195,1.30638,0.00013,197127.62
2017-01-18,1.30625,1.32713,1.30488,1.32642,1.30637,1.32736,1.30498,1.32658,0.00016,211682.56
2017-01-19,1.32642,1.33533,1.32527,1.33217,1.32658,1.33538,1.32539,1.3323,0.00013,221115.8
2017-01-20,1.33209,1.33873,1.32839,1.33145,1.3323,1.3388,1.32852,1.33249,0.00104,200915.47
2017-01-23,1.33032,1.33346,1.32198,1.32384,1.33045,1.33357,1.32216,1.32397,0.00013,185803.31
2017-01-24,1.3238,1.32988,1.31062,1.31555,1.32397,1.32996,1.31067,1.31568,0.00013,190731.17
2017-01-25,1.31555,1.31624,1.30609,1.30683,1.31567,1.31641,1.30618,1.30698,0.00015,186826.92
2017-01-26,1.30682,1.31303,1.30531,1.30897,1.30694,1.31309,1.3054,1.30914,0.00017,177653.34
2017-01-27,1.30901,1.31536,1.30882,1.31508,1.30916,1.31554,1.3089,1.31553,0.00045,161229.2
2017-01-30,1.31296,1.31691,1.30763,1.31033,1.31312,1.31695,1.30771,1.3105,0.00017,167515.45
2017-01-31,1.31031,1.31238,1.29687,1.30385,1.3105,1.31243,1.29696,1.30399,0.00014,207480.86
2017-02-01,1.30384,1.31022,1.30351,1.30482,1.30399,1.31029,1.30358,1.30497,0.00015,195819.83
2017-02-02,1.30483,1.30492,1.29803,1.30286,1.30501,1.30508,1.29808,1.30296,0.0001,181217.73
2017-02-03,1.30284,1.3076,1.29921,1.30228,1.30296,1.30782,1.29929,1.30253,0.00025,168046.14
2017-02-06,1.30187,1.31353,1.30072,1.30843,1.30201,1.31359,1.30078,1.30856,0.00013,161665.84
2017-02-07,1.30843,1.32122,1.30777,1.31909,1.30855,1.32128,1.30788,1.3192,0.00011,167144.23
2017-02-08,1.31909,1.32002,1.31346,1.31464,1.31923,1.32008,1.31355,1.31474,0.0001,163357.36
2017-02-09,1.31462,1.31682,1.30943,1.31377,1.31474,1.31689,1.30948,1.31385,8e-05,149549.5
2017-02-10,1.31377,1.31579,1.30627,1.30798,1.31386,1.31588,1.30635,1.30853,0.00055,157376.08
2017-02-13,1.31179,1.31209,1.30542,1.30716,1.3119,1.31219,1.30549,1.30721,5e-05,139340.94
2017-02-14,1.30714,1.31065,1.30244,1.30808,1.3072,1.31071,1.30255,1.30821,0.00013,145387.55
2017-02-15,1.30802,1.31196,1.30642,1.30691,1.30818,1.31205,1.30648,1.30703,0.00012,147323.42
2017-02-16,1.30694,1.308,1.30095,1.30756,1.30703,1.30805,1.30099,1.30768,0.00012,151544.61
2017-02-17,1.30756,1.31264,1.30599,1.30925,1.30769,1.31268,1.30604,1.30959,0.00034,130079.14
2017-02-20,1.3089,1.31193,1.30739,1.31045,1.30898,1.31201,1.30745,1.31055,0.0001,85915.8
2017-02-21,1.31045,1.31648,1.31027,1.31462,1.31056,1.31652,1.31035,1.31469,7e-05,119227.03
2017-02-22,1.31458,1.32096,1.31101,1.31639,1.31468,1.32101,1.31107,1.31649,0.0001,123876.05
2017-02-23,1.31639,1.31701,1.30823,1.31014,1.3165,1.31712,1.30831,1.3102,6e-05,122497.93
2017-02-24,1.31016,1.31185,1.30566,1.30898,1.3102,1.31191,1.30578,1.30959,0.00061,118318.18
2017-02-27,1.31197,1.31912,1.30833,1.3187,1.31212,1.31924,1.30839,1.31875,5e-05,133196.77
2017-02-28,1.31871,1.33149,1.31647,1.33125,1.31876,1.33154,1.31651,1.33137,0.00012,157285.44
2017-03-01,1.33126,1.33577,1.32841,1.3354,1.33137,1.33582,1.32851,1.3355,0.0001,173326.89
2017-03-02,1.33539,1.34017,1.33404,1.33888,1.3355,1.34025,1.33409,1.33899,0.00011,141003.36
2017-03-03,1.3389,1.3437,1.33717,1.33717,1.33899,1.34377,1.33726,1.33793,0.00076,143579.66
2017-03-06,1.33819,1.34245,1.3372,1.34,1.33833,1.3425,1.33727,1.3401,0.0001,129029.29
2017-03-07,1.33999,1.34353,1.33828,1.34114,1.3401,1.34358,1.3384,1.34126,0.00012,131576.03
2017-03-08,1.34112,1.35002,1.33975,1.34887,1.34126,1.35006,1.33984,1.34896,9e-05,146579.55
2017-03-09,1.34887,1.35348,1.34824,1.35061,1.34897,1.35354,1.3483,1.35072,0.00011,172996.92
2017-03-10,1.35061,1.35136,1.3421,1.34683,1.35074,1.35145,1.34218,1.34718,0.00035,146517.05
2017-03-13,1.34597,1.34758,1.34303,1.34511,1.34611,1.34767,1.34311,1.34523,0.00012,132675.59
2017-03-14,1.34511,1.3495,1.3439,1.34704,1.34524,1.34954,1.344,1.34716,0.00012,131758.91
2017-03-15,1.34706,1.34788,1.32927,1.32955,1.34717,1.34795,1.32935,1.32966,0.00011,157938.36
2017-03-16,1.32954,1.33526,1.32763,1.33211,1.32966,1.33531,1.32772,1.33224,0.00013,156848.8
2017-03-17,1.33211,1.33773,1.33039,1.33458,1.33225,1.33778,1.33047,1.33503,0.00045,123850.51
2017-03-20,1.33341,1.33725,1.33036,1.33385,1.33349,1.33729,1.33046,1.33398,0.00013,126265.77
2017-03-21,1.33386,1.33645,1.3264,1.33585,1.33398,1.33651,1.32645,1.33596,0.00011,146246.2
2017-03-22,1.33584,1.34092,1.33201,1.33331,1.33595,1.34099,1.33212,1.33341,0.0001,141484.33
2017-03-23,1.33331,1.33567,1.33157,1.33488,1.33342,1.33579,1.33164,1.33498,0.0001,136436.34
2017-03-24,1.33488,1.33855,1.33468,1.33781,1.33498,1.33863,1.33477,1.33812,0.00031,118318.21
2017-03-27,1.33292,1.34032,1.33207,1.33864,1.33303,1.34038,1.33213,1.33874,0.0001,127730.42
2017-03-28,1.33863,1.34142,1.33538,1.33778,1.3387,1.3415,1.33547,1.33791,0.00013,104745.97
2017-03-29,1.33777,1.34007,1.33222,1.33317,1.33788,1.34015,1.33231,1.33327,0.0001,108626.97
2017-03-30,1.33318,1.33514,1.32773,1.33314,1.33329,1.33524,1.32782,1.33325,0.00011,113693.84
2017-03-31,1.33316,1.33677,1.32843,1.33145,1.33325,1.33683,1.3285,1.33176,0.00031,116108.68
2017-04-03,1.33264,1.33996,1.33095,1.33847,1.33277,1.34002,1.33105,1.33859,0.00012,108540.41
2017-04-04,1.33845,1.34555,1.3375,1.34012,1.33859,1.34562,1.33755,1.34025,0.00013,109478.73
2017-04-05,1.34013,1.34407,1.33795,1.34356,1.34026,1.34422,1.338,1.34368,0.00012,124391.94
2017-04-06,1.34357,1.34504,1.3398,1.34194,1.34368,1.34512,1.33989,1.34205,0.00011,117353.54
2017-04-07,1.34192,1.34309,1.33419,1.34003,1.34205,1.34321,1.33427,1.34113,0.0011,136651.17
2017-04-10,1.34076,1.34259,1.33191,1.33219,1.34087,1.34268,1.33204,1.33228,9e-05,106972.85
2017-04-11,1.33218,1.33571,1.33099,1.33254,1.33228,1.33575,1.33104,1.33264,0.0001,108567.78
2017-04-12,1.33253,1.33389,1.32383,1.32438,1.33262,1.33396,1.32393,1.32448,0.0001,150997.33
2017-04-13,1.32439,1.33378,1.32231,1.33363,1.3245,1.33389,1.32239,1.33376,0.00013,124034.83
2017-04-14,1.33364,1.33365,1.33095,1.33244,1.33379,1.3338,1.33111,1.33286,0.00042,63679.86
2017-04-17,1.33134,1.33286,1.3262,1.3324,1.33147,1.33298,1.32626,1.33252,0.00012,93953.27
2017-04-18,1.3324,1.33997,1.33139,1.3382,1.33252,1.34001,1.33148,1.3383,0.0001,139480.3
2017-04-19,1.3382,1.34899,1.33808,1.34828,1.33829,1.34909,1.33816,1.34839,0.00011,119290.11
2017-04-20,1.34828,1.34996,1.34567,1.34751,1.34838,1.35001,1.34575,1.3476,9e-05,116848.98
2017-04-21,1.34748,1.35251,1.34578,1.34932,1.3476,1.35255,1.34586,1.34998,0.00066,113372.98
2017-04-24,1.34842,1.3554,1.34108,1.3549,1.34857,1.3555,1.34112,1.35504,0.00014,129308.05
2017-04-25,1.3549,1.3626,1.35429,1.35724,1.35503,1.36268,1.35441,1.35738,0.00014,140542.19
2017-04-26,1.35724,1.36225,1.35422,1.36197,1.35738,1.36242,1.35428,1.36207,0.0001,154271.31
2017-04-27,1.36197,1.36704,1.35296,1.3625,1.36209,1.36711,1.35305,1.36261,0.00011,148097.41
2017-04-28,1.36251,1.36966,1.36248,1.36503,1.36263,1.36973,1.36257,1.3659,0.00087,122989.99
2017-05-01,1.36411,1.36865,1.3639,1.36742,1.36424,1.36874,1.36398,1.36754,0.00012,81912.88
2017-05-02,1.36741,1.37574,1.36499,1.37071,1.36754,1.37582,1.36503,1.3708,9e-05,114643.57
2017-05-03,1.37075,1.37398,1.36794,1.3727,1.37083,1.37407,1.36803,1.3728,0.0001,134543.89
2017-05-04,1.37269,1.37762,1.36998,1.37525,1.3728,1.3777,1.37007,1.37535,0.0001,152894.62
2017-05-05,1.37523,1.3793,1.36415,1.36479,1.37533,1.3794,1.36433,1.36531,0.00052,163601.27
2017-05-08,1.36695,1.37334,1.36433,1.36923,1.36707,1.3734,1.36441,1.36932,9e-05,136880.88
2017-05-09,1.3692,1.37528,1.36706,1.37082,1.36933,1.37538,1.36712,1.37094,0.00012,133407.59
2017-05-10,1.37081,1.37324,1.36474,1.37114,1.37095,1.37331,1.3648,1.37123,9e-05,140397.66
2017-05-11,1.37113,1.377,1.3679,1.37024,1.37123,1.37708,1.36798,1.37036,0.00012,141804.88
2017-05-12,1.37024,1.3742,1.36656,1.37134,1.37037,1.37427,1.36662,1.37152,0.00018,129025.35
2017-05-15,1.37179,1.37219,1.36015,1.36302,1.3719,1.37228,1.3602,1.36312,0.0001,137843.03
2017-05-16,1.36302,1.36589,1.35747,1.36129,1.36313,1.36596,1.35753,1.36143,0.00014,127130.85
2017-05-17,1.36129,1.36415,1.35712,1.36001,1.36141,1.36422,1.35718,1.36011,0.0001,149440.69
2017-05-18,1.35999,1.36693,1.35823,1.36038,1.3601,1.367,1.3583,1.36051,0.00013,160235.56
2017-05-19,1.3604,1.36105,1.35073,1.35073,1.36051,1.36112,1.351,1.35138,0.00065,121944.37
2017-05-22,1.35175,1.35407,1.34849,1.34925,1.35186,1.35414,1.34854,1.34936,0.00011,104135.59
2017-05-23,1.34925,1.35251,1.34558,1.35217,1.34936,1.35253,1.34564,1.3523,0.00013,118079.97
2017-05-24,1.35216,1.35398,1.34045,1.34133,1.35232,1.35408,1.3406,1.34143,0.0001,136974.7
2017-05-25,1.34132,1.34932,1.33876,1.3484,1.34142,1.34941,1.33882,1.34853,0.00013,137198.91
2017-05-26,1.3484,1.34968,1.34328,1.34432,1.34856,1.34977,1.34336,1.34531,0.00099,108680.41
2017-05-29,1.34531,1.34764,1.34272,1.34733,1.34545,1.34772,1.34281,1.34745,0.00012,59491.22
2017-05-30,1.34732,1.3506,1.34512,1.34704,1.34748,1.35069,1.3452,1.34708,4e-05,81269.95
2017-05-31,1.34702,1.35229,1.34364,1.34907,1.34708,1.35235,1.34371,1.34913,6e-05,106928.56
2017-06-01,1.34905,1.35271,1.34716,1.35155,1.34913,1.35279,1.34721,1.35167,0.00012,101620.76
2017-06-02,1.35156,1.35471,1.34756,1.34813,1.35167,1.35477,1.34779,1.34854,0.00041,96205.07
2017-06-05,1.34984,1.3501,1.34586,1.34765,1.34994,1.35016,1.34593,1.34777,0.00012,81515.12
2017-06-06,1.34766,1.34864,1.34367,1.34487,1.34777,1.34871,1.34376,1.34495,8e-05,97203.79
2017-06-07,1.34488,1.35256,1.34262,1.35108,1.34495,1.35263,1.3427,1.3512,0.00012,96364.4
2017-06-08,1.35107,1.35362,1.3485,1.3523,1.35121,1.35456,1.34854,1.35241,0.00011,104353.94
2017-06-09,1.35228,1.3528,1.34224,1.34658,1.35235,1.35288,1.34232,1.34696,0.00038,95601.88
2017-06-12,1.34556,1.34701,1.33088,1.33112,1.34567,1.34707,1.33098,1.33122,0.0001,102108.03
2017-06-13,1.33113,1.33127,1.32114,1.32412,1.33123,1.33136,1.3212,1.3242,8e-05,101171.86
2017-06-14,1.32411,1.32713,1.31647,1.32422,1.3242,1.3272,1.31653,1.32431,9e-05,143922.06
2017-06-15,1.32426,1.33082,1.3225,1.32566,1.32433,1.3309,1.32257,1.32578,0.00012,118255.33
2017-06-16,1.32567,1.32731,1.32097,1.32099,1.32579,1.32742,1.32104,1.32135,0.00036,87636.78
2017-06-19,1.32135,1.32573,1.3191,1.32268,1.32146,1.32582,1.31918,1.32275,7e-05,89272.82
2017-06-20,1.32268,1.32851,1.32038,1.32707,1.32277,1.32856,1.32048,1.32716,9e-05,91523.69
2017-06-21,1.32706,1.33473,1.3268,1.33271,1.32716,1.33482,1.32686,1.33285,0.00014,111914.08
2017-06-22,1.33273,1.33377,1.32078,1.32311,1.33286,1.33384,1.32086,1.32323,0.00012,104052.68
2017-06-23,1.3231,1.33075,1.32101,1.32635,1.32322,1.33084,1.32109,1.32687,0.00052,88611.03
2017-06-26,1.3259,1.32655,1.3212,1.32572,1.32603,1.32662,1.32127,1.32583,0.00011,90069.6
2017-06-27,1.32571,1.32608,1.31474,1.31834,1.32586,1.32613,1.31478,1.31846,0.00012,124316.41
2017-06-28,1.31834,1.31834,1.30129,1.30386,1.31848,1.31848,1.30138,1.30396,0.0001,142427.34
2017-06-29,1.30384,1.30434,1.29861,1.29922,1.30397,1.30439,1.29866,1.2993,8e-05,124376.33
2017-06-30,1.29923,1.30001,1.29464,1.29585,1.29933,1.30008,1.29468,1.29648,0.00063,108739.02
2017-07-03,1.29757,1.30134,1.2965,1.2991,1.29767,1.30157,1.29657,1.29921,0.00011,77875.75
2017-07-04,1.29906,1.30139,1.29123,1.29329,1.29916,1.30146,1.29131,1.2934,0.00011,99694.52
2017-07-05,1.29329,1.30142,1.2929,1.29615,1.29336,1.30149,1.293,1.29624,9e-05,132718.28
2017-07-06,1.29614,1.2983,1.29231,1.29786,1.29623,1.29839,1.29239,1.29797,0.00011,108849.25
2017-07-07,1.29788,1.29935,1.28594,1.28744,1.29798,1.29942,1.28601,1.28783,0.00039,109038.62
2017-07-10,1.28818,1.29323,1.2871,1.28946,1.28827,1.2933,1.28718,1.28957,0.00011,97104.27
2017-07-11,1.28946,1.29433,1.28848,1.29103,1.28959,1.2944,1.28857,1.29113,0.0001,96229.46
2017-07-12,1.29342,1.29391,1.29316,1.29332,1.29349,1.29398,1.29322,1.29339,7e-05,733.0
2017-07-13,1.27492,1.27706,1.27197,1.27272,1.27503,1.27713,1.27214,1.27279,7e-05,124507.89
2017-07-14,1.27272,1.27473,1.26436,1.26458,1.2728,1.2748,1.26445,1.26476,0.00018,112408.66
2017-07-17,1.26424,1.2701,1.26271,1.26962,1.26434,1.2703,1.26277,1.26971,9e-05,106556.3
2017-07-18,1.26962,1.26966,1.25808,1.26326,1.26973,1.26976,1.25815,1.26337,0.00011,126543.67
2017-07-19,1.26327,1.26526,1.25781,1.26007,1.26337,1.26533,1.25789,1.26018,0.00011,97186.03
2017-07-20,1.26006,1.26403,1.25404,1.25971,1.26018,1.26411,1.25421,1.25983,0.00012,126001.01
2017-07-21,1.25972,1.26088,1.25219,1.25358,1.25985,1.26096,1.25228,1.25426,0.00068,116549.34
2017-07-24,1.25331,1.2552,1.24834,1.25056,1.25341,1.25525,1.24842,1.25068,0.00012,112609.54
2017-07-25,1.25057,1.25325,1.24809,1.2508,1.25068,1.25332,1.24815,1.25089,9e-05,117667.16
2017-07-26,1.25078,1.25437,1.24136,1.24514,1.25089,1.25445,1.24148,1.24526,0.00012,141136.89
2017-07-27,1.24513,1.25759,1.2414,1.25393,1.24526,1.25769,1.24146,1.25403,0.0001,136340.02
2017-07-28,1.25393,1.25673,1.24191,1.24313,1.25401,1.2568,1.24198,1.24344,0.00031,125529.47
2017-07-31,1.24625,1.25289,1.24458,1.25073,1.24636,1.25299,1.24464,1.25081,8e-05,130393.41
2017-08-01,1.25073,1.25573,1.24504,1.25478,1.25081,1.25581,1.24512,1.25487,9e-05,125490.1
2017-08-02,1.25478,1.25924,1.25387,1.2572,1.25486,1.25932,1.25394,1.25728,8e-05,129582.53
2017-08-03,1.25721,1.26181,1.25525,1.25686,1.25728,1.2619,1.25533,1.25698,0.00012,117680.04
2017-08-04,1.25686,1.26675,1.25559,1.2649,1.25698,1.26682,1.25568,1.26565,0.00075,107881.98
2017-08-07,1.26427,1.27145,1.26292,1.26755,1.26446,1.27152,1.26304,1.26765,0.0001,90546.78
2017-08-08,1.26756,1.27053,1.26507,1.26722,1.26765,1.27061,1.26512,1.26732,0.0001,109660.67
2017-08-09,1.26725,1.27212,1.26679,1.26954,1.26734,1.2722,1.26688,1.26966,0.00012,179988.3
2017-08-10,1.26953,1.27466,1.26727,1.27374,1.26962,1.27478,1.26733,1.27385,0.00011,125116.39
2017-08-11,1.27375,1.27527,1.26527,1.26763,1.27385,1.27534,1.26534,1.2684,0.00077,137732.06
2017-08-14,1.26734,1.27305,1.2672,1.27295,1.26749,1.27313,1.26732,1.273,5e-05,125538.19
2017-08-15,1.27294,1.2778,1.27181,1.27536,1.27301,1.27786,1.27192,1.27545,9e-05,132490.7
2017-08-16,1.27542,1.27698,1.26096,1.26242,1.27548,1.27707,1.26119,1.26254,0.00012,129012.45
2017-08-17,1.26242,1.26908,1.25882,1.26854,1.26254,1.26918,1.25891,1.26863,9e-05,122878.64
2017-08-18,1.26854,1.26867,1.25568,1.2585,1.2686,1.26874,1.25576,1.25871,0.00021,130633.33
2017-08-21,1.25858,1.26069,1.25535,1.25606,1.25868,1.26075,1.25542,1.25612,6e-05,116857.33
2017-08-22,1.25605,1.25949,1.25258,1.25666,1.25614,1.25957,1.25265,1.25674,8e-05,116931.72
2017-08-23,1.25666,1.25982,1.25406,1.25427,1.25677,1.25989,1.25417,1.25441,0.00014,134413.56
2017-08-24,1.25427,1.25608,1.25057,1.25131,1.25441,1.25615,1.25062,1.25143,0.00012,138699.77
2017-08-25,1.25131,1.25394,1.24656,1.24797,1.25142,1.25401,1.24663,1.24824,0.00027,138188.19
2017-08-28,1.24743,1.25339,1.24438,1.25131,1.24753,1.25361,1.24447,1.25143,0.00012,120300.46
2017-08-29,1.25131,1.255,1.24411,1.25144,1.2514,1.25508,1.24422,1.25155,0.00011,144409.27
2017-08-30,1.25144,1.26367,1.25006,1.26304,1.25155,1.26374,1.25012,1.26313,9e-05,141388.19
2017-08-31,1.26304,1.26628,1.24736,1.24746,1.2631,1.26634,1.24746,1.24759,0.00013,162332.06
2017-09-01,1.24747,1.24916,1.23399,1.23942,1.2476,1.2492,1.23409,1.23995,0.00053,143016.2
2017-09-04,1.23778,1.24263,1.23749,1.24158,1.2379,1.24267,1.2376,1.2417,0.00012,105206.09
2017-09-05,1.24159,1.24159,1.23358,1.23689,1.24168,1.24168,1.23367,1.23698,9e-05,168696.53
2017-09-06,1.23691,1.24146,1.21341,1.22352,1.237,1.24154,1.21422,1.22364,0.00012,169994.19
2017-09-07,1.22351,1.22409,1.21075,1.21105,1.22365,1.2242,1.21083,1.21111,6e-05,169201.91
2017-09-08,1.21106,1.2165,1.20611,1.21575,1.21111,1.21654,1.20621,1.21595,0.0002,174221.27
2017-09-11,1.21514,1.217,1.20974,1.21081,1.21526,1.21708,1.20983,1.21092,0.00011,141221.19
2017-09-12,1.21081,1.21895,1.20819,1.21758,1.21091,1.219,1.20829,1.21769,0.00011,153458.5
2017-09-13,1.21758,1.22196,1.21306,1.21679,1.21769,1.22204,1.21314,1.21694,0.00015,131302.55
2017-09-14,1.21681,1.22395,1.21566,1.21628,1.21694,1.22399,1.21577,1.21642,0.00014,155286.5
2017-09-15,1.21629,1.22181,1.212,1.21932,1.21642,1.2219,1.21221,1.21967,0.00035,151714.34
2017-09-18,1.21983,1.23372,1.21712,1.22819,1.21997,1.23383,1.21722,1.22823,4e-05,145284.09
2017-09-19,1.22814,1.23085,1.22547,1.22938,1.22823,1.23095,1.22554,1.22947,9e-05,144898.73
2017-09-20,1.22937,1.23901,1.21971,1.23435,1.22947,1.23911,1.21991,1.23448,0.00013,223217.91
2017-09-21,1.23441,1.23676,1.23205,1.23248,1.2345,1.23684,1.23213,1.23258,0.0001,348059.66
2017-09-22,1.23248,1.23511,1.22538,1.23379,1.23257,1.23518,1.22563,1.23408,0.00029,197302.12
2017-09-25,1.2346,1.23848,1.23126,1.23693,1.23476,1.23855,1.23136,1.23705,0.00012,136721.48
2017-09-26,1.237,1.2413,1.23297,1.23643,1.23713,1.24137,1.23308,1.23657,0.00014,147301.91
2017-09-27,1.23643,1.24837,1.23356,1.24833,1.23657,1.24849,1.23365,1.24844,0.00011,179564.69
2017-09-28,1.24832,1.2519,1.24163,1.24367,1.24844,1.25198,1.2417,1.24373,6e-05,170001.59
2017-09-29,1.24363,1.25317,1.24166,1.24664,1.24373,1.25327,1.24174,1.24696,0.00032,140554.78
2017-10-02,1.24724,1.25242,1.24723,1.25173,1.24735,1.25251,1.24732,1.25181,8e-05,133460.88
2017-10-03,1.25171,1.25385,1.24802,1.24891,1.25181,1.25392,1.24812,1.249,9e-05,136879.3
2017-10-04,1.24891,1.24983,1.24485,1.24807,1.24902,1.24991,1.2449,1.24817,0.0001,119466.81
2017-10-05,1.24808,1.25846,1.24618,1.25684,1.24818,1.25852,1.24625,1.25697,0.00013,129866.65
2017-10-06,1.25681,1.25991,1.25244,1.25247,1.25692,1.26007,1.25261,1.2534,0.00093,136856.83
2017-10-09,1.25366,1.25583,1.25253,1.25543,1.25379,1.25592,1.25263,1.25556,0.00013,98086.43
2017-10-10,1.25543,1.25546,1.24832,1.25117,1.25556,1.25561,1.24842,1.25126,9e-05,138279.8
2017-10-11,1.25118,1.25304,1.24479,1.24509,1.25126,1.25313,1.2449,1.24518,9e-05,141088.33
2017-10-12,1.2451,1.24904,1.24328,1.24761,1.24518,1.24912,1.24334,1.24775,0.00014,138914.62
2017-10-13,1.2476,1.25195,1.2452,1.24644,1.24773,1.25203,1.24528,1.24692,0.00048,128871.27
2017-10-16,1.24786,1.25578,1.24698,1.25244,1.24795,1.25588,1.24703,1.25252,8e-05,129861.35
2017-10-17,1.25244,1.25907,1.24971,1.24976,1.25252,1.25914,1.24979,1.24988,0.00012,130873.11
2017-10-18,1.24976,1.25335,1.24578,1.24659,1.24988,1.25343,1.24588,1.24669,0.0001,146292.75
2017-10-19,1.24658,1.24942,1.24504,1.24804,1.24669,1.24948,1.24512,1.24811,7e-05,136189.83
2017-10-20,1.24805,1.26298,1.24763,1.26248,1.24811,1.26303,1.24774,1.26296,0.00048,142662.33
2017-10-23,1.26371,1.26601,1.26135,1.26401,1.26382,1.26605,1.26141,1.26409,8e-05,115917.37
2017-10-24,1.26403,1.26925,1.26219,1.26715,1.26409,1.26936,1.26226,1.26725,0.0001,133789.83
2017-10-25,1.26716,1.28164,1.26338,1.27965,1.26726,1.28172,1.26391,1.27975,0.0001,155577.88
2017-10-26,1.27966,1.28575,1.27804,1.28493,1.27975,1.28583,1.2782,1.28506,0.00013,136601.38
2017-10-27,1.28498,1.29166,1.28074,1.28078,1.28507,1.2917,1.28094,1.28103,0.00025,141236.52
2017-10-30,1.28305,1.2861,1.28116,1.2826,1.28313,1.28617,1.28125,1.2827,0.0001,112077.88
2017-10-31,1.2826,1.29145,1.28226,1.2892,1.2827,1.29152,1.28237,1.28929,9e-05,121923.54
2017-11-01,1.2892,1.29104,1.28539,1.28732,1.28926,1.29108,1.28549,1.28745,0.00013,132164.62
2017-11-02,1.2873,1.2873,1.27986,1.28074,1.28744,1.28744,1.27997,1.28084,0.0001,124179.4
2017-11-03,1.28074,1.28352,1.27151,1.2762,1.28085,1.2836,1.27155,1.27656,0.00036,126141.77
2017-11-06,1.27616,1.27825,1.27022,1.27142,1.27623,1.27832,1.27033,1.27153,0.00011,122420.34
2017-11-07,1.27142,1.28194,1.27098,1.27628,1.27153,1.28198,1.27104,1.27636,8e-05,111461.98
2017-11-08,1.27628,1.27742,1.2715,1.27273,1.27637,1.27751,1.27157,1.27283,0.0001,92531.49
2017-11-09,1.27273,1.27404,1.26676,1.26793,1.27284,1.27414,1.26682,1.26803,0.0001,105473.81
2017-11-10,1.26793,1.26959,1.26658,1.26804,1.26801,1.26964,1.26665,1.26862,0.00058,94723.0
2017-11-13,1.26928,1.27415,1.26778,1.27367,1.26937,1.27422,1.26786,1.27375,8e-05,80391.44
2017-11-14,1.27367,1.27731,1.27006,1.27377,1.27378,1.27738,1.27012,1.27387,0.0001,95074.18
2017-11-15,1.27377,1.27893,1.27128,1.27666,1.27387,1.27899,1.27137,1.27678,0.00012,110049.05
2017-11-16,1.27666,1.27836,1.27283,1.27578,1.27678,1.27841,1.27287,1.27585,7e-05,92135.19
2017-11-17,1.27576,1.28234,1.27134,1.27664,1.27585,1.28242,1.27143,1.27705,0.00041,103972.75
2017-11-20,1.27936,1.28205,1.27545,1.28138,1.27948,1.28228,1.27555,1.28147,9e-05,99279.03
2017-11-21,1.28137,1.28365,1.27487,1.2773,1.28147,1.28372,1.27496,1.27742,0.00012,100599.6
2017-11-22,1.27731,1.27755,1.2693,1.27064,1.27742,1.27764,1.26942,1.27074,0.0001,106103.95
2017-11-23,1.27064,1.27283,1.26724,1.27124,1.27074,1.27309,1.26732,1.27135,0.00011,93474.15
2017-11-24,1.27124,1.27471,1.26932,1.27041,1.27136,1.2748,1.2694,1.27138,0.00097,101093.58
2017-11-27,1.27155,1.27703,1.268,1.27585,1.27165,1.27722,1.26806,1.27595,0.0001,103612.04
2017-11-28,1.27587,1.28246,1.27541,1.28144,1.27595,1.28252,1.27552,1.28153,9e-05,108397.97
2017-11-29,1.28144,1.28747,1.28045,1.28645,1.28154,1.28751,1.28052,1.28655,0.0001,111280.16
2017-11-30,1.28645,1.2909,1.28502,1.28936,1.28654,1.29099,1.28509,1.28942,6e-05,112153.16
2017-12-01,1.28935,1.28978,1.26815,1.26822,1.28942,1.28987,1.26841,1.26869,0.00047,130530.5
2017-12-04,1.27188,1.27267,1.26561,1.26767,1.27196,1.27276,1.2657,1.26778,0.00011,104012.36
2017-12-05,1.26767,1.27042,1.26234,1.26946,1.26779,1.27052,1.26241,1.26958,0.00012,98466.41
2017-12-06,1.26944,1.28071,1.2653,1.27874,1.26958,1.28077,1.26541,1.27884,0.0001,106735.22
2017-12-07,1.27874,1.28678,1.27869,1.28572,1.27884,1.28685,1.27879,1.28582,0.0001,96145.79
2017-12-08,1.28571,1.28797,1.28042,1.28471,1.28582,1.28803,1.28056,1.28515,0.00044,85194.23
2017-12-11,1.28612,1.28684,1.28307,1.28531,1.28624,1.28692,1.28313,1.28547,0.00016,102392.04
2017-12-12,1.28531,1.28919,1.28129,1.28695,1.28546,1.28927,1.28137,1.28706,0.00011,106960.53
2017-12-13,1.28694,1.288,1.27916,1.2819,1.28706,1.28807,1.27924,1.28198,8e-05,112701.06
2017-12-14,1.28189,1.28658,1.27134,1.2795,1.28198,1.28667,1.27143,1.27959,9e-05,129926.2
2017-12-15,1.2795,1.28941,1.27389,1.28667,1.27958,1.28952,1.27398,1.28692,0.00025,117728.29
2017-12-18,1.28751,1.28811,1.28421,1.2866,1.28761,1.28818,1.2843,1.28673,0.00013,95525.56
2017-12-19,1.2866,1.29201,1.28499,1.28796,1.28671,1.29206,1.2851,1.28809,0.00013,104278.82
2017-12-20,1.28796,1.28804,1.28184,1.28267,1.28808,1.28813,1.28193,1.2828,0.00013,104796.57
2017-12-21,1.28267,1.28388,1.26994,1.27385,1.28278,1.28399,1.26998,1.27394,9e-05,110878.36
2017-12-22,1.27385,1.2796,1.26975,1.27205,1.27396,1.27971,1.26985,1.27289,0.00084,103672.42
2017-12-25,1.27127,1.27392,1.27055,1.27155,1.27359,1.27424,1.27158,1.27173,0.00018,6185.65
2017-12-26,1.27157,1.27278,1.26827,1.26879,1.27173,1.27288,1.26843,1.26894,0.00015,48675.13
2017-12-27,1.26879,1.26954,1.26271,1.26511,1.26894,1.26961,1.26278,1.2652,9e-05,93087.39
2017-12-28,1.26511,1.26526,1.25614,1.25654,1.26521,1.26537,1.25623,1.25665,0.00011,95172.97
2017-12-29,1.25654,1.25885,1.25146,1.25676,1.25663,1.25895,1.25154,1.25762,0.00086,95228.19
2018-01-01,1.2542,1.2559,1.25398,1.25566,1.25556,1.25608,1.25487,1.25573,7e-05,3928.68
2018-01-02,1.25566,1.25569,1.24998,1.25067,1.25574,1.25578,1.25006,1.25073,6e-05,111022.67
2018-01-03,1.25065,1.25534,1.25,1.25466,1.25069,1.25541,1.25007,1.25479,0.00013,118140.5
2018-01-04,1.25466,1.25549,1.2482,1.2491,1.25479,1.25559,1.24851,1.24917,7e-05,128739.17
2018-01-05,1.24909,1.25133,1.23549,1.24111,1.24918,1.2514,1.2356,1.24132,0.00021,124603.53
2018-01-08,1.23942,1.24492,1.2378,1.24148,1.23951,1.245,1.23791,1.24156,8e-05,102038.67
2018-01-09,1.24148,1.24776,1.23978,1.24738,1.24158,1.24783,1.23986,1.24747,9e-05,114265.47
2018-01-10,1.24739,1.25831,1.24274,1.25329,1.24747,1.25841,1.24283,1.25342,0.00013,147820.23
2018-01-11,1.25329,1.259,1.25149,1.25221,1.2534,1.25907,1.25158,1.2523,9e-05,144255.12
2018-01-12,1.25222,1.25559,1.24568,1.24578,1.2523,1.25567,1.24598,1.24615,0.00037,146305.23
2018-01-15,1.24609,1.24711,1.24023,1.24282,1.24623,1.24721,1.24035,1.24294,0.00012,149536.28
2018-01-16,1.24282,1.24523,1.23968,1.24252,1.24294,1.24531,1.23977,1.24264,0.00012,144640.66
2018-01-17,1.24255,1.25407,1.23638,1.24438,1.24265,1.25426,1.23682,1.24447,9e-05,164329.7
2018-01-18,1.24438,1.24866,1.23998,1.24109,1.24447,1.24874,1.24006,1.2412,0.00011,158496.16
2018-01-19,1.24107,1.25083,1.23996,1.24958,1.2412,1.2509,1.24006,1.24979,0.00021,142090.27
2018-01-22,1.24858,1.24963,1.24348,1.24531,1.24864,1.24973,1.24354,1.24541,0.0001,122268.18
2018-01-23,1.24528,1.24909,1.24117,1.24149,1.24533,1.24917,1.2413,1.2416,0.00011,135849.56
2018-01-24,1.2415,1.24247,1.2316,1.23506,1.2416,1.24258,1.2317,1.23518,0.00012,156798.58
2018-01-25,1.23506,1.23907,1.22821,1.23787,1.23519,1.23923,1.22829,1.23802,0.00015,179575.44
2018-01-26,1.23787,1.23837,1.22928,1.23157,1.23801,1.23849,1.22938,1.23174,0.00017,176352.27
2018-01-29,1.2312,1.23614,1.23104,1.23352,1.23134,1.23621,1.23115,1.23365,0.00013,148331.28
2018-01-30,1.23352,1.23788,1.23095,1.2335,1.23365,1.23797,1.23101,1.2336,0.0001,156449.17
2018-01-31,1.23349,1.23479,1.22497,1.23047,1.2336,1.2349,1.22511,1.23058,0.00011,165555.88
2018-02-01,1.23044,1.23312,1.22556,1.2259,1.23055,1.23323,1.22566,1.22598,8e-05,149253.28
2018-02-02,1.22589,1.24368,1.22573,1.24252,1.22598,1.24375,1.22582,1.24303,0.00051,172079.66
2018-02-05,1.2434,1.25431,1.23972,1.25327,1.24351,1.25446,1.23984,1.25337,0.0001,171174.66
2018-02-06,1.25325,1.25671,1.24899,1.25047,1.25337,1.25686,1.2492,1.2506,0.00013,217564.3
2018-02-07,1.2505,1.25774,1.24966,1.25664,1.2506,1.2578,1.24978,1.25678,0.00014,162011.62
2018-02-08,1.25663,1.26138,1.2546,1.25888,1.25679,1.26148,1.25473,1.25902,0.00014,198411.06
2018-02-09,1.25888,1.26872,1.256,1.25786,1.25902,1.26891,1.25612,1.25824,0.00038,197264.97
2018-02-12,1.25879,1.26227,1.25556,1.25802,1.2589,1.26236,1.25564,1.25816,0.00014,135916.72
2018-02-13,1.25802,1.26248,1.25662,1.25886,1.25816,1.26257,1.2567,1.25899,0.00013,131840.91
2018-02-14,1.25886,1.26487,1.24798,1.2482,1.25899,1.26496,1.24808,1.24833,0.00013,165606.06
2018-02-15,1.2482,1.25371,1.24652,1.24821,1.24833,1.25381,1.2466,1.2483,9e-05,158457.05
2018-02-16,1.2482,1.25676,1.24502,1.25485,1.2483,1.25681,1.24508,1.25562,0.00077,147977.77
2018-02-19,1.2557,1.25922,1.25272,1.25675,1.25583,1.2593,1.25279,1.25686,0.00011,108195.67
2018-02-20,1.25675,1.26512,1.25586,1.26482,1.25684,1.26522,1.25595,1.26494,0.00012,128893.36
2018-02-21,1.26482,1.27027,1.26248,1.26991,1.26494,1.27053,1.26262,1.27002,0.00011,143794.97
2018-02-22,1.2699,1.27576,1.26715,1.27141,1.27002,1.27587,1.26723,1.27154,0.00013,131973.77
2018-02-23,1.27141,1.27254,1.26157,1.26307,1.27154,1.27263,1.26181,1.26343,0.00036,126431.91
2018-02-26,1.26478,1.27115,1.26148,1.26848,1.26492,1.27121,1.26155,1.26859,0.00011,107048.96
2018-02-27,1.26848,1.27773,1.26678,1.27713,1.26861,1.27784,1.26689,1.27726,0.00013,139788.41
2018-02-28,1.27713,1.28418,1.27614,1.28352,1.27724,1.28423,1.27624,1.2836,8e-05,128661.71
2018-03-01,1.28351,1.28947,1.28086,1.28308,1.2836,1.28959,1.28095,1.28322,0.00014,166419.45
2018-03-02,1.28308,1.29156,1.28198,1.28819,1.28322,1.29166,1.28207,1.28849,0.0003,149343.12
2018-03-05,1.28874,1.30003,1.28779,1.29806,1.28883,1.30012,1.28787,1.29813,7e-05,156893.98
2018-03-06,1.29804,1.29946,1.28617,1.29482,1.29813,1.29955,1.28628,1.29491,9e-05,158677.06
2018-03-07,1.29484,1.30006,1.28895,1.29046,1.29492,1.30013,1.28907,1.29059,0.00013,177581.59
2018-03-08,1.29046,1.2961,1.28668,1.2896,1.29059,1.29618,1.2868,1.28973,0.00013,162162.11
2018-03-09,1.2896,1.29084,1.28081,1.28095,1.28972,1.29096,1.28109,1.2813,0.00035,143162.16
2018-03-12,1.28124,1.28455,1.28029,1.28425,1.2814,1.28468,1.28037,1.28439,0.00014,110528.59
2018-03-13,1.28429,1.29843,1.28299,1.29563,1.28441,1.29851,1.28309,1.29577,0.00014,144679.39
2018-03-14,1.29564,1.29757,1.29208,1.29549,1.29577,1.29768,1.29219,1.29562,0.00013,145805.31
2018-03-15,1.29549,1.30671,1.29455,1.30527,1.29561,1.30681,1.29461,1.30539,0.00012,131870.62
2018-03-16,1.3054,1.30986,1.30473,1.30973,1.30545,1.31012,1.30483,1.30991,0.00018,113189.61
2018-03-19,1.30931,1.31245,1.30465,1.30819,1.30946,1.31251,1.30473,1.30831,0.00012,132214.73
2018-03-20,1.30819,1.31029,1.30527,1.30741,1.3083,1.31039,1.30537,1.30755,0.00014,109851.56
2018-03-21,1.30741,1.30756,1.28898,1.28968,1.30755,1.30767,1.28911,1.28981,0.00013,136835.48
2018-03-22,1.28968,1.2948,1.28294,1.29298,1.28981,1.29492,1.28302,1.29314,0.00016,149227.22
2018-03-23,1.29298,1.29351,1.28237,1.28945,1.29314,1.29362,1.28248,1.28981,0.00036,151210.31
2018-03-26,1.28806,1.29221,1.28362,1.28363,1.28818,1.29226,1.28371,1.28372,9e-05,113470.56
2018-03-27,1.28369,1.29025,1.28148,1.28795,1.28375,1.29032,1.28156,1.28809,0.00014,120501.48
2018-03-28,1.28795,1.29334,1.28629,1.29171,1.28809,1.29342,1.2864,1.29183,0.00012,139885.34
2018-03-29,1.29174,1.29384,1.2861,1.28874,1.29186,1.29403,1.28618,1.28901,0.00027,106505.45
2018-03-30,1.28874,1.28999,1.28605,1.28937,1.28903,1.29039,1.28616,1.28995,0.00058,48486.3
2018-04-02,1.2893,1.29433,1.28624,1.29215,1.28944,1.29444,1.28634,1.29227,0.00012,87872.36
2018-04-03,1.29215,1.29216,1.27809,1.28069,1.29227,1.29227,1.27819,1.2808,0.00011,119268.92
2018-04-04,1.28068,1.28474,1.27518,1.27542,1.2808,1.28484,1.27529,1.27552,0.0001,134876.17
2018-04-05,1.27541,1.28064,1.27448,1.277,1.27551,1.28072,1.27455,1.27709,9e-05,123292.5
2018-04-06,1.27698,1.27955,1.2733,1.27798,1.2771,1.27962,1.27338,1.27863,0.00065,121191.95
2018-04-09,1.27829,1.28187,1.26876,1.27027,1.27839,1.28196,1.26886,1.27041,0.00014,102803.64
2018-04-10,1.27027,1.27054,1.25881,1.25937,1.27041,1.27062,1.25887,1.25948,0.00011,113918.51
2018-04-11,1.25937,1.26233,1.25442,1.25699,1.25948,1.26242,1.25449,1.25708,9e-05,99000.39
2018-04-12,1.25701,1.26221,1.25614,1.25882,1.25709,1.2623,1.25621,1.25892,0.0001,102030.81
2018-04-13,1.25881,1.26171,1.25518,1.26099,1.25892,1.26181,1.25525,1.26176,0.00077,82786.64
2018-04-16,1.26034,1.26231,1.25627,1.25677,1.26041,1.2624,1.25645,1.25683,6e-05,74022.46
2018-04-17,1.25677,1.2579,1.25272,1.2558,1.25683,1.25798,1.2528,1.25591,0.00011,79153.0
2018-04-18,1.2558,1.2659,1.25483,1.26271,1.25591,1.26602,1.25494,1.26282,0.00011,100906.59
2018-04-19,1.26278,1.26757,1.25853,1.26661,1.26284,1.26766,1.25866,1.26671,0.0001,103467.33
2018-04-20,1.26667,1.27664,1.2632,1.27655,1.26677,1.2767,1.26335,1.27664,9e-05,94489.82
2018-04-23,1.27683,1.28576,1.27503,1.2845,1.27694,1.28584,1.27512,1.28455,5e-05,92317.01
2018-04-24,1.2845,1.28609,1.28125,1.28214,1.28454,1.28622,1.28131,1.28221,7e-05,92351.06
2018-04-25,1.28215,1.28971,1.28204,1.28368,1.28221,1.28982,1.28216,1.28381,0.00013,96332.1
2018-04-26,1.28367,1.28853,1.28208,1.28721,1.28378,1.28863,1.28218,1.28731,0.0001,112255.35
2018-04-27,1.28721,1.28999,1.28256,1.28256,1.2873,1.29009,1.28267,1.28291,0.00035,88192.95
2018-04-30,1.28416,1.28746,1.28051,1.28326,1.28425,1.28753,1.28059,1.28341,0.00015,87347.48
2018-05-01,1.28326,1.29137,1.28202,1.28456,1.28341,1.29147,1.28214,1.28464,8e-05,119971.95
2018-05-02,1.28456,1.28875,1.2803,1.28839,1.28464,1.28887,1.28038,1.28852,0.00013,146493.28
2018-05-03,1.28839,1.29086,1.2816,1.28505,1.28852,1.29093,1.28173,1.28517,0.00012,129629.27
2018-05-04,1.28505,1.29173,1.28359,1.28449,1.28517,1.29182,1.28368,1.28463,0.00014,101076.18
2018-05-07,1.28564,1.28991,1.28394,1.288,1.28577,1.29001,1.28401,1.28814,0.00014,89016.9
2018-05-08,1.28805,1.2997,1.28758,1.29474,1.28814,1.29983,1.28769,1.29485,0.00011,133483.33
2018-05-09,1.29473,1.29745,1.28249,1.28493,1.29484,1.29755,1.2826,1.28504,0.00011,108526.01
2018-05-10,1.28493,1.28496,1.27427,1.27711,1.28504,1.28507,1.27437,1.27726,0.00015,124574.97
2018-05-11,1.2771,1.27995,1.2729,1.27935,1.27725,1.28008,1.27299,1.27976,0.00041,90175.86
2018-05-14,1.27808,1.28133,1.275,1.2801,1.27818,1.28144,1.27508,1.28019,9e-05,79220.67
2018-05-15,1.2801,1.2924,1.27918,1.28723,1.28018,1.29252,1.27929,1.28733,0.0001,104667.65
2018-05-16,1.28723,1.28759,1.27774,1.27835,1.28732,1.28769,1.27783,1.27845,0.0001,105244.86
2018-05-17,1.27836,1.28467,1.27494,1.28353,1.27845,1.28476,1.27499,1.28362,9e-05,99194.92
2018-05-18,1.28355,1.29106,1.27908,1.28823,1.28362,1.29116,1.27916,1.28869,0.00046,89120.86
2018-05-21,1.28768,1.28902,1.27755,1.2776,1.28783,1.28912,1.27765,1.27776,0.00016,79507.0
2018-05-22,1.2776,1.28257,1.27423,1.28167,1.27775,1.28267,1.27431,1.28177,0.0001,84533.34
2018-05-23,1.28165,1.29154,1.28119,1.28363,1.28177,1.29161,1.28129,1.28373,0.0001,123448.01
2018-05-24,1.28363,1.29206,1.28361,1.28861,1.28375,1.29212,1.2837,1.28872,0.00011,112284.26
2018-05-25,1.28861,1.29881,1.28814,1.29719,1.28872,1.29887,1.28823,1.29788,0.00069,102603.12
2018-05-28,1.29767,1.30216,1.29722,1.29921,1.29781,1.30225,1.29732,1.29933,0.00012,84708.33
2018-05-29,1.2992,1.30464,1.29687,1.30289,1.29933,1.30475,1.29694,1.30302,0.00013,134058.44
2018-05-30,1.30288,1.30398,1.28357,1.28936,1.30301,1.30408,1.28367,1.28946,0.0001,140951.67
2018-05-31,1.28936,1.29903,1.2818,1.29436,1.28946,1.29909,1.28189,1.29448,0.00012,133969.53
2018-06-01,1.29434,1.30071,1.29311,1.29488,1.29444,1.30093,1.29316,1.29523,0.00035,120190.98
2018-06-04,1.29559,1.29597,1.28997,1.29233,1.29571,1.29609,1.29005,1.29241,8e-05,99115.68
2018-06-05,1.29232,1.30666,1.29139,1.29411,1.2924,1.30675,1.29147,1.29422,0.00011,118059.42
2018-06-06,1.2941,1.29623,1.28572,1.29464,1.29421,1.29633,1.28585,1.29475,0.00011,116557.83
2018-06-07,1.29466,1.30008,1.29353,1.29821,1.29476,1.30021,1.29361,1.29833,0.00012,108317.3
2018-06-08,1.29819,1.304,1.2921,1.29248,1.2983,1.30421,1.29224,1.29292,0.00044,106751.37
2018-06-11,1.29681,1.30271,1.2955,1.29867,1.29692,1.30279,1.29561,1.29875,8e-05,77743.87
2018-06-12,1.29871,1.30293,1.29788,1.30144,1.29881,1.30303,1.29801,1.30156,0.00012,108983.47
2018-06-13,1.30144,1.30515,1.29553,1.29745,1.30156,1.30525,1.29559,1.29756,0.00011,117783.51
2018-06-14,1.29745,1.31175,1.29493,1.31161,1.29758,1.31185,1.295,1.31173,0.00012,142772.78
2018-06-15,1.31163,1.32069,1.31143,1.31746,1.31174,1.32094,1.31153,1.31856,0.0011,121402.14
2018-06-18,1.31976,1.3237,1.31589,1.32114,1.31985,1.32379,1.31601,1.32123,9e-05,107775.84
2018-06-19,1.32118,1.32914,1.31973,1.32778,1.32123,1.32923,1.31983,1.32793,0.00015,156775.91
2018-06-20,1.3278,1.33211,1.32688,1.33067,1.32792,1.3322,1.32696,1.33083,0.00016,119247.32
2018-06-21,1.33073,1.33351,1.32838,1.33185,1.33083,1.33359,1.32842,1.33195,0.0001,133029.73
2018-06-22,1.33185,1.33817,1.32591,1.32599,1.33195,1.33832,1.32621,1.32634,0.00035,115508.76
2018-06-25,1.32784,1.33246,1.32712,1.32975,1.32797,1.33255,1.3272,1.32986,0.00011,126506.93
2018-06-26,1.32975,1.3329,1.32805,1.33004,1.32984,1.33298,1.32814,1.33013,9e-05,131702.69
2018-06-27,1.33004,1.33862,1.32771,1.33302,1.33013,1.3387,1.32778,1.3331,8e-05,144747.23
2018-06-28,1.33301,1.33511,1.32412,1.32546,1.33309,1.33521,1.3242,1.32561,0.00015,127744.13
2018-06-29,1.32543,1.32691,1.31301,1.31321,1.32556,1.32702,1.3131,1.31389,0.00068,128791.94
2018-07-02,1.31488,1.32247,1.31464,1.31877,1.315,1.32255,1.31478,1.31883,6e-05,101343.52
2018-07-03,1.31874,1.32079,1.31322,1.31431,1.31885,1.32088,1.31331,1.3144,9e-05,112992.6
2018-07-04,1.31429,1.31616,1.31116,1.31397,1.3144,1.31622,1.31125,1.31407,0.0001,97310.78
2018-07-05,1.31398,1.316,1.31152,1.31376,1.3141,1.3161,1.31162,1.31389,0.00013,113760.97
2018-07-06,1.31376,1.31503,1.30766,1.30806,1.31389,1.31512,1.30772,1.30882,0.00076,97267.32
2018-07-09,1.30959,1.31226,1.30659,1.31109,1.30972,1.31233,1.30666,1.31115,6e-05,90709.46
2018-07-10,1.31109,1.31463,1.31008,1.31445,1.31116,1.31473,1.31014,1.31458,0.00013,95568.2
2018-07-11,1.31445,1.3218,1.30646,1.32075,1.31457,1.322,1.3066,1.32089,0.00014,139577.97
2018-07-12,1.32077,1.32153,1.31491,1.31647,1.3209,1.32163,1.31503,1.31658,0.00011,111915.95
2018-07-13,1.31644,1.32086,1.31498,1.3153,1.31655,1.32094,1.31507,1.31556,0.00026,96913.27
2018-07-16,1.31575,1.3161,1.31095,1.31367,1.31583,1.31618,1.31102,1.31381,0.00014,97523.28
2018-07-17,1.31367,1.32188,1.31107,1.32031,1.31379,1.32194,1.31116,1.32044,0.00013,116626.37
2018-07-18,1.32029,1.32593,1.31616,1.31687,1.32041,1.32604,1.31627,1.31699,0.00012,119368.91
2018-07-19,1.31687,1.32893,1.31598,1.32603,1.31699,1.32901,1.31607,1.32616,0.00013,139204.2
2018-07-20,1.32601,1.32898,1.31142,1.31449,1.32615,1.32904,1.31148,1.31469,0.0002,134877.95
2018-07-23,1.31196,1.31795,1.31142,1.31706,1.31209,1.31802,1.31151,1.31716,0.0001,111932.34
2018-07-24,1.31706,1.31911,1.31355,1.31519,1.31718,1.31922,1.31362,1.31532,0.00013,103714.98
2018-07-25,1.31519,1.31662,1.30242,1.30389,1.31533,1.31666,1.30254,1.30402,0.00013,125836.66
2018-07-26,1.30385,1.3093,1.30249,1.30695,1.30394,1.30934,1.30253,1.30705,0.0001,113648.05
2018-07-27,1.30695,1.30778,1.30408,1.3057,1.30706,1.30782,1.3043,1.30613,0.00043,91385.54
2018-07-30,1.30642,1.30784,1.29942,1.30275,1.30651,1.30793,1.29952,1.30283,8e-05,77808.6
2018-07-31,1.30274,1.30958,1.29823,1.30185,1.30283,1.30972,1.29833,1.30198,0.00013,123558.01
2018-08-01,1.30194,1.30325,1.29752,1.29987,1.30202,1.30333,1.29763,1.29998,0.00011,101449.24
2018-08-02,1.29988,1.30392,1.29935,1.30243,1.29998,1.30402,1.29942,1.30255,0.00012,85047.32
2018-08-03,1.30243,1.30389,1.29677,1.29907,1.30253,1.30395,1.29685,1.29926,0.00019,91751.16
2018-08-06,1.30142,1.30391,1.2987,1.30015,1.30152,1.304,1.2988,1.30025,0.0001,65570.88
2018-08-07,1.30014,1.30749,1.29618,1.30581,1.30024,1.30758,1.29628,1.30591,0.0001,83459.09
2018-08-08,1.30582,1.31196,1.30063,1.30204,1.30591,1.31208,1.30072,1.30216,0.00012,96286.12
2018-08-09,1.30204,1.3064,1.30001,1.30458,1.30216,1.3065,1.3001,1.3047,0.00012,91636.15
2018-08-10,1.30456,1.31534,1.304,1.31385,1.30467,1.31541,1.30423,1.31398,0.00013,125431.55
2018-08-13,1.31485,1.31708,1.31036,1.31312,1.315,1.31715,1.31044,1.31324,0.00012,119676.98
2018-08-14,1.31314,1.31359,1.30502,1.30576,1.31324,1.31372,1.30513,1.30585,9e-05,98659.04
2018-08-15,1.30575,1.31745,1.30542,1.31468,1.30585,1.31753,1.30551,1.31479,0.00011,115503.54
2018-08-16,1.31468,1.31742,1.31136,1.31598,1.31479,1.3175,1.31144,1.31609,0.00011,100482.23
2018-08-17,1.31595,1.31691,1.30518,1.30595,1.31605,1.31703,1.30527,1.30638,0.00043,106993.51
2018-08-20,1.30598,1.30922,1.30359,1.30423,1.30613,1.30932,1.30375,1.30427,4e-05,89245.05
2018-08-21,1.30417,1.30574,1.30135,1.30345,1.30427,1.30582,1.30144,1.30351,6e-05,92256.64
2018-08-22,1.30345,1.30421,1.29866,1.30078,1.3035,1.30433,1.29875,1.30089,0.00011,111681.05
2018-08-23,1.30077,1.31026,1.30076,1.30992,1.30089,1.31037,1.30088,1.31005,0.00013,99504.39
2018-08-24,1.30995,1.3103,1.30109,1.3023,1.31006,1.31038,1.3012,1.30263,0.00033,109774.8
2018-08-27,1.30098,1.30672,1.29532,1.29628,1.30108,1.30678,1.29541,1.29638,0.0001,110329.06
2018-08-28,1.29623,1.2982,1.28871,1.29276,1.29634,1.29828,1.28878,1.29287,0.00011,100662.52
2018-08-29,1.29278,1.29618,1.29028,1.29046,1.29288,1.29625,1.29036,1.29056,0.0001,105691.0
2018-08-30,1.2905,1.30002,1.29049,1.29867,1.29056,1.30008,1.29056,1.29874,7e-05,97976.43
2018-08-31,1.29867,1.30882,1.2986,1.30425,1.29873,1.30894,1.2987,1.30463,0.00038,112140.74
2018-09-03,1.30627,1.31025,1.30445,1.30952,1.30641,1.31033,1.30452,1.30959,7e-05,72146.93
2018-09-04,1.30949,1.32077,1.30922,1.31741,1.3096,1.32087,1.3093,1.31751,0.0001,104835.22
2018-09-05,1.31741,1.32062,1.31592,1.31744,1.31751,1.32071,1.316,1.31753,9e-05,104195.77
2018-09-06,1.31743,1.32259,1.31279,1.31548,1.31753,1.3227,1.31289,1.31558,0.0001,100600.92
2018-09-07,1.31548,1.31901,1.31099,1.31545,1.31559,1.31913,1.3111,1.31612,0.00067,107254.86
2018-09-10,1.31717,1.31978,1.31513,1.31626,1.31726,1.31985,1.31522,1.31639,0.00013,76746.24
2018-09-11,1.31626,1.31744,1.30422,1.30628,1.31638,1.3175,1.30431,1.30638,0.0001,92095.38
2018-09-12,1.3063,1.30782,1.29802,1.30018,1.30637,1.30791,1.29812,1.30029,0.00011,124353.98
2018-09-13,1.30018,1.30253,1.29758,1.30052,1.30029,1.30262,1.29769,1.30064,0.00012,99755.83
2018-09-14,1.30052,1.3054,1.29824,1.30322,1.30062,1.3055,1.29837,1.30412,0.0009,83819.12
2018-09-17,1.30437,1.30642,1.30028,1.30636,1.30445,1.30652,1.30034,1.30644,8e-05,77005.85
2018-09-18,1.30635,1.30636,1.29686,1.29728,1.30644,1.30644,1.29694,1.29739,0.00011,101927.92
2018-09-19,1.29728,1.30145,1.28998,1.29182,1.29739,1.30155,1.29005,1.29192,0.0001,99232.98
2018-09-20,1.29183,1.29278,1.28845,1.29093,1.29192,1.29287,1.28851,1.29102,9e-05,93613.41
2018-09-21,1.29091,1.2943,1.28853,1.29128,1.291,1.29439,1.28863,1.29167,0.00039,83823.37
2018-09-24,1.29147,1.29558,1.29087,1.29491,1.29155,1.29571,1.29098,1.29502,0.00011,67502.54
2018-09-25,1.29491,1.29723,1.29356,1.29573,1.29499,1.29732,1.29364,1.29582,9e-05,62193.21
2018-09-26,1.29573,1.3044,1.29447,1.30369,1.29582,1.30457,1.29454,1.30379,0.0001,79615.33
2018-09-27,1.30371,1.30814,1.30163,1.30355,1.30379,1.30822,1.30169,1.30364,9e-05,83466.36
2018-09-28,1.30358,1.30385,1.2905,1.29076,1.30364,1.30396,1.29078,1.2908,4e-05,83446.74
2018-10-01,1.28361,1.28621,1.27821,1.28133,1.28373,1.28632,1.27829,1.28138,5e-05,91595.17
2018-10-02,1.28127,1.28408,1.27993,1.28205,1.2814,1.28414,1.27998,1.28213,8e-05,80584.48
2018-10-03,1.28205,1.28838,1.28071,1.28806,1.28214,1.28849,1.2808,1.28817,0.00011,85345.03
2018-10-04,1.28805,1.29374,1.28569,1.29204,1.28815,1.29384,1.28577,1.29215,0.00011,81721.7
2018-10-05,1.29206,1.29549,1.28868,1.29385,1.29216,1.29557,1.28895,1.29413,0.00028,80906.45
2018-10-08,1.29474,1.30101,1.29444,1.29558,1.29489,1.30108,1.2945,1.29568,0.0001,74720.87
2018-10-09,1.29559,1.30033,1.29353,1.29382,1.29569,1.30041,1.29363,1.29395,0.00013,83646.05
2018-10-10,1.29382,1.30688,1.29265,1.30516,1.29395,1.30703,1.29273,1.30529,0.00013,101238.22
2018-10-11,1.30517,1.30717,1.30147,1.3031,1.30528,1.30723,1.30156,1.30321,0.00011,132922.12
2018-10-12,1.30315,1.30522,1.30024,1.30217,1.30323,1.30529,1.30032,1.3026,0.00043,92546.55
2018-10-15,1.30231,1.30509,1.29546,1.29943,1.30243,1.30517,1.29556,1.29953,0.0001,104194.21
2018-10-16,1.29943,1.29988,1.2916,1.2936,1.29952,1.29994,1.29169,1.2937,0.0001,88952.53
2018-10-17,1.2936,1.3028,1.29326,1.30252,1.29369,1.30294,1.29337,1.30262,0.0001,112336.18
2018-10-18,1.30252,1.30876,1.30186,1.30784,1.30262,1.30887,1.30193,1.30794,0.0001,111001.99
2018-10-19,1.30784,1.31321,1.30272,1.30988,1.30794,1.31328,1.30283,1.31036,0.00048,103235.77
2018-10-22,1.3104,1.3126,1.3079,1.30983,1.31048,1.31269,1.30798,1.30994,0.00011,105885.9
2018-10-23,1.30985,1.31222,1.30756,1.30817,1.30994,1.31227,1.30764,1.30832,0.00015,101635.49
2018-10-24,1.30817,1.30997,1.29691,1.30473,1.30832,1.31004,1.29697,1.30485,0.00012,137812.27
2018-10-25,1.30473,1.30985,1.3015,1.3071,1.30485,1.30992,1.30155,1.30724,0.00014,122977.67
2018-10-26,1.3071,1.31591,1.30685,1.31048,1.30723,1.316,1.30695,1.31082,0.00034,128553.15
2018-10-29,1.30972,1.31488,1.3082,1.31291,1.30983,1.31497,1.3083,1.313,9e-05,98110.58
2018-10-30,1.31292,1.31468,1.31003,1.31156,1.31304,1.31479,1.31013,1.31168,0.00012,85496.38
2018-10-31,1.31155,1.31697,1.31078,1.31578,1.31168,1.31708,1.31088,1.31596,0.00018,83196.79
2018-11-01,1.31578,1.31688,1.30683,1.30907,1.31593,1.31698,1.30694,1.30916,9e-05,87703.66
2018-11-02,1.30906,1.31187,1.30482,1.31096,1.30918,1.31198,1.30494,1.31153,0.00057,92232.36
2018-11-05,1.31006,1.31158,1.30706,1.31106,1.31023,1.31164,1.30715,1.31117,0.00011,86788.4
2018-11-06,1.31106,1.31443,1.3106,1.31156,1.31116,1.31452,1.31069,1.3117,0.00014,87792.98
2018-11-07,1.31158,1.3158,1.30559,1.31157,1.31172,1.31594,1.30566,1.31173,0.00016,120503.65
2018-11-08,1.31157,1.31831,1.30871,1.31435,1.31173,1.31841,1.30882,1.31449,0.00014,109191.61
2018-11-09,1.31436,1.32328,1.31436,1.32086,1.31451,1.3234,1.31451,1.32111,0.00025,102390.92
2018-11-12,1.31932,1.32489,1.31824,1.32428,1.31942,1.32501,1.31836,1.32441,0.00013,88311.42
2018-11-13,1.32429,1.32631,1.32149,1.3224,1.32442,1.32642,1.3216,1.3225,0.0001,106553.67
2018-11-14,1.32239,1.32635,1.32072,1.32468,1.3225,1.32642,1.32082,1.32482,0.00014,118876.45
2018-11-15,1.32468,1.3249,1.31557,1.31727,1.32482,1.325,1.31568,1.31743,0.00016,114496.91
2018-11-16,1.31727,1.31861,1.31266,1.3145,1.31743,1.31873,1.31277,1.31532,0.00082,103074.82
2018-11-19,1.31465,1.32015,1.31465,1.31716,1.31484,1.32026,1.31479,1.3173,0.00014,96988.79
2018-11-20,1.31718,1.33177,1.3155,1.33058,1.3173,1.33189,1.31562,1.33073,0.00015,119697.67
2018-11-21,1.33058,1.3317,1.32235,1.32274,1.33073,1.33182,1.32254,1.32286,0.00012,83092.98
2018-11-22,1.32273,1.32449,1.31814,1.31902,1.32286,1.32459,1.31828,1.3192,0.00018,71420.61
2018-11-23,1.31903,1.32583,1.31865,1.32302,1.31919,1.32593,1.31879,1.3246,0.00158,99148.76
2018-11-26,1.32266,1.32608,1.31866,1.32534,1.32285,1.3262,1.31877,1.32548,0.00014,87253.68
2018-11-27,1.32535,1.33278,1.32354,1.32967,1.32548,1.33291,1.32365,1.32979,0.00012,93472.65
2018-11-28,1.32968,1.33596,1.32417,1.32766,1.3298,1.33604,1.32427,1.3278,0.00014,98678.35
2018-11-29,1.32766,1.33121,1.3253,1.32748,1.3278,1.33131,1.32541,1.32762,0.00014,102265.66
2018-11-30,1.32748,1.33329,1.32736,1.32838,1.32761,1.33342,1.3275,1.32938,0.001,101049.6
2018-12-03,1.32552,1.32677,1.31597,1.31988,1.32564,1.32688,1.31608,1.32,0.00012,124403.8
2018-12-04,1.3199,1.32661,1.31637,1.32564,1.32001,1.3268,1.31644,1.32572,8e-05,116461.47
2018-12-05,1.32565,1.3399,1.32524,1.33621,1.32572,1.34001,1.32536,1.33637,0.00016,93089.41
2018-12-06,1.3362,1.34444,1.3362,1.33911,1.33637,1.34452,1.33635,1.33925,0.00014,121283.02
2018-12-07,1.33911,1.34002,1.32532,1.33194,1.33926,1.34011,1.32544,1.33283,0.00089,108864.43
2018-12-10,1.33292,1.34162,1.32924,1.33978,1.33304,1.34172,1.32936,1.3399,0.00012,104220.43
2018-12-11,1.33979,1.34238,1.3377,1.33784,1.3399,1.34248,1.33785,1.33799,0.00015,104153.48
2018-12-12,1.33784,1.33873,1.33221,1.33501,1.33799,1.33883,1.33232,1.33509,8e-05,102025.57
2018-12-13,1.33498,1.33836,1.33379,1.33504,1.33509,1.33848,1.33389,1.33519,0.00015,113641.87
2018-12-14,1.33504,1.34012,1.33465,1.33813,1.33519,1.34022,1.33476,1.33902,0.00089,98595.81
2018-12-17,1.33866,1.34205,1.33722,1.34126,1.33884,1.34215,1.33732,1.34138,0.00012,94414.29
2018-12-18,1.34124,1.3496,1.33904,1.34547,1.34134,1.34974,1.33915,1.34561,0.00014,117422.5
2018-12-19,1.34547,1.35071,1.34151,1.34745,1.3456,1.35084,1.34159,1.34762,0.00017,156084.7
2018-12-20,1.34744,1.35304,1.3446,1.34982,1.34763,1.35313,1.3447,1.35005,0.00023,186822.53
2018-12-21,1.34981,1.36017,1.34925,1.35996,1.35005,1.36043,1.34938,1.36037,0.00041,207477.8
2018-12-24,1.35971,1.36154,1.35644,1.36029,1.35985,1.36184,1.35658,1.36134,0.00105,141964.5
2018-12-25,1.36029,1.36078,1.35705,1.35855,1.36135,1.36171,1.35854,1.3588,0.00025,6757.89
2018-12-26,1.35856,1.36179,1.35658,1.35739,1.3588,1.36194,1.35673,1.35756,0.00017,122020.35
2018-12-27,1.35739,1.36606,1.35732,1.36208,1.35754,1.36616,1.35752,1.36222,0.00014,180684.23
2018-12-28,1.36208,1.36612,1.35944,1.36366,1.36224,1.36621,1.35956,1.36404,0.00038,171675.7
2018-12-31,1.36253,1.36644,1.36088,1.36347,1.36271,1.36656,1.361,1.36429,0.00082,120481.52
2019-01-01,1.36234,1.36349,1.36207,1.36254,1.36486,1.3649,1.36251,1.36269,0.00015,5512.37
2019-01-02,1.36256,1.36622,1.35688,1.36309,1.36273,1.3663,1.35698,1.36331,0.00022,171440.91
2019-01-03,1.36311,1.36448,1.34688,1.34793,1.36331,1.36465,1.34701,1.34805,0.00012,207497.73
2019-01-04,1.34793,1.34911,1.33725,1.33737,1.34804,1.34924,1.33748,1.33767,0.0003,156309.3
2019-01-07,1.33687,1.33775,1.32782,1.32964,1.33704,1.33788,1.32795,1.32981,0.00017,132170.03
2019-01-08,1.32965,1.33227,1.32422,1.32443,1.32981,1.33235,1.32437,1.3246,0.00017,125953.53
2019-01-09,1.32443,1.32552,1.31797,1.32129,1.3246,1.32562,1.31806,1.32142,0.00013,146669.5
2019-01-10,1.32127,1.32588,1.32077,1.32384,1.3214,1.32599,1.32091,1.32403,0.00019,175027.75
2019-01-11,1.32384,1.32782,1.31829,1.32648,1.32395,1.32793,1.31841,1.32689,0.00041,110053.95
2019-01-14,1.32682,1.32972,1.32523,1.32772,1.32695,1.32982,1.32534,1.32787,0.00015,91561.74
2019-01-15,1.3277,1.32939,1.32259,1.32608,1.32785,1.32949,1.32268,1.32622,0.00014,129446.59
2019-01-16,1.32608,1.32839,1.32349,1.32585,1.32622,1.32849,1.32357,1.32603,0.00018,110785.41
2019-01-17,1.32585,1.33185,1.3248,1.32812,1.32602,1.33195,1.32488,1.32824,0.00012,114111.44
2019-01-18,1.32812,1.32839,1.32314,1.32643,1.32825,1.32851,1.32329,1.32678,0.00035,105546.55
2019-01-21,1.32761,1.33181,1.32513,1.32973,1.32776,1.33187,1.32525,1.32987,0.00014,94437.91
2019-01-22,1.32975,1.33583,1.32961,1.33565,1.32988,1.33592,1.32974,1.33578,0.00013,110802.65
2019-01-23,1.33565,1.33707,1.33047,1.33413,1.33578,1.33712,1.33055,1.33423,0.0001,106405.42
2019-01-24,1.33413,1.33748,1.3329,1.335,1.33421,1.3376,1.333,1.33513,0.00013,127159.28
2019-01-25,1.33502,1.33562,1.32134,1.32155,1.33513,1.33576,1.32172,1.322,0.00045,109593.11
2019-01-28,1.32223,1.32854,1.32029,1.32615,1.32234,1.32864,1.32037,1.32627,0.00012,95697.56
2019-01-29,1.32615,1.32845,1.32413,1.32716,1.32627,1.32856,1.32422,1.32728,0.00012,117851.33
2019-01-30,1.32717,1.32813,1.31184,1.3143,1.32728,1.32822,1.31191,1.31443,0.00013,143152.41
2019-01-31,1.31429,1.31648,1.31194,1.31264,1.31443,1.31659,1.31209,1.31279,0.00015,123462.99
2019-02-01,1.31268,1.31571,1.30682,1.30982,1.3128,1.31581,1.30692,1.31043,0.00061,116562.02
2019-02-04,1.30993,1.31469,1.30851,1.31159,1.31007,1.3148,1.30862,1.31173,0.00014,98156.14
2019-02-05,1.31158,1.31529,1.31017,1.31268,1.31173,1.31538,1.31029,1.31281,0.00013,93742.77
2019-02-06,1.31269,1.32186,1.31242,1.32155,1.31281,1.32206,1.31257,1.32167,0.00012,99057.25
2019-02-07,1.32155,1.33169,1.3215,1.33109,1.32168,1.33179,1.32162,1.33121,0.00012,100819.72
2019-02-08,1.33109,1.33288,1.32319,1.32767,1.33119,1.33298,1.32329,1.32811,0.00044,104121.25
2019-02-11,1.3276,1.33186,1.32614,1.3303,1.32777,1.33196,1.32622,1.33044,0.00014,98898.96
2019-02-12,1.3303,1.33141,1.32247,1.32298,1.33045,1.33152,1.32258,1.32309,0.00011,94125.03
2019-02-13,1.323,1.32684,1.31957,1.32593,1.32309,1.32697,1.31968,1.32607,0.00014,94179.77
2019-02-14,1.32591,1.33399,1.32286,1.32972,1.32607,1.33409,1.32299,1.32983,0.00011,116374.24
2019-02-15,1.32972,1.33126,1.32439,1.32439,1.32984,1.33136,1.32458,1.32477,0.00038,103350.14
2019-02-18,1.32407,1.32436,1.32246,1.32349,1.32419,1.32495,1.32258,1.32363,0.00014,84374.17
2019-02-19,1.32349,1.3281,1.32052,1.32101,1.32363,1.3282,1.32063,1.32114,0.00013,105047.17
2019-02-20,1.32101,1.32138,1.31498,1.31714,1.32116,1.32146,1.31506,1.31729,0.00015,108059.77
2019-02-21,1.31714,1.32345,1.31625,1.32259,1.31729,1.32363,1.31634,1.32274,0.00015,138863.77
2019-02-22,1.32261,1.32418,1.31325,1.31334,1.32273,1.3243,1.31344,1.31393,0.00059,115736.25
2019-02-25,1.31318,1.31972,1.31123,1.31849,1.31333,1.31982,1.31133,1.31862,0.00013,117726.12
2019-02-26,1.31849,1.32355,1.31548,1.31639,1.3186,1.32364,1.31558,1.31653,0.00014,108491.17
2019-02-27,1.31639,1.31759,1.31177,1.31454,1.31653,1.31771,1.31186,1.31468,0.00014,258882.66
2019-02-28,1.31454,1.32071,1.31398,1.31643,1.31468,1.3208,1.31407,1.31654,0.00011,131504.44
2019-03-01,1.31643,1.33065,1.31295,1.32979,1.31654,1.3309,1.31304,1.32996,0.00017,137518.19
2019-03-04,1.32841,1.33374,1.32746,1.3312,1.32857,1.33385,1.32758,1.33133,0.00013,118266.67
2019-03-05,1.3312,1.33597,1.33097,1.33559,1.33133,1.33609,1.33108,1.33566,7e-05,111077.7
2019-03-06,1.3356,1.34569,1.33541,1.34436,1.33566,1.34579,1.33552,1.34444,8e-05,110566.22
2019-03-07,1.34431,1.34672,1.34131,1.34442,1.34444,1.34682,1.3414,1.34455,0.00013,125350.5
2019-03-08,1.34442,1.34661,1.33897,1.34189,1.34454,1.34671,1.33909,1.3422,0.00031,348668.97
2019-03-11,1.3422,1.34397,1.33847,1.33951,1.34233,1.34408,1.33865,1.33961,0.0001,98398.37
2019-03-12,1.3395,1.34169,1.335,1.33591,1.33961,1.34179,1.33511,1.33603,0.00012,109094.96
2019-03-13,1.33591,1.33708,1.32868,1.33008,1.33603,1.33719,1.32879,1.33018,0.0001,109545.42
2019-03-14,1.33008,1.33468,1.32994,1.33249,1.33018,1.33479,1.33002,1.33258,9e-05,118416.02
2019-03-15,1.3325,1.33708,1.32888,1.33342,1.33257,1.3372,1.32899,1.33393,0.00051,93565.36
2019-03-18,1.33422,1.33652,1.33012,1.33392,1.33432,1.33662,1.33024,1.334,8e-05,90543.64
2019-03-19,1.33392,1.33441,1.32502,1.33245,1.33402,1.33451,1.32511,1.33257,0.00012,116983.75
2019-03-20,1.33246,1.3347,1.32572,1.32891,1.33258,1.33482,1.32583,1.32901,0.0001,123702.12
2019-03-21,1.32891,1.33993,1.3275,1.33702,1.32902,1.34004,1.32761,1.33714,0.00012,142571.19
2019-03-22,1.33702,1.34289,1.33516,1.34278,1.33714,1.34306,1.33526,1.34301,0.00023,154129.27
2019-03-25,1.34256,1.34443,1.33926,1.33944,1.34269,1.34452,1.33937,1.33953,9e-05,133887.36
2019-03-26,1.33943,1.34116,1.33716,1.33808,1.33953,1.34126,1.33726,1.33818,0.0001,119895.65
2019-03-27,1.33808,1.34396,1.33767,1.34138,1.33817,1.34405,1.33776,1.3415,0.00012,148313.23
2019-03-28,1.34138,1.34505,1.33959,1.34305,1.34148,1.34514,1.33969,1.34315,0.0001,141658.75
2019-03-29,1.34305,1.34419,1.33412,1.33496,1.34315,1.3443,1.33422,1.33524,0.00028,117161.22
2019-04-01,1.33493,1.33706,1.32973,1.33135,1.33505,1.33713,1.32987,1.33148,0.00013,115631.53
2019-04-02,1.33135,1.33736,1.33058,1.33431,1.33147,1.33746,1.33068,1.33442,0.00011,119878.42
2019-04-03,1.33431,1.33528,1.32958,1.33448,1.33443,1.33541,1.3297,1.33459,0.00011,113639.29
2019-04-04,1.33447,1.33725,1.3342,1.33649,1.3346,1.33735,1.33433,1.33662,0.00013,113654.63
2019-04-05,1.33651,1.34026,1.33484,1.33799,1.33664,1.34039,1.33496,1.33883,0.00084,104994.25
2019-04-08,1.33728,1.33855,1.33044,1.33137,1.33743,1.33868,1.33054,1.33152,0.00015,115743.65
2019-04-09,1.33137,1.33318,1.32837,1.33294,1.33152,1.33338,1.32848,1.33306,0.00012,117039.42
2019-04-10,1.33294,1.33596,1.33057,1.33186,1.33306,1.33606,1.3307,1.33197,0.00011,117133.24
2019-04-11,1.33186,1.33956,1.33164,1.33773,1.33197,1.33965,1.33176,1.33786,0.00013,111736.63
2019-04-12,1.33771,1.3385,1.33121,1.33188,1.33784,1.33862,1.33127,1.33281,0.00093,121742.72
2019-04-15,1.3333,1.33902,1.32969,1.3369,1.33346,1.33911,1.32981,1.33701,0.00011,108110.5
2019-04-16,1.33692,1.34027,1.33457,1.33586,1.33704,1.34036,1.3347,1.33599,0.00013,110239.91
2019-04-17,1.33587,1.33721,1.32741,1.33502,1.33598,1.33733,1.32752,1.33514,0.00012,129513.0
2019-04-18,1.33502,1.33994,1.3344,1.33746,1.33514,1.34004,1.33452,1.33793,0.00047,130353.86
2019-04-19,1.33744,1.33937,1.33649,1.33879,1.33791,1.33994,1.33662,1.33965,0.00086,76091.58
2019-04-22,1.33814,1.33833,1.3335,1.33458,1.33828,1.33847,1.33361,1.33471,0.00013,90542.34
2019-04-23,1.33458,1.34429,1.33447,1.34289,1.3347,1.34437,1.3346,1.34302,0.00013,107990.28
2019-04-24,1.3429,1.35207,1.34286,1.3493,1.34303,1.35221,1.343,1.34947,0.00017,159371.91
2019-04-25,1.3493,1.35165,1.34754,1.34793,1.34947,1.35174,1.34765,1.34804,0.00011,117028.52
2019-04-26,1.34793,1.34976,1.34515,1.3455,1.34804,1.34988,1.34526,1.34572,0.00022,125801.43
2019-04-29,1.34619,1.34793,1.34394,1.34545,1.34632,1.34804,1.34406,1.34559,0.00014,91964.38
2019-04-30,1.34546,1.34798,1.33809,1.33892,1.34559,1.34811,1.33819,1.33904,0.00012,130183.97
2019-05-01,1.33893,1.34611,1.33766,1.34386,1.33902,1.34622,1.33776,1.34399,0.00013,98853.63
2019-05-02,1.34387,1.34763,1.34303,1.347,1.34398,1.34773,1.34316,1.34713,0.00013,120432.68
2019-05-03,1.34701,1.34897,1.34059,1.34184,1.34712,1.34926,1.34068,1.34225,0.00041,111139.09
2019-05-06,1.34714,1.34937,1.34318,1.34487,1.34727,1.34945,1.34331,1.34499,0.00012,108648.7
2019-05-07,1.34486,1.34886,1.34092,1.34715,1.34501,1.34894,1.34106,1.34728,0.00013,118631.37
2019-05-08,1.34717,1.34864,1.34444,1.34735,1.3473,1.34874,1.34456,1.34747,0.00012,139541.81
2019-05-09,1.34735,1.35048,1.34588,1.34659,1.34747,1.35061,1.34598,1.34669,0.0001,155812.16
2019-05-10,1.34657,1.34804,1.33799,1.34122,1.34669,1.3481,1.33808,1.34204,0.00082,157823.83
2019-05-13,1.34415,1.34871,1.34199,1.34785,1.34428,1.34885,1.3421,1.34799,0.00014,131632.31
2019-05-14,1.34785,1.34867,1.34556,1.34604,1.34797,1.34877,1.34567,1.34615,0.00011,123535.11
2019-05-15,1.34604,1.34932,1.34268,1.34422,1.34617,1.34942,1.34279,1.34433,0.00011,110960.87
2019-05-16,1.34421,1.34693,1.34004,1.3463,1.34434,1.34704,1.34013,1.34639,9e-05,108557.88
2019-05-17,1.3463,1.35133,1.34344,1.34639,1.3464,1.35142,1.34352,1.34656,0.00017,134697.55
2019-05-20,1.34464,1.3447,1.34159,1.3427,1.34476,1.34482,1.34168,1.34283,0.00013,111101.43
2019-05-21,1.34268,1.34332,1.33953,1.34034,1.34281,1.34343,1.33961,1.34048,0.00014,124063.27
2019-05-22,1.34033,1.34388,1.33571,1.34383,1.34047,1.34401,1.33579,1.34385,2e-05,119735.24
2019-05-23,1.34384,1.3502,1.34367,1.34737,1.34385,1.3503,1.3438,1.34748,0.00011,150819.39
2019-05-24,1.34737,1.3482,1.34298,1.34404,1.34747,1.34829,1.34309,1.34444,0.0004,128529.37
2019-05-27,1.34364,1.34525,1.34291,1.34366,1.34376,1.34535,1.34302,1.3438,0.00014,76327.8
2019-05-28,1.34365,1.34985,1.3433,1.34894,1.34379,1.34997,1.34343,1.34907,0.00013,110151.48
2019-05-29,1.34894,1.35464,1.34818,1.35137,1.34907,1.35474,1.34825,1.35151,0.00014,152442.12
2019-05-30,1.35137,1.35323,1.34852,1.35322,1.35151,1.35332,1.3486,1.35332,0.0001,116077.22
2019-05-31,1.35321,1.35644,1.35073,1.3515,1.35333,1.35654,1.3508,1.3521,0.0006,148610.78
2019-06-03,1.3521,1.35245,1.34344,1.34412,1.35223,1.35256,1.34353,1.34421,9e-05,150381.12
2019-06-04,1.34412,1.34491,1.33811,1.3392,1.34423,1.34502,1.33822,1.33932,0.00012,129198.79
2019-06-05,1.33921,1.34297,1.33624,1.3422,1.33932,1.34304,1.33633,1.34233,0.00013,140967.77
2019-06-06,1.34221,1.343,1.33526,1.33565,1.34232,1.34311,1.3354,1.33578,0.00013,150750.16
2019-06-07,1.33564,1.33656,1.32597,1.32597,1.33577,1.33668,1.32629,1.32648,0.00051,126517.6
2019-06-10,1.32685,1.32807,1.3251,1.32649,1.32699,1.32815,1.32519,1.32665,0.00016,108224.5
2019-06-11,1.32649,1.33085,1.32499,1.32803,1.32665,1.33095,1.32509,1.32814,0.00011,113169.57
2019-06-12,1.32802,1.33445,1.32731,1.33344,1.32814,1.33456,1.32742,1.33357,0.00013,114806.3
2019-06-13,1.33346,1.33394,1.32999,1.33274,1.33358,1.33403,1.33009,1.33286,0.00012,119454.6
2019-06-14,1.33274,1.34223,1.3327,1.3408,1.33287,1.34236,1.33285,1.34147,0.00067,118156.0
2019-06-17,1.34097,1.34196,1.33926,1.34106,1.34111,1.342,1.33936,1.34114,8e-05,91486.63
2019-06-18,1.34103,1.3432,1.33722,1.33728,1.34112,1.34329,1.33732,1.33741,0.00013,118258.18
2019-06-19,1.33728,1.33831,1.32693,1.327,1.33743,1.33841,1.32704,1.32711,0.00011,139623.02
2019-06-20,1.327,1.32704,1.31508,1.3184,1.32712,1.32716,1.31514,1.31849,9e-05,168112.19
2019-06-21,1.31841,1.32289,1.31618,1.32174,1.31851,1.323,1.3163,1.32246,0.00072,139272.0
2019-06-24,1.31999,1.32142,1.31773,1.31838,1.32011,1.32152,1.31783,1.3185,0.00012,98558.95
2019-06-25,1.31837,1.32079,1.3152,1.31769,1.31849,1.32092,1.31531,1.31782,0.00013,138197.38
2019-06-26,1.3177,1.31952,1.31065,1.31228,1.31781,1.31965,1.31077,1.31239,0.00011,115142.46
2019-06-27,1.31228,1.31376,1.30914,1.3094,1.31238,1.31386,1.30925,1.30955,0.00015,107044.22
2019-06-28,1.3094,1.31009,1.30591,1.30862,1.30954,1.31026,1.30604,1.30975,0.00113,118607.25
2019-07-01,1.30909,1.31448,1.30849,1.31345,1.30921,1.3146,1.30859,1.31357,0.00012,95290.68
2019-07-02,1.31345,1.31381,1.30961,1.30995,1.31356,1.31393,1.30972,1.31008,0.00013,92080.08
2019-07-03,1.30995,1.3119,1.30552,1.3057,1.31007,1.31201,1.30567,1.30583,0.00013,100041.13
2019-07-04,1.3057,1.30793,1.30373,1.30488,1.30584,1.30799,1.30382,1.30501,0.00013,61966.35
2019-07-05,1.30488,1.31362,1.30479,1.30772,1.30501,1.31373,1.30492,1.30798,0.00026,84635.15
2019-07-08,1.30776,1.31034,1.30489,1.31032,1.30792,1.31046,1.30498,1.31046,0.00014,75270.4
2019-07-09,1.31033,1.31409,1.30975,1.3127,1.31047,1.3142,1.30988,1.31283,0.00013,90392.69
2019-07-10,1.31268,1.31437,1.30618,1.30734,1.31284,1.31447,1.30631,1.30747,0.00013,116540.15
2019-07-11,1.30734,1.30911,1.30415,1.30688,1.30747,1.30922,1.30425,1.307,0.00012,107489.08
2019-07-12,1.30688,1.30694,1.30176,1.30262,1.30699,1.30706,1.30187,1.30295,0.00033,93411.56
2019-07-15,1.3034,1.3053,1.30209,1.30483,1.30349,1.30547,1.30219,1.30496,0.00013,82454.71
2019-07-16,1.30484,1.30914,1.30224,1.3086,1.30497,1.30927,1.30234,1.30876,0.00016,101506.46
2019-07-17,1.3086,1.30933,1.30351,1.30545,1.30876,1.30941,1.30362,1.30556,0.00011,91137.69
2019-07-18,1.30542,1.30952,1.30153,1.30349,1.30556,1.30961,1.30165,1.30363,0.00014,115103.68
2019-07-19,1.30348,1.31095,1.30248,1.30565,1.30364,1.31105,1.30261,1.30606,0.00041,125027.0
2019-07-22,1.3054,1.31295,1.30401,1.31294,1.30556,1.31306,1.30414,1.31306,0.00012,104780.38
2019-07-23,1.31294,1.31637,1.31216,1.31399,1.31306,1.31648,1.31225,1.31413,0.00014,102011.12
2019-07-24,1.31399,1.31505,1.31184,1.31429,1.31413,1.31514,1.31197,1.3144,0.00011,97297.67
2019-07-25,1.3143,1.31669,1.3115,1.31612,1.3144,1.3169,1.31161,1.31627,0.00015,172869.77
2019-07-26,1.3161,1.31988,1.31565,1.31654,1.31627,1.31997,1.31578,1.31674,0.0002,142372.88
2019-07-29,1.31692,1.31821,1.31486,1.3165,1.31703,1.31833,1.31497,1.31666,0.00016,113481.02
2019-07-30,1.3165,1.31916,1.31435,1.31482,1.31666,1.31928,1.3145,1.31498,0.00016,125260.63
2019-07-31,1.31483,1.32141,1.31048,1.31949,1.31499,1.32153,1.31062,1.31962,0.00013,187585.38
2019-08-01,1.31949,1.32472,1.31822,1.32129,1.31961,1.32483,1.31832,1.32143,0.00014,227086.34
2019-08-02,1.32129,1.32657,1.3199,1.32014,1.32142,1.32669,1.32004,1.32102,0.00088,266786.12
2019-08-05,1.32028,1.32471,1.31773,1.3214,1.32041,1.3248,1.31783,1.32154,0.00014,233852.42
2019-08-06,1.3214,1.32908,1.31866,1.32806,1.32153,1.32921,1.31882,1.32823,0.00017,199862.75
2019-08-07,1.32807,1.33446,1.32691,1.33131,1.32822,1.33456,1.32705,1.33148,0.00017,226229.28
2019-08-08,1.33132,1.33136,1.3221,1.32291,1.33149,1.3315,1.32222,1.32303,0.00012,159556.67
2019-08-09,1.32292,1.32744,1.31957,1.32205,1.32303,1.32754,1.31973,1.3222,0.00015,130487.17
2019-08-12,1.3217,1.325,1.32128,1.32365,1.32189,1.32509,1.32139,1.32378,0.00013,141436.91
2019-08-13,1.32365,1.32927,1.31841,1.3214,1.32377,1.32939,1.31855,1.32154,0.00014,165195.19
2019-08-14,1.3214,1.33253,1.32101,1.33106,1.32156,1.33267,1.32117,1.33121,0.00015,192590.86
2019-08-15,1.33108,1.33391,1.32851,1.33168,1.33121,1.33397,1.3286,1.33184,0.00016,196905.3
2019-08-16,1.3317,1.33245,1.32598,1.32642,1.33184,1.33259,1.32623,1.32748,0.00106,123227.98
2019-08-19,1.32668,1.33367,1.32506,1.33296,1.32684,1.33381,1.32518,1.33309,0.00013,97326.66
2019-08-20,1.33296,1.33456,1.33082,1.33176,1.33309,1.33466,1.33095,1.33195,0.00019,108048.16
2019-08-21,1.33176,1.33189,1.32538,1.3288,1.33194,1.33203,1.32545,1.32894,0.00014,91847.59
2019-08-22,1.32879,1.33149,1.32749,1.32954,1.32894,1.3316,1.32757,1.32969,0.00015,112067.21
2019-08-23,1.32954,1.33389,1.32765,1.32808,1.32971,1.33399,1.32775,1.32876,0.00068,127108.13
2019-08-26,1.33148,1.33159,1.32464,1.32521,1.33163,1.33169,1.32475,1.32533,0.00012,168462.34
2019-08-27,1.32521,1.33006,1.32247,1.3285,1.32535,1.33014,1.32257,1.32863,0.00013,124394.82
2019-08-28,1.32849,1.33179,1.32837,1.33063,1.32863,1.3319,1.32851,1.33078,0.00015,116713.99
2019-08-29,1.33063,1.33186,1.32723,1.32831,1.33081,1.33198,1.32733,1.32846,0.00015,128348.95
2019-08-30,1.32831,1.33333,1.3247,1.33085,1.32847,1.33337,1.32483,1.33177,0.00092,118385.87
2019-09-02,1.33177,1.33607,1.33119,1.33337,1.33193,1.33616,1.33128,1.33351,0.00014,84699.79
2019-09-03,1.33335,1.33823,1.33228,1.33386,1.33351,1.33831,1.33237,1.334,0.00014,126856.07
2019-09-04,1.33384,1.33393,1.32182,1.32253,1.334,1.33407,1.32192,1.32266,0.00013,108528.81
2019-09-05,1.32251,1.32461,1.3191,1.323,1.32266,1.32471,1.3192,1.32313,0.00013,112616.2
2019-09-06,1.32298,1.32461,1.31576,1.31653,1.32313,1.32496,1.31589,1.31742,0.00089,111196.8
2019-09-09,1.31683,1.31765,1.31388,1.31691,1.31701,1.31776,1.31399,1.31706,0.00015,88801.72
2019-09-10,1.31691,1.31912,1.31333,1.31462,1.31705,1.31921,1.31342,1.31473,0.00011,95680.02
2019-09-11,1.31459,1.32141,1.3139,1.31844,1.31476,1.32151,1.31398,1.31858,0.00014,90421.94
2019-09-12,1.31843,1.32203,1.31764,1.32115,1.31854,1.32212,1.31774,1.32128,0.00013,121003.18
2019-09-13,1.32115,1.32872,1.32097,1.32852,1.32131,1.32902,1.32107,1.32898,0.00046,94133.32
2019-09-16,1.32146,1.32709,1.32141,1.32415,1.32158,1.32719,1.32151,1.32425,0.0001,128616.07
2019-09-17,1.32414,1.32994,1.32328,1.32419,1.32425,1.33002,1.32339,1.32432,0.00013,123623.64
2019-09-18,1.32419,1.33097,1.32378,1.32984,1.32433,1.33109,1.32408,1.33001,0.00017,127455.97
2019-09-19,1.32984,1.33068,1.32415,1.32592,1.33001,1.3308,1.32425,1.32603,0.00011,110296.61
2019-09-20,1.32589,1.33006,1.3254,1.32614,1.32603,1.33013,1.32551,1.32636,0.00022,99015.59
2019-09-23,1.32679,1.33046,1.32541,1.3261,1.32692,1.33056,1.32552,1.32628,0.00018,92220.46
2019-09-24,1.32609,1.32743,1.32316,1.32405,1.32626,1.32753,1.32327,1.3242,0.00015,95782.83
2019-09-25,1.32403,1.32881,1.32394,1.3259,1.3242,1.3289,1.32405,1.32605,0.00015,113301.95
2019-09-26,1.32588,1.32759,1.32315,1.3269,1.32605,1.32771,1.32322,1.32705,0.00015,117954.4
2019-09-27,1.32689,1.32777,1.32135,1.32464,1.32705,1.32791,1.32146,1.32556,0.00092,109980.77
2019-09-30,1.32362,1.32594,1.3224,1.32423,1.32379,1.32604,1.32248,1.32435,0.00012,105388.91
2019-10-01,1.32423,1.32899,1.32093,1.32177,1.32436,1.32908,1.32103,1.32189,0.00012,131772.16
2019-10-02,1.32176,1.33343,1.32055,1.33283,1.32192,1.33354,1.32065,1.33295,0.00012,142875.25
2019-10-03,1.3328,1.33476,1.33092,1.3337,1.33295,1.33486,1.33099,1.33382,0.00012,150309.44
2019-10-04,1.33369,1.33384,1.32989,1.33037,1.33382,1.33394,1.32997,1.33135,0.00098,142061.66
2019-10-07,1.33059,1.33303,1.32899,1.3304,1.33076,1.33315,1.32909,1.33053,0.00013,115375.25
2019-10-08,1.33037,1.33363,1.32874,1.33208,1.33052,1.33374,1.32884,1.33225,0.00017,155211.98
2019-10-09,1.33208,1.33453,1.32947,1.33352,1.33225,1.33465,1.32959,1.33367,0.00015,156717.38
2019-10-10,1.3335,1.33444,1.32684,1.32874,1.33368,1.33456,1.32693,1.32887,0.00013,164133.27
2019-10-11,1.32874,1.32998,1.31707,1.31995,1.32887,1.3301,1.31715,1.32085,0.0009,161577.56
2019-10-14,1.32019,1.3239,1.31997,1.32261,1.3203,1.32401,1.32007,1.32274,0.00013,99327.45
2019-10-15,1.3226,1.32392,1.3194,1.32048,1.32275,1.32403,1.31955,1.32064,0.00016,124028.08
2019-10-16,1.3205,1.32334,1.31841,1.32038,1.32066,1.32377,1.31848,1.32052,0.00014,126350.48
2019-10-17,1.32037,1.32115,1.31306,1.31355,1.32055,1.32124,1.31313,1.31368,0.00013,115403.6
2019-10-18,1.31355,1.31453,1.31191,1.31218,1.3137,1.31463,1.31201,1.3131,0.00092,85371.48
2019-10-21,1.31313,1.31364,1.30816,1.30872,1.31333,1.31379,1.30827,1.30878,6e-05,95184.62
2019-10-22,1.30869,1.31224,1.30707,1.30942,1.30884,1.31236,1.30718,1.30956,0.00014,113036.29
2019-10-23,1.3094,1.31089,1.30681,1.30751,1.30955,1.31099,1.3069,1.30765,0.00014,89143.59
2019-10-24,1.30751,1.30928,1.30526,1.30708,1.30766,1.30935,1.30535,1.30721,0.00013,99673.05
2019-10-25,1.30708,1.30762,1.30546,1.30546,1.30722,1.30774,1.30568,1.30631,0.00085,81789.08
2019-10-28,1.30639,1.30779,1.30489,1.30555,1.30654,1.30793,1.30499,1.30568,0.00013,81191.54
2019-10-29,1.30554,1.31003,1.30417,1.30905,1.30569,1.3101,1.30427,1.30918,0.00013,83993.26
2019-10-30,1.30905,1.32081,1.30744,1.31655,1.30918,1.32092,1.30751,1.31669,0.00014,113704.38
2019-10-31,1.31653,1.31779,1.3135,1.31682,1.31667,1.31788,1.31359,1.31694,0.00012,106421.43
2019-11-01,1.31681,1.3196,1.31384,1.31393,1.31695,1.31966,1.31399,1.31444,0.00051,97528.59
2019-11-04,1.31415,1.31602,1.313,1.31522,1.31429,1.31611,1.31309,1.31533,0.00011,87261.52
2019-11-05,1.3152,1.3178,1.31151,1.31537,1.31535,1.31789,1.31159,1.31549,0.00012,108468.0
2019-11-06,1.31537,1.31926,1.3153,1.31857,1.31549,1.31936,1.31541,1.31867,0.0001,82082.93
2019-11-07,1.31857,1.31967,1.31596,1.31743,1.3187,1.31979,1.31605,1.31757,0.00014,95131.54
2019-11-08,1.31741,1.32368,1.31719,1.32258,1.31757,1.32375,1.3173,1.3231,0.00052,79961.3
2019-11-11,1.32266,1.32372,1.32123,1.32337,1.3228,1.32384,1.32131,1.32349,0.00012,64075.91
2019-11-12,1.32336,1.32571,1.32162,1.32363,1.3235,1.32581,1.3217,1.32375,0.00012,92297.51
2019-11-13,1.32361,1.32679,1.32312,1.32516,1.32375,1.32687,1.32323,1.32529,0.00013,91248.86
2019-11-14,1.32515,1.32704,1.32435,1.32492,1.3253,1.32711,1.32444,1.32508,0.00016,86803.64
2019-11-15,1.32492,1.32515,1.32162,1.3221,1.32508,1.32525,1.32171,1.3224,0.0003,73061.95
2019-11-18,1.32238,1.32351,1.32,1.32066,1.32249,1.32359,1.32008,1.32078,0.00012,71083.66
2019-11-19,1.32065,1.32721,1.31903,1.32718,1.32078,1.32732,1.31908,1.3273,0.00012,81637.51
2019-11-20,1.32717,1.33273,1.327,1.33034,1.3273,1.33284,1.3271,1.33046,0.00012,89865.09
2019-11-21,1.33032,1.33248,1.32694,1.32803,1.33048,1.33254,1.32703,1.32813,0.0001,101555.38
2019-11-22,1.32805,1.33014,1.3254,1.32964,1.32816,1.33061,1.32547,1.33061,0.00097,94974.79
2019-11-25,1.32969,1.33188,1.32847,1.33033,1.3298,1.33195,1.32857,1.33045,0.00012,71264.88
2019-11-26,1.33031,1.33159,1.32674,1.32701,1.33048,1.33167,1.32695,1.32714,0.00013,77491.41
2019-11-27,1.32703,1.32894,1.32599,1.32849,1.32712,1.32907,1.32608,1.32864,0.00015,76887.7
2019-11-28,1.32848,1.3299,1.32786,1.32802,1.32863,1.32998,1.32799,1.32815,0.00013,51390.77
2019-11-29,1.32802,1.33134,1.32707,1.32727,1.32817,1.33142,1.3273,1.32899,0.00172,69225.24
2019-12-02,1.32849,1.33086,1.32754,1.33058,1.32863,1.33102,1.32761,1.33073,0.00015,71750.92
2019-12-03,1.33057,1.33206,1.3283,1.32916,1.33073,1.33214,1.32835,1.32926,0.0001,75848.17
2019-12-04,1.32914,1.32976,1.31917,1.31925,1.32926,1.32985,1.31928,1.31939,0.00014,84606.38
2019-12-05,1.31924,1.31928,1.31581,1.31764,1.3194,1.3194,1.31591,1.31778,0.00014,74326.1
2019-12-06,1.31762,1.32696,1.31712,1.32484,1.31778,1.32705,1.31722,1.32594,0.0011,66771.94
2019-12-09,1.32509,1.32648,1.32222,1.32374,1.32524,1.32657,1.3223,1.32385,0.00011,59790.26
2019-12-10,1.32375,1.32497,1.3224,1.32341,1.32385,1.32503,1.32249,1.32352,0.00011,74011.57
2019-12-11,1.3234,1.32393,1.31618,1.31732,1.32353,1.32403,1.31627,1.31745,0.00013,85002.67
2019-12-12,1.3173,1.31936,1.31504,1.31538,1.31746,1.31947,1.31515,1.31553,0.00015,100467.11
2019-12-13,1.31537,1.32047,1.31517,1.31655,1.31552,1.32055,1.31526,1.31689,0.00034,116539.94
2019-12-16,1.31857,1.31858,1.31147,1.31649,1.31869,1.31869,1.31155,1.31661,0.00012,83084.19
2019-12-17,1.31646,1.31848,1.31452,1.31608,1.3166,1.31857,1.31461,1.31623,0.00015,84364.96
2019-12-18,1.31609,1.31756,1.31022,1.31141,1.31624,1.31765,1.31032,1.31154,0.00013,80431.86
2019-12-19,1.3114,1.31378,1.31075,1.31235,1.31153,1.31389,1.31083,1.31246,0.00011,76554.91
2019-12-20,1.31232,1.31809,1.31231,1.31486,1.31247,1.3182,1.31241,1.31591,0.00105,70731.15
2019-12-23,1.31451,1.31764,1.31408,1.3147,1.31464,1.31774,1.31431,1.31483,0.00013,61339.74
2019-12-24,1.31471,1.31678,1.31464,1.31568,1.31483,1.31697,1.31475,1.31672,0.00104,53903.63
2019-12-25,1.31569,1.31653,1.31454,1.31553,1.31672,1.31724,1.31489,1.31564,0.00011,4307.0
2019-12-26,1.31553,1.31573,1.31033,1.31104,1.31566,1.31585,1.31041,1.31116,0.00012,36026.24
2019-12-27,1.31102,1.31202,1.30638,1.30779,1.31117,1.31215,1.30647,1.30888,0.00109,70094.41
2019-12-30,1.30751,1.30841,1.30502,1.30612,1.30761,1.30854,1.30513,1.30624,0.00012,92992.97
2019-12-31,1.3061,1.30612,1.29514,1.29853,1.30624,1.30624,1.29522,1.29959,0.00106,79491.8
2020-01-01,1.29842,1.29863,1.29745,1.29754,1.2987,1.29973,1.29757,1.29772,0.00018,3984.26
2020-01-02,1.29754,1.30078,1.29684,1.29836,1.29772,1.30087,1.29694,1.2985,0.00014,128121.97
2020-01-03,1.29836,1.30072,1.29608,1.29972,1.29851,1.3009,1.29616,1.30042,0.0007,104812.56
2020-01-06,1.29887,1.29896,1.29599,1.29636,1.29901,1.29904,1.29608,1.2965,0.00014,93743.59
2020-01-07,1.29634,1.30293,1.29566,1.30007,1.2965,1.30302,1.29575,1.30021,0.00014,95034.92
2020-01-08,1.30004,1.30434,1.2976,1.30358,1.30022,1.30444,1.2977,1.30368,0.0001,123561.3
2020-01-09,1.30359,1.31046,1.30258,1.30628,1.30372,1.31054,1.30269,1.30638,0.0001,104710.35
2020-01-10,1.30624,1.30753,1.30285,1.30492,1.30638,1.30762,1.30295,1.3052,0.00028,90130.89
2020-01-13,1.30665,1.30672,1.30312,1.30562,1.30677,1.30684,1.30319,1.30574,0.00012,88907.25
2020-01-14,1.30562,1.30792,1.30465,1.30673,1.30574,1.30802,1.30474,1.30687,0.00014,82475.29
2020-01-15,1.3067,1.30778,1.30346,1.30397,1.30688,1.30788,1.30356,1.3041,0.00013,88237.2
2020-01-16,1.30397,1.3056,1.30319,1.3041,1.30411,1.30569,1.30329,1.30421,0.00011,85454.14
2020-01-17,1.30408,1.30748,1.30338,1.30639,1.30424,1.30758,1.30344,1.3067,0.00031,77085.56
2020-01-20,1.30642,1.3072,1.30434,1.30451,1.30658,1.30729,1.30445,1.30465,0.00014,56771.98
2020-01-21,1.30451,1.30797,1.30441,1.30735,1.30464,1.30806,1.30455,1.30748,0.00013,88189.67
2020-01-22,1.30734,1.31523,1.30356,1.31418,1.30748,1.31532,1.30365,1.31429,0.00011,98052.73
2020-01-23,1.31418,1.31713,1.31236,1.31274,1.31431,1.31722,1.31246,1.31284,0.0001,104949.41
2020-01-24,1.31274,1.31525,1.31179,1.31428,1.31288,1.31535,1.31194,1.31497,0.00069,84483.24
2020-01-27,1.3161,1.31994,1.31473,1.31875,1.31627,1.32003,1.31487,1.31888,0.00013,103881.32
2020-01-28,1.31875,1.32054,1.3154,1.31636,1.3189,1.32063,1.31551,1.31648,0.00012,83701.08
2020-01-29,1.31636,1.32093,1.31582,1.31977,1.3165,1.32102,1.31594,1.31991,0.00014,77262.73
2020-01-30,1.31976,1.32263,1.319,1.32119,1.31993,1.32272,1.31909,1.3213,0.00011,95085.07
2020-01-31,1.32119,1.32532,1.3195,1.32347,1.32133,1.32541,1.3196,1.32402,0.00055,106768.22
2020-02-03,1.32414,1.33034,1.32316,1.32952,1.32424,1.33043,1.32322,1.32965,0.00013,104521.26
2020-02-04,1.32951,1.33016,1.32633,1.32826,1.32965,1.33026,1.32644,1.32841,0.00015,95166.42
2020-02-05,1.32826,1.33024,1.32626,1.32859,1.32843,1.33033,1.32632,1.32869,0.0001,91425.42
2020-02-06,1.32857,1.33089,1.327,1.32869,1.32869,1.33097,1.32708,1.32881,0.00012,91908.95
2020-02-07,1.32869,1.33208,1.3278,1.33042,1.32882,1.33214,1.32787,1.33078,0.00036,122167.44
2020-02-10,1.33113,1.33291,1.3288,1.33176,1.33124,1.33299,1.32888,1.33189,0.00013,97014.58
2020-02-11,1.33173,1.33197,1.32761,1.32897,1.33188,1.33208,1.32771,1.32913,0.00016,71036.27
2020-02-12,1.329,1.32956,1.32356,1.32558,1.32913,1.33136,1.32363,1.32571,0.00013,597577.19
2020-02-13,1.32558,1.32709,1.324,1.32658,1.32576,1.32716,1.32407,1.32669,0.00011,866813.56
2020-02-14,1.32658,1.32688,1.32355,1.32483,1.32668,1.32697,1.32362,1.32567,0.00084,403246.5
2020-02-17,1.32445,1.32499,1.32248,1.32371,1.32457,1.3251,1.32256,1.32382,0.00011,47861.25
2020-02-18,1.32372,1.32782,1.3234,1.32539,1.32382,1.3279,1.32351,1.32551,0.00012,76432.35
2020-02-19,1.3254,1.32558,1.32149,1.32217,1.32551,1.32568,1.32155,1.32227,0.0001,71955.97
2020-02-20,1.32215,1.32686,1.32115,1.3261,1.32227,1.32695,1.32122,1.32619,9e-05,71595.93
2020-02-21,1.3261,1.32682,1.32018,1.32189,1.32618,1.32692,1.32026,1.32288,0.00099,87914.98
2020-02-24,1.32531,1.33073,1.32473,1.3287,1.32542,1.33081,1.32484,1.32882,0.00012,110100.55
2020-02-25,1.32869,1.33054,1.3267,1.32797,1.32882,1.33064,1.32679,1.32809,0.00012,117744.17
2020-02-26,1.32797,1.33469,1.32711,1.33435,1.32811,1.33476,1.32718,1.33446,0.00011,131972.62
2020-02-27,1.33435,1.33937,1.33163,1.33877,1.33447,1.33955,1.33172,1.33889,0.00012,140006.33
2020-02-28,1.33876,1.34642,1.33854,1.33965,1.33889,1.34652,1.33866,1.34056,0.00091,188666.98
2020-03-02,1.34051,1.34149,1.33146,1.33245,1.34063,1.34163,1.33155,1.33255,0.0001,169044.08
2020-03-03,1.33245,1.33905,1.33186,1.33769,1.33258,1.3392,1.33199,1.33782,0.00013,169290.7
2020-03-04,1.33769,1.34311,1.3328,1.33862,1.33781,1.3432,1.33307,1.33871,9e-05,120820.15
2020-03-05,1.33859,1.34381,1.33859,1.33917,1.33871,1.3439,1.33871,1.33929,0.00012,118682.57
2020-03-06,1.33917,1.34392,1.33793,1.34156,1.33934,1.34401,1.338,1.34264,0.00108,154367.77
2020-03-09,1.36235,1.37588,1.35173,1.36609,1.36252,1.37614,1.35184,1.36628,0.00019,247939.81
2020-03-10,1.36609,1.37957,1.36086,1.37317,1.36632,1.37967,1.36099,1.37335,0.00018,204724.36
2020-03-11,1.37316,1.37943,1.36811,1.3773,1.37335,1.37956,1.3682,1.37742,0.00012,176119.33
2020-03-12,1.37726,1.39614,1.37071,1.39445,1.37742,1.39626,1.37086,1.3946,0.00015,230803.67
2020-03-13,1.39444,1.3995,1.37815,1.38008,1.3946,1.39961,1.37827,1.38092,0.00084,268496.94
2020-03-16,1.37871,1.40189,1.37871,1.40117,1.3789,1.40206,1.3789,1.40135,0.00018,310364.59
2020-03-17,1.40115,1.42763,1.396,1.4242,1.4013,1.4278,1.39618,1.42434,0.00014,254003.28
2020-03-18,1.42418,1.46503,1.41658,1.44811,1.4243,1.46529,1.41683,1.44835,0.00024,286471.91
2020-03-19,1.44803,1.46675,1.44202,1.44997,1.4482,1.46696,1.44217,1.45019,0.00022,330606.22
2020-03-20,1.44997,1.45287,1.41486,1.43309,1.45008,1.45313,1.41508,1.43435,0.00126,324806.09
2020-03-23,1.44641,1.45594,1.43351,1.44793,1.44668,1.45609,1.43369,1.44803,0.0001,412268.0
2020-03-24,1.44786,1.45312,1.43743,1.44397,1.44809,1.45329,1.43754,1.44413,0.00016,270716.22
2020-03-25,1.44397,1.44608,1.41772,1.42215,1.44424,1.44631,1.41794,1.42235,0.0002,268616.94
2020-03-26,1.42216,1.42752,1.40095,1.40412,1.42237,1.42774,1.40112,1.4043,0.00018,220752.31
2020-03-27,1.40406,1.4154,1.39206,1.39783,1.40433,1.41556,1.39233,1.3986,0.00077,233405.81
2020-03-30,1.40484,1.41896,1.40111,1.418,1.40505,1.41928,1.40134,1.41829,0.00029,213519.52
2020-03-31,1.418,1.43487,1.40104,1.40762,1.41824,1.43498,1.40131,1.40796,0.00034,263504.41
2020-04-01,1.40763,1.42713,1.40651,1.41511,1.40795,1.42732,1.40671,1.41536,0.00025,236762.39
2020-04-02,1.41512,1.42986,1.40781,1.41292,1.41539,1.43,1.40801,1.41318,0.00026,251469.31
2020-04-03,1.41298,1.42238,1.40938,1.41964,1.41323,1.42254,1.4095,1.42065,0.00101,212415.91
2020-04-06,1.42531,1.42588,1.4081,1.41119,1.42553,1.42606,1.40822,1.41149,0.0003,208423.45
2020-04-07,1.41119,1.41221,1.39444,1.40148,1.41149,1.41246,1.39457,1.40175,0.00027,230264.14
2020-04-08,1.40149,1.40809,1.39905,1.40019,1.40178,1.40829,1.39917,1.40038,0.00019,181793.48
2020-04-09,1.40019,1.40774,1.39305,1.39864,1.40039,1.40786,1.39319,1.39932,0.00068,211782.38
2020-04-10,1.39863,1.40083,1.39449,1.39503,1.39932,1.40105,1.39467,1.39626,0.00123,60230.89
2020-04-13,1.39685,1.39871,1.38551,1.38734,1.39706,1.39886,1.38569,1.38751,0.00017,129599.73
2020-04-14,1.3874,1.39245,1.38622,1.38804,1.38753,1.39256,1.38634,1.38823,0.00019,126383.06
2020-04-15,1.38799,1.41319,1.38793,1.41176,1.38823,1.41334,1.38812,1.41201,0.00025,171624.58
2020-04-16,1.41175,1.41821,1.40144,1.40379,1.41201,1.41833,1.40178,1.40399,0.0002,189477.53
2020-04-17,1.40375,1.41174,1.39963,1.39976,1.40399,1.41191,1.40007,1.40046,0.0007,171046.44
2020-04-20,1.40516,1.41531,1.4031,1.41294,1.40538,1.41551,1.40326,1.41314,0.0002,163822.38
2020-04-21,1.41294,1.42645,1.41127,1.41913,1.41317,1.42658,1.41145,1.41931,0.00018,276585.84
2020-04-22,1.41907,1.42374,1.41146,1.41843,1.41931,1.42388,1.41158,1.41867,0.00024,182215.38
2020-04-23,1.41845,1.41978,1.39996,1.40651,1.41871,1.41997,1.40006,1.40671,0.0002,175129.84
2020-04-24,1.4065,1.41198,1.40231,1.40923,1.40674,1.41211,1.40243,1.41017,0.00094,144201.38
2020-04-27,1.41091,1.41146,1.40144,1.40365,1.4111,1.41157,1.40175,1.40378,0.00013,127908.39
2020-04-28,1.4037,1.40725,1.39354,1.39827,1.40381,1.40734,1.39367,1.39837,0.0001,124384.3
2020-04-29,1.39827,1.39858,1.38745,1.38753,1.39838,1.39869,1.38754,1.38763,0.0001,110197.95
2020-04-30,1.38755,1.39685,1.38498,1.39518,1.38764,1.39702,1.3851,1.39531,0.00013,125108.66
2020-05-01,1.39518,1.41089,1.39489,1.40861,1.39532,1.41105,1.39501,1.40931,0.0007,105155.67
2020-05-04,1.41348,1.41522,1.40509,1.40838,1.41358,1.41531,1.40518,1.40856,0.00018,106835.09
2020-05-05,1.40838,1.40947,1.40076,1.40399,1.40855,1.40956,1.40087,1.40416,0.00017,109775.92
2020-05-06,1.404,1.41726,1.40224,1.41636,1.40415,1.41743,1.40237,1.41646,0.0001,261467.09
2020-05-07,1.41634,1.41634,1.39524,1.39733,1.41646,1.41646,1.39534,1.39743,0.0001,116477.73
2020-05-08,1.39732,1.39762,1.39083,1.39238,1.39743,1.39776,1.39094,1.3931,0.00072,81635.06
2020-05-11,1.39264,1.40423,1.38996,1.40201,1.39277,1.40433,1.39008,1.40212,0.00011,96283.96
2020-05-12,1.40201,1.40836,1.3972,1.40831,1.40213,1.40844,1.3973,1.40841,0.0001,108404.42
2020-05-13,1.40828,1.41148,1.40061,1.40904,1.40841,1.41158,1.40071,1.40916,0.00012,137474.95
2020-05-14,1.40901,1.41408,1.40315,1.40335,1.40916,1.41418,1.40327,1.40346,0.00011,136597.59
2020-05-15,1.40333,1.41167,1.40182,1.41045,1.40347,1.41179,1.4019,1.41146,0.00101,110126.57
2020-05-18,1.40925,1.40964,1.39357,1.39393,1.40938,1.40974,1.39369,1.39405,0.00012,90699.38
2020-05-19,1.39393,1.39692,1.38662,1.39378,1.39406,1.39703,1.38671,1.39392,0.00014,106570.77
2020-05-20,1.3938,1.39502,1.38677,1.39055,1.39393,1.39512,1.38687,1.39066,0.00011,97976.16
2020-05-21,1.39056,1.39701,1.38908,1.39463,1.39066,1.39711,1.38917,1.39474,0.00011,98185.96
2020-05-22,1.39463,1.40484,1.39409,1.40002,1.39474,1.40493,1.39419,1.40077,0.00075,101575.73
2020-05-25,1.39852,1.40071,1.39684,1.39709,1.39866,1.40083,1.39693,1.39722,0.00013,92558.83
2020-05-26,1.39709,1.39766,1.37568,1.37844,1.39721,1.39779,1.37576,1.37859,0.00015,107231.9
2020-05-27,1.37842,1.38224,1.37272,1.37547,1.37855,1.38233,1.37282,1.3756,0.00013,138144.98
2020-05-28,1.37548,1.37895,1.3734,1.37756,1.3756,1.37908,1.3735,1.37768,0.00012,141072.53
2020-05-29,1.37756,1.38323,1.37141,1.3766,1.37768,1.38335,1.3715,1.37784,0.00124,144522.36
2020-06-01,1.37784,1.37819,1.35581,1.35824,1.378,1.37832,1.35591,1.35834,0.0001,133621.09
2020-06-02,1.35822,1.35822,1.34834,1.351,1.35831,1.35831,1.34847,1.35115,0.00015,133577.23
2020-06-03,1.35098,1.35723,1.34796,1.34937,1.35111,1.35733,1.34808,1.3495,0.00013,141348.34
2020-06-04,1.3494,1.35409,1.34675,1.35025,1.34952,1.35421,1.34681,1.35041,0.00016,135554.62
2020-06-05,1.35025,1.35126,1.33912,1.34203,1.35041,1.35137,1.33922,1.34255,0.00052,140998.88
2020-06-08,1.33969,1.34365,1.33564,1.33703,1.3398,1.34375,1.33576,1.33717,0.00014,117114.0
2020-06-09,1.33704,1.34877,1.33593,1.34229,1.33718,1.34887,1.33605,1.34242,0.00013,128360.73
2020-06-10,1.3423,1.34375,1.33149,1.34267,1.3424,1.34383,1.33164,1.34279,0.00012,174919.62
2020-06-11,1.34267,1.36511,1.34004,1.3638,1.34285,1.3652,1.34015,1.36392,0.00012,234004.91
2020-06-12,1.3638,1.36662,1.35269,1.3586,1.36394,1.36672,1.35278,1.35908,0.00048,255416.5
2020-06-15,1.36352,1.36857,1.35296,1.35304,1.36368,1.36868,1.35311,1.35319,0.00015,238348.59
2020-06-16,1.35305,1.36224,1.35044,1.35361,1.35319,1.36241,1.35053,1.35377,0.00016,231130.31
2020-06-17,1.35365,1.35942,1.35117,1.35779,1.35382,1.35954,1.35128,1.35792,0.00013,182479.56
2020-06-18,1.35778,1.36159,1.35208,1.35928,1.35792,1.36172,1.35221,1.35945,0.00017,177606.39
2020-06-19,1.35928,1.36173,1.35465,1.3605,1.35944,1.36184,1.35475,1.36102,0.00052,155109.92
2020-06-22,1.36187,1.36253,1.35,1.35036,1.36205,1.36269,1.35016,1.35049,0.00013,134200.56
2020-06-23,1.35036,1.35703,1.34854,1.35408,1.3505,1.35718,1.34865,1.35422,0.00014,161373.61
2020-06-24,1.35408,1.36465,1.35271,1.3645,1.35421,1.36475,1.35286,1.36467,0.00017,170313.44
2020-06-25,1.36449,1.36698,1.36072,1.36379,1.36465,1.36707,1.36083,1.36394,0.00015,157263.06
2020-06-26,1.36382,1.37151,1.36275,1.36844,1.36395,1.37162,1.36288,1.36895,0.00051,118634.63
2020-06-29,1.36799,1.3705,1.36468,1.3656,1.36814,1.37057,1.3648,1.36575,0.00015,136612.98
2020-06-30,1.3656,1.36991,1.35694,1.35745,1.36577,1.37002,1.35706,1.35759,0.00014,135200.52
2020-07-01,1.35745,1.36012,1.35453,1.35923,1.35759,1.36023,1.35463,1.35941,0.00018,99019.93
2020-07-02,1.35929,1.36237,1.35596,1.35708,1.35941,1.36247,1.35609,1.35721,0.00013,109031.9
2020-07-03,1.35707,1.35812,1.35421,1.35423,1.35721,1.35823,1.35456,1.35573,0.0015,87703.21
2020-07-06,1.35489,1.35595,1.35193,1.35387,1.35506,1.35603,1.35201,1.35404,0.00017,91502.9
2020-07-07,1.35387,1.36094,1.35245,1.36043,1.35403,1.36103,1.3525,1.36058,0.00015,101015.24
2020-07-08,1.36043,1.36236,1.34922,1.35172,1.36058,1.36246,1.34933,1.35187,0.00015,126208.03
2020-07-09,1.35172,1.3594,1.34906,1.35811,1.35187,1.35951,1.34914,1.35822,0.00011,118748.63
2020-07-10,1.3581,1.36311,1.35748,1.35918,1.35814,1.36322,1.35756,1.35959,0.00041,102474.54
2020-07-13,1.35985,1.36122,1.35362,1.36106,1.35997,1.36134,1.3537,1.36121,0.00015,116649.01
2020-07-14,1.36108,1.3646,1.35948,1.35987,1.3612,1.3647,1.35962,1.35999,0.00012,150310.08
2020-07-15,1.35988,1.36067,1.35041,1.35069,1.35999,1.36077,1.35052,1.35087,0.00018,118514.17
2020-07-16,1.35072,1.3581,1.3501,1.35739,1.35087,1.3582,1.35021,1.3575,0.00011,112326.98
2020-07-17,1.35739,1.35888,1.35648,1.3578,1.35749,1.35896,1.35658,1.35836,0.00056,96115.77
2020-07-20,1.35742,1.35999,1.35238,1.35251,1.3575,1.36011,1.35249,1.35262,0.00011,82728.03
2020-07-21,1.35251,1.35256,1.3425,1.34463,1.3526,1.35266,1.34255,1.34478,0.00015,92521.25
2020-07-22,1.34468,1.34827,1.33992,1.34182,1.3448,1.34837,1.34001,1.342,0.00018,107548.25
2020-07-23,1.34182,1.34272,1.33509,1.34033,1.342,1.34281,1.33519,1.34046,0.00013,120200.2
2020-07-24,1.34033,1.3445,1.33767,1.34141,1.34046,1.34459,1.33783,1.34171,0.0003,119073.16
2020-07-27,1.34194,1.34204,1.33377,1.3339,1.34208,1.3422,1.33386,1.33404,0.00014,112610.01
2020-07-28,1.3339,1.34068,1.33307,1.33801,1.33405,1.34079,1.33317,1.33811,0.0001,97796.29
2020-07-29,1.33802,1.33866,1.33321,1.33427,1.33812,1.33878,1.33333,1.33438,0.00011,103540.63
2020-07-30,1.33424,1.34595,1.33338,1.3414,1.33439,1.34606,1.33349,1.34152,0.00012,152818.48
2020-07-31,1.3414,1.34356,1.33718,1.34097,1.34153,1.34367,1.33727,1.34145,0.00048,129860.36
2020-08-03,1.34005,1.34509,1.33797,1.33949,1.3402,1.34518,1.33809,1.33964,0.00015,100134.59
2020-08-04,1.33949,1.34202,1.32943,1.32966,1.33964,1.34212,1.32953,1.3298,0.00014,113247.28
2020-08-05,1.32966,1.33075,1.32332,1.32659,1.3298,1.33088,1.32342,1.3267,0.00011,103209.54
2020-08-06,1.32659,1.33249,1.32435,1.33179,1.3267,1.33259,1.32443,1.33196,0.00017,135227.67
2020-08-07,1.3318,1.33982,1.33052,1.33819,1.33193,1.33993,1.33064,1.33856,0.00037,153682.03
2020-08-10,1.33872,1.33945,1.33335,1.33532,1.33888,1.33953,1.33344,1.33546,0.00014,89667.1
2020-08-11,1.33532,1.33549,1.327,1.3311,1.33546,1.33564,1.32712,1.33124,0.00014,151249.08
2020-08-12,1.33111,1.33467,1.32276,1.32423,1.33125,1.33481,1.32299,1.32441,0.00018,160586.62
2020-08-13,1.32426,1.32512,1.31914,1.3221,1.32441,1.32522,1.31925,1.32224,0.00014,130437.23
2020-08-14,1.3221,1.32715,1.32057,1.32623,1.32225,1.32725,1.32069,1.32699,0.00076,107033.99
2020-08-17,1.32536,1.32621,1.31916,1.32217,1.32546,1.32634,1.31924,1.32232,0.00015,88617.38
2020-08-18,1.32216,1.32225,1.31516,1.31584,1.32232,1.32239,1.31521,1.31596,0.00012,109686.7
2020-08-19,1.31585,1.32266,1.3133,1.32109,1.31597,1.32277,1.31338,1.32125,0.00016,129551.48
2020-08-20,1.32109,1.32443,1.31679,1.3174,1.32125,1.32452,1.3169,1.31753,0.00013,132233.59
2020-08-21,1.3174,1.32339,1.31586,1.3173,1.31753,1.32348,1.31597,1.31795,0.00065,129497.95
2020-08-24,1.31794,1.3238,1.3134,1.32175,1.31811,1.32388,1.3135,1.32189,0.00014,120017.07
2020-08-25,1.32176,1.3239,1.3159,1.31652,1.3219,1.324,1.31605,1.3167,0.00018,110083.01
2020-08-26,1.31653,1.32048,1.31315,1.31402,1.31669,1.32059,1.31325,1.3142,0.00018,120601.68
2020-08-27,1.31403,1.31662,1.31013,1.31229,1.3142,1.31673,1.31025,1.31239,0.0001,333825.34
2020-08-28,1.3123,1.31325,1.30468,1.30968,1.31241,1.31335,1.30478,1.31011,0.00043,299195.03
2020-08-31,1.30819,1.31042,1.30199,1.30383,1.30836,1.31052,1.30209,1.30399,0.00016,299734.19
2020-09-01,1.30384,1.30865,1.29938,1.30545,1.30398,1.30876,1.29948,1.30559,0.00014,122194.41
2020-09-02,1.30542,1.30951,1.30368,1.3047,1.30559,1.30964,1.30382,1.30482,0.00012,103948.83
2020-09-03,1.3047,1.31618,1.30468,1.31373,1.30476,1.31626,1.30476,1.31387,0.00014,148968.75
2020-09-04,1.31373,1.31397,1.30439,1.30605,1.31384,1.31408,1.30451,1.30642,0.00037,141066.66
2020-09-07,1.3076,1.3116,1.30664,1.30957,1.30776,1.31169,1.30677,1.30974,0.00017,71535.68
2020-09-08,1.30956,1.32573,1.30858,1.32398,1.30973,1.32586,1.30871,1.32409,0.00011,149726.56
2020-09-09,1.32399,1.3259,1.31408,1.31529,1.32409,1.32602,1.31421,1.31541,0.00012,105793.71
2020-09-10,1.31529,1.32024,1.31186,1.3189,1.31542,1.32033,1.31196,1.31903,0.00013,140244.88
2020-09-11,1.3189,1.32072,1.31504,1.31763,1.319,1.32083,1.31512,1.31807,0.00044,93580.49
2020-09-14,1.31806,1.31964,1.31528,1.31764,1.3182,1.31975,1.31537,1.31777,0.00013,70170.05
2020-09-15,1.31763,1.32021,1.31344,1.31941,1.31776,1.32029,1.31355,1.31954,0.00013,78993.86
2020-09-16,1.31941,1.32004,1.31272,1.31802,1.31954,1.32014,1.31283,1.31815,0.00013,131345.41
2020-09-17,1.31801,1.32467,1.31448,1.31499,1.31816,1.32477,1.3146,1.31511,0.00012,130978.22
2020-09-18,1.315,1.32087,1.31368,1.32017,1.31515,1.32098,1.3138,1.32068,0.00051,110813.5
2020-09-21,1.31977,1.332,1.31707,1.33018,1.31993,1.3321,1.31717,1.33036,0.00018,139087.77
2020-09-22,1.33018,1.33455,1.32833,1.32975,1.33035,1.33464,1.32845,1.32987,0.00012,137691.55
2020-09-23,1.32974,1.3394,1.32936,1.33874,1.32986,1.33952,1.32948,1.33883,9e-05,132096.62
2020-09-24,1.33872,1.34177,1.3325,1.33498,1.33888,1.34187,1.33259,1.33516,0.00018,154841.27
2020-09-25,1.335,1.34178,1.33385,1.33835,1.33516,1.3419,1.33395,1.33932,0.00097,125888.4
2020-09-28,1.33808,1.34033,1.33539,1.33577,1.33824,1.34044,1.33551,1.33589,0.00012,119077.37
2020-09-29,1.33577,1.34183,1.33517,1.33837,1.33589,1.34193,1.33526,1.33848,0.00011,97434.29
2020-09-30,1.33837,1.34201,1.33014,1.33078,1.33849,1.34212,1.33025,1.33095,0.00017,143065.97
2020-10-01,1.33082,1.3322,1.32666,1.32857,1.33095,1.33231,1.32677,1.32873,0.00016,115936.43
2020-10-02,1.32859,1.3331,1.32813,1.33053,1.32875,1.33323,1.32827,1.33141,0.00088,144254.56
2020-10-05,1.32927,1.32938,1.32531,1.32581,1.32943,1.32952,1.32542,1.32595,0.00014,78455.61
2020-10-06,1.32579,1.33237,1.32416,1.33208,1.32595,1.33248,1.32424,1.3322,0.00012,110155.51
2020-10-07,1.33205,1.33403,1.32511,1.32588,1.33219,1.33413,1.32522,1.32601,0.00013,87980.91
2020-10-08,1.32592,1.32652,1.31902,1.31916,1.32601,1.32665,1.31914,1.31929,0.00013,78338.96
2020-10-09,1.31918,1.31956,1.31091,1.31136,1.31932,1.31968,1.31104,1.31207,0.00071,67238.19
2020-10-12,1.31315,1.31428,1.31009,1.3112,1.31325,1.31442,1.31018,1.31131,0.00011,54430.82
2020-10-13,1.3112,1.31466,1.30987,1.31405,1.31132,1.31477,1.30999,1.31415,0.0001,80918.92
2020-10-14,1.31403,1.31627,1.31158,1.31513,1.31415,1.31639,1.31168,1.31524,0.00011,90140.93
2020-10-15,1.31515,1.32591,1.31448,1.3228,1.31525,1.32602,1.3146,1.32289,9e-05,104369.26
2020-10-16,1.32279,1.32373,1.31768,1.31899,1.3229,1.32384,1.31778,1.31984,0.00085,83312.72
2020-10-19,1.31804,1.31978,1.31502,1.31897,1.31816,1.31988,1.31511,1.31907,0.0001,73761.76
2020-10-20,1.31898,1.32035,1.31041,1.31192,1.31909,1.32046,1.31052,1.31204,0.00012,70969.55
2020-10-21,1.31194,1.31605,1.30806,1.31544,1.31204,1.31614,1.30816,1.31555,0.00011,76118.71
2020-10-22,1.31545,1.3177,1.31236,1.31361,1.31556,1.31779,1.31243,1.31373,0.00012,72430.49
2020-10-23,1.31363,1.31601,1.31089,1.31216,1.31375,1.3161,1.311,1.31261,0.00045,67048.57
2020-10-26,1.31476,1.32249,1.31396,1.32055,1.31488,1.32259,1.31405,1.32069,0.00014,76611.82
2020-10-27,1.32055,1.32087,1.31418,1.31916,1.32066,1.321,1.31429,1.31925,9e-05,73575.11
2020-10-28,1.31914,1.33333,1.31791,1.33108,1.31924,1.33344,1.31801,1.3312,0.00012,114457.7
2020-10-29,1.33109,1.33897,1.32778,1.33148,1.33119,1.33906,1.32788,1.33161,0.00013,118586.46
2020-10-30,1.33148,1.33487,1.32795,1.33185,1.33161,1.33492,1.32803,1.33253,0.00068,119598.56
2020-11-02,1.33685,1.337,1.32122,1.32202,1.33697,1.33713,1.32154,1.32219,0.00017,98815.26
2020-11-03,1.32202,1.32337,1.30996,1.31024,1.32219,1.32348,1.31006,1.31038,0.00014,82781.28
2020-11-04,1.31023,1.3299,1.30952,1.31264,1.31034,1.33004,1.3096,1.31277,0.00013,220165.56
2020-11-05,1.31265,1.3178,1.30279,1.30829,1.31278,1.31791,1.30291,1.30841,0.00012,149580.48
2020-11-06,1.30826,1.30968,1.30189,1.30535,1.30841,1.30977,1.30199,1.30634,0.00099,111594.23
2020-11-09,1.30227,1.30308,1.2928,1.30072,1.30237,1.30319,1.29292,1.30089,0.00017,157390.27
2020-11-10,1.30072,1.30507,1.29843,1.3031,1.30089,1.30518,1.29854,1.30322,0.00012,127407.17
2020-11-11,1.30309,1.3077,1.30081,1.30584,1.30322,1.30781,1.30095,1.30597,0.00013,81967.48
2020-11-12,1.30582,1.31495,1.30556,1.31369,1.30599,1.31505,1.30567,1.31383,0.00014,80879.34
2020-11-13,1.3137,1.31721,1.31157,1.31283,1.31382,1.31733,1.31169,1.31338,0.00055,63210.14
2020-11-16,1.31237,1.31276,1.30652,1.30749,1.31249,1.31293,1.30663,1.30762,0.00013,75714.56
2020-11-17,1.30748,1.31164,1.30631,1.3105,1.30762,1.3117,1.30642,1.31063,0.00013,68719.23
2020-11-18,1.31055,1.31174,1.30336,1.30883,1.31066,1.31185,1.30348,1.30895,0.00012,72283.65
2020-11-19,1.30884,1.3123,1.3052,1.30871,1.30895,1.3124,1.30531,1.30883,0.00012,78897.89
2020-11-20,1.30871,1.30965,1.30387,1.30927,1.30881,1.30985,1.30398,1.30984,0.00057,72403.87
2020-11-23,1.30843,1.31123,1.30451,1.30742,1.30857,1.31134,1.30458,1.30753,0.00011,71414.69
2020-11-24,1.3074,1.30905,1.29928,1.29957,1.30752,1.30916,1.29943,1.29968,0.00011,87592.67
2020-11-25,1.29959,1.30288,1.2986,1.30018,1.29967,1.30298,1.2987,1.30028,0.0001,78894.27
2020-11-26,1.30017,1.30227,1.29901,1.30206,1.30031,1.3024,1.29912,1.30217,0.00011,64025.79
2020-11-27,1.30205,1.30247,1.29717,1.29866,1.30217,1.30257,1.29725,1.29976,0.0011,64834.87
2020-11-30,1.2983,1.30096,1.29228,1.29909,1.29842,1.3011,1.2924,1.29919,0.0001,94415.86
2020-12-01,1.29908,1.29915,1.29274,1.29333,1.29919,1.29925,1.29287,1.29343,0.0001,85248.43
2020-12-02,1.29333,1.29585,1.29097,1.29169,1.29343,1.29592,1.29106,1.29179,0.0001,86147.22
2020-12-03,1.29171,1.29409,1.28519,1.28677,1.29182,1.29418,1.28528,1.28687,0.0001,80333.06
2020-12-04,1.28679,1.28736,1.2772,1.27774,1.28686,1.28745,1.27729,1.27877,0.00103,78208.19
2020-12-07,1.27813,1.2833,1.27769,1.28032,1.27823,1.28336,1.27781,1.28044,0.00012,73454.75
2020-12-08,1.28035,1.28255,1.27675,1.28159,1.28044,1.28264,1.27683,1.2817,0.00011,71491.52
2020-12-09,1.28158,1.28329,1.27689,1.28274,1.28169,1.28339,1.27699,1.28285,0.00011,73517.63
2020-12-10,1.28272,1.28273,1.27065,1.27412,1.28281,1.28284,1.27073,1.27422,0.0001,86221.2
2020-12-11,1.27411,1.27922,1.27191,1.27652,1.27422,1.27933,1.272,1.2775,0.00098,74376.23
2020-12-14,1.27508,1.27895,1.27197,1.27606,1.2752,1.27904,1.27205,1.27619,0.00013,68833.23
2020-12-15,1.27605,1.27713,1.26876,1.26989,1.27617,1.27722,1.26886,1.27001,0.00012,69779.63
2020-12-16,1.26991,1.27893,1.26987,1.2747,1.27,1.27902,1.26999,1.27482,0.00012,76994.47
2020-12-17,1.27473,1.27502,1.26883,1.27319,1.27481,1.27513,1.26892,1.27333,0.00014,63073.79
2020-12-18,1.2732,1.27982,1.2728,1.27855,1.27333,1.2799,1.27289,1.27913,0.00058,67715.89
2020-12-21,1.28101,1.29569,1.28059,1.28523,1.28112,1.29577,1.2807,1.28535,0.00012,132793.61
2020-12-22,1.28523,1.29334,1.28469,1.28919,1.28533,1.29346,1.28479,1.28933,0.00014,91102.26
2020-12-23,1.28922,1.29146,1.2834,1.28427,1.28932,1.29159,1.28351,1.28443,0.00016,86399.4
2020-12-24,1.2843,1.28795,1.28126,1.28562,1.28447,1.28833,1.28137,1.28682,0.0012,92715.04
2020-12-25,1.28557,1.28703,1.2843,1.28636,1.28682,1.28822,1.28557,1.28669,0.00033,1002.19
2020-12-28,1.28401,1.28755,1.28134,1.2843,1.2842,1.28765,1.28141,1.28437,7e-05,64254.34
2020-12-29,1.28427,1.28433,1.27797,1.2822,1.28436,1.28445,1.27807,1.28232,0.00012,63669.91
2020-12-30,1.28224,1.28266,1.2749,1.27512,1.28237,1.28279,1.275,1.27524,0.00012,63884.92
2020-12-31,1.2751,1.27696,1.27138,1.27219,1.27526,1.27708,1.27148,1.27316,0.00097,62815.34
2021-01-04,1.27228,1.27976,1.26647,1.27809,1.27245,1.27986,1.26656,1.27821,0.00012,106819.93
2021-01-05,1.27809,1.27894,1.26557,1.26758,1.2782,1.27907,1.26567,1.26769,0.00011,104188.74
2021-01-06,1.26758,1.27234,1.26296,1.26647,1.26767,1.27241,1.26305,1.2666,0.00013,170530.52
2021-01-07,1.26653,1.27336,1.26642,1.26848,1.26664,1.27347,1.26652,1.26861,0.00013,98692.02
2021-01-08,1.26848,1.27427,1.26583,1.26846,1.26857,1.27438,1.26593,1.26927,0.00081,117789.56
2021-01-11,1.2727,1.28349,1.27184,1.27731,1.27281,1.28361,1.27197,1.27746,0.00015,97832.39
2021-01-12,1.2773,1.27912,1.27065,1.27071,1.27744,1.27923,1.27076,1.27082,0.00011,86668.36
2021-01-13,1.27071,1.27465,1.26799,1.26971,1.27081,1.27475,1.26809,1.26983,0.00012,79459.83
2021-01-14,1.26972,1.27073,1.26245,1.26468,1.26985,1.27083,1.26252,1.26479,0.00011,74401.88
2021-01-15,1.26469,1.2764,1.26357,1.27276,1.26479,1.2765,1.26368,1.27378,0.00102,91147.74
2021-01-18,1.27715,1.27988,1.2742,1.2749,1.27731,1.28,1.27438,1.27502,0.00012,87689.7
2021-01-19,1.27488,1.27638,1.27149,1.27211,1.275,1.27647,1.27157,1.27224,0.00013,66108.33
2021-01-20,1.27211,1.27323,1.2606,1.26282,1.27226,1.27335,1.26067,1.26295,0.00013,78751.37
2021-01-21,1.26284,1.26491,1.25885,1.26487,1.26294,1.26502,1.25899,1.26501,0.00014,73273.05
2021-01-22,1.26488,1.27403,1.2641,1.27287,1.26499,1.27413,1.26423,1.27375,0.00088,74211.47
2021-01-25,1.27256,1.27788,1.2687,1.27375,1.27266,1.27798,1.26881,1.27386,0.00011,82673.63
2021-01-26,1.27376,1.27822,1.26894,1.26923,1.27388,1.2783,1.26904,1.26934,0.00011,70022.59
2021-01-27,1.26923,1.28225,1.26847,1.2818,1.26935,1.28235,1.26863,1.28191,0.00011,137300.5
2021-01-28,1.2818,1.2881,1.27878,1.28303,1.28192,1.28816,1.27886,1.28313,0.0001,132522.47
2021-01-29,1.283,1.28743,1.27373,1.27718,1.2831,1.28752,1.27385,1.27801,0.00083,152242.31
2021-02-01,1.28007,1.28642,1.27611,1.2849,1.28018,1.28653,1.27619,1.28502,0.00012,128747.33
2021-02-02,1.2849,1.28695,1.27785,1.27867,1.28501,1.28705,1.27807,1.2788,0.00013,106624.35
2021-02-03,1.27869,1.2811,1.2763,1.27844,1.2788,1.28121,1.2764,1.27855,0.00011,89803.55
2021-02-04,1.27844,1.28451,1.2777,1.28249,1.27854,1.28459,1.27779,1.28261,0.00012,79723.44
2021-02-05,1.28249,1.28325,1.2752,1.27532,1.2826,1.28334,1.27563,1.27605,0.00073,72698.76
2021-02-08,1.27599,1.27824,1.27342,1.27386,1.27608,1.27835,1.27357,1.27397,0.00011,70767.24
2021-02-09,1.2739,1.2766,1.26889,1.2698,1.27397,1.27667,1.26924,1.26993,0.00013,79965.2
2021-02-10,1.2698,1.27104,1.26672,1.26968,1.26992,1.27112,1.26681,1.26978,0.0001,84775.59
2021-02-11,1.26969,1.27104,1.26599,1.26996,1.26978,1.27118,1.26611,1.27006,0.0001,66941.33
2021-02-12,1.26997,1.27628,1.26765,1.26908,1.27008,1.27637,1.26774,1.27009,0.00101,53388.72
2021-02-15,1.26888,1.26912,1.26306,1.26353,1.26898,1.26922,1.26315,1.26365,0.00012,39228.03
2021-02-16,1.26354,1.27121,1.26092,1.27118,1.26365,1.27129,1.26101,1.27126,8e-05,72939.93
2021-02-17,1.27121,1.2746,1.26867,1.26998,1.27128,1.27468,1.26879,1.27007,9e-05,89200.83
2021-02-18,1.26995,1.27306,1.2665,1.2681,1.27004,1.27313,1.26658,1.26822,0.00012,69989.41
2021-02-19,1.26808,1.27137,1.25941,1.26108,1.26819,1.27145,1.25948,1.26198,0.0009,71151.27
2021-02-22,1.26009,1.26535,1.25801,1.2611,1.26017,1.26543,1.25808,1.26121,0.00011,77932.53
2021-02-23,1.2611,1.26469,1.25785,1.25945,1.2612,1.26477,1.25794,1.25955,0.0001,87524.39
2021-02-24,1.25944,1.2598,1.25046,1.25124,1.25955,1.25991,1.25057,1.25139,0.00015,99418.7
2021-02-25,1.25124,1.26144,1.24676,1.26136,1.25137,1.26153,1.24682,1.26145,9e-05,139386.09
2021-02-26,1.26135,1.27484,1.25868,1.27346,1.26145,1.27505,1.25877,1.27427,0.00081,170801.48
2021-03-01,1.26972,1.27129,1.26398,1.26404,1.26981,1.27137,1.26414,1.26417,0.00013,103337.98
2021-03-02,1.26407,1.2698,1.25997,1.26357,1.26416,1.26989,1.26006,1.26369,0.00012,113595.1
2021-03-03,1.26356,1.26748,1.25927,1.26745,1.26368,1.26758,1.25936,1.26755,0.0001,113864.88
2021-03-04,1.26747,1.26936,1.25749,1.26791,1.26756,1.26947,1.25758,1.26803,0.00012,171094.7
2021-03-05,1.26792,1.2737,1.26454,1.2653,1.26803,1.27381,1.26466,1.26611,0.00081,159763.98
2021-03-08,1.26319,1.26998,1.26254,1.2658,1.26326,1.27007,1.26265,1.26593,0.00013,135180.53
2021-03-09,1.26582,1.26855,1.25902,1.2646,1.26594,1.26865,1.25911,1.26469,9e-05,119637.51
2021-03-10,1.26459,1.2683,1.26081,1.2621,1.26471,1.26839,1.26103,1.2622,0.0001,115195.6
2021-03-11,1.26211,1.26249,1.25202,1.25362,1.26222,1.2626,1.25212,1.25372,0.0001,81332.36
2021-03-12,1.25361,1.25729,1.24618,1.24733,1.25372,1.25738,1.24626,1.24787,0.00054,87705.7
2021-03-15,1.24691,1.25128,1.24404,1.24775,1.24699,1.25137,1.24413,1.24788,0.00013,78948.22
2021-03-16,1.24775,1.24999,1.24334,1.24428,1.24788,1.25008,1.24366,1.24438,0.0001,75926.46
2021-03-17,1.24428,1.24931,1.23876,1.23876,1.24438,1.24939,1.23884,1.23887,0.00011,88575.26
2021-03-18,1.23877,1.25264,1.23647,1.24936,1.23889,1.25274,1.23658,1.24949,0.00013,108369.6
2021-03-19,1.24937,1.25475,1.24616,1.24978,1.24945,1.25484,1.24625,1.25008,0.0003,90583.63
2021-03-22,1.25236,1.2541,1.24731,1.25211,1.25246,1.25416,1.24737,1.25217,6e-05,57181.23
2021-03-23,1.2521,1.25976,1.25184,1.25887,1.25219,1.25986,1.25193,1.25894,7e-05,80524.46
2021-03-24,1.25886,1.26086,1.25426,1.25787,1.25893,1.26095,1.25433,1.25797,0.0001,75728.01
2021-03-25,1.25785,1.26284,1.25461,1.26046,1.25796,1.26294,1.2547,1.26056,0.0001,93959.82
2021-03-26,1.26046,1.26081,1.25603,1.25807,1.26055,1.26091,1.25613,1.25845,0.00038,68243.33
2021-03-29,1.25849,1.26267,1.25797,1.259,1.25861,1.26275,1.25806,1.25913,0.00013,62509.56
2021-03-30,1.25901,1.26468,1.25801,1.26214,1.25911,1.26478,1.25808,1.26228,0.00014,65367.52
2021-03-31,1.26213,1.26285,1.25391,1.25643,1.26226,1.26296,1.25399,1.25656,0.00013,68469.74
2021-04-01,1.25645,1.26017,1.25397,1.2547,1.25656,1.26028,1.2541,1.2548,0.0001,66886.34
2021-04-02,1.25469,1.25814,1.25278,1.25695,1.2548,1.25928,1.25289,1.25805,0.0011,25165.41
2021-04-05,1.25641,1.25942,1.25016,1.252,1.25651,1.25951,1.25027,1.25212,0.00012,43199.69
2021-04-06,1.25202,1.25826,1.25165,1.25717,1.25213,1.25835,1.25174,1.25727,0.0001,60733.0
2021-04-07,1.25719,1.26345,1.25656,1.26133,1.25728,1.26353,1.25665,1.26144,0.00011,76877.21
2021-04-08,1.26132,1.26268,1.25558,1.25634,1.26144,1.26278,1.25584,1.25642,8e-05,60325.44
2021-04-09,1.25632,1.26106,1.25251,1.25264,1.25643,1.26115,1.25267,1.2534,0.00076,66601.24
2021-04-12,1.25336,1.25736,1.25303,1.25625,1.25345,1.25747,1.25311,1.25636,0.00011,59665.96
2021-04-13,1.25624,1.26288,1.25266,1.25368,1.25637,1.26309,1.25275,1.25377,9e-05,65227.59
2021-04-14,1.25369,1.2576,1.24998,1.2517,1.25375,1.25767,1.25006,1.25181,0.00011,62902.15
2021-04-15,1.25176,1.25582,1.24765,1.25451,1.25185,1.25591,1.24774,1.25463,0.00012,68358.72
2021-04-16,1.2545,1.25591,1.24939,1.25056,1.25463,1.25601,1.24949,1.25102,0.00046,56679.33
2021-04-19,1.25183,1.25438,1.24709,1.25233,1.25191,1.25446,1.24717,1.25243,0.0001,74348.59
2021-04-20,1.25229,1.26231,1.24784,1.26118,1.25242,1.26239,1.24791,1.2613,0.00012,86251.75
2021-04-21,1.26118,1.26532,1.24595,1.2504,1.26128,1.26543,1.24606,1.25051,0.00011,81281.64
2021-04-22,1.25042,1.25346,1.24727,1.25024,1.2505,1.25354,1.24735,1.25035,0.00011,80740.29
2021-04-23,1.25024,1.25092,1.24605,1.24744,1.25036,1.25099,1.24616,1.24771,0.00027,62820.94
2021-04-26,1.24892,1.24904,1.23839,1.23958,1.24904,1.24914,1.23848,1.23967,9e-05,67259.96
2021-04-27,1.23958,1.24184,1.23882,1.24065,1.23969,1.24193,1.23891,1.24076,0.00011,56467.66
2021-04-28,1.24067,1.24177,1.23013,1.23028,1.24076,1.24189,1.23022,1.23039,0.00011,71480.52
2021-04-29,1.2303,1.23215,1.22744,1.22758,1.23039,1.23225,1.22755,1.22767,9e-05,66506.16
2021-04-30,1.2276,1.23223,1.22656,1.22865,1.22771,1.23232,1.22665,1.2298,0.00115,75923.82
2021-05-03,1.22797,1.23186,1.22664,1.228,1.22806,1.23197,1.22673,1.22812,0.00012,54705.91
2021-05-04,1.22797,1.23513,1.22768,1.2301,1.22808,1.23523,1.22779,1.23021,0.00011,78138.32
2021-05-05,1.2301,1.23059,1.22514,1.22686,1.2302,1.2307,1.22523,1.22696,0.0001,60442.42
2021-05-06,1.22683,1.22879,1.21415,1.2156,1.22693,1.22889,1.21429,1.21567,7e-05,73941.99
2021-05-07,1.21553,1.21932,1.21195,1.21246,1.21562,1.21943,1.21263,1.21335,0.00089,71769.79
2021-05-10,1.21161,1.21301,1.20785,1.20938,1.21172,1.21311,1.20792,1.20949,0.00011,73360.0
2021-05-11,1.20938,1.21259,1.20777,1.20973,1.20948,1.21267,1.20787,1.20982,9e-05,86994.27
2021-05-12,1.20973,1.21376,1.20455,1.21202,1.20983,1.21388,1.20466,1.21212,0.0001,113691.01
2021-05-13,1.21202,1.22025,1.21035,1.21702,1.21213,1.22035,1.21043,1.21713,0.00011,100189.6
2021-05-14,1.21702,1.21785,1.20804,1.21007,1.21712,1.21796,1.20811,1.21118,0.00111,70283.65
2021-05-17,1.21123,1.21359,1.20604,1.20616,1.21134,1.21369,1.20613,1.20625,9e-05,77878.78
2021-05-18,1.20618,1.2081,1.20124,1.20726,1.20625,1.20819,1.20133,1.20735,9e-05,67342.6
2021-05-19,1.20724,1.21429,1.20536,1.21311,1.20731,1.21437,1.20546,1.21322,0.00011,115068.29
2021-05-20,1.21313,1.21441,1.2049,1.20629,1.21324,1.21449,1.20497,1.2064,0.00011,76135.89
2021-05-21,1.20629,1.20943,1.20271,1.20614,1.20638,1.20953,1.20281,1.20703,0.00089,76886.65
2021-05-24,1.20699,1.20851,1.20404,1.20499,1.20708,1.20862,1.20412,1.20507,8e-05,65569.73
2021-05-25,1.20497,1.20781,1.20286,1.2066,1.20507,1.2079,1.20296,1.20671,0.00011,83161.96
2021-05-26,1.20661,1.21356,1.20429,1.21298,1.20672,1.21365,1.20437,1.21307,9e-05,75509.59
2021-05-27,1.21298,1.21418,1.20562,1.20706,1.21308,1.21426,1.2057,1.20715,9e-05,75071.48
2021-05-28,1.20706,1.21197,1.20626,1.20693,1.20717,1.21205,1.20637,1.20757,0.00064,69829.74
2021-05-31,1.20779,1.20915,1.20463,1.20607,1.20789,1.20924,1.2048,1.20616,9e-05,66895.54
2021-06-01,1.20606,1.20772,1.20064,1.20706,1.20618,1.20781,1.20074,1.20717,0.00011,65249.76
2021-06-02,1.20705,1.20914,1.2029,1.20402,1.20716,1.20925,1.20297,1.20413,0.00011,52067.6
2021-06-03,1.20403,1.21196,1.20298,1.21093,1.20411,1.21204,1.20308,1.21104,0.00011,64693.53
2021-06-04,1.21094,1.21328,1.20701,1.20726,1.21104,1.21338,1.20711,1.20785,0.00059,62261.31
2021-06-07,1.20755,1.21063,1.20567,1.20865,1.20765,1.21072,1.20576,1.20874,9e-05,52584.64
2021-06-08,1.20867,1.21171,1.20707,1.21127,1.20876,1.21184,1.20716,1.21138,0.00011,61926.27
2021-06-09,1.21132,1.21173,1.20576,1.21144,1.21142,1.21183,1.2059,1.21156,0.00012,57107.67
2021-06-10,1.21143,1.21246,1.20696,1.20958,1.21156,1.21259,1.20708,1.2097,0.00012,76115.49
2021-06-11,1.20957,1.2177,1.20797,1.21583,1.20969,1.21779,1.20806,1.21651,0.00068,68546.73
2021-06-14,1.21594,1.21712,1.21277,1.21427,1.21606,1.21719,1.21285,1.2144,0.00013,65120.83
2021-06-15,1.21425,1.22037,1.21291,1.21855,1.21439,1.22046,1.21301,1.21866,0.00011,72284.93
2021-06-16,1.21855,1.22832,1.21564,1.2278,1.21866,1.22843,1.21573,1.22791,0.00011,105903.07
2021-06-17,1.22785,1.23777,1.22619,1.23451,1.22792,1.23788,1.2263,1.23463,0.00012,119575.87
2021-06-18,1.23451,1.24804,1.23387,1.24601,1.23462,1.24814,1.23397,1.24671,0.0007,120657.89
2021-06-21,1.24501,1.24866,1.23529,1.23693,1.24514,1.24877,1.2354,1.23706,0.00013,108481.35
2021-06-22,1.23697,1.24029,1.23013,1.23108,1.23705,1.24036,1.23029,1.23118,0.0001,84335.45
2021-06-23,1.23107,1.23282,1.22519,1.23047,1.23118,1.23294,1.22527,1.23057,0.0001,78149.18
2021-06-24,1.23047,1.23406,1.22821,1.23219,1.23059,1.23415,1.22832,1.23232,0.00013,73010.63
2021-06-25,1.23219,1.23293,1.22717,1.2291,1.23233,1.23306,1.22727,1.22994,0.00084,57677.79
2021-06-28,1.22908,1.23476,1.22873,1.23347,1.2292,1.23484,1.22883,1.23356,9e-05,63322.12
2021-06-29,1.23347,1.24027,1.23312,1.23966,1.23353,1.24046,1.23324,1.23978,0.00012,63947.66
2021-06-30,1.23965,1.24232,1.23552,1.23937,1.23978,1.24243,1.23561,1.23948,0.00011,73427.25
2021-07-01,1.23935,1.24452,1.23644,1.24403,1.23948,1.24466,1.23654,1.24416,0.00013,65210.53
2021-07-02,1.24404,1.24493,1.23088,1.23206,1.24415,1.24504,1.23097,1.23286,0.0008,75835.79
2021-07-05,1.23307,1.23713,1.23235,1.23406,1.23319,1.23722,1.23247,1.23415,9e-05,53048.64
2021-07-06,1.23407,1.24944,1.23023,1.24581,1.23418,1.24956,1.23035,1.24592,0.00011,90980.47
2021-07-07,1.24583,1.2519,1.24227,1.24818,1.24591,1.252,1.24236,1.24831,0.00013,104167.41
2021-07-08,1.24818,1.25899,1.2478,1.25307,1.24831,1.25909,1.24794,1.2532,0.00013,134787.33
2021-07-09,1.25307,1.25564,1.24402,1.24412,1.25319,1.25577,1.24442,1.24528,0.00116,109163.11
2021-07-12,1.24483,1.25141,1.2448,1.24558,1.24494,1.25152,1.24491,1.24571,0.00013,88162.91
2021-07-13,1.24562,1.25393,1.24418,1.25213,1.24571,1.25403,1.24431,1.25225,0.00012,99276.53
2021-07-14,1.25213,1.25258,1.24256,1.25159,1.25224,1.25268,1.24277,1.25169,0.0001,107972.77
2021-07-15,1.25158,1.26131,1.25008,1.25914,1.25169,1.26141,1.25019,1.25927,0.00013,109000.59
2021-07-16,1.25915,1.26204,1.25605,1.26117,1.25925,1.26215,1.25616,1.26208,0.00091,82129.84
2021-07-19,1.26174,1.28072,1.2617,1.27496,1.26184,1.28081,1.26183,1.27504,8e-05,134657.69
2021-07-20,1.27496,1.27864,1.26708,1.26752,1.27503,1.27875,1.26748,1.26764,0.00012,118760.82
2021-07-21,1.26753,1.27297,1.25252,1.2571,1.26764,1.27309,1.25264,1.25721,0.00011,92770.57
2021-07-22,1.2571,1.2594,1.25286,1.25636,1.25722,1.25954,1.25294,1.2565,0.00014,92610.88
2021-07-23,1.25636,1.26067,1.25545,1.25581,1.25649,1.2608,1.25559,1.25709,0.00128,68615.09
2021-07-26,1.2568,1.259,1.25276,1.25426,1.2569,1.25914,1.25288,1.25441,0.00015,82891.64
2021-07-27,1.25429,1.26041,1.25376,1.25908,1.2544,1.26059,1.25388,1.25919,0.00011,94570.87
2021-07-28,1.25906,1.26022,1.25151,1.25198,1.25918,1.26035,1.25162,1.25213,0.00015,110312.43
2021-07-29,1.25196,1.25299,1.24312,1.24491,1.25211,1.2531,1.24328,1.24505,0.00014,78640.67
2021-07-30,1.24495,1.24909,1.24217,1.24661,1.24505,1.2492,1.24228,1.24779,0.00118,89765.62
2021-08-02,1.24668,1.25145,1.24525,1.25008,1.24682,1.25155,1.24535,1.2502,0.00012,74535.44
2021-08-03,1.25008,1.25754,1.24888,1.2533,1.25022,1.25765,1.24901,1.25341,0.00011,87078.99
2021-08-04,1.25332,1.25625,1.25152,1.2544,1.25341,1.25632,1.25163,1.25455,0.00015,69362.56
2021-08-05,1.2544,1.25448,1.24743,1.25013,1.25455,1.25461,1.24755,1.25026,0.00013,73167.77
2021-08-06,1.25013,1.25809,1.24941,1.25509,1.25025,1.25816,1.24951,1.25581,0.00072,70166.1
2021-08-09,1.25723,1.25875,1.25312,1.2575,1.25735,1.25883,1.25323,1.25763,0.00013,77885.39
2021-08-10,1.25751,1.25891,1.25159,1.25191,1.25764,1.25899,1.25174,1.25201,0.0001,62755.11
2021-08-11,1.25192,1.2548,1.2489,1.25074,1.25204,1.2549,1.24901,1.25084,0.0001,62976.08
2021-08-12,1.25073,1.2533,1.25003,1.25198,1.25082,1.25342,1.25013,1.25209,0.00011,61993.66
2021-08-13,1.25197,1.25319,1.25011,1.25102,1.25209,1.25328,1.25022,1.25213,0.00111,43934.68
2021-08-16,1.2518,1.25839,1.25169,1.25712,1.2519,1.25849,1.2518,1.25722,0.0001,59840.87
2021-08-17,1.25711,1.26486,1.25701,1.26268,1.25722,1.26496,1.25712,1.2628,0.00012,90228.27
2021-08-18,1.26269,1.2663,1.25977,1.26629,1.26281,1.2665,1.25986,1.26642,0.00013,85591.81
2021-08-19,1.26628,1.28324,1.26595,1.28312,1.26637,1.28335,1.26605,1.28325,0.00013,130429.95
2021-08-20,1.2831,1.29487,1.28138,1.28199,1.28323,1.29497,1.28149,1.28304,0.00105,102382.55
2021-08-23,1.28256,1.28259,1.26422,1.26527,1.28268,1.28272,1.26433,1.26543,0.00016,78124.21
2021-08-24,1.26527,1.26575,1.25783,1.25967,1.26543,1.26587,1.25792,1.2598,0.00013,68408.35
2021-08-25,1.25968,1.26433,1.25854,1.25889,1.25975,1.26444,1.2587,1.259,0.00011,69938.19
2021-08-26,1.25888,1.26952,1.25882,1.26856,1.25902,1.2696,1.25895,1.26865,9e-05,72327.01
2021-08-27,1.26855,1.27077,1.26051,1.26104,1.26864,1.2709,1.2606,1.26221,0.00117,83570.16
2021-08-30,1.26117,1.26337,1.25731,1.26087,1.26134,1.26351,1.25742,1.261,0.00013,72366.77
2021-08-31,1.26089,1.26529,1.25688,1.26162,1.261,1.26541,1.25699,1.26173,0.00011,92898.25
2021-09-01,1.26165,1.26366,1.258,1.26212,1.26173,1.26378,1.25811,1.2623,0.00018,80571.54
2021-09-02,1.26211,1.26377,1.25477,1.25527,1.26226,1.2639,1.25486,1.25543,0.00016,68460.74
2021-09-03,1.25524,1.25586,1.24932,1.25213,1.25538,1.25599,1.24942,1.2532,0.00107,91292.39
2021-09-06,1.25306,1.25587,1.25228,1.2534,1.25322,1.25598,1.2524,1.25355,0.00015,59447.75
2021-09-07,1.25342,1.26555,1.2519,1.26463,1.25355,1.26566,1.25203,1.26475,0.00012,87381.92
2021-09-08,1.26461,1.27617,1.26258,1.26936,1.26474,1.27627,1.26268,1.2695,0.00014,100306.54
2021-09-09,1.26937,1.27272,1.26222,1.26653,1.26949,1.27286,1.2623,1.26666,0.00013,104211.56
2021-09-10,1.26654,1.26944,1.25821,1.26898,1.26666,1.26966,1.25832,1.26951,0.00053,81792.89
2021-09-13,1.26799,1.26948,1.26375,1.26483,1.26814,1.26961,1.26386,1.26493,0.0001,76259.85
2021-09-14,1.26485,1.26979,1.26008,1.26907,1.26493,1.2699,1.26016,1.26921,0.00014,89469.92
2021-09-15,1.26905,1.2708,1.26173,1.26181,1.2692,1.27094,1.26185,1.26193,0.00012,88271.91
2021-09-16,1.26182,1.26992,1.26159,1.26815,1.26195,1.27002,1.26172,1.26826,0.00011,78929.4
2021-09-17,1.26811,1.27722,1.26361,1.27655,1.26827,1.27753,1.26373,1.27734,0.00079,87208.87
2021-09-20,1.27656,1.28956,1.27593,1.28025,1.27671,1.28969,1.27604,1.28037,0.00012,135834.89
2021-09-21,1.28024,1.28482,1.27421,1.28163,1.28038,1.28493,1.27436,1.28175,0.00012,104677.18
2021-09-22,1.28163,1.28258,1.26975,1.27859,1.28176,1.28267,1.26988,1.27872,0.00013,117006.18
2021-09-23,1.27861,1.27956,1.2633,1.26622,1.27871,1.27968,1.26341,1.26633,0.00011,100424.5
2021-09-24,1.26622,1.27299,1.26405,1.26471,1.26635,1.27311,1.26415,1.2656,0.00089,82141.13
2021-09-27,1.26495,1.26723,1.26095,1.26262,1.26511,1.26734,1.26107,1.26275,0.00013,95824.16
2021-09-28,1.2626,1.27067,1.25935,1.26769,1.26273,1.2708,1.25945,1.26777,8e-05,131862.53
2021-09-29,1.26769,1.27742,1.26679,1.2754,1.26778,1.2775,1.26692,1.2755,0.0001,127988.63
2021-09-30,1.27539,1.27567,1.26296,1.2684,1.2755,1.27577,1.26304,1.26853,0.00013,138893.3
2021-10-01,1.26844,1.27383,1.26274,1.26416,1.26853,1.27395,1.26284,1.26532,0.00116,134353.16
2021-10-04,1.26261,1.26542,1.25573,1.25893,1.26275,1.26556,1.25583,1.25908,0.00015,126996.79
2021-10-05,1.25897,1.26293,1.25449,1.25831,1.2591,1.26304,1.25461,1.25844,0.00013,97563.91
2021-10-06,1.25832,1.26476,1.25808,1.25855,1.25844,1.26485,1.25821,1.25868,0.00013,126207.07
2021-10-07,1.25859,1.25991,1.25396,1.25472,1.25869,1.26003,1.25409,1.25487,0.00015,85716.22
2021-10-08,1.25473,1.25622,1.24512,1.2466,1.25486,1.25632,1.24523,1.24752,0.00092,99195.11
2021-10-11,1.24844,1.24915,1.24458,1.24807,1.24856,1.24927,1.24468,1.24819,0.00012,70881.6
2021-10-12,1.24807,1.24979,1.24339,1.24772,1.24818,1.24993,1.24349,1.24784,0.00012,88819.62
2021-10-13,1.24769,1.24783,1.24297,1.24383,1.24786,1.24796,1.24314,1.24394,0.00011,81908.0
2021-10-14,1.24383,1.24385,1.23543,1.2375,1.24396,1.24398,1.23552,1.23765,0.00015,77941.74
2021-10-15,1.23751,1.2397,1.23361,1.2358,1.23765,1.23981,1.23371,1.23697,0.00117,69803.17
2021-10-18,1.23739,1.24094,1.23504,1.23722,1.23749,1.24103,1.23512,1.23734,0.00012,79608.22
2021-10-19,1.23723,1.23738,1.23109,1.23551,1.23735,1.2375,1.23119,1.23565,0.00014,71705.56
2021-10-20,1.23549,1.23663,1.23068,1.23248,1.23564,1.23674,1.23081,1.23262,0.00014,80063.77
2021-10-21,1.23248,1.23834,1.22879,1.23707,1.23263,1.23844,1.22891,1.23719,0.00012,84351.91
2021-10-22,1.23709,1.23896,1.23203,1.2362,1.23719,1.23906,1.23215,1.23721,0.00101,94901.18
2021-10-25,1.23719,1.23995,1.23377,1.23787,1.23731,1.24007,1.23389,1.238,0.00013,76429.2
2021-10-26,1.23787,1.23958,1.23499,1.2391,1.23801,1.23969,1.23509,1.23925,0.00015,77319.52
2021-10-27,1.2391,1.2431,1.22997,1.23696,1.23925,1.24321,1.2301,1.23711,0.00015,112719.94
2021-10-28,1.23697,1.2382,1.23293,1.23468,1.23709,1.23832,1.23304,1.23483,0.00015,117668.42
2021-10-29,1.23467,1.24079,1.23273,1.23823,1.23482,1.24089,1.23283,1.23939,0.00116,101504.18
2021-11-01,1.23833,1.2403,1.23514,1.23735,1.23846,1.24043,1.23525,1.23746,0.00011,81870.42
2021-11-02,1.23734,1.24244,1.2371,1.24073,1.23744,1.24255,1.23722,1.24086,0.00013,80583.24
2021-11-03,1.24069,1.24569,1.23772,1.23778,1.24087,1.24579,1.23785,1.2379,0.00012,103968.44
2021-11-04,1.23776,1.24713,1.23768,1.24523,1.23789,1.24723,1.2378,1.24536,0.00013,91756.07
2021-11-05,1.24522,1.24793,1.24355,1.24512,1.24534,1.24803,1.24366,1.24609,0.00097,89570.99
2021-11-08,1.2451,1.24653,1.24354,1.24421,1.24524,1.24662,1.24364,1.24435,0.00014,62945.93
2021-11-09,1.24418,1.24858,1.24282,1.24362,1.2443,1.2487,1.24291,1.24376,0.00014,74010.83
2021-11-10,1.24356,1.25034,1.23869,1.24869,1.24377,1.25045,1.23879,1.24881,0.00012,101403.33
2021-11-11,1.24869,1.25964,1.24816,1.25886,1.24886,1.25973,1.24829,1.259,0.00014,87523.27
2021-11-12,1.25887,1.26043,1.25408,1.25452,1.259,1.26055,1.2542,1.25566,0.00114,69601.3
2021-11-15,1.25457,1.25555,1.25011,1.25143,1.25472,1.25568,1.25022,1.25155,0.00012,67738.17
2021-11-16,1.25145,1.25679,1.24922,1.25656,1.25159,1.25692,1.24933,1.25667,0.00011,85505.08
2021-11-17,1.25659,1.26221,1.25399,1.2611,1.25668,1.26232,1.25412,1.26119,9e-05,98915.61
2021-11-18,1.26109,1.26467,1.25926,1.26037,1.26125,1.26477,1.25934,1.26049,0.00012,82007.61
2021-11-19,1.26035,1.26621,1.25842,1.26378,1.26051,1.26629,1.25853,1.26477,0.00099,96075.31
2021-11-22,1.26538,1.27048,1.26277,1.27014,1.2655,1.27072,1.26286,1.27026,0.00012,93493.5
2021-11-23,1.27015,1.27446,1.26595,1.26759,1.2703,1.27456,1.26606,1.26773,0.00014,123792.28
2021-11-24,1.26758,1.27098,1.26506,1.26615,1.26772,1.27108,1.26515,1.26628,0.00013,96868.72
2021-11-25,1.26616,1.26766,1.26401,1.2664,1.26628,1.26778,1.26413,1.2665,0.0001,57604.78
2021-11-26,1.26638,1.27991,1.26606,1.27858,1.26653,1.28014,1.26618,1.27962,0.00104,149603.3
2021-11-29,1.27253,1.2793,1.27199,1.27376,1.27263,1.27939,1.27212,1.2739,0.00014,116305.37
2021-11-30,1.27377,1.28367,1.27316,1.27745,1.2739,1.2838,1.27328,1.27757,0.00012,183510.3
2021-12-01,1.27745,1.28294,1.27124,1.28112,1.27756,1.28306,1.27134,1.28124,0.00012,122372.48
2021-12-02,1.28112,1.28368,1.2778,1.28175,1.28123,1.28381,1.27791,1.28188,0.00013,143679.48
2021-12-03,1.28176,1.28537,1.27435,1.28431,1.2819,1.28554,1.27445,1.28542,0.00111,133648.77
2021-12-06,1.28173,1.28422,1.27526,1.2762,1.28186,1.28436,1.27544,1.27633,0.00013,99209.04
2021-12-07,1.27619,1.27672,1.26343,1.26459,1.27633,1.27681,1.26356,1.26471,0.00012,78824.52
2021-12-08,1.2646,1.26661,1.26063,1.26517,1.26468,1.2667,1.26084,1.26532,0.00015,109810.67
2021-12-09,1.26517,1.27215,1.26495,1.27061,1.26532,1.27225,1.2651,1.27071,0.0001,80278.22
2021-12-10,1.27065,1.27389,1.26789,1.27203,1.27073,1.274,1.26802,1.27308,0.00105,92948.08
2021-12-13,1.27206,1.28209,1.27052,1.28079,1.2722,1.2822,1.27066,1.28091,0.00012,89804.76
2021-12-14,1.28079,1.28673,1.27968,1.28669,1.28091,1.28686,1.2798,1.2868,0.00011,90178.36
2021-12-15,1.28666,1.29373,1.28277,1.28368,1.2868,1.29392,1.28319,1.28382,0.00014,123427.25
2021-12-16,1.28367,1.28573,1.27632,1.27806,1.28378,1.28585,1.27642,1.27817,0.00011,134683.0
2021-12-17,1.27803,1.29011,1.27779,1.28893,1.27813,1.29039,1.27792,1.29009,0.00116,128181.61
2021-12-20,1.28987,1.29633,1.28865,1.29362,1.28997,1.29645,1.28878,1.29374,0.00012,140994.98
2021-12-21,1.29361,1.29456,1.29096,1.2923,1.29374,1.29467,1.29122,1.29241,0.00011,97575.69
2021-12-22,1.2923,1.29236,1.28305,1.28514,1.29242,1.29248,1.28335,1.28523,9e-05,75083.57
2021-12-23,1.28513,1.28532,1.27976,1.28263,1.28523,1.28543,1.27988,1.28283,0.0002,64211.18
2021-12-24,1.28264,1.28343,1.27848,1.27981,1.28283,1.28356,1.27872,1.28319,0.00338,212185.62
2021-12-27,1.28155,1.28468,1.27726,1.27877,1.28167,1.28483,1.27795,1.27892,0.00015,38935.66
2021-12-28,1.2788,1.28313,1.27816,1.28148,1.27894,1.28336,1.27828,1.28163,0.00015,47704.85
2021-12-29,1.2815,1.28345,1.27825,1.27828,1.28163,1.28357,1.27839,1.27841,0.00013,56447.27
2021-12-30,1.27827,1.28123,1.27333,1.27449,1.27841,1.28135,1.27346,1.27462,0.00013,65682.43
2021-12-31,1.2745,1.27504,1.26201,1.26356,1.27465,1.27517,1.2621,1.26454,0.00098,74870.31
2022-01-03,1.26588,1.27785,1.26445,1.2751,1.26608,1.27797,1.26457,1.27525,0.00015,119764.69
2022-01-04,1.2751,1.27655,1.26668,1.27045,1.27529,1.27667,1.2668,1.2706,0.00015,93800.9
2022-01-05,1.27044,1.27658,1.26912,1.27597,1.27061,1.27672,1.26922,1.27612,0.00015,97823.88
2022-01-06,1.27598,1.28134,1.27062,1.27298,1.27613,1.28145,1.27073,1.27313,0.00015,112629.66
2022-01-07,1.27301,1.27304,1.26314,1.26388,1.27316,1.27317,1.26324,1.26475,0.00087,98388.78
2022-01-10,1.26474,1.26973,1.26097,1.26655,1.26488,1.26985,1.2611,1.26669,0.00014,114184.41
2022-01-11,1.26653,1.26698,1.25666,1.25773,1.26665,1.26711,1.25678,1.25788,0.00015,94902.41
2022-01-12,1.25776,1.25793,1.2495,1.25028,1.25787,1.25806,1.24959,1.25039,0.00011,89091.31
2022-01-13,1.25022,1.25203,1.24527,1.25079,1.25039,1.25248,1.24539,1.25093,0.00014,83335.5
2022-01-14,1.25079,1.257,1.24702,1.25462,1.2509,1.25711,1.24715,1.25541,0.00079,105472.24
2022-01-17,1.25411,1.25515,1.24996,1.25156,1.25427,1.25528,1.25008,1.25171,0.00015,70202.7
2022-01-18,1.25155,1.2563,1.24856,1.24975,1.2517,1.2564,1.24868,1.24988,0.00013,127086.69
2022-01-19,1.24977,1.25243,1.24497,1.25104,1.24987,1.25256,1.24514,1.25117,0.00013,127626.26
2022-01-20,1.25098,1.25148,1.24528,1.25003,1.25117,1.25161,1.24537,1.25017,0.00014,97748.84
2022-01-21,1.25003,1.25872,1.24979,1.25738,1.25015,1.25888,1.24991,1.25855,0.00117,141696.27
2022-01-24,1.25615,1.27014,1.25539,1.26256,1.2563,1.27023,1.25551,1.26267,0.00011,198380.28
2022-01-25,1.26254,1.26687,1.25969,1.26166,1.26268,1.26698,1.25978,1.2618,0.00014,207732.31
2022-01-26,1.26166,1.26877,1.2559,1.26558,1.26181,1.26889,1.25601,1.26573,0.00015,226911.78
2022-01-27,1.26564,1.27476,1.26496,1.27466,1.26572,1.27486,1.26505,1.27478,0.00012,237062.59
2022-01-28,1.27466,1.27962,1.27124,1.27621,1.27484,1.27974,1.27136,1.27733,0.00112,220394.69
2022-01-31,1.27591,1.27749,1.26814,1.27174,1.27612,1.27761,1.26827,1.27188,0.00014,151498.45
2022-02-01,1.27171,1.2726,1.26546,1.26898,1.27189,1.27272,1.26556,1.26906,8e-05,132283.84
2022-02-02,1.26897,1.27059,1.26494,1.26865,1.26911,1.27066,1.26508,1.26877,0.00012,107062.55
2022-02-03,1.2686,1.2715,1.26573,1.26784,1.26878,1.27162,1.26585,1.26798,0.00014,145713.94
2022-02-04,1.26784,1.27871,1.26624,1.27619,1.26803,1.27881,1.26636,1.27704,0.00085,154557.94
2022-02-07,1.27455,1.27559,1.26572,1.26653,1.27469,1.27574,1.26584,1.26669,0.00016,140119.84
2022-02-08,1.26655,1.27204,1.2664,1.27058,1.26671,1.27214,1.26652,1.2707,0.00012,115174.88
2022-02-09,1.27053,1.27148,1.2665,1.26758,1.27067,1.27162,1.26658,1.26773,0.00015,77006.18
2022-02-10,1.26757,1.2734,1.26355,1.27335,1.26771,1.27353,1.26365,1.27347,0.00012,138401.48
2022-02-11,1.27333,1.27533,1.2669,1.27317,1.27347,1.27546,1.26699,1.27417,0.001,188505.62
2022-02-14,1.27238,1.27835,1.27191,1.27288,1.27252,1.27847,1.27202,1.27299,0.00011,199589.2
2022-02-15,1.27285,1.27742,1.27005,1.27247,1.273,1.27752,1.27018,1.27261,0.00014,144924.66
2022-02-16,1.27248,1.27252,1.26634,1.26955,1.27263,1.27266,1.26645,1.2697,0.00015,128099.16
2022-02-17,1.26957,1.27338,1.2674,1.27084,1.26973,1.27354,1.26752,1.27099,0.00015,173072.45
2022-02-18,1.27085,1.27605,1.26729,1.27503,1.27101,1.27618,1.26742,1.2761,0.00107,131069.82
2022-02-21,1.27559,1.27656,1.27213,1.27569,1.27574,1.27666,1.27225,1.27586,0.00017,123477.18
2022-02-22,1.27567,1.27827,1.27183,1.27666,1.27584,1.27838,1.27195,1.27682,0.00016,166150.45
2022-02-23,1.27666,1.2768,1.26812,1.27334,1.27682,1.27692,1.26822,1.27352,0.00018,119251.84
2022-02-24,1.27335,1.28771,1.27312,1.28073,1.27351,1.28782,1.27326,1.28087,0.00014,332873.03
2022-02-25,1.28072,1.28201,1.26931,1.26933,1.28087,1.28213,1.26963,1.27031,0.00098,197146.7
2022-02-28,1.27556,1.28095,1.26592,1.26668,1.27573,1.28107,1.266,1.2668,0.00012,223702.5
2022-03-01,1.26663,1.27497,1.26529,1.27241,1.26685,1.27507,1.26541,1.27252,0.00011,164121.86
2022-03-02,1.27235,1.27447,1.26274,1.26462,1.27247,1.27459,1.26285,1.26475,0.00013,182746.02
2022-03-03,1.2646,1.26923,1.25865,1.26706,1.26477,1.26933,1.25876,1.26721,0.00015,152737.14
2022-03-04,1.26706,1.27914,1.26692,1.27249,1.2672,1.27926,1.26706,1.27355,0.00106,203491.62
2022-03-07,1.27144,1.28201,1.26848,1.27986,1.27161,1.28226,1.2686,1.28001,0.00015,253418.33
2022-03-08,1.27986,1.29006,1.27955,1.28904,1.28001,1.29015,1.27969,1.28918,0.00014,252661.05
2022-03-09,1.28909,1.2892,1.27976,1.27986,1.28919,1.28933,1.27991,1.27999,0.00013,186765.52
2022-03-10,1.27987,1.28415,1.27499,1.27559,1.27999,1.28428,1.27511,1.27572,0.00013,164462.94
2022-03-11,1.27558,1.27935,1.26933,1.27465,1.27573,1.27949,1.26945,1.27556,0.00091,176557.12
2022-03-14,1.27349,1.28264,1.27328,1.2821,1.27365,1.28277,1.27342,1.28225,0.00015,169310.2
2022-03-15,1.28208,1.28709,1.2758,1.27707,1.28229,1.28721,1.27621,1.2772,0.00013,157952.3
2022-03-16,1.27708,1.2778,1.26738,1.26873,1.27721,1.27792,1.26756,1.26887,0.00014,167781.53
2022-03-17,1.26874,1.26982,1.26122,1.26319,1.26888,1.26996,1.26139,1.26332,0.00013,131254.97
2022-03-18,1.26315,1.26463,1.25888,1.26009,1.26325,1.26473,1.25897,1.26068,0.00059,102868.83
2022-03-21,1.26059,1.26214,1.25647,1.25877,1.26068,1.26224,1.25658,1.2589,0.00013,109924.98
2022-03-22,1.25876,1.26237,1.25639,1.25829,1.25891,1.26248,1.25654,1.25841,0.00012,108052.85
2022-03-23,1.2583,1.26053,1.25418,1.25591,1.25841,1.26065,1.25427,1.25607,0.00016,90198.76
2022-03-24,1.25589,1.25857,1.25091,1.25201,1.25603,1.25869,1.25098,1.25214,0.00013,101243.83
2022-03-25,1.252,1.25526,1.2465,1.24732,1.25211,1.25539,1.24662,1.24788,0.00056,99222.72
2022-03-28,1.24864,1.25924,1.24729,1.25212,1.24879,1.25934,1.24742,1.25225,0.00013,111899.38
2022-03-29,1.25211,1.25297,1.24692,1.24979,1.25222,1.25307,1.24707,1.24992,0.00013,123696.51
2022-03-30,1.24978,1.25082,1.24293,1.24833,1.24994,1.25094,1.243,1.24847,0.00014,103977.16
2022-03-31,1.24834,1.25329,1.24637,1.25016,1.24848,1.25342,1.24648,1.25028,0.00012,100355.77
2022-04-01,1.25012,1.25392,1.248,1.2509,1.2503,1.25404,1.24813,1.25186,0.00096,90591.35
2022-04-04,1.25265,1.25282,1.24678,1.24856,1.25282,1.25296,1.24687,1.24871,0.00015,71170.7
2022-04-05,1.24858,1.24975,1.24024,1.24841,1.2487,1.24985,1.24032,1.24854,0.00013,86782.88
2022-04-06,1.24841,1.25663,1.24787,1.25637,1.24855,1.25673,1.24796,1.25651,0.00014,118275.81
2022-04-07,1.25634,1.26112,1.25378,1.25867,1.25653,1.26122,1.25391,1.2588,0.00013,104342.74
2022-04-08,1.25863,1.26187,1.25639,1.25639,1.2588,1.26199,1.25656,1.25747,0.00108,85052.26
2022-04-11,1.25806,1.26439,1.25723,1.26396,1.25814,1.2645,1.25737,1.26411,0.00015,112253.49
2022-04-12,1.26397,1.26613,1.2581,1.26347,1.26411,1.26624,1.25822,1.26361,0.00014,119433.99
2022-04-13,1.26348,1.26759,1.25546,1.25679,1.26362,1.26769,1.25558,1.25692,0.00013,116510.38
2022-04-14,1.25675,1.26418,1.25205,1.26086,1.2569,1.26428,1.25222,1.2616,0.00074,131884.14
2022-04-15,1.26092,1.26205,1.25903,1.26083,1.26171,1.26246,1.25914,1.26161,0.00078,203614.59
2022-04-18,1.26138,1.26435,1.25992,1.26001,1.26156,1.2645,1.26006,1.26016,0.00015,93547.24
2022-04-19,1.26003,1.26466,1.2568,1.26041,1.26017,1.26477,1.25691,1.26056,0.00015,126929.38
2022-04-20,1.26041,1.26241,1.24718,1.24874,1.26055,1.26253,1.24728,1.24883,9e-05,125364.66
2022-04-21,1.24872,1.25922,1.24583,1.25918,1.24884,1.25935,1.24592,1.25931,0.00013,128010.87
2022-04-22,1.25917,1.27257,1.25845,1.27087,1.25931,1.27269,1.25858,1.27182,0.00095,147150.22
2022-04-25,1.27226,1.27769,1.2715,1.27378,1.27242,1.27777,1.27159,1.27394,0.00016,159433.66
2022-04-26,1.27376,1.28279,1.26837,1.28061,1.27395,1.28324,1.26852,1.28077,0.00016,140499.47
2022-04-27,1.2806,1.28537,1.27777,1.28146,1.28076,1.28546,1.27788,1.28161,0.00015,148758.34
2022-04-28,1.28149,1.28792,1.27906,1.28034,1.28162,1.28803,1.27917,1.2805,0.00016,150519.39
2022-04-29,1.28034,1.286,1.27183,1.28536,1.2805,1.28655,1.27195,1.28643,0.00107,145071.12
2022-05-02,1.28549,1.29135,1.2846,1.28705,1.28562,1.29145,1.28473,1.28718,0.00013,122471.42
2022-05-03,1.28705,1.28931,1.28248,1.28336,1.28719,1.28942,1.2826,1.28348,0.00012,132683.77
2022-05-04,1.28336,1.28533,1.27293,1.27374,1.28346,1.28541,1.27306,1.27389,0.00015,142720.97
2022-05-05,1.27374,1.28677,1.27132,1.28275,1.27389,1.2869,1.27144,1.2829,0.00015,182515.2
2022-05-06,1.28272,1.29123,1.28123,1.28994,1.28287,1.29135,1.28148,1.29104,0.0011,204098.27
2022-05-09,1.29184,1.30182,1.29075,1.30098,1.29197,1.30204,1.29087,1.30114,0.00016,186809.2
2022-05-10,1.30101,1.3052,1.29613,1.30315,1.30116,1.30531,1.29625,1.3033,0.00015,219585.28
2022-05-11,1.30316,1.30388,1.29206,1.2995,1.3033,1.30402,1.29216,1.29964,0.00014,219182.81
2022-05-12,1.29947,1.30761,1.29765,1.30249,1.29963,1.30774,1.29779,1.30255,6e-05,252169.97
2022-05-13,1.30258,1.30307,1.28983,1.29024,1.30268,1.30323,1.29018,1.29122,0.00098,165111.94
2022-05-16,1.29053,1.29811,1.2836,1.28497,1.29066,1.29825,1.2837,1.28511,0.00014,175463.95
2022-05-17,1.28498,1.2858,1.28034,1.28057,1.2851,1.28594,1.28046,1.28072,0.00015,139181.62
2022-05-18,1.28055,1.28952,1.27946,1.28878,1.28077,1.28967,1.27957,1.28896,0.00018,150570.97
2022-05-19,1.28874,1.28877,1.27824,1.28185,1.28891,1.28895,1.27835,1.28199,0.00014,211887.73
2022-05-20,1.28184,1.28679,1.2776,1.28357,1.28199,1.28689,1.27771,1.28432,0.00075,155157.41
2022-05-23,1.28149,1.28182,1.27622,1.2787,1.28165,1.28197,1.27673,1.27886,0.00016,138725.25
2022-05-24,1.27875,1.28722,1.27787,1.28228,1.27888,1.28734,1.27796,1.28244,0.00016,147360.59
2022-05-25,1.28229,1.28845,1.28019,1.28196,1.28246,1.28858,1.28034,1.28211,0.00015,177354.62
2022-05-26,1.28194,1.2848,1.27677,1.27745,1.28212,1.28494,1.27695,1.27761,0.00016,144352.94
2022-05-27,1.27744,1.27824,1.27172,1.27197,1.27761,1.27837,1.27185,1.27303,0.00106,116721.17
2022-05-30,1.2725,1.2726,1.26503,1.26567,1.2726,1.2727,1.26512,1.2658,0.00013,91128.9
2022-05-31,1.26567,1.26864,1.26287,1.26367,1.26579,1.26874,1.26297,1.26381,0.00014,154839.3
2022-06-01,1.26364,1.26763,1.26054,1.26671,1.26374,1.26774,1.26076,1.26684,0.00013,147909.3
2022-06-02,1.26667,1.26855,1.25639,1.25709,1.26689,1.26869,1.25651,1.25723,0.00014,119998.95
2022-06-03,1.25711,1.2595,1.25508,1.25911,1.25723,1.25983,1.25516,1.2598,0.00069,118112.58
2022-06-06,1.25876,1.26008,1.25348,1.25817,1.25888,1.26017,1.25356,1.25831,0.00014,103293.92
2022-06-07,1.25816,1.26181,1.25232,1.2536,1.2583,1.26194,1.25243,1.25371,0.00011,121033.19
2022-06-08,1.25358,1.25646,1.25172,1.25536,1.25371,1.25691,1.25179,1.25552,0.00016,116990.68
2022-06-09,1.25533,1.27046,1.25488,1.27022,1.25553,1.27056,1.25501,1.27036,0.00014,140966.38
2022-06-10,1.27022,1.28121,1.26808,1.27745,1.27036,1.28132,1.26821,1.27851,0.00106,163120.17
2022-06-13,1.27967,1.29002,1.27931,1.289,1.2798,1.29029,1.27945,1.28915,0.00015,230934.56
2022-06-14,1.28899,1.29746,1.28658,1.29474,1.28914,1.29754,1.28669,1.29488,0.00014,223325.22
2022-06-15,1.2947,1.29952,1.2862,1.28716,1.29486,1.29967,1.28632,1.2873,0.00014,231934.52
2022-06-16,1.28711,1.297,1.286,1.2955,1.2873,1.2971,1.28614,1.29562,0.00012,216957.73
2022-06-17,1.29547,1.30785,1.29401,1.30211,1.29563,1.30796,1.29416,1.30314,0.00103,177819.45
2022-06-20,1.30002,1.30247,1.29749,1.29837,1.30015,1.30263,1.29762,1.29849,0.00012,115373.96
2022-06-21,1.29838,1.29847,1.29054,1.29322,1.29852,1.2986,1.29067,1.29338,0.00016,126181.09
2022-06-22,1.29323,1.29959,1.29115,1.29624,1.29338,1.29972,1.29127,1.2964,0.00016,152064.14
2022-06-23,1.29628,1.30172,1.29358,1.29894,1.29642,1.30182,1.29373,1.29909,0.00015,182227.38
2022-06-24,1.29896,1.29992,1.28878,1.28878,1.29909,1.30009,1.2891,1.28941,0.00063,130990.42
2022-06-27,1.28989,1.29159,1.28637,1.28713,1.29,1.29173,1.28649,1.28728,0.00015,148530.73
2022-06-28,1.28712,1.28943,1.28189,1.28733,1.28728,1.28953,1.282,1.28748,0.00015,152556.94
2022-06-29,1.28734,1.28998,1.28436,1.28834,1.28749,1.29007,1.28444,1.28852,0.00018,165594.56
2022-06-30,1.28834,1.29328,1.28608,1.28721,1.28854,1.2934,1.2862,1.28737,0.00016,186061.69
2022-07-01,1.28721,1.29657,1.28662,1.28854,1.28735,1.2967,1.28677,1.28931,0.00077,159172.05
2022-07-04,1.28892,1.29024,1.28367,1.28579,1.28905,1.29036,1.28379,1.28596,0.00017,91010.04
2022-07-05,1.28579,1.30832,1.28431,1.30317,1.28597,1.30841,1.28444,1.30332,0.00015,172855.77
2022-07-06,1.30318,1.30775,1.30114,1.30371,1.30332,1.30786,1.30126,1.30385,0.00014,184862.66
2022-07-07,1.3037,1.30554,1.29624,1.29673,1.30386,1.30567,1.29636,1.2969,0.00017,145030.69
2022-07-08,1.29671,1.30346,1.29355,1.29365,1.29688,1.30364,1.29368,1.29431,0.00066,154510.55
2022-07-11,1.29477,1.30514,1.29466,1.2997,1.29491,1.30524,1.29484,1.29985,0.00015,135698.41
2022-07-12,1.2997,1.30502,1.29837,1.30324,1.29985,1.30511,1.29846,1.3034,0.00016,165713.22
2022-07-13,1.30324,1.30601,1.2936,1.29993,1.30341,1.30611,1.29374,1.30008,0.00015,212830.69
2022-07-14,1.29991,1.32233,1.29708,1.31075,1.30005,1.32241,1.29724,1.31089,0.00014,262121.48
2022-07-15,1.31076,1.31351,1.30131,1.3022,1.31091,1.31364,1.3014,1.30319,0.00099,181266.09
2022-07-18,1.30073,1.30244,1.2898,1.29791,1.30088,1.30259,1.28989,1.29806,0.00015,145150.69
2022-07-19,1.29791,1.29881,1.28654,1.28733,1.29811,1.29895,1.28664,1.28748,0.00015,173035.14
2022-07-20,1.28735,1.29064,1.28544,1.28863,1.28748,1.29077,1.28552,1.28879,0.00016,160884.05
2022-07-21,1.28866,1.29366,1.28592,1.28795,1.2888,1.29377,1.28602,1.28812,0.00017,211914.06
2022-07-22,1.28796,1.29274,1.28217,1.29117,1.28812,1.29287,1.28229,1.29194,0.00077,164467.98
2022-07-25,1.29252,1.2946,1.28343,1.28507,1.29268,1.29476,1.28355,1.28523,0.00016,148765.39
2022-07-26,1.28506,1.29008,1.28153,1.28752,1.28522,1.2902,1.28165,1.2877,0.00018,132530.83
2022-07-27,1.28753,1.29109,1.28078,1.28176,1.28768,1.29124,1.2809,1.28192,0.00016,155231.91
2022-07-28,1.28177,1.28696,1.27945,1.28063,1.28193,1.28703,1.27956,1.28079,0.00016,180665.45
2022-07-29,1.28063,1.28547,1.27881,1.27925,1.28077,1.28562,1.27896,1.27987,0.00062,165474.95
2022-08-01,1.28138,1.28555,1.27668,1.28435,1.28155,1.2857,1.27682,1.28454,0.00019,203182.27
2022-08-02,1.28435,1.28886,1.28331,1.28871,1.28452,1.28903,1.28348,1.28889,0.00018,286228.66
2022-08-03,1.28875,1.28913,1.28317,1.28544,1.28893,1.28926,1.28333,1.28562,0.00018,220683.31
2022-08-04,1.28546,1.28755,1.28175,1.2869,1.28562,1.2877,1.28188,1.28705,0.00015,198317.44
2022-08-05,1.28691,1.29841,1.28633,1.29289,1.28704,1.2986,1.28648,1.29329,0.0004,206720.62
2022-08-08,1.29431,1.29495,1.28381,1.28549,1.29451,1.2951,1.28396,1.28566,0.00017,159415.58
2022-08-09,1.28549,1.28999,1.28428,1.28849,1.28565,1.29014,1.28441,1.28867,0.00018,170672.81
2022-08-10,1.28848,1.28947,1.27505,1.27739,1.28869,1.28964,1.27518,1.27755,0.00016,185132.45
2022-08-11,1.27739,1.27912,1.27272,1.2763,1.27757,1.27926,1.27284,1.27647,0.00017,186260.78
2022-08-12,1.27628,1.28024,1.27386,1.27721,1.27649,1.28037,1.27402,1.2779,0.00069,152300.72
2022-08-15,1.27801,1.29335,1.27715,1.29042,1.2782,1.29349,1.27735,1.29058,0.00016,161626.84
2022-08-16,1.29041,1.29279,1.28302,1.28452,1.29058,1.29295,1.28318,1.28471,0.00019,172048.3
2022-08-17,1.28451,1.29359,1.28265,1.29178,1.28471,1.29372,1.28282,1.29197,0.00019,215187.17
2022-08-18,1.29179,1.29668,1.288,1.29468,1.29195,1.29678,1.28814,1.29488,0.0002,199629.38
2022-08-19,1.29468,1.30085,1.29446,1.29918,1.29487,1.30098,1.29466,1.29976,0.00058,168351.42
2022-08-22,1.29998,1.30604,1.29708,1.30487,1.30016,1.30618,1.29724,1.30503,0.00016,173458.62
2022-08-23,1.30487,1.30626,1.29331,1.29586,1.30503,1.30641,1.29342,1.29605,0.00019,219578.11
2022-08-24,1.29587,1.30181,1.29555,1.29703,1.29605,1.30194,1.29572,1.29721,0.00018,209457.16
2022-08-25,1.29702,1.2975,1.28945,1.29387,1.29721,1.29769,1.28959,1.29401,0.00014,201361.92
2022-08-26,1.2939,1.30425,1.29036,1.30314,1.29403,1.30446,1.2905,1.30346,0.00032,210374.16
2022-08-29,1.30615,1.30751,1.29899,1.30016,1.30633,1.30767,1.29916,1.30036,0.0002,219785.92
2022-08-30,1.30016,1.31076,1.29714,1.30903,1.30033,1.31087,1.29729,1.30921,0.00018,271875.72
2022-08-31,1.3091,1.31448,1.30625,1.31422,1.30922,1.31463,1.30643,1.3144,0.00018,281493.0
2022-09-01,1.31422,1.32074,1.31398,1.31476,1.31441,1.32087,1.31413,1.31495,0.00019,249590.17
2022-09-02,1.31476,1.31691,1.30739,1.31239,1.31497,1.31708,1.30754,1.31347,0.00108,219226.81
2022-09-05,1.31417,1.31731,1.31259,1.31295,1.31434,1.31747,1.31277,1.31313,0.00018,122988.46
2022-09-06,1.31295,1.31697,1.30956,1.31548,1.3131,1.31711,1.30976,1.31567,0.00019,224958.94
2022-09-07,1.31548,1.32082,1.31096,1.31289,1.31568,1.32097,1.31114,1.31305,0.00016,241480.22
2022-09-08,1.31289,1.31588,1.30762,1.30809,1.31304,1.31604,1.3078,1.30826,0.00017,244247.02
2022-09-09,1.30808,1.30821,1.29813,1.30192,1.30826,1.30837,1.29826,1.30299,0.00107,223921.72
2022-09-12,1.30233,1.30357,1.29628,1.29809,1.30247,1.30375,1.29645,1.29828,0.00019,211876.84
2022-09-13,1.29808,1.31806,1.29533,1.31667,1.29828,1.31823,1.29545,1.31683,0.00016,299642.12
2022-09-14,1.31667,1.32057,1.31384,1.31593,1.31683,1.3207,1.31399,1.3161,0.00017,321578.72
2022-09-15,1.31591,1.32515,1.31537,1.32483,1.31611,1.3253,1.31556,1.32504,0.00021,277603.5
2022-09-16,1.32483,1.33071,1.32274,1.32628,1.32499,1.33087,1.32294,1.32674,0.00046,248972.25
2022-09-19,1.32579,1.33434,1.32419,1.32426,1.32595,1.3345,1.32435,1.32446,0.0002,220586.59
2022-09-20,1.32427,1.33746,1.32265,1.33639,1.32446,1.33759,1.32282,1.33656,0.00017,214307.69
2022-09-21,1.33639,1.34848,1.33568,1.34783,1.33658,1.34866,1.33586,1.34802,0.00019,328030.09
2022-09-22,1.34783,1.35439,1.34081,1.34723,1.34802,1.35454,1.34098,1.3474,0.00017,354682.12
2022-09-23,1.34723,1.36118,1.34672,1.3579,1.34741,1.36132,1.34689,1.35898,0.00108,316909.41
2022-09-26,1.35786,1.38076,1.35584,1.37118,1.35809,1.38091,1.35601,1.37137,0.00019,400425.97
2022-09-27,1.37118,1.3775,1.36389,1.37224,1.37137,1.37763,1.36407,1.37245,0.00021,373320.62
2022-09-28,1.37224,1.38326,1.36007,1.3629,1.37244,1.38339,1.3604,1.36308,0.00018,441394.38
2022-09-29,1.36289,1.37551,1.36265,1.36744,1.36308,1.37566,1.36283,1.36762,0.00018,412100.09
2022-09-30,1.36741,1.38376,1.36575,1.38305,1.36761,1.38399,1.36589,1.38399,0.00094,374001.81
2022-10-03,1.37828,1.38051,1.36187,1.36255,1.37847,1.38066,1.36213,1.36275,0.0002,384754.91
2022-10-04,1.36255,1.36636,1.35021,1.35068,1.36276,1.36653,1.35038,1.35089,0.00021,342951.28
2022-10-05,1.35068,1.36949,1.35028,1.35956,1.35089,1.36966,1.35048,1.35977,0.00021,329540.22
2022-10-06,1.35956,1.37546,1.3564,1.37411,1.35977,1.37563,1.35655,1.3743,0.00019,345431.81
2022-10-07,1.37413,1.37605,1.3675,1.37372,1.3743,1.37617,1.36765,1.37416,0.00044,310587.78
2022-10-10,1.3731,1.37821,1.37021,1.37721,1.37328,1.37839,1.3704,1.37742,0.00021,285722.56
2022-10-11,1.3772,1.38547,1.3714,1.37919,1.37741,1.38566,1.37152,1.37934,0.00015,379885.47
2022-10-12,1.37919,1.38298,1.37593,1.38177,1.37932,1.38314,1.37609,1.38196,0.00019,367413.31
2022-10-13,1.38189,1.39769,1.37059,1.37636,1.38195,1.39788,1.37077,1.37654,0.00018,401124.19
2022-10-14,1.3764,1.38975,1.37029,1.38773,1.37655,1.38991,1.37046,1.3887,0.00097,400109.66
2022-10-17,1.3854,1.38591,1.3698,1.37137,1.3856,1.38611,1.36997,1.37157,0.0002,294457.0
2022-10-18,1.37138,1.38099,1.36565,1.37263,1.37158,1.3812,1.36584,1.37285,0.00022,368535.84
2022-10-19,1.37266,1.38087,1.37183,1.37731,1.37285,1.38106,1.37204,1.37752,0.00021,327782.12
2022-10-20,1.37729,1.3806,1.36503,1.37769,1.37752,1.3808,1.36519,1.37792,0.00023,391656.78
2022-10-21,1.37767,1.38537,1.36287,1.3637,1.3779,1.38558,1.36309,1.36461,0.00091,427577.62
2022-10-24,1.36467,1.37738,1.3644,1.36973,1.36491,1.37758,1.36464,1.36994,0.00021,414999.56
2022-10-25,1.36972,1.37472,1.36002,1.36179,1.36994,1.37491,1.36023,1.36201,0.00022,317684.06
2022-10-26,1.3618,1.36501,1.35068,1.35492,1.36206,1.36526,1.35086,1.3551,0.00018,352746.09
2022-10-27,1.35493,1.3626,1.34946,1.35626,1.3551,1.36278,1.34966,1.35648,0.00022,373883.16
2022-10-28,1.35622,1.36341,1.35242,1.35898,1.35646,1.36356,1.35264,1.36001,0.00103,320020.19
2022-10-31,1.36076,1.36844,1.35996,1.36107,1.36098,1.36862,1.36018,1.36132,0.00025,251194.94
2022-11-01,1.36109,1.36681,1.35291,1.36188,1.36131,1.36702,1.35309,1.36211,0.00023,297197.03
2022-11-02,1.36188,1.37229,1.35474,1.37148,1.36208,1.37249,1.35483,1.37169,0.00021,312841.78
2022-11-03,1.37153,1.38075,1.36818,1.37419,1.37176,1.38091,1.36838,1.37441,0.00022,321894.16
2022-11-04,1.37416,1.37445,1.34684,1.34747,1.37443,1.37468,1.34702,1.34838,0.00091,359049.88
2022-11-07,1.3512,1.35522,1.34644,1.34914,1.35138,1.35542,1.34662,1.34933,0.00019,309788.12
2022-11-08,1.34916,1.35261,1.33866,1.34156,1.34935,1.35279,1.33881,1.34178,0.00022,289960.16
2022-11-09,1.34157,1.3541,1.341,1.35265,1.34174,1.3543,1.34121,1.35288,0.00023,352599.0
2022-11-10,1.35264,1.35698,1.33074,1.33309,1.35288,1.35719,1.33098,1.33333,0.00024,373904.28
2022-11-11,1.33309,1.33596,1.32353,1.32477,1.33332,1.33615,1.32368,1.32585,0.00108,377223.41
2022-11-14,1.32642,1.33248,1.32384,1.33234,1.32671,1.33265,1.32404,1.33254,0.0002,324018.12
2022-11-15,1.33235,1.33355,1.32254,1.32738,1.33253,1.33376,1.32271,1.32761,0.00023,434523.69
2022-11-16,1.32735,1.33463,1.32272,1.33352,1.32756,1.3348,1.32291,1.33372,0.0002,371884.44
2022-11-17,1.33351,1.34006,1.33038,1.33234,1.3337,1.34022,1.3306,1.33256,0.00022,304601.72
2022-11-18,1.33236,1.34083,1.32995,1.33713,1.33257,1.34102,1.33014,1.33753,0.0004,245917.8
2022-11-21,1.33768,1.34942,1.3376,1.34462,1.33797,1.34957,1.33787,1.34483,0.00021,248924.8
2022-11-22,1.34461,1.34498,1.33622,1.33622,1.34483,1.34518,1.33641,1.33641,0.00019,196446.84
2022-11-23,1.33622,1.34394,1.33383,1.33386,1.33644,1.34413,1.33406,1.33409,0.00023,233459.28
2022-11-24,1.33387,1.33615,1.33156,1.33369,1.33409,1.33634,1.33173,1.33394,0.00025,130435.72
2022-11-25,1.33368,1.33976,1.33163,1.33682,1.33396,1.33994,1.3318,1.33873,0.00191,173482.08
2022-11-28,1.34091,1.35043,1.33996,1.34895,1.34116,1.35058,1.34015,1.34915,0.0002,237832.2
2022-11-29,1.34896,1.3645,1.34086,1.35842,1.34913,1.36468,1.34099,1.35864,0.00022,275180.97
2022-11-30,1.35841,1.3592,1.34078,1.34142,1.3586,1.3594,1.34101,1.34161,0.00019,301032.91
2022-12-01,1.34147,1.347,1.33942,1.34353,1.34163,1.34718,1.33965,1.3437,0.00017,306134.62
2022-12-02,1.34352,1.35198,1.34196,1.34652,1.3437,1.35224,1.34218,1.34738,0.00086,283323.62
2022-12-05,1.34463,1.36043,1.33842,1.35875,1.34484,1.36064,1.33863,1.35898,0.00023,249299.73
2022-12-06,1.35874,1.3675,1.35697,1.3649,1.35897,1.36768,1.35718,1.36513,0.00023,253350.09
2022-12-07,1.36491,1.36991,1.3588,1.36523,1.3651,1.37009,1.35912,1.36545,0.00022,283697.12
2022-12-08,1.36522,1.36882,1.35603,1.35984,1.36545,1.36901,1.35622,1.36005,0.00021,251412.75
2022-12-09,1.35981,1.36904,1.35682,1.36415,1.36005,1.36928,1.35702,1.36522,0.00107,236805.86
2022-12-12,1.36566,1.36823,1.3618,1.36302,1.3658,1.36841,1.36192,1.36321,0.00019,174386.36
2022-12-13,1.36302,1.36435,1.35213,1.35556,1.36321,1.36449,1.35225,1.35567,0.00011,224701.64
2022-12-14,1.35555,1.36117,1.35182,1.35502,1.35569,1.36135,1.35198,1.35515,0.00013,221163.89
2022-12-15,1.35501,1.36738,1.35401,1.36562,1.35514,1.3675,1.35413,1.36575,0.00013,208256.09
2022-12-16,1.36562,1.37046,1.36172,1.36956,1.36573,1.37058,1.36186,1.36984,0.00028,173927.45
2022-12-19,1.36888,1.36939,1.36227,1.36427,1.36901,1.36953,1.36238,1.3644,0.00013,154873.52
2022-12-20,1.36426,1.37039,1.35791,1.36004,1.36439,1.37051,1.35806,1.36017,0.00013,227569.48
2022-12-21,1.36001,1.36375,1.35887,1.36154,1.36016,1.36387,1.35899,1.36171,0.00017,157918.38
2022-12-22,1.36156,1.36839,1.35702,1.36363,1.36169,1.36854,1.35716,1.36385,0.00022,152820.69
2022-12-23,1.36364,1.3658,1.35623,1.35939,1.36386,1.36594,1.35635,1.35978,0.00039,131629.11
2022-12-26,1.36108,1.36108,1.35569,1.35571,1.36236,1.36287,1.35583,1.35586,0.00015,102421.67
2022-12-27,1.35571,1.35678,1.34838,1.35243,1.35585,1.35693,1.34851,1.35259,0.00016,110416.87
2022-12-28,1.35246,1.36112,1.3485,1.36002,1.35259,1.36222,1.34864,1.36018,0.00016,132240.05
2022-12-29,1.36002,1.36083,1.35376,1.35541,1.36018,1.36097,1.35388,1.35555,0.00014,113248.48
2022-12-30,1.3554,1.35813,1.35133,1.3546,1.3555,1.3582,1.35149,1.35507,0.00047,156501.98
2023-01-02,1.35282,1.3583,1.35221,1.35627,1.35402,1.35892,1.35262,1.35641,0.00014,125927.14
2023-01-03,1.35629,1.36849,1.35221,1.36725,1.35642,1.36862,1.35234,1.36738,0.00013,194250.86
2023-01-04,1.36724,1.36736,1.34693,1.34851,1.36739,1.36749,1.34709,1.34864,0.00013,197208.47
2023-01-05,1.34851,1.35949,1.34788,1.35625,1.34864,1.35962,1.34801,1.35643,0.00018,200038.97
2023-01-06,1.35625,1.36643,1.34328,1.34426,1.35643,1.36663,1.34341,1.34506,0.0008,189064.12
2023-01-09,1.34358,1.34438,1.33567,1.33937,1.34378,1.34453,1.33579,1.33952,0.00015,162982.52
2023-01-10,1.33935,1.34451,1.33755,1.3434,1.33952,1.34462,1.33766,1.34353,0.00013,187756.36
2023-01-11,1.34341,1.34448,1.34039,1.34293,1.34352,1.3446,1.3405,1.34307,0.00014,130535.46
2023-01-12,1.34296,1.34586,1.33445,1.33772,1.34306,1.34628,1.33461,1.33789,0.00017,194475.47
2023-01-13,1.33769,1.34391,1.33209,1.33919,1.33789,1.34402,1.33222,1.33962,0.00043,156252.62
2023-01-16,1.33984,1.34178,1.33519,1.3399,1.33997,1.3419,1.33532,1.34,0.0001,98050.73
2023-01-17,1.3399,1.34363,1.33686,1.33907,1.33999,1.34377,1.337,1.3392,0.00013,159798.67
2023-01-18,1.33907,1.34998,1.33498,1.34957,1.33922,1.35009,1.33514,1.34971,0.00014,193874.08
2023-01-19,1.34959,1.35201,1.3446,1.34636,1.3497,1.35217,1.34474,1.34651,0.00015,146986.09
2023-01-20,1.34638,1.3497,1.33715,1.33779,1.3465,1.34981,1.33741,1.33807,0.00028,122856.54
2023-01-23,1.33702,1.34171,1.33413,1.33707,1.33717,1.34184,1.3343,1.33722,0.00015,122158.25
2023-01-24,1.33706,1.34131,1.33463,1.33712,1.33722,1.34144,1.33475,1.33727,0.00015,116277.7
2023-01-25,1.33711,1.34276,1.33394,1.3381,1.33725,1.3429,1.33407,1.33824,0.00014,128619.87
2023-01-26,1.33809,1.34076,1.33024,1.3317,1.33822,1.34089,1.33043,1.33185,0.00015,122043.56
2023-01-27,1.3317,1.33463,1.32999,1.33051,1.33185,1.33475,1.33009,1.33157,0.00106,110723.43
2023-01-30,1.33051,1.33924,1.32989,1.3384,1.33064,1.33939,1.33001,1.33856,0.00016,138172.66
2023-01-31,1.33841,1.34709,1.32983,1.33075,1.33855,1.34723,1.32996,1.3309,0.00015,156997.56
2023-02-01,1.33075,1.33796,1.3263,1.32738,1.33091,1.33812,1.32646,1.32751,0.00013,181770.05
2023-02-02,1.32738,1.3347,1.32616,1.33174,1.32752,1.33483,1.32628,1.33188,0.00014,198013.36
2023-02-03,1.33174,1.34255,1.33174,1.3399,1.33184,1.34266,1.33184,1.34011,0.00021,206368.38
2023-02-06,1.34026,1.34749,1.33957,1.34421,1.34041,1.34759,1.3397,1.34435,0.00014,159935.77
2023-02-07,1.34421,1.34685,1.33789,1.33899,1.34435,1.34696,1.33806,1.33917,0.00018,195133.62
2023-02-08,1.33904,1.34503,1.33595,1.34453,1.33918,1.34514,1.33608,1.34468,0.00015,149374.67
2023-02-09,1.34454,1.34627,1.33719,1.34484,1.34468,1.34641,1.33732,1.34495,0.00011,128057.14
2023-02-10,1.34482,1.34718,1.33374,1.33401,1.34496,1.3473,1.33387,1.33462,0.00061,162886.3
2023-02-13,1.33569,1.33794,1.33245,1.33345,1.33587,1.33809,1.33258,1.33357,0.00012,112344.28
2023-02-14,1.33347,1.33903,1.32733,1.33406,1.3336,1.33914,1.32752,1.33418,0.00012,183845.94
2023-02-15,1.33406,1.34397,1.33396,1.33916,1.33417,1.34411,1.3341,1.3393,0.00014,152270.95
2023-02-16,1.33915,1.3479,1.33566,1.3473,1.33928,1.34798,1.33582,1.34742,0.00012,166350.7
2023-02-17,1.3473,1.35369,1.3464,1.34733,1.34744,1.35382,1.34655,1.34773,0.0004,151523.88
2023-02-20,1.34821,1.34943,1.34409,1.34535,1.34835,1.34957,1.34422,1.3455,0.00015,66007.14
2023-02-21,1.34534,1.35487,1.34407,1.35327,1.34548,1.35499,1.34422,1.35341,0.00014,155393.55
2023-02-22,1.35329,1.35676,1.35138,1.35452,1.35341,1.35687,1.3515,1.35469,0.00017,146653.59
2023-02-23,1.35453,1.35807,1.35154,1.35431,1.35471,1.35817,1.35167,1.35447,0.00016,136103.98
2023-02-24,1.35431,1.36647,1.35266,1.36037,1.35448,1.36662,1.35279,1.36143,0.00106,160007.39
2023-02-27,1.35966,1.36238,1.35333,1.35753,1.35978,1.36252,1.35349,1.35765,0.00012,135934.55
2023-02-28,1.35752,1.36477,1.35602,1.36451,1.35767,1.36495,1.35616,1.36466,0.00015,137726.44
2023-03-01,1.3645,1.36587,1.35838,1.35898,1.36465,1.36599,1.3585,1.35914,0.00016,179296.59
2023-03-02,1.35898,1.36411,1.35816,1.35974,1.35911,1.36425,1.35831,1.35988,0.00014,153295.94
2023-03-03,1.35974,1.36442,1.35544,1.35952,1.35987,1.36454,1.35557,1.36004,0.00052,137138.52
2023-03-06,1.36049,1.36283,1.35814,1.36158,1.36064,1.36295,1.35827,1.3617,0.00012,115569.53
2023-03-07,1.36158,1.37608,1.35991,1.375,1.36173,1.37617,1.36006,1.37515,0.00015,158949.14
2023-03-08,1.375,1.38145,1.37442,1.37991,1.37514,1.38157,1.37455,1.38003,0.00012,146478.52
2023-03-09,1.37992,1.38367,1.37519,1.3831,1.38004,1.3838,1.37532,1.38323,0.00013,142943.47
2023-03-10,1.3831,1.38615,1.37609,1.38196,1.38325,1.38629,1.37623,1.38255,0.00059,259058.02
2023-03-13,1.37671,1.38013,1.36767,1.37407,1.37686,1.38028,1.3678,1.37426,0.00019,369939.38
2023-03-14,1.37407,1.37501,1.3651,1.36889,1.37422,1.37512,1.36524,1.36904,0.00015,268731.38
2023-03-15,1.36888,1.38137,1.36591,1.37669,1.36904,1.3815,1.36607,1.37692,0.00023,265131.0
2023-03-16,1.37668,1.37874,1.37133,1.37198,1.37692,1.37886,1.37146,1.37209,0.00011,246715.45
2023-03-17,1.37198,1.37729,1.36769,1.37269,1.37211,1.37743,1.36783,1.37375,0.00106,173600.81
2023-03-20,1.37134,1.37465,1.36509,1.36723,1.37149,1.37478,1.36521,1.36734,0.00011,181358.67
2023-03-21,1.36719,1.37367,1.36437,1.37086,1.3673,1.3738,1.36448,1.37104,0.00018,111738.6
2023-03-22,1.37101,1.37437,1.36562,1.37201,1.37105,1.37454,1.36577,1.37214,0.00013,139057.11
2023-03-23,1.37199,1.3733,1.363,1.37177,1.37214,1.37342,1.36312,1.3719,0.00013,149158.89
2023-03-24,1.37174,1.38041,1.3709,1.37383,1.3719,1.38053,1.37103,1.37463,0.0008,155883.52
2023-03-27,1.37291,1.37448,1.36493,1.36549,1.37303,1.37459,1.36503,1.3656,0.00011,112046.75
2023-03-28,1.36546,1.36947,1.35912,1.35931,1.3656,1.36959,1.35925,1.35945,0.00014,101059.81
2023-03-29,1.35931,1.36161,1.35554,1.35666,1.35942,1.36175,1.3557,1.3568,0.00014,88094.97
2023-03-30,1.35666,1.35809,1.35154,1.35221,1.35678,1.35824,1.35165,1.35233,0.00012,90932.71
2023-03-31,1.35221,1.3564,1.3507,1.35132,1.35236,1.35653,1.35082,1.35208,0.00076,99702.81
2023-04-03,1.35038,1.3536,1.3411,1.3437,1.35054,1.35374,1.34119,1.3438,0.0001,113592.86
2023-04-04,1.34368,1.34672,1.34056,1.34389,1.34381,1.34682,1.34072,1.34402,0.00013,113301.89
2023-04-05,1.34391,1.34826,1.34245,1.34545,1.34404,1.34838,1.34263,1.34558,0.00013,98097.0
2023-04-06,1.34546,1.35054,1.34527,1.34949,1.34561,1.35067,1.3454,1.34963,0.00014,82511.2
2023-04-07,1.34952,1.35305,1.34848,1.35058,1.34966,1.35316,1.34862,1.35216,0.00158,52797.13
2023-04-10,1.35043,1.35531,1.34844,1.3503,1.35059,1.35546,1.34857,1.35045,0.00015,64163.28
2023-04-11,1.35031,1.35158,1.34577,1.34633,1.35046,1.35169,1.34628,1.34649,0.00016,82540.79
2023-04-12,1.34634,1.34886,1.34276,1.34394,1.34648,1.34897,1.34288,1.34408,0.00014,112436.7
2023-04-13,1.34393,1.34478,1.33303,1.33402,1.34407,1.34492,1.3334,1.33419,0.00017,93437.75
2023-04-14,1.33403,1.33954,1.33001,1.33569,1.33419,1.33965,1.33021,1.33644,0.00075,113642.5
2023-04-17,1.33657,1.34196,1.3342,1.3394,1.3367,1.34209,1.33431,1.33953,0.00013,92190.7
2023-04-18,1.33939,1.33992,1.33589,1.33911,1.33953,1.34004,1.33605,1.33925,0.00014,88862.76
2023-04-19,1.3391,1.34707,1.33841,1.34689,1.33924,1.34717,1.33854,1.34701,0.00012,85301.51
2023-04-20,1.34693,1.34891,1.34479,1.34804,1.34702,1.34901,1.3449,1.34817,0.00013,64782.23
2023-04-21,1.34806,1.35633,1.34743,1.3534,1.34818,1.3564,1.34756,1.35447,0.00107,67074.32
2023-04-24,1.35407,1.35669,1.35222,1.35333,1.3542,1.35682,1.35233,1.35346,0.00013,56609.71
2023-04-25,1.35337,1.36474,1.35242,1.36186,1.35347,1.36485,1.35254,1.36199,0.00013,70181.09
2023-04-26,1.36185,1.36507,1.35989,1.36308,1.36197,1.36518,1.36001,1.36317,9e-05,82370.66
2023-04-27,1.36307,1.36451,1.35884,1.35997,1.36318,1.36463,1.35897,1.36007,0.0001,76246.06
2023-04-28,1.35995,1.36675,1.35358,1.35412,1.36007,1.36686,1.35369,1.35507,0.00095,84006.31
2023-05-01,1.35608,1.35829,1.35299,1.35523,1.35619,1.3584,1.3531,1.35536,0.00013,61083.32
2023-05-02,1.35525,1.36373,1.35277,1.36203,1.35535,1.36384,1.35289,1.36216,0.00013,83579.44
2023-05-03,1.36203,1.36389,1.35812,1.36311,1.36216,1.364,1.35829,1.36323,0.00012,97948.71
2023-05-04,1.36306,1.36324,1.35186,1.35238,1.36318,1.36337,1.35197,1.35248,0.0001,104509.8
2023-05-05,1.35234,1.3529,1.33708,1.33711,1.35244,1.35302,1.33718,1.33804,0.00093,83748.86
2023-05-08,1.33795,1.33869,1.33143,1.33716,1.3381,1.3388,1.33154,1.3373,0.00014,52540.79
2023-05-09,1.33717,1.34059,1.33648,1.33749,1.33732,1.34071,1.33658,1.33759,0.0001,54918.12
2023-05-10,1.33748,1.34143,1.33343,1.33723,1.33761,1.34155,1.33356,1.33736,0.00013,81597.85
2023-05-11,1.33723,1.34957,1.33625,1.34949,1.33737,1.34967,1.33637,1.34961,0.00012,81531.88
2023-05-12,1.34948,1.35647,1.34793,1.35538,1.34962,1.35658,1.34803,1.35601,0.00063,63496.66
2023-05-15,1.35557,1.35674,1.34599,1.34663,1.35571,1.35686,1.346,1.34676,0.00013,60984.45
2023-05-16,1.34664,1.34933,1.34035,1.34771,1.34677,1.34944,1.34049,1.34783,0.00012,72571.22
2023-05-17,1.34768,1.35355,1.34367,1.34667,1.34781,1.35367,1.34379,1.3468,0.00013,69542.96
2023-05-18,1.34667,1.35242,1.34515,1.34977,1.34676,1.35254,1.34529,1.34989,0.00012,67402.96
2023-05-19,1.34975,1.35232,1.34684,1.34955,1.34987,1.35245,1.34693,1.35014,0.00059,74303.83
2023-05-22,1.34891,1.35186,1.34846,1.35029,1.34903,1.35199,1.3486,1.3504,0.00011,62374.33
2023-05-23,1.35029,1.35482,1.34843,1.35003,1.35042,1.35492,1.34853,1.35016,0.00013,75452.04
2023-05-24,1.35004,1.36054,1.34954,1.35893,1.35014,1.36065,1.34965,1.35906,0.00013,81351.76
2023-05-25,1.35896,1.36467,1.35859,1.36435,1.35909,1.36483,1.35871,1.36446,0.00011,73777.71
2023-05-26,1.36435,1.36542,1.36003,1.3612,1.36448,1.36554,1.36014,1.362,0.0008,71033.85
2023-05-29,1.36086,1.3613,1.35783,1.36039,1.36099,1.36143,1.35835,1.36052,0.00013,29383.28
2023-05-30,1.36044,1.3613,1.35667,1.35995,1.36052,1.36143,1.35678,1.36007,0.00012,72394.76
2023-05-31,1.35996,1.36509,1.35591,1.35662,1.36006,1.36519,1.35645,1.35675,0.00013,86906.01
2023-06-01,1.35661,1.35846,1.34361,1.34443,1.35674,1.35858,1.34372,1.34454,0.00011,81246.38
2023-06-02,1.34443,1.34507,1.34062,1.34263,1.34452,1.34519,1.34073,1.34327,0.00064,75562.87
2023-06-05,1.34285,1.34612,1.34167,1.34486,1.34298,1.34625,1.34176,1.34499,0.00013,63121.16
2023-06-06,1.34485,1.34521,1.33896,1.33976,1.34498,1.34531,1.33904,1.33989,0.00013,65246.56
2023-06-07,1.33976,1.34263,1.33205,1.33709,1.33989,1.34273,1.33223,1.33723,0.00014,79296.51
2023-06-08,1.3371,1.33875,1.33336,1.3362,1.33722,1.33888,1.33346,1.33631,0.00011,72423.19
2023-06-09,1.3362,1.33709,1.33126,1.33379,1.33632,1.33721,1.33137,1.33472,0.00093,63820.32
2023-06-12,1.33371,1.33832,1.33143,1.3364,1.33385,1.33844,1.33154,1.33653,0.00013,64371.76
2023-06-13,1.33642,1.33781,1.32854,1.33139,1.33653,1.33793,1.32865,1.33153,0.00014,81683.51
2023-06-14,1.33137,1.33525,1.32717,1.33271,1.33151,1.33538,1.32728,1.33282,0.00011,90521.46
2023-06-15,1.3327,1.33541,1.32094,1.32228,1.33282,1.33552,1.32104,1.32241,0.00013,73733.66
2023-06-16,1.32228,1.32389,1.31772,1.31957,1.32242,1.32402,1.31782,1.32028,0.00071,74893.28
2023-06-19,1.31987,1.32284,1.31787,1.32102,1.32003,1.32296,1.31799,1.32113,0.00011,45892.42
2023-06-20,1.32102,1.32692,1.32048,1.32246,1.32114,1.32705,1.32062,1.3226,0.00014,84422.22
2023-06-21,1.3225,1.32455,1.31566,1.31605,1.32263,1.32464,1.31578,1.31618,0.00013,94804.1
2023-06-22,1.31605,1.31788,1.31381,1.31468,1.31619,1.318,1.31394,1.3148,0.00012,87795.77
2023-06-23,1.31469,1.32256,1.31425,1.31764,1.3148,1.32267,1.31437,1.31869,0.00105,89767.38
2023-06-26,1.31648,1.31764,1.31353,1.31515,1.31661,1.31776,1.31365,1.31525,0.0001,80764.74
2023-06-27,1.31513,1.3198,1.3116,1.31967,1.31526,1.31992,1.31173,1.3198,0.00013,88353.58
2023-06-28,1.31966,1.32761,1.31885,1.32525,1.31979,1.32771,1.31899,1.3254,0.00015,91004.49
2023-06-29,1.32524,1.3285,1.32386,1.32507,1.32539,1.32863,1.32397,1.32521,0.00014,80718.28
2023-06-30,1.32507,1.32846,1.32061,1.32431,1.32521,1.3286,1.32076,1.32539,0.00108,81973.93
2023-07-03,1.32494,1.32729,1.32297,1.32478,1.32508,1.3274,1.32309,1.32489,0.00011,62337.61
2023-07-04,1.32478,1.32564,1.32026,1.32247,1.32491,1.32574,1.32038,1.32259,0.00012,37970.85
2023-07-05,1.32246,1.32928,1.32197,1.32849,1.3226,1.32939,1.32209,1.32862,0.00013,70025.81
2023-07-06,1.32848,1.33719,1.32745,1.33645,1.32859,1.33751,1.32757,1.33657,0.00012,89485.98
2023-07-07,1.33645,1.33867,1.32651,1.32725,1.33659,1.33879,1.32663,1.32798,0.00073,82379.83
2023-07-10,1.32783,1.33041,1.32677,1.32739,1.32797,1.3305,1.32688,1.32751,0.00012,74234.15
2023-07-11,1.32738,1.32893,1.32234,1.32288,1.32751,1.32903,1.32251,1.32302,0.00014,79419.36
2023-07-12,1.32288,1.32336,1.3143,1.31832,1.32304,1.32347,1.31441,1.31844,0.00012,94876.45
2023-07-13,1.31835,1.31943,1.31032,1.31128,1.31845,1.31957,1.31042,1.3114,0.00012,88852.65
2023-07-14,1.31127,1.32266,1.3092,1.3213,1.3114,1.32275,1.30933,1.32239,0.00109,74872.54
2023-07-17,1.32264,1.32318,1.31603,1.32013,1.32274,1.32329,1.31615,1.32027,0.00014,58873.67
2023-07-18,1.32014,1.32428,1.31615,1.31661,1.32028,1.32441,1.31632,1.31672,0.00011,82533.51
2023-07-19,1.31663,1.31928,1.31552,1.31629,1.31672,1.3194,1.31563,1.31641,0.00012,100891.67
2023-07-20,1.31629,1.31941,1.31189,1.31739,1.31642,1.31951,1.312,1.31749,0.0001,103786.43
2023-07-21,1.31737,1.32259,1.31526,1.32209,1.31748,1.32273,1.31538,1.32273,0.00064,96316.25
2023-07-24,1.32253,1.32284,1.31499,1.31749,1.32265,1.32295,1.31511,1.3176,0.00011,94395.95
2023-07-25,1.3175,1.32091,1.31464,1.3187,1.31764,1.32103,1.31475,1.31884,0.00014,87573.06
2023-07-26,1.3187,1.32376,1.31716,1.32045,1.31884,1.32387,1.31728,1.32056,0.00011,125990.33
2023-07-27,1.32045,1.32428,1.31575,1.32277,1.32058,1.3244,1.31588,1.32289,0.00012,116098.86
2023-07-28,1.32277,1.32526,1.32,1.32484,1.32288,1.32565,1.3202,1.32565,0.00081,109169.08
2023-07-31,1.32517,1.32611,1.31507,1.31941,1.32531,1.32622,1.31518,1.31953,0.00012,93660.68
2023-08-01,1.3194,1.32995,1.31853,1.32692,1.31952,1.33006,1.31867,1.32703,0.00011,107021.79
2023-08-02,1.32691,1.33527,1.3269,1.3344,1.32701,1.33556,1.32701,1.3345,0.0001,116522.98
2023-08-03,1.33437,1.33776,1.33283,1.33506,1.33447,1.33789,1.33293,1.33518,0.00012,122203.64
2023-08-04,1.33506,1.33937,1.33187,1.33794,1.33518,1.33952,1.33199,1.33879,0.00085,119281.26
2023-08-07,1.33751,1.3399,1.33553,1.33714,1.33761,1.34001,1.33563,1.33724,0.0001,103566.53
2023-08-08,1.33711,1.35015,1.33669,1.34257,1.33725,1.35026,1.33682,1.34269,0.00012,132315.16
2023-08-09,1.34259,1.34538,1.34036,1.34191,1.34269,1.34549,1.34047,1.34201,0.0001,120032.32
2023-08-10,1.34191,1.34494,1.33722,1.34438,1.34203,1.34508,1.33738,1.34452,0.00014,136574.06
2023-08-11,1.34438,1.34655,1.3412,1.34374,1.34453,1.34666,1.34129,1.34478,0.00104,114219.32
2023-08-14,1.344,1.34796,1.34375,1.34588,1.34411,1.34806,1.34387,1.34598,0.0001,122218.95
2023-08-15,1.3459,1.35013,1.34388,1.34902,1.34601,1.35024,1.34399,1.34912,0.0001,141691.31
2023-08-16,1.34899,1.35446,1.34748,1.35367,1.34911,1.355,1.3476,1.3538,0.00013,135811.52
2023-08-17,1.35367,1.35522,1.34957,1.3545,1.35378,1.35534,1.34968,1.35464,0.00014,140739.38
2023-08-18,1.35451,1.35745,1.35239,1.35495,1.35466,1.35756,1.35251,1.35562,0.00067,154607.61
2023-08-21,1.35413,1.35723,1.34956,1.3546,1.35426,1.35733,1.34967,1.3547,0.0001,113100.01
2023-08-22,1.35462,1.35645,1.35127,1.35495,1.3547,1.35657,1.35138,1.35507,0.00012,136683.0
2023-08-23,1.35494,1.36035,1.35199,1.35233,1.35508,1.36046,1.3521,1.35246,0.00013,111633.79
2023-08-24,1.35234,1.35885,1.35094,1.35864,1.35248,1.35921,1.35106,1.35875,0.00011,116267.15
2023-08-25,1.35862,1.36395,1.35688,1.36011,1.35875,1.36408,1.357,1.3607,0.00059,120538.29
2023-08-28,1.35947,1.36115,1.35698,1.36005,1.3596,1.36127,1.35708,1.36015,0.0001,112282.65
2023-08-29,1.36003,1.36371,1.35487,1.35588,1.36015,1.36382,1.35505,1.35599,0.00011,133215.94
2023-08-30,1.35588,1.35765,1.35126,1.35342,1.356,1.35777,1.35138,1.35354,0.00012,130413.96
2023-08-31,1.35342,1.35574,1.35036,1.35101,1.35354,1.35588,1.35048,1.35112,0.00011,121814.9
2023-09-01,1.351,1.36123,1.34889,1.35873,1.35111,1.36133,1.349,1.35981,0.00108,107440.46
2023-09-04,1.35941,1.36043,1.3575,1.35992,1.35957,1.36053,1.3576,1.36001,9e-05,55470.15
2023-09-05,1.3599,1.36691,1.35962,1.36391,1.36001,1.36703,1.35974,1.36407,0.00016,120621.38
2023-09-06,1.36391,1.36762,1.3622,1.36392,1.36407,1.36776,1.36231,1.36403,0.00011,112285.3
2023-09-07,1.36391,1.36941,1.36316,1.36824,1.36403,1.36953,1.36327,1.36837,0.00013,99257.24
2023-09-08,1.36826,1.36894,1.36074,1.36354,1.36838,1.36906,1.36085,1.36452,0.00098,102846.24
2023-09-11,1.36282,1.36354,1.35605,1.35795,1.36296,1.36364,1.35617,1.35809,0.00014,95094.26
2023-09-12,1.35796,1.35927,1.35431,1.35526,1.35809,1.35936,1.35442,1.3554,0.00014,94821.65
2023-09-13,1.35526,1.35867,1.35205,1.35525,1.35539,1.35882,1.35214,1.35535,0.0001,158507.84
2023-09-14,1.35523,1.35537,1.3493,1.35153,1.35536,1.35549,1.34941,1.35168,0.00015,118563.08
2023-09-15,1.35152,1.35494,1.34936,1.35213,1.35167,1.35505,1.34948,1.35304,0.00091,122302.96
2023-09-18,1.35222,1.3528,1.34714,1.34864,1.35231,1.35294,1.34725,1.34877,0.00013,95661.39
2023-09-19,1.34863,1.3488,1.33787,1.34427,1.34876,1.34893,1.33805,1.34437,0.0001,112887.56
2023-09-20,1.34426,1.34778,1.33951,1.3477,1.34438,1.34789,1.33961,1.34783,0.00013,142731.5
2023-09-21,1.34772,1.35234,1.34601,1.34773,1.34782,1.35242,1.34612,1.34786,0.00013,126439.61
2023-09-22,1.34772,1.34911,1.34231,1.34783,1.34784,1.34922,1.34244,1.34865,0.00082,103173.06
2023-09-25,1.34773,1.34914,1.34485,1.34504,1.34786,1.34926,1.34496,1.34518,0.00014,87991.57
2023-09-26,1.34504,1.35279,1.34495,1.35192,1.34518,1.35289,1.34506,1.35204,0.00012,124181.46
2023-09-27,1.35189,1.35427,1.34923,1.35004,1.35204,1.35436,1.34957,1.35016,0.00012,120282.8
2023-09-28,1.35001,1.35158,1.34702,1.34906,1.35013,1.35167,1.34712,1.34918,0.00012,145223.52
2023-09-29,1.34908,1.35844,1.34163,1.35749,1.34918,1.35857,1.34175,1.35815,0.00066,140392.3
2023-10-02,1.35731,1.36843,1.35612,1.36756,1.35743,1.36854,1.35624,1.36768,0.00012,133896.89
2023-10-03,1.36756,1.37357,1.36753,1.3709,1.3677,1.37368,1.36766,1.37101,0.00011,168335.88
2023-10-04,1.37091,1.37792,1.36897,1.37442,1.37103,1.37804,1.36909,1.37453,0.00011,183590.33
2023-10-05,1.3744,1.37851,1.37022,1.37067,1.37453,1.37863,1.37042,1.37077,0.0001,153610.55
2023-10-06,1.37065,1.3745,1.36436,1.36594,1.37077,1.37469,1.36445,1.3669,0.00096,164727.91
2023-10-09,1.36621,1.3676,1.35776,1.35803,1.36634,1.3677,1.358,1.35813,0.0001,109340.94
2023-10-10,1.358,1.36168,1.35688,1.35838,1.35813,1.36178,1.35701,1.3585,0.00012,146995.59
2023-10-11,1.35839,1.36232,1.35709,1.35957,1.3585,1.36245,1.35721,1.35971,0.00014,124723.1
2023-10-12,1.35957,1.37,1.35779,1.36847,1.35969,1.37019,1.3579,1.3686,0.00013,120166.5
2023-10-13,1.36842,1.36887,1.36361,1.36515,1.36857,1.36897,1.36372,1.36616,0.00101,116072.14
2023-10-16,1.36433,1.36551,1.36049,1.36153,1.36444,1.36562,1.3607,1.36165,0.00012,111700.5
2023-10-17,1.36153,1.37025,1.3608,1.36525,1.36167,1.37038,1.36094,1.36537,0.00012,122104.75
2023-10-18,1.36526,1.37163,1.36166,1.3713,1.36538,1.37196,1.36178,1.37144,0.00014,130316.58
2023-10-19,1.37132,1.37406,1.36787,1.37154,1.37146,1.37416,1.36799,1.37166,0.00012,145466.47
2023-10-20,1.37158,1.37338,1.36692,1.37118,1.3717,1.37351,1.36703,1.37192,0.00074,105266.63
2023-10-23,1.37053,1.37363,1.36671,1.36883,1.37064,1.37374,1.36682,1.36898,0.00015,115154.59
2023-10-24,1.36882,1.37544,1.36605,1.37418,1.36897,1.37554,1.36617,1.37429,0.00011,113922.26
2023-10-25,1.37417,1.38098,1.37298,1.38025,1.37428,1.38109,1.37311,1.38036,0.00011,111557.74
2023-10-26,1.38023,1.38436,1.37892,1.38164,1.38037,1.38448,1.37902,1.38173,9e-05,135205.97
2023-10-27,1.3816,1.38798,1.37958,1.38682,1.38173,1.38811,1.37968,1.38762,0.0008,115795.58
2023-10-30,1.38637,1.38665,1.38129,1.38294,1.38647,1.38679,1.38137,1.38309,0.00015,95120.25
2023-10-31,1.38295,1.38917,1.38131,1.3878,1.38309,1.38928,1.38142,1.38795,0.00015,111330.9
2023-11-01,1.3878,1.38986,1.38343,1.38343,1.38795,1.38997,1.38354,1.38354,0.00011,140226.81
2023-11-02,1.38341,1.38518,1.3735,1.37472,1.3835,1.38527,1.37364,1.37483,0.00011,107961.66
2023-11-03,1.37471,1.37601,1.36521,1.36528,1.37483,1.37615,1.36545,1.3663,0.00102,120872.69
2023-11-06,1.36601,1.37025,1.36288,1.36975,1.36612,1.37066,1.363,1.36987,0.00012,85784.5
2023-11-07,1.36973,1.37824,1.36934,1.37683,1.36986,1.37835,1.36948,1.37698,0.00015,101557.36
2023-11-08,1.37686,1.38141,1.3754,1.37902,1.37699,1.38152,1.37552,1.37913,0.00011,106228.34
2023-11-09,1.37904,1.38159,1.3746,1.38087,1.37914,1.38171,1.37471,1.38102,0.00015,126069.64
2023-11-10,1.38087,1.38542,1.37906,1.37942,1.38102,1.38553,1.37919,1.3804,0.00098,97631.59
2023-11-13,1.37972,1.38313,1.37767,1.38008,1.37987,1.38324,1.37777,1.38022,0.00014,88073.44
2023-11-14,1.38009,1.3843,1.36831,1.36995,1.38021,1.38441,1.36852,1.37007,0.00012,126088.65
2023-11-15,1.36998,1.37096,1.3654,1.36832,1.3701,1.3711,1.3655,1.36846,0.00014,132649.23
2023-11-16,1.36832,1.37766,1.36767,1.3752,1.36845,1.37776,1.36783,1.37533,0.00013,135554.52
2023-11-17,1.3752,1.37708,1.37075,1.37116,1.37532,1.37717,1.37087,1.37225,0.00109,120298.58
2023-11-20,1.37201,1.3749,1.36891,1.37263,1.37216,1.375,1.36905,1.37274,0.00011,113909.59
2023-11-21,1.37263,1.37308,1.36806,1.37002,1.37273,1.3732,1.36816,1.37016,0.00014,121345.05
2023-11-22,1.37003,1.3765,1.36854,1.36923,1.37017,1.37661,1.36869,1.36934,0.00011,129214.76
2023-11-23,1.36925,1.37107,1.36505,1.36957,1.36936,1.3712,1.36516,1.36967,0.0001,66571.48
2023-11-24,1.36957,1.37113,1.35934,1.36262,1.3697,1.37124,1.35945,1.36485,0.00223,85810.37
2023-11-27,1.36316,1.36606,1.36048,1.36057,1.36326,1.36617,1.36058,1.36068,0.00011,96194.41
2023-11-28,1.36052,1.36133,1.35597,1.35654,1.36064,1.36143,1.35608,1.35669,0.00015,115861.66
2023-11-29,1.35651,1.36146,1.35405,1.35919,1.35667,1.36155,1.35417,1.35933,0.00014,118363.71
2023-11-30,1.35921,1.36261,1.35519,1.35567,1.35934,1.36276,1.35528,1.35576,9e-05,160857.5
2023-12-01,1.35568,1.35569,1.34864,1.3491,1.35579,1.35581,1.34875,1.3502,0.0011,131792.5
2023-12-04,1.34891,1.35618,1.34861,1.35391,1.34903,1.35628,1.34873,1.35405,0.00014,133653.78
2023-12-05,1.35393,1.35944,1.35362,1.35919,1.35405,1.35958,1.35373,1.35929,0.0001,117990.57
2023-12-06,1.35918,1.35962,1.35483,1.35919,1.3593,1.36023,1.35494,1.35931,0.00012,119996.95
2023-12-07,1.35918,1.36189,1.35833,1.35964,1.35931,1.36201,1.35844,1.35976,0.00012,123912.95
2023-12-08,1.35963,1.36091,1.355,1.3577,1.35975,1.36101,1.35513,1.35874,0.00104,148644.0
2023-12-11,1.35812,1.3604,1.35498,1.35781,1.35827,1.3605,1.35509,1.35792,0.00011,108276.7
2023-12-12,1.3578,1.36182,1.35445,1.35854,1.35791,1.36194,1.35457,1.35866,0.00012,112448.01
2023-12-13,1.35852,1.36081,1.34943,1.35095,1.35867,1.3609,1.34954,1.35109,0.00014,131838.95
2023-12-14,1.35095,1.35096,1.33937,1.34042,1.35106,1.35106,1.33947,1.34055,0.00013,162275.38
2023-12-15,1.34041,1.34144,1.33498,1.33754,1.34055,1.34156,1.33507,1.3386,0.00106,119293.79
2023-12-18,1.33817,1.34091,1.33493,1.33979,1.3383,1.34111,1.33504,1.33993,0.00014,89282.61
2023-12-19,1.33979,1.34,1.33302,1.33382,1.33994,1.34011,1.33327,1.33395,0.00013,92158.66
2023-12-20,1.33382,1.337,1.33113,1.33591,1.33393,1.33727,1.33124,1.33602,0.00011,109050.17
2023-12-21,1.33592,1.33596,1.32751,1.32837,1.33604,1.33609,1.32768,1.32848,0.00011,164071.52
2023-12-22,1.32836,1.32923,1.32184,1.32636,1.32849,1.32936,1.322,1.32717,0.00081,185505.64
2023-12-25,1.32591,1.32884,1.32452,1.32521,1.32835,1.33005,1.32521,1.32537,0.00016,4482.39
2023-12-26,1.32521,1.32618,1.31915,1.31963,1.32536,1.32631,1.31938,1.31977,0.00014,108493.36
2023-12-27,1.31963,1.3219,1.31767,1.32052,1.31976,1.32199,1.31778,1.32068,0.00016,76314.1
2023-12-28,1.32054,1.32349,1.3182,1.323,1.32068,1.32395,1.31833,1.32317,0.00017,112105.24
2023-12-29,1.32296,1.32646,1.31774,1.32461,1.32313,1.32661,1.31789,1.32541,0.0008,107051.03
2024-01-01,1.32229,1.32485,1.32229,1.32442,1.32531,1.3262,1.32395,1.32454,0.00012,2265.46
2024-01-02,1.32441,1.33336,1.3228,1.33216,1.32453,1.33348,1.32292,1.3323,0.00014,117497.9
2024-01-03,1.33216,1.33715,1.33174,1.33479,1.3323,1.33725,1.33185,1.33492,0.00013,116802.22
2024-01-04,1.33482,1.33659,1.33168,1.33558,1.33495,1.33669,1.33178,1.33571,0.00013,99063.18
2024-01-05,1.33557,1.33987,1.32868,1.3355,1.33568,1.34,1.3288,1.33645,0.00095,136090.58
2024-01-08,1.33597,1.34044,1.33439,1.33509,1.3361,1.34056,1.33455,1.3352,0.00011,91096.93
2024-01-09,1.33511,1.34144,1.334,1.3389,1.33524,1.34155,1.33412,1.33903,0.00013,97937.71
2024-01-10,1.3389,1.33942,1.3365,1.33794,1.33903,1.33955,1.33661,1.33808,0.00014,84314.21
2024-01-11,1.33794,1.34424,1.33501,1.33781,1.33808,1.34435,1.33512,1.33794,0.00013,119012.35
2024-01-12,1.33779,1.34114,1.33426,1.34054,1.33794,1.34127,1.33437,1.34076,0.00022,90904.45
2024-01-15,1.34068,1.34477,1.33813,1.34358,1.34077,1.34488,1.33825,1.34373,0.00015,60656.99
2024-01-16,1.34361,1.35016,1.34356,1.34889,1.34373,1.35082,1.34368,1.34903,0.00014,104074.72
2024-01-17,1.34888,1.35415,1.34797,1.35016,1.34903,1.35427,1.34809,1.35027,0.00011,101176.04
2024-01-18,1.35014,1.3528,1.34799,1.34848,1.35025,1.35299,1.34812,1.3486,0.00012,101142.52
2024-01-19,1.34849,1.35018,1.34262,1.34265,1.3486,1.35031,1.34281,1.34312,0.00047,92193.91
2024-01-22,1.3432,1.34826,1.34144,1.34778,1.3433,1.34863,1.34154,1.3479,0.00012,77003.07
2024-01-23,1.34777,1.34915,1.34528,1.34563,1.3479,1.34927,1.3454,1.34574,0.00011,81701.17
2024-01-24,1.34564,1.35281,1.34292,1.35254,1.34575,1.35362,1.34304,1.35266,0.00012,107538.06
2024-01-25,1.35253,1.35342,1.34676,1.34797,1.35265,1.35353,1.3469,1.3481,0.00013,111374.36
2024-01-26,1.34796,1.34827,1.34136,1.34485,1.34809,1.34841,1.34149,1.34579,0.00094,103814.62
2024-01-29,1.34557,1.34647,1.34081,1.34114,1.34566,1.3466,1.34095,1.34127,0.00013,88466.3
2024-01-30,1.34113,1.34458,1.3395,1.34016,1.34127,1.3447,1.33962,1.34026,0.0001,98590.89
2024-01-31,1.34014,1.34457,1.33581,1.34316,1.34025,1.3447,1.33594,1.34331,0.00015,155249.56
2024-02-01,1.34317,1.34636,1.33673,1.3384,1.34332,1.34648,1.33683,1.33852,0.00012,135379.02
2024-02-02,1.33841,1.34753,1.33653,1.34589,1.33852,1.34763,1.33664,1.34659,0.0007,128149.01
2024-02-05,1.34701,1.35435,1.34659,1.35429,1.34712,1.35521,1.34672,1.35443,0.00014,98073.37
2024-02-06,1.35429,1.3543,1.34759,1.34895,1.35442,1.35445,1.34769,1.34909,0.00014,111109.65
2024-02-07,1.34896,1.3492,1.34546,1.34622,1.34911,1.34933,1.34555,1.34637,0.00015,114155.68
2024-02-08,1.34621,1.34925,1.34475,1.34597,1.34636,1.34938,1.34486,1.34608,0.00011,93061.43
2024-02-09,1.34597,1.34812,1.34124,1.34568,1.34608,1.34823,1.34134,1.34655,0.00087,103074.17
2024-02-12,1.34575,1.34748,1.34297,1.34551,1.34587,1.3476,1.34309,1.34564,0.00013,71234.97
2024-02-13,1.34551,1.35858,1.34333,1.35657,1.34564,1.35868,1.34349,1.35668,0.00011,118185.02
2024-02-14,1.35659,1.3572,1.35304,1.35382,1.3567,1.35731,1.35316,1.35394,0.00012,101078.46
2024-02-15,1.35385,1.35513,1.34605,1.34654,1.35396,1.35526,1.34617,1.34667,0.00013,100134.3
2024-02-16,1.34654,1.35072,1.34651,1.34817,1.34667,1.35085,1.34664,1.34897,0.0008,90823.51
2024-02-19,1.34778,1.35005,1.34674,1.34991,1.34789,1.35019,1.34686,1.35004,0.00013,51240.35
2024-02-20,1.34992,1.35294,1.34716,1.3523,1.35002,1.35319,1.34728,1.35245,0.00015,109296.33
2024-02-21,1.35231,1.35358,1.34871,1.34949,1.35243,1.35369,1.34948,1.34959,0.0001,103835.64
2024-02-22,1.34946,1.35072,1.34404,1.34825,1.34957,1.35084,1.34414,1.34836,0.00011,106944.77
2024-02-23,1.34825,1.35171,1.34611,1.3502,1.34836,1.35182,1.34622,1.35107,0.00087,96877.03
2024-02-26,1.35105,1.35282,1.34996,1.35013,1.35115,1.35294,1.35007,1.35025,0.00012,74276.24
2024-02-27,1.35014,1.35389,1.34841,1.35311,1.35024,1.354,1.34851,1.35323,0.00012,83649.44
2024-02-28,1.35313,1.36056,1.35267,1.35773,1.35326,1.36068,1.35282,1.35788,0.00015,92470.06
2024-02-29,1.35773,1.35971,1.35406,1.35681,1.35788,1.35982,1.35417,1.35693,0.00012,106980.51
2024-03-01,1.35682,1.36012,1.35446,1.3558,1.35694,1.36022,1.35457,1.35635,0.00055,89775.05
2024-03-04,1.35512,1.35835,1.35451,1.35754,1.35523,1.35846,1.35462,1.35767,0.00013,75385.91
2024-03-05,1.35755,1.36047,1.35548,1.35894,1.35767,1.36058,1.3556,1.35909,0.00015,91348.63
2024-03-06,1.35897,1.35996,1.34985,1.35119,1.3591,1.36007,1.34998,1.35133,0.00014,103484.13
2024-03-07,1.35118,1.35251,1.34525,1.34529,1.35132,1.35264,1.34537,1.34542,0.00013,93697.11
2024-03-08,1.34529,1.34975,1.34194,1.34811,1.34542,1.34985,1.34206,1.34884,0.00073,120052.47
2024-03-11,1.34805,1.35095,1.34689,1.34772,1.34816,1.35105,1.34699,1.34784,0.00012,89196.92
2024-03-12,1.34772,1.35251,1.34662,1.34928,1.34784,1.35262,1.34673,1.3494,0.00012,113272.27
2024-03-13,1.34928,1.3498,1.34586,1.34651,1.3494,1.34991,1.34596,1.34664,0.00013,77684.22
2024-03-14,1.34653,1.35409,1.34589,1.35365,1.34664,1.35421,1.34601,1.35379,0.00014,88085.79
2024-03-15,1.35365,1.35514,1.35096,1.3537,1.35377,1.35525,1.35105,1.35477,0.00107,84966.12
2024-03-18,1.35458,1.35514,1.35203,1.35349,1.35469,1.35524,1.35213,1.3536,0.00011,63698.48
2024-03-19,1.35349,1.36128,1.35342,1.35745,1.35358,1.3614,1.35357,1.35758,0.00013,94659.32
2024-03-20,1.35745,1.36044,1.34716,1.34729,1.35757,1.36056,1.34727,1.34742,0.00013,101093.47
2024-03-21,1.34731,1.35411,1.34554,1.35274,1.34743,1.35422,1.34565,1.35286,0.00012,94522.31
2024-03-22,1.35273,1.36138,1.35188,1.35991,1.35285,1.36146,1.35201,1.36081,0.0009,73027.58
2024-03-25,1.36115,1.36139,1.35698,1.35851,1.36126,1.36148,1.3571,1.35864,0.00013,70734.86
2024-03-26,1.35852,1.35901,1.35522,1.35815,1.35863,1.35913,1.35533,1.35828,0.00013,62901.12
2024-03-27,1.35816,1.36078,1.35639,1.35853,1.35827,1.36089,1.35658,1.35864,0.00011,78143.43
2024-03-28,1.35853,1.36135,1.35245,1.35363,1.35862,1.36145,1.35256,1.35377,0.00014,86882.56
2024-03-29,1.35367,1.35608,1.35298,1.35333,1.35382,1.35622,1.35345,1.35472,0.00139,34630.45
2024-04-01,1.35216,1.35861,1.35145,1.35737,1.35228,1.35872,1.35156,1.35747,0.0001,62876.4
2024-04-02,1.35739,1.35839,1.3556,1.35644,1.35749,1.35851,1.3557,1.35655,0.00011,65994.65
2024-04-03,1.35644,1.35886,1.3511,1.35238,1.35656,1.35898,1.35121,1.35249,0.00011,75247.8
2024-04-04,1.35237,1.35587,1.34775,1.35434,1.3525,1.35596,1.34786,1.35443,9e-05,77697.08
2024-04-05,1.35433,1.3647,1.35398,1.35882,1.35447,1.36481,1.35411,1.35932,0.0005,100558.96
2024-04-08,1.36039,1.36162,1.35682,1.35705,1.36049,1.36174,1.35697,1.35715,0.0001,93268.89
2024-04-09,1.35703,1.35983,1.35466,1.35729,1.35715,1.35993,1.35477,1.35739,0.0001,81278.31
2024-04-10,1.35726,1.37022,1.35556,1.36883,1.35737,1.37033,1.35566,1.36894,0.00011,141047.81
2024-04-11,1.36883,1.37254,1.36604,1.36868,1.36896,1.37265,1.36616,1.36881,0.00013,127141.13
2024-04-12,1.36868,1.37869,1.36816,1.37715,1.3688,1.37878,1.36827,1.37757,0.00042,116503.29
2024-04-15,1.37589,1.37932,1.37247,1.37865,1.376,1.37943,1.37258,1.37876,0.00011,121100.02
2024-04-16,1.37864,1.38457,1.37736,1.38189,1.37876,1.38468,1.37747,1.38201,0.00012,148581.02
2024-04-17,1.38191,1.38376,1.37593,1.37713,1.38202,1.38385,1.37603,1.37725,0.00012,138400.14
2024-04-18,1.3771,1.37812,1.37413,1.37704,1.37719,1.37823,1.37425,1.37718,0.00014,116756.21
2024-04-19,1.37706,1.38042,1.37231,1.37478,1.3772,1.38054,1.3724,1.37577,0.00099,172176.77
2024-04-22,1.37392,1.37493,1.36864,1.36996,1.37403,1.37507,1.36874,1.37009,0.00013,92837.62
2024-04-23,1.36996,1.3714,1.36533,1.36614,1.37007,1.37151,1.36566,1.36627,0.00013,105412.97
2024-04-24,1.36614,1.37284,1.36544,1.37039,1.36626,1.37294,1.36554,1.3705,0.00011,88333.07
2024-04-25,1.37036,1.37307,1.36472,1.36589,1.37048,1.37317,1.36507,1.36601,0.00012,112113.99
2024-04-26,1.36587,1.36953,1.36316,1.36698,1.366,1.36964,1.3634,1.36725,0.00027,101880.93
2024-04-29,1.36556,1.36764,1.36313,1.36673,1.36568,1.36829,1.36326,1.36684,0.00011,101298.62
2024-04-30,1.36673,1.37842,1.36622,1.37771,1.36686,1.37859,1.36633,1.37784,0.00013,121571.51
2024-05-01,1.37772,1.37826,1.3703,1.37247,1.37783,1.37838,1.3704,1.37259,0.00012,130604.72
2024-05-02,1.37246,1.37365,1.36653,1.36658,1.37258,1.37376,1.36664,1.36671,0.00013,111950.25
2024-05-03,1.36659,1.36913,1.36092,1.36839,1.3667,1.36923,1.36104,1.36874,0.00035,146143.44
2024-05-06,1.36915,1.36968,1.36474,1.36704,1.36926,1.3698,1.36484,1.36713,9e-05,70430.52
2024-05-07,1.36701,1.37407,1.36604,1.37329,1.36712,1.37419,1.36615,1.37341,0.00012,82543.57
2024-05-08,1.37336,1.37622,1.37137,1.37278,1.37344,1.37632,1.3718,1.37292,0.00014,87879.38
2024-05-09,1.3728,1.37376,1.36713,1.36775,1.37292,1.37387,1.36725,1.36788,0.00013,88105.64
2024-05-10,1.36775,1.369,1.3632,1.36704,1.36786,1.36911,1.36347,1.36739,0.00035,80075.02
2024-05-13,1.36774,1.36893,1.36602,1.3666,1.36785,1.36906,1.36614,1.36672,0.00012,70856.79
2024-05-14,1.3666,1.36899,1.36321,1.36534,1.36672,1.36923,1.36333,1.36547,0.00013,84193.75
2024-05-15,1.36536,1.36603,1.35895,1.35976,1.36546,1.36613,1.35909,1.35985,9e-05,96297.61
2024-05-16,1.35974,1.36407,1.35893,1.36147,1.35986,1.36418,1.35904,1.36157,0.0001,80773.94
2024-05-17,1.36146,1.36433,1.36006,1.36109,1.36158,1.36444,1.36016,1.36137,0.00028,72518.42
2024-05-20,1.36086,1.36349,1.35958,1.3623,1.36099,1.36361,1.35967,1.36243,0.00013,86144.77
2024-05-21,1.36231,1.3675,1.36145,1.36404,1.36242,1.36762,1.36153,1.3642,0.00016,88752.79
2024-05-22,1.36404,1.36978,1.36231,1.369,1.36421,1.36995,1.36248,1.36913,0.00013,92665.85
2024-05-23,1.36898,1.37431,1.36562,1.37324,1.36912,1.37442,1.36574,1.37333,9e-05,114221.33
2024-05-24,1.37324,1.37383,1.36476,1.36635,1.37335,1.37395,1.36488,1.36658,0.00023,89411.72
2024-05-27,1.36696,1.36703,1.36276,1.36282,1.36705,1.36714,1.36287,1.36293,0.00011,57475.63
2024-05-28,1.36283,1.36533,1.36142,1.36467,1.36294,1.36543,1.36152,1.3648,0.00013,89203.22
2024-05-29,1.36467,1.37211,1.3646,1.37168,1.3648,1.37222,1.36471,1.37181,0.00013,103239.42
2024-05-30,1.37167,1.37345,1.36597,1.36834,1.37181,1.37355,1.36608,1.36846,0.00012,124689.03
2024-05-31,1.36834,1.36893,1.36188,1.36266,1.36844,1.36902,1.36197,1.36292,0.00026,112888.14
2024-06-03,1.36187,1.36684,1.36024,1.36285,1.36198,1.36694,1.36034,1.36296,0.00011,127391.55
2024-06-04,1.36285,1.36987,1.362,1.36765,1.36294,1.36998,1.36212,1.36778,0.00013,143439.45
2024-06-05,1.36765,1.37411,1.3665,1.36899,1.36771,1.37421,1.3666,1.3691,0.00011,107841.66
2024-06-06,1.36894,1.37098,1.36608,1.36681,1.36906,1.37106,1.36643,1.36692,0.00011,101388.16
2024-06-07,1.36684,1.37672,1.36625,1.37631,1.36695,1.37685,1.36638,1.37674,0.00043,133372.25
2024-06-10,1.37586,1.37814,1.37532,1.37598,1.37597,1.37825,1.37544,1.37609,0.00011,86435.06
2024-06-11,1.37599,1.37913,1.37476,1.37547,1.3761,1.37923,1.37487,1.37558,0.00011,93734.89
2024-06-12,1.37547,1.37602,1.36796,1.37213,1.37556,1.37614,1.36805,1.37224,0.00011,139258.94
2024-06-13,1.37213,1.3763,1.37142,1.37439,1.37227,1.37641,1.37153,1.37451,0.00012,112680.7
2024-06-14,1.37439,1.3779,1.37272,1.37301,1.37451,1.378,1.37282,1.374,0.00099,138511.05
2024-06-17,1.37344,1.37639,1.37126,1.37136,1.37361,1.37649,1.37139,1.37146,0.0001,85770.05
2024-06-18,1.37134,1.37562,1.37085,1.37166,1.37147,1.37572,1.37097,1.37174,8e-05,92267.23
2024-06-19,1.37167,1.37254,1.36976,1.37064,1.37175,1.37267,1.36987,1.37075,0.00011,48828.05
2024-06-20,1.37062,1.37204,1.36798,1.36841,1.37077,1.37215,1.36828,1.36853,0.00012,85830.85
2024-06-21,1.36843,1.37177,1.36741,1.36941,1.36853,1.37201,1.36752,1.36954,0.00013,99435.67
2024-06-24,1.37002,1.37079,1.36494,1.36576,1.37015,1.37091,1.36504,1.36588,0.00012,87416.04
2024-06-25,1.36577,1.36802,1.36191,1.36615,1.36587,1.36811,1.3624,1.36624,9e-05,83038.35
2024-06-26,1.36613,1.37073,1.36499,1.37044,1.36624,1.37112,1.3651,1.37055,0.00011,87368.95
2024-06-27,1.37046,1.3712,1.36754,1.36992,1.37057,1.37132,1.36763,1.37003,0.00011,85721.1
2024-06-28,1.3699,1.37337,1.3655,1.36781,1.37003,1.37348,1.3656,1.36806,0.00025,121403.48
2024-07-01,1.36738,1.37483,1.36628,1.37379,1.36752,1.37518,1.36638,1.37389,0.0001,97284.47
2024-07-02,1.37377,1.37549,1.36668,1.36771,1.37389,1.3756,1.36679,1.36783,0.00012,117531.8
2024-07-03,1.36769,1.36863,1.36169,1.36332,1.36783,1.36874,1.36178,1.36344,0.00012,99933.47
2024-07-04,1.36332,1.36386,1.36056,1.36148,1.36344,1.36398,1.36088,1.36158,0.0001,53458.79
2024-07-05,1.36147,1.36529,1.36018,1.36408,1.36159,1.36538,1.36029,1.36436,0.00028,103688.0
2024-07-08,1.36402,1.36468,1.36238,1.363,1.36413,1.36479,1.36247,1.36309,9e-05,89368.75
2024-07-09,1.36298,1.3648,1.36266,1.36316,1.36308,1.36492,1.36287,1.36329,0.00013,96105.84
2024-07-10,1.36315,1.36426,1.36075,1.36183,1.36328,1.36437,1.36085,1.36196,0.00013,82161.18
2024-07-11,1.36185,1.36474,1.35884,1.36241,1.36194,1.36486,1.35895,1.36251,0.0001,127856.4
2024-07-12,1.36239,1.36388,1.36109,1.36302,1.36251,1.36399,1.36119,1.36393,0.00091,113464.23
2024-07-15,1.36469,1.36885,1.36307,1.36775,1.3648,1.36895,1.36319,1.36786,0.00011,106954.15
2024-07-16,1.36773,1.37074,1.36626,1.36703,1.36783,1.37084,1.36658,1.36714,0.00011,103704.05
2024-07-17,1.36705,1.37011,1.36561,1.36787,1.36715,1.37022,1.36573,1.36797,0.0001,126859.29
2024-07-18,1.36787,1.37181,1.367,1.37032,1.36797,1.37191,1.36712,1.37043,0.00011,109299.9
2024-07-19,1.37032,1.37472,1.37021,1.37255,1.37045,1.37484,1.37031,1.37304,0.00049,95620.39
2024-07-22,1.3708,1.37744,1.3707,1.3761,1.37091,1.37757,1.37083,1.37624,0.00014,105046.21
2024-07-23,1.3761,1.37868,1.37521,1.37856,1.37624,1.37892,1.37533,1.37869,0.00013,83231.33
2024-07-24,1.37856,1.38161,1.37767,1.38115,1.3787,1.38173,1.37789,1.38126,0.00011,89890.9
2024-07-25,1.38116,1.38486,1.37963,1.38186,1.38128,1.38501,1.37974,1.38198,0.00012,138914.73
2024-07-26,1.38187,1.38487,1.38069,1.3834,1.38199,1.38498,1.38079,1.38423,0.00083,96128.68
2024-07-29,1.38304,1.38646,1.38156,1.38558,1.38313,1.38656,1.38168,1.3857,0.00012,80655.74
2024-07-30,1.38558,1.38641,1.38374,1.3848,1.3857,1.38651,1.38386,1.38487,7e-05,93539.98
2024-07-31,1.38477,1.38584,1.37867,1.38079,1.38488,1.38593,1.37878,1.38091,0.00012,137896.7
2024-08-01,1.38078,1.38888,1.37941,1.38805,1.38092,1.38897,1.37964,1.38816,0.00011,125360.22
2024-08-02,1.38805,1.38878,1.38334,1.38728,1.38816,1.38889,1.38345,1.38743,0.00015,155328.16
2024-08-05,1.38822,1.39464,1.38012,1.38049,1.38832,1.39475,1.38025,1.38063,0.00014,258439.44
2024-08-06,1.3805,1.38554,1.37562,1.37873,1.38062,1.38566,1.37572,1.37883,0.0001,194067.05
2024-08-07,1.37872,1.37903,1.37204,1.37518,1.37884,1.37916,1.37213,1.3753,0.00012,144461.48
2024-08-08,1.37517,1.37652,1.37259,1.37355,1.37528,1.37664,1.37271,1.37367,0.00012,168721.42
2024-08-09,1.37357,1.37533,1.37176,1.37286,1.37367,1.37565,1.37186,1.37303,0.00017,100768.33
2024-08-12,1.37352,1.37473,1.37179,1.37415,1.37362,1.37488,1.3719,1.37427,0.00012,69900.27
2024-08-13,1.37413,1.37471,1.36997,1.37095,1.37425,1.37482,1.37054,1.37109,0.00014,94532.61
2024-08-14,1.37096,1.37241,1.36883,1.37168,1.3711,1.37253,1.36893,1.3718,0.00012,83926.57
2024-08-15,1.37167,1.37379,1.36949,1.37339,1.3718,1.3739,1.3696,1.37351,0.00012,78226.6
2024-08-16,1.3734,1.37367,1.36759,1.36759,1.3735,1.3738,1.36783,1.36836,0.00077,62422.77
2024-08-19,1.36783,1.36847,1.36289,1.36312,1.36794,1.36855,1.36303,1.36324,0.00012,62489.35
2024-08-20,1.36311,1.36409,1.36043,1.36171,1.36323,1.36422,1.36057,1.36185,0.00014,115461.68
2024-08-21,1.36171,1.36231,1.35751,1.35836,1.36185,1.36245,1.35761,1.35848,0.00012,105518.84
2024-08-22,1.35841,1.36184,1.35709,1.36037,1.35853,1.36218,1.35721,1.3605,0.00013,97766.9
2024-08-23,1.36037,1.36049,1.34983,1.35067,1.36052,1.36062,1.34995,1.35128,0.00061,131531.3
2024-08-26,1.35083,1.35138,1.34628,1.34813,1.35097,1.35149,1.34638,1.34828,0.00015,110341.12
2024-08-27,1.34814,1.34878,1.34298,1.34473,1.34827,1.34892,1.34416,1.34483,0.0001,122336.63
2024-08-28,1.34473,1.34877,1.34405,1.34767,1.34483,1.34904,1.34418,1.3478,0.00013,121405.04
2024-08-29,1.34769,1.34906,1.34497,1.34888,1.3478,1.34918,1.34508,1.349,0.00012,126435.15
2024-08-30,1.34886,1.35089,1.34645,1.34923,1.34902,1.35103,1.34661,1.34953,0.0003,167862.34
2024-09-02,1.34907,1.35051,1.34847,1.34978,1.34922,1.35062,1.3486,1.34988,0.0001,66110.16
2024-09-03,1.34977,1.35619,1.34916,1.35436,1.34989,1.35633,1.34928,1.3545,0.00014,150124.16
2024-09-04,1.35436,1.35651,1.34993,1.35081,1.3545,1.35662,1.35005,1.35093,0.00012,174099.02
2024-09-05,1.35081,1.35247,1.3498,1.34983,1.35093,1.35258,1.34995,1.34995,0.00012,143680.94
2024-09-06,1.34982,1.3582,1.34652,1.35705,1.34996,1.35832,1.34667,1.3573,0.00025,180267.73
2024-09-09,1.35632,1.35766,1.35458,1.35637,1.35644,1.35776,1.35469,1.3565,0.00013,120541.57
2024-09-10,1.35637,1.3615,1.35612,1.36098,1.35648,1.3616,1.35623,1.3611,0.00012,137568.66
2024-09-11,1.36098,1.36225,1.35663,1.3578,1.36112,1.36236,1.35674,1.35792,0.00012,166657.91
2024-09-12,1.3578,1.36041,1.35643,1.35744,1.3579,1.36052,1.35655,1.35756,0.00012,146436.84
2024-09-13,1.35745,1.35997,1.35647,1.35834,1.35756,1.36009,1.35659,1.35874,0.0004,122286.71
2024-09-16,1.35783,1.36072,1.35661,1.35866,1.35795,1.36084,1.35673,1.3588,0.00014,111030.1
2024-09-17,1.35867,1.36163,1.35796,1.35934,1.3588,1.36176,1.35808,1.35949,0.00015,135611.48
2024-09-18,1.35934,1.36225,1.35396,1.36082,1.35948,1.36237,1.35418,1.36096,0.00014,214792.02
2024-09-19,1.36081,1.36471,1.35325,1.35628,1.36095,1.36483,1.35336,1.35642,0.00014,215013.62
2024-09-20,1.35627,1.35892,1.35415,1.3568,1.35641,1.35903,1.35426,1.3573,0.0005,163257.36
2024-09-23,1.35656,1.35818,1.34865,1.35293,1.35667,1.35829,1.34877,1.35307,0.00014,145159.89
2024-09-24,1.35295,1.35311,1.342,1.34202,1.35306,1.35324,1.34213,1.34214,0.00012,150646.77
2024-09-25,1.34203,1.34868,1.3419,1.34835,1.34214,1.34907,1.34202,1.34845,0.0001,140025.27
2024-09-26,1.34834,1.34893,1.34571,1.34759,1.34847,1.34904,1.34581,1.34773,0.00014,184267.91
2024-09-27,1.34758,1.35263,1.3463,1.35142,1.34773,1.35273,1.34642,1.35205,0.00063,195452.62
2024-09-30,1.35095,1.35372,1.34893,1.35251,1.35109,1.35387,1.34901,1.35264,0.00013,174504.28
2024-10-01,1.35255,1.35392,1.34803,1.34941,1.35266,1.35403,1.34816,1.34956,0.00015,189132.77
2024-10-02,1.34939,1.35095,1.34718,1.35066,1.34955,1.35106,1.34729,1.35078,0.00012,149089.88
2024-10-03,1.35065,1.35592,1.35053,1.35479,1.35079,1.35605,1.35066,1.35492,0.00013,169876.19
2024-10-04,1.35478,1.35905,1.35443,1.35735,1.35492,1.35917,1.35453,1.35778,0.00043,143895.73
2024-10-07,1.35809,1.36389,1.35717,1.36203,1.3582,1.36401,1.35729,1.36215,0.00012,144598.7
2024-10-08,1.36202,1.36748,1.36107,1.36544,1.36217,1.36759,1.36118,1.36559,0.00015,144116.72
2024-10-09,1.36545,1.37184,1.36466,1.3709,1.3656,1.37193,1.36478,1.37111,0.00021,125001.72
2024-10-10,1.37098,1.37749,1.37043,1.37459,1.37111,1.37761,1.3705,1.3747,0.00011,149231.44
2024-10-11,1.37458,1.37831,1.37244,1.37567,1.3747,1.37845,1.37258,1.37639,0.00072,107709.72
2024-10-14,1.37823,1.38049,1.377,1.3802,1.37835,1.38061,1.37713,1.38032,0.00012,104209.83
2024-10-15,1.38018,1.38381,1.37694,1.37802,1.38031,1.38392,1.37709,1.37815,0.00013,125520.14
2024-10-16,1.378,1.37926,1.37488,1.37557,1.37814,1.37938,1.37505,1.37571,0.00014,117570.5
2024-10-17,1.37558,1.38007,1.37467,1.37959,1.3757,1.38019,1.37479,1.37972,0.00013,136796.88
2024-10-18,1.3796,1.38145,1.3785,1.37921,1.37971,1.38157,1.37862,1.3803,0.00109,140607.92
2024-10-21,1.37995,1.38492,1.37991,1.3833,1.3801,1.38504,1.38001,1.38347,0.00017,115381.01
2024-10-22,1.38332,1.38373,1.38116,1.38176,1.38347,1.38385,1.38144,1.38186,0.0001,124452.2
2024-10-23,1.38176,1.38622,1.38156,1.3837,1.38188,1.38634,1.38167,1.38384,0.00014,149655.72
2024-10-24,1.3837,1.38682,1.3812,1.38532,1.38382,1.38693,1.38132,1.38545,0.00013,149471.44
2024-10-25,1.38532,1.38971,1.38376,1.38904,1.38545,1.38981,1.38387,1.38944,0.0004,132068.62
2024-10-28,1.38956,1.39079,1.38812,1.38877,1.38967,1.39091,1.38827,1.38891,0.00014,109463.47
2024-10-29,1.38878,1.3929,1.38761,1.39149,1.38892,1.39303,1.38773,1.39163,0.00014,144184.94
2024-10-30,1.39149,1.39405,1.38945,1.39087,1.3916,1.39412,1.38957,1.39099,0.00012,155219.05
2024-10-31,1.39086,1.39448,1.38903,1.39347,1.39098,1.395,1.38915,1.39358,0.00011,165545.44
2024-11-01,1.39346,1.39586,1.39021,1.39517,1.39358,1.39598,1.39034,1.39594,0.00077,127233.07
2024-11-04,1.39208,1.39221,1.38744,1.39006,1.3922,1.39232,1.38756,1.3902,0.00014,142204.91
2024-11-05,1.39004,1.39063,1.38152,1.38338,1.39019,1.39076,1.38244,1.38351,0.00013,116729.94
2024-11-06,1.3834,1.39581,1.38317,1.39476,1.3835,1.39593,1.38328,1.39489,0.00013,238093.91
2024-11-07,1.39476,1.39476,1.38414,1.38676,1.39489,1.39489,1.38428,1.38691,0.00015,160806.38
2024-11-08,1.38676,1.39277,1.38661,1.39059,1.38691,1.39289,1.38673,1.39113,0.00054,141659.09
2024-11-11,1.39101,1.39502,1.39042,1.39199,1.39112,1.39514,1.39058,1.39212,0.00013,105494.63
2024-11-12,1.39201,1.3967,1.39162,1.3945,1.39212,1.39682,1.39177,1.39461,0.00011,148311.28
2024-11-13,1.39449,1.40026,1.39302,1.39918,1.39462,1.40035,1.39323,1.39932,0.00014,155184.55
2024-11-14,1.39917,1.4071,1.39875,1.40611,1.39931,1.40724,1.39889,1.40623,0.00012,161703.67
2024-11-15,1.40611,1.41052,1.40327,1.40867,1.40621,1.41065,1.40339,1.40913,0.00046,181136.3
2024-11-18,1.40858,1.41023,1.40003,1.40221,1.40872,1.41034,1.40049,1.40231,0.0001,132151.34
2024-11-19,1.4022,1.40361,1.39509,1.39551,1.40232,1.40375,1.39524,1.39567,0.00016,155934.83
2024-11-20,1.39552,1.40142,1.39502,1.39682,1.39566,1.40152,1.39512,1.39694,0.00012,118544.9
2024-11-21,1.39683,1.39838,1.39307,1.39838,1.39695,1.39851,1.39319,1.39851,0.00013,144787.88
2024-11-22,1.39838,1.40205,1.39573,1.39744,1.3985,1.40216,1.39584,1.39827,0.00083,166352.98
2024-11-25,1.39332,1.41204,1.39269,1.40981,1.39344,1.41217,1.39284,1.40998,0.00017,150894.52
2024-11-26,1.40982,1.41774,1.40473,1.40518,1.40997,1.41788,1.40504,1.40534,0.00016,190267.25
2024-11-27,1.40519,1.40774,1.40086,1.40256,1.40531,1.40787,1.40098,1.40272,0.00016,153031.55
2024-11-28,1.40255,1.40312,1.39978,1.40078,1.4027,1.40324,1.39992,1.40089,0.00011,85690.22
2024-11-29,1.40077,1.40453,1.39801,1.39887,1.4009,1.40465,1.39814,1.40192,0.00305,163826.77
2024-12-02,1.40135,1.40891,1.40125,1.4046,1.40147,1.40904,1.40137,1.40474,0.00014,181544.73
2024-12-03,1.40461,1.40755,1.40086,1.4065,1.40474,1.40767,1.40099,1.40664,0.00014,142022.27
2024-12-04,1.4065,1.40827,1.40515,1.40715,1.40666,1.40839,1.40526,1.40732,0.00017,152648.89
2024-12-05,1.40715,1.40791,1.40099,1.40191,1.40732,1.40805,1.40109,1.40201,0.0001,129626.75
2024-12-06,1.4019,1.41641,1.40189,1.4153,1.40201,1.41654,1.40201,1.41637,0.00107,168436.97
2024-12-09,1.41472,1.41747,1.4093,1.41743,1.41486,1.41761,1.40941,1.41756,0.00013,142157.48
2024-12-10,1.41742,1.41947,1.4155,1.41744,1.41755,1.41957,1.41563,1.4176,0.00016,141343.91
2024-12-11,1.41744,1.4193,1.41193,1.41488,1.4176,1.41959,1.41204,1.41501,0.00013,187149.56
2024-12-12,1.41445,1.42275,1.41308,1.42151,1.41461,1.42285,1.41321,1.42167,0.00016,204927.98
2024-12-13,1.42155,1.42446,1.42089,1.42293,1.42167,1.42457,1.42099,1.42383,0.0009,165609.98
2024-12-16,1.42257,1.42704,1.42163,1.4234,1.4227,1.42742,1.42178,1.42356,0.00016,133228.45
2024-12-17,1.4234,1.43232,1.42313,1.43097,1.42355,1.43245,1.42328,1.43112,0.00015,157095.48
2024-12-18,1.43097,1.44666,1.43043,1.44613,1.43112,1.44682,1.43052,1.44628,0.00015,168287.48
2024-12-19,1.44612,1.44612,1.43438,1.44023,1.44627,1.44627,1.43449,1.44038,0.00015,193243.02
2024-12-20,1.44024,1.44351,1.43349,1.43735,1.44036,1.44363,1.43361,1.43774,0.00039,196320.06
2024-12-23,1.43599,1.44329,1.43484,1.43738,1.4361,1.44342,1.43497,1.43752,0.00014,133001.3
2024-12-24,1.43737,1.44198,1.43443,1.43488,1.43753,1.44212,1.43496,1.43642,0.00154,82845.17
2024-12-25,1.43439,1.43724,1.43439,1.43535,1.43643,1.43779,1.4352,1.43549,0.00014,2546.22
2024-12-26,1.43535,1.44199,1.43494,1.44091,1.43551,1.44215,1.43507,1.44106,0.00015,115270.74
2024-12-27,1.44093,1.44489,1.43742,1.44081,1.44107,1.44503,1.43756,1.44183,0.00102,142311.05
2024-12-30,1.44023,1.44324,1.43443,1.43499,1.44037,1.44336,1.43452,1.43514,0.00015,162687.05
2024-12-31,1.43499,1.44089,1.43375,1.43788,1.43512,1.44102,1.43387,1.43852,0.00064,114878.4
2025-01-01,1.43748,1.43839,1.4372,1.43746,1.43884,1.44078,1.4374,1.43761,0.00015,2888.07
2025-01-02,1.43744,1.44417,1.43684,1.4404,1.4376,1.44429,1.43698,1.44054,0.00014,147719.94
2025-01-03,1.44039,1.4463,1.43826,1.44398,1.44055,1.44644,1.4384,1.44507,0.00109,134072.73
2025-01-06,1.44382,1.44442,1.42791,1.4341,1.44395,1.44455,1.42804,1.43424,0.00014,190581.77
2025-01-07,1.4341,1.43706,1.42973,1.43652,1.43423,1.43744,1.42984,1.43668,0.00016,158144.48
2025-01-08,1.43652,1.44092,1.43387,1.43765,1.43666,1.44105,1.43398,1.43781,0.00016,177625.95
2025-01-09,1.43764,1.44045,1.43646,1.44011,1.43781,1.44055,1.43658,1.44029,0.00018,111250.49
2025-01-10,1.44011,1.44422,1.43749,1.44167,1.44029,1.44436,1.43761,1.44268,0.00101,184825.05
2025-01-13,1.44148,1.44467,1.43423,1.4364,1.44156,1.44481,1.4344,1.43655,0.00015,200710.91
2025-01-14,1.4364,1.44098,1.43446,1.43514,1.43658,1.44111,1.43485,1.4353,0.00016,202583.08
2025-01-15,1.43515,1.43663,1.43017,1.43246,1.4353,1.43675,1.4303,1.43262,0.00016,168833.03
2025-01-16,1.43246,1.44025,1.43218,1.43941,1.43262,1.44043,1.43234,1.43956,0.00015,167835.33
2025-01-17,1.4394,1.44845,1.43819,1.44743,1.43958,1.44866,1.43832,1.44846,0.00103,186057.75
2025-01-20,1.44703,1.44779,1.42605,1.4302,1.44716,1.44793,1.42619,1.43041,0.00021,229134.33
2025-01-21,1.43019,1.4515,1.42888,1.43404,1.43038,1.45222,1.42904,1.43422,0.00018,229842.48
2025-01-22,1.43404,1.44035,1.43004,1.43953,1.43421,1.44054,1.43018,1.43969,0.00016,164542.58
2025-01-23,1.43952,1.4413,1.43336,1.43772,1.43969,1.44142,1.43348,1.43789,0.00017,168383.67
2025-01-24,1.43772,1.43832,1.43143,1.43415,1.43788,1.43847,1.43152,1.43472,0.00057,184994.11
2025-01-27,1.43858,1.44151,1.4333,1.44048,1.43872,1.44167,1.43342,1.44067,0.00019,225288.89
2025-01-28,1.44049,1.44194,1.43684,1.44024,1.44067,1.44207,1.43694,1.4404,0.00016,175472.56
2025-01-29,1.44022,1.4471,1.43911,1.43962,1.44041,1.44723,1.43926,1.43979,0.00017,184161.14
2025-01-30,1.43962,1.45941,1.43962,1.44924,1.43979,1.45967,1.43979,1.44943,0.00019,178177.56
2025-01-31,1.44924,1.45589,1.43701,1.45257,1.44942,1.45607,1.4372,1.45322,0.00065,258443.2
2025-02-03,1.47123,1.47926,1.43853,1.44208,1.47142,1.47943,1.43879,1.44225,0.00017,334154.5
2025-02-04,1.44209,1.4502,1.43013,1.43385,1.44225,1.45044,1.43031,1.43402,0.00017,194800.84
2025-02-05,1.43385,1.43438,1.42693,1.43147,1.434,1.43454,1.42707,1.43165,0.00018,167275.52
2025-02-06,1.43148,1.43661,1.43008,1.43071,1.43165,1.43675,1.43019,1.4309,0.00019,131137.89
2025-02-07,1.43073,1.43443,1.4273,1.42862,1.4309,1.43458,1.42742,1.4296,0.00098,183215.81
2025-02-10,1.43322,1.43586,1.4304,1.43386,1.43342,1.43599,1.43062,1.43401,0.00015,123051.31
2025-02-11,1.43381,1.43451,1.42786,1.42865,1.43393,1.43465,1.42798,1.42884,0.00019,121307.37
2025-02-12,1.42864,1.43419,1.4255,1.42997,1.42884,1.43432,1.42563,1.43015,0.00018,165971.09
2025-02-13,1.42998,1.43032,1.41825,1.41922,1.43017,1.43048,1.41839,1.41938,0.00016,172115.94
2025-02-14,1.41925,1.41998,1.41503,1.41803,1.41941,1.42017,1.41514,1.41871,0.00068,138878.12
2025-02-17,1.41812,1.41936,1.4159,1.41845,1.41822,1.42013,1.41604,1.41862,0.00017,94991.29
2025-02-18,1.41846,1.42123,1.41792,1.41896,1.41865,1.42137,1.41803,1.41911,0.00015,140521.19
2025-02-19,1.41896,1.4245,1.4175,1.42406,1.41912,1.42463,1.41762,1.42419,0.00013,151301.69
2025-02-20,1.42407,1.42442,1.41658,1.41745,1.4242,1.42458,1.4167,1.41763,0.00018,165427.44
2025-02-21,1.41747,1.42357,1.41676,1.42189,1.41763,1.42373,1.41693,1.42275,0.00086,182206.84
2025-02-24,1.42101,1.42786,1.41814,1.42774,1.42119,1.42804,1.41831,1.4279,0.00016,186981.41
2025-02-25,1.42773,1.43169,1.42391,1.43014,1.42788,1.43191,1.42407,1.43028,0.00014,186671.91
2025-02-26,1.43013,1.43677,1.42933,1.4338,1.43026,1.43694,1.4295,1.43397,0.00017,189309.2
2025-02-27,1.43379,1.44485,1.43217,1.44461,1.43397,1.44507,1.43231,1.44475,0.00014,195915.3
2025-02-28,1.44457,1.44714,1.43993,1.4462,1.44473,1.44736,1.44004,1.4472,0.001,211792.3
2025-03-03,1.44431,1.45413,1.43682,1.44935,1.44448,1.45426,1.43705,1.44954,0.00019,215251.23
2025-03-04,1.44936,1.45425,1.437,1.43982,1.44954,1.45442,1.43719,1.43997,0.00015,302395.75
2025-03-05,1.43979,1.44495,1.43294,1.43395,1.43997,1.44513,1.43313,1.43412,0.00017,305202.62
2025-03-06,1.43394,1.43764,1.4238,1.42926,1.43412,1.43775,1.424,1.42946,0.0002,257877.45
2025-03-07,1.42928,1.4426,1.42788,1.43649,1.42946,1.44272,1.42803,1.43799,0.0015,210176.0
2025-03-10,1.43731,1.44722,1.43526,1.4426,1.43746,1.44735,1.43539,1.44276,0.00016,208383.3
2025-03-11,1.44259,1.45205,1.43786,1.44347,1.44276,1.45219,1.43802,1.44363,0.00016,278548.22
2025-03-12,1.44347,1.44844,1.43527,1.4359,1.44364,1.44858,1.43541,1.43604,0.00014,188152.56
2025-03-13,1.43589,1.4451,1.43587,1.44265,1.43606,1.44522,1.43602,1.44283,0.00018,226851.89
2025-03-14,1.44266,1.44411,1.43547,1.43672,1.44284,1.44427,1.43563,1.43732,0.0006,201620.73
2025-03-17,1.43734,1.43799,1.4275,1.4298,1.43748,1.43815,1.42763,1.42997,0.00017,147937.02
2025-03-18,1.4298,1.4319,1.42598,1.42993,1.42995,1.43202,1.42701,1.43008,0.00015,140529.62
2025-03-19,1.42992,1.43485,1.42951,1.43224,1.43007,1.43498,1.42967,1.43241,0.00017,149076.12
2025-03-20,1.43223,1.44012,1.43122,1.43243,1.4324,1.44023,1.43135,1.43258,0.00015,154199.59
2025-03-21,1.43244,1.43725,1.43131,1.43473,1.43258,1.43737,1.43144,1.43568,0.00095,141419.16
2025-03-24,1.43329,1.43503,1.42887,1.43161,1.43344,1.43519,1.42901,1.43178,0.00017,135392.97
2025-03-25,1.43163,1.43321,1.42701,1.42726,1.4318,1.43335,1.42718,1.42737,0.00011,123514.18
2025-03-26,1.42725,1.4316,1.42346,1.42957,1.42739,1.43177,1.42358,1.42974,0.00017,157161.66
2025-03-27,1.42958,1.43286,1.42591,1.43064,1.42974,1.43297,1.42604,1.43083,0.00019,164096.23
2025-03-28,1.43066,1.43325,1.42759,1.43157,1.43084,1.43339,1.4277,1.43204,0.00047,139555.5
2025-03-31,1.43092,1.43958,1.42987,1.43902,1.43109,1.43975,1.43001,1.43916,0.00014,184507.77
2025-04-01,1.43904,1.44146,1.42882,1.42934,1.43916,1.44158,1.42898,1.42952,0.00018,181044.91
2025-04-02,1.42935,1.43659,1.42146,1.42164,1.42951,1.4368,1.42163,1.4218,0.00016,197550.88
2025-04-03,1.42163,1.42581,1.40269,1.40828,1.42182,1.42599,1.4028,1.40844,0.00016,286835.25
2025-04-04,1.40828,1.4258,1.40528,1.42232,1.40842,1.42602,1.40541,1.42274,0.00042,403039.59
2025-04-07,1.42412,1.42959,1.41782,1.42383,1.42436,1.42972,1.41803,1.42402,0.00019,487481.12
2025-04-08,1.42385,1.42713,1.41427,1.42557,1.42404,1.4273,1.41441,1.42574,0.00017,337475.88
2025-04-09,1.42557,1.42731,1.40733,1.41021,1.42573,1.42747,1.40759,1.41039,0.00018,413513.84
2025-04-10,1.41024,1.41095,1.39506,1.39519,1.41041,1.41108,1.39522,1.39536,0.00017,327457.03
2025-04-11,1.39519,1.39842,1.38388,1.38597,1.39535,1.39857,1.384,1.38706,0.00109,302467.5
2025-04-14,1.38742,1.39102,1.38281,1.39007,1.38756,1.39115,1.38296,1.39021,0.00014,176498.09
2025-04-15,1.39006,1.39771,1.38495,1.39574,1.3902,1.39783,1.38507,1.39593,0.00019,150622.45
2025-04-16,1.39576,1.39592,1.38518,1.38592,1.39594,1.39612,1.3856,1.38604,0.00012,186192.05
2025-04-17,1.38591,1.39057,1.38273,1.38423,1.38606,1.3907,1.38291,1.38456,0.00033,126664.37
2025-04-18,1.38422,1.38691,1.38315,1.38413,1.38458,1.38714,1.38383,1.38599,0.00186,376708.88
2025-04-21,1.38247,1.38492,1.37805,1.3833,1.38262,1.38537,1.3782,1.38345,0.00015,110802.01
2025-04-22,1.3833,1.38611,1.37923,1.38481,1.38346,1.38623,1.37939,1.38494,0.00013,149437.38
2025-04-23,1.38478,1.39043,1.37978,1.38745,1.38495,1.39055,1.3799,1.38758,0.00013,145563.45
2025-04-24,1.38743,1.38986,1.38393,1.38549,1.38759,1.38997,1.38408,1.38565,0.00016,125264.03
2025-04-25,1.38549,1.38919,1.38491,1.38517,1.38566,1.38932,1.38503,1.38575,0.00058,113641.66
2025-04-28,1.38704,1.38922,1.3816,1.38315,1.38717,1.38935,1.38171,1.38333,0.00018,106004.22
2025-04-29,1.38317,1.38709,1.3808,1.38254,1.38333,1.38725,1.38091,1.38268,0.00014,131149.72
2025-04-30,1.38255,1.38549,1.37694,1.37933,1.3827,1.38562,1.37708,1.37949,0.00016,123919.91
2025-05-01,1.37932,1.38619,1.37836,1.38479,1.37948,1.38656,1.3785,1.38498,0.00019,100037.08
2025-05-02,1.38479,1.38492,1.37596,1.38119,1.38496,1.38508,1.37608,1.38224,0.00105,114074.18
2025-05-05,1.38242,1.38294,1.37859,1.3822,1.38257,1.38339,1.37875,1.38236,0.00016,81479.9
2025-05-06,1.3822,1.38445,1.37499,1.37707,1.38236,1.38459,1.37511,1.37724,0.00017,127129.8
2025-05-07,1.37707,1.3839,1.37671,1.38356,1.37723,1.38437,1.37686,1.38376,0.0002,129442.39
2025-05-08,1.38357,1.39326,1.3813,1.39232,1.38375,1.39339,1.38145,1.39246,0.00014,116161.67
2025-05-09,1.39231,1.39442,1.39059,1.39356,1.39248,1.39455,1.39072,1.394,0.00044,108383.11
2025-05-12,1.39274,1.40153,1.39133,1.39735,1.3929,1.40164,1.3915,1.3975,0.00015,144495.05
2025-05-13,1.39734,1.40159,1.39263,1.39327,1.39749,1.4017,1.3928,1.39344,0.00017,120347.26
2025-05-14,1.39327,1.39857,1.39012,1.39776,1.39346,1.39876,1.39021,1.39791,0.00015,129682.24
2025-05-15,1.39776,1.40042,1.39513,1.39557,1.39789,1.40055,1.39528,1.39572,0.00015,104350.09
2025-05-16,1.39556,1.3995,1.39347,1.3964,1.39573,1.39963,1.39362,1.39703,0.00063,90431.98
2025-05-19,1.39524,1.39724,1.39169,1.39574,1.39536,1.39739,1.39178,1.3959,0.00016,85435.45
2025-05-20,1.3958,1.3968,1.39073,1.3908,1.39592,1.39694,1.39088,1.39098,0.00018,101641.51
2025-05-21,1.39082,1.39105,1.38137,1.3861,1.39098,1.39122,1.38148,1.38625,0.00015,141801.19
2025-05-22,1.38611,1.38884,1.38456,1.38579,1.38626,1.38897,1.3847,1.38593,0.00014,113255.15
2025-05-23,1.38581,1.38582,1.37088,1.3732,1.38594,1.38598,1.37099,1.37376,0.00056,116255.85
2025-05-26,1.37355,1.37388,1.36857,1.37356,1.37372,1.3741,1.3687,1.37372,0.00016,54171.07
2025-05-27,1.37356,1.38353,1.37215,1.38092,1.37371,1.38365,1.3723,1.3811,0.00018,106534.18
2025-05-28,1.38092,1.38606,1.38009,1.38532,1.38109,1.38618,1.38023,1.38545,0.00013,115301.43
2025-05-29,1.3853,1.3861,1.37845,1.38065,1.38547,1.38626,1.37854,1.3808,0.00015,128987.37
2025-05-30,1.38063,1.38297,1.37136,1.37373,1.38079,1.38306,1.37146,1.37422,0.00049,122416.47
2025-06-02,1.37247,1.37284,1.36738,1.37103,1.37262,1.37298,1.36752,1.37117,0.00014,114448.6
2025-06-03,1.37103,1.37423,1.37007,1.37148,1.37116,1.37435,1.3702,1.37166,0.00018,99931.32
2025-06-04,1.37149,1.37313,1.36521,1.36808,1.37164,1.37326,1.36531,1.36826,0.00018,114540.65
2025-06-05,1.36808,1.36835,1.36341,1.36668,1.36825,1.36848,1.36352,1.3668,0.00012,118396.53
2025-06-06,1.36667,1.37038,1.36597,1.36942,1.36677,1.37052,1.36612,1.36997,0.00055,106085.78
2025-06-09,1.36918,1.37069,1.36689,1.37002,1.36935,1.37083,1.36701,1.37015,0.00013,89870.25
2025-06-10,1.36999,1.37282,1.36636,1.3668,1.37013,1.37294,1.36653,1.36692,0.00012,100063.64
2025-06-11,1.36679,1.36898,1.36493,1.36656,1.36691,1.3691,1.36503,1.3667,0.00014,103310.72
2025-06-12,1.36656,1.36748,1.35946,1.35952,1.36671,1.36761,1.35963,1.3597,0.00018,111115.62
2025-06-13,1.35954,1.36512,1.35658,1.35801,1.35968,1.36527,1.35669,1.359,0.00099,165269.12
2025-06-16,1.35823,1.36064,1.35394,1.35727,1.3584,1.36078,1.35404,1.35742,0.00015,117591.71
2025-06-17,1.35726,1.36927,1.35559,1.3683,1.35741,1.36942,1.35573,1.36847,0.00017,128921.96
2025-06-18,1.3683,1.37029,1.36338,1.36959,1.36845,1.37041,1.36349,1.36974,0.00015,146015.03
2025-06-19,1.36958,1.37461,1.36934,1.36948,1.36974,1.37473,1.36953,1.36964,0.00016,94130.66
2025-06-20,1.3695,1.37468,1.36865,1.37287,1.36964,1.37482,1.36882,1.37388,0.00101,97488.72
2025-06-23,1.37405,1.37979,1.37213,1.37294,1.37421,1.3799,1.3723,1.37311,0.00017,141719.52
2025-06-24,1.37293,1.37339,1.36779,1.37256,1.37312,1.37355,1.36792,1.37271,0.00015,99974.54
2025-06-25,1.37257,1.37542,1.37112,1.37118,1.3727,1.37554,1.37126,1.3713,0.00012,103536.25
2025-06-26,1.37119,1.37226,1.36173,1.36417,1.37127,1.37239,1.36185,1.36431,0.00014,118757.4
2025-06-27,1.36416,1.3759,1.36272,1.36771,1.3643,1.37605,1.36284,1.36834,0.00063,123545.32
2025-06-30,1.36815,1.36992,1.35996,1.36059,1.36832,1.37008,1.36007,1.36076,0.00017,131002.33
2025-07-01,1.36061,1.36666,1.35905,1.36441,1.36075,1.36679,1.35918,1.36457,0.00016,99599.19
2025-07-02,1.36442,1.36583,1.35795,1.35877,1.36458,1.36596,1.35846,1.3589,0.00013,120159.13
2025-07-03,1.35878,1.36234,1.35558,1.35744,1.3589,1.36255,1.3557,1.35761,0.00017,114785.24
2025-07-04,1.35744,1.36165,1.35662,1.35893,1.35762,1.36181,1.35677,1.36148,0.00255,110866.12
2025-07-07,1.36029,1.36851,1.35968,1.36647,1.36043,1.36873,1.35983,1.36661,0.00014,119283.65
2025-07-08,1.36647,1.36939,1.36377,1.36686,1.36663,1.36951,1.36392,1.36697,0.00011,134000.34
2025-07-09,1.36685,1.37098,1.3665,1.36855,1.367,1.37108,1.36662,1.3687,0.00015,102431.78
2025-07-10,1.36856,1.3708,1.36522,1.3655,1.36869,1.37091,1.36534,1.36565,0.00015,91316.04
2025-07-11,1.3655,1.37302,1.36513,1.36857,1.36564,1.37322,1.36525,1.36917,0.0006,126791.1
2025-07-14,1.36863,1.37085,1.36696,1.37055,1.36879,1.37107,1.36704,1.37073,0.00018,100032.32
2025-07-15,1.37054,1.37295,1.3671,1.37159,1.37073,1.37304,1.36721,1.37175,0.00016,129876.51
2025-07-16,1.37158,1.3755,1.36786,1.36894,1.37175,1.37563,1.36805,1.36908,0.00014,128692.34
2025-07-17,1.36894,1.37741,1.36886,1.3736,1.3691,1.37758,1.36903,1.37373,0.00013,102524.35
2025-07-18,1.37359,1.37421,1.3695,1.37254,1.37373,1.37434,1.36963,1.37335,0.00081,84935.98
2025-07-21,1.37232,1.37342,1.36744,1.36756,1.37245,1.37356,1.36759,1.36771,0.00015,89444.01
2025-07-22,1.36756,1.36949,1.35951,1.36041,1.3677,1.36962,1.35968,1.36057,0.00016,95574.56
2025-07-23,1.36042,1.36287,1.3575,1.36014,1.36058,1.36298,1.35761,1.3603,0.00016,107876.67
2025-07-24,1.36014,1.36542,1.35961,1.36399,1.3603,1.36557,1.35974,1.36414,0.00015,111814.52
2025-07-25,1.364,1.37252,1.36373,1.36962,1.36413,1.37264,1.36389,1.37048,0.00086,116057.63
2025-07-28,1.3702,1.37417,1.36882,1.3734,1.37038,1.37441,1.36897,1.37355,0.00015,123477.92
2025-07-29,1.37339,1.37879,1.37303,1.37741,1.37356,1.37891,1.37317,1.37757,0.00016,114186.97
2025-07-30,1.37741,1.38447,1.3758,1.38261,1.37757,1.38457,1.37596,1.38276,0.00015,128142.12
2025-07-31,1.38259,1.38704,1.3813,1.38574,1.38276,1.38725,1.38143,1.38586,0.00012,132148.34
2025-08-01,1.38574,1.38787,1.37623,1.3785,1.38587,1.388,1.37636,1.3793,0.0008,169476.92
2025-08-04,1.37776,1.37944,1.37579,1.37688,1.37791,1.37958,1.37591,1.37703,0.00015,121024.14
2025-08-05,1.37687,1.38099,1.37627,1.37708,1.37702,1.38111,1.37641,1.37727,0.00019,110049.4
2025-08-06,1.37713,1.3779,1.37347,1.37392,1.37728,1.37806,1.37357,1.37407,0.00015,100080.13
2025-08-07,1.37393,1.37733,1.37211,1.37319,1.37407,1.37744,1.37223,1.37339,0.0002,104360.07
2025-08-08,1.3732,1.37629,1.37253,1.37529,1.37334,1.37648,1.37264,1.37574,0.00045,89705.87
2025-08-11,1.37529,1.3795,1.37445,1.37743,1.37544,1.37961,1.37457,1.37757,0.00014,81727.93
2025-08-12,1.37743,1.38057,1.37536,1.37697,1.37757,1.38068,1.37549,1.37713,0.00016,130988.0
2025-08-13,1.37698,1.37814,1.37509,1.3752,1.37712,1.37828,1.37521,1.37538,0.00018,96120.99
2025-08-14,1.3752,1.38191,1.3744,1.38129,1.37538,1.38208,1.37453,1.38146,0.00017,117462.77
2025-08-15,1.38128,1.38188,1.37872,1.38182,1.38146,1.38212,1.37883,1.38208,0.00026,78684.3
2025-08-18,1.3815,1.38309,1.37825,1.38022,1.38164,1.38321,1.37837,1.38038,0.00016,74861.98
2025-08-19,1.38021,1.38696,1.38008,1.38661,1.38038,1.38765,1.38023,1.38678,0.00017,115385.79
2025-08-20,1.38662,1.3883,1.38531,1.38738,1.38678,1.38845,1.38543,1.38751,0.00013,100136.95
2025-08-21,1.38737,1.39122,1.38721,1.39011,1.38753,1.39136,1.38737,1.39026,0.00015,103809.34
2025-08-22,1.39013,1.39242,1.3814,1.38257,1.39028,1.39253,1.38152,1.38301,0.00044,122245.34
2025-08-25,1.38297,1.38635,1.38163,1.38584,1.38309,1.38648,1.38176,1.38598,0.00014,92620.75
2025-08-26,1.38584,1.38674,1.38217,1.38344,1.38598,1.38687,1.38228,1.38358,0.00014,146749.48
2025-08-27,1.38343,1.38575,1.37803,1.37808,1.38357,1.38584,1.37817,1.37822,0.00014,122392.52
2025-08-28,1.37808,1.37874,1.37408,1.37516,1.37823,1.37887,1.3742,1.37529,0.00013,113419.54
2025-08-29,1.37514,1.37787,1.37262,1.37407,1.3753,1.378,1.37273,1.37472,0.00065,115717.99
2025-09-01,1.37386,1.37617,1.3732,1.37479,1.37401,1.37629,1.37335,1.37493,0.00014,88562.17
2025-09-02,1.37478,1.38143,1.3745,1.37842,1.37493,1.38156,1.37461,1.37857,0.00015,156568.38
2025-09-03,1.37843,1.38073,1.37824,1.37927,1.37857,1.38085,1.37837,1.37939,0.00012,124282.03
2025-09-04,1.37926,1.3845,1.37918,1.38149,1.37938,1.3846,1.37931,1.38161,0.00012,101491.5
2025-09-05,1.38149,1.38537,1.37575,1.38257,1.3816,1.38549,1.37593,1.38338,0.00081,112961.75
2025-09-08,1.38352,1.38431,1.37878,1.37952,1.38364,1.38444,1.37889,1.37966,0.00014,125596.88
2025-09-09,1.37953,1.38593,1.3793,1.38459,1.37967,1.38605,1.37941,1.38476,0.00017,109797.94
2025-09-10,1.38461,1.38696,1.38301,1.38603,1.38474,1.38706,1.38312,1.38616,0.00013,132912.78
2025-09-11,1.38603,1.38911,1.38256,1.38343,1.38616,1.3893,1.38268,1.3836,0.00017,120243.43
2025-09-12,1.38343,1.38633,1.3832,1.3843,1.38359,1.38643,1.38334,1.38475,0.00045,98582.82
2025-09-15,1.38388,1.38455,1.37664,1.37743,1.38402,1.38467,1.37676,1.37759,0.00016,88720.64
2025-09-16,1.37743,1.37776,1.37338,1.37388,1.37761,1.37791,1.37352,1.374,0.00012,101257.89
2025-09-17,1.37385,1.37869,1.37261,1.37704,1.37401,1.37881,1.37272,1.37717,0.00013,127903.57
2025-09-18,1.37704,1.38095,1.37652,1.37916,1.37718,1.38105,1.37666,1.37929,0.00013,125186.1
2025-09-19,1.37915,1.3825,1.37685,1.3778,1.3793,1.38263,1.37696,1.37832,0.00052,101156.74
2025-09-22,1.37821,1.38312,1.37813,1.38249,1.37835,1.38326,1.37827,1.38265,0.00016,100183.38
2025-09-23,1.38249,1.38495,1.3811,1.38384,1.38258,1.38506,1.38124,1.38396,0.00012,107591.58
2025-09-24,1.38383,1.39064,1.38371,1.3896,1.38398,1.39075,1.38384,1.38971,0.00011,117941.04
2025-09-25,1.38957,1.39491,1.38845,1.39409,1.38973,1.39503,1.3886,1.39423,0.00014,123006.19
2025-09-26,1.39412,1.39581,1.39313,1.39386,1.39423,1.39593,1.39322,1.39423,0.00037,114228.21
2025-09-29,1.39375,1.39392,1.38991,1.39173,1.39388,1.39404,1.39039,1.39187,0.00014,97014.1
2025-09-30,1.39172,1.39356,1.38959,1.39236,1.39187,1.39367,1.38971,1.39249,0.00013,115503.95
2025-10-01,1.39237,1.39566,1.39063,1.39402,1.3925,1.39576,1.39076,1.39412,0.0001,122323.64
2025-10-02,1.39402,1.39859,1.3932,1.39602,1.39414,1.39869,1.39331,1.39619,0.00017,93256.13
2025-10-03,1.39603,1.39688,1.39392,1.39448,1.39618,1.39701,1.39403,1.39549,0.00101,97135.13
2025-10-06,1.3964,1.39672,1.39396,1.39446,1.39656,1.39683,1.39411,1.3946,0.00014,173890.66
2025-10-07,1.39445,1.39622,1.39383,1.39526,1.3946,1.39643,1.39395,1.39541,0.00015,103949.65
2025-10-08,1.39525,1.39706,1.39313,1.39547,1.39541,1.39717,1.39325,1.39562,0.00015,182825.83
2025-10-09,1.39546,1.40333,1.39328,1.40193,1.3956,1.40346,1.39345,1.4021,0.00017,113292.82
2025-10-10,1.40195,1.40336,1.39753,1.40008,1.40211,1.40349,1.39766,1.40111,0.00103,136805.27
2025-10-13,1.39986,1.40397,1.39826,1.40392,1.4,1.40412,1.39839,1.40405,0.00013,112796.12
2025-10-14,1.40391,1.40795,1.40296,1.40455,1.40407,1.40807,1.40305,1.40465,0.0001,128128.89
2025-10-15,1.40457,1.40592,1.40262,1.40458,1.40466,1.40605,1.40273,1.40472,0.00014,113128.48
2025-10-16,1.40459,1.40606,1.40218,1.40456,1.40472,1.40617,1.40233,1.4047,0.00014,141425.47
2025-10-17,1.40457,1.40669,1.40075,1.40155,1.40471,1.40681,1.40083,1.40257,0.00102,135667.73
2025-10-20,1.40156,1.40507,1.4005,1.4033,1.40171,1.40516,1.40062,1.40344,0.00014,89346.6
2025-10-21,1.40328,1.40655,1.40027,1.40193,1.40344,1.40664,1.40039,1.4021,0.00017,116980.72
2025-10-22,1.40195,1.40319,1.39753,1.39893,1.4021,1.4033,1.39767,1.39905,0.00012,113764.97
2025-10-23,1.39892,1.40042,1.39728,1.39867,1.39904,1.40055,1.39738,1.39881,0.00014,97134.93
2025-10-24,1.39867,1.40385,1.39835,1.39914,1.39882,1.40395,1.39849,1.39997,0.00083,117825.7
2025-10-27,1.39936,1.40079,1.39697,1.39913,1.39952,1.4009,1.39709,1.39927,0.00014,116288.36
2025-10-28,1.39914,1.4005,1.39328,1.39387,1.39928,1.40062,1.39339,1.394,0.00013,122296.08
2025-10-29,1.39388,1.39545,1.38874,1.3941,1.394,1.39556,1.38884,1.39422,0.00012,147582.28
2025-10-30,1.39413,1.40137,1.39263,1.39809,1.39424,1.4015,1.39276,1.39823,0.00014,141405.39
2025-10-31,1.39809,1.40348,1.39785,1.4009,1.39823,1.4036,1.39796,1.40137,0.00047,117924.86
2025-11-03,1.40155,1.40754,1.4008,1.40551,1.40169,1.40766,1.40093,1.40567,0.00016,94119.41
2025-11-04,1.40552,1.41072,1.40536,1.41011,1.40564,1.41089,1.40549,1.41026,0.00015,123196.8
2025-11-05,1.41013,1.414,1.4101,1.41022,1.41025,1.41412,1.41023,1.41031,9e-05,115566.62
2025-11-06,1.41022,1.41396,1.40895,1.41117,1.41032,1.41407,1.40908,1.41134,0.00017,135431.45
2025-11-07,1.41119,1.41259,1.40267,1.40376,1.41133,1.41268,1.40279,1.40452,0.00076,120210.07
2025-11-10,1.40439,1.40458,1.40005,1.40255,1.40456,1.40472,1.40017,1.40268,0.00013,145816.16
2025-11-11,1.40254,1.40407,1.39999,1.40157,1.40269,1.40421,1.40025,1.40171,0.00014,119892.35
2025-11-12,1.40157,1.40213,1.39894,1.40095,1.40169,1.40224,1.39907,1.40109,0.00014,121709.38
2025-11-13,1.40095,1.40376,1.39846,1.40364,1.40108,1.4045,1.3986,1.40379,0.00015,126521.91
2025-11-14,1.40365,1.4045,1.40136,1.40209,1.40379,1.40461,1.40148,1.40282,0.00073,141602.41
2025-11-17,1.4018,1.40576,1.40155,1.40506,1.40192,1.40614,1.40168,1.4052,0.00014,135592.77
2025-11-18,1.4051,1.40618,1.39709,1.39851,1.4052,1.40631,1.3972,1.39867,0.00016,157603.92
2025-11-19,1.39853,1.40649,1.39845,1.40435,1.39866,1.40661,1.39859,1.40449,0.00014,158884.64
2025-11-20,1.40435,1.41066,1.40393,1.40913,1.40449,1.41076,1.40404,1.40924,0.00011,152855.05
2025-11-21,1.40916,1.41305,1.40811,1.41001,1.40924,1.41315,1.40823,1.41049,0.00048,157912.11
2025-11-24,1.40947,1.41185,1.40911,1.41096,1.40963,1.41194,1.40918,1.41112,0.00016,101399.31
2025-11-25,1.41098,1.41243,1.40888,1.4103,1.4111,1.41255,1.40901,1.41045,0.00015,126214.52
2025-11-26,1.41029,1.41045,1.40319,1.40389,1.41042,1.41057,1.40354,1.40406,0.00017,122962.1
2025-11-27,1.40391,1.40498,1.40241,1.40261,1.40405,1.40506,1.40256,1.40275,0.00014,75159.87
2025-11-28,1.4026,1.4051,1.39377,1.39752,1.40275,1.40525,1.3939,1.39831,0.00079,355764.19
2025-12-01,1.39698,1.40014,1.39544,1.40012,1.39711,1.40026,1.39554,1.40025,0.00013,136711.19
2025-12-02,1.40011,1.4014,1.3964,1.39693,1.40026,1.40153,1.39684,1.3971,0.00017,112169.29
2025-12-03,1.39694,1.39748,1.39379,1.3953,1.39707,1.39763,1.39391,1.39544,0.00014,123528.14
2025-12-04,1.3953,1.3977,1.39247,1.39593,1.39544,1.3978,1.39259,1.39607,0.00014,131544.44
2025-12-05,1.39595,1.39595,1.38102,1.3811,1.39606,1.39606,1.38185,1.38204,0.00094,110714.51
2025-12-08,1.38348,1.38592,1.37993,1.38485,1.38356,1.38604,1.38005,1.38496,0.00011,123540.84
2025-12-09,1.38485,1.38605,1.38232,1.38455,1.38495,1.38615,1.38242,1.38472,0.00017,119298.43
2025-12-10,1.38455,1.38715,1.37834,1.37892,1.38472,1.38729,1.37845,1.37904,0.00012,142523.5
2025-12-11,1.37891,1.38224,1.37564,1.37753,1.37905,1.38236,1.37574,1.37766,0.00013,149362.23
2025-12-12,1.37755,1.37944,1.37529,1.37694,1.37767,1.37956,1.37541,1.37734,0.0004,144858.05
2025-12-15,1.37679,1.3788,1.37472,1.37691,1.37693,1.37892,1.37484,1.37702,0.00011,119713.68
2025-12-16,1.3769,1.37807,1.37298,1.3755,1.37702,1.3782,1.37308,1.37565,0.00015,159133.41
2025-12-17,1.37551,1.37978,1.3755,1.37832,1.37564,1.37989,1.37564,1.37849,0.00017,134815.44
2025-12-18,1.37833,1.37955,1.37556,1.3777,1.37848,1.37968,1.37566,1.37783,0.00013,138319.97
2025-12-19,1.3777,1.38054,1.37546,1.38,1.37783,1.38068,1.37558,1.38052,0.00052,104682.28
2025-12-22,1.37902,1.38004,1.37353,1.37491,1.37936,1.38017,1.37364,1.37507,0.00016,125040.47
2025-12-23,1.37491,1.37491,1.36836,1.36853,1.37507,1.37507,1.36863,1.36864,0.00011,127440.75
2025-12-24,1.36847,1.36888,1.3661,1.36667,1.36863,1.36902,1.36658,1.36817,0.0015,99878.87
2025-12-25,1.36667,1.36821,1.36606,1.36734,1.36817,1.36916,1.3666,1.36751,0.00017,8117.21
2025-12-26,1.36732,1.36846,1.3642,1.36717,1.36747,1.36859,1.36432,1.36763,0.00046,131557.69
2025-12-29,1.36684,1.37007,1.36569,1.36875,1.36697,1.37019,1.36582,1.36886,0.00011,109906.43
2025-12-30,1.36875,1.37083,1.36786,1.36952,1.36888,1.37095,1.36797,1.36964,0.00012,85655.95
2025-12-31,1.36952,1.37276,1.36878,1.37241,1.36963,1.37287,1.3689,1.37257,0.00016,110112.59
2026-01-01,1.37241,1.37241,1.37156,1.37171,1.37257,1.37287,1.3718,1.37186,0.00015,2223.59
2026-01-02,1.37169,1.37473,1.36998,1.37261,1.37186,1.37484,1.37011,1.3737,0.00109,114848.16
2026-01-05,1.37468,1.3815,1.37405,1.37728,1.37481,1.38159,1.37418,1.37741,0.00013,172049.36
2026-01-06,1.37729,1.38165,1.3751,1.38156,1.3774,1.38179,1.37521,1.38168,0.00012,122189.09
2026-01-07,1.38155,1.38613,1.37895,1.38578,1.38169,1.38637,1.37909,1.38592,0.00014,124586.57
2026-01-08,1.38578,1.3888,1.38502,1.3864,1.38592,1.38893,1.38512,1.38657,0.00017,119487.21
2026-01-09,1.38641,1.39195,1.3864,1.39094,1.38656,1.39208,1.38654,1.39193,0.00099,125752.29
2026-01-12,1.39121,1.3914,1.38667,1.38759,1.39134,1.39151,1.3868,1.38776,0.00017,134266.8
2026-01-13,1.38759,1.38977,1.38544,1.38866,1.38777,1.38988,1.38559,1.38884,0.00018,119638.61
2026-01-14,1.38868,1.38973,1.38658,1.38864,1.38882,1.38988,1.38669,1.38879,0.00015,130207.85
2026-01-15,1.38864,1.39193,1.38798,1.38896,1.38879,1.39205,1.38854,1.38912,0.00016,103953.44
2026-01-16,1.38897,1.39282,1.38839,1.391,1.38912,1.39293,1.38849,1.392,0.001,179494.56
2026-01-19,1.39004,1.3907,1.38551,1.38739,1.39012,1.39086,1.38605,1.38755,0.00016,155098.0
2026-01-20,1.38739,1.38784,1.38137,1.38329,1.38754,1.38799,1.38149,1.38345,0.00016,226837.54
2026-01-21,1.38332,1.38437,1.37851,1.38437,1.38344,1.38448,1.37861,1.38446,9e-05,163167.09
2026-01-22,1.38436,1.38446,1.37813,1.37842,1.38447,1.38455,1.37827,1.37854,0.00012,142685.5
2026-01-23,1.37844,1.37991,1.36932,1.36972,1.37855,1.38003,1.36944,1.37043,0.00071,121253.1
2026-01-26,1.37002,1.37197,1.36711,1.37141,1.37014,1.37205,1.36721,1.37155,0.00014,138571.16
2026-01-27,1.37141,1.37388,1.35585,1.35926,1.37155,1.37401,1.35596,1.35938,0.00012,175708.16
2026-01-28,1.35923,1.36144,1.35351,1.35376,1.35933,1.36156,1.35361,1.35385,9e-05,194528.0
2026-01-29,1.35376,1.35774,1.34811,1.34911,1.35386,1.35785,1.34825,1.34926,0.00015,229671.1
2026-01-30,1.3491,1.36247,1.34839,1.36139,1.34925,1.36263,1.34852,1.36193,0.00054,245711.13
2026-02-02,1.36382,1.37022,1.36131,1.36727,1.36393,1.37029,1.36142,1.3674,0.00013,233662.77
2026-02-03,1.36727,1.36853,1.36288,1.36398,1.36741,1.36864,1.36332,1.3641,0.00012,169683.5
2026-02-04,1.36398,1.36838,1.36284,1.36708,1.36408,1.36848,1.36293,1.36717,9e-05,129430.18
2026-02-05,1.36708,1.37137,1.36521,1.37116,1.36716,1.37175,1.3653,1.37125,9e-05,188821.47
2026-02-06,1.37116,1.3724,1.36241,1.36706,1.37127,1.37254,1.36252,1.36798,0.00092,115642.85
2026-02-09,1.36586,1.36669,1.35524,1.35607,1.36597,1.36682,1.35533,1.35619,0.00012,171852.1
2026-02-10,1.35607,1.35761,1.35228,1.35534,1.35619,1.35768,1.35238,1.35543,9e-05,114065.39
2026-02-11,1.35531,1.36187,1.35038,1.35756,1.35545,1.36196,1.35049,1.35768,0.00012,165415.4
2026-02-12,1.35755,1.36354,1.35549,1.36111,1.35766,1.36364,1.35563,1.36124,0.00013,148498.4
2026-02-13,1.36114,1.3637,1.3593,1.36133,1.36125,1.36381,1.3594,1.36241,0.00108,145605.12
2026-02-16,1.3617,1.36386,1.3603,1.36359,1.3618,1.36408,1.36042,1.36373,0.00014,60078.54
2026-02-17,1.36356,1.36925,1.36313,1.36385,1.3637,1.36934,1.36331,1.36399,0.00014,122778.77
2026-02-18,1.36389,1.36999,1.36368,1.36965,1.36399,1.37007,1.36379,1.36979,0.00014,105866.75
2026-02-19,1.36965,1.37143,1.36672,1.36876,1.36977,1.37154,1.36682,1.3689,0.00014,113175.26
2026-02-20,1.36875,1.37103,1.36687,1.36774,1.36889,1.37114,1.36697,1.36848,0.00074,160999.29
2026-02-23,1.36492,1.37038,1.36491,1.36937,1.36504,1.37047,1.36503,1.36951,0.00014,147865.71
2026-02-24,1.36938,1.37245,1.36887,1.37027,1.36953,1.37256,1.36924,1.37042,0.00015,106655.7
2026-02-25,1.37028,1.37063,1.36699,1.36756,1.37041,1.37073,1.36735,1.36769,0.00013,99831.93
2026-02-26,1.36755,1.37117,1.36585,1.3676,1.36769,1.37129,1.36598,1.36773,0.00013,104309.11
2026-02-27,1.36761,1.36844,1.36248,1.36402,1.36772,1.36854,1.36258,1.36449,0.00047,118588.66
2026-03-02,1.36684,1.37184,1.36401,1.36718,1.36696,1.37193,1.36414,1.36731,0.00013,159564.58
2026-03-03,1.36717,1.37526,1.36528,1.36747,1.36731,1.37536,1.36539,1.36759,0.00012,206155.1
2026-03-04,1.36748,1.36995,1.36266,1.36434,1.36758,1.37007,1.36276,1.36446,0.00012,187377.53
2026-03-05,1.36435,1.37157,1.3615,1.36714,1.36448,1.37168,1.36159,1.36726,0.00012,203075.68
2026-03-06,1.36713,1.36741,1.35605,1.35664,1.36727,1.3675,1.3564,1.35724,0.0006,178654.12
2026-03-09,1.36009,1.36061,1.35252,1.35868,1.36024,1.36074,1.35261,1.35882,0.00014,211651.22
2026-03-10,1.35868,1.36011,1.35417,1.35828,1.3588,1.36023,1.35428,1.35843,0.00015,168642.71
2026-03-11,1.35827,1.36047,1.35543,1.36024,1.35842,1.36058,1.35555,1.36038,0.00014,122116.28
2026-03-12,1.36025,1.36451,1.35763,1.36322,1.36039,1.36467,1.35773,1.36336,0.00014,145683.11
2026-03-13,1.36323,1.37412,1.36205,1.37143,1.36337,1.37423,1.36216,1.37194,0.00051,143981.16
2026-03-16,1.37121,1.37225,1.36525,1.36864,1.37134,1.37237,1.36536,1.36879,0.00015,140287.85
2026-03-17,1.36865,1.37223,1.36796,1.36894,1.3688,1.37232,1.36809,1.36908,0.00014,127984.31
2026-03-18,1.36894,1.37375,1.36867,1.37301,1.36907,1.37386,1.36879,1.37313,0.00012,148639.27
2026-03-19,1.373,1.3748,1.37043,1.37371,1.37315,1.37487,1.37054,1.37384,0.00013,180690.37
2026-03-20,1.37372,1.37474,1.36991,1.37219,1.37385,1.37484,1.37002,1.37256,0.00037,162035.74
2026-03-23,1.37092,1.37544,1.36695,1.37302,1.37102,1.37553,1.36705,1.37313,0.00011,237008.4
2026-03-24,1.37302,1.3785,1.3725,1.37577,1.37312,1.3786,1.37264,1.3759,0.00013,191640.79
2026-03-25,1.37578,1.3819,1.37496,1.38143,1.37588,1.38207,1.37508,1.38156,0.00013,151083.84
2026-03-26,1.38147,1.38655,1.38137,1.38532,1.38156,1.38689,1.38149,1.38543,0.00011,145476.47
2026-03-27,1.38531,1.38951,1.38447,1.38922,1.38544,1.38978,1.38458,1.38978,0.00056,143316.11
2026-03-30,1.38994,1.39449,1.38854,1.39283,1.39004,1.39459,1.38866,1.39294,0.00011,149304.31
2026-03-31,1.39282,1.39665,1.39022,1.39031,1.39294,1.39672,1.39034,1.39044,0.00013,181466.7
2026-04-01,1.39032,1.39116,1.38682,1.38773,1.39045,1.39129,1.38722,1.38785,0.00012,155060.43
2026-04-02,1.38773,1.3933,1.38686,1.39174,1.38784,1.39339,1.38698,1.39188,0.00014,135527.15
2026-04-03,1.39173,1.39488,1.39147,1.39423,1.39188,1.39511,1.39161,1.39503,0.0008,50441.94
2026-04-06,1.39457,1.39473,1.39014,1.39118,1.39469,1.39486,1.3903,1.39132,0.00014,114298.14
2026-04-07,1.39119,1.39294,1.384,1.3842,1.39131,1.39306,1.38415,1.38437,0.00017,136426.5
2026-04-08,1.38419,1.38743,1.38233,1.38508,1.38437,1.38752,1.38244,1.38519,0.00011,145392.65
2026-04-09,1.38506,1.38601,1.3804,1.38224,1.3852,1.38613,1.3805,1.38236,0.00012,112375.85
2026-04-10,1.38222,1.38437,1.37987,1.38361,1.38235,1.38451,1.37996,1.38416,0.00055,91149.99
2026-04-13,1.38727,1.38764,1.37853,1.3786,1.3874,1.38778,1.37866,1.37871,0.00011,124085.39
2026-04-14,1.37858,1.37896,1.37305,1.37661,1.37871,1.37907,1.37316,1.37673,0.00012,112651.63
2026-04-15,1.37662,1.37879,1.37263,1.37312,1.37673,1.3789,1.37273,1.37323,0.00011,109906.62
2026-04-16,1.37315,1.37376,1.36949,1.37004,1.37322,1.37388,1.3696,1.37017,0.00013,113412.3
2026-04-17,1.37003,1.37031,1.36489,1.3688,1.37017,1.37043,1.36499,1.36988,0.00108,113872.68
2026-04-20,1.37052,1.37072,1.36346,1.3644,1.37066,1.37085,1.36355,1.36454,0.00014,98156.4
2026-04-21,1.36441,1.36766,1.36312,1.36579,1.36452,1.36775,1.36318,1.3659,0.00011,140854.95
2026-04-22,1.3658,1.36744,1.36428,1.36697,1.36589,1.3677,1.3644,1.36711,0.00014,93200.53
2026-04-23,1.36697,1.3714,1.36599,1.36983,1.3671,1.3715,1.36611,1.36997,0.00014,141526.85
2026-04-24,1.36984,1.37139,1.36626,1.36652,1.36997,1.37153,1.36635,1.36701,0.00049,111153.02
2026-04-27,1.36776,1.36783,1.35973,1.36215,1.36789,1.36796,1.35983,1.36229,0.00014,97535.64
2026-04-28,1.36215,1.36913,1.36123,1.36799,1.36228,1.36922,1.36134,1.36812,0.00013,118447.69
2026-04-29,1.36799,1.37105,1.36669,1.36712,1.36811,1.37115,1.36679,1.36727,0.00015,140198.14
2026-04-30,1.36712,1.36884,1.35763,1.35796,1.36727,1.36895,1.35773,1.3581,0.00014,167389.33
2026-05-01,1.35793,1.35929,1.35496,1.35811,1.35806,1.35954,1.35508,1.35918,0.00107,138956.77
2026-05-04,1.35881,1.36259,1.35819,1.36203,1.35893,1.36294,1.35831,1.36214,0.00011,133412.52
2026-05-05,1.36203,1.36295,1.35955,1.36042,1.36216,1.36309,1.35969,1.36056,0.00014,113853.62
2026-05-06,1.3604,1.36412,1.35774,1.36365,1.36054,1.36421,1.35786,1.36378,0.00013,143396.58
2026-05-07,1.36365,1.36649,1.36198,1.36607,1.36378,1.36693,1.36209,1.36614,7e-05,130285.17
2026-05-08,1.36605,1.37097,1.36421,1.36738,1.36615,1.37108,1.36431,1.3679,0.00052,116349.2
2026-05-11,1.36831,1.36944,1.36478,1.36785,1.36842,1.36957,1.36488,1.36799,0.00014,115135.48
2026-05-12,1.36786,1.37242,1.36786,1.36976,1.36798,1.37252,1.36798,1.36985,9e-05,132403.51
2026-05-13,1.36976,1.37183,1.36837,1.37047,1.36988,1.37193,1.36849,1.3706,0.00013,131864.69
2026-05-14,1.37047,1.37375,1.37012,1.37237,1.37059,1.37383,1.37023,1.37251,0.00014,138537.66
2026-05-15,1.37237,1.37667,1.37234,1.37471,1.3725,1.37676,1.37248,1.37525,0.00054,163076.56
2026-05-18,1.37621,1.37631,1.37277,1.37384,1.37636,1.37643,1.37329,1.37397,0.00013,142226.09
2026-05-19,1.37382,1.37737,1.37367,1.37487,1.37396,1.37746,1.3738,1.37498,0.00011,131742.37
2026-05-20,1.37491,1.3778,1.37239,1.37478,1.37499,1.37792,1.37313,1.37492,0.00014,161522.81
2026-05-21,1.37477,1.37999,1.37454,1.3776,1.37491,1.38007,1.37467,1.37773,0.00013,145468.86
2026-05-22,1.37758,1.38237,1.37758,1.38169,1.37772,1.38256,1.37771,1.38227,0.00058,119012.29
2026-05-25,1.38021,1.38202,1.37943,1.38057,1.38033,1.38212,1.37954,1.3807,0.00013,64905.57
2026-05-26,1.38057,1.38209,1.37983,1.38077,1.38068,1.38219,1.37994,1.38091,0.00014,144496.39
2026-05-27,1.38078,1.38519,1.38031,1.38443,1.38092,1.38527,1.38043,1.38455,0.00012,156747.16
2026-05-28,1.38442,1.38696,1.37713,1.37826,1.38456,1.38707,1.37744,1.3784,0.00014,155639.12
2026-05-29,1.37827,1.38291,1.37698,1.3793,1.37837,1.383,1.37709,1.37991,0.00061,199589.09
2026-06-01,1.37969,1.38489,1.37968,1.3841,1.37981,1.38504,1.3798,1.38424,0.00014,175507.62
2026-06-02,1.38408,1.38537,1.38146,1.38453,1.38423,1.38549,1.38156,1.38462,9e-05,137056.07
2026-06-03,1.38453,1.38995,1.38361,1.38931,1.38463,1.39004,1.38373,1.38945,0.00014,153027.41
2026-06-04,1.38933,1.39248,1.38806,1.39069,1.38946,1.39256,1.38816,1.39079,0.0001,173724.57
2026-06-05,1.3907,1.39501,1.38659,1.39342,1.39081,1.39512,1.38674,1.39405,0.00063,162461.3
2026-06-08,1.39448,1.39609,1.39259,1.39574,1.39459,1.39629,1.39268,1.39587,0.00013,200858.8
2026-06-09,1.39575,1.39688,1.39185,1.39529,1.39587,1.39699,1.39194,1.39543,0.00014,193251.92
2026-06-10,1.3953,1.39569,1.38984,1.3947,1.39543,1.39581,1.38996,1.3948,0.0001,190988.67
2026-06-11,1.39467,1.40235,1.39311,1.39726,1.39477,1.40246,1.39323,1.39735,9e-05,223376.85
2026-06-12,1.39727,1.39954,1.39588,1.39861,1.39736,1.39965,1.39598,1.39903,0.00042,191879.44
2026-06-15,1.39636,1.39951,1.395,1.39922,1.39648,1.3997,1.39512,1.39937,0.00015,137939.67
2026-06-16,1.39923,1.40181,1.39798,1.39963,1.39936,1.40191,1.39808,1.39978,0.00015,128146.21
2026-06-17,1.39964,1.41226,1.399,1.41014,1.39979,1.41236,1.39912,1.41028,0.00014,159345.18
2026-06-18,1.41015,1.41463,1.4094,1.4141,1.41025,1.41471,1.40952,1.41422,0.00012,146990.75
2026-06-19,1.41409,1.41829,1.41341,1.41502,1.4142,1.4184,1.41352,1.41552,0.0005,101941.24
2026-06-22,1.41742,1.4193,1.41443,1.41585,1.41755,1.41942,1.41454,1.41598,0.00013,125036.87
2026-06-23,1.41586,1.42169,1.41562,1.42095,1.41598,1.42194,1.41574,1.42109,0.00014,131734.68
2026-06-24,1.42095,1.42477,1.42055,1.42352,1.42107,1.42487,1.42067,1.42363,0.00011,158051.24
2026-06-25,1.4235,1.42477,1.4177,1.42006,1.42363,1.42488,1.41779,1.42019,0.00013,147606.54
2026-06-26,1.42004,1.42091,1.41687,1.41887,1.42015,1.42105,1.41697,1.41987,0.001,137280.88
2026-06-29,1.419,1.42174,1.41748,1.42103,1.41911,1.42184,1.41758,1.42118,0.00015,108902.89
2026-06-30,1.42105,1.42473,1.41778,1.42076,1.42119,1.42483,1.41786,1.42089,0.00013,102208.57
2026-07-01,1.42073,1.42347,1.41911,1.42186,1.42084,1.42357,1.41923,1.422,0.00014,66175.95
2026-07-02,1.42187,1.42238,1.415,1.41903,1.42201,1.42251,1.41508,1.41916,0.00013,102484.53
2026-07-03,1.41904,1.42067,1.41589,1.41967,1.41916,1.42122,1.41601,1.42003,0.00036,58915.94
2026-07-06,1.42044,1.42383,1.41983,1.42078,1.42056,1.42394,1.42021,1.42089,0.00011,59346.12
2026-07-07,1.42076,1.42258,1.41833,1.42043,1.4209,1.42268,1.41841,1.42057,0.00014,61794.14
2026-07-08,1.42043,1.42081,1.41545,1.4168,1.42055,1.42094,1.41555,1.41692,0.00012,87329.47
2026-07-09,1.41679,1.41892,1.41526,1.41673,1.41691,1.41901,1.41533,1.41684,0.00011,59899.85
2026-07-10,1.41671,1.41719,1.41171,1.41505,1.41684,1.41732,1.41179,1.41607,0.00102,75588.65
2026-07-13,1.41636,1.41742,1.41246,1.41489,1.41647,1.41754,1.41257,1.41503,0.00014,83726.34
2026-07-14,1.41488,1.41541,1.40473,1.40517,1.41503,1.41554,1.40482,1.40528,0.00011,120422.7
2026-07-15,1.40515,1.40768,1.40242,1.40373,1.40528,1.40778,1.40253,1.40385,0.00012,81578.24
2026-07-16,1.40373,1.40578,1.40099,1.40374,1.40384,1.40588,1.40109,1.40388,0.00014,65779.68
2026-07-17,1.40374,1.40407,1.40049,1.4019,1.40384,1.40421,1.40059,1.40232,0.00042,76283.7
2026-07-20,1.4019,1.40845,1.40026,1.40713,1.402,1.40942,1.40038,1.40723,0.0001,59129.89
2026-07-21,1.40712,1.41107,1.40539,1.41049,1.40726,1.41161,1.40549,1.41063,0.00014,63858.52
2026-07-22,1.4105,1.41077,1.40759,1.40855,1.41064,1.4109,1.4077,1.40867,0.00012,63017.94
