date,bid_open,bid_high,bid_low,bid_close,ask_open,ask_high,ask_low,ask_close,spread_close,volume
2014-01-01,19.506,19.537,19.479,19.526,19.551,19.591,19.539,19.571,0.045,7.36
2014-01-02,19.525,20.411,19.444,19.995,19.57,20.487,19.485,20.04,0.045,797.25
2014-01-03,19.995,20.304,19.976,20.13,20.04,20.344,20.021,20.177,0.047,779.15
2014-01-06,20.274,20.336,19.938,20.17,20.321,20.387,19.983,20.215,0.045,595.67
2014-01-07,20.171,20.258,19.62,19.799,20.216,20.303,19.665,19.844,0.045,571.34
2014-01-08,19.801,19.815,19.308,19.512,19.846,19.86,19.353,19.557,0.045,415.34
2014-01-09,19.511,19.703,19.394,19.573,19.556,19.748,19.439,19.618,0.045,354.58
2014-01-10,19.572,20.234,19.537,20.136,19.617,20.279,19.582,20.181,0.045,600.15
2014-01-13,20.2,20.446,19.945,20.389,20.245,20.491,19.995,20.434,0.045,707.19
2014-01-14,20.387,20.598,20.125,20.207,20.432,20.635,20.178,20.252,0.045,661.24
2014-01-15,20.203,20.231,19.923,20.183,20.248,20.276,19.968,20.228,0.045,596.65
2014-01-16,20.183,20.214,19.959,20.083,20.228,20.259,20.004,20.128,0.045,434.78
2014-01-17,20.083,20.41,19.954,20.279,20.128,20.444,19.999,20.325,0.046,522.86
2014-01-20,20.319,20.382,20.263,20.303,20.363,20.427,20.308,20.348,0.045,224.22
2014-01-21,20.3,20.303,19.675,19.894,20.345,20.348,19.72,19.939,0.045,407.39
2014-01-22,19.895,19.929,19.734,19.765,19.94,19.974,19.782,19.81,0.045,228.97
2014-01-23,19.762,20.29,19.635,20.033,19.807,20.335,19.68,20.078,0.045,614.66
2014-01-24,20.036,20.274,19.704,19.866,20.081,20.313,19.749,19.935,0.069,607.96
2014-01-27,20.005,20.029,19.544,19.702,20.05,20.074,19.589,19.747,0.045,419.71
2014-01-28,19.698,19.827,19.453,19.533,19.743,19.872,19.5,19.578,0.045,327.41
2014-01-29,19.532,19.95,19.477,19.681,19.577,19.995,19.525,19.726,0.045,402.3
2014-01-30,19.68,19.7,18.973,19.182,19.725,19.745,19.033,19.227,0.045,390.83
2014-01-31,19.183,19.454,19.066,19.148,19.228,19.499,19.111,19.217,0.069,325.5
2014-02-03,19.09,19.615,19.064,19.374,19.135,19.666,19.109,19.419,0.045,346.68
2014-02-04,19.375,19.51,19.26,19.47,19.42,19.555,19.311,19.514,0.044,310.76
2014-02-05,19.472,20.275,19.437,19.922,19.517,20.306,19.482,19.967,0.045,422.12
2014-02-06,19.926,20.163,19.834,19.915,19.971,20.211,19.879,19.96,0.045,431.77
2014-02-07,19.917,20.074,19.754,20.002,19.962,20.156,19.799,20.048,0.046,413.34
2014-02-10,20.022,20.279,19.96,20.063,20.067,20.315,20.005,20.108,0.045,545.22
2014-02-11,20.061,20.272,19.916,20.159,20.106,20.308,19.957,20.204,0.045,709.56
2014-02-12,20.157,20.385,20.078,20.224,20.202,20.428,20.123,20.269,0.045,581.11
2014-02-13,20.225,20.509,20.122,20.454,20.27,20.554,20.163,20.499,0.045,552.25
2014-02-14,20.455,21.473,20.429,21.456,20.5,21.55,20.476,21.501,0.045,856.59
2014-02-17,21.665,21.951,21.529,21.813,21.71,22.012,21.571,21.858,0.045,595.85
2014-02-18,21.812,21.955,21.302,21.822,21.857,22.002,21.344,21.867,0.045,859.11
2014-02-19,21.824,21.899,21.359,21.56,21.869,21.943,21.405,21.605,0.045,762.6
2014-02-20,21.56,21.88,21.383,21.751,21.605,21.925,21.428,21.796,0.045,691.73
2014-02-21,21.753,21.952,21.56,21.829,21.798,21.997,21.605,21.874,0.045,477.24
2014-02-24,21.837,22.158,21.494,21.937,21.882,22.203,21.547,21.982,0.045,707.57
2014-02-25,21.938,22.005,21.662,21.846,21.983,22.05,21.705,21.891,0.045,597.31
2014-02-26,21.847,22.018,21.074,21.282,21.892,22.063,21.121,21.327,0.045,606.66
2014-02-27,21.282,21.469,20.981,21.263,21.327,21.511,21.026,21.308,0.045,729.6
2014-02-28,21.262,21.389,21.065,21.199,21.307,21.431,21.105,21.244,0.045,773.39
2014-03-03,21.383,21.701,21.31,21.42,21.428,21.746,21.355,21.465,0.045,799.39
2014-03-04,21.421,21.5,21.008,21.198,21.466,21.545,21.052,21.243,0.045,795.14
2014-03-05,21.2,21.304,21.122,21.173,21.244,21.346,21.167,21.218,0.045,617.65
2014-03-06,21.171,21.621,21.069,21.485,21.216,21.655,21.111,21.534,0.049,585.41
2014-03-07,21.484,21.566,20.724,20.749,21.533,21.611,20.772,21.078,0.329,775.62
2014-03-10,20.824,21.023,20.586,20.832,20.869,21.064,20.641,20.877,0.045,489.89
2014-03-11,20.834,21.293,20.639,20.883,20.879,21.332,20.69,20.93,0.047,519.27
2014-03-12,20.886,21.397,20.795,21.259,20.933,21.44,20.837,21.304,0.045,692.16
2014-03-13,21.257,21.442,21.083,21.226,21.302,21.487,21.128,21.271,0.045,632.1
2014-03-14,21.224,21.762,21.111,21.296,21.269,21.814,21.156,21.625,0.329,640.23
2014-03-17,21.51,21.539,21.1,21.192,21.555,21.584,21.145,21.237,0.045,537.77
2014-03-18,21.188,21.219,20.612,20.824,21.233,21.264,20.649,20.869,0.045,637.17
2014-03-19,20.823,20.938,20.479,20.605,20.868,20.983,20.528,20.65,0.045,739.6
2014-03-20,20.602,20.7,20.108,20.326,20.647,20.745,20.167,20.371,0.045,641.38
2014-03-21,20.327,20.561,20.153,20.155,20.372,20.603,20.285,20.484,0.329,433.93
2014-03-24,20.224,20.274,19.89,19.899,20.269,20.319,19.925,19.934,0.035,586.25
2014-03-25,19.898,20.194,19.896,19.952,19.933,20.234,19.931,19.994,0.042,738.2
2014-03-26,19.951,20.12,19.668,19.833,19.993,20.162,19.703,19.873,0.04,555.67
2014-03-27,19.835,19.846,19.559,19.729,19.875,19.886,19.599,19.769,0.04,731.49
2014-03-28,19.728,19.91,19.612,19.786,19.768,19.948,19.654,19.85,0.064,556.55
2014-03-31,19.818,19.992,19.717,19.743,19.858,20.028,19.757,19.783,0.04,519.31
2014-04-01,19.741,19.894,19.626,19.753,19.781,19.934,19.666,19.793,0.04,473.08
2014-04-02,19.755,20.127,19.738,19.998,19.795,20.169,19.778,20.038,0.04,590.72
2014-04-03,19.998,20.068,19.655,19.811,20.038,20.108,19.692,19.851,0.04,596.16
2014-04-04,19.81,20.214,19.778,19.938,19.85,20.254,19.818,19.988,0.05,655.43
2014-04-07,19.934,20.003,19.77,19.923,19.974,20.04,19.812,19.963,0.04,450.49
2014-04-08,19.921,20.163,19.875,20.022,19.961,20.202,19.914,20.062,0.04,635.54
2014-04-09,20.018,20.084,19.598,19.895,20.058,20.124,19.64,19.935,0.04,665.87
2014-04-10,19.895,20.376,19.888,20.012,19.934,20.418,19.928,20.052,0.04,752.42
2014-04-11,20.012,20.116,19.901,19.966,20.052,20.155,19.938,20.016,0.05,568.96
2014-04-14,20.087,20.102,19.715,19.952,20.127,20.142,19.755,19.992,0.04,552.18
2014-04-15,19.951,19.972,19.218,19.528,19.991,20.012,19.256,19.568,0.04,843.04
2014-04-16,19.527,19.803,19.328,19.636,19.567,19.845,19.368,19.676,0.04,510.42
2014-04-17,19.636,19.711,19.492,19.604,19.675,19.749,19.532,19.682,0.078,582.82
2014-04-21,19.549,19.704,19.226,19.416,19.589,19.752,19.273,19.456,0.04,566.06
2014-04-22,19.418,19.524,19.289,19.421,19.458,19.563,19.329,19.461,0.04,617.63
2014-04-23,19.42,19.536,19.379,19.428,19.46,19.578,19.429,19.468,0.04,541.15
2014-04-24,19.428,19.894,18.93,19.662,19.467,19.944,18.971,19.702,0.04,696.7
2014-04-25,19.664,19.794,19.504,19.706,19.704,19.829,19.543,19.756,0.05,678.6
2014-04-28,19.707,19.741,19.467,19.577,19.747,19.781,19.516,19.614,0.037,577.64
2014-04-29,19.576,19.594,19.306,19.465,19.614,19.632,19.346,19.504,0.039,593.84
2014-04-30,19.464,19.467,19.038,19.163,19.504,19.506,19.078,19.207,0.044,718.47
2014-05-01,19.164,19.191,18.739,19.028,19.207,19.231,18.841,19.068,0.04,537.06
2014-05-02,19.029,19.668,18.925,19.474,19.068,19.71,18.965,19.531,0.057,616.91
2014-05-05,19.478,19.712,19.455,19.563,19.513,19.751,19.495,19.603,0.04,573.73
2014-05-06,19.564,19.688,19.478,19.579,19.604,19.727,19.518,19.619,0.04,566.01
2014-05-07,19.578,19.741,19.273,19.314,19.618,19.781,19.313,19.354,0.04,692.31
2014-05-08,19.313,19.37,19.105,19.185,19.353,19.41,19.145,19.224,0.039,523.96
2014-05-09,19.184,19.298,19.032,19.135,19.224,19.341,19.072,19.186,0.051,497.3
2014-05-12,19.081,19.643,19.052,19.524,19.121,19.685,19.091,19.56,0.036,607.12
2014-05-13,19.524,19.591,19.344,19.546,19.559,19.631,19.386,19.586,0.04,610.62
2014-05-14,19.549,19.975,19.487,19.763,19.588,20.014,19.527,19.803,0.04,568.79
2014-05-15,19.764,19.813,19.41,19.497,19.804,19.853,19.455,19.537,0.04,697.43
2014-05-16,19.498,19.517,19.244,19.348,19.537,19.556,19.288,19.4,0.052,537.51
2014-05-19,19.327,19.667,19.296,19.352,19.367,19.708,19.336,19.388,0.036,542.38
2014-05-20,19.352,19.445,19.23,19.4,19.383,19.485,19.269,19.44,0.04,587.65
2014-05-21,19.399,19.483,19.257,19.371,19.439,19.523,19.305,19.411,0.04,591.03
2014-05-22,19.37,19.802,19.344,19.483,19.41,19.846,19.383,19.522,0.039,599.92
2014-05-23,19.482,19.503,19.279,19.438,19.522,19.543,19.32,19.478,0.04,449.91
2014-05-26,19.411,19.479,19.367,19.41,19.452,19.52,19.407,19.45,0.04,258.92
2014-05-27,19.41,19.425,19.024,19.058,19.447,19.472,19.054,19.096,0.038,593.97
2014-05-28,19.057,19.147,18.97,19.008,19.096,19.185,19.008,19.048,0.04,556.85
2014-05-29,19.009,19.087,18.784,19.048,19.049,19.129,18.826,19.088,0.04,559.17
2014-05-30,19.05,19.082,18.624,18.799,19.09,19.126,18.664,18.841,0.042,556.93
2014-06-02,18.752,18.867,18.656,18.786,18.792,18.909,18.696,18.826,0.04,490.06
2014-06-03,18.786,18.922,18.716,18.795,18.826,18.96,18.758,18.843,0.048,606.87
2014-06-04,18.796,18.881,18.73,18.789,18.844,18.924,18.776,18.837,0.048,400.48
2014-06-05,18.787,19.128,18.684,19.028,18.835,19.197,18.735,19.076,0.048,548.69
2014-06-06,19.028,19.187,18.874,19.003,19.075,19.251,18.921,19.053,0.05,620.23
2014-06-09,19.021,19.179,18.977,19.042,19.071,19.227,19.024,19.092,0.05,840.28
2014-06-10,19.042,19.235,18.965,19.177,19.089,19.283,19.014,19.225,0.048,858.63
2014-06-11,19.175,19.324,19.14,19.202,19.225,19.372,19.189,19.252,0.05,873.64
2014-06-12,19.204,19.556,19.148,19.522,19.252,19.605,19.197,19.574,0.052,993.1
2014-06-13,19.523,19.71,19.467,19.664,19.573,19.759,19.517,19.717,0.053,895.25
2014-06-16,19.739,19.868,19.563,19.662,19.789,19.916,19.612,19.712,0.05,958.91
2014-06-17,19.663,19.738,19.436,19.728,19.713,19.801,19.495,19.776,0.048,632.08
2014-06-18,19.727,19.911,19.651,19.906,19.775,19.967,19.7,19.955,0.049,732.11
2014-06-19,19.905,20.906,19.814,20.702,19.955,20.955,19.864,20.751,0.049,1198.12
2014-06-20,20.703,20.959,20.562,20.847,20.749,21.01,20.607,20.898,0.051,996.05
2014-06-23,20.802,20.918,20.718,20.813,20.854,20.968,20.768,20.861,0.048,737.98
2014-06-24,20.812,21.141,20.78,20.883,20.862,21.186,20.832,20.933,0.05,762.15
2014-06-25,20.883,21.143,20.687,20.997,20.933,21.191,20.735,21.047,0.05,839.93
2014-06-26,20.998,21.102,20.779,21.072,21.047,21.15,20.827,21.122,0.05,777.42
2014-06-27,21.073,21.184,20.89,20.941,21.123,21.233,20.95,20.991,0.05,651.16
2014-06-30,20.931,21.097,20.745,21.012,20.981,21.146,20.792,21.06,0.048,814.37
2014-07-01,21.011,21.2,20.985,21.015,21.061,21.25,21.038,21.063,0.048,781.35
2014-07-02,21.015,21.27,20.895,21.116,21.063,21.317,20.947,21.166,0.05,653.08
2014-07-03,21.117,21.149,20.709,21.133,21.165,21.198,20.853,21.183,0.05,823.95
2014-07-04,21.135,21.211,21.057,21.121,21.185,21.261,21.106,21.184,0.063,337.6
2014-07-07,21.068,21.091,20.8,20.989,21.118,21.14,20.855,21.039,0.05,521.31
2014-07-08,20.99,21.172,20.884,20.999,21.04,21.222,20.936,21.049,0.05,631.04
2014-07-09,21.001,21.214,20.976,21.084,21.049,21.259,21.025,21.134,0.05,670.81
2014-07-10,21.083,21.556,21.078,21.405,21.133,21.604,21.127,21.455,0.05,717.82
2014-07-11,21.405,21.479,21.338,21.423,21.455,21.529,21.389,21.475,0.052,387.97
2014-07-14,21.425,21.43,20.833,20.91,21.475,21.478,20.875,20.96,0.05,766.56
2014-07-15,20.911,21.056,20.641,20.69,20.959,21.108,20.693,20.738,0.048,749.27
2014-07-16,20.689,20.808,20.56,20.725,20.739,20.855,20.606,20.775,0.05,676.3
2014-07-17,20.724,21.236,20.697,21.153,20.772,21.286,20.744,21.203,0.05,808.77
2014-07-18,21.154,21.177,20.711,20.847,21.202,21.226,20.758,20.897,0.05,593.42
2014-07-21,20.854,21.085,20.783,20.883,20.904,21.137,20.833,20.933,0.05,554.3
2014-07-22,20.885,21.05,20.721,20.946,20.933,21.097,20.771,20.995,0.049,673.06
2014-07-23,20.949,21.033,20.867,20.883,20.995,21.079,20.923,20.933,0.05,626.06
2014-07-24,20.881,20.892,20.287,20.328,20.931,20.941,20.337,20.376,0.048,812.82
2014-07-25,20.327,20.741,20.291,20.713,20.377,20.794,20.34,20.761,0.048,539.63
2014-07-28,20.681,20.691,20.493,20.565,20.728,20.738,20.538,20.615,0.05,594.17
2014-07-29,20.566,20.783,20.446,20.564,20.614,20.831,20.492,20.611,0.047,588.42
2014-07-30,20.563,20.697,20.429,20.57,20.612,20.752,20.488,20.62,0.05,542.3
2014-07-31,20.57,20.716,20.317,20.35,20.62,20.766,20.367,20.399,0.049,641.95
2014-08-01,20.349,20.526,20.241,20.3,20.397,20.576,20.282,20.355,0.055,675.91
2014-08-04,20.313,20.438,20.129,20.163,20.361,20.486,20.179,20.211,0.048,447.37
2014-08-05,20.163,20.254,19.725,19.76,20.211,20.299,19.777,19.808,0.048,531.83
2014-08-06,19.759,20.099,19.742,20.025,19.809,20.149,19.793,20.075,0.05,639.06
2014-08-07,20.026,20.09,19.863,19.94,20.074,20.14,19.917,19.988,0.048,598.16
2014-08-08,19.94,20.153,19.809,19.87,19.989,20.201,19.86,19.92,0.05,666.24
2014-08-11,19.862,20.089,19.82,20.0,19.91,20.135,19.869,20.05,0.05,428.04
2014-08-12,20.002,20.128,19.848,19.909,20.05,20.173,19.896,19.959,0.05,521.21
2014-08-13,19.908,20.056,19.689,19.823,19.958,20.111,19.738,19.871,0.048,619.94
2014-08-14,19.821,19.968,19.777,19.866,19.871,20.016,19.829,19.914,0.048,774.26
2014-08-15,19.864,19.93,19.498,19.538,19.914,19.979,19.546,19.588,0.05,631.09
2014-08-18,19.513,19.681,19.455,19.6,19.561,19.733,19.507,19.65,0.05,529.84
2014-08-19,19.604,19.694,19.362,19.428,19.654,19.747,19.416,19.478,0.05,498.86
2014-08-20,19.429,19.579,19.398,19.457,19.479,19.632,19.448,19.505,0.048,468.41
2014-08-21,19.456,19.474,19.298,19.444,19.504,19.528,19.346,19.492,0.048,608.34
2014-08-22,19.445,19.558,19.297,19.405,19.495,19.607,19.349,19.453,0.048,502.55
2014-08-25,19.423,19.483,19.308,19.351,19.486,19.537,19.364,19.401,0.05,413.52
2014-08-26,19.353,19.672,19.319,19.373,19.402,19.724,19.37,19.425,0.052,640.02
2014-08-27,19.373,19.488,19.301,19.462,19.423,19.536,19.353,19.512,0.05,489.24
2014-08-28,19.464,19.878,19.459,19.514,19.512,19.928,19.509,19.556,0.042,629.2
2014-08-29,19.514,19.614,19.425,19.432,19.555,19.665,19.475,19.504,0.072,414.62
2014-09-01,19.428,19.516,19.389,19.453,19.488,19.568,19.438,19.503,0.05,212.09
2014-09-02,19.454,19.477,19.07,19.196,19.502,19.528,19.12,19.246,0.05,577.08
2014-09-03,19.196,19.237,19.096,19.167,19.244,19.281,19.142,19.215,0.048,462.42
2014-09-04,19.167,19.345,18.983,19.022,19.217,19.395,19.035,19.073,0.051,530.72
2014-09-05,19.022,19.218,19.017,19.172,19.074,19.297,19.069,19.223,0.051,433.16
2014-09-08,19.165,19.305,18.895,19.012,19.213,19.356,18.945,19.062,0.05,450.18
2014-09-09,19.014,19.121,18.853,19.02,19.062,19.17,18.903,19.068,0.048,563.11
2014-09-10,19.021,19.091,18.871,18.937,19.069,19.14,18.92,18.987,0.05,539.71
2014-09-11,18.936,18.948,18.56,18.662,18.986,19.001,18.612,18.712,0.05,626.19
2014-09-12,18.663,18.67,18.439,18.614,18.713,18.719,18.489,18.663,0.049,524.04
2014-09-15,18.559,18.687,18.539,18.634,18.609,18.737,18.589,18.698,0.064,481.98
2014-09-16,18.633,18.865,18.589,18.698,18.699,18.916,18.641,18.748,0.05,526.56
2014-09-17,18.697,18.766,18.448,18.502,18.747,18.855,18.502,18.547,0.045,606.48
2014-09-18,18.5,18.602,18.266,18.504,18.547,18.657,18.321,18.552,0.048,589.23
2014-09-19,18.507,18.575,17.776,17.789,18.552,18.623,17.825,17.861,0.072,728.47
2014-09-22,17.768,17.846,17.323,17.719,17.818,17.897,17.379,17.767,0.048,773.36
2014-09-23,17.718,17.987,17.615,17.752,17.766,18.039,17.661,17.792,0.04,605.55
2014-09-24,17.751,17.867,17.503,17.662,17.791,17.907,17.553,17.705,0.043,438.33
2014-09-25,17.662,17.685,17.322,17.541,17.703,17.722,17.376,17.575,0.034,670.18
2014-09-26,17.539,17.724,17.441,17.634,17.575,17.758,17.481,17.67,0.036,520.72
2014-09-29,17.546,17.633,17.431,17.476,17.577,17.663,17.467,17.508,0.032,460.11
2014-09-30,17.476,17.576,16.858,16.951,17.507,17.609,16.892,16.983,0.032,741.66
2014-10-01,16.951,17.428,16.868,17.218,16.985,17.462,16.9,17.248,0.03,646.87
2014-10-02,17.218,17.337,16.927,17.072,17.249,17.377,16.961,17.104,0.032,721.45
2014-10-03,17.072,17.155,16.714,16.821,17.105,17.187,16.754,16.876,0.055,606.19
2014-10-06,16.755,17.358,16.659,17.339,16.789,17.389,16.702,17.37,0.031,599.94
2014-10-07,17.336,17.61,17.092,17.207,17.366,17.641,17.126,17.239,0.032,737.73
2014-10-08,17.207,17.464,17.048,17.385,17.241,17.5,17.079,17.424,0.039,822.24
2014-10-09,17.388,17.704,17.312,17.32,17.424,17.738,17.348,17.354,0.034,783.63
2014-10-10,17.32,17.389,17.197,17.381,17.352,17.423,17.229,17.413,0.032,602.93
2014-10-13,17.494,17.588,17.31,17.471,17.528,17.621,17.342,17.504,0.033,514.9
2014-10-14,17.47,17.556,17.301,17.317,17.502,17.591,17.338,17.349,0.032,587.34
2014-10-15,17.315,17.803,17.014,17.448,17.347,17.841,17.054,17.486,0.038,981.37
2014-10-16,17.45,17.534,17.194,17.371,17.487,17.57,17.228,17.405,0.034,914.06
2014-10-17,17.371,17.428,17.212,17.234,17.403,17.461,17.249,17.302,0.068,564.35
2014-10-20,17.26,17.511,17.252,17.389,17.29,17.547,17.282,17.421,0.032,390.18
2014-10-21,17.388,17.647,17.349,17.509,17.42,17.683,17.383,17.541,0.032,509.49
2014-10-22,17.51,17.519,17.112,17.182,17.541,17.552,17.144,17.214,0.032,513.93
2014-10-23,17.18,17.243,17.029,17.175,17.214,17.275,17.065,17.209,0.034,509.67
2014-10-24,17.177,17.345,17.126,17.184,17.209,17.381,17.157,17.221,0.037,342.73
2014-10-27,17.15,17.227,17.082,17.115,17.184,17.26,17.115,17.149,0.034,352.41
2014-10-28,17.117,17.396,17.065,17.237,17.151,17.438,17.097,17.269,0.032,420.95
2014-10-29,17.238,17.318,17.02,17.112,17.27,17.354,17.054,17.144,0.032,441.89
2014-10-30,17.113,17.21,16.343,16.503,17.145,17.243,16.377,16.537,0.034,716.82
2014-10-31,16.504,16.529,15.739,16.135,16.536,16.561,15.785,16.181,0.046,958.63
2014-11-03,15.969,16.224,15.752,16.105,16.002,16.261,15.785,16.142,0.037,580.73
2014-11-04,16.105,16.158,15.916,16.03,16.143,16.193,15.95,16.065,0.035,535.32
2014-11-05,16.031,16.033,15.127,15.383,16.065,16.068,15.163,15.415,0.032,914.3
2014-11-06,15.381,15.459,15.217,15.361,15.415,15.491,15.253,15.401,0.04,679.04
2014-11-07,15.362,15.785,15.047,15.762,15.401,15.827,15.084,15.806,0.044,883.53
2014-11-10,15.698,15.891,15.488,15.65,15.735,15.924,15.521,15.684,0.034,631.22
2014-11-11,15.649,15.883,15.454,15.706,15.683,15.917,15.487,15.74,0.034,671.82
2014-11-12,15.706,15.775,15.558,15.628,15.739,15.807,15.594,15.668,0.04,581.05
2014-11-13,15.627,15.782,15.546,15.613,15.669,15.817,15.578,15.645,0.032,629.79
2014-11-14,15.614,16.38,15.26,16.286,15.645,16.419,15.302,16.326,0.04,1012.47
2014-11-17,16.236,16.456,16.026,16.139,16.267,16.493,16.06,16.173,0.034,746.54
2014-11-18,16.141,16.407,15.984,16.148,16.173,16.44,16.016,16.18,0.032,774.85
2014-11-19,16.145,16.537,15.89,16.123,16.179,16.572,15.922,16.155,0.032,897.91
2014-11-20,16.121,16.331,15.962,16.232,16.155,16.363,15.994,16.264,0.032,833.36
2014-11-21,16.229,16.611,16.114,16.422,16.262,16.647,16.144,16.456,0.034,989.65
2014-11-24,16.412,16.491,16.264,16.491,16.446,16.538,16.296,16.525,0.034,518.0
2014-11-25,16.491,16.713,16.463,16.666,16.526,16.746,16.504,16.7,0.034,770.98
2014-11-26,16.666,16.671,16.477,16.519,16.698,16.704,16.507,16.559,0.04,542.7
2014-11-27,16.519,16.55,16.146,16.223,16.558,16.584,16.19,16.266,0.043,551.32
2014-11-28,16.224,16.247,15.396,15.403,16.266,16.289,15.45,15.497,0.094,716.6
2014-12-01,14.733,16.775,14.609,16.345,14.776,16.841,14.673,16.384,0.039,1492.74
2014-12-02,16.345,16.506,16.057,16.445,16.383,16.542,16.094,16.478,0.033,1090.11
2014-12-03,16.441,16.569,16.212,16.391,16.478,16.608,16.246,16.423,0.032,775.68
2014-12-04,16.392,16.651,16.358,16.438,16.424,16.689,16.39,16.48,0.042,829.12
2014-12-05,16.438,16.531,16.202,16.265,16.48,16.586,16.238,16.309,0.044,751.85
2014-12-08,16.203,16.415,16.169,16.349,16.239,16.449,16.206,16.386,0.037,665.48
2014-12-09,16.349,17.192,16.267,17.059,16.386,17.225,16.3,17.094,0.035,1061.93
2014-12-10,17.058,17.302,16.911,17.074,17.094,17.338,16.945,17.116,0.042,909.8
2014-12-11,17.074,17.2,16.913,17.091,17.115,17.234,16.947,17.13,0.039,800.48
2014-12-12,17.092,17.193,16.974,17.015,17.131,17.225,17.007,17.053,0.038,742.79
2014-12-15,17.013,17.032,16.112,16.235,17.052,17.066,16.145,16.273,0.038,820.73
2014-12-16,16.235,16.635,15.521,15.751,16.274,16.676,15.557,15.787,0.036,1105.51
2014-12-17,15.751,16.037,15.6,15.739,15.788,16.079,15.639,15.773,0.034,848.1
2014-12-18,15.739,16.211,15.72,15.85,15.773,16.244,15.753,15.889,0.039,907.93
2014-12-19,15.85,16.091,15.819,16.059,15.888,16.123,15.854,16.105,0.046,505.09
2014-12-22,16.061,16.151,15.511,15.586,16.1,16.185,15.553,15.625,0.039,703.68
2014-12-23,15.586,15.879,15.544,15.735,15.623,15.926,15.587,15.776,0.041,623.0
2014-12-24,15.735,15.862,15.669,15.737,15.777,15.894,15.708,15.799,0.062,582.07
2014-12-25,15.748,15.836,15.746,15.787,15.82,15.902,15.796,15.839,0.052,28.83
2014-12-26,15.788,16.292,15.76,16.032,15.838,16.338,15.807,16.095,0.063,800.62
2014-12-29,16.041,16.237,15.708,15.771,16.073,16.269,15.747,15.803,0.032,584.49
2014-12-30,15.769,16.458,15.746,16.227,15.803,16.493,15.785,16.268,0.041,634.33
2014-12-31,16.226,16.293,15.536,15.672,16.269,16.332,15.579,15.73,0.058,616.63
2015-01-01,15.678,15.898,15.654,15.805,15.743,15.937,15.721,15.844,0.039,25.21
2015-01-02,15.805,16.057,15.514,15.723,15.844,16.091,15.559,15.762,0.039,644.33
2015-01-05,15.732,16.249,15.712,16.141,15.776,16.283,15.755,16.173,0.032,680.09
2015-01-06,16.14,16.696,16.099,16.439,16.172,16.732,16.133,16.471,0.032,733.88
2015-01-07,16.443,16.638,16.28,16.546,16.475,16.67,16.318,16.59,0.044,646.97
2015-01-08,16.547,16.638,16.287,16.348,16.59,16.673,16.319,16.395,0.047,505.01
2015-01-09,16.349,16.608,16.186,16.477,16.394,16.642,16.223,16.523,0.046,578.63
2015-01-12,16.627,16.632,16.412,16.559,16.659,16.672,16.447,16.591,0.032,557.01
2015-01-13,16.558,17.186,16.55,17.054,16.59,17.217,16.584,17.086,0.032,884.69
2015-01-14,17.051,17.069,16.532,16.843,17.083,17.101,16.565,16.875,0.032,1017.36
2015-01-15,16.842,17.206,16.683,17.001,16.876,17.251,16.717,17.044,0.043,1088.51
2015-01-16,17.001,17.817,16.874,17.773,17.042,17.858,16.91,17.817,0.044,1001.82
2015-01-19,17.777,17.796,17.594,17.664,17.809,17.831,17.631,17.704,0.04,506.69
2015-01-20,17.665,18.008,17.607,17.903,17.703,18.042,17.639,17.945,0.042,837.26
2015-01-21,17.904,18.467,17.887,18.09,17.945,18.502,17.925,18.132,0.042,911.76
2015-01-22,18.089,18.463,17.889,18.297,18.131,18.496,17.931,18.339,0.042,857.22
2015-01-23,18.301,18.388,18.089,18.277,18.339,18.42,18.129,18.333,0.056,798.76
2015-01-26,18.362,18.461,17.842,17.919,18.404,18.497,17.877,17.95,0.031,700.51
2015-01-27,17.916,18.187,17.523,18.044,17.948,18.226,17.597,18.081,0.037,662.72
2015-01-28,18.046,18.14,17.917,17.962,18.081,18.177,17.948,18.002,0.04,626.02
2015-01-29,17.962,18.025,16.727,16.978,18.001,18.059,16.766,17.014,0.036,958.28
2015-01-30,16.977,17.304,16.803,17.224,17.014,17.34,16.839,17.277,0.053,840.13
2015-02-02,17.159,17.321,16.987,17.198,17.192,17.355,17.017,17.232,0.034,664.98
2015-02-03,17.197,17.729,17.064,17.274,17.231,17.763,17.098,17.308,0.034,783.86
2015-02-04,17.275,17.641,17.159,17.394,17.309,17.675,17.192,17.431,0.037,715.14
2015-02-05,17.393,17.478,16.916,17.244,17.432,17.517,16.948,17.278,0.034,658.51
2015-02-06,17.244,17.363,16.548,16.709,17.278,17.394,16.584,16.754,0.045,615.58
2015-02-09,16.744,17.152,16.693,16.998,16.78,17.187,16.726,17.033,0.035,550.63
2015-02-10,16.998,17.101,16.726,16.898,17.033,17.133,16.76,16.932,0.034,649.31
2015-02-11,16.899,17.084,16.72,16.821,16.932,17.115,16.756,16.855,0.034,485.15
2015-02-12,16.822,17.049,16.618,16.865,16.854,17.083,16.65,16.899,0.034,575.12
2015-02-13,16.867,17.431,16.849,17.338,16.899,17.465,16.88,17.384,0.046,577.79
2015-02-16,17.307,17.401,17.258,17.274,17.344,17.434,17.289,17.316,0.042,356.31
2015-02-17,17.275,17.328,16.286,16.491,17.316,17.361,16.316,16.523,0.032,702.1
2015-02-18,16.489,16.592,16.25,16.523,16.521,16.631,16.285,16.564,0.041,502.84
2015-02-19,16.523,16.785,16.335,16.406,16.564,16.82,16.372,16.448,0.042,563.44
2015-02-20,16.407,16.571,16.179,16.21,16.448,16.602,16.215,16.255,0.045,392.92
2015-02-23,16.224,16.6,16.085,16.335,16.258,16.641,16.12,16.372,0.037,428.31
2015-02-24,16.335,16.478,16.071,16.409,16.371,16.517,16.114,16.443,0.034,485.35
2015-02-25,16.408,16.729,16.394,16.532,16.442,16.761,16.426,16.566,0.034,506.9
2015-02-26,16.529,16.885,16.503,16.59,16.563,16.917,16.535,16.624,0.034,391.93
2015-02-27,16.588,16.687,16.409,16.584,16.624,16.724,16.439,16.63,0.046,395.94
2015-03-02,16.61,16.78,16.341,16.412,16.647,16.813,16.373,16.45,0.038,395.96
2015-03-03,16.415,16.578,16.066,16.313,16.45,16.61,16.103,16.349,0.036,508.27
2015-03-04,16.314,16.363,16.067,16.22,16.349,16.399,16.105,16.258,0.038,344.71
2015-03-05,16.22,16.358,16.141,16.213,16.257,16.393,16.174,16.247,0.034,314.52
2015-03-06,16.213,16.246,15.757,15.877,16.25,16.278,15.787,15.933,0.056,422.0
2015-03-09,15.856,15.974,15.708,15.719,15.894,16.005,15.752,15.756,0.037,333.98
2015-03-10,15.719,15.841,15.602,15.66,15.758,15.874,15.639,15.695,0.035,450.37
2015-03-11,15.66,15.755,15.274,15.5,15.697,15.788,15.312,15.536,0.036,552.53
2015-03-12,15.5,15.703,15.398,15.597,15.538,15.74,15.436,15.632,0.035,491.38
2015-03-13,15.595,15.672,15.464,15.629,15.632,15.708,15.502,15.676,0.047,546.5
2015-03-16,15.594,15.769,15.499,15.64,15.631,15.8,15.531,15.679,0.039,400.26
2015-03-17,15.639,15.726,15.376,15.536,15.679,15.77,15.415,15.573,0.037,412.16
2015-03-18,15.536,16.106,15.452,15.957,15.575,16.149,15.485,15.993,0.036,573.01
2015-03-19,15.957,16.184,15.81,16.14,15.994,16.222,15.848,16.176,0.036,782.75
2015-03-20,16.14,16.898,16.087,16.717,16.177,16.928,16.121,16.768,0.051,772.48
2015-03-23,16.799,17.096,16.617,16.978,16.832,17.127,16.651,17.016,0.038,503.11
2015-03-24,16.977,17.032,16.806,16.909,17.016,17.07,16.842,16.947,0.038,412.95
2015-03-25,16.907,17.12,16.846,16.922,16.947,17.166,16.882,16.958,0.036,322.2
2015-03-26,16.921,17.393,16.914,17.064,16.958,17.434,16.949,17.099,0.035,399.06
2015-03-27,17.064,17.195,16.845,16.93,17.098,17.227,16.884,16.986,0.056,425.16
2015-03-30,16.91,16.986,16.628,16.714,16.942,17.016,16.661,16.752,0.038,356.8
2015-03-31,16.713,16.827,16.433,16.624,16.753,16.86,16.47,16.659,0.035,338.71
2015-04-01,16.624,17.082,16.512,16.952,16.661,17.112,16.542,16.994,0.042,373.89
2015-04-02,16.953,17.008,16.587,16.752,16.993,17.038,16.62,16.804,0.052,449.94
2015-04-06,17.082,17.305,16.932,16.955,17.121,17.338,16.97,16.991,0.036,375.22
2015-04-07,16.954,16.968,16.728,16.825,16.992,17.005,16.762,16.86,0.035,317.9
2015-04-08,16.823,16.909,16.377,16.468,16.86,16.941,16.418,16.499,0.031,449.29
2015-04-09,16.467,16.483,16.126,16.178,16.499,16.52,16.163,16.216,0.038,492.5
2015-04-10,16.176,16.667,16.162,16.452,16.216,16.701,16.199,16.496,0.044,432.08
2015-04-13,16.473,16.525,16.238,16.273,16.509,16.563,16.28,16.313,0.04,271.35
2015-04-14,16.273,16.367,15.986,16.176,16.312,16.397,16.023,16.211,0.035,405.08
2015-04-15,16.178,16.399,16.069,16.361,16.211,16.431,16.099,16.4,0.039,377.13
2015-04-16,16.361,16.499,16.128,16.285,16.399,16.532,16.164,16.319,0.034,445.31
2015-04-17,16.283,16.516,16.21,16.251,16.319,16.546,16.244,16.295,0.044,371.13
2015-04-20,16.336,16.37,15.855,15.955,16.372,16.405,15.885,15.985,0.03,503.36
2015-04-21,15.954,16.196,15.898,16.007,15.984,16.226,15.928,16.045,0.038,411.2
2015-04-22,16.007,16.104,15.687,15.823,16.043,16.135,15.717,15.861,0.038,390.99
2015-04-23,15.824,15.949,15.746,15.878,15.861,15.979,15.776,15.914,0.036,371.38
2015-04-24,15.877,15.919,15.591,15.704,15.907,15.949,15.628,15.759,0.055,502.55
2015-04-27,15.764,16.473,15.721,16.34,15.795,16.509,15.759,16.37,0.03,585.36
2015-04-28,16.342,16.691,16.301,16.583,16.372,16.721,16.34,16.623,0.04,590.92
2015-04-29,16.584,16.715,16.409,16.551,16.623,16.745,16.447,16.581,0.03,744.74
2015-04-30,16.548,16.726,15.799,16.105,16.58,16.756,15.844,16.139,0.034,671.42
2015-05-01,16.104,16.264,15.9,16.128,16.139,16.294,15.931,16.184,0.056,426.29
2015-05-04,16.177,16.753,16.133,16.45,16.212,16.79,16.171,16.484,0.034,540.86
2015-05-05,16.45,16.698,16.34,16.588,16.485,16.735,16.37,16.62,0.032,528.65
2015-05-06,16.584,16.642,16.378,16.487,16.619,16.681,16.413,16.522,0.035,489.38
2015-05-07,16.487,16.52,16.169,16.313,16.521,16.557,16.207,16.351,0.038,432.49
2015-05-08,16.313,16.537,16.258,16.429,16.349,16.583,16.297,16.504,0.075,513.63
2015-05-11,16.465,16.552,16.208,16.281,16.498,16.582,16.238,16.319,0.038,348.42
2015-05-12,16.279,16.588,16.134,16.517,16.319,16.625,16.17,16.556,0.039,494.78
2015-05-13,16.518,17.22,16.484,17.114,16.555,17.254,16.518,17.146,0.032,782.08
2015-05-14,17.114,17.566,17.06,17.491,17.148,17.602,17.094,17.526,0.035,697.93
2015-05-15,17.491,17.563,17.192,17.477,17.523,17.599,17.226,17.535,0.058,585.7
2015-05-18,17.538,17.765,17.458,17.687,17.578,17.798,17.495,17.718,0.031,615.69
2015-05-19,17.681,17.697,16.863,17.106,17.718,17.729,16.9,17.144,0.038,669.8
2015-05-20,17.103,17.274,16.938,17.094,17.141,17.308,16.968,17.128,0.034,1147.54
2015-05-21,17.096,17.248,17.006,17.152,17.13,17.278,17.039,17.186,0.034,1260.13
2015-05-22,17.155,17.33,16.932,17.082,17.186,17.36,16.967,17.135,0.053,1432.49
2015-05-25,17.018,17.177,16.996,17.095,17.052,17.207,17.03,17.128,0.033,525.61
2015-05-26,17.095,17.106,16.644,16.746,17.127,17.14,16.676,16.776,0.03,2171.25
2015-05-27,16.746,16.815,16.589,16.67,16.78,16.845,16.621,16.706,0.036,1650.13
2015-05-28,16.671,16.777,16.538,16.718,16.705,16.807,16.572,16.752,0.034,1292.63
2015-05-29,16.717,16.824,16.62,16.729,16.753,16.871,16.679,16.77,0.041,1350.86
2015-06-01,16.705,17.168,16.598,16.74,16.74,17.2,16.628,16.774,0.034,2880.2
2015-06-02,16.742,16.848,16.627,16.772,16.776,16.882,16.657,16.805,0.033,2607.74
2015-06-03,16.772,16.81,16.399,16.497,16.807,16.84,16.429,16.528,0.031,1847.56
2015-06-04,16.496,16.527,16.075,16.161,16.528,16.557,16.127,16.196,0.035,2226.73
2015-06-05,16.16,16.203,15.919,16.088,16.196,16.233,16.006,16.132,0.044,1432.88
2015-06-08,16.038,16.149,15.925,15.953,16.07,16.179,15.955,15.987,0.034,1496.62
2015-06-09,15.952,16.179,15.937,15.986,15.988,16.209,15.972,16.019,0.033,1261.9
2015-06-10,15.985,16.231,15.97,16.026,16.019,16.261,16.001,16.057,0.031,1247.77
2015-06-11,16.025,16.065,15.778,16.018,16.057,16.095,15.852,16.05,0.032,1195.19
2015-06-12,16.016,16.051,15.832,15.954,16.048,16.081,15.862,15.994,0.04,799.95
2015-06-15,16.019,16.267,15.854,16.072,16.054,16.298,15.884,16.106,0.034,1291.01
2015-06-16,16.071,16.143,15.912,16.001,16.105,16.173,15.916,16.035,0.034,1070.98
2015-06-17,16.001,16.263,15.919,16.089,16.034,16.307,15.953,16.121,0.032,1110.58
2015-06-18,16.089,16.452,16.061,16.181,16.119,16.486,16.096,16.214,0.033,2073.36
2015-06-19,16.181,16.22,15.894,16.074,16.213,16.254,15.933,16.145,0.071,837.27
2015-06-22,16.107,16.261,16.021,16.167,16.143,16.295,16.055,16.201,0.034,1384.59
2015-06-23,16.168,16.204,15.746,15.831,16.201,16.24,15.779,15.866,0.035,1418.81
2015-06-24,15.831,15.926,15.767,15.9,15.867,15.96,15.798,15.934,0.034,1198.19
2015-06-25,15.9,15.962,15.774,15.878,15.932,15.992,15.809,15.912,0.034,817.67
2015-06-26,15.878,15.91,15.528,15.777,15.913,15.94,15.564,15.826,0.049,1587.54
2015-06-29,15.932,15.956,15.684,15.745,15.973,15.998,15.714,15.782,0.037,1425.72
2015-06-30,15.747,15.875,15.479,15.703,15.786,15.908,15.512,15.764,0.061,1856.43
2015-07-01,15.631,15.721,15.539,15.556,15.693,15.755,15.569,15.592,0.036,1381.98
2015-07-02,15.555,15.792,15.489,15.664,15.592,15.822,15.519,15.7,0.036,1764.24
2015-07-03,15.664,15.727,15.6,15.68,15.696,15.757,15.632,15.734,0.054,617.0
2015-07-06,15.718,15.856,15.533,15.703,15.762,15.886,15.567,15.736,0.033,985.34
2015-07-07,15.703,15.714,14.668,15.085,15.738,15.749,14.705,15.12,0.035,2648.14
2015-07-08,15.086,15.26,14.759,15.106,15.12,15.291,14.789,15.136,0.03,3078.91
2015-07-09,15.109,15.563,15.018,15.406,15.139,15.601,15.05,15.44,0.034,1981.72
2015-07-10,15.406,15.655,15.375,15.556,15.438,15.687,15.407,15.618,0.062,1550.61
2015-07-13,15.648,15.672,15.306,15.466,15.682,15.702,15.336,15.498,0.032,1740.5
2015-07-14,15.466,15.49,15.265,15.351,15.498,15.52,15.295,15.385,0.034,1531.65
2015-07-15,15.351,15.383,14.999,15.053,15.383,15.415,15.029,15.091,0.038,1554.12
2015-07-16,15.053,15.176,14.887,15.001,15.092,15.206,14.917,15.033,0.032,2097.85
2015-07-17,15.001,15.045,14.842,14.858,15.032,15.075,14.873,14.901,0.043,1785.48
2015-07-20,14.865,15.018,14.5,14.663,14.895,15.048,14.567,14.693,0.03,3159.16
2015-07-21,14.663,14.962,14.649,14.817,14.693,14.992,14.679,14.847,0.03,2516.47
2015-07-22,14.818,14.901,14.63,14.778,14.848,14.931,14.661,14.808,0.03,2866.48
2015-07-23,14.777,14.983,14.58,14.646,14.807,15.013,14.613,14.676,0.03,2701.41
2015-07-24,14.644,14.727,14.371,14.66,14.674,14.759,14.401,14.724,0.064,3021.67
2015-07-27,14.691,14.772,14.526,14.568,14.721,14.802,14.562,14.598,0.03,2606.68
2015-07-28,14.568,14.713,14.541,14.694,14.599,14.743,14.571,14.724,0.03,2159.08
2015-07-29,14.694,14.905,14.61,14.846,14.724,14.935,14.64,14.876,0.03,2411.25
2015-07-30,14.851,14.851,14.611,14.727,14.881,14.881,14.642,14.757,0.03,2521.07
2015-07-31,14.73,14.995,14.543,14.754,14.76,15.025,14.573,14.805,0.051,2557.28
2015-08-03,14.731,14.773,14.421,14.472,14.761,14.804,14.451,14.502,0.03,2383.99
2015-08-04,14.472,14.66,14.375,14.55,14.502,14.69,14.405,14.58,0.03,3149.07
2015-08-05,14.549,14.706,14.494,14.593,14.579,14.736,14.524,14.623,0.03,2399.3
2015-08-06,14.592,14.769,14.524,14.658,14.622,14.799,14.554,14.688,0.03,1811.94
2015-08-07,14.657,15.016,14.6,14.796,14.687,15.048,14.63,14.842,0.046,3034.38
2015-08-10,14.763,15.397,14.736,15.29,14.793,15.427,14.766,15.32,0.03,2635.94
2015-08-11,15.289,15.402,15.097,15.323,15.319,15.432,15.128,15.353,0.03,4618.44
2015-08-12,15.321,15.589,15.153,15.531,15.351,15.618,15.183,15.561,0.03,3286.3
2015-08-13,15.531,15.576,15.285,15.4,15.561,15.606,15.316,15.434,0.034,2491.25
2015-08-14,15.4,15.609,15.168,15.225,15.432,15.639,15.2,15.281,0.056,1698.06
2015-08-17,15.224,15.401,15.209,15.309,15.258,15.431,15.239,15.343,0.034,1379.49
2015-08-18,15.31,15.35,14.719,14.874,15.344,15.384,14.749,14.906,0.032,1995.9
2015-08-19,14.873,15.337,14.826,15.306,14.905,15.369,14.856,15.337,0.031,1866.6
2015-08-20,15.304,15.582,15.304,15.53,15.337,15.612,15.337,15.564,0.034,1758.31
2015-08-21,15.531,15.662,15.126,15.283,15.563,15.692,15.156,15.343,0.06,1829.75
2015-08-24,15.357,15.359,14.59,14.805,15.395,15.398,14.625,14.846,0.041,4771.9
2015-08-25,14.805,14.962,14.556,14.732,14.847,14.996,14.595,14.776,0.044,2869.29
2015-08-26,14.731,14.744,13.966,14.143,14.776,14.78,14.002,14.174,0.031,3172.72
2015-08-27,14.142,14.602,14.11,14.531,14.172,14.632,14.141,14.565,0.034,2639.31
2015-08-28,14.546,14.68,14.372,14.56,14.576,14.71,14.404,14.638,0.078,3353.66
2015-08-31,14.546,14.68,14.41,14.61,14.578,14.71,14.44,14.644,0.034,1841.82
2015-09-01,14.61,14.769,14.512,14.586,14.642,14.799,14.544,14.618,0.032,2096.47
2015-09-02,14.585,14.826,14.439,14.663,14.619,14.856,14.469,14.697,0.034,1709.23
2015-09-03,14.663,14.952,14.56,14.732,14.696,14.99,14.594,14.766,0.034,2461.35
2015-09-04,14.734,14.81,14.491,14.546,14.766,14.862,14.521,14.608,0.062,1995.21
2015-09-07,14.64,14.66,14.472,14.527,14.67,14.693,14.502,14.564,0.037,1222.9
2015-09-08,14.53,14.89,14.456,14.827,14.564,14.92,14.486,14.859,0.032,1974.43
2015-09-09,14.827,14.932,14.569,14.613,14.86,14.97,14.604,14.645,0.032,2887.32
2015-09-10,14.613,14.86,14.553,14.709,14.647,14.89,14.586,14.746,0.037,1937.6
2015-09-11,14.709,14.755,14.286,14.583,14.747,14.794,14.317,14.648,0.065,2610.35
2015-09-14,14.531,14.615,14.347,14.422,14.562,14.647,14.377,14.454,0.032,1659.6
2015-09-15,14.422,14.437,14.279,14.398,14.456,14.47,14.31,14.432,0.034,1061.16
2015-09-16,14.398,14.953,14.338,14.886,14.43,14.983,14.37,14.918,0.032,1672.22
2015-09-17,14.889,15.253,14.783,15.121,14.919,15.324,14.813,15.155,0.034,2970.26
2015-09-18,15.122,15.42,15.024,15.141,15.154,15.45,15.056,15.218,0.077,2217.83
2015-09-21,15.159,15.256,15.087,15.181,15.193,15.286,15.117,15.215,0.034,1482.51
2015-09-22,15.182,15.233,14.71,14.768,15.214,15.261,14.74,14.802,0.034,1277.75
2015-09-23,14.768,14.93,14.707,14.823,14.8,14.956,14.738,14.86,0.037,1895.25
2015-09-24,14.829,15.189,14.762,15.085,14.863,15.219,14.792,15.115,0.03,2637.51
2015-09-25,15.086,15.188,14.955,15.08,15.116,15.218,14.986,15.141,0.061,1724.94
2015-09-28,15.11,15.111,14.493,14.579,15.141,15.142,14.525,14.613,0.034,1669.43
2015-09-29,14.578,14.73,14.483,14.595,14.613,14.76,14.513,14.627,0.032,1862.73
2015-09-30,14.589,14.739,14.466,14.529,14.63,14.769,14.498,14.561,0.032,2300.47
2015-10-01,14.527,14.695,14.461,14.533,14.561,14.725,14.491,14.567,0.034,2398.91
2015-10-02,14.534,15.307,14.39,15.219,14.568,15.337,14.421,15.295,0.076,2025.12
2015-10-05,15.232,15.715,15.107,15.613,15.265,15.749,15.139,15.643,0.03,3507.9
2015-10-06,15.614,16.086,15.572,15.905,15.644,16.116,15.603,15.935,0.03,2139.67
2015-10-07,15.903,16.11,15.824,16.007,15.935,16.14,15.856,16.041,0.034,2221.07
2015-10-08,16.007,16.012,15.385,15.698,16.039,16.044,15.415,15.729,0.031,4635.27
2015-10-09,15.699,16.009,15.59,15.811,15.73,16.039,15.627,15.883,0.072,3052.41
2015-10-12,15.788,16.068,15.782,15.81,15.822,16.098,15.816,15.846,0.036,2263.55
2015-10-13,15.808,15.985,15.623,15.893,15.846,16.011,15.653,15.927,0.034,1746.85
2015-10-14,15.894,16.189,15.788,16.155,15.926,16.219,15.821,16.186,0.031,2154.71
2015-10-15,16.155,16.185,15.904,16.086,16.185,16.215,15.939,16.118,0.032,2221.13
2015-10-16,16.083,16.15,15.931,16.01,16.115,16.18,15.961,16.082,0.072,2135.15
2015-10-19,16.002,16.029,15.738,15.809,16.042,16.062,15.768,15.841,0.032,1812.17
2015-10-20,15.81,15.975,15.736,15.916,15.841,15.995,15.768,15.948,0.032,1599.0
2015-10-21,15.918,15.922,15.626,15.676,15.951,15.955,15.656,15.708,0.032,1498.04
2015-10-22,15.675,15.908,15.646,15.827,15.707,15.938,15.676,15.859,0.032,1334.78
2015-10-23,15.825,16.093,15.707,15.786,15.859,16.116,15.737,15.862,0.076,1707.75
2015-10-26,15.836,15.973,15.762,15.863,15.868,16.003,15.794,15.894,0.031,1343.5
2015-10-27,15.863,15.94,15.775,15.851,15.896,15.97,15.801,15.885,0.034,1547.67
2015-10-28,15.853,16.352,15.711,15.916,15.887,16.383,15.747,15.948,0.032,1677.23
2015-10-29,15.917,15.991,15.541,15.613,15.949,16.021,15.575,15.643,0.03,3755.57
2015-10-30,15.613,15.662,15.48,15.513,15.644,15.692,15.514,15.59,0.077,2278.33
2015-11-02,15.51,15.55,15.259,15.399,15.543,15.583,15.289,15.433,0.034,1213.57
2015-11-03,15.4,15.464,15.203,15.285,15.434,15.494,15.237,15.317,0.032,1698.91
2015-11-04,15.284,15.334,15.044,15.091,15.317,15.367,15.074,15.123,0.032,2148.16
2015-11-05,15.091,15.108,14.94,14.994,15.122,15.14,14.963,15.028,0.034,2142.34
2015-11-06,14.996,15.068,14.711,14.746,15.028,15.096,14.743,14.81,0.064,2554.41
2015-11-09,14.734,14.79,14.432,14.576,14.768,14.821,14.464,14.607,0.031,1152.27
2015-11-10,14.577,14.582,14.302,14.424,14.607,14.612,14.332,14.456,0.032,1268.92
2015-11-11,14.425,14.529,14.255,14.325,14.456,14.559,14.285,14.357,0.032,1125.2
2015-11-12,14.326,14.487,14.193,14.307,14.358,14.518,14.226,14.342,0.035,2061.99
2015-11-13,14.307,14.375,14.168,14.232,14.343,14.408,14.202,14.291,0.059,1889.72
2015-11-16,14.392,14.448,14.203,14.256,14.423,14.478,14.233,14.288,0.032,1671.74
2015-11-17,14.256,14.286,14.105,14.171,14.287,14.316,14.138,14.203,0.032,1705.47
2015-11-18,14.171,14.249,14.026,14.172,14.205,14.279,14.056,14.205,0.033,1609.72
2015-11-19,14.172,14.4,14.121,14.272,14.206,14.435,14.156,14.304,0.032,2241.56
2015-11-20,14.272,14.403,14.078,14.156,14.303,14.434,14.108,14.215,0.059,1696.82
2015-11-23,14.159,14.19,13.901,14.123,14.191,14.222,13.934,14.155,0.032,2343.15
2015-11-24,14.12,14.298,14.051,14.185,14.154,14.331,14.081,14.217,0.032,1459.75
2015-11-25,14.187,14.268,14.03,14.17,14.22,14.298,14.06,14.204,0.034,1665.64
2015-11-26,14.17,14.375,14.121,14.268,14.214,14.409,14.153,14.3,0.032,1161.75
2015-11-27,14.269,14.295,13.946,14.057,14.302,14.327,13.976,14.121,0.064,1292.36
2015-11-30,14.063,14.185,13.989,14.066,14.097,14.226,14.025,14.098,0.032,948.43
2015-12-01,14.067,14.241,14.043,14.191,14.099,14.271,14.076,14.229,0.038,1176.77
2015-12-02,14.19,14.218,13.916,14.005,14.23,14.248,13.952,14.037,0.032,1453.22
2015-12-03,14.004,14.157,13.821,14.099,14.038,14.187,13.86,14.139,0.04,2185.63
2015-12-04,14.102,14.607,14.035,14.518,14.139,14.64,14.065,14.583,0.065,2041.67
2015-12-07,14.481,14.631,14.208,14.232,14.514,14.664,14.242,14.264,0.032,1543.87
2015-12-08,14.233,14.319,14.074,14.154,14.265,14.35,14.104,14.185,0.031,1309.0
2015-12-09,14.15,14.341,14.113,14.162,14.186,14.371,14.146,14.196,0.034,2008.19
2015-12-10,14.163,14.236,14.076,14.111,14.195,14.265,14.118,14.142,0.031,1471.48
2015-12-11,14.111,14.14,13.764,13.887,14.143,14.172,13.794,13.964,0.077,1884.62
2015-12-14,13.945,13.963,13.635,13.687,13.981,14.0,13.667,13.719,0.032,1478.3
2015-12-15,13.686,13.821,13.665,13.775,13.716,13.851,13.695,13.811,0.036,1400.82
2015-12-16,13.774,14.302,13.771,14.12,13.812,14.339,13.807,14.159,0.039,2103.86
2015-12-17,14.119,14.14,13.67,13.735,14.16,14.175,13.7,13.775,0.04,1886.78
2015-12-18,13.736,14.205,13.699,14.065,13.774,14.235,13.732,14.141,0.076,1178.32
2015-12-21,14.063,14.322,14.042,14.236,14.096,14.352,14.079,14.274,0.038,2370.14
2015-12-22,14.235,14.381,14.209,14.262,14.275,14.414,14.244,14.296,0.034,1680.72
2015-12-23,14.263,14.337,14.2,14.306,14.295,14.369,14.232,14.34,0.034,1745.54
2015-12-24,14.306,14.391,14.256,14.369,14.341,14.423,14.289,14.415,0.046,1029.81
2015-12-28,14.331,14.408,13.856,13.949,14.374,14.444,13.886,13.981,0.032,1914.4
2015-12-29,13.95,14.064,13.894,13.932,13.981,14.094,13.945,13.971,0.039,1576.74
2015-12-30,13.933,13.989,13.764,13.86,13.975,14.021,13.805,13.901,0.041,1364.55
2015-12-31,13.861,13.969,13.778,13.818,13.9,13.999,13.812,13.88,0.062,1251.4
2016-01-04,13.882,14.183,13.83,13.865,13.923,14.213,13.862,13.898,0.033,898.55
2016-01-05,13.864,14.063,13.863,13.967,13.898,14.101,13.895,14.001,0.034,866.11
2016-01-06,13.968,14.132,13.88,13.998,14.0,14.171,13.911,14.031,0.033,1259.77
2016-01-07,14.001,14.376,13.923,14.266,14.031,14.406,13.953,14.3,0.034,1711.7
2016-01-08,14.267,14.318,13.872,13.898,14.299,14.35,13.904,13.973,0.075,1443.99
2016-01-11,13.946,14.067,13.824,13.866,13.983,14.11,13.854,13.904,0.038,1510.31
2016-01-12,13.866,13.913,13.735,13.78,13.903,13.943,13.765,13.812,0.032,1416.49
2016-01-13,13.781,14.19,13.755,14.13,13.813,14.22,13.786,14.165,0.035,1264.04
2016-01-14,14.131,14.17,13.744,13.822,14.165,14.2,13.774,13.862,0.04,1170.9
2016-01-15,13.823,14.12,13.766,13.894,13.862,14.15,13.796,13.962,0.068,1596.33
2016-01-18,13.902,13.988,13.832,13.896,13.935,14.018,13.862,13.932,0.036,1042.19
2016-01-19,13.896,14.175,13.874,14.022,13.931,14.205,13.904,14.055,0.033,1846.99
2016-01-20,14.022,14.2,13.986,14.126,14.054,14.257,14.019,14.163,0.037,1382.04
2016-01-21,14.126,14.186,13.875,14.057,14.162,14.216,13.905,14.095,0.038,1350.32
2016-01-22,14.058,14.335,13.991,13.994,14.095,14.365,14.037,14.052,0.058,1459.1
2016-01-25,14.042,14.291,13.998,14.221,14.084,14.323,14.042,14.26,0.039,1054.87
2016-01-26,14.22,14.548,14.199,14.47,14.26,14.579,14.231,14.504,0.034,1198.52
2016-01-27,14.469,14.563,14.334,14.472,14.503,14.593,14.368,14.512,0.04,1403.81
2016-01-28,14.473,14.511,14.044,14.238,14.512,14.547,14.081,14.278,0.04,879.82
2016-01-29,14.244,14.303,14.15,14.232,14.274,14.333,14.183,14.283,0.051,708.46
2016-02-01,14.246,14.404,14.187,14.338,14.28,14.434,14.221,14.376,0.038,1047.47
2016-02-02,14.343,14.389,14.213,14.282,14.373,14.415,14.246,14.318,0.036,1452.74
2016-02-03,14.281,14.787,14.255,14.671,14.318,14.817,14.285,14.705,0.034,1877.61
2016-02-04,14.672,14.907,14.62,14.858,14.704,14.939,14.65,14.892,0.034,1348.63
2016-02-05,14.86,15.036,14.641,14.966,14.892,15.07,14.671,15.043,0.077,2305.09
2016-02-08,14.917,15.443,14.875,15.344,14.958,15.474,14.905,15.384,0.04,1640.56
2016-02-09,15.343,15.436,15.175,15.223,15.384,15.466,15.207,15.255,0.032,2211.03
2016-02-10,15.223,15.29,15.071,15.269,15.256,15.325,15.107,15.307,0.038,3133.98
2016-02-11,15.272,15.934,15.265,15.675,15.309,15.971,15.304,15.713,0.038,3682.85
2016-02-12,15.672,15.79,15.606,15.712,15.712,15.823,15.636,15.777,0.065,2698.63
2016-02-15,15.679,15.693,15.191,15.294,15.721,15.729,15.223,15.326,0.032,1185.32
2016-02-16,15.294,15.416,15.12,15.231,15.326,15.45,15.154,15.269,0.038,2548.24
2016-02-17,15.231,15.373,15.144,15.254,15.27,15.403,15.174,15.299,0.045,1592.13
2016-02-18,15.255,15.538,15.188,15.42,15.298,15.568,15.218,15.45,0.03,2031.23
2016-02-19,15.422,15.461,15.258,15.312,15.452,15.494,15.289,15.377,0.065,2364.88
2016-02-22,15.307,15.33,14.916,15.178,15.349,15.36,14.951,15.208,0.03,1729.59
2016-02-23,15.181,15.338,15.157,15.31,15.211,15.371,15.189,15.348,0.038,1846.9
2016-02-24,15.309,15.572,15.161,15.201,15.348,15.602,15.191,15.239,0.038,2856.98
2016-02-25,15.202,15.31,15.018,15.147,15.238,15.34,15.046,15.177,0.03,2305.12
2016-02-26,15.149,15.211,14.661,14.671,15.179,15.243,14.692,14.724,0.053,2491.81
2016-02-29,14.718,14.911,14.603,14.878,14.756,14.945,14.633,14.913,0.035,2029.93
2016-03-01,14.877,15.06,14.711,14.804,14.914,15.094,14.741,14.834,0.03,2022.33
2016-03-02,14.805,15.009,14.74,14.934,14.835,15.042,14.77,14.967,0.033,2398.96
2016-03-03,14.935,15.301,14.834,15.15,14.967,15.332,14.866,15.182,0.032,2300.87
2016-03-04,15.155,15.784,15.112,15.498,15.185,15.816,15.142,15.561,0.063,3535.84
2016-03-07,15.575,15.785,15.443,15.635,15.613,15.815,15.48,15.673,0.038,2584.99
2016-03-08,15.636,15.721,15.301,15.367,15.672,15.751,15.343,15.401,0.034,2426.83
2016-03-09,15.368,15.427,15.177,15.28,15.4,15.457,15.207,15.32,0.04,1927.68
2016-03-10,15.281,15.627,15.138,15.57,15.32,15.661,15.17,15.604,0.034,2712.48
2016-03-11,15.568,15.719,15.444,15.457,15.605,15.758,15.476,15.521,0.064,1866.31
2016-03-14,15.498,15.806,15.274,15.37,15.536,15.836,15.305,15.4,0.03,1792.05
2016-03-15,15.372,15.385,15.176,15.271,15.402,15.415,15.206,15.301,0.03,1440.09
2016-03-16,15.274,15.639,15.168,15.571,15.304,15.669,15.215,15.601,0.03,1765.13
2016-03-17,15.57,16.027,15.53,15.911,15.6,16.06,15.56,15.941,0.03,2761.18
2016-03-18,15.909,16.129,15.717,15.774,15.939,16.154,15.747,15.829,0.055,1623.99
2016-03-21,15.774,15.889,15.688,15.804,15.808,15.919,15.719,15.834,0.03,1206.13
2016-03-22,15.801,15.998,15.751,15.856,15.831,16.027,15.781,15.887,0.031,1762.83
2016-03-23,15.855,15.896,15.211,15.26,15.888,15.926,15.245,15.293,0.033,2240.0
2016-03-24,15.26,15.319,15.125,15.17,15.29,15.349,15.161,15.242,0.072,1130.2
2016-03-28,15.173,15.35,15.128,15.231,15.214,15.386,15.158,15.263,0.032,1159.52
2016-03-29,15.231,15.361,15.045,15.345,15.261,15.396,15.075,15.375,0.03,1593.41
2016-03-30,15.345,15.436,15.164,15.232,15.375,15.463,15.197,15.272,0.04,1528.18
2016-03-31,15.232,15.515,15.183,15.419,15.271,15.546,15.214,15.451,0.032,1612.76
2016-04-01,15.419,15.46,14.776,15.012,15.449,15.49,14.807,15.088,0.076,2145.64
2016-04-04,15.005,15.089,14.877,14.93,15.039,15.119,14.915,14.964,0.034,1230.13
2016-04-05,14.93,15.2,14.925,15.119,14.962,15.231,14.957,15.149,0.03,1068.98
2016-04-06,15.121,15.181,14.912,15.098,15.151,15.215,14.942,15.131,0.033,1879.56
2016-04-07,15.099,15.35,15.05,15.194,15.131,15.38,15.08,15.224,0.03,1772.78
2016-04-08,15.194,15.375,15.113,15.344,15.224,15.409,15.145,15.399,0.055,1270.96
2016-04-11,15.373,15.958,15.352,15.889,15.407,15.988,15.382,15.919,0.03,1889.79
2016-04-12,15.89,16.199,15.751,16.118,15.921,16.366,15.803,16.153,0.035,2714.44
2016-04-13,16.119,16.306,15.984,16.172,16.153,16.338,16.016,16.202,0.03,2390.4
2016-04-14,16.17,16.238,15.89,16.153,16.2,16.268,15.92,16.185,0.032,1804.36
2016-04-15,16.153,16.357,16.08,16.204,16.186,16.388,16.11,16.255,0.051,1803.34
2016-04-18,16.235,16.311,16.102,16.161,16.268,16.343,16.132,16.199,0.038,1339.48
2016-04-19,16.162,17.065,16.151,16.921,16.199,17.1,16.181,16.955,0.034,3247.32
2016-04-20,16.92,17.22,16.824,16.944,16.956,17.25,16.854,16.977,0.033,3230.58
2016-04-21,16.947,17.683,16.73,17.003,16.977,17.715,16.765,17.037,0.034,5264.72
2016-04-22,17.002,17.331,16.829,16.94,17.037,17.367,16.865,17.005,0.065,3090.66
2016-04-25,16.998,17.105,16.79,16.963,17.035,17.138,16.822,16.994,0.031,2852.82
2016-04-26,16.961,17.158,16.818,17.152,16.993,17.191,16.848,17.182,0.03,2575.87
2016-04-27,17.152,17.41,17.038,17.253,17.183,17.443,17.082,17.287,0.034,4789.91
2016-04-28,17.257,17.632,17.131,17.581,17.287,17.662,17.161,17.611,0.03,4390.76
2016-04-29,17.586,17.948,17.575,17.809,17.616,17.982,17.605,17.867,0.058,2828.18
2016-05-02,17.855,18.002,17.474,17.533,17.887,18.032,17.504,17.563,0.03,3172.95
2016-05-03,17.529,17.71,17.316,17.457,17.559,17.74,17.346,17.487,0.03,4336.78
2016-05-04,17.456,17.47,17.166,17.444,17.486,17.5,17.196,17.474,0.03,3876.99
2016-05-05,17.445,17.628,17.233,17.364,17.475,17.658,17.263,17.394,0.03,4435.07
2016-05-06,17.366,17.582,17.182,17.434,17.396,17.612,17.244,17.506,0.072,4970.28
2016-05-09,17.405,17.461,16.916,16.957,17.435,17.491,16.95,16.987,0.03,4900.21
2016-05-10,16.955,17.144,16.88,17.08,16.985,17.174,16.914,17.11,0.03,4083.12
2016-05-11,17.081,17.568,17.081,17.405,17.111,17.598,17.111,17.435,0.03,4407.01
2016-05-12,17.401,17.442,16.948,17.056,17.431,17.472,17.0,17.086,0.03,4963.31
2016-05-13,17.049,17.163,16.813,17.079,17.079,17.193,16.857,17.138,0.059,4442.92
2016-05-16,17.103,17.379,17.053,17.155,17.133,17.409,17.083,17.185,0.03,4356.07
2016-05-17,17.154,17.332,17.028,17.238,17.184,17.362,17.067,17.272,0.034,4181.88
2016-05-18,17.238,17.276,16.688,16.882,17.27,17.306,16.726,16.912,0.03,5098.6
2016-05-19,16.881,16.901,16.323,16.502,16.911,16.931,16.353,16.532,0.03,5046.67
2016-05-20,16.501,16.64,16.404,16.509,16.532,16.67,16.434,16.565,0.056,3558.63
2016-05-23,16.469,16.554,16.295,16.367,16.504,16.584,16.325,16.397,0.03,3877.51
2016-05-24,16.368,16.428,16.155,16.199,16.398,16.458,16.187,16.231,0.032,3581.95
2016-05-25,16.202,16.348,16.199,16.292,16.232,16.378,16.229,16.328,0.036,3578.71
2016-05-26,16.291,16.55,16.283,16.334,16.323,16.58,16.316,16.368,0.034,3334.85
2016-05-27,16.333,16.353,16.11,16.202,16.367,16.387,16.148,16.256,0.054,3098.05
2016-05-30,16.152,16.152,15.885,16.003,16.188,16.188,15.915,16.037,0.034,1710.53
2016-05-31,16.003,16.148,15.943,15.995,16.038,16.178,15.973,16.025,0.03,3495.7
2016-06-01,15.994,16.072,15.808,15.952,16.027,16.102,15.836,15.982,0.03,3284.78
2016-06-02,15.951,16.036,15.9,15.962,15.981,16.067,15.93,15.992,0.03,3225.15
2016-06-03,15.961,16.438,15.945,16.382,15.991,16.472,15.975,16.446,0.064,2559.46
2016-06-06,16.432,16.517,16.341,16.452,16.464,16.547,16.371,16.484,0.032,3129.69
2016-06-07,16.455,16.471,16.232,16.374,16.485,16.501,16.263,16.408,0.034,2483.86
2016-06-08,16.376,17.158,16.376,17.138,16.406,17.192,16.406,17.173,0.035,3630.82
2016-06-09,17.137,17.318,16.933,17.223,17.173,17.349,16.963,17.256,0.033,3326.57
2016-06-10,17.223,17.363,17.144,17.307,17.257,17.393,17.174,17.354,0.047,2915.23
2016-06-13,17.355,17.445,17.089,17.417,17.385,17.486,17.12,17.447,0.03,3311.18
2016-06-14,17.418,17.476,17.21,17.374,17.448,17.504,17.24,17.404,0.03,2557.18
2016-06-15,17.373,17.599,17.33,17.54,17.403,17.629,17.36,17.57,0.03,3460.95
2016-06-16,17.541,17.848,17.108,17.257,17.571,17.879,17.177,17.289,0.032,4786.36
2016-06-17,17.256,17.492,17.198,17.467,17.289,17.531,17.229,17.527,0.06,2699.8
2016-06-20,17.418,17.631,17.282,17.449,17.453,17.662,17.312,17.482,0.033,2440.08
2016-06-21,17.451,17.568,17.168,17.241,17.482,17.602,17.198,17.272,0.031,3584.59
2016-06-22,17.242,17.333,17.093,17.234,17.272,17.363,17.128,17.264,0.03,2908.86
2016-06-23,17.23,17.553,17.112,17.378,17.263,17.611,17.156,17.412,0.034,1737.56
2016-06-24,17.378,18.305,17.281,17.644,17.413,18.358,17.317,17.832,0.188,1411.27
2016-06-27,17.864,17.87,17.62,17.733,17.897,17.902,17.653,17.766,0.033,2582.16
2016-06-28,17.734,17.836,17.516,17.763,17.767,17.866,17.546,17.793,0.03,3427.26
2016-06-29,17.761,18.457,17.761,18.215,17.793,18.493,17.793,18.245,0.03,3455.92
2016-06-30,18.216,18.804,18.181,18.763,18.247,18.835,18.211,18.793,0.03,3431.05
2016-07-01,18.764,19.883,18.703,19.717,18.794,19.913,18.733,19.847,0.13,3305.85
2016-07-04,19.932,21.114,19.912,20.387,19.967,21.167,19.948,20.421,0.034,1063.75
2016-07-05,20.388,20.437,19.513,20.228,20.422,20.468,19.552,20.263,0.035,5990.04
2016-07-06,20.227,20.495,19.847,20.149,20.262,20.525,19.88,20.184,0.035,1009.91
2016-07-07,20.148,20.254,19.453,19.743,20.181,20.289,19.483,19.777,0.034,1027.37
2016-07-08,19.743,20.312,19.208,20.248,19.773,20.342,19.243,20.31,0.062,1223.58
2016-07-11,20.458,20.669,20.098,20.272,20.488,20.701,20.128,20.302,0.03,1499.75
2016-07-12,20.273,20.519,19.952,20.147,20.303,20.549,19.982,20.182,0.035,1626.85
2016-07-13,20.147,20.469,19.884,20.408,20.179,20.499,19.914,20.439,0.031,1394.24
2016-07-14,20.408,20.538,19.994,20.303,20.441,20.568,20.024,20.333,0.03,1265.92
2016-07-15,20.303,20.317,19.988,20.188,20.336,20.348,20.018,20.255,0.067,1045.04
2016-07-18,20.177,20.207,19.698,19.977,20.211,20.237,19.728,20.015,0.038,778.11
2016-07-19,19.977,20.006,19.797,19.873,20.012,20.036,19.827,19.905,0.032,649.61
2016-07-20,19.873,19.974,19.243,19.273,19.907,20.004,19.276,19.306,0.033,2180.76
2016-07-21,19.272,19.87,19.204,19.808,19.303,19.9,19.235,19.842,0.034,2650.37
2016-07-22,19.808,19.937,19.552,19.611,19.842,19.967,19.582,19.658,0.047,2691.58
2016-07-25,19.587,19.695,19.292,19.498,19.62,19.725,19.322,19.529,0.031,1754.12
2016-07-26,19.498,19.73,19.488,19.625,19.529,19.76,19.519,19.659,0.034,1031.6
2016-07-27,19.624,20.395,19.51,20.278,19.658,20.427,19.54,20.312,0.034,1151.67
2016-07-28,20.278,20.506,20.053,20.158,20.312,20.536,20.119,20.188,0.03,2053.96
2016-07-29,20.151,20.394,19.95,20.306,20.181,20.424,19.98,20.366,0.06,2543.37
2016-08-01,20.355,20.637,20.284,20.437,20.385,20.667,20.314,20.467,0.03,2040.09
2016-08-02,20.434,20.772,20.323,20.617,20.464,20.802,20.353,20.649,0.032,2365.05
2016-08-03,20.617,20.717,20.358,20.408,20.649,20.747,20.388,20.438,0.03,1939.34
2016-08-04,20.407,20.508,20.034,20.328,20.437,20.538,20.068,20.36,0.032,2112.71
2016-08-05,20.327,20.422,19.67,19.686,20.358,20.452,19.712,19.73,0.044,1842.88
2016-08-08,19.658,19.856,19.61,19.73,19.692,19.886,19.64,19.76,0.03,1555.83
2016-08-09,19.728,19.926,19.581,19.903,19.76,19.958,19.608,19.935,0.032,1291.03
2016-08-10,19.903,20.48,19.892,20.173,19.935,20.506,19.922,20.203,0.03,2280.27
2016-08-11,20.172,20.307,19.875,20.008,20.202,20.339,19.905,20.042,0.034,1890.42
2016-08-12,20.008,20.213,19.645,19.687,20.041,20.243,19.675,19.734,0.047,1824.75
2016-08-15,19.807,20.035,19.688,19.828,19.837,20.065,19.718,19.859,0.031,1580.52
2016-08-16,19.83,20.098,19.704,19.841,19.86,20.128,19.732,19.873,0.032,1777.94
2016-08-17,19.841,19.88,19.36,19.743,19.872,19.91,19.404,19.777,0.034,1704.71
2016-08-18,19.745,19.925,19.615,19.694,19.777,19.953,19.645,19.727,0.033,1690.64
2016-08-19,19.694,19.702,19.223,19.278,19.727,19.732,19.253,19.34,0.062,1296.25
2016-08-22,18.993,19.054,18.813,18.865,19.027,19.084,18.844,18.895,0.03,2279.97
2016-08-23,18.865,19.111,18.805,18.853,18.895,19.141,18.864,18.883,0.03,1657.74
2016-08-24,18.854,18.987,18.526,18.561,18.884,19.017,18.558,18.595,0.034,1269.97
2016-08-25,18.555,18.655,18.463,18.544,18.589,18.685,18.501,18.574,0.03,871.38
2016-08-26,18.546,19.05,18.529,18.62,18.576,19.096,18.565,18.685,0.065,1092.69
2016-08-29,18.554,18.881,18.38,18.867,18.588,18.916,18.413,18.897,0.03,1819.45
2016-08-30,18.868,18.953,18.561,18.629,18.898,18.983,18.599,18.659,0.03,2118.5
2016-08-31,18.627,18.855,18.537,18.694,18.657,18.885,18.561,18.728,0.034,1708.17
2016-09-01,18.695,18.93,18.572,18.902,18.728,18.96,18.602,18.932,0.03,1853.95
2016-09-02,18.902,19.431,18.739,19.424,18.932,19.478,18.769,19.471,0.047,2236.72
2016-09-05,19.355,19.564,19.288,19.535,19.385,19.595,19.318,19.575,0.04,1065.84
2016-09-06,19.536,20.119,19.458,19.993,19.575,20.149,19.488,20.026,0.033,2434.2
2016-09-07,19.995,20.121,19.718,19.791,20.026,20.151,19.748,19.822,0.031,1597.86
2016-09-08,19.794,19.928,19.542,19.568,19.824,19.958,19.572,19.598,0.03,1956.49
2016-09-09,19.565,19.644,19.007,19.022,19.595,19.674,19.038,19.072,0.05,1968.71
2016-09-12,19.086,19.168,18.702,19.164,19.12,19.198,18.732,19.194,0.03,2465.01
2016-09-13,19.166,19.277,18.781,18.933,19.196,19.307,18.809,18.967,0.034,2892.92
2016-09-14,18.933,19.113,18.778,18.971,18.965,19.143,18.812,19.002,0.031,1897.02
2016-09-15,18.971,19.187,18.806,18.978,19.003,19.252,18.836,19.013,0.035,1960.07
2016-09-16,18.978,19.013,18.648,18.763,19.013,19.043,18.678,18.808,0.045,1684.4
2016-09-19,18.804,19.301,18.777,19.199,18.834,19.331,18.807,19.229,0.03,1711.55
2016-09-20,19.198,19.283,19.066,19.26,19.228,19.313,19.096,19.292,0.032,1508.33
2016-09-21,19.262,19.86,19.017,19.82,19.293,19.89,19.044,19.853,0.033,2386.36
2016-09-22,19.822,20.057,19.69,19.873,19.853,20.093,19.72,19.903,0.03,2396.8
2016-09-23,19.873,19.928,19.575,19.656,19.904,19.958,19.605,19.719,0.063,2067.91
2016-09-26,19.693,19.733,19.342,19.428,19.725,19.763,19.372,19.458,0.03,16865.36
2016-09-27,19.431,19.536,18.968,19.137,19.461,19.566,18.998,19.167,0.03,16664.6
2016-09-28,19.133,19.238,18.906,19.218,19.165,19.268,18.934,19.248,0.03,17837.24
2016-09-29,19.217,19.378,18.98,19.088,19.247,19.409,19.01,19.122,0.034,17300.92
2016-09-30,19.088,19.69,19.049,19.148,19.119,19.72,19.079,19.203,0.055,19414.6
2016-10-03,19.142,19.304,18.695,18.838,19.175,19.336,18.725,18.87,0.032,13211.47
2016-10-04,18.843,18.894,17.704,17.783,18.873,18.924,17.738,17.817,0.034,13864.63
2016-10-05,17.784,18.003,17.54,17.776,17.817,18.033,17.57,17.806,0.03,16306.2
2016-10-06,17.772,17.836,17.097,17.3,17.804,17.866,17.129,17.33,0.03,16989.71
2016-10-07,17.299,17.646,17.083,17.503,17.33,17.676,17.113,17.581,0.078,4635.43
2016-10-10,17.667,17.797,17.565,17.643,17.698,17.829,17.598,17.673,0.03,8963.64
2016-10-11,17.643,17.821,17.419,17.507,17.673,17.851,17.458,17.537,0.03,16343.08
2016-10-12,17.502,17.607,17.343,17.475,17.533,17.637,17.376,17.505,0.03,12393.28
2016-10-13,17.474,17.672,17.4,17.478,17.504,17.702,17.43,17.509,0.031,15337.71
2016-10-14,17.473,17.573,17.298,17.401,17.508,17.603,17.331,17.444,0.043,16264.98
2016-10-17,17.438,17.49,17.331,17.471,17.469,17.521,17.361,17.501,0.03,12697.17
2016-10-18,17.471,17.708,17.462,17.637,17.502,17.739,17.492,17.668,0.031,14795.28
2016-10-19,17.638,17.767,17.548,17.704,17.668,17.797,17.578,17.734,0.03,12686.43
2016-10-20,17.702,17.732,17.431,17.476,17.735,17.762,17.461,17.506,0.03,5476.79
2016-10-21,17.476,17.544,17.383,17.524,17.508,17.576,17.413,17.567,0.043,10588.54
2016-10-24,17.512,17.872,17.453,17.568,17.542,17.904,17.483,17.602,0.034,6119.27
2016-10-25,17.566,17.813,17.503,17.743,17.601,17.843,17.533,17.775,0.032,3176.54
2016-10-26,17.743,17.858,17.558,17.627,17.775,17.888,17.591,17.657,0.03,2806.5
2016-10-27,17.618,17.718,17.531,17.625,17.652,17.749,17.561,17.659,0.034,2507.14
2016-10-28,17.627,17.899,17.537,17.746,17.661,17.933,17.575,17.78,0.034,2837.49
2016-10-31,17.823,17.91,17.732,17.86,17.855,17.94,17.762,17.892,0.032,2940.81
2016-11-01,17.861,18.486,17.838,18.343,17.893,18.516,17.868,18.373,0.03,4799.91
2016-11-02,18.343,18.729,18.342,18.547,18.378,18.762,18.373,18.577,0.03,4366.98
2016-11-03,18.547,18.637,17.986,18.354,18.578,18.667,18.016,18.388,0.034,4320.26
2016-11-04,18.354,18.47,18.168,18.412,18.388,18.5,18.198,18.449,0.037,3465.69
2016-11-07,18.163,18.276,17.999,18.229,18.193,18.307,18.029,18.262,0.033,3525.81
2016-11-08,18.226,18.724,18.162,18.321,18.256,18.754,18.192,18.355,0.034,5435.2
2016-11-09,18.324,18.987,18.295,18.408,18.358,19.023,18.327,18.445,0.037,9878.04
2016-11-10,18.413,18.974,18.403,18.612,18.447,19.006,18.436,18.646,0.034,7430.89
2016-11-11,18.611,18.835,17.18,17.348,18.645,18.865,17.21,17.39,0.042,4895.29
2016-11-14,17.467,17.492,16.632,16.94,17.497,17.522,16.662,16.97,0.03,4403.99
2016-11-15,16.938,17.127,16.788,17.071,16.973,17.157,16.847,17.102,0.031,4106.57
2016-11-16,17.067,17.227,16.853,16.985,17.097,17.258,16.883,17.016,0.031,5443.35
2016-11-17,16.984,17.088,16.574,16.669,17.016,17.118,16.604,16.699,0.03,4880.0
2016-11-18,16.67,16.754,16.423,16.542,16.704,16.784,16.453,16.593,0.051,5260.53
2016-11-21,16.554,16.759,16.511,16.669,16.588,16.789,16.542,16.702,0.033,3521.9
2016-11-22,16.669,16.883,16.523,16.665,16.703,16.913,16.553,16.696,0.031,4120.6
2016-11-23,16.669,16.691,16.162,16.341,16.7,16.721,16.192,16.371,0.03,5748.97
2016-11-24,16.344,16.404,16.218,16.348,16.375,16.434,16.248,16.384,0.036,2117.56
2016-11-25,16.35,16.58,16.159,16.495,16.382,16.61,16.19,16.561,0.066,2507.7
2016-11-28,16.526,16.856,16.464,16.677,16.559,16.886,16.494,16.707,0.03,6119.48
2016-11-29,16.678,16.714,16.405,16.639,16.712,16.744,16.435,16.673,0.034,5076.95
2016-11-30,16.634,16.76,16.403,16.493,16.666,16.79,16.433,16.524,0.031,6050.61
2016-12-01,16.492,16.67,16.24,16.551,16.523,16.7,16.274,16.586,0.035,4897.66
2016-12-02,16.549,16.795,16.309,16.728,16.584,16.826,16.339,16.761,0.033,4567.43
2016-12-05,16.788,16.884,16.488,16.736,16.821,16.914,16.518,16.767,0.031,6515.13
2016-12-06,16.745,16.887,16.65,16.717,16.775,16.917,16.705,16.748,0.031,3068.93
2016-12-07,16.717,17.225,16.64,17.14,16.747,17.255,16.67,17.17,0.03,2985.09
2016-12-08,17.14,17.211,16.92,17.006,17.174,17.242,16.981,17.036,0.03,3140.52
2016-12-09,17.004,17.113,16.775,16.84,17.034,17.143,16.809,16.879,0.039,2166.76
2016-12-12,16.888,17.19,16.659,17.063,16.922,17.2,16.689,17.094,0.031,2637.9
2016-12-13,17.062,17.154,16.757,16.899,17.093,17.184,16.787,16.929,0.03,3412.25
2016-12-14,16.904,17.209,16.734,16.823,16.938,17.251,16.764,16.854,0.031,3836.92
2016-12-15,16.823,16.94,15.868,15.985,16.859,16.971,15.89,16.018,0.033,5710.27
2016-12-16,15.984,16.253,15.919,16.074,16.014,16.299,15.952,16.118,0.044,2989.69
2016-12-19,16.102,16.202,15.891,15.978,16.137,16.234,15.926,16.011,0.033,3399.51
2016-12-20,15.978,16.086,15.619,16.043,16.01,16.143,15.653,16.077,0.034,2164.54
2016-12-21,16.04,16.169,15.885,15.937,16.071,16.199,15.917,15.973,0.036,2250.59
2016-12-22,15.937,16.026,15.75,15.814,15.973,16.056,15.786,15.845,0.031,1093.59
2016-12-23,15.811,15.855,15.678,15.707,15.845,15.885,15.708,15.788,0.081,437.48
2016-12-26,15.762,15.805,15.757,15.768,15.811,15.846,15.791,15.799,0.031,8.55
2016-12-27,15.769,16.046,15.698,15.945,15.804,16.078,15.728,15.975,0.03,861.81
2016-12-28,15.945,16.071,15.804,15.994,15.976,16.126,15.836,16.024,0.03,1256.31
2016-12-29,15.998,16.229,15.978,16.186,16.035,16.261,16.022,16.225,0.039,1109.65
2016-12-30,16.19,16.256,15.828,15.886,16.228,16.296,15.863,15.967,0.081,1131.06
2017-01-02,15.92,15.962,15.905,15.961,15.977,16.016,15.95,15.992,0.031,19.28
2017-01-03,15.961,16.49,15.89,16.28,15.992,16.52,15.92,16.311,0.031,4325.8
2017-01-04,16.279,16.512,16.241,16.469,16.313,16.545,16.272,16.503,0.034,3666.59
2017-01-05,16.468,16.709,16.458,16.601,16.502,16.739,16.49,16.635,0.034,5428.45
2017-01-06,16.599,16.66,16.239,16.468,16.629,16.694,16.294,16.503,0.035,4205.4
2017-01-09,16.509,16.677,16.406,16.577,16.543,16.709,16.436,16.608,0.031,3742.74
2017-01-10,16.575,16.899,16.52,16.76,16.606,16.932,16.55,16.794,0.034,4171.85
2017-01-11,16.761,16.861,16.52,16.749,16.795,16.892,16.551,16.783,0.034,4759.74
2017-01-12,16.752,16.982,16.714,16.785,16.786,17.012,16.744,16.819,0.034,3535.44
2017-01-13,16.785,16.83,16.584,16.807,16.819,16.862,16.614,16.837,0.03,4117.67
2017-01-16,16.862,16.918,16.763,16.799,16.896,16.948,16.8,16.831,0.032,1947.91
2017-01-17,16.796,17.207,16.788,17.142,16.832,17.237,16.818,17.176,0.034,3852.91
2017-01-18,17.138,17.323,17.019,17.05,17.172,17.353,17.053,17.081,0.031,2774.6
2017-01-19,17.05,17.108,16.722,16.983,17.084,17.138,16.752,17.017,0.034,4971.46
2017-01-20,16.982,17.147,16.811,17.071,17.016,17.177,16.841,17.11,0.039,3624.17
2017-01-23,17.146,17.245,17.041,17.198,17.178,17.28,17.071,17.232,0.034,3868.95
2017-01-24,17.199,17.28,17.008,17.08,17.23,17.31,17.042,17.111,0.031,2664.12
2017-01-25,17.079,17.088,16.756,16.978,17.113,17.118,16.786,17.009,0.031,3590.45
2017-01-26,16.976,17.026,16.668,16.777,17.01,17.058,16.701,16.811,0.034,2921.22
2017-01-27,16.776,17.24,16.621,17.13,16.81,17.274,16.651,17.16,0.03,3306.64
2017-01-30,17.183,17.268,17.047,17.132,17.214,17.298,17.077,17.166,0.034,2629.64
2017-01-31,17.136,17.606,17.109,17.55,17.166,17.642,17.139,17.565,0.015,3090.07
2017-02-01,17.55,17.626,17.347,17.552,17.56,17.662,17.378,17.582,0.03,4342.64
2017-02-02,17.553,17.727,17.362,17.427,17.583,17.757,17.43,17.457,0.03,3121.14
2017-02-03,17.438,17.535,17.28,17.498,17.468,17.565,17.301,17.536,0.038,2924.85
2017-02-06,17.471,17.744,17.446,17.708,17.503,17.789,17.48,17.738,0.03,2693.58
2017-02-07,17.707,17.781,17.552,17.658,17.741,17.8,17.576,17.694,0.036,3609.64
2017-02-08,17.657,17.86,17.62,17.737,17.693,17.89,17.65,17.771,0.034,4399.24
2017-02-09,17.737,17.835,17.562,17.638,17.771,17.868,17.638,17.668,0.03,3841.21
2017-02-10,17.628,18.002,17.545,17.934,17.662,18.032,17.573,17.964,0.03,4103.16
2017-02-13,17.915,17.996,17.741,17.831,17.946,18.026,17.771,17.864,0.033,2530.49
2017-02-14,17.831,18.065,17.733,17.937,17.865,18.096,17.765,17.967,0.03,4066.64
2017-02-15,17.935,17.978,17.75,17.961,17.965,18.088,17.78,17.991,0.03,3633.9
2017-02-16,17.961,18.129,17.927,18.06,17.991,18.161,17.958,18.092,0.032,3922.97
2017-02-17,18.059,18.077,17.965,17.978,18.093,18.108,17.995,18.008,0.03,3086.08
2017-02-20,18.0,18.064,17.911,18.04,18.034,18.108,17.942,18.071,0.031,973.84
2017-02-21,18.036,18.08,17.828,17.965,18.067,18.113,17.86,17.99,0.025,2495.26
2017-02-22,17.965,18.09,17.912,18.005,17.994,18.134,17.942,18.036,0.031,2456.88
2017-02-23,18.003,18.214,17.93,18.171,18.034,18.412,17.96,18.202,0.031,2679.73
2017-02-24,18.168,18.4,18.15,18.356,18.204,18.43,18.184,18.386,0.03,3237.41
2017-02-27,18.33,18.48,18.195,18.287,18.36,18.51,18.245,18.317,0.03,2365.4
2017-02-28,18.286,18.452,18.229,18.291,18.316,18.485,18.259,18.322,0.031,3394.45
2017-03-01,18.287,18.454,18.22,18.376,18.32,18.539,18.252,18.407,0.031,3774.78
2017-03-02,18.377,18.425,17.674,17.805,18.409,18.456,17.704,17.835,0.03,3331.23
2017-03-03,17.813,17.976,17.619,17.963,17.847,18.006,17.649,17.993,0.03,4623.29
2017-03-06,17.932,17.935,17.689,17.757,17.964,17.969,17.719,17.791,0.034,1951.56
2017-03-07,17.756,17.773,17.449,17.491,17.788,17.807,17.491,17.521,0.03,2675.6
2017-03-08,17.49,17.539,17.197,17.239,17.524,17.573,17.237,17.269,0.03,3117.68
2017-03-09,17.235,17.28,16.86,16.913,17.267,17.311,16.896,16.945,0.032,3279.2
2017-03-10,16.91,17.077,16.824,17.024,16.942,17.11,16.854,17.054,0.03,3511.67
2017-03-13,16.989,17.139,16.883,16.932,17.022,17.17,16.916,16.962,0.03,1257.22
2017-03-14,16.924,17.044,16.854,16.913,16.958,17.074,16.885,16.943,0.03,1582.71
2017-03-15,16.912,17.342,16.817,17.316,16.942,17.382,16.847,17.35,0.034,2421.38
2017-03-16,17.327,17.552,17.236,17.297,17.357,17.582,17.267,17.329,0.032,2241.81
2017-03-17,17.299,17.407,17.217,17.385,17.329,17.437,17.247,17.415,0.03,1405.44
2017-03-20,17.405,17.452,17.336,17.442,17.435,17.482,17.366,17.464,0.022,1174.52
2017-03-21,17.44,17.587,17.31,17.519,17.461,17.618,17.34,17.549,0.03,1869.39
2017-03-22,17.522,17.582,17.438,17.51,17.552,17.614,17.468,17.54,0.03,1795.14
2017-03-23,17.501,17.682,17.498,17.577,17.532,17.715,17.528,17.607,0.03,1861.71
2017-03-24,17.577,17.772,17.517,17.756,17.611,17.802,17.547,17.786,0.03,1311.21
2017-03-27,17.829,18.125,17.817,18.041,17.863,18.155,17.847,18.071,0.03,1496.41
2017-03-28,18.043,18.228,17.981,18.137,18.073,18.258,18.011,18.167,0.03,1811.3
2017-03-29,18.135,18.247,18.017,18.204,18.165,18.278,18.047,18.234,0.03,1385.45
2017-03-30,18.204,18.291,18.04,18.113,18.234,18.321,18.07,18.147,0.034,1621.11
2017-03-31,18.112,18.259,18.03,18.249,18.144,18.289,18.064,18.289,0.04,1235.53
2017-04-03,18.208,18.278,18.07,18.269,18.236,18.315,18.1,18.299,0.03,1033.15
2017-04-04,18.274,18.408,18.192,18.277,18.304,18.438,18.222,18.308,0.031,1297.36
2017-04-05,18.273,18.337,18.123,18.324,18.303,18.367,18.153,18.354,0.03,1943.23
2017-04-06,18.324,18.337,18.147,18.227,18.354,18.367,18.177,18.258,0.031,1325.94
2017-04-07,18.223,18.463,17.85,17.974,18.255,18.493,17.884,18.017,0.043,2738.77
2017-04-10,17.991,18.003,17.735,17.954,18.024,18.033,17.767,17.984,0.03,1559.27
2017-04-11,17.957,18.369,17.899,18.362,17.987,18.399,17.929,18.396,0.034,1953.28
2017-04-12,18.363,18.527,18.235,18.506,18.393,18.566,18.265,18.54,0.034,1755.89
2017-04-13,18.505,18.597,18.405,18.527,18.539,18.627,18.436,18.562,0.035,1876.07
2017-04-17,18.606,18.643,18.352,18.365,18.636,18.674,18.382,18.395,0.03,1076.08
2017-04-18,18.367,18.43,18.066,18.289,18.397,18.46,18.097,18.319,0.03,2005.14
2017-04-19,18.296,18.296,18.084,18.193,18.326,18.328,18.114,18.223,0.03,1732.75
2017-04-20,18.188,18.227,17.862,18.009,18.218,18.257,17.892,18.039,0.03,2150.92
2017-04-21,18.003,18.039,17.795,17.906,18.033,18.069,17.825,17.974,0.068,2045.99
2017-04-24,17.859,18.001,17.714,17.961,17.894,18.031,17.744,17.995,0.034,1633.89
2017-04-25,17.961,17.996,17.548,17.616,17.995,18.026,17.578,17.649,0.033,2020.02
2017-04-26,17.616,17.628,17.311,17.444,17.65,17.661,17.346,17.474,0.03,3147.57
2017-04-27,17.442,17.49,17.221,17.29,17.474,17.52,17.256,17.32,0.03,1758.93
2017-04-28,17.3,17.415,17.152,17.18,17.311,17.445,17.182,17.223,0.043,1421.7
2017-05-01,17.237,17.238,16.793,16.899,17.268,17.269,16.818,16.926,0.027,826.02
2017-05-02,16.899,16.998,16.781,16.856,16.921,17.018,16.798,16.878,0.022,726.16
2017-05-03,16.856,16.88,16.398,16.466,16.88,16.901,16.423,16.491,0.025,1007.03
2017-05-04,16.465,16.631,16.205,16.358,16.491,16.651,16.223,16.383,0.025,1444.21
2017-05-05,16.36,16.513,16.216,16.287,16.381,16.536,16.236,16.385,0.098,1271.77
2017-05-08,16.436,16.441,16.199,16.281,16.464,16.467,16.247,16.304,0.023,711.86
2017-05-09,16.278,16.31,16.053,16.19,16.305,16.332,16.07,16.219,0.029,872.68
2017-05-10,16.19,16.34,16.14,16.175,16.218,16.36,16.158,16.202,0.027,756.36
2017-05-11,16.185,16.387,16.168,16.328,16.206,16.407,16.191,16.353,0.025,756.94
2017-05-12,16.329,16.483,16.303,16.449,16.35,16.502,16.327,16.491,0.042,780.03
2017-05-15,16.461,16.815,16.415,16.648,16.485,16.832,16.435,16.679,0.031,1058.4
2017-05-16,16.654,16.934,16.65,16.922,16.68,16.96,16.674,16.952,0.03,1159.45
2017-05-17,16.92,17.031,16.755,16.925,16.951,17.052,16.785,16.951,0.026,1227.76
2017-05-18,16.928,16.949,16.437,16.653,16.95,16.974,16.458,16.679,0.026,1315.72
2017-05-19,16.651,16.873,16.609,16.821,16.681,16.944,16.634,16.927,0.106,963.62
2017-05-22,16.981,17.207,16.838,17.186,17.01,17.226,16.866,17.207,0.021,1211.34
2017-05-23,17.183,17.301,17.028,17.052,17.211,17.323,17.047,17.08,0.028,1157.75
2017-05-24,17.061,17.23,16.891,17.173,17.077,17.261,16.915,17.199,0.026,938.46
2017-05-25,17.179,17.261,17.092,17.139,17.199,17.281,17.128,17.168,0.029,1386.17
2017-05-26,17.133,17.381,17.12,17.309,17.162,17.402,17.149,17.395,0.086,1411.6
2017-05-29,17.374,17.439,17.313,17.376,17.404,17.462,17.34,17.409,0.033,221.31
2017-05-30,17.376,17.464,17.21,17.345,17.409,17.488,17.236,17.375,0.03,1562.31
2017-05-31,17.339,17.419,17.23,17.337,17.369,17.445,17.256,17.363,0.026,1743.8
2017-06-01,17.338,17.374,17.0,17.212,17.363,17.399,17.026,17.238,0.026,1667.05
2017-06-02,17.213,17.574,17.125,17.547,17.239,17.598,17.15,17.574,0.027,1608.16
2017-06-05,17.56,17.642,17.488,17.53,17.58,17.668,17.513,17.556,0.026,1242.39
2017-06-06,17.53,17.738,17.515,17.686,17.556,17.764,17.541,17.712,0.026,1476.68
2017-06-07,17.685,17.726,17.505,17.534,17.711,17.747,17.534,17.562,0.028,1552.83
2017-06-08,17.533,17.683,17.291,17.43,17.559,17.705,17.314,17.459,0.029,1958.02
2017-06-09,17.43,17.434,17.172,17.177,17.455,17.461,17.189,17.237,0.06,1471.14
2017-06-12,17.175,17.225,16.904,16.94,17.204,17.251,16.925,16.966,0.026,1727.96
2017-06-13,16.941,16.948,16.722,16.842,16.966,16.976,16.745,16.866,0.024,1764.44
2017-06-14,16.842,17.357,16.8,16.957,16.868,17.384,16.828,16.986,0.029,2743.18
2017-06-15,16.957,17.078,16.646,16.752,16.987,17.105,16.673,16.777,0.025,2464.6
2017-06-16,16.753,16.824,16.647,16.662,16.783,16.847,16.673,16.722,0.06,1466.03
2017-06-19,16.695,16.701,16.47,16.488,16.721,16.724,16.493,16.514,0.026,1426.82
2017-06-20,16.488,16.633,16.393,16.498,16.517,16.659,16.414,16.525,0.027,1608.24
2017-06-21,16.499,16.529,16.349,16.494,16.525,16.554,16.375,16.52,0.026,1161.11
2017-06-22,16.491,16.673,16.491,16.598,16.521,16.698,16.521,16.624,0.026,1332.1
2017-06-23,16.601,16.788,16.56,16.688,16.626,16.815,16.586,16.756,0.068,1029.64
2017-06-26,16.706,16.715,16.264,16.569,16.733,16.739,16.287,16.595,0.026,1887.74
2017-06-27,16.567,16.748,16.522,16.685,16.589,16.772,16.548,16.711,0.026,1858.63
2017-06-28,16.685,16.856,16.678,16.814,16.711,16.886,16.706,16.841,0.027,2013.63
2017-06-29,16.819,16.893,16.594,16.64,16.843,16.918,16.621,16.666,0.026,1956.81
2017-06-30,16.642,16.694,16.507,16.541,16.666,16.724,16.537,16.699,0.158,1945.24
2017-07-03,16.62,16.628,16.091,16.182,16.644,16.655,16.117,16.208,0.026,2167.91
2017-07-04,16.178,16.199,16.039,16.152,16.205,16.225,16.064,16.178,0.026,1163.23
2017-07-05,16.15,16.216,15.877,16.074,16.172,16.239,15.899,16.1,0.026,1939.88
2017-07-06,16.072,16.167,15.092,15.82,16.097,16.31,15.485,15.856,0.036,1408.05
2017-07-07,15.818,15.993,15.354,15.574,15.853,16.024,15.38,15.657,0.083,1603.6
2017-07-10,15.599,15.733,15.177,15.673,15.628,15.757,15.203,15.7,0.027,2215.14
2017-07-11,15.678,15.852,15.456,15.851,15.703,15.884,15.475,15.877,0.026,2352.86
2017-07-12,15.814,15.833,15.788,15.818,15.827,15.846,15.801,15.831,0.013,26.67
2017-07-13,15.896,15.976,15.669,15.685,15.921,16.001,15.699,15.711,0.026,2289.86
2017-07-14,15.687,16.078,15.6,15.975,15.713,16.119,15.626,16.002,0.027,2350.22
2017-07-17,16.038,16.196,15.965,16.092,16.063,16.216,15.987,16.117,0.025,1641.86
2017-07-18,16.091,16.326,16.084,16.278,16.117,16.349,16.11,16.308,0.03,1863.89
2017-07-19,16.279,16.355,16.147,16.285,16.309,16.38,16.173,16.311,0.026,1316.9
2017-07-20,16.285,16.409,16.131,16.307,16.311,16.438,16.157,16.333,0.026,2288.58
2017-07-21,16.304,16.52,16.293,16.506,16.33,16.562,16.323,16.55,0.044,1531.79
2017-07-24,16.517,16.583,16.416,16.451,16.541,16.611,16.443,16.486,0.035,1588.19
2017-07-25,16.448,16.61,16.241,16.401,16.484,16.645,16.267,16.428,0.027,2081.63
2017-07-26,16.402,16.687,16.294,16.615,16.432,16.72,16.32,16.641,0.026,2617.7
2017-07-27,16.615,16.81,16.535,16.576,16.642,16.852,16.571,16.607,0.031,2243.83
2017-07-28,16.577,16.745,16.512,16.731,16.611,16.791,16.539,16.791,0.06,1935.19
2017-07-31,16.767,16.871,16.668,16.783,16.797,16.898,16.692,16.811,0.028,1735.93
2017-08-01,16.781,16.881,16.544,16.649,16.811,16.908,16.61,16.685,0.036,1912.21
2017-08-02,16.648,16.761,16.384,16.518,16.684,16.79,16.489,16.555,0.037,1988.89
2017-08-03,16.525,16.69,16.429,16.663,16.552,16.726,16.457,16.699,0.036,1880.3
2017-08-04,16.663,16.745,16.19,16.228,16.699,16.849,16.216,16.296,0.068,2336.27
2017-08-07,16.225,16.291,16.118,16.252,16.26,16.321,16.137,16.288,0.036,1712.88
2017-08-08,16.252,16.486,16.226,16.468,16.288,16.516,16.245,16.496,0.028,1766.14
2017-08-09,16.465,16.952,16.455,16.902,16.493,16.985,16.485,16.936,0.034,2713.8
2017-08-10,16.901,17.234,16.851,17.107,16.935,17.263,16.877,17.138,0.031,2319.42
2017-08-11,17.105,17.191,16.884,17.085,17.14,17.224,16.913,17.144,0.059,1454.5
2017-08-14,17.078,17.202,16.918,16.97,17.112,17.244,16.947,17.003,0.033,2337.34
2017-08-15,16.972,16.995,16.57,16.658,17.006,17.027,16.597,16.688,0.03,2510.46
2017-08-16,16.655,17.125,16.621,17.08,16.691,17.162,16.652,17.107,0.027,2709.37
2017-08-17,17.077,17.165,16.963,17.036,17.107,17.204,16.993,17.067,0.031,3065.7
2017-08-18,17.036,17.307,16.919,16.937,17.065,17.345,16.946,17.023,0.086,3566.96
2017-08-21,16.897,17.117,16.895,17.01,16.927,17.152,16.927,17.046,0.036,2362.88
2017-08-22,17.012,17.109,16.871,16.95,17.045,17.135,16.897,16.976,0.026,2201.6
2017-08-23,16.95,17.096,16.908,17.065,16.976,17.133,16.937,17.095,0.03,2029.76
2017-08-24,17.06,17.096,16.815,16.944,17.086,17.126,16.847,16.97,0.026,2637.77
2017-08-25,16.944,17.175,16.72,17.045,16.969,17.209,16.747,17.099,0.054,2664.91
2017-08-28,17.04,17.553,17.015,17.458,17.071,17.618,17.046,17.504,0.046,1982.61
2017-08-29,17.46,17.66,17.268,17.349,17.506,17.68,17.289,17.383,0.034,3590.54
2017-08-30,17.349,17.47,17.3,17.376,17.383,17.496,17.326,17.405,0.029,2349.68
2017-08-31,17.377,17.614,17.267,17.547,17.405,17.642,17.294,17.577,0.03,2357.05
2017-09-01,17.546,17.743,17.396,17.698,17.575,17.769,17.461,17.758,0.06,2369.58
2017-09-04,17.843,17.932,17.771,17.822,17.873,17.961,17.802,17.852,0.03,1026.64
2017-09-05,17.822,18.001,17.775,17.926,17.85,18.026,17.799,17.956,0.03,2804.59
2017-09-06,17.926,17.983,17.803,17.835,17.953,18.02,17.831,17.861,0.026,2563.52
2017-09-07,17.836,18.138,17.788,18.108,17.869,18.17,17.815,18.136,0.028,2782.84
2017-09-08,18.109,18.205,17.884,17.949,18.138,18.234,17.915,17.996,0.047,2368.34
2017-09-11,17.832,17.909,17.687,17.78,17.874,17.935,17.727,17.806,0.026,1483.35
2017-09-12,17.782,17.952,17.709,17.848,17.807,18.018,17.737,17.873,0.025,1901.44
2017-09-13,17.849,17.953,17.638,17.74,17.874,17.976,17.684,17.768,0.028,1988.01
2017-09-14,17.739,17.839,17.583,17.821,17.766,17.874,17.626,17.86,0.039,1940.22
2017-09-15,17.823,17.83,17.556,17.566,17.858,17.865,17.596,17.61,0.044,2942.11
2017-09-18,17.539,17.615,17.049,17.204,17.565,17.641,17.077,17.234,0.03,2363.46
2017-09-19,17.21,17.319,17.11,17.295,17.236,17.354,17.13,17.323,0.028,2337.62
2017-09-20,17.29,17.387,16.958,17.12,17.32,17.414,16.984,17.146,0.026,2162.32
2017-09-21,17.119,17.145,16.826,16.986,17.143,17.176,16.853,17.012,0.026,3352.83
2017-09-22,16.985,17.055,16.895,16.949,17.012,17.088,16.922,17.035,0.086,2041.01
2017-09-25,16.912,17.164,16.827,17.111,16.942,17.225,16.856,17.143,0.032,2857.35
2017-09-26,17.111,17.242,16.771,16.802,17.144,17.268,16.8,16.833,0.031,2510.66
2017-09-27,16.801,16.902,16.713,16.769,16.83,16.935,16.739,16.796,0.027,2350.89
2017-09-28,16.77,16.892,16.672,16.84,16.8,16.916,16.7,16.867,0.027,2465.74
2017-09-29,16.838,16.869,16.606,16.611,16.868,16.899,16.64,16.679,0.068,3049.53
2017-10-02,16.62,16.722,16.537,16.579,16.647,16.748,16.56,16.606,0.027,2036.16
2017-10-03,16.58,16.658,16.543,16.633,16.607,16.684,16.567,16.659,0.026,1610.34
2017-10-04,16.634,16.877,16.536,16.58,16.663,16.89,16.563,16.61,0.03,2245.17
2017-10-05,16.579,16.736,16.552,16.608,16.609,16.77,16.586,16.638,0.03,2071.29
2017-10-06,16.606,16.853,16.322,16.808,16.631,16.884,16.348,16.85,0.042,2834.68
2017-10-09,16.803,16.981,16.785,16.957,16.833,17.012,16.814,16.987,0.03,1694.53
2017-10-10,16.944,17.243,16.922,17.137,16.983,17.272,16.953,17.174,0.037,3102.62
2017-10-11,17.146,17.223,17.044,17.183,17.172,17.251,17.077,17.209,0.026,2984.55
2017-10-12,17.183,17.251,17.104,17.237,17.21,17.288,17.13,17.267,0.03,2636.11
2017-10-13,17.229,17.397,17.179,17.383,17.263,17.442,17.205,17.442,0.059,2958.34
2017-10-16,17.41,17.453,17.104,17.221,17.436,17.487,17.119,17.247,0.026,3000.41
2017-10-17,17.221,17.242,16.952,17.049,17.251,17.277,16.985,17.076,0.027,3357.55
2017-10-18,17.05,17.095,16.888,16.979,17.08,17.121,16.92,17.009,0.03,3050.99
2017-10-19,16.982,17.279,16.901,17.257,17.008,17.312,16.93,17.284,0.027,3996.73
2017-10-20,17.257,17.266,16.923,17.023,17.284,17.296,16.949,17.066,0.043,4015.8
2017-10-23,16.958,17.098,16.85,17.086,17.003,17.133,16.877,17.112,0.026,3279.79
2017-10-24,17.086,17.137,16.867,16.901,17.116,17.166,16.894,16.927,0.026,3026.08
2017-10-25,16.9,17.022,16.797,16.97,16.926,17.058,16.823,16.996,0.026,3476.47
2017-10-26,16.966,17.024,16.734,16.779,16.992,17.05,16.76,16.805,0.026,3161.8
2017-10-27,16.778,16.852,16.589,16.834,16.805,16.894,16.625,16.894,0.06,3586.73
2017-10-30,16.824,16.886,16.679,16.856,16.851,16.912,16.705,16.881,0.025,2563.94
2017-10-31,16.854,16.886,16.631,16.689,16.88,16.912,16.657,16.719,0.03,2592.3
2017-11-01,16.689,17.186,16.653,17.117,16.715,17.215,16.687,17.143,0.026,4557.7
2017-11-02,17.107,17.232,17.027,17.143,17.142,17.258,17.059,17.173,0.03,5228.51
2017-11-03,17.142,17.168,16.775,16.813,17.169,17.2,16.801,16.873,0.06,3693.82
2017-11-06,16.859,17.248,16.792,17.168,16.889,17.28,16.819,17.198,0.03,3589.8
2017-11-07,17.168,17.182,16.908,16.991,17.194,17.212,16.938,17.021,0.03,5101.58
2017-11-08,16.99,17.242,16.966,17.044,17.017,17.272,16.994,17.074,0.03,5078.88
2017-11-09,17.043,17.132,16.908,17.0,17.069,17.162,16.934,17.03,0.03,6074.42
2017-11-10,17.001,17.09,16.788,16.86,17.031,17.119,16.818,16.92,0.06,5129.56
2017-11-13,16.901,17.062,16.821,17.02,16.932,17.091,16.848,17.05,0.03,4009.85
2017-11-14,17.019,17.083,16.861,17.018,17.046,17.111,16.887,17.048,0.03,4626.15
2017-11-15,17.019,17.192,16.939,16.987,17.045,17.218,16.965,17.017,0.03,5123.16
2017-11-16,16.986,17.116,16.951,17.083,17.013,17.146,16.979,17.113,0.03,4678.84
2017-11-17,17.082,17.37,17.02,17.292,17.112,17.401,17.041,17.335,0.043,3242.3
2017-11-20,17.259,17.265,16.822,16.949,17.29,17.296,16.86,16.979,0.03,4967.24
2017-11-21,16.95,17.047,16.902,16.971,16.98,17.086,16.929,17.002,0.031,4970.99
2017-11-22,16.972,17.161,16.94,17.086,17.003,17.186,16.967,17.113,0.027,4949.37
2017-11-23,17.087,17.146,17.056,17.086,17.113,17.178,17.083,17.116,0.03,2266.63
2017-11-24,17.083,17.152,16.964,17.025,17.11,17.182,16.991,17.052,0.027,3607.19
2017-11-27,17.037,17.186,16.999,17.051,17.067,17.217,17.025,17.081,0.03,3398.2
2017-11-28,17.052,17.108,16.759,16.878,17.079,17.138,16.795,16.905,0.027,5865.35
2017-11-29,16.877,16.91,16.507,16.561,16.904,16.94,16.537,16.591,0.03,5793.4
2017-11-30,16.56,16.582,16.307,16.435,16.59,16.612,16.33,16.462,0.027,4802.17
2017-12-01,16.436,16.546,16.234,16.411,16.466,16.578,16.26,16.453,0.042,4537.95
2017-12-04,16.378,16.423,16.239,16.335,16.408,16.449,16.265,16.365,0.03,3195.74
2017-12-05,16.338,16.353,16.019,16.116,16.364,16.383,16.044,16.146,0.03,3858.79
2017-12-06,16.115,16.137,15.904,15.964,16.145,16.17,15.935,15.994,0.03,3687.62
2017-12-07,15.969,15.983,15.632,15.725,15.999,16.013,15.658,15.752,0.027,3363.88
2017-12-08,15.727,15.884,15.697,15.818,15.757,15.92,15.723,15.878,0.06,3138.44
2017-12-11,15.825,15.874,15.678,15.726,15.891,15.91,15.704,15.753,0.027,2464.73
2017-12-12,15.725,15.807,15.606,15.72,15.752,15.842,15.633,15.75,0.03,2705.8
2017-12-13,15.716,16.139,15.661,16.03,15.746,16.164,15.685,16.057,0.027,3647.07
2017-12-14,16.029,16.117,15.82,15.899,16.059,16.147,15.843,15.929,0.03,2576.92
2017-12-15,15.895,16.075,15.887,16.017,15.922,16.108,15.914,16.076,0.059,2513.63
2017-12-18,16.015,16.163,16.001,16.12,16.042,16.189,16.027,16.15,0.03,2657.62
2017-12-19,16.119,16.215,16.036,16.123,16.146,16.241,16.069,16.153,0.03,2833.56
2017-12-20,16.123,16.254,16.08,16.183,16.149,16.289,16.115,16.214,0.031,2849.31
2017-12-21,16.183,16.242,16.077,16.134,16.213,16.273,16.098,16.161,0.027,2601.02
2017-12-22,16.133,16.416,16.1,16.343,16.163,16.445,16.127,16.402,0.059,2908.2
2017-12-25,16.312,16.33,16.305,16.305,16.357,16.37,16.344,16.351,0.046,4.92
2017-12-26,16.308,16.553,16.308,16.532,16.354,16.591,16.333,16.562,0.03,174.63
2017-12-27,16.532,16.719,16.474,16.676,16.558,16.749,16.501,16.691,0.015,3502.78
2017-12-28,16.676,16.878,16.657,16.827,16.692,16.904,16.684,16.858,0.031,3143.29
2017-12-29,16.829,17.102,16.805,16.942,16.86,17.132,16.832,16.958,0.016,3735.41
2018-01-01,16.95,17.009,16.949,17.004,16.996,17.049,16.995,17.034,0.03,5.91
2018-01-02,17.003,17.201,16.918,17.191,17.033,17.236,16.953,17.221,0.03,3968.79
2018-01-03,17.191,17.23,17.015,17.09,17.217,17.26,17.042,17.12,0.03,3691.64
2018-01-04,17.091,17.266,16.972,17.166,17.121,17.299,16.999,17.193,0.027,4092.42
2018-01-05,17.167,17.274,17.089,17.187,17.197,17.312,17.115,17.247,0.06,3936.5
2018-01-08,17.227,17.247,17.035,17.089,17.253,17.277,17.061,17.119,0.03,3434.7
2018-01-09,17.088,17.128,16.897,16.933,17.115,17.158,16.929,16.963,0.03,3485.27
2018-01-10,16.932,17.178,16.898,16.986,16.962,17.207,16.923,17.016,0.03,6025.07
2018-01-11,16.986,17.037,16.861,16.998,17.004,17.067,16.89,17.025,0.027,3490.9
2018-01-12,16.996,17.277,16.987,17.213,17.026,17.305,17.014,17.273,0.06,4187.07
2018-01-15,17.217,17.417,17.197,17.353,17.247,17.443,17.229,17.383,0.03,2154.82
2018-01-16,17.353,17.353,16.855,17.204,17.379,17.382,16.882,17.231,0.027,3921.56
2018-01-17,17.205,17.283,16.979,17.024,17.235,17.313,17.008,17.054,0.03,4485.15
2018-01-18,17.025,17.123,16.898,16.968,17.055,17.153,16.927,16.998,0.03,4121.4
2018-01-19,16.967,17.12,16.945,17.002,16.997,17.158,16.973,17.044,0.042,3787.47
2018-01-22,17.059,17.081,16.936,17.004,17.089,17.111,16.963,17.031,0.027,3186.54
2018-01-23,17.005,17.087,16.738,17.047,17.035,17.113,16.764,17.077,0.03,4300.55
2018-01-24,17.044,17.612,16.981,17.511,17.074,17.641,17.008,17.538,0.027,4292.18
2018-01-25,17.51,17.693,17.125,17.313,17.54,17.723,17.157,17.345,0.032,5015.04
2018-01-26,17.315,17.534,17.3,17.368,17.347,17.556,17.324,17.45,0.082,2896.06
2018-01-29,17.415,17.474,17.102,17.173,17.443,17.5,17.124,17.198,0.025,2322.52
2018-01-30,17.168,17.327,17.066,17.12,17.194,17.35,17.092,17.146,0.026,4003.5
2018-01-31,17.111,17.389,17.085,17.349,17.143,17.418,17.115,17.373,0.024,4394.14
2018-02-01,17.35,17.357,17.093,17.2,17.38,17.384,17.119,17.226,0.026,3605.52
2018-02-02,17.196,17.244,16.55,16.564,17.228,17.271,16.575,16.644,0.08,2962.89
2018-02-05,16.627,16.896,16.59,16.769,16.657,16.922,16.617,16.795,0.026,3326.73
2018-02-06,16.765,16.978,16.573,16.659,16.795,17.009,16.601,16.685,0.026,6952.22
2018-02-07,16.66,16.768,16.256,16.397,16.686,16.797,16.282,16.429,0.032,4603.26
2018-02-08,16.397,16.466,16.233,16.432,16.428,16.488,16.261,16.464,0.032,4573.28
2018-02-09,16.43,16.441,16.177,16.315,16.46,16.469,16.2,16.397,0.082,4823.68
2018-02-12,16.357,16.613,16.349,16.543,16.388,16.637,16.378,16.569,0.026,2418.06
2018-02-13,16.543,16.676,16.446,16.6,16.569,16.702,16.469,16.63,0.03,2942.53
2018-02-14,16.601,16.922,16.326,16.891,16.631,16.949,16.402,16.916,0.025,3210.14
2018-02-15,16.893,16.973,16.636,16.853,16.918,16.994,16.662,16.879,0.026,3597.37
2018-02-16,16.849,16.938,16.604,16.615,16.88,16.963,16.636,16.699,0.084,4411.34
2018-02-19,16.64,16.724,16.605,16.648,16.659,16.75,16.631,16.674,0.026,1928.7
2018-02-20,16.647,16.667,16.413,16.462,16.673,16.693,16.441,16.488,0.026,3377.03
2018-02-21,16.462,16.76,16.381,16.518,16.488,16.788,16.399,16.548,0.03,3257.33
2018-02-22,16.519,16.678,16.389,16.594,16.549,16.703,16.419,16.619,0.025,2659.6
2018-02-23,16.595,16.631,16.487,16.495,16.621,16.654,16.515,16.574,0.079,2546.48
2018-02-26,16.49,16.76,16.468,16.629,16.52,16.791,16.502,16.655,0.026,3013.41
2018-02-27,16.629,16.689,16.324,16.415,16.655,16.71,16.348,16.441,0.026,2851.98
2018-02-28,16.415,16.501,16.345,16.403,16.441,16.522,16.367,16.428,0.025,2300.91
2018-03-01,16.398,16.541,16.147,16.458,16.424,16.567,16.183,16.484,0.026,3901.67
2018-03-02,16.453,16.569,16.378,16.48,16.479,16.592,16.402,16.559,0.079,2715.81
2018-03-05,16.51,16.59,16.349,16.425,16.543,16.614,16.375,16.45,0.025,2122.99
2018-03-06,16.424,16.853,16.397,16.77,16.45,16.883,16.423,16.795,0.025,2866.73
2018-03-07,16.775,16.799,16.415,16.476,16.8,16.826,16.441,16.501,0.025,2722.97
2018-03-08,16.475,16.561,16.416,16.477,16.506,16.587,16.442,16.503,0.026,2569.35
2018-03-09,16.478,16.679,16.337,16.55,16.502,16.7,16.378,16.63,0.08,2732.9
2018-03-12,16.594,16.6,16.425,16.548,16.62,16.624,16.449,16.573,0.025,1698.51
2018-03-13,16.548,16.659,16.415,16.585,16.573,16.683,16.472,16.607,0.022,2402.35
2018-03-14,16.581,16.649,16.5,16.553,16.611,16.679,16.53,16.577,0.024,2221.57
2018-03-15,16.549,16.569,16.363,16.39,16.576,16.59,16.389,16.415,0.025,1422.84
2018-03-16,16.387,16.492,16.21,16.301,16.417,16.513,16.225,16.379,0.078,1400.73
2018-03-19,16.303,16.35,16.222,16.318,16.333,16.375,16.235,16.343,0.025,2046.62
2018-03-20,16.318,16.34,16.114,16.178,16.342,16.364,16.134,16.204,0.026,1663.49
2018-03-21,16.178,16.641,16.175,16.538,16.204,16.665,16.195,16.565,0.027,3662.16
2018-03-22,16.537,16.603,16.331,16.443,16.562,16.627,16.357,16.468,0.025,2924.72
2018-03-23,16.442,16.662,16.432,16.526,16.467,16.685,16.457,16.601,0.075,3188.26
2018-03-26,16.608,16.781,16.521,16.703,16.634,16.798,16.545,16.729,0.026,2303.81
2018-03-27,16.698,16.797,16.466,16.532,16.723,16.798,16.49,16.557,0.025,2505.56
2018-03-28,16.53,16.558,16.24,16.306,16.556,16.586,16.264,16.33,0.024,2097.07
2018-03-29,16.305,16.359,16.185,16.352,16.33,16.385,16.24,16.385,0.033,1729.69
2018-04-02,16.384,16.672,16.377,16.583,16.409,16.696,16.402,16.609,0.026,2132.94
2018-04-03,16.581,16.611,16.349,16.408,16.606,16.634,16.374,16.433,0.025,1858.4
2018-04-04,16.408,16.524,16.241,16.302,16.433,16.548,16.266,16.327,0.025,2608.77
2018-04-05,16.301,16.423,16.178,16.409,16.326,16.448,16.202,16.433,0.024,2095.6
2018-04-06,16.408,16.489,16.257,16.347,16.434,16.512,16.282,16.407,0.06,2868.82
2018-04-09,16.399,16.548,16.313,16.484,16.424,16.57,16.339,16.507,0.023,1320.36
2018-04-10,16.484,16.645,16.425,16.583,16.507,16.663,16.449,16.61,0.027,379.25
2018-04-11,16.583,16.865,16.522,16.679,16.609,16.888,16.547,16.706,0.027,628.31
2018-04-12,16.679,16.687,16.435,16.477,16.705,16.714,16.465,16.5,0.023,1001.79
2018-04-13,16.477,16.678,16.454,16.633,16.5,16.704,16.481,16.693,0.06,1433.3
2018-04-16,16.624,16.765,16.545,16.691,16.648,16.791,16.569,16.712,0.021,1465.57
2018-04-17,16.69,16.797,16.579,16.757,16.712,16.8,16.603,16.779,0.022,1528.74
2018-04-18,16.758,17.254,16.715,17.194,16.781,17.277,16.741,17.224,0.03,2051.31
2018-04-19,17.196,17.348,17.082,17.222,17.219,17.37,17.118,17.249,0.027,2530.68
2018-04-20,17.225,17.247,17.035,17.085,17.247,17.27,17.06,17.16,0.075,1459.49
2018-04-23,17.077,17.102,16.582,16.637,17.099,17.131,16.611,16.661,0.024,1953.34
2018-04-24,16.636,16.748,16.557,16.729,16.659,16.771,16.579,16.75,0.021,1794.93
2018-04-25,16.728,16.728,16.495,16.57,16.75,16.75,16.518,16.592,0.022,2047.86
2018-04-26,16.568,16.611,16.413,16.536,16.59,16.637,16.439,16.558,0.022,1849.49
2018-04-27,16.536,16.559,16.427,16.484,16.559,16.584,16.453,16.56,0.076,1434.97
2018-04-30,16.51,16.534,16.192,16.311,16.533,16.561,16.21,16.334,0.023,1434.2
2018-05-01,16.312,16.333,16.045,16.176,16.335,16.359,16.067,16.202,0.026,1426.04
2018-05-02,16.177,16.52,16.176,16.384,16.2,16.544,16.199,16.407,0.023,1862.15
2018-05-03,16.385,16.579,16.35,16.44,16.408,16.601,16.372,16.463,0.023,1639.56
2018-05-04,16.44,16.513,16.346,16.496,16.463,16.561,16.384,16.556,0.06,1260.15
2018-05-07,16.501,16.559,16.397,16.493,16.523,16.584,16.418,16.516,0.023,1355.67
2018-05-08,16.493,16.515,16.307,16.487,16.515,16.543,16.331,16.509,0.022,2000.21
2018-05-09,16.49,16.613,16.341,16.476,16.511,16.63,16.364,16.5,0.024,1781.48
2018-05-10,16.476,16.742,16.466,16.698,16.503,16.811,16.49,16.722,0.024,1889.5
2018-05-11,16.694,16.828,16.613,16.619,16.716,16.85,16.662,16.712,0.093,1436.43
2018-05-14,16.686,16.728,16.49,16.52,16.713,16.75,16.516,16.544,0.024,1315.35
2018-05-15,16.519,16.546,16.195,16.27,16.542,16.569,16.214,16.292,0.022,1895.38
2018-05-16,16.266,16.416,16.179,16.371,16.287,16.443,16.201,16.394,0.023,1509.04
2018-05-17,16.369,16.486,16.321,16.418,16.396,16.505,16.343,16.442,0.024,1233.65
2018-05-18,16.413,16.46,16.356,16.41,16.441,16.495,16.378,16.495,0.085,1149.89
2018-05-21,16.438,16.519,16.259,16.499,16.461,16.551,16.285,16.523,0.024,1383.82
2018-05-22,16.498,16.661,16.441,16.55,16.521,16.684,16.464,16.577,0.027,1282.89
2018-05-23,16.55,16.575,16.31,16.465,16.574,16.598,16.339,16.486,0.021,1961.66
2018-05-24,16.464,16.687,16.397,16.647,16.486,16.7,16.421,16.673,0.026,1301.49
2018-05-25,16.641,16.703,16.457,16.457,16.666,16.73,16.499,16.55,0.093,1544.05
2018-05-28,16.485,16.499,16.421,16.475,16.507,16.531,16.442,16.498,0.023,1133.13
2018-05-29,16.478,16.498,16.303,16.395,16.5,16.525,16.332,16.425,0.03,2269.44
2018-05-30,16.395,16.548,16.308,16.503,16.418,16.573,16.329,16.526,0.023,1490.02
2018-05-31,16.504,16.587,16.382,16.431,16.528,16.609,16.42,16.45,0.019,1680.06
2018-06-01,16.414,16.495,16.305,16.386,16.451,16.519,16.353,16.446,0.06,1560.23
2018-06-04,16.394,16.535,16.361,16.4,16.417,16.562,16.386,16.428,0.028,1354.96
2018-06-05,16.4,16.525,16.355,16.49,16.424,16.55,16.374,16.513,0.023,1471.67
2018-06-06,16.487,16.728,16.484,16.674,16.515,16.748,16.511,16.694,0.02,1400.79
2018-06-07,16.673,16.892,16.635,16.721,16.697,16.914,16.657,16.744,0.023,1854.47
2018-06-08,16.721,16.821,16.613,16.745,16.744,16.844,16.636,16.82,0.075,1543.53
2018-06-11,16.751,16.942,16.741,16.896,16.773,16.966,16.765,16.92,0.024,1396.41
2018-06-12,16.896,16.948,16.742,16.84,16.92,16.969,16.764,16.863,0.023,1411.3
2018-06-13,16.841,17.101,16.793,17.015,16.864,17.125,16.816,17.039,0.024,1729.73
2018-06-14,17.017,17.307,16.924,17.164,17.041,17.333,16.953,17.187,0.023,3127.17
2018-06-15,17.161,17.244,16.446,16.525,17.184,17.266,16.472,16.6,0.075,3753.3
2018-06-18,16.567,16.621,16.41,16.52,16.591,16.643,16.436,16.542,0.022,2725.02
2018-06-19,16.52,16.543,16.23,16.31,16.543,16.568,16.252,16.333,0.023,3022.12
2018-06-20,16.31,16.362,16.244,16.308,16.333,16.384,16.268,16.333,0.025,2834.83
2018-06-21,16.308,16.351,16.189,16.315,16.333,16.374,16.209,16.338,0.023,3202.41
2018-06-22,16.316,16.477,16.301,16.411,16.339,16.512,16.324,16.504,0.093,2820.01
2018-06-25,16.468,16.475,16.278,16.316,16.491,16.501,16.299,16.339,0.023,3175.24
2018-06-26,16.317,16.35,16.141,16.27,16.338,16.372,16.162,16.293,0.023,3349.6
2018-06-27,16.27,16.293,15.959,16.089,16.294,16.316,15.995,16.112,0.023,3763.1
2018-06-28,16.089,16.124,15.912,16.005,16.113,16.148,15.932,16.028,0.023,3775.78
2018-06-29,16.006,16.155,15.954,16.069,16.029,16.182,15.976,16.153,0.084,3652.27
2018-07-02,16.1,16.115,15.76,15.848,16.128,16.136,15.784,15.872,0.024,3144.2
2018-07-03,15.848,16.033,15.775,16.024,15.871,16.064,15.798,16.047,0.023,2999.91
2018-07-04,16.023,16.142,15.984,16.075,16.046,16.165,16.007,16.098,0.023,2154.89
2018-07-05,16.075,16.091,15.921,16.044,16.098,16.119,15.946,16.067,0.023,3151.61
2018-07-06,16.044,16.091,15.94,15.998,16.067,16.172,15.963,16.074,0.076,2335.59
2018-07-09,16.052,16.204,16.031,16.106,16.075,16.226,16.058,16.127,0.021,2370.16
2018-07-10,16.105,16.155,15.889,16.006,16.127,16.176,15.919,16.03,0.024,2825.38
2018-07-11,16.006,16.015,15.764,15.804,16.03,16.036,15.795,15.827,0.023,3533.16
2018-07-12,15.8,15.986,15.75,15.931,15.823,16.007,15.772,15.957,0.026,2631.5
2018-07-13,15.931,15.981,15.66,15.781,15.957,16.003,15.705,15.841,0.06,2802.37
2018-07-16,15.803,15.868,15.734,15.789,15.823,15.891,15.754,15.811,0.022,2251.04
2018-07-17,15.787,15.854,15.55,15.563,15.811,15.874,15.566,15.586,0.023,3186.18
2018-07-18,15.563,15.605,15.385,15.552,15.585,15.631,15.409,15.574,0.022,2697.59
2018-07-19,15.55,15.566,15.169,15.316,15.573,15.59,15.194,15.339,0.023,4128.08
2018-07-20,15.315,15.534,15.231,15.481,15.338,15.557,15.254,15.557,0.076,3593.78
2018-07-23,15.523,15.551,15.34,15.375,15.546,15.573,15.365,15.397,0.022,2998.93
2018-07-24,15.374,15.588,15.32,15.479,15.397,15.611,15.342,15.502,0.023,3024.74
2018-07-25,15.479,15.622,15.437,15.613,15.501,15.647,15.46,15.636,0.023,3316.32
2018-07-26,15.612,15.656,15.359,15.404,15.634,15.68,15.396,15.427,0.023,2939.41
2018-07-27,15.404,15.529,15.318,15.454,15.427,15.552,15.341,15.547,0.093,2770.02
2018-07-30,15.479,15.535,15.389,15.494,15.5,15.557,15.413,15.521,0.027,2097.43
2018-07-31,15.495,15.6,15.353,15.509,15.517,15.626,15.378,15.538,0.029,2820.02
2018-08-01,15.51,15.524,15.36,15.393,15.531,15.543,15.398,15.417,0.024,2897.67
2018-08-02,15.393,15.465,15.275,15.309,15.417,15.492,15.304,15.332,0.023,3238.36
2018-08-03,15.309,15.544,15.235,15.372,15.332,15.57,15.258,15.457,0.085,3145.86
2018-08-06,15.428,15.482,15.265,15.31,15.452,15.505,15.303,15.333,0.023,2524.07
2018-08-07,15.31,15.479,15.294,15.388,15.333,15.5,15.318,15.412,0.024,2431.63
2018-08-08,15.388,15.458,15.276,15.41,15.411,15.478,15.295,15.433,0.023,2600.0
2018-08-09,15.41,15.503,15.356,15.426,15.433,15.529,15.38,15.448,0.022,2682.05
2018-08-10,15.427,15.438,15.265,15.271,15.448,15.458,15.3,15.356,0.085,3663.96
2018-08-13,15.312,15.312,14.954,14.988,15.339,15.343,14.993,15.01,0.022,3169.01
2018-08-14,14.987,15.102,14.978,15.033,15.01,15.125,15.0,15.063,0.03,2917.54
2018-08-15,15.033,15.043,14.357,14.427,15.063,15.066,14.383,14.45,0.023,3869.26
2018-08-16,14.429,14.827,14.326,14.66,14.452,14.849,14.352,14.682,0.022,4443.75
2018-08-17,14.659,14.806,14.583,14.771,14.682,14.847,14.607,14.846,0.075,3578.01
2018-08-20,14.773,14.841,14.638,14.759,14.796,14.866,14.662,14.782,0.023,2944.95
2018-08-21,14.762,14.837,14.709,14.772,14.782,14.86,14.733,14.795,0.023,2712.93
2018-08-22,14.772,14.869,14.683,14.721,14.795,14.894,14.706,14.744,0.023,2955.31
2018-08-23,14.714,14.726,14.466,14.499,14.744,14.749,14.498,14.519,0.02,3011.45
2018-08-24,14.497,14.866,14.476,14.779,14.52,14.891,14.499,14.855,0.076,3242.54
2018-08-27,14.854,14.91,14.742,14.886,14.878,14.936,14.765,14.91,0.024,2600.26
2018-08-28,14.886,14.988,14.664,14.744,14.909,15.011,14.687,14.769,0.025,3168.51
2018-08-29,14.744,14.788,14.654,14.754,14.769,14.818,14.674,14.777,0.023,2718.57
2018-08-30,14.754,14.754,14.496,14.55,14.777,14.777,14.525,14.574,0.024,3172.54
2018-08-31,14.55,14.705,14.478,14.495,14.575,14.727,14.501,14.571,0.076,2804.3
2018-09-03,14.512,14.543,14.385,14.479,14.535,14.564,14.411,14.501,0.022,1886.8
2018-09-04,14.479,14.506,13.999,14.159,14.501,14.528,14.022,14.188,0.029,3407.8
2018-09-05,14.161,14.226,14.081,14.19,14.183,14.248,14.104,14.212,0.022,2879.14
2018-09-06,14.189,14.297,14.103,14.17,14.212,14.323,14.127,14.193,0.023,3054.45
2018-09-07,14.171,14.247,14.068,14.135,14.192,14.289,14.091,14.219,0.084,3593.65
2018-09-10,14.153,14.242,14.068,14.146,14.176,14.264,14.09,14.168,0.022,2999.73
2018-09-11,14.147,14.22,13.933,14.115,14.169,14.244,13.951,14.138,0.023,2842.65
2018-09-12,14.114,14.272,14.063,14.238,14.137,14.295,14.086,14.26,0.022,3344.66
2018-09-13,14.238,14.344,14.137,14.179,14.26,14.365,14.184,14.201,0.022,3031.41
2018-09-14,14.179,14.276,13.998,14.004,14.201,14.298,14.073,14.096,0.092,2859.7
2018-09-17,14.047,14.24,14.032,14.093,14.07,14.263,14.061,14.116,0.023,2869.26
2018-09-18,14.093,14.224,14.065,14.163,14.117,14.246,14.088,14.187,0.024,3455.48
2018-09-19,14.167,14.33,14.139,14.238,14.187,14.354,14.162,14.26,0.022,2981.41
2018-09-20,14.239,14.346,14.162,14.322,14.261,14.37,14.196,14.344,0.022,3444.64
2018-09-21,14.322,14.425,14.136,14.258,14.344,14.447,14.173,14.333,0.075,3836.72
2018-09-24,14.264,14.384,14.185,14.26,14.286,14.409,14.207,14.283,0.023,2906.81
2018-09-25,14.26,14.549,14.209,14.46,14.283,14.573,14.235,14.482,0.022,2914.65
2018-09-26,14.461,14.503,14.292,14.376,14.484,14.525,14.329,14.406,0.03,3520.22
2018-09-27,14.376,14.451,14.171,14.254,14.4,14.481,14.194,14.275,0.021,4081.5
2018-09-28,14.252,14.71,14.224,14.619,14.275,14.732,14.249,14.695,0.076,3102.95
2018-10-01,14.647,14.647,14.363,14.489,14.671,14.671,14.384,14.511,0.022,3321.18
2018-10-02,14.486,14.901,14.434,14.735,14.511,14.923,14.458,14.758,0.023,3222.22
2018-10-03,14.735,14.815,14.611,14.62,14.758,14.84,14.634,14.643,0.023,3505.71
2018-10-04,14.62,14.759,14.523,14.578,14.643,14.785,14.549,14.601,0.023,3483.53
2018-10-05,14.578,14.709,14.508,14.599,14.601,14.741,14.529,14.674,0.075,2976.56
2018-10-08,14.64,14.652,14.258,14.389,14.665,14.681,14.277,14.412,0.023,3350.11
2018-10-09,14.389,14.431,14.256,14.39,14.411,14.456,14.281,14.412,0.022,2933.36
2018-10-10,14.39,14.421,14.245,14.319,14.412,14.445,14.252,14.341,0.022,3100.0
2018-10-11,14.319,14.616,14.25,14.561,14.341,14.63,14.273,14.588,0.027,4731.59
2018-10-12,14.562,14.696,14.503,14.563,14.589,14.718,14.526,14.638,0.075,3666.31
2018-10-15,14.618,14.767,14.591,14.691,14.641,14.787,14.614,14.715,0.024,3036.98
2018-10-16,14.691,14.84,14.608,14.649,14.715,14.86,14.631,14.665,0.016,2896.67
2018-10-17,14.649,14.715,14.576,14.604,14.665,14.741,14.606,14.627,0.023,2991.04
2018-10-18,14.603,14.652,14.442,14.571,14.628,14.672,14.467,14.592,0.021,3255.89
2018-10-19,14.571,14.711,14.549,14.603,14.592,14.73,14.574,14.679,0.076,2914.25
2018-10-22,14.639,14.683,14.511,14.554,14.66,14.704,14.532,14.587,0.033,2886.75
2018-10-23,14.554,14.8,14.511,14.751,14.576,14.824,14.529,14.772,0.021,3373.9
2018-10-24,14.75,14.795,14.636,14.684,14.771,14.816,14.664,14.711,0.027,3052.25
2018-10-25,14.684,14.77,14.597,14.628,14.705,14.8,14.611,14.65,0.022,3253.7
2018-10-26,14.625,14.765,14.565,14.665,14.646,14.787,14.591,14.744,0.079,3681.55
2018-10-29,14.688,14.753,14.403,14.483,14.709,14.775,14.428,14.502,0.019,3341.1
2018-10-30,14.48,14.523,14.368,14.456,14.503,14.55,14.389,14.477,0.021,3232.13
2018-10-31,14.457,14.461,14.227,14.272,14.477,14.486,14.259,14.298,0.026,2932.42
2018-11-01,14.272,14.815,14.266,14.738,14.294,14.836,14.294,14.76,0.022,3707.22
2018-11-02,14.732,14.904,14.63,14.707,14.759,14.927,14.661,14.783,0.076,4080.08
2018-11-05,14.743,14.761,14.547,14.637,14.772,14.784,14.613,14.659,0.022,2894.61
2018-11-06,14.638,14.707,14.478,14.539,14.66,14.729,14.499,14.562,0.023,2857.75
2018-11-07,14.529,14.714,14.468,14.56,14.56,14.737,14.497,14.581,0.021,3718.38
2018-11-08,14.56,14.584,14.354,14.428,14.58,14.607,14.395,14.449,0.021,3499.63
2018-11-09,14.43,14.43,14.097,14.12,14.451,14.458,14.119,14.2,0.08,3174.02
2018-11-12,14.178,14.203,13.928,14.017,14.199,14.227,14.002,14.039,0.022,2511.6
2018-11-13,14.016,14.119,13.947,14.016,14.038,14.14,13.97,14.038,0.022,3471.66
2018-11-14,14.012,14.183,13.887,14.132,14.038,14.213,13.909,14.163,0.031,3297.8
2018-11-15,14.131,14.344,14.086,14.279,14.152,14.365,14.112,14.304,0.025,4050.26
2018-11-16,14.282,14.413,14.231,14.375,14.303,14.463,14.252,14.454,0.079,3461.12
2018-11-19,14.404,14.433,14.338,14.418,14.425,14.475,14.364,14.438,0.02,2829.66
2018-11-20,14.417,14.484,14.218,14.314,14.438,14.49,14.25,14.341,0.027,3787.01
2018-11-21,14.314,14.547,14.267,14.482,14.339,14.572,14.294,14.503,0.021,3027.38
2018-11-22,14.483,14.534,14.44,14.485,14.513,14.559,14.461,14.515,0.03,1651.87
2018-11-23,14.474,14.497,14.183,14.259,14.506,14.521,14.203,14.31,0.051,2554.26
2018-11-26,14.297,14.429,14.17,14.241,14.319,14.453,14.234,14.265,0.024,2483.37
2018-11-27,14.239,14.3,14.089,14.149,14.259,14.323,14.11,14.171,0.022,3368.07
2018-11-28,14.148,14.385,14.11,14.315,14.178,14.418,14.133,14.342,0.027,2873.34
2018-11-29,14.317,14.382,14.251,14.304,14.338,14.414,14.284,14.326,0.022,2769.83
2018-11-30,14.306,14.332,14.046,14.142,14.328,14.358,14.066,14.221,0.079,2274.57
2018-12-03,14.228,14.556,14.193,14.393,14.254,14.579,14.22,14.415,0.022,3028.82
2018-12-04,14.393,14.654,14.379,14.525,14.415,14.678,14.402,14.548,0.023,2952.35
2018-12-05,14.525,14.533,14.412,14.491,14.546,14.561,14.435,14.516,0.025,1617.1
2018-12-06,14.49,14.499,14.334,14.46,14.511,14.532,14.358,14.48,0.02,3173.29
2018-12-07,14.46,14.638,14.426,14.578,14.481,14.678,14.451,14.658,0.08,3031.12
2018-12-10,14.6,14.623,14.469,14.523,14.621,14.648,14.492,14.548,0.025,2879.51
2018-12-11,14.526,14.712,14.503,14.562,14.547,14.733,14.526,14.583,0.021,2977.5
2018-12-12,14.559,14.786,14.532,14.733,14.584,14.816,14.553,14.754,0.021,2731.87
2018-12-13,14.73,14.798,14.67,14.735,14.753,14.824,14.698,14.757,0.022,2390.47
2018-12-14,14.735,14.741,14.485,14.535,14.757,14.764,14.505,14.614,0.079,2430.53
2018-12-17,14.552,14.696,14.541,14.656,14.578,14.716,14.562,14.677,0.021,1956.95
2018-12-18,14.656,14.714,14.599,14.626,14.677,14.735,14.625,14.649,0.023,1905.59
2018-12-19,14.627,14.813,14.512,14.616,14.649,14.877,14.56,14.637,0.021,3236.08
2018-12-20,14.615,14.833,14.545,14.772,14.635,14.858,14.572,14.795,0.023,3302.7
2018-12-21,14.77,14.786,14.586,14.595,14.801,14.813,14.619,14.674,0.079,2685.0
2018-12-24,14.658,14.801,14.642,14.756,14.684,14.831,14.674,14.791,0.035,1594.56
2018-12-25,14.709,14.769,14.709,14.721,14.871,14.871,14.755,14.756,0.035,16.39
2018-12-26,14.721,15.162,14.699,15.032,14.757,15.189,14.73,15.054,0.022,2894.48
2018-12-27,15.033,15.263,14.928,15.216,15.055,15.291,14.954,15.249,0.033,3670.43
2018-12-28,15.229,15.389,15.207,15.334,15.249,15.439,15.238,15.43,0.096,3004.79
2018-12-31,15.366,15.501,15.31,15.456,15.388,15.535,15.34,15.535,0.079,2095.72
2019-01-01,15.455,15.475,15.443,15.453,15.505,15.512,15.47,15.477,0.024,23.8
2019-01-02,15.453,15.605,15.317,15.475,15.475,15.72,15.343,15.511,0.036,4112.47
2019-01-03,15.479,15.743,15.472,15.736,15.512,15.781,15.505,15.763,0.027,4519.54
2019-01-04,15.736,15.862,15.574,15.66,15.758,15.894,15.599,15.74,0.08,4525.04
2019-01-07,15.691,15.808,15.606,15.649,15.714,15.832,15.633,15.674,0.025,3111.45
2019-01-08,15.649,15.679,15.493,15.663,15.674,15.704,15.516,15.685,0.022,2895.34
2019-01-09,15.663,15.766,15.573,15.734,15.684,15.812,15.597,15.76,0.026,3244.95
2019-01-10,15.733,15.776,15.51,15.573,15.755,15.798,15.565,15.595,0.022,3118.68
2019-01-11,15.576,15.729,15.537,15.545,15.597,15.754,15.568,15.658,0.113,3038.73
2019-01-14,15.593,15.653,15.534,15.642,15.614,15.692,15.559,15.664,0.022,2716.76
2019-01-15,15.641,15.688,15.532,15.579,15.663,15.712,15.557,15.604,0.025,2649.09
2019-01-16,15.579,15.638,15.477,15.581,15.604,15.664,15.506,15.604,0.023,2512.07
2019-01-17,15.58,15.607,15.447,15.531,15.604,15.634,15.469,15.552,0.021,2520.97
2019-01-18,15.531,15.572,15.28,15.28,15.551,15.595,15.339,15.393,0.113,2655.46
2019-01-21,15.334,15.355,15.18,15.258,15.36,15.38,15.203,15.279,0.021,1448.11
2019-01-22,15.258,15.341,15.172,15.323,15.278,15.396,15.195,15.348,0.025,2274.32
2019-01-23,15.323,15.426,15.263,15.361,15.348,15.45,15.279,15.389,0.028,2503.45
2019-01-24,15.364,15.386,15.232,15.311,15.393,15.412,15.256,15.332,0.021,2818.98
2019-01-25,15.31,15.745,15.282,15.705,15.331,15.797,15.305,15.784,0.079,2643.32
2019-01-28,15.714,15.809,15.595,15.738,15.736,15.833,15.619,15.763,0.025,2162.69
2019-01-29,15.743,15.906,15.706,15.823,15.765,15.93,15.734,15.843,0.02,2448.86
2019-01-30,15.823,16.094,15.813,16.045,15.843,16.129,15.834,16.067,0.022,3432.96
2019-01-31,16.045,16.177,15.984,16.04,16.067,16.2,16.006,16.062,0.022,2921.29
2019-02-01,16.04,16.068,15.85,15.858,16.062,16.094,15.909,15.955,0.097,2898.81
2019-02-04,15.896,15.913,15.682,15.846,15.918,15.94,15.706,15.868,0.022,2207.69
2019-02-05,15.847,15.918,15.792,15.84,15.874,15.945,15.826,15.863,0.023,2387.32
2019-02-06,15.841,15.856,15.615,15.655,15.867,15.882,15.657,15.677,0.022,2291.0
2019-02-07,15.654,15.747,15.629,15.738,15.676,15.794,15.656,15.76,0.022,2433.56
2019-02-08,15.737,15.857,15.645,15.798,15.76,15.883,15.673,15.877,0.079,2248.21
2019-02-11,15.815,15.831,15.659,15.694,15.837,15.852,15.681,15.719,0.025,1858.68
2019-02-12,15.693,15.821,15.66,15.697,15.715,15.843,15.681,15.719,0.022,2074.4
2019-02-13,15.697,15.806,15.53,15.588,15.719,15.83,15.557,15.611,0.023,2344.47
2019-02-14,15.585,15.681,15.47,15.609,15.607,15.704,15.506,15.631,0.022,3119.07
2019-02-15,15.606,15.794,15.553,15.747,15.627,15.829,15.574,15.826,0.079,2294.74
2019-02-18,15.774,15.849,15.749,15.807,15.796,15.872,15.772,15.829,0.022,1413.24
2019-02-19,15.805,15.998,15.733,15.957,15.828,16.033,15.757,15.98,0.023,2455.0
2019-02-20,15.957,16.205,15.946,16.072,15.98,16.23,15.972,16.094,0.022,3280.17
2019-02-21,16.073,16.095,15.772,15.84,16.095,16.121,15.811,15.862,0.022,3638.84
2019-02-22,15.84,15.968,15.803,15.883,15.862,15.993,15.825,15.962,0.079,2881.87
2019-02-25,15.91,15.996,15.841,15.89,15.932,16.019,15.864,15.914,0.024,2755.46
2019-02-26,15.889,15.928,15.783,15.921,15.911,15.976,15.805,15.942,0.021,2593.2
2019-02-27,15.92,15.928,15.681,15.749,15.942,16.058,15.71,15.771,0.022,2114.06
2019-02-28,15.744,15.816,15.565,15.613,15.771,15.838,15.588,15.636,0.023,2548.89
2019-03-01,15.612,15.629,15.133,15.172,15.634,15.652,15.155,15.252,0.08,3143.81
2019-03-04,15.223,15.268,15.048,15.078,15.247,15.291,15.074,15.1,0.022,2794.49
2019-03-05,15.079,15.16,15.029,15.133,15.104,15.184,15.06,15.155,0.022,3320.03
2019-03-06,15.133,15.149,15.037,15.076,15.155,15.175,15.06,15.097,0.021,2465.23
2019-03-07,15.076,15.112,14.971,15.034,15.096,15.138,14.993,15.055,0.021,2671.55
2019-03-08,15.027,15.36,14.993,15.298,15.053,15.388,15.02,15.377,0.079,2881.2
2019-03-11,15.315,15.346,15.204,15.301,15.337,15.368,15.226,15.322,0.021,2407.23
2019-03-12,15.302,15.467,15.293,15.437,15.322,15.49,15.314,15.457,0.02,2253.67
2019-03-13,15.435,15.526,15.404,15.434,15.456,15.549,15.436,15.459,0.025,2106.64
2019-03-14,15.436,15.444,15.127,15.174,15.458,15.468,15.147,15.198,0.024,2258.59
2019-03-15,15.174,15.383,15.162,15.254,15.198,15.405,15.183,15.33,0.076,2671.71
2019-03-18,15.259,15.415,15.213,15.332,15.28,15.436,15.236,15.352,0.02,2119.46
2019-03-19,15.331,15.437,15.31,15.364,15.357,15.461,15.33,15.385,0.021,1689.74
2019-03-20,15.363,15.549,15.264,15.504,15.383,15.572,15.284,15.529,0.025,2698.11
2019-03-21,15.504,15.628,15.369,15.452,15.529,15.65,15.394,15.472,0.02,3084.18
2019-03-22,15.449,15.541,15.355,15.401,15.469,15.561,15.379,15.477,0.076,3111.68
2019-03-25,15.394,15.575,15.38,15.524,15.419,15.595,15.401,15.544,0.02,2509.73
2019-03-26,15.524,15.55,15.384,15.431,15.544,15.572,15.406,15.452,0.021,2569.42
2019-03-27,15.429,15.471,15.252,15.273,15.45,15.497,15.276,15.295,0.022,3314.83
2019-03-28,15.272,15.327,14.975,15.03,15.294,15.35,14.989,15.052,0.022,3381.58
2019-03-29,15.031,15.196,14.976,15.102,15.052,15.218,14.994,15.178,0.076,3044.29
2019-04-01,15.129,15.207,15.051,15.09,15.149,15.23,15.071,15.116,0.026,3127.99
2019-04-02,15.089,15.116,14.93,15.106,15.11,15.164,14.954,15.126,0.02,2451.76
2019-04-03,15.104,15.187,15.03,15.142,15.125,15.213,15.053,15.163,0.021,2596.76
2019-04-04,15.139,15.17,14.893,15.143,15.163,15.194,14.914,15.167,0.024,2471.96
2019-04-05,15.143,15.202,15.058,15.077,15.164,15.227,15.084,15.153,0.076,3007.68
2019-04-08,15.112,15.293,15.111,15.236,15.132,15.318,15.131,15.257,0.021,2189.87
2019-04-09,15.234,15.333,15.179,15.218,15.255,15.356,15.225,15.239,0.021,2480.42
2019-04-10,15.215,15.286,15.14,15.225,15.236,15.312,15.163,15.245,0.02,2498.16
2019-04-11,15.224,15.246,14.887,14.965,15.244,15.266,14.91,14.987,0.022,2242.53
2019-04-12,14.965,15.106,14.934,14.934,14.987,15.13,14.968,15.012,0.078,2030.48
2019-04-15,14.961,15.028,14.843,15.011,14.982,15.054,14.864,15.032,0.021,2253.75
2019-04-16,15.01,15.01,14.869,14.998,15.031,15.032,14.894,15.019,0.021,2580.33
2019-04-17,14.997,15.091,14.919,14.98,15.022,15.119,14.941,15.0,0.02,2442.22
2019-04-18,14.978,15.021,14.926,14.983,14.999,15.056,14.947,15.051,0.068,2192.28
2019-04-22,15.018,15.074,14.973,15.0,15.038,15.098,15.005,15.021,0.021,1297.78
2019-04-23,14.996,15.03,14.738,14.813,15.022,15.055,14.766,14.839,0.026,1931.33
2019-04-24,14.812,14.982,14.782,14.92,14.839,15.004,14.802,14.941,0.021,2418.19
2019-04-25,14.919,15.005,14.85,14.946,14.94,15.031,14.875,14.966,0.02,2743.68
2019-04-26,14.946,15.075,14.839,15.04,14.967,15.119,14.929,15.117,0.077,2687.26
2019-04-29,15.045,15.056,14.859,14.919,15.071,15.081,14.897,14.94,0.021,1927.74
2019-04-30,14.92,15.003,14.806,14.94,14.94,15.03,14.832,14.965,0.025,2359.22
2019-05-01,14.938,14.952,14.583,14.681,14.959,14.976,14.619,14.71,0.029,2857.89
2019-05-02,14.678,14.717,14.558,14.616,14.704,14.74,14.578,14.643,0.027,2480.86
2019-05-03,14.617,14.97,14.586,14.893,14.643,14.994,14.608,14.968,0.075,2436.24
2019-05-06,14.913,14.923,14.748,14.918,14.935,14.951,14.775,14.939,0.021,2652.82
2019-05-07,14.917,14.934,14.792,14.9,14.939,14.957,14.812,14.926,0.026,2757.18
2019-05-08,14.905,14.962,14.816,14.836,14.926,14.987,14.838,14.862,0.026,2312.61
2019-05-09,14.836,14.858,14.688,14.755,14.862,14.883,14.711,14.781,0.026,2676.88
2019-05-10,14.759,14.835,14.724,14.743,14.78,14.868,14.75,14.819,0.076,2569.73
2019-05-13,14.747,14.799,14.602,14.781,14.768,14.824,14.631,14.804,0.023,2119.88
2019-05-14,14.781,14.848,14.73,14.792,14.803,14.873,14.752,14.818,0.026,2144.55
2019-05-15,14.792,14.85,14.754,14.781,14.817,14.877,14.775,14.802,0.021,1946.6
2019-05-16,14.782,14.813,14.517,14.532,14.812,14.847,14.538,14.558,0.026,1889.08
2019-05-17,14.532,14.544,14.375,14.376,14.555,14.567,14.408,14.451,0.075,1746.34
2019-05-20,14.434,14.472,14.377,14.46,14.455,14.501,14.397,14.48,0.02,1884.04
2019-05-21,14.458,14.465,14.366,14.449,14.479,14.49,14.389,14.469,0.02,1560.26
2019-05-22,14.448,14.49,14.389,14.442,14.468,14.517,14.411,14.464,0.022,1344.76
2019-05-23,14.443,14.637,14.413,14.596,14.465,14.662,14.432,14.62,0.024,2112.04
2019-05-24,14.595,14.605,14.526,14.528,14.615,14.628,14.547,14.603,0.075,1677.68
2019-05-27,14.565,14.621,14.547,14.583,14.585,14.646,14.568,14.604,0.021,570.8
2019-05-28,14.585,14.598,14.285,14.352,14.61,14.623,14.309,14.376,0.024,1820.91
2019-05-29,14.354,14.472,14.343,14.404,14.377,14.498,14.364,14.425,0.021,1892.78
2019-05-30,14.404,14.566,14.357,14.521,14.424,14.59,14.378,14.542,0.021,1778.83
2019-05-31,14.522,14.677,14.472,14.542,14.546,14.7,14.494,14.618,0.076,2704.8
2019-06-03,14.617,14.823,14.57,14.766,14.638,14.847,14.593,14.796,0.03,2429.88
2019-06-04,14.765,14.851,14.654,14.807,14.787,14.876,14.676,14.834,0.027,2626.25
2019-06-05,14.807,15.034,14.764,14.802,14.835,15.06,14.781,14.823,0.021,3369.64
2019-06-06,14.798,14.995,14.74,14.865,14.822,15.015,14.761,14.89,0.025,2684.64
2019-06-07,14.864,15.145,14.845,14.976,14.886,15.165,14.869,15.052,0.076,2583.72
2019-06-10,14.975,15.001,14.637,14.707,14.996,15.022,14.658,14.728,0.021,2249.97
2019-06-11,14.708,14.79,14.642,14.748,14.728,14.816,14.665,14.769,0.021,2123.82
2019-06-12,14.748,14.871,14.717,14.767,14.771,14.895,14.743,14.792,0.025,2883.36
2019-06-13,14.766,14.928,14.732,14.92,14.792,14.955,14.753,14.945,0.025,2207.53
2019-06-14,14.916,15.11,14.785,14.833,14.938,15.158,14.809,14.909,0.076,3350.24
2019-06-17,14.82,14.897,14.768,14.827,14.844,14.921,14.791,14.847,0.02,2612.42
2019-06-18,14.828,15.078,14.806,14.998,14.848,15.104,14.83,15.019,0.021,3545.01
2019-06-19,14.998,15.169,14.91,15.118,15.019,15.199,14.93,15.142,0.024,3804.61
2019-06-20,15.119,15.508,15.114,15.45,15.141,15.533,15.139,15.48,0.03,6074.23
2019-06-21,15.449,15.549,15.155,15.309,15.469,15.576,15.175,15.384,0.075,6815.81
2019-06-24,15.405,15.473,15.283,15.464,15.425,15.514,15.308,15.488,0.024,4510.59
2019-06-25,15.466,15.506,15.266,15.305,15.486,15.527,15.293,15.325,0.02,7611.1
2019-06-26,15.305,15.348,15.171,15.283,15.33,15.372,15.192,15.303,0.02,5299.21
2019-06-27,15.283,15.291,15.15,15.265,15.303,15.314,15.173,15.285,0.02,4005.16
2019-06-28,15.267,15.332,15.195,15.277,15.287,15.361,15.227,15.353,0.076,4348.23
2019-07-01,15.182,15.294,15.108,15.142,15.203,15.319,15.137,15.168,0.026,4253.92
2019-07-02,15.14,15.378,15.033,15.37,15.161,15.405,15.06,15.397,0.027,3730.77
2019-07-03,15.369,15.454,15.179,15.294,15.397,15.48,15.217,15.319,0.025,4575.23
2019-07-04,15.301,15.329,15.207,15.303,15.321,15.332,15.238,15.33,0.027,1781.64
2019-07-05,15.309,15.313,14.886,14.971,15.331,15.332,14.908,15.052,0.081,4091.73
2019-07-08,14.967,15.116,14.96,15.008,14.987,15.141,14.981,15.029,0.021,2915.36
2019-07-09,15.003,15.125,14.934,15.083,15.028,15.153,14.959,15.11,0.027,2944.58
2019-07-10,15.08,15.277,15.035,15.271,15.101,15.304,15.057,15.291,0.02,3938.64
2019-07-11,15.273,15.31,15.09,15.112,15.297,15.33,15.116,15.136,0.024,3685.89
2019-07-12,15.111,15.242,15.041,15.188,15.138,15.27,15.066,15.264,0.076,2771.46
2019-07-15,15.221,15.416,15.152,15.388,15.249,15.445,15.177,15.409,0.021,2459.0
2019-07-16,15.387,15.687,15.304,15.543,15.413,15.717,15.326,15.569,0.026,3686.48
2019-07-17,15.544,15.987,15.513,15.927,15.565,16.039,15.534,15.955,0.028,3185.79
2019-07-18,15.928,16.391,15.913,16.318,15.955,16.424,15.936,16.344,0.026,5365.14
2019-07-19,16.319,16.58,16.053,16.169,16.344,16.602,16.075,16.245,0.076,6037.67
2019-07-22,16.197,16.422,16.161,16.326,16.218,16.446,16.186,16.354,0.028,3599.09
2019-07-23,16.319,16.53,16.164,16.351,16.347,16.555,16.192,16.372,0.021,3696.01
2019-07-24,16.352,16.64,16.346,16.598,16.377,16.664,16.37,16.623,0.025,2671.0
2019-07-25,16.603,16.639,16.32,16.42,16.625,16.666,16.333,16.443,0.023,3806.89
2019-07-26,16.421,16.51,16.321,16.356,16.448,16.533,16.348,16.432,0.076,2595.35
2019-07-29,16.371,16.465,16.323,16.426,16.394,16.499,16.352,16.452,0.026,2037.16
2019-07-30,16.428,16.598,16.387,16.542,16.455,16.624,16.413,16.573,0.031,2342.5
2019-07-31,16.541,16.563,16.179,16.252,16.574,16.587,16.213,16.275,0.023,4674.77
2019-08-01,16.248,16.375,15.908,16.296,16.276,16.402,15.938,16.318,0.022,6482.88
2019-08-02,16.297,16.343,15.997,16.168,16.329,16.367,16.064,16.245,0.077,6651.79
2019-08-05,16.176,16.563,16.109,16.486,16.197,16.588,16.133,16.509,0.023,6681.58
2019-08-06,16.482,16.497,16.347,16.471,16.51,16.526,16.371,16.494,0.023,4798.38
2019-08-07,16.474,17.235,16.464,17.088,16.495,17.26,16.489,17.115,0.027,7078.73
2019-08-08,17.091,17.201,16.797,17.011,17.114,17.23,16.822,17.036,0.025,5714.77
2019-08-09,17.005,17.134,16.855,16.931,17.031,17.157,16.878,17.007,0.076,4851.42
2019-08-12,17.0,17.153,16.797,17.069,17.021,17.179,16.829,17.093,0.024,4283.38
2019-08-13,17.068,17.5,16.492,16.969,17.093,17.525,16.55,16.989,0.02,7096.68
2019-08-14,16.969,17.315,16.864,17.236,16.998,17.342,16.887,17.258,0.022,7080.08
2019-08-15,17.234,17.382,17.1,17.287,17.256,17.406,17.114,17.309,0.022,6726.68
2019-08-16,17.288,17.325,17.041,17.051,17.309,17.35,17.066,17.147,0.096,4623.38
2019-08-19,17.084,17.127,16.824,16.875,17.116,17.156,16.868,16.902,0.027,4024.92
2019-08-20,16.87,17.182,16.847,17.119,16.897,17.209,16.874,17.139,0.02,3389.99
2019-08-21,17.119,17.194,16.986,17.12,17.14,17.217,17.009,17.142,0.022,3256.38
2019-08-22,17.12,17.142,16.933,17.017,17.14,17.165,16.955,17.04,0.023,3227.91
2019-08-23,17.013,17.473,16.972,17.392,17.04,17.501,16.994,17.467,0.075,5149.59
2019-08-26,17.679,17.769,17.503,17.659,17.702,17.797,17.533,17.688,0.029,6529.11
2019-08-27,17.658,18.202,17.623,18.181,17.686,18.241,17.651,18.208,0.027,4574.69
2019-08-28,18.18,18.501,18.054,18.331,18.208,18.532,18.081,18.357,0.026,4707.78
2019-08-29,18.333,18.646,18.038,18.271,18.353,18.674,18.064,18.302,0.031,7275.11
2019-08-30,18.27,18.469,18.054,18.328,18.301,18.494,18.082,18.404,0.076,6619.7
2019-09-02,18.456,18.545,18.258,18.386,18.477,18.572,18.28,18.413,0.027,3840.42
2019-09-03,18.385,19.365,18.329,19.352,18.413,19.391,18.348,19.375,0.023,7266.37
2019-09-04,19.344,19.641,19.179,19.558,19.376,19.671,19.201,19.58,0.022,7574.24
2019-09-05,19.558,19.566,18.471,18.669,19.58,19.597,18.498,18.685,0.016,9725.07
2019-09-06,18.67,18.79,17.953,18.153,18.686,18.816,17.983,18.183,0.03,11958.01
2019-09-09,18.161,18.303,17.913,17.946,18.196,18.331,17.943,17.973,0.027,7633.85
2019-09-10,17.948,18.169,17.769,18.007,17.977,18.193,17.792,18.029,0.022,6664.19
2019-09-11,18.005,18.236,17.88,18.084,18.027,18.267,17.909,18.108,0.024,4900.96
2019-09-12,18.079,18.46,17.995,18.056,18.104,18.487,18.021,18.08,0.024,6331.5
2019-09-13,18.058,18.182,17.383,17.402,18.081,18.209,17.415,17.501,0.099,5090.98
2019-09-16,17.736,17.996,17.701,17.815,17.769,18.024,17.729,17.842,0.027,6909.19
2019-09-17,17.817,18.084,17.741,17.997,17.837,18.108,17.766,18.017,0.02,5787.46
2019-09-18,17.999,18.034,17.507,17.671,18.018,18.061,17.535,17.696,0.025,6074.47
2019-09-19,17.673,17.932,17.579,17.791,17.696,17.957,17.611,17.817,0.026,5599.37
2019-09-20,17.791,17.974,17.74,17.944,17.815,18.04,17.765,18.02,0.076,4448.6
2019-09-23,17.975,18.7,17.948,18.614,17.999,18.723,17.97,18.642,0.028,6307.05
2019-09-24,18.612,18.733,18.239,18.625,18.64,18.755,18.264,18.65,0.025,7430.65
2019-09-25,18.624,18.677,17.805,17.982,18.648,18.706,17.833,18.004,0.022,7434.39
2019-09-26,17.981,18.042,17.711,17.866,18.004,18.069,17.749,17.887,0.021,7299.09
2019-09-27,17.869,17.894,17.283,17.501,17.889,17.921,17.31,17.576,0.075,8007.09
2019-09-30,17.52,17.566,16.915,17.024,17.54,17.591,16.941,17.056,0.032,7004.98
2019-10-01,17.032,17.328,16.882,17.31,17.056,17.358,16.909,17.336,0.026,7245.23
2019-10-02,17.311,17.67,17.181,17.575,17.331,17.689,17.205,17.603,0.028,6382.56
2019-10-03,17.569,17.784,17.394,17.615,17.595,17.818,17.485,17.636,0.021,6681.86
2019-10-04,17.617,17.65,17.278,17.52,17.636,17.752,17.308,17.596,0.076,6016.37
2019-10-07,17.557,17.611,17.38,17.407,17.583,17.636,17.405,17.427,0.02,4679.62
2019-10-08,17.408,17.799,17.253,17.768,17.428,17.825,17.282,17.797,0.029,7559.24
2019-10-09,17.765,17.946,17.656,17.824,17.787,17.976,17.682,17.85,0.026,6384.16
2019-10-10,17.826,17.857,17.414,17.51,17.858,17.885,17.437,17.537,0.027,7769.29
2019-10-11,17.508,17.743,17.331,17.516,17.534,17.767,17.357,17.592,0.076,8479.41
2019-10-14,17.478,17.694,17.417,17.638,17.504,17.716,17.44,17.663,0.025,4736.16
2019-10-15,17.636,17.726,17.335,17.418,17.662,17.751,17.364,17.442,0.024,5662.52
2019-10-16,17.425,17.466,17.153,17.393,17.445,17.489,17.177,17.413,0.02,6351.51
2019-10-17,17.388,17.634,17.304,17.544,17.411,17.659,17.327,17.564,0.02,5448.98
2019-10-18,17.544,17.593,17.396,17.479,17.564,17.622,17.418,17.62,0.141,4119.7
2019-10-21,17.56,17.865,17.497,17.556,17.588,17.888,17.522,17.576,0.02,5295.93
2019-10-22,17.555,17.659,17.417,17.542,17.575,17.684,17.447,17.567,0.025,4538.48
2019-10-23,17.54,17.612,17.494,17.546,17.56,17.639,17.517,17.572,0.026,3715.86
2019-10-24,17.548,17.835,17.47,17.795,17.572,17.861,17.492,17.816,0.021,4539.22
2019-10-25,17.797,18.323,17.777,18.005,17.818,18.351,17.799,18.081,0.076,6208.19
2019-10-28,18.018,18.129,17.776,17.808,18.048,18.159,17.799,17.833,0.025,5869.14
2019-10-29,17.806,17.891,17.598,17.779,17.826,17.946,17.622,17.798,0.019,5423.31
2019-10-30,17.777,17.955,17.567,17.84,17.799,17.979,17.602,17.859,0.019,6542.92
2019-10-31,17.843,18.164,17.782,18.076,17.868,18.193,17.804,18.098,0.022,6408.03
2019-11-01,18.076,18.144,17.922,18.088,18.099,18.17,17.953,18.164,0.076,4998.03
2019-11-04,18.116,18.215,17.954,18.01,18.142,18.239,17.98,18.036,0.026,4700.73
2019-11-05,18.011,18.082,17.525,17.579,18.036,18.108,17.554,17.608,0.029,6014.87
2019-11-06,17.587,17.642,17.377,17.61,17.609,17.681,17.399,17.63,0.02,5544.98
2019-11-07,17.609,17.662,16.945,17.11,17.629,17.689,16.978,17.133,0.023,7726.2
2019-11-08,17.102,17.116,16.681,16.754,17.133,17.146,16.71,16.834,0.08,6142.09
2019-11-11,16.829,16.934,16.652,16.829,16.852,16.954,16.677,16.849,0.02,4214.88
2019-11-12,16.83,16.895,16.632,16.807,16.855,16.919,16.662,16.834,0.027,5726.24
2019-11-13,16.805,17.018,16.76,16.951,16.832,17.047,16.788,16.973,0.022,5498.75
2019-11-14,16.95,17.097,16.869,16.981,16.973,17.125,16.892,17.011,0.03,5292.87
2019-11-15,16.981,17.03,16.807,16.923,17.01,17.052,16.835,17.004,0.081,4204.77
2019-11-18,16.985,17.05,16.723,17.029,17.011,17.083,16.757,17.054,0.025,3942.13
2019-11-19,17.03,17.176,16.956,17.163,17.056,17.202,16.981,17.188,0.025,4393.08
2019-11-20,17.162,17.199,17.021,17.171,17.182,17.239,17.046,17.201,0.03,5054.05
2019-11-21,17.171,17.178,17.03,17.103,17.191,17.208,17.055,17.123,0.02,4615.41
2019-11-22,17.103,17.225,16.944,16.96,17.132,17.252,17.003,17.04,0.08,3654.62
2019-11-25,16.912,16.989,16.817,16.848,16.939,17.014,16.867,16.869,0.021,3343.37
2019-11-26,16.842,17.108,16.803,17.072,16.868,17.135,16.825,17.098,0.026,3645.8
2019-11-27,17.074,17.085,16.913,16.982,17.094,17.113,16.945,17.008,0.026,2771.72
2019-11-28,16.984,17.008,16.906,16.941,17.006,17.033,16.926,16.963,0.022,1566.49
2019-11-29,16.942,17.037,16.846,16.993,16.964,17.063,16.87,17.039,0.046,2840.42
2019-12-02,16.968,16.984,16.81,16.905,16.99,17.019,16.84,16.931,0.026,3668.2
2019-12-03,16.907,17.195,16.861,17.149,16.928,17.219,16.888,17.171,0.022,4432.65
2019-12-04,17.15,17.29,16.794,16.861,17.172,17.338,16.817,16.88,0.019,5516.91
2019-12-05,16.861,17.008,16.809,16.952,16.881,17.061,16.832,16.974,0.022,3410.48
2019-12-06,16.951,17.001,16.515,16.535,16.973,17.098,16.543,16.615,0.08,3895.53
2019-12-09,16.583,16.678,16.516,16.59,16.604,16.702,16.54,16.611,0.021,2689.17
2019-12-10,16.589,16.71,16.569,16.649,16.61,16.734,16.59,16.677,0.028,2935.79
2019-12-11,16.642,16.95,16.591,16.859,16.668,16.984,16.615,16.88,0.021,3545.04
2019-12-12,16.857,17.105,16.75,16.878,16.878,17.139,16.782,16.903,0.025,5277.47
2019-12-13,16.879,17.024,16.825,16.907,16.899,17.108,16.855,16.986,0.079,4933.9
2019-12-16,16.918,17.078,16.892,17.024,16.949,17.102,16.914,17.044,0.02,2806.84
2019-12-17,17.021,17.108,16.939,16.987,17.047,17.128,16.975,17.016,0.029,2576.06
2019-12-18,16.986,17.06,16.87,17.013,17.015,17.085,16.899,17.043,0.03,2469.09
2019-12-19,17.015,17.114,16.887,17.046,17.042,17.144,16.914,17.068,0.022,2640.84
2019-12-20,17.045,17.247,17.019,17.167,17.067,17.274,17.042,17.246,0.079,2531.36
2019-12-23,17.191,17.445,17.168,17.425,17.211,17.499,17.189,17.449,0.024,2714.76
2019-12-24,17.427,17.775,17.357,17.735,17.45,17.801,17.382,17.791,0.056,3015.67
2019-12-25,17.718,17.745,17.647,17.717,17.802,17.825,17.748,17.772,0.055,72.66
2019-12-26,17.717,18.046,17.708,17.906,17.773,18.069,17.747,17.929,0.023,4394.69
2019-12-27,17.907,17.963,17.722,17.729,17.93,17.99,17.757,17.807,0.078,4131.39
2019-12-30,17.813,17.952,17.768,17.909,17.84,17.977,17.797,17.939,0.03,3129.2
2019-12-31,17.909,18.134,17.81,17.812,17.936,18.157,17.837,17.891,0.079,3643.49
2020-01-01,17.863,17.929,17.856,17.88,17.913,17.996,17.903,17.907,0.027,113.47
2020-01-02,17.88,18.086,17.777,18.016,17.906,18.119,17.8,18.042,0.026,3995.81
2020-01-03,18.016,18.262,17.987,18.011,18.042,18.288,18.008,18.092,0.081,6680.8
2020-01-06,18.162,18.498,18.001,18.109,18.194,18.527,18.027,18.134,0.025,6629.84
2020-01-07,18.11,18.594,17.936,18.567,18.135,18.623,17.963,18.602,0.035,6883.94
2020-01-08,18.566,18.844,18.044,18.124,18.602,18.875,18.072,18.15,0.026,12225.73
2020-01-09,18.126,18.198,17.788,17.902,18.15,18.224,17.813,17.93,0.028,6459.46
2020-01-10,17.904,18.143,17.823,18.078,17.929,18.167,17.857,18.157,0.079,4809.27
2020-01-13,18.045,18.073,17.885,17.92,18.075,18.097,17.934,17.945,0.025,3409.89
2020-01-14,17.92,17.929,17.664,17.823,17.945,17.956,17.697,17.85,0.027,4739.38
2020-01-15,17.826,18.032,17.749,18.005,17.85,18.088,17.761,18.031,0.026,4261.58
2020-01-16,18.005,18.038,17.858,17.938,18.036,18.076,17.883,17.964,0.026,3568.33
2020-01-17,17.938,18.16,17.895,17.994,17.964,18.19,17.916,18.075,0.081,3469.71
2020-01-20,18.027,18.124,17.987,18.064,18.054,18.146,18.008,18.091,0.027,1953.1
2020-01-21,18.066,18.146,17.623,17.746,18.092,18.178,17.654,17.768,0.022,5731.31
2020-01-22,17.745,17.919,17.678,17.864,17.775,17.944,17.701,17.891,0.027,3427.49
2020-01-23,17.866,17.883,17.594,17.764,17.887,17.914,17.618,17.791,0.027,4018.25
2020-01-24,17.764,18.14,17.74,18.078,17.792,18.161,17.759,18.158,0.08,3040.48
2020-01-27,18.198,18.327,18.033,18.082,18.23,18.357,18.059,18.106,0.024,4102.2
2020-01-28,18.08,18.113,17.421,17.468,18.107,18.136,17.45,17.499,0.031,4291.03
2020-01-29,17.47,17.583,17.351,17.559,17.502,17.607,17.401,17.588,0.029,3158.59
2020-01-30,17.562,18.031,17.549,17.823,17.588,18.054,17.576,17.851,0.028,4822.51
2020-01-31,17.826,18.079,17.777,17.998,17.851,18.109,17.802,18.08,0.082,4541.08
2020-02-03,18.065,18.072,17.579,17.691,18.091,18.099,17.612,17.713,0.022,5571.46
2020-02-04,17.692,17.775,17.522,17.601,17.714,17.802,17.538,17.627,0.026,4544.92
2020-02-05,17.601,17.719,17.474,17.613,17.627,17.741,17.501,17.638,0.025,4678.24
2020-02-06,17.614,17.877,17.601,17.804,17.639,17.904,17.624,17.825,0.021,3898.3
2020-02-07,17.806,17.857,17.588,17.662,17.826,17.879,17.659,17.742,0.08,4426.4
2020-02-10,17.737,17.828,17.671,17.759,17.767,17.855,17.695,17.779,0.02,3636.09
2020-02-11,17.758,17.796,17.562,17.621,17.778,17.827,17.59,17.651,0.03,3310.15
2020-02-12,17.627,17.669,17.449,17.519,17.649,17.694,17.483,17.541,0.022,3247.63
2020-02-13,17.517,17.725,17.501,17.659,17.538,17.751,17.527,17.679,0.02,3629.98
2020-02-14,17.649,17.797,17.613,17.701,17.677,17.824,17.633,17.78,0.079,2817.88
2020-02-17,17.726,17.886,17.712,17.8,17.758,17.911,17.735,17.826,0.026,1544.1
2020-02-18,17.799,18.227,17.799,18.153,17.826,18.254,17.821,18.184,0.031,3915.82
2020-02-19,18.153,18.458,18.14,18.394,18.175,18.488,18.163,18.414,0.02,5183.18
2020-02-20,18.392,18.429,18.23,18.41,18.412,18.455,18.24,18.43,0.02,6235.43
2020-02-21,18.41,18.622,18.347,18.448,18.43,18.648,18.369,18.527,0.079,6416.32
2020-02-24,18.658,18.934,18.525,18.605,18.689,18.963,18.552,18.63,0.025,11160.43
2020-02-25,18.601,18.636,17.847,18.054,18.627,18.662,17.876,18.081,0.027,12849.78
2020-02-26,18.055,18.203,17.784,17.913,18.078,18.229,17.805,17.94,0.027,11279.96
2020-02-27,17.906,18.131,17.614,17.789,17.94,18.155,17.639,17.816,0.027,9548.4
2020-02-28,17.788,17.858,16.383,16.632,17.817,17.888,16.414,16.712,0.08,14234.46
2020-03-02,16.55,17.049,16.516,16.806,16.577,17.078,16.545,16.829,0.023,11189.19
2020-03-03,16.804,17.457,16.738,17.251,16.83,17.49,16.765,17.274,0.023,9743.32
2020-03-04,17.251,17.326,17.05,17.167,17.283,17.353,17.097,17.193,0.026,7097.82
2020-03-05,17.167,17.487,17.134,17.485,17.193,17.517,17.161,17.505,0.02,4626.94
2020-03-06,17.475,17.568,17.011,17.307,17.51,17.595,17.059,17.387,0.08,9877.43
2020-03-09,17.478,17.493,16.556,16.914,17.51,17.526,16.589,16.942,0.028,10279.28
2020-03-10,16.912,17.187,16.797,16.964,16.942,17.214,16.826,16.991,0.027,8977.07
2020-03-11,16.964,17.102,16.669,16.799,16.991,17.129,16.696,16.825,0.026,7085.93
2020-03-12,16.801,16.917,15.509,15.704,16.831,16.946,15.538,15.727,0.023,14027.99
2020-03-13,15.701,15.862,14.432,14.711,15.731,15.891,14.459,14.782,0.071,13540.29
2020-03-16,14.769,14.792,11.737,13.007,14.827,14.845,11.82,13.034,0.027,12558.05
2020-03-17,13.003,13.236,12.112,12.759,13.033,13.264,12.141,12.79,0.031,13376.84
2020-03-18,12.762,12.882,11.624,12.254,12.792,12.916,11.653,12.284,0.03,15808.66
2020-03-19,12.257,12.297,11.754,12.1,12.281,12.327,11.792,12.136,0.036,13482.81
2020-03-20,12.099,13.012,12.096,12.537,12.135,13.048,12.13,12.713,0.176,12036.15
2020-03-23,12.404,13.8,12.359,13.766,12.443,13.83,12.408,13.8,0.034,12290.02
2020-03-24,13.765,14.661,13.145,14.645,13.799,14.863,13.191,14.692,0.047,7106.52
2020-03-25,14.635,14.708,13.996,14.364,14.677,14.9,14.038,14.417,0.053,3737.01
2020-03-26,14.369,14.662,14.155,14.359,14.417,14.696,14.191,14.5,0.141,3374.68
2020-03-27,14.359,14.611,14.156,14.426,14.5,14.654,14.201,14.5,0.074,3346.52
2020-03-30,14.36,14.399,13.793,13.995,14.401,14.65,13.837,14.026,0.031,4973.37
2020-03-31,13.992,14.238,13.84,13.94,14.026,14.27,13.883,13.982,0.042,3144.33
2020-04-01,13.94,14.118,13.802,13.965,13.977,14.165,13.835,14.008,0.043,2738.66
2020-04-02,13.968,14.536,13.881,14.452,14.011,14.576,13.925,14.489,0.037,2502.93
2020-04-03,14.447,14.531,14.256,14.376,14.484,14.572,14.293,14.432,0.056,2153.42
2020-04-06,14.395,15.532,14.32,15.37,14.427,15.609,14.353,15.481,0.111,2874.04
2020-04-07,15.083,15.332,14.4,14.95,15.193,15.594,14.902,15.007,0.057,3359.46
2020-04-08,14.943,15.122,14.826,14.967,15.004,15.163,14.891,15.004,0.037,1384.46
2020-04-09,14.967,15.527,14.954,15.396,15.003,15.591,14.992,15.501,0.105,2315.42
2020-04-13,15.338,15.476,15.1,15.415,15.385,15.539,15.173,15.452,0.037,2040.61
2020-04-14,15.414,15.837,15.321,15.66,15.451,15.868,15.371,15.695,0.035,2217.54
2020-04-15,15.66,15.769,15.258,15.386,15.693,15.801,15.304,15.441,0.055,1995.95
2020-04-16,15.382,15.58,15.204,15.469,15.436,15.624,15.238,15.506,0.037,2115.16
2020-04-17,15.466,15.539,14.999,15.147,15.505,15.575,15.029,15.244,0.097,1981.88
2020-04-20,15.063,15.426,15.035,15.239,15.116,15.452,15.091,15.269,0.03,1531.36
2020-04-21,15.239,15.322,14.524,14.86,15.269,15.357,14.554,14.911,0.051,5124.14
2020-04-22,14.862,15.138,14.664,15.06,14.911,15.184,14.699,15.08,0.02,1212.9
2020-04-23,15.061,15.429,14.943,15.211,15.086,15.47,14.995,15.268,0.057,4073.49
2020-04-24,15.209,15.38,15.013,15.187,15.263,15.41,15.046,15.288,0.101,4278.54
2020-04-27,15.231,15.319,15.011,15.139,15.266,15.345,15.039,15.167,0.028,3638.81
2020-04-28,15.137,15.221,14.898,15.125,15.166,15.262,14.931,15.157,0.032,5018.29
2020-04-29,15.127,15.378,15.085,15.262,15.157,15.414,15.112,15.301,0.039,4409.54
2020-04-30,15.265,15.492,14.593,14.951,15.301,15.524,14.673,14.981,0.03,5199.3
2020-05-01,14.954,15.034,14.734,14.933,14.984,15.069,14.763,15.049,0.116,3198.22
2020-05-04,14.879,15.057,14.709,14.827,14.909,15.087,14.745,14.861,0.034,2649.02
2020-05-05,14.826,15.027,14.709,14.935,14.85,15.057,14.74,14.972,0.037,2961.25
2020-05-06,14.933,15.151,14.776,14.891,14.97,15.177,14.84,14.929,0.038,3479.18
2020-05-07,14.892,15.422,14.889,15.239,14.929,15.452,14.929,15.274,0.035,2533.33
2020-05-08,15.24,15.618,15.202,15.418,15.275,15.651,15.235,15.537,0.119,4294.2
2020-05-11,15.557,15.606,15.268,15.439,15.593,15.638,15.298,15.469,0.03,3326.98
2020-05-12,15.441,15.621,15.317,15.427,15.471,15.643,15.353,15.461,0.034,2705.27
2020-05-13,15.429,15.638,15.297,15.572,15.461,15.672,15.333,15.609,0.037,3144.3
2020-05-14,15.573,15.906,15.44,15.863,15.609,15.947,15.46,15.893,0.03,2194.11
2020-05-15,15.864,16.72,15.767,16.596,15.894,16.75,15.794,16.689,0.093,3054.31
2020-05-18,16.892,17.554,16.798,17.087,16.925,17.588,16.832,17.124,0.037,6716.72
2020-05-19,17.086,17.483,16.949,17.384,17.124,17.508,16.996,17.417,0.033,3548.57
2020-05-20,17.384,17.628,17.253,17.478,17.416,17.658,17.285,17.515,0.037,3486.7
2020-05-21,17.476,17.476,16.862,17.057,17.514,17.514,16.894,17.091,0.034,4783.53
2020-05-22,17.057,17.238,16.696,17.169,17.092,17.337,16.749,17.245,0.076,2772.81
2020-05-25,17.146,17.177,16.881,17.075,17.183,17.233,16.916,17.115,0.04,1669.16
2020-05-26,17.073,17.435,17.012,17.143,17.113,17.472,17.042,17.174,0.031,4690.58
2020-05-27,17.142,17.347,16.836,17.235,17.174,17.372,16.864,17.273,0.038,3413.37
2020-05-28,17.233,17.511,17.166,17.406,17.271,17.538,17.196,17.437,0.031,3262.23
2020-05-29,17.406,17.901,17.248,17.838,17.438,17.926,17.28,17.895,0.057,2804.02
2020-06-01,18.034,18.366,17.982,18.31,18.1,18.401,18.012,18.34,0.03,3106.61
2020-06-02,18.311,18.353,17.766,18.045,18.341,18.385,17.798,18.068,0.023,3640.62
2020-06-03,18.045,18.045,17.453,17.644,18.069,18.078,17.475,17.675,0.031,4736.14
2020-06-04,17.645,17.844,17.454,17.668,17.675,17.868,17.486,17.695,0.027,3879.99
2020-06-05,17.669,17.758,17.206,17.399,17.699,17.788,17.235,17.458,0.059,5516.31
2020-06-08,17.411,17.791,17.407,17.699,17.441,17.824,17.437,17.729,0.03,2335.75
2020-06-09,17.699,17.758,17.448,17.558,17.73,17.784,17.484,17.587,0.029,2037.06
2020-06-10,17.555,18.184,17.538,17.962,17.586,18.208,17.568,17.992,0.03,2719.4
2020-06-11,17.966,18.101,17.467,17.615,17.996,18.125,17.497,17.646,0.031,3925.42
2020-06-12,17.613,17.74,17.381,17.467,17.646,17.766,17.398,17.511,0.044,3882.8
2020-06-15,17.504,17.544,16.938,17.376,17.539,17.57,16.968,17.406,0.03,4517.81
2020-06-16,17.374,17.557,17.274,17.471,17.404,17.593,17.302,17.501,0.03,4330.99
2020-06-17,17.472,17.601,17.325,17.482,17.502,17.626,17.357,17.512,0.03,2041.36
2020-06-18,17.481,17.67,17.297,17.403,17.511,17.7,17.326,17.435,0.032,3102.65
2020-06-19,17.403,17.797,17.361,17.577,17.434,17.828,17.391,17.642,0.065,2684.02
2020-06-22,17.764,18.025,17.65,17.795,17.799,18.053,17.684,17.826,0.031,3809.75
2020-06-23,17.796,18.005,17.652,17.964,17.826,18.032,17.685,17.994,0.03,2919.56
2020-06-24,17.965,18.062,17.361,17.499,17.995,18.098,17.398,17.537,0.038,5448.97
2020-06-25,17.499,17.813,17.438,17.758,17.538,17.86,17.466,17.797,0.039,3076.44
2020-06-26,17.757,17.938,17.483,17.712,17.794,17.965,17.507,17.821,0.109,3433.22
2020-06-29,17.805,17.95,17.676,17.849,17.839,17.986,17.704,17.877,0.028,2271.28
2020-06-30,17.849,18.231,17.758,18.187,17.876,18.277,17.79,18.218,0.031,2470.15
2020-07-01,18.187,18.435,17.821,17.998,18.217,18.463,17.843,18.03,0.032,4933.94
2020-07-02,17.999,18.118,17.746,17.934,18.03,18.148,17.779,17.964,0.03,3331.83
2020-07-03,17.932,18.053,17.924,18.007,17.962,18.085,17.954,18.085,0.078,1477.5
2020-07-06,18.02,18.388,17.931,18.3,18.05,18.414,17.959,18.323,0.023,3538.13
2020-07-07,18.3,18.353,17.978,18.264,18.324,18.378,18.007,18.287,0.023,3025.46
2020-07-08,18.264,18.756,18.239,18.69,18.287,18.783,18.269,18.718,0.028,2675.07
2020-07-09,18.69,19.028,18.468,18.665,18.717,19.058,18.502,18.699,0.034,5227.95
2020-07-10,18.665,18.794,18.467,18.683,18.7,18.824,18.504,18.739,0.056,3676.69
2020-07-13,18.781,19.373,18.749,19.115,18.812,19.395,18.779,19.145,0.03,4025.59
2020-07-14,19.113,19.314,18.863,19.273,19.143,19.357,18.891,19.306,0.033,4217.1
2020-07-15,19.271,19.472,19.119,19.444,19.301,19.497,19.149,19.472,0.028,2859.03
2020-07-16,19.445,19.445,19.082,19.15,19.475,19.476,19.111,19.183,0.033,3250.6
2020-07-17,19.149,19.386,18.917,19.283,19.182,19.407,18.947,19.354,0.071,2398.49
2020-07-20,19.334,19.913,19.24,19.901,19.364,19.964,19.264,19.931,0.03,3063.91
2020-07-21,19.902,22.49,19.84,22.386,19.932,22.534,19.869,22.424,0.038,1495.0
2020-07-22,22.385,23.24,21.359,22.804,22.424,23.28,21.405,22.848,0.044,1959.18
2020-07-23,22.805,23.12,22.235,22.563,22.848,23.155,22.264,22.593,0.03,1858.64
2020-07-24,22.563,22.911,22.379,22.718,22.594,22.938,22.415,22.802,0.084,1221.16
2020-07-27,23.049,25.583,22.892,25.581,23.08,25.65,22.934,25.637,0.056,2014.36
2020-07-28,25.586,26.187,22.27,24.245,25.637,26.23,22.329,24.29,0.045,2334.83
2020-07-29,24.245,24.942,23.29,24.217,24.293,24.972,23.342,24.261,0.044,1604.49
2020-07-30,24.217,24.365,22.892,23.472,24.259,24.407,22.928,23.518,0.046,1853.16
2020-07-31,23.472,24.464,23.269,24.354,23.516,24.498,23.307,24.485,0.131,1804.49
2020-08-03,24.554,24.62,24.0,24.236,24.602,24.675,24.06,24.271,0.035,1306.41
2020-08-04,24.237,26.304,24.117,26.232,24.271,26.37,24.15,26.269,0.037,1686.03
2020-08-05,26.228,27.129,25.343,26.871,26.262,27.173,25.402,26.912,0.041,2166.32
2020-08-06,26.872,29.838,26.783,29.757,26.912,29.883,26.821,29.801,0.044,2516.57
2020-08-07,29.768,29.82,27.351,28.241,29.819,29.855,27.392,28.333,0.092,2802.53
2020-08-10,28.115,29.399,27.829,29.038,28.16,29.435,27.875,29.078,0.04,2365.99
2020-08-11,29.037,29.162,24.365,24.895,29.078,29.197,24.411,24.95,0.055,3464.43
2020-08-12,24.894,26.265,23.339,25.617,24.95,26.312,23.507,25.661,0.044,2406.59
2020-08-13,25.617,27.726,25.539,27.444,25.662,27.769,25.58,27.489,0.045,2444.7
2020-08-14,27.434,27.542,25.721,26.392,27.483,27.595,25.765,26.503,0.111,2729.75
2020-08-17,26.128,27.555,25.793,27.318,26.179,27.59,25.845,27.359,0.041,2122.56
2020-08-18,27.318,28.454,27.082,27.926,27.357,28.484,27.125,27.964,0.038,2378.91
2020-08-19,27.924,28.013,26.462,26.67,27.964,28.053,26.507,26.712,0.042,2996.2
2020-08-20,26.667,27.513,26.581,27.44,26.706,27.547,26.627,27.477,0.037,2393.62
2020-08-21,27.439,27.53,26.021,26.727,27.477,27.569,26.065,26.86,0.133,1834.12
2020-08-24,26.548,27.222,26.249,26.616,26.584,27.256,26.284,26.655,0.039,1632.94
2020-08-25,26.615,26.792,26.047,26.494,26.655,26.825,26.08,26.524,0.03,1608.26
2020-08-26,26.49,27.485,26.074,27.413,26.524,27.581,26.111,27.45,0.037,1651.55
2020-08-27,27.415,27.911,26.493,26.929,27.45,27.947,26.528,26.969,0.04,1963.01
2020-08-28,26.921,27.703,26.815,27.458,26.965,27.733,26.853,27.542,0.084,1830.5
2020-08-31,27.917,28.351,27.554,28.119,27.957,28.381,27.594,28.158,0.039,21384.1
2020-09-01,28.116,28.895,27.55,28.27,28.153,28.925,27.591,28.31,0.04,1958.15
2020-09-02,28.27,28.301,27.057,27.532,28.309,28.334,27.088,27.566,0.034,1984.99
2020-09-03,27.53,27.702,26.373,26.455,27.567,27.735,26.413,26.5,0.045,2041.12
2020-09-04,26.455,27.029,26.287,26.843,26.499,27.077,26.317,26.985,0.142,1893.75
2020-09-07,26.828,27.159,26.611,26.847,26.867,27.195,26.641,26.887,0.04,855.9
2020-09-08,26.847,27.085,25.832,26.603,26.888,27.118,25.864,26.64,0.037,2139.78
2020-09-09,26.604,27.111,26.398,26.967,26.64,27.141,26.429,27.004,0.037,1607.09
2020-09-10,26.966,27.476,26.681,26.822,26.999,27.506,26.711,26.852,0.03,1769.64
2020-09-11,26.818,27.024,26.552,26.679,26.848,27.054,26.584,26.782,0.103,1579.79
2020-09-14,26.78,27.297,26.675,27.157,26.813,27.327,26.707,27.187,0.03,1581.76
2020-09-15,27.154,27.617,26.992,27.111,27.184,27.647,27.023,27.146,0.035,1563.68
2020-09-16,27.11,27.43,26.862,27.157,27.141,27.46,26.892,27.187,0.03,1653.58
2020-09-17,27.154,27.193,26.267,27.031,27.186,27.223,26.313,27.061,0.03,2156.89
2020-09-18,27.029,27.217,26.675,26.738,27.059,27.287,26.707,26.804,0.066,1628.7
2020-09-21,26.723,26.952,23.685,25.021,26.757,26.982,23.725,25.056,0.035,2443.49
2020-09-22,25.02,25.219,23.812,24.425,25.056,25.256,23.854,24.461,0.036,2032.05
2020-09-23,24.425,24.459,21.669,21.902,24.46,24.495,21.723,21.939,0.037,2850.34
2020-09-24,21.9,23.339,21.65,23.205,21.937,23.369,21.678,23.239,0.034,2918.31
2020-09-25,23.204,23.292,22.417,22.838,23.234,23.331,22.456,22.957,0.119,2387.66
2020-09-28,22.972,23.813,22.504,23.751,23.008,23.849,22.541,23.788,0.037,2215.37
2020-09-29,23.752,24.394,23.36,24.244,23.788,24.424,23.39,24.275,0.031,2159.94
2020-09-30,24.243,24.258,23.121,23.344,24.275,24.29,23.152,23.378,0.034,2243.03
2020-10-01,23.343,24.156,23.212,23.792,23.373,24.186,23.25,23.827,0.035,2062.57
2020-10-02,23.789,24.196,23.466,23.684,23.82,24.226,23.501,23.79,0.106,1922.55
2020-10-05,23.884,24.508,23.671,24.343,23.92,24.54,23.702,24.378,0.035,1770.96
2020-10-06,24.343,24.491,22.84,23.281,24.377,24.521,22.902,23.311,0.03,2074.77
2020-10-07,23.289,23.97,23.174,23.773,23.319,24.0,23.208,23.803,0.03,1684.47
2020-10-08,23.778,24.205,23.64,23.864,23.808,24.235,23.67,23.894,0.03,1514.8
2020-10-09,23.863,25.173,23.844,25.129,23.893,25.21,23.874,25.186,0.057,1897.29
2020-10-12,25.191,25.549,24.771,25.163,25.23,25.579,24.802,25.193,0.03,1977.67
2020-10-13,25.16,25.164,23.921,24.158,25.19,25.194,23.951,24.189,0.031,2260.92
2020-10-14,24.155,24.625,23.86,24.167,24.187,24.655,23.899,24.197,0.03,2083.24
2020-10-15,24.166,24.319,23.559,24.234,24.196,24.381,23.589,24.264,0.03,2064.46
2020-10-16,24.234,24.511,24.042,24.105,24.265,24.541,24.076,24.217,0.112,1417.44
2020-10-19,24.198,24.963,24.1,24.404,24.229,24.993,24.136,24.438,0.034,1964.58
2020-10-20,24.403,24.914,24.305,24.753,24.438,24.944,24.338,24.783,0.03,1888.54
2020-10-21,24.753,25.276,24.721,24.948,24.783,25.306,24.751,24.978,0.03,2446.06
2020-10-22,24.948,25.019,24.359,24.679,24.978,25.049,24.389,24.71,0.031,2157.36
2020-10-23,24.679,24.845,24.398,24.537,24.709,24.875,24.427,24.666,0.129,1748.54
2020-10-26,24.452,24.556,24.08,24.27,24.482,24.586,24.113,24.3,0.03,2523.23
2020-10-27,24.267,24.606,24.182,24.303,24.297,24.636,24.212,24.333,0.03,2007.28
2020-10-28,24.302,24.558,23.013,23.434,24.332,24.588,23.043,23.466,0.032,2473.05
2020-10-29,23.433,23.574,22.569,23.29,23.465,23.604,22.608,23.32,0.03,2800.18
2020-10-30,23.29,23.805,23.164,23.593,23.32,23.835,23.194,23.696,0.103,2511.47
2020-11-02,23.433,24.153,23.377,24.055,23.463,24.183,23.412,24.087,0.032,2014.94
2020-11-03,24.055,24.451,23.897,24.39,24.086,24.489,23.927,24.42,0.03,1771.3
2020-11-04,24.389,24.491,23.212,23.942,24.419,24.525,23.251,23.972,0.03,2463.6
2020-11-05,23.943,25.46,23.889,25.15,23.973,25.49,23.92,25.18,0.03,3368.51
2020-11-06,25.15,25.835,24.879,25.565,25.18,25.865,24.909,25.67,0.105,2616.79
2020-11-09,25.926,25.956,23.56,24.226,25.956,25.986,23.59,24.256,0.03,2957.36
2020-11-10,24.227,24.486,23.889,24.161,24.257,24.516,23.919,24.191,0.03,2515.84
2020-11-11,24.164,24.421,23.763,24.227,24.194,24.451,23.793,24.257,0.03,2011.82
2020-11-12,24.234,24.391,24.024,24.254,24.264,24.6,24.055,24.285,0.031,1543.84
2020-11-13,24.255,24.807,24.144,24.613,24.285,24.837,24.174,24.713,0.1,1459.15
2020-11-16,24.674,25.062,24.203,24.75,24.704,25.092,24.233,24.78,0.03,1648.42
2020-11-17,24.749,24.797,24.206,24.487,24.779,24.827,24.381,24.517,0.03,1470.41
2020-11-18,24.486,24.696,24.186,24.264,24.516,24.726,24.216,24.294,0.03,1486.49
2020-11-19,24.264,24.348,23.626,23.956,24.294,24.378,23.656,23.986,0.03,1918.95
2020-11-20,23.955,24.516,23.94,24.143,23.985,24.546,23.97,24.199,0.056,1361.03
2020-11-23,24.195,24.384,23.413,23.523,24.225,24.414,23.443,23.553,0.03,1583.5
2020-11-24,23.52,23.602,22.915,23.271,23.55,23.632,22.945,23.301,0.03,1874.79
2020-11-25,23.269,23.513,23.086,23.347,23.299,23.543,23.116,23.377,0.03,1261.15
2020-11-26,23.346,23.469,23.17,23.197,23.376,23.499,23.201,23.229,0.032,704.29
2020-11-27,23.198,23.316,22.319,22.7,23.229,23.347,22.349,22.726,0.026,1233.3
2020-11-30,22.642,22.671,21.881,22.646,22.672,22.701,21.911,22.676,0.03,2099.77
2020-12-01,22.647,24.043,22.592,23.817,22.677,24.073,22.622,23.847,0.03,2140.37
2020-12-02,23.816,24.313,23.533,24.033,23.846,24.343,23.565,24.063,0.03,1422.3
2020-12-03,24.032,24.27,23.725,24.032,24.062,24.3,23.755,24.062,0.03,1580.76
2020-12-04,24.032,24.4,23.917,24.166,24.062,24.437,23.947,24.217,0.051,1315.4
2020-12-07,24.115,24.77,23.511,24.521,24.145,24.8,23.541,24.551,0.03,1454.97
2020-12-08,24.52,24.857,24.418,24.545,24.55,24.887,24.448,24.575,0.03,1336.43
2020-12-09,24.545,24.567,23.575,23.873,24.575,24.597,23.605,23.903,0.03,1808.47
2020-12-10,23.87,24.276,23.702,23.971,23.9,24.306,23.732,24.001,0.03,1429.75
2020-12-11,23.975,24.109,23.58,23.907,24.005,24.139,23.616,23.963,0.056,1305.78
2020-12-14,23.942,24.227,23.65,23.834,23.972,24.257,23.682,23.864,0.03,1395.75
2020-12-15,23.841,24.553,23.823,24.469,23.871,24.583,23.853,24.499,0.03,1788.08
2020-12-16,24.469,25.487,24.426,25.345,24.499,25.517,24.456,25.375,0.03,2822.63
2020-12-17,25.346,26.089,25.143,25.888,25.376,26.119,25.173,25.918,0.03,2735.14
2020-12-18,25.893,26.119,25.643,25.781,25.923,26.149,25.673,25.837,0.056,2030.8
2020-12-21,25.847,27.401,24.918,26.241,25.877,27.431,24.99,26.273,0.032,2796.76
2020-12-22,26.238,26.568,25.067,25.387,26.268,26.6,25.097,25.417,0.03,2373.07
2020-12-23,25.389,25.783,25.042,25.547,25.419,25.813,25.074,25.58,0.033,1222.44
2020-12-24,25.548,25.898,25.404,25.756,25.58,25.929,25.434,25.88,0.124,791.51
2020-12-28,26.111,26.762,26.078,26.391,26.142,26.793,26.113,26.436,0.045,1538.82
2020-12-29,26.389,26.596,25.934,26.16,26.431,26.632,25.965,26.192,0.032,1443.91
2020-12-30,26.159,26.681,26.131,26.643,26.191,26.732,26.161,26.676,0.033,1372.39
2020-12-31,26.643,26.691,26.2,26.37,26.677,26.71,26.23,26.425,0.055,979.54
2021-01-04,26.838,27.557,26.697,27.164,26.868,27.587,26.738,27.194,0.03,2433.96
2021-01-05,27.16,27.681,26.976,27.579,27.19,27.711,27.006,27.61,0.031,2223.84
2021-01-06,27.581,27.915,26.586,27.287,27.612,27.945,26.616,27.317,0.03,2795.0
2021-01-07,27.281,27.343,26.906,27.166,27.311,27.374,26.938,27.196,0.03,2383.31
2021-01-08,27.169,27.2,24.459,25.403,27.199,27.23,24.49,25.462,0.059,2909.49
2021-01-11,25.022,25.306,24.316,25.042,25.055,25.337,24.362,25.072,0.03,2302.4
2021-01-12,25.039,25.652,24.977,25.65,25.069,25.682,25.007,25.68,0.03,1761.42
2021-01-13,25.645,25.671,25.114,25.308,25.675,25.701,25.145,25.339,0.031,1535.57
2021-01-14,25.307,25.882,25.021,25.552,25.338,25.912,25.059,25.582,0.03,1916.23
2021-01-15,25.549,25.78,24.57,24.724,25.579,25.812,24.6,24.799,0.075,2021.36
2021-01-18,24.211,25.146,24.208,24.993,24.245,25.179,24.243,25.023,0.03,1327.65
2021-01-19,24.988,25.4,24.954,25.222,25.018,25.43,24.986,25.252,0.03,1811.71
2021-01-20,25.219,25.898,25.022,25.828,25.249,25.928,25.052,25.858,0.03,2130.38
2021-01-21,25.828,26.036,25.623,25.91,25.858,26.066,25.653,25.94,0.03,1743.49
2021-01-22,25.91,25.945,25.013,25.456,25.94,25.975,25.044,25.521,0.065,1940.41
2021-01-25,25.538,25.757,25.15,25.328,25.568,25.787,25.18,25.358,0.03,1846.7
2021-01-26,25.327,25.642,25.178,25.434,25.357,25.672,25.208,25.465,0.031,1605.8
2021-01-27,25.435,25.462,24.684,25.148,25.465,25.492,24.714,25.178,0.03,2085.45
2021-01-28,25.148,26.962,24.849,26.478,25.178,26.992,24.88,26.513,0.035,2979.87
2021-01-29,26.479,27.644,26.028,26.936,26.515,27.674,26.058,27.034,0.098,3590.54
2021-02-01,28.592,30.047,27.938,28.525,28.625,30.117,27.981,28.555,0.03,3229.53
2021-02-02,28.528,28.879,26.266,26.798,28.558,28.909,26.296,26.831,0.033,2590.58
2021-02-03,26.801,27.18,26.474,26.83,26.831,27.211,26.504,26.86,0.03,1997.32
2021-02-04,26.828,26.842,25.886,26.321,26.858,26.872,25.916,26.351,0.03,2185.91
2021-02-05,26.321,27.038,26.182,26.896,26.351,27.068,26.212,26.962,0.066,1759.82
2021-02-08,27.245,27.567,26.835,27.256,27.275,27.597,26.867,27.286,0.03,1731.83
2021-02-09,27.256,27.797,27.049,27.209,27.286,27.827,27.079,27.239,0.03,1868.69
2021-02-10,27.207,27.525,26.81,26.996,27.237,27.555,26.84,27.026,0.03,1717.47
2021-02-11,26.995,27.281,26.691,26.982,27.025,27.311,26.722,27.012,0.03,1341.72
2021-02-12,26.978,27.426,26.842,27.325,27.008,27.456,26.872,27.384,0.059,1361.4
2021-02-15,27.412,27.695,27.35,27.568,27.442,27.725,27.38,27.598,0.03,831.89
2021-02-16,27.567,27.945,26.817,27.056,27.597,27.975,26.847,27.086,0.03,1995.75
2021-02-17,27.056,27.437,26.846,27.393,27.086,27.468,26.876,27.423,0.03,1925.73
2021-02-18,27.393,27.512,26.028,26.557,27.423,27.542,26.165,26.601,0.044,1878.65
2021-02-19,26.552,27.599,26.487,27.262,26.591,27.629,26.539,27.308,0.046,1908.97
2021-02-22,27.385,28.273,27.26,28.198,27.416,28.303,27.29,28.228,0.03,2266.9
2021-02-23,28.198,28.316,27.231,27.648,28.228,28.346,27.261,27.68,0.032,2404.69
2021-02-24,27.65,28.013,27.309,27.911,27.681,28.046,27.339,27.941,0.03,2231.26
2021-02-25,27.916,28.195,27.259,27.469,27.946,28.227,27.287,27.501,0.032,3293.93
2021-02-26,27.471,27.583,26.126,26.647,27.501,27.613,26.156,26.704,0.057,3425.12
2021-03-01,26.784,27.064,26.42,26.523,26.821,27.094,26.45,26.553,0.03,2398.01
2021-03-02,26.526,26.894,25.811,26.708,26.556,26.924,25.87,26.738,0.03,2614.51
2021-03-03,26.709,26.814,25.815,25.988,26.739,26.846,25.845,26.018,0.03,2517.64
2021-03-04,25.992,26.297,25.044,25.323,26.022,26.327,25.074,25.355,0.032,3212.01
2021-03-05,25.319,25.45,24.814,25.193,25.355,25.481,24.844,25.267,0.074,2811.7
2021-03-08,25.438,25.915,24.935,25.158,25.468,25.946,24.965,25.188,0.03,2591.09
2021-03-09,25.159,26.124,25.025,25.927,25.189,26.154,25.056,25.957,0.03,2766.81
2021-03-10,25.924,26.224,25.537,26.172,25.954,26.266,25.567,26.202,0.03,2092.06
2021-03-11,26.165,26.445,25.825,26.075,26.195,26.475,25.855,26.105,0.03,1886.02
2021-03-12,26.069,26.157,25.37,25.895,26.099,26.187,25.4,25.942,0.047,1977.58
2021-03-15,25.978,26.293,25.786,26.213,26.008,26.323,25.817,26.243,0.03,1826.48
2021-03-16,26.206,26.298,25.824,25.92,26.236,26.328,25.854,25.95,0.03,1534.22
2021-03-17,25.915,26.509,25.747,26.361,25.945,26.539,25.777,26.391,0.03,2259.17
2021-03-18,26.353,26.625,25.819,26.021,26.383,26.655,25.849,26.051,0.03,2815.08
2021-03-19,26.019,26.312,25.858,26.169,26.049,26.342,25.888,26.324,0.155,2393.71
2021-03-22,25.867,25.946,25.396,25.79,25.897,25.976,25.426,25.82,0.03,1991.99
2021-03-23,25.785,25.82,24.972,25.045,25.815,25.85,25.029,25.075,0.03,1955.43
2021-03-24,25.038,25.349,24.963,25.062,25.068,25.379,24.993,25.092,0.03,2014.91
2021-03-25,25.06,25.177,24.395,25.088,25.09,25.207,24.425,25.118,0.03,1999.23
2021-03-26,25.087,25.249,24.856,25.051,25.117,25.279,24.886,25.085,0.034,1418.32
2021-03-29,25.02,25.033,24.431,24.662,25.05,25.063,24.461,24.692,0.03,1478.96
2021-03-30,24.657,24.725,23.84,24.005,24.687,24.755,23.87,24.035,0.03,1465.54
2021-03-31,24.004,24.518,23.766,24.419,24.034,24.548,23.796,24.449,0.03,1383.96
2021-04-01,24.419,24.97,24.234,24.912,24.449,25.0,24.264,25.0,0.088,1363.53
2021-04-05,24.997,25.072,24.597,24.804,25.027,25.102,24.627,24.834,0.03,801.62
2021-04-06,24.802,25.288,24.753,25.155,24.832,25.318,24.783,25.185,0.03,1074.75
2021-04-07,25.154,25.266,24.843,25.145,25.184,25.296,24.873,25.175,0.03,1093.76
2021-04-08,25.142,25.608,24.951,25.389,25.172,25.634,24.981,25.419,0.03,1063.5
2021-04-09,25.394,25.492,24.971,25.191,25.424,25.522,25.001,25.338,0.147,994.23
2021-04-12,25.235,25.264,24.694,24.795,25.265,25.294,24.724,24.825,0.03,1071.73
2021-04-13,24.8,25.475,24.669,25.345,24.83,25.505,24.699,25.375,0.03,1740.78
2021-04-14,25.345,25.526,25.186,25.411,25.375,25.556,25.208,25.441,0.03,1208.34
2021-04-15,25.409,25.98,25.308,25.835,25.439,26.01,25.338,25.865,0.03,1515.68
2021-04-16,25.835,26.291,25.744,25.944,25.865,26.321,25.763,25.986,0.042,1226.04
2021-04-19,25.919,26.224,25.621,25.835,25.949,26.254,25.651,25.865,0.03,1702.52
2021-04-20,25.835,26.084,25.678,25.766,25.865,26.114,25.708,25.796,0.03,1360.0
2021-04-21,25.766,26.642,25.751,26.502,25.796,26.672,25.781,26.532,0.03,1255.61
2021-04-22,26.496,26.573,25.964,26.096,26.526,26.603,25.994,26.126,0.03,1372.68
2021-04-23,26.099,26.398,25.837,25.981,26.129,26.428,25.867,26.025,0.044,1169.79
2021-04-26,25.947,26.225,25.838,26.201,25.977,26.255,25.868,26.231,0.03,1353.64
2021-04-27,26.195,26.45,26.036,26.217,26.225,26.48,26.066,26.247,0.03,1243.02
2021-04-28,26.214,26.311,25.82,26.305,26.244,26.341,25.85,26.335,0.03,1338.68
2021-04-29,26.305,26.466,25.693,26.087,26.335,26.496,25.723,26.117,0.03,1305.28
2021-04-30,26.088,26.185,25.788,25.885,26.118,26.215,25.818,25.957,0.072,1482.3
2021-05-03,25.851,26.985,25.791,26.867,25.881,27.014,25.821,26.897,0.03,1074.02
2021-05-04,26.863,27.106,26.076,26.475,26.893,27.136,26.106,26.505,0.03,1201.87
2021-05-05,26.475,26.615,26.092,26.438,26.505,26.645,26.117,26.468,0.03,935.78
2021-05-06,26.436,27.454,26.159,27.272,26.466,27.484,26.189,27.302,0.03,1358.56
2021-05-07,27.269,27.665,27.126,27.409,27.299,27.695,27.156,27.487,0.078,1535.65
2021-05-10,27.629,27.871,27.223,27.321,27.659,27.901,27.253,27.351,0.03,1708.2
2021-05-11,27.312,27.661,27.092,27.554,27.342,27.691,27.122,27.584,0.03,2071.14
2021-05-12,27.555,27.686,26.938,27.104,27.585,27.716,26.968,27.134,0.03,2426.64
2021-05-13,27.104,27.231,26.706,27.034,27.134,27.261,26.736,27.064,0.03,1917.92
2021-05-14,27.035,27.476,26.805,27.395,27.065,27.506,26.835,27.444,0.049,1773.13
2021-05-17,27.474,28.28,27.332,28.242,27.504,28.31,27.362,28.272,0.03,1599.54
2021-05-18,28.241,28.735,27.993,28.144,28.271,28.765,28.023,28.174,0.03,1507.51
2021-05-19,28.152,28.228,27.353,27.598,28.182,28.258,27.383,27.628,0.03,2191.99
2021-05-20,27.599,27.996,27.385,27.7,27.629,28.026,27.415,27.73,0.03,1630.59
2021-05-21,27.695,28.059,27.189,27.497,27.725,28.089,27.214,27.611,0.114,1679.91
2021-05-24,27.558,27.895,27.448,27.669,27.588,27.925,27.478,27.699,0.03,1493.29
2021-05-25,27.671,28.023,27.45,27.976,27.701,28.053,27.48,28.006,0.03,1544.48
2021-05-26,27.975,28.222,27.6,27.676,28.005,28.252,27.613,27.706,0.03,1516.09
2021-05-27,27.671,27.891,27.487,27.875,27.701,27.921,27.508,27.905,0.03,1532.54
2021-05-28,27.87,27.966,27.385,27.919,27.9,28.063,27.415,27.957,0.038,1563.57
2021-05-31,27.931,28.129,27.862,28.074,27.961,28.159,27.892,28.104,0.03,1150.39
2021-06-01,28.075,28.547,27.805,27.835,28.105,28.577,27.835,27.865,0.03,1897.35
2021-06-02,27.835,28.182,27.678,28.141,27.865,28.212,27.708,28.171,0.03,1329.43
2021-06-03,28.143,28.224,27.021,27.427,28.173,28.254,27.051,27.457,0.03,1835.33
2021-06-04,27.426,27.841,27.216,27.737,27.456,27.871,27.246,27.84,0.103,1574.42
2021-06-07,27.739,27.943,27.466,27.884,27.769,27.973,27.496,27.914,0.03,1474.6
2021-06-08,27.881,27.967,27.488,27.613,27.911,27.997,27.518,27.643,0.03,1492.52
2021-06-09,27.613,27.992,27.505,27.804,27.643,28.022,27.535,27.834,0.03,1329.36
2021-06-10,27.803,28.023,27.447,27.953,27.833,28.053,27.483,27.983,0.03,1793.95
2021-06-11,27.959,28.276,27.876,27.896,27.989,28.306,27.91,27.942,0.046,1520.72
2021-06-14,27.819,28.011,27.458,27.858,27.849,28.041,27.488,27.888,0.03,1579.87
2021-06-15,27.856,27.88,27.382,27.674,27.886,27.91,27.407,27.704,0.03,1503.53
2021-06-16,27.676,27.826,26.562,27.153,27.706,27.856,26.636,27.183,0.03,1671.0
2021-06-17,27.152,27.208,25.761,26.009,27.182,27.238,25.791,26.039,0.03,2390.34
2021-06-18,26.006,26.486,25.729,25.729,26.036,26.516,25.764,25.851,0.122,2253.77
2021-06-21,25.885,26.073,25.538,25.932,25.915,26.103,25.568,25.962,0.03,1964.75
2021-06-22,25.929,26.032,25.675,25.764,25.959,26.062,25.705,25.794,0.03,1540.25
2021-06-23,25.763,26.285,25.74,25.854,25.793,26.315,25.77,25.884,0.03,1493.87
2021-06-24,25.849,26.162,25.801,25.923,25.879,26.192,25.831,25.953,0.03,1183.35
2021-06-25,25.922,26.288,25.9,26.073,25.952,26.318,25.93,26.158,0.085,1311.37
2021-06-28,26.112,26.215,25.778,26.095,26.142,26.245,25.808,26.125,0.03,1355.44
2021-06-29,26.093,26.107,25.509,25.79,26.123,26.137,25.539,25.82,0.03,1261.65
2021-06-30,25.79,26.143,25.69,26.08,25.82,26.173,25.72,26.111,0.031,1402.74
2021-07-01,26.084,26.393,25.935,25.989,26.114,26.423,25.965,26.019,0.03,1276.41
2021-07-02,25.989,26.559,25.969,26.382,26.019,26.589,25.999,26.543,0.161,1325.17
2021-07-05,26.425,26.608,26.365,26.412,26.455,26.638,26.395,26.442,0.03,762.34
2021-07-06,26.412,26.765,25.995,26.092,26.442,26.795,26.025,26.122,0.03,1266.41
2021-07-07,26.088,26.429,25.966,26.128,26.118,26.459,25.996,26.158,0.03,1221.37
2021-07-08,26.126,26.205,25.791,25.911,26.156,26.235,25.821,25.941,0.03,1508.06
2021-07-09,25.911,26.201,25.744,26.053,25.941,26.231,25.774,26.165,0.112,1334.86
2021-07-12,26.089,26.275,25.858,26.247,26.119,26.305,25.888,26.277,0.03,1045.84
2021-07-13,26.248,26.341,25.923,25.961,26.278,26.371,25.953,25.991,0.03,1247.51
2021-07-14,25.961,26.458,25.929,26.208,25.991,26.488,25.959,26.238,0.03,1275.08
2021-07-15,26.208,26.386,26.146,26.312,26.238,26.416,26.176,26.342,0.03,1149.14
2021-07-16,26.304,26.439,25.586,25.625,26.334,26.447,25.608,25.711,0.086,1214.29
2021-07-19,25.69,25.749,24.982,25.16,25.72,25.779,25.01,25.19,0.03,1497.46
2021-07-20,25.162,25.265,24.803,24.958,25.192,25.295,24.833,24.988,0.03,1252.8
2021-07-21,24.955,25.301,24.742,25.261,24.985,25.331,24.77,25.291,0.03,1063.89
2021-07-22,25.261,25.453,24.997,25.405,25.291,25.516,25.027,25.435,0.03,1144.38
2021-07-23,25.406,25.464,24.989,25.126,25.436,25.494,25.014,25.238,0.112,934.98
2021-07-26,25.167,25.425,25.106,25.154,25.197,25.455,25.136,25.184,0.03,1017.17
2021-07-27,25.154,25.257,24.481,24.724,25.184,25.287,24.507,24.754,0.03,1234.09
2021-07-28,24.724,25.038,24.598,25.03,24.754,25.068,24.628,25.06,0.03,1284.45
2021-07-29,25.037,25.791,24.997,25.514,25.067,25.821,25.027,25.544,0.03,1576.58
2021-07-30,25.516,25.63,25.332,25.411,25.546,25.66,25.357,25.572,0.161,964.36
2021-08-02,25.493,25.627,25.283,25.382,25.523,25.657,25.313,25.412,0.03,1093.48
2021-08-03,25.386,25.59,25.234,25.552,25.416,25.62,25.257,25.582,0.03,943.4
2021-08-04,25.552,25.996,25.313,25.362,25.582,26.026,25.345,25.392,0.03,1035.31
2021-08-05,25.362,25.501,25.068,25.127,25.392,25.531,25.098,25.157,0.03,797.67
2021-08-06,25.131,25.196,24.186,24.242,25.161,25.226,24.207,24.454,0.212,1024.94
2021-08-09,23.545,24.038,23.222,23.448,23.578,24.068,23.252,23.478,0.03,1592.82
2021-08-10,23.452,23.665,23.225,23.314,23.482,23.695,23.255,23.344,0.03,1034.58
2021-08-11,23.313,23.581,23.2,23.523,23.343,23.636,23.223,23.553,0.03,1320.44
2021-08-12,23.52,23.53,23.0,23.196,23.55,23.56,23.019,23.226,0.03,1066.99
2021-08-13,23.196,23.824,23.156,23.643,23.226,23.854,23.186,23.854,0.211,885.25
2021-08-16,23.677,23.892,23.41,23.88,23.707,23.922,23.44,23.91,0.03,994.89
2021-08-17,23.887,23.947,23.552,23.653,23.917,23.977,23.587,23.683,0.03,1228.74
2021-08-18,23.653,23.818,23.279,23.49,23.683,23.848,23.309,23.52,0.03,1367.69
2021-08-19,23.49,23.508,23.076,23.21,23.52,23.538,23.106,23.24,0.03,1609.55
2021-08-20,23.207,23.316,22.863,22.985,23.237,23.346,22.893,23.055,0.07,1324.34
2021-08-23,22.989,23.686,22.962,23.593,23.019,23.716,22.992,23.623,0.03,1403.44
2021-08-24,23.593,23.944,23.522,23.816,23.623,23.974,23.552,23.846,0.03,1075.78
2021-08-25,23.819,23.884,23.575,23.85,23.849,23.914,23.591,23.88,0.03,1421.69
2021-08-26,23.85,23.863,23.421,23.575,23.88,23.893,23.451,23.605,0.03,1314.92
2021-08-27,23.572,24.108,23.332,24.0,23.602,24.138,23.362,24.053,0.053,1400.97
2021-08-30,24.073,24.203,23.898,24.022,24.103,24.296,23.928,24.052,0.03,785.48
2021-08-31,24.024,24.198,23.792,23.893,24.054,24.228,23.822,23.923,0.03,1440.9
2021-09-01,23.897,24.258,23.738,24.138,23.927,24.384,23.768,24.168,0.03,1368.26
2021-09-02,24.143,24.209,23.756,23.879,24.173,24.239,23.806,23.909,0.03,1011.4
2021-09-03,23.879,24.863,23.865,24.712,23.909,24.893,23.895,24.744,0.032,1106.8
2021-09-06,24.733,24.812,24.625,24.669,24.763,24.842,24.655,24.699,0.03,377.31
2021-09-07,24.663,24.817,24.151,24.313,24.693,24.847,24.181,24.343,0.03,952.17
2021-09-08,24.315,24.402,23.894,23.973,24.345,24.432,23.924,24.003,0.03,1133.12
2021-09-09,23.973,24.282,23.831,24.038,24.003,24.312,23.861,24.068,0.03,823.99
2021-09-10,24.038,24.29,23.666,23.725,24.068,24.32,23.743,23.755,0.03,877.06
2021-09-13,23.762,23.847,23.366,23.727,23.792,23.877,23.396,23.757,0.03,906.7
2021-09-14,23.724,23.955,23.422,23.843,23.754,23.985,23.467,23.873,0.03,1060.64
2021-09-15,23.844,23.906,23.651,23.885,23.874,23.936,23.681,23.915,0.03,847.78
2021-09-16,23.884,23.959,22.587,22.921,23.914,23.989,22.617,22.951,0.03,841.23
2021-09-17,22.921,23.125,22.32,22.374,22.951,23.155,22.35,22.43,0.056,759.58
2021-09-20,22.348,22.504,22.025,22.283,22.411,22.534,22.055,22.313,0.03,614.95
2021-09-21,22.282,22.716,22.229,22.492,22.312,22.746,22.259,22.522,0.03,623.18
2021-09-22,22.488,23.136,22.452,22.676,22.521,23.166,22.482,22.706,0.03,769.17
2021-09-23,22.678,22.871,22.456,22.557,22.708,22.901,22.486,22.587,0.03,591.61
2021-09-24,22.558,22.791,22.095,22.401,22.588,22.821,22.125,22.484,0.083,668.31
2021-09-27,22.409,22.839,22.406,22.617,22.439,22.869,22.436,22.647,0.03,713.35
2021-09-28,22.617,22.66,22.089,22.482,22.647,22.69,22.119,22.512,0.03,897.35
2021-09-29,22.484,22.545,21.408,21.556,22.514,22.575,21.442,21.586,0.03,839.89
2021-09-30,21.559,22.226,21.462,22.088,21.589,22.256,21.492,22.118,0.03,983.52
2021-10-01,22.089,22.577,21.982,22.523,22.119,22.607,22.012,22.559,0.036,773.87
2021-10-04,22.647,22.696,22.271,22.604,22.677,22.762,22.301,22.634,0.03,725.21
2021-10-05,22.604,22.651,22.359,22.613,22.634,22.681,22.389,22.643,0.03,602.02
2021-10-06,22.614,22.674,22.198,22.652,22.644,22.704,22.228,22.682,0.03,755.82
2021-10-07,22.652,22.8,22.369,22.58,22.682,22.83,22.399,22.61,0.03,629.86
2021-10-08,22.578,23.183,22.418,22.656,22.608,23.213,22.448,22.69,0.034,793.57
2021-10-11,22.594,22.811,22.48,22.544,22.623,22.841,22.509,22.574,0.03,560.5
2021-10-12,22.544,22.76,22.331,22.528,22.574,22.79,22.361,22.558,0.03,724.13
2021-10-13,22.526,23.238,22.455,23.054,22.556,23.268,22.485,23.084,0.03,846.21
2021-10-14,23.053,23.576,22.887,23.497,23.083,23.606,22.917,23.527,0.03,1096.75
2021-10-15,23.494,23.582,23.058,23.269,23.524,23.612,23.088,23.351,0.082,1005.91
2021-10-18,23.334,23.442,22.997,23.184,23.364,23.472,23.027,23.214,0.03,906.64
2021-10-19,23.183,24.113,23.18,23.63,23.213,24.143,23.21,23.66,0.03,1008.41
2021-10-20,23.63,24.414,23.559,24.279,23.66,24.444,23.589,24.309,0.03,1288.89
2021-10-21,24.279,24.473,23.994,24.142,24.309,24.5,24.024,24.172,0.03,962.31
2021-10-22,24.143,24.817,24.106,24.273,24.173,24.847,24.136,24.355,0.082,1070.0
2021-10-25,24.385,24.612,24.29,24.546,24.415,24.642,24.32,24.576,0.03,1104.34
2021-10-26,24.543,24.548,23.863,24.134,24.573,24.578,23.893,24.164,0.03,827.78
2021-10-27,24.134,24.246,23.822,24.028,24.164,24.276,23.852,24.058,0.03,954.11
2021-10-28,24.028,24.241,23.947,24.054,24.058,24.271,23.977,24.084,0.03,1024.63
2021-10-29,24.055,24.069,23.643,23.865,24.085,24.099,23.673,23.943,0.078,972.13
2021-11-01,23.765,24.088,23.736,24.014,23.795,24.118,23.759,24.044,0.03,1096.69
2021-11-02,24.014,24.054,23.378,23.516,24.044,24.084,23.408,23.546,0.03,737.82
2021-11-03,23.515,23.715,23.007,23.71,23.545,23.745,23.037,23.74,0.03,1058.98
2021-11-04,23.709,24.035,23.428,23.765,23.739,24.065,23.458,23.795,0.03,868.64
2021-11-05,23.763,24.166,23.601,24.149,23.793,24.203,23.639,24.203,0.054,935.29
2021-11-08,24.117,24.504,24.043,24.435,24.147,24.534,24.073,24.465,0.03,769.35
2021-11-09,24.434,24.466,24.014,24.296,24.464,24.496,24.044,24.326,0.03,901.98
2021-11-10,24.292,25.119,23.985,24.631,24.322,25.149,24.05,24.661,0.03,1067.31
2021-11-11,24.635,25.255,24.578,25.233,24.665,25.291,24.608,25.263,0.03,817.24
2021-11-12,25.226,25.381,24.834,25.306,25.261,25.411,24.864,25.336,0.03,814.46
2021-11-15,25.33,25.348,24.895,25.054,25.36,25.378,24.925,25.084,0.03,729.91
2021-11-16,25.053,25.395,24.756,24.826,25.083,25.425,24.786,24.856,0.03,928.16
2021-11-17,24.826,25.199,24.802,25.051,24.856,25.229,24.832,25.081,0.03,748.19
2021-11-18,25.05,25.149,24.667,24.815,25.08,25.179,24.697,24.845,0.03,750.39
2021-11-19,24.811,24.972,24.541,24.592,24.841,25.002,24.571,24.643,0.051,987.02
2021-11-22,24.604,24.877,24.091,24.231,24.634,24.907,24.121,24.261,0.03,886.05
2021-11-23,24.226,24.313,23.266,23.649,24.256,24.343,23.296,23.679,0.03,1002.5
2021-11-24,23.654,23.679,23.39,23.557,23.684,23.709,23.42,23.587,0.03,759.65
2021-11-25,23.56,23.715,23.544,23.565,23.59,23.745,23.574,23.597,0.032,336.0
2021-11-26,23.57,23.718,22.903,23.103,23.6,23.748,22.933,23.173,0.07,796.28
2021-11-29,23.31,23.433,22.741,22.928,23.336,23.463,22.771,22.958,0.03,762.22
2021-11-30,22.926,23.304,22.678,22.792,22.956,23.334,22.708,22.822,0.03,1134.6
2021-12-01,22.795,23.02,22.172,22.369,22.825,23.05,22.206,22.399,0.03,1029.54
2021-12-02,22.366,22.493,22.202,22.371,22.396,22.523,22.232,22.401,0.03,828.36
2021-12-03,22.372,22.576,22.024,22.536,22.402,22.607,22.054,22.566,0.03,865.71
2021-12-06,22.571,22.591,22.111,22.382,22.601,22.621,22.141,22.412,0.03,574.97
2021-12-07,22.384,22.592,22.213,22.5,22.414,22.622,22.248,22.53,0.03,540.46
2021-12-08,22.503,22.553,22.293,22.443,22.533,22.583,22.323,22.473,0.03,586.51
2021-12-09,22.443,22.464,21.856,21.979,22.473,22.494,21.886,22.009,0.03,591.51
2021-12-10,21.98,22.222,21.816,22.165,22.01,22.252,21.846,22.235,0.07,606.5
2021-12-13,22.213,22.409,22.132,22.292,22.243,22.439,22.162,22.322,0.03,762.27
2021-12-14,22.292,22.327,21.679,21.956,22.322,22.357,21.709,21.986,0.03,593.83
2021-12-15,21.956,22.123,21.413,22.073,21.986,22.153,21.44,22.103,0.03,860.95
2021-12-16,22.077,22.527,21.899,22.449,22.107,22.557,21.929,22.479,0.03,740.75
2021-12-17,22.449,22.67,22.325,22.35,22.479,22.7,22.375,22.381,0.031,669.72
2021-12-20,22.347,22.438,22.182,22.249,22.377,22.468,22.212,22.279,0.03,731.08
2021-12-21,22.247,22.782,22.167,22.485,22.277,22.812,22.197,22.515,0.03,715.99
2021-12-22,22.489,22.825,22.428,22.767,22.519,22.855,22.458,22.797,0.03,675.97
2021-12-23,22.767,22.926,22.64,22.865,22.797,22.956,22.67,22.895,0.03,724.45
2021-12-27,22.836,23.107,22.632,23.04,22.866,23.137,22.662,23.07,0.03,656.79
2021-12-28,23.038,23.425,22.951,23.0,23.068,23.455,22.981,23.03,0.03,764.52
2021-12-29,22.999,23.149,22.573,22.814,23.029,23.179,22.603,22.844,0.03,868.3
2021-12-30,22.816,23.105,22.59,23.063,22.846,23.152,22.615,23.093,0.03,604.92
2021-12-31,23.063,23.331,23.025,23.299,23.093,23.361,23.057,23.329,0.03,492.55
2022-01-03,23.283,23.293,22.659,22.91,23.313,23.323,22.689,22.94,0.03,801.97
2022-01-04,22.908,23.094,22.631,23.042,22.938,23.124,22.661,23.072,0.03,1301.22
2022-01-05,23.047,23.248,22.71,22.771,23.077,23.278,22.74,22.801,0.03,1081.86
2022-01-06,22.772,22.82,21.99,22.183,22.802,22.85,22.016,22.213,0.03,1338.65
2022-01-07,22.183,22.431,21.935,22.353,22.213,22.461,21.965,22.397,0.044,1084.97
2022-01-10,22.351,22.51,22.178,22.478,22.381,22.54,22.208,22.508,0.03,1103.22
2022-01-11,22.473,22.797,22.449,22.741,22.503,22.827,22.479,22.771,0.03,886.1
2022-01-12,22.743,23.211,22.632,23.115,22.773,23.241,22.662,23.145,0.03,1112.5
2022-01-13,23.12,23.263,22.987,23.049,23.15,23.293,23.017,23.079,0.03,1055.46
2022-01-14,23.047,23.302,22.816,22.951,23.077,23.332,22.846,22.983,0.032,1053.75
2022-01-17,22.938,23.108,22.821,23.013,22.968,23.135,22.851,23.043,0.03,471.92
2022-01-18,23.013,23.629,22.794,23.458,23.043,23.659,22.824,23.488,0.03,1279.21
2022-01-19,23.456,24.203,23.371,24.082,23.486,24.239,23.401,24.112,0.03,1426.43
2022-01-20,24.087,24.694,24.063,24.37,24.117,24.724,24.093,24.4,0.03,1596.75
2022-01-21,24.37,24.57,24.152,24.261,24.4,24.6,24.182,24.351,0.09,1361.57
2022-01-24,24.278,24.278,23.551,23.94,24.308,24.308,23.581,23.97,0.03,2558.39
2022-01-25,23.937,23.966,23.584,23.877,23.967,23.996,23.614,23.907,0.03,1687.6
2022-01-26,23.884,23.966,23.422,23.579,23.914,23.996,23.452,23.609,0.03,1922.77
2022-01-27,23.577,23.577,22.566,22.733,23.607,23.607,22.596,22.763,0.03,2179.49
2022-01-28,22.727,22.811,22.137,22.463,22.757,22.841,22.167,22.493,0.03,1827.06
2022-01-31,22.393,22.634,22.238,22.468,22.423,22.664,22.268,22.498,0.03,1029.88
2022-02-01,22.471,23.034,22.393,22.614,22.501,23.064,22.423,22.644,0.03,1193.99
2022-02-02,22.616,22.855,22.456,22.61,22.646,22.885,22.486,22.64,0.03,994.63
2022-02-03,22.611,22.647,21.988,22.414,22.641,22.677,22.018,22.444,0.03,1142.38
2022-02-04,22.412,22.663,22.108,22.498,22.442,22.693,22.132,22.541,0.043,1197.21
2022-02-07,22.589,23.092,22.586,23.028,22.619,23.122,22.616,23.058,0.03,983.73
2022-02-08,23.03,23.25,22.766,23.18,23.06,23.28,22.788,23.21,0.03,854.77
2022-02-09,23.183,23.345,23.079,23.28,23.213,23.375,23.109,23.31,0.03,772.52
2022-02-10,23.279,23.704,23.116,23.17,23.309,23.734,23.146,23.2,0.03,1280.04
2022-02-11,23.17,23.68,22.848,23.54,23.2,23.71,22.878,23.592,0.052,1599.44
2022-02-14,23.615,23.932,23.537,23.87,23.645,23.962,23.567,23.9,0.03,2164.41
2022-02-15,23.871,23.979,23.067,23.367,23.901,24.009,23.097,23.397,0.03,1820.06
2022-02-16,23.367,23.659,23.267,23.577,23.397,23.689,23.297,23.607,0.03,1406.74
2022-02-17,23.575,23.911,23.41,23.829,23.605,23.941,23.44,23.859,0.03,2276.6
2022-02-18,23.829,24.081,23.67,23.911,23.859,24.111,23.7,23.942,0.031,2001.23
2022-02-21,23.99,24.165,23.68,23.993,24.02,24.218,23.71,24.023,0.03,1512.67
2022-02-22,23.994,24.353,23.89,24.129,24.024,24.383,23.92,24.159,0.03,2577.81
2022-02-23,24.126,24.582,24.014,24.537,24.156,24.675,24.044,24.567,0.03,1590.01
2022-02-24,24.541,25.611,23.821,24.184,24.571,25.641,23.851,24.214,0.03,3410.73
2022-02-25,24.184,24.49,23.86,24.253,24.214,24.52,23.89,24.303,0.05,2083.84
2022-02-28,24.449,24.575,24.081,24.409,24.479,24.605,24.111,24.439,0.03,1660.17
2022-03-01,24.409,25.535,24.268,25.361,24.439,25.565,24.298,25.391,0.03,1954.54
2022-03-02,25.358,25.375,24.849,25.236,25.388,25.405,24.879,25.266,0.03,1778.37
2022-03-03,25.239,25.469,24.959,25.091,25.269,25.499,24.989,25.121,0.03,1557.28
2022-03-04,25.09,25.732,25.033,25.691,25.12,25.767,25.063,25.744,0.053,1806.26
2022-03-07,26.033,26.136,25.189,25.681,26.063,26.166,25.308,25.711,0.03,4132.9
2022-03-08,25.679,26.94,25.341,26.454,25.709,26.97,25.371,26.484,0.03,3413.66
2022-03-09,26.459,26.753,25.383,25.63,26.489,26.802,25.417,25.66,0.03,2205.51
2022-03-10,25.63,26.053,25.295,25.874,25.66,26.086,25.332,25.911,0.037,1240.34
2022-03-11,25.865,25.993,25.396,25.852,25.911,26.023,25.435,25.894,0.042,1571.97
2022-03-14,25.566,25.743,24.918,25.066,25.598,25.789,24.948,25.098,0.032,1054.2
2022-03-15,25.061,25.066,24.518,24.931,25.098,25.098,24.551,24.961,0.03,1124.39
2022-03-16,24.93,25.177,24.428,25.134,24.96,25.226,24.482,25.164,0.03,1177.01
2022-03-17,25.131,25.534,25.044,25.383,25.161,25.564,25.08,25.413,0.03,1185.11
2022-03-18,25.384,25.437,24.816,24.958,25.414,25.467,24.846,24.99,0.032,1617.16
2022-03-21,24.893,25.3,24.869,25.229,24.923,25.33,24.899,25.259,0.03,982.06
2022-03-22,25.228,25.371,24.56,24.748,25.258,25.401,24.59,24.778,0.03,1671.86
2022-03-23,24.741,25.192,24.662,25.164,24.771,25.222,24.692,25.194,0.03,1024.66
2022-03-24,25.158,25.84,24.955,25.563,25.188,25.87,24.985,25.597,0.034,935.92
2022-03-25,25.563,25.711,25.242,25.481,25.596,25.743,25.272,25.571,0.09,1175.29
2022-03-28,25.439,25.459,24.781,24.926,25.469,25.489,24.808,24.956,0.03,1174.95
2022-03-29,24.925,25.001,23.956,24.734,24.955,25.031,23.986,24.764,0.03,864.64
2022-03-30,24.729,25.053,24.686,24.891,24.759,25.084,24.717,24.921,0.03,759.89
2022-03-31,24.887,25.076,24.556,24.788,24.917,25.106,24.586,24.818,0.03,1197.71
2022-04-01,24.789,24.851,24.409,24.614,24.819,24.881,24.439,24.651,0.037,1118.92
2022-04-04,24.602,24.836,24.27,24.515,24.632,24.866,24.3,24.545,0.03,1243.56
2022-04-05,24.521,24.938,24.212,24.274,24.551,24.968,24.242,24.304,0.03,1419.79
2022-04-06,24.275,24.558,24.112,24.403,24.305,24.588,24.142,24.433,0.03,1736.17
2022-04-07,24.404,24.654,24.226,24.624,24.434,24.684,24.256,24.654,0.03,1715.78
2022-04-08,24.632,24.798,24.356,24.737,24.662,24.828,24.389,24.815,0.078,1266.73
2022-04-11,24.759,25.367,24.656,25.084,24.789,25.397,24.686,25.114,0.03,1938.49
2022-04-12,25.077,25.603,24.85,25.38,25.107,25.633,24.88,25.41,0.03,1511.63
2022-04-13,25.382,25.822,25.337,25.653,25.412,25.852,25.367,25.685,0.032,1150.44
2022-04-14,25.653,25.859,25.276,25.633,25.686,25.891,25.307,25.679,0.046,883.97
2022-04-18,25.854,26.21,25.731,25.846,25.884,26.24,25.763,25.877,0.031,1044.46
2022-04-19,25.847,25.992,25.044,25.096,25.877,26.022,25.074,25.126,0.03,1257.03
2022-04-20,25.095,25.279,24.872,25.155,25.125,25.309,24.902,25.185,0.03,1166.93
2022-04-21,25.154,25.174,24.409,24.63,25.184,25.204,24.439,24.641,0.011,1357.46
2022-04-22,24.63,24.645,24.035,24.105,24.64,24.675,24.065,24.191,0.086,1624.23
2022-04-25,24.1,24.136,23.385,23.675,24.13,24.166,23.415,23.705,0.03,1703.83
2022-04-26,23.674,23.918,23.382,23.588,23.704,23.949,23.412,23.618,0.03,1135.76
2022-04-27,23.587,23.688,23.225,23.317,23.617,23.718,23.255,23.347,0.03,1674.61
2022-04-28,23.319,23.344,22.872,23.164,23.349,23.374,22.902,23.197,0.033,1116.82
2022-04-29,23.162,23.552,22.67,22.753,23.192,23.582,22.7,22.801,0.048,1059.08
2022-05-02,22.759,22.798,22.104,22.622,22.793,22.828,22.134,22.652,0.03,906.79
2022-05-03,22.622,22.831,22.407,22.582,22.652,22.861,22.437,22.612,0.03,1232.77
2022-05-04,22.586,23.081,22.2,22.997,22.616,23.111,22.23,23.027,0.03,935.43
2022-05-05,22.993,23.272,22.304,22.441,23.023,23.302,22.334,22.471,0.03,1337.74
2022-05-06,22.44,22.633,22.087,22.313,22.47,22.663,22.117,22.391,0.078,1121.51
2022-05-09,22.265,22.314,21.674,21.81,22.295,22.344,21.704,21.84,0.03,1553.57
2022-05-10,21.81,22.095,21.168,21.256,21.84,22.125,21.198,21.286,0.03,1467.42
2022-05-11,21.259,21.955,21.229,21.531,21.289,21.985,21.259,21.561,0.03,1217.91
2022-05-12,21.535,21.646,20.53,20.799,21.565,21.676,20.628,20.829,0.03,1380.39
2022-05-13,20.802,21.107,20.441,21.077,20.832,21.155,20.471,21.155,0.078,1059.1
2022-05-16,21.21,21.678,20.831,21.591,21.24,21.708,20.861,21.621,0.03,1619.88
2022-05-17,21.58,21.905,21.496,21.621,21.61,21.935,21.526,21.651,0.03,1442.59
2022-05-18,21.622,21.741,21.283,21.326,21.652,21.771,21.313,21.356,0.03,1113.86
2022-05-19,21.324,21.981,21.27,21.889,21.354,22.013,21.3,21.919,0.03,1458.35
2022-05-20,21.893,22.069,21.6,21.737,21.923,22.099,21.625,21.799,0.062,941.27
2022-05-23,21.791,22.18,21.66,21.746,21.826,22.21,21.69,21.776,0.03,939.23
2022-05-24,21.749,22.196,21.657,22.12,21.779,22.226,21.687,22.15,0.03,1161.78
2022-05-25,22.12,22.135,21.723,21.967,22.15,22.165,21.753,21.997,0.03,1392.84
2022-05-26,21.973,22.063,21.707,22.005,22.003,22.093,21.737,22.036,0.031,910.35
2022-05-27,22.0,22.436,21.924,22.103,22.034,22.466,21.954,22.138,0.035,1217.83
2022-05-30,22.028,22.271,21.897,21.909,22.059,22.301,21.927,21.939,0.03,382.81
2022-05-31,21.911,21.971,21.465,21.535,21.941,22.001,21.495,21.565,0.03,854.42
2022-06-01,21.531,21.964,21.419,21.776,21.564,21.994,21.449,21.806,0.03,800.42
2022-06-02,21.772,22.373,21.751,22.371,21.802,22.406,21.781,22.404,0.033,638.78
2022-06-03,22.372,22.476,21.836,21.893,22.405,22.506,21.866,21.963,0.07,676.94
2022-06-06,21.905,22.504,21.889,22.022,21.935,22.534,21.919,22.052,0.03,709.44
2022-06-07,22.022,22.276,21.847,22.229,22.052,22.306,21.877,22.259,0.03,719.22
2022-06-08,22.228,22.237,21.793,22.036,22.258,22.267,21.82,22.066,0.03,744.24
2022-06-09,22.041,22.137,21.542,21.638,22.071,22.167,21.572,21.668,0.03,802.07
2022-06-10,21.633,21.985,21.232,21.878,21.669,22.015,21.293,21.917,0.039,848.09
2022-06-13,21.895,21.904,20.951,21.113,21.926,21.934,20.981,21.145,0.032,1085.76
2022-06-14,21.114,21.371,20.88,21.083,21.149,21.401,20.91,21.113,0.03,1025.16
2022-06-15,21.083,21.841,21.032,21.701,21.121,21.871,21.063,21.731,0.03,1417.2
2022-06-16,21.698,21.957,21.335,21.856,21.728,21.995,21.365,21.886,0.03,1462.77
2022-06-17,21.858,21.94,21.563,21.654,21.888,21.97,21.593,21.689,0.035,1442.37
2022-06-20,21.637,21.752,21.451,21.589,21.667,21.782,21.489,21.619,0.03,477.88
2022-06-21,21.589,21.929,21.323,21.606,21.619,21.959,21.363,21.636,0.03,1093.14
2022-06-22,21.604,21.607,21.224,21.377,21.637,21.64,21.254,21.407,0.03,991.02
2022-06-23,21.38,21.499,20.905,21.006,21.41,21.529,20.935,21.036,0.03,920.42
2022-06-24,21.001,21.215,20.594,21.109,21.031,21.245,20.624,21.187,0.078,1541.73
2022-06-27,21.137,21.528,21.077,21.153,21.167,21.558,21.11,21.183,0.03,987.77
2022-06-28,21.148,21.354,20.773,20.811,21.178,21.384,20.812,20.841,0.03,749.1
2022-06-29,20.806,21.05,20.616,20.737,20.836,21.073,20.646,20.767,0.03,1015.27
2022-06-30,20.742,20.812,20.154,20.25,20.776,20.842,20.185,20.28,0.03,1079.55
2022-07-01,20.249,20.281,19.37,19.866,20.285,20.311,19.4,19.896,0.03,1616.57
2022-07-04,19.832,20.042,19.754,19.979,19.862,20.072,19.784,20.009,0.03,622.25
2022-07-05,19.98,20.195,19.082,19.224,20.01,20.225,19.112,19.255,0.031,1320.07
2022-07-06,19.224,19.384,18.91,19.166,19.26,19.414,18.94,19.196,0.03,1744.31
2022-07-07,19.169,19.477,19.083,19.232,19.199,19.507,19.114,19.262,0.03,861.23
2022-07-08,19.236,19.445,19.002,19.286,19.266,19.475,19.032,19.329,0.043,905.35
2022-07-11,19.323,19.363,19.055,19.09,19.356,19.393,19.085,19.12,0.03,762.25
2022-07-12,19.091,19.194,18.729,18.878,19.121,19.224,18.759,18.908,0.03,1036.77
2022-07-13,18.883,19.4,18.846,19.121,18.913,19.43,18.876,19.151,0.03,1091.04
2022-07-14,19.12,19.187,18.131,18.441,19.151,19.219,18.159,18.471,0.03,1437.6
2022-07-15,18.44,18.769,18.171,18.657,18.47,18.8,18.201,18.743,0.086,845.14
2022-07-18,18.741,19.01,18.626,18.713,18.771,19.04,18.656,18.743,0.03,768.6
2022-07-19,18.711,18.9,18.566,18.758,18.741,18.93,18.596,18.788,0.03,896.72
2022-07-20,18.762,19.089,18.596,18.67,18.792,19.119,18.629,18.7,0.03,763.5
2022-07-21,18.674,18.871,18.226,18.804,18.704,18.908,18.256,18.834,0.03,1120.2
2022-07-22,18.803,18.942,18.498,18.553,18.838,18.972,18.528,18.635,0.082,740.01
2022-07-25,18.523,18.776,18.301,18.389,18.553,18.806,18.331,18.419,0.03,690.31
2022-07-26,18.391,18.718,18.379,18.66,18.421,18.748,18.409,18.69,0.03,615.55
2022-07-27,18.658,19.171,18.44,19.143,18.688,19.201,18.47,19.173,0.03,730.79
2022-07-28,19.132,20.011,19.048,19.938,19.162,20.043,19.078,19.968,0.03,1228.57
2022-07-29,19.939,20.356,19.836,20.321,19.969,20.393,19.866,20.387,0.066,1093.45
2022-08-01,20.198,20.498,20.071,20.319,20.231,20.528,20.101,20.349,0.03,1239.65
2022-08-02,20.314,20.501,19.832,19.855,20.344,20.531,19.862,19.885,0.03,1339.79
2022-08-03,19.85,20.164,19.771,19.981,19.884,20.194,19.802,20.011,0.03,763.75
2022-08-04,19.975,20.379,19.947,20.192,20.006,20.409,19.977,20.222,0.03,1104.34
2022-08-05,20.191,20.305,19.537,19.857,20.221,20.335,19.567,19.931,0.074,839.44
2022-08-08,19.816,20.734,19.782,20.695,19.846,20.764,19.812,20.725,0.03,1192.42
2022-08-09,20.692,20.728,20.398,20.5,20.722,20.758,20.428,20.53,0.03,1385.11
2022-08-10,20.504,20.834,20.334,20.582,20.534,20.864,20.364,20.612,0.03,1255.18
2022-08-11,20.576,20.624,20.23,20.265,20.61,20.654,20.26,20.295,0.03,981.82
2022-08-12,20.263,20.839,20.226,20.793,20.298,20.879,20.256,20.875,0.082,1114.18
2022-08-15,20.751,20.863,20.074,20.237,20.787,20.893,20.104,20.267,0.03,1514.73
2022-08-16,20.237,20.255,19.899,20.113,20.267,20.285,19.929,20.143,0.03,1436.02
2022-08-17,20.114,20.265,19.683,19.808,20.144,20.295,19.713,19.838,0.03,1303.23
2022-08-18,19.808,19.929,19.467,19.503,19.841,19.959,19.497,19.533,0.03,1083.92
2022-08-19,19.503,19.508,19.011,19.017,19.533,19.538,19.041,19.087,0.07,873.77
2022-08-22,18.982,19.145,18.707,18.946,19.012,19.176,18.737,18.976,0.03,725.66
2022-08-23,18.946,19.269,18.784,19.074,18.976,19.299,18.814,19.104,0.03,768.41
2022-08-24,19.073,19.221,18.939,19.106,19.103,19.251,18.969,19.136,0.03,831.08
2022-08-25,19.106,19.393,19.091,19.186,19.136,19.423,19.121,19.216,0.03,790.06
2022-08-26,19.185,19.423,18.808,18.854,19.215,19.453,18.838,18.964,0.11,1124.63
2022-08-29,18.717,18.902,18.499,18.78,18.751,18.932,18.529,18.81,0.03,699.95
2022-08-30,18.781,18.835,18.313,18.392,18.811,18.865,18.357,18.422,0.03,900.87
2022-08-31,18.386,18.529,17.889,17.909,18.42,18.559,17.919,17.939,0.03,1256.58
2022-09-01,17.904,17.904,17.543,17.821,17.935,17.935,17.573,17.851,0.03,1167.9
2022-09-02,17.819,18.279,17.769,18.032,17.849,18.309,17.799,18.071,0.039,1013.11
2022-09-05,17.933,18.242,17.932,18.205,17.963,18.272,17.962,18.235,0.03,540.71
2022-09-06,18.2,18.576,17.93,17.975,18.233,18.606,17.96,18.005,0.03,952.53
2022-09-07,17.975,18.47,17.832,18.432,18.005,18.5,17.862,18.462,0.03,603.68
2022-09-08,18.437,18.73,18.32,18.552,18.467,18.76,18.336,18.582,0.03,879.71
2022-09-09,18.552,18.936,18.539,18.828,18.582,18.966,18.569,18.861,0.033,776.71
2022-09-12,18.916,20.004,18.823,19.832,18.951,20.034,18.857,19.862,0.03,928.2
2022-09-13,19.827,19.939,19.282,19.339,19.857,19.969,19.312,19.369,0.03,1060.46
2022-09-14,19.339,19.689,19.225,19.635,19.373,19.719,19.256,19.665,0.03,1001.71
2022-09-15,19.636,19.649,18.891,18.955,19.666,19.679,18.921,18.985,0.03,913.52
2022-09-16,18.956,19.613,18.768,19.562,18.986,19.643,18.798,19.596,0.034,1221.13
2022-09-19,19.602,19.631,19.208,19.52,19.632,19.661,19.238,19.55,0.03,827.52
2022-09-20,19.526,19.571,19.05,19.278,19.556,19.601,19.08,19.308,0.03,867.04
2022-09-21,19.286,19.913,19.231,19.451,19.316,19.938,19.261,19.481,0.03,1297.78
2022-09-22,19.456,19.85,19.232,19.662,19.486,19.88,19.262,19.692,0.03,1636.01
2022-09-23,19.663,19.7,18.763,18.843,19.693,19.73,18.793,18.884,0.041,1288.55
2022-09-26,18.777,19.023,18.305,18.422,18.807,19.053,18.344,18.452,0.03,1528.22
2022-09-27,18.424,18.778,18.307,18.372,18.454,18.808,18.337,18.402,0.03,1202.15
2022-09-28,18.378,18.965,17.953,18.825,18.408,18.995,17.983,18.855,0.03,1634.73
2022-09-29,18.828,18.9,18.479,18.892,18.858,18.931,18.509,18.922,0.03,1558.84
2022-09-30,18.89,19.282,18.762,19.015,18.92,19.312,18.792,19.047,0.032,1519.79
2022-10-03,19.097,20.833,19.04,20.767,19.127,20.863,19.07,20.797,0.03,1701.05
2022-10-04,20.765,21.233,20.599,21.013,20.795,21.263,20.629,21.043,0.03,1466.63
2022-10-05,21.014,21.027,19.924,20.672,21.044,21.057,19.954,20.702,0.03,1529.98
2022-10-06,20.671,20.86,20.346,20.583,20.701,20.89,20.376,20.613,0.03,1323.49
2022-10-07,20.587,20.819,19.988,20.116,20.617,20.849,20.018,20.146,0.03,1592.29
2022-10-10,20.122,20.143,19.507,19.628,20.152,20.173,19.537,19.658,0.03,1361.3
2022-10-11,19.623,19.715,19.051,19.119,19.653,19.745,19.081,19.149,0.03,1619.02
2022-10-12,19.117,19.304,18.85,19.049,19.147,19.334,18.88,19.079,0.03,1716.83
2022-10-13,19.048,19.304,18.441,18.849,19.078,19.334,18.471,18.879,0.03,1751.09
2022-10-14,18.854,19.068,18.078,18.237,18.884,19.098,18.108,18.319,0.082,1694.5
2022-10-17,18.387,18.932,18.326,18.646,18.417,18.962,18.356,18.676,0.03,1375.67
2022-10-18,18.77,18.894,18.603,18.626,18.8,18.924,18.633,18.656,0.03,343.28
2022-10-19,18.756,18.789,18.35,18.396,18.786,18.819,18.38,18.426,0.03,1105.27
2022-10-20,18.398,18.993,18.216,18.602,18.428,19.023,18.246,18.632,0.03,1401.9
2022-10-21,18.605,19.412,18.271,19.402,18.635,19.45,18.301,19.435,0.033,2042.99
2022-10-24,19.46,19.497,19.003,19.289,19.49,19.527,19.033,19.319,0.03,1696.58
2022-10-25,19.292,19.423,18.775,19.316,19.322,19.453,18.804,19.346,0.03,1378.73
2022-10-26,19.318,19.768,19.201,19.605,19.348,19.798,19.231,19.635,0.03,1457.87
2022-10-27,19.605,19.663,19.278,19.541,19.635,19.693,19.308,19.571,0.03,1629.92
2022-10-28,19.543,19.63,18.984,19.217,19.573,19.66,19.014,19.299,0.082,1412.29
2022-10-31,19.206,19.246,18.889,19.154,19.236,19.276,18.919,19.184,0.03,1008.34
2022-11-01,19.153,20.02,19.137,19.619,19.183,20.05,19.167,19.649,0.03,1689.68
2022-11-02,19.619,20.068,19.1,19.146,19.649,20.098,19.126,19.176,0.03,1477.01
2022-11-03,19.145,19.534,18.818,19.44,19.175,19.564,18.848,19.47,0.03,1346.37
2022-11-04,19.441,20.899,19.398,20.847,19.471,20.929,19.428,20.879,0.032,2215.45
2022-11-07,20.511,20.999,20.371,20.755,20.541,21.029,20.401,20.785,0.03,1233.86
2022-11-08,20.755,21.617,20.48,21.374,20.785,21.647,20.51,21.404,0.03,1766.55
2022-11-09,21.374,21.599,20.981,21.025,21.404,21.629,21.011,21.055,0.03,2246.88
2022-11-10,21.023,21.824,20.944,21.594,21.053,21.854,20.974,21.624,0.03,2023.66
2022-11-11,21.597,22.054,21.262,21.681,21.627,22.084,21.292,21.725,0.044,1959.62
2022-11-14,21.579,22.077,21.276,21.919,21.609,22.107,21.306,21.949,0.03,1346.43
2022-11-15,21.916,22.243,21.372,21.579,21.946,22.273,21.402,21.609,0.03,2086.97
2022-11-16,21.58,22.041,21.379,21.416,21.61,22.071,21.409,21.446,0.03,1870.4
2022-11-17,21.414,21.462,20.742,20.949,21.444,21.492,20.772,20.979,0.03,1506.18
2022-11-18,20.947,21.284,20.83,20.909,20.981,21.314,20.86,20.979,0.07,1197.4
2022-11-21,20.995,20.995,20.568,20.849,21.025,21.025,20.598,20.879,0.03,1055.02
2022-11-22,20.853,21.328,20.837,21.075,20.883,21.358,20.867,21.105,0.03,904.86
2022-11-23,21.077,21.589,20.899,21.568,21.107,21.619,20.929,21.598,0.03,1104.13
2022-11-24,21.566,21.665,21.444,21.474,21.596,21.695,21.474,21.507,0.033,793.61
2022-11-25,21.474,21.542,21.147,21.443,21.506,21.572,21.177,21.473,0.03,660.9
2022-11-28,21.264,21.61,20.854,20.912,21.295,21.64,20.884,20.942,0.03,1311.88
2022-11-29,20.913,21.44,20.887,21.209,20.943,21.47,20.917,21.239,0.03,1601.19
2022-11-30,21.211,22.397,21.187,22.339,21.241,22.427,21.217,22.369,0.03,1988.79
2022-12-01,22.337,22.775,22.028,22.691,22.367,22.805,22.058,22.721,0.03,1836.57
2022-12-02,22.69,23.225,22.265,23.119,22.72,23.255,22.296,23.15,0.031,2176.24
2022-12-05,23.231,23.51,22.155,22.242,23.268,23.54,22.185,22.272,0.03,1623.9
2022-12-06,22.244,22.598,22.012,22.171,22.274,22.628,22.042,22.201,0.03,1506.97
2022-12-07,22.171,22.808,22.075,22.712,22.201,22.838,22.105,22.742,0.03,2218.58
2022-12-08,22.712,23.207,22.532,23.09,22.742,23.237,22.562,23.12,0.03,1459.57
2022-12-09,23.09,23.675,22.941,23.456,23.12,23.705,22.971,23.489,0.033,1716.17
2022-12-12,23.356,23.524,23.094,23.335,23.386,23.554,23.124,23.365,0.03,978.33
2022-12-13,23.331,24.12,23.281,23.682,23.361,24.15,23.317,23.712,0.03,2566.47
2022-12-14,23.678,24.038,23.365,23.87,23.708,24.068,23.395,23.9,0.03,1972.68
2022-12-15,23.873,23.88,22.948,23.05,23.903,23.91,22.978,23.08,0.03,2384.15
2022-12-16,23.045,23.241,22.542,23.205,23.075,23.271,22.572,23.235,0.03,1894.24
2022-12-19,23.13,23.402,22.822,22.976,23.16,23.432,22.852,23.006,0.03,1815.38
2022-12-20,22.977,24.24,22.868,24.124,23.007,24.27,22.898,24.154,0.03,2462.9
2022-12-21,24.118,24.29,23.816,23.946,24.148,24.32,23.846,23.976,0.03,1677.21
2022-12-22,23.937,24.081,23.367,23.574,23.967,24.111,23.397,23.604,0.03,1510.17
2022-12-23,23.574,23.888,23.501,23.729,23.604,23.969,23.531,23.762,0.033,1278.29
2022-12-26,23.877,23.954,23.821,23.836,23.956,23.984,23.851,23.866,0.03,21.53
2022-12-27,23.836,24.273,23.776,24.017,23.866,24.303,23.806,24.047,0.03,1316.85
2022-12-28,24.011,24.063,23.447,23.53,24.041,24.093,23.477,23.56,0.03,1325.26
2022-12-29,23.529,24.052,23.508,23.867,23.559,24.082,23.538,23.897,0.03,1210.41
2022-12-30,23.868,24.138,23.51,23.953,23.898,24.168,23.537,23.983,0.03,1533.86
2023-01-02,24.036,24.13,23.938,24.09,24.102,24.188,23.986,24.12,0.03,18.67
2023-01-03,24.091,24.541,23.871,23.963,24.121,24.571,23.901,23.993,0.03,2226.08
2023-01-04,23.96,24.45,23.575,23.8,23.99,24.48,23.605,23.83,0.03,1995.72
2023-01-05,23.798,23.908,23.105,23.208,23.828,23.938,23.127,23.238,0.03,2850.09
2023-01-06,23.21,23.906,23.187,23.771,23.24,23.975,23.217,23.871,0.1,2594.62
2023-01-09,24.001,24.093,23.57,23.649,24.031,24.123,23.6,23.679,0.03,3023.04
2023-01-10,23.646,23.76,23.413,23.606,23.676,23.79,23.443,23.636,0.03,2755.71
2023-01-11,23.6,24.032,23.197,23.423,23.63,24.062,23.227,23.453,0.03,3669.11
2023-01-12,23.42,24.174,23.261,23.8,23.45,24.204,23.423,23.83,0.03,3081.77
2023-01-13,23.789,24.287,23.485,24.248,23.819,24.317,23.515,24.281,0.033,3452.59
2023-01-16,24.264,24.498,23.917,24.284,24.305,24.528,23.947,24.314,0.03,1760.41
2023-01-17,24.288,24.362,23.809,23.939,24.318,24.392,23.839,23.969,0.03,3132.26
2023-01-18,23.943,24.336,23.413,23.474,23.973,24.366,23.443,23.504,0.03,3905.0
2023-01-19,23.484,23.931,23.15,23.854,23.514,23.961,23.18,23.884,0.03,4181.17
2023-01-20,23.847,24.068,23.689,23.907,23.877,24.091,23.719,23.978,0.071,3391.52
2023-01-23,24.005,24.15,22.743,23.39,24.03,24.18,22.773,23.42,0.03,2809.0
2023-01-24,23.394,23.733,23.201,23.615,23.424,23.763,23.225,23.645,0.03,3463.62
2023-01-25,23.613,23.966,23.319,23.946,23.643,23.996,23.344,23.976,0.03,2582.18
2023-01-26,23.956,24.283,23.584,23.908,23.986,24.311,23.614,23.938,0.03,3091.53
2023-01-27,23.907,23.997,23.28,23.573,23.937,24.027,23.31,23.635,0.062,2680.82
2023-01-30,23.63,23.797,23.524,23.562,23.66,23.827,23.554,23.592,0.03,2983.14
2023-01-31,23.572,23.757,22.959,23.667,23.602,23.787,22.985,23.697,0.03,3461.76
2023-02-01,23.667,24.069,23.334,24.042,23.697,24.098,23.381,24.072,0.03,3699.21
2023-02-02,24.041,24.627,23.402,23.465,24.071,24.657,23.432,23.495,0.03,4075.52
2023-02-03,23.461,23.598,22.272,22.34,23.491,23.628,22.302,22.37,0.03,3916.74
2023-02-06,22.264,22.604,22.132,22.276,22.294,22.634,22.162,22.306,0.03,3515.37
2023-02-07,22.28,22.45,22.029,22.209,22.31,22.48,22.059,22.239,0.03,4273.95
2023-02-08,22.209,22.527,22.194,22.277,22.239,22.557,22.224,22.307,0.03,3186.01
2023-02-09,22.28,22.583,21.893,21.927,22.31,22.613,21.923,21.957,0.03,3629.07
2023-02-10,21.928,22.295,21.819,21.969,21.958,22.325,21.849,22.047,0.078,4195.36
2023-02-13,21.914,22.072,21.775,22.001,21.944,22.102,21.805,22.031,0.03,3021.8
2023-02-14,21.997,22.03,21.588,21.855,22.027,22.06,21.618,21.885,0.03,2991.2
2023-02-15,21.856,21.874,21.406,21.627,21.886,21.904,21.436,21.657,0.03,3433.18
2023-02-16,21.63,21.805,21.415,21.511,21.66,21.835,21.445,21.541,0.03,3768.21
2023-02-17,21.509,21.799,21.16,21.689,21.539,21.829,21.19,21.763,0.074,3339.55
2023-02-20,21.584,21.898,21.539,21.791,21.614,21.928,21.569,21.821,0.03,1065.06
2023-02-21,21.787,21.967,21.628,21.848,21.817,21.997,21.658,21.878,0.03,3098.93
2023-02-22,21.85,21.974,21.427,21.501,21.88,22.004,21.457,21.531,0.03,2885.04
2023-02-23,21.503,21.673,21.251,21.313,21.533,21.703,21.281,21.343,0.03,3040.84
2023-02-24,21.316,21.393,20.726,20.751,21.346,21.423,20.756,20.781,0.03,2812.02
2023-02-27,20.762,20.826,20.541,20.622,20.792,20.856,20.571,20.652,0.03,2964.12
2023-02-28,20.619,20.996,20.407,20.871,20.649,21.026,20.437,20.901,0.03,2610.37
2023-03-01,20.877,21.17,20.812,20.966,20.907,21.2,20.842,20.996,0.03,3150.3
2023-03-02,20.957,21.006,20.661,20.946,20.987,21.036,20.691,20.976,0.03,2710.47
2023-03-03,20.944,21.262,20.759,21.225,20.974,21.325,20.856,21.295,0.07,2946.16
2023-03-06,21.171,21.297,20.966,21.035,21.201,21.327,20.996,21.065,0.03,1508.72
2023-03-07,21.028,21.133,20.014,20.087,21.058,21.163,20.044,20.117,0.03,1479.3
2023-03-08,20.084,20.218,19.899,20.027,20.114,20.248,19.929,20.057,0.03,1587.2
2023-03-09,20.031,20.286,19.965,20.077,20.061,20.316,19.995,20.107,0.03,1324.15
2023-03-10,20.073,20.783,19.888,20.535,20.103,20.813,19.918,20.565,0.03,2258.79
2023-03-13,20.657,21.921,20.576,21.774,20.687,21.957,20.606,21.804,0.03,3232.41
2023-03-14,21.778,21.965,21.421,21.664,21.808,21.995,21.513,21.694,0.03,2402.03
2023-03-15,21.668,22.374,21.521,21.791,21.698,22.404,21.551,21.821,0.03,2742.61
2023-03-16,21.79,22.08,21.458,21.727,21.82,22.11,21.488,21.757,0.03,2024.76
2023-03-17,21.728,22.596,21.648,22.561,21.758,22.686,21.678,22.643,0.082,1972.25
2023-03-20,22.379,22.708,22.205,22.504,22.409,22.738,22.235,22.534,0.03,3881.44
2023-03-21,22.504,22.642,22.138,22.419,22.534,22.672,22.168,22.449,0.03,2363.93
2023-03-22,22.417,23.063,22.26,22.973,22.447,23.093,22.29,23.003,0.03,2243.36
2023-03-23,22.975,23.216,22.742,23.036,23.005,23.246,22.772,23.066,0.03,3138.93
2023-03-24,23.034,23.519,22.95,23.21,23.064,23.549,22.98,23.247,0.037,3811.67
2023-03-27,23.196,23.237,22.833,23.112,23.226,23.267,22.863,23.142,0.03,2478.81
2023-03-28,23.104,23.367,22.808,23.336,23.134,23.397,22.838,23.366,0.03,2448.47
2023-03-29,23.335,23.409,23.031,23.303,23.365,23.439,23.061,23.333,0.03,2894.18
2023-03-30,23.301,23.922,23.217,23.865,23.331,23.952,23.247,23.895,0.03,2921.3
2023-03-31,23.869,24.155,23.675,24.096,23.899,24.185,23.705,24.126,0.03,2581.44
2023-04-03,23.823,24.182,23.551,23.944,23.853,24.212,23.581,23.974,0.03,1717.86
2023-04-04,23.944,25.017,23.811,24.977,23.974,25.047,23.841,25.007,0.03,1436.11
2023-04-05,24.974,25.126,24.626,24.924,25.004,25.156,24.656,24.954,0.03,1360.22
2023-04-06,24.924,24.996,24.556,24.965,24.954,25.025,24.586,25.001,0.036,1264.64
2023-04-10,24.929,25.064,24.701,24.875,24.959,25.094,24.731,24.905,0.03,998.19
2023-04-11,24.876,25.131,24.822,25.048,24.906,25.161,24.852,25.078,0.03,1348.7
2023-04-12,25.044,25.662,25.032,25.53,25.074,25.692,25.062,25.56,0.03,1738.72
2023-04-13,25.525,25.962,25.376,25.794,25.555,26.019,25.406,25.824,0.03,1646.82
2023-04-14,25.791,26.081,25.139,25.317,25.821,26.111,25.169,25.379,0.062,1632.12
2023-04-17,25.317,25.599,24.79,25.001,25.347,25.629,24.82,25.031,0.03,1771.43
2023-04-18,25.001,25.313,24.913,25.2,25.031,25.343,24.943,25.23,0.03,1553.0
2023-04-19,25.208,25.363,24.628,25.247,25.238,25.393,24.658,25.277,0.03,1726.32
2023-04-20,25.244,25.487,25.042,25.244,25.274,25.517,25.072,25.274,0.03,1678.13
2023-04-21,25.237,25.375,24.884,25.071,25.267,25.405,24.914,25.101,0.03,1552.37
2023-04-24,25.107,25.228,24.771,25.178,25.137,25.258,24.801,25.208,0.03,1302.15
2023-04-25,25.177,25.351,24.479,25.073,25.207,25.381,24.509,25.103,0.03,1595.17
2023-04-26,25.064,25.22,24.712,24.914,25.094,25.25,24.742,24.944,0.03,1641.91
2023-04-27,24.914,25.128,24.495,24.893,24.944,25.172,24.525,24.923,0.03,1624.45
2023-04-28,24.898,25.06,24.712,25.045,24.928,25.09,24.744,25.076,0.031,1661.27
2023-05-01,24.983,25.902,24.872,24.954,25.013,25.932,24.902,24.984,0.03,1050.58
2023-05-02,24.954,25.476,24.56,25.358,24.984,25.506,24.59,25.388,0.03,1522.26
2023-05-03,25.363,25.796,25.075,25.658,25.393,25.826,25.105,25.688,0.03,1626.53
2023-05-04,25.662,26.059,25.425,26.051,25.692,26.095,25.455,26.081,0.03,1886.31
2023-05-05,26.051,26.123,25.154,25.633,26.081,26.153,25.184,25.699,0.066,1226.35
2023-05-08,25.623,25.726,25.495,25.542,25.653,25.756,25.525,25.572,0.03,1253.7
2023-05-09,25.541,25.663,25.308,25.631,25.571,25.693,25.338,25.661,0.03,1115.43
2023-05-10,25.633,25.911,25.21,25.372,25.663,25.941,25.24,25.402,0.03,1524.83
2023-05-11,25.371,25.467,24.126,24.149,25.401,25.497,24.156,24.179,0.03,1411.05
2023-05-12,24.149,24.202,23.727,23.933,24.179,24.232,23.757,24.011,0.078,1446.63
2023-05-15,23.978,24.204,23.862,24.069,24.008,24.234,23.892,24.099,0.03,1403.29
2023-05-16,24.072,24.095,23.621,23.745,24.102,24.125,23.651,23.775,0.03,1648.74
2023-05-17,23.745,23.872,23.525,23.746,23.775,23.902,23.555,23.776,0.03,2328.63
2023-05-18,23.743,23.771,23.289,23.491,23.773,23.801,23.345,23.521,0.03,1351.93
2023-05-19,23.498,24.006,23.384,23.845,23.528,24.036,23.414,23.875,0.03,1796.8
2023-05-22,23.835,23.909,23.583,23.586,23.865,23.939,23.603,23.606,0.02,2358.86
2023-05-23,23.58,23.646,23.092,23.447,23.605,23.676,23.122,23.477,0.03,2033.71
2023-05-24,23.455,23.526,22.987,23.065,23.485,23.556,23.035,23.095,0.03,1882.95
2023-05-25,23.054,23.139,22.683,22.703,23.084,23.169,22.713,22.733,0.03,1485.89
2023-05-26,22.704,23.325,22.657,23.285,22.734,23.371,22.687,23.351,0.066,1654.66
2023-05-29,23.275,23.366,23.095,23.131,23.305,23.396,23.137,23.161,0.03,935.31
2023-05-30,23.125,23.33,22.913,23.174,23.16,23.36,22.943,23.204,0.03,1637.98
2023-05-31,23.181,23.608,22.99,23.537,23.211,23.638,23.114,23.567,0.03,1923.76
2023-06-01,23.533,23.916,23.228,23.865,23.563,23.946,23.294,23.895,0.03,2211.91
2023-06-02,23.863,24.012,23.565,23.602,23.893,24.042,23.595,23.632,0.03,1947.84
2023-06-05,23.555,23.68,23.232,23.553,23.585,23.71,23.262,23.583,0.03,1209.03
2023-06-06,23.552,23.766,23.317,23.598,23.582,23.796,23.347,23.628,0.03,1690.72
2023-06-07,23.596,24.046,23.384,23.442,23.626,24.076,23.414,23.472,0.03,1528.35
2023-06-08,23.444,24.347,23.43,24.261,23.474,24.377,23.46,24.291,0.03,2498.2
2023-06-09,24.252,24.52,24.174,24.265,24.282,24.55,24.204,24.319,0.054,1643.87
2023-06-12,24.242,24.296,23.864,24.076,24.272,24.326,23.894,24.106,0.03,1246.39
2023-06-13,24.075,24.395,23.583,23.667,24.105,24.444,23.613,23.697,0.03,1611.41
2023-06-14,23.67,24.072,23.492,23.915,23.7,24.102,23.672,23.945,0.03,1647.5
2023-06-15,23.915,23.924,23.203,23.862,23.945,23.954,23.239,23.892,0.03,1696.87
2023-06-16,23.862,24.2,23.819,24.154,23.892,24.237,23.849,24.237,0.083,2043.79
2023-06-19,24.106,24.167,23.874,23.994,24.136,24.197,23.904,24.024,0.03,965.72
2023-06-20,23.994,24.015,23.037,23.146,24.024,24.045,23.067,23.176,0.03,2066.62
2023-06-21,23.146,23.164,22.478,22.702,23.176,23.194,22.508,22.732,0.03,1812.66
2023-06-22,22.703,22.705,22.165,22.224,22.733,22.735,22.195,22.254,0.03,2125.89
2023-06-23,22.223,22.674,22.098,22.423,22.253,22.704,22.128,22.453,0.03,1676.73
2023-06-26,22.514,22.881,22.501,22.751,22.544,22.911,22.531,22.781,0.03,1317.6
2023-06-27,22.742,23.09,22.732,22.852,22.772,23.12,22.762,22.882,0.03,1807.46
2023-06-28,22.853,22.951,22.548,22.717,22.883,22.981,22.578,22.747,0.03,1844.29
2023-06-29,22.717,22.87,22.263,22.574,22.747,22.9,22.293,22.604,0.03,1562.04
2023-06-30,22.574,22.835,22.329,22.745,22.604,22.865,22.359,22.811,0.066,2003.05
2023-07-03,22.736,23.064,22.687,22.88,22.766,23.094,22.717,22.91,0.03,1189.5
2023-07-04,22.879,23.05,22.865,22.95,22.909,23.08,22.895,22.98,0.03,569.87
2023-07-05,22.954,23.301,22.753,23.12,22.984,23.331,22.783,23.15,0.03,1725.38
2023-07-06,23.12,23.247,22.504,22.709,23.15,23.277,22.534,22.739,0.03,1260.05
2023-07-07,22.715,23.144,22.538,23.058,22.745,23.174,22.63,23.102,0.044,1384.67
2023-07-10,23.06,23.198,22.737,23.127,23.09,23.267,22.767,23.157,0.03,1083.57
2023-07-11,23.13,23.377,23.001,23.12,23.16,23.407,23.031,23.15,0.03,1873.1
2023-07-12,23.121,24.143,23.107,24.131,23.151,24.173,23.137,24.161,0.03,2188.53
2023-07-13,24.132,24.89,24.085,24.863,24.162,24.977,24.115,24.893,0.03,2405.75
2023-07-14,24.865,25.013,24.662,24.929,24.895,25.043,24.692,24.959,0.03,2251.94
2023-07-17,24.877,24.935,24.583,24.826,24.907,24.965,24.613,24.856,0.03,1760.03
2023-07-18,24.82,25.166,24.743,25.038,24.85,25.196,24.78,25.068,0.03,1625.19
2023-07-19,25.04,25.228,24.925,25.107,25.07,25.258,24.955,25.137,0.03,2045.62
2023-07-20,25.109,25.258,24.699,24.795,25.139,25.288,24.729,24.825,0.03,2559.36
2023-07-21,24.785,24.91,24.57,24.592,24.815,24.94,24.6,24.618,0.026,2067.73
2023-07-24,24.595,24.719,24.247,24.295,24.625,24.749,24.277,24.325,0.03,1707.38
2023-07-25,24.299,24.713,24.275,24.65,24.329,24.756,24.305,24.68,0.03,1091.81
2023-07-26,24.654,25.029,24.506,24.898,24.684,25.059,24.536,24.928,0.03,2055.18
2023-07-27,24.898,25.138,24.034,24.153,24.928,25.168,24.054,24.183,0.03,2215.49
2023-07-28,24.15,24.399,24.091,24.333,24.18,24.433,24.121,24.363,0.03,1304.5
2023-07-31,24.333,24.831,24.183,24.718,24.363,24.861,24.209,24.748,0.03,2062.31
2023-08-01,24.719,24.749,24.116,24.389,24.749,24.779,24.146,24.419,0.03,1711.76
2023-08-02,24.379,24.481,23.628,23.712,24.409,24.511,23.658,23.742,0.03,1803.52
2023-08-03,23.705,23.835,23.381,23.592,23.735,23.865,23.414,23.622,0.03,1667.22
2023-08-04,23.591,23.786,23.201,23.624,23.621,23.816,23.264,23.654,0.03,1507.0
2023-08-07,23.61,23.635,23.056,23.114,23.64,23.665,23.086,23.144,0.03,1031.02
2023-08-08,23.113,23.179,22.649,22.751,23.143,23.209,22.679,22.781,0.03,1095.66
2023-08-09,22.752,22.932,22.609,22.684,22.782,22.962,22.639,22.714,0.03,822.57
2023-08-10,22.685,22.993,22.609,22.665,22.715,23.023,22.639,22.695,0.03,1340.83
2023-08-11,22.665,22.836,22.559,22.675,22.695,22.866,22.589,22.705,0.03,1200.9
2023-08-14,22.676,22.755,22.353,22.596,22.706,22.813,22.383,22.626,0.03,746.2
2023-08-15,22.592,22.703,22.21,22.539,22.622,22.733,22.24,22.569,0.03,1430.97
2023-08-16,22.539,22.78,22.263,22.406,22.569,22.81,22.402,22.436,0.03,1483.22
2023-08-17,22.406,23.004,22.333,22.707,22.436,23.034,22.363,22.737,0.03,1836.16
2023-08-18,22.708,22.879,22.618,22.735,22.738,22.909,22.648,22.769,0.034,1455.13
2023-08-21,22.778,23.331,22.649,23.296,22.808,23.385,22.679,23.326,0.03,1690.85
2023-08-22,23.295,23.444,23.19,23.418,23.325,23.474,23.22,23.448,0.03,1820.74
2023-08-23,23.411,24.35,23.405,24.311,23.441,24.488,23.435,24.341,0.03,2109.51
2023-08-24,24.308,24.342,24.038,24.122,24.338,24.372,24.068,24.152,0.03,2169.79
2023-08-25,24.124,24.373,23.903,24.216,24.154,24.403,23.933,24.251,0.035,1995.33
2023-08-28,24.236,24.346,24.029,24.202,24.266,24.376,24.059,24.232,0.03,724.78
2023-08-29,24.201,24.787,24.153,24.708,24.231,24.851,24.183,24.738,0.03,1516.22
2023-08-30,24.707,25.005,24.511,24.613,24.737,25.035,24.541,24.643,0.03,1845.33
2023-08-31,24.613,24.67,24.358,24.419,24.643,24.7,24.388,24.449,0.03,1755.56
2023-09-01,24.418,24.816,24.101,24.149,24.448,24.894,24.162,24.211,0.062,1770.38
2023-09-04,24.165,24.286,23.943,23.944,24.195,24.316,23.973,23.974,0.03,450.02
2023-09-05,23.944,23.957,23.464,23.553,23.974,23.987,23.494,23.583,0.03,904.82
2023-09-06,23.553,23.587,22.989,23.12,23.583,23.617,23.019,23.15,0.03,834.86
2023-09-07,23.12,23.158,22.827,22.949,23.15,23.257,22.857,22.979,0.03,715.43
2023-09-08,22.947,23.165,22.844,22.908,22.977,23.195,22.874,22.938,0.03,659.84
2023-09-11,22.941,23.216,22.926,23.067,22.971,23.246,22.956,23.097,0.03,811.26
2023-09-12,23.067,23.177,22.82,23.04,23.097,23.207,22.85,23.07,0.03,773.92
2023-09-13,23.05,23.086,22.729,22.827,23.08,23.116,22.759,22.857,0.03,1074.9
2023-09-14,22.824,22.967,22.286,22.62,22.854,22.997,22.316,22.65,0.03,1312.95
2023-09-15,22.616,23.285,22.613,23.022,22.646,23.315,22.643,23.052,0.03,1210.57
2023-09-18,23.046,23.284,22.946,23.274,23.076,23.335,22.976,23.304,0.03,832.43
2023-09-19,23.275,23.415,23.084,23.198,23.305,23.445,23.114,23.228,0.03,700.47
2023-09-20,23.198,23.585,23.033,23.133,23.228,23.615,23.071,23.163,0.03,1337.31
2023-09-21,23.136,23.462,22.799,23.425,23.166,23.492,22.829,23.455,0.03,1042.66
2023-09-22,23.426,23.765,23.402,23.497,23.456,23.795,23.432,23.604,0.107,852.41
2023-09-25,23.534,23.641,23.027,23.113,23.564,23.671,23.057,23.143,0.03,830.68
2023-09-26,23.112,23.121,22.797,22.84,23.142,23.151,22.851,22.87,0.03,797.55
2023-09-27,22.84,22.869,22.395,22.543,22.87,22.899,22.425,22.573,0.03,886.05
2023-09-28,22.547,22.727,22.384,22.663,22.577,22.757,22.414,22.693,0.03,1040.16
2023-09-29,22.664,23.549,22.106,22.169,22.694,23.579,22.136,22.199,0.03,1172.75
2023-10-02,22.102,22.106,20.652,20.882,22.132,22.136,20.714,20.912,0.03,1337.81
2023-10-03,20.883,21.39,20.671,21.2,20.913,21.42,20.701,21.23,0.03,2864.61
2023-10-04,21.193,21.393,20.673,21.042,21.223,21.423,20.703,21.072,0.03,3263.01
2023-10-05,21.043,21.288,20.696,20.976,21.073,21.318,20.726,21.006,0.03,1628.5
2023-10-06,20.977,21.611,20.79,21.527,21.007,21.684,20.82,21.684,0.157,2615.64
2023-10-09,21.853,22.006,21.554,21.895,21.883,22.036,21.584,21.925,0.03,2190.94
2023-10-10,21.892,21.953,21.614,21.793,21.922,21.983,21.644,21.823,0.03,2039.87
2023-10-11,21.795,22.113,21.78,22.038,21.825,22.143,21.81,22.068,0.03,1586.91
2023-10-12,22.039,22.233,21.739,21.834,22.069,22.263,21.769,21.864,0.03,1550.65
2023-10-13,21.833,22.809,21.833,22.716,21.863,22.839,21.863,22.749,0.033,2457.1
2023-10-16,22.655,22.715,22.456,22.553,22.685,22.745,22.486,22.583,0.03,1488.76
2023-10-17,22.551,23.001,22.357,22.815,22.581,23.031,22.387,22.845,0.03,1700.84
2023-10-18,22.815,23.313,22.666,22.881,22.845,23.343,22.696,22.911,0.03,2586.92
2023-10-19,22.872,23.103,22.627,23.052,22.902,23.135,22.657,23.082,0.03,1540.8
2023-10-20,23.041,23.691,22.863,23.35,23.071,23.715,22.893,23.38,0.03,1466.36
2023-10-23,23.131,23.326,22.903,22.959,23.161,23.356,22.933,22.989,0.03,1904.62
2023-10-24,22.958,23.199,22.645,22.938,22.988,23.229,22.675,22.968,0.03,2012.88
2023-10-25,22.938,23.013,22.54,22.835,22.968,23.043,22.57,22.865,0.03,1024.3
2023-10-26,22.834,23.132,22.433,22.834,22.864,23.162,22.463,22.864,0.03,1497.43
2023-10-27,22.825,23.115,22.645,23.1,22.855,23.153,22.675,23.134,0.034,969.38
2023-10-30,23.041,23.596,23.023,23.273,23.071,23.626,23.053,23.303,0.03,2122.35
2023-10-31,23.271,23.308,22.723,22.826,23.301,23.338,22.753,22.856,0.03,1138.61
2023-11-01,22.83,23.043,22.527,23.037,22.86,23.073,22.557,23.067,0.03,1605.61
2023-11-02,23.033,23.116,22.643,22.705,23.063,23.146,22.673,22.735,0.03,1287.59
2023-11-03,22.694,23.296,22.577,23.196,22.724,23.326,22.607,23.226,0.03,1403.06
2023-11-06,23.12,23.248,22.925,22.942,23.15,23.278,22.955,22.972,0.03,1108.07
2023-11-07,22.944,22.972,22.413,22.612,22.974,23.002,22.443,22.642,0.03,1381.97
2023-11-08,22.61,22.838,22.284,22.534,22.64,22.868,22.314,22.564,0.03,1340.81
2023-11-09,22.534,22.982,22.344,22.621,22.564,23.012,22.374,22.651,0.03,1589.73
2023-11-10,22.622,22.731,22.179,22.238,22.652,22.761,22.209,22.32,0.082,1360.75
2023-11-13,22.298,22.353,21.867,22.324,22.328,22.383,21.897,22.354,0.03,1645.9
2023-11-14,22.317,23.176,22.227,23.054,22.347,23.206,22.301,23.084,0.03,1607.44
2023-11-15,23.055,23.612,23.011,23.438,23.085,23.642,23.041,23.468,0.03,1793.05
2023-11-16,23.437,24.071,23.265,23.763,23.467,24.101,23.295,23.793,0.03,1713.07
2023-11-17,23.763,24.136,23.649,23.699,23.793,24.166,23.679,23.738,0.039,1577.85
2023-11-20,23.602,23.803,23.231,23.592,23.632,23.833,23.261,23.622,0.03,2322.27
2023-11-21,23.592,24.009,23.457,23.787,23.622,24.039,23.487,23.817,0.03,1715.5
2023-11-22,23.787,23.938,23.528,23.599,23.817,23.968,23.558,23.629,0.03,2350.4
2023-11-23,23.599,23.783,23.585,23.69,23.629,23.813,23.615,23.72,0.03,876.37
2023-11-24,23.689,24.307,23.554,24.294,23.719,24.337,23.584,24.324,0.03,1141.1
2023-11-27,24.328,24.87,24.245,24.653,24.358,24.9,24.275,24.683,0.03,2055.38
2023-11-28,24.649,25.081,24.54,25.072,24.679,25.111,24.553,25.102,0.03,1607.33
2023-11-29,25.072,25.251,24.831,24.951,25.102,25.281,24.861,24.981,0.03,2640.53
2023-11-30,24.955,25.358,24.916,25.351,24.985,25.388,24.947,25.381,0.03,1816.69
2023-12-01,25.355,25.514,25.077,25.471,25.385,25.544,25.107,25.501,0.03,2194.0
2023-12-04,25.714,25.763,24.399,24.527,25.744,25.793,24.429,24.557,0.03,2450.02
2023-12-05,24.532,24.625,23.952,24.176,24.562,24.655,23.982,24.206,0.03,1884.35
2023-12-06,24.165,24.351,23.861,23.916,24.195,24.381,23.891,23.946,0.03,1273.39
2023-12-07,23.91,24.018,23.566,23.758,23.94,24.048,23.596,23.788,0.03,2411.35
2023-12-08,23.748,23.888,22.929,22.988,23.778,23.918,22.959,23.028,0.04,2783.64
2023-12-11,23.054,23.094,22.708,22.808,23.084,23.124,22.738,22.838,0.03,1062.49
2023-12-12,22.805,23.145,22.681,22.803,22.835,23.175,22.702,22.833,0.03,964.73
2023-12-13,22.804,23.839,22.498,23.824,22.834,23.869,22.528,23.854,0.03,1198.85
2023-12-14,23.829,24.209,23.789,24.119,23.859,24.252,23.819,24.149,0.03,1579.7
2023-12-15,24.122,24.279,23.746,23.853,24.152,24.309,23.776,23.902,0.049,1313.43
2023-12-18,23.72,24.047,23.648,23.801,23.75,24.077,23.678,23.831,0.03,1027.68
2023-12-19,23.794,24.161,23.755,24.039,23.824,24.191,23.785,24.069,0.03,1074.42
2023-12-20,24.037,24.427,23.941,24.16,24.067,24.457,23.971,24.19,0.03,992.35
2023-12-21,24.161,24.497,23.986,24.447,24.191,24.527,24.159,24.477,0.03,999.44
2023-12-22,24.452,24.595,24.078,24.183,24.482,24.625,24.108,24.214,0.031,1188.56
2023-12-25,24.19,24.242,23.98,24.221,24.278,24.295,24.236,24.251,0.03,12.79
2023-12-26,24.223,24.407,24.049,24.186,24.253,24.437,24.079,24.216,0.03,588.91
2023-12-27,24.186,24.45,23.935,24.296,24.216,24.48,23.965,24.326,0.03,938.94
2023-12-28,24.298,24.48,23.86,23.924,24.328,24.51,23.945,23.954,0.03,800.46
2023-12-29,23.922,23.973,23.525,23.776,23.952,24.003,23.555,23.808,0.032,938.61
2024-01-01,23.805,23.849,23.768,23.809,23.863,23.905,23.82,23.839,0.03,14.75
2024-01-02,23.81,24.086,23.611,23.63,23.84,24.116,23.65,23.66,0.03,1144.73
2024-01-03,23.628,23.722,22.826,23.012,23.658,23.752,22.856,23.042,0.03,1336.88
2024-01-04,23.013,23.068,22.676,23.029,23.043,23.304,22.706,23.059,0.03,880.45
2024-01-05,23.026,23.507,22.762,23.182,23.056,23.537,22.792,23.212,0.03,1475.4
2024-01-08,23.105,23.202,22.825,23.11,23.135,23.232,22.855,23.14,0.03,1585.69
2024-01-09,23.112,23.364,22.883,22.973,23.142,23.394,22.913,23.003,0.03,1010.22
2024-01-10,22.972,23.097,22.763,22.9,23.002,23.127,22.793,22.93,0.03,984.46
2024-01-11,22.904,23.192,22.462,22.877,22.934,23.279,22.492,22.907,0.03,1425.27
2024-01-12,22.877,23.523,22.772,23.175,22.907,23.553,22.802,23.215,0.04,1319.1
2024-01-15,23.147,23.325,23.083,23.158,23.177,23.364,23.124,23.188,0.03,826.82
2024-01-16,23.158,23.207,22.845,22.897,23.188,23.237,22.875,22.927,0.03,1228.79
2024-01-17,22.899,22.941,22.495,22.587,22.929,22.971,22.525,22.617,0.03,1597.06
2024-01-18,22.589,22.76,22.33,22.754,22.619,22.815,22.44,22.784,0.03,1382.63
2024-01-19,22.755,22.835,22.45,22.598,22.785,22.958,22.48,22.63,0.032,1299.96
2024-01-22,22.512,22.654,21.91,22.066,22.542,22.684,21.94,22.096,0.03,1218.87
2024-01-23,22.069,22.457,22.04,22.455,22.099,22.558,22.07,22.485,0.03,1124.86
2024-01-24,22.449,22.952,22.325,22.666,22.479,22.982,22.355,22.696,0.03,1406.88
2024-01-25,22.659,23.015,22.635,22.901,22.689,23.045,22.665,22.931,0.03,1250.33
2024-01-26,22.906,22.973,22.688,22.778,22.936,23.003,22.718,22.815,0.037,822.64
2024-01-29,22.887,23.212,22.757,23.184,22.917,23.319,22.787,23.214,0.03,1113.11
2024-01-30,23.186,23.295,22.927,23.146,23.216,23.325,22.957,23.176,0.03,1184.06
2024-01-31,23.15,23.316,22.765,22.894,23.18,23.465,22.795,22.924,0.03,1686.13
2024-02-01,22.903,23.247,22.499,23.145,22.933,23.277,22.529,23.175,0.03,1616.33
2024-02-02,23.141,23.242,22.388,22.673,23.171,23.272,22.418,22.706,0.033,1492.61
2024-02-05,22.684,22.708,22.226,22.297,22.714,22.738,22.256,22.327,0.03,1314.61
2024-02-06,22.299,22.478,22.246,22.398,22.329,22.508,22.276,22.428,0.03,1182.62
2024-02-07,22.396,22.439,22.148,22.175,22.426,22.469,22.19,22.205,0.03,1046.08
2024-02-08,22.175,22.628,22.129,22.577,22.205,22.694,22.159,22.607,0.03,1235.95
2024-02-09,22.571,22.713,22.35,22.591,22.601,22.743,22.38,22.621,0.03,616.47
2024-02-12,22.646,23.067,22.505,22.674,22.676,23.097,22.535,22.704,0.03,733.02
2024-02-13,22.677,22.933,21.969,22.069,22.707,23.0,21.999,22.099,0.03,1953.17
2024-02-14,22.071,22.45,21.921,22.366,22.101,22.48,21.951,22.396,0.03,1834.63
2024-02-15,22.365,23.03,22.333,22.946,22.395,23.06,22.363,22.976,0.03,1353.01
2024-02-16,22.951,23.492,22.776,23.398,22.981,23.522,22.806,23.435,0.037,1394.03
2024-02-19,23.375,23.442,22.921,22.945,23.424,23.474,22.951,22.975,0.03,526.79
2024-02-20,22.945,23.184,22.902,22.992,22.975,23.214,22.932,23.022,0.03,1380.08
2024-02-21,22.998,23.172,22.608,22.898,23.028,23.202,22.767,22.928,0.03,1520.91
2024-02-22,22.891,23.154,22.713,22.745,22.921,23.184,22.749,22.775,0.03,1587.12
2024-02-23,22.749,22.992,22.542,22.938,22.779,23.022,22.572,22.972,0.034,1512.82
2024-02-26,22.849,22.881,22.435,22.498,22.879,22.911,22.465,22.528,0.03,1140.12
2024-02-27,22.493,22.706,22.405,22.427,22.523,22.769,22.435,22.457,0.03,1029.96
2024-02-28,22.417,22.509,22.261,22.447,22.447,22.539,22.291,22.477,0.03,780.31
2024-02-29,22.444,22.779,22.297,22.655,22.474,22.809,22.327,22.685,0.03,916.02
2024-03-01,22.654,23.261,22.494,23.106,22.684,23.291,22.524,23.143,0.037,1076.2
2024-03-04,23.104,23.949,23.008,23.94,23.134,23.979,23.038,23.97,0.03,1132.32
2024-03-05,23.936,24.22,23.605,23.703,23.966,24.25,23.635,23.733,0.03,1695.68
2024-03-06,23.707,24.297,23.558,24.162,23.737,24.327,23.588,24.192,0.03,1700.57
2024-03-07,24.158,24.495,23.995,24.383,24.188,24.525,24.025,24.413,0.03,1524.01
2024-03-08,24.38,24.625,24.159,24.305,24.41,24.655,24.189,24.336,0.031,2105.76
2024-03-11,24.381,24.516,24.224,24.482,24.411,24.546,24.254,24.512,0.03,2106.85
2024-03-12,24.488,24.674,23.96,24.132,24.518,24.704,24.018,24.162,0.03,2035.51
2024-03-13,24.133,25.041,24.057,25.037,24.163,25.071,24.087,25.067,0.03,1904.26
2024-03-14,25.044,25.149,24.72,24.833,25.074,25.179,24.75,24.863,0.03,1765.5
2024-03-15,24.834,25.437,24.797,25.173,24.864,25.467,24.827,25.208,0.035,1815.94
2024-03-18,25.117,25.321,24.934,25.061,25.147,25.351,24.964,25.091,0.03,1831.36
2024-03-19,25.066,25.143,24.718,24.868,25.096,25.173,24.748,24.898,0.03,1423.16
2024-03-20,24.869,25.724,24.734,25.697,24.899,25.754,24.764,25.727,0.03,1777.32
2024-03-21,25.702,25.768,24.63,24.748,25.732,25.798,24.66,24.778,0.03,2199.72
2024-03-22,24.751,24.939,24.386,24.658,24.781,24.969,24.416,24.695,0.037,1954.95
2024-03-25,24.692,24.884,24.536,24.656,24.722,24.914,24.566,24.686,0.03,1633.11
2024-03-26,24.658,24.884,24.349,24.439,24.688,24.914,24.379,24.469,0.03,1846.12
2024-03-27,24.438,24.652,24.307,24.547,24.468,24.697,24.337,24.577,0.03,1581.33
2024-03-28,24.549,25.001,24.374,24.951,24.579,25.031,24.404,24.981,0.03,1977.58
2024-04-01,25.162,25.377,24.732,25.08,25.192,25.407,24.762,25.11,0.03,1663.37
2024-04-02,25.081,26.226,25.067,26.144,25.111,26.256,25.097,26.174,0.03,2230.23
2024-04-03,26.143,27.284,26.096,27.089,26.173,27.314,26.126,27.119,0.03,2584.05
2024-04-04,27.094,27.327,26.666,26.811,27.124,27.357,26.696,26.841,0.03,2301.75
2024-04-05,26.815,27.491,26.271,27.473,26.845,27.559,26.301,27.513,0.04,2576.43
2024-04-08,27.165,28.077,26.843,27.868,27.195,28.107,26.873,27.898,0.03,3393.86
2024-04-09,27.855,28.315,27.602,28.162,27.885,28.345,27.632,28.192,0.03,3055.5
2024-04-10,28.159,28.512,27.514,27.888,28.189,28.542,27.544,27.918,0.03,3275.13
2024-04-11,27.894,28.515,27.737,28.462,27.924,28.545,27.767,28.492,0.03,2350.61
2024-04-12,28.464,29.787,27.839,27.845,28.494,29.817,27.874,27.899,0.054,3583.97
2024-04-15,28.235,28.974,27.975,28.874,28.265,29.004,28.005,28.904,0.03,2932.0
2024-04-16,28.88,29.008,27.937,28.168,28.91,29.038,27.967,28.198,0.03,2664.34
2024-04-17,28.173,28.797,28.035,28.214,28.203,28.827,28.084,28.244,0.03,2512.05
2024-04-18,28.22,28.649,28.121,28.222,28.25,28.679,28.151,28.252,0.03,1857.13
2024-04-19,28.227,28.934,28.054,28.667,28.257,28.964,28.084,28.7,0.033,2598.85
2024-04-22,28.561,28.568,27.094,27.301,28.591,28.598,27.124,27.331,0.03,3361.17
2024-04-23,27.301,27.371,26.648,27.269,27.331,27.401,26.678,27.299,0.03,2341.31
2024-04-24,27.268,27.48,27.016,27.185,27.298,27.51,27.046,27.215,0.03,1776.64
2024-04-25,27.186,27.571,26.965,27.344,27.216,27.601,26.995,27.374,0.03,2433.98
2024-04-26,27.348,27.724,27.07,27.196,27.378,27.754,27.1,27.237,0.041,1863.47
2024-04-29,27.196,27.427,26.926,27.069,27.226,27.457,26.956,27.099,0.03,3293.44
2024-04-30,27.077,27.129,26.23,26.337,27.107,27.159,26.26,26.367,0.03,1952.58
2024-05-01,26.339,26.962,26.176,26.759,26.369,26.992,26.301,26.789,0.03,2351.59
2024-05-02,26.761,26.81,26.003,26.666,26.791,26.84,26.033,26.696,0.03,1840.45
2024-05-03,26.671,26.874,26.105,26.539,26.701,26.904,26.135,26.57,0.031,1809.61
2024-05-06,26.453,27.474,26.414,27.442,26.483,27.504,26.444,27.472,0.03,1817.62
2024-05-07,27.446,27.516,27.138,27.241,27.476,27.546,27.168,27.271,0.03,2585.51
2024-05-08,27.232,27.47,26.997,27.306,27.262,27.5,27.027,27.336,0.03,1287.56
2024-05-09,27.306,28.384,27.275,28.329,27.336,28.414,27.305,28.359,0.03,1726.28
2024-05-10,28.336,28.761,28.03,28.146,28.366,28.791,28.06,28.183,0.037,1732.62
2024-05-13,28.164,28.377,27.951,28.265,28.194,28.407,27.981,28.295,0.03,1497.41
2024-05-14,28.264,28.734,27.98,28.595,28.294,28.764,28.102,28.625,0.03,1628.25
2024-05-15,28.6,29.806,28.421,29.723,28.63,29.836,28.451,29.753,0.03,2942.45
2024-05-16,29.716,29.84,29.314,29.663,29.746,29.87,29.344,29.693,0.03,1933.84
2024-05-17,29.653,31.589,29.44,31.503,29.683,31.619,29.47,31.533,0.03,2417.32
2024-05-20,31.424,32.504,30.928,31.747,31.454,32.534,30.958,31.777,0.03,2514.73
2024-05-21,31.758,32.493,31.061,32.014,31.788,32.523,31.091,32.052,0.038,2014.5
2024-05-22,32.021,32.185,30.701,30.899,32.06,32.225,30.735,30.929,0.03,1951.01
2024-05-23,30.902,30.973,29.923,30.148,30.932,31.003,30.082,30.178,0.03,2659.56
2024-05-24,30.15,30.617,30.035,30.336,30.18,30.674,30.065,30.374,0.038,1703.33
2024-05-27,30.513,31.843,30.41,31.624,30.543,31.873,30.44,31.654,0.03,1448.46
2024-05-28,31.623,32.239,31.23,32.041,31.653,32.269,31.26,32.071,0.03,2525.99
2024-05-29,32.042,32.292,31.592,32.012,32.072,32.322,31.622,32.042,0.03,2717.66
2024-05-30,32.009,32.085,30.996,31.172,32.039,32.115,31.026,31.202,0.03,3227.43
2024-05-31,31.169,31.759,30.178,30.385,31.199,31.789,30.208,30.423,0.038,2809.35
2024-06-03,30.389,30.798,29.766,30.726,30.419,30.828,29.796,30.756,0.03,3296.77
2024-06-04,30.728,30.881,29.365,29.562,30.758,30.911,29.395,29.592,0.03,3388.14
2024-06-05,29.57,30.05,29.376,30.001,29.6,30.087,29.406,30.031,0.03,2165.69
2024-06-06,30.002,31.374,29.959,31.328,30.032,31.404,29.989,31.358,0.03,2212.41
2024-06-07,31.323,31.54,29.104,29.161,31.353,31.57,29.134,29.191,0.03,3056.99
2024-06-10,29.316,29.863,29.23,29.704,29.346,29.898,29.26,29.734,0.03,1626.53
2024-06-11,29.706,29.716,29.019,29.288,29.736,29.746,29.049,29.318,0.03,2106.39
2024-06-12,29.296,30.246,29.174,29.525,29.326,30.351,29.204,29.555,0.03,2633.62
2024-06-13,29.53,29.648,28.644,28.904,29.56,29.678,28.674,28.934,0.03,2180.62
2024-06-14,28.906,29.573,28.82,29.54,28.936,29.598,28.85,29.577,0.037,1957.29
2024-06-17,29.492,29.55,29.01,29.488,29.522,29.58,29.04,29.518,0.03,2047.72
2024-06-18,29.487,29.668,28.912,29.514,29.517,29.698,28.942,29.544,0.03,1711.11
2024-06-19,29.519,29.789,29.333,29.754,29.549,29.848,29.363,29.784,0.03,1071.56
2024-06-20,29.759,30.786,29.739,30.754,29.789,30.816,29.769,30.784,0.03,2050.01
2024-06-21,30.752,30.843,29.456,29.526,30.782,30.873,29.486,29.562,0.036,2039.38
2024-06-24,29.386,29.715,29.33,29.532,29.416,29.745,29.36,29.562,0.03,1991.44
2024-06-25,29.528,29.657,28.83,28.86,29.558,29.687,28.86,28.89,0.03,1533.93
2024-06-26,28.862,29.065,28.558,28.709,28.892,29.095,28.588,28.739,0.03,1858.46
2024-06-27,28.708,29.242,28.678,28.999,28.738,29.272,28.708,29.029,0.03,1525.26
2024-06-28,28.996,29.618,28.76,29.122,29.026,29.648,28.79,29.159,0.037,1742.1
2024-07-01,29.087,29.486,28.948,29.455,29.117,29.519,28.978,29.485,0.03,1662.86
2024-07-02,29.451,29.813,29.191,29.576,29.481,29.843,29.221,29.606,0.03,1601.52
2024-07-03,29.575,30.663,29.464,30.514,29.605,30.693,29.494,30.544,0.03,1698.96
2024-07-04,30.519,30.577,30.12,30.36,30.549,30.607,30.221,30.39,0.03,897.06
2024-07-05,30.36,31.481,29.9,31.21,30.39,31.511,30.183,31.241,0.031,2072.34
2024-07-08,31.098,31.361,30.422,30.847,31.128,31.391,30.452,30.877,0.03,1822.25
2024-07-09,30.844,31.14,30.497,30.793,30.874,31.17,30.527,30.823,0.03,1863.73
2024-07-10,30.79,31.157,30.633,30.85,30.82,31.187,30.665,30.88,0.03,1610.28
2024-07-11,30.85,31.744,30.806,31.389,30.88,31.774,30.836,31.419,0.03,1748.88
2024-07-12,31.387,31.394,30.373,30.775,31.417,31.424,30.403,30.809,0.034,2067.22
2024-07-15,30.621,31.089,30.509,30.609,30.651,31.119,30.539,30.639,0.03,2329.41
2024-07-16,30.602,31.394,30.471,31.256,30.632,31.424,30.501,31.286,0.03,1743.84
2024-07-17,31.26,31.422,30.03,30.38,31.29,31.452,30.06,30.41,0.03,2663.63
2024-07-18,30.374,30.588,29.72,29.721,30.404,30.618,29.75,29.751,0.03,1737.81
2024-07-19,29.718,29.726,28.859,29.212,29.748,29.756,28.889,29.25,0.038,2101.93
2024-07-22,29.407,29.41,28.734,29.063,29.437,29.44,28.764,29.093,0.03,1650.28
2024-07-23,29.068,29.294,28.65,29.188,29.098,29.324,28.68,29.218,0.03,1850.19
2024-07-24,29.189,29.444,28.79,28.879,29.219,29.474,28.82,28.909,0.03,1739.84
2024-07-25,28.885,28.902,27.398,27.824,28.915,28.932,27.433,27.854,0.03,3267.05
2024-07-26,27.829,28.064,27.575,27.897,27.859,28.094,27.605,27.955,0.058,1848.36
2024-07-29,28.106,28.186,27.296,27.811,28.136,28.216,27.326,27.841,0.03,1805.6
2024-07-30,27.816,28.405,27.596,28.343,27.846,28.453,27.649,28.373,0.03,1761.42
2024-07-31,28.339,29.087,28.23,29.034,28.369,29.117,28.26,29.064,0.03,2322.7
2024-08-01,29.032,29.151,28.207,28.492,29.062,29.181,28.237,28.522,0.03,2531.98
2024-08-02,28.497,29.218,27.933,28.562,28.527,29.248,27.963,28.594,0.032,3298.65
2024-08-05,28.498,28.664,26.487,27.244,28.528,28.694,26.517,27.274,0.03,4731.82
2024-08-06,27.249,27.561,26.587,26.817,27.279,27.591,26.617,26.847,0.03,2914.16
2024-08-07,26.82,27.258,26.395,26.637,26.85,27.288,26.449,26.667,0.03,2362.24
2024-08-08,26.635,27.596,26.601,27.531,26.665,27.626,26.631,27.561,0.03,2560.38
2024-08-09,27.533,27.753,27.242,27.437,27.563,27.783,27.272,27.491,0.054,2044.3
2024-08-12,27.327,28.032,27.209,28.002,27.357,28.105,27.239,28.032,0.03,1907.82
2024-08-13,28.002,28.04,27.436,27.828,28.032,28.07,27.466,27.858,0.03,2089.97
2024-08-14,27.834,28.019,27.165,27.575,27.864,28.242,27.195,27.605,0.03,2417.8
2024-08-15,27.57,28.513,27.467,28.348,27.6,28.543,27.497,28.378,0.03,2327.22
2024-08-16,28.344,29.031,28.028,29.019,28.374,29.084,28.058,29.052,0.033,2721.92
2024-08-19,28.991,29.49,28.713,29.4,29.021,29.52,28.743,29.43,0.03,2167.19
2024-08-20,29.396,29.962,29.189,29.435,29.426,29.992,29.219,29.465,0.03,2460.46
2024-08-21,29.432,29.729,29.195,29.592,29.462,29.759,29.225,29.622,0.03,2807.56
2024-08-22,29.594,29.674,28.772,29.036,29.624,29.704,28.802,29.066,0.03,2817.47
2024-08-23,29.03,29.876,29.003,29.817,29.06,29.906,29.033,29.847,0.03,2519.73
2024-08-26,29.901,30.182,29.635,29.86,29.931,30.212,29.668,29.89,0.03,2172.03
2024-08-27,29.856,30.094,29.688,30.004,29.886,30.124,29.718,30.034,0.03,1823.21
2024-08-28,30.008,30.039,28.958,29.172,30.038,30.069,29.095,29.202,0.03,2403.44
2024-08-29,29.175,29.675,29.17,29.369,29.205,29.705,29.2,29.399,0.03,2457.97
2024-08-30,29.373,29.58,28.674,28.844,29.403,29.61,28.704,28.877,0.033,3356.03
2024-09-02,28.857,28.963,28.311,28.514,28.887,28.993,28.341,28.544,0.03,1629.85
2024-09-03,28.505,28.561,27.697,28.051,28.535,28.591,27.727,28.081,0.03,2699.05
2024-09-04,28.051,28.35,27.757,28.258,28.081,28.38,27.787,28.288,0.03,2328.36
2024-09-05,28.262,29.167,28.197,28.826,28.292,29.197,28.227,28.856,0.03,3025.37
2024-09-06,28.825,29.105,27.672,27.893,28.855,29.135,27.702,27.977,0.084,4200.5
2024-09-09,27.972,28.358,27.682,28.338,28.002,28.388,27.712,28.368,0.03,2595.21
2024-09-10,28.334,28.545,28.014,28.43,28.364,28.575,28.044,28.46,0.03,2826.33
2024-09-11,28.422,28.866,28.053,28.665,28.452,28.896,28.083,28.695,0.03,3435.94
2024-09-12,28.665,29.939,28.515,29.91,28.695,29.969,28.545,29.94,0.03,3400.49
2024-09-13,29.91,30.912,29.836,30.691,29.94,30.966,29.866,30.721,0.03,2957.03
2024-09-16,30.855,31.086,30.576,30.742,30.885,31.116,30.606,30.772,0.03,2255.35
2024-09-17,30.735,30.981,30.5,30.718,30.765,31.011,30.528,30.748,0.03,2855.23
2024-09-18,30.72,31.226,29.69,30.168,30.75,31.257,29.72,30.198,0.03,3566.9
2024-09-19,30.171,31.293,29.895,30.763,30.201,31.301,29.925,30.793,0.03,4129.69
2024-09-20,30.767,31.424,30.716,31.149,30.797,31.454,30.746,31.207,0.058,3142.35
2024-09-23,31.085,31.177,30.339,30.67,31.115,31.207,30.369,30.7,0.03,3740.17
2024-09-24,30.664,32.259,30.635,32.142,30.694,32.289,30.665,32.172,0.03,4593.11
2024-09-25,32.147,32.273,31.55,31.818,32.177,32.303,31.58,31.848,0.03,4605.29
2024-09-26,31.823,32.709,31.729,31.97,31.853,32.739,31.759,32.0,0.03,4389.39
2024-09-27,31.968,32.288,31.349,31.532,31.998,32.318,31.379,31.723,0.191,4561.65
2024-09-30,31.735,31.847,30.87,31.232,31.765,31.877,30.9,31.262,0.03,3388.9
2024-10-01,31.231,31.842,31.178,31.358,31.261,31.872,31.208,31.388,0.03,3356.42
2024-10-02,31.352,32.297,30.983,31.839,31.382,32.327,31.013,31.869,0.03,3260.03
2024-10-03,31.832,32.203,31.397,32.035,31.862,32.233,31.427,32.065,0.03,3447.87
2024-10-04,32.029,32.951,31.488,32.165,32.059,32.981,31.518,32.223,0.058,3295.89
2024-10-07,32.205,32.287,31.395,31.632,32.235,32.317,31.425,31.662,0.03,3033.93
2024-10-08,31.63,31.768,30.106,30.658,31.66,31.798,30.129,30.688,0.03,5131.96
2024-10-09,30.657,30.773,30.203,30.468,30.687,30.803,30.233,30.5,0.032,3504.56
2024-10-10,30.473,31.18,30.344,31.139,30.503,31.213,30.374,31.169,0.03,3599.99
2024-10-11,31.139,31.628,31.045,31.425,31.169,31.658,31.075,31.636,0.211,2715.98
2024-10-14,31.168,31.539,30.889,31.217,31.198,31.569,30.919,31.247,0.03,3014.7
2024-10-15,31.214,31.681,30.748,31.458,31.244,31.711,30.778,31.488,0.03,3184.5
2024-10-16,31.458,32.171,31.396,31.733,31.488,32.201,31.426,31.763,0.03,3176.5
2024-10-17,31.734,32.012,31.298,31.77,31.764,32.042,31.328,31.8,0.03,3838.66
2024-10-18,31.77,33.749,31.7,33.691,31.8,33.779,31.73,33.733,0.042,3730.91
2024-10-21,33.784,34.263,33.439,33.828,33.814,34.293,33.469,33.858,0.03,4536.73
2024-10-22,33.828,34.863,33.781,34.717,33.858,34.894,33.811,34.747,0.03,4502.57
2024-10-23,34.71,34.832,33.415,33.81,34.743,34.862,33.445,33.84,0.03,4948.45
2024-10-24,33.811,34.294,33.226,33.655,33.841,34.412,33.256,33.685,0.03,3809.25
2024-10-25,33.655,34.01,33.073,33.69,33.685,34.04,33.103,33.723,0.033,3917.13
2024-10-28,33.584,33.981,33.213,33.694,33.614,34.011,33.243,33.724,0.03,3833.64
2024-10-29,33.693,34.537,33.635,34.465,33.723,34.567,33.665,34.495,0.03,4395.81
2024-10-30,34.466,34.517,33.395,33.73,34.496,34.547,33.425,33.76,0.03,4538.33
2024-10-31,33.728,33.889,32.488,32.649,33.758,33.919,32.518,32.679,0.03,4099.8
2024-11-01,32.652,33.114,32.318,32.438,32.682,33.144,32.348,32.468,0.03,3774.16
2024-11-04,32.483,32.869,32.277,32.396,32.513,32.899,32.307,32.426,0.03,3431.51
2024-11-05,32.395,32.915,32.231,32.696,32.425,32.945,32.261,32.726,0.03,3715.82
2024-11-06,32.694,32.696,30.816,31.169,32.724,32.726,30.846,31.199,0.03,5857.8
2024-11-07,31.172,32.148,30.852,32.005,31.202,32.178,30.882,32.035,0.03,4838.18
2024-11-08,32.004,32.021,31.174,31.288,32.034,32.051,31.204,31.32,0.032,4372.18
2024-11-11,31.402,31.556,30.411,30.708,31.432,31.586,30.441,30.738,0.03,3097.75
2024-11-12,30.709,30.809,30.179,30.685,30.739,30.839,30.202,30.715,0.03,3588.01
2024-11-13,30.686,31.136,30.207,30.255,30.716,31.166,30.237,30.285,0.03,3998.1
2024-11-14,30.257,30.648,29.66,30.357,30.287,30.678,29.69,30.387,0.03,4199.73
2024-11-15,30.35,30.81,30.167,30.235,30.38,30.84,30.197,30.266,0.031,4433.7
2024-11-18,30.386,31.261,30.356,31.159,30.416,31.291,30.386,31.189,0.03,2971.58
2024-11-19,31.16,31.527,31.033,31.277,31.19,31.557,31.063,31.307,0.03,3618.7
2024-11-20,31.278,31.322,30.76,30.909,31.308,31.352,30.79,30.939,0.03,3235.84
2024-11-21,30.914,31.302,30.632,30.736,30.944,31.332,30.662,30.766,0.03,2974.38
2024-11-22,30.736,31.4,30.731,31.327,30.766,31.43,30.761,31.357,0.03,3272.0
2024-11-25,31.395,31.402,29.97,30.102,31.425,31.432,30.0,30.132,0.03,4071.89
2024-11-26,30.1,30.686,30.03,30.404,30.13,30.716,30.06,30.434,0.03,3451.53
2024-11-27,30.41,30.693,29.96,30.102,30.44,30.723,29.99,30.132,0.03,2539.13
2024-11-28,30.107,30.288,29.621,30.233,30.137,30.341,29.651,30.263,0.03,1698.2
2024-11-29,30.232,30.889,30.181,30.614,30.262,30.919,30.211,30.644,0.03,2382.09
2024-12-02,30.461,30.67,30.042,30.587,30.491,30.7,30.072,30.617,0.03,2876.6
2024-12-03,30.587,31.082,30.445,30.975,30.617,31.112,30.475,31.005,0.03,2874.24
2024-12-04,30.982,31.466,30.435,31.31,31.012,31.496,30.481,31.34,0.03,3172.61
2024-12-05,31.308,31.415,30.998,31.347,31.338,31.445,31.028,31.377,0.03,3467.4
2024-12-06,31.348,31.427,30.808,30.964,31.378,31.457,30.838,30.994,0.03,3983.24
2024-12-09,31.073,32.274,30.849,31.896,31.103,32.304,30.879,31.926,0.03,3665.34
2024-12-10,31.898,32.086,31.693,31.893,31.928,32.116,31.723,31.923,0.03,3151.48
2024-12-11,31.894,32.17,31.406,31.76,31.924,32.203,31.545,31.987,0.227,1522.57
2024-12-12,31.966,32.004,31.928,31.997,32.029,32.052,32.011,32.039,0.042,16.0
2024-12-13,30.865,31.093,30.268,30.525,30.995,31.232,30.308,30.566,0.041,2991.86
2024-12-16,30.577,30.741,30.199,30.488,30.622,30.771,30.483,30.538,0.05,2404.66
2024-12-17,30.49,30.595,30.135,30.498,30.544,30.626,30.165,30.564,0.066,2047.41
2024-12-18,30.489,30.565,29.238,29.309,30.53,30.628,29.268,29.339,0.03,2277.75
2024-12-19,29.309,29.701,28.73,29.012,29.34,29.731,28.763,29.044,0.032,2741.99
2024-12-20,29.012,29.685,28.794,29.488,29.042,29.717,28.824,29.564,0.076,2299.33
2024-12-23,29.673,29.862,29.401,29.686,29.717,29.893,29.438,29.726,0.04,1534.18
2024-12-24,29.686,29.77,29.464,29.61,29.727,29.805,29.495,29.652,0.042,433.4
2024-12-25,29.629,29.693,29.619,29.663,29.705,29.728,29.677,29.702,0.039,13.02
2024-12-26,29.657,29.857,29.47,29.777,29.701,29.887,29.516,29.819,0.042,909.15
2024-12-27,29.775,29.878,29.288,29.354,29.818,29.913,29.337,29.422,0.068,1169.75
2024-12-30,29.427,29.51,28.693,28.926,29.47,29.548,28.818,28.962,0.036,1136.91
2024-12-31,28.926,29.022,28.764,28.887,28.965,29.052,28.794,28.931,0.044,1135.79
2025-01-01,28.889,28.976,28.86,28.973,28.954,29.279,28.909,29.01,0.037,20.06
2025-01-02,28.975,29.59,28.95,29.523,29.01,29.699,28.983,29.557,0.034,1181.66
2025-01-03,29.527,29.887,29.479,29.597,29.562,29.917,29.515,29.643,0.046,1452.62
2025-01-06,29.615,30.337,29.389,29.918,29.645,30.367,29.424,29.957,0.039,1453.53
2025-01-07,29.919,30.375,29.865,30.079,29.958,30.406,29.905,30.11,0.031,1594.74
2025-01-08,30.079,30.338,29.785,30.118,30.111,30.368,29.826,30.152,0.034,1400.52
2025-01-09,30.118,30.469,29.984,30.075,30.151,30.499,30.014,30.108,0.033,945.56
2025-01-10,30.076,30.652,29.934,30.38,30.109,30.742,29.982,30.435,0.055,1780.59
2025-01-13,30.447,30.497,29.491,29.668,30.477,30.529,29.521,29.701,0.033,2392.9
2025-01-14,29.667,29.963,29.498,29.821,29.701,29.993,29.528,29.856,0.035,1924.43
2025-01-15,29.821,30.743,29.724,30.664,29.854,30.775,29.755,30.694,0.03,1833.54
2025-01-16,30.654,30.966,30.5,30.749,30.684,30.996,30.537,30.779,0.03,1752.93
2025-01-17,30.745,30.828,30.119,30.324,30.775,30.858,30.149,30.384,0.06,2079.37
2025-01-20,30.301,30.639,29.976,30.56,30.344,30.838,30.008,30.592,0.032,1232.12
2025-01-21,30.562,30.842,30.178,30.725,30.593,30.903,30.208,30.769,0.044,2088.58
2025-01-22,30.725,30.946,30.549,30.756,30.77,30.976,30.579,30.795,0.039,1779.25
2025-01-23,30.754,30.841,30.079,30.451,30.795,30.873,30.109,30.486,0.035,1516.78
2025-01-24,30.448,31.011,30.42,30.519,30.486,31.046,30.455,30.609,0.09,1756.23
2025-01-27,30.515,30.602,29.685,30.161,30.571,30.632,29.715,30.207,0.046,2146.47
2025-01-28,30.162,30.475,29.87,30.391,30.208,30.602,29.9,30.43,0.039,1386.48
2025-01-29,30.39,30.973,30.268,30.866,30.429,31.003,30.298,30.897,0.031,1994.3
2025-01-30,30.866,31.722,30.786,31.605,30.896,31.77,30.821,31.683,0.078,1818.32
2025-01-31,31.581,31.695,31.007,31.262,31.684,31.763,31.178,31.362,0.1,1701.83
2025-02-03,30.998,31.661,30.657,31.476,31.063,31.728,30.703,31.531,0.055,1768.67
2025-02-04,31.476,32.36,31.339,32.065,31.532,32.39,31.377,32.095,0.03,1479.31
2025-02-05,32.064,32.543,31.921,32.305,32.116,32.576,31.955,32.34,0.035,1909.22
2025-02-06,32.307,32.407,31.731,32.205,32.34,32.451,31.761,32.241,0.036,1637.56
2025-02-07,32.206,32.64,31.739,31.77,32.245,32.67,31.809,31.81,0.04,2184.09
2025-02-10,31.775,32.328,31.775,32.056,31.809,32.358,31.809,32.095,0.039,1402.66
2025-02-11,32.057,32.231,31.239,31.825,32.095,32.271,31.269,31.855,0.03,1624.84
2025-02-12,31.823,32.354,31.468,32.265,31.853,32.384,31.525,32.3,0.035,1886.33
2025-02-13,32.263,32.411,31.981,32.348,32.3,32.445,32.011,32.38,0.032,1762.11
2025-02-14,32.348,33.394,32.054,32.11,32.379,33.432,32.084,32.174,0.064,2417.64
2025-02-17,32.02,32.483,31.897,32.366,32.054,32.554,31.93,32.396,0.03,1089.39
2025-02-18,32.37,32.903,32.06,32.895,32.4,32.955,32.09,32.925,0.03,1958.76
2025-02-19,32.899,33.069,32.438,32.693,32.929,33.099,32.468,32.729,0.036,2230.94
2025-02-20,32.694,33.194,32.611,32.94,32.729,33.224,32.648,32.972,0.032,2396.71
2025-02-21,32.94,33.071,32.42,32.422,32.971,33.101,32.465,32.489,0.067,2728.57
2025-02-24,32.563,32.749,32.083,32.248,32.594,32.779,32.113,32.284,0.036,2338.3
2025-02-25,32.25,32.469,31.276,31.771,32.284,32.499,31.309,31.801,0.03,2972.36
2025-02-26,31.773,31.952,31.478,31.878,31.803,32.01,31.508,31.908,0.03,2341.38
2025-02-27,31.877,31.93,31.162,31.208,31.908,31.96,31.192,31.239,0.031,1795.35
2025-02-28,31.208,31.386,30.801,31.117,31.24,31.416,30.831,31.159,0.042,1936.17
2025-03-03,31.233,31.834,31.104,31.641,31.263,31.864,31.137,31.671,0.03,1898.28
2025-03-04,31.64,32.004,31.454,31.91,31.67,32.043,31.484,31.94,0.03,1975.95
2025-03-05,31.908,32.703,31.756,32.609,31.938,32.754,31.787,32.641,0.032,2990.06
2025-03-06,32.605,32.753,32.246,32.61,32.636,32.783,32.276,32.646,0.036,2329.97
2025-03-07,32.613,32.668,32.091,32.51,32.646,32.728,32.121,32.57,0.06,2347.72
2025-03-10,32.558,32.655,31.92,31.998,32.588,32.685,31.95,32.029,0.031,2285.33
2025-03-11,32.003,32.974,31.795,32.838,32.033,33.028,31.825,32.868,0.03,2516.87
2025-03-12,32.843,33.307,32.692,33.263,32.873,33.337,32.722,33.295,0.032,2265.49
2025-03-13,33.262,33.95,32.921,33.847,33.294,33.98,32.951,33.877,0.03,2542.97
2025-03-14,33.846,34.074,33.509,33.817,33.876,34.105,33.539,33.869,0.052,2145.61
2025-03-17,33.773,33.883,33.42,33.736,33.803,33.92,33.45,33.767,0.031,1818.86
2025-03-18,33.733,34.226,33.733,33.945,33.767,34.256,33.766,33.975,0.03,2413.59
2025-03-19,33.941,34.091,33.448,33.897,33.974,34.121,33.478,33.927,0.03,2077.87
2025-03-20,33.898,33.934,33.088,33.523,33.928,33.966,33.118,33.554,0.031,1846.67
2025-03-21,33.522,33.533,32.644,33.016,33.552,33.565,32.674,33.049,0.033,2258.45
2025-03-24,33.051,33.294,32.866,32.919,33.081,33.324,32.896,32.951,0.032,1626.41
2025-03-25,32.921,33.791,32.911,33.665,32.951,33.821,32.941,33.695,0.03,1620.17
2025-03-26,33.666,33.917,33.49,33.639,33.696,33.947,33.52,33.669,0.03,1831.71
2025-03-27,33.64,34.459,33.591,34.392,33.67,34.504,33.621,34.428,0.036,2788.11
2025-03-28,34.392,34.579,33.907,34.108,34.429,34.609,33.937,34.145,0.037,2265.74
2025-03-31,34.209,34.457,33.486,34.036,34.239,34.487,33.516,34.066,0.03,3143.69
2025-04-01,34.033,34.2,33.449,33.653,34.063,34.23,33.479,33.683,0.03,2328.97
2025-04-02,33.656,34.13,32.936,33.776,33.686,34.199,33.13,33.806,0.03,2214.63
2025-04-03,33.774,33.949,31.698,31.896,33.804,33.979,31.731,31.933,0.037,3270.26
2025-04-04,31.895,31.972,29.172,29.558,31.932,32.012,29.204,29.592,0.034,3331.01
2025-04-07,28.65,30.797,28.427,30.007,28.689,30.846,28.471,30.038,0.031,4209.38
2025-04-08,30.006,30.519,29.367,29.585,30.038,30.552,29.397,29.615,0.03,2936.08
2025-04-09,29.588,31.053,29.318,30.899,29.618,31.148,29.348,30.945,0.046,3532.99
2025-04-10,30.898,31.294,30.557,31.154,30.944,31.432,30.587,31.187,0.033,3307.4
2025-04-11,31.152,32.27,30.892,32.192,31.185,32.503,30.93,32.455,0.263,2587.37
2025-04-14,32.066,32.385,31.716,32.279,32.102,32.475,31.756,32.312,0.033,2248.47
2025-04-15,32.28,32.395,32.078,32.383,32.314,32.425,32.108,32.413,0.03,1690.67
2025-04-16,32.382,33.101,32.272,32.808,32.412,33.131,32.302,32.842,0.034,2567.93
2025-04-17,32.812,32.929,32.074,32.484,32.843,32.959,32.104,32.597,0.113,2224.48
2025-04-21,32.547,33.044,32.467,32.726,32.59,33.074,32.497,32.758,0.032,2008.7
2025-04-22,32.723,33.141,32.078,32.493,32.755,33.171,32.116,32.527,0.034,2944.3
2025-04-23,32.497,33.666,32.488,33.613,32.528,33.696,32.522,33.647,0.034,2962.04
2025-04-24,33.612,33.667,33.16,33.602,33.648,33.772,33.19,33.638,0.036,2054.14
2025-04-25,33.601,33.664,32.761,33.012,33.639,33.702,32.793,33.133,0.121,1665.2
2025-04-28,32.881,33.189,32.643,33.099,32.911,33.263,32.673,33.13,0.031,1552.09
2025-04-29,33.098,33.524,32.788,32.925,33.128,33.557,32.821,32.957,0.032,1420.56
2025-04-30,32.923,33.102,32.167,32.605,32.957,33.135,32.197,32.639,0.034,1977.27
2025-05-01,32.608,32.658,31.656,32.424,32.642,32.692,31.686,32.456,0.032,1178.94
2025-05-02,32.428,32.703,31.92,31.979,32.458,32.74,31.95,32.172,0.193,1352.43
2025-05-05,32.051,32.659,31.984,32.496,32.084,32.689,32.014,32.531,0.035,1503.45
2025-05-06,32.495,33.247,32.468,33.135,32.531,33.324,32.501,33.175,0.04,2284.26
2025-05-07,33.135,33.135,32.231,32.45,33.174,33.179,32.261,32.48,0.03,2234.25
2025-05-08,32.449,32.93,32.207,32.428,32.479,32.965,32.237,32.462,0.034,2174.05
2025-05-09,32.429,32.859,32.207,32.491,32.463,32.889,32.237,32.751,0.26,1837.17
2025-05-12,32.642,32.984,31.857,32.565,32.676,33.017,31.895,32.598,0.033,2474.48
2025-05-13,32.566,33.22,32.507,32.932,32.599,33.25,32.54,32.968,0.036,2023.14
2025-05-14,32.931,32.938,32.061,32.2,32.968,32.975,32.102,32.233,0.033,2012.78
2025-05-15,32.202,32.679,31.637,32.622,32.235,32.753,31.667,32.652,0.03,2047.1
2025-05-16,32.621,32.658,31.852,32.244,32.651,32.688,31.882,32.425,0.181,1893.84
2025-05-19,32.459,32.612,32.22,32.346,32.492,32.642,32.25,32.376,0.03,1481.22
2025-05-20,32.347,33.142,32.114,33.085,32.377,33.172,32.144,33.115,0.03,1625.89
2025-05-21,33.087,33.56,32.913,33.439,33.117,33.59,32.943,33.469,0.03,2149.82
2025-05-22,33.439,33.685,32.596,33.029,33.469,33.715,32.626,33.059,0.03,2432.78
2025-05-23,33.029,33.531,32.885,33.47,33.059,33.561,32.915,33.503,0.033,1878.51
2025-05-26,33.422,33.558,33.223,33.396,33.452,33.588,33.253,33.426,0.03,876.66
2025-05-27,33.395,33.516,32.748,33.263,33.426,33.546,32.778,33.293,0.03,1784.56
2025-05-28,33.263,33.424,32.684,32.866,33.293,33.454,32.714,32.896,0.03,1559.15
2025-05-29,32.864,33.489,32.805,33.251,32.894,33.519,32.835,33.281,0.03,1881.41
2025-05-30,33.248,33.3,32.75,32.972,33.279,33.33,32.78,33.004,0.032,1901.03
2025-06-02,33.065,34.779,32.939,34.711,33.095,34.809,32.969,34.741,0.03,2749.24
2025-06-03,34.715,34.738,33.944,34.581,34.745,34.768,33.974,34.611,0.03,2457.15
2025-06-04,34.569,34.637,34.164,34.495,34.603,34.667,34.194,34.525,0.03,1890.46
2025-06-05,34.492,36.056,34.419,35.708,34.523,36.086,34.45,35.738,0.03,3190.85
2025-06-06,35.705,36.322,35.686,35.961,35.735,36.49,35.716,35.996,0.035,2584.39
2025-06-09,36.038,36.876,35.898,36.79,36.068,36.906,35.928,36.82,0.03,2065.45
2025-06-10,36.79,36.796,36.293,36.572,36.822,36.826,36.323,36.602,0.03,2533.85
2025-06-11,36.573,36.633,35.97,36.346,36.603,36.663,36.032,36.376,0.03,2950.49
2025-06-12,36.348,36.443,35.44,36.384,36.378,36.473,35.47,36.414,0.03,2781.1
2025-06-13,36.384,36.627,35.961,36.3,36.414,36.66,35.991,36.337,0.037,3564.51
2025-06-16,36.283,36.528,36.079,36.311,36.313,36.558,36.109,36.341,0.03,3072.43
2025-06-17,36.311,37.247,36.116,37.114,36.342,37.277,36.146,37.144,0.03,2819.93
2025-06-18,37.111,37.303,36.514,36.737,37.141,37.333,36.544,36.767,0.03,2607.47
2025-06-19,36.733,36.773,36.196,36.384,36.763,36.803,36.226,36.415,0.031,1803.28
2025-06-20,36.385,36.404,35.496,35.969,36.415,36.434,35.526,36.028,0.059,2337.6
2025-06-23,36.066,36.354,35.584,35.884,36.096,36.384,35.614,35.914,0.03,2707.92
2025-06-24,35.883,36.19,35.266,35.934,35.913,36.22,35.296,35.964,0.03,2977.32
2025-06-25,35.93,36.349,35.66,36.328,35.96,36.379,35.69,36.358,0.03,2252.1
2025-06-26,36.327,36.821,36.222,36.621,36.357,36.851,36.252,36.651,0.03,2415.89
2025-06-27,36.616,36.715,35.777,35.956,36.646,36.746,35.807,36.019,0.063,3216.17
2025-06-30,35.751,36.222,35.743,36.14,35.782,36.252,35.773,36.17,0.03,2473.97
2025-07-01,36.139,36.607,35.787,36.08,36.169,36.637,35.817,36.11,0.03,2993.89
2025-07-02,36.082,36.576,35.861,36.402,36.112,36.607,35.891,36.432,0.03,2270.05
2025-07-03,36.407,37.064,36.309,36.78,36.437,37.094,36.357,36.81,0.03,2056.84
2025-07-04,36.779,36.946,36.608,36.908,36.809,36.976,36.638,36.938,0.03,961.48
2025-07-07,36.981,36.993,36.139,36.782,37.013,37.023,36.169,36.812,0.03,2440.53
2025-07-08,36.776,36.87,36.276,36.533,36.828,36.9,36.306,36.563,0.03,2334.73
2025-07-09,36.544,36.716,36.256,36.402,36.574,36.746,36.286,36.432,0.03,2217.86
2025-07-10,36.4,37.122,36.337,37.094,36.43,37.206,36.368,37.138,0.044,2237.22
2025-07-11,37.092,38.524,36.898,38.308,37.137,38.554,36.933,38.454,0.146,1922.56
2025-07-14,38.502,39.121,38.064,38.258,38.537,39.151,38.094,38.288,0.03,2957.99
2025-07-15,38.26,38.37,37.572,37.789,38.291,38.4,37.602,37.819,0.03,2829.3
2025-07-16,37.793,38.08,37.484,37.883,37.823,38.11,37.514,37.914,0.031,2564.19
2025-07-17,37.885,38.172,37.526,38.109,37.916,38.204,37.556,38.139,0.03,2365.37
2025-07-18,38.108,38.431,38.04,38.147,38.138,38.461,38.07,38.187,0.04,2156.25
2025-07-21,38.195,39.043,38.146,38.956,38.229,39.073,38.176,38.987,0.031,2310.64
2025-07-22,38.954,39.328,38.703,39.225,38.986,39.394,38.733,39.259,0.034,2072.68
2025-07-23,39.223,39.52,39.033,39.279,39.257,39.55,39.063,39.309,0.03,2922.41
2025-07-24,39.282,39.307,38.682,39.087,39.312,39.337,38.712,39.121,0.034,2414.04
2025-07-25,39.087,39.185,37.936,38.137,39.12,39.215,37.966,38.206,0.069,2286.03
2025-07-28,38.163,38.327,37.886,38.17,38.196,38.357,37.916,38.202,0.032,1928.03
2025-07-29,38.169,38.282,37.892,38.195,38.201,38.312,37.922,38.226,0.031,2258.45
2025-07-30,38.193,38.236,36.767,37.133,38.223,38.269,36.797,37.164,0.031,2822.58
2025-07-31,37.133,37.265,36.197,36.668,37.163,37.299,36.227,36.698,0.03,2970.69
2025-08-01,36.662,37.176,36.342,37.017,36.692,37.206,36.372,37.052,0.035,2769.41
2025-08-04,37.022,37.47,36.656,37.425,37.054,37.5,36.686,37.455,0.03,1730.8
2025-08-05,37.42,37.872,37.294,37.804,37.453,37.902,37.324,37.834,0.03,1728.17
2025-08-06,37.805,37.938,37.597,37.868,37.835,37.968,37.627,37.898,0.03,2063.03
2025-08-07,37.865,38.495,37.813,38.179,37.895,38.525,37.844,38.364,0.185,2892.52
2025-08-08,38.177,38.472,37.817,38.339,38.354,38.68,38.024,38.371,0.032,2499.39
2025-08-11,38.172,38.237,37.492,37.666,38.205,38.267,37.522,37.696,0.03,2435.52
2025-08-12,37.666,38.01,37.552,37.909,37.696,38.04,37.582,37.939,0.03,1960.44
2025-08-13,37.908,38.637,37.835,38.52,37.938,38.667,37.865,38.55,0.03,1502.61
2025-08-14,38.512,38.728,37.823,37.992,38.542,38.758,37.853,38.022,0.03,2296.76
2025-08-15,37.996,38.092,37.669,37.993,38.026,38.122,37.699,38.026,0.033,1577.49
2025-08-18,37.851,38.256,37.848,38.052,37.881,38.286,37.878,38.082,0.03,1381.03
2025-08-19,38.049,38.134,37.262,37.357,38.079,38.164,37.292,37.387,0.03,1678.23
2025-08-20,37.356,37.947,36.951,37.897,37.386,37.982,36.982,37.927,0.03,1823.96
2025-08-21,37.898,38.195,37.519,38.087,37.928,38.225,37.549,38.117,0.03,1593.16
2025-08-22,38.088,39.057,37.684,38.888,38.118,39.087,37.714,38.924,0.036,1809.15
2025-08-25,38.911,38.985,38.355,38.402,38.941,39.015,38.385,38.432,0.03,1423.41
2025-08-26,38.403,38.842,38.327,38.647,38.433,38.872,38.357,38.677,0.03,1867.47
2025-08-27,38.644,38.666,38.071,38.602,38.674,38.696,38.101,38.632,0.03,1794.09
2025-08-28,38.601,39.111,38.58,38.97,38.631,39.15,38.61,39.0,0.03,1811.72
2025-08-29,38.969,39.961,38.4,39.549,38.999,39.991,38.736,39.821,0.272,2186.45
2025-09-01,39.781,40.745,39.741,40.643,39.818,40.841,39.771,40.679,0.036,2065.2
2025-09-02,40.644,40.919,40.127,40.844,40.676,40.949,40.157,40.893,0.049,3182.43
2025-09-03,40.848,41.457,40.619,41.067,40.891,41.487,40.649,41.097,0.03,4002.84
2025-09-04,41.066,41.211,40.39,40.717,41.096,41.241,40.42,40.747,0.03,3692.89
2025-09-05,40.72,41.407,40.554,40.984,40.75,41.437,40.584,41.058,0.074,3810.87
2025-09-08,40.844,41.659,40.519,41.315,40.879,41.689,40.551,41.345,0.03,3381.4
2025-09-09,41.316,41.468,40.711,40.861,41.346,41.498,40.777,40.904,0.043,3548.94
2025-09-10,40.86,41.275,40.693,41.187,40.904,41.305,40.744,41.223,0.036,2760.32
2025-09-11,41.189,41.749,40.861,41.512,41.226,41.779,40.913,41.542,0.03,3375.69
2025-09-12,41.511,42.45,41.386,42.161,41.541,42.48,41.416,42.239,0.078,2989.98
2025-09-15,42.092,42.731,41.997,42.606,42.122,42.794,42.027,42.636,0.03,2830.39
2025-09-16,42.605,42.964,42.24,42.613,42.635,42.994,42.27,42.643,0.03,3353.04
2025-09-17,42.615,42.622,41.08,41.801,42.645,42.652,41.142,41.831,0.03,3845.56
2025-09-18,41.804,41.967,41.189,41.708,41.837,41.997,41.219,41.738,0.03,2850.13
2025-09-19,41.712,43.092,41.64,43.064,41.742,43.174,41.67,43.101,0.037,2513.69
2025-09-22,43.099,44.106,43.072,44.005,43.129,44.136,43.102,44.035,0.03,2659.42
2025-09-23,44.004,44.455,43.624,43.935,44.034,44.485,43.654,43.965,0.03,3079.01
2025-09-24,43.934,44.308,43.656,43.914,43.964,44.338,43.686,43.944,0.03,3332.71
2025-09-25,43.912,45.219,43.762,44.883,43.942,45.249,43.792,44.914,0.031,3545.33
2025-09-26,44.883,46.617,44.558,46.041,44.915,46.647,44.618,46.095,0.054,3379.96
2025-09-29,46.246,47.17,45.932,46.803,46.276,47.216,45.962,46.834,0.031,4256.3
2025-09-30,46.799,47.16,45.8,46.704,46.834,47.19,45.82,46.734,0.03,4313.06
2025-10-01,46.703,47.82,46.642,47.215,46.733,47.85,46.672,47.245,0.03,3904.09
2025-10-02,47.216,48.038,45.893,46.958,47.246,48.068,45.926,46.988,0.03,3723.48
2025-10-03,46.96,48.36,46.633,47.906,46.99,48.39,46.663,48.084,0.178,3688.31
2025-10-06,48.224,48.757,47.997,48.485,48.254,48.787,47.998,48.515,0.03,3750.33
2025-10-07,48.486,48.639,47.315,47.918,48.516,48.669,47.345,47.948,0.03,3829.99
2025-10-08,47.923,49.537,47.725,48.751,47.953,49.567,47.755,48.805,0.054,4159.37
2025-10-09,48.738,51.223,48.221,48.718,48.81,51.412,48.498,49.425,0.707,4161.3
2025-10-10,48.828,51.107,48.248,49.323,49.425,51.618,49.096,51.153,1.83,5836.57
2025-10-13,50.341,52.768,49.423,52.396,50.604,54.005,50.243,52.913,0.517,2547.66
2025-10-14,52.396,53.424,49.918,51.951,52.91,54.991,50.487,52.069,0.118,2895.97
2025-10-15,51.948,53.125,51.452,53.011,52.051,54.251,51.611,53.108,0.097,3486.94
2025-10-16,53.012,54.356,52.375,54.27,53.108,54.646,52.503,54.344,0.074,5175.43
2025-10-17,54.27,54.442,50.493,51.527,54.346,54.594,50.652,52.148,0.621,4386.26
2025-10-20,51.794,52.753,51.234,52.527,51.885,53.612,51.32,52.581,0.054,3505.26
2025-10-21,52.526,52.534,47.558,48.213,52.581,52.59,47.897,48.264,0.051,3990.38
2025-10-22,48.209,49.269,47.451,48.153,48.255,49.339,47.572,48.21,0.057,5279.58
2025-10-23,48.149,49.44,47.894,48.786,48.204,49.475,47.948,48.834,0.048,4681.96
2025-10-24,48.786,48.994,47.81,48.547,48.835,49.08,47.848,48.685,0.138,5196.58
2025-10-27,48.144,48.533,46.067,46.926,48.174,48.571,46.121,46.967,0.041,4504.41
2025-10-28,46.927,47.256,45.513,47.141,46.969,47.292,45.568,47.178,0.037,4865.59
2025-10-29,47.139,48.445,47.081,47.788,47.177,48.479,47.114,47.82,0.032,5425.22
2025-10-30,47.789,49.147,47.245,49.061,47.819,49.187,47.281,49.101,0.04,4031.59
2025-10-31,49.062,49.343,48.361,48.642,49.102,49.418,48.391,48.861,0.219,3918.79
2025-11-03,48.529,49.095,47.647,47.934,48.589,49.125,47.801,47.973,0.039,3158.88
2025-11-04,47.936,48.213,46.855,47.08,47.977,48.247,46.885,47.111,0.031,3929.52
2025-11-05,47.081,48.266,46.863,48.005,47.111,48.297,46.91,48.045,0.04,2588.57
2025-11-06,48.003,48.781,47.641,48.215,48.043,48.811,47.671,48.248,0.033,2860.84
2025-11-07,48.214,48.861,47.959,48.088,48.248,48.891,47.989,48.376,0.288,3075.75
2025-11-10,48.577,50.6,48.472,50.481,48.607,50.688,48.505,50.522,0.041,3452.32
2025-11-11,50.481,51.335,50.272,51.264,50.521,51.414,50.302,51.304,0.04,3551.49
2025-11-12,51.264,53.654,50.846,53.223,51.301,53.684,50.878,53.263,0.04,4753.24
2025-11-13,53.222,54.389,52.044,52.513,53.263,54.42,52.082,52.544,0.031,4325.67
2025-11-14,52.513,53.551,50.043,50.543,52.543,53.581,50.084,50.674,0.131,4230.2
2025-11-17,50.825,51.298,49.491,49.886,50.857,51.328,49.521,49.916,0.03,4073.13
2025-11-18,49.885,51.169,49.345,50.866,49.915,51.199,49.375,50.897,0.031,5573.64
2025-11-19,50.866,52.46,50.359,51.717,50.896,52.49,50.389,51.755,0.038,4359.92
2025-11-20,51.72,51.861,50.214,50.771,51.756,51.895,50.244,50.808,0.037,4609.21
2025-11-21,50.77,50.817,48.616,49.976,50.807,50.855,48.646,50.091,0.115,5593.18
2025-11-24,50.11,51.402,49.707,51.367,50.14,51.497,49.748,51.407,0.04,2898.08
2025-11-25,51.366,51.741,50.68,51.334,51.406,51.785,50.71,51.375,0.041,2595.11
2025-11-26,51.34,53.444,51.319,53.402,51.38,53.493,51.359,53.442,0.04,2800.25
2025-11-27,53.402,53.904,52.675,53.459,53.441,53.934,52.715,53.493,0.034,1815.36
2025-11-28,53.46,56.528,52.158,56.365,53.494,56.56,53.467,56.396,0.031,1740.44
2025-12-01,56.99,58.839,56.427,57.594,57.031,58.869,56.463,57.628,0.034,6035.69
2025-12-02,57.599,58.737,56.571,58.627,57.633,58.784,56.606,58.67,0.043,3685.67
2025-12-03,58.628,58.968,57.483,58.502,58.671,59.023,57.562,58.534,0.032,3789.72
2025-12-04,58.505,58.739,56.435,57.014,58.537,58.774,56.507,57.053,0.039,4716.86
2025-12-05,57.017,59.324,56.854,58.291,57.056,59.354,56.889,58.39,0.099,4693.4
2025-12-08,58.425,58.603,57.504,58.105,58.467,58.685,57.55,58.145,0.04,4055.53
2025-12-09,58.104,60.903,57.582,60.839,58.145,60.982,57.614,60.872,0.033,4755.24
2025-12-10,60.846,61.955,59.822,61.89,60.88,62.12,60.105,61.951,0.061,3718.93
2025-12-11,61.892,64.293,61.419,63.053,61.952,64.33,61.49,63.088,0.035,4310.41
2025-12-12,63.052,64.648,60.735,61.867,63.086,64.685,60.822,61.959,0.092,5438.7
2025-12-15,61.961,64.16,61.729,63.895,61.992,64.427,61.765,63.93,0.035,5145.59
2025-12-16,63.896,64.072,62.13,63.775,63.931,64.104,62.183,63.812,0.037,5008.32
2025-12-17,63.776,66.887,63.76,66.303,63.813,66.917,63.812,66.338,0.035,6858.18
2025-12-18,66.302,66.612,64.615,65.548,66.336,66.719,64.647,65.584,0.036,4764.75
2025-12-19,65.551,67.445,64.424,67.066,65.587,67.476,64.515,67.203,0.137,3729.57
2025-12-22,67.423,69.437,67.362,69.129,67.465,69.581,67.423,69.162,0.033,3841.25
2025-12-23,69.135,71.849,68.814,71.808,69.165,72.023,68.857,71.864,0.056,4539.86
2025-12-24,71.809,72.693,70.177,71.731,71.864,72.908,70.223,71.907,0.176,3718.04
2025-12-25,73.159,73.304,71.428,73.104,74.455,74.74,72.703,73.183,0.079,129.94
2025-12-26,73.106,79.301,73.098,78.96,73.184,79.712,73.172,79.355,0.395,6131.11
2025-12-29,81.818,81.866,70.49,72.522,81.912,81.96,70.543,72.568,0.046,9371.49
2025-12-30,72.518,78.052,72.024,75.199,72.564,78.097,72.088,75.261,0.062,6799.38
2025-12-31,75.2,75.793,70.049,71.537,75.262,75.891,70.111,71.715,0.178,5368.63
2026-01-01,71.537,73.01,70.909,72.651,71.715,73.405,71.715,72.726,0.075,115.06
2026-01-02,72.646,74.555,71.398,72.819,72.724,74.6,71.436,72.897,0.078,5317.32
2026-01-05,74.009,77.872,73.924,76.174,74.058,77.925,73.976,76.243,0.069,6800.78
2026-01-06,76.171,82.751,75.893,82.501,76.243,82.798,75.958,82.546,0.045,6935.13
2026-01-07,82.497,82.678,76.343,78.742,82.545,82.734,76.397,78.772,0.03,7295.84
2026-01-08,78.747,79.001,73.827,76.659,78.777,79.079,73.872,76.717,0.058,6096.31
2026-01-09,76.67,80.499,75.477,79.851,76.728,80.544,75.531,79.98,0.129,6424.11
2026-01-12,81.593,86.234,81.494,84.371,81.654,86.3,81.555,84.416,0.045,7973.16
2026-01-13,84.371,89.109,83.597,87.832,84.428,89.175,83.641,87.89,0.058,7323.2
2026-01-14,87.831,93.49,87.702,92.2,87.889,93.817,87.75,92.281,0.081,7736.94
2026-01-15,92.198,93.025,85.632,91.436,92.279,93.113,86.498,91.494,0.058,8565.42
2026-01-16,91.426,92.062,86.834,90.078,91.484,92.12,86.888,90.177,0.099,7383.67
2026-01-19,93.349,94.664,92.4,93.754,93.417,94.715,92.446,93.812,0.058,4237.0
2026-01-20,93.75,95.86,92.539,94.865,93.807,95.907,92.608,94.915,0.05,7513.36
2026-01-21,94.862,95.542,90.297,90.955,94.912,95.59,90.373,91.028,0.073,8297.28
2026-01-22,90.956,96.966,90.781,96.94,91.037,97.032,90.853,96.982,0.042,6785.99
2026-01-23,96.938,103.333,96.649,103.155,96.98,103.491,96.729,103.408,0.253,6899.58
2026-01-26,105.001,117.725,100.962,106.694,105.057,117.792,101.775,106.784,0.09,11285.38
2026-01-27,106.704,113.463,104.321,112.733,106.783,113.549,104.398,112.819,0.086,11115.57
2026-01-28,112.73,119.402,110.48,117.755,112.818,119.491,110.553,117.863,0.108,10660.98
2026-01-29,117.754,121.647,106.212,117.6,117.866,121.708,106.83,117.659,0.059,13401.02
2026-01-30,117.599,118.463,73.406,85.286,117.659,118.63,73.841,85.616,0.33,12310.2
2026-02-02,81.603,87.91,71.192,82.866,81.832,88.091,71.407,82.939,0.073,11950.99
2026-02-03,82.873,89.176,80.929,84.508,82.951,89.206,81.118,84.575,0.067,12021.26
2026-02-04,84.472,92.166,83.651,89.604,84.573,92.239,83.707,89.69,0.086,7358.03
2026-02-05,89.603,90.39,66.68,67.113,89.689,90.454,67.052,67.283,0.17,9924.12
2026-02-06,67.113,78.115,63.994,77.816,67.282,78.305,64.136,78.081,0.265,7738.09
2026-02-09,79.818,84.013,78.68,81.784,79.886,84.358,78.76,81.852,0.068,6557.39
2026-02-10,81.736,83.026,79.915,81.393,81.825,83.084,80.016,81.454,0.061,5886.44
2026-02-11,81.394,86.291,81.029,82.742,81.455,86.356,81.1,82.812,0.07,6101.59
2026-02-12,82.741,84.209,73.621,75.138,82.811,84.273,74.498,75.221,0.083,5695.8
2026-02-13,75.093,79.331,74.55,77.276,75.187,79.521,74.778,77.466,0.19,5414.67
2026-02-16,76.317,77.463,74.733,76.414,76.394,77.538,74.816,76.494,0.08,2229.94
2026-02-17,76.415,76.532,71.925,72.396,76.494,76.597,72.028,72.477,0.081,5330.29
2026-02-18,72.397,78.313,72.256,77.164,72.478,78.382,72.39,77.237,0.073,4477.36
2026-02-19,77.165,79.473,76.323,77.944,77.238,79.519,76.516,78.011,0.067,3430.58
2026-02-20,77.945,84.637,77.405,84.507,78.012,84.909,77.514,84.8,0.293,5401.32
2026-02-23,87.002,89.03,85.154,88.125,87.075,89.084,85.216,88.196,0.071,4713.77
2026-02-24,88.124,88.904,84.805,87.214,88.195,89.082,85.004,87.279,0.065,6313.08
2026-02-25,87.216,91.272,86.765,87.539,87.28,91.384,86.834,87.639,0.1,5317.95
2026-02-26,87.543,90.313,85.184,88.16,87.644,90.412,85.289,88.225,0.065,6724.06
2026-02-27,88.161,94.127,87.798,93.678,88.226,94.185,87.879,94.111,0.433,6932.18
2026-03-02,95.727,96.167,86.455,90.031,95.811,96.21,86.556,90.101,0.07,8604.03
2026-03-03,90.043,91.319,77.877,82.968,90.113,91.386,78.013,83.035,0.067,9078.02
2026-03-04,82.966,86.794,81.85,83.687,83.033,86.883,81.924,84.331,0.644,3794.83
2026-03-05,83.706,85.363,80.307,82.56,84.391,85.75,80.7,82.957,0.397,1160.5
2026-03-06,82.542,84.884,81.644,84.086,82.939,85.277,81.744,84.706,0.62,914.25
2026-03-09,81.772,87.849,79.448,87.141,82.179,88.251,79.837,87.533,0.392,904.92
2026-03-10,87.127,89.826,86.4,88.36,87.533,90.23,86.79,88.561,0.201,909.49
2026-03-11,88.377,89.25,84.384,84.433,88.579,89.657,84.496,84.836,0.403,723.43
2026-03-12,84.419,87.393,82.928,83.851,84.806,87.49,83.174,84.248,0.397,1050.29
2026-03-13,83.833,85.269,79.401,80.498,84.229,85.678,79.494,80.741,0.243,1067.07
2026-03-16,79.92,81.62,77.032,80.956,80.315,81.77,77.127,81.337,0.381,972.87
2026-03-17,80.956,82.366,78.223,79.018,81.349,82.761,78.311,79.409,0.391,771.63
2026-03-18,79.031,80.036,74.844,75.705,79.422,80.397,75.161,76.126,0.421,958.88
2026-03-19,75.705,76.527,65.979,72.316,76.106,76.928,66.15,72.725,0.409,1410.32
2026-03-20,72.316,74.353,67.593,67.873,72.739,74.75,67.772,68.145,0.272,1079.99
2026-03-23,67.846,70.738,60.683,69.561,68.291,70.827,61.184,69.965,0.404,1848.72
2026-03-24,69.561,72.884,65.798,72.727,69.952,73.279,66.191,73.122,0.395,1376.09
2026-03-25,72.714,74.375,70.205,70.487,73.108,74.77,70.601,70.883,0.396,1035.51
2026-03-26,70.475,72.021,66.619,68.457,70.883,72.417,66.802,68.857,0.4,941.16
2026-03-27,68.444,71.563,67.18,69.717,68.857,71.729,67.549,69.97,0.253,657.05
2026-03-30,67.976,71.754,67.577,69.842,68.386,71.799,67.989,70.046,0.204,1188.75
2026-03-31,69.842,75.477,68.906,74.802,70.051,75.684,69.112,75.009,0.207,1821.2
2026-04-01,74.777,76.103,73.669,75.285,74.983,76.175,73.879,75.377,0.092,1484.42
2026-04-02,75.246,75.828,69.484,72.962,75.454,75.962,69.587,73.029,0.067,2285.64
2026-04-06,71.47,73.547,71.47,72.861,71.857,73.634,71.64,72.936,0.075,1372.63
2026-04-07,72.769,76.9,69.728,76.523,72.972,76.995,69.853,76.619,0.096,2122.95
2026-04-08,76.376,77.621,73.435,73.723,76.776,77.812,73.525,73.808,0.085,1965.9
2026-04-09,73.713,76.621,72.78,75.366,73.808,76.671,72.934,75.459,0.093,1391.29
2026-04-10,75.361,76.797,74.806,75.832,75.459,76.86,74.849,75.925,0.093,1340.75
2026-04-13,73.579,75.921,73.491,75.667,73.977,76.026,73.603,75.749,0.082,1376.97
2026-04-14,75.672,79.726,75.321,79.473,75.749,79.78,75.421,79.527,0.054,1875.57
2026-04-15,79.472,80.987,78.211,79.461,79.527,81.051,78.277,79.516,0.055,2483.86
2026-04-16,79.46,80.838,78.029,78.678,79.516,80.888,78.071,78.734,0.056,2273.11
2026-04-17,78.667,83.031,77.712,80.724,78.723,83.079,77.784,80.857,0.133,2458.33
2026-04-20,78.954,80.647,78.619,79.825,79.003,80.701,78.671,79.879,0.054,2671.46
2026-04-21,79.826,80.023,75.375,77.296,79.879,80.08,75.425,77.35,0.054,2928.79
2026-04-22,77.298,78.662,77.298,77.508,77.352,78.712,77.352,77.564,0.056,2507.28
2026-04-23,77.509,78.361,74.222,75.507,77.564,78.414,74.253,75.56,0.053,3212.86
2026-04-24,75.506,76.662,73.935,75.646,75.559,76.701,73.974,75.749,0.103,2890.79
2026-04-27,74.884,76.573,74.639,75.93,74.937,76.62,74.677,75.971,0.041,2402.32
2026-04-28,75.93,76.135,72.014,73.278,75.972,76.188,72.046,73.335,0.057,2651.4
2026-04-29,73.28,73.929,70.849,71.818,73.335,73.99,70.887,71.868,0.05,2551.82
2026-04-30,71.817,74.485,71.561,74.325,71.868,74.537,71.608,74.372,0.047,2858.41
2026-05-01,74.322,76.962,72.943,75.294,74.369,77.005,72.989,75.4,0.106,1937.85
2026-05-04,75.672,75.802,72.191,72.584,75.725,75.856,72.235,72.638,0.054,2408.42
2026-05-05,72.605,74.178,72.381,73.867,72.651,74.22,72.434,73.916,0.049,1884.5
2026-05-06,73.866,77.801,73.585,77.507,73.916,77.837,73.635,77.564,0.057,2893.86
2026-05-07,77.505,82.116,76.966,79.215,77.562,82.146,77.016,79.262,0.047,3079.69
2026-05-08,79.217,81.56,78.8,80.282,79.265,81.6,78.849,80.382,0.1,2801.45
2026-05-11,79.974,87.199,79.532,87.14,80.028,87.247,79.583,87.187,0.047,3101.04
2026-05-12,87.141,87.285,83.032,87.133,87.188,87.331,83.065,87.181,0.048,3213.35
2026-05-13,87.137,89.364,85.599,87.7,87.185,89.401,85.65,87.748,0.048,3386.18
2026-05-14,87.698,88.436,82.88,83.513,87.746,88.478,82.955,83.564,0.051,3028.92
2026-05-15,83.511,83.71,75.714,75.894,83.562,83.762,75.762,75.981,0.087,3754.11
2026-05-18,76.634,78.884,73.833,78.658,76.682,78.931,73.89,78.706,0.048,3712.61
2026-05-19,78.656,78.87,73.068,74.195,78.705,78.917,73.107,74.243,0.048,3143.91
2026-05-20,74.195,76.597,73.081,75.914,74.244,76.642,73.14,75.967,0.053,2752.54
2026-05-21,75.915,77.105,74.4,76.621,75.968,77.144,74.433,76.673,0.052,3249.79
2026-05-22,76.62,77.036,74.958,75.48,76.677,77.075,74.994,75.562,0.082,2506.51
2026-05-25,78.154,78.727,77.079,77.661,78.231,78.773,77.239,77.708,0.047,1709.09
2026-05-26,77.66,77.683,75.476,77.352,77.707,77.723,75.513,77.404,0.052,2222.39
2026-05-27,77.352,77.512,73.375,74.491,77.405,77.57,73.456,74.552,0.061,2645.62
2026-05-28,74.492,76.005,71.775,75.662,74.553,76.066,71.817,75.725,0.063,2560.85
2026-05-29,75.662,76.622,74.55,75.241,75.726,76.712,74.612,75.312,0.071,2208.98
2026-06-01,75.556,76.283,73.814,75.02,75.615,76.317,73.872,75.077,0.057,2779.81
2026-06-02,75.021,76.998,74.271,74.796,75.078,77.037,74.33,74.852,0.056,2944.11
2026-06-03,74.796,75.32,72.423,73.188,74.853,75.38,72.472,73.247,0.059,3175.26
2026-06-04,73.19,75.063,72.747,73.78,73.249,75.098,72.799,73.839,0.059,3074.38
2026-06-05,73.779,73.783,67.552,67.791,73.838,73.842,67.59,67.884,0.093,3662.91
2026-06-08,68.172,68.924,66.14,67.827,68.228,68.961,66.186,67.887,0.06,4079.09
2026-06-09,67.824,69.027,64.338,64.867,67.887,69.059,64.397,64.925,0.058,4108.08
2026-06-10,64.873,65.736,61.452,62.166,64.93,65.777,61.518,62.218,0.052,4680.39
2026-06-11,62.165,67.951,61.996,67.495,62.217,67.988,62.048,67.547,0.052,4409.03
2026-06-12,67.492,68.327,65.87,67.986,67.544,68.372,65.907,68.274,0.288,3621.8
2026-06-15,70.3,71.309,69.793,69.91,70.341,71.348,69.85,69.968,0.058,2534.43
2026-06-16,69.911,71.183,69.046,69.866,69.969,71.218,69.09,69.925,0.059,2950.63
2026-06-17,69.865,71.539,66.776,68.373,69.924,71.584,66.822,68.431,0.058,2988.86
2026-06-18,68.376,69.835,64.933,65.244,68.437,69.886,65.076,65.305,0.061,3337.54
2026-06-19,65.249,65.477,63.255,64.859,65.31,65.534,63.306,64.892,0.033,2099.06
2026-06-22,64.375,67.157,64.368,64.888,64.435,67.209,64.424,64.944,0.056,2622.66
2026-06-23,64.887,65.17,60.792,61.643,64.944,65.225,60.845,61.693,0.05,3414.77
2026-06-24,61.644,62.363,55.451,57.685,61.694,62.405,55.625,57.743,0.058,3314.27
2026-06-25,57.686,59.014,56.315,57.611,57.743,59.044,56.369,57.663,0.052,3680.46
2026-06-26,57.609,59.561,55.677,59.13,57.661,59.599,55.728,59.234,0.104,3162.06
2026-06-29,58.646,59.146,57.399,58.402,58.703,59.186,57.429,58.463,0.061,2856.68
2026-06-30,58.402,60.427,56.588,58.38,58.462,60.466,56.631,58.437,0.057,2516.05
2026-07-01,58.379,60.984,57.136,59.078,58.437,61.032,57.185,59.136,0.058,2682.18
2026-07-02,59.08,62.071,58.889,61.037,59.138,62.119,58.946,61.092,0.055,2987.55
2026-07-03,61.041,62.87,60.969,62.352,61.096,62.918,61.024,62.447,0.095,1761.7
2026-07-06,62.777,63.096,61.346,61.747,62.837,63.149,61.381,61.805,0.058,2401.74
2026-07-07,61.748,62.033,59.394,59.647,61.806,62.095,59.46,59.704,0.057,2993.37
2026-07-08,59.651,61.019,57.2,58.422,59.708,61.05,57.249,58.48,0.058,3139.56
2026-07-09,58.414,60.609,57.568,59.988,58.471,60.65,57.607,60.046,0.058,3039.59
2026-07-10,59.987,60.76,58.842,59.853,60.045,60.801,58.887,59.905,0.052,2322.66
2026-07-13,58.922,59.361,57.17,57.585,58.974,59.412,57.285,57.645,0.06,3286.23
2026-07-14,57.584,59.657,56.844,58.761,57.644,59.696,56.893,58.817,0.056,3079.19
2026-07-15,58.768,59.042,56.6,57.761,58.823,59.097,56.64,57.82,0.059,3291.92
2026-07-16,57.746,57.817,55.309,55.559,57.806,57.875,55.349,55.616,0.057,3408.73
2026-07-17,55.565,56.19,54.747,55.616,55.622,56.23,54.792,55.99,0.374,3154.99
2026-07-20,55.871,57.468,55.567,56.333,55.926,57.505,55.623,56.388,0.055,2986.01
2026-07-21,56.328,59.232,56.156,58.832,56.386,59.265,56.2,58.888,0.056,2726.5
2026-07-22,58.835,60.917,58.723,59.71,58.891,60.95,58.788,59.763,0.053,2417.0
